reference_date,target,horizon,location,output_type,output_type_id,value,target_end_date
2026-11-21,wk inc flu hosp,0,01,quantile,0.01,16,2026-11-21
2026-11-21,wk inc flu hosp,0,01,quantile,0.025,16,2026-11-21
2026-11-21,wk inc flu hosp,0,01,quantile,0.05,20,2026-11-21
2026-11-21,wk inc flu hosp,0,01,quantile,0.1,22,2026-11-21
2026-11-21,wk inc flu hosp,0,01,quantile,0.15,23,2026-11-21
2026-11-21,wk inc flu hosp,0,01,quantile,0.2,25,2026-11-21
2026-11-21,wk inc flu hosp,0,01,quantile,0.25,26,2026-11-21
2026-11-21,wk inc flu hosp,0,01,quantile,0.3,27,2026-11-21
2026-11-21,wk inc flu hosp,0,01,quantile,0.35,28,2026-11-21
2026-11-21,wk inc flu hosp,0,01,quantile,0.4,29,2026-11-21
2026-11-21,wk inc flu hosp,0,01,quantile,0.45,30,2026-11-21
2026-11-21,wk inc flu hosp,0,01,quantile,0.5,31,2026-11-21
2026-11-21,wk inc flu hosp,0,01,quantile,0.55,33,2026-11-21
2026-11-21,wk inc flu hosp,0,01,quantile,0.6,33,2026-11-21
2026-11-21,wk inc flu hosp,0,01,quantile,0.65,34,2026-11-21
2026-11-21,wk inc flu hosp,0,01,quantile,0.7,36,2026-11-21
2026-11-21,wk inc flu hosp,0,01,quantile,0.75,37,2026-11-21
2026-11-21,wk inc flu hosp,0,01,quantile,0.8,38,2026-11-21
2026-11-21,wk inc flu hosp,0,01,quantile,0.85,40,2026-11-21
2026-11-21,wk inc flu hosp,0,01,quantile,0.9,42,2026-11-21
2026-11-21,wk inc flu hosp,0,01,quantile,0.95,44,2026-11-21
2026-11-21,wk inc flu hosp,0,01,quantile,0.975,47,2026-11-21
2026-11-21,wk inc flu hosp,0,01,quantile,0.99,49,2026-11-21
2026-11-21,wk inc flu hosp,0,02,quantile,0.01,0,2026-11-21
2026-11-21,wk inc flu hosp,0,02,quantile,0.025,0,2026-11-21
2026-11-21,wk inc flu hosp,0,02,quantile,0.05,0,2026-11-21
2026-11-21,wk inc flu hosp,0,02,quantile,0.1,0,2026-11-21
2026-11-21,wk inc flu hosp,0,02,quantile,0.15,1,2026-11-21
2026-11-21,wk inc flu hosp,0,02,quantile,0.2,1,2026-11-21
2026-11-21,wk inc flu hosp,0,02,quantile,0.25,2,2026-11-21
2026-11-21,wk inc flu hosp,0,02,quantile,0.3,2,2026-11-21
2026-11-21,wk inc flu hosp,0,02,quantile,0.35,2,2026-11-21
2026-11-21,wk inc flu hosp,0,02,quantile,0.4,3,2026-11-21
2026-11-21,wk inc flu hosp,0,02,quantile,0.45,3,2026-11-21
2026-11-21,wk inc flu hosp,0,02,quantile,0.5,4,2026-11-21
2026-11-21,wk inc flu hosp,0,02,quantile,0.55,4,2026-11-21
2026-11-21,wk inc flu hosp,0,02,quantile,0.6,5,2026-11-21
2026-11-21,wk inc flu hosp,0,02,quantile,0.65,6,2026-11-21
2026-11-21,wk inc flu hosp,0,02,quantile,0.7,6,2026-11-21
2026-11-21,wk inc flu hosp,0,02,quantile,0.75,7,2026-11-21
2026-11-21,wk inc flu hosp,0,02,quantile,0.8,7,2026-11-21
2026-11-21,wk inc flu hosp,0,02,quantile,0.85,8,2026-11-21
2026-11-21,wk inc flu hosp,0,02,quantile,0.9,9,2026-11-21
2026-11-21,wk inc flu hosp,0,02,quantile,0.95,10,2026-11-21
2026-11-21,wk inc flu hosp,0,02,quantile,0.975,13,2026-11-21
2026-11-21,wk inc flu hosp,0,02,quantile,0.99,14,2026-11-21
2026-11-21,wk inc flu hosp,0,04,quantile,0.01,86,2026-11-21
2026-11-21,wk inc flu hosp,0,04,quantile,0.025,88,2026-11-21
2026-11-21,wk inc flu hosp,0,04,quantile,0.05,99,2026-11-21
2026-11-21,wk inc flu hosp,0,04,quantile,0.1,102,2026-11-21
2026-11-21,wk inc flu hosp,0,04,quantile,0.15,107,2026-11-21
2026-11-21,wk inc flu hosp,0,04,quantile,0.2,111,2026-11-21
2026-11-21,wk inc flu hosp,0,04,quantile,0.25,115,2026-11-21
2026-11-21,wk inc flu hosp,0,04,quantile,0.3,118,2026-11-21
2026-11-21,wk inc flu hosp,0,04,quantile,0.35,121,2026-11-21
2026-11-21,wk inc flu hosp,0,04,quantile,0.4,123,2026-11-21
2026-11-21,wk inc flu hosp,0,04,quantile,0.45,126,2026-11-21
2026-11-21,wk inc flu hosp,0,04,quantile,0.5,129,2026-11-21
2026-11-21,wk inc flu hosp,0,04,quantile,0.55,130,2026-11-21
2026-11-21,wk inc flu hosp,0,04,quantile,0.6,135,2026-11-21
2026-11-21,wk inc flu hosp,0,04,quantile,0.65,137,2026-11-21
2026-11-21,wk inc flu hosp,0,04,quantile,0.7,140,2026-11-21
2026-11-21,wk inc flu hosp,0,04,quantile,0.75,143,2026-11-21
2026-11-21,wk inc flu hosp,0,04,quantile,0.8,147,2026-11-21
2026-11-21,wk inc flu hosp,0,04,quantile,0.85,152,2026-11-21
2026-11-21,wk inc flu hosp,0,04,quantile,0.9,165,2026-11-21
2026-11-21,wk inc flu hosp,0,04,quantile,0.95,176,2026-11-21
2026-11-21,wk inc flu hosp,0,04,quantile,0.975,191,2026-11-21
2026-11-21,wk inc flu hosp,0,04,quantile,0.99,198,2026-11-21
2026-11-21,wk inc flu hosp,0,05,quantile,0.01,3,2026-11-21
2026-11-21,wk inc flu hosp,0,05,quantile,0.025,3,2026-11-21
2026-11-21,wk inc flu hosp,0,05,quantile,0.05,4,2026-11-21
2026-11-21,wk inc flu hosp,0,05,quantile,0.1,5,2026-11-21
2026-11-21,wk inc flu hosp,0,05,quantile,0.15,8,2026-11-21
2026-11-21,wk inc flu hosp,0,05,quantile,0.2,8,2026-11-21
2026-11-21,wk inc flu hosp,0,05,quantile,0.25,9,2026-11-21
2026-11-21,wk inc flu hosp,0,05,quantile,0.3,10,2026-11-21
2026-11-21,wk inc flu hosp,0,05,quantile,0.35,10,2026-11-21
2026-11-21,wk inc flu hosp,0,05,quantile,0.4,10,2026-11-21
2026-11-21,wk inc flu hosp,0,05,quantile,0.45,11,2026-11-21
2026-11-21,wk inc flu hosp,0,05,quantile,0.5,12,2026-11-21
2026-11-21,wk inc flu hosp,0,05,quantile,0.55,12,2026-11-21
2026-11-21,wk inc flu hosp,0,05,quantile,0.6,13,2026-11-21
2026-11-21,wk inc flu hosp,0,05,quantile,0.65,13,2026-11-21
2026-11-21,wk inc flu hosp,0,05,quantile,0.7,14,2026-11-21
2026-11-21,wk inc flu hosp,0,05,quantile,0.75,15,2026-11-21
2026-11-21,wk inc flu hosp,0,05,quantile,0.8,15,2026-11-21
2026-11-21,wk inc flu hosp,0,05,quantile,0.85,16,2026-11-21
2026-11-21,wk inc flu hosp,0,05,quantile,0.9,17,2026-11-21
2026-11-21,wk inc flu hosp,0,05,quantile,0.95,19,2026-11-21
2026-11-21,wk inc flu hosp,0,05,quantile,0.975,21,2026-11-21
2026-11-21,wk inc flu hosp,0,05,quantile,0.99,23,2026-11-21
2026-11-21,wk inc flu hosp,0,06,quantile,0.01,140,2026-11-21
2026-11-21,wk inc flu hosp,0,06,quantile,0.025,142,2026-11-21
2026-11-21,wk inc flu hosp,0,06,quantile,0.05,152,2026-11-21
2026-11-21,wk inc flu hosp,0,06,quantile,0.1,157,2026-11-21
2026-11-21,wk inc flu hosp,0,06,quantile,0.15,164,2026-11-21
2026-11-21,wk inc flu hosp,0,06,quantile,0.2,169,2026-11-21
2026-11-21,wk inc flu hosp,0,06,quantile,0.25,176,2026-11-21
2026-11-21,wk inc flu hosp,0,06,quantile,0.3,182,2026-11-21
2026-11-21,wk inc flu hosp,0,06,quantile,0.35,186,2026-11-21
2026-11-21,wk inc flu hosp,0,06,quantile,0.4,189,2026-11-21
2026-11-21,wk inc flu hosp,0,06,quantile,0.45,196,2026-11-21
2026-11-21,wk inc flu hosp,0,06,quantile,0.5,200,2026-11-21
2026-11-21,wk inc flu hosp,0,06,quantile,0.55,205,2026-11-21
2026-11-21,wk inc flu hosp,0,06,quantile,0.6,212,2026-11-21
2026-11-21,wk inc flu hosp,0,06,quantile,0.65,218,2026-11-21
2026-11-21,wk inc flu hosp,0,06,quantile,0.7,228,2026-11-21
2026-11-21,wk inc flu hosp,0,06,quantile,0.75,230,2026-11-21
2026-11-21,wk inc flu hosp,0,06,quantile,0.8,237,2026-11-21
2026-11-21,wk inc flu hosp,0,06,quantile,0.85,245,2026-11-21
2026-11-21,wk inc flu hosp,0,06,quantile,0.9,255,2026-11-21
2026-11-21,wk inc flu hosp,0,06,quantile,0.95,270,2026-11-21
2026-11-21,wk inc flu hosp,0,06,quantile,0.975,285,2026-11-21
2026-11-21,wk inc flu hosp,0,06,quantile,0.99,302,2026-11-21
2026-11-21,wk inc flu hosp,0,08,quantile,0.01,23,2026-11-21
2026-11-21,wk inc flu hosp,0,08,quantile,0.025,29,2026-11-21
2026-11-21,wk inc flu hosp,0,08,quantile,0.05,34,2026-11-21
2026-11-21,wk inc flu hosp,0,08,quantile,0.1,37,2026-11-21
2026-11-21,wk inc flu hosp,0,08,quantile,0.15,39,2026-11-21
2026-11-21,wk inc flu hosp,0,08,quantile,0.2,41,2026-11-21
2026-11-21,wk inc flu hosp,0,08,quantile,0.25,43,2026-11-21
2026-11-21,wk inc flu hosp,0,08,quantile,0.3,45,2026-11-21
2026-11-21,wk inc flu hosp,0,08,quantile,0.35,47,2026-11-21
2026-11-21,wk inc flu hosp,0,08,quantile,0.4,49,2026-11-21
2026-11-21,wk inc flu hosp,0,08,quantile,0.45,50,2026-11-21
2026-11-21,wk inc flu hosp,0,08,quantile,0.5,51,2026-11-21
2026-11-21,wk inc flu hosp,0,08,quantile,0.55,53,2026-11-21
2026-11-21,wk inc flu hosp,0,08,quantile,0.6,54,2026-11-21
2026-11-21,wk inc flu hosp,0,08,quantile,0.65,55,2026-11-21
2026-11-21,wk inc flu hosp,0,08,quantile,0.7,57,2026-11-21
2026-11-21,wk inc flu hosp,0,08,quantile,0.75,58,2026-11-21
2026-11-21,wk inc flu hosp,0,08,quantile,0.8,60,2026-11-21
2026-11-21,wk inc flu hosp,0,08,quantile,0.85,63,2026-11-21
2026-11-21,wk inc flu hosp,0,08,quantile,0.9,65,2026-11-21
2026-11-21,wk inc flu hosp,0,08,quantile,0.95,74,2026-11-21
2026-11-21,wk inc flu hosp,0,08,quantile,0.975,79,2026-11-21
2026-11-21,wk inc flu hosp,0,08,quantile,0.99,84,2026-11-21
2026-11-21,wk inc flu hosp,0,09,quantile,0.01,3,2026-11-21
2026-11-21,wk inc flu hosp,0,09,quantile,0.025,5,2026-11-21
2026-11-21,wk inc flu hosp,0,09,quantile,0.05,6,2026-11-21
2026-11-21,wk inc flu hosp,0,09,quantile,0.1,7,2026-11-21
2026-11-21,wk inc flu hosp,0,09,quantile,0.15,8,2026-11-21
2026-11-21,wk inc flu hosp,0,09,quantile,0.2,9,2026-11-21
2026-11-21,wk inc flu hosp,0,09,quantile,0.25,9,2026-11-21
2026-11-21,wk inc flu hosp,0,09,quantile,0.3,10,2026-11-21
2026-11-21,wk inc flu hosp,0,09,quantile,0.35,10,2026-11-21
2026-11-21,wk inc flu hosp,0,09,quantile,0.4,11,2026-11-21
2026-11-21,wk inc flu hosp,0,09,quantile,0.45,12,2026-11-21
2026-11-21,wk inc flu hosp,0,09,quantile,0.5,12,2026-11-21
2026-11-21,wk inc flu hosp,0,09,quantile,0.55,13,2026-11-21
2026-11-21,wk inc flu hosp,0,09,quantile,0.6,13,2026-11-21
2026-11-21,wk inc flu hosp,0,09,quantile,0.65,14,2026-11-21
2026-11-21,wk inc flu hosp,0,09,quantile,0.7,15,2026-11-21
2026-11-21,wk inc flu hosp,0,09,quantile,0.75,16,2026-11-21
2026-11-21,wk inc flu hosp,0,09,quantile,0.8,17,2026-11-21
2026-11-21,wk inc flu hosp,0,09,quantile,0.85,19,2026-11-21
2026-11-21,wk inc flu hosp,0,09,quantile,0.9,20,2026-11-21
2026-11-21,wk inc flu hosp,0,09,quantile,0.95,23,2026-11-21
2026-11-21,wk inc flu hosp,0,09,quantile,0.975,26,2026-11-21
2026-11-21,wk inc flu hosp,0,09,quantile,0.99,27,2026-11-21
2026-11-21,wk inc flu hosp,0,10,quantile,0.01,0,2026-11-21
2026-11-21,wk inc flu hosp,0,10,quantile,0.025,0,2026-11-21
2026-11-21,wk inc flu hosp,0,10,quantile,0.05,1,2026-11-21
2026-11-21,wk inc flu hosp,0,10,quantile,0.1,1,2026-11-21
2026-11-21,wk inc flu hosp,0,10,quantile,0.15,2,2026-11-21
2026-11-21,wk inc flu hosp,0,10,quantile,0.2,2,2026-11-21
2026-11-21,wk inc flu hosp,0,10,quantile,0.25,2,2026-11-21
2026-11-21,wk inc flu hosp,0,10,quantile,0.3,3,2026-11-21
2026-11-21,wk inc flu hosp,0,10,quantile,0.35,3,2026-11-21
2026-11-21,wk inc flu hosp,0,10,quantile,0.4,3,2026-11-21
2026-11-21,wk inc flu hosp,0,10,quantile,0.45,3,2026-11-21
2026-11-21,wk inc flu hosp,0,10,quantile,0.5,4,2026-11-21
2026-11-21,wk inc flu hosp,0,10,quantile,0.55,4,2026-11-21
2026-11-21,wk inc flu hosp,0,10,quantile,0.6,5,2026-11-21
2026-11-21,wk inc flu hosp,0,10,quantile,0.65,5,2026-11-21
2026-11-21,wk inc flu hosp,0,10,quantile,0.7,5,2026-11-21
2026-11-21,wk inc flu hosp,0,10,quantile,0.75,6,2026-11-21
2026-11-21,wk inc flu hosp,0,10,quantile,0.8,7,2026-11-21
2026-11-21,wk inc flu hosp,0,10,quantile,0.85,7,2026-11-21
2026-11-21,wk inc flu hosp,0,10,quantile,0.9,8,2026-11-21
2026-11-21,wk inc flu hosp,0,10,quantile,0.95,9,2026-11-21
2026-11-21,wk inc flu hosp,0,10,quantile,0.975,11,2026-11-21
2026-11-21,wk inc flu hosp,0,10,quantile,0.99,11,2026-11-21
2026-11-21,wk inc flu hosp,0,11,quantile,0.01,0,2026-11-21
2026-11-21,wk inc flu hosp,0,11,quantile,0.025,2,2026-11-21
2026-11-21,wk inc flu hosp,0,11,quantile,0.05,2,2026-11-21
2026-11-21,wk inc flu hosp,0,11,quantile,0.1,3,2026-11-21
2026-11-21,wk inc flu hosp,0,11,quantile,0.15,4,2026-11-21
2026-11-21,wk inc flu hosp,0,11,quantile,0.2,4,2026-11-21
2026-11-21,wk inc flu hosp,0,11,quantile,0.25,5,2026-11-21
2026-11-21,wk inc flu hosp,0,11,quantile,0.3,5,2026-11-21
2026-11-21,wk inc flu hosp,0,11,quantile,0.35,6,2026-11-21
2026-11-21,wk inc flu hosp,0,11,quantile,0.4,6,2026-11-21
2026-11-21,wk inc flu hosp,0,11,quantile,0.45,6,2026-11-21
2026-11-21,wk inc flu hosp,0,11,quantile,0.5,7,2026-11-21
2026-11-21,wk inc flu hosp,0,11,quantile,0.55,7,2026-11-21
2026-11-21,wk inc flu hosp,0,11,quantile,0.6,8,2026-11-21
2026-11-21,wk inc flu hosp,0,11,quantile,0.65,8,2026-11-21
2026-11-21,wk inc flu hosp,0,11,quantile,0.7,9,2026-11-21
2026-11-21,wk inc flu hosp,0,11,quantile,0.75,9,2026-11-21
2026-11-21,wk inc flu hosp,0,11,quantile,0.8,10,2026-11-21
2026-11-21,wk inc flu hosp,0,11,quantile,0.85,10,2026-11-21
2026-11-21,wk inc flu hosp,0,11,quantile,0.9,12,2026-11-21
2026-11-21,wk inc flu hosp,0,11,quantile,0.95,15,2026-11-21
2026-11-21,wk inc flu hosp,0,11,quantile,0.975,16,2026-11-21
2026-11-21,wk inc flu hosp,0,11,quantile,0.99,18,2026-11-21
2026-11-21,wk inc flu hosp,0,12,quantile,0.01,234,2026-11-21
2026-11-21,wk inc flu hosp,0,12,quantile,0.025,246,2026-11-21
2026-11-21,wk inc flu hosp,0,12,quantile,0.05,260,2026-11-21
2026-11-21,wk inc flu hosp,0,12,quantile,0.1,278,2026-11-21
2026-11-21,wk inc flu hosp,0,12,quantile,0.15,286,2026-11-21
2026-11-21,wk inc flu hosp,0,12,quantile,0.2,295,2026-11-21
2026-11-21,wk inc flu hosp,0,12,quantile,0.25,302,2026-11-21
2026-11-21,wk inc flu hosp,0,12,quantile,0.3,309,2026-11-21
2026-11-21,wk inc flu hosp,0,12,quantile,0.35,315,2026-11-21
2026-11-21,wk inc flu hosp,0,12,quantile,0.4,323,2026-11-21
2026-11-21,wk inc flu hosp,0,12,quantile,0.45,328,2026-11-21
2026-11-21,wk inc flu hosp,0,12,quantile,0.5,334,2026-11-21
2026-11-21,wk inc flu hosp,0,12,quantile,0.55,342,2026-11-21
2026-11-21,wk inc flu hosp,0,12,quantile,0.6,352,2026-11-21
2026-11-21,wk inc flu hosp,0,12,quantile,0.65,364,2026-11-21
2026-11-21,wk inc flu hosp,0,12,quantile,0.7,376,2026-11-21
2026-11-21,wk inc flu hosp,0,12,quantile,0.75,385,2026-11-21
2026-11-21,wk inc flu hosp,0,12,quantile,0.8,393,2026-11-21
2026-11-21,wk inc flu hosp,0,12,quantile,0.85,420,2026-11-21
2026-11-21,wk inc flu hosp,0,12,quantile,0.9,429,2026-11-21
2026-11-21,wk inc flu hosp,0,12,quantile,0.95,454,2026-11-21
2026-11-21,wk inc flu hosp,0,12,quantile,0.975,467,2026-11-21
2026-11-21,wk inc flu hosp,0,12,quantile,0.99,500,2026-11-21
2026-11-21,wk inc flu hosp,0,13,quantile,0.01,33,2026-11-21
2026-11-21,wk inc flu hosp,0,13,quantile,0.025,34,2026-11-21
2026-11-21,wk inc flu hosp,0,13,quantile,0.05,36,2026-11-21
2026-11-21,wk inc flu hosp,0,13,quantile,0.1,39,2026-11-21
2026-11-21,wk inc flu hosp,0,13,quantile,0.15,41,2026-11-21
2026-11-21,wk inc flu hosp,0,13,quantile,0.2,42,2026-11-21
2026-11-21,wk inc flu hosp,0,13,quantile,0.25,44,2026-11-21
2026-11-21,wk inc flu hosp,0,13,quantile,0.3,46,2026-11-21
2026-11-21,wk inc flu hosp,0,13,quantile,0.35,48,2026-11-21
2026-11-21,wk inc flu hosp,0,13,quantile,0.4,50,2026-11-21
2026-11-21,wk inc flu hosp,0,13,quantile,0.45,51,2026-11-21
2026-11-21,wk inc flu hosp,0,13,quantile,0.5,53,2026-11-21
2026-11-21,wk inc flu hosp,0,13,quantile,0.55,54,2026-11-21
2026-11-21,wk inc flu hosp,0,13,quantile,0.6,57,2026-11-21
2026-11-21,wk inc flu hosp,0,13,quantile,0.65,60,2026-11-21
2026-11-21,wk inc flu hosp,0,13,quantile,0.7,62,2026-11-21
2026-11-21,wk inc flu hosp,0,13,quantile,0.75,64,2026-11-21
2026-11-21,wk inc flu hosp,0,13,quantile,0.8,67,2026-11-21
2026-11-21,wk inc flu hosp,0,13,quantile,0.85,70,2026-11-21
2026-11-21,wk inc flu hosp,0,13,quantile,0.9,75,2026-11-21
2026-11-21,wk inc flu hosp,0,13,quantile,0.95,79,2026-11-21
2026-11-21,wk inc flu hosp,0,13,quantile,0.975,82,2026-11-21
2026-11-21,wk inc flu hosp,0,13,quantile,0.99,85,2026-11-21
2026-11-21,wk inc flu hosp,0,15,quantile,0.01,7,2026-11-21
2026-11-21,wk inc flu hosp,0,15,quantile,0.025,9,2026-11-21
2026-11-21,wk inc flu hosp,0,15,quantile,0.05,10,2026-11-21
2026-11-21,wk inc flu hosp,0,15,quantile,0.1,12,2026-11-21
2026-11-21,wk inc flu hosp,0,15,quantile,0.15,13,2026-11-21
2026-11-21,wk inc flu hosp,0,15,quantile,0.2,14,2026-11-21
2026-11-21,wk inc flu hosp,0,15,quantile,0.25,15,2026-11-21
2026-11-21,wk inc flu hosp,0,15,quantile,0.3,16,2026-11-21
2026-11-21,wk inc flu hosp,0,15,quantile,0.35,16,2026-11-21
2026-11-21,wk inc flu hosp,0,15,quantile,0.4,17,2026-11-21
2026-11-21,wk inc flu hosp,0,15,quantile,0.45,18,2026-11-21
2026-11-21,wk inc flu hosp,0,15,quantile,0.5,18,2026-11-21
2026-11-21,wk inc flu hosp,0,15,quantile,0.55,19,2026-11-21
2026-11-21,wk inc flu hosp,0,15,quantile,0.6,20,2026-11-21
2026-11-21,wk inc flu hosp,0,15,quantile,0.65,21,2026-11-21
2026-11-21,wk inc flu hosp,0,15,quantile,0.7,23,2026-11-21
2026-11-21,wk inc flu hosp,0,15,quantile,0.75,23,2026-11-21
2026-11-21,wk inc flu hosp,0,15,quantile,0.8,24,2026-11-21
2026-11-21,wk inc flu hosp,0,15,quantile,0.85,26,2026-11-21
2026-11-21,wk inc flu hosp,0,15,quantile,0.9,28,2026-11-21
2026-11-21,wk inc flu hosp,0,15,quantile,0.95,31,2026-11-21
2026-11-21,wk inc flu hosp,0,15,quantile,0.975,34,2026-11-21
2026-11-21,wk inc flu hosp,0,15,quantile,0.99,43,2026-11-21
2026-11-21,wk inc flu hosp,0,16,quantile,0.01,3,2026-11-21
2026-11-21,wk inc flu hosp,0,16,quantile,0.025,4,2026-11-21
2026-11-21,wk inc flu hosp,0,16,quantile,0.05,5,2026-11-21
2026-11-21,wk inc flu hosp,0,16,quantile,0.1,6,2026-11-21
2026-11-21,wk inc flu hosp,0,16,quantile,0.15,7,2026-11-21
2026-11-21,wk inc flu hosp,0,16,quantile,0.2,8,2026-11-21
2026-11-21,wk inc flu hosp,0,16,quantile,0.25,9,2026-11-21
2026-11-21,wk inc flu hosp,0,16,quantile,0.3,9,2026-11-21
2026-11-21,wk inc flu hosp,0,16,quantile,0.35,10,2026-11-21
2026-11-21,wk inc flu hosp,0,16,quantile,0.4,10,2026-11-21
2026-11-21,wk inc flu hosp,0,16,quantile,0.45,11,2026-11-21
2026-11-21,wk inc flu hosp,0,16,quantile,0.5,12,2026-11-21
2026-11-21,wk inc flu hosp,0,16,quantile,0.55,12,2026-11-21
2026-11-21,wk inc flu hosp,0,16,quantile,0.6,13,2026-11-21
2026-11-21,wk inc flu hosp,0,16,quantile,0.65,13,2026-11-21
2026-11-21,wk inc flu hosp,0,16,quantile,0.7,14,2026-11-21
2026-11-21,wk inc flu hosp,0,16,quantile,0.75,15,2026-11-21
2026-11-21,wk inc flu hosp,0,16,quantile,0.8,16,2026-11-21
2026-11-21,wk inc flu hosp,0,16,quantile,0.85,17,2026-11-21
2026-11-21,wk inc flu hosp,0,16,quantile,0.9,18,2026-11-21
2026-11-21,wk inc flu hosp,0,16,quantile,0.95,19,2026-11-21
2026-11-21,wk inc flu hosp,0,16,quantile,0.975,21,2026-11-21
2026-11-21,wk inc flu hosp,0,16,quantile,0.99,22,2026-11-21
2026-11-21,wk inc flu hosp,0,17,quantile,0.01,25,2026-11-21
2026-11-21,wk inc flu hosp,0,17,quantile,0.025,27,2026-11-21
2026-11-21,wk inc flu hosp,0,17,quantile,0.05,28,2026-11-21
2026-11-21,wk inc flu hosp,0,17,quantile,0.1,32,2026-11-21
2026-11-21,wk inc flu hosp,0,17,quantile,0.15,34,2026-11-21
2026-11-21,wk inc flu hosp,0,17,quantile,0.2,36,2026-11-21
2026-11-21,wk inc flu hosp,0,17,quantile,0.25,39,2026-11-21
2026-11-21,wk inc flu hosp,0,17,quantile,0.3,40,2026-11-21
2026-11-21,wk inc flu hosp,0,17,quantile,0.35,41,2026-11-21
2026-11-21,wk inc flu hosp,0,17,quantile,0.4,42,2026-11-21
2026-11-21,wk inc flu hosp,0,17,quantile,0.45,43,2026-11-21
2026-11-21,wk inc flu hosp,0,17,quantile,0.5,45,2026-11-21
2026-11-21,wk inc flu hosp,0,17,quantile,0.55,46,2026-11-21
2026-11-21,wk inc flu hosp,0,17,quantile,0.6,47,2026-11-21
2026-11-21,wk inc flu hosp,0,17,quantile,0.65,49,2026-11-21
2026-11-21,wk inc flu hosp,0,17,quantile,0.7,52,2026-11-21
2026-11-21,wk inc flu hosp,0,17,quantile,0.75,54,2026-11-21
2026-11-21,wk inc flu hosp,0,17,quantile,0.8,55,2026-11-21
2026-11-21,wk inc flu hosp,0,17,quantile,0.85,58,2026-11-21
2026-11-21,wk inc flu hosp,0,17,quantile,0.9,61,2026-11-21
2026-11-21,wk inc flu hosp,0,17,quantile,0.95,64,2026-11-21
2026-11-21,wk inc flu hosp,0,17,quantile,0.975,69,2026-11-21
2026-11-21,wk inc flu hosp,0,17,quantile,0.99,74,2026-11-21
2026-11-21,wk inc flu hosp,0,18,quantile,0.01,20,2026-11-21
2026-11-21,wk inc flu hosp,0,18,quantile,0.025,21,2026-11-21
2026-11-21,wk inc flu hosp,0,18,quantile,0.05,23,2026-11-21
2026-11-21,wk inc flu hosp,0,18,quantile,0.1,27,2026-11-21
2026-11-21,wk inc flu hosp,0,18,quantile,0.15,30,2026-11-21
2026-11-21,wk inc flu hosp,0,18,quantile,0.2,32,2026-11-21
2026-11-21,wk inc flu hosp,0,18,quantile,0.25,32,2026-11-21
2026-11-21,wk inc flu hosp,0,18,quantile,0.3,33,2026-11-21
2026-11-21,wk inc flu hosp,0,18,quantile,0.35,34,2026-11-21
2026-11-21,wk inc flu hosp,0,18,quantile,0.4,36,2026-11-21
2026-11-21,wk inc flu hosp,0,18,quantile,0.45,36,2026-11-21
2026-11-21,wk inc flu hosp,0,18,quantile,0.5,37,2026-11-21
2026-11-21,wk inc flu hosp,0,18,quantile,0.55,39,2026-11-21
2026-11-21,wk inc flu hosp,0,18,quantile,0.6,41,2026-11-21
2026-11-21,wk inc flu hosp,0,18,quantile,0.65,42,2026-11-21
2026-11-21,wk inc flu hosp,0,18,quantile,0.7,44,2026-11-21
2026-11-21,wk inc flu hosp,0,18,quantile,0.75,46,2026-11-21
2026-11-21,wk inc flu hosp,0,18,quantile,0.8,48,2026-11-21
2026-11-21,wk inc flu hosp,0,18,quantile,0.85,52,2026-11-21
2026-11-21,wk inc flu hosp,0,18,quantile,0.9,56,2026-11-21
2026-11-21,wk inc flu hosp,0,18,quantile,0.95,61,2026-11-21
2026-11-21,wk inc flu hosp,0,18,quantile,0.975,63,2026-11-21
2026-11-21,wk inc flu hosp,0,18,quantile,0.99,66,2026-11-21
2026-11-21,wk inc flu hosp,0,19,quantile,0.01,1,2026-11-21
2026-11-21,wk inc flu hosp,0,19,quantile,0.025,1,2026-11-21
2026-11-21,wk inc flu hosp,0,19,quantile,0.05,1,2026-11-21
2026-11-21,wk inc flu hosp,0,19,quantile,0.1,2,2026-11-21
2026-11-21,wk inc flu hosp,0,19,quantile,0.15,3,2026-11-21
2026-11-21,wk inc flu hosp,0,19,quantile,0.2,3,2026-11-21
2026-11-21,wk inc flu hosp,0,19,quantile,0.25,3,2026-11-21
2026-11-21,wk inc flu hosp,0,19,quantile,0.3,4,2026-11-21
2026-11-21,wk inc flu hosp,0,19,quantile,0.35,4,2026-11-21
2026-11-21,wk inc flu hosp,0,19,quantile,0.4,5,2026-11-21
2026-11-21,wk inc flu hosp,0,19,quantile,0.45,5,2026-11-21
2026-11-21,wk inc flu hosp,0,19,quantile,0.5,5,2026-11-21
2026-11-21,wk inc flu hosp,0,19,quantile,0.55,6,2026-11-21
2026-11-21,wk inc flu hosp,0,19,quantile,0.6,6,2026-11-21
2026-11-21,wk inc flu hosp,0,19,quantile,0.65,7,2026-11-21
2026-11-21,wk inc flu hosp,0,19,quantile,0.7,7,2026-11-21
2026-11-21,wk inc flu hosp,0,19,quantile,0.75,8,2026-11-21
2026-11-21,wk inc flu hosp,0,19,quantile,0.8,9,2026-11-21
2026-11-21,wk inc flu hosp,0,19,quantile,0.85,9,2026-11-21
2026-11-21,wk inc flu hosp,0,19,quantile,0.9,11,2026-11-21
2026-11-21,wk inc flu hosp,0,19,quantile,0.95,12,2026-11-21
2026-11-21,wk inc flu hosp,0,19,quantile,0.975,14,2026-11-21
2026-11-21,wk inc flu hosp,0,19,quantile,0.99,15,2026-11-21
2026-11-21,wk inc flu hosp,0,20,quantile,0.01,2,2026-11-21
2026-11-21,wk inc flu hosp,0,20,quantile,0.025,3,2026-11-21
2026-11-21,wk inc flu hosp,0,20,quantile,0.05,3,2026-11-21
2026-11-21,wk inc flu hosp,0,20,quantile,0.1,4,2026-11-21
2026-11-21,wk inc flu hosp,0,20,quantile,0.15,5,2026-11-21
2026-11-21,wk inc flu hosp,0,20,quantile,0.2,5,2026-11-21
2026-11-21,wk inc flu hosp,0,20,quantile,0.25,6,2026-11-21
2026-11-21,wk inc flu hosp,0,20,quantile,0.3,7,2026-11-21
2026-11-21,wk inc flu hosp,0,20,quantile,0.35,7,2026-11-21
2026-11-21,wk inc flu hosp,0,20,quantile,0.4,7,2026-11-21
2026-11-21,wk inc flu hosp,0,20,quantile,0.45,8,2026-11-21
2026-11-21,wk inc flu hosp,0,20,quantile,0.5,8,2026-11-21
2026-11-21,wk inc flu hosp,0,20,quantile,0.55,9,2026-11-21
2026-11-21,wk inc flu hosp,0,20,quantile,0.6,9,2026-11-21
2026-11-21,wk inc flu hosp,0,20,quantile,0.65,10,2026-11-21
2026-11-21,wk inc flu hosp,0,20,quantile,0.7,10,2026-11-21
2026-11-21,wk inc flu hosp,0,20,quantile,0.75,11,2026-11-21
2026-11-21,wk inc flu hosp,0,20,quantile,0.8,12,2026-11-21
2026-11-21,wk inc flu hosp,0,20,quantile,0.85,13,2026-11-21
2026-11-21,wk inc flu hosp,0,20,quantile,0.9,13,2026-11-21
2026-11-21,wk inc flu hosp,0,20,quantile,0.95,15,2026-11-21
2026-11-21,wk inc flu hosp,0,20,quantile,0.975,18,2026-11-21
2026-11-21,wk inc flu hosp,0,20,quantile,0.99,22,2026-11-21
2026-11-21,wk inc flu hosp,0,21,quantile,0.01,6,2026-11-21
2026-11-21,wk inc flu hosp,0,21,quantile,0.025,7,2026-11-21
2026-11-21,wk inc flu hosp,0,21,quantile,0.05,8,2026-11-21
2026-11-21,wk inc flu hosp,0,21,quantile,0.1,9,2026-11-21
2026-11-21,wk inc flu hosp,0,21,quantile,0.15,10,2026-11-21
2026-11-21,wk inc flu hosp,0,21,quantile,0.2,11,2026-11-21
2026-11-21,wk inc flu hosp,0,21,quantile,0.25,12,2026-11-21
2026-11-21,wk inc flu hosp,0,21,quantile,0.3,13,2026-11-21
2026-11-21,wk inc flu hosp,0,21,quantile,0.35,14,2026-11-21
2026-11-21,wk inc flu hosp,0,21,quantile,0.4,15,2026-11-21
2026-11-21,wk inc flu hosp,0,21,quantile,0.45,16,2026-11-21
2026-11-21,wk inc flu hosp,0,21,quantile,0.5,17,2026-11-21
2026-11-21,wk inc flu hosp,0,21,quantile,0.55,17,2026-11-21
2026-11-21,wk inc flu hosp,0,21,quantile,0.6,18,2026-11-21
2026-11-21,wk inc flu hosp,0,21,quantile,0.65,18,2026-11-21
2026-11-21,wk inc flu hosp,0,21,quantile,0.7,19,2026-11-21
2026-11-21,wk inc flu hosp,0,21,quantile,0.75,21,2026-11-21
2026-11-21,wk inc flu hosp,0,21,quantile,0.8,22,2026-11-21
2026-11-21,wk inc flu hosp,0,21,quantile,0.85,23,2026-11-21
2026-11-21,wk inc flu hosp,0,21,quantile,0.9,25,2026-11-21
2026-11-21,wk inc flu hosp,0,21,quantile,0.95,26,2026-11-21
2026-11-21,wk inc flu hosp,0,21,quantile,0.975,28,2026-11-21
2026-11-21,wk inc flu hosp,0,21,quantile,0.99,29,2026-11-21
2026-11-21,wk inc flu hosp,0,22,quantile,0.01,33,2026-11-21
2026-11-21,wk inc flu hosp,0,22,quantile,0.025,36,2026-11-21
2026-11-21,wk inc flu hosp,0,22,quantile,0.05,38,2026-11-21
2026-11-21,wk inc flu hosp,0,22,quantile,0.1,43,2026-11-21
2026-11-21,wk inc flu hosp,0,22,quantile,0.15,45,2026-11-21
2026-11-21,wk inc flu hosp,0,22,quantile,0.2,46,2026-11-21
2026-11-21,wk inc flu hosp,0,22,quantile,0.25,48,2026-11-21
2026-11-21,wk inc flu hosp,0,22,quantile,0.3,49,2026-11-21
2026-11-21,wk inc flu hosp,0,22,quantile,0.35,51,2026-11-21
2026-11-21,wk inc flu hosp,0,22,quantile,0.4,54,2026-11-21
2026-11-21,wk inc flu hosp,0,22,quantile,0.45,55,2026-11-21
2026-11-21,wk inc flu hosp,0,22,quantile,0.5,56,2026-11-21
2026-11-21,wk inc flu hosp,0,22,quantile,0.55,58,2026-11-21
2026-11-21,wk inc flu hosp,0,22,quantile,0.6,59,2026-11-21
2026-11-21,wk inc flu hosp,0,22,quantile,0.65,61,2026-11-21
2026-11-21,wk inc flu hosp,0,22,quantile,0.7,62,2026-11-21
2026-11-21,wk inc flu hosp,0,22,quantile,0.75,64,2026-11-21
2026-11-21,wk inc flu hosp,0,22,quantile,0.8,66,2026-11-21
2026-11-21,wk inc flu hosp,0,22,quantile,0.85,67,2026-11-21
2026-11-21,wk inc flu hosp,0,22,quantile,0.9,74,2026-11-21
2026-11-21,wk inc flu hosp,0,22,quantile,0.95,81,2026-11-21
2026-11-21,wk inc flu hosp,0,22,quantile,0.975,83,2026-11-21
2026-11-21,wk inc flu hosp,0,22,quantile,0.99,90,2026-11-21
2026-11-21,wk inc flu hosp,0,23,quantile,0.01,0,2026-11-21
2026-11-21,wk inc flu hosp,0,23,quantile,0.025,0,2026-11-21
2026-11-21,wk inc flu hosp,0,23,quantile,0.05,0,2026-11-21
2026-11-21,wk inc flu hosp,0,23,quantile,0.1,0,2026-11-21
2026-11-21,wk inc flu hosp,0,23,quantile,0.15,1,2026-11-21
2026-11-21,wk inc flu hosp,0,23,quantile,0.2,1,2026-11-21
2026-11-21,wk inc flu hosp,0,23,quantile,0.25,1,2026-11-21
2026-11-21,wk inc flu hosp,0,23,quantile,0.3,1,2026-11-21
2026-11-21,wk inc flu hosp,0,23,quantile,0.35,2,2026-11-21
2026-11-21,wk inc flu hosp,0,23,quantile,0.4,2,2026-11-21
2026-11-21,wk inc flu hosp,0,23,quantile,0.45,2,2026-11-21
2026-11-21,wk inc flu hosp,0,23,quantile,0.5,2,2026-11-21
2026-11-21,wk inc flu hosp,0,23,quantile,0.55,3,2026-11-21
2026-11-21,wk inc flu hosp,0,23,quantile,0.6,3,2026-11-21
2026-11-21,wk inc flu hosp,0,23,quantile,0.65,3,2026-11-21
2026-11-21,wk inc flu hosp,0,23,quantile,0.7,4,2026-11-21
2026-11-21,wk inc flu hosp,0,23,quantile,0.75,4,2026-11-21
2026-11-21,wk inc flu hosp,0,23,quantile,0.8,5,2026-11-21
2026-11-21,wk inc flu hosp,0,23,quantile,0.85,5,2026-11-21
2026-11-21,wk inc flu hosp,0,23,quantile,0.9,6,2026-11-21
2026-11-21,wk inc flu hosp,0,23,quantile,0.95,7,2026-11-21
2026-11-21,wk inc flu hosp,0,23,quantile,0.975,8,2026-11-21
2026-11-21,wk inc flu hosp,0,23,quantile,0.99,11,2026-11-21
2026-11-21,wk inc flu hosp,0,24,quantile,0.01,10,2026-11-21
2026-11-21,wk inc flu hosp,0,24,quantile,0.025,11,2026-11-21
2026-11-21,wk inc flu hosp,0,24,quantile,0.05,11,2026-11-21
2026-11-21,wk inc flu hosp,0,24,quantile,0.1,12,2026-11-21
2026-11-21,wk inc flu hosp,0,24,quantile,0.15,14,2026-11-21
2026-11-21,wk inc flu hosp,0,24,quantile,0.2,15,2026-11-21
2026-11-21,wk inc flu hosp,0,24,quantile,0.25,16,2026-11-21
2026-11-21,wk inc flu hosp,0,24,quantile,0.3,17,2026-11-21
2026-11-21,wk inc flu hosp,0,24,quantile,0.35,18,2026-11-21
2026-11-21,wk inc flu hosp,0,24,quantile,0.4,19,2026-11-21
2026-11-21,wk inc flu hosp,0,24,quantile,0.45,20,2026-11-21
2026-11-21,wk inc flu hosp,0,24,quantile,0.5,20,2026-11-21
2026-11-21,wk inc flu hosp,0,24,quantile,0.55,21,2026-11-21
2026-11-21,wk inc flu hosp,0,24,quantile,0.6,22,2026-11-21
2026-11-21,wk inc flu hosp,0,24,quantile,0.65,24,2026-11-21
2026-11-21,wk inc flu hosp,0,24,quantile,0.7,24,2026-11-21
2026-11-21,wk inc flu hosp,0,24,quantile,0.75,25,2026-11-21
2026-11-21,wk inc flu hosp,0,24,quantile,0.8,26,2026-11-21
2026-11-21,wk inc flu hosp,0,24,quantile,0.85,27,2026-11-21
2026-11-21,wk inc flu hosp,0,24,quantile,0.9,29,2026-11-21
2026-11-21,wk inc flu hosp,0,24,quantile,0.95,31,2026-11-21
2026-11-21,wk inc flu hosp,0,24,quantile,0.975,34,2026-11-21
2026-11-21,wk inc flu hosp,0,24,quantile,0.99,37,2026-11-21
2026-11-21,wk inc flu hosp,0,25,quantile,0.01,12,2026-11-21
2026-11-21,wk inc flu hosp,0,25,quantile,0.025,15,2026-11-21
2026-11-21,wk inc flu hosp,0,25,quantile,0.05,17,2026-11-21
2026-11-21,wk inc flu hosp,0,25,quantile,0.1,21,2026-11-21
2026-11-21,wk inc flu hosp,0,25,quantile,0.15,23,2026-11-21
2026-11-21,wk inc flu hosp,0,25,quantile,0.2,24,2026-11-21
2026-11-21,wk inc flu hosp,0,25,quantile,0.25,25,2026-11-21
2026-11-21,wk inc flu hosp,0,25,quantile,0.3,26,2026-11-21
2026-11-21,wk inc flu hosp,0,25,quantile,0.35,27,2026-11-21
2026-11-21,wk inc flu hosp,0,25,quantile,0.4,28,2026-11-21
2026-11-21,wk inc flu hosp,0,25,quantile,0.45,29,2026-11-21
2026-11-21,wk inc flu hosp,0,25,quantile,0.5,30,2026-11-21
2026-11-21,wk inc flu hosp,0,25,quantile,0.55,32,2026-11-21
2026-11-21,wk inc flu hosp,0,25,quantile,0.6,33,2026-11-21
2026-11-21,wk inc flu hosp,0,25,quantile,0.65,34,2026-11-21
2026-11-21,wk inc flu hosp,0,25,quantile,0.7,35,2026-11-21
2026-11-21,wk inc flu hosp,0,25,quantile,0.75,37,2026-11-21
2026-11-21,wk inc flu hosp,0,25,quantile,0.8,39,2026-11-21
2026-11-21,wk inc flu hosp,0,25,quantile,0.85,40,2026-11-21
2026-11-21,wk inc flu hosp,0,25,quantile,0.9,43,2026-11-21
2026-11-21,wk inc flu hosp,0,25,quantile,0.95,46,2026-11-21
2026-11-21,wk inc flu hosp,0,25,quantile,0.975,47,2026-11-21
2026-11-21,wk inc flu hosp,0,25,quantile,0.99,49,2026-11-21
2026-11-21,wk inc flu hosp,0,26,quantile,0.01,17,2026-11-21
2026-11-21,wk inc flu hosp,0,26,quantile,0.025,18,2026-11-21
2026-11-21,wk inc flu hosp,0,26,quantile,0.05,20,2026-11-21
2026-11-21,wk inc flu hosp,0,26,quantile,0.1,26,2026-11-21
2026-11-21,wk inc flu hosp,0,26,quantile,0.15,27,2026-11-21
2026-11-21,wk inc flu hosp,0,26,quantile,0.2,30,2026-11-21
2026-11-21,wk inc flu hosp,0,26,quantile,0.25,32,2026-11-21
2026-11-21,wk inc flu hosp,0,26,quantile,0.3,34,2026-11-21
2026-11-21,wk inc flu hosp,0,26,quantile,0.35,35,2026-11-21
2026-11-21,wk inc flu hosp,0,26,quantile,0.4,36,2026-11-21
2026-11-21,wk inc flu hosp,0,26,quantile,0.45,37,2026-11-21
2026-11-21,wk inc flu hosp,0,26,quantile,0.5,38,2026-11-21
2026-11-21,wk inc flu hosp,0,26,quantile,0.55,39,2026-11-21
2026-11-21,wk inc flu hosp,0,26,quantile,0.6,40,2026-11-21
2026-11-21,wk inc flu hosp,0,26,quantile,0.65,42,2026-11-21
2026-11-21,wk inc flu hosp,0,26,quantile,0.7,43,2026-11-21
2026-11-21,wk inc flu hosp,0,26,quantile,0.75,44,2026-11-21
2026-11-21,wk inc flu hosp,0,26,quantile,0.8,47,2026-11-21
2026-11-21,wk inc flu hosp,0,26,quantile,0.85,49,2026-11-21
2026-11-21,wk inc flu hosp,0,26,quantile,0.9,51,2026-11-21
2026-11-21,wk inc flu hosp,0,26,quantile,0.95,54,2026-11-21
2026-11-21,wk inc flu hosp,0,26,quantile,0.975,59,2026-11-21
2026-11-21,wk inc flu hosp,0,26,quantile,0.99,62,2026-11-21
2026-11-21,wk inc flu hosp,0,27,quantile,0.01,5,2026-11-21
2026-11-21,wk inc flu hosp,0,27,quantile,0.025,6,2026-11-21
2026-11-21,wk inc flu hosp,0,27,quantile,0.05,7,2026-11-21
2026-11-21,wk inc flu hosp,0,27,quantile,0.1,8,2026-11-21
2026-11-21,wk inc flu hosp,0,27,quantile,0.15,9,2026-11-21
2026-11-21,wk inc flu hosp,0,27,quantile,0.2,10,2026-11-21
2026-11-21,wk inc flu hosp,0,27,quantile,0.25,11,2026-11-21
2026-11-21,wk inc flu hosp,0,27,quantile,0.3,12,2026-11-21
2026-11-21,wk inc flu hosp,0,27,quantile,0.35,12,2026-11-21
2026-11-21,wk inc flu hosp,0,27,quantile,0.4,13,2026-11-21
2026-11-21,wk inc flu hosp,0,27,quantile,0.45,13,2026-11-21
2026-11-21,wk inc flu hosp,0,27,quantile,0.5,14,2026-11-21
2026-11-21,wk inc flu hosp,0,27,quantile,0.55,15,2026-11-21
2026-11-21,wk inc flu hosp,0,27,quantile,0.6,15,2026-11-21
2026-11-21,wk inc flu hosp,0,27,quantile,0.65,16,2026-11-21
2026-11-21,wk inc flu hosp,0,27,quantile,0.7,17,2026-11-21
2026-11-21,wk inc flu hosp,0,27,quantile,0.75,17,2026-11-21
2026-11-21,wk inc flu hosp,0,27,quantile,0.8,19,2026-11-21
2026-11-21,wk inc flu hosp,0,27,quantile,0.85,20,2026-11-21
2026-11-21,wk inc flu hosp,0,27,quantile,0.9,22,2026-11-21
2026-11-21,wk inc flu hosp,0,27,quantile,0.95,24,2026-11-21
2026-11-21,wk inc flu hosp,0,27,quantile,0.975,27,2026-11-21
2026-11-21,wk inc flu hosp,0,27,quantile,0.99,27,2026-11-21
2026-11-21,wk inc flu hosp,0,28,quantile,0.01,9,2026-11-21
2026-11-21,wk inc flu hosp,0,28,quantile,0.025,10,2026-11-21
2026-11-21,wk inc flu hosp,0,28,quantile,0.05,11,2026-11-21
2026-11-21,wk inc flu hosp,0,28,quantile,0.1,12,2026-11-21
2026-11-21,wk inc flu hosp,0,28,quantile,0.15,14,2026-11-21
2026-11-21,wk inc flu hosp,0,28,quantile,0.2,16,2026-11-21
2026-11-21,wk inc flu hosp,0,28,quantile,0.25,16,2026-11-21
2026-11-21,wk inc flu hosp,0,28,quantile,0.3,17,2026-11-21
2026-11-21,wk inc flu hosp,0,28,quantile,0.35,18,2026-11-21
2026-11-21,wk inc flu hosp,0,28,quantile,0.4,18,2026-11-21
2026-11-21,wk inc flu hosp,0,28,quantile,0.45,19,2026-11-21
2026-11-21,wk inc flu hosp,0,28,quantile,0.5,19,2026-11-21
2026-11-21,wk inc flu hosp,0,28,quantile,0.55,20,2026-11-21
2026-11-21,wk inc flu hosp,0,28,quantile,0.6,21,2026-11-21
2026-11-21,wk inc flu hosp,0,28,quantile,0.65,22,2026-11-21
2026-11-21,wk inc flu hosp,0,28,quantile,0.7,23,2026-11-21
2026-11-21,wk inc flu hosp,0,28,quantile,0.75,24,2026-11-21
2026-11-21,wk inc flu hosp,0,28,quantile,0.8,25,2026-11-21
2026-11-21,wk inc flu hosp,0,28,quantile,0.85,26,2026-11-21
2026-11-21,wk inc flu hosp,0,28,quantile,0.9,27,2026-11-21
2026-11-21,wk inc flu hosp,0,28,quantile,0.95,29,2026-11-21
2026-11-21,wk inc flu hosp,0,28,quantile,0.975,31,2026-11-21
2026-11-21,wk inc flu hosp,0,28,quantile,0.99,33,2026-11-21
2026-11-21,wk inc flu hosp,0,29,quantile,0.01,9,2026-11-21
2026-11-21,wk inc flu hosp,0,29,quantile,0.025,12,2026-11-21
2026-11-21,wk inc flu hosp,0,29,quantile,0.05,15,2026-11-21
2026-11-21,wk inc flu hosp,0,29,quantile,0.1,16,2026-11-21
2026-11-21,wk inc flu hosp,0,29,quantile,0.15,17,2026-11-21
2026-11-21,wk inc flu hosp,0,29,quantile,0.2,18,2026-11-21
2026-11-21,wk inc flu hosp,0,29,quantile,0.25,19,2026-11-21
2026-11-21,wk inc flu hosp,0,29,quantile,0.3,20,2026-11-21
2026-11-21,wk inc flu hosp,0,29,quantile,0.35,21,2026-11-21
2026-11-21,wk inc flu hosp,0,29,quantile,0.4,22,2026-11-21
2026-11-21,wk inc flu hosp,0,29,quantile,0.45,22,2026-11-21
2026-11-21,wk inc flu hosp,0,29,quantile,0.5,23,2026-11-21
2026-11-21,wk inc flu hosp,0,29,quantile,0.55,25,2026-11-21
2026-11-21,wk inc flu hosp,0,29,quantile,0.6,27,2026-11-21
2026-11-21,wk inc flu hosp,0,29,quantile,0.65,27,2026-11-21
2026-11-21,wk inc flu hosp,0,29,quantile,0.7,28,2026-11-21
2026-11-21,wk inc flu hosp,0,29,quantile,0.75,29,2026-11-21
2026-11-21,wk inc flu hosp,0,29,quantile,0.8,30,2026-11-21
2026-11-21,wk inc flu hosp,0,29,quantile,0.85,31,2026-11-21
2026-11-21,wk inc flu hosp,0,29,quantile,0.9,33,2026-11-21
2026-11-21,wk inc flu hosp,0,29,quantile,0.95,35,2026-11-21
2026-11-21,wk inc flu hosp,0,29,quantile,0.975,39,2026-11-21
2026-11-21,wk inc flu hosp,0,29,quantile,0.99,40,2026-11-21
2026-11-21,wk inc flu hosp,0,30,quantile,0.01,0,2026-11-21
2026-11-21,wk inc flu hosp,0,30,quantile,0.025,0,2026-11-21
2026-11-21,wk inc flu hosp,0,30,quantile,0.05,0,2026-11-21
2026-11-21,wk inc flu hosp,0,30,quantile,0.1,0,2026-11-21
2026-11-21,wk inc flu hosp,0,30,quantile,0.15,0,2026-11-21
2026-11-21,wk inc flu hosp,0,30,quantile,0.2,1,2026-11-21
2026-11-21,wk inc flu hosp,0,30,quantile,0.25,1,2026-11-21
2026-11-21,wk inc flu hosp,0,30,quantile,0.3,1,2026-11-21
2026-11-21,wk inc flu hosp,0,30,quantile,0.35,2,2026-11-21
2026-11-21,wk inc flu hosp,0,30,quantile,0.4,2,2026-11-21
2026-11-21,wk inc flu hosp,0,30,quantile,0.45,2,2026-11-21
2026-11-21,wk inc flu hosp,0,30,quantile,0.5,2,2026-11-21
2026-11-21,wk inc flu hosp,0,30,quantile,0.55,2,2026-11-21
2026-11-21,wk inc flu hosp,0,30,quantile,0.6,3,2026-11-21
2026-11-21,wk inc flu hosp,0,30,quantile,0.65,3,2026-11-21
2026-11-21,wk inc flu hosp,0,30,quantile,0.7,4,2026-11-21
2026-11-21,wk inc flu hosp,0,30,quantile,0.75,4,2026-11-21
2026-11-21,wk inc flu hosp,0,30,quantile,0.8,4,2026-11-21
2026-11-21,wk inc flu hosp,0,30,quantile,0.85,5,2026-11-21
2026-11-21,wk inc flu hosp,0,30,quantile,0.9,5,2026-11-21
2026-11-21,wk inc flu hosp,0,30,quantile,0.95,6,2026-11-21
2026-11-21,wk inc flu hosp,0,30,quantile,0.975,7,2026-11-21
2026-11-21,wk inc flu hosp,0,30,quantile,0.99,7,2026-11-21
2026-11-21,wk inc flu hosp,0,31,quantile,0.01,0,2026-11-21
2026-11-21,wk inc flu hosp,0,31,quantile,0.025,0,2026-11-21
2026-11-21,wk inc flu hosp,0,31,quantile,0.05,0,2026-11-21
2026-11-21,wk inc flu hosp,0,31,quantile,0.1,0,2026-11-21
2026-11-21,wk inc flu hosp,0,31,quantile,0.15,0,2026-11-21
2026-11-21,wk inc flu hosp,0,31,quantile,0.2,0,2026-11-21
2026-11-21,wk inc flu hosp,0,31,quantile,0.25,1,2026-11-21
2026-11-21,wk inc flu hosp,0,31,quantile,0.3,1,2026-11-21
2026-11-21,wk inc flu hosp,0,31,quantile,0.35,1,2026-11-21
2026-11-21,wk inc flu hosp,0,31,quantile,0.4,1,2026-11-21
2026-11-21,wk inc flu hosp,0,31,quantile,0.45,1,2026-11-21
2026-11-21,wk inc flu hosp,0,31,quantile,0.5,2,2026-11-21
2026-11-21,wk inc flu hosp,0,31,quantile,0.55,2,2026-11-21
2026-11-21,wk inc flu hosp,0,31,quantile,0.6,2,2026-11-21
2026-11-21,wk inc flu hosp,0,31,quantile,0.65,3,2026-11-21
2026-11-21,wk inc flu hosp,0,31,quantile,0.7,3,2026-11-21
2026-11-21,wk inc flu hosp,0,31,quantile,0.75,4,2026-11-21
2026-11-21,wk inc flu hosp,0,31,quantile,0.8,4,2026-11-21
2026-11-21,wk inc flu hosp,0,31,quantile,0.85,4,2026-11-21
2026-11-21,wk inc flu hosp,0,31,quantile,0.9,5,2026-11-21
2026-11-21,wk inc flu hosp,0,31,quantile,0.95,6,2026-11-21
2026-11-21,wk inc flu hosp,0,31,quantile,0.975,7,2026-11-21
2026-11-21,wk inc flu hosp,0,31,quantile,0.99,8,2026-11-21
2026-11-21,wk inc flu hosp,0,32,quantile,0.01,7,2026-11-21
2026-11-21,wk inc flu hosp,0,32,quantile,0.025,9,2026-11-21
2026-11-21,wk inc flu hosp,0,32,quantile,0.05,10,2026-11-21
2026-11-21,wk inc flu hosp,0,32,quantile,0.1,12,2026-11-21
2026-11-21,wk inc flu hosp,0,32,quantile,0.15,13,2026-11-21
2026-11-21,wk inc flu hosp,0,32,quantile,0.2,14,2026-11-21
2026-11-21,wk inc flu hosp,0,32,quantile,0.25,15,2026-11-21
2026-11-21,wk inc flu hosp,0,32,quantile,0.3,15,2026-11-21
2026-11-21,wk inc flu hosp,0,32,quantile,0.35,16,2026-11-21
2026-11-21,wk inc flu hosp,0,32,quantile,0.4,16,2026-11-21
2026-11-21,wk inc flu hosp,0,32,quantile,0.45,17,2026-11-21
2026-11-21,wk inc flu hosp,0,32,quantile,0.5,18,2026-11-21
2026-11-21,wk inc flu hosp,0,32,quantile,0.55,18,2026-11-21
2026-11-21,wk inc flu hosp,0,32,quantile,0.6,19,2026-11-21
2026-11-21,wk inc flu hosp,0,32,quantile,0.65,20,2026-11-21
2026-11-21,wk inc flu hosp,0,32,quantile,0.7,22,2026-11-21
2026-11-21,wk inc flu hosp,0,32,quantile,0.75,22,2026-11-21
2026-11-21,wk inc flu hosp,0,32,quantile,0.8,23,2026-11-21
2026-11-21,wk inc flu hosp,0,32,quantile,0.85,25,2026-11-21
2026-11-21,wk inc flu hosp,0,32,quantile,0.9,27,2026-11-21
2026-11-21,wk inc flu hosp,0,32,quantile,0.95,30,2026-11-21
2026-11-21,wk inc flu hosp,0,32,quantile,0.975,32,2026-11-21
2026-11-21,wk inc flu hosp,0,32,quantile,0.99,34,2026-11-21
2026-11-21,wk inc flu hosp,0,33,quantile,0.01,0,2026-11-21
2026-11-21,wk inc flu hosp,0,33,quantile,0.025,0,2026-11-21
2026-11-21,wk inc flu hosp,0,33,quantile,0.05,0,2026-11-21
2026-11-21,wk inc flu hosp,0,33,quantile,0.1,1,2026-11-21
2026-11-21,wk inc flu hosp,0,33,quantile,0.15,2,2026-11-21
2026-11-21,wk inc flu hosp,0,33,quantile,0.2,2,2026-11-21
2026-11-21,wk inc flu hosp,0,33,quantile,0.25,2,2026-11-21
2026-11-21,wk inc flu hosp,0,33,quantile,0.3,3,2026-11-21
2026-11-21,wk inc flu hosp,0,33,quantile,0.35,3,2026-11-21
2026-11-21,wk inc flu hosp,0,33,quantile,0.4,4,2026-11-21
2026-11-21,wk inc flu hosp,0,33,quantile,0.45,4,2026-11-21
2026-11-21,wk inc flu hosp,0,33,quantile,0.5,4,2026-11-21
2026-11-21,wk inc flu hosp,0,33,quantile,0.55,5,2026-11-21
2026-11-21,wk inc flu hosp,0,33,quantile,0.6,5,2026-11-21
2026-11-21,wk inc flu hosp,0,33,quantile,0.65,5,2026-11-21
2026-11-21,wk inc flu hosp,0,33,quantile,0.7,5,2026-11-21
2026-11-21,wk inc flu hosp,0,33,quantile,0.75,6,2026-11-21
2026-11-21,wk inc flu hosp,0,33,quantile,0.8,6,2026-11-21
2026-11-21,wk inc flu hosp,0,33,quantile,0.85,7,2026-11-21
2026-11-21,wk inc flu hosp,0,33,quantile,0.9,8,2026-11-21
2026-11-21,wk inc flu hosp,0,33,quantile,0.95,10,2026-11-21
2026-11-21,wk inc flu hosp,0,33,quantile,0.975,11,2026-11-21
2026-11-21,wk inc flu hosp,0,33,quantile,0.99,12,2026-11-21
2026-11-21,wk inc flu hosp,0,34,quantile,0.01,14,2026-11-21
2026-11-21,wk inc flu hosp,0,34,quantile,0.025,15,2026-11-21
2026-11-21,wk inc flu hosp,0,34,quantile,0.05,19,2026-11-21
2026-11-21,wk inc flu hosp,0,34,quantile,0.1,22,2026-11-21
2026-11-21,wk inc flu hosp,0,34,quantile,0.15,23,2026-11-21
2026-11-21,wk inc flu hosp,0,34,quantile,0.2,25,2026-11-21
2026-11-21,wk inc flu hosp,0,34,quantile,0.25,26,2026-11-21
2026-11-21,wk inc flu hosp,0,34,quantile,0.3,27,2026-11-21
2026-11-21,wk inc flu hosp,0,34,quantile,0.35,29,2026-11-21
2026-11-21,wk inc flu hosp,0,34,quantile,0.4,30,2026-11-21
2026-11-21,wk inc flu hosp,0,34,quantile,0.45,31,2026-11-21
2026-11-21,wk inc flu hosp,0,34,quantile,0.5,32,2026-11-21
2026-11-21,wk inc flu hosp,0,34,quantile,0.55,33,2026-11-21
2026-11-21,wk inc flu hosp,0,34,quantile,0.6,34,2026-11-21
2026-11-21,wk inc flu hosp,0,34,quantile,0.65,35,2026-11-21
2026-11-21,wk inc flu hosp,0,34,quantile,0.7,36,2026-11-21
2026-11-21,wk inc flu hosp,0,34,quantile,0.75,37,2026-11-21
2026-11-21,wk inc flu hosp,0,34,quantile,0.8,39,2026-11-21
2026-11-21,wk inc flu hosp,0,34,quantile,0.85,40,2026-11-21
2026-11-21,wk inc flu hosp,0,34,quantile,0.9,42,2026-11-21
2026-11-21,wk inc flu hosp,0,34,quantile,0.95,46,2026-11-21
2026-11-21,wk inc flu hosp,0,34,quantile,0.975,51,2026-11-21
2026-11-21,wk inc flu hosp,0,34,quantile,0.99,56,2026-11-21
2026-11-21,wk inc flu hosp,0,35,quantile,0.01,6,2026-11-21
2026-11-21,wk inc flu hosp,0,35,quantile,0.025,6,2026-11-21
2026-11-21,wk inc flu hosp,0,35,quantile,0.05,7,2026-11-21
2026-11-21,wk inc flu hosp,0,35,quantile,0.1,8,2026-11-21
2026-11-21,wk inc flu hosp,0,35,quantile,0.15,9,2026-11-21
2026-11-21,wk inc flu hosp,0,35,quantile,0.2,9,2026-11-21
2026-11-21,wk inc flu hosp,0,35,quantile,0.25,10,2026-11-21
2026-11-21,wk inc flu hosp,0,35,quantile,0.3,11,2026-11-21
2026-11-21,wk inc flu hosp,0,35,quantile,0.35,11,2026-11-21
2026-11-21,wk inc flu hosp,0,35,quantile,0.4,12,2026-11-21
2026-11-21,wk inc flu hosp,0,35,quantile,0.45,12,2026-11-21
2026-11-21,wk inc flu hosp,0,35,quantile,0.5,13,2026-11-21
2026-11-21,wk inc flu hosp,0,35,quantile,0.55,14,2026-11-21
2026-11-21,wk inc flu hosp,0,35,quantile,0.6,15,2026-11-21
2026-11-21,wk inc flu hosp,0,35,quantile,0.65,16,2026-11-21
2026-11-21,wk inc flu hosp,0,35,quantile,0.7,16,2026-11-21
2026-11-21,wk inc flu hosp,0,35,quantile,0.75,17,2026-11-21
2026-11-21,wk inc flu hosp,0,35,quantile,0.8,17,2026-11-21
2026-11-21,wk inc flu hosp,0,35,quantile,0.85,18,2026-11-21
2026-11-21,wk inc flu hosp,0,35,quantile,0.9,20,2026-11-21
2026-11-21,wk inc flu hosp,0,35,quantile,0.95,21,2026-11-21
2026-11-21,wk inc flu hosp,0,35,quantile,0.975,22,2026-11-21
2026-11-21,wk inc flu hosp,0,35,quantile,0.99,25,2026-11-21
2026-11-21,wk inc flu hosp,0,36,quantile,0.01,74,2026-11-21
2026-11-21,wk inc flu hosp,0,36,quantile,0.025,86,2026-11-21
2026-11-21,wk inc flu hosp,0,36,quantile,0.05,90,2026-11-21
2026-11-21,wk inc flu hosp,0,36,quantile,0.1,97,2026-11-21
2026-11-21,wk inc flu hosp,0,36,quantile,0.15,101,2026-11-21
2026-11-21,wk inc flu hosp,0,36,quantile,0.2,106,2026-11-21
2026-11-21,wk inc flu hosp,0,36,quantile,0.25,111,2026-11-21
2026-11-21,wk inc flu hosp,0,36,quantile,0.3,113,2026-11-21
2026-11-21,wk inc flu hosp,0,36,quantile,0.35,115,2026-11-21
2026-11-21,wk inc flu hosp,0,36,quantile,0.4,119,2026-11-21
2026-11-21,wk inc flu hosp,0,36,quantile,0.45,122,2026-11-21
2026-11-21,wk inc flu hosp,0,36,quantile,0.5,125,2026-11-21
2026-11-21,wk inc flu hosp,0,36,quantile,0.55,127,2026-11-21
2026-11-21,wk inc flu hosp,0,36,quantile,0.6,130,2026-11-21
2026-11-21,wk inc flu hosp,0,36,quantile,0.65,135,2026-11-21
2026-11-21,wk inc flu hosp,0,36,quantile,0.7,138,2026-11-21
2026-11-21,wk inc flu hosp,0,36,quantile,0.75,143,2026-11-21
2026-11-21,wk inc flu hosp,0,36,quantile,0.8,147,2026-11-21
2026-11-21,wk inc flu hosp,0,36,quantile,0.85,153,2026-11-21
2026-11-21,wk inc flu hosp,0,36,quantile,0.9,158,2026-11-21
2026-11-21,wk inc flu hosp,0,36,quantile,0.95,175,2026-11-21
2026-11-21,wk inc flu hosp,0,36,quantile,0.975,182,2026-11-21
2026-11-21,wk inc flu hosp,0,36,quantile,0.99,186,2026-11-21
2026-11-21,wk inc flu hosp,0,37,quantile,0.01,27,2026-11-21
2026-11-21,wk inc flu hosp,0,37,quantile,0.025,30,2026-11-21
2026-11-21,wk inc flu hosp,0,37,quantile,0.05,34,2026-11-21
2026-11-21,wk inc flu hosp,0,37,quantile,0.1,38,2026-11-21
2026-11-21,wk inc flu hosp,0,37,quantile,0.15,40,2026-11-21
2026-11-21,wk inc flu hosp,0,37,quantile,0.2,43,2026-11-21
2026-11-21,wk inc flu hosp,0,37,quantile,0.25,46,2026-11-21
2026-11-21,wk inc flu hosp,0,37,quantile,0.3,47,2026-11-21
2026-11-21,wk inc flu hosp,0,37,quantile,0.35,50,2026-11-21
2026-11-21,wk inc flu hosp,0,37,quantile,0.4,51,2026-11-21
2026-11-21,wk inc flu hosp,0,37,quantile,0.45,52,2026-11-21
2026-11-21,wk inc flu hosp,0,37,quantile,0.5,54,2026-11-21
2026-11-21,wk inc flu hosp,0,37,quantile,0.55,55,2026-11-21
2026-11-21,wk inc flu hosp,0,37,quantile,0.6,57,2026-11-21
2026-11-21,wk inc flu hosp,0,37,quantile,0.65,58,2026-11-21
2026-11-21,wk inc flu hosp,0,37,quantile,0.7,60,2026-11-21
2026-11-21,wk inc flu hosp,0,37,quantile,0.75,62,2026-11-21
2026-11-21,wk inc flu hosp,0,37,quantile,0.8,65,2026-11-21
2026-11-21,wk inc flu hosp,0,37,quantile,0.85,69,2026-11-21
2026-11-21,wk inc flu hosp,0,37,quantile,0.9,73,2026-11-21
2026-11-21,wk inc flu hosp,0,37,quantile,0.95,81,2026-11-21
2026-11-21,wk inc flu hosp,0,37,quantile,0.975,89,2026-11-21
2026-11-21,wk inc flu hosp,0,37,quantile,0.99,91,2026-11-21
2026-11-21,wk inc flu hosp,0,38,quantile,0.01,0,2026-11-21
2026-11-21,wk inc flu hosp,0,38,quantile,0.025,0,2026-11-21
2026-11-21,wk inc flu hosp,0,38,quantile,0.05,0,2026-11-21
2026-11-21,wk inc flu hosp,0,38,quantile,0.1,0,2026-11-21
2026-11-21,wk inc flu hosp,0,38,quantile,0.15,0,2026-11-21
2026-11-21,wk inc flu hosp,0,38,quantile,0.2,1,2026-11-21
2026-11-21,wk inc flu hosp,0,38,quantile,0.25,1,2026-11-21
2026-11-21,wk inc flu hosp,0,38,quantile,0.3,1,2026-11-21
2026-11-21,wk inc flu hosp,0,38,quantile,0.35,1,2026-11-21
2026-11-21,wk inc flu hosp,0,38,quantile,0.4,1,2026-11-21
2026-11-21,wk inc flu hosp,0,38,quantile,0.45,2,2026-11-21
2026-11-21,wk inc flu hosp,0,38,quantile,0.5,2,2026-11-21
2026-11-21,wk inc flu hosp,0,38,quantile,0.55,2,2026-11-21
2026-11-21,wk inc flu hosp,0,38,quantile,0.6,3,2026-11-21
2026-11-21,wk inc flu hosp,0,38,quantile,0.65,3,2026-11-21
2026-11-21,wk inc flu hosp,0,38,quantile,0.7,4,2026-11-21
2026-11-21,wk inc flu hosp,0,38,quantile,0.75,4,2026-11-21
2026-11-21,wk inc flu hosp,0,38,quantile,0.8,4,2026-11-21
2026-11-21,wk inc flu hosp,0,38,quantile,0.85,5,2026-11-21
2026-11-21,wk inc flu hosp,0,38,quantile,0.9,5,2026-11-21
2026-11-21,wk inc flu hosp,0,38,quantile,0.95,6,2026-11-21
2026-11-21,wk inc flu hosp,0,38,quantile,0.975,7,2026-11-21
2026-11-21,wk inc flu hosp,0,38,quantile,0.99,7,2026-11-21
2026-11-21,wk inc flu hosp,0,39,quantile,0.01,23,2026-11-21
2026-11-21,wk inc flu hosp,0,39,quantile,0.025,24,2026-11-21
2026-11-21,wk inc flu hosp,0,39,quantile,0.05,27,2026-11-21
2026-11-21,wk inc flu hosp,0,39,quantile,0.1,29,2026-11-21
2026-11-21,wk inc flu hosp,0,39,quantile,0.15,32,2026-11-21
2026-11-21,wk inc flu hosp,0,39,quantile,0.2,35,2026-11-21
2026-11-21,wk inc flu hosp,0,39,quantile,0.25,37,2026-11-21
2026-11-21,wk inc flu hosp,0,39,quantile,0.3,38,2026-11-21
2026-11-21,wk inc flu hosp,0,39,quantile,0.35,40,2026-11-21
2026-11-21,wk inc flu hosp,0,39,quantile,0.4,41,2026-11-21
2026-11-21,wk inc flu hosp,0,39,quantile,0.45,43,2026-11-21
2026-11-21,wk inc flu hosp,0,39,quantile,0.5,44,2026-11-21
2026-11-21,wk inc flu hosp,0,39,quantile,0.55,45,2026-11-21
2026-11-21,wk inc flu hosp,0,39,quantile,0.6,46,2026-11-21
2026-11-21,wk inc flu hosp,0,39,quantile,0.65,49,2026-11-21
2026-11-21,wk inc flu hosp,0,39,quantile,0.7,51,2026-11-21
2026-11-21,wk inc flu hosp,0,39,quantile,0.75,54,2026-11-21
2026-11-21,wk inc flu hosp,0,39,quantile,0.8,56,2026-11-21
2026-11-21,wk inc flu hosp,0,39,quantile,0.85,59,2026-11-21
2026-11-21,wk inc flu hosp,0,39,quantile,0.9,62,2026-11-21
2026-11-21,wk inc flu hosp,0,39,quantile,0.95,67,2026-11-21
2026-11-21,wk inc flu hosp,0,39,quantile,0.975,69,2026-11-21
2026-11-21,wk inc flu hosp,0,39,quantile,0.99,76,2026-11-21
2026-11-21,wk inc flu hosp,0,40,quantile,0.01,5,2026-11-21
2026-11-21,wk inc flu hosp,0,40,quantile,0.025,5,2026-11-21
2026-11-21,wk inc flu hosp,0,40,quantile,0.05,6,2026-11-21
2026-11-21,wk inc flu hosp,0,40,quantile,0.1,7,2026-11-21
2026-11-21,wk inc flu hosp,0,40,quantile,0.15,8,2026-11-21
2026-11-21,wk inc flu hosp,0,40,quantile,0.2,9,2026-11-21
2026-11-21,wk inc flu hosp,0,40,quantile,0.25,9,2026-11-21
2026-11-21,wk inc flu hosp,0,40,quantile,0.3,10,2026-11-21
2026-11-21,wk inc flu hosp,0,40,quantile,0.35,11,2026-11-21
2026-11-21,wk inc flu hosp,0,40,quantile,0.4,11,2026-11-21
2026-11-21,wk inc flu hosp,0,40,quantile,0.45,12,2026-11-21
2026-11-21,wk inc flu hosp,0,40,quantile,0.5,12,2026-11-21
2026-11-21,wk inc flu hosp,0,40,quantile,0.55,13,2026-11-21
2026-11-21,wk inc flu hosp,0,40,quantile,0.6,14,2026-11-21
2026-11-21,wk inc flu hosp,0,40,quantile,0.65,15,2026-11-21
2026-11-21,wk inc flu hosp,0,40,quantile,0.7,16,2026-11-21
2026-11-21,wk inc flu hosp,0,40,quantile,0.75,17,2026-11-21
2026-11-21,wk inc flu hosp,0,40,quantile,0.8,18,2026-11-21
2026-11-21,wk inc flu hosp,0,40,quantile,0.85,20,2026-11-21
2026-11-21,wk inc flu hosp,0,40,quantile,0.9,21,2026-11-21
2026-11-21,wk inc flu hosp,0,40,quantile,0.95,22,2026-11-21
2026-11-21,wk inc flu hosp,0,40,quantile,0.975,26,2026-11-21
2026-11-21,wk inc flu hosp,0,40,quantile,0.99,28,2026-11-21
2026-11-21,wk inc flu hosp,0,41,quantile,0.01,6,2026-11-21
2026-11-21,wk inc flu hosp,0,41,quantile,0.025,7,2026-11-21
2026-11-21,wk inc flu hosp,0,41,quantile,0.05,8,2026-11-21
2026-11-21,wk inc flu hosp,0,41,quantile,0.1,10,2026-11-21
2026-11-21,wk inc flu hosp,0,41,quantile,0.15,11,2026-11-21
2026-11-21,wk inc flu hosp,0,41,quantile,0.2,12,2026-11-21
2026-11-21,wk inc flu hosp,0,41,quantile,0.25,13,2026-11-21
2026-11-21,wk inc flu hosp,0,41,quantile,0.3,13,2026-11-21
2026-11-21,wk inc flu hosp,0,41,quantile,0.35,14,2026-11-21
2026-11-21,wk inc flu hosp,0,41,quantile,0.4,14,2026-11-21
2026-11-21,wk inc flu hosp,0,41,quantile,0.45,15,2026-11-21
2026-11-21,wk inc flu hosp,0,41,quantile,0.5,15,2026-11-21
2026-11-21,wk inc flu hosp,0,41,quantile,0.55,16,2026-11-21
2026-11-21,wk inc flu hosp,0,41,quantile,0.6,17,2026-11-21
2026-11-21,wk inc flu hosp,0,41,quantile,0.65,18,2026-11-21
2026-11-21,wk inc flu hosp,0,41,quantile,0.7,18,2026-11-21
2026-11-21,wk inc flu hosp,0,41,quantile,0.75,19,2026-11-21
2026-11-21,wk inc flu hosp,0,41,quantile,0.8,20,2026-11-21
2026-11-21,wk inc flu hosp,0,41,quantile,0.85,22,2026-11-21
2026-11-21,wk inc flu hosp,0,41,quantile,0.9,24,2026-11-21
2026-11-21,wk inc flu hosp,0,41,quantile,0.95,27,2026-11-21
2026-11-21,wk inc flu hosp,0,41,quantile,0.975,29,2026-11-21
2026-11-21,wk inc flu hosp,0,41,quantile,0.99,34,2026-11-21
2026-11-21,wk inc flu hosp,0,42,quantile,0.01,58,2026-11-21
2026-11-21,wk inc flu hosp,0,42,quantile,0.025,59,2026-11-21
2026-11-21,wk inc flu hosp,0,42,quantile,0.05,63,2026-11-21
2026-11-21,wk inc flu hosp,0,42,quantile,0.1,65,2026-11-21
2026-11-21,wk inc flu hosp,0,42,quantile,0.15,72,2026-11-21
2026-11-21,wk inc flu hosp,0,42,quantile,0.2,74,2026-11-21
2026-11-21,wk inc flu hosp,0,42,quantile,0.25,76,2026-11-21
2026-11-21,wk inc flu hosp,0,42,quantile,0.3,79,2026-11-21
2026-11-21,wk inc flu hosp,0,42,quantile,0.35,80,2026-11-21
2026-11-21,wk inc flu hosp,0,42,quantile,0.4,83,2026-11-21
2026-11-21,wk inc flu hosp,0,42,quantile,0.45,86,2026-11-21
2026-11-21,wk inc flu hosp,0,42,quantile,0.5,87,2026-11-21
2026-11-21,wk inc flu hosp,0,42,quantile,0.55,90,2026-11-21
2026-11-21,wk inc flu hosp,0,42,quantile,0.6,91,2026-11-21
2026-11-21,wk inc flu hosp,0,42,quantile,0.65,93,2026-11-21
2026-11-21,wk inc flu hosp,0,42,quantile,0.7,95,2026-11-21
2026-11-21,wk inc flu hosp,0,42,quantile,0.75,99,2026-11-21
2026-11-21,wk inc flu hosp,0,42,quantile,0.8,102,2026-11-21
2026-11-21,wk inc flu hosp,0,42,quantile,0.85,105,2026-11-21
2026-11-21,wk inc flu hosp,0,42,quantile,0.9,112,2026-11-21
2026-11-21,wk inc flu hosp,0,42,quantile,0.95,120,2026-11-21
2026-11-21,wk inc flu hosp,0,42,quantile,0.975,127,2026-11-21
2026-11-21,wk inc flu hosp,0,42,quantile,0.99,132,2026-11-21
2026-11-21,wk inc flu hosp,0,44,quantile,0.01,0,2026-11-21
2026-11-21,wk inc flu hosp,0,44,quantile,0.025,0,2026-11-21
2026-11-21,wk inc flu hosp,0,44,quantile,0.05,0,2026-11-21
2026-11-21,wk inc flu hosp,0,44,quantile,0.1,0,2026-11-21
2026-11-21,wk inc flu hosp,0,44,quantile,0.15,0,2026-11-21
2026-11-21,wk inc flu hosp,0,44,quantile,0.2,0,2026-11-21
2026-11-21,wk inc flu hosp,0,44,quantile,0.25,0,2026-11-21
2026-11-21,wk inc flu hosp,0,44,quantile,0.3,0,2026-11-21
2026-11-21,wk inc flu hosp,0,44,quantile,0.35,0,2026-11-21
2026-11-21,wk inc flu hosp,0,44,quantile,0.4,1,2026-11-21
2026-11-21,wk inc flu hosp,0,44,quantile,0.45,1,2026-11-21
2026-11-21,wk inc flu hosp,0,44,quantile,0.5,1,2026-11-21
2026-11-21,wk inc flu hosp,0,44,quantile,0.55,1,2026-11-21
2026-11-21,wk inc flu hosp,0,44,quantile,0.6,1,2026-11-21
2026-11-21,wk inc flu hosp,0,44,quantile,0.65,1,2026-11-21
2026-11-21,wk inc flu hosp,0,44,quantile,0.7,2,2026-11-21
2026-11-21,wk inc flu hosp,0,44,quantile,0.75,2,2026-11-21
2026-11-21,wk inc flu hosp,0,44,quantile,0.8,3,2026-11-21
2026-11-21,wk inc flu hosp,0,44,quantile,0.85,3,2026-11-21
2026-11-21,wk inc flu hosp,0,44,quantile,0.9,4,2026-11-21
2026-11-21,wk inc flu hosp,0,44,quantile,0.95,5,2026-11-21
2026-11-21,wk inc flu hosp,0,44,quantile,0.975,6,2026-11-21
2026-11-21,wk inc flu hosp,0,44,quantile,0.99,6,2026-11-21
2026-11-21,wk inc flu hosp,0,45,quantile,0.01,5,2026-11-21
2026-11-21,wk inc flu hosp,0,45,quantile,0.025,6,2026-11-21
2026-11-21,wk inc flu hosp,0,45,quantile,0.05,8,2026-11-21
2026-11-21,wk inc flu hosp,0,45,quantile,0.1,10,2026-11-21
2026-11-21,wk inc flu hosp,0,45,quantile,0.15,11,2026-11-21
2026-11-21,wk inc flu hosp,0,45,quantile,0.2,13,2026-11-21
2026-11-21,wk inc flu hosp,0,45,quantile,0.25,14,2026-11-21
2026-11-21,wk inc flu hosp,0,45,quantile,0.3,15,2026-11-21
2026-11-21,wk inc flu hosp,0,45,quantile,0.35,15,2026-11-21
2026-11-21,wk inc flu hosp,0,45,quantile,0.4,16,2026-11-21
2026-11-21,wk inc flu hosp,0,45,quantile,0.45,17,2026-11-21
2026-11-21,wk inc flu hosp,0,45,quantile,0.5,18,2026-11-21
2026-11-21,wk inc flu hosp,0,45,quantile,0.55,19,2026-11-21
2026-11-21,wk inc flu hosp,0,45,quantile,0.6,20,2026-11-21
2026-11-21,wk inc flu hosp,0,45,quantile,0.65,21,2026-11-21
2026-11-21,wk inc flu hosp,0,45,quantile,0.7,22,2026-11-21
2026-11-21,wk inc flu hosp,0,45,quantile,0.75,23,2026-11-21
2026-11-21,wk inc flu hosp,0,45,quantile,0.8,25,2026-11-21
2026-11-21,wk inc flu hosp,0,45,quantile,0.85,27,2026-11-21
2026-11-21,wk inc flu hosp,0,45,quantile,0.9,29,2026-11-21
2026-11-21,wk inc flu hosp,0,45,quantile,0.95,33,2026-11-21
2026-11-21,wk inc flu hosp,0,45,quantile,0.975,36,2026-11-21
2026-11-21,wk inc flu hosp,0,45,quantile,0.99,39,2026-11-21
2026-11-21,wk inc flu hosp,0,46,quantile,0.01,0,2026-11-21
2026-11-21,wk inc flu hosp,0,46,quantile,0.025,0,2026-11-21
2026-11-21,wk inc flu hosp,0,46,quantile,0.05,0,2026-11-21
2026-11-21,wk inc flu hosp,0,46,quantile,0.1,0,2026-11-21
2026-11-21,wk inc flu hosp,0,46,quantile,0.15,0,2026-11-21
2026-11-21,wk inc flu hosp,0,46,quantile,0.2,0,2026-11-21
2026-11-21,wk inc flu hosp,0,46,quantile,0.25,0,2026-11-21
2026-11-21,wk inc flu hosp,0,46,quantile,0.3,0,2026-11-21
2026-11-21,wk inc flu hosp,0,46,quantile,0.35,0,2026-11-21
2026-11-21,wk inc flu hosp,0,46,quantile,0.4,0,2026-11-21
2026-11-21,wk inc flu hosp,0,46,quantile,0.45,0,2026-11-21
2026-11-21,wk inc flu hosp,0,46,quantile,0.5,0,2026-11-21
2026-11-21,wk inc flu hosp,0,46,quantile,0.55,0,2026-11-21
2026-11-21,wk inc flu hosp,0,46,quantile,0.6,1,2026-11-21
2026-11-21,wk inc flu hosp,0,46,quantile,0.65,1,2026-11-21
2026-11-21,wk inc flu hosp,0,46,quantile,0.7,1,2026-11-21
2026-11-21,wk inc flu hosp,0,46,quantile,0.75,1,2026-11-21
2026-11-21,wk inc flu hosp,0,46,quantile,0.8,1,2026-11-21
2026-11-21,wk inc flu hosp,0,46,quantile,0.85,1,2026-11-21
2026-11-21,wk inc flu hosp,0,46,quantile,0.9,2,2026-11-21
2026-11-21,wk inc flu hosp,0,46,quantile,0.95,3,2026-11-21
2026-11-21,wk inc flu hosp,0,46,quantile,0.975,4,2026-11-21
2026-11-21,wk inc flu hosp,0,46,quantile,0.99,6,2026-11-21
2026-11-21,wk inc flu hosp,0,47,quantile,0.01,21,2026-11-21
2026-11-21,wk inc flu hosp,0,47,quantile,0.025,23,2026-11-21
2026-11-21,wk inc flu hosp,0,47,quantile,0.05,24,2026-11-21
2026-11-21,wk inc flu hosp,0,47,quantile,0.1,27,2026-11-21
2026-11-21,wk inc flu hosp,0,47,quantile,0.15,29,2026-11-21
2026-11-21,wk inc flu hosp,0,47,quantile,0.2,30,2026-11-21
2026-11-21,wk inc flu hosp,0,47,quantile,0.25,31,2026-11-21
2026-11-21,wk inc flu hosp,0,47,quantile,0.3,32,2026-11-21
2026-11-21,wk inc flu hosp,0,47,quantile,0.35,33,2026-11-21
2026-11-21,wk inc flu hosp,0,47,quantile,0.4,34,2026-11-21
2026-11-21,wk inc flu hosp,0,47,quantile,0.45,35,2026-11-21
2026-11-21,wk inc flu hosp,0,47,quantile,0.5,37,2026-11-21
2026-11-21,wk inc flu hosp,0,47,quantile,0.55,38,2026-11-21
2026-11-21,wk inc flu hosp,0,47,quantile,0.6,39,2026-11-21
2026-11-21,wk inc flu hosp,0,47,quantile,0.65,40,2026-11-21
2026-11-21,wk inc flu hosp,0,47,quantile,0.7,41,2026-11-21
2026-11-21,wk inc flu hosp,0,47,quantile,0.75,42,2026-11-21
2026-11-21,wk inc flu hosp,0,47,quantile,0.8,43,2026-11-21
2026-11-21,wk inc flu hosp,0,47,quantile,0.85,45,2026-11-21
2026-11-21,wk inc flu hosp,0,47,quantile,0.9,47,2026-11-21
2026-11-21,wk inc flu hosp,0,47,quantile,0.95,48,2026-11-21
2026-11-21,wk inc flu hosp,0,47,quantile,0.975,52,2026-11-21
2026-11-21,wk inc flu hosp,0,47,quantile,0.99,54,2026-11-21
2026-11-21,wk inc flu hosp,0,48,quantile,0.01,127,2026-11-21
2026-11-21,wk inc flu hosp,0,48,quantile,0.025,139,2026-11-21
2026-11-21,wk inc flu hosp,0,48,quantile,0.05,147,2026-11-21
2026-11-21,wk inc flu hosp,0,48,quantile,0.1,158,2026-11-21
2026-11-21,wk inc flu hosp,0,48,quantile,0.15,166,2026-11-21
2026-11-21,wk inc flu hosp,0,48,quantile,0.2,170,2026-11-21
2026-11-21,wk inc flu hosp,0,48,quantile,0.25,176,2026-11-21
2026-11-21,wk inc flu hosp,0,48,quantile,0.3,185,2026-11-21
2026-11-21,wk inc flu hosp,0,48,quantile,0.35,192,2026-11-21
2026-11-21,wk inc flu hosp,0,48,quantile,0.4,197,2026-11-21
2026-11-21,wk inc flu hosp,0,48,quantile,0.45,202,2026-11-21
2026-11-21,wk inc flu hosp,0,48,quantile,0.5,206,2026-11-21
2026-11-21,wk inc flu hosp,0,48,quantile,0.55,212,2026-11-21
2026-11-21,wk inc flu hosp,0,48,quantile,0.6,220,2026-11-21
2026-11-21,wk inc flu hosp,0,48,quantile,0.65,225,2026-11-21
2026-11-21,wk inc flu hosp,0,48,quantile,0.7,237,2026-11-21
2026-11-21,wk inc flu hosp,0,48,quantile,0.75,240,2026-11-21
2026-11-21,wk inc flu hosp,0,48,quantile,0.8,249,2026-11-21
2026-11-21,wk inc flu hosp,0,48,quantile,0.85,256,2026-11-21
2026-11-21,wk inc flu hosp,0,48,quantile,0.9,270,2026-11-21
2026-11-21,wk inc flu hosp,0,48,quantile,0.95,285,2026-11-21
2026-11-21,wk inc flu hosp,0,48,quantile,0.975,321,2026-11-21
2026-11-21,wk inc flu hosp,0,48,quantile,0.99,334,2026-11-21
2026-11-21,wk inc flu hosp,0,49,quantile,0.01,2,2026-11-21
2026-11-21,wk inc flu hosp,0,49,quantile,0.025,3,2026-11-21
2026-11-21,wk inc flu hosp,0,49,quantile,0.05,4,2026-11-21
2026-11-21,wk inc flu hosp,0,49,quantile,0.1,5,2026-11-21
2026-11-21,wk inc flu hosp,0,49,quantile,0.15,6,2026-11-21
2026-11-21,wk inc flu hosp,0,49,quantile,0.2,7,2026-11-21
2026-11-21,wk inc flu hosp,0,49,quantile,0.25,7,2026-11-21
2026-11-21,wk inc flu hosp,0,49,quantile,0.3,8,2026-11-21
2026-11-21,wk inc flu hosp,0,49,quantile,0.35,8,2026-11-21
2026-11-21,wk inc flu hosp,0,49,quantile,0.4,9,2026-11-21
2026-11-21,wk inc flu hosp,0,49,quantile,0.45,9,2026-11-21
2026-11-21,wk inc flu hosp,0,49,quantile,0.5,9,2026-11-21
2026-11-21,wk inc flu hosp,0,49,quantile,0.55,10,2026-11-21
2026-11-21,wk inc flu hosp,0,49,quantile,0.6,10,2026-11-21
2026-11-21,wk inc flu hosp,0,49,quantile,0.65,11,2026-11-21
2026-11-21,wk inc flu hosp,0,49,quantile,0.7,11,2026-11-21
2026-11-21,wk inc flu hosp,0,49,quantile,0.75,12,2026-11-21
2026-11-21,wk inc flu hosp,0,49,quantile,0.8,12,2026-11-21
2026-11-21,wk inc flu hosp,0,49,quantile,0.85,13,2026-11-21
2026-11-21,wk inc flu hosp,0,49,quantile,0.9,14,2026-11-21
2026-11-21,wk inc flu hosp,0,49,quantile,0.95,16,2026-11-21
2026-11-21,wk inc flu hosp,0,49,quantile,0.975,16,2026-11-21
2026-11-21,wk inc flu hosp,0,49,quantile,0.99,19,2026-11-21
2026-11-21,wk inc flu hosp,0,50,quantile,0.01,0,2026-11-21
2026-11-21,wk inc flu hosp,0,50,quantile,0.025,0,2026-11-21
2026-11-21,wk inc flu hosp,0,50,quantile,0.05,0,2026-11-21
2026-11-21,wk inc flu hosp,0,50,quantile,0.1,0,2026-11-21
2026-11-21,wk inc flu hosp,0,50,quantile,0.15,0,2026-11-21
2026-11-21,wk inc flu hosp,0,50,quantile,0.2,0,2026-11-21
2026-11-21,wk inc flu hosp,0,50,quantile,0.25,0,2026-11-21
2026-11-21,wk inc flu hosp,0,50,quantile,0.3,0,2026-11-21
2026-11-21,wk inc flu hosp,0,50,quantile,0.35,0,2026-11-21
2026-11-21,wk inc flu hosp,0,50,quantile,0.4,0,2026-11-21
2026-11-21,wk inc flu hosp,0,50,quantile,0.45,0,2026-11-21
2026-11-21,wk inc flu hosp,0,50,quantile,0.5,0,2026-11-21
2026-11-21,wk inc flu hosp,0,50,quantile,0.55,0,2026-11-21
2026-11-21,wk inc flu hosp,0,50,quantile,0.6,0,2026-11-21
2026-11-21,wk inc flu hosp,0,50,quantile,0.65,0,2026-11-21
2026-11-21,wk inc flu hosp,0,50,quantile,0.7,1,2026-11-21
2026-11-21,wk inc flu hosp,0,50,quantile,0.75,1,2026-11-21
2026-11-21,wk inc flu hosp,0,50,quantile,0.8,1,2026-11-21
2026-11-21,wk inc flu hosp,0,50,quantile,0.85,1,2026-11-21
2026-11-21,wk inc flu hosp,0,50,quantile,0.9,1,2026-11-21
2026-11-21,wk inc flu hosp,0,50,quantile,0.95,2,2026-11-21
2026-11-21,wk inc flu hosp,0,50,quantile,0.975,2,2026-11-21
2026-11-21,wk inc flu hosp,0,50,quantile,0.99,3,2026-11-21
2026-11-21,wk inc flu hosp,0,51,quantile,0.01,20,2026-11-21
2026-11-21,wk inc flu hosp,0,51,quantile,0.025,25,2026-11-21
2026-11-21,wk inc flu hosp,0,51,quantile,0.05,25,2026-11-21
2026-11-21,wk inc flu hosp,0,51,quantile,0.1,27,2026-11-21
2026-11-21,wk inc flu hosp,0,51,quantile,0.15,29,2026-11-21
2026-11-21,wk inc flu hosp,0,51,quantile,0.2,31,2026-11-21
2026-11-21,wk inc flu hosp,0,51,quantile,0.25,32,2026-11-21
2026-11-21,wk inc flu hosp,0,51,quantile,0.3,34,2026-11-21
2026-11-21,wk inc flu hosp,0,51,quantile,0.35,35,2026-11-21
2026-11-21,wk inc flu hosp,0,51,quantile,0.4,37,2026-11-21
2026-11-21,wk inc flu hosp,0,51,quantile,0.45,37,2026-11-21
2026-11-21,wk inc flu hosp,0,51,quantile,0.5,38,2026-11-21
2026-11-21,wk inc flu hosp,0,51,quantile,0.55,39,2026-11-21
2026-11-21,wk inc flu hosp,0,51,quantile,0.6,41,2026-11-21
2026-11-21,wk inc flu hosp,0,51,quantile,0.65,43,2026-11-21
2026-11-21,wk inc flu hosp,0,51,quantile,0.7,44,2026-11-21
2026-11-21,wk inc flu hosp,0,51,quantile,0.75,46,2026-11-21
2026-11-21,wk inc flu hosp,0,51,quantile,0.8,47,2026-11-21
2026-11-21,wk inc flu hosp,0,51,quantile,0.85,50,2026-11-21
2026-11-21,wk inc flu hosp,0,51,quantile,0.9,55,2026-11-21
2026-11-21,wk inc flu hosp,0,51,quantile,0.95,59,2026-11-21
2026-11-21,wk inc flu hosp,0,51,quantile,0.975,62,2026-11-21
2026-11-21,wk inc flu hosp,0,51,quantile,0.99,68,2026-11-21
2026-11-21,wk inc flu hosp,0,53,quantile,0.01,7,2026-11-21
2026-11-21,wk inc flu hosp,0,53,quantile,0.025,8,2026-11-21
2026-11-21,wk inc flu hosp,0,53,quantile,0.05,10,2026-11-21
2026-11-21,wk inc flu hosp,0,53,quantile,0.1,12,2026-11-21
2026-11-21,wk inc flu hosp,0,53,quantile,0.15,14,2026-11-21
2026-11-21,wk inc flu hosp,0,53,quantile,0.2,15,2026-11-21
2026-11-21,wk inc flu hosp,0,53,quantile,0.25,15,2026-11-21
2026-11-21,wk inc flu hosp,0,53,quantile,0.3,16,2026-11-21
2026-11-21,wk inc flu hosp,0,53,quantile,0.35,17,2026-11-21
2026-11-21,wk inc flu hosp,0,53,quantile,0.4,18,2026-11-21
2026-11-21,wk inc flu hosp,0,53,quantile,0.45,18,2026-11-21
2026-11-21,wk inc flu hosp,0,53,quantile,0.5,19,2026-11-21
2026-11-21,wk inc flu hosp,0,53,quantile,0.55,19,2026-11-21
2026-11-21,wk inc flu hosp,0,53,quantile,0.6,20,2026-11-21
2026-11-21,wk inc flu hosp,0,53,quantile,0.65,20,2026-11-21
2026-11-21,wk inc flu hosp,0,53,quantile,0.7,21,2026-11-21
2026-11-21,wk inc flu hosp,0,53,quantile,0.75,22,2026-11-21
2026-11-21,wk inc flu hosp,0,53,quantile,0.8,22,2026-11-21
2026-11-21,wk inc flu hosp,0,53,quantile,0.85,24,2026-11-21
2026-11-21,wk inc flu hosp,0,53,quantile,0.9,27,2026-11-21
2026-11-21,wk inc flu hosp,0,53,quantile,0.95,30,2026-11-21
2026-11-21,wk inc flu hosp,0,53,quantile,0.975,34,2026-11-21
2026-11-21,wk inc flu hosp,0,53,quantile,0.99,35,2026-11-21
2026-11-21,wk inc flu hosp,0,54,quantile,0.01,0,2026-11-21
2026-11-21,wk inc flu hosp,0,54,quantile,0.025,0,2026-11-21
2026-11-21,wk inc flu hosp,0,54,quantile,0.05,0,2026-11-21
2026-11-21,wk inc flu hosp,0,54,quantile,0.1,0,2026-11-21
2026-11-21,wk inc flu hosp,0,54,quantile,0.15,0,2026-11-21
2026-11-21,wk inc flu hosp,0,54,quantile,0.2,0,2026-11-21
2026-11-21,wk inc flu hosp,0,54,quantile,0.25,1,2026-11-21
2026-11-21,wk inc flu hosp,0,54,quantile,0.3,1,2026-11-21
2026-11-21,wk inc flu hosp,0,54,quantile,0.35,1,2026-11-21
2026-11-21,wk inc flu hosp,0,54,quantile,0.4,1,2026-11-21
2026-11-21,wk inc flu hosp,0,54,quantile,0.45,2,2026-11-21
2026-11-21,wk inc flu hosp,0,54,quantile,0.5,2,2026-11-21
2026-11-21,wk inc flu hosp,0,54,quantile,0.55,2,2026-11-21
2026-11-21,wk inc flu hosp,0,54,quantile,0.6,2,2026-11-21
2026-11-21,wk inc flu hosp,0,54,quantile,0.65,3,2026-11-21
2026-11-21,wk inc flu hosp,0,54,quantile,0.7,3,2026-11-21
2026-11-21,wk inc flu hosp,0,54,quantile,0.75,3,2026-11-21
2026-11-21,wk inc flu hosp,0,54,quantile,0.8,3,2026-11-21
2026-11-21,wk inc flu hosp,0,54,quantile,0.85,4,2026-11-21
2026-11-21,wk inc flu hosp,0,54,quantile,0.9,5,2026-11-21
2026-11-21,wk inc flu hosp,0,54,quantile,0.95,6,2026-11-21
2026-11-21,wk inc flu hosp,0,54,quantile,0.975,7,2026-11-21
2026-11-21,wk inc flu hosp,0,54,quantile,0.99,7,2026-11-21
2026-11-21,wk inc flu hosp,0,55,quantile,0.01,2,2026-11-21
2026-11-21,wk inc flu hosp,0,55,quantile,0.025,2,2026-11-21
2026-11-21,wk inc flu hosp,0,55,quantile,0.05,4,2026-11-21
2026-11-21,wk inc flu hosp,0,55,quantile,0.1,5,2026-11-21
2026-11-21,wk inc flu hosp,0,55,quantile,0.15,6,2026-11-21
2026-11-21,wk inc flu hosp,0,55,quantile,0.2,7,2026-11-21
2026-11-21,wk inc flu hosp,0,55,quantile,0.25,7,2026-11-21
2026-11-21,wk inc flu hosp,0,55,quantile,0.3,8,2026-11-21
2026-11-21,wk inc flu hosp,0,55,quantile,0.35,8,2026-11-21
2026-11-21,wk inc flu hosp,0,55,quantile,0.4,8,2026-11-21
2026-11-21,wk inc flu hosp,0,55,quantile,0.45,9,2026-11-21
2026-11-21,wk inc flu hosp,0,55,quantile,0.5,9,2026-11-21
2026-11-21,wk inc flu hosp,0,55,quantile,0.55,10,2026-11-21
2026-11-21,wk inc flu hosp,0,55,quantile,0.6,10,2026-11-21
2026-11-21,wk inc flu hosp,0,55,quantile,0.65,11,2026-11-21
2026-11-21,wk inc flu hosp,0,55,quantile,0.7,12,2026-11-21
2026-11-21,wk inc flu hosp,0,55,quantile,0.75,12,2026-11-21
2026-11-21,wk inc flu hosp,0,55,quantile,0.8,13,2026-11-21
2026-11-21,wk inc flu hosp,0,55,quantile,0.85,14,2026-11-21
2026-11-21,wk inc flu hosp,0,55,quantile,0.9,15,2026-11-21
2026-11-21,wk inc flu hosp,0,55,quantile,0.95,16,2026-11-21
2026-11-21,wk inc flu hosp,0,55,quantile,0.975,17,2026-11-21
2026-11-21,wk inc flu hosp,0,55,quantile,0.99,20,2026-11-21
2026-11-21,wk inc flu hosp,0,56,quantile,0.01,0,2026-11-21
2026-11-21,wk inc flu hosp,0,56,quantile,0.025,0,2026-11-21
2026-11-21,wk inc flu hosp,0,56,quantile,0.05,0,2026-11-21
2026-11-21,wk inc flu hosp,0,56,quantile,0.1,1,2026-11-21
2026-11-21,wk inc flu hosp,0,56,quantile,0.15,1,2026-11-21
2026-11-21,wk inc flu hosp,0,56,quantile,0.2,2,2026-11-21
2026-11-21,wk inc flu hosp,0,56,quantile,0.25,2,2026-11-21
2026-11-21,wk inc flu hosp,0,56,quantile,0.3,2,2026-11-21
2026-11-21,wk inc flu hosp,0,56,quantile,0.35,2,2026-11-21
2026-11-21,wk inc flu hosp,0,56,quantile,0.4,3,2026-11-21
2026-11-21,wk inc flu hosp,0,56,quantile,0.45,3,2026-11-21
2026-11-21,wk inc flu hosp,0,56,quantile,0.5,4,2026-11-21
2026-11-21,wk inc flu hosp,0,56,quantile,0.55,4,2026-11-21
2026-11-21,wk inc flu hosp,0,56,quantile,0.6,4,2026-11-21
2026-11-21,wk inc flu hosp,0,56,quantile,0.65,5,2026-11-21
2026-11-21,wk inc flu hosp,0,56,quantile,0.7,5,2026-11-21
2026-11-21,wk inc flu hosp,0,56,quantile,0.75,6,2026-11-21
2026-11-21,wk inc flu hosp,0,56,quantile,0.8,6,2026-11-21
2026-11-21,wk inc flu hosp,0,56,quantile,0.85,7,2026-11-21
2026-11-21,wk inc flu hosp,0,56,quantile,0.9,9,2026-11-21
2026-11-21,wk inc flu hosp,0,56,quantile,0.95,10,2026-11-21
2026-11-21,wk inc flu hosp,0,56,quantile,0.975,11,2026-11-21
2026-11-21,wk inc flu hosp,0,56,quantile,0.99,12,2026-11-21
2026-11-21,wk inc flu hosp,0,72,quantile,0.01,46,2026-11-21
2026-11-21,wk inc flu hosp,0,72,quantile,0.025,53,2026-11-21
2026-11-21,wk inc flu hosp,0,72,quantile,0.05,57,2026-11-21
2026-11-21,wk inc flu hosp,0,72,quantile,0.1,63,2026-11-21
2026-11-21,wk inc flu hosp,0,72,quantile,0.15,70,2026-11-21
2026-11-21,wk inc flu hosp,0,72,quantile,0.2,73,2026-11-21
2026-11-21,wk inc flu hosp,0,72,quantile,0.25,77,2026-11-21
2026-11-21,wk inc flu hosp,0,72,quantile,0.3,78,2026-11-21
2026-11-21,wk inc flu hosp,0,72,quantile,0.35,80,2026-11-21
2026-11-21,wk inc flu hosp,0,72,quantile,0.4,83,2026-11-21
2026-11-21,wk inc flu hosp,0,72,quantile,0.45,86,2026-11-21
2026-11-21,wk inc flu hosp,0,72,quantile,0.5,88,2026-11-21
2026-11-21,wk inc flu hosp,0,72,quantile,0.55,92,2026-11-21
2026-11-21,wk inc flu hosp,0,72,quantile,0.6,94,2026-11-21
2026-11-21,wk inc flu hosp,0,72,quantile,0.65,98,2026-11-21
2026-11-21,wk inc flu hosp,0,72,quantile,0.7,100,2026-11-21
2026-11-21,wk inc flu hosp,0,72,quantile,0.75,107,2026-11-21
2026-11-21,wk inc flu hosp,0,72,quantile,0.8,114,2026-11-21
2026-11-21,wk inc flu hosp,0,72,quantile,0.85,118,2026-11-21
2026-11-21,wk inc flu hosp,0,72,quantile,0.9,127,2026-11-21
2026-11-21,wk inc flu hosp,0,72,quantile,0.95,139,2026-11-21
2026-11-21,wk inc flu hosp,0,72,quantile,0.975,147,2026-11-21
2026-11-21,wk inc flu hosp,0,72,quantile,0.99,169,2026-11-21
2026-11-21,wk inc flu hosp,0,USA,quantile,0.01,1853,2026-11-21
2026-11-21,wk inc flu hosp,0,USA,quantile,0.025,1865,2026-11-21
2026-11-21,wk inc flu hosp,0,USA,quantile,0.05,1910,2026-11-21
2026-11-21,wk inc flu hosp,0,USA,quantile,0.1,1931,2026-11-21
2026-11-21,wk inc flu hosp,0,USA,quantile,0.15,1956,2026-11-21
2026-11-21,wk inc flu hosp,0,USA,quantile,0.2,1983,2026-11-21
2026-11-21,wk inc flu hosp,0,USA,quantile,0.25,2001,2026-11-21
2026-11-21,wk inc flu hosp,0,USA,quantile,0.3,2016,2026-11-21
2026-11-21,wk inc flu hosp,0,USA,quantile,0.35,2029,2026-11-21
2026-11-21,wk inc flu hosp,0,USA,quantile,0.4,2038,2026-11-21
2026-11-21,wk inc flu hosp,0,USA,quantile,0.45,2046,2026-11-21
2026-11-21,wk inc flu hosp,0,USA,quantile,0.5,2069,2026-11-21
2026-11-21,wk inc flu hosp,0,USA,quantile,0.55,2087,2026-11-21
2026-11-21,wk inc flu hosp,0,USA,quantile,0.6,2099,2026-11-21
2026-11-21,wk inc flu hosp,0,USA,quantile,0.65,2121,2026-11-21
2026-11-21,wk inc flu hosp,0,USA,quantile,0.7,2159,2026-11-21
2026-11-21,wk inc flu hosp,0,USA,quantile,0.75,2170,2026-11-21
2026-11-21,wk inc flu hosp,0,USA,quantile,0.8,2192,2026-11-21
2026-11-21,wk inc flu hosp,0,USA,quantile,0.85,2214,2026-11-21
2026-11-21,wk inc flu hosp,0,USA,quantile,0.9,2248,2026-11-21
2026-11-21,wk inc flu hosp,0,USA,quantile,0.95,2296,2026-11-21
2026-11-21,wk inc flu hosp,0,USA,quantile,0.975,2338,2026-11-21
2026-11-21,wk inc flu hosp,0,USA,quantile,0.99,2353,2026-11-21
2026-11-21,wk inc flu hosp,1,01,quantile,0.01,16,2026-11-28
2026-11-21,wk inc flu hosp,1,01,quantile,0.025,18,2026-11-28
2026-11-21,wk inc flu hosp,1,01,quantile,0.05,19,2026-11-28
2026-11-21,wk inc flu hosp,1,01,quantile,0.1,21,2026-11-28
2026-11-21,wk inc flu hosp,1,01,quantile,0.15,23,2026-11-28
2026-11-21,wk inc flu hosp,1,01,quantile,0.2,24,2026-11-28
2026-11-21,wk inc flu hosp,1,01,quantile,0.25,27,2026-11-28
2026-11-21,wk inc flu hosp,1,01,quantile,0.3,28,2026-11-28
2026-11-21,wk inc flu hosp,1,01,quantile,0.35,29,2026-11-28
2026-11-21,wk inc flu hosp,1,01,quantile,0.4,30,2026-11-28
2026-11-21,wk inc flu hosp,1,01,quantile,0.45,31,2026-11-28
2026-11-21,wk inc flu hosp,1,01,quantile,0.5,32,2026-11-28
2026-11-21,wk inc flu hosp,1,01,quantile,0.55,33,2026-11-28
2026-11-21,wk inc flu hosp,1,01,quantile,0.6,35,2026-11-28
2026-11-21,wk inc flu hosp,1,01,quantile,0.65,36,2026-11-28
2026-11-21,wk inc flu hosp,1,01,quantile,0.7,37,2026-11-28
2026-11-21,wk inc flu hosp,1,01,quantile,0.75,38,2026-11-28
2026-11-21,wk inc flu hosp,1,01,quantile,0.8,40,2026-11-28
2026-11-21,wk inc flu hosp,1,01,quantile,0.85,43,2026-11-28
2026-11-21,wk inc flu hosp,1,01,quantile,0.9,46,2026-11-28
2026-11-21,wk inc flu hosp,1,01,quantile,0.95,48,2026-11-28
2026-11-21,wk inc flu hosp,1,01,quantile,0.975,54,2026-11-28
2026-11-21,wk inc flu hosp,1,01,quantile,0.99,56,2026-11-28
2026-11-21,wk inc flu hosp,1,02,quantile,0.01,0,2026-11-28
2026-11-21,wk inc flu hosp,1,02,quantile,0.025,0,2026-11-28
2026-11-21,wk inc flu hosp,1,02,quantile,0.05,0,2026-11-28
2026-11-21,wk inc flu hosp,1,02,quantile,0.1,0,2026-11-28
2026-11-21,wk inc flu hosp,1,02,quantile,0.15,0,2026-11-28
2026-11-21,wk inc flu hosp,1,02,quantile,0.2,1,2026-11-28
2026-11-21,wk inc flu hosp,1,02,quantile,0.25,1,2026-11-28
2026-11-21,wk inc flu hosp,1,02,quantile,0.3,2,2026-11-28
2026-11-21,wk inc flu hosp,1,02,quantile,0.35,2,2026-11-28
2026-11-21,wk inc flu hosp,1,02,quantile,0.4,3,2026-11-28
2026-11-21,wk inc flu hosp,1,02,quantile,0.45,3,2026-11-28
2026-11-21,wk inc flu hosp,1,02,quantile,0.5,4,2026-11-28
2026-11-21,wk inc flu hosp,1,02,quantile,0.55,4,2026-11-28
2026-11-21,wk inc flu hosp,1,02,quantile,0.6,5,2026-11-28
2026-11-21,wk inc flu hosp,1,02,quantile,0.65,5,2026-11-28
2026-11-21,wk inc flu hosp,1,02,quantile,0.7,6,2026-11-28
2026-11-21,wk inc flu hosp,1,02,quantile,0.75,7,2026-11-28
2026-11-21,wk inc flu hosp,1,02,quantile,0.8,8,2026-11-28
2026-11-21,wk inc flu hosp,1,02,quantile,0.85,9,2026-11-28
2026-11-21,wk inc flu hosp,1,02,quantile,0.9,10,2026-11-28
2026-11-21,wk inc flu hosp,1,02,quantile,0.95,12,2026-11-28
2026-11-21,wk inc flu hosp,1,02,quantile,0.975,16,2026-11-28
2026-11-21,wk inc flu hosp,1,02,quantile,0.99,17,2026-11-28
2026-11-21,wk inc flu hosp,1,04,quantile,0.01,90,2026-11-28
2026-11-21,wk inc flu hosp,1,04,quantile,0.025,93,2026-11-28
2026-11-21,wk inc flu hosp,1,04,quantile,0.05,98,2026-11-28
2026-11-21,wk inc flu hosp,1,04,quantile,0.1,114,2026-11-28
2026-11-21,wk inc flu hosp,1,04,quantile,0.15,117,2026-11-28
2026-11-21,wk inc flu hosp,1,04,quantile,0.2,124,2026-11-28
2026-11-21,wk inc flu hosp,1,04,quantile,0.25,129,2026-11-28
2026-11-21,wk inc flu hosp,1,04,quantile,0.3,138,2026-11-28
2026-11-21,wk inc flu hosp,1,04,quantile,0.35,144,2026-11-28
2026-11-21,wk inc flu hosp,1,04,quantile,0.4,146,2026-11-28
2026-11-21,wk inc flu hosp,1,04,quantile,0.45,150,2026-11-28
2026-11-21,wk inc flu hosp,1,04,quantile,0.5,152,2026-11-28
2026-11-21,wk inc flu hosp,1,04,quantile,0.55,157,2026-11-28
2026-11-21,wk inc flu hosp,1,04,quantile,0.6,164,2026-11-28
2026-11-21,wk inc flu hosp,1,04,quantile,0.65,167,2026-11-28
2026-11-21,wk inc flu hosp,1,04,quantile,0.7,170,2026-11-28
2026-11-21,wk inc flu hosp,1,04,quantile,0.75,178,2026-11-28
2026-11-21,wk inc flu hosp,1,04,quantile,0.8,186,2026-11-28
2026-11-21,wk inc flu hosp,1,04,quantile,0.85,195,2026-11-28
2026-11-21,wk inc flu hosp,1,04,quantile,0.9,205,2026-11-28
2026-11-21,wk inc flu hosp,1,04,quantile,0.95,218,2026-11-28
2026-11-21,wk inc flu hosp,1,04,quantile,0.975,232,2026-11-28
2026-11-21,wk inc flu hosp,1,04,quantile,0.99,255,2026-11-28
2026-11-21,wk inc flu hosp,1,05,quantile,0.01,5,2026-11-28
2026-11-21,wk inc flu hosp,1,05,quantile,0.025,6,2026-11-28
2026-11-21,wk inc flu hosp,1,05,quantile,0.05,6,2026-11-28
2026-11-21,wk inc flu hosp,1,05,quantile,0.1,8,2026-11-28
2026-11-21,wk inc flu hosp,1,05,quantile,0.15,9,2026-11-28
2026-11-21,wk inc flu hosp,1,05,quantile,0.2,10,2026-11-28
2026-11-21,wk inc flu hosp,1,05,quantile,0.25,10,2026-11-28
2026-11-21,wk inc flu hosp,1,05,quantile,0.3,11,2026-11-28
2026-11-21,wk inc flu hosp,1,05,quantile,0.35,12,2026-11-28
2026-11-21,wk inc flu hosp,1,05,quantile,0.4,13,2026-11-28
2026-11-21,wk inc flu hosp,1,05,quantile,0.45,13,2026-11-28
2026-11-21,wk inc flu hosp,1,05,quantile,0.5,14,2026-11-28
2026-11-21,wk inc flu hosp,1,05,quantile,0.55,15,2026-11-28
2026-11-21,wk inc flu hosp,1,05,quantile,0.6,15,2026-11-28
2026-11-21,wk inc flu hosp,1,05,quantile,0.65,16,2026-11-28
2026-11-21,wk inc flu hosp,1,05,quantile,0.7,17,2026-11-28
2026-11-21,wk inc flu hosp,1,05,quantile,0.75,18,2026-11-28
2026-11-21,wk inc flu hosp,1,05,quantile,0.8,19,2026-11-28
2026-11-21,wk inc flu hosp,1,05,quantile,0.85,20,2026-11-28
2026-11-21,wk inc flu hosp,1,05,quantile,0.9,22,2026-11-28
2026-11-21,wk inc flu hosp,1,05,quantile,0.95,24,2026-11-28
2026-11-21,wk inc flu hosp,1,05,quantile,0.975,25,2026-11-28
2026-11-21,wk inc flu hosp,1,05,quantile,0.99,27,2026-11-28
2026-11-21,wk inc flu hosp,1,06,quantile,0.01,162,2026-11-28
2026-11-21,wk inc flu hosp,1,06,quantile,0.025,179,2026-11-28
2026-11-21,wk inc flu hosp,1,06,quantile,0.05,185,2026-11-28
2026-11-21,wk inc flu hosp,1,06,quantile,0.1,190,2026-11-28
2026-11-21,wk inc flu hosp,1,06,quantile,0.15,207,2026-11-28
2026-11-21,wk inc flu hosp,1,06,quantile,0.2,213,2026-11-28
2026-11-21,wk inc flu hosp,1,06,quantile,0.25,226,2026-11-28
2026-11-21,wk inc flu hosp,1,06,quantile,0.3,236,2026-11-28
2026-11-21,wk inc flu hosp,1,06,quantile,0.35,243,2026-11-28
2026-11-21,wk inc flu hosp,1,06,quantile,0.4,250,2026-11-28
2026-11-21,wk inc flu hosp,1,06,quantile,0.45,254,2026-11-28
2026-11-21,wk inc flu hosp,1,06,quantile,0.5,263,2026-11-28
2026-11-21,wk inc flu hosp,1,06,quantile,0.55,268,2026-11-28
2026-11-21,wk inc flu hosp,1,06,quantile,0.6,274,2026-11-28
2026-11-21,wk inc flu hosp,1,06,quantile,0.65,280,2026-11-28
2026-11-21,wk inc flu hosp,1,06,quantile,0.7,287,2026-11-28
2026-11-21,wk inc flu hosp,1,06,quantile,0.75,295,2026-11-28
2026-11-21,wk inc flu hosp,1,06,quantile,0.8,302,2026-11-28
2026-11-21,wk inc flu hosp,1,06,quantile,0.85,315,2026-11-28
2026-11-21,wk inc flu hosp,1,06,quantile,0.9,339,2026-11-28
2026-11-21,wk inc flu hosp,1,06,quantile,0.95,363,2026-11-28
2026-11-21,wk inc flu hosp,1,06,quantile,0.975,384,2026-11-28
2026-11-21,wk inc flu hosp,1,06,quantile,0.99,400,2026-11-28
2026-11-21,wk inc flu hosp,1,08,quantile,0.01,29,2026-11-28
2026-11-21,wk inc flu hosp,1,08,quantile,0.025,32,2026-11-28
2026-11-21,wk inc flu hosp,1,08,quantile,0.05,37,2026-11-28
2026-11-21,wk inc flu hosp,1,08,quantile,0.1,41,2026-11-28
2026-11-21,wk inc flu hosp,1,08,quantile,0.15,46,2026-11-28
2026-11-21,wk inc flu hosp,1,08,quantile,0.2,49,2026-11-28
2026-11-21,wk inc flu hosp,1,08,quantile,0.25,51,2026-11-28
2026-11-21,wk inc flu hosp,1,08,quantile,0.3,53,2026-11-28
2026-11-21,wk inc flu hosp,1,08,quantile,0.35,56,2026-11-28
2026-11-21,wk inc flu hosp,1,08,quantile,0.4,57,2026-11-28
2026-11-21,wk inc flu hosp,1,08,quantile,0.45,59,2026-11-28
2026-11-21,wk inc flu hosp,1,08,quantile,0.5,62,2026-11-28
2026-11-21,wk inc flu hosp,1,08,quantile,0.55,64,2026-11-28
2026-11-21,wk inc flu hosp,1,08,quantile,0.6,66,2026-11-28
2026-11-21,wk inc flu hosp,1,08,quantile,0.65,68,2026-11-28
2026-11-21,wk inc flu hosp,1,08,quantile,0.7,73,2026-11-28
2026-11-21,wk inc flu hosp,1,08,quantile,0.75,76,2026-11-28
2026-11-21,wk inc flu hosp,1,08,quantile,0.8,80,2026-11-28
2026-11-21,wk inc flu hosp,1,08,quantile,0.85,83,2026-11-28
2026-11-21,wk inc flu hosp,1,08,quantile,0.9,88,2026-11-28
2026-11-21,wk inc flu hosp,1,08,quantile,0.95,96,2026-11-28
2026-11-21,wk inc flu hosp,1,08,quantile,0.975,105,2026-11-28
2026-11-21,wk inc flu hosp,1,08,quantile,0.99,111,2026-11-28
2026-11-21,wk inc flu hosp,1,09,quantile,0.01,5,2026-11-28
2026-11-21,wk inc flu hosp,1,09,quantile,0.025,7,2026-11-28
2026-11-21,wk inc flu hosp,1,09,quantile,0.05,8,2026-11-28
2026-11-21,wk inc flu hosp,1,09,quantile,0.1,10,2026-11-28
2026-11-21,wk inc flu hosp,1,09,quantile,0.15,11,2026-11-28
2026-11-21,wk inc flu hosp,1,09,quantile,0.2,12,2026-11-28
2026-11-21,wk inc flu hosp,1,09,quantile,0.25,12,2026-11-28
2026-11-21,wk inc flu hosp,1,09,quantile,0.3,14,2026-11-28
2026-11-21,wk inc flu hosp,1,09,quantile,0.35,16,2026-11-28
2026-11-21,wk inc flu hosp,1,09,quantile,0.4,16,2026-11-28
2026-11-21,wk inc flu hosp,1,09,quantile,0.45,18,2026-11-28
2026-11-21,wk inc flu hosp,1,09,quantile,0.5,19,2026-11-28
2026-11-21,wk inc flu hosp,1,09,quantile,0.55,19,2026-11-28
2026-11-21,wk inc flu hosp,1,09,quantile,0.6,20,2026-11-28
2026-11-21,wk inc flu hosp,1,09,quantile,0.65,22,2026-11-28
2026-11-21,wk inc flu hosp,1,09,quantile,0.7,23,2026-11-28
2026-11-21,wk inc flu hosp,1,09,quantile,0.75,25,2026-11-28
2026-11-21,wk inc flu hosp,1,09,quantile,0.8,27,2026-11-28
2026-11-21,wk inc flu hosp,1,09,quantile,0.85,29,2026-11-28
2026-11-21,wk inc flu hosp,1,09,quantile,0.9,30,2026-11-28
2026-11-21,wk inc flu hosp,1,09,quantile,0.95,32,2026-11-28
2026-11-21,wk inc flu hosp,1,09,quantile,0.975,35,2026-11-28
2026-11-21,wk inc flu hosp,1,09,quantile,0.99,38,2026-11-28
2026-11-21,wk inc flu hosp,1,10,quantile,0.01,0,2026-11-28
2026-11-21,wk inc flu hosp,1,10,quantile,0.025,0,2026-11-28
2026-11-21,wk inc flu hosp,1,10,quantile,0.05,0,2026-11-28
2026-11-21,wk inc flu hosp,1,10,quantile,0.1,1,2026-11-28
2026-11-21,wk inc flu hosp,1,10,quantile,0.15,1,2026-11-28
2026-11-21,wk inc flu hosp,1,10,quantile,0.2,1,2026-11-28
2026-11-21,wk inc flu hosp,1,10,quantile,0.25,2,2026-11-28
2026-11-21,wk inc flu hosp,1,10,quantile,0.3,2,2026-11-28
2026-11-21,wk inc flu hosp,1,10,quantile,0.35,2,2026-11-28
2026-11-21,wk inc flu hosp,1,10,quantile,0.4,2,2026-11-28
2026-11-21,wk inc flu hosp,1,10,quantile,0.45,3,2026-11-28
2026-11-21,wk inc flu hosp,1,10,quantile,0.5,3,2026-11-28
2026-11-21,wk inc flu hosp,1,10,quantile,0.55,4,2026-11-28
2026-11-21,wk inc flu hosp,1,10,quantile,0.6,4,2026-11-28
2026-11-21,wk inc flu hosp,1,10,quantile,0.65,4,2026-11-28
2026-11-21,wk inc flu hosp,1,10,quantile,0.7,5,2026-11-28
2026-11-21,wk inc flu hosp,1,10,quantile,0.75,5,2026-11-28
2026-11-21,wk inc flu hosp,1,10,quantile,0.8,6,2026-11-28
2026-11-21,wk inc flu hosp,1,10,quantile,0.85,7,2026-11-28
2026-11-21,wk inc flu hosp,1,10,quantile,0.9,7,2026-11-28
2026-11-21,wk inc flu hosp,1,10,quantile,0.95,8,2026-11-28
2026-11-21,wk inc flu hosp,1,10,quantile,0.975,9,2026-11-28
2026-11-21,wk inc flu hosp,1,10,quantile,0.99,11,2026-11-28
2026-11-21,wk inc flu hosp,1,11,quantile,0.01,0,2026-11-28
2026-11-21,wk inc flu hosp,1,11,quantile,0.025,1,2026-11-28
2026-11-21,wk inc flu hosp,1,11,quantile,0.05,1,2026-11-28
2026-11-21,wk inc flu hosp,1,11,quantile,0.1,2,2026-11-28
2026-11-21,wk inc flu hosp,1,11,quantile,0.15,3,2026-11-28
2026-11-21,wk inc flu hosp,1,11,quantile,0.2,4,2026-11-28
2026-11-21,wk inc flu hosp,1,11,quantile,0.25,4,2026-11-28
2026-11-21,wk inc flu hosp,1,11,quantile,0.3,5,2026-11-28
2026-11-21,wk inc flu hosp,1,11,quantile,0.35,6,2026-11-28
2026-11-21,wk inc flu hosp,1,11,quantile,0.4,6,2026-11-28
2026-11-21,wk inc flu hosp,1,11,quantile,0.45,7,2026-11-28
2026-11-21,wk inc flu hosp,1,11,quantile,0.5,8,2026-11-28
2026-11-21,wk inc flu hosp,1,11,quantile,0.55,8,2026-11-28
2026-11-21,wk inc flu hosp,1,11,quantile,0.6,9,2026-11-28
2026-11-21,wk inc flu hosp,1,11,quantile,0.65,9,2026-11-28
2026-11-21,wk inc flu hosp,1,11,quantile,0.7,10,2026-11-28
2026-11-21,wk inc flu hosp,1,11,quantile,0.75,11,2026-11-28
2026-11-21,wk inc flu hosp,1,11,quantile,0.8,12,2026-11-28
2026-11-21,wk inc flu hosp,1,11,quantile,0.85,13,2026-11-28
2026-11-21,wk inc flu hosp,1,11,quantile,0.9,15,2026-11-28
2026-11-21,wk inc flu hosp,1,11,quantile,0.95,18,2026-11-28
2026-11-21,wk inc flu hosp,1,11,quantile,0.975,21,2026-11-28
2026-11-21,wk inc flu hosp,1,11,quantile,0.99,25,2026-11-28
2026-11-21,wk inc flu hosp,1,12,quantile,0.01,203,2026-11-28
2026-11-21,wk inc flu hosp,1,12,quantile,0.025,253,2026-11-28
2026-11-21,wk inc flu hosp,1,12,quantile,0.05,269,2026-11-28
2026-11-21,wk inc flu hosp,1,12,quantile,0.1,290,2026-11-28
2026-11-21,wk inc flu hosp,1,12,quantile,0.15,309,2026-11-28
2026-11-21,wk inc flu hosp,1,12,quantile,0.2,318,2026-11-28
2026-11-21,wk inc flu hosp,1,12,quantile,0.25,325,2026-11-28
2026-11-21,wk inc flu hosp,1,12,quantile,0.3,335,2026-11-28
2026-11-21,wk inc flu hosp,1,12,quantile,0.35,343,2026-11-28
2026-11-21,wk inc flu hosp,1,12,quantile,0.4,352,2026-11-28
2026-11-21,wk inc flu hosp,1,12,quantile,0.45,359,2026-11-28
2026-11-21,wk inc flu hosp,1,12,quantile,0.5,366,2026-11-28
2026-11-21,wk inc flu hosp,1,12,quantile,0.55,381,2026-11-28
2026-11-21,wk inc flu hosp,1,12,quantile,0.6,392,2026-11-28
2026-11-21,wk inc flu hosp,1,12,quantile,0.65,406,2026-11-28
2026-11-21,wk inc flu hosp,1,12,quantile,0.7,416,2026-11-28
2026-11-21,wk inc flu hosp,1,12,quantile,0.75,430,2026-11-28
2026-11-21,wk inc flu hosp,1,12,quantile,0.8,459,2026-11-28
2026-11-21,wk inc flu hosp,1,12,quantile,0.85,479,2026-11-28
2026-11-21,wk inc flu hosp,1,12,quantile,0.9,508,2026-11-28
2026-11-21,wk inc flu hosp,1,12,quantile,0.95,533,2026-11-28
2026-11-21,wk inc flu hosp,1,12,quantile,0.975,587,2026-11-28
2026-11-21,wk inc flu hosp,1,12,quantile,0.99,644,2026-11-28
2026-11-21,wk inc flu hosp,1,13,quantile,0.01,33,2026-11-28
2026-11-21,wk inc flu hosp,1,13,quantile,0.025,36,2026-11-28
2026-11-21,wk inc flu hosp,1,13,quantile,0.05,38,2026-11-28
2026-11-21,wk inc flu hosp,1,13,quantile,0.1,42,2026-11-28
2026-11-21,wk inc flu hosp,1,13,quantile,0.15,44,2026-11-28
2026-11-21,wk inc flu hosp,1,13,quantile,0.2,48,2026-11-28
2026-11-21,wk inc flu hosp,1,13,quantile,0.25,50,2026-11-28
2026-11-21,wk inc flu hosp,1,13,quantile,0.3,54,2026-11-28
2026-11-21,wk inc flu hosp,1,13,quantile,0.35,55,2026-11-28
2026-11-21,wk inc flu hosp,1,13,quantile,0.4,57,2026-11-28
2026-11-21,wk inc flu hosp,1,13,quantile,0.45,58,2026-11-28
2026-11-21,wk inc flu hosp,1,13,quantile,0.5,60,2026-11-28
2026-11-21,wk inc flu hosp,1,13,quantile,0.55,63,2026-11-28
2026-11-21,wk inc flu hosp,1,13,quantile,0.6,65,2026-11-28
2026-11-21,wk inc flu hosp,1,13,quantile,0.65,66,2026-11-28
2026-11-21,wk inc flu hosp,1,13,quantile,0.7,68,2026-11-28
2026-11-21,wk inc flu hosp,1,13,quantile,0.75,72,2026-11-28
2026-11-21,wk inc flu hosp,1,13,quantile,0.8,76,2026-11-28
2026-11-21,wk inc flu hosp,1,13,quantile,0.85,80,2026-11-28
2026-11-21,wk inc flu hosp,1,13,quantile,0.9,85,2026-11-28
2026-11-21,wk inc flu hosp,1,13,quantile,0.95,93,2026-11-28
2026-11-21,wk inc flu hosp,1,13,quantile,0.975,100,2026-11-28
2026-11-21,wk inc flu hosp,1,13,quantile,0.99,106,2026-11-28
2026-11-21,wk inc flu hosp,1,15,quantile,0.01,6,2026-11-28
2026-11-21,wk inc flu hosp,1,15,quantile,0.025,6,2026-11-28
2026-11-21,wk inc flu hosp,1,15,quantile,0.05,7,2026-11-28
2026-11-21,wk inc flu hosp,1,15,quantile,0.1,9,2026-11-28
2026-11-21,wk inc flu hosp,1,15,quantile,0.15,10,2026-11-28
2026-11-21,wk inc flu hosp,1,15,quantile,0.2,11,2026-11-28
2026-11-21,wk inc flu hosp,1,15,quantile,0.25,12,2026-11-28
2026-11-21,wk inc flu hosp,1,15,quantile,0.3,12,2026-11-28
2026-11-21,wk inc flu hosp,1,15,quantile,0.35,13,2026-11-28
2026-11-21,wk inc flu hosp,1,15,quantile,0.4,14,2026-11-28
2026-11-21,wk inc flu hosp,1,15,quantile,0.45,15,2026-11-28
2026-11-21,wk inc flu hosp,1,15,quantile,0.5,16,2026-11-28
2026-11-21,wk inc flu hosp,1,15,quantile,0.55,17,2026-11-28
2026-11-21,wk inc flu hosp,1,15,quantile,0.6,18,2026-11-28
2026-11-21,wk inc flu hosp,1,15,quantile,0.65,19,2026-11-28
2026-11-21,wk inc flu hosp,1,15,quantile,0.7,20,2026-11-28
2026-11-21,wk inc flu hosp,1,15,quantile,0.75,21,2026-11-28
2026-11-21,wk inc flu hosp,1,15,quantile,0.8,22,2026-11-28
2026-11-21,wk inc flu hosp,1,15,quantile,0.85,24,2026-11-28
2026-11-21,wk inc flu hosp,1,15,quantile,0.9,25,2026-11-28
2026-11-21,wk inc flu hosp,1,15,quantile,0.95,26,2026-11-28
2026-11-21,wk inc flu hosp,1,15,quantile,0.975,33,2026-11-28
2026-11-21,wk inc flu hosp,1,15,quantile,0.99,37,2026-11-28
2026-11-21,wk inc flu hosp,1,16,quantile,0.01,8,2026-11-28
2026-11-21,wk inc flu hosp,1,16,quantile,0.025,8,2026-11-28
2026-11-21,wk inc flu hosp,1,16,quantile,0.05,9,2026-11-28
2026-11-21,wk inc flu hosp,1,16,quantile,0.1,11,2026-11-28
2026-11-21,wk inc flu hosp,1,16,quantile,0.15,11,2026-11-28
2026-11-21,wk inc flu hosp,1,16,quantile,0.2,13,2026-11-28
2026-11-21,wk inc flu hosp,1,16,quantile,0.25,14,2026-11-28
2026-11-21,wk inc flu hosp,1,16,quantile,0.3,15,2026-11-28
2026-11-21,wk inc flu hosp,1,16,quantile,0.35,16,2026-11-28
2026-11-21,wk inc flu hosp,1,16,quantile,0.4,17,2026-11-28
2026-11-21,wk inc flu hosp,1,16,quantile,0.45,17,2026-11-28
2026-11-21,wk inc flu hosp,1,16,quantile,0.5,18,2026-11-28
2026-11-21,wk inc flu hosp,1,16,quantile,0.55,18,2026-11-28
2026-11-21,wk inc flu hosp,1,16,quantile,0.6,19,2026-11-28
2026-11-21,wk inc flu hosp,1,16,quantile,0.65,20,2026-11-28
2026-11-21,wk inc flu hosp,1,16,quantile,0.7,20,2026-11-28
2026-11-21,wk inc flu hosp,1,16,quantile,0.75,22,2026-11-28
2026-11-21,wk inc flu hosp,1,16,quantile,0.8,23,2026-11-28
2026-11-21,wk inc flu hosp,1,16,quantile,0.85,25,2026-11-28
2026-11-21,wk inc flu hosp,1,16,quantile,0.9,26,2026-11-28
2026-11-21,wk inc flu hosp,1,16,quantile,0.95,28,2026-11-28
2026-11-21,wk inc flu hosp,1,16,quantile,0.975,32,2026-11-28
2026-11-21,wk inc flu hosp,1,16,quantile,0.99,34,2026-11-28
2026-11-21,wk inc flu hosp,1,17,quantile,0.01,29,2026-11-28
2026-11-21,wk inc flu hosp,1,17,quantile,0.025,35,2026-11-28
2026-11-21,wk inc flu hosp,1,17,quantile,0.05,37,2026-11-28
2026-11-21,wk inc flu hosp,1,17,quantile,0.1,41,2026-11-28
2026-11-21,wk inc flu hosp,1,17,quantile,0.15,44,2026-11-28
2026-11-21,wk inc flu hosp,1,17,quantile,0.2,48,2026-11-28
2026-11-21,wk inc flu hosp,1,17,quantile,0.25,51,2026-11-28
2026-11-21,wk inc flu hosp,1,17,quantile,0.3,52,2026-11-28
2026-11-21,wk inc flu hosp,1,17,quantile,0.35,55,2026-11-28
2026-11-21,wk inc flu hosp,1,17,quantile,0.4,57,2026-11-28
2026-11-21,wk inc flu hosp,1,17,quantile,0.45,61,2026-11-28
2026-11-21,wk inc flu hosp,1,17,quantile,0.5,62,2026-11-28
2026-11-21,wk inc flu hosp,1,17,quantile,0.55,64,2026-11-28
2026-11-21,wk inc flu hosp,1,17,quantile,0.6,66,2026-11-28
2026-11-21,wk inc flu hosp,1,17,quantile,0.65,68,2026-11-28
2026-11-21,wk inc flu hosp,1,17,quantile,0.7,71,2026-11-28
2026-11-21,wk inc flu hosp,1,17,quantile,0.75,74,2026-11-28
2026-11-21,wk inc flu hosp,1,17,quantile,0.8,76,2026-11-28
2026-11-21,wk inc flu hosp,1,17,quantile,0.85,78,2026-11-28
2026-11-21,wk inc flu hosp,1,17,quantile,0.9,81,2026-11-28
2026-11-21,wk inc flu hosp,1,17,quantile,0.95,94,2026-11-28
2026-11-21,wk inc flu hosp,1,17,quantile,0.975,104,2026-11-28
2026-11-21,wk inc flu hosp,1,17,quantile,0.99,106,2026-11-28
2026-11-21,wk inc flu hosp,1,18,quantile,0.01,24,2026-11-28
2026-11-21,wk inc flu hosp,1,18,quantile,0.025,26,2026-11-28
2026-11-21,wk inc flu hosp,1,18,quantile,0.05,29,2026-11-28
2026-11-21,wk inc flu hosp,1,18,quantile,0.1,30,2026-11-28
2026-11-21,wk inc flu hosp,1,18,quantile,0.15,33,2026-11-28
2026-11-21,wk inc flu hosp,1,18,quantile,0.2,35,2026-11-28
2026-11-21,wk inc flu hosp,1,18,quantile,0.25,36,2026-11-28
2026-11-21,wk inc flu hosp,1,18,quantile,0.3,38,2026-11-28
2026-11-21,wk inc flu hosp,1,18,quantile,0.35,40,2026-11-28
2026-11-21,wk inc flu hosp,1,18,quantile,0.4,43,2026-11-28
2026-11-21,wk inc flu hosp,1,18,quantile,0.45,45,2026-11-28
2026-11-21,wk inc flu hosp,1,18,quantile,0.5,47,2026-11-28
2026-11-21,wk inc flu hosp,1,18,quantile,0.55,48,2026-11-28
2026-11-21,wk inc flu hosp,1,18,quantile,0.6,49,2026-11-28
2026-11-21,wk inc flu hosp,1,18,quantile,0.65,50,2026-11-28
2026-11-21,wk inc flu hosp,1,18,quantile,0.7,53,2026-11-28
2026-11-21,wk inc flu hosp,1,18,quantile,0.75,54,2026-11-28
2026-11-21,wk inc flu hosp,1,18,quantile,0.8,57,2026-11-28
2026-11-21,wk inc flu hosp,1,18,quantile,0.85,60,2026-11-28
2026-11-21,wk inc flu hosp,1,18,quantile,0.9,64,2026-11-28
2026-11-21,wk inc flu hosp,1,18,quantile,0.95,69,2026-11-28
2026-11-21,wk inc flu hosp,1,18,quantile,0.975,74,2026-11-28
2026-11-21,wk inc flu hosp,1,18,quantile,0.99,80,2026-11-28
2026-11-21,wk inc flu hosp,1,19,quantile,0.01,1,2026-11-28
2026-11-21,wk inc flu hosp,1,19,quantile,0.025,3,2026-11-28
2026-11-21,wk inc flu hosp,1,19,quantile,0.05,4,2026-11-28
2026-11-21,wk inc flu hosp,1,19,quantile,0.1,4,2026-11-28
2026-11-21,wk inc flu hosp,1,19,quantile,0.15,5,2026-11-28
2026-11-21,wk inc flu hosp,1,19,quantile,0.2,5,2026-11-28
2026-11-21,wk inc flu hosp,1,19,quantile,0.25,6,2026-11-28
2026-11-21,wk inc flu hosp,1,19,quantile,0.3,7,2026-11-28
2026-11-21,wk inc flu hosp,1,19,quantile,0.35,7,2026-11-28
2026-11-21,wk inc flu hosp,1,19,quantile,0.4,8,2026-11-28
2026-11-21,wk inc flu hosp,1,19,quantile,0.45,8,2026-11-28
2026-11-21,wk inc flu hosp,1,19,quantile,0.5,9,2026-11-28
2026-11-21,wk inc flu hosp,1,19,quantile,0.55,10,2026-11-28
2026-11-21,wk inc flu hosp,1,19,quantile,0.6,10,2026-11-28
2026-11-21,wk inc flu hosp,1,19,quantile,0.65,11,2026-11-28
2026-11-21,wk inc flu hosp,1,19,quantile,0.7,11,2026-11-28
2026-11-21,wk inc flu hosp,1,19,quantile,0.75,13,2026-11-28
2026-11-21,wk inc flu hosp,1,19,quantile,0.8,13,2026-11-28
2026-11-21,wk inc flu hosp,1,19,quantile,0.85,14,2026-11-28
2026-11-21,wk inc flu hosp,1,19,quantile,0.9,16,2026-11-28
2026-11-21,wk inc flu hosp,1,19,quantile,0.95,19,2026-11-28
2026-11-21,wk inc flu hosp,1,19,quantile,0.975,20,2026-11-28
2026-11-21,wk inc flu hosp,1,19,quantile,0.99,21,2026-11-28
2026-11-21,wk inc flu hosp,1,20,quantile,0.01,3,2026-11-28
2026-11-21,wk inc flu hosp,1,20,quantile,0.025,3,2026-11-28
2026-11-21,wk inc flu hosp,1,20,quantile,0.05,4,2026-11-28
2026-11-21,wk inc flu hosp,1,20,quantile,0.1,5,2026-11-28
2026-11-21,wk inc flu hosp,1,20,quantile,0.15,6,2026-11-28
2026-11-21,wk inc flu hosp,1,20,quantile,0.2,6,2026-11-28
2026-11-21,wk inc flu hosp,1,20,quantile,0.25,7,2026-11-28
2026-11-21,wk inc flu hosp,1,20,quantile,0.3,8,2026-11-28
2026-11-21,wk inc flu hosp,1,20,quantile,0.35,8,2026-11-28
2026-11-21,wk inc flu hosp,1,20,quantile,0.4,9,2026-11-28
2026-11-21,wk inc flu hosp,1,20,quantile,0.45,9,2026-11-28
2026-11-21,wk inc flu hosp,1,20,quantile,0.5,10,2026-11-28
2026-11-21,wk inc flu hosp,1,20,quantile,0.55,11,2026-11-28
2026-11-21,wk inc flu hosp,1,20,quantile,0.6,11,2026-11-28
2026-11-21,wk inc flu hosp,1,20,quantile,0.65,11,2026-11-28
2026-11-21,wk inc flu hosp,1,20,quantile,0.7,13,2026-11-28
2026-11-21,wk inc flu hosp,1,20,quantile,0.75,13,2026-11-28
2026-11-21,wk inc flu hosp,1,20,quantile,0.8,14,2026-11-28
2026-11-21,wk inc flu hosp,1,20,quantile,0.85,15,2026-11-28
2026-11-21,wk inc flu hosp,1,20,quantile,0.9,17,2026-11-28
2026-11-21,wk inc flu hosp,1,20,quantile,0.95,19,2026-11-28
2026-11-21,wk inc flu hosp,1,20,quantile,0.975,21,2026-11-28
2026-11-21,wk inc flu hosp,1,20,quantile,0.99,23,2026-11-28
2026-11-21,wk inc flu hosp,1,21,quantile,0.01,9,2026-11-28
2026-11-21,wk inc flu hosp,1,21,quantile,0.025,10,2026-11-28
2026-11-21,wk inc flu hosp,1,21,quantile,0.05,11,2026-11-28
2026-11-21,wk inc flu hosp,1,21,quantile,0.1,12,2026-11-28
2026-11-21,wk inc flu hosp,1,21,quantile,0.15,13,2026-11-28
2026-11-21,wk inc flu hosp,1,21,quantile,0.2,14,2026-11-28
2026-11-21,wk inc flu hosp,1,21,quantile,0.25,16,2026-11-28
2026-11-21,wk inc flu hosp,1,21,quantile,0.3,17,2026-11-28
2026-11-21,wk inc flu hosp,1,21,quantile,0.35,18,2026-11-28
2026-11-21,wk inc flu hosp,1,21,quantile,0.4,18,2026-11-28
2026-11-21,wk inc flu hosp,1,21,quantile,0.45,19,2026-11-28
2026-11-21,wk inc flu hosp,1,21,quantile,0.5,20,2026-11-28
2026-11-21,wk inc flu hosp,1,21,quantile,0.55,21,2026-11-28
2026-11-21,wk inc flu hosp,1,21,quantile,0.6,22,2026-11-28
2026-11-21,wk inc flu hosp,1,21,quantile,0.65,23,2026-11-28
2026-11-21,wk inc flu hosp,1,21,quantile,0.7,25,2026-11-28
2026-11-21,wk inc flu hosp,1,21,quantile,0.75,26,2026-11-28
2026-11-21,wk inc flu hosp,1,21,quantile,0.8,27,2026-11-28
2026-11-21,wk inc flu hosp,1,21,quantile,0.85,28,2026-11-28
2026-11-21,wk inc flu hosp,1,21,quantile,0.9,29,2026-11-28
2026-11-21,wk inc flu hosp,1,21,quantile,0.95,33,2026-11-28
2026-11-21,wk inc flu hosp,1,21,quantile,0.975,34,2026-11-28
2026-11-21,wk inc flu hosp,1,21,quantile,0.99,38,2026-11-28
2026-11-21,wk inc flu hosp,1,22,quantile,0.01,31,2026-11-28
2026-11-21,wk inc flu hosp,1,22,quantile,0.025,34,2026-11-28
2026-11-21,wk inc flu hosp,1,22,quantile,0.05,40,2026-11-28
2026-11-21,wk inc flu hosp,1,22,quantile,0.1,43,2026-11-28
2026-11-21,wk inc flu hosp,1,22,quantile,0.15,45,2026-11-28
2026-11-21,wk inc flu hosp,1,22,quantile,0.2,47,2026-11-28
2026-11-21,wk inc flu hosp,1,22,quantile,0.25,48,2026-11-28
2026-11-21,wk inc flu hosp,1,22,quantile,0.3,52,2026-11-28
2026-11-21,wk inc flu hosp,1,22,quantile,0.35,54,2026-11-28
2026-11-21,wk inc flu hosp,1,22,quantile,0.4,56,2026-11-28
2026-11-21,wk inc flu hosp,1,22,quantile,0.45,58,2026-11-28
2026-11-21,wk inc flu hosp,1,22,quantile,0.5,60,2026-11-28
2026-11-21,wk inc flu hosp,1,22,quantile,0.55,61,2026-11-28
2026-11-21,wk inc flu hosp,1,22,quantile,0.6,63,2026-11-28
2026-11-21,wk inc flu hosp,1,22,quantile,0.65,67,2026-11-28
2026-11-21,wk inc flu hosp,1,22,quantile,0.7,71,2026-11-28
2026-11-21,wk inc flu hosp,1,22,quantile,0.75,73,2026-11-28
2026-11-21,wk inc flu hosp,1,22,quantile,0.8,76,2026-11-28
2026-11-21,wk inc flu hosp,1,22,quantile,0.85,81,2026-11-28
2026-11-21,wk inc flu hosp,1,22,quantile,0.9,85,2026-11-28
2026-11-21,wk inc flu hosp,1,22,quantile,0.95,88,2026-11-28
2026-11-21,wk inc flu hosp,1,22,quantile,0.975,94,2026-11-28
2026-11-21,wk inc flu hosp,1,22,quantile,0.99,97,2026-11-28
2026-11-21,wk inc flu hosp,1,23,quantile,0.01,0,2026-11-28
2026-11-21,wk inc flu hosp,1,23,quantile,0.025,0,2026-11-28
2026-11-21,wk inc flu hosp,1,23,quantile,0.05,0,2026-11-28
2026-11-21,wk inc flu hosp,1,23,quantile,0.1,1,2026-11-28
2026-11-21,wk inc flu hosp,1,23,quantile,0.15,2,2026-11-28
2026-11-21,wk inc flu hosp,1,23,quantile,0.2,2,2026-11-28
2026-11-21,wk inc flu hosp,1,23,quantile,0.25,2,2026-11-28
2026-11-21,wk inc flu hosp,1,23,quantile,0.3,3,2026-11-28
2026-11-21,wk inc flu hosp,1,23,quantile,0.35,3,2026-11-28
2026-11-21,wk inc flu hosp,1,23,quantile,0.4,4,2026-11-28
2026-11-21,wk inc flu hosp,1,23,quantile,0.45,5,2026-11-28
2026-11-21,wk inc flu hosp,1,23,quantile,0.5,5,2026-11-28
2026-11-21,wk inc flu hosp,1,23,quantile,0.55,6,2026-11-28
2026-11-21,wk inc flu hosp,1,23,quantile,0.6,7,2026-11-28
2026-11-21,wk inc flu hosp,1,23,quantile,0.65,7,2026-11-28
2026-11-21,wk inc flu hosp,1,23,quantile,0.7,8,2026-11-28
2026-11-21,wk inc flu hosp,1,23,quantile,0.75,8,2026-11-28
2026-11-21,wk inc flu hosp,1,23,quantile,0.8,9,2026-11-28
2026-11-21,wk inc flu hosp,1,23,quantile,0.85,10,2026-11-28
2026-11-21,wk inc flu hosp,1,23,quantile,0.9,11,2026-11-28
2026-11-21,wk inc flu hosp,1,23,quantile,0.95,14,2026-11-28
2026-11-21,wk inc flu hosp,1,23,quantile,0.975,14,2026-11-28
2026-11-21,wk inc flu hosp,1,23,quantile,0.99,17,2026-11-28
2026-11-21,wk inc flu hosp,1,24,quantile,0.01,11,2026-11-28
2026-11-21,wk inc flu hosp,1,24,quantile,0.025,14,2026-11-28
2026-11-21,wk inc flu hosp,1,24,quantile,0.05,15,2026-11-28
2026-11-21,wk inc flu hosp,1,24,quantile,0.1,17,2026-11-28
2026-11-21,wk inc flu hosp,1,24,quantile,0.15,18,2026-11-28
2026-11-21,wk inc flu hosp,1,24,quantile,0.2,20,2026-11-28
2026-11-21,wk inc flu hosp,1,24,quantile,0.25,22,2026-11-28
2026-11-21,wk inc flu hosp,1,24,quantile,0.3,23,2026-11-28
2026-11-21,wk inc flu hosp,1,24,quantile,0.35,24,2026-11-28
2026-11-21,wk inc flu hosp,1,24,quantile,0.4,25,2026-11-28
2026-11-21,wk inc flu hosp,1,24,quantile,0.45,26,2026-11-28
2026-11-21,wk inc flu hosp,1,24,quantile,0.5,27,2026-11-28
2026-11-21,wk inc flu hosp,1,24,quantile,0.55,28,2026-11-28
2026-11-21,wk inc flu hosp,1,24,quantile,0.6,30,2026-11-28
2026-11-21,wk inc flu hosp,1,24,quantile,0.65,31,2026-11-28
2026-11-21,wk inc flu hosp,1,24,quantile,0.7,33,2026-11-28
2026-11-21,wk inc flu hosp,1,24,quantile,0.75,34,2026-11-28
2026-11-21,wk inc flu hosp,1,24,quantile,0.8,36,2026-11-28
2026-11-21,wk inc flu hosp,1,24,quantile,0.85,39,2026-11-28
2026-11-21,wk inc flu hosp,1,24,quantile,0.9,43,2026-11-28
2026-11-21,wk inc flu hosp,1,24,quantile,0.95,46,2026-11-28
2026-11-21,wk inc flu hosp,1,24,quantile,0.975,50,2026-11-28
2026-11-21,wk inc flu hosp,1,24,quantile,0.99,55,2026-11-28
2026-11-21,wk inc flu hosp,1,25,quantile,0.01,17,2026-11-28
2026-11-21,wk inc flu hosp,1,25,quantile,0.025,21,2026-11-28
2026-11-21,wk inc flu hosp,1,25,quantile,0.05,24,2026-11-28
2026-11-21,wk inc flu hosp,1,25,quantile,0.1,26,2026-11-28
2026-11-21,wk inc flu hosp,1,25,quantile,0.15,29,2026-11-28
2026-11-21,wk inc flu hosp,1,25,quantile,0.2,31,2026-11-28
2026-11-21,wk inc flu hosp,1,25,quantile,0.25,33,2026-11-28
2026-11-21,wk inc flu hosp,1,25,quantile,0.3,36,2026-11-28
2026-11-21,wk inc flu hosp,1,25,quantile,0.35,39,2026-11-28
2026-11-21,wk inc flu hosp,1,25,quantile,0.4,39,2026-11-28
2026-11-21,wk inc flu hosp,1,25,quantile,0.45,41,2026-11-28
2026-11-21,wk inc flu hosp,1,25,quantile,0.5,42,2026-11-28
2026-11-21,wk inc flu hosp,1,25,quantile,0.55,44,2026-11-28
2026-11-21,wk inc flu hosp,1,25,quantile,0.6,46,2026-11-28
2026-11-21,wk inc flu hosp,1,25,quantile,0.65,50,2026-11-28
2026-11-21,wk inc flu hosp,1,25,quantile,0.7,52,2026-11-28
2026-11-21,wk inc flu hosp,1,25,quantile,0.75,53,2026-11-28
2026-11-21,wk inc flu hosp,1,25,quantile,0.8,56,2026-11-28
2026-11-21,wk inc flu hosp,1,25,quantile,0.85,59,2026-11-28
2026-11-21,wk inc flu hosp,1,25,quantile,0.9,64,2026-11-28
2026-11-21,wk inc flu hosp,1,25,quantile,0.95,69,2026-11-28
2026-11-21,wk inc flu hosp,1,25,quantile,0.975,73,2026-11-28
2026-11-21,wk inc flu hosp,1,25,quantile,0.99,75,2026-11-28
2026-11-21,wk inc flu hosp,1,26,quantile,0.01,19,2026-11-28
2026-11-21,wk inc flu hosp,1,26,quantile,0.025,20,2026-11-28
2026-11-21,wk inc flu hosp,1,26,quantile,0.05,25,2026-11-28
2026-11-21,wk inc flu hosp,1,26,quantile,0.1,29,2026-11-28
2026-11-21,wk inc flu hosp,1,26,quantile,0.15,33,2026-11-28
2026-11-21,wk inc flu hosp,1,26,quantile,0.2,35,2026-11-28
2026-11-21,wk inc flu hosp,1,26,quantile,0.25,37,2026-11-28
2026-11-21,wk inc flu hosp,1,26,quantile,0.3,38,2026-11-28
2026-11-21,wk inc flu hosp,1,26,quantile,0.35,39,2026-11-28
2026-11-21,wk inc flu hosp,1,26,quantile,0.4,41,2026-11-28
2026-11-21,wk inc flu hosp,1,26,quantile,0.45,43,2026-11-28
2026-11-21,wk inc flu hosp,1,26,quantile,0.5,45,2026-11-28
2026-11-21,wk inc flu hosp,1,26,quantile,0.55,46,2026-11-28
2026-11-21,wk inc flu hosp,1,26,quantile,0.6,47,2026-11-28
2026-11-21,wk inc flu hosp,1,26,quantile,0.65,50,2026-11-28
2026-11-21,wk inc flu hosp,1,26,quantile,0.7,51,2026-11-28
2026-11-21,wk inc flu hosp,1,26,quantile,0.75,53,2026-11-28
2026-11-21,wk inc flu hosp,1,26,quantile,0.8,57,2026-11-28
2026-11-21,wk inc flu hosp,1,26,quantile,0.85,61,2026-11-28
2026-11-21,wk inc flu hosp,1,26,quantile,0.9,63,2026-11-28
2026-11-21,wk inc flu hosp,1,26,quantile,0.95,67,2026-11-28
2026-11-21,wk inc flu hosp,1,26,quantile,0.975,73,2026-11-28
2026-11-21,wk inc flu hosp,1,26,quantile,0.99,77,2026-11-28
2026-11-21,wk inc flu hosp,1,27,quantile,0.01,8,2026-11-28
2026-11-21,wk inc flu hosp,1,27,quantile,0.025,9,2026-11-28
2026-11-21,wk inc flu hosp,1,27,quantile,0.05,10,2026-11-28
2026-11-21,wk inc flu hosp,1,27,quantile,0.1,12,2026-11-28
2026-11-21,wk inc flu hosp,1,27,quantile,0.15,13,2026-11-28
2026-11-21,wk inc flu hosp,1,27,quantile,0.2,14,2026-11-28
2026-11-21,wk inc flu hosp,1,27,quantile,0.25,15,2026-11-28
2026-11-21,wk inc flu hosp,1,27,quantile,0.3,16,2026-11-28
2026-11-21,wk inc flu hosp,1,27,quantile,0.35,17,2026-11-28
2026-11-21,wk inc flu hosp,1,27,quantile,0.4,18,2026-11-28
2026-11-21,wk inc flu hosp,1,27,quantile,0.45,19,2026-11-28
2026-11-21,wk inc flu hosp,1,27,quantile,0.5,20,2026-11-28
2026-11-21,wk inc flu hosp,1,27,quantile,0.55,21,2026-11-28
2026-11-21,wk inc flu hosp,1,27,quantile,0.6,22,2026-11-28
2026-11-21,wk inc flu hosp,1,27,quantile,0.65,23,2026-11-28
2026-11-21,wk inc flu hosp,1,27,quantile,0.7,25,2026-11-28
2026-11-21,wk inc flu hosp,1,27,quantile,0.75,27,2026-11-28
2026-11-21,wk inc flu hosp,1,27,quantile,0.8,29,2026-11-28
2026-11-21,wk inc flu hosp,1,27,quantile,0.85,31,2026-11-28
2026-11-21,wk inc flu hosp,1,27,quantile,0.9,33,2026-11-28
2026-11-21,wk inc flu hosp,1,27,quantile,0.95,36,2026-11-28
2026-11-21,wk inc flu hosp,1,27,quantile,0.975,41,2026-11-28
2026-11-21,wk inc flu hosp,1,27,quantile,0.99,46,2026-11-28
2026-11-21,wk inc flu hosp,1,28,quantile,0.01,9,2026-11-28
2026-11-21,wk inc flu hosp,1,28,quantile,0.025,9,2026-11-28
2026-11-21,wk inc flu hosp,1,28,quantile,0.05,10,2026-11-28
2026-11-21,wk inc flu hosp,1,28,quantile,0.1,13,2026-11-28
2026-11-21,wk inc flu hosp,1,28,quantile,0.15,14,2026-11-28
2026-11-21,wk inc flu hosp,1,28,quantile,0.2,15,2026-11-28
2026-11-21,wk inc flu hosp,1,28,quantile,0.25,16,2026-11-28
2026-11-21,wk inc flu hosp,1,28,quantile,0.3,17,2026-11-28
2026-11-21,wk inc flu hosp,1,28,quantile,0.35,18,2026-11-28
2026-11-21,wk inc flu hosp,1,28,quantile,0.4,18,2026-11-28
2026-11-21,wk inc flu hosp,1,28,quantile,0.45,20,2026-11-28
2026-11-21,wk inc flu hosp,1,28,quantile,0.5,20,2026-11-28
2026-11-21,wk inc flu hosp,1,28,quantile,0.55,21,2026-11-28
2026-11-21,wk inc flu hosp,1,28,quantile,0.6,22,2026-11-28
2026-11-21,wk inc flu hosp,1,28,quantile,0.65,23,2026-11-28
2026-11-21,wk inc flu hosp,1,28,quantile,0.7,25,2026-11-28
2026-11-21,wk inc flu hosp,1,28,quantile,0.75,25,2026-11-28
2026-11-21,wk inc flu hosp,1,28,quantile,0.8,27,2026-11-28
2026-11-21,wk inc flu hosp,1,28,quantile,0.85,27,2026-11-28
2026-11-21,wk inc flu hosp,1,28,quantile,0.9,30,2026-11-28
2026-11-21,wk inc flu hosp,1,28,quantile,0.95,35,2026-11-28
2026-11-21,wk inc flu hosp,1,28,quantile,0.975,38,2026-11-28
2026-11-21,wk inc flu hosp,1,28,quantile,0.99,40,2026-11-28
2026-11-21,wk inc flu hosp,1,29,quantile,0.01,13,2026-11-28
2026-11-21,wk inc flu hosp,1,29,quantile,0.025,14,2026-11-28
2026-11-21,wk inc flu hosp,1,29,quantile,0.05,15,2026-11-28
2026-11-21,wk inc flu hosp,1,29,quantile,0.1,19,2026-11-28
2026-11-21,wk inc flu hosp,1,29,quantile,0.15,20,2026-11-28
2026-11-21,wk inc flu hosp,1,29,quantile,0.2,22,2026-11-28
2026-11-21,wk inc flu hosp,1,29,quantile,0.25,23,2026-11-28
2026-11-21,wk inc flu hosp,1,29,quantile,0.3,24,2026-11-28
2026-11-21,wk inc flu hosp,1,29,quantile,0.35,25,2026-11-28
2026-11-21,wk inc flu hosp,1,29,quantile,0.4,27,2026-11-28
2026-11-21,wk inc flu hosp,1,29,quantile,0.45,28,2026-11-28
2026-11-21,wk inc flu hosp,1,29,quantile,0.5,28,2026-11-28
2026-11-21,wk inc flu hosp,1,29,quantile,0.55,29,2026-11-28
2026-11-21,wk inc flu hosp,1,29,quantile,0.6,31,2026-11-28
2026-11-21,wk inc flu hosp,1,29,quantile,0.65,33,2026-11-28
2026-11-21,wk inc flu hosp,1,29,quantile,0.7,34,2026-11-28
2026-11-21,wk inc flu hosp,1,29,quantile,0.75,35,2026-11-28
2026-11-21,wk inc flu hosp,1,29,quantile,0.8,37,2026-11-28
2026-11-21,wk inc flu hosp,1,29,quantile,0.85,39,2026-11-28
2026-11-21,wk inc flu hosp,1,29,quantile,0.9,41,2026-11-28
2026-11-21,wk inc flu hosp,1,29,quantile,0.95,46,2026-11-28
2026-11-21,wk inc flu hosp,1,29,quantile,0.975,49,2026-11-28
2026-11-21,wk inc flu hosp,1,29,quantile,0.99,55,2026-11-28
2026-11-21,wk inc flu hosp,1,30,quantile,0.01,0,2026-11-28
2026-11-21,wk inc flu hosp,1,30,quantile,0.025,0,2026-11-28
2026-11-21,wk inc flu hosp,1,30,quantile,0.05,0,2026-11-28
2026-11-21,wk inc flu hosp,1,30,quantile,0.1,0,2026-11-28
2026-11-21,wk inc flu hosp,1,30,quantile,0.15,0,2026-11-28
2026-11-21,wk inc flu hosp,1,30,quantile,0.2,1,2026-11-28
2026-11-21,wk inc flu hosp,1,30,quantile,0.25,1,2026-11-28
2026-11-21,wk inc flu hosp,1,30,quantile,0.3,1,2026-11-28
2026-11-21,wk inc flu hosp,1,30,quantile,0.35,1,2026-11-28
2026-11-21,wk inc flu hosp,1,30,quantile,0.4,2,2026-11-28
2026-11-21,wk inc flu hosp,1,30,quantile,0.45,2,2026-11-28
2026-11-21,wk inc flu hosp,1,30,quantile,0.5,2,2026-11-28
2026-11-21,wk inc flu hosp,1,30,quantile,0.55,3,2026-11-28
2026-11-21,wk inc flu hosp,1,30,quantile,0.6,3,2026-11-28
2026-11-21,wk inc flu hosp,1,30,quantile,0.65,4,2026-11-28
2026-11-21,wk inc flu hosp,1,30,quantile,0.7,4,2026-11-28
2026-11-21,wk inc flu hosp,1,30,quantile,0.75,5,2026-11-28
2026-11-21,wk inc flu hosp,1,30,quantile,0.8,6,2026-11-28
2026-11-21,wk inc flu hosp,1,30,quantile,0.85,7,2026-11-28
2026-11-21,wk inc flu hosp,1,30,quantile,0.9,8,2026-11-28
2026-11-21,wk inc flu hosp,1,30,quantile,0.95,9,2026-11-28
2026-11-21,wk inc flu hosp,1,30,quantile,0.975,11,2026-11-28
2026-11-21,wk inc flu hosp,1,30,quantile,0.99,12,2026-11-28
2026-11-21,wk inc flu hosp,1,31,quantile,0.01,0,2026-11-28
2026-11-21,wk inc flu hosp,1,31,quantile,0.025,0,2026-11-28
2026-11-21,wk inc flu hosp,1,31,quantile,0.05,0,2026-11-28
2026-11-21,wk inc flu hosp,1,31,quantile,0.1,1,2026-11-28
2026-11-21,wk inc flu hosp,1,31,quantile,0.15,1,2026-11-28
2026-11-21,wk inc flu hosp,1,31,quantile,0.2,2,2026-11-28
2026-11-21,wk inc flu hosp,1,31,quantile,0.25,2,2026-11-28
2026-11-21,wk inc flu hosp,1,31,quantile,0.3,3,2026-11-28
2026-11-21,wk inc flu hosp,1,31,quantile,0.35,3,2026-11-28
2026-11-21,wk inc flu hosp,1,31,quantile,0.4,4,2026-11-28
2026-11-21,wk inc flu hosp,1,31,quantile,0.45,4,2026-11-28
2026-11-21,wk inc flu hosp,1,31,quantile,0.5,4,2026-11-28
2026-11-21,wk inc flu hosp,1,31,quantile,0.55,5,2026-11-28
2026-11-21,wk inc flu hosp,1,31,quantile,0.6,5,2026-11-28
2026-11-21,wk inc flu hosp,1,31,quantile,0.65,6,2026-11-28
2026-11-21,wk inc flu hosp,1,31,quantile,0.7,7,2026-11-28
2026-11-21,wk inc flu hosp,1,31,quantile,0.75,7,2026-11-28
2026-11-21,wk inc flu hosp,1,31,quantile,0.8,8,2026-11-28
2026-11-21,wk inc flu hosp,1,31,quantile,0.85,9,2026-11-28
2026-11-21,wk inc flu hosp,1,31,quantile,0.9,10,2026-11-28
2026-11-21,wk inc flu hosp,1,31,quantile,0.95,11,2026-11-28
2026-11-21,wk inc flu hosp,1,31,quantile,0.975,11,2026-11-28
2026-11-21,wk inc flu hosp,1,31,quantile,0.99,13,2026-11-28
2026-11-21,wk inc flu hosp,1,32,quantile,0.01,8,2026-11-28
2026-11-21,wk inc flu hosp,1,32,quantile,0.025,9,2026-11-28
2026-11-21,wk inc flu hosp,1,32,quantile,0.05,10,2026-11-28
2026-11-21,wk inc flu hosp,1,32,quantile,0.1,12,2026-11-28
2026-11-21,wk inc flu hosp,1,32,quantile,0.15,13,2026-11-28
2026-11-21,wk inc flu hosp,1,32,quantile,0.2,14,2026-11-28
2026-11-21,wk inc flu hosp,1,32,quantile,0.25,15,2026-11-28
2026-11-21,wk inc flu hosp,1,32,quantile,0.3,16,2026-11-28
2026-11-21,wk inc flu hosp,1,32,quantile,0.35,18,2026-11-28
2026-11-21,wk inc flu hosp,1,32,quantile,0.4,18,2026-11-28
2026-11-21,wk inc flu hosp,1,32,quantile,0.45,19,2026-11-28
2026-11-21,wk inc flu hosp,1,32,quantile,0.5,20,2026-11-28
2026-11-21,wk inc flu hosp,1,32,quantile,0.55,21,2026-11-28
2026-11-21,wk inc flu hosp,1,32,quantile,0.6,22,2026-11-28
2026-11-21,wk inc flu hosp,1,32,quantile,0.65,23,2026-11-28
2026-11-21,wk inc flu hosp,1,32,quantile,0.7,23,2026-11-28
2026-11-21,wk inc flu hosp,1,32,quantile,0.75,25,2026-11-28
2026-11-21,wk inc flu hosp,1,32,quantile,0.8,26,2026-11-28
2026-11-21,wk inc flu hosp,1,32,quantile,0.85,29,2026-11-28
2026-11-21,wk inc flu hosp,1,32,quantile,0.9,32,2026-11-28
2026-11-21,wk inc flu hosp,1,32,quantile,0.95,33,2026-11-28
2026-11-21,wk inc flu hosp,1,32,quantile,0.975,36,2026-11-28
2026-11-21,wk inc flu hosp,1,32,quantile,0.99,38,2026-11-28
2026-11-21,wk inc flu hosp,1,33,quantile,0.01,0,2026-11-28
2026-11-21,wk inc flu hosp,1,33,quantile,0.025,0,2026-11-28
2026-11-21,wk inc flu hosp,1,33,quantile,0.05,1,2026-11-28
2026-11-21,wk inc flu hosp,1,33,quantile,0.1,2,2026-11-28
2026-11-21,wk inc flu hosp,1,33,quantile,0.15,3,2026-11-28
2026-11-21,wk inc flu hosp,1,33,quantile,0.2,3,2026-11-28
2026-11-21,wk inc flu hosp,1,33,quantile,0.25,3,2026-11-28
2026-11-21,wk inc flu hosp,1,33,quantile,0.3,4,2026-11-28
2026-11-21,wk inc flu hosp,1,33,quantile,0.35,5,2026-11-28
2026-11-21,wk inc flu hosp,1,33,quantile,0.4,5,2026-11-28
2026-11-21,wk inc flu hosp,1,33,quantile,0.45,6,2026-11-28
2026-11-21,wk inc flu hosp,1,33,quantile,0.5,6,2026-11-28
2026-11-21,wk inc flu hosp,1,33,quantile,0.55,7,2026-11-28
2026-11-21,wk inc flu hosp,1,33,quantile,0.6,7,2026-11-28
2026-11-21,wk inc flu hosp,1,33,quantile,0.65,8,2026-11-28
2026-11-21,wk inc flu hosp,1,33,quantile,0.7,8,2026-11-28
2026-11-21,wk inc flu hosp,1,33,quantile,0.75,9,2026-11-28
2026-11-21,wk inc flu hosp,1,33,quantile,0.8,10,2026-11-28
2026-11-21,wk inc flu hosp,1,33,quantile,0.85,11,2026-11-28
2026-11-21,wk inc flu hosp,1,33,quantile,0.9,12,2026-11-28
2026-11-21,wk inc flu hosp,1,33,quantile,0.95,14,2026-11-28
2026-11-21,wk inc flu hosp,1,33,quantile,0.975,17,2026-11-28
2026-11-21,wk inc flu hosp,1,33,quantile,0.99,18,2026-11-28
2026-11-21,wk inc flu hosp,1,34,quantile,0.01,21,2026-11-28
2026-11-21,wk inc flu hosp,1,34,quantile,0.025,27,2026-11-28
2026-11-21,wk inc flu hosp,1,34,quantile,0.05,30,2026-11-28
2026-11-21,wk inc flu hosp,1,34,quantile,0.1,33,2026-11-28
2026-11-21,wk inc flu hosp,1,34,quantile,0.15,35,2026-11-28
2026-11-21,wk inc flu hosp,1,34,quantile,0.2,36,2026-11-28
2026-11-21,wk inc flu hosp,1,34,quantile,0.25,37,2026-11-28
2026-11-21,wk inc flu hosp,1,34,quantile,0.3,40,2026-11-28
2026-11-21,wk inc flu hosp,1,34,quantile,0.35,42,2026-11-28
2026-11-21,wk inc flu hosp,1,34,quantile,0.4,43,2026-11-28
2026-11-21,wk inc flu hosp,1,34,quantile,0.45,46,2026-11-28
2026-11-21,wk inc flu hosp,1,34,quantile,0.5,47,2026-11-28
2026-11-21,wk inc flu hosp,1,34,quantile,0.55,49,2026-11-28
2026-11-21,wk inc flu hosp,1,34,quantile,0.6,51,2026-11-28
2026-11-21,wk inc flu hosp,1,34,quantile,0.65,54,2026-11-28
2026-11-21,wk inc flu hosp,1,34,quantile,0.7,56,2026-11-28
2026-11-21,wk inc flu hosp,1,34,quantile,0.75,58,2026-11-28
2026-11-21,wk inc flu hosp,1,34,quantile,0.8,62,2026-11-28
2026-11-21,wk inc flu hosp,1,34,quantile,0.85,64,2026-11-28
2026-11-21,wk inc flu hosp,1,34,quantile,0.9,68,2026-11-28
2026-11-21,wk inc flu hosp,1,34,quantile,0.95,75,2026-11-28
2026-11-21,wk inc flu hosp,1,34,quantile,0.975,79,2026-11-28
2026-11-21,wk inc flu hosp,1,34,quantile,0.99,83,2026-11-28
2026-11-21,wk inc flu hosp,1,35,quantile,0.01,10,2026-11-28
2026-11-21,wk inc flu hosp,1,35,quantile,0.025,10,2026-11-28
2026-11-21,wk inc flu hosp,1,35,quantile,0.05,12,2026-11-28
2026-11-21,wk inc flu hosp,1,35,quantile,0.1,15,2026-11-28
2026-11-21,wk inc flu hosp,1,35,quantile,0.15,16,2026-11-28
2026-11-21,wk inc flu hosp,1,35,quantile,0.2,17,2026-11-28
2026-11-21,wk inc flu hosp,1,35,quantile,0.25,19,2026-11-28
2026-11-21,wk inc flu hosp,1,35,quantile,0.3,19,2026-11-28
2026-11-21,wk inc flu hosp,1,35,quantile,0.35,20,2026-11-28
2026-11-21,wk inc flu hosp,1,35,quantile,0.4,21,2026-11-28
2026-11-21,wk inc flu hosp,1,35,quantile,0.45,23,2026-11-28
2026-11-21,wk inc flu hosp,1,35,quantile,0.5,24,2026-11-28
2026-11-21,wk inc flu hosp,1,35,quantile,0.55,24,2026-11-28
2026-11-21,wk inc flu hosp,1,35,quantile,0.6,25,2026-11-28
2026-11-21,wk inc flu hosp,1,35,quantile,0.65,26,2026-11-28
2026-11-21,wk inc flu hosp,1,35,quantile,0.7,27,2026-11-28
2026-11-21,wk inc flu hosp,1,35,quantile,0.75,29,2026-11-28
2026-11-21,wk inc flu hosp,1,35,quantile,0.8,30,2026-11-28
2026-11-21,wk inc flu hosp,1,35,quantile,0.85,31,2026-11-28
2026-11-21,wk inc flu hosp,1,35,quantile,0.9,34,2026-11-28
2026-11-21,wk inc flu hosp,1,35,quantile,0.95,36,2026-11-28
2026-11-21,wk inc flu hosp,1,35,quantile,0.975,41,2026-11-28
2026-11-21,wk inc flu hosp,1,35,quantile,0.99,47,2026-11-28
2026-11-21,wk inc flu hosp,1,36,quantile,0.01,108,2026-11-28
2026-11-21,wk inc flu hosp,1,36,quantile,0.025,120,2026-11-28
2026-11-21,wk inc flu hosp,1,36,quantile,0.05,125,2026-11-28
2026-11-21,wk inc flu hosp,1,36,quantile,0.1,139,2026-11-28
2026-11-21,wk inc flu hosp,1,36,quantile,0.15,145,2026-11-28
2026-11-21,wk inc flu hosp,1,36,quantile,0.2,151,2026-11-28
2026-11-21,wk inc flu hosp,1,36,quantile,0.25,157,2026-11-28
2026-11-21,wk inc flu hosp,1,36,quantile,0.3,161,2026-11-28
2026-11-21,wk inc flu hosp,1,36,quantile,0.35,164,2026-11-28
2026-11-21,wk inc flu hosp,1,36,quantile,0.4,167,2026-11-28
2026-11-21,wk inc flu hosp,1,36,quantile,0.45,177,2026-11-28
2026-11-21,wk inc flu hosp,1,36,quantile,0.5,182,2026-11-28
2026-11-21,wk inc flu hosp,1,36,quantile,0.55,188,2026-11-28
2026-11-21,wk inc flu hosp,1,36,quantile,0.6,194,2026-11-28
2026-11-21,wk inc flu hosp,1,36,quantile,0.65,202,2026-11-28
2026-11-21,wk inc flu hosp,1,36,quantile,0.7,211,2026-11-28
2026-11-21,wk inc flu hosp,1,36,quantile,0.75,219,2026-11-28
2026-11-21,wk inc flu hosp,1,36,quantile,0.8,228,2026-11-28
2026-11-21,wk inc flu hosp,1,36,quantile,0.85,237,2026-11-28
2026-11-21,wk inc flu hosp,1,36,quantile,0.9,248,2026-11-28
2026-11-21,wk inc flu hosp,1,36,quantile,0.95,268,2026-11-28
2026-11-21,wk inc flu hosp,1,36,quantile,0.975,301,2026-11-28
2026-11-21,wk inc flu hosp,1,36,quantile,0.99,316,2026-11-28
2026-11-21,wk inc flu hosp,1,37,quantile,0.01,29,2026-11-28
2026-11-21,wk inc flu hosp,1,37,quantile,0.025,32,2026-11-28
2026-11-21,wk inc flu hosp,1,37,quantile,0.05,36,2026-11-28
2026-11-21,wk inc flu hosp,1,37,quantile,0.1,39,2026-11-28
2026-11-21,wk inc flu hosp,1,37,quantile,0.15,42,2026-11-28
2026-11-21,wk inc flu hosp,1,37,quantile,0.2,44,2026-11-28
2026-11-21,wk inc flu hosp,1,37,quantile,0.25,48,2026-11-28
2026-11-21,wk inc flu hosp,1,37,quantile,0.3,51,2026-11-28
2026-11-21,wk inc flu hosp,1,37,quantile,0.35,53,2026-11-28
2026-11-21,wk inc flu hosp,1,37,quantile,0.4,54,2026-11-28
2026-11-21,wk inc flu hosp,1,37,quantile,0.45,57,2026-11-28
2026-11-21,wk inc flu hosp,1,37,quantile,0.5,58,2026-11-28
2026-11-21,wk inc flu hosp,1,37,quantile,0.55,59,2026-11-28
2026-11-21,wk inc flu hosp,1,37,quantile,0.6,62,2026-11-28
2026-11-21,wk inc flu hosp,1,37,quantile,0.65,65,2026-11-28
2026-11-21,wk inc flu hosp,1,37,quantile,0.7,69,2026-11-28
2026-11-21,wk inc flu hosp,1,37,quantile,0.75,73,2026-11-28
2026-11-21,wk inc flu hosp,1,37,quantile,0.8,78,2026-11-28
2026-11-21,wk inc flu hosp,1,37,quantile,0.85,82,2026-11-28
2026-11-21,wk inc flu hosp,1,37,quantile,0.9,88,2026-11-28
2026-11-21,wk inc flu hosp,1,37,quantile,0.95,95,2026-11-28
2026-11-21,wk inc flu hosp,1,37,quantile,0.975,101,2026-11-28
2026-11-21,wk inc flu hosp,1,37,quantile,0.99,118,2026-11-28
2026-11-21,wk inc flu hosp,1,38,quantile,0.01,0,2026-11-28
2026-11-21,wk inc flu hosp,1,38,quantile,0.025,0,2026-11-28
2026-11-21,wk inc flu hosp,1,38,quantile,0.05,0,2026-11-28
2026-11-21,wk inc flu hosp,1,38,quantile,0.1,1,2026-11-28
2026-11-21,wk inc flu hosp,1,38,quantile,0.15,1,2026-11-28
2026-11-21,wk inc flu hosp,1,38,quantile,0.2,1,2026-11-28
2026-11-21,wk inc flu hosp,1,38,quantile,0.25,2,2026-11-28
2026-11-21,wk inc flu hosp,1,38,quantile,0.3,2,2026-11-28
2026-11-21,wk inc flu hosp,1,38,quantile,0.35,2,2026-11-28
2026-11-21,wk inc flu hosp,1,38,quantile,0.4,3,2026-11-28
2026-11-21,wk inc flu hosp,1,38,quantile,0.45,3,2026-11-28
2026-11-21,wk inc flu hosp,1,38,quantile,0.5,3,2026-11-28
2026-11-21,wk inc flu hosp,1,38,quantile,0.55,4,2026-11-28
2026-11-21,wk inc flu hosp,1,38,quantile,0.6,4,2026-11-28
2026-11-21,wk inc flu hosp,1,38,quantile,0.65,4,2026-11-28
2026-11-21,wk inc flu hosp,1,38,quantile,0.7,5,2026-11-28
2026-11-21,wk inc flu hosp,1,38,quantile,0.75,6,2026-11-28
2026-11-21,wk inc flu hosp,1,38,quantile,0.8,6,2026-11-28
2026-11-21,wk inc flu hosp,1,38,quantile,0.85,7,2026-11-28
2026-11-21,wk inc flu hosp,1,38,quantile,0.9,8,2026-11-28
2026-11-21,wk inc flu hosp,1,38,quantile,0.95,9,2026-11-28
2026-11-21,wk inc flu hosp,1,38,quantile,0.975,12,2026-11-28
2026-11-21,wk inc flu hosp,1,38,quantile,0.99,13,2026-11-28
2026-11-21,wk inc flu hosp,1,39,quantile,0.01,27,2026-11-28
2026-11-21,wk inc flu hosp,1,39,quantile,0.025,30,2026-11-28
2026-11-21,wk inc flu hosp,1,39,quantile,0.05,35,2026-11-28
2026-11-21,wk inc flu hosp,1,39,quantile,0.1,42,2026-11-28
2026-11-21,wk inc flu hosp,1,39,quantile,0.15,44,2026-11-28
2026-11-21,wk inc flu hosp,1,39,quantile,0.2,45,2026-11-28
2026-11-21,wk inc flu hosp,1,39,quantile,0.25,49,2026-11-28
2026-11-21,wk inc flu hosp,1,39,quantile,0.3,51,2026-11-28
2026-11-21,wk inc flu hosp,1,39,quantile,0.35,54,2026-11-28
2026-11-21,wk inc flu hosp,1,39,quantile,0.4,56,2026-11-28
2026-11-21,wk inc flu hosp,1,39,quantile,0.45,57,2026-11-28
2026-11-21,wk inc flu hosp,1,39,quantile,0.5,60,2026-11-28
2026-11-21,wk inc flu hosp,1,39,quantile,0.55,61,2026-11-28
2026-11-21,wk inc flu hosp,1,39,quantile,0.6,63,2026-11-28
2026-11-21,wk inc flu hosp,1,39,quantile,0.65,67,2026-11-28
2026-11-21,wk inc flu hosp,1,39,quantile,0.7,69,2026-11-28
2026-11-21,wk inc flu hosp,1,39,quantile,0.75,72,2026-11-28
2026-11-21,wk inc flu hosp,1,39,quantile,0.8,76,2026-11-28
2026-11-21,wk inc flu hosp,1,39,quantile,0.85,81,2026-11-28
2026-11-21,wk inc flu hosp,1,39,quantile,0.9,87,2026-11-28
2026-11-21,wk inc flu hosp,1,39,quantile,0.95,97,2026-11-28
2026-11-21,wk inc flu hosp,1,39,quantile,0.975,103,2026-11-28
2026-11-21,wk inc flu hosp,1,39,quantile,0.99,107,2026-11-28
2026-11-21,wk inc flu hosp,1,40,quantile,0.01,5,2026-11-28
2026-11-21,wk inc flu hosp,1,40,quantile,0.025,6,2026-11-28
2026-11-21,wk inc flu hosp,1,40,quantile,0.05,8,2026-11-28
2026-11-21,wk inc flu hosp,1,40,quantile,0.1,10,2026-11-28
2026-11-21,wk inc flu hosp,1,40,quantile,0.15,11,2026-11-28
2026-11-21,wk inc flu hosp,1,40,quantile,0.2,12,2026-11-28
2026-11-21,wk inc flu hosp,1,40,quantile,0.25,13,2026-11-28
2026-11-21,wk inc flu hosp,1,40,quantile,0.3,14,2026-11-28
2026-11-21,wk inc flu hosp,1,40,quantile,0.35,15,2026-11-28
2026-11-21,wk inc flu hosp,1,40,quantile,0.4,16,2026-11-28
2026-11-21,wk inc flu hosp,1,40,quantile,0.45,17,2026-11-28
2026-11-21,wk inc flu hosp,1,40,quantile,0.5,17,2026-11-28
2026-11-21,wk inc flu hosp,1,40,quantile,0.55,18,2026-11-28
2026-11-21,wk inc flu hosp,1,40,quantile,0.6,19,2026-11-28
2026-11-21,wk inc flu hosp,1,40,quantile,0.65,21,2026-11-28
2026-11-21,wk inc flu hosp,1,40,quantile,0.7,21,2026-11-28
2026-11-21,wk inc flu hosp,1,40,quantile,0.75,23,2026-11-28
2026-11-21,wk inc flu hosp,1,40,quantile,0.8,23,2026-11-28
2026-11-21,wk inc flu hosp,1,40,quantile,0.85,25,2026-11-28
2026-11-21,wk inc flu hosp,1,40,quantile,0.9,26,2026-11-28
2026-11-21,wk inc flu hosp,1,40,quantile,0.95,29,2026-11-28
2026-11-21,wk inc flu hosp,1,40,quantile,0.975,33,2026-11-28
2026-11-21,wk inc flu hosp,1,40,quantile,0.99,34,2026-11-28
2026-11-21,wk inc flu hosp,1,41,quantile,0.01,7,2026-11-28
2026-11-21,wk inc flu hosp,1,41,quantile,0.025,8,2026-11-28
2026-11-21,wk inc flu hosp,1,41,quantile,0.05,9,2026-11-28
2026-11-21,wk inc flu hosp,1,41,quantile,0.1,10,2026-11-28
2026-11-21,wk inc flu hosp,1,41,quantile,0.15,11,2026-11-28
2026-11-21,wk inc flu hosp,1,41,quantile,0.2,13,2026-11-28
2026-11-21,wk inc flu hosp,1,41,quantile,0.25,13,2026-11-28
2026-11-21,wk inc flu hosp,1,41,quantile,0.3,14,2026-11-28
2026-11-21,wk inc flu hosp,1,41,quantile,0.35,15,2026-11-28
2026-11-21,wk inc flu hosp,1,41,quantile,0.4,16,2026-11-28
2026-11-21,wk inc flu hosp,1,41,quantile,0.45,17,2026-11-28
2026-11-21,wk inc flu hosp,1,41,quantile,0.5,18,2026-11-28
2026-11-21,wk inc flu hosp,1,41,quantile,0.55,19,2026-11-28
2026-11-21,wk inc flu hosp,1,41,quantile,0.6,20,2026-11-28
2026-11-21,wk inc flu hosp,1,41,quantile,0.65,20,2026-11-28
2026-11-21,wk inc flu hosp,1,41,quantile,0.7,22,2026-11-28
2026-11-21,wk inc flu hosp,1,41,quantile,0.75,22,2026-11-28
2026-11-21,wk inc flu hosp,1,41,quantile,0.8,24,2026-11-28
2026-11-21,wk inc flu hosp,1,41,quantile,0.85,25,2026-11-28
2026-11-21,wk inc flu hosp,1,41,quantile,0.9,27,2026-11-28
2026-11-21,wk inc flu hosp,1,41,quantile,0.95,29,2026-11-28
2026-11-21,wk inc flu hosp,1,41,quantile,0.975,33,2026-11-28
2026-11-21,wk inc flu hosp,1,41,quantile,0.99,36,2026-11-28
2026-11-21,wk inc flu hosp,1,42,quantile,0.01,67,2026-11-28
2026-11-21,wk inc flu hosp,1,42,quantile,0.025,73,2026-11-28
2026-11-21,wk inc flu hosp,1,42,quantile,0.05,78,2026-11-28
2026-11-21,wk inc flu hosp,1,42,quantile,0.1,84,2026-11-28
2026-11-21,wk inc flu hosp,1,42,quantile,0.15,87,2026-11-28
2026-11-21,wk inc flu hosp,1,42,quantile,0.2,93,2026-11-28
2026-11-21,wk inc flu hosp,1,42,quantile,0.25,96,2026-11-28
2026-11-21,wk inc flu hosp,1,42,quantile,0.3,97,2026-11-28
2026-11-21,wk inc flu hosp,1,42,quantile,0.35,99,2026-11-28
2026-11-21,wk inc flu hosp,1,42,quantile,0.4,102,2026-11-28
2026-11-21,wk inc flu hosp,1,42,quantile,0.45,104,2026-11-28
2026-11-21,wk inc flu hosp,1,42,quantile,0.5,106,2026-11-28
2026-11-21,wk inc flu hosp,1,42,quantile,0.55,108,2026-11-28
2026-11-21,wk inc flu hosp,1,42,quantile,0.6,110,2026-11-28
2026-11-21,wk inc flu hosp,1,42,quantile,0.65,113,2026-11-28
2026-11-21,wk inc flu hosp,1,42,quantile,0.7,116,2026-11-28
2026-11-21,wk inc flu hosp,1,42,quantile,0.75,119,2026-11-28
2026-11-21,wk inc flu hosp,1,42,quantile,0.8,127,2026-11-28
2026-11-21,wk inc flu hosp,1,42,quantile,0.85,132,2026-11-28
2026-11-21,wk inc flu hosp,1,42,quantile,0.9,141,2026-11-28
2026-11-21,wk inc flu hosp,1,42,quantile,0.95,154,2026-11-28
2026-11-21,wk inc flu hosp,1,42,quantile,0.975,159,2026-11-28
2026-11-21,wk inc flu hosp,1,42,quantile,0.99,169,2026-11-28
2026-11-21,wk inc flu hosp,1,44,quantile,0.01,0,2026-11-28
2026-11-21,wk inc flu hosp,1,44,quantile,0.025,0,2026-11-28
2026-11-21,wk inc flu hosp,1,44,quantile,0.05,0,2026-11-28
2026-11-21,wk inc flu hosp,1,44,quantile,0.1,0,2026-11-28
2026-11-21,wk inc flu hosp,1,44,quantile,0.15,1,2026-11-28
2026-11-21,wk inc flu hosp,1,44,quantile,0.2,1,2026-11-28
2026-11-21,wk inc flu hosp,1,44,quantile,0.25,2,2026-11-28
2026-11-21,wk inc flu hosp,1,44,quantile,0.3,2,2026-11-28
2026-11-21,wk inc flu hosp,1,44,quantile,0.35,3,2026-11-28
2026-11-21,wk inc flu hosp,1,44,quantile,0.4,3,2026-11-28
2026-11-21,wk inc flu hosp,1,44,quantile,0.45,4,2026-11-28
2026-11-21,wk inc flu hosp,1,44,quantile,0.5,4,2026-11-28
2026-11-21,wk inc flu hosp,1,44,quantile,0.55,4,2026-11-28
2026-11-21,wk inc flu hosp,1,44,quantile,0.6,5,2026-11-28
2026-11-21,wk inc flu hosp,1,44,quantile,0.65,5,2026-11-28
2026-11-21,wk inc flu hosp,1,44,quantile,0.7,6,2026-11-28
2026-11-21,wk inc flu hosp,1,44,quantile,0.75,7,2026-11-28
2026-11-21,wk inc flu hosp,1,44,quantile,0.8,7,2026-11-28
2026-11-21,wk inc flu hosp,1,44,quantile,0.85,8,2026-11-28
2026-11-21,wk inc flu hosp,1,44,quantile,0.9,9,2026-11-28
2026-11-21,wk inc flu hosp,1,44,quantile,0.95,11,2026-11-28
2026-11-21,wk inc flu hosp,1,44,quantile,0.975,12,2026-11-28
2026-11-21,wk inc flu hosp,1,44,quantile,0.99,14,2026-11-28
2026-11-21,wk inc flu hosp,1,45,quantile,0.01,7,2026-11-28
2026-11-21,wk inc flu hosp,1,45,quantile,0.025,8,2026-11-28
2026-11-21,wk inc flu hosp,1,45,quantile,0.05,12,2026-11-28
2026-11-21,wk inc flu hosp,1,45,quantile,0.1,14,2026-11-28
2026-11-21,wk inc flu hosp,1,45,quantile,0.15,15,2026-11-28
2026-11-21,wk inc flu hosp,1,45,quantile,0.2,15,2026-11-28
2026-11-21,wk inc flu hosp,1,45,quantile,0.25,17,2026-11-28
2026-11-21,wk inc flu hosp,1,45,quantile,0.3,18,2026-11-28
2026-11-21,wk inc flu hosp,1,45,quantile,0.35,19,2026-11-28
2026-11-21,wk inc flu hosp,1,45,quantile,0.4,20,2026-11-28
2026-11-21,wk inc flu hosp,1,45,quantile,0.45,21,2026-11-28
2026-11-21,wk inc flu hosp,1,45,quantile,0.5,22,2026-11-28
2026-11-21,wk inc flu hosp,1,45,quantile,0.55,23,2026-11-28
2026-11-21,wk inc flu hosp,1,45,quantile,0.6,24,2026-11-28
2026-11-21,wk inc flu hosp,1,45,quantile,0.65,26,2026-11-28
2026-11-21,wk inc flu hosp,1,45,quantile,0.7,27,2026-11-28
2026-11-21,wk inc flu hosp,1,45,quantile,0.75,31,2026-11-28
2026-11-21,wk inc flu hosp,1,45,quantile,0.8,32,2026-11-28
2026-11-21,wk inc flu hosp,1,45,quantile,0.85,34,2026-11-28
2026-11-21,wk inc flu hosp,1,45,quantile,0.9,35,2026-11-28
2026-11-21,wk inc flu hosp,1,45,quantile,0.95,39,2026-11-28
2026-11-21,wk inc flu hosp,1,45,quantile,0.975,44,2026-11-28
2026-11-21,wk inc flu hosp,1,45,quantile,0.99,46,2026-11-28
2026-11-21,wk inc flu hosp,1,46,quantile,0.01,0,2026-11-28
2026-11-21,wk inc flu hosp,1,46,quantile,0.025,0,2026-11-28
2026-11-21,wk inc flu hosp,1,46,quantile,0.05,0,2026-11-28
2026-11-21,wk inc flu hosp,1,46,quantile,0.1,0,2026-11-28
2026-11-21,wk inc flu hosp,1,46,quantile,0.15,0,2026-11-28
2026-11-21,wk inc flu hosp,1,46,quantile,0.2,0,2026-11-28
2026-11-21,wk inc flu hosp,1,46,quantile,0.25,1,2026-11-28
2026-11-21,wk inc flu hosp,1,46,quantile,0.3,1,2026-11-28
2026-11-21,wk inc flu hosp,1,46,quantile,0.35,1,2026-11-28
2026-11-21,wk inc flu hosp,1,46,quantile,0.4,1,2026-11-28
2026-11-21,wk inc flu hosp,1,46,quantile,0.45,1,2026-11-28
2026-11-21,wk inc flu hosp,1,46,quantile,0.5,2,2026-11-28
2026-11-21,wk inc flu hosp,1,46,quantile,0.55,2,2026-11-28
2026-11-21,wk inc flu hosp,1,46,quantile,0.6,2,2026-11-28
2026-11-21,wk inc flu hosp,1,46,quantile,0.65,2,2026-11-28
2026-11-21,wk inc flu hosp,1,46,quantile,0.7,3,2026-11-28
2026-11-21,wk inc flu hosp,1,46,quantile,0.75,3,2026-11-28
2026-11-21,wk inc flu hosp,1,46,quantile,0.8,4,2026-11-28
2026-11-21,wk inc flu hosp,1,46,quantile,0.85,4,2026-11-28
2026-11-21,wk inc flu hosp,1,46,quantile,0.9,5,2026-11-28
2026-11-21,wk inc flu hosp,1,46,quantile,0.95,7,2026-11-28
2026-11-21,wk inc flu hosp,1,46,quantile,0.975,9,2026-11-28
2026-11-21,wk inc flu hosp,1,46,quantile,0.99,9,2026-11-28
2026-11-21,wk inc flu hosp,1,47,quantile,0.01,23,2026-11-28
2026-11-21,wk inc flu hosp,1,47,quantile,0.025,25,2026-11-28
2026-11-21,wk inc flu hosp,1,47,quantile,0.05,27,2026-11-28
2026-11-21,wk inc flu hosp,1,47,quantile,0.1,28,2026-11-28
2026-11-21,wk inc flu hosp,1,47,quantile,0.15,30,2026-11-28
2026-11-21,wk inc flu hosp,1,47,quantile,0.2,31,2026-11-28
2026-11-21,wk inc flu hosp,1,47,quantile,0.25,32,2026-11-28
2026-11-21,wk inc flu hosp,1,47,quantile,0.3,33,2026-11-28
2026-11-21,wk inc flu hosp,1,47,quantile,0.35,34,2026-11-28
2026-11-21,wk inc flu hosp,1,47,quantile,0.4,35,2026-11-28
2026-11-21,wk inc flu hosp,1,47,quantile,0.45,37,2026-11-28
2026-11-21,wk inc flu hosp,1,47,quantile,0.5,37,2026-11-28
2026-11-21,wk inc flu hosp,1,47,quantile,0.55,39,2026-11-28
2026-11-21,wk inc flu hosp,1,47,quantile,0.6,40,2026-11-28
2026-11-21,wk inc flu hosp,1,47,quantile,0.65,40,2026-11-28
2026-11-21,wk inc flu hosp,1,47,quantile,0.7,42,2026-11-28
2026-11-21,wk inc flu hosp,1,47,quantile,0.75,43,2026-11-28
2026-11-21,wk inc flu hosp,1,47,quantile,0.8,45,2026-11-28
2026-11-21,wk inc flu hosp,1,47,quantile,0.85,47,2026-11-28
2026-11-21,wk inc flu hosp,1,47,quantile,0.9,50,2026-11-28
2026-11-21,wk inc flu hosp,1,47,quantile,0.95,54,2026-11-28
2026-11-21,wk inc flu hosp,1,47,quantile,0.975,63,2026-11-28
2026-11-21,wk inc flu hosp,1,47,quantile,0.99,66,2026-11-28
2026-11-21,wk inc flu hosp,1,48,quantile,0.01,139,2026-11-28
2026-11-21,wk inc flu hosp,1,48,quantile,0.025,146,2026-11-28
2026-11-21,wk inc flu hosp,1,48,quantile,0.05,172,2026-11-28
2026-11-21,wk inc flu hosp,1,48,quantile,0.1,189,2026-11-28
2026-11-21,wk inc flu hosp,1,48,quantile,0.15,199,2026-11-28
2026-11-21,wk inc flu hosp,1,48,quantile,0.2,207,2026-11-28
2026-11-21,wk inc flu hosp,1,48,quantile,0.25,215,2026-11-28
2026-11-21,wk inc flu hosp,1,48,quantile,0.3,225,2026-11-28
2026-11-21,wk inc flu hosp,1,48,quantile,0.35,236,2026-11-28
2026-11-21,wk inc flu hosp,1,48,quantile,0.4,244,2026-11-28
2026-11-21,wk inc flu hosp,1,48,quantile,0.45,251,2026-11-28
2026-11-21,wk inc flu hosp,1,48,quantile,0.5,258,2026-11-28
2026-11-21,wk inc flu hosp,1,48,quantile,0.55,266,2026-11-28
2026-11-21,wk inc flu hosp,1,48,quantile,0.6,278,2026-11-28
2026-11-21,wk inc flu hosp,1,48,quantile,0.65,282,2026-11-28
2026-11-21,wk inc flu hosp,1,48,quantile,0.7,298,2026-11-28
2026-11-21,wk inc flu hosp,1,48,quantile,0.75,310,2026-11-28
2026-11-21,wk inc flu hosp,1,48,quantile,0.8,323,2026-11-28
2026-11-21,wk inc flu hosp,1,48,quantile,0.85,342,2026-11-28
2026-11-21,wk inc flu hosp,1,48,quantile,0.9,361,2026-11-28
2026-11-21,wk inc flu hosp,1,48,quantile,0.95,391,2026-11-28
2026-11-21,wk inc flu hosp,1,48,quantile,0.975,401,2026-11-28
2026-11-21,wk inc flu hosp,1,48,quantile,0.99,434,2026-11-28
2026-11-21,wk inc flu hosp,1,49,quantile,0.01,4,2026-11-28
2026-11-21,wk inc flu hosp,1,49,quantile,0.025,5,2026-11-28
2026-11-21,wk inc flu hosp,1,49,quantile,0.05,7,2026-11-28
2026-11-21,wk inc flu hosp,1,49,quantile,0.1,9,2026-11-28
2026-11-21,wk inc flu hosp,1,49,quantile,0.15,9,2026-11-28
2026-11-21,wk inc flu hosp,1,49,quantile,0.2,11,2026-11-28
2026-11-21,wk inc flu hosp,1,49,quantile,0.25,11,2026-11-28
2026-11-21,wk inc flu hosp,1,49,quantile,0.3,12,2026-11-28
2026-11-21,wk inc flu hosp,1,49,quantile,0.35,13,2026-11-28
2026-11-21,wk inc flu hosp,1,49,quantile,0.4,13,2026-11-28
2026-11-21,wk inc flu hosp,1,49,quantile,0.45,14,2026-11-28
2026-11-21,wk inc flu hosp,1,49,quantile,0.5,14,2026-11-28
2026-11-21,wk inc flu hosp,1,49,quantile,0.55,15,2026-11-28
2026-11-21,wk inc flu hosp,1,49,quantile,0.6,16,2026-11-28
2026-11-21,wk inc flu hosp,1,49,quantile,0.65,17,2026-11-28
2026-11-21,wk inc flu hosp,1,49,quantile,0.7,18,2026-11-28
2026-11-21,wk inc flu hosp,1,49,quantile,0.75,18,2026-11-28
2026-11-21,wk inc flu hosp,1,49,quantile,0.8,19,2026-11-28
2026-11-21,wk inc flu hosp,1,49,quantile,0.85,20,2026-11-28
2026-11-21,wk inc flu hosp,1,49,quantile,0.9,22,2026-11-28
2026-11-21,wk inc flu hosp,1,49,quantile,0.95,24,2026-11-28
2026-11-21,wk inc flu hosp,1,49,quantile,0.975,25,2026-11-28
2026-11-21,wk inc flu hosp,1,49,quantile,0.99,29,2026-11-28
2026-11-21,wk inc flu hosp,1,50,quantile,0.01,0,2026-11-28
2026-11-21,wk inc flu hosp,1,50,quantile,0.025,0,2026-11-28
2026-11-21,wk inc flu hosp,1,50,quantile,0.05,0,2026-11-28
2026-11-21,wk inc flu hosp,1,50,quantile,0.1,0,2026-11-28
2026-11-21,wk inc flu hosp,1,50,quantile,0.15,0,2026-11-28
2026-11-21,wk inc flu hosp,1,50,quantile,0.2,0,2026-11-28
2026-11-21,wk inc flu hosp,1,50,quantile,0.25,0,2026-11-28
2026-11-21,wk inc flu hosp,1,50,quantile,0.3,0,2026-11-28
2026-11-21,wk inc flu hosp,1,50,quantile,0.35,0,2026-11-28
2026-11-21,wk inc flu hosp,1,50,quantile,0.4,0,2026-11-28
2026-11-21,wk inc flu hosp,1,50,quantile,0.45,0,2026-11-28
2026-11-21,wk inc flu hosp,1,50,quantile,0.5,0,2026-11-28
2026-11-21,wk inc flu hosp,1,50,quantile,0.55,0,2026-11-28
2026-11-21,wk inc flu hosp,1,50,quantile,0.6,0,2026-11-28
2026-11-21,wk inc flu hosp,1,50,quantile,0.65,0,2026-11-28
2026-11-21,wk inc flu hosp,1,50,quantile,0.7,0,2026-11-28
2026-11-21,wk inc flu hosp,1,50,quantile,0.75,0,2026-11-28
2026-11-21,wk inc flu hosp,1,50,quantile,0.8,1,2026-11-28
2026-11-21,wk inc flu hosp,1,50,quantile,0.85,1,2026-11-28
2026-11-21,wk inc flu hosp,1,50,quantile,0.9,2,2026-11-28
2026-11-21,wk inc flu hosp,1,50,quantile,0.95,3,2026-11-28
2026-11-21,wk inc flu hosp,1,50,quantile,0.975,4,2026-11-28
2026-11-21,wk inc flu hosp,1,50,quantile,0.99,5,2026-11-28
2026-11-21,wk inc flu hosp,1,51,quantile,0.01,25,2026-11-28
2026-11-21,wk inc flu hosp,1,51,quantile,0.025,29,2026-11-28
2026-11-21,wk inc flu hosp,1,51,quantile,0.05,32,2026-11-28
2026-11-21,wk inc flu hosp,1,51,quantile,0.1,36,2026-11-28
2026-11-21,wk inc flu hosp,1,51,quantile,0.15,37,2026-11-28
2026-11-21,wk inc flu hosp,1,51,quantile,0.2,39,2026-11-28
2026-11-21,wk inc flu hosp,1,51,quantile,0.25,40,2026-11-28
2026-11-21,wk inc flu hosp,1,51,quantile,0.3,42,2026-11-28
2026-11-21,wk inc flu hosp,1,51,quantile,0.35,44,2026-11-28
2026-11-21,wk inc flu hosp,1,51,quantile,0.4,46,2026-11-28
2026-11-21,wk inc flu hosp,1,51,quantile,0.45,48,2026-11-28
2026-11-21,wk inc flu hosp,1,51,quantile,0.5,49,2026-11-28
2026-11-21,wk inc flu hosp,1,51,quantile,0.55,50,2026-11-28
2026-11-21,wk inc flu hosp,1,51,quantile,0.6,51,2026-11-28
2026-11-21,wk inc flu hosp,1,51,quantile,0.65,52,2026-11-28
2026-11-21,wk inc flu hosp,1,51,quantile,0.7,54,2026-11-28
2026-11-21,wk inc flu hosp,1,51,quantile,0.75,57,2026-11-28
2026-11-21,wk inc flu hosp,1,51,quantile,0.8,60,2026-11-28
2026-11-21,wk inc flu hosp,1,51,quantile,0.85,62,2026-11-28
2026-11-21,wk inc flu hosp,1,51,quantile,0.9,67,2026-11-28
2026-11-21,wk inc flu hosp,1,51,quantile,0.95,71,2026-11-28
2026-11-21,wk inc flu hosp,1,51,quantile,0.975,76,2026-11-28
2026-11-21,wk inc flu hosp,1,51,quantile,0.99,84,2026-11-28
2026-11-21,wk inc flu hosp,1,53,quantile,0.01,11,2026-11-28
2026-11-21,wk inc flu hosp,1,53,quantile,0.025,13,2026-11-28
2026-11-21,wk inc flu hosp,1,53,quantile,0.05,14,2026-11-28
2026-11-21,wk inc flu hosp,1,53,quantile,0.1,16,2026-11-28
2026-11-21,wk inc flu hosp,1,53,quantile,0.15,17,2026-11-28
2026-11-21,wk inc flu hosp,1,53,quantile,0.2,19,2026-11-28
2026-11-21,wk inc flu hosp,1,53,quantile,0.25,19,2026-11-28
2026-11-21,wk inc flu hosp,1,53,quantile,0.3,21,2026-11-28
2026-11-21,wk inc flu hosp,1,53,quantile,0.35,23,2026-11-28
2026-11-21,wk inc flu hosp,1,53,quantile,0.4,23,2026-11-28
2026-11-21,wk inc flu hosp,1,53,quantile,0.45,25,2026-11-28
2026-11-21,wk inc flu hosp,1,53,quantile,0.5,26,2026-11-28
2026-11-21,wk inc flu hosp,1,53,quantile,0.55,27,2026-11-28
2026-11-21,wk inc flu hosp,1,53,quantile,0.6,27,2026-11-28
2026-11-21,wk inc flu hosp,1,53,quantile,0.65,28,2026-11-28
2026-11-21,wk inc flu hosp,1,53,quantile,0.7,29,2026-11-28
2026-11-21,wk inc flu hosp,1,53,quantile,0.75,30,2026-11-28
2026-11-21,wk inc flu hosp,1,53,quantile,0.8,32,2026-11-28
2026-11-21,wk inc flu hosp,1,53,quantile,0.85,34,2026-11-28
2026-11-21,wk inc flu hosp,1,53,quantile,0.9,37,2026-11-28
2026-11-21,wk inc flu hosp,1,53,quantile,0.95,41,2026-11-28
2026-11-21,wk inc flu hosp,1,53,quantile,0.975,43,2026-11-28
2026-11-21,wk inc flu hosp,1,53,quantile,0.99,46,2026-11-28
2026-11-21,wk inc flu hosp,1,54,quantile,0.01,0,2026-11-28
2026-11-21,wk inc flu hosp,1,54,quantile,0.025,0,2026-11-28
2026-11-21,wk inc flu hosp,1,54,quantile,0.05,1,2026-11-28
2026-11-21,wk inc flu hosp,1,54,quantile,0.1,1,2026-11-28
2026-11-21,wk inc flu hosp,1,54,quantile,0.15,1,2026-11-28
2026-11-21,wk inc flu hosp,1,54,quantile,0.2,2,2026-11-28
2026-11-21,wk inc flu hosp,1,54,quantile,0.25,2,2026-11-28
2026-11-21,wk inc flu hosp,1,54,quantile,0.3,3,2026-11-28
2026-11-21,wk inc flu hosp,1,54,quantile,0.35,3,2026-11-28
2026-11-21,wk inc flu hosp,1,54,quantile,0.4,4,2026-11-28
2026-11-21,wk inc flu hosp,1,54,quantile,0.45,4,2026-11-28
2026-11-21,wk inc flu hosp,1,54,quantile,0.5,4,2026-11-28
2026-11-21,wk inc flu hosp,1,54,quantile,0.55,5,2026-11-28
2026-11-21,wk inc flu hosp,1,54,quantile,0.6,5,2026-11-28
2026-11-21,wk inc flu hosp,1,54,quantile,0.65,6,2026-11-28
2026-11-21,wk inc flu hosp,1,54,quantile,0.7,6,2026-11-28
2026-11-21,wk inc flu hosp,1,54,quantile,0.75,7,2026-11-28
2026-11-21,wk inc flu hosp,1,54,quantile,0.8,7,2026-11-28
2026-11-21,wk inc flu hosp,1,54,quantile,0.85,8,2026-11-28
2026-11-21,wk inc flu hosp,1,54,quantile,0.9,9,2026-11-28
2026-11-21,wk inc flu hosp,1,54,quantile,0.95,10,2026-11-28
2026-11-21,wk inc flu hosp,1,54,quantile,0.975,11,2026-11-28
2026-11-21,wk inc flu hosp,1,54,quantile,0.99,13,2026-11-28
2026-11-21,wk inc flu hosp,1,55,quantile,0.01,5,2026-11-28
2026-11-21,wk inc flu hosp,1,55,quantile,0.025,7,2026-11-28
2026-11-21,wk inc flu hosp,1,55,quantile,0.05,8,2026-11-28
2026-11-21,wk inc flu hosp,1,55,quantile,0.1,10,2026-11-28
2026-11-21,wk inc flu hosp,1,55,quantile,0.15,11,2026-11-28
2026-11-21,wk inc flu hosp,1,55,quantile,0.2,12,2026-11-28
2026-11-21,wk inc flu hosp,1,55,quantile,0.25,14,2026-11-28
2026-11-21,wk inc flu hosp,1,55,quantile,0.3,14,2026-11-28
2026-11-21,wk inc flu hosp,1,55,quantile,0.35,15,2026-11-28
2026-11-21,wk inc flu hosp,1,55,quantile,0.4,16,2026-11-28
2026-11-21,wk inc flu hosp,1,55,quantile,0.45,17,2026-11-28
2026-11-21,wk inc flu hosp,1,55,quantile,0.5,18,2026-11-28
2026-11-21,wk inc flu hosp,1,55,quantile,0.55,18,2026-11-28
2026-11-21,wk inc flu hosp,1,55,quantile,0.6,19,2026-11-28
2026-11-21,wk inc flu hosp,1,55,quantile,0.65,20,2026-11-28
2026-11-21,wk inc flu hosp,1,55,quantile,0.7,20,2026-11-28
2026-11-21,wk inc flu hosp,1,55,quantile,0.75,21,2026-11-28
2026-11-21,wk inc flu hosp,1,55,quantile,0.8,22,2026-11-28
2026-11-21,wk inc flu hosp,1,55,quantile,0.85,23,2026-11-28
2026-11-21,wk inc flu hosp,1,55,quantile,0.9,25,2026-11-28
2026-11-21,wk inc flu hosp,1,55,quantile,0.95,28,2026-11-28
2026-11-21,wk inc flu hosp,1,55,quantile,0.975,33,2026-11-28
2026-11-21,wk inc flu hosp,1,55,quantile,0.99,37,2026-11-28
2026-11-21,wk inc flu hosp,1,56,quantile,0.01,0,2026-11-28
2026-11-21,wk inc flu hosp,1,56,quantile,0.025,0,2026-11-28
2026-11-21,wk inc flu hosp,1,56,quantile,0.05,1,2026-11-28
2026-11-21,wk inc flu hosp,1,56,quantile,0.1,1,2026-11-28
2026-11-21,wk inc flu hosp,1,56,quantile,0.15,2,2026-11-28
2026-11-21,wk inc flu hosp,1,56,quantile,0.2,3,2026-11-28
2026-11-21,wk inc flu hosp,1,56,quantile,0.25,3,2026-11-28
2026-11-21,wk inc flu hosp,1,56,quantile,0.3,4,2026-11-28
2026-11-21,wk inc flu hosp,1,56,quantile,0.35,5,2026-11-28
2026-11-21,wk inc flu hosp,1,56,quantile,0.4,5,2026-11-28
2026-11-21,wk inc flu hosp,1,56,quantile,0.45,6,2026-11-28
2026-11-21,wk inc flu hosp,1,56,quantile,0.5,6,2026-11-28
2026-11-21,wk inc flu hosp,1,56,quantile,0.55,6,2026-11-28
2026-11-21,wk inc flu hosp,1,56,quantile,0.6,7,2026-11-28
2026-11-21,wk inc flu hosp,1,56,quantile,0.65,8,2026-11-28
2026-11-21,wk inc flu hosp,1,56,quantile,0.7,8,2026-11-28
2026-11-21,wk inc flu hosp,1,56,quantile,0.75,9,2026-11-28
2026-11-21,wk inc flu hosp,1,56,quantile,0.8,10,2026-11-28
2026-11-21,wk inc flu hosp,1,56,quantile,0.85,12,2026-11-28
2026-11-21,wk inc flu hosp,1,56,quantile,0.9,14,2026-11-28
2026-11-21,wk inc flu hosp,1,56,quantile,0.95,15,2026-11-28
2026-11-21,wk inc flu hosp,1,56,quantile,0.975,17,2026-11-28
2026-11-21,wk inc flu hosp,1,56,quantile,0.99,18,2026-11-28
2026-11-21,wk inc flu hosp,1,72,quantile,0.01,46,2026-11-28
2026-11-21,wk inc flu hosp,1,72,quantile,0.025,49,2026-11-28
2026-11-21,wk inc flu hosp,1,72,quantile,0.05,61,2026-11-28
2026-11-21,wk inc flu hosp,1,72,quantile,0.1,66,2026-11-28
2026-11-21,wk inc flu hosp,1,72,quantile,0.15,72,2026-11-28
2026-11-21,wk inc flu hosp,1,72,quantile,0.2,78,2026-11-28
2026-11-21,wk inc flu hosp,1,72,quantile,0.25,84,2026-11-28
2026-11-21,wk inc flu hosp,1,72,quantile,0.3,87,2026-11-28
2026-11-21,wk inc flu hosp,1,72,quantile,0.35,91,2026-11-28
2026-11-21,wk inc flu hosp,1,72,quantile,0.4,95,2026-11-28
2026-11-21,wk inc flu hosp,1,72,quantile,0.45,98,2026-11-28
2026-11-21,wk inc flu hosp,1,72,quantile,0.5,102,2026-11-28
2026-11-21,wk inc flu hosp,1,72,quantile,0.55,107,2026-11-28
2026-11-21,wk inc flu hosp,1,72,quantile,0.6,112,2026-11-28
2026-11-21,wk inc flu hosp,1,72,quantile,0.65,117,2026-11-28
2026-11-21,wk inc flu hosp,1,72,quantile,0.7,124,2026-11-28
2026-11-21,wk inc flu hosp,1,72,quantile,0.75,126,2026-11-28
2026-11-21,wk inc flu hosp,1,72,quantile,0.8,137,2026-11-28
2026-11-21,wk inc flu hosp,1,72,quantile,0.85,149,2026-11-28
2026-11-21,wk inc flu hosp,1,72,quantile,0.9,167,2026-11-28
2026-11-21,wk inc flu hosp,1,72,quantile,0.95,197,2026-11-28
2026-11-21,wk inc flu hosp,1,72,quantile,0.975,223,2026-11-28
2026-11-21,wk inc flu hosp,1,72,quantile,0.99,256,2026-11-28
2026-11-21,wk inc flu hosp,1,USA,quantile,0.01,2179,2026-11-28
2026-11-21,wk inc flu hosp,1,USA,quantile,0.025,2200,2026-11-28
2026-11-21,wk inc flu hosp,1,USA,quantile,0.05,2273,2026-11-28
2026-11-21,wk inc flu hosp,1,USA,quantile,0.1,2327,2026-11-28
2026-11-21,wk inc flu hosp,1,USA,quantile,0.15,2377,2026-11-28
2026-11-21,wk inc flu hosp,1,USA,quantile,0.2,2429,2026-11-28
2026-11-21,wk inc flu hosp,1,USA,quantile,0.25,2479,2026-11-28
2026-11-21,wk inc flu hosp,1,USA,quantile,0.3,2506,2026-11-28
2026-11-21,wk inc flu hosp,1,USA,quantile,0.35,2541,2026-11-28
2026-11-21,wk inc flu hosp,1,USA,quantile,0.4,2556,2026-11-28
2026-11-21,wk inc flu hosp,1,USA,quantile,0.45,2563,2026-11-28
2026-11-21,wk inc flu hosp,1,USA,quantile,0.5,2592,2026-11-28
2026-11-21,wk inc flu hosp,1,USA,quantile,0.55,2617,2026-11-28
2026-11-21,wk inc flu hosp,1,USA,quantile,0.6,2634,2026-11-28
2026-11-21,wk inc flu hosp,1,USA,quantile,0.65,2664,2026-11-28
2026-11-21,wk inc flu hosp,1,USA,quantile,0.7,2678,2026-11-28
2026-11-21,wk inc flu hosp,1,USA,quantile,0.75,2704,2026-11-28
2026-11-21,wk inc flu hosp,1,USA,quantile,0.8,2734,2026-11-28
2026-11-21,wk inc flu hosp,1,USA,quantile,0.85,2782,2026-11-28
2026-11-21,wk inc flu hosp,1,USA,quantile,0.9,2856,2026-11-28
2026-11-21,wk inc flu hosp,1,USA,quantile,0.95,2932,2026-11-28
2026-11-21,wk inc flu hosp,1,USA,quantile,0.975,3065,2026-11-28
2026-11-21,wk inc flu hosp,1,USA,quantile,0.99,3114,2026-11-28
2026-11-21,wk inc flu hosp,2,01,quantile,0.01,17,2026-12-05
2026-11-21,wk inc flu hosp,2,01,quantile,0.025,19,2026-12-05
2026-11-21,wk inc flu hosp,2,01,quantile,0.05,20,2026-12-05
2026-11-21,wk inc flu hosp,2,01,quantile,0.1,26,2026-12-05
2026-11-21,wk inc flu hosp,2,01,quantile,0.15,28,2026-12-05
2026-11-21,wk inc flu hosp,2,01,quantile,0.2,31,2026-12-05
2026-11-21,wk inc flu hosp,2,01,quantile,0.25,33,2026-12-05
2026-11-21,wk inc flu hosp,2,01,quantile,0.3,35,2026-12-05
2026-11-21,wk inc flu hosp,2,01,quantile,0.35,37,2026-12-05
2026-11-21,wk inc flu hosp,2,01,quantile,0.4,38,2026-12-05
2026-11-21,wk inc flu hosp,2,01,quantile,0.45,39,2026-12-05
2026-11-21,wk inc flu hosp,2,01,quantile,0.5,40,2026-12-05
2026-11-21,wk inc flu hosp,2,01,quantile,0.55,41,2026-12-05
2026-11-21,wk inc flu hosp,2,01,quantile,0.6,43,2026-12-05
2026-11-21,wk inc flu hosp,2,01,quantile,0.65,44,2026-12-05
2026-11-21,wk inc flu hosp,2,01,quantile,0.7,46,2026-12-05
2026-11-21,wk inc flu hosp,2,01,quantile,0.75,48,2026-12-05
2026-11-21,wk inc flu hosp,2,01,quantile,0.8,50,2026-12-05
2026-11-21,wk inc flu hosp,2,01,quantile,0.85,54,2026-12-05
2026-11-21,wk inc flu hosp,2,01,quantile,0.9,58,2026-12-05
2026-11-21,wk inc flu hosp,2,01,quantile,0.95,63,2026-12-05
2026-11-21,wk inc flu hosp,2,01,quantile,0.975,66,2026-12-05
2026-11-21,wk inc flu hosp,2,01,quantile,0.99,78,2026-12-05
2026-11-21,wk inc flu hosp,2,02,quantile,0.01,0,2026-12-05
2026-11-21,wk inc flu hosp,2,02,quantile,0.025,0,2026-12-05
2026-11-21,wk inc flu hosp,2,02,quantile,0.05,0,2026-12-05
2026-11-21,wk inc flu hosp,2,02,quantile,0.1,1,2026-12-05
2026-11-21,wk inc flu hosp,2,02,quantile,0.15,1,2026-12-05
2026-11-21,wk inc flu hosp,2,02,quantile,0.2,2,2026-12-05
2026-11-21,wk inc flu hosp,2,02,quantile,0.25,3,2026-12-05
2026-11-21,wk inc flu hosp,2,02,quantile,0.3,3,2026-12-05
2026-11-21,wk inc flu hosp,2,02,quantile,0.35,4,2026-12-05
2026-11-21,wk inc flu hosp,2,02,quantile,0.4,4,2026-12-05
2026-11-21,wk inc flu hosp,2,02,quantile,0.45,5,2026-12-05
2026-11-21,wk inc flu hosp,2,02,quantile,0.5,6,2026-12-05
2026-11-21,wk inc flu hosp,2,02,quantile,0.55,6,2026-12-05
2026-11-21,wk inc flu hosp,2,02,quantile,0.6,7,2026-12-05
2026-11-21,wk inc flu hosp,2,02,quantile,0.65,8,2026-12-05
2026-11-21,wk inc flu hosp,2,02,quantile,0.7,9,2026-12-05
2026-11-21,wk inc flu hosp,2,02,quantile,0.75,10,2026-12-05
2026-11-21,wk inc flu hosp,2,02,quantile,0.8,12,2026-12-05
2026-11-21,wk inc flu hosp,2,02,quantile,0.85,13,2026-12-05
2026-11-21,wk inc flu hosp,2,02,quantile,0.9,14,2026-12-05
2026-11-21,wk inc flu hosp,2,02,quantile,0.95,17,2026-12-05
2026-11-21,wk inc flu hosp,2,02,quantile,0.975,18,2026-12-05
2026-11-21,wk inc flu hosp,2,02,quantile,0.99,21,2026-12-05
2026-11-21,wk inc flu hosp,2,04,quantile,0.01,99,2026-12-05
2026-11-21,wk inc flu hosp,2,04,quantile,0.025,107,2026-12-05
2026-11-21,wk inc flu hosp,2,04,quantile,0.05,113,2026-12-05
2026-11-21,wk inc flu hosp,2,04,quantile,0.1,128,2026-12-05
2026-11-21,wk inc flu hosp,2,04,quantile,0.15,136,2026-12-05
2026-11-21,wk inc flu hosp,2,04,quantile,0.2,145,2026-12-05
2026-11-21,wk inc flu hosp,2,04,quantile,0.25,151,2026-12-05
2026-11-21,wk inc flu hosp,2,04,quantile,0.3,158,2026-12-05
2026-11-21,wk inc flu hosp,2,04,quantile,0.35,168,2026-12-05
2026-11-21,wk inc flu hosp,2,04,quantile,0.4,174,2026-12-05
2026-11-21,wk inc flu hosp,2,04,quantile,0.45,182,2026-12-05
2026-11-21,wk inc flu hosp,2,04,quantile,0.5,187,2026-12-05
2026-11-21,wk inc flu hosp,2,04,quantile,0.55,199,2026-12-05
2026-11-21,wk inc flu hosp,2,04,quantile,0.6,205,2026-12-05
2026-11-21,wk inc flu hosp,2,04,quantile,0.65,212,2026-12-05
2026-11-21,wk inc flu hosp,2,04,quantile,0.7,227,2026-12-05
2026-11-21,wk inc flu hosp,2,04,quantile,0.75,234,2026-12-05
2026-11-21,wk inc flu hosp,2,04,quantile,0.8,246,2026-12-05
2026-11-21,wk inc flu hosp,2,04,quantile,0.85,255,2026-12-05
2026-11-21,wk inc flu hosp,2,04,quantile,0.9,266,2026-12-05
2026-11-21,wk inc flu hosp,2,04,quantile,0.95,294,2026-12-05
2026-11-21,wk inc flu hosp,2,04,quantile,0.975,317,2026-12-05
2026-11-21,wk inc flu hosp,2,04,quantile,0.99,325,2026-12-05
2026-11-21,wk inc flu hosp,2,05,quantile,0.01,6,2026-12-05
2026-11-21,wk inc flu hosp,2,05,quantile,0.025,7,2026-12-05
2026-11-21,wk inc flu hosp,2,05,quantile,0.05,9,2026-12-05
2026-11-21,wk inc flu hosp,2,05,quantile,0.1,11,2026-12-05
2026-11-21,wk inc flu hosp,2,05,quantile,0.15,13,2026-12-05
2026-11-21,wk inc flu hosp,2,05,quantile,0.2,14,2026-12-05
2026-11-21,wk inc flu hosp,2,05,quantile,0.25,15,2026-12-05
2026-11-21,wk inc flu hosp,2,05,quantile,0.3,16,2026-12-05
2026-11-21,wk inc flu hosp,2,05,quantile,0.35,17,2026-12-05
2026-11-21,wk inc flu hosp,2,05,quantile,0.4,18,2026-12-05
2026-11-21,wk inc flu hosp,2,05,quantile,0.45,19,2026-12-05
2026-11-21,wk inc flu hosp,2,05,quantile,0.5,19,2026-12-05
2026-11-21,wk inc flu hosp,2,05,quantile,0.55,20,2026-12-05
2026-11-21,wk inc flu hosp,2,05,quantile,0.6,21,2026-12-05
2026-11-21,wk inc flu hosp,2,05,quantile,0.65,22,2026-12-05
2026-11-21,wk inc flu hosp,2,05,quantile,0.7,24,2026-12-05
2026-11-21,wk inc flu hosp,2,05,quantile,0.75,25,2026-12-05
2026-11-21,wk inc flu hosp,2,05,quantile,0.8,27,2026-12-05
2026-11-21,wk inc flu hosp,2,05,quantile,0.85,28,2026-12-05
2026-11-21,wk inc flu hosp,2,05,quantile,0.9,30,2026-12-05
2026-11-21,wk inc flu hosp,2,05,quantile,0.95,33,2026-12-05
2026-11-21,wk inc flu hosp,2,05,quantile,0.975,39,2026-12-05
2026-11-21,wk inc flu hosp,2,05,quantile,0.99,43,2026-12-05
2026-11-21,wk inc flu hosp,2,06,quantile,0.01,194,2026-12-05
2026-11-21,wk inc flu hosp,2,06,quantile,0.025,218,2026-12-05
2026-11-21,wk inc flu hosp,2,06,quantile,0.05,231,2026-12-05
2026-11-21,wk inc flu hosp,2,06,quantile,0.1,253,2026-12-05
2026-11-21,wk inc flu hosp,2,06,quantile,0.15,267,2026-12-05
2026-11-21,wk inc flu hosp,2,06,quantile,0.2,282,2026-12-05
2026-11-21,wk inc flu hosp,2,06,quantile,0.25,294,2026-12-05
2026-11-21,wk inc flu hosp,2,06,quantile,0.3,308,2026-12-05
2026-11-21,wk inc flu hosp,2,06,quantile,0.35,315,2026-12-05
2026-11-21,wk inc flu hosp,2,06,quantile,0.4,326,2026-12-05
2026-11-21,wk inc flu hosp,2,06,quantile,0.45,341,2026-12-05
2026-11-21,wk inc flu hosp,2,06,quantile,0.5,352,2026-12-05
2026-11-21,wk inc flu hosp,2,06,quantile,0.55,360,2026-12-05
2026-11-21,wk inc flu hosp,2,06,quantile,0.6,363,2026-12-05
2026-11-21,wk inc flu hosp,2,06,quantile,0.65,381,2026-12-05
2026-11-21,wk inc flu hosp,2,06,quantile,0.7,396,2026-12-05
2026-11-21,wk inc flu hosp,2,06,quantile,0.75,412,2026-12-05
2026-11-21,wk inc flu hosp,2,06,quantile,0.8,431,2026-12-05
2026-11-21,wk inc flu hosp,2,06,quantile,0.85,447,2026-12-05
2026-11-21,wk inc flu hosp,2,06,quantile,0.9,485,2026-12-05
2026-11-21,wk inc flu hosp,2,06,quantile,0.95,523,2026-12-05
2026-11-21,wk inc flu hosp,2,06,quantile,0.975,548,2026-12-05
2026-11-21,wk inc flu hosp,2,06,quantile,0.99,631,2026-12-05
2026-11-21,wk inc flu hosp,2,08,quantile,0.01,40,2026-12-05
2026-11-21,wk inc flu hosp,2,08,quantile,0.025,41,2026-12-05
2026-11-21,wk inc flu hosp,2,08,quantile,0.05,49,2026-12-05
2026-11-21,wk inc flu hosp,2,08,quantile,0.1,51,2026-12-05
2026-11-21,wk inc flu hosp,2,08,quantile,0.15,54,2026-12-05
2026-11-21,wk inc flu hosp,2,08,quantile,0.2,57,2026-12-05
2026-11-21,wk inc flu hosp,2,08,quantile,0.25,59,2026-12-05
2026-11-21,wk inc flu hosp,2,08,quantile,0.3,61,2026-12-05
2026-11-21,wk inc flu hosp,2,08,quantile,0.35,65,2026-12-05
2026-11-21,wk inc flu hosp,2,08,quantile,0.4,67,2026-12-05
2026-11-21,wk inc flu hosp,2,08,quantile,0.45,71,2026-12-05
2026-11-21,wk inc flu hosp,2,08,quantile,0.5,73,2026-12-05
2026-11-21,wk inc flu hosp,2,08,quantile,0.55,75,2026-12-05
2026-11-21,wk inc flu hosp,2,08,quantile,0.6,78,2026-12-05
2026-11-21,wk inc flu hosp,2,08,quantile,0.65,82,2026-12-05
2026-11-21,wk inc flu hosp,2,08,quantile,0.7,84,2026-12-05
2026-11-21,wk inc flu hosp,2,08,quantile,0.75,88,2026-12-05
2026-11-21,wk inc flu hosp,2,08,quantile,0.8,94,2026-12-05
2026-11-21,wk inc flu hosp,2,08,quantile,0.85,101,2026-12-05
2026-11-21,wk inc flu hosp,2,08,quantile,0.9,108,2026-12-05
2026-11-21,wk inc flu hosp,2,08,quantile,0.95,121,2026-12-05
2026-11-21,wk inc flu hosp,2,08,quantile,0.975,130,2026-12-05
2026-11-21,wk inc flu hosp,2,08,quantile,0.99,134,2026-12-05
2026-11-21,wk inc flu hosp,2,09,quantile,0.01,5,2026-12-05
2026-11-21,wk inc flu hosp,2,09,quantile,0.025,7,2026-12-05
2026-11-21,wk inc flu hosp,2,09,quantile,0.05,10,2026-12-05
2026-11-21,wk inc flu hosp,2,09,quantile,0.1,14,2026-12-05
2026-11-21,wk inc flu hosp,2,09,quantile,0.15,16,2026-12-05
2026-11-21,wk inc flu hosp,2,09,quantile,0.2,17,2026-12-05
2026-11-21,wk inc flu hosp,2,09,quantile,0.25,20,2026-12-05
2026-11-21,wk inc flu hosp,2,09,quantile,0.3,21,2026-12-05
2026-11-21,wk inc flu hosp,2,09,quantile,0.35,23,2026-12-05
2026-11-21,wk inc flu hosp,2,09,quantile,0.4,24,2026-12-05
2026-11-21,wk inc flu hosp,2,09,quantile,0.45,25,2026-12-05
2026-11-21,wk inc flu hosp,2,09,quantile,0.5,26,2026-12-05
2026-11-21,wk inc flu hosp,2,09,quantile,0.55,27,2026-12-05
2026-11-21,wk inc flu hosp,2,09,quantile,0.6,28,2026-12-05
2026-11-21,wk inc flu hosp,2,09,quantile,0.65,32,2026-12-05
2026-11-21,wk inc flu hosp,2,09,quantile,0.7,33,2026-12-05
2026-11-21,wk inc flu hosp,2,09,quantile,0.75,35,2026-12-05
2026-11-21,wk inc flu hosp,2,09,quantile,0.8,38,2026-12-05
2026-11-21,wk inc flu hosp,2,09,quantile,0.85,40,2026-12-05
2026-11-21,wk inc flu hosp,2,09,quantile,0.9,44,2026-12-05
2026-11-21,wk inc flu hosp,2,09,quantile,0.95,50,2026-12-05
2026-11-21,wk inc flu hosp,2,09,quantile,0.975,56,2026-12-05
2026-11-21,wk inc flu hosp,2,09,quantile,0.99,57,2026-12-05
2026-11-21,wk inc flu hosp,2,10,quantile,0.01,0,2026-12-05
2026-11-21,wk inc flu hosp,2,10,quantile,0.025,0,2026-12-05
2026-11-21,wk inc flu hosp,2,10,quantile,0.05,1,2026-12-05
2026-11-21,wk inc flu hosp,2,10,quantile,0.1,1,2026-12-05
2026-11-21,wk inc flu hosp,2,10,quantile,0.15,2,2026-12-05
2026-11-21,wk inc flu hosp,2,10,quantile,0.2,3,2026-12-05
2026-11-21,wk inc flu hosp,2,10,quantile,0.25,3,2026-12-05
2026-11-21,wk inc flu hosp,2,10,quantile,0.3,3,2026-12-05
2026-11-21,wk inc flu hosp,2,10,quantile,0.35,4,2026-12-05
2026-11-21,wk inc flu hosp,2,10,quantile,0.4,5,2026-12-05
2026-11-21,wk inc flu hosp,2,10,quantile,0.45,5,2026-12-05
2026-11-21,wk inc flu hosp,2,10,quantile,0.5,6,2026-12-05
2026-11-21,wk inc flu hosp,2,10,quantile,0.55,6,2026-12-05
2026-11-21,wk inc flu hosp,2,10,quantile,0.6,7,2026-12-05
2026-11-21,wk inc flu hosp,2,10,quantile,0.65,7,2026-12-05
2026-11-21,wk inc flu hosp,2,10,quantile,0.7,8,2026-12-05
2026-11-21,wk inc flu hosp,2,10,quantile,0.75,9,2026-12-05
2026-11-21,wk inc flu hosp,2,10,quantile,0.8,10,2026-12-05
2026-11-21,wk inc flu hosp,2,10,quantile,0.85,11,2026-12-05
2026-11-21,wk inc flu hosp,2,10,quantile,0.9,11,2026-12-05
2026-11-21,wk inc flu hosp,2,10,quantile,0.95,13,2026-12-05
2026-11-21,wk inc flu hosp,2,10,quantile,0.975,14,2026-12-05
2026-11-21,wk inc flu hosp,2,10,quantile,0.99,15,2026-12-05
2026-11-21,wk inc flu hosp,2,11,quantile,0.01,0,2026-12-05
2026-11-21,wk inc flu hosp,2,11,quantile,0.025,0,2026-12-05
2026-11-21,wk inc flu hosp,2,11,quantile,0.05,0,2026-12-05
2026-11-21,wk inc flu hosp,2,11,quantile,0.1,1,2026-12-05
2026-11-21,wk inc flu hosp,2,11,quantile,0.15,2,2026-12-05
2026-11-21,wk inc flu hosp,2,11,quantile,0.2,3,2026-12-05
2026-11-21,wk inc flu hosp,2,11,quantile,0.25,4,2026-12-05
2026-11-21,wk inc flu hosp,2,11,quantile,0.3,4,2026-12-05
2026-11-21,wk inc flu hosp,2,11,quantile,0.35,5,2026-12-05
2026-11-21,wk inc flu hosp,2,11,quantile,0.4,6,2026-12-05
2026-11-21,wk inc flu hosp,2,11,quantile,0.45,7,2026-12-05
2026-11-21,wk inc flu hosp,2,11,quantile,0.5,7,2026-12-05
2026-11-21,wk inc flu hosp,2,11,quantile,0.55,8,2026-12-05
2026-11-21,wk inc flu hosp,2,11,quantile,0.6,9,2026-12-05
2026-11-21,wk inc flu hosp,2,11,quantile,0.65,9,2026-12-05
2026-11-21,wk inc flu hosp,2,11,quantile,0.7,11,2026-12-05
2026-11-21,wk inc flu hosp,2,11,quantile,0.75,12,2026-12-05
2026-11-21,wk inc flu hosp,2,11,quantile,0.8,13,2026-12-05
2026-11-21,wk inc flu hosp,2,11,quantile,0.85,15,2026-12-05
2026-11-21,wk inc flu hosp,2,11,quantile,0.9,18,2026-12-05
2026-11-21,wk inc flu hosp,2,11,quantile,0.95,22,2026-12-05
2026-11-21,wk inc flu hosp,2,11,quantile,0.975,25,2026-12-05
2026-11-21,wk inc flu hosp,2,11,quantile,0.99,28,2026-12-05
2026-11-21,wk inc flu hosp,2,12,quantile,0.01,236,2026-12-05
2026-11-21,wk inc flu hosp,2,12,quantile,0.025,253,2026-12-05
2026-11-21,wk inc flu hosp,2,12,quantile,0.05,278,2026-12-05
2026-11-21,wk inc flu hosp,2,12,quantile,0.1,320,2026-12-05
2026-11-21,wk inc flu hosp,2,12,quantile,0.15,336,2026-12-05
2026-11-21,wk inc flu hosp,2,12,quantile,0.2,346,2026-12-05
2026-11-21,wk inc flu hosp,2,12,quantile,0.25,359,2026-12-05
2026-11-21,wk inc flu hosp,2,12,quantile,0.3,369,2026-12-05
2026-11-21,wk inc flu hosp,2,12,quantile,0.35,376,2026-12-05
2026-11-21,wk inc flu hosp,2,12,quantile,0.4,389,2026-12-05
2026-11-21,wk inc flu hosp,2,12,quantile,0.45,401,2026-12-05
2026-11-21,wk inc flu hosp,2,12,quantile,0.5,412,2026-12-05
2026-11-21,wk inc flu hosp,2,12,quantile,0.55,421,2026-12-05
2026-11-21,wk inc flu hosp,2,12,quantile,0.6,440,2026-12-05
2026-11-21,wk inc flu hosp,2,12,quantile,0.65,454,2026-12-05
2026-11-21,wk inc flu hosp,2,12,quantile,0.7,472,2026-12-05
2026-11-21,wk inc flu hosp,2,12,quantile,0.75,489,2026-12-05
2026-11-21,wk inc flu hosp,2,12,quantile,0.8,513,2026-12-05
2026-11-21,wk inc flu hosp,2,12,quantile,0.85,540,2026-12-05
2026-11-21,wk inc flu hosp,2,12,quantile,0.9,574,2026-12-05
2026-11-21,wk inc flu hosp,2,12,quantile,0.95,604,2026-12-05
2026-11-21,wk inc flu hosp,2,12,quantile,0.975,615,2026-12-05
2026-11-21,wk inc flu hosp,2,12,quantile,0.99,706,2026-12-05
2026-11-21,wk inc flu hosp,2,13,quantile,0.01,35,2026-12-05
2026-11-21,wk inc flu hosp,2,13,quantile,0.025,38,2026-12-05
2026-11-21,wk inc flu hosp,2,13,quantile,0.05,42,2026-12-05
2026-11-21,wk inc flu hosp,2,13,quantile,0.1,48,2026-12-05
2026-11-21,wk inc flu hosp,2,13,quantile,0.15,52,2026-12-05
2026-11-21,wk inc flu hosp,2,13,quantile,0.2,55,2026-12-05
2026-11-21,wk inc flu hosp,2,13,quantile,0.25,58,2026-12-05
2026-11-21,wk inc flu hosp,2,13,quantile,0.3,62,2026-12-05
2026-11-21,wk inc flu hosp,2,13,quantile,0.35,66,2026-12-05
2026-11-21,wk inc flu hosp,2,13,quantile,0.4,68,2026-12-05
2026-11-21,wk inc flu hosp,2,13,quantile,0.45,70,2026-12-05
2026-11-21,wk inc flu hosp,2,13,quantile,0.5,72,2026-12-05
2026-11-21,wk inc flu hosp,2,13,quantile,0.55,75,2026-12-05
2026-11-21,wk inc flu hosp,2,13,quantile,0.6,78,2026-12-05
2026-11-21,wk inc flu hosp,2,13,quantile,0.65,83,2026-12-05
2026-11-21,wk inc flu hosp,2,13,quantile,0.7,87,2026-12-05
2026-11-21,wk inc flu hosp,2,13,quantile,0.75,90,2026-12-05
2026-11-21,wk inc flu hosp,2,13,quantile,0.8,94,2026-12-05
2026-11-21,wk inc flu hosp,2,13,quantile,0.85,101,2026-12-05
2026-11-21,wk inc flu hosp,2,13,quantile,0.9,107,2026-12-05
2026-11-21,wk inc flu hosp,2,13,quantile,0.95,112,2026-12-05
2026-11-21,wk inc flu hosp,2,13,quantile,0.975,122,2026-12-05
2026-11-21,wk inc flu hosp,2,13,quantile,0.99,132,2026-12-05
2026-11-21,wk inc flu hosp,2,15,quantile,0.01,5,2026-12-05
2026-11-21,wk inc flu hosp,2,15,quantile,0.025,6,2026-12-05
2026-11-21,wk inc flu hosp,2,15,quantile,0.05,7,2026-12-05
2026-11-21,wk inc flu hosp,2,15,quantile,0.1,9,2026-12-05
2026-11-21,wk inc flu hosp,2,15,quantile,0.15,11,2026-12-05
2026-11-21,wk inc flu hosp,2,15,quantile,0.2,12,2026-12-05
2026-11-21,wk inc flu hosp,2,15,quantile,0.25,13,2026-12-05
2026-11-21,wk inc flu hosp,2,15,quantile,0.3,15,2026-12-05
2026-11-21,wk inc flu hosp,2,15,quantile,0.35,17,2026-12-05
2026-11-21,wk inc flu hosp,2,15,quantile,0.4,17,2026-12-05
2026-11-21,wk inc flu hosp,2,15,quantile,0.45,19,2026-12-05
2026-11-21,wk inc flu hosp,2,15,quantile,0.5,20,2026-12-05
2026-11-21,wk inc flu hosp,2,15,quantile,0.55,21,2026-12-05
2026-11-21,wk inc flu hosp,2,15,quantile,0.6,22,2026-12-05
2026-11-21,wk inc flu hosp,2,15,quantile,0.65,24,2026-12-05
2026-11-21,wk inc flu hosp,2,15,quantile,0.7,25,2026-12-05
2026-11-21,wk inc flu hosp,2,15,quantile,0.75,27,2026-12-05
2026-11-21,wk inc flu hosp,2,15,quantile,0.8,28,2026-12-05
2026-11-21,wk inc flu hosp,2,15,quantile,0.85,31,2026-12-05
2026-11-21,wk inc flu hosp,2,15,quantile,0.9,34,2026-12-05
2026-11-21,wk inc flu hosp,2,15,quantile,0.95,39,2026-12-05
2026-11-21,wk inc flu hosp,2,15,quantile,0.975,41,2026-12-05
2026-11-21,wk inc flu hosp,2,15,quantile,0.99,47,2026-12-05
2026-11-21,wk inc flu hosp,2,16,quantile,0.01,12,2026-12-05
2026-11-21,wk inc flu hosp,2,16,quantile,0.025,13,2026-12-05
2026-11-21,wk inc flu hosp,2,16,quantile,0.05,14,2026-12-05
2026-11-21,wk inc flu hosp,2,16,quantile,0.1,16,2026-12-05
2026-11-21,wk inc flu hosp,2,16,quantile,0.15,17,2026-12-05
2026-11-21,wk inc flu hosp,2,16,quantile,0.2,19,2026-12-05
2026-11-21,wk inc flu hosp,2,16,quantile,0.25,20,2026-12-05
2026-11-21,wk inc flu hosp,2,16,quantile,0.3,20,2026-12-05
2026-11-21,wk inc flu hosp,2,16,quantile,0.35,21,2026-12-05
2026-11-21,wk inc flu hosp,2,16,quantile,0.4,22,2026-12-05
2026-11-21,wk inc flu hosp,2,16,quantile,0.45,23,2026-12-05
2026-11-21,wk inc flu hosp,2,16,quantile,0.5,24,2026-12-05
2026-11-21,wk inc flu hosp,2,16,quantile,0.55,24,2026-12-05
2026-11-21,wk inc flu hosp,2,16,quantile,0.6,25,2026-12-05
2026-11-21,wk inc flu hosp,2,16,quantile,0.65,27,2026-12-05
2026-11-21,wk inc flu hosp,2,16,quantile,0.7,27,2026-12-05
2026-11-21,wk inc flu hosp,2,16,quantile,0.75,29,2026-12-05
2026-11-21,wk inc flu hosp,2,16,quantile,0.8,31,2026-12-05
2026-11-21,wk inc flu hosp,2,16,quantile,0.85,34,2026-12-05
2026-11-21,wk inc flu hosp,2,16,quantile,0.9,36,2026-12-05
2026-11-21,wk inc flu hosp,2,16,quantile,0.95,38,2026-12-05
2026-11-21,wk inc flu hosp,2,16,quantile,0.975,45,2026-12-05
2026-11-21,wk inc flu hosp,2,16,quantile,0.99,48,2026-12-05
2026-11-21,wk inc flu hosp,2,17,quantile,0.01,36,2026-12-05
2026-11-21,wk inc flu hosp,2,17,quantile,0.025,39,2026-12-05
2026-11-21,wk inc flu hosp,2,17,quantile,0.05,45,2026-12-05
2026-11-21,wk inc flu hosp,2,17,quantile,0.1,53,2026-12-05
2026-11-21,wk inc flu hosp,2,17,quantile,0.15,57,2026-12-05
2026-11-21,wk inc flu hosp,2,17,quantile,0.2,59,2026-12-05
2026-11-21,wk inc flu hosp,2,17,quantile,0.25,62,2026-12-05
2026-11-21,wk inc flu hosp,2,17,quantile,0.3,67,2026-12-05
2026-11-21,wk inc flu hosp,2,17,quantile,0.35,70,2026-12-05
2026-11-21,wk inc flu hosp,2,17,quantile,0.4,74,2026-12-05
2026-11-21,wk inc flu hosp,2,17,quantile,0.45,76,2026-12-05
2026-11-21,wk inc flu hosp,2,17,quantile,0.5,78,2026-12-05
2026-11-21,wk inc flu hosp,2,17,quantile,0.55,81,2026-12-05
2026-11-21,wk inc flu hosp,2,17,quantile,0.6,84,2026-12-05
2026-11-21,wk inc flu hosp,2,17,quantile,0.65,86,2026-12-05
2026-11-21,wk inc flu hosp,2,17,quantile,0.7,90,2026-12-05
2026-11-21,wk inc flu hosp,2,17,quantile,0.75,94,2026-12-05
2026-11-21,wk inc flu hosp,2,17,quantile,0.8,100,2026-12-05
2026-11-21,wk inc flu hosp,2,17,quantile,0.85,104,2026-12-05
2026-11-21,wk inc flu hosp,2,17,quantile,0.9,110,2026-12-05
2026-11-21,wk inc flu hosp,2,17,quantile,0.95,123,2026-12-05
2026-11-21,wk inc flu hosp,2,17,quantile,0.975,130,2026-12-05
2026-11-21,wk inc flu hosp,2,17,quantile,0.99,134,2026-12-05
2026-11-21,wk inc flu hosp,2,18,quantile,0.01,25,2026-12-05
2026-11-21,wk inc flu hosp,2,18,quantile,0.025,29,2026-12-05
2026-11-21,wk inc flu hosp,2,18,quantile,0.05,32,2026-12-05
2026-11-21,wk inc flu hosp,2,18,quantile,0.1,36,2026-12-05
2026-11-21,wk inc flu hosp,2,18,quantile,0.15,37,2026-12-05
2026-11-21,wk inc flu hosp,2,18,quantile,0.2,41,2026-12-05
2026-11-21,wk inc flu hosp,2,18,quantile,0.25,44,2026-12-05
2026-11-21,wk inc flu hosp,2,18,quantile,0.3,46,2026-12-05
2026-11-21,wk inc flu hosp,2,18,quantile,0.35,49,2026-12-05
2026-11-21,wk inc flu hosp,2,18,quantile,0.4,51,2026-12-05
2026-11-21,wk inc flu hosp,2,18,quantile,0.45,53,2026-12-05
2026-11-21,wk inc flu hosp,2,18,quantile,0.5,57,2026-12-05
2026-11-21,wk inc flu hosp,2,18,quantile,0.55,59,2026-12-05
2026-11-21,wk inc flu hosp,2,18,quantile,0.6,64,2026-12-05
2026-11-21,wk inc flu hosp,2,18,quantile,0.65,66,2026-12-05
2026-11-21,wk inc flu hosp,2,18,quantile,0.7,69,2026-12-05
2026-11-21,wk inc flu hosp,2,18,quantile,0.75,71,2026-12-05
2026-11-21,wk inc flu hosp,2,18,quantile,0.8,75,2026-12-05
2026-11-21,wk inc flu hosp,2,18,quantile,0.85,79,2026-12-05
2026-11-21,wk inc flu hosp,2,18,quantile,0.9,86,2026-12-05
2026-11-21,wk inc flu hosp,2,18,quantile,0.95,91,2026-12-05
2026-11-21,wk inc flu hosp,2,18,quantile,0.975,98,2026-12-05
2026-11-21,wk inc flu hosp,2,18,quantile,0.99,103,2026-12-05
2026-11-21,wk inc flu hosp,2,19,quantile,0.01,3,2026-12-05
2026-11-21,wk inc flu hosp,2,19,quantile,0.025,4,2026-12-05
2026-11-21,wk inc flu hosp,2,19,quantile,0.05,5,2026-12-05
2026-11-21,wk inc flu hosp,2,19,quantile,0.1,6,2026-12-05
2026-11-21,wk inc flu hosp,2,19,quantile,0.15,6,2026-12-05
2026-11-21,wk inc flu hosp,2,19,quantile,0.2,7,2026-12-05
2026-11-21,wk inc flu hosp,2,19,quantile,0.25,8,2026-12-05
2026-11-21,wk inc flu hosp,2,19,quantile,0.3,9,2026-12-05
2026-11-21,wk inc flu hosp,2,19,quantile,0.35,9,2026-12-05
2026-11-21,wk inc flu hosp,2,19,quantile,0.4,10,2026-12-05
2026-11-21,wk inc flu hosp,2,19,quantile,0.45,11,2026-12-05
2026-11-21,wk inc flu hosp,2,19,quantile,0.5,12,2026-12-05
2026-11-21,wk inc flu hosp,2,19,quantile,0.55,13,2026-12-05
2026-11-21,wk inc flu hosp,2,19,quantile,0.6,14,2026-12-05
2026-11-21,wk inc flu hosp,2,19,quantile,0.65,15,2026-12-05
2026-11-21,wk inc flu hosp,2,19,quantile,0.7,15,2026-12-05
2026-11-21,wk inc flu hosp,2,19,quantile,0.75,17,2026-12-05
2026-11-21,wk inc flu hosp,2,19,quantile,0.8,18,2026-12-05
2026-11-21,wk inc flu hosp,2,19,quantile,0.85,19,2026-12-05
2026-11-21,wk inc flu hosp,2,19,quantile,0.9,21,2026-12-05
2026-11-21,wk inc flu hosp,2,19,quantile,0.95,24,2026-12-05
2026-11-21,wk inc flu hosp,2,19,quantile,0.975,26,2026-12-05
2026-11-21,wk inc flu hosp,2,19,quantile,0.99,28,2026-12-05
2026-11-21,wk inc flu hosp,2,20,quantile,0.01,3,2026-12-05
2026-11-21,wk inc flu hosp,2,20,quantile,0.025,3,2026-12-05
2026-11-21,wk inc flu hosp,2,20,quantile,0.05,5,2026-12-05
2026-11-21,wk inc flu hosp,2,20,quantile,0.1,7,2026-12-05
2026-11-21,wk inc flu hosp,2,20,quantile,0.15,8,2026-12-05
2026-11-21,wk inc flu hosp,2,20,quantile,0.2,10,2026-12-05
2026-11-21,wk inc flu hosp,2,20,quantile,0.25,10,2026-12-05
2026-11-21,wk inc flu hosp,2,20,quantile,0.3,12,2026-12-05
2026-11-21,wk inc flu hosp,2,20,quantile,0.35,12,2026-12-05
2026-11-21,wk inc flu hosp,2,20,quantile,0.4,13,2026-12-05
2026-11-21,wk inc flu hosp,2,20,quantile,0.45,13,2026-12-05
2026-11-21,wk inc flu hosp,2,20,quantile,0.5,14,2026-12-05
2026-11-21,wk inc flu hosp,2,20,quantile,0.55,15,2026-12-05
2026-11-21,wk inc flu hosp,2,20,quantile,0.6,15,2026-12-05
2026-11-21,wk inc flu hosp,2,20,quantile,0.65,16,2026-12-05
2026-11-21,wk inc flu hosp,2,20,quantile,0.7,17,2026-12-05
2026-11-21,wk inc flu hosp,2,20,quantile,0.75,18,2026-12-05
2026-11-21,wk inc flu hosp,2,20,quantile,0.8,19,2026-12-05
2026-11-21,wk inc flu hosp,2,20,quantile,0.85,20,2026-12-05
2026-11-21,wk inc flu hosp,2,20,quantile,0.9,21,2026-12-05
2026-11-21,wk inc flu hosp,2,20,quantile,0.95,24,2026-12-05
2026-11-21,wk inc flu hosp,2,20,quantile,0.975,30,2026-12-05
2026-11-21,wk inc flu hosp,2,20,quantile,0.99,31,2026-12-05
2026-11-21,wk inc flu hosp,2,21,quantile,0.01,10,2026-12-05
2026-11-21,wk inc flu hosp,2,21,quantile,0.025,11,2026-12-05
2026-11-21,wk inc flu hosp,2,21,quantile,0.05,11,2026-12-05
2026-11-21,wk inc flu hosp,2,21,quantile,0.1,13,2026-12-05
2026-11-21,wk inc flu hosp,2,21,quantile,0.15,14,2026-12-05
2026-11-21,wk inc flu hosp,2,21,quantile,0.2,16,2026-12-05
2026-11-21,wk inc flu hosp,2,21,quantile,0.25,17,2026-12-05
2026-11-21,wk inc flu hosp,2,21,quantile,0.3,18,2026-12-05
2026-11-21,wk inc flu hosp,2,21,quantile,0.35,19,2026-12-05
2026-11-21,wk inc flu hosp,2,21,quantile,0.4,21,2026-12-05
2026-11-21,wk inc flu hosp,2,21,quantile,0.45,22,2026-12-05
2026-11-21,wk inc flu hosp,2,21,quantile,0.5,23,2026-12-05
2026-11-21,wk inc flu hosp,2,21,quantile,0.55,24,2026-12-05
2026-11-21,wk inc flu hosp,2,21,quantile,0.6,25,2026-12-05
2026-11-21,wk inc flu hosp,2,21,quantile,0.65,27,2026-12-05
2026-11-21,wk inc flu hosp,2,21,quantile,0.7,29,2026-12-05
2026-11-21,wk inc flu hosp,2,21,quantile,0.75,31,2026-12-05
2026-11-21,wk inc flu hosp,2,21,quantile,0.8,33,2026-12-05
2026-11-21,wk inc flu hosp,2,21,quantile,0.85,34,2026-12-05
2026-11-21,wk inc flu hosp,2,21,quantile,0.9,38,2026-12-05
2026-11-21,wk inc flu hosp,2,21,quantile,0.95,43,2026-12-05
2026-11-21,wk inc flu hosp,2,21,quantile,0.975,47,2026-12-05
2026-11-21,wk inc flu hosp,2,21,quantile,0.99,54,2026-12-05
2026-11-21,wk inc flu hosp,2,22,quantile,0.01,29,2026-12-05
2026-11-21,wk inc flu hosp,2,22,quantile,0.025,37,2026-12-05
2026-11-21,wk inc flu hosp,2,22,quantile,0.05,44,2026-12-05
2026-11-21,wk inc flu hosp,2,22,quantile,0.1,53,2026-12-05
2026-11-21,wk inc flu hosp,2,22,quantile,0.15,56,2026-12-05
2026-11-21,wk inc flu hosp,2,22,quantile,0.2,57,2026-12-05
2026-11-21,wk inc flu hosp,2,22,quantile,0.25,59,2026-12-05
2026-11-21,wk inc flu hosp,2,22,quantile,0.3,61,2026-12-05
2026-11-21,wk inc flu hosp,2,22,quantile,0.35,63,2026-12-05
2026-11-21,wk inc flu hosp,2,22,quantile,0.4,66,2026-12-05
2026-11-21,wk inc flu hosp,2,22,quantile,0.45,69,2026-12-05
2026-11-21,wk inc flu hosp,2,22,quantile,0.5,71,2026-12-05
2026-11-21,wk inc flu hosp,2,22,quantile,0.55,73,2026-12-05
2026-11-21,wk inc flu hosp,2,22,quantile,0.6,76,2026-12-05
2026-11-21,wk inc flu hosp,2,22,quantile,0.65,79,2026-12-05
2026-11-21,wk inc flu hosp,2,22,quantile,0.7,83,2026-12-05
2026-11-21,wk inc flu hosp,2,22,quantile,0.75,86,2026-12-05
2026-11-21,wk inc flu hosp,2,22,quantile,0.8,91,2026-12-05
2026-11-21,wk inc flu hosp,2,22,quantile,0.85,97,2026-12-05
2026-11-21,wk inc flu hosp,2,22,quantile,0.9,108,2026-12-05
2026-11-21,wk inc flu hosp,2,22,quantile,0.95,119,2026-12-05
2026-11-21,wk inc flu hosp,2,22,quantile,0.975,129,2026-12-05
2026-11-21,wk inc flu hosp,2,22,quantile,0.99,138,2026-12-05
2026-11-21,wk inc flu hosp,2,23,quantile,0.01,0,2026-12-05
2026-11-21,wk inc flu hosp,2,23,quantile,0.025,0,2026-12-05
2026-11-21,wk inc flu hosp,2,23,quantile,0.05,1,2026-12-05
2026-11-21,wk inc flu hosp,2,23,quantile,0.1,2,2026-12-05
2026-11-21,wk inc flu hosp,2,23,quantile,0.15,2,2026-12-05
2026-11-21,wk inc flu hosp,2,23,quantile,0.2,3,2026-12-05
2026-11-21,wk inc flu hosp,2,23,quantile,0.25,4,2026-12-05
2026-11-21,wk inc flu hosp,2,23,quantile,0.3,4,2026-12-05
2026-11-21,wk inc flu hosp,2,23,quantile,0.35,5,2026-12-05
2026-11-21,wk inc flu hosp,2,23,quantile,0.4,5,2026-12-05
2026-11-21,wk inc flu hosp,2,23,quantile,0.45,6,2026-12-05
2026-11-21,wk inc flu hosp,2,23,quantile,0.5,6,2026-12-05
2026-11-21,wk inc flu hosp,2,23,quantile,0.55,8,2026-12-05
2026-11-21,wk inc flu hosp,2,23,quantile,0.6,8,2026-12-05
2026-11-21,wk inc flu hosp,2,23,quantile,0.65,9,2026-12-05
2026-11-21,wk inc flu hosp,2,23,quantile,0.7,9,2026-12-05
2026-11-21,wk inc flu hosp,2,23,quantile,0.75,10,2026-12-05
2026-11-21,wk inc flu hosp,2,23,quantile,0.8,11,2026-12-05
2026-11-21,wk inc flu hosp,2,23,quantile,0.85,12,2026-12-05
2026-11-21,wk inc flu hosp,2,23,quantile,0.9,13,2026-12-05
2026-11-21,wk inc flu hosp,2,23,quantile,0.95,14,2026-12-05
2026-11-21,wk inc flu hosp,2,23,quantile,0.975,17,2026-12-05
2026-11-21,wk inc flu hosp,2,23,quantile,0.99,19,2026-12-05
2026-11-21,wk inc flu hosp,2,24,quantile,0.01,19,2026-12-05
2026-11-21,wk inc flu hosp,2,24,quantile,0.025,20,2026-12-05
2026-11-21,wk inc flu hosp,2,24,quantile,0.05,22,2026-12-05
2026-11-21,wk inc flu hosp,2,24,quantile,0.1,24,2026-12-05
2026-11-21,wk inc flu hosp,2,24,quantile,0.15,26,2026-12-05
2026-11-21,wk inc flu hosp,2,24,quantile,0.2,27,2026-12-05
2026-11-21,wk inc flu hosp,2,24,quantile,0.25,30,2026-12-05
2026-11-21,wk inc flu hosp,2,24,quantile,0.3,32,2026-12-05
2026-11-21,wk inc flu hosp,2,24,quantile,0.35,34,2026-12-05
2026-11-21,wk inc flu hosp,2,24,quantile,0.4,36,2026-12-05
2026-11-21,wk inc flu hosp,2,24,quantile,0.45,38,2026-12-05
2026-11-21,wk inc flu hosp,2,24,quantile,0.5,39,2026-12-05
2026-11-21,wk inc flu hosp,2,24,quantile,0.55,39,2026-12-05
2026-11-21,wk inc flu hosp,2,24,quantile,0.6,41,2026-12-05
2026-11-21,wk inc flu hosp,2,24,quantile,0.65,43,2026-12-05
2026-11-21,wk inc flu hosp,2,24,quantile,0.7,45,2026-12-05
2026-11-21,wk inc flu hosp,2,24,quantile,0.75,48,2026-12-05
2026-11-21,wk inc flu hosp,2,24,quantile,0.8,51,2026-12-05
2026-11-21,wk inc flu hosp,2,24,quantile,0.85,54,2026-12-05
2026-11-21,wk inc flu hosp,2,24,quantile,0.9,64,2026-12-05
2026-11-21,wk inc flu hosp,2,24,quantile,0.95,73,2026-12-05
2026-11-21,wk inc flu hosp,2,24,quantile,0.975,75,2026-12-05
2026-11-21,wk inc flu hosp,2,24,quantile,0.99,83,2026-12-05
2026-11-21,wk inc flu hosp,2,25,quantile,0.01,24,2026-12-05
2026-11-21,wk inc flu hosp,2,25,quantile,0.025,29,2026-12-05
2026-11-21,wk inc flu hosp,2,25,quantile,0.05,31,2026-12-05
2026-11-21,wk inc flu hosp,2,25,quantile,0.1,34,2026-12-05
2026-11-21,wk inc flu hosp,2,25,quantile,0.15,37,2026-12-05
2026-11-21,wk inc flu hosp,2,25,quantile,0.2,40,2026-12-05
2026-11-21,wk inc flu hosp,2,25,quantile,0.25,42,2026-12-05
2026-11-21,wk inc flu hosp,2,25,quantile,0.3,44,2026-12-05
2026-11-21,wk inc flu hosp,2,25,quantile,0.35,48,2026-12-05
2026-11-21,wk inc flu hosp,2,25,quantile,0.4,50,2026-12-05
2026-11-21,wk inc flu hosp,2,25,quantile,0.45,51,2026-12-05
2026-11-21,wk inc flu hosp,2,25,quantile,0.5,53,2026-12-05
2026-11-21,wk inc flu hosp,2,25,quantile,0.55,55,2026-12-05
2026-11-21,wk inc flu hosp,2,25,quantile,0.6,57,2026-12-05
2026-11-21,wk inc flu hosp,2,25,quantile,0.65,61,2026-12-05
2026-11-21,wk inc flu hosp,2,25,quantile,0.7,63,2026-12-05
2026-11-21,wk inc flu hosp,2,25,quantile,0.75,67,2026-12-05
2026-11-21,wk inc flu hosp,2,25,quantile,0.8,70,2026-12-05
2026-11-21,wk inc flu hosp,2,25,quantile,0.85,75,2026-12-05
2026-11-21,wk inc flu hosp,2,25,quantile,0.9,82,2026-12-05
2026-11-21,wk inc flu hosp,2,25,quantile,0.95,90,2026-12-05
2026-11-21,wk inc flu hosp,2,25,quantile,0.975,96,2026-12-05
2026-11-21,wk inc flu hosp,2,25,quantile,0.99,98,2026-12-05
2026-11-21,wk inc flu hosp,2,26,quantile,0.01,29,2026-12-05
2026-11-21,wk inc flu hosp,2,26,quantile,0.025,33,2026-12-05
2026-11-21,wk inc flu hosp,2,26,quantile,0.05,35,2026-12-05
2026-11-21,wk inc flu hosp,2,26,quantile,0.1,37,2026-12-05
2026-11-21,wk inc flu hosp,2,26,quantile,0.15,40,2026-12-05
2026-11-21,wk inc flu hosp,2,26,quantile,0.2,42,2026-12-05
2026-11-21,wk inc flu hosp,2,26,quantile,0.25,45,2026-12-05
2026-11-21,wk inc flu hosp,2,26,quantile,0.3,46,2026-12-05
2026-11-21,wk inc flu hosp,2,26,quantile,0.35,48,2026-12-05
2026-11-21,wk inc flu hosp,2,26,quantile,0.4,50,2026-12-05
2026-11-21,wk inc flu hosp,2,26,quantile,0.45,52,2026-12-05
2026-11-21,wk inc flu hosp,2,26,quantile,0.5,54,2026-12-05
2026-11-21,wk inc flu hosp,2,26,quantile,0.55,56,2026-12-05
2026-11-21,wk inc flu hosp,2,26,quantile,0.6,58,2026-12-05
2026-11-21,wk inc flu hosp,2,26,quantile,0.65,62,2026-12-05
2026-11-21,wk inc flu hosp,2,26,quantile,0.7,65,2026-12-05
2026-11-21,wk inc flu hosp,2,26,quantile,0.75,68,2026-12-05
2026-11-21,wk inc flu hosp,2,26,quantile,0.8,71,2026-12-05
2026-11-21,wk inc flu hosp,2,26,quantile,0.85,74,2026-12-05
2026-11-21,wk inc flu hosp,2,26,quantile,0.9,77,2026-12-05
2026-11-21,wk inc flu hosp,2,26,quantile,0.95,83,2026-12-05
2026-11-21,wk inc flu hosp,2,26,quantile,0.975,91,2026-12-05
2026-11-21,wk inc flu hosp,2,26,quantile,0.99,109,2026-12-05
2026-11-21,wk inc flu hosp,2,27,quantile,0.01,11,2026-12-05
2026-11-21,wk inc flu hosp,2,27,quantile,0.025,12,2026-12-05
2026-11-21,wk inc flu hosp,2,27,quantile,0.05,15,2026-12-05
2026-11-21,wk inc flu hosp,2,27,quantile,0.1,18,2026-12-05
2026-11-21,wk inc flu hosp,2,27,quantile,0.15,19,2026-12-05
2026-11-21,wk inc flu hosp,2,27,quantile,0.2,20,2026-12-05
2026-11-21,wk inc flu hosp,2,27,quantile,0.25,22,2026-12-05
2026-11-21,wk inc flu hosp,2,27,quantile,0.3,23,2026-12-05
2026-11-21,wk inc flu hosp,2,27,quantile,0.35,24,2026-12-05
2026-11-21,wk inc flu hosp,2,27,quantile,0.4,26,2026-12-05
2026-11-21,wk inc flu hosp,2,27,quantile,0.45,27,2026-12-05
2026-11-21,wk inc flu hosp,2,27,quantile,0.5,28,2026-12-05
2026-11-21,wk inc flu hosp,2,27,quantile,0.55,30,2026-12-05
2026-11-21,wk inc flu hosp,2,27,quantile,0.6,32,2026-12-05
2026-11-21,wk inc flu hosp,2,27,quantile,0.65,34,2026-12-05
2026-11-21,wk inc flu hosp,2,27,quantile,0.7,36,2026-12-05
2026-11-21,wk inc flu hosp,2,27,quantile,0.75,38,2026-12-05
2026-11-21,wk inc flu hosp,2,27,quantile,0.8,39,2026-12-05
2026-11-21,wk inc flu hosp,2,27,quantile,0.85,44,2026-12-05
2026-11-21,wk inc flu hosp,2,27,quantile,0.9,48,2026-12-05
2026-11-21,wk inc flu hosp,2,27,quantile,0.95,54,2026-12-05
2026-11-21,wk inc flu hosp,2,27,quantile,0.975,62,2026-12-05
2026-11-21,wk inc flu hosp,2,27,quantile,0.99,69,2026-12-05
2026-11-21,wk inc flu hosp,2,28,quantile,0.01,10,2026-12-05
2026-11-21,wk inc flu hosp,2,28,quantile,0.025,12,2026-12-05
2026-11-21,wk inc flu hosp,2,28,quantile,0.05,14,2026-12-05
2026-11-21,wk inc flu hosp,2,28,quantile,0.1,16,2026-12-05
2026-11-21,wk inc flu hosp,2,28,quantile,0.15,18,2026-12-05
2026-11-21,wk inc flu hosp,2,28,quantile,0.2,20,2026-12-05
2026-11-21,wk inc flu hosp,2,28,quantile,0.25,21,2026-12-05
2026-11-21,wk inc flu hosp,2,28,quantile,0.3,22,2026-12-05
2026-11-21,wk inc flu hosp,2,28,quantile,0.35,22,2026-12-05
2026-11-21,wk inc flu hosp,2,28,quantile,0.4,24,2026-12-05
2026-11-21,wk inc flu hosp,2,28,quantile,0.45,25,2026-12-05
2026-11-21,wk inc flu hosp,2,28,quantile,0.5,26,2026-12-05
2026-11-21,wk inc flu hosp,2,28,quantile,0.55,26,2026-12-05
2026-11-21,wk inc flu hosp,2,28,quantile,0.6,27,2026-12-05
2026-11-21,wk inc flu hosp,2,28,quantile,0.65,29,2026-12-05
2026-11-21,wk inc flu hosp,2,28,quantile,0.7,30,2026-12-05
2026-11-21,wk inc flu hosp,2,28,quantile,0.75,31,2026-12-05
2026-11-21,wk inc flu hosp,2,28,quantile,0.8,32,2026-12-05
2026-11-21,wk inc flu hosp,2,28,quantile,0.85,34,2026-12-05
2026-11-21,wk inc flu hosp,2,28,quantile,0.9,36,2026-12-05
2026-11-21,wk inc flu hosp,2,28,quantile,0.95,41,2026-12-05
2026-11-21,wk inc flu hosp,2,28,quantile,0.975,46,2026-12-05
2026-11-21,wk inc flu hosp,2,28,quantile,0.99,55,2026-12-05
2026-11-21,wk inc flu hosp,2,29,quantile,0.01,18,2026-12-05
2026-11-21,wk inc flu hosp,2,29,quantile,0.025,19,2026-12-05
2026-11-21,wk inc flu hosp,2,29,quantile,0.05,22,2026-12-05
2026-11-21,wk inc flu hosp,2,29,quantile,0.1,25,2026-12-05
2026-11-21,wk inc flu hosp,2,29,quantile,0.15,27,2026-12-05
2026-11-21,wk inc flu hosp,2,29,quantile,0.2,29,2026-12-05
2026-11-21,wk inc flu hosp,2,29,quantile,0.25,30,2026-12-05
2026-11-21,wk inc flu hosp,2,29,quantile,0.3,32,2026-12-05
2026-11-21,wk inc flu hosp,2,29,quantile,0.35,33,2026-12-05
2026-11-21,wk inc flu hosp,2,29,quantile,0.4,34,2026-12-05
2026-11-21,wk inc flu hosp,2,29,quantile,0.45,35,2026-12-05
2026-11-21,wk inc flu hosp,2,29,quantile,0.5,35,2026-12-05
2026-11-21,wk inc flu hosp,2,29,quantile,0.55,36,2026-12-05
2026-11-21,wk inc flu hosp,2,29,quantile,0.6,37,2026-12-05
2026-11-21,wk inc flu hosp,2,29,quantile,0.65,39,2026-12-05
2026-11-21,wk inc flu hosp,2,29,quantile,0.7,42,2026-12-05
2026-11-21,wk inc flu hosp,2,29,quantile,0.75,45,2026-12-05
2026-11-21,wk inc flu hosp,2,29,quantile,0.8,47,2026-12-05
2026-11-21,wk inc flu hosp,2,29,quantile,0.85,53,2026-12-05
2026-11-21,wk inc flu hosp,2,29,quantile,0.9,58,2026-12-05
2026-11-21,wk inc flu hosp,2,29,quantile,0.95,65,2026-12-05
2026-11-21,wk inc flu hosp,2,29,quantile,0.975,74,2026-12-05
2026-11-21,wk inc flu hosp,2,29,quantile,0.99,79,2026-12-05
2026-11-21,wk inc flu hosp,2,30,quantile,0.01,0,2026-12-05
2026-11-21,wk inc flu hosp,2,30,quantile,0.025,0,2026-12-05
2026-11-21,wk inc flu hosp,2,30,quantile,0.05,0,2026-12-05
2026-11-21,wk inc flu hosp,2,30,quantile,0.1,0,2026-12-05
2026-11-21,wk inc flu hosp,2,30,quantile,0.15,1,2026-12-05
2026-11-21,wk inc flu hosp,2,30,quantile,0.2,1,2026-12-05
2026-11-21,wk inc flu hosp,2,30,quantile,0.25,2,2026-12-05
2026-11-21,wk inc flu hosp,2,30,quantile,0.3,2,2026-12-05
2026-11-21,wk inc flu hosp,2,30,quantile,0.35,2,2026-12-05
2026-11-21,wk inc flu hosp,2,30,quantile,0.4,3,2026-12-05
2026-11-21,wk inc flu hosp,2,30,quantile,0.45,3,2026-12-05
2026-11-21,wk inc flu hosp,2,30,quantile,0.5,4,2026-12-05
2026-11-21,wk inc flu hosp,2,30,quantile,0.55,4,2026-12-05
2026-11-21,wk inc flu hosp,2,30,quantile,0.6,5,2026-12-05
2026-11-21,wk inc flu hosp,2,30,quantile,0.65,6,2026-12-05
2026-11-21,wk inc flu hosp,2,30,quantile,0.7,6,2026-12-05
2026-11-21,wk inc flu hosp,2,30,quantile,0.75,8,2026-12-05
2026-11-21,wk inc flu hosp,2,30,quantile,0.8,8,2026-12-05
2026-11-21,wk inc flu hosp,2,30,quantile,0.85,10,2026-12-05
2026-11-21,wk inc flu hosp,2,30,quantile,0.9,11,2026-12-05
2026-11-21,wk inc flu hosp,2,30,quantile,0.95,13,2026-12-05
2026-11-21,wk inc flu hosp,2,30,quantile,0.975,15,2026-12-05
2026-11-21,wk inc flu hosp,2,30,quantile,0.99,17,2026-12-05
2026-11-21,wk inc flu hosp,2,31,quantile,0.01,0,2026-12-05
2026-11-21,wk inc flu hosp,2,31,quantile,0.025,1,2026-12-05
2026-11-21,wk inc flu hosp,2,31,quantile,0.05,1,2026-12-05
2026-11-21,wk inc flu hosp,2,31,quantile,0.1,2,2026-12-05
2026-11-21,wk inc flu hosp,2,31,quantile,0.15,3,2026-12-05
2026-11-21,wk inc flu hosp,2,31,quantile,0.2,3,2026-12-05
2026-11-21,wk inc flu hosp,2,31,quantile,0.25,4,2026-12-05
2026-11-21,wk inc flu hosp,2,31,quantile,0.3,4,2026-12-05
2026-11-21,wk inc flu hosp,2,31,quantile,0.35,4,2026-12-05
2026-11-21,wk inc flu hosp,2,31,quantile,0.4,5,2026-12-05
2026-11-21,wk inc flu hosp,2,31,quantile,0.45,5,2026-12-05
2026-11-21,wk inc flu hosp,2,31,quantile,0.5,6,2026-12-05
2026-11-21,wk inc flu hosp,2,31,quantile,0.55,6,2026-12-05
2026-11-21,wk inc flu hosp,2,31,quantile,0.6,7,2026-12-05
2026-11-21,wk inc flu hosp,2,31,quantile,0.65,7,2026-12-05
2026-11-21,wk inc flu hosp,2,31,quantile,0.7,8,2026-12-05
2026-11-21,wk inc flu hosp,2,31,quantile,0.75,8,2026-12-05
2026-11-21,wk inc flu hosp,2,31,quantile,0.8,9,2026-12-05
2026-11-21,wk inc flu hosp,2,31,quantile,0.85,10,2026-12-05
2026-11-21,wk inc flu hosp,2,31,quantile,0.9,11,2026-12-05
2026-11-21,wk inc flu hosp,2,31,quantile,0.95,14,2026-12-05
2026-11-21,wk inc flu hosp,2,31,quantile,0.975,17,2026-12-05
2026-11-21,wk inc flu hosp,2,31,quantile,0.99,18,2026-12-05
2026-11-21,wk inc flu hosp,2,32,quantile,0.01,10,2026-12-05
2026-11-21,wk inc flu hosp,2,32,quantile,0.025,10,2026-12-05
2026-11-21,wk inc flu hosp,2,32,quantile,0.05,13,2026-12-05
2026-11-21,wk inc flu hosp,2,32,quantile,0.1,17,2026-12-05
2026-11-21,wk inc flu hosp,2,32,quantile,0.15,18,2026-12-05
2026-11-21,wk inc flu hosp,2,32,quantile,0.2,19,2026-12-05
2026-11-21,wk inc flu hosp,2,32,quantile,0.25,21,2026-12-05
2026-11-21,wk inc flu hosp,2,32,quantile,0.3,21,2026-12-05
2026-11-21,wk inc flu hosp,2,32,quantile,0.35,23,2026-12-05
2026-11-21,wk inc flu hosp,2,32,quantile,0.4,23,2026-12-05
2026-11-21,wk inc flu hosp,2,32,quantile,0.45,25,2026-12-05
2026-11-21,wk inc flu hosp,2,32,quantile,0.5,26,2026-12-05
2026-11-21,wk inc flu hosp,2,32,quantile,0.55,26,2026-12-05
2026-11-21,wk inc flu hosp,2,32,quantile,0.6,28,2026-12-05
2026-11-21,wk inc flu hosp,2,32,quantile,0.65,30,2026-12-05
2026-11-21,wk inc flu hosp,2,32,quantile,0.7,32,2026-12-05
2026-11-21,wk inc flu hosp,2,32,quantile,0.75,33,2026-12-05
2026-11-21,wk inc flu hosp,2,32,quantile,0.8,35,2026-12-05
2026-11-21,wk inc flu hosp,2,32,quantile,0.85,38,2026-12-05
2026-11-21,wk inc flu hosp,2,32,quantile,0.9,41,2026-12-05
2026-11-21,wk inc flu hosp,2,32,quantile,0.95,49,2026-12-05
2026-11-21,wk inc flu hosp,2,32,quantile,0.975,53,2026-12-05
2026-11-21,wk inc flu hosp,2,32,quantile,0.99,56,2026-12-05
2026-11-21,wk inc flu hosp,2,33,quantile,0.01,1,2026-12-05
2026-11-21,wk inc flu hosp,2,33,quantile,0.025,2,2026-12-05
2026-11-21,wk inc flu hosp,2,33,quantile,0.05,2,2026-12-05
2026-11-21,wk inc flu hosp,2,33,quantile,0.1,4,2026-12-05
2026-11-21,wk inc flu hosp,2,33,quantile,0.15,5,2026-12-05
2026-11-21,wk inc flu hosp,2,33,quantile,0.2,6,2026-12-05
2026-11-21,wk inc flu hosp,2,33,quantile,0.25,7,2026-12-05
2026-11-21,wk inc flu hosp,2,33,quantile,0.3,8,2026-12-05
2026-11-21,wk inc flu hosp,2,33,quantile,0.35,8,2026-12-05
2026-11-21,wk inc flu hosp,2,33,quantile,0.4,9,2026-12-05
2026-11-21,wk inc flu hosp,2,33,quantile,0.45,10,2026-12-05
2026-11-21,wk inc flu hosp,2,33,quantile,0.5,10,2026-12-05
2026-11-21,wk inc flu hosp,2,33,quantile,0.55,11,2026-12-05
2026-11-21,wk inc flu hosp,2,33,quantile,0.6,12,2026-12-05
2026-11-21,wk inc flu hosp,2,33,quantile,0.65,12,2026-12-05
2026-11-21,wk inc flu hosp,2,33,quantile,0.7,13,2026-12-05
2026-11-21,wk inc flu hosp,2,33,quantile,0.75,14,2026-12-05
2026-11-21,wk inc flu hosp,2,33,quantile,0.8,15,2026-12-05
2026-11-21,wk inc flu hosp,2,33,quantile,0.85,16,2026-12-05
2026-11-21,wk inc flu hosp,2,33,quantile,0.9,18,2026-12-05
2026-11-21,wk inc flu hosp,2,33,quantile,0.95,21,2026-12-05
2026-11-21,wk inc flu hosp,2,33,quantile,0.975,23,2026-12-05
2026-11-21,wk inc flu hosp,2,33,quantile,0.99,27,2026-12-05
2026-11-21,wk inc flu hosp,2,34,quantile,0.01,30,2026-12-05
2026-11-21,wk inc flu hosp,2,34,quantile,0.025,35,2026-12-05
2026-11-21,wk inc flu hosp,2,34,quantile,0.05,37,2026-12-05
2026-11-21,wk inc flu hosp,2,34,quantile,0.1,41,2026-12-05
2026-11-21,wk inc flu hosp,2,34,quantile,0.15,47,2026-12-05
2026-11-21,wk inc flu hosp,2,34,quantile,0.2,49,2026-12-05
2026-11-21,wk inc flu hosp,2,34,quantile,0.25,51,2026-12-05
2026-11-21,wk inc flu hosp,2,34,quantile,0.3,53,2026-12-05
2026-11-21,wk inc flu hosp,2,34,quantile,0.35,55,2026-12-05
2026-11-21,wk inc flu hosp,2,34,quantile,0.4,57,2026-12-05
2026-11-21,wk inc flu hosp,2,34,quantile,0.45,59,2026-12-05
2026-11-21,wk inc flu hosp,2,34,quantile,0.5,61,2026-12-05
2026-11-21,wk inc flu hosp,2,34,quantile,0.55,64,2026-12-05
2026-11-21,wk inc flu hosp,2,34,quantile,0.6,68,2026-12-05
2026-11-21,wk inc flu hosp,2,34,quantile,0.65,70,2026-12-05
2026-11-21,wk inc flu hosp,2,34,quantile,0.7,74,2026-12-05
2026-11-21,wk inc flu hosp,2,34,quantile,0.75,80,2026-12-05
2026-11-21,wk inc flu hosp,2,34,quantile,0.8,86,2026-12-05
2026-11-21,wk inc flu hosp,2,34,quantile,0.85,91,2026-12-05
2026-11-21,wk inc flu hosp,2,34,quantile,0.9,96,2026-12-05
2026-11-21,wk inc flu hosp,2,34,quantile,0.95,108,2026-12-05
2026-11-21,wk inc flu hosp,2,34,quantile,0.975,122,2026-12-05
2026-11-21,wk inc flu hosp,2,34,quantile,0.99,133,2026-12-05
2026-11-21,wk inc flu hosp,2,35,quantile,0.01,16,2026-12-05
2026-11-21,wk inc flu hosp,2,35,quantile,0.025,17,2026-12-05
2026-11-21,wk inc flu hosp,2,35,quantile,0.05,20,2026-12-05
2026-11-21,wk inc flu hosp,2,35,quantile,0.1,23,2026-12-05
2026-11-21,wk inc flu hosp,2,35,quantile,0.15,25,2026-12-05
2026-11-21,wk inc flu hosp,2,35,quantile,0.2,27,2026-12-05
2026-11-21,wk inc flu hosp,2,35,quantile,0.25,29,2026-12-05
2026-11-21,wk inc flu hosp,2,35,quantile,0.3,31,2026-12-05
2026-11-21,wk inc flu hosp,2,35,quantile,0.35,33,2026-12-05
2026-11-21,wk inc flu hosp,2,35,quantile,0.4,34,2026-12-05
2026-11-21,wk inc flu hosp,2,35,quantile,0.45,36,2026-12-05
2026-11-21,wk inc flu hosp,2,35,quantile,0.5,37,2026-12-05
2026-11-21,wk inc flu hosp,2,35,quantile,0.55,38,2026-12-05
2026-11-21,wk inc flu hosp,2,35,quantile,0.6,40,2026-12-05
2026-11-21,wk inc flu hosp,2,35,quantile,0.65,41,2026-12-05
2026-11-21,wk inc flu hosp,2,35,quantile,0.7,43,2026-12-05
2026-11-21,wk inc flu hosp,2,35,quantile,0.75,44,2026-12-05
2026-11-21,wk inc flu hosp,2,35,quantile,0.8,47,2026-12-05
2026-11-21,wk inc flu hosp,2,35,quantile,0.85,50,2026-12-05
2026-11-21,wk inc flu hosp,2,35,quantile,0.9,53,2026-12-05
2026-11-21,wk inc flu hosp,2,35,quantile,0.95,55,2026-12-05
2026-11-21,wk inc flu hosp,2,35,quantile,0.975,62,2026-12-05
2026-11-21,wk inc flu hosp,2,35,quantile,0.99,67,2026-12-05
2026-11-21,wk inc flu hosp,2,36,quantile,0.01,145,2026-12-05
2026-11-21,wk inc flu hosp,2,36,quantile,0.025,155,2026-12-05
2026-11-21,wk inc flu hosp,2,36,quantile,0.05,174,2026-12-05
2026-11-21,wk inc flu hosp,2,36,quantile,0.1,191,2026-12-05
2026-11-21,wk inc flu hosp,2,36,quantile,0.15,203,2026-12-05
2026-11-21,wk inc flu hosp,2,36,quantile,0.2,214,2026-12-05
2026-11-21,wk inc flu hosp,2,36,quantile,0.25,219,2026-12-05
2026-11-21,wk inc flu hosp,2,36,quantile,0.3,228,2026-12-05
2026-11-21,wk inc flu hosp,2,36,quantile,0.35,237,2026-12-05
2026-11-21,wk inc flu hosp,2,36,quantile,0.4,251,2026-12-05
2026-11-21,wk inc flu hosp,2,36,quantile,0.45,255,2026-12-05
2026-11-21,wk inc flu hosp,2,36,quantile,0.5,260,2026-12-05
2026-11-21,wk inc flu hosp,2,36,quantile,0.55,267,2026-12-05
2026-11-21,wk inc flu hosp,2,36,quantile,0.6,286,2026-12-05
2026-11-21,wk inc flu hosp,2,36,quantile,0.65,296,2026-12-05
2026-11-21,wk inc flu hosp,2,36,quantile,0.7,304,2026-12-05
2026-11-21,wk inc flu hosp,2,36,quantile,0.75,314,2026-12-05
2026-11-21,wk inc flu hosp,2,36,quantile,0.8,322,2026-12-05
2026-11-21,wk inc flu hosp,2,36,quantile,0.85,343,2026-12-05
2026-11-21,wk inc flu hosp,2,36,quantile,0.9,370,2026-12-05
2026-11-21,wk inc flu hosp,2,36,quantile,0.95,404,2026-12-05
2026-11-21,wk inc flu hosp,2,36,quantile,0.975,442,2026-12-05
2026-11-21,wk inc flu hosp,2,36,quantile,0.99,516,2026-12-05
2026-11-21,wk inc flu hosp,2,37,quantile,0.01,33,2026-12-05
2026-11-21,wk inc flu hosp,2,37,quantile,0.025,36,2026-12-05
2026-11-21,wk inc flu hosp,2,37,quantile,0.05,44,2026-12-05
2026-11-21,wk inc flu hosp,2,37,quantile,0.1,50,2026-12-05
2026-11-21,wk inc flu hosp,2,37,quantile,0.15,54,2026-12-05
2026-11-21,wk inc flu hosp,2,37,quantile,0.2,56,2026-12-05
2026-11-21,wk inc flu hosp,2,37,quantile,0.25,59,2026-12-05
2026-11-21,wk inc flu hosp,2,37,quantile,0.3,65,2026-12-05
2026-11-21,wk inc flu hosp,2,37,quantile,0.35,67,2026-12-05
2026-11-21,wk inc flu hosp,2,37,quantile,0.4,71,2026-12-05
2026-11-21,wk inc flu hosp,2,37,quantile,0.45,75,2026-12-05
2026-11-21,wk inc flu hosp,2,37,quantile,0.5,78,2026-12-05
2026-11-21,wk inc flu hosp,2,37,quantile,0.55,81,2026-12-05
2026-11-21,wk inc flu hosp,2,37,quantile,0.6,85,2026-12-05
2026-11-21,wk inc flu hosp,2,37,quantile,0.65,90,2026-12-05
2026-11-21,wk inc flu hosp,2,37,quantile,0.7,96,2026-12-05
2026-11-21,wk inc flu hosp,2,37,quantile,0.75,101,2026-12-05
2026-11-21,wk inc flu hosp,2,37,quantile,0.8,108,2026-12-05
2026-11-21,wk inc flu hosp,2,37,quantile,0.85,118,2026-12-05
2026-11-21,wk inc flu hosp,2,37,quantile,0.9,125,2026-12-05
2026-11-21,wk inc flu hosp,2,37,quantile,0.95,143,2026-12-05
2026-11-21,wk inc flu hosp,2,37,quantile,0.975,150,2026-12-05
2026-11-21,wk inc flu hosp,2,37,quantile,0.99,155,2026-12-05
2026-11-21,wk inc flu hosp,2,38,quantile,0.01,0,2026-12-05
2026-11-21,wk inc flu hosp,2,38,quantile,0.025,0,2026-12-05
2026-11-21,wk inc flu hosp,2,38,quantile,0.05,0,2026-12-05
2026-11-21,wk inc flu hosp,2,38,quantile,0.1,1,2026-12-05
2026-11-21,wk inc flu hosp,2,38,quantile,0.15,1,2026-12-05
2026-11-21,wk inc flu hosp,2,38,quantile,0.2,2,2026-12-05
2026-11-21,wk inc flu hosp,2,38,quantile,0.25,2,2026-12-05
2026-11-21,wk inc flu hosp,2,38,quantile,0.3,3,2026-12-05
2026-11-21,wk inc flu hosp,2,38,quantile,0.35,3,2026-12-05
2026-11-21,wk inc flu hosp,2,38,quantile,0.4,3,2026-12-05
2026-11-21,wk inc flu hosp,2,38,quantile,0.45,4,2026-12-05
2026-11-21,wk inc flu hosp,2,38,quantile,0.5,4,2026-12-05
2026-11-21,wk inc flu hosp,2,38,quantile,0.55,5,2026-12-05
2026-11-21,wk inc flu hosp,2,38,quantile,0.6,5,2026-12-05
2026-11-21,wk inc flu hosp,2,38,quantile,0.65,6,2026-12-05
2026-11-21,wk inc flu hosp,2,38,quantile,0.7,6,2026-12-05
2026-11-21,wk inc flu hosp,2,38,quantile,0.75,7,2026-12-05
2026-11-21,wk inc flu hosp,2,38,quantile,0.8,8,2026-12-05
2026-11-21,wk inc flu hosp,2,38,quantile,0.85,8,2026-12-05
2026-11-21,wk inc flu hosp,2,38,quantile,0.9,10,2026-12-05
2026-11-21,wk inc flu hosp,2,38,quantile,0.95,12,2026-12-05
2026-11-21,wk inc flu hosp,2,38,quantile,0.975,13,2026-12-05
2026-11-21,wk inc flu hosp,2,38,quantile,0.99,13,2026-12-05
2026-11-21,wk inc flu hosp,2,39,quantile,0.01,28,2026-12-05
2026-11-21,wk inc flu hosp,2,39,quantile,0.025,36,2026-12-05
2026-11-21,wk inc flu hosp,2,39,quantile,0.05,42,2026-12-05
2026-11-21,wk inc flu hosp,2,39,quantile,0.1,45,2026-12-05
2026-11-21,wk inc flu hosp,2,39,quantile,0.15,50,2026-12-05
2026-11-21,wk inc flu hosp,2,39,quantile,0.2,53,2026-12-05
2026-11-21,wk inc flu hosp,2,39,quantile,0.25,57,2026-12-05
2026-11-21,wk inc flu hosp,2,39,quantile,0.3,62,2026-12-05
2026-11-21,wk inc flu hosp,2,39,quantile,0.35,65,2026-12-05
2026-11-21,wk inc flu hosp,2,39,quantile,0.4,69,2026-12-05
2026-11-21,wk inc flu hosp,2,39,quantile,0.45,71,2026-12-05
2026-11-21,wk inc flu hosp,2,39,quantile,0.5,74,2026-12-05
2026-11-21,wk inc flu hosp,2,39,quantile,0.55,76,2026-12-05
2026-11-21,wk inc flu hosp,2,39,quantile,0.6,82,2026-12-05
2026-11-21,wk inc flu hosp,2,39,quantile,0.65,86,2026-12-05
2026-11-21,wk inc flu hosp,2,39,quantile,0.7,91,2026-12-05
2026-11-21,wk inc flu hosp,2,39,quantile,0.75,97,2026-12-05
2026-11-21,wk inc flu hosp,2,39,quantile,0.8,98,2026-12-05
2026-11-21,wk inc flu hosp,2,39,quantile,0.85,105,2026-12-05
2026-11-21,wk inc flu hosp,2,39,quantile,0.9,111,2026-12-05
2026-11-21,wk inc flu hosp,2,39,quantile,0.95,125,2026-12-05
2026-11-21,wk inc flu hosp,2,39,quantile,0.975,133,2026-12-05
2026-11-21,wk inc flu hosp,2,39,quantile,0.99,144,2026-12-05
2026-11-21,wk inc flu hosp,2,40,quantile,0.01,6,2026-12-05
2026-11-21,wk inc flu hosp,2,40,quantile,0.025,8,2026-12-05
2026-11-21,wk inc flu hosp,2,40,quantile,0.05,10,2026-12-05
2026-11-21,wk inc flu hosp,2,40,quantile,0.1,13,2026-12-05
2026-11-21,wk inc flu hosp,2,40,quantile,0.15,14,2026-12-05
2026-11-21,wk inc flu hosp,2,40,quantile,0.2,16,2026-12-05
2026-11-21,wk inc flu hosp,2,40,quantile,0.25,17,2026-12-05
2026-11-21,wk inc flu hosp,2,40,quantile,0.3,18,2026-12-05
2026-11-21,wk inc flu hosp,2,40,quantile,0.35,20,2026-12-05
2026-11-21,wk inc flu hosp,2,40,quantile,0.4,21,2026-12-05
2026-11-21,wk inc flu hosp,2,40,quantile,0.45,22,2026-12-05
2026-11-21,wk inc flu hosp,2,40,quantile,0.5,23,2026-12-05
2026-11-21,wk inc flu hosp,2,40,quantile,0.55,24,2026-12-05
2026-11-21,wk inc flu hosp,2,40,quantile,0.6,25,2026-12-05
2026-11-21,wk inc flu hosp,2,40,quantile,0.65,26,2026-12-05
2026-11-21,wk inc flu hosp,2,40,quantile,0.7,28,2026-12-05
2026-11-21,wk inc flu hosp,2,40,quantile,0.75,29,2026-12-05
2026-11-21,wk inc flu hosp,2,40,quantile,0.8,31,2026-12-05
2026-11-21,wk inc flu hosp,2,40,quantile,0.85,32,2026-12-05
2026-11-21,wk inc flu hosp,2,40,quantile,0.9,33,2026-12-05
2026-11-21,wk inc flu hosp,2,40,quantile,0.95,40,2026-12-05
2026-11-21,wk inc flu hosp,2,40,quantile,0.975,48,2026-12-05
2026-11-21,wk inc flu hosp,2,40,quantile,0.99,51,2026-12-05
2026-11-21,wk inc flu hosp,2,41,quantile,0.01,10,2026-12-05
2026-11-21,wk inc flu hosp,2,41,quantile,0.025,12,2026-12-05
2026-11-21,wk inc flu hosp,2,41,quantile,0.05,13,2026-12-05
2026-11-21,wk inc flu hosp,2,41,quantile,0.1,15,2026-12-05
2026-11-21,wk inc flu hosp,2,41,quantile,0.15,17,2026-12-05
2026-11-21,wk inc flu hosp,2,41,quantile,0.2,18,2026-12-05
2026-11-21,wk inc flu hosp,2,41,quantile,0.25,20,2026-12-05
2026-11-21,wk inc flu hosp,2,41,quantile,0.3,21,2026-12-05
2026-11-21,wk inc flu hosp,2,41,quantile,0.35,22,2026-12-05
2026-11-21,wk inc flu hosp,2,41,quantile,0.4,23,2026-12-05
2026-11-21,wk inc flu hosp,2,41,quantile,0.45,24,2026-12-05
2026-11-21,wk inc flu hosp,2,41,quantile,0.5,25,2026-12-05
2026-11-21,wk inc flu hosp,2,41,quantile,0.55,26,2026-12-05
2026-11-21,wk inc flu hosp,2,41,quantile,0.6,28,2026-12-05
2026-11-21,wk inc flu hosp,2,41,quantile,0.65,29,2026-12-05
2026-11-21,wk inc flu hosp,2,41,quantile,0.7,31,2026-12-05
2026-11-21,wk inc flu hosp,2,41,quantile,0.75,33,2026-12-05
2026-11-21,wk inc flu hosp,2,41,quantile,0.8,34,2026-12-05
2026-11-21,wk inc flu hosp,2,41,quantile,0.85,37,2026-12-05
2026-11-21,wk inc flu hosp,2,41,quantile,0.9,39,2026-12-05
2026-11-21,wk inc flu hosp,2,41,quantile,0.95,44,2026-12-05
2026-11-21,wk inc flu hosp,2,41,quantile,0.975,50,2026-12-05
2026-11-21,wk inc flu hosp,2,41,quantile,0.99,52,2026-12-05
2026-11-21,wk inc flu hosp,2,42,quantile,0.01,74,2026-12-05
2026-11-21,wk inc flu hosp,2,42,quantile,0.025,85,2026-12-05
2026-11-21,wk inc flu hosp,2,42,quantile,0.05,99,2026-12-05
2026-11-21,wk inc flu hosp,2,42,quantile,0.1,102,2026-12-05
2026-11-21,wk inc flu hosp,2,42,quantile,0.15,106,2026-12-05
2026-11-21,wk inc flu hosp,2,42,quantile,0.2,111,2026-12-05
2026-11-21,wk inc flu hosp,2,42,quantile,0.25,116,2026-12-05
2026-11-21,wk inc flu hosp,2,42,quantile,0.3,119,2026-12-05
2026-11-21,wk inc flu hosp,2,42,quantile,0.35,124,2026-12-05
2026-11-21,wk inc flu hosp,2,42,quantile,0.4,126,2026-12-05
2026-11-21,wk inc flu hosp,2,42,quantile,0.45,130,2026-12-05
2026-11-21,wk inc flu hosp,2,42,quantile,0.5,133,2026-12-05
2026-11-21,wk inc flu hosp,2,42,quantile,0.55,137,2026-12-05
2026-11-21,wk inc flu hosp,2,42,quantile,0.6,140,2026-12-05
2026-11-21,wk inc flu hosp,2,42,quantile,0.65,145,2026-12-05
2026-11-21,wk inc flu hosp,2,42,quantile,0.7,152,2026-12-05
2026-11-21,wk inc flu hosp,2,42,quantile,0.75,158,2026-12-05
2026-11-21,wk inc flu hosp,2,42,quantile,0.8,163,2026-12-05
2026-11-21,wk inc flu hosp,2,42,quantile,0.85,170,2026-12-05
2026-11-21,wk inc flu hosp,2,42,quantile,0.9,180,2026-12-05
2026-11-21,wk inc flu hosp,2,42,quantile,0.95,210,2026-12-05
2026-11-21,wk inc flu hosp,2,42,quantile,0.975,219,2026-12-05
2026-11-21,wk inc flu hosp,2,42,quantile,0.99,235,2026-12-05
2026-11-21,wk inc flu hosp,2,44,quantile,0.01,0,2026-12-05
2026-11-21,wk inc flu hosp,2,44,quantile,0.025,0,2026-12-05
2026-11-21,wk inc flu hosp,2,44,quantile,0.05,1,2026-12-05
2026-11-21,wk inc flu hosp,2,44,quantile,0.1,2,2026-12-05
2026-11-21,wk inc flu hosp,2,44,quantile,0.15,3,2026-12-05
2026-11-21,wk inc flu hosp,2,44,quantile,0.2,3,2026-12-05
2026-11-21,wk inc flu hosp,2,44,quantile,0.25,4,2026-12-05
2026-11-21,wk inc flu hosp,2,44,quantile,0.3,4,2026-12-05
2026-11-21,wk inc flu hosp,2,44,quantile,0.35,5,2026-12-05
2026-11-21,wk inc flu hosp,2,44,quantile,0.4,5,2026-12-05
2026-11-21,wk inc flu hosp,2,44,quantile,0.45,6,2026-12-05
2026-11-21,wk inc flu hosp,2,44,quantile,0.5,6,2026-12-05
2026-11-21,wk inc flu hosp,2,44,quantile,0.55,7,2026-12-05
2026-11-21,wk inc flu hosp,2,44,quantile,0.6,7,2026-12-05
2026-11-21,wk inc flu hosp,2,44,quantile,0.65,8,2026-12-05
2026-11-21,wk inc flu hosp,2,44,quantile,0.7,8,2026-12-05
2026-11-21,wk inc flu hosp,2,44,quantile,0.75,9,2026-12-05
2026-11-21,wk inc flu hosp,2,44,quantile,0.8,10,2026-12-05
2026-11-21,wk inc flu hosp,2,44,quantile,0.85,11,2026-12-05
2026-11-21,wk inc flu hosp,2,44,quantile,0.9,13,2026-12-05
2026-11-21,wk inc flu hosp,2,44,quantile,0.95,15,2026-12-05
2026-11-21,wk inc flu hosp,2,44,quantile,0.975,17,2026-12-05
2026-11-21,wk inc flu hosp,2,44,quantile,0.99,19,2026-12-05
2026-11-21,wk inc flu hosp,2,45,quantile,0.01,10,2026-12-05
2026-11-21,wk inc flu hosp,2,45,quantile,0.025,11,2026-12-05
2026-11-21,wk inc flu hosp,2,45,quantile,0.05,15,2026-12-05
2026-11-21,wk inc flu hosp,2,45,quantile,0.1,16,2026-12-05
2026-11-21,wk inc flu hosp,2,45,quantile,0.15,19,2026-12-05
2026-11-21,wk inc flu hosp,2,45,quantile,0.2,20,2026-12-05
2026-11-21,wk inc flu hosp,2,45,quantile,0.25,21,2026-12-05
2026-11-21,wk inc flu hosp,2,45,quantile,0.3,24,2026-12-05
2026-11-21,wk inc flu hosp,2,45,quantile,0.35,26,2026-12-05
2026-11-21,wk inc flu hosp,2,45,quantile,0.4,27,2026-12-05
2026-11-21,wk inc flu hosp,2,45,quantile,0.45,28,2026-12-05
2026-11-21,wk inc flu hosp,2,45,quantile,0.5,29,2026-12-05
2026-11-21,wk inc flu hosp,2,45,quantile,0.55,30,2026-12-05
2026-11-21,wk inc flu hosp,2,45,quantile,0.6,33,2026-12-05
2026-11-21,wk inc flu hosp,2,45,quantile,0.65,35,2026-12-05
2026-11-21,wk inc flu hosp,2,45,quantile,0.7,38,2026-12-05
2026-11-21,wk inc flu hosp,2,45,quantile,0.75,40,2026-12-05
2026-11-21,wk inc flu hosp,2,45,quantile,0.8,42,2026-12-05
2026-11-21,wk inc flu hosp,2,45,quantile,0.85,46,2026-12-05
2026-11-21,wk inc flu hosp,2,45,quantile,0.9,51,2026-12-05
2026-11-21,wk inc flu hosp,2,45,quantile,0.95,57,2026-12-05
2026-11-21,wk inc flu hosp,2,45,quantile,0.975,66,2026-12-05
2026-11-21,wk inc flu hosp,2,45,quantile,0.99,73,2026-12-05
2026-11-21,wk inc flu hosp,2,46,quantile,0.01,0,2026-12-05
2026-11-21,wk inc flu hosp,2,46,quantile,0.025,0,2026-12-05
2026-11-21,wk inc flu hosp,2,46,quantile,0.05,0,2026-12-05
2026-11-21,wk inc flu hosp,2,46,quantile,0.1,0,2026-12-05
2026-11-21,wk inc flu hosp,2,46,quantile,0.15,0,2026-12-05
2026-11-21,wk inc flu hosp,2,46,quantile,0.2,0,2026-12-05
2026-11-21,wk inc flu hosp,2,46,quantile,0.25,1,2026-12-05
2026-11-21,wk inc flu hosp,2,46,quantile,0.3,1,2026-12-05
2026-11-21,wk inc flu hosp,2,46,quantile,0.35,2,2026-12-05
2026-11-21,wk inc flu hosp,2,46,quantile,0.4,2,2026-12-05
2026-11-21,wk inc flu hosp,2,46,quantile,0.45,2,2026-12-05
2026-11-21,wk inc flu hosp,2,46,quantile,0.5,3,2026-12-05
2026-11-21,wk inc flu hosp,2,46,quantile,0.55,3,2026-12-05
2026-11-21,wk inc flu hosp,2,46,quantile,0.6,3,2026-12-05
2026-11-21,wk inc flu hosp,2,46,quantile,0.65,4,2026-12-05
2026-11-21,wk inc flu hosp,2,46,quantile,0.7,5,2026-12-05
2026-11-21,wk inc flu hosp,2,46,quantile,0.75,5,2026-12-05
2026-11-21,wk inc flu hosp,2,46,quantile,0.8,6,2026-12-05
2026-11-21,wk inc flu hosp,2,46,quantile,0.85,7,2026-12-05
2026-11-21,wk inc flu hosp,2,46,quantile,0.9,8,2026-12-05
2026-11-21,wk inc flu hosp,2,46,quantile,0.95,10,2026-12-05
2026-11-21,wk inc flu hosp,2,46,quantile,0.975,10,2026-12-05
2026-11-21,wk inc flu hosp,2,46,quantile,0.99,12,2026-12-05
2026-11-21,wk inc flu hosp,2,47,quantile,0.01,28,2026-12-05
2026-11-21,wk inc flu hosp,2,47,quantile,0.025,28,2026-12-05
2026-11-21,wk inc flu hosp,2,47,quantile,0.05,32,2026-12-05
2026-11-21,wk inc flu hosp,2,47,quantile,0.1,38,2026-12-05
2026-11-21,wk inc flu hosp,2,47,quantile,0.15,40,2026-12-05
2026-11-21,wk inc flu hosp,2,47,quantile,0.2,42,2026-12-05
2026-11-21,wk inc flu hosp,2,47,quantile,0.25,44,2026-12-05
2026-11-21,wk inc flu hosp,2,47,quantile,0.3,46,2026-12-05
2026-11-21,wk inc flu hosp,2,47,quantile,0.35,47,2026-12-05
2026-11-21,wk inc flu hosp,2,47,quantile,0.4,48,2026-12-05
2026-11-21,wk inc flu hosp,2,47,quantile,0.45,50,2026-12-05
2026-11-21,wk inc flu hosp,2,47,quantile,0.5,52,2026-12-05
2026-11-21,wk inc flu hosp,2,47,quantile,0.55,54,2026-12-05
2026-11-21,wk inc flu hosp,2,47,quantile,0.6,56,2026-12-05
2026-11-21,wk inc flu hosp,2,47,quantile,0.65,58,2026-12-05
2026-11-21,wk inc flu hosp,2,47,quantile,0.7,59,2026-12-05
2026-11-21,wk inc flu hosp,2,47,quantile,0.75,62,2026-12-05
2026-11-21,wk inc flu hosp,2,47,quantile,0.8,66,2026-12-05
2026-11-21,wk inc flu hosp,2,47,quantile,0.85,68,2026-12-05
2026-11-21,wk inc flu hosp,2,47,quantile,0.9,72,2026-12-05
2026-11-21,wk inc flu hosp,2,47,quantile,0.95,75,2026-12-05
2026-11-21,wk inc flu hosp,2,47,quantile,0.975,82,2026-12-05
2026-11-21,wk inc flu hosp,2,47,quantile,0.99,85,2026-12-05
2026-11-21,wk inc flu hosp,2,48,quantile,0.01,134,2026-12-05
2026-11-21,wk inc flu hosp,2,48,quantile,0.025,144,2026-12-05
2026-11-21,wk inc flu hosp,2,48,quantile,0.05,192,2026-12-05
2026-11-21,wk inc flu hosp,2,48,quantile,0.1,218,2026-12-05
2026-11-21,wk inc flu hosp,2,48,quantile,0.15,228,2026-12-05
2026-11-21,wk inc flu hosp,2,48,quantile,0.2,236,2026-12-05
2026-11-21,wk inc flu hosp,2,48,quantile,0.25,248,2026-12-05
2026-11-21,wk inc flu hosp,2,48,quantile,0.3,258,2026-12-05
2026-11-21,wk inc flu hosp,2,48,quantile,0.35,266,2026-12-05
2026-11-21,wk inc flu hosp,2,48,quantile,0.4,278,2026-12-05
2026-11-21,wk inc flu hosp,2,48,quantile,0.45,289,2026-12-05
2026-11-21,wk inc flu hosp,2,48,quantile,0.5,298,2026-12-05
2026-11-21,wk inc flu hosp,2,48,quantile,0.55,313,2026-12-05
2026-11-21,wk inc flu hosp,2,48,quantile,0.6,330,2026-12-05
2026-11-21,wk inc flu hosp,2,48,quantile,0.65,348,2026-12-05
2026-11-21,wk inc flu hosp,2,48,quantile,0.7,358,2026-12-05
2026-11-21,wk inc flu hosp,2,48,quantile,0.75,380,2026-12-05
2026-11-21,wk inc flu hosp,2,48,quantile,0.8,398,2026-12-05
2026-11-21,wk inc flu hosp,2,48,quantile,0.85,423,2026-12-05
2026-11-21,wk inc flu hosp,2,48,quantile,0.9,453,2026-12-05
2026-11-21,wk inc flu hosp,2,48,quantile,0.95,505,2026-12-05
2026-11-21,wk inc flu hosp,2,48,quantile,0.975,538,2026-12-05
2026-11-21,wk inc flu hosp,2,48,quantile,0.99,564,2026-12-05
2026-11-21,wk inc flu hosp,2,49,quantile,0.01,8,2026-12-05
2026-11-21,wk inc flu hosp,2,49,quantile,0.025,9,2026-12-05
2026-11-21,wk inc flu hosp,2,49,quantile,0.05,12,2026-12-05
2026-11-21,wk inc flu hosp,2,49,quantile,0.1,14,2026-12-05
2026-11-21,wk inc flu hosp,2,49,quantile,0.15,15,2026-12-05
2026-11-21,wk inc flu hosp,2,49,quantile,0.2,17,2026-12-05
2026-11-21,wk inc flu hosp,2,49,quantile,0.25,17,2026-12-05
2026-11-21,wk inc flu hosp,2,49,quantile,0.3,19,2026-12-05
2026-11-21,wk inc flu hosp,2,49,quantile,0.35,20,2026-12-05
2026-11-21,wk inc flu hosp,2,49,quantile,0.4,20,2026-12-05
2026-11-21,wk inc flu hosp,2,49,quantile,0.45,21,2026-12-05
2026-11-21,wk inc flu hosp,2,49,quantile,0.5,22,2026-12-05
2026-11-21,wk inc flu hosp,2,49,quantile,0.55,23,2026-12-05
2026-11-21,wk inc flu hosp,2,49,quantile,0.6,24,2026-12-05
2026-11-21,wk inc flu hosp,2,49,quantile,0.65,24,2026-12-05
2026-11-21,wk inc flu hosp,2,49,quantile,0.7,25,2026-12-05
2026-11-21,wk inc flu hosp,2,49,quantile,0.75,26,2026-12-05
2026-11-21,wk inc flu hosp,2,49,quantile,0.8,28,2026-12-05
2026-11-21,wk inc flu hosp,2,49,quantile,0.85,30,2026-12-05
2026-11-21,wk inc flu hosp,2,49,quantile,0.9,32,2026-12-05
2026-11-21,wk inc flu hosp,2,49,quantile,0.95,34,2026-12-05
2026-11-21,wk inc flu hosp,2,49,quantile,0.975,37,2026-12-05
2026-11-21,wk inc flu hosp,2,49,quantile,0.99,40,2026-12-05
2026-11-21,wk inc flu hosp,2,50,quantile,0.01,0,2026-12-05
2026-11-21,wk inc flu hosp,2,50,quantile,0.025,0,2026-12-05
2026-11-21,wk inc flu hosp,2,50,quantile,0.05,0,2026-12-05
2026-11-21,wk inc flu hosp,2,50,quantile,0.1,0,2026-12-05
2026-11-21,wk inc flu hosp,2,50,quantile,0.15,0,2026-12-05
2026-11-21,wk inc flu hosp,2,50,quantile,0.2,0,2026-12-05
2026-11-21,wk inc flu hosp,2,50,quantile,0.25,0,2026-12-05
2026-11-21,wk inc flu hosp,2,50,quantile,0.3,0,2026-12-05
2026-11-21,wk inc flu hosp,2,50,quantile,0.35,0,2026-12-05
2026-11-21,wk inc flu hosp,2,50,quantile,0.4,0,2026-12-05
2026-11-21,wk inc flu hosp,2,50,quantile,0.45,0,2026-12-05
2026-11-21,wk inc flu hosp,2,50,quantile,0.5,0,2026-12-05
2026-11-21,wk inc flu hosp,2,50,quantile,0.55,0,2026-12-05
2026-11-21,wk inc flu hosp,2,50,quantile,0.6,0,2026-12-05
2026-11-21,wk inc flu hosp,2,50,quantile,0.65,1,2026-12-05
2026-11-21,wk inc flu hosp,2,50,quantile,0.7,1,2026-12-05
2026-11-21,wk inc flu hosp,2,50,quantile,0.75,2,2026-12-05
2026-11-21,wk inc flu hosp,2,50,quantile,0.8,2,2026-12-05
2026-11-21,wk inc flu hosp,2,50,quantile,0.85,3,2026-12-05
2026-11-21,wk inc flu hosp,2,50,quantile,0.9,4,2026-12-05
2026-11-21,wk inc flu hosp,2,50,quantile,0.95,5,2026-12-05
2026-11-21,wk inc flu hosp,2,50,quantile,0.975,6,2026-12-05
2026-11-21,wk inc flu hosp,2,50,quantile,0.99,8,2026-12-05
2026-11-21,wk inc flu hosp,2,51,quantile,0.01,29,2026-12-05
2026-11-21,wk inc flu hosp,2,51,quantile,0.025,33,2026-12-05
2026-11-21,wk inc flu hosp,2,51,quantile,0.05,37,2026-12-05
2026-11-21,wk inc flu hosp,2,51,quantile,0.1,41,2026-12-05
2026-11-21,wk inc flu hosp,2,51,quantile,0.15,44,2026-12-05
2026-11-21,wk inc flu hosp,2,51,quantile,0.2,46,2026-12-05
2026-11-21,wk inc flu hosp,2,51,quantile,0.25,49,2026-12-05
2026-11-21,wk inc flu hosp,2,51,quantile,0.3,51,2026-12-05
2026-11-21,wk inc flu hosp,2,51,quantile,0.35,53,2026-12-05
2026-11-21,wk inc flu hosp,2,51,quantile,0.4,55,2026-12-05
2026-11-21,wk inc flu hosp,2,51,quantile,0.45,56,2026-12-05
2026-11-21,wk inc flu hosp,2,51,quantile,0.5,59,2026-12-05
2026-11-21,wk inc flu hosp,2,51,quantile,0.55,60,2026-12-05
2026-11-21,wk inc flu hosp,2,51,quantile,0.6,62,2026-12-05
2026-11-21,wk inc flu hosp,2,51,quantile,0.65,64,2026-12-05
2026-11-21,wk inc flu hosp,2,51,quantile,0.7,66,2026-12-05
2026-11-21,wk inc flu hosp,2,51,quantile,0.75,70,2026-12-05
2026-11-21,wk inc flu hosp,2,51,quantile,0.8,72,2026-12-05
2026-11-21,wk inc flu hosp,2,51,quantile,0.85,77,2026-12-05
2026-11-21,wk inc flu hosp,2,51,quantile,0.9,81,2026-12-05
2026-11-21,wk inc flu hosp,2,51,quantile,0.95,92,2026-12-05
2026-11-21,wk inc flu hosp,2,51,quantile,0.975,95,2026-12-05
2026-11-21,wk inc flu hosp,2,51,quantile,0.99,103,2026-12-05
2026-11-21,wk inc flu hosp,2,53,quantile,0.01,13,2026-12-05
2026-11-21,wk inc flu hosp,2,53,quantile,0.025,18,2026-12-05
2026-11-21,wk inc flu hosp,2,53,quantile,0.05,20,2026-12-05
2026-11-21,wk inc flu hosp,2,53,quantile,0.1,23,2026-12-05
2026-11-21,wk inc flu hosp,2,53,quantile,0.15,25,2026-12-05
2026-11-21,wk inc flu hosp,2,53,quantile,0.2,27,2026-12-05
2026-11-21,wk inc flu hosp,2,53,quantile,0.25,29,2026-12-05
2026-11-21,wk inc flu hosp,2,53,quantile,0.3,30,2026-12-05
2026-11-21,wk inc flu hosp,2,53,quantile,0.35,31,2026-12-05
2026-11-21,wk inc flu hosp,2,53,quantile,0.4,32,2026-12-05
2026-11-21,wk inc flu hosp,2,53,quantile,0.45,33,2026-12-05
2026-11-21,wk inc flu hosp,2,53,quantile,0.5,34,2026-12-05
2026-11-21,wk inc flu hosp,2,53,quantile,0.55,36,2026-12-05
2026-11-21,wk inc flu hosp,2,53,quantile,0.6,37,2026-12-05
2026-11-21,wk inc flu hosp,2,53,quantile,0.65,38,2026-12-05
2026-11-21,wk inc flu hosp,2,53,quantile,0.7,40,2026-12-05
2026-11-21,wk inc flu hosp,2,53,quantile,0.75,41,2026-12-05
2026-11-21,wk inc flu hosp,2,53,quantile,0.8,44,2026-12-05
2026-11-21,wk inc flu hosp,2,53,quantile,0.85,47,2026-12-05
2026-11-21,wk inc flu hosp,2,53,quantile,0.9,53,2026-12-05
2026-11-21,wk inc flu hosp,2,53,quantile,0.95,64,2026-12-05
2026-11-21,wk inc flu hosp,2,53,quantile,0.975,65,2026-12-05
2026-11-21,wk inc flu hosp,2,53,quantile,0.99,66,2026-12-05
2026-11-21,wk inc flu hosp,2,54,quantile,0.01,0,2026-12-05
2026-11-21,wk inc flu hosp,2,54,quantile,0.025,0,2026-12-05
2026-11-21,wk inc flu hosp,2,54,quantile,0.05,1,2026-12-05
2026-11-21,wk inc flu hosp,2,54,quantile,0.1,2,2026-12-05
2026-11-21,wk inc flu hosp,2,54,quantile,0.15,3,2026-12-05
2026-11-21,wk inc flu hosp,2,54,quantile,0.2,4,2026-12-05
2026-11-21,wk inc flu hosp,2,54,quantile,0.25,4,2026-12-05
2026-11-21,wk inc flu hosp,2,54,quantile,0.3,5,2026-12-05
2026-11-21,wk inc flu hosp,2,54,quantile,0.35,5,2026-12-05
2026-11-21,wk inc flu hosp,2,54,quantile,0.4,6,2026-12-05
2026-11-21,wk inc flu hosp,2,54,quantile,0.45,6,2026-12-05
2026-11-21,wk inc flu hosp,2,54,quantile,0.5,7,2026-12-05
2026-11-21,wk inc flu hosp,2,54,quantile,0.55,8,2026-12-05
2026-11-21,wk inc flu hosp,2,54,quantile,0.6,9,2026-12-05
2026-11-21,wk inc flu hosp,2,54,quantile,0.65,9,2026-12-05
2026-11-21,wk inc flu hosp,2,54,quantile,0.7,10,2026-12-05
2026-11-21,wk inc flu hosp,2,54,quantile,0.75,11,2026-12-05
2026-11-21,wk inc flu hosp,2,54,quantile,0.8,12,2026-12-05
2026-11-21,wk inc flu hosp,2,54,quantile,0.85,13,2026-12-05
2026-11-21,wk inc flu hosp,2,54,quantile,0.9,13,2026-12-05
2026-11-21,wk inc flu hosp,2,54,quantile,0.95,15,2026-12-05
2026-11-21,wk inc flu hosp,2,54,quantile,0.975,16,2026-12-05
2026-11-21,wk inc flu hosp,2,54,quantile,0.99,18,2026-12-05
2026-11-21,wk inc flu hosp,2,55,quantile,0.01,10,2026-12-05
2026-11-21,wk inc flu hosp,2,55,quantile,0.025,11,2026-12-05
2026-11-21,wk inc flu hosp,2,55,quantile,0.05,13,2026-12-05
2026-11-21,wk inc flu hosp,2,55,quantile,0.1,15,2026-12-05
2026-11-21,wk inc flu hosp,2,55,quantile,0.15,17,2026-12-05
2026-11-21,wk inc flu hosp,2,55,quantile,0.2,18,2026-12-05
2026-11-21,wk inc flu hosp,2,55,quantile,0.25,20,2026-12-05
2026-11-21,wk inc flu hosp,2,55,quantile,0.3,21,2026-12-05
2026-11-21,wk inc flu hosp,2,55,quantile,0.35,23,2026-12-05
2026-11-21,wk inc flu hosp,2,55,quantile,0.4,24,2026-12-05
2026-11-21,wk inc flu hosp,2,55,quantile,0.45,25,2026-12-05
2026-11-21,wk inc flu hosp,2,55,quantile,0.5,26,2026-12-05
2026-11-21,wk inc flu hosp,2,55,quantile,0.55,28,2026-12-05
2026-11-21,wk inc flu hosp,2,55,quantile,0.6,29,2026-12-05
2026-11-21,wk inc flu hosp,2,55,quantile,0.65,30,2026-12-05
2026-11-21,wk inc flu hosp,2,55,quantile,0.7,32,2026-12-05
2026-11-21,wk inc flu hosp,2,55,quantile,0.75,33,2026-12-05
2026-11-21,wk inc flu hosp,2,55,quantile,0.8,34,2026-12-05
2026-11-21,wk inc flu hosp,2,55,quantile,0.85,37,2026-12-05
2026-11-21,wk inc flu hosp,2,55,quantile,0.9,40,2026-12-05
2026-11-21,wk inc flu hosp,2,55,quantile,0.95,43,2026-12-05
2026-11-21,wk inc flu hosp,2,55,quantile,0.975,48,2026-12-05
2026-11-21,wk inc flu hosp,2,55,quantile,0.99,53,2026-12-05
2026-11-21,wk inc flu hosp,2,56,quantile,0.01,0,2026-12-05
2026-11-21,wk inc flu hosp,2,56,quantile,0.025,1,2026-12-05
2026-11-21,wk inc flu hosp,2,56,quantile,0.05,1,2026-12-05
2026-11-21,wk inc flu hosp,2,56,quantile,0.1,2,2026-12-05
2026-11-21,wk inc flu hosp,2,56,quantile,0.15,4,2026-12-05
2026-11-21,wk inc flu hosp,2,56,quantile,0.2,4,2026-12-05
2026-11-21,wk inc flu hosp,2,56,quantile,0.25,5,2026-12-05
2026-11-21,wk inc flu hosp,2,56,quantile,0.3,6,2026-12-05
2026-11-21,wk inc flu hosp,2,56,quantile,0.35,7,2026-12-05
2026-11-21,wk inc flu hosp,2,56,quantile,0.4,8,2026-12-05
2026-11-21,wk inc flu hosp,2,56,quantile,0.45,9,2026-12-05
2026-11-21,wk inc flu hosp,2,56,quantile,0.5,9,2026-12-05
2026-11-21,wk inc flu hosp,2,56,quantile,0.55,10,2026-12-05
2026-11-21,wk inc flu hosp,2,56,quantile,0.6,10,2026-12-05
2026-11-21,wk inc flu hosp,2,56,quantile,0.65,12,2026-12-05
2026-11-21,wk inc flu hosp,2,56,quantile,0.7,13,2026-12-05
2026-11-21,wk inc flu hosp,2,56,quantile,0.75,14,2026-12-05
2026-11-21,wk inc flu hosp,2,56,quantile,0.8,15,2026-12-05
2026-11-21,wk inc flu hosp,2,56,quantile,0.85,16,2026-12-05
2026-11-21,wk inc flu hosp,2,56,quantile,0.9,17,2026-12-05
2026-11-21,wk inc flu hosp,2,56,quantile,0.95,20,2026-12-05
2026-11-21,wk inc flu hosp,2,56,quantile,0.975,23,2026-12-05
2026-11-21,wk inc flu hosp,2,56,quantile,0.99,30,2026-12-05
2026-11-21,wk inc flu hosp,2,72,quantile,0.01,45,2026-12-05
2026-11-21,wk inc flu hosp,2,72,quantile,0.025,57,2026-12-05
2026-11-21,wk inc flu hosp,2,72,quantile,0.05,59,2026-12-05
2026-11-21,wk inc flu hosp,2,72,quantile,0.1,69,2026-12-05
2026-11-21,wk inc flu hosp,2,72,quantile,0.15,76,2026-12-05
2026-11-21,wk inc flu hosp,2,72,quantile,0.2,81,2026-12-05
2026-11-21,wk inc flu hosp,2,72,quantile,0.25,86,2026-12-05
2026-11-21,wk inc flu hosp,2,72,quantile,0.3,89,2026-12-05
2026-11-21,wk inc flu hosp,2,72,quantile,0.35,96,2026-12-05
2026-11-21,wk inc flu hosp,2,72,quantile,0.4,100,2026-12-05
2026-11-21,wk inc flu hosp,2,72,quantile,0.45,105,2026-12-05
2026-11-21,wk inc flu hosp,2,72,quantile,0.5,109,2026-12-05
2026-11-21,wk inc flu hosp,2,72,quantile,0.55,116,2026-12-05
2026-11-21,wk inc flu hosp,2,72,quantile,0.6,126,2026-12-05
2026-11-21,wk inc flu hosp,2,72,quantile,0.65,138,2026-12-05
2026-11-21,wk inc flu hosp,2,72,quantile,0.7,145,2026-12-05
2026-11-21,wk inc flu hosp,2,72,quantile,0.75,152,2026-12-05
2026-11-21,wk inc flu hosp,2,72,quantile,0.8,161,2026-12-05
2026-11-21,wk inc flu hosp,2,72,quantile,0.85,175,2026-12-05
2026-11-21,wk inc flu hosp,2,72,quantile,0.9,209,2026-12-05
2026-11-21,wk inc flu hosp,2,72,quantile,0.95,226,2026-12-05
2026-11-21,wk inc flu hosp,2,72,quantile,0.975,253,2026-12-05
2026-11-21,wk inc flu hosp,2,72,quantile,0.99,310,2026-12-05
2026-11-21,wk inc flu hosp,2,USA,quantile,0.01,2673,2026-12-05
2026-11-21,wk inc flu hosp,2,USA,quantile,0.025,2751,2026-12-05
2026-11-21,wk inc flu hosp,2,USA,quantile,0.05,2863,2026-12-05
2026-11-21,wk inc flu hosp,2,USA,quantile,0.1,2929,2026-12-05
2026-11-21,wk inc flu hosp,2,USA,quantile,0.15,3009,2026-12-05
2026-11-21,wk inc flu hosp,2,USA,quantile,0.2,3068,2026-12-05
2026-11-21,wk inc flu hosp,2,USA,quantile,0.25,3142,2026-12-05
2026-11-21,wk inc flu hosp,2,USA,quantile,0.3,3183,2026-12-05
2026-11-21,wk inc flu hosp,2,USA,quantile,0.35,3213,2026-12-05
2026-11-21,wk inc flu hosp,2,USA,quantile,0.4,3253,2026-12-05
2026-11-21,wk inc flu hosp,2,USA,quantile,0.45,3269,2026-12-05
2026-11-21,wk inc flu hosp,2,USA,quantile,0.5,3296,2026-12-05
2026-11-21,wk inc flu hosp,2,USA,quantile,0.55,3313,2026-12-05
2026-11-21,wk inc flu hosp,2,USA,quantile,0.6,3339,2026-12-05
2026-11-21,wk inc flu hosp,2,USA,quantile,0.65,3368,2026-12-05
2026-11-21,wk inc flu hosp,2,USA,quantile,0.7,3408,2026-12-05
2026-11-21,wk inc flu hosp,2,USA,quantile,0.75,3445,2026-12-05
2026-11-21,wk inc flu hosp,2,USA,quantile,0.8,3522,2026-12-05
2026-11-21,wk inc flu hosp,2,USA,quantile,0.85,3580,2026-12-05
2026-11-21,wk inc flu hosp,2,USA,quantile,0.9,3691,2026-12-05
2026-11-21,wk inc flu hosp,2,USA,quantile,0.95,3780,2026-12-05
2026-11-21,wk inc flu hosp,2,USA,quantile,0.975,3847,2026-12-05
2026-11-21,wk inc flu hosp,2,USA,quantile,0.99,4054,2026-12-05
2026-11-21,wk inc flu hosp,3,01,quantile,0.01,25,2026-12-12
2026-11-21,wk inc flu hosp,3,01,quantile,0.025,30,2026-12-12
2026-11-21,wk inc flu hosp,3,01,quantile,0.05,31,2026-12-12
2026-11-21,wk inc flu hosp,3,01,quantile,0.1,33,2026-12-12
2026-11-21,wk inc flu hosp,3,01,quantile,0.15,36,2026-12-12
2026-11-21,wk inc flu hosp,3,01,quantile,0.2,40,2026-12-12
2026-11-21,wk inc flu hosp,3,01,quantile,0.25,42,2026-12-12
2026-11-21,wk inc flu hosp,3,01,quantile,0.3,43,2026-12-12
2026-11-21,wk inc flu hosp,3,01,quantile,0.35,45,2026-12-12
2026-11-21,wk inc flu hosp,3,01,quantile,0.4,47,2026-12-12
2026-11-21,wk inc flu hosp,3,01,quantile,0.45,50,2026-12-12
2026-11-21,wk inc flu hosp,3,01,quantile,0.5,52,2026-12-12
2026-11-21,wk inc flu hosp,3,01,quantile,0.55,54,2026-12-12
2026-11-21,wk inc flu hosp,3,01,quantile,0.6,56,2026-12-12
2026-11-21,wk inc flu hosp,3,01,quantile,0.65,57,2026-12-12
2026-11-21,wk inc flu hosp,3,01,quantile,0.7,59,2026-12-12
2026-11-21,wk inc flu hosp,3,01,quantile,0.75,60,2026-12-12
2026-11-21,wk inc flu hosp,3,01,quantile,0.8,63,2026-12-12
2026-11-21,wk inc flu hosp,3,01,quantile,0.85,67,2026-12-12
2026-11-21,wk inc flu hosp,3,01,quantile,0.9,71,2026-12-12
2026-11-21,wk inc flu hosp,3,01,quantile,0.95,80,2026-12-12
2026-11-21,wk inc flu hosp,3,01,quantile,0.975,93,2026-12-12
2026-11-21,wk inc flu hosp,3,01,quantile,0.99,104,2026-12-12
2026-11-21,wk inc flu hosp,3,02,quantile,0.01,0,2026-12-12
2026-11-21,wk inc flu hosp,3,02,quantile,0.025,0,2026-12-12
2026-11-21,wk inc flu hosp,3,02,quantile,0.05,0,2026-12-12
2026-11-21,wk inc flu hosp,3,02,quantile,0.1,1,2026-12-12
2026-11-21,wk inc flu hosp,3,02,quantile,0.15,2,2026-12-12
2026-11-21,wk inc flu hosp,3,02,quantile,0.2,3,2026-12-12
2026-11-21,wk inc flu hosp,3,02,quantile,0.25,4,2026-12-12
2026-11-21,wk inc flu hosp,3,02,quantile,0.3,5,2026-12-12
2026-11-21,wk inc flu hosp,3,02,quantile,0.35,6,2026-12-12
2026-11-21,wk inc flu hosp,3,02,quantile,0.4,6,2026-12-12
2026-11-21,wk inc flu hosp,3,02,quantile,0.45,7,2026-12-12
2026-11-21,wk inc flu hosp,3,02,quantile,0.5,8,2026-12-12
2026-11-21,wk inc flu hosp,3,02,quantile,0.55,9,2026-12-12
2026-11-21,wk inc flu hosp,3,02,quantile,0.6,10,2026-12-12
2026-11-21,wk inc flu hosp,3,02,quantile,0.65,10,2026-12-12
2026-11-21,wk inc flu hosp,3,02,quantile,0.7,11,2026-12-12
2026-11-21,wk inc flu hosp,3,02,quantile,0.75,12,2026-12-12
2026-11-21,wk inc flu hosp,3,02,quantile,0.8,13,2026-12-12
2026-11-21,wk inc flu hosp,3,02,quantile,0.85,15,2026-12-12
2026-11-21,wk inc flu hosp,3,02,quantile,0.9,17,2026-12-12
2026-11-21,wk inc flu hosp,3,02,quantile,0.95,20,2026-12-12
2026-11-21,wk inc flu hosp,3,02,quantile,0.975,22,2026-12-12
2026-11-21,wk inc flu hosp,3,02,quantile,0.99,27,2026-12-12
2026-11-21,wk inc flu hosp,3,04,quantile,0.01,106,2026-12-12
2026-11-21,wk inc flu hosp,3,04,quantile,0.025,127,2026-12-12
2026-11-21,wk inc flu hosp,3,04,quantile,0.05,130,2026-12-12
2026-11-21,wk inc flu hosp,3,04,quantile,0.1,147,2026-12-12
2026-11-21,wk inc flu hosp,3,04,quantile,0.15,153,2026-12-12
2026-11-21,wk inc flu hosp,3,04,quantile,0.2,170,2026-12-12
2026-11-21,wk inc flu hosp,3,04,quantile,0.25,178,2026-12-12
2026-11-21,wk inc flu hosp,3,04,quantile,0.3,188,2026-12-12
2026-11-21,wk inc flu hosp,3,04,quantile,0.35,196,2026-12-12
2026-11-21,wk inc flu hosp,3,04,quantile,0.4,205,2026-12-12
2026-11-21,wk inc flu hosp,3,04,quantile,0.45,212,2026-12-12
2026-11-21,wk inc flu hosp,3,04,quantile,0.5,223,2026-12-12
2026-11-21,wk inc flu hosp,3,04,quantile,0.55,234,2026-12-12
2026-11-21,wk inc flu hosp,3,04,quantile,0.6,251,2026-12-12
2026-11-21,wk inc flu hosp,3,04,quantile,0.65,261,2026-12-12
2026-11-21,wk inc flu hosp,3,04,quantile,0.7,272,2026-12-12
2026-11-21,wk inc flu hosp,3,04,quantile,0.75,289,2026-12-12
2026-11-21,wk inc flu hosp,3,04,quantile,0.8,304,2026-12-12
2026-11-21,wk inc flu hosp,3,04,quantile,0.85,315,2026-12-12
2026-11-21,wk inc flu hosp,3,04,quantile,0.9,339,2026-12-12
2026-11-21,wk inc flu hosp,3,04,quantile,0.95,357,2026-12-12
2026-11-21,wk inc flu hosp,3,04,quantile,0.975,398,2026-12-12
2026-11-21,wk inc flu hosp,3,04,quantile,0.99,414,2026-12-12
2026-11-21,wk inc flu hosp,3,05,quantile,0.01,9,2026-12-12
2026-11-21,wk inc flu hosp,3,05,quantile,0.025,11,2026-12-12
2026-11-21,wk inc flu hosp,3,05,quantile,0.05,14,2026-12-12
2026-11-21,wk inc flu hosp,3,05,quantile,0.1,16,2026-12-12
2026-11-21,wk inc flu hosp,3,05,quantile,0.15,17,2026-12-12
2026-11-21,wk inc flu hosp,3,05,quantile,0.2,19,2026-12-12
2026-11-21,wk inc flu hosp,3,05,quantile,0.25,20,2026-12-12
2026-11-21,wk inc flu hosp,3,05,quantile,0.3,21,2026-12-12
2026-11-21,wk inc flu hosp,3,05,quantile,0.35,22,2026-12-12
2026-11-21,wk inc flu hosp,3,05,quantile,0.4,24,2026-12-12
2026-11-21,wk inc flu hosp,3,05,quantile,0.45,25,2026-12-12
2026-11-21,wk inc flu hosp,3,05,quantile,0.5,26,2026-12-12
2026-11-21,wk inc flu hosp,3,05,quantile,0.55,26,2026-12-12
2026-11-21,wk inc flu hosp,3,05,quantile,0.6,28,2026-12-12
2026-11-21,wk inc flu hosp,3,05,quantile,0.65,29,2026-12-12
2026-11-21,wk inc flu hosp,3,05,quantile,0.7,31,2026-12-12
2026-11-21,wk inc flu hosp,3,05,quantile,0.75,33,2026-12-12
2026-11-21,wk inc flu hosp,3,05,quantile,0.8,34,2026-12-12
2026-11-21,wk inc flu hosp,3,05,quantile,0.85,36,2026-12-12
2026-11-21,wk inc flu hosp,3,05,quantile,0.9,40,2026-12-12
2026-11-21,wk inc flu hosp,3,05,quantile,0.95,43,2026-12-12
2026-11-21,wk inc flu hosp,3,05,quantile,0.975,45,2026-12-12
2026-11-21,wk inc flu hosp,3,05,quantile,0.99,53,2026-12-12
2026-11-21,wk inc flu hosp,3,06,quantile,0.01,243,2026-12-12
2026-11-21,wk inc flu hosp,3,06,quantile,0.025,261,2026-12-12
2026-11-21,wk inc flu hosp,3,06,quantile,0.05,284,2026-12-12
2026-11-21,wk inc flu hosp,3,06,quantile,0.1,304,2026-12-12
2026-11-21,wk inc flu hosp,3,06,quantile,0.15,328,2026-12-12
2026-11-21,wk inc flu hosp,3,06,quantile,0.2,352,2026-12-12
2026-11-21,wk inc flu hosp,3,06,quantile,0.25,365,2026-12-12
2026-11-21,wk inc flu hosp,3,06,quantile,0.3,376,2026-12-12
2026-11-21,wk inc flu hosp,3,06,quantile,0.35,381,2026-12-12
2026-11-21,wk inc flu hosp,3,06,quantile,0.4,396,2026-12-12
2026-11-21,wk inc flu hosp,3,06,quantile,0.45,418,2026-12-12
2026-11-21,wk inc flu hosp,3,06,quantile,0.5,430,2026-12-12
2026-11-21,wk inc flu hosp,3,06,quantile,0.55,438,2026-12-12
2026-11-21,wk inc flu hosp,3,06,quantile,0.6,452,2026-12-12
2026-11-21,wk inc flu hosp,3,06,quantile,0.65,468,2026-12-12
2026-11-21,wk inc flu hosp,3,06,quantile,0.7,482,2026-12-12
2026-11-21,wk inc flu hosp,3,06,quantile,0.75,498,2026-12-12
2026-11-21,wk inc flu hosp,3,06,quantile,0.8,523,2026-12-12
2026-11-21,wk inc flu hosp,3,06,quantile,0.85,554,2026-12-12
2026-11-21,wk inc flu hosp,3,06,quantile,0.9,612,2026-12-12
2026-11-21,wk inc flu hosp,3,06,quantile,0.95,678,2026-12-12
2026-11-21,wk inc flu hosp,3,06,quantile,0.975,754,2026-12-12
2026-11-21,wk inc flu hosp,3,06,quantile,0.99,798,2026-12-12
2026-11-21,wk inc flu hosp,3,08,quantile,0.01,48,2026-12-12
2026-11-21,wk inc flu hosp,3,08,quantile,0.025,50,2026-12-12
2026-11-21,wk inc flu hosp,3,08,quantile,0.05,52,2026-12-12
2026-11-21,wk inc flu hosp,3,08,quantile,0.1,59,2026-12-12
2026-11-21,wk inc flu hosp,3,08,quantile,0.15,63,2026-12-12
2026-11-21,wk inc flu hosp,3,08,quantile,0.2,65,2026-12-12
2026-11-21,wk inc flu hosp,3,08,quantile,0.25,67,2026-12-12
2026-11-21,wk inc flu hosp,3,08,quantile,0.3,71,2026-12-12
2026-11-21,wk inc flu hosp,3,08,quantile,0.35,73,2026-12-12
2026-11-21,wk inc flu hosp,3,08,quantile,0.4,76,2026-12-12
2026-11-21,wk inc flu hosp,3,08,quantile,0.45,78,2026-12-12
2026-11-21,wk inc flu hosp,3,08,quantile,0.5,82,2026-12-12
2026-11-21,wk inc flu hosp,3,08,quantile,0.55,85,2026-12-12
2026-11-21,wk inc flu hosp,3,08,quantile,0.6,93,2026-12-12
2026-11-21,wk inc flu hosp,3,08,quantile,0.65,97,2026-12-12
2026-11-21,wk inc flu hosp,3,08,quantile,0.7,104,2026-12-12
2026-11-21,wk inc flu hosp,3,08,quantile,0.75,109,2026-12-12
2026-11-21,wk inc flu hosp,3,08,quantile,0.8,114,2026-12-12
2026-11-21,wk inc flu hosp,3,08,quantile,0.85,117,2026-12-12
2026-11-21,wk inc flu hosp,3,08,quantile,0.9,125,2026-12-12
2026-11-21,wk inc flu hosp,3,08,quantile,0.95,139,2026-12-12
2026-11-21,wk inc flu hosp,3,08,quantile,0.975,158,2026-12-12
2026-11-21,wk inc flu hosp,3,08,quantile,0.99,169,2026-12-12
2026-11-21,wk inc flu hosp,3,09,quantile,0.01,9,2026-12-12
2026-11-21,wk inc flu hosp,3,09,quantile,0.025,12,2026-12-12
2026-11-21,wk inc flu hosp,3,09,quantile,0.05,15,2026-12-12
2026-11-21,wk inc flu hosp,3,09,quantile,0.1,18,2026-12-12
2026-11-21,wk inc flu hosp,3,09,quantile,0.15,21,2026-12-12
2026-11-21,wk inc flu hosp,3,09,quantile,0.2,22,2026-12-12
2026-11-21,wk inc flu hosp,3,09,quantile,0.25,23,2026-12-12
2026-11-21,wk inc flu hosp,3,09,quantile,0.3,25,2026-12-12
2026-11-21,wk inc flu hosp,3,09,quantile,0.35,27,2026-12-12
2026-11-21,wk inc flu hosp,3,09,quantile,0.4,29,2026-12-12
2026-11-21,wk inc flu hosp,3,09,quantile,0.45,29,2026-12-12
2026-11-21,wk inc flu hosp,3,09,quantile,0.5,32,2026-12-12
2026-11-21,wk inc flu hosp,3,09,quantile,0.55,33,2026-12-12
2026-11-21,wk inc flu hosp,3,09,quantile,0.6,36,2026-12-12
2026-11-21,wk inc flu hosp,3,09,quantile,0.65,38,2026-12-12
2026-11-21,wk inc flu hosp,3,09,quantile,0.7,41,2026-12-12
2026-11-21,wk inc flu hosp,3,09,quantile,0.75,43,2026-12-12
2026-11-21,wk inc flu hosp,3,09,quantile,0.8,46,2026-12-12
2026-11-21,wk inc flu hosp,3,09,quantile,0.85,52,2026-12-12
2026-11-21,wk inc flu hosp,3,09,quantile,0.9,56,2026-12-12
2026-11-21,wk inc flu hosp,3,09,quantile,0.95,63,2026-12-12
2026-11-21,wk inc flu hosp,3,09,quantile,0.975,65,2026-12-12
2026-11-21,wk inc flu hosp,3,09,quantile,0.99,78,2026-12-12
2026-11-21,wk inc flu hosp,3,10,quantile,0.01,2,2026-12-12
2026-11-21,wk inc flu hosp,3,10,quantile,0.025,2,2026-12-12
2026-11-21,wk inc flu hosp,3,10,quantile,0.05,3,2026-12-12
2026-11-21,wk inc flu hosp,3,10,quantile,0.1,4,2026-12-12
2026-11-21,wk inc flu hosp,3,10,quantile,0.15,5,2026-12-12
2026-11-21,wk inc flu hosp,3,10,quantile,0.2,6,2026-12-12
2026-11-21,wk inc flu hosp,3,10,quantile,0.25,6,2026-12-12
2026-11-21,wk inc flu hosp,3,10,quantile,0.3,7,2026-12-12
2026-11-21,wk inc flu hosp,3,10,quantile,0.35,8,2026-12-12
2026-11-21,wk inc flu hosp,3,10,quantile,0.4,8,2026-12-12
2026-11-21,wk inc flu hosp,3,10,quantile,0.45,9,2026-12-12
2026-11-21,wk inc flu hosp,3,10,quantile,0.5,9,2026-12-12
2026-11-21,wk inc flu hosp,3,10,quantile,0.55,10,2026-12-12
2026-11-21,wk inc flu hosp,3,10,quantile,0.6,11,2026-12-12
2026-11-21,wk inc flu hosp,3,10,quantile,0.65,12,2026-12-12
2026-11-21,wk inc flu hosp,3,10,quantile,0.7,12,2026-12-12
2026-11-21,wk inc flu hosp,3,10,quantile,0.75,13,2026-12-12
2026-11-21,wk inc flu hosp,3,10,quantile,0.8,14,2026-12-12
2026-11-21,wk inc flu hosp,3,10,quantile,0.85,16,2026-12-12
2026-11-21,wk inc flu hosp,3,10,quantile,0.9,17,2026-12-12
2026-11-21,wk inc flu hosp,3,10,quantile,0.95,19,2026-12-12
2026-11-21,wk inc flu hosp,3,10,quantile,0.975,22,2026-12-12
2026-11-21,wk inc flu hosp,3,10,quantile,0.99,24,2026-12-12
2026-11-21,wk inc flu hosp,3,11,quantile,0.01,0,2026-12-12
2026-11-21,wk inc flu hosp,3,11,quantile,0.025,0,2026-12-12
2026-11-21,wk inc flu hosp,3,11,quantile,0.05,0,2026-12-12
2026-11-21,wk inc flu hosp,3,11,quantile,0.1,0,2026-12-12
2026-11-21,wk inc flu hosp,3,11,quantile,0.15,2,2026-12-12
2026-11-21,wk inc flu hosp,3,11,quantile,0.2,2,2026-12-12
2026-11-21,wk inc flu hosp,3,11,quantile,0.25,3,2026-12-12
2026-11-21,wk inc flu hosp,3,11,quantile,0.3,4,2026-12-12
2026-11-21,wk inc flu hosp,3,11,quantile,0.35,5,2026-12-12
2026-11-21,wk inc flu hosp,3,11,quantile,0.4,6,2026-12-12
2026-11-21,wk inc flu hosp,3,11,quantile,0.45,7,2026-12-12
2026-11-21,wk inc flu hosp,3,11,quantile,0.5,8,2026-12-12
2026-11-21,wk inc flu hosp,3,11,quantile,0.55,9,2026-12-12
2026-11-21,wk inc flu hosp,3,11,quantile,0.6,9,2026-12-12
2026-11-21,wk inc flu hosp,3,11,quantile,0.65,10,2026-12-12
2026-11-21,wk inc flu hosp,3,11,quantile,0.7,11,2026-12-12
2026-11-21,wk inc flu hosp,3,11,quantile,0.75,13,2026-12-12
2026-11-21,wk inc flu hosp,3,11,quantile,0.8,14,2026-12-12
2026-11-21,wk inc flu hosp,3,11,quantile,0.85,17,2026-12-12
2026-11-21,wk inc flu hosp,3,11,quantile,0.9,22,2026-12-12
2026-11-21,wk inc flu hosp,3,11,quantile,0.95,27,2026-12-12
2026-11-21,wk inc flu hosp,3,11,quantile,0.975,32,2026-12-12
2026-11-21,wk inc flu hosp,3,11,quantile,0.99,35,2026-12-12
2026-11-21,wk inc flu hosp,3,12,quantile,0.01,251,2026-12-12
2026-11-21,wk inc flu hosp,3,12,quantile,0.025,280,2026-12-12
2026-11-21,wk inc flu hosp,3,12,quantile,0.05,286,2026-12-12
2026-11-21,wk inc flu hosp,3,12,quantile,0.1,315,2026-12-12
2026-11-21,wk inc flu hosp,3,12,quantile,0.15,337,2026-12-12
2026-11-21,wk inc flu hosp,3,12,quantile,0.2,378,2026-12-12
2026-11-21,wk inc flu hosp,3,12,quantile,0.25,394,2026-12-12
2026-11-21,wk inc flu hosp,3,12,quantile,0.3,406,2026-12-12
2026-11-21,wk inc flu hosp,3,12,quantile,0.35,416,2026-12-12
2026-11-21,wk inc flu hosp,3,12,quantile,0.4,429,2026-12-12
2026-11-21,wk inc flu hosp,3,12,quantile,0.45,438,2026-12-12
2026-11-21,wk inc flu hosp,3,12,quantile,0.5,453,2026-12-12
2026-11-21,wk inc flu hosp,3,12,quantile,0.55,472,2026-12-12
2026-11-21,wk inc flu hosp,3,12,quantile,0.6,483,2026-12-12
2026-11-21,wk inc flu hosp,3,12,quantile,0.65,504,2026-12-12
2026-11-21,wk inc flu hosp,3,12,quantile,0.7,520,2026-12-12
2026-11-21,wk inc flu hosp,3,12,quantile,0.75,541,2026-12-12
2026-11-21,wk inc flu hosp,3,12,quantile,0.8,552,2026-12-12
2026-11-21,wk inc flu hosp,3,12,quantile,0.85,578,2026-12-12
2026-11-21,wk inc flu hosp,3,12,quantile,0.9,612,2026-12-12
2026-11-21,wk inc flu hosp,3,12,quantile,0.95,694,2026-12-12
2026-11-21,wk inc flu hosp,3,12,quantile,0.975,722,2026-12-12
2026-11-21,wk inc flu hosp,3,12,quantile,0.99,765,2026-12-12
2026-11-21,wk inc flu hosp,3,13,quantile,0.01,45,2026-12-12
2026-11-21,wk inc flu hosp,3,13,quantile,0.025,46,2026-12-12
2026-11-21,wk inc flu hosp,3,13,quantile,0.05,54,2026-12-12
2026-11-21,wk inc flu hosp,3,13,quantile,0.1,59,2026-12-12
2026-11-21,wk inc flu hosp,3,13,quantile,0.15,65,2026-12-12
2026-11-21,wk inc flu hosp,3,13,quantile,0.2,69,2026-12-12
2026-11-21,wk inc flu hosp,3,13,quantile,0.25,74,2026-12-12
2026-11-21,wk inc flu hosp,3,13,quantile,0.3,78,2026-12-12
2026-11-21,wk inc flu hosp,3,13,quantile,0.35,80,2026-12-12
2026-11-21,wk inc flu hosp,3,13,quantile,0.4,84,2026-12-12
2026-11-21,wk inc flu hosp,3,13,quantile,0.45,85,2026-12-12
2026-11-21,wk inc flu hosp,3,13,quantile,0.5,88,2026-12-12
2026-11-21,wk inc flu hosp,3,13,quantile,0.55,91,2026-12-12
2026-11-21,wk inc flu hosp,3,13,quantile,0.6,95,2026-12-12
2026-11-21,wk inc flu hosp,3,13,quantile,0.65,98,2026-12-12
2026-11-21,wk inc flu hosp,3,13,quantile,0.7,104,2026-12-12
2026-11-21,wk inc flu hosp,3,13,quantile,0.75,107,2026-12-12
2026-11-21,wk inc flu hosp,3,13,quantile,0.8,114,2026-12-12
2026-11-21,wk inc flu hosp,3,13,quantile,0.85,119,2026-12-12
2026-11-21,wk inc flu hosp,3,13,quantile,0.9,122,2026-12-12
2026-11-21,wk inc flu hosp,3,13,quantile,0.95,143,2026-12-12
2026-11-21,wk inc flu hosp,3,13,quantile,0.975,154,2026-12-12
2026-11-21,wk inc flu hosp,3,13,quantile,0.99,164,2026-12-12
2026-11-21,wk inc flu hosp,3,15,quantile,0.01,7,2026-12-12
2026-11-21,wk inc flu hosp,3,15,quantile,0.025,8,2026-12-12
2026-11-21,wk inc flu hosp,3,15,quantile,0.05,10,2026-12-12
2026-11-21,wk inc flu hosp,3,15,quantile,0.1,12,2026-12-12
2026-11-21,wk inc flu hosp,3,15,quantile,0.15,14,2026-12-12
2026-11-21,wk inc flu hosp,3,15,quantile,0.2,17,2026-12-12
2026-11-21,wk inc flu hosp,3,15,quantile,0.25,20,2026-12-12
2026-11-21,wk inc flu hosp,3,15,quantile,0.3,21,2026-12-12
2026-11-21,wk inc flu hosp,3,15,quantile,0.35,23,2026-12-12
2026-11-21,wk inc flu hosp,3,15,quantile,0.4,24,2026-12-12
2026-11-21,wk inc flu hosp,3,15,quantile,0.45,25,2026-12-12
2026-11-21,wk inc flu hosp,3,15,quantile,0.5,26,2026-12-12
2026-11-21,wk inc flu hosp,3,15,quantile,0.55,28,2026-12-12
2026-11-21,wk inc flu hosp,3,15,quantile,0.6,30,2026-12-12
2026-11-21,wk inc flu hosp,3,15,quantile,0.65,31,2026-12-12
2026-11-21,wk inc flu hosp,3,15,quantile,0.7,33,2026-12-12
2026-11-21,wk inc flu hosp,3,15,quantile,0.75,36,2026-12-12
2026-11-21,wk inc flu hosp,3,15,quantile,0.8,38,2026-12-12
2026-11-21,wk inc flu hosp,3,15,quantile,0.85,39,2026-12-12
2026-11-21,wk inc flu hosp,3,15,quantile,0.9,43,2026-12-12
2026-11-21,wk inc flu hosp,3,15,quantile,0.95,50,2026-12-12
2026-11-21,wk inc flu hosp,3,15,quantile,0.975,53,2026-12-12
2026-11-21,wk inc flu hosp,3,15,quantile,0.99,61,2026-12-12
2026-11-21,wk inc flu hosp,3,16,quantile,0.01,15,2026-12-12
2026-11-21,wk inc flu hosp,3,16,quantile,0.025,15,2026-12-12
2026-11-21,wk inc flu hosp,3,16,quantile,0.05,18,2026-12-12
2026-11-21,wk inc flu hosp,3,16,quantile,0.1,20,2026-12-12
2026-11-21,wk inc flu hosp,3,16,quantile,0.15,23,2026-12-12
2026-11-21,wk inc flu hosp,3,16,quantile,0.2,25,2026-12-12
2026-11-21,wk inc flu hosp,3,16,quantile,0.25,26,2026-12-12
2026-11-21,wk inc flu hosp,3,16,quantile,0.3,28,2026-12-12
2026-11-21,wk inc flu hosp,3,16,quantile,0.35,28,2026-12-12
2026-11-21,wk inc flu hosp,3,16,quantile,0.4,30,2026-12-12
2026-11-21,wk inc flu hosp,3,16,quantile,0.45,31,2026-12-12
2026-11-21,wk inc flu hosp,3,16,quantile,0.5,32,2026-12-12
2026-11-21,wk inc flu hosp,3,16,quantile,0.55,32,2026-12-12
2026-11-21,wk inc flu hosp,3,16,quantile,0.6,33,2026-12-12
2026-11-21,wk inc flu hosp,3,16,quantile,0.65,35,2026-12-12
2026-11-21,wk inc flu hosp,3,16,quantile,0.7,36,2026-12-12
2026-11-21,wk inc flu hosp,3,16,quantile,0.75,37,2026-12-12
2026-11-21,wk inc flu hosp,3,16,quantile,0.8,40,2026-12-12
2026-11-21,wk inc flu hosp,3,16,quantile,0.85,42,2026-12-12
2026-11-21,wk inc flu hosp,3,16,quantile,0.9,46,2026-12-12
2026-11-21,wk inc flu hosp,3,16,quantile,0.95,48,2026-12-12
2026-11-21,wk inc flu hosp,3,16,quantile,0.975,53,2026-12-12
2026-11-21,wk inc flu hosp,3,16,quantile,0.99,57,2026-12-12
2026-11-21,wk inc flu hosp,3,17,quantile,0.01,41,2026-12-12
2026-11-21,wk inc flu hosp,3,17,quantile,0.025,44,2026-12-12
2026-11-21,wk inc flu hosp,3,17,quantile,0.05,52,2026-12-12
2026-11-21,wk inc flu hosp,3,17,quantile,0.1,59,2026-12-12
2026-11-21,wk inc flu hosp,3,17,quantile,0.15,66,2026-12-12
2026-11-21,wk inc flu hosp,3,17,quantile,0.2,70,2026-12-12
2026-11-21,wk inc flu hosp,3,17,quantile,0.25,73,2026-12-12
2026-11-21,wk inc flu hosp,3,17,quantile,0.3,77,2026-12-12
2026-11-21,wk inc flu hosp,3,17,quantile,0.35,83,2026-12-12
2026-11-21,wk inc flu hosp,3,17,quantile,0.4,85,2026-12-12
2026-11-21,wk inc flu hosp,3,17,quantile,0.45,88,2026-12-12
2026-11-21,wk inc flu hosp,3,17,quantile,0.5,90,2026-12-12
2026-11-21,wk inc flu hosp,3,17,quantile,0.55,93,2026-12-12
2026-11-21,wk inc flu hosp,3,17,quantile,0.6,96,2026-12-12
2026-11-21,wk inc flu hosp,3,17,quantile,0.65,100,2026-12-12
2026-11-21,wk inc flu hosp,3,17,quantile,0.7,105,2026-12-12
2026-11-21,wk inc flu hosp,3,17,quantile,0.75,113,2026-12-12
2026-11-21,wk inc flu hosp,3,17,quantile,0.8,120,2026-12-12
2026-11-21,wk inc flu hosp,3,17,quantile,0.85,127,2026-12-12
2026-11-21,wk inc flu hosp,3,17,quantile,0.9,132,2026-12-12
2026-11-21,wk inc flu hosp,3,17,quantile,0.95,154,2026-12-12
2026-11-21,wk inc flu hosp,3,17,quantile,0.975,164,2026-12-12
2026-11-21,wk inc flu hosp,3,17,quantile,0.99,170,2026-12-12
2026-11-21,wk inc flu hosp,3,18,quantile,0.01,32,2026-12-12
2026-11-21,wk inc flu hosp,3,18,quantile,0.025,34,2026-12-12
2026-11-21,wk inc flu hosp,3,18,quantile,0.05,39,2026-12-12
2026-11-21,wk inc flu hosp,3,18,quantile,0.1,43,2026-12-12
2026-11-21,wk inc flu hosp,3,18,quantile,0.15,47,2026-12-12
2026-11-21,wk inc flu hosp,3,18,quantile,0.2,51,2026-12-12
2026-11-21,wk inc flu hosp,3,18,quantile,0.25,55,2026-12-12
2026-11-21,wk inc flu hosp,3,18,quantile,0.3,57,2026-12-12
2026-11-21,wk inc flu hosp,3,18,quantile,0.35,61,2026-12-12
2026-11-21,wk inc flu hosp,3,18,quantile,0.4,63,2026-12-12
2026-11-21,wk inc flu hosp,3,18,quantile,0.45,67,2026-12-12
2026-11-21,wk inc flu hosp,3,18,quantile,0.5,70,2026-12-12
2026-11-21,wk inc flu hosp,3,18,quantile,0.55,72,2026-12-12
2026-11-21,wk inc flu hosp,3,18,quantile,0.6,75,2026-12-12
2026-11-21,wk inc flu hosp,3,18,quantile,0.65,78,2026-12-12
2026-11-21,wk inc flu hosp,3,18,quantile,0.7,81,2026-12-12
2026-11-21,wk inc flu hosp,3,18,quantile,0.75,88,2026-12-12
2026-11-21,wk inc flu hosp,3,18,quantile,0.8,92,2026-12-12
2026-11-21,wk inc flu hosp,3,18,quantile,0.85,102,2026-12-12
2026-11-21,wk inc flu hosp,3,18,quantile,0.9,107,2026-12-12
2026-11-21,wk inc flu hosp,3,18,quantile,0.95,117,2026-12-12
2026-11-21,wk inc flu hosp,3,18,quantile,0.975,126,2026-12-12
2026-11-21,wk inc flu hosp,3,18,quantile,0.99,139,2026-12-12
2026-11-21,wk inc flu hosp,3,19,quantile,0.01,4,2026-12-12
2026-11-21,wk inc flu hosp,3,19,quantile,0.025,4,2026-12-12
2026-11-21,wk inc flu hosp,3,19,quantile,0.05,6,2026-12-12
2026-11-21,wk inc flu hosp,3,19,quantile,0.1,7,2026-12-12
2026-11-21,wk inc flu hosp,3,19,quantile,0.15,8,2026-12-12
2026-11-21,wk inc flu hosp,3,19,quantile,0.2,9,2026-12-12
2026-11-21,wk inc flu hosp,3,19,quantile,0.25,10,2026-12-12
2026-11-21,wk inc flu hosp,3,19,quantile,0.3,11,2026-12-12
2026-11-21,wk inc flu hosp,3,19,quantile,0.35,12,2026-12-12
2026-11-21,wk inc flu hosp,3,19,quantile,0.4,13,2026-12-12
2026-11-21,wk inc flu hosp,3,19,quantile,0.45,14,2026-12-12
2026-11-21,wk inc flu hosp,3,19,quantile,0.5,15,2026-12-12
2026-11-21,wk inc flu hosp,3,19,quantile,0.55,17,2026-12-12
2026-11-21,wk inc flu hosp,3,19,quantile,0.6,17,2026-12-12
2026-11-21,wk inc flu hosp,3,19,quantile,0.65,19,2026-12-12
2026-11-21,wk inc flu hosp,3,19,quantile,0.7,19,2026-12-12
2026-11-21,wk inc flu hosp,3,19,quantile,0.75,20,2026-12-12
2026-11-21,wk inc flu hosp,3,19,quantile,0.8,21,2026-12-12
2026-11-21,wk inc flu hosp,3,19,quantile,0.85,23,2026-12-12
2026-11-21,wk inc flu hosp,3,19,quantile,0.9,27,2026-12-12
2026-11-21,wk inc flu hosp,3,19,quantile,0.95,30,2026-12-12
2026-11-21,wk inc flu hosp,3,19,quantile,0.975,33,2026-12-12
2026-11-21,wk inc flu hosp,3,19,quantile,0.99,34,2026-12-12
2026-11-21,wk inc flu hosp,3,20,quantile,0.01,5,2026-12-12
2026-11-21,wk inc flu hosp,3,20,quantile,0.025,6,2026-12-12
2026-11-21,wk inc flu hosp,3,20,quantile,0.05,8,2026-12-12
2026-11-21,wk inc flu hosp,3,20,quantile,0.1,10,2026-12-12
2026-11-21,wk inc flu hosp,3,20,quantile,0.15,11,2026-12-12
2026-11-21,wk inc flu hosp,3,20,quantile,0.2,12,2026-12-12
2026-11-21,wk inc flu hosp,3,20,quantile,0.25,14,2026-12-12
2026-11-21,wk inc flu hosp,3,20,quantile,0.3,14,2026-12-12
2026-11-21,wk inc flu hosp,3,20,quantile,0.35,15,2026-12-12
2026-11-21,wk inc flu hosp,3,20,quantile,0.4,16,2026-12-12
2026-11-21,wk inc flu hosp,3,20,quantile,0.45,16,2026-12-12
2026-11-21,wk inc flu hosp,3,20,quantile,0.5,17,2026-12-12
2026-11-21,wk inc flu hosp,3,20,quantile,0.55,18,2026-12-12
2026-11-21,wk inc flu hosp,3,20,quantile,0.6,19,2026-12-12
2026-11-21,wk inc flu hosp,3,20,quantile,0.65,20,2026-12-12
2026-11-21,wk inc flu hosp,3,20,quantile,0.7,21,2026-12-12
2026-11-21,wk inc flu hosp,3,20,quantile,0.75,22,2026-12-12
2026-11-21,wk inc flu hosp,3,20,quantile,0.8,23,2026-12-12
2026-11-21,wk inc flu hosp,3,20,quantile,0.85,26,2026-12-12
2026-11-21,wk inc flu hosp,3,20,quantile,0.9,29,2026-12-12
2026-11-21,wk inc flu hosp,3,20,quantile,0.95,36,2026-12-12
2026-11-21,wk inc flu hosp,3,20,quantile,0.975,39,2026-12-12
2026-11-21,wk inc flu hosp,3,20,quantile,0.99,42,2026-12-12
2026-11-21,wk inc flu hosp,3,21,quantile,0.01,11,2026-12-12
2026-11-21,wk inc flu hosp,3,21,quantile,0.025,12,2026-12-12
2026-11-21,wk inc flu hosp,3,21,quantile,0.05,14,2026-12-12
2026-11-21,wk inc flu hosp,3,21,quantile,0.1,16,2026-12-12
2026-11-21,wk inc flu hosp,3,21,quantile,0.15,18,2026-12-12
2026-11-21,wk inc flu hosp,3,21,quantile,0.2,20,2026-12-12
2026-11-21,wk inc flu hosp,3,21,quantile,0.25,21,2026-12-12
2026-11-21,wk inc flu hosp,3,21,quantile,0.3,22,2026-12-12
2026-11-21,wk inc flu hosp,3,21,quantile,0.35,24,2026-12-12
2026-11-21,wk inc flu hosp,3,21,quantile,0.4,24,2026-12-12
2026-11-21,wk inc flu hosp,3,21,quantile,0.45,26,2026-12-12
2026-11-21,wk inc flu hosp,3,21,quantile,0.5,27,2026-12-12
2026-11-21,wk inc flu hosp,3,21,quantile,0.55,28,2026-12-12
2026-11-21,wk inc flu hosp,3,21,quantile,0.6,30,2026-12-12
2026-11-21,wk inc flu hosp,3,21,quantile,0.65,31,2026-12-12
2026-11-21,wk inc flu hosp,3,21,quantile,0.7,33,2026-12-12
2026-11-21,wk inc flu hosp,3,21,quantile,0.75,36,2026-12-12
2026-11-21,wk inc flu hosp,3,21,quantile,0.8,40,2026-12-12
2026-11-21,wk inc flu hosp,3,21,quantile,0.85,43,2026-12-12
2026-11-21,wk inc flu hosp,3,21,quantile,0.9,46,2026-12-12
2026-11-21,wk inc flu hosp,3,21,quantile,0.95,49,2026-12-12
2026-11-21,wk inc flu hosp,3,21,quantile,0.975,60,2026-12-12
2026-11-21,wk inc flu hosp,3,21,quantile,0.99,65,2026-12-12
2026-11-21,wk inc flu hosp,3,22,quantile,0.01,39,2026-12-12
2026-11-21,wk inc flu hosp,3,22,quantile,0.025,48,2026-12-12
2026-11-21,wk inc flu hosp,3,22,quantile,0.05,51,2026-12-12
2026-11-21,wk inc flu hosp,3,22,quantile,0.1,58,2026-12-12
2026-11-21,wk inc flu hosp,3,22,quantile,0.15,62,2026-12-12
2026-11-21,wk inc flu hosp,3,22,quantile,0.2,66,2026-12-12
2026-11-21,wk inc flu hosp,3,22,quantile,0.25,69,2026-12-12
2026-11-21,wk inc flu hosp,3,22,quantile,0.3,73,2026-12-12
2026-11-21,wk inc flu hosp,3,22,quantile,0.35,76,2026-12-12
2026-11-21,wk inc flu hosp,3,22,quantile,0.4,81,2026-12-12
2026-11-21,wk inc flu hosp,3,22,quantile,0.45,85,2026-12-12
2026-11-21,wk inc flu hosp,3,22,quantile,0.5,86,2026-12-12
2026-11-21,wk inc flu hosp,3,22,quantile,0.55,93,2026-12-12
2026-11-21,wk inc flu hosp,3,22,quantile,0.6,95,2026-12-12
2026-11-21,wk inc flu hosp,3,22,quantile,0.65,98,2026-12-12
2026-11-21,wk inc flu hosp,3,22,quantile,0.7,102,2026-12-12
2026-11-21,wk inc flu hosp,3,22,quantile,0.75,107,2026-12-12
2026-11-21,wk inc flu hosp,3,22,quantile,0.8,115,2026-12-12
2026-11-21,wk inc flu hosp,3,22,quantile,0.85,125,2026-12-12
2026-11-21,wk inc flu hosp,3,22,quantile,0.9,141,2026-12-12
2026-11-21,wk inc flu hosp,3,22,quantile,0.95,159,2026-12-12
2026-11-21,wk inc flu hosp,3,22,quantile,0.975,167,2026-12-12
2026-11-21,wk inc flu hosp,3,22,quantile,0.99,173,2026-12-12
2026-11-21,wk inc flu hosp,3,23,quantile,0.01,0,2026-12-12
2026-11-21,wk inc flu hosp,3,23,quantile,0.025,0,2026-12-12
2026-11-21,wk inc flu hosp,3,23,quantile,0.05,1,2026-12-12
2026-11-21,wk inc flu hosp,3,23,quantile,0.1,3,2026-12-12
2026-11-21,wk inc flu hosp,3,23,quantile,0.15,3,2026-12-12
2026-11-21,wk inc flu hosp,3,23,quantile,0.2,4,2026-12-12
2026-11-21,wk inc flu hosp,3,23,quantile,0.25,5,2026-12-12
2026-11-21,wk inc flu hosp,3,23,quantile,0.3,6,2026-12-12
2026-11-21,wk inc flu hosp,3,23,quantile,0.35,7,2026-12-12
2026-11-21,wk inc flu hosp,3,23,quantile,0.4,7,2026-12-12
2026-11-21,wk inc flu hosp,3,23,quantile,0.45,8,2026-12-12
2026-11-21,wk inc flu hosp,3,23,quantile,0.5,8,2026-12-12
2026-11-21,wk inc flu hosp,3,23,quantile,0.55,9,2026-12-12
2026-11-21,wk inc flu hosp,3,23,quantile,0.6,10,2026-12-12
2026-11-21,wk inc flu hosp,3,23,quantile,0.65,11,2026-12-12
2026-11-21,wk inc flu hosp,3,23,quantile,0.7,12,2026-12-12
2026-11-21,wk inc flu hosp,3,23,quantile,0.75,12,2026-12-12
2026-11-21,wk inc flu hosp,3,23,quantile,0.8,14,2026-12-12
2026-11-21,wk inc flu hosp,3,23,quantile,0.85,16,2026-12-12
2026-11-21,wk inc flu hosp,3,23,quantile,0.9,17,2026-12-12
2026-11-21,wk inc flu hosp,3,23,quantile,0.95,20,2026-12-12
2026-11-21,wk inc flu hosp,3,23,quantile,0.975,23,2026-12-12
2026-11-21,wk inc flu hosp,3,23,quantile,0.99,25,2026-12-12
2026-11-21,wk inc flu hosp,3,24,quantile,0.01,21,2026-12-12
2026-11-21,wk inc flu hosp,3,24,quantile,0.025,25,2026-12-12
2026-11-21,wk inc flu hosp,3,24,quantile,0.05,25,2026-12-12
2026-11-21,wk inc flu hosp,3,24,quantile,0.1,29,2026-12-12
2026-11-21,wk inc flu hosp,3,24,quantile,0.15,34,2026-12-12
2026-11-21,wk inc flu hosp,3,24,quantile,0.2,36,2026-12-12
2026-11-21,wk inc flu hosp,3,24,quantile,0.25,37,2026-12-12
2026-11-21,wk inc flu hosp,3,24,quantile,0.3,40,2026-12-12
2026-11-21,wk inc flu hosp,3,24,quantile,0.35,42,2026-12-12
2026-11-21,wk inc flu hosp,3,24,quantile,0.4,45,2026-12-12
2026-11-21,wk inc flu hosp,3,24,quantile,0.45,47,2026-12-12
2026-11-21,wk inc flu hosp,3,24,quantile,0.5,49,2026-12-12
2026-11-21,wk inc flu hosp,3,24,quantile,0.55,51,2026-12-12
2026-11-21,wk inc flu hosp,3,24,quantile,0.6,55,2026-12-12
2026-11-21,wk inc flu hosp,3,24,quantile,0.65,58,2026-12-12
2026-11-21,wk inc flu hosp,3,24,quantile,0.7,60,2026-12-12
2026-11-21,wk inc flu hosp,3,24,quantile,0.75,63,2026-12-12
2026-11-21,wk inc flu hosp,3,24,quantile,0.8,66,2026-12-12
2026-11-21,wk inc flu hosp,3,24,quantile,0.85,75,2026-12-12
2026-11-21,wk inc flu hosp,3,24,quantile,0.9,85,2026-12-12
2026-11-21,wk inc flu hosp,3,24,quantile,0.95,97,2026-12-12
2026-11-21,wk inc flu hosp,3,24,quantile,0.975,104,2026-12-12
2026-11-21,wk inc flu hosp,3,24,quantile,0.99,108,2026-12-12
2026-11-21,wk inc flu hosp,3,25,quantile,0.01,26,2026-12-12
2026-11-21,wk inc flu hosp,3,25,quantile,0.025,30,2026-12-12
2026-11-21,wk inc flu hosp,3,25,quantile,0.05,33,2026-12-12
2026-11-21,wk inc flu hosp,3,25,quantile,0.1,36,2026-12-12
2026-11-21,wk inc flu hosp,3,25,quantile,0.15,42,2026-12-12
2026-11-21,wk inc flu hosp,3,25,quantile,0.2,45,2026-12-12
2026-11-21,wk inc flu hosp,3,25,quantile,0.25,48,2026-12-12
2026-11-21,wk inc flu hosp,3,25,quantile,0.3,51,2026-12-12
2026-11-21,wk inc flu hosp,3,25,quantile,0.35,54,2026-12-12
2026-11-21,wk inc flu hosp,3,25,quantile,0.4,56,2026-12-12
2026-11-21,wk inc flu hosp,3,25,quantile,0.45,58,2026-12-12
2026-11-21,wk inc flu hosp,3,25,quantile,0.5,61,2026-12-12
2026-11-21,wk inc flu hosp,3,25,quantile,0.55,64,2026-12-12
2026-11-21,wk inc flu hosp,3,25,quantile,0.6,70,2026-12-12
2026-11-21,wk inc flu hosp,3,25,quantile,0.65,72,2026-12-12
2026-11-21,wk inc flu hosp,3,25,quantile,0.7,79,2026-12-12
2026-11-21,wk inc flu hosp,3,25,quantile,0.75,81,2026-12-12
2026-11-21,wk inc flu hosp,3,25,quantile,0.8,86,2026-12-12
2026-11-21,wk inc flu hosp,3,25,quantile,0.85,91,2026-12-12
2026-11-21,wk inc flu hosp,3,25,quantile,0.9,95,2026-12-12
2026-11-21,wk inc flu hosp,3,25,quantile,0.95,109,2026-12-12
2026-11-21,wk inc flu hosp,3,25,quantile,0.975,121,2026-12-12
2026-11-21,wk inc flu hosp,3,25,quantile,0.99,134,2026-12-12
2026-11-21,wk inc flu hosp,3,26,quantile,0.01,37,2026-12-12
2026-11-21,wk inc flu hosp,3,26,quantile,0.025,40,2026-12-12
2026-11-21,wk inc flu hosp,3,26,quantile,0.05,47,2026-12-12
2026-11-21,wk inc flu hosp,3,26,quantile,0.1,51,2026-12-12
2026-11-21,wk inc flu hosp,3,26,quantile,0.15,53,2026-12-12
2026-11-21,wk inc flu hosp,3,26,quantile,0.2,56,2026-12-12
2026-11-21,wk inc flu hosp,3,26,quantile,0.25,58,2026-12-12
2026-11-21,wk inc flu hosp,3,26,quantile,0.3,61,2026-12-12
2026-11-21,wk inc flu hosp,3,26,quantile,0.35,64,2026-12-12
2026-11-21,wk inc flu hosp,3,26,quantile,0.4,68,2026-12-12
2026-11-21,wk inc flu hosp,3,26,quantile,0.45,73,2026-12-12
2026-11-21,wk inc flu hosp,3,26,quantile,0.5,76,2026-12-12
2026-11-21,wk inc flu hosp,3,26,quantile,0.55,78,2026-12-12
2026-11-21,wk inc flu hosp,3,26,quantile,0.6,83,2026-12-12
2026-11-21,wk inc flu hosp,3,26,quantile,0.65,86,2026-12-12
2026-11-21,wk inc flu hosp,3,26,quantile,0.7,92,2026-12-12
2026-11-21,wk inc flu hosp,3,26,quantile,0.75,93,2026-12-12
2026-11-21,wk inc flu hosp,3,26,quantile,0.8,99,2026-12-12
2026-11-21,wk inc flu hosp,3,26,quantile,0.85,101,2026-12-12
2026-11-21,wk inc flu hosp,3,26,quantile,0.9,106,2026-12-12
2026-11-21,wk inc flu hosp,3,26,quantile,0.95,123,2026-12-12
2026-11-21,wk inc flu hosp,3,26,quantile,0.975,130,2026-12-12
2026-11-21,wk inc flu hosp,3,26,quantile,0.99,144,2026-12-12
2026-11-21,wk inc flu hosp,3,27,quantile,0.01,16,2026-12-12
2026-11-21,wk inc flu hosp,3,27,quantile,0.025,21,2026-12-12
2026-11-21,wk inc flu hosp,3,27,quantile,0.05,23,2026-12-12
2026-11-21,wk inc flu hosp,3,27,quantile,0.1,27,2026-12-12
2026-11-21,wk inc flu hosp,3,27,quantile,0.15,30,2026-12-12
2026-11-21,wk inc flu hosp,3,27,quantile,0.2,32,2026-12-12
2026-11-21,wk inc flu hosp,3,27,quantile,0.25,34,2026-12-12
2026-11-21,wk inc flu hosp,3,27,quantile,0.3,35,2026-12-12
2026-11-21,wk inc flu hosp,3,27,quantile,0.35,37,2026-12-12
2026-11-21,wk inc flu hosp,3,27,quantile,0.4,38,2026-12-12
2026-11-21,wk inc flu hosp,3,27,quantile,0.45,40,2026-12-12
2026-11-21,wk inc flu hosp,3,27,quantile,0.5,42,2026-12-12
2026-11-21,wk inc flu hosp,3,27,quantile,0.55,45,2026-12-12
2026-11-21,wk inc flu hosp,3,27,quantile,0.6,48,2026-12-12
2026-11-21,wk inc flu hosp,3,27,quantile,0.65,50,2026-12-12
2026-11-21,wk inc flu hosp,3,27,quantile,0.7,55,2026-12-12
2026-11-21,wk inc flu hosp,3,27,quantile,0.75,59,2026-12-12
2026-11-21,wk inc flu hosp,3,27,quantile,0.8,63,2026-12-12
2026-11-21,wk inc flu hosp,3,27,quantile,0.85,66,2026-12-12
2026-11-21,wk inc flu hosp,3,27,quantile,0.9,72,2026-12-12
2026-11-21,wk inc flu hosp,3,27,quantile,0.95,81,2026-12-12
2026-11-21,wk inc flu hosp,3,27,quantile,0.975,100,2026-12-12
2026-11-21,wk inc flu hosp,3,27,quantile,0.99,109,2026-12-12
2026-11-21,wk inc flu hosp,3,28,quantile,0.01,10,2026-12-12
2026-11-21,wk inc flu hosp,3,28,quantile,0.025,13,2026-12-12
2026-11-21,wk inc flu hosp,3,28,quantile,0.05,15,2026-12-12
2026-11-21,wk inc flu hosp,3,28,quantile,0.1,17,2026-12-12
2026-11-21,wk inc flu hosp,3,28,quantile,0.15,19,2026-12-12
2026-11-21,wk inc flu hosp,3,28,quantile,0.2,20,2026-12-12
2026-11-21,wk inc flu hosp,3,28,quantile,0.25,22,2026-12-12
2026-11-21,wk inc flu hosp,3,28,quantile,0.3,23,2026-12-12
2026-11-21,wk inc flu hosp,3,28,quantile,0.35,25,2026-12-12
2026-11-21,wk inc flu hosp,3,28,quantile,0.4,26,2026-12-12
2026-11-21,wk inc flu hosp,3,28,quantile,0.45,28,2026-12-12
2026-11-21,wk inc flu hosp,3,28,quantile,0.5,29,2026-12-12
2026-11-21,wk inc flu hosp,3,28,quantile,0.55,30,2026-12-12
2026-11-21,wk inc flu hosp,3,28,quantile,0.6,32,2026-12-12
2026-11-21,wk inc flu hosp,3,28,quantile,0.65,33,2026-12-12
2026-11-21,wk inc flu hosp,3,28,quantile,0.7,34,2026-12-12
2026-11-21,wk inc flu hosp,3,28,quantile,0.75,36,2026-12-12
2026-11-21,wk inc flu hosp,3,28,quantile,0.8,39,2026-12-12
2026-11-21,wk inc flu hosp,3,28,quantile,0.85,40,2026-12-12
2026-11-21,wk inc flu hosp,3,28,quantile,0.9,43,2026-12-12
2026-11-21,wk inc flu hosp,3,28,quantile,0.95,50,2026-12-12
2026-11-21,wk inc flu hosp,3,28,quantile,0.975,58,2026-12-12
2026-11-21,wk inc flu hosp,3,28,quantile,0.99,62,2026-12-12
2026-11-21,wk inc flu hosp,3,29,quantile,0.01,20,2026-12-12
2026-11-21,wk inc flu hosp,3,29,quantile,0.025,24,2026-12-12
2026-11-21,wk inc flu hosp,3,29,quantile,0.05,26,2026-12-12
2026-11-21,wk inc flu hosp,3,29,quantile,0.1,28,2026-12-12
2026-11-21,wk inc flu hosp,3,29,quantile,0.15,32,2026-12-12
2026-11-21,wk inc flu hosp,3,29,quantile,0.2,34,2026-12-12
2026-11-21,wk inc flu hosp,3,29,quantile,0.25,36,2026-12-12
2026-11-21,wk inc flu hosp,3,29,quantile,0.3,37,2026-12-12
2026-11-21,wk inc flu hosp,3,29,quantile,0.35,40,2026-12-12
2026-11-21,wk inc flu hosp,3,29,quantile,0.4,42,2026-12-12
2026-11-21,wk inc flu hosp,3,29,quantile,0.45,44,2026-12-12
2026-11-21,wk inc flu hosp,3,29,quantile,0.5,46,2026-12-12
2026-11-21,wk inc flu hosp,3,29,quantile,0.55,49,2026-12-12
2026-11-21,wk inc flu hosp,3,29,quantile,0.6,50,2026-12-12
2026-11-21,wk inc flu hosp,3,29,quantile,0.65,52,2026-12-12
2026-11-21,wk inc flu hosp,3,29,quantile,0.7,55,2026-12-12
2026-11-21,wk inc flu hosp,3,29,quantile,0.75,59,2026-12-12
2026-11-21,wk inc flu hosp,3,29,quantile,0.8,61,2026-12-12
2026-11-21,wk inc flu hosp,3,29,quantile,0.85,65,2026-12-12
2026-11-21,wk inc flu hosp,3,29,quantile,0.9,70,2026-12-12
2026-11-21,wk inc flu hosp,3,29,quantile,0.95,76,2026-12-12
2026-11-21,wk inc flu hosp,3,29,quantile,0.975,85,2026-12-12
2026-11-21,wk inc flu hosp,3,29,quantile,0.99,89,2026-12-12
2026-11-21,wk inc flu hosp,3,30,quantile,0.01,0,2026-12-12
2026-11-21,wk inc flu hosp,3,30,quantile,0.025,0,2026-12-12
2026-11-21,wk inc flu hosp,3,30,quantile,0.05,0,2026-12-12
2026-11-21,wk inc flu hosp,3,30,quantile,0.1,0,2026-12-12
2026-11-21,wk inc flu hosp,3,30,quantile,0.15,1,2026-12-12
2026-11-21,wk inc flu hosp,3,30,quantile,0.2,1,2026-12-12
2026-11-21,wk inc flu hosp,3,30,quantile,0.25,2,2026-12-12
2026-11-21,wk inc flu hosp,3,30,quantile,0.3,2,2026-12-12
2026-11-21,wk inc flu hosp,3,30,quantile,0.35,2,2026-12-12
2026-11-21,wk inc flu hosp,3,30,quantile,0.4,3,2026-12-12
2026-11-21,wk inc flu hosp,3,30,quantile,0.45,3,2026-12-12
2026-11-21,wk inc flu hosp,3,30,quantile,0.5,4,2026-12-12
2026-11-21,wk inc flu hosp,3,30,quantile,0.55,5,2026-12-12
2026-11-21,wk inc flu hosp,3,30,quantile,0.6,6,2026-12-12
2026-11-21,wk inc flu hosp,3,30,quantile,0.65,6,2026-12-12
2026-11-21,wk inc flu hosp,3,30,quantile,0.7,7,2026-12-12
2026-11-21,wk inc flu hosp,3,30,quantile,0.75,8,2026-12-12
2026-11-21,wk inc flu hosp,3,30,quantile,0.8,9,2026-12-12
2026-11-21,wk inc flu hosp,3,30,quantile,0.85,10,2026-12-12
2026-11-21,wk inc flu hosp,3,30,quantile,0.9,13,2026-12-12
2026-11-21,wk inc flu hosp,3,30,quantile,0.95,15,2026-12-12
2026-11-21,wk inc flu hosp,3,30,quantile,0.975,17,2026-12-12
2026-11-21,wk inc flu hosp,3,30,quantile,0.99,20,2026-12-12
2026-11-21,wk inc flu hosp,3,31,quantile,0.01,2,2026-12-12
2026-11-21,wk inc flu hosp,3,31,quantile,0.025,2,2026-12-12
2026-11-21,wk inc flu hosp,3,31,quantile,0.05,2,2026-12-12
2026-11-21,wk inc flu hosp,3,31,quantile,0.1,3,2026-12-12
2026-11-21,wk inc flu hosp,3,31,quantile,0.15,3,2026-12-12
2026-11-21,wk inc flu hosp,3,31,quantile,0.2,4,2026-12-12
2026-11-21,wk inc flu hosp,3,31,quantile,0.25,5,2026-12-12
2026-11-21,wk inc flu hosp,3,31,quantile,0.3,6,2026-12-12
2026-11-21,wk inc flu hosp,3,31,quantile,0.35,6,2026-12-12
2026-11-21,wk inc flu hosp,3,31,quantile,0.4,6,2026-12-12
2026-11-21,wk inc flu hosp,3,31,quantile,0.45,7,2026-12-12
2026-11-21,wk inc flu hosp,3,31,quantile,0.5,7,2026-12-12
2026-11-21,wk inc flu hosp,3,31,quantile,0.55,8,2026-12-12
2026-11-21,wk inc flu hosp,3,31,quantile,0.6,9,2026-12-12
2026-11-21,wk inc flu hosp,3,31,quantile,0.65,9,2026-12-12
2026-11-21,wk inc flu hosp,3,31,quantile,0.7,10,2026-12-12
2026-11-21,wk inc flu hosp,3,31,quantile,0.75,11,2026-12-12
2026-11-21,wk inc flu hosp,3,31,quantile,0.8,12,2026-12-12
2026-11-21,wk inc flu hosp,3,31,quantile,0.85,14,2026-12-12
2026-11-21,wk inc flu hosp,3,31,quantile,0.9,16,2026-12-12
2026-11-21,wk inc flu hosp,3,31,quantile,0.95,17,2026-12-12
2026-11-21,wk inc flu hosp,3,31,quantile,0.975,21,2026-12-12
2026-11-21,wk inc flu hosp,3,31,quantile,0.99,21,2026-12-12
2026-11-21,wk inc flu hosp,3,32,quantile,0.01,15,2026-12-12
2026-11-21,wk inc flu hosp,3,32,quantile,0.025,16,2026-12-12
2026-11-21,wk inc flu hosp,3,32,quantile,0.05,18,2026-12-12
2026-11-21,wk inc flu hosp,3,32,quantile,0.1,20,2026-12-12
2026-11-21,wk inc flu hosp,3,32,quantile,0.15,24,2026-12-12
2026-11-21,wk inc flu hosp,3,32,quantile,0.2,26,2026-12-12
2026-11-21,wk inc flu hosp,3,32,quantile,0.25,28,2026-12-12
2026-11-21,wk inc flu hosp,3,32,quantile,0.3,30,2026-12-12
2026-11-21,wk inc flu hosp,3,32,quantile,0.35,33,2026-12-12
2026-11-21,wk inc flu hosp,3,32,quantile,0.4,33,2026-12-12
2026-11-21,wk inc flu hosp,3,32,quantile,0.45,34,2026-12-12
2026-11-21,wk inc flu hosp,3,32,quantile,0.5,36,2026-12-12
2026-11-21,wk inc flu hosp,3,32,quantile,0.55,38,2026-12-12
2026-11-21,wk inc flu hosp,3,32,quantile,0.6,39,2026-12-12
2026-11-21,wk inc flu hosp,3,32,quantile,0.65,42,2026-12-12
2026-11-21,wk inc flu hosp,3,32,quantile,0.7,44,2026-12-12
2026-11-21,wk inc flu hosp,3,32,quantile,0.75,47,2026-12-12
2026-11-21,wk inc flu hosp,3,32,quantile,0.8,50,2026-12-12
2026-11-21,wk inc flu hosp,3,32,quantile,0.85,55,2026-12-12
2026-11-21,wk inc flu hosp,3,32,quantile,0.9,59,2026-12-12
2026-11-21,wk inc flu hosp,3,32,quantile,0.95,63,2026-12-12
2026-11-21,wk inc flu hosp,3,32,quantile,0.975,64,2026-12-12
2026-11-21,wk inc flu hosp,3,32,quantile,0.99,84,2026-12-12
2026-11-21,wk inc flu hosp,3,33,quantile,0.01,3,2026-12-12
2026-11-21,wk inc flu hosp,3,33,quantile,0.025,4,2026-12-12
2026-11-21,wk inc flu hosp,3,33,quantile,0.05,5,2026-12-12
2026-11-21,wk inc flu hosp,3,33,quantile,0.1,5,2026-12-12
2026-11-21,wk inc flu hosp,3,33,quantile,0.15,7,2026-12-12
2026-11-21,wk inc flu hosp,3,33,quantile,0.2,8,2026-12-12
2026-11-21,wk inc flu hosp,3,33,quantile,0.25,9,2026-12-12
2026-11-21,wk inc flu hosp,3,33,quantile,0.3,11,2026-12-12
2026-11-21,wk inc flu hosp,3,33,quantile,0.35,12,2026-12-12
2026-11-21,wk inc flu hosp,3,33,quantile,0.4,13,2026-12-12
2026-11-21,wk inc flu hosp,3,33,quantile,0.45,14,2026-12-12
2026-11-21,wk inc flu hosp,3,33,quantile,0.5,15,2026-12-12
2026-11-21,wk inc flu hosp,3,33,quantile,0.55,15,2026-12-12
2026-11-21,wk inc flu hosp,3,33,quantile,0.6,16,2026-12-12
2026-11-21,wk inc flu hosp,3,33,quantile,0.65,17,2026-12-12
2026-11-21,wk inc flu hosp,3,33,quantile,0.7,18,2026-12-12
2026-11-21,wk inc flu hosp,3,33,quantile,0.75,19,2026-12-12
2026-11-21,wk inc flu hosp,3,33,quantile,0.8,20,2026-12-12
2026-11-21,wk inc flu hosp,3,33,quantile,0.85,22,2026-12-12
2026-11-21,wk inc flu hosp,3,33,quantile,0.9,24,2026-12-12
2026-11-21,wk inc flu hosp,3,33,quantile,0.95,28,2026-12-12
2026-11-21,wk inc flu hosp,3,33,quantile,0.975,30,2026-12-12
2026-11-21,wk inc flu hosp,3,33,quantile,0.99,37,2026-12-12
2026-11-21,wk inc flu hosp,3,34,quantile,0.01,43,2026-12-12
2026-11-21,wk inc flu hosp,3,34,quantile,0.025,46,2026-12-12
2026-11-21,wk inc flu hosp,3,34,quantile,0.05,49,2026-12-12
2026-11-21,wk inc flu hosp,3,34,quantile,0.1,52,2026-12-12
2026-11-21,wk inc flu hosp,3,34,quantile,0.15,56,2026-12-12
2026-11-21,wk inc flu hosp,3,34,quantile,0.2,60,2026-12-12
2026-11-21,wk inc flu hosp,3,34,quantile,0.25,63,2026-12-12
2026-11-21,wk inc flu hosp,3,34,quantile,0.3,67,2026-12-12
2026-11-21,wk inc flu hosp,3,34,quantile,0.35,69,2026-12-12
2026-11-21,wk inc flu hosp,3,34,quantile,0.4,74,2026-12-12
2026-11-21,wk inc flu hosp,3,34,quantile,0.45,78,2026-12-12
2026-11-21,wk inc flu hosp,3,34,quantile,0.5,83,2026-12-12
2026-11-21,wk inc flu hosp,3,34,quantile,0.55,87,2026-12-12
2026-11-21,wk inc flu hosp,3,34,quantile,0.6,90,2026-12-12
2026-11-21,wk inc flu hosp,3,34,quantile,0.65,93,2026-12-12
2026-11-21,wk inc flu hosp,3,34,quantile,0.7,99,2026-12-12
2026-11-21,wk inc flu hosp,3,34,quantile,0.75,102,2026-12-12
2026-11-21,wk inc flu hosp,3,34,quantile,0.8,108,2026-12-12
2026-11-21,wk inc flu hosp,3,34,quantile,0.85,112,2026-12-12
2026-11-21,wk inc flu hosp,3,34,quantile,0.9,123,2026-12-12
2026-11-21,wk inc flu hosp,3,34,quantile,0.95,135,2026-12-12
2026-11-21,wk inc flu hosp,3,34,quantile,0.975,144,2026-12-12
2026-11-21,wk inc flu hosp,3,34,quantile,0.99,171,2026-12-12
2026-11-21,wk inc flu hosp,3,35,quantile,0.01,19,2026-12-12
2026-11-21,wk inc flu hosp,3,35,quantile,0.025,23,2026-12-12
2026-11-21,wk inc flu hosp,3,35,quantile,0.05,28,2026-12-12
2026-11-21,wk inc flu hosp,3,35,quantile,0.1,30,2026-12-12
2026-11-21,wk inc flu hosp,3,35,quantile,0.15,32,2026-12-12
2026-11-21,wk inc flu hosp,3,35,quantile,0.2,34,2026-12-12
2026-11-21,wk inc flu hosp,3,35,quantile,0.25,37,2026-12-12
2026-11-21,wk inc flu hosp,3,35,quantile,0.3,38,2026-12-12
2026-11-21,wk inc flu hosp,3,35,quantile,0.35,39,2026-12-12
2026-11-21,wk inc flu hosp,3,35,quantile,0.4,41,2026-12-12
2026-11-21,wk inc flu hosp,3,35,quantile,0.45,44,2026-12-12
2026-11-21,wk inc flu hosp,3,35,quantile,0.5,46,2026-12-12
2026-11-21,wk inc flu hosp,3,35,quantile,0.55,48,2026-12-12
2026-11-21,wk inc flu hosp,3,35,quantile,0.6,52,2026-12-12
2026-11-21,wk inc flu hosp,3,35,quantile,0.65,53,2026-12-12
2026-11-21,wk inc flu hosp,3,35,quantile,0.7,56,2026-12-12
2026-11-21,wk inc flu hosp,3,35,quantile,0.75,57,2026-12-12
2026-11-21,wk inc flu hosp,3,35,quantile,0.8,60,2026-12-12
2026-11-21,wk inc flu hosp,3,35,quantile,0.85,63,2026-12-12
2026-11-21,wk inc flu hosp,3,35,quantile,0.9,66,2026-12-12
2026-11-21,wk inc flu hosp,3,35,quantile,0.95,74,2026-12-12
2026-11-21,wk inc flu hosp,3,35,quantile,0.975,78,2026-12-12
2026-11-21,wk inc flu hosp,3,35,quantile,0.99,87,2026-12-12
2026-11-21,wk inc flu hosp,3,36,quantile,0.01,176,2026-12-12
2026-11-21,wk inc flu hosp,3,36,quantile,0.025,191,2026-12-12
2026-11-21,wk inc flu hosp,3,36,quantile,0.05,217,2026-12-12
2026-11-21,wk inc flu hosp,3,36,quantile,0.1,230,2026-12-12
2026-11-21,wk inc flu hosp,3,36,quantile,0.15,244,2026-12-12
2026-11-21,wk inc flu hosp,3,36,quantile,0.2,261,2026-12-12
2026-11-21,wk inc flu hosp,3,36,quantile,0.25,279,2026-12-12
2026-11-21,wk inc flu hosp,3,36,quantile,0.3,284,2026-12-12
2026-11-21,wk inc flu hosp,3,36,quantile,0.35,295,2026-12-12
2026-11-21,wk inc flu hosp,3,36,quantile,0.4,307,2026-12-12
2026-11-21,wk inc flu hosp,3,36,quantile,0.45,321,2026-12-12
2026-11-21,wk inc flu hosp,3,36,quantile,0.5,331,2026-12-12
2026-11-21,wk inc flu hosp,3,36,quantile,0.55,344,2026-12-12
2026-11-21,wk inc flu hosp,3,36,quantile,0.6,359,2026-12-12
2026-11-21,wk inc flu hosp,3,36,quantile,0.65,368,2026-12-12
2026-11-21,wk inc flu hosp,3,36,quantile,0.7,385,2026-12-12
2026-11-21,wk inc flu hosp,3,36,quantile,0.75,400,2026-12-12
2026-11-21,wk inc flu hosp,3,36,quantile,0.8,418,2026-12-12
2026-11-21,wk inc flu hosp,3,36,quantile,0.85,445,2026-12-12
2026-11-21,wk inc flu hosp,3,36,quantile,0.9,488,2026-12-12
2026-11-21,wk inc flu hosp,3,36,quantile,0.95,527,2026-12-12
2026-11-21,wk inc flu hosp,3,36,quantile,0.975,600,2026-12-12
2026-11-21,wk inc flu hosp,3,36,quantile,0.99,696,2026-12-12
2026-11-21,wk inc flu hosp,3,37,quantile,0.01,48,2026-12-12
2026-11-21,wk inc flu hosp,3,37,quantile,0.025,52,2026-12-12
2026-11-21,wk inc flu hosp,3,37,quantile,0.05,55,2026-12-12
2026-11-21,wk inc flu hosp,3,37,quantile,0.1,61,2026-12-12
2026-11-21,wk inc flu hosp,3,37,quantile,0.15,68,2026-12-12
2026-11-21,wk inc flu hosp,3,37,quantile,0.2,74,2026-12-12
2026-11-21,wk inc flu hosp,3,37,quantile,0.25,80,2026-12-12
2026-11-21,wk inc flu hosp,3,37,quantile,0.3,85,2026-12-12
2026-11-21,wk inc flu hosp,3,37,quantile,0.35,89,2026-12-12
2026-11-21,wk inc flu hosp,3,37,quantile,0.4,94,2026-12-12
2026-11-21,wk inc flu hosp,3,37,quantile,0.45,98,2026-12-12
2026-11-21,wk inc flu hosp,3,37,quantile,0.5,102,2026-12-12
2026-11-21,wk inc flu hosp,3,37,quantile,0.55,108,2026-12-12
2026-11-21,wk inc flu hosp,3,37,quantile,0.6,116,2026-12-12
2026-11-21,wk inc flu hosp,3,37,quantile,0.65,125,2026-12-12
2026-11-21,wk inc flu hosp,3,37,quantile,0.7,129,2026-12-12
2026-11-21,wk inc flu hosp,3,37,quantile,0.75,135,2026-12-12
2026-11-21,wk inc flu hosp,3,37,quantile,0.8,141,2026-12-12
2026-11-21,wk inc flu hosp,3,37,quantile,0.85,157,2026-12-12
2026-11-21,wk inc flu hosp,3,37,quantile,0.9,165,2026-12-12
2026-11-21,wk inc flu hosp,3,37,quantile,0.95,186,2026-12-12
2026-11-21,wk inc flu hosp,3,37,quantile,0.975,208,2026-12-12
2026-11-21,wk inc flu hosp,3,37,quantile,0.99,217,2026-12-12
2026-11-21,wk inc flu hosp,3,38,quantile,0.01,0,2026-12-12
2026-11-21,wk inc flu hosp,3,38,quantile,0.025,0,2026-12-12
2026-11-21,wk inc flu hosp,3,38,quantile,0.05,0,2026-12-12
2026-11-21,wk inc flu hosp,3,38,quantile,0.1,1,2026-12-12
2026-11-21,wk inc flu hosp,3,38,quantile,0.15,1,2026-12-12
2026-11-21,wk inc flu hosp,3,38,quantile,0.2,2,2026-12-12
2026-11-21,wk inc flu hosp,3,38,quantile,0.25,3,2026-12-12
2026-11-21,wk inc flu hosp,3,38,quantile,0.3,4,2026-12-12
2026-11-21,wk inc flu hosp,3,38,quantile,0.35,4,2026-12-12
2026-11-21,wk inc flu hosp,3,38,quantile,0.4,4,2026-12-12
2026-11-21,wk inc flu hosp,3,38,quantile,0.45,5,2026-12-12
2026-11-21,wk inc flu hosp,3,38,quantile,0.5,5,2026-12-12
2026-11-21,wk inc flu hosp,3,38,quantile,0.55,6,2026-12-12
2026-11-21,wk inc flu hosp,3,38,quantile,0.6,6,2026-12-12
2026-11-21,wk inc flu hosp,3,38,quantile,0.65,7,2026-12-12
2026-11-21,wk inc flu hosp,3,38,quantile,0.7,8,2026-12-12
2026-11-21,wk inc flu hosp,3,38,quantile,0.75,8,2026-12-12
2026-11-21,wk inc flu hosp,3,38,quantile,0.8,9,2026-12-12
2026-11-21,wk inc flu hosp,3,38,quantile,0.85,11,2026-12-12
2026-11-21,wk inc flu hosp,3,38,quantile,0.9,12,2026-12-12
2026-11-21,wk inc flu hosp,3,38,quantile,0.95,14,2026-12-12
2026-11-21,wk inc flu hosp,3,38,quantile,0.975,15,2026-12-12
2026-11-21,wk inc flu hosp,3,38,quantile,0.99,15,2026-12-12
2026-11-21,wk inc flu hosp,3,39,quantile,0.01,42,2026-12-12
2026-11-21,wk inc flu hosp,3,39,quantile,0.025,43,2026-12-12
2026-11-21,wk inc flu hosp,3,39,quantile,0.05,47,2026-12-12
2026-11-21,wk inc flu hosp,3,39,quantile,0.1,54,2026-12-12
2026-11-21,wk inc flu hosp,3,39,quantile,0.15,58,2026-12-12
2026-11-21,wk inc flu hosp,3,39,quantile,0.2,64,2026-12-12
2026-11-21,wk inc flu hosp,3,39,quantile,0.25,67,2026-12-12
2026-11-21,wk inc flu hosp,3,39,quantile,0.3,71,2026-12-12
2026-11-21,wk inc flu hosp,3,39,quantile,0.35,76,2026-12-12
2026-11-21,wk inc flu hosp,3,39,quantile,0.4,79,2026-12-12
2026-11-21,wk inc flu hosp,3,39,quantile,0.45,82,2026-12-12
2026-11-21,wk inc flu hosp,3,39,quantile,0.5,88,2026-12-12
2026-11-21,wk inc flu hosp,3,39,quantile,0.55,92,2026-12-12
2026-11-21,wk inc flu hosp,3,39,quantile,0.6,96,2026-12-12
2026-11-21,wk inc flu hosp,3,39,quantile,0.65,105,2026-12-12
2026-11-21,wk inc flu hosp,3,39,quantile,0.7,110,2026-12-12
2026-11-21,wk inc flu hosp,3,39,quantile,0.75,113,2026-12-12
2026-11-21,wk inc flu hosp,3,39,quantile,0.8,119,2026-12-12
2026-11-21,wk inc flu hosp,3,39,quantile,0.85,128,2026-12-12
2026-11-21,wk inc flu hosp,3,39,quantile,0.9,138,2026-12-12
2026-11-21,wk inc flu hosp,3,39,quantile,0.95,149,2026-12-12
2026-11-21,wk inc flu hosp,3,39,quantile,0.975,160,2026-12-12
2026-11-21,wk inc flu hosp,3,39,quantile,0.99,174,2026-12-12
2026-11-21,wk inc flu hosp,3,40,quantile,0.01,9,2026-12-12
2026-11-21,wk inc flu hosp,3,40,quantile,0.025,10,2026-12-12
2026-11-21,wk inc flu hosp,3,40,quantile,0.05,12,2026-12-12
2026-11-21,wk inc flu hosp,3,40,quantile,0.1,14,2026-12-12
2026-11-21,wk inc flu hosp,3,40,quantile,0.15,16,2026-12-12
2026-11-21,wk inc flu hosp,3,40,quantile,0.2,18,2026-12-12
2026-11-21,wk inc flu hosp,3,40,quantile,0.25,19,2026-12-12
2026-11-21,wk inc flu hosp,3,40,quantile,0.3,20,2026-12-12
2026-11-21,wk inc flu hosp,3,40,quantile,0.35,21,2026-12-12
2026-11-21,wk inc flu hosp,3,40,quantile,0.4,23,2026-12-12
2026-11-21,wk inc flu hosp,3,40,quantile,0.45,25,2026-12-12
2026-11-21,wk inc flu hosp,3,40,quantile,0.5,26,2026-12-12
2026-11-21,wk inc flu hosp,3,40,quantile,0.55,27,2026-12-12
2026-11-21,wk inc flu hosp,3,40,quantile,0.6,28,2026-12-12
2026-11-21,wk inc flu hosp,3,40,quantile,0.65,31,2026-12-12
2026-11-21,wk inc flu hosp,3,40,quantile,0.7,32,2026-12-12
2026-11-21,wk inc flu hosp,3,40,quantile,0.75,33,2026-12-12
2026-11-21,wk inc flu hosp,3,40,quantile,0.8,35,2026-12-12
2026-11-21,wk inc flu hosp,3,40,quantile,0.85,39,2026-12-12
2026-11-21,wk inc flu hosp,3,40,quantile,0.9,42,2026-12-12
2026-11-21,wk inc flu hosp,3,40,quantile,0.95,45,2026-12-12
2026-11-21,wk inc flu hosp,3,40,quantile,0.975,48,2026-12-12
2026-11-21,wk inc flu hosp,3,40,quantile,0.99,54,2026-12-12
2026-11-21,wk inc flu hosp,3,41,quantile,0.01,14,2026-12-12
2026-11-21,wk inc flu hosp,3,41,quantile,0.025,15,2026-12-12
2026-11-21,wk inc flu hosp,3,41,quantile,0.05,17,2026-12-12
2026-11-21,wk inc flu hosp,3,41,quantile,0.1,20,2026-12-12
2026-11-21,wk inc flu hosp,3,41,quantile,0.15,22,2026-12-12
2026-11-21,wk inc flu hosp,3,41,quantile,0.2,25,2026-12-12
2026-11-21,wk inc flu hosp,3,41,quantile,0.25,27,2026-12-12
2026-11-21,wk inc flu hosp,3,41,quantile,0.3,28,2026-12-12
2026-11-21,wk inc flu hosp,3,41,quantile,0.35,31,2026-12-12
2026-11-21,wk inc flu hosp,3,41,quantile,0.4,32,2026-12-12
2026-11-21,wk inc flu hosp,3,41,quantile,0.45,33,2026-12-12
2026-11-21,wk inc flu hosp,3,41,quantile,0.5,35,2026-12-12
2026-11-21,wk inc flu hosp,3,41,quantile,0.55,36,2026-12-12
2026-11-21,wk inc flu hosp,3,41,quantile,0.6,39,2026-12-12
2026-11-21,wk inc flu hosp,3,41,quantile,0.65,40,2026-12-12
2026-11-21,wk inc flu hosp,3,41,quantile,0.7,42,2026-12-12
2026-11-21,wk inc flu hosp,3,41,quantile,0.75,44,2026-12-12
2026-11-21,wk inc flu hosp,3,41,quantile,0.8,47,2026-12-12
2026-11-21,wk inc flu hosp,3,41,quantile,0.85,50,2026-12-12
2026-11-21,wk inc flu hosp,3,41,quantile,0.9,55,2026-12-12
2026-11-21,wk inc flu hosp,3,41,quantile,0.95,65,2026-12-12
2026-11-21,wk inc flu hosp,3,41,quantile,0.975,76,2026-12-12
2026-11-21,wk inc flu hosp,3,41,quantile,0.99,81,2026-12-12
2026-11-21,wk inc flu hosp,3,42,quantile,0.01,90,2026-12-12
2026-11-21,wk inc flu hosp,3,42,quantile,0.025,94,2026-12-12
2026-11-21,wk inc flu hosp,3,42,quantile,0.05,103,2026-12-12
2026-11-21,wk inc flu hosp,3,42,quantile,0.1,120,2026-12-12
2026-11-21,wk inc flu hosp,3,42,quantile,0.15,132,2026-12-12
2026-11-21,wk inc flu hosp,3,42,quantile,0.2,138,2026-12-12
2026-11-21,wk inc flu hosp,3,42,quantile,0.25,140,2026-12-12
2026-11-21,wk inc flu hosp,3,42,quantile,0.3,144,2026-12-12
2026-11-21,wk inc flu hosp,3,42,quantile,0.35,149,2026-12-12
2026-11-21,wk inc flu hosp,3,42,quantile,0.4,155,2026-12-12
2026-11-21,wk inc flu hosp,3,42,quantile,0.45,162,2026-12-12
2026-11-21,wk inc flu hosp,3,42,quantile,0.5,168,2026-12-12
2026-11-21,wk inc flu hosp,3,42,quantile,0.55,172,2026-12-12
2026-11-21,wk inc flu hosp,3,42,quantile,0.6,183,2026-12-12
2026-11-21,wk inc flu hosp,3,42,quantile,0.65,189,2026-12-12
2026-11-21,wk inc flu hosp,3,42,quantile,0.7,198,2026-12-12
2026-11-21,wk inc flu hosp,3,42,quantile,0.75,205,2026-12-12
2026-11-21,wk inc flu hosp,3,42,quantile,0.8,218,2026-12-12
2026-11-21,wk inc flu hosp,3,42,quantile,0.85,230,2026-12-12
2026-11-21,wk inc flu hosp,3,42,quantile,0.9,239,2026-12-12
2026-11-21,wk inc flu hosp,3,42,quantile,0.95,269,2026-12-12
2026-11-21,wk inc flu hosp,3,42,quantile,0.975,305,2026-12-12
2026-11-21,wk inc flu hosp,3,42,quantile,0.99,327,2026-12-12
2026-11-21,wk inc flu hosp,3,44,quantile,0.01,0,2026-12-12
2026-11-21,wk inc flu hosp,3,44,quantile,0.025,0,2026-12-12
2026-11-21,wk inc flu hosp,3,44,quantile,0.05,2,2026-12-12
2026-11-21,wk inc flu hosp,3,44,quantile,0.1,3,2026-12-12
2026-11-21,wk inc flu hosp,3,44,quantile,0.15,4,2026-12-12
2026-11-21,wk inc flu hosp,3,44,quantile,0.2,5,2026-12-12
2026-11-21,wk inc flu hosp,3,44,quantile,0.25,6,2026-12-12
2026-11-21,wk inc flu hosp,3,44,quantile,0.3,7,2026-12-12
2026-11-21,wk inc flu hosp,3,44,quantile,0.35,8,2026-12-12
2026-11-21,wk inc flu hosp,3,44,quantile,0.4,8,2026-12-12
2026-11-21,wk inc flu hosp,3,44,quantile,0.45,9,2026-12-12
2026-11-21,wk inc flu hosp,3,44,quantile,0.5,9,2026-12-12
2026-11-21,wk inc flu hosp,3,44,quantile,0.55,10,2026-12-12
2026-11-21,wk inc flu hosp,3,44,quantile,0.6,12,2026-12-12
2026-11-21,wk inc flu hosp,3,44,quantile,0.65,12,2026-12-12
2026-11-21,wk inc flu hosp,3,44,quantile,0.7,13,2026-12-12
2026-11-21,wk inc flu hosp,3,44,quantile,0.75,13,2026-12-12
2026-11-21,wk inc flu hosp,3,44,quantile,0.8,14,2026-12-12
2026-11-21,wk inc flu hosp,3,44,quantile,0.85,15,2026-12-12
2026-11-21,wk inc flu hosp,3,44,quantile,0.9,18,2026-12-12
2026-11-21,wk inc flu hosp,3,44,quantile,0.95,20,2026-12-12
2026-11-21,wk inc flu hosp,3,44,quantile,0.975,23,2026-12-12
2026-11-21,wk inc flu hosp,3,44,quantile,0.99,24,2026-12-12
2026-11-21,wk inc flu hosp,3,45,quantile,0.01,11,2026-12-12
2026-11-21,wk inc flu hosp,3,45,quantile,0.025,16,2026-12-12
2026-11-21,wk inc flu hosp,3,45,quantile,0.05,17,2026-12-12
2026-11-21,wk inc flu hosp,3,45,quantile,0.1,23,2026-12-12
2026-11-21,wk inc flu hosp,3,45,quantile,0.15,26,2026-12-12
2026-11-21,wk inc flu hosp,3,45,quantile,0.2,27,2026-12-12
2026-11-21,wk inc flu hosp,3,45,quantile,0.25,30,2026-12-12
2026-11-21,wk inc flu hosp,3,45,quantile,0.3,33,2026-12-12
2026-11-21,wk inc flu hosp,3,45,quantile,0.35,34,2026-12-12
2026-11-21,wk inc flu hosp,3,45,quantile,0.4,38,2026-12-12
2026-11-21,wk inc flu hosp,3,45,quantile,0.45,42,2026-12-12
2026-11-21,wk inc flu hosp,3,45,quantile,0.5,44,2026-12-12
2026-11-21,wk inc flu hosp,3,45,quantile,0.55,45,2026-12-12
2026-11-21,wk inc flu hosp,3,45,quantile,0.6,47,2026-12-12
2026-11-21,wk inc flu hosp,3,45,quantile,0.65,49,2026-12-12
2026-11-21,wk inc flu hosp,3,45,quantile,0.7,52,2026-12-12
2026-11-21,wk inc flu hosp,3,45,quantile,0.75,56,2026-12-12
2026-11-21,wk inc flu hosp,3,45,quantile,0.8,58,2026-12-12
2026-11-21,wk inc flu hosp,3,45,quantile,0.85,64,2026-12-12
2026-11-21,wk inc flu hosp,3,45,quantile,0.9,72,2026-12-12
2026-11-21,wk inc flu hosp,3,45,quantile,0.95,78,2026-12-12
2026-11-21,wk inc flu hosp,3,45,quantile,0.975,88,2026-12-12
2026-11-21,wk inc flu hosp,3,45,quantile,0.99,107,2026-12-12
2026-11-21,wk inc flu hosp,3,46,quantile,0.01,0,2026-12-12
2026-11-21,wk inc flu hosp,3,46,quantile,0.025,0,2026-12-12
2026-11-21,wk inc flu hosp,3,46,quantile,0.05,0,2026-12-12
2026-11-21,wk inc flu hosp,3,46,quantile,0.1,0,2026-12-12
2026-11-21,wk inc flu hosp,3,46,quantile,0.15,0,2026-12-12
2026-11-21,wk inc flu hosp,3,46,quantile,0.2,1,2026-12-12
2026-11-21,wk inc flu hosp,3,46,quantile,0.25,1,2026-12-12
2026-11-21,wk inc flu hosp,3,46,quantile,0.3,1,2026-12-12
2026-11-21,wk inc flu hosp,3,46,quantile,0.35,2,2026-12-12
2026-11-21,wk inc flu hosp,3,46,quantile,0.4,2,2026-12-12
2026-11-21,wk inc flu hosp,3,46,quantile,0.45,3,2026-12-12
2026-11-21,wk inc flu hosp,3,46,quantile,0.5,3,2026-12-12
2026-11-21,wk inc flu hosp,3,46,quantile,0.55,4,2026-12-12
2026-11-21,wk inc flu hosp,3,46,quantile,0.6,4,2026-12-12
2026-11-21,wk inc flu hosp,3,46,quantile,0.65,5,2026-12-12
2026-11-21,wk inc flu hosp,3,46,quantile,0.7,6,2026-12-12
2026-11-21,wk inc flu hosp,3,46,quantile,0.75,6,2026-12-12
2026-11-21,wk inc flu hosp,3,46,quantile,0.8,7,2026-12-12
2026-11-21,wk inc flu hosp,3,46,quantile,0.85,8,2026-12-12
2026-11-21,wk inc flu hosp,3,46,quantile,0.9,10,2026-12-12
2026-11-21,wk inc flu hosp,3,46,quantile,0.95,11,2026-12-12
2026-11-21,wk inc flu hosp,3,46,quantile,0.975,14,2026-12-12
2026-11-21,wk inc flu hosp,3,46,quantile,0.99,16,2026-12-12
2026-11-21,wk inc flu hosp,3,47,quantile,0.01,41,2026-12-12
2026-11-21,wk inc flu hosp,3,47,quantile,0.025,42,2026-12-12
2026-11-21,wk inc flu hosp,3,47,quantile,0.05,46,2026-12-12
2026-11-21,wk inc flu hosp,3,47,quantile,0.1,53,2026-12-12
2026-11-21,wk inc flu hosp,3,47,quantile,0.15,56,2026-12-12
2026-11-21,wk inc flu hosp,3,47,quantile,0.2,58,2026-12-12
2026-11-21,wk inc flu hosp,3,47,quantile,0.25,59,2026-12-12
2026-11-21,wk inc flu hosp,3,47,quantile,0.3,62,2026-12-12
2026-11-21,wk inc flu hosp,3,47,quantile,0.35,64,2026-12-12
2026-11-21,wk inc flu hosp,3,47,quantile,0.4,66,2026-12-12
2026-11-21,wk inc flu hosp,3,47,quantile,0.45,67,2026-12-12
2026-11-21,wk inc flu hosp,3,47,quantile,0.5,69,2026-12-12
2026-11-21,wk inc flu hosp,3,47,quantile,0.55,71,2026-12-12
2026-11-21,wk inc flu hosp,3,47,quantile,0.6,75,2026-12-12
2026-11-21,wk inc flu hosp,3,47,quantile,0.65,77,2026-12-12
2026-11-21,wk inc flu hosp,3,47,quantile,0.7,80,2026-12-12
2026-11-21,wk inc flu hosp,3,47,quantile,0.75,85,2026-12-12
2026-11-21,wk inc flu hosp,3,47,quantile,0.8,87,2026-12-12
2026-11-21,wk inc flu hosp,3,47,quantile,0.85,91,2026-12-12
2026-11-21,wk inc flu hosp,3,47,quantile,0.9,94,2026-12-12
2026-11-21,wk inc flu hosp,3,47,quantile,0.95,106,2026-12-12
2026-11-21,wk inc flu hosp,3,47,quantile,0.975,112,2026-12-12
2026-11-21,wk inc flu hosp,3,47,quantile,0.99,119,2026-12-12
2026-11-21,wk inc flu hosp,3,48,quantile,0.01,148,2026-12-12
2026-11-21,wk inc flu hosp,3,48,quantile,0.025,173,2026-12-12
2026-11-21,wk inc flu hosp,3,48,quantile,0.05,195,2026-12-12
2026-11-21,wk inc flu hosp,3,48,quantile,0.1,233,2026-12-12
2026-11-21,wk inc flu hosp,3,48,quantile,0.15,255,2026-12-12
2026-11-21,wk inc flu hosp,3,48,quantile,0.2,267,2026-12-12
2026-11-21,wk inc flu hosp,3,48,quantile,0.25,282,2026-12-12
2026-11-21,wk inc flu hosp,3,48,quantile,0.3,292,2026-12-12
2026-11-21,wk inc flu hosp,3,48,quantile,0.35,304,2026-12-12
2026-11-21,wk inc flu hosp,3,48,quantile,0.4,314,2026-12-12
2026-11-21,wk inc flu hosp,3,48,quantile,0.45,326,2026-12-12
2026-11-21,wk inc flu hosp,3,48,quantile,0.5,338,2026-12-12
2026-11-21,wk inc flu hosp,3,48,quantile,0.55,356,2026-12-12
2026-11-21,wk inc flu hosp,3,48,quantile,0.6,371,2026-12-12
2026-11-21,wk inc flu hosp,3,48,quantile,0.65,396,2026-12-12
2026-11-21,wk inc flu hosp,3,48,quantile,0.7,409,2026-12-12
2026-11-21,wk inc flu hosp,3,48,quantile,0.75,443,2026-12-12
2026-11-21,wk inc flu hosp,3,48,quantile,0.8,455,2026-12-12
2026-11-21,wk inc flu hosp,3,48,quantile,0.85,508,2026-12-12
2026-11-21,wk inc flu hosp,3,48,quantile,0.9,547,2026-12-12
2026-11-21,wk inc flu hosp,3,48,quantile,0.95,598,2026-12-12
2026-11-21,wk inc flu hosp,3,48,quantile,0.975,631,2026-12-12
2026-11-21,wk inc flu hosp,3,48,quantile,0.99,689,2026-12-12
2026-11-21,wk inc flu hosp,3,49,quantile,0.01,11,2026-12-12
2026-11-21,wk inc flu hosp,3,49,quantile,0.025,13,2026-12-12
2026-11-21,wk inc flu hosp,3,49,quantile,0.05,15,2026-12-12
2026-11-21,wk inc flu hosp,3,49,quantile,0.1,17,2026-12-12
2026-11-21,wk inc flu hosp,3,49,quantile,0.15,19,2026-12-12
2026-11-21,wk inc flu hosp,3,49,quantile,0.2,20,2026-12-12
2026-11-21,wk inc flu hosp,3,49,quantile,0.25,21,2026-12-12
2026-11-21,wk inc flu hosp,3,49,quantile,0.3,22,2026-12-12
2026-11-21,wk inc flu hosp,3,49,quantile,0.35,23,2026-12-12
2026-11-21,wk inc flu hosp,3,49,quantile,0.4,24,2026-12-12
2026-11-21,wk inc flu hosp,3,49,quantile,0.45,25,2026-12-12
2026-11-21,wk inc flu hosp,3,49,quantile,0.5,26,2026-12-12
2026-11-21,wk inc flu hosp,3,49,quantile,0.55,27,2026-12-12
2026-11-21,wk inc flu hosp,3,49,quantile,0.6,28,2026-12-12
2026-11-21,wk inc flu hosp,3,49,quantile,0.65,30,2026-12-12
2026-11-21,wk inc flu hosp,3,49,quantile,0.7,31,2026-12-12
2026-11-21,wk inc flu hosp,3,49,quantile,0.75,32,2026-12-12
2026-11-21,wk inc flu hosp,3,49,quantile,0.8,34,2026-12-12
2026-11-21,wk inc flu hosp,3,49,quantile,0.85,36,2026-12-12
2026-11-21,wk inc flu hosp,3,49,quantile,0.9,38,2026-12-12
2026-11-21,wk inc flu hosp,3,49,quantile,0.95,41,2026-12-12
2026-11-21,wk inc flu hosp,3,49,quantile,0.975,43,2026-12-12
2026-11-21,wk inc flu hosp,3,49,quantile,0.99,54,2026-12-12
2026-11-21,wk inc flu hosp,3,50,quantile,0.01,0,2026-12-12
2026-11-21,wk inc flu hosp,3,50,quantile,0.025,0,2026-12-12
2026-11-21,wk inc flu hosp,3,50,quantile,0.05,0,2026-12-12
2026-11-21,wk inc flu hosp,3,50,quantile,0.1,0,2026-12-12
2026-11-21,wk inc flu hosp,3,50,quantile,0.15,0,2026-12-12
2026-11-21,wk inc flu hosp,3,50,quantile,0.2,0,2026-12-12
2026-11-21,wk inc flu hosp,3,50,quantile,0.25,0,2026-12-12
2026-11-21,wk inc flu hosp,3,50,quantile,0.3,0,2026-12-12
2026-11-21,wk inc flu hosp,3,50,quantile,0.35,0,2026-12-12
2026-11-21,wk inc flu hosp,3,50,quantile,0.4,0,2026-12-12
2026-11-21,wk inc flu hosp,3,50,quantile,0.45,0,2026-12-12
2026-11-21,wk inc flu hosp,3,50,quantile,0.5,1,2026-12-12
2026-11-21,wk inc flu hosp,3,50,quantile,0.55,1,2026-12-12
2026-11-21,wk inc flu hosp,3,50,quantile,0.6,1,2026-12-12
2026-11-21,wk inc flu hosp,3,50,quantile,0.65,2,2026-12-12
2026-11-21,wk inc flu hosp,3,50,quantile,0.7,2,2026-12-12
2026-11-21,wk inc flu hosp,3,50,quantile,0.75,3,2026-12-12
2026-11-21,wk inc flu hosp,3,50,quantile,0.8,4,2026-12-12
2026-11-21,wk inc flu hosp,3,50,quantile,0.85,5,2026-12-12
2026-11-21,wk inc flu hosp,3,50,quantile,0.9,6,2026-12-12
2026-11-21,wk inc flu hosp,3,50,quantile,0.95,7,2026-12-12
2026-11-21,wk inc flu hosp,3,50,quantile,0.975,9,2026-12-12
2026-11-21,wk inc flu hosp,3,50,quantile,0.99,12,2026-12-12
2026-11-21,wk inc flu hosp,3,51,quantile,0.01,35,2026-12-12
2026-11-21,wk inc flu hosp,3,51,quantile,0.025,39,2026-12-12
2026-11-21,wk inc flu hosp,3,51,quantile,0.05,43,2026-12-12
2026-11-21,wk inc flu hosp,3,51,quantile,0.1,46,2026-12-12
2026-11-21,wk inc flu hosp,3,51,quantile,0.15,49,2026-12-12
2026-11-21,wk inc flu hosp,3,51,quantile,0.2,55,2026-12-12
2026-11-21,wk inc flu hosp,3,51,quantile,0.25,57,2026-12-12
2026-11-21,wk inc flu hosp,3,51,quantile,0.3,61,2026-12-12
2026-11-21,wk inc flu hosp,3,51,quantile,0.35,63,2026-12-12
2026-11-21,wk inc flu hosp,3,51,quantile,0.4,66,2026-12-12
2026-11-21,wk inc flu hosp,3,51,quantile,0.45,70,2026-12-12
2026-11-21,wk inc flu hosp,3,51,quantile,0.5,71,2026-12-12
2026-11-21,wk inc flu hosp,3,51,quantile,0.55,72,2026-12-12
2026-11-21,wk inc flu hosp,3,51,quantile,0.6,75,2026-12-12
2026-11-21,wk inc flu hosp,3,51,quantile,0.65,77,2026-12-12
2026-11-21,wk inc flu hosp,3,51,quantile,0.7,80,2026-12-12
2026-11-21,wk inc flu hosp,3,51,quantile,0.75,83,2026-12-12
2026-11-21,wk inc flu hosp,3,51,quantile,0.8,86,2026-12-12
2026-11-21,wk inc flu hosp,3,51,quantile,0.85,90,2026-12-12
2026-11-21,wk inc flu hosp,3,51,quantile,0.9,97,2026-12-12
2026-11-21,wk inc flu hosp,3,51,quantile,0.95,111,2026-12-12
2026-11-21,wk inc flu hosp,3,51,quantile,0.975,116,2026-12-12
2026-11-21,wk inc flu hosp,3,51,quantile,0.99,120,2026-12-12
2026-11-21,wk inc flu hosp,3,53,quantile,0.01,22,2026-12-12
2026-11-21,wk inc flu hosp,3,53,quantile,0.025,23,2026-12-12
2026-11-21,wk inc flu hosp,3,53,quantile,0.05,25,2026-12-12
2026-11-21,wk inc flu hosp,3,53,quantile,0.1,29,2026-12-12
2026-11-21,wk inc flu hosp,3,53,quantile,0.15,31,2026-12-12
2026-11-21,wk inc flu hosp,3,53,quantile,0.2,33,2026-12-12
2026-11-21,wk inc flu hosp,3,53,quantile,0.25,36,2026-12-12
2026-11-21,wk inc flu hosp,3,53,quantile,0.3,38,2026-12-12
2026-11-21,wk inc flu hosp,3,53,quantile,0.35,40,2026-12-12
2026-11-21,wk inc flu hosp,3,53,quantile,0.4,41,2026-12-12
2026-11-21,wk inc flu hosp,3,53,quantile,0.45,43,2026-12-12
2026-11-21,wk inc flu hosp,3,53,quantile,0.5,44,2026-12-12
2026-11-21,wk inc flu hosp,3,53,quantile,0.55,45,2026-12-12
2026-11-21,wk inc flu hosp,3,53,quantile,0.6,47,2026-12-12
2026-11-21,wk inc flu hosp,3,53,quantile,0.65,49,2026-12-12
2026-11-21,wk inc flu hosp,3,53,quantile,0.7,53,2026-12-12
2026-11-21,wk inc flu hosp,3,53,quantile,0.75,55,2026-12-12
2026-11-21,wk inc flu hosp,3,53,quantile,0.8,57,2026-12-12
2026-11-21,wk inc flu hosp,3,53,quantile,0.85,61,2026-12-12
2026-11-21,wk inc flu hosp,3,53,quantile,0.9,65,2026-12-12
2026-11-21,wk inc flu hosp,3,53,quantile,0.95,76,2026-12-12
2026-11-21,wk inc flu hosp,3,53,quantile,0.975,86,2026-12-12
2026-11-21,wk inc flu hosp,3,53,quantile,0.99,100,2026-12-12
2026-11-21,wk inc flu hosp,3,54,quantile,0.01,1,2026-12-12
2026-11-21,wk inc flu hosp,3,54,quantile,0.025,1,2026-12-12
2026-11-21,wk inc flu hosp,3,54,quantile,0.05,3,2026-12-12
2026-11-21,wk inc flu hosp,3,54,quantile,0.1,4,2026-12-12
2026-11-21,wk inc flu hosp,3,54,quantile,0.15,5,2026-12-12
2026-11-21,wk inc flu hosp,3,54,quantile,0.2,7,2026-12-12
2026-11-21,wk inc flu hosp,3,54,quantile,0.25,7,2026-12-12
2026-11-21,wk inc flu hosp,3,54,quantile,0.3,8,2026-12-12
2026-11-21,wk inc flu hosp,3,54,quantile,0.35,9,2026-12-12
2026-11-21,wk inc flu hosp,3,54,quantile,0.4,9,2026-12-12
2026-11-21,wk inc flu hosp,3,54,quantile,0.45,10,2026-12-12
2026-11-21,wk inc flu hosp,3,54,quantile,0.5,11,2026-12-12
2026-11-21,wk inc flu hosp,3,54,quantile,0.55,12,2026-12-12
2026-11-21,wk inc flu hosp,3,54,quantile,0.6,13,2026-12-12
2026-11-21,wk inc flu hosp,3,54,quantile,0.65,14,2026-12-12
2026-11-21,wk inc flu hosp,3,54,quantile,0.7,14,2026-12-12
2026-11-21,wk inc flu hosp,3,54,quantile,0.75,15,2026-12-12
2026-11-21,wk inc flu hosp,3,54,quantile,0.8,16,2026-12-12
2026-11-21,wk inc flu hosp,3,54,quantile,0.85,17,2026-12-12
2026-11-21,wk inc flu hosp,3,54,quantile,0.9,19,2026-12-12
2026-11-21,wk inc flu hosp,3,54,quantile,0.95,23,2026-12-12
2026-11-21,wk inc flu hosp,3,54,quantile,0.975,25,2026-12-12
2026-11-21,wk inc flu hosp,3,54,quantile,0.99,27,2026-12-12
2026-11-21,wk inc flu hosp,3,55,quantile,0.01,15,2026-12-12
2026-11-21,wk inc flu hosp,3,55,quantile,0.025,17,2026-12-12
2026-11-21,wk inc flu hosp,3,55,quantile,0.05,20,2026-12-12
2026-11-21,wk inc flu hosp,3,55,quantile,0.1,24,2026-12-12
2026-11-21,wk inc flu hosp,3,55,quantile,0.15,25,2026-12-12
2026-11-21,wk inc flu hosp,3,55,quantile,0.2,28,2026-12-12
2026-11-21,wk inc flu hosp,3,55,quantile,0.25,29,2026-12-12
2026-11-21,wk inc flu hosp,3,55,quantile,0.3,32,2026-12-12
2026-11-21,wk inc flu hosp,3,55,quantile,0.35,33,2026-12-12
2026-11-21,wk inc flu hosp,3,55,quantile,0.4,34,2026-12-12
2026-11-21,wk inc flu hosp,3,55,quantile,0.45,37,2026-12-12
2026-11-21,wk inc flu hosp,3,55,quantile,0.5,40,2026-12-12
2026-11-21,wk inc flu hosp,3,55,quantile,0.55,42,2026-12-12
2026-11-21,wk inc flu hosp,3,55,quantile,0.6,44,2026-12-12
2026-11-21,wk inc flu hosp,3,55,quantile,0.65,46,2026-12-12
2026-11-21,wk inc flu hosp,3,55,quantile,0.7,48,2026-12-12
2026-11-21,wk inc flu hosp,3,55,quantile,0.75,51,2026-12-12
2026-11-21,wk inc flu hosp,3,55,quantile,0.8,53,2026-12-12
2026-11-21,wk inc flu hosp,3,55,quantile,0.85,55,2026-12-12
2026-11-21,wk inc flu hosp,3,55,quantile,0.9,59,2026-12-12
2026-11-21,wk inc flu hosp,3,55,quantile,0.95,71,2026-12-12
2026-11-21,wk inc flu hosp,3,55,quantile,0.975,76,2026-12-12
2026-11-21,wk inc flu hosp,3,55,quantile,0.99,82,2026-12-12
2026-11-21,wk inc flu hosp,3,56,quantile,0.01,2,2026-12-12
2026-11-21,wk inc flu hosp,3,56,quantile,0.025,2,2026-12-12
2026-11-21,wk inc flu hosp,3,56,quantile,0.05,3,2026-12-12
2026-11-21,wk inc flu hosp,3,56,quantile,0.1,4,2026-12-12
2026-11-21,wk inc flu hosp,3,56,quantile,0.15,6,2026-12-12
2026-11-21,wk inc flu hosp,3,56,quantile,0.2,7,2026-12-12
2026-11-21,wk inc flu hosp,3,56,quantile,0.25,8,2026-12-12
2026-11-21,wk inc flu hosp,3,56,quantile,0.3,9,2026-12-12
2026-11-21,wk inc flu hosp,3,56,quantile,0.35,9,2026-12-12
2026-11-21,wk inc flu hosp,3,56,quantile,0.4,10,2026-12-12
2026-11-21,wk inc flu hosp,3,56,quantile,0.45,11,2026-12-12
2026-11-21,wk inc flu hosp,3,56,quantile,0.5,12,2026-12-12
2026-11-21,wk inc flu hosp,3,56,quantile,0.55,13,2026-12-12
2026-11-21,wk inc flu hosp,3,56,quantile,0.6,14,2026-12-12
2026-11-21,wk inc flu hosp,3,56,quantile,0.65,16,2026-12-12
2026-11-21,wk inc flu hosp,3,56,quantile,0.7,16,2026-12-12
2026-11-21,wk inc flu hosp,3,56,quantile,0.75,17,2026-12-12
2026-11-21,wk inc flu hosp,3,56,quantile,0.8,18,2026-12-12
2026-11-21,wk inc flu hosp,3,56,quantile,0.85,21,2026-12-12
2026-11-21,wk inc flu hosp,3,56,quantile,0.9,25,2026-12-12
2026-11-21,wk inc flu hosp,3,56,quantile,0.95,29,2026-12-12
2026-11-21,wk inc flu hosp,3,56,quantile,0.975,35,2026-12-12
2026-11-21,wk inc flu hosp,3,56,quantile,0.99,36,2026-12-12
2026-11-21,wk inc flu hosp,3,72,quantile,0.01,37,2026-12-12
2026-11-21,wk inc flu hosp,3,72,quantile,0.025,39,2026-12-12
2026-11-21,wk inc flu hosp,3,72,quantile,0.05,46,2026-12-12
2026-11-21,wk inc flu hosp,3,72,quantile,0.1,59,2026-12-12
2026-11-21,wk inc flu hosp,3,72,quantile,0.15,64,2026-12-12
2026-11-21,wk inc flu hosp,3,72,quantile,0.2,71,2026-12-12
2026-11-21,wk inc flu hosp,3,72,quantile,0.25,77,2026-12-12
2026-11-21,wk inc flu hosp,3,72,quantile,0.3,82,2026-12-12
2026-11-21,wk inc flu hosp,3,72,quantile,0.35,88,2026-12-12
2026-11-21,wk inc flu hosp,3,72,quantile,0.4,94,2026-12-12
2026-11-21,wk inc flu hosp,3,72,quantile,0.45,97,2026-12-12
2026-11-21,wk inc flu hosp,3,72,quantile,0.5,101,2026-12-12
2026-11-21,wk inc flu hosp,3,72,quantile,0.55,107,2026-12-12
2026-11-21,wk inc flu hosp,3,72,quantile,0.6,115,2026-12-12
2026-11-21,wk inc flu hosp,3,72,quantile,0.65,121,2026-12-12
2026-11-21,wk inc flu hosp,3,72,quantile,0.7,132,2026-12-12
2026-11-21,wk inc flu hosp,3,72,quantile,0.75,138,2026-12-12
2026-11-21,wk inc flu hosp,3,72,quantile,0.8,144,2026-12-12
2026-11-21,wk inc flu hosp,3,72,quantile,0.85,155,2026-12-12
2026-11-21,wk inc flu hosp,3,72,quantile,0.9,178,2026-12-12
2026-11-21,wk inc flu hosp,3,72,quantile,0.95,218,2026-12-12
2026-11-21,wk inc flu hosp,3,72,quantile,0.975,245,2026-12-12
2026-11-21,wk inc flu hosp,3,72,quantile,0.99,285,2026-12-12
2026-11-21,wk inc flu hosp,3,USA,quantile,0.01,3145,2026-12-12
2026-11-21,wk inc flu hosp,3,USA,quantile,0.025,3251,2026-12-12
2026-11-21,wk inc flu hosp,3,USA,quantile,0.05,3402,2026-12-12
2026-11-21,wk inc flu hosp,3,USA,quantile,0.1,3472,2026-12-12
2026-11-21,wk inc flu hosp,3,USA,quantile,0.15,3653,2026-12-12
2026-11-21,wk inc flu hosp,3,USA,quantile,0.2,3720,2026-12-12
2026-11-21,wk inc flu hosp,3,USA,quantile,0.25,3787,2026-12-12
2026-11-21,wk inc flu hosp,3,USA,quantile,0.3,3832,2026-12-12
2026-11-21,wk inc flu hosp,3,USA,quantile,0.35,3891,2026-12-12
2026-11-21,wk inc flu hosp,3,USA,quantile,0.4,3918,2026-12-12
2026-11-21,wk inc flu hosp,3,USA,quantile,0.45,3957,2026-12-12
2026-11-21,wk inc flu hosp,3,USA,quantile,0.5,3984,2026-12-12
2026-11-21,wk inc flu hosp,3,USA,quantile,0.55,4014,2026-12-12
2026-11-21,wk inc flu hosp,3,USA,quantile,0.6,4062,2026-12-12
2026-11-21,wk inc flu hosp,3,USA,quantile,0.65,4093,2026-12-12
2026-11-21,wk inc flu hosp,3,USA,quantile,0.7,4201,2026-12-12
2026-11-21,wk inc flu hosp,3,USA,quantile,0.75,4240,2026-12-12
2026-11-21,wk inc flu hosp,3,USA,quantile,0.8,4265,2026-12-12
2026-11-21,wk inc flu hosp,3,USA,quantile,0.85,4401,2026-12-12
2026-11-21,wk inc flu hosp,3,USA,quantile,0.9,4469,2026-12-12
2026-11-21,wk inc flu hosp,3,USA,quantile,0.95,4690,2026-12-12
2026-11-21,wk inc flu hosp,3,USA,quantile,0.975,4857,2026-12-12
2026-11-21,wk inc flu hosp,3,USA,quantile,0.99,5029,2026-12-12
