reference_date,target,horizon,location,output_type,output_type_id,value,target_end_date
2027-03-13,wk inc flu hosp,0,01,quantile,0.01,147,2027-03-13
2027-03-13,wk inc flu hosp,0,01,quantile,0.025,153,2027-03-13
2027-03-13,wk inc flu hosp,0,01,quantile,0.05,158,2027-03-13
2027-03-13,wk inc flu hosp,0,01,quantile,0.1,165,2027-03-13
2027-03-13,wk inc flu hosp,0,01,quantile,0.15,171,2027-03-13
2027-03-13,wk inc flu hosp,0,01,quantile,0.2,174,2027-03-13
2027-03-13,wk inc flu hosp,0,01,quantile,0.25,184,2027-03-13
2027-03-13,wk inc flu hosp,0,01,quantile,0.3,187,2027-03-13
2027-03-13,wk inc flu hosp,0,01,quantile,0.35,189,2027-03-13
2027-03-13,wk inc flu hosp,0,01,quantile,0.4,194,2027-03-13
2027-03-13,wk inc flu hosp,0,01,quantile,0.45,199,2027-03-13
2027-03-13,wk inc flu hosp,0,01,quantile,0.5,203,2027-03-13
2027-03-13,wk inc flu hosp,0,01,quantile,0.55,209,2027-03-13
2027-03-13,wk inc flu hosp,0,01,quantile,0.6,212,2027-03-13
2027-03-13,wk inc flu hosp,0,01,quantile,0.65,215,2027-03-13
2027-03-13,wk inc flu hosp,0,01,quantile,0.7,220,2027-03-13
2027-03-13,wk inc flu hosp,0,01,quantile,0.75,225,2027-03-13
2027-03-13,wk inc flu hosp,0,01,quantile,0.8,229,2027-03-13
2027-03-13,wk inc flu hosp,0,01,quantile,0.85,234,2027-03-13
2027-03-13,wk inc flu hosp,0,01,quantile,0.9,242,2027-03-13
2027-03-13,wk inc flu hosp,0,01,quantile,0.95,250,2027-03-13
2027-03-13,wk inc flu hosp,0,01,quantile,0.975,254,2027-03-13
2027-03-13,wk inc flu hosp,0,01,quantile,0.99,263,2027-03-13
2027-03-13,wk inc flu hosp,0,02,quantile,0.01,5,2027-03-13
2027-03-13,wk inc flu hosp,0,02,quantile,0.025,7,2027-03-13
2027-03-13,wk inc flu hosp,0,02,quantile,0.05,9,2027-03-13
2027-03-13,wk inc flu hosp,0,02,quantile,0.1,12,2027-03-13
2027-03-13,wk inc flu hosp,0,02,quantile,0.15,13,2027-03-13
2027-03-13,wk inc flu hosp,0,02,quantile,0.2,14,2027-03-13
2027-03-13,wk inc flu hosp,0,02,quantile,0.25,14,2027-03-13
2027-03-13,wk inc flu hosp,0,02,quantile,0.3,15,2027-03-13
2027-03-13,wk inc flu hosp,0,02,quantile,0.35,17,2027-03-13
2027-03-13,wk inc flu hosp,0,02,quantile,0.4,17,2027-03-13
2027-03-13,wk inc flu hosp,0,02,quantile,0.45,19,2027-03-13
2027-03-13,wk inc flu hosp,0,02,quantile,0.5,19,2027-03-13
2027-03-13,wk inc flu hosp,0,02,quantile,0.55,20,2027-03-13
2027-03-13,wk inc flu hosp,0,02,quantile,0.6,20,2027-03-13
2027-03-13,wk inc flu hosp,0,02,quantile,0.65,21,2027-03-13
2027-03-13,wk inc flu hosp,0,02,quantile,0.7,22,2027-03-13
2027-03-13,wk inc flu hosp,0,02,quantile,0.75,23,2027-03-13
2027-03-13,wk inc flu hosp,0,02,quantile,0.8,25,2027-03-13
2027-03-13,wk inc flu hosp,0,02,quantile,0.85,27,2027-03-13
2027-03-13,wk inc flu hosp,0,02,quantile,0.9,28,2027-03-13
2027-03-13,wk inc flu hosp,0,02,quantile,0.95,31,2027-03-13
2027-03-13,wk inc flu hosp,0,02,quantile,0.975,34,2027-03-13
2027-03-13,wk inc flu hosp,0,02,quantile,0.99,36,2027-03-13
2027-03-13,wk inc flu hosp,0,04,quantile,0.01,237,2027-03-13
2027-03-13,wk inc flu hosp,0,04,quantile,0.025,242,2027-03-13
2027-03-13,wk inc flu hosp,0,04,quantile,0.05,249,2027-03-13
2027-03-13,wk inc flu hosp,0,04,quantile,0.1,259,2027-03-13
2027-03-13,wk inc flu hosp,0,04,quantile,0.15,269,2027-03-13
2027-03-13,wk inc flu hosp,0,04,quantile,0.2,277,2027-03-13
2027-03-13,wk inc flu hosp,0,04,quantile,0.25,282,2027-03-13
2027-03-13,wk inc flu hosp,0,04,quantile,0.3,289,2027-03-13
2027-03-13,wk inc flu hosp,0,04,quantile,0.35,294,2027-03-13
2027-03-13,wk inc flu hosp,0,04,quantile,0.4,298,2027-03-13
2027-03-13,wk inc flu hosp,0,04,quantile,0.45,307,2027-03-13
2027-03-13,wk inc flu hosp,0,04,quantile,0.5,314,2027-03-13
2027-03-13,wk inc flu hosp,0,04,quantile,0.55,318,2027-03-13
2027-03-13,wk inc flu hosp,0,04,quantile,0.6,328,2027-03-13
2027-03-13,wk inc flu hosp,0,04,quantile,0.65,334,2027-03-13
2027-03-13,wk inc flu hosp,0,04,quantile,0.7,340,2027-03-13
2027-03-13,wk inc flu hosp,0,04,quantile,0.75,348,2027-03-13
2027-03-13,wk inc flu hosp,0,04,quantile,0.8,358,2027-03-13
2027-03-13,wk inc flu hosp,0,04,quantile,0.85,367,2027-03-13
2027-03-13,wk inc flu hosp,0,04,quantile,0.9,376,2027-03-13
2027-03-13,wk inc flu hosp,0,04,quantile,0.95,397,2027-03-13
2027-03-13,wk inc flu hosp,0,04,quantile,0.975,401,2027-03-13
2027-03-13,wk inc flu hosp,0,04,quantile,0.99,424,2027-03-13
2027-03-13,wk inc flu hosp,0,05,quantile,0.01,162,2027-03-13
2027-03-13,wk inc flu hosp,0,05,quantile,0.025,172,2027-03-13
2027-03-13,wk inc flu hosp,0,05,quantile,0.05,181,2027-03-13
2027-03-13,wk inc flu hosp,0,05,quantile,0.1,190,2027-03-13
2027-03-13,wk inc flu hosp,0,05,quantile,0.15,196,2027-03-13
2027-03-13,wk inc flu hosp,0,05,quantile,0.2,201,2027-03-13
2027-03-13,wk inc flu hosp,0,05,quantile,0.25,207,2027-03-13
2027-03-13,wk inc flu hosp,0,05,quantile,0.3,211,2027-03-13
2027-03-13,wk inc flu hosp,0,05,quantile,0.35,214,2027-03-13
2027-03-13,wk inc flu hosp,0,05,quantile,0.4,219,2027-03-13
2027-03-13,wk inc flu hosp,0,05,quantile,0.45,223,2027-03-13
2027-03-13,wk inc flu hosp,0,05,quantile,0.5,228,2027-03-13
2027-03-13,wk inc flu hosp,0,05,quantile,0.55,230,2027-03-13
2027-03-13,wk inc flu hosp,0,05,quantile,0.6,235,2027-03-13
2027-03-13,wk inc flu hosp,0,05,quantile,0.65,239,2027-03-13
2027-03-13,wk inc flu hosp,0,05,quantile,0.7,241,2027-03-13
2027-03-13,wk inc flu hosp,0,05,quantile,0.75,247,2027-03-13
2027-03-13,wk inc flu hosp,0,05,quantile,0.8,252,2027-03-13
2027-03-13,wk inc flu hosp,0,05,quantile,0.85,257,2027-03-13
2027-03-13,wk inc flu hosp,0,05,quantile,0.9,264,2027-03-13
2027-03-13,wk inc flu hosp,0,05,quantile,0.95,273,2027-03-13
2027-03-13,wk inc flu hosp,0,05,quantile,0.975,276,2027-03-13
2027-03-13,wk inc flu hosp,0,05,quantile,0.99,284,2027-03-13
2027-03-13,wk inc flu hosp,0,06,quantile,0.01,581,2027-03-13
2027-03-13,wk inc flu hosp,0,06,quantile,0.025,616,2027-03-13
2027-03-13,wk inc flu hosp,0,06,quantile,0.05,630,2027-03-13
2027-03-13,wk inc flu hosp,0,06,quantile,0.1,657,2027-03-13
2027-03-13,wk inc flu hosp,0,06,quantile,0.15,682,2027-03-13
2027-03-13,wk inc flu hosp,0,06,quantile,0.2,704,2027-03-13
2027-03-13,wk inc flu hosp,0,06,quantile,0.25,724,2027-03-13
2027-03-13,wk inc flu hosp,0,06,quantile,0.3,736,2027-03-13
2027-03-13,wk inc flu hosp,0,06,quantile,0.35,745,2027-03-13
2027-03-13,wk inc flu hosp,0,06,quantile,0.4,758,2027-03-13
2027-03-13,wk inc flu hosp,0,06,quantile,0.45,770,2027-03-13
2027-03-13,wk inc flu hosp,0,06,quantile,0.5,779,2027-03-13
2027-03-13,wk inc flu hosp,0,06,quantile,0.55,794,2027-03-13
2027-03-13,wk inc flu hosp,0,06,quantile,0.6,808,2027-03-13
2027-03-13,wk inc flu hosp,0,06,quantile,0.65,823,2027-03-13
2027-03-13,wk inc flu hosp,0,06,quantile,0.7,832,2027-03-13
2027-03-13,wk inc flu hosp,0,06,quantile,0.75,852,2027-03-13
2027-03-13,wk inc flu hosp,0,06,quantile,0.8,866,2027-03-13
2027-03-13,wk inc flu hosp,0,06,quantile,0.85,887,2027-03-13
2027-03-13,wk inc flu hosp,0,06,quantile,0.9,905,2027-03-13
2027-03-13,wk inc flu hosp,0,06,quantile,0.95,942,2027-03-13
2027-03-13,wk inc flu hosp,0,06,quantile,0.975,974,2027-03-13
2027-03-13,wk inc flu hosp,0,06,quantile,0.99,1065,2027-03-13
2027-03-13,wk inc flu hosp,0,08,quantile,0.01,147,2027-03-13
2027-03-13,wk inc flu hosp,0,08,quantile,0.025,150,2027-03-13
2027-03-13,wk inc flu hosp,0,08,quantile,0.05,157,2027-03-13
2027-03-13,wk inc flu hosp,0,08,quantile,0.1,162,2027-03-13
2027-03-13,wk inc flu hosp,0,08,quantile,0.15,169,2027-03-13
2027-03-13,wk inc flu hosp,0,08,quantile,0.2,174,2027-03-13
2027-03-13,wk inc flu hosp,0,08,quantile,0.25,178,2027-03-13
2027-03-13,wk inc flu hosp,0,08,quantile,0.3,182,2027-03-13
2027-03-13,wk inc flu hosp,0,08,quantile,0.35,186,2027-03-13
2027-03-13,wk inc flu hosp,0,08,quantile,0.4,190,2027-03-13
2027-03-13,wk inc flu hosp,0,08,quantile,0.45,195,2027-03-13
2027-03-13,wk inc flu hosp,0,08,quantile,0.5,198,2027-03-13
2027-03-13,wk inc flu hosp,0,08,quantile,0.55,201,2027-03-13
2027-03-13,wk inc flu hosp,0,08,quantile,0.6,205,2027-03-13
2027-03-13,wk inc flu hosp,0,08,quantile,0.65,209,2027-03-13
2027-03-13,wk inc flu hosp,0,08,quantile,0.7,211,2027-03-13
2027-03-13,wk inc flu hosp,0,08,quantile,0.75,214,2027-03-13
2027-03-13,wk inc flu hosp,0,08,quantile,0.8,217,2027-03-13
2027-03-13,wk inc flu hosp,0,08,quantile,0.85,220,2027-03-13
2027-03-13,wk inc flu hosp,0,08,quantile,0.9,228,2027-03-13
2027-03-13,wk inc flu hosp,0,08,quantile,0.95,240,2027-03-13
2027-03-13,wk inc flu hosp,0,08,quantile,0.975,248,2027-03-13
2027-03-13,wk inc flu hosp,0,08,quantile,0.99,251,2027-03-13
2027-03-13,wk inc flu hosp,0,09,quantile,0.01,107,2027-03-13
2027-03-13,wk inc flu hosp,0,09,quantile,0.025,110,2027-03-13
2027-03-13,wk inc flu hosp,0,09,quantile,0.05,117,2027-03-13
2027-03-13,wk inc flu hosp,0,09,quantile,0.1,121,2027-03-13
2027-03-13,wk inc flu hosp,0,09,quantile,0.15,126,2027-03-13
2027-03-13,wk inc flu hosp,0,09,quantile,0.2,130,2027-03-13
2027-03-13,wk inc flu hosp,0,09,quantile,0.25,132,2027-03-13
2027-03-13,wk inc flu hosp,0,09,quantile,0.3,135,2027-03-13
2027-03-13,wk inc flu hosp,0,09,quantile,0.35,137,2027-03-13
2027-03-13,wk inc flu hosp,0,09,quantile,0.4,142,2027-03-13
2027-03-13,wk inc flu hosp,0,09,quantile,0.45,145,2027-03-13
2027-03-13,wk inc flu hosp,0,09,quantile,0.5,146,2027-03-13
2027-03-13,wk inc flu hosp,0,09,quantile,0.55,151,2027-03-13
2027-03-13,wk inc flu hosp,0,09,quantile,0.6,153,2027-03-13
2027-03-13,wk inc flu hosp,0,09,quantile,0.65,154,2027-03-13
2027-03-13,wk inc flu hosp,0,09,quantile,0.7,159,2027-03-13
2027-03-13,wk inc flu hosp,0,09,quantile,0.75,162,2027-03-13
2027-03-13,wk inc flu hosp,0,09,quantile,0.8,166,2027-03-13
2027-03-13,wk inc flu hosp,0,09,quantile,0.85,170,2027-03-13
2027-03-13,wk inc flu hosp,0,09,quantile,0.9,175,2027-03-13
2027-03-13,wk inc flu hosp,0,09,quantile,0.95,184,2027-03-13
2027-03-13,wk inc flu hosp,0,09,quantile,0.975,190,2027-03-13
2027-03-13,wk inc flu hosp,0,09,quantile,0.99,202,2027-03-13
2027-03-13,wk inc flu hosp,0,10,quantile,0.01,31,2027-03-13
2027-03-13,wk inc flu hosp,0,10,quantile,0.025,32,2027-03-13
2027-03-13,wk inc flu hosp,0,10,quantile,0.05,35,2027-03-13
2027-03-13,wk inc flu hosp,0,10,quantile,0.1,38,2027-03-13
2027-03-13,wk inc flu hosp,0,10,quantile,0.15,41,2027-03-13
2027-03-13,wk inc flu hosp,0,10,quantile,0.2,43,2027-03-13
2027-03-13,wk inc flu hosp,0,10,quantile,0.25,44,2027-03-13
2027-03-13,wk inc flu hosp,0,10,quantile,0.3,45,2027-03-13
2027-03-13,wk inc flu hosp,0,10,quantile,0.35,47,2027-03-13
2027-03-13,wk inc flu hosp,0,10,quantile,0.4,49,2027-03-13
2027-03-13,wk inc flu hosp,0,10,quantile,0.45,50,2027-03-13
2027-03-13,wk inc flu hosp,0,10,quantile,0.5,51,2027-03-13
2027-03-13,wk inc flu hosp,0,10,quantile,0.55,53,2027-03-13
2027-03-13,wk inc flu hosp,0,10,quantile,0.6,54,2027-03-13
2027-03-13,wk inc flu hosp,0,10,quantile,0.65,55,2027-03-13
2027-03-13,wk inc flu hosp,0,10,quantile,0.7,57,2027-03-13
2027-03-13,wk inc flu hosp,0,10,quantile,0.75,58,2027-03-13
2027-03-13,wk inc flu hosp,0,10,quantile,0.8,59,2027-03-13
2027-03-13,wk inc flu hosp,0,10,quantile,0.85,61,2027-03-13
2027-03-13,wk inc flu hosp,0,10,quantile,0.9,64,2027-03-13
2027-03-13,wk inc flu hosp,0,10,quantile,0.95,67,2027-03-13
2027-03-13,wk inc flu hosp,0,10,quantile,0.975,76,2027-03-13
2027-03-13,wk inc flu hosp,0,10,quantile,0.99,86,2027-03-13
2027-03-13,wk inc flu hosp,0,11,quantile,0.01,27,2027-03-13
2027-03-13,wk inc flu hosp,0,11,quantile,0.025,29,2027-03-13
2027-03-13,wk inc flu hosp,0,11,quantile,0.05,35,2027-03-13
2027-03-13,wk inc flu hosp,0,11,quantile,0.1,38,2027-03-13
2027-03-13,wk inc flu hosp,0,11,quantile,0.15,42,2027-03-13
2027-03-13,wk inc flu hosp,0,11,quantile,0.2,45,2027-03-13
2027-03-13,wk inc flu hosp,0,11,quantile,0.25,47,2027-03-13
2027-03-13,wk inc flu hosp,0,11,quantile,0.3,48,2027-03-13
2027-03-13,wk inc flu hosp,0,11,quantile,0.35,50,2027-03-13
2027-03-13,wk inc flu hosp,0,11,quantile,0.4,52,2027-03-13
2027-03-13,wk inc flu hosp,0,11,quantile,0.45,53,2027-03-13
2027-03-13,wk inc flu hosp,0,11,quantile,0.5,54,2027-03-13
2027-03-13,wk inc flu hosp,0,11,quantile,0.55,56,2027-03-13
2027-03-13,wk inc flu hosp,0,11,quantile,0.6,57,2027-03-13
2027-03-13,wk inc flu hosp,0,11,quantile,0.65,58,2027-03-13
2027-03-13,wk inc flu hosp,0,11,quantile,0.7,60,2027-03-13
2027-03-13,wk inc flu hosp,0,11,quantile,0.75,62,2027-03-13
2027-03-13,wk inc flu hosp,0,11,quantile,0.8,64,2027-03-13
2027-03-13,wk inc flu hosp,0,11,quantile,0.85,65,2027-03-13
2027-03-13,wk inc flu hosp,0,11,quantile,0.9,67,2027-03-13
2027-03-13,wk inc flu hosp,0,11,quantile,0.95,74,2027-03-13
2027-03-13,wk inc flu hosp,0,11,quantile,0.975,79,2027-03-13
2027-03-13,wk inc flu hosp,0,11,quantile,0.99,81,2027-03-13
2027-03-13,wk inc flu hosp,0,12,quantile,0.01,810,2027-03-13
2027-03-13,wk inc flu hosp,0,12,quantile,0.025,833,2027-03-13
2027-03-13,wk inc flu hosp,0,12,quantile,0.05,874,2027-03-13
2027-03-13,wk inc flu hosp,0,12,quantile,0.1,927,2027-03-13
2027-03-13,wk inc flu hosp,0,12,quantile,0.15,971,2027-03-13
2027-03-13,wk inc flu hosp,0,12,quantile,0.2,992,2027-03-13
2027-03-13,wk inc flu hosp,0,12,quantile,0.25,1005,2027-03-13
2027-03-13,wk inc flu hosp,0,12,quantile,0.3,1021,2027-03-13
2027-03-13,wk inc flu hosp,0,12,quantile,0.35,1033,2027-03-13
2027-03-13,wk inc flu hosp,0,12,quantile,0.4,1061,2027-03-13
2027-03-13,wk inc flu hosp,0,12,quantile,0.45,1080,2027-03-13
2027-03-13,wk inc flu hosp,0,12,quantile,0.5,1103,2027-03-13
2027-03-13,wk inc flu hosp,0,12,quantile,0.55,1113,2027-03-13
2027-03-13,wk inc flu hosp,0,12,quantile,0.6,1131,2027-03-13
2027-03-13,wk inc flu hosp,0,12,quantile,0.65,1173,2027-03-13
2027-03-13,wk inc flu hosp,0,12,quantile,0.7,1204,2027-03-13
2027-03-13,wk inc flu hosp,0,12,quantile,0.75,1229,2027-03-13
2027-03-13,wk inc flu hosp,0,12,quantile,0.8,1260,2027-03-13
2027-03-13,wk inc flu hosp,0,12,quantile,0.85,1288,2027-03-13
2027-03-13,wk inc flu hosp,0,12,quantile,0.9,1331,2027-03-13
2027-03-13,wk inc flu hosp,0,12,quantile,0.95,1412,2027-03-13
2027-03-13,wk inc flu hosp,0,12,quantile,0.975,1501,2027-03-13
2027-03-13,wk inc flu hosp,0,12,quantile,0.99,1612,2027-03-13
2027-03-13,wk inc flu hosp,0,13,quantile,0.01,201,2027-03-13
2027-03-13,wk inc flu hosp,0,13,quantile,0.025,219,2027-03-13
2027-03-13,wk inc flu hosp,0,13,quantile,0.05,226,2027-03-13
2027-03-13,wk inc flu hosp,0,13,quantile,0.1,242,2027-03-13
2027-03-13,wk inc flu hosp,0,13,quantile,0.15,251,2027-03-13
2027-03-13,wk inc flu hosp,0,13,quantile,0.2,260,2027-03-13
2027-03-13,wk inc flu hosp,0,13,quantile,0.25,266,2027-03-13
2027-03-13,wk inc flu hosp,0,13,quantile,0.3,272,2027-03-13
2027-03-13,wk inc flu hosp,0,13,quantile,0.35,277,2027-03-13
2027-03-13,wk inc flu hosp,0,13,quantile,0.4,284,2027-03-13
2027-03-13,wk inc flu hosp,0,13,quantile,0.45,291,2027-03-13
2027-03-13,wk inc flu hosp,0,13,quantile,0.5,296,2027-03-13
2027-03-13,wk inc flu hosp,0,13,quantile,0.55,299,2027-03-13
2027-03-13,wk inc flu hosp,0,13,quantile,0.6,304,2027-03-13
2027-03-13,wk inc flu hosp,0,13,quantile,0.65,317,2027-03-13
2027-03-13,wk inc flu hosp,0,13,quantile,0.7,320,2027-03-13
2027-03-13,wk inc flu hosp,0,13,quantile,0.75,330,2027-03-13
2027-03-13,wk inc flu hosp,0,13,quantile,0.8,341,2027-03-13
2027-03-13,wk inc flu hosp,0,13,quantile,0.85,346,2027-03-13
2027-03-13,wk inc flu hosp,0,13,quantile,0.9,357,2027-03-13
2027-03-13,wk inc flu hosp,0,13,quantile,0.95,374,2027-03-13
2027-03-13,wk inc flu hosp,0,13,quantile,0.975,387,2027-03-13
2027-03-13,wk inc flu hosp,0,13,quantile,0.99,395,2027-03-13
2027-03-13,wk inc flu hosp,0,15,quantile,0.01,27,2027-03-13
2027-03-13,wk inc flu hosp,0,15,quantile,0.025,27,2027-03-13
2027-03-13,wk inc flu hosp,0,15,quantile,0.05,30,2027-03-13
2027-03-13,wk inc flu hosp,0,15,quantile,0.1,35,2027-03-13
2027-03-13,wk inc flu hosp,0,15,quantile,0.15,37,2027-03-13
2027-03-13,wk inc flu hosp,0,15,quantile,0.2,39,2027-03-13
2027-03-13,wk inc flu hosp,0,15,quantile,0.25,41,2027-03-13
2027-03-13,wk inc flu hosp,0,15,quantile,0.3,42,2027-03-13
2027-03-13,wk inc flu hosp,0,15,quantile,0.35,45,2027-03-13
2027-03-13,wk inc flu hosp,0,15,quantile,0.4,46,2027-03-13
2027-03-13,wk inc flu hosp,0,15,quantile,0.45,47,2027-03-13
2027-03-13,wk inc flu hosp,0,15,quantile,0.5,48,2027-03-13
2027-03-13,wk inc flu hosp,0,15,quantile,0.55,50,2027-03-13
2027-03-13,wk inc flu hosp,0,15,quantile,0.6,51,2027-03-13
2027-03-13,wk inc flu hosp,0,15,quantile,0.65,53,2027-03-13
2027-03-13,wk inc flu hosp,0,15,quantile,0.7,54,2027-03-13
2027-03-13,wk inc flu hosp,0,15,quantile,0.75,55,2027-03-13
2027-03-13,wk inc flu hosp,0,15,quantile,0.8,56,2027-03-13
2027-03-13,wk inc flu hosp,0,15,quantile,0.85,59,2027-03-13
2027-03-13,wk inc flu hosp,0,15,quantile,0.9,60,2027-03-13
2027-03-13,wk inc flu hosp,0,15,quantile,0.95,64,2027-03-13
2027-03-13,wk inc flu hosp,0,15,quantile,0.975,67,2027-03-13
2027-03-13,wk inc flu hosp,0,15,quantile,0.99,73,2027-03-13
2027-03-13,wk inc flu hosp,0,16,quantile,0.01,86,2027-03-13
2027-03-13,wk inc flu hosp,0,16,quantile,0.025,88,2027-03-13
2027-03-13,wk inc flu hosp,0,16,quantile,0.05,92,2027-03-13
2027-03-13,wk inc flu hosp,0,16,quantile,0.1,98,2027-03-13
2027-03-13,wk inc flu hosp,0,16,quantile,0.15,100,2027-03-13
2027-03-13,wk inc flu hosp,0,16,quantile,0.2,101,2027-03-13
2027-03-13,wk inc flu hosp,0,16,quantile,0.25,103,2027-03-13
2027-03-13,wk inc flu hosp,0,16,quantile,0.3,105,2027-03-13
2027-03-13,wk inc flu hosp,0,16,quantile,0.35,107,2027-03-13
2027-03-13,wk inc flu hosp,0,16,quantile,0.4,111,2027-03-13
2027-03-13,wk inc flu hosp,0,16,quantile,0.45,114,2027-03-13
2027-03-13,wk inc flu hosp,0,16,quantile,0.5,116,2027-03-13
2027-03-13,wk inc flu hosp,0,16,quantile,0.55,117,2027-03-13
2027-03-13,wk inc flu hosp,0,16,quantile,0.6,120,2027-03-13
2027-03-13,wk inc flu hosp,0,16,quantile,0.65,123,2027-03-13
2027-03-13,wk inc flu hosp,0,16,quantile,0.7,126,2027-03-13
2027-03-13,wk inc flu hosp,0,16,quantile,0.75,129,2027-03-13
2027-03-13,wk inc flu hosp,0,16,quantile,0.8,133,2027-03-13
2027-03-13,wk inc flu hosp,0,16,quantile,0.85,138,2027-03-13
2027-03-13,wk inc flu hosp,0,16,quantile,0.9,143,2027-03-13
2027-03-13,wk inc flu hosp,0,16,quantile,0.95,156,2027-03-13
2027-03-13,wk inc flu hosp,0,16,quantile,0.975,161,2027-03-13
2027-03-13,wk inc flu hosp,0,16,quantile,0.99,165,2027-03-13
2027-03-13,wk inc flu hosp,0,17,quantile,0.01,411,2027-03-13
2027-03-13,wk inc flu hosp,0,17,quantile,0.025,427,2027-03-13
2027-03-13,wk inc flu hosp,0,17,quantile,0.05,463,2027-03-13
2027-03-13,wk inc flu hosp,0,17,quantile,0.1,481,2027-03-13
2027-03-13,wk inc flu hosp,0,17,quantile,0.15,491,2027-03-13
2027-03-13,wk inc flu hosp,0,17,quantile,0.2,500,2027-03-13
2027-03-13,wk inc flu hosp,0,17,quantile,0.25,509,2027-03-13
2027-03-13,wk inc flu hosp,0,17,quantile,0.3,519,2027-03-13
2027-03-13,wk inc flu hosp,0,17,quantile,0.35,526,2027-03-13
2027-03-13,wk inc flu hosp,0,17,quantile,0.4,534,2027-03-13
2027-03-13,wk inc flu hosp,0,17,quantile,0.45,546,2027-03-13
2027-03-13,wk inc flu hosp,0,17,quantile,0.5,560,2027-03-13
2027-03-13,wk inc flu hosp,0,17,quantile,0.55,565,2027-03-13
2027-03-13,wk inc flu hosp,0,17,quantile,0.6,574,2027-03-13
2027-03-13,wk inc flu hosp,0,17,quantile,0.65,580,2027-03-13
2027-03-13,wk inc flu hosp,0,17,quantile,0.7,588,2027-03-13
2027-03-13,wk inc flu hosp,0,17,quantile,0.75,597,2027-03-13
2027-03-13,wk inc flu hosp,0,17,quantile,0.8,607,2027-03-13
2027-03-13,wk inc flu hosp,0,17,quantile,0.85,620,2027-03-13
2027-03-13,wk inc flu hosp,0,17,quantile,0.9,627,2027-03-13
2027-03-13,wk inc flu hosp,0,17,quantile,0.95,650,2027-03-13
2027-03-13,wk inc flu hosp,0,17,quantile,0.975,677,2027-03-13
2027-03-13,wk inc flu hosp,0,17,quantile,0.99,706,2027-03-13
2027-03-13,wk inc flu hosp,0,18,quantile,0.01,346,2027-03-13
2027-03-13,wk inc flu hosp,0,18,quantile,0.025,384,2027-03-13
2027-03-13,wk inc flu hosp,0,18,quantile,0.05,406,2027-03-13
2027-03-13,wk inc flu hosp,0,18,quantile,0.1,432,2027-03-13
2027-03-13,wk inc flu hosp,0,18,quantile,0.15,448,2027-03-13
2027-03-13,wk inc flu hosp,0,18,quantile,0.2,458,2027-03-13
2027-03-13,wk inc flu hosp,0,18,quantile,0.25,466,2027-03-13
2027-03-13,wk inc flu hosp,0,18,quantile,0.3,473,2027-03-13
2027-03-13,wk inc flu hosp,0,18,quantile,0.35,478,2027-03-13
2027-03-13,wk inc flu hosp,0,18,quantile,0.4,485,2027-03-13
2027-03-13,wk inc flu hosp,0,18,quantile,0.45,492,2027-03-13
2027-03-13,wk inc flu hosp,0,18,quantile,0.5,504,2027-03-13
2027-03-13,wk inc flu hosp,0,18,quantile,0.55,508,2027-03-13
2027-03-13,wk inc flu hosp,0,18,quantile,0.6,517,2027-03-13
2027-03-13,wk inc flu hosp,0,18,quantile,0.65,527,2027-03-13
2027-03-13,wk inc flu hosp,0,18,quantile,0.7,540,2027-03-13
2027-03-13,wk inc flu hosp,0,18,quantile,0.75,549,2027-03-13
2027-03-13,wk inc flu hosp,0,18,quantile,0.8,560,2027-03-13
2027-03-13,wk inc flu hosp,0,18,quantile,0.85,566,2027-03-13
2027-03-13,wk inc flu hosp,0,18,quantile,0.9,588,2027-03-13
2027-03-13,wk inc flu hosp,0,18,quantile,0.95,620,2027-03-13
2027-03-13,wk inc flu hosp,0,18,quantile,0.975,642,2027-03-13
2027-03-13,wk inc flu hosp,0,18,quantile,0.99,654,2027-03-13
2027-03-13,wk inc flu hosp,0,19,quantile,0.01,138,2027-03-13
2027-03-13,wk inc flu hosp,0,19,quantile,0.025,146,2027-03-13
2027-03-13,wk inc flu hosp,0,19,quantile,0.05,150,2027-03-13
2027-03-13,wk inc flu hosp,0,19,quantile,0.1,158,2027-03-13
2027-03-13,wk inc flu hosp,0,19,quantile,0.15,163,2027-03-13
2027-03-13,wk inc flu hosp,0,19,quantile,0.2,168,2027-03-13
2027-03-13,wk inc flu hosp,0,19,quantile,0.25,172,2027-03-13
2027-03-13,wk inc flu hosp,0,19,quantile,0.3,176,2027-03-13
2027-03-13,wk inc flu hosp,0,19,quantile,0.35,179,2027-03-13
2027-03-13,wk inc flu hosp,0,19,quantile,0.4,182,2027-03-13
2027-03-13,wk inc flu hosp,0,19,quantile,0.45,185,2027-03-13
2027-03-13,wk inc flu hosp,0,19,quantile,0.5,187,2027-03-13
2027-03-13,wk inc flu hosp,0,19,quantile,0.55,190,2027-03-13
2027-03-13,wk inc flu hosp,0,19,quantile,0.6,193,2027-03-13
2027-03-13,wk inc flu hosp,0,19,quantile,0.65,198,2027-03-13
2027-03-13,wk inc flu hosp,0,19,quantile,0.7,202,2027-03-13
2027-03-13,wk inc flu hosp,0,19,quantile,0.75,206,2027-03-13
2027-03-13,wk inc flu hosp,0,19,quantile,0.8,209,2027-03-13
2027-03-13,wk inc flu hosp,0,19,quantile,0.85,214,2027-03-13
2027-03-13,wk inc flu hosp,0,19,quantile,0.9,219,2027-03-13
2027-03-13,wk inc flu hosp,0,19,quantile,0.95,227,2027-03-13
2027-03-13,wk inc flu hosp,0,19,quantile,0.975,241,2027-03-13
2027-03-13,wk inc flu hosp,0,19,quantile,0.99,243,2027-03-13
2027-03-13,wk inc flu hosp,0,20,quantile,0.01,87,2027-03-13
2027-03-13,wk inc flu hosp,0,20,quantile,0.025,91,2027-03-13
2027-03-13,wk inc flu hosp,0,20,quantile,0.05,97,2027-03-13
2027-03-13,wk inc flu hosp,0,20,quantile,0.1,105,2027-03-13
2027-03-13,wk inc flu hosp,0,20,quantile,0.15,108,2027-03-13
2027-03-13,wk inc flu hosp,0,20,quantile,0.2,111,2027-03-13
2027-03-13,wk inc flu hosp,0,20,quantile,0.25,115,2027-03-13
2027-03-13,wk inc flu hosp,0,20,quantile,0.3,116,2027-03-13
2027-03-13,wk inc flu hosp,0,20,quantile,0.35,120,2027-03-13
2027-03-13,wk inc flu hosp,0,20,quantile,0.4,122,2027-03-13
2027-03-13,wk inc flu hosp,0,20,quantile,0.45,125,2027-03-13
2027-03-13,wk inc flu hosp,0,20,quantile,0.5,127,2027-03-13
2027-03-13,wk inc flu hosp,0,20,quantile,0.55,130,2027-03-13
2027-03-13,wk inc flu hosp,0,20,quantile,0.6,133,2027-03-13
2027-03-13,wk inc flu hosp,0,20,quantile,0.65,135,2027-03-13
2027-03-13,wk inc flu hosp,0,20,quantile,0.7,140,2027-03-13
2027-03-13,wk inc flu hosp,0,20,quantile,0.75,143,2027-03-13
2027-03-13,wk inc flu hosp,0,20,quantile,0.8,147,2027-03-13
2027-03-13,wk inc flu hosp,0,20,quantile,0.85,150,2027-03-13
2027-03-13,wk inc flu hosp,0,20,quantile,0.9,155,2027-03-13
2027-03-13,wk inc flu hosp,0,20,quantile,0.95,169,2027-03-13
2027-03-13,wk inc flu hosp,0,20,quantile,0.975,174,2027-03-13
2027-03-13,wk inc flu hosp,0,20,quantile,0.99,182,2027-03-13
2027-03-13,wk inc flu hosp,0,21,quantile,0.01,282,2027-03-13
2027-03-13,wk inc flu hosp,0,21,quantile,0.025,292,2027-03-13
2027-03-13,wk inc flu hosp,0,21,quantile,0.05,302,2027-03-13
2027-03-13,wk inc flu hosp,0,21,quantile,0.1,313,2027-03-13
2027-03-13,wk inc flu hosp,0,21,quantile,0.15,324,2027-03-13
2027-03-13,wk inc flu hosp,0,21,quantile,0.2,332,2027-03-13
2027-03-13,wk inc flu hosp,0,21,quantile,0.25,340,2027-03-13
2027-03-13,wk inc flu hosp,0,21,quantile,0.3,348,2027-03-13
2027-03-13,wk inc flu hosp,0,21,quantile,0.35,356,2027-03-13
2027-03-13,wk inc flu hosp,0,21,quantile,0.4,360,2027-03-13
2027-03-13,wk inc flu hosp,0,21,quantile,0.45,365,2027-03-13
2027-03-13,wk inc flu hosp,0,21,quantile,0.5,368,2027-03-13
2027-03-13,wk inc flu hosp,0,21,quantile,0.55,374,2027-03-13
2027-03-13,wk inc flu hosp,0,21,quantile,0.6,379,2027-03-13
2027-03-13,wk inc flu hosp,0,21,quantile,0.65,385,2027-03-13
2027-03-13,wk inc flu hosp,0,21,quantile,0.7,390,2027-03-13
2027-03-13,wk inc flu hosp,0,21,quantile,0.75,398,2027-03-13
2027-03-13,wk inc flu hosp,0,21,quantile,0.8,403,2027-03-13
2027-03-13,wk inc flu hosp,0,21,quantile,0.85,413,2027-03-13
2027-03-13,wk inc flu hosp,0,21,quantile,0.9,422,2027-03-13
2027-03-13,wk inc flu hosp,0,21,quantile,0.95,436,2027-03-13
2027-03-13,wk inc flu hosp,0,21,quantile,0.975,457,2027-03-13
2027-03-13,wk inc flu hosp,0,21,quantile,0.99,466,2027-03-13
2027-03-13,wk inc flu hosp,0,22,quantile,0.01,153,2027-03-13
2027-03-13,wk inc flu hosp,0,22,quantile,0.025,164,2027-03-13
2027-03-13,wk inc flu hosp,0,22,quantile,0.05,168,2027-03-13
2027-03-13,wk inc flu hosp,0,22,quantile,0.1,182,2027-03-13
2027-03-13,wk inc flu hosp,0,22,quantile,0.15,188,2027-03-13
2027-03-13,wk inc flu hosp,0,22,quantile,0.2,198,2027-03-13
2027-03-13,wk inc flu hosp,0,22,quantile,0.25,202,2027-03-13
2027-03-13,wk inc flu hosp,0,22,quantile,0.3,205,2027-03-13
2027-03-13,wk inc flu hosp,0,22,quantile,0.35,209,2027-03-13
2027-03-13,wk inc flu hosp,0,22,quantile,0.4,215,2027-03-13
2027-03-13,wk inc flu hosp,0,22,quantile,0.45,219,2027-03-13
2027-03-13,wk inc flu hosp,0,22,quantile,0.5,222,2027-03-13
2027-03-13,wk inc flu hosp,0,22,quantile,0.55,228,2027-03-13
2027-03-13,wk inc flu hosp,0,22,quantile,0.6,230,2027-03-13
2027-03-13,wk inc flu hosp,0,22,quantile,0.65,236,2027-03-13
2027-03-13,wk inc flu hosp,0,22,quantile,0.7,245,2027-03-13
2027-03-13,wk inc flu hosp,0,22,quantile,0.75,249,2027-03-13
2027-03-13,wk inc flu hosp,0,22,quantile,0.8,255,2027-03-13
2027-03-13,wk inc flu hosp,0,22,quantile,0.85,258,2027-03-13
2027-03-13,wk inc flu hosp,0,22,quantile,0.9,267,2027-03-13
2027-03-13,wk inc flu hosp,0,22,quantile,0.95,284,2027-03-13
2027-03-13,wk inc flu hosp,0,22,quantile,0.975,297,2027-03-13
2027-03-13,wk inc flu hosp,0,22,quantile,0.99,319,2027-03-13
2027-03-13,wk inc flu hosp,0,23,quantile,0.01,46,2027-03-13
2027-03-13,wk inc flu hosp,0,23,quantile,0.025,48,2027-03-13
2027-03-13,wk inc flu hosp,0,23,quantile,0.05,52,2027-03-13
2027-03-13,wk inc flu hosp,0,23,quantile,0.1,54,2027-03-13
2027-03-13,wk inc flu hosp,0,23,quantile,0.15,57,2027-03-13
2027-03-13,wk inc flu hosp,0,23,quantile,0.2,59,2027-03-13
2027-03-13,wk inc flu hosp,0,23,quantile,0.25,61,2027-03-13
2027-03-13,wk inc flu hosp,0,23,quantile,0.3,63,2027-03-13
2027-03-13,wk inc flu hosp,0,23,quantile,0.35,65,2027-03-13
2027-03-13,wk inc flu hosp,0,23,quantile,0.4,67,2027-03-13
2027-03-13,wk inc flu hosp,0,23,quantile,0.45,70,2027-03-13
2027-03-13,wk inc flu hosp,0,23,quantile,0.5,71,2027-03-13
2027-03-13,wk inc flu hosp,0,23,quantile,0.55,74,2027-03-13
2027-03-13,wk inc flu hosp,0,23,quantile,0.6,75,2027-03-13
2027-03-13,wk inc flu hosp,0,23,quantile,0.65,77,2027-03-13
2027-03-13,wk inc flu hosp,0,23,quantile,0.7,78,2027-03-13
2027-03-13,wk inc flu hosp,0,23,quantile,0.75,80,2027-03-13
2027-03-13,wk inc flu hosp,0,23,quantile,0.8,82,2027-03-13
2027-03-13,wk inc flu hosp,0,23,quantile,0.85,86,2027-03-13
2027-03-13,wk inc flu hosp,0,23,quantile,0.9,90,2027-03-13
2027-03-13,wk inc flu hosp,0,23,quantile,0.95,97,2027-03-13
2027-03-13,wk inc flu hosp,0,23,quantile,0.975,102,2027-03-13
2027-03-13,wk inc flu hosp,0,23,quantile,0.99,105,2027-03-13
2027-03-13,wk inc flu hosp,0,24,quantile,0.01,169,2027-03-13
2027-03-13,wk inc flu hosp,0,24,quantile,0.025,171,2027-03-13
2027-03-13,wk inc flu hosp,0,24,quantile,0.05,182,2027-03-13
2027-03-13,wk inc flu hosp,0,24,quantile,0.1,191,2027-03-13
2027-03-13,wk inc flu hosp,0,24,quantile,0.15,200,2027-03-13
2027-03-13,wk inc flu hosp,0,24,quantile,0.2,205,2027-03-13
2027-03-13,wk inc flu hosp,0,24,quantile,0.25,209,2027-03-13
2027-03-13,wk inc flu hosp,0,24,quantile,0.3,214,2027-03-13
2027-03-13,wk inc flu hosp,0,24,quantile,0.35,220,2027-03-13
2027-03-13,wk inc flu hosp,0,24,quantile,0.4,223,2027-03-13
2027-03-13,wk inc flu hosp,0,24,quantile,0.45,226,2027-03-13
2027-03-13,wk inc flu hosp,0,24,quantile,0.5,229,2027-03-13
2027-03-13,wk inc flu hosp,0,24,quantile,0.55,234,2027-03-13
2027-03-13,wk inc flu hosp,0,24,quantile,0.6,238,2027-03-13
2027-03-13,wk inc flu hosp,0,24,quantile,0.65,243,2027-03-13
2027-03-13,wk inc flu hosp,0,24,quantile,0.7,249,2027-03-13
2027-03-13,wk inc flu hosp,0,24,quantile,0.75,251,2027-03-13
2027-03-13,wk inc flu hosp,0,24,quantile,0.8,256,2027-03-13
2027-03-13,wk inc flu hosp,0,24,quantile,0.85,266,2027-03-13
2027-03-13,wk inc flu hosp,0,24,quantile,0.9,277,2027-03-13
2027-03-13,wk inc flu hosp,0,24,quantile,0.95,287,2027-03-13
2027-03-13,wk inc flu hosp,0,24,quantile,0.975,295,2027-03-13
2027-03-13,wk inc flu hosp,0,24,quantile,0.99,317,2027-03-13
2027-03-13,wk inc flu hosp,0,25,quantile,0.01,237,2027-03-13
2027-03-13,wk inc flu hosp,0,25,quantile,0.025,256,2027-03-13
2027-03-13,wk inc flu hosp,0,25,quantile,0.05,272,2027-03-13
2027-03-13,wk inc flu hosp,0,25,quantile,0.1,283,2027-03-13
2027-03-13,wk inc flu hosp,0,25,quantile,0.15,290,2027-03-13
2027-03-13,wk inc flu hosp,0,25,quantile,0.2,304,2027-03-13
2027-03-13,wk inc flu hosp,0,25,quantile,0.25,313,2027-03-13
2027-03-13,wk inc flu hosp,0,25,quantile,0.3,319,2027-03-13
2027-03-13,wk inc flu hosp,0,25,quantile,0.35,323,2027-03-13
2027-03-13,wk inc flu hosp,0,25,quantile,0.4,328,2027-03-13
2027-03-13,wk inc flu hosp,0,25,quantile,0.45,335,2027-03-13
2027-03-13,wk inc flu hosp,0,25,quantile,0.5,338,2027-03-13
2027-03-13,wk inc flu hosp,0,25,quantile,0.55,345,2027-03-13
2027-03-13,wk inc flu hosp,0,25,quantile,0.6,348,2027-03-13
2027-03-13,wk inc flu hosp,0,25,quantile,0.65,352,2027-03-13
2027-03-13,wk inc flu hosp,0,25,quantile,0.7,360,2027-03-13
2027-03-13,wk inc flu hosp,0,25,quantile,0.75,368,2027-03-13
2027-03-13,wk inc flu hosp,0,25,quantile,0.8,383,2027-03-13
2027-03-13,wk inc flu hosp,0,25,quantile,0.85,390,2027-03-13
2027-03-13,wk inc flu hosp,0,25,quantile,0.9,403,2027-03-13
2027-03-13,wk inc flu hosp,0,25,quantile,0.95,435,2027-03-13
2027-03-13,wk inc flu hosp,0,25,quantile,0.975,456,2027-03-13
2027-03-13,wk inc flu hosp,0,25,quantile,0.99,483,2027-03-13
2027-03-13,wk inc flu hosp,0,26,quantile,0.01,518,2027-03-13
2027-03-13,wk inc flu hosp,0,26,quantile,0.025,524,2027-03-13
2027-03-13,wk inc flu hosp,0,26,quantile,0.05,564,2027-03-13
2027-03-13,wk inc flu hosp,0,26,quantile,0.1,608,2027-03-13
2027-03-13,wk inc flu hosp,0,26,quantile,0.15,632,2027-03-13
2027-03-13,wk inc flu hosp,0,26,quantile,0.2,644,2027-03-13
2027-03-13,wk inc flu hosp,0,26,quantile,0.25,656,2027-03-13
2027-03-13,wk inc flu hosp,0,26,quantile,0.3,667,2027-03-13
2027-03-13,wk inc flu hosp,0,26,quantile,0.35,676,2027-03-13
2027-03-13,wk inc flu hosp,0,26,quantile,0.4,683,2027-03-13
2027-03-13,wk inc flu hosp,0,26,quantile,0.45,706,2027-03-13
2027-03-13,wk inc flu hosp,0,26,quantile,0.5,711,2027-03-13
2027-03-13,wk inc flu hosp,0,26,quantile,0.55,726,2027-03-13
2027-03-13,wk inc flu hosp,0,26,quantile,0.6,735,2027-03-13
2027-03-13,wk inc flu hosp,0,26,quantile,0.65,747,2027-03-13
2027-03-13,wk inc flu hosp,0,26,quantile,0.7,761,2027-03-13
2027-03-13,wk inc flu hosp,0,26,quantile,0.75,782,2027-03-13
2027-03-13,wk inc flu hosp,0,26,quantile,0.8,793,2027-03-13
2027-03-13,wk inc flu hosp,0,26,quantile,0.85,807,2027-03-13
2027-03-13,wk inc flu hosp,0,26,quantile,0.9,841,2027-03-13
2027-03-13,wk inc flu hosp,0,26,quantile,0.95,868,2027-03-13
2027-03-13,wk inc flu hosp,0,26,quantile,0.975,917,2027-03-13
2027-03-13,wk inc flu hosp,0,26,quantile,0.99,991,2027-03-13
2027-03-13,wk inc flu hosp,0,27,quantile,0.01,151,2027-03-13
2027-03-13,wk inc flu hosp,0,27,quantile,0.025,158,2027-03-13
2027-03-13,wk inc flu hosp,0,27,quantile,0.05,173,2027-03-13
2027-03-13,wk inc flu hosp,0,27,quantile,0.1,183,2027-03-13
2027-03-13,wk inc flu hosp,0,27,quantile,0.15,189,2027-03-13
2027-03-13,wk inc flu hosp,0,27,quantile,0.2,198,2027-03-13
2027-03-13,wk inc flu hosp,0,27,quantile,0.25,204,2027-03-13
2027-03-13,wk inc flu hosp,0,27,quantile,0.3,212,2027-03-13
2027-03-13,wk inc flu hosp,0,27,quantile,0.35,218,2027-03-13
2027-03-13,wk inc flu hosp,0,27,quantile,0.4,223,2027-03-13
2027-03-13,wk inc flu hosp,0,27,quantile,0.45,228,2027-03-13
2027-03-13,wk inc flu hosp,0,27,quantile,0.5,234,2027-03-13
2027-03-13,wk inc flu hosp,0,27,quantile,0.55,237,2027-03-13
2027-03-13,wk inc flu hosp,0,27,quantile,0.6,242,2027-03-13
2027-03-13,wk inc flu hosp,0,27,quantile,0.65,247,2027-03-13
2027-03-13,wk inc flu hosp,0,27,quantile,0.7,252,2027-03-13
2027-03-13,wk inc flu hosp,0,27,quantile,0.75,256,2027-03-13
2027-03-13,wk inc flu hosp,0,27,quantile,0.8,262,2027-03-13
2027-03-13,wk inc flu hosp,0,27,quantile,0.85,268,2027-03-13
2027-03-13,wk inc flu hosp,0,27,quantile,0.9,278,2027-03-13
2027-03-13,wk inc flu hosp,0,27,quantile,0.95,286,2027-03-13
2027-03-13,wk inc flu hosp,0,27,quantile,0.975,295,2027-03-13
2027-03-13,wk inc flu hosp,0,27,quantile,0.99,307,2027-03-13
2027-03-13,wk inc flu hosp,0,28,quantile,0.01,120,2027-03-13
2027-03-13,wk inc flu hosp,0,28,quantile,0.025,123,2027-03-13
2027-03-13,wk inc flu hosp,0,28,quantile,0.05,127,2027-03-13
2027-03-13,wk inc flu hosp,0,28,quantile,0.1,135,2027-03-13
2027-03-13,wk inc flu hosp,0,28,quantile,0.15,141,2027-03-13
2027-03-13,wk inc flu hosp,0,28,quantile,0.2,146,2027-03-13
2027-03-13,wk inc flu hosp,0,28,quantile,0.25,150,2027-03-13
2027-03-13,wk inc flu hosp,0,28,quantile,0.3,155,2027-03-13
2027-03-13,wk inc flu hosp,0,28,quantile,0.35,159,2027-03-13
2027-03-13,wk inc flu hosp,0,28,quantile,0.4,161,2027-03-13
2027-03-13,wk inc flu hosp,0,28,quantile,0.45,164,2027-03-13
2027-03-13,wk inc flu hosp,0,28,quantile,0.5,166,2027-03-13
2027-03-13,wk inc flu hosp,0,28,quantile,0.55,169,2027-03-13
2027-03-13,wk inc flu hosp,0,28,quantile,0.6,172,2027-03-13
2027-03-13,wk inc flu hosp,0,28,quantile,0.65,176,2027-03-13
2027-03-13,wk inc flu hosp,0,28,quantile,0.7,179,2027-03-13
2027-03-13,wk inc flu hosp,0,28,quantile,0.75,183,2027-03-13
2027-03-13,wk inc flu hosp,0,28,quantile,0.8,186,2027-03-13
2027-03-13,wk inc flu hosp,0,28,quantile,0.85,192,2027-03-13
2027-03-13,wk inc flu hosp,0,28,quantile,0.9,197,2027-03-13
2027-03-13,wk inc flu hosp,0,28,quantile,0.95,209,2027-03-13
2027-03-13,wk inc flu hosp,0,28,quantile,0.975,215,2027-03-13
2027-03-13,wk inc flu hosp,0,28,quantile,0.99,228,2027-03-13
2027-03-13,wk inc flu hosp,0,29,quantile,0.01,313,2027-03-13
2027-03-13,wk inc flu hosp,0,29,quantile,0.025,323,2027-03-13
2027-03-13,wk inc flu hosp,0,29,quantile,0.05,336,2027-03-13
2027-03-13,wk inc flu hosp,0,29,quantile,0.1,358,2027-03-13
2027-03-13,wk inc flu hosp,0,29,quantile,0.15,367,2027-03-13
2027-03-13,wk inc flu hosp,0,29,quantile,0.2,373,2027-03-13
2027-03-13,wk inc flu hosp,0,29,quantile,0.25,379,2027-03-13
2027-03-13,wk inc flu hosp,0,29,quantile,0.3,384,2027-03-13
2027-03-13,wk inc flu hosp,0,29,quantile,0.35,391,2027-03-13
2027-03-13,wk inc flu hosp,0,29,quantile,0.4,399,2027-03-13
2027-03-13,wk inc flu hosp,0,29,quantile,0.45,402,2027-03-13
2027-03-13,wk inc flu hosp,0,29,quantile,0.5,410,2027-03-13
2027-03-13,wk inc flu hosp,0,29,quantile,0.55,417,2027-03-13
2027-03-13,wk inc flu hosp,0,29,quantile,0.6,425,2027-03-13
2027-03-13,wk inc flu hosp,0,29,quantile,0.65,431,2027-03-13
2027-03-13,wk inc flu hosp,0,29,quantile,0.7,437,2027-03-13
2027-03-13,wk inc flu hosp,0,29,quantile,0.75,442,2027-03-13
2027-03-13,wk inc flu hosp,0,29,quantile,0.8,454,2027-03-13
2027-03-13,wk inc flu hosp,0,29,quantile,0.85,464,2027-03-13
2027-03-13,wk inc flu hosp,0,29,quantile,0.9,475,2027-03-13
2027-03-13,wk inc flu hosp,0,29,quantile,0.95,488,2027-03-13
2027-03-13,wk inc flu hosp,0,29,quantile,0.975,512,2027-03-13
2027-03-13,wk inc flu hosp,0,29,quantile,0.99,552,2027-03-13
2027-03-13,wk inc flu hosp,0,30,quantile,0.01,65,2027-03-13
2027-03-13,wk inc flu hosp,0,30,quantile,0.025,69,2027-03-13
2027-03-13,wk inc flu hosp,0,30,quantile,0.05,75,2027-03-13
2027-03-13,wk inc flu hosp,0,30,quantile,0.1,83,2027-03-13
2027-03-13,wk inc flu hosp,0,30,quantile,0.15,86,2027-03-13
2027-03-13,wk inc flu hosp,0,30,quantile,0.2,88,2027-03-13
2027-03-13,wk inc flu hosp,0,30,quantile,0.25,92,2027-03-13
2027-03-13,wk inc flu hosp,0,30,quantile,0.3,94,2027-03-13
2027-03-13,wk inc flu hosp,0,30,quantile,0.35,96,2027-03-13
2027-03-13,wk inc flu hosp,0,30,quantile,0.4,99,2027-03-13
2027-03-13,wk inc flu hosp,0,30,quantile,0.45,101,2027-03-13
2027-03-13,wk inc flu hosp,0,30,quantile,0.5,106,2027-03-13
2027-03-13,wk inc flu hosp,0,30,quantile,0.55,107,2027-03-13
2027-03-13,wk inc flu hosp,0,30,quantile,0.6,109,2027-03-13
2027-03-13,wk inc flu hosp,0,30,quantile,0.65,111,2027-03-13
2027-03-13,wk inc flu hosp,0,30,quantile,0.7,112,2027-03-13
2027-03-13,wk inc flu hosp,0,30,quantile,0.75,116,2027-03-13
2027-03-13,wk inc flu hosp,0,30,quantile,0.8,119,2027-03-13
2027-03-13,wk inc flu hosp,0,30,quantile,0.85,128,2027-03-13
2027-03-13,wk inc flu hosp,0,30,quantile,0.9,134,2027-03-13
2027-03-13,wk inc flu hosp,0,30,quantile,0.95,140,2027-03-13
2027-03-13,wk inc flu hosp,0,30,quantile,0.975,147,2027-03-13
2027-03-13,wk inc flu hosp,0,30,quantile,0.99,150,2027-03-13
2027-03-13,wk inc flu hosp,0,31,quantile,0.01,49,2027-03-13
2027-03-13,wk inc flu hosp,0,31,quantile,0.025,54,2027-03-13
2027-03-13,wk inc flu hosp,0,31,quantile,0.05,58,2027-03-13
2027-03-13,wk inc flu hosp,0,31,quantile,0.1,63,2027-03-13
2027-03-13,wk inc flu hosp,0,31,quantile,0.15,66,2027-03-13
2027-03-13,wk inc flu hosp,0,31,quantile,0.2,67,2027-03-13
2027-03-13,wk inc flu hosp,0,31,quantile,0.25,70,2027-03-13
2027-03-13,wk inc flu hosp,0,31,quantile,0.3,72,2027-03-13
2027-03-13,wk inc flu hosp,0,31,quantile,0.35,75,2027-03-13
2027-03-13,wk inc flu hosp,0,31,quantile,0.4,78,2027-03-13
2027-03-13,wk inc flu hosp,0,31,quantile,0.45,79,2027-03-13
2027-03-13,wk inc flu hosp,0,31,quantile,0.5,81,2027-03-13
2027-03-13,wk inc flu hosp,0,31,quantile,0.55,81,2027-03-13
2027-03-13,wk inc flu hosp,0,31,quantile,0.6,82,2027-03-13
2027-03-13,wk inc flu hosp,0,31,quantile,0.65,85,2027-03-13
2027-03-13,wk inc flu hosp,0,31,quantile,0.7,87,2027-03-13
2027-03-13,wk inc flu hosp,0,31,quantile,0.75,90,2027-03-13
2027-03-13,wk inc flu hosp,0,31,quantile,0.8,92,2027-03-13
2027-03-13,wk inc flu hosp,0,31,quantile,0.85,93,2027-03-13
2027-03-13,wk inc flu hosp,0,31,quantile,0.9,96,2027-03-13
2027-03-13,wk inc flu hosp,0,31,quantile,0.95,103,2027-03-13
2027-03-13,wk inc flu hosp,0,31,quantile,0.975,105,2027-03-13
2027-03-13,wk inc flu hosp,0,31,quantile,0.99,106,2027-03-13
2027-03-13,wk inc flu hosp,0,32,quantile,0.01,56,2027-03-13
2027-03-13,wk inc flu hosp,0,32,quantile,0.025,60,2027-03-13
2027-03-13,wk inc flu hosp,0,32,quantile,0.05,64,2027-03-13
2027-03-13,wk inc flu hosp,0,32,quantile,0.1,69,2027-03-13
2027-03-13,wk inc flu hosp,0,32,quantile,0.15,72,2027-03-13
2027-03-13,wk inc flu hosp,0,32,quantile,0.2,75,2027-03-13
2027-03-13,wk inc flu hosp,0,32,quantile,0.25,76,2027-03-13
2027-03-13,wk inc flu hosp,0,32,quantile,0.3,79,2027-03-13
2027-03-13,wk inc flu hosp,0,32,quantile,0.35,81,2027-03-13
2027-03-13,wk inc flu hosp,0,32,quantile,0.4,84,2027-03-13
2027-03-13,wk inc flu hosp,0,32,quantile,0.45,85,2027-03-13
2027-03-13,wk inc flu hosp,0,32,quantile,0.5,88,2027-03-13
2027-03-13,wk inc flu hosp,0,32,quantile,0.55,90,2027-03-13
2027-03-13,wk inc flu hosp,0,32,quantile,0.6,93,2027-03-13
2027-03-13,wk inc flu hosp,0,32,quantile,0.65,95,2027-03-13
2027-03-13,wk inc flu hosp,0,32,quantile,0.7,96,2027-03-13
2027-03-13,wk inc flu hosp,0,32,quantile,0.75,98,2027-03-13
2027-03-13,wk inc flu hosp,0,32,quantile,0.8,100,2027-03-13
2027-03-13,wk inc flu hosp,0,32,quantile,0.85,103,2027-03-13
2027-03-13,wk inc flu hosp,0,32,quantile,0.9,106,2027-03-13
2027-03-13,wk inc flu hosp,0,32,quantile,0.95,112,2027-03-13
2027-03-13,wk inc flu hosp,0,32,quantile,0.975,117,2027-03-13
2027-03-13,wk inc flu hosp,0,32,quantile,0.99,121,2027-03-13
2027-03-13,wk inc flu hosp,0,33,quantile,0.01,34,2027-03-13
2027-03-13,wk inc flu hosp,0,33,quantile,0.025,35,2027-03-13
2027-03-13,wk inc flu hosp,0,33,quantile,0.05,39,2027-03-13
2027-03-13,wk inc flu hosp,0,33,quantile,0.1,42,2027-03-13
2027-03-13,wk inc flu hosp,0,33,quantile,0.15,44,2027-03-13
2027-03-13,wk inc flu hosp,0,33,quantile,0.2,47,2027-03-13
2027-03-13,wk inc flu hosp,0,33,quantile,0.25,49,2027-03-13
2027-03-13,wk inc flu hosp,0,33,quantile,0.3,50,2027-03-13
2027-03-13,wk inc flu hosp,0,33,quantile,0.35,52,2027-03-13
2027-03-13,wk inc flu hosp,0,33,quantile,0.4,53,2027-03-13
2027-03-13,wk inc flu hosp,0,33,quantile,0.45,54,2027-03-13
2027-03-13,wk inc flu hosp,0,33,quantile,0.5,55,2027-03-13
2027-03-13,wk inc flu hosp,0,33,quantile,0.55,56,2027-03-13
2027-03-13,wk inc flu hosp,0,33,quantile,0.6,58,2027-03-13
2027-03-13,wk inc flu hosp,0,33,quantile,0.65,59,2027-03-13
2027-03-13,wk inc flu hosp,0,33,quantile,0.7,61,2027-03-13
2027-03-13,wk inc flu hosp,0,33,quantile,0.75,64,2027-03-13
2027-03-13,wk inc flu hosp,0,33,quantile,0.8,66,2027-03-13
2027-03-13,wk inc flu hosp,0,33,quantile,0.85,69,2027-03-13
2027-03-13,wk inc flu hosp,0,33,quantile,0.9,73,2027-03-13
2027-03-13,wk inc flu hosp,0,33,quantile,0.95,75,2027-03-13
2027-03-13,wk inc flu hosp,0,33,quantile,0.975,82,2027-03-13
2027-03-13,wk inc flu hosp,0,33,quantile,0.99,87,2027-03-13
2027-03-13,wk inc flu hosp,0,34,quantile,0.01,285,2027-03-13
2027-03-13,wk inc flu hosp,0,34,quantile,0.025,291,2027-03-13
2027-03-13,wk inc flu hosp,0,34,quantile,0.05,299,2027-03-13
2027-03-13,wk inc flu hosp,0,34,quantile,0.1,313,2027-03-13
2027-03-13,wk inc flu hosp,0,34,quantile,0.15,329,2027-03-13
2027-03-13,wk inc flu hosp,0,34,quantile,0.2,333,2027-03-13
2027-03-13,wk inc flu hosp,0,34,quantile,0.25,341,2027-03-13
2027-03-13,wk inc flu hosp,0,34,quantile,0.3,345,2027-03-13
2027-03-13,wk inc flu hosp,0,34,quantile,0.35,349,2027-03-13
2027-03-13,wk inc flu hosp,0,34,quantile,0.4,355,2027-03-13
2027-03-13,wk inc flu hosp,0,34,quantile,0.45,360,2027-03-13
2027-03-13,wk inc flu hosp,0,34,quantile,0.5,368,2027-03-13
2027-03-13,wk inc flu hosp,0,34,quantile,0.55,376,2027-03-13
2027-03-13,wk inc flu hosp,0,34,quantile,0.6,381,2027-03-13
2027-03-13,wk inc flu hosp,0,34,quantile,0.65,389,2027-03-13
2027-03-13,wk inc flu hosp,0,34,quantile,0.7,395,2027-03-13
2027-03-13,wk inc flu hosp,0,34,quantile,0.75,402,2027-03-13
2027-03-13,wk inc flu hosp,0,34,quantile,0.8,408,2027-03-13
2027-03-13,wk inc flu hosp,0,34,quantile,0.85,421,2027-03-13
2027-03-13,wk inc flu hosp,0,34,quantile,0.9,429,2027-03-13
2027-03-13,wk inc flu hosp,0,34,quantile,0.95,446,2027-03-13
2027-03-13,wk inc flu hosp,0,34,quantile,0.975,458,2027-03-13
2027-03-13,wk inc flu hosp,0,34,quantile,0.99,461,2027-03-13
2027-03-13,wk inc flu hosp,0,35,quantile,0.01,87,2027-03-13
2027-03-13,wk inc flu hosp,0,35,quantile,0.025,90,2027-03-13
2027-03-13,wk inc flu hosp,0,35,quantile,0.05,95,2027-03-13
2027-03-13,wk inc flu hosp,0,35,quantile,0.1,99,2027-03-13
2027-03-13,wk inc flu hosp,0,35,quantile,0.15,104,2027-03-13
2027-03-13,wk inc flu hosp,0,35,quantile,0.2,107,2027-03-13
2027-03-13,wk inc flu hosp,0,35,quantile,0.25,111,2027-03-13
2027-03-13,wk inc flu hosp,0,35,quantile,0.3,114,2027-03-13
2027-03-13,wk inc flu hosp,0,35,quantile,0.35,118,2027-03-13
2027-03-13,wk inc flu hosp,0,35,quantile,0.4,120,2027-03-13
2027-03-13,wk inc flu hosp,0,35,quantile,0.45,121,2027-03-13
2027-03-13,wk inc flu hosp,0,35,quantile,0.5,124,2027-03-13
2027-03-13,wk inc flu hosp,0,35,quantile,0.55,127,2027-03-13
2027-03-13,wk inc flu hosp,0,35,quantile,0.6,130,2027-03-13
2027-03-13,wk inc flu hosp,0,35,quantile,0.65,134,2027-03-13
2027-03-13,wk inc flu hosp,0,35,quantile,0.7,136,2027-03-13
2027-03-13,wk inc flu hosp,0,35,quantile,0.75,139,2027-03-13
2027-03-13,wk inc flu hosp,0,35,quantile,0.8,143,2027-03-13
2027-03-13,wk inc flu hosp,0,35,quantile,0.85,147,2027-03-13
2027-03-13,wk inc flu hosp,0,35,quantile,0.9,149,2027-03-13
2027-03-13,wk inc flu hosp,0,35,quantile,0.95,158,2027-03-13
2027-03-13,wk inc flu hosp,0,35,quantile,0.975,171,2027-03-13
2027-03-13,wk inc flu hosp,0,35,quantile,0.99,178,2027-03-13
2027-03-13,wk inc flu hosp,0,36,quantile,0.01,609,2027-03-13
2027-03-13,wk inc flu hosp,0,36,quantile,0.025,645,2027-03-13
2027-03-13,wk inc flu hosp,0,36,quantile,0.05,670,2027-03-13
2027-03-13,wk inc flu hosp,0,36,quantile,0.1,712,2027-03-13
2027-03-13,wk inc flu hosp,0,36,quantile,0.15,741,2027-03-13
2027-03-13,wk inc flu hosp,0,36,quantile,0.2,761,2027-03-13
2027-03-13,wk inc flu hosp,0,36,quantile,0.25,769,2027-03-13
2027-03-13,wk inc flu hosp,0,36,quantile,0.3,783,2027-03-13
2027-03-13,wk inc flu hosp,0,36,quantile,0.35,799,2027-03-13
2027-03-13,wk inc flu hosp,0,36,quantile,0.4,809,2027-03-13
2027-03-13,wk inc flu hosp,0,36,quantile,0.45,827,2027-03-13
2027-03-13,wk inc flu hosp,0,36,quantile,0.5,838,2027-03-13
2027-03-13,wk inc flu hosp,0,36,quantile,0.55,855,2027-03-13
2027-03-13,wk inc flu hosp,0,36,quantile,0.6,868,2027-03-13
2027-03-13,wk inc flu hosp,0,36,quantile,0.65,878,2027-03-13
2027-03-13,wk inc flu hosp,0,36,quantile,0.7,893,2027-03-13
2027-03-13,wk inc flu hosp,0,36,quantile,0.75,917,2027-03-13
2027-03-13,wk inc flu hosp,0,36,quantile,0.8,933,2027-03-13
2027-03-13,wk inc flu hosp,0,36,quantile,0.85,952,2027-03-13
2027-03-13,wk inc flu hosp,0,36,quantile,0.9,979,2027-03-13
2027-03-13,wk inc flu hosp,0,36,quantile,0.95,1029,2027-03-13
2027-03-13,wk inc flu hosp,0,36,quantile,0.975,1108,2027-03-13
2027-03-13,wk inc flu hosp,0,36,quantile,0.99,1136,2027-03-13
2027-03-13,wk inc flu hosp,0,37,quantile,0.01,268,2027-03-13
2027-03-13,wk inc flu hosp,0,37,quantile,0.025,294,2027-03-13
2027-03-13,wk inc flu hosp,0,37,quantile,0.05,315,2027-03-13
2027-03-13,wk inc flu hosp,0,37,quantile,0.1,327,2027-03-13
2027-03-13,wk inc flu hosp,0,37,quantile,0.15,347,2027-03-13
2027-03-13,wk inc flu hosp,0,37,quantile,0.2,357,2027-03-13
2027-03-13,wk inc flu hosp,0,37,quantile,0.25,367,2027-03-13
2027-03-13,wk inc flu hosp,0,37,quantile,0.3,373,2027-03-13
2027-03-13,wk inc flu hosp,0,37,quantile,0.35,380,2027-03-13
2027-03-13,wk inc flu hosp,0,37,quantile,0.4,388,2027-03-13
2027-03-13,wk inc flu hosp,0,37,quantile,0.45,398,2027-03-13
2027-03-13,wk inc flu hosp,0,37,quantile,0.5,406,2027-03-13
2027-03-13,wk inc flu hosp,0,37,quantile,0.55,413,2027-03-13
2027-03-13,wk inc flu hosp,0,37,quantile,0.6,422,2027-03-13
2027-03-13,wk inc flu hosp,0,37,quantile,0.65,429,2027-03-13
2027-03-13,wk inc flu hosp,0,37,quantile,0.7,435,2027-03-13
2027-03-13,wk inc flu hosp,0,37,quantile,0.75,447,2027-03-13
2027-03-13,wk inc flu hosp,0,37,quantile,0.8,459,2027-03-13
2027-03-13,wk inc flu hosp,0,37,quantile,0.85,470,2027-03-13
2027-03-13,wk inc flu hosp,0,37,quantile,0.9,488,2027-03-13
2027-03-13,wk inc flu hosp,0,37,quantile,0.95,513,2027-03-13
2027-03-13,wk inc flu hosp,0,37,quantile,0.975,562,2027-03-13
2027-03-13,wk inc flu hosp,0,37,quantile,0.99,574,2027-03-13
2027-03-13,wk inc flu hosp,0,38,quantile,0.01,25,2027-03-13
2027-03-13,wk inc flu hosp,0,38,quantile,0.025,25,2027-03-13
2027-03-13,wk inc flu hosp,0,38,quantile,0.05,27,2027-03-13
2027-03-13,wk inc flu hosp,0,38,quantile,0.1,29,2027-03-13
2027-03-13,wk inc flu hosp,0,38,quantile,0.15,31,2027-03-13
2027-03-13,wk inc flu hosp,0,38,quantile,0.2,33,2027-03-13
2027-03-13,wk inc flu hosp,0,38,quantile,0.25,34,2027-03-13
2027-03-13,wk inc flu hosp,0,38,quantile,0.3,35,2027-03-13
2027-03-13,wk inc flu hosp,0,38,quantile,0.35,37,2027-03-13
2027-03-13,wk inc flu hosp,0,38,quantile,0.4,38,2027-03-13
2027-03-13,wk inc flu hosp,0,38,quantile,0.45,39,2027-03-13
2027-03-13,wk inc flu hosp,0,38,quantile,0.5,42,2027-03-13
2027-03-13,wk inc flu hosp,0,38,quantile,0.55,42,2027-03-13
2027-03-13,wk inc flu hosp,0,38,quantile,0.6,44,2027-03-13
2027-03-13,wk inc flu hosp,0,38,quantile,0.65,45,2027-03-13
2027-03-13,wk inc flu hosp,0,38,quantile,0.7,47,2027-03-13
2027-03-13,wk inc flu hosp,0,38,quantile,0.75,49,2027-03-13
2027-03-13,wk inc flu hosp,0,38,quantile,0.8,51,2027-03-13
2027-03-13,wk inc flu hosp,0,38,quantile,0.85,54,2027-03-13
2027-03-13,wk inc flu hosp,0,38,quantile,0.9,56,2027-03-13
2027-03-13,wk inc flu hosp,0,38,quantile,0.95,60,2027-03-13
2027-03-13,wk inc flu hosp,0,38,quantile,0.975,65,2027-03-13
2027-03-13,wk inc flu hosp,0,38,quantile,0.99,69,2027-03-13
2027-03-13,wk inc flu hosp,0,39,quantile,0.01,707,2027-03-13
2027-03-13,wk inc flu hosp,0,39,quantile,0.025,728,2027-03-13
2027-03-13,wk inc flu hosp,0,39,quantile,0.05,743,2027-03-13
2027-03-13,wk inc flu hosp,0,39,quantile,0.1,774,2027-03-13
2027-03-13,wk inc flu hosp,0,39,quantile,0.15,784,2027-03-13
2027-03-13,wk inc flu hosp,0,39,quantile,0.2,801,2027-03-13
2027-03-13,wk inc flu hosp,0,39,quantile,0.25,820,2027-03-13
2027-03-13,wk inc flu hosp,0,39,quantile,0.3,837,2027-03-13
2027-03-13,wk inc flu hosp,0,39,quantile,0.35,864,2027-03-13
2027-03-13,wk inc flu hosp,0,39,quantile,0.4,880,2027-03-13
2027-03-13,wk inc flu hosp,0,39,quantile,0.45,895,2027-03-13
2027-03-13,wk inc flu hosp,0,39,quantile,0.5,909,2027-03-13
2027-03-13,wk inc flu hosp,0,39,quantile,0.55,919,2027-03-13
2027-03-13,wk inc flu hosp,0,39,quantile,0.6,930,2027-03-13
2027-03-13,wk inc flu hosp,0,39,quantile,0.65,937,2027-03-13
2027-03-13,wk inc flu hosp,0,39,quantile,0.7,963,2027-03-13
2027-03-13,wk inc flu hosp,0,39,quantile,0.75,988,2027-03-13
2027-03-13,wk inc flu hosp,0,39,quantile,0.8,1005,2027-03-13
2027-03-13,wk inc flu hosp,0,39,quantile,0.85,1028,2027-03-13
2027-03-13,wk inc flu hosp,0,39,quantile,0.9,1068,2027-03-13
2027-03-13,wk inc flu hosp,0,39,quantile,0.95,1113,2027-03-13
2027-03-13,wk inc flu hosp,0,39,quantile,0.975,1158,2027-03-13
2027-03-13,wk inc flu hosp,0,39,quantile,0.99,1237,2027-03-13
2027-03-13,wk inc flu hosp,0,40,quantile,0.01,131,2027-03-13
2027-03-13,wk inc flu hosp,0,40,quantile,0.025,136,2027-03-13
2027-03-13,wk inc flu hosp,0,40,quantile,0.05,139,2027-03-13
2027-03-13,wk inc flu hosp,0,40,quantile,0.1,145,2027-03-13
2027-03-13,wk inc flu hosp,0,40,quantile,0.15,149,2027-03-13
2027-03-13,wk inc flu hosp,0,40,quantile,0.2,152,2027-03-13
2027-03-13,wk inc flu hosp,0,40,quantile,0.25,156,2027-03-13
2027-03-13,wk inc flu hosp,0,40,quantile,0.3,159,2027-03-13
2027-03-13,wk inc flu hosp,0,40,quantile,0.35,163,2027-03-13
2027-03-13,wk inc flu hosp,0,40,quantile,0.4,164,2027-03-13
2027-03-13,wk inc flu hosp,0,40,quantile,0.45,168,2027-03-13
2027-03-13,wk inc flu hosp,0,40,quantile,0.5,172,2027-03-13
2027-03-13,wk inc flu hosp,0,40,quantile,0.55,176,2027-03-13
2027-03-13,wk inc flu hosp,0,40,quantile,0.6,182,2027-03-13
2027-03-13,wk inc flu hosp,0,40,quantile,0.65,186,2027-03-13
2027-03-13,wk inc flu hosp,0,40,quantile,0.7,190,2027-03-13
2027-03-13,wk inc flu hosp,0,40,quantile,0.75,191,2027-03-13
2027-03-13,wk inc flu hosp,0,40,quantile,0.8,194,2027-03-13
2027-03-13,wk inc flu hosp,0,40,quantile,0.85,200,2027-03-13
2027-03-13,wk inc flu hosp,0,40,quantile,0.9,205,2027-03-13
2027-03-13,wk inc flu hosp,0,40,quantile,0.95,213,2027-03-13
2027-03-13,wk inc flu hosp,0,40,quantile,0.975,220,2027-03-13
2027-03-13,wk inc flu hosp,0,40,quantile,0.99,233,2027-03-13
2027-03-13,wk inc flu hosp,0,41,quantile,0.01,105,2027-03-13
2027-03-13,wk inc flu hosp,0,41,quantile,0.025,110,2027-03-13
2027-03-13,wk inc flu hosp,0,41,quantile,0.05,113,2027-03-13
2027-03-13,wk inc flu hosp,0,41,quantile,0.1,118,2027-03-13
2027-03-13,wk inc flu hosp,0,41,quantile,0.15,122,2027-03-13
2027-03-13,wk inc flu hosp,0,41,quantile,0.2,127,2027-03-13
2027-03-13,wk inc flu hosp,0,41,quantile,0.25,131,2027-03-13
2027-03-13,wk inc flu hosp,0,41,quantile,0.3,134,2027-03-13
2027-03-13,wk inc flu hosp,0,41,quantile,0.35,136,2027-03-13
2027-03-13,wk inc flu hosp,0,41,quantile,0.4,140,2027-03-13
2027-03-13,wk inc flu hosp,0,41,quantile,0.45,142,2027-03-13
2027-03-13,wk inc flu hosp,0,41,quantile,0.5,146,2027-03-13
2027-03-13,wk inc flu hosp,0,41,quantile,0.55,150,2027-03-13
2027-03-13,wk inc flu hosp,0,41,quantile,0.6,154,2027-03-13
2027-03-13,wk inc flu hosp,0,41,quantile,0.65,157,2027-03-13
2027-03-13,wk inc flu hosp,0,41,quantile,0.7,160,2027-03-13
2027-03-13,wk inc flu hosp,0,41,quantile,0.75,163,2027-03-13
2027-03-13,wk inc flu hosp,0,41,quantile,0.8,167,2027-03-13
2027-03-13,wk inc flu hosp,0,41,quantile,0.85,173,2027-03-13
2027-03-13,wk inc flu hosp,0,41,quantile,0.9,183,2027-03-13
2027-03-13,wk inc flu hosp,0,41,quantile,0.95,188,2027-03-13
2027-03-13,wk inc flu hosp,0,41,quantile,0.975,201,2027-03-13
2027-03-13,wk inc flu hosp,0,41,quantile,0.99,209,2027-03-13
2027-03-13,wk inc flu hosp,0,42,quantile,0.01,925,2027-03-13
2027-03-13,wk inc flu hosp,0,42,quantile,0.025,975,2027-03-13
2027-03-13,wk inc flu hosp,0,42,quantile,0.05,1018,2027-03-13
2027-03-13,wk inc flu hosp,0,42,quantile,0.1,1060,2027-03-13
2027-03-13,wk inc flu hosp,0,42,quantile,0.15,1093,2027-03-13
2027-03-13,wk inc flu hosp,0,42,quantile,0.2,1129,2027-03-13
2027-03-13,wk inc flu hosp,0,42,quantile,0.25,1167,2027-03-13
2027-03-13,wk inc flu hosp,0,42,quantile,0.3,1193,2027-03-13
2027-03-13,wk inc flu hosp,0,42,quantile,0.35,1217,2027-03-13
2027-03-13,wk inc flu hosp,0,42,quantile,0.4,1229,2027-03-13
2027-03-13,wk inc flu hosp,0,42,quantile,0.45,1247,2027-03-13
2027-03-13,wk inc flu hosp,0,42,quantile,0.5,1254,2027-03-13
2027-03-13,wk inc flu hosp,0,42,quantile,0.55,1266,2027-03-13
2027-03-13,wk inc flu hosp,0,42,quantile,0.6,1287,2027-03-13
2027-03-13,wk inc flu hosp,0,42,quantile,0.65,1316,2027-03-13
2027-03-13,wk inc flu hosp,0,42,quantile,0.7,1343,2027-03-13
2027-03-13,wk inc flu hosp,0,42,quantile,0.75,1372,2027-03-13
2027-03-13,wk inc flu hosp,0,42,quantile,0.8,1395,2027-03-13
2027-03-13,wk inc flu hosp,0,42,quantile,0.85,1426,2027-03-13
2027-03-13,wk inc flu hosp,0,42,quantile,0.9,1492,2027-03-13
2027-03-13,wk inc flu hosp,0,42,quantile,0.95,1571,2027-03-13
2027-03-13,wk inc flu hosp,0,42,quantile,0.975,1619,2027-03-13
2027-03-13,wk inc flu hosp,0,42,quantile,0.99,1656,2027-03-13
2027-03-13,wk inc flu hosp,0,44,quantile,0.01,26,2027-03-13
2027-03-13,wk inc flu hosp,0,44,quantile,0.025,28,2027-03-13
2027-03-13,wk inc flu hosp,0,44,quantile,0.05,30,2027-03-13
2027-03-13,wk inc flu hosp,0,44,quantile,0.1,32,2027-03-13
2027-03-13,wk inc flu hosp,0,44,quantile,0.15,34,2027-03-13
2027-03-13,wk inc flu hosp,0,44,quantile,0.2,36,2027-03-13
2027-03-13,wk inc flu hosp,0,44,quantile,0.25,37,2027-03-13
2027-03-13,wk inc flu hosp,0,44,quantile,0.3,38,2027-03-13
2027-03-13,wk inc flu hosp,0,44,quantile,0.35,39,2027-03-13
2027-03-13,wk inc flu hosp,0,44,quantile,0.4,41,2027-03-13
2027-03-13,wk inc flu hosp,0,44,quantile,0.45,42,2027-03-13
2027-03-13,wk inc flu hosp,0,44,quantile,0.5,43,2027-03-13
2027-03-13,wk inc flu hosp,0,44,quantile,0.55,44,2027-03-13
2027-03-13,wk inc flu hosp,0,44,quantile,0.6,45,2027-03-13
2027-03-13,wk inc flu hosp,0,44,quantile,0.65,47,2027-03-13
2027-03-13,wk inc flu hosp,0,44,quantile,0.7,48,2027-03-13
2027-03-13,wk inc flu hosp,0,44,quantile,0.75,50,2027-03-13
2027-03-13,wk inc flu hosp,0,44,quantile,0.8,51,2027-03-13
2027-03-13,wk inc flu hosp,0,44,quantile,0.85,53,2027-03-13
2027-03-13,wk inc flu hosp,0,44,quantile,0.9,56,2027-03-13
2027-03-13,wk inc flu hosp,0,44,quantile,0.95,61,2027-03-13
2027-03-13,wk inc flu hosp,0,44,quantile,0.975,66,2027-03-13
2027-03-13,wk inc flu hosp,0,44,quantile,0.99,68,2027-03-13
2027-03-13,wk inc flu hosp,0,45,quantile,0.01,118,2027-03-13
2027-03-13,wk inc flu hosp,0,45,quantile,0.025,121,2027-03-13
2027-03-13,wk inc flu hosp,0,45,quantile,0.05,128,2027-03-13
2027-03-13,wk inc flu hosp,0,45,quantile,0.1,135,2027-03-13
2027-03-13,wk inc flu hosp,0,45,quantile,0.15,141,2027-03-13
2027-03-13,wk inc flu hosp,0,45,quantile,0.2,144,2027-03-13
2027-03-13,wk inc flu hosp,0,45,quantile,0.25,152,2027-03-13
2027-03-13,wk inc flu hosp,0,45,quantile,0.3,155,2027-03-13
2027-03-13,wk inc flu hosp,0,45,quantile,0.35,159,2027-03-13
2027-03-13,wk inc flu hosp,0,45,quantile,0.4,161,2027-03-13
2027-03-13,wk inc flu hosp,0,45,quantile,0.45,164,2027-03-13
2027-03-13,wk inc flu hosp,0,45,quantile,0.5,166,2027-03-13
2027-03-13,wk inc flu hosp,0,45,quantile,0.55,170,2027-03-13
2027-03-13,wk inc flu hosp,0,45,quantile,0.6,173,2027-03-13
2027-03-13,wk inc flu hosp,0,45,quantile,0.65,177,2027-03-13
2027-03-13,wk inc flu hosp,0,45,quantile,0.7,183,2027-03-13
2027-03-13,wk inc flu hosp,0,45,quantile,0.75,190,2027-03-13
2027-03-13,wk inc flu hosp,0,45,quantile,0.8,195,2027-03-13
2027-03-13,wk inc flu hosp,0,45,quantile,0.85,198,2027-03-13
2027-03-13,wk inc flu hosp,0,45,quantile,0.9,204,2027-03-13
2027-03-13,wk inc flu hosp,0,45,quantile,0.95,220,2027-03-13
2027-03-13,wk inc flu hosp,0,45,quantile,0.975,229,2027-03-13
2027-03-13,wk inc flu hosp,0,45,quantile,0.99,239,2027-03-13
2027-03-13,wk inc flu hosp,0,46,quantile,0.01,19,2027-03-13
2027-03-13,wk inc flu hosp,0,46,quantile,0.025,21,2027-03-13
2027-03-13,wk inc flu hosp,0,46,quantile,0.05,23,2027-03-13
2027-03-13,wk inc flu hosp,0,46,quantile,0.1,25,2027-03-13
2027-03-13,wk inc flu hosp,0,46,quantile,0.15,26,2027-03-13
2027-03-13,wk inc flu hosp,0,46,quantile,0.2,27,2027-03-13
2027-03-13,wk inc flu hosp,0,46,quantile,0.25,28,2027-03-13
2027-03-13,wk inc flu hosp,0,46,quantile,0.3,29,2027-03-13
2027-03-13,wk inc flu hosp,0,46,quantile,0.35,30,2027-03-13
2027-03-13,wk inc flu hosp,0,46,quantile,0.4,31,2027-03-13
2027-03-13,wk inc flu hosp,0,46,quantile,0.45,32,2027-03-13
2027-03-13,wk inc flu hosp,0,46,quantile,0.5,33,2027-03-13
2027-03-13,wk inc flu hosp,0,46,quantile,0.55,34,2027-03-13
2027-03-13,wk inc flu hosp,0,46,quantile,0.6,36,2027-03-13
2027-03-13,wk inc flu hosp,0,46,quantile,0.65,37,2027-03-13
2027-03-13,wk inc flu hosp,0,46,quantile,0.7,38,2027-03-13
2027-03-13,wk inc flu hosp,0,46,quantile,0.75,39,2027-03-13
2027-03-13,wk inc flu hosp,0,46,quantile,0.8,41,2027-03-13
2027-03-13,wk inc flu hosp,0,46,quantile,0.85,42,2027-03-13
2027-03-13,wk inc flu hosp,0,46,quantile,0.9,44,2027-03-13
2027-03-13,wk inc flu hosp,0,46,quantile,0.95,46,2027-03-13
2027-03-13,wk inc flu hosp,0,46,quantile,0.975,48,2027-03-13
2027-03-13,wk inc flu hosp,0,46,quantile,0.99,50,2027-03-13
2027-03-13,wk inc flu hosp,0,47,quantile,0.01,268,2027-03-13
2027-03-13,wk inc flu hosp,0,47,quantile,0.025,280,2027-03-13
2027-03-13,wk inc flu hosp,0,47,quantile,0.05,286,2027-03-13
2027-03-13,wk inc flu hosp,0,47,quantile,0.1,296,2027-03-13
2027-03-13,wk inc flu hosp,0,47,quantile,0.15,303,2027-03-13
2027-03-13,wk inc flu hosp,0,47,quantile,0.2,318,2027-03-13
2027-03-13,wk inc flu hosp,0,47,quantile,0.25,323,2027-03-13
2027-03-13,wk inc flu hosp,0,47,quantile,0.3,328,2027-03-13
2027-03-13,wk inc flu hosp,0,47,quantile,0.35,332,2027-03-13
2027-03-13,wk inc flu hosp,0,47,quantile,0.4,334,2027-03-13
2027-03-13,wk inc flu hosp,0,47,quantile,0.45,339,2027-03-13
2027-03-13,wk inc flu hosp,0,47,quantile,0.5,344,2027-03-13
2027-03-13,wk inc flu hosp,0,47,quantile,0.55,349,2027-03-13
2027-03-13,wk inc flu hosp,0,47,quantile,0.6,355,2027-03-13
2027-03-13,wk inc flu hosp,0,47,quantile,0.65,361,2027-03-13
2027-03-13,wk inc flu hosp,0,47,quantile,0.7,370,2027-03-13
2027-03-13,wk inc flu hosp,0,47,quantile,0.75,378,2027-03-13
2027-03-13,wk inc flu hosp,0,47,quantile,0.8,390,2027-03-13
2027-03-13,wk inc flu hosp,0,47,quantile,0.85,396,2027-03-13
2027-03-13,wk inc flu hosp,0,47,quantile,0.9,406,2027-03-13
2027-03-13,wk inc flu hosp,0,47,quantile,0.95,423,2027-03-13
2027-03-13,wk inc flu hosp,0,47,quantile,0.975,430,2027-03-13
2027-03-13,wk inc flu hosp,0,47,quantile,0.99,453,2027-03-13
2027-03-13,wk inc flu hosp,0,48,quantile,0.01,601,2027-03-13
2027-03-13,wk inc flu hosp,0,48,quantile,0.025,634,2027-03-13
2027-03-13,wk inc flu hosp,0,48,quantile,0.05,646,2027-03-13
2027-03-13,wk inc flu hosp,0,48,quantile,0.1,672,2027-03-13
2027-03-13,wk inc flu hosp,0,48,quantile,0.15,719,2027-03-13
2027-03-13,wk inc flu hosp,0,48,quantile,0.2,746,2027-03-13
2027-03-13,wk inc flu hosp,0,48,quantile,0.25,768,2027-03-13
2027-03-13,wk inc flu hosp,0,48,quantile,0.3,775,2027-03-13
2027-03-13,wk inc flu hosp,0,48,quantile,0.35,790,2027-03-13
2027-03-13,wk inc flu hosp,0,48,quantile,0.4,811,2027-03-13
2027-03-13,wk inc flu hosp,0,48,quantile,0.45,823,2027-03-13
2027-03-13,wk inc flu hosp,0,48,quantile,0.5,843,2027-03-13
2027-03-13,wk inc flu hosp,0,48,quantile,0.55,856,2027-03-13
2027-03-13,wk inc flu hosp,0,48,quantile,0.6,875,2027-03-13
2027-03-13,wk inc flu hosp,0,48,quantile,0.65,890,2027-03-13
2027-03-13,wk inc flu hosp,0,48,quantile,0.7,905,2027-03-13
2027-03-13,wk inc flu hosp,0,48,quantile,0.75,934,2027-03-13
2027-03-13,wk inc flu hosp,0,48,quantile,0.8,953,2027-03-13
2027-03-13,wk inc flu hosp,0,48,quantile,0.85,969,2027-03-13
2027-03-13,wk inc flu hosp,0,48,quantile,0.9,1025,2027-03-13
2027-03-13,wk inc flu hosp,0,48,quantile,0.95,1058,2027-03-13
2027-03-13,wk inc flu hosp,0,48,quantile,0.975,1099,2027-03-13
2027-03-13,wk inc flu hosp,0,48,quantile,0.99,1175,2027-03-13
2027-03-13,wk inc flu hosp,0,49,quantile,0.01,39,2027-03-13
2027-03-13,wk inc flu hosp,0,49,quantile,0.025,43,2027-03-13
2027-03-13,wk inc flu hosp,0,49,quantile,0.05,45,2027-03-13
2027-03-13,wk inc flu hosp,0,49,quantile,0.1,49,2027-03-13
2027-03-13,wk inc flu hosp,0,49,quantile,0.15,52,2027-03-13
2027-03-13,wk inc flu hosp,0,49,quantile,0.2,53,2027-03-13
2027-03-13,wk inc flu hosp,0,49,quantile,0.25,55,2027-03-13
2027-03-13,wk inc flu hosp,0,49,quantile,0.3,57,2027-03-13
2027-03-13,wk inc flu hosp,0,49,quantile,0.35,57,2027-03-13
2027-03-13,wk inc flu hosp,0,49,quantile,0.4,60,2027-03-13
2027-03-13,wk inc flu hosp,0,49,quantile,0.45,61,2027-03-13
2027-03-13,wk inc flu hosp,0,49,quantile,0.5,63,2027-03-13
2027-03-13,wk inc flu hosp,0,49,quantile,0.55,64,2027-03-13
2027-03-13,wk inc flu hosp,0,49,quantile,0.6,66,2027-03-13
2027-03-13,wk inc flu hosp,0,49,quantile,0.65,68,2027-03-13
2027-03-13,wk inc flu hosp,0,49,quantile,0.7,70,2027-03-13
2027-03-13,wk inc flu hosp,0,49,quantile,0.75,73,2027-03-13
2027-03-13,wk inc flu hosp,0,49,quantile,0.8,74,2027-03-13
2027-03-13,wk inc flu hosp,0,49,quantile,0.85,77,2027-03-13
2027-03-13,wk inc flu hosp,0,49,quantile,0.9,79,2027-03-13
2027-03-13,wk inc flu hosp,0,49,quantile,0.95,82,2027-03-13
2027-03-13,wk inc flu hosp,0,49,quantile,0.975,86,2027-03-13
2027-03-13,wk inc flu hosp,0,49,quantile,0.99,92,2027-03-13
2027-03-13,wk inc flu hosp,0,50,quantile,0.01,15,2027-03-13
2027-03-13,wk inc flu hosp,0,50,quantile,0.025,16,2027-03-13
2027-03-13,wk inc flu hosp,0,50,quantile,0.05,17,2027-03-13
2027-03-13,wk inc flu hosp,0,50,quantile,0.1,18,2027-03-13
2027-03-13,wk inc flu hosp,0,50,quantile,0.15,21,2027-03-13
2027-03-13,wk inc flu hosp,0,50,quantile,0.2,21,2027-03-13
2027-03-13,wk inc flu hosp,0,50,quantile,0.25,22,2027-03-13
2027-03-13,wk inc flu hosp,0,50,quantile,0.3,23,2027-03-13
2027-03-13,wk inc flu hosp,0,50,quantile,0.35,24,2027-03-13
2027-03-13,wk inc flu hosp,0,50,quantile,0.4,25,2027-03-13
2027-03-13,wk inc flu hosp,0,50,quantile,0.45,26,2027-03-13
2027-03-13,wk inc flu hosp,0,50,quantile,0.5,26,2027-03-13
2027-03-13,wk inc flu hosp,0,50,quantile,0.55,27,2027-03-13
2027-03-13,wk inc flu hosp,0,50,quantile,0.6,29,2027-03-13
2027-03-13,wk inc flu hosp,0,50,quantile,0.65,30,2027-03-13
2027-03-13,wk inc flu hosp,0,50,quantile,0.7,31,2027-03-13
2027-03-13,wk inc flu hosp,0,50,quantile,0.75,32,2027-03-13
2027-03-13,wk inc flu hosp,0,50,quantile,0.8,33,2027-03-13
2027-03-13,wk inc flu hosp,0,50,quantile,0.85,34,2027-03-13
2027-03-13,wk inc flu hosp,0,50,quantile,0.9,36,2027-03-13
2027-03-13,wk inc flu hosp,0,50,quantile,0.95,38,2027-03-13
2027-03-13,wk inc flu hosp,0,50,quantile,0.975,42,2027-03-13
2027-03-13,wk inc flu hosp,0,50,quantile,0.99,44,2027-03-13
2027-03-13,wk inc flu hosp,0,51,quantile,0.01,232,2027-03-13
2027-03-13,wk inc flu hosp,0,51,quantile,0.025,245,2027-03-13
2027-03-13,wk inc flu hosp,0,51,quantile,0.05,257,2027-03-13
2027-03-13,wk inc flu hosp,0,51,quantile,0.1,274,2027-03-13
2027-03-13,wk inc flu hosp,0,51,quantile,0.15,283,2027-03-13
2027-03-13,wk inc flu hosp,0,51,quantile,0.2,292,2027-03-13
2027-03-13,wk inc flu hosp,0,51,quantile,0.25,297,2027-03-13
2027-03-13,wk inc flu hosp,0,51,quantile,0.3,302,2027-03-13
2027-03-13,wk inc flu hosp,0,51,quantile,0.35,305,2027-03-13
2027-03-13,wk inc flu hosp,0,51,quantile,0.4,311,2027-03-13
2027-03-13,wk inc flu hosp,0,51,quantile,0.45,319,2027-03-13
2027-03-13,wk inc flu hosp,0,51,quantile,0.5,324,2027-03-13
2027-03-13,wk inc flu hosp,0,51,quantile,0.55,329,2027-03-13
2027-03-13,wk inc flu hosp,0,51,quantile,0.6,333,2027-03-13
2027-03-13,wk inc flu hosp,0,51,quantile,0.65,337,2027-03-13
2027-03-13,wk inc flu hosp,0,51,quantile,0.7,344,2027-03-13
2027-03-13,wk inc flu hosp,0,51,quantile,0.75,353,2027-03-13
2027-03-13,wk inc flu hosp,0,51,quantile,0.8,363,2027-03-13
2027-03-13,wk inc flu hosp,0,51,quantile,0.85,368,2027-03-13
2027-03-13,wk inc flu hosp,0,51,quantile,0.9,383,2027-03-13
2027-03-13,wk inc flu hosp,0,51,quantile,0.95,399,2027-03-13
2027-03-13,wk inc flu hosp,0,51,quantile,0.975,410,2027-03-13
2027-03-13,wk inc flu hosp,0,51,quantile,0.99,417,2027-03-13
2027-03-13,wk inc flu hosp,0,53,quantile,0.01,83,2027-03-13
2027-03-13,wk inc flu hosp,0,53,quantile,0.025,86,2027-03-13
2027-03-13,wk inc flu hosp,0,53,quantile,0.05,101,2027-03-13
2027-03-13,wk inc flu hosp,0,53,quantile,0.1,108,2027-03-13
2027-03-13,wk inc flu hosp,0,53,quantile,0.15,112,2027-03-13
2027-03-13,wk inc flu hosp,0,53,quantile,0.2,116,2027-03-13
2027-03-13,wk inc flu hosp,0,53,quantile,0.25,117,2027-03-13
2027-03-13,wk inc flu hosp,0,53,quantile,0.3,120,2027-03-13
2027-03-13,wk inc flu hosp,0,53,quantile,0.35,123,2027-03-13
2027-03-13,wk inc flu hosp,0,53,quantile,0.4,126,2027-03-13
2027-03-13,wk inc flu hosp,0,53,quantile,0.45,128,2027-03-13
2027-03-13,wk inc flu hosp,0,53,quantile,0.5,130,2027-03-13
2027-03-13,wk inc flu hosp,0,53,quantile,0.55,131,2027-03-13
2027-03-13,wk inc flu hosp,0,53,quantile,0.6,135,2027-03-13
2027-03-13,wk inc flu hosp,0,53,quantile,0.65,137,2027-03-13
2027-03-13,wk inc flu hosp,0,53,quantile,0.7,143,2027-03-13
2027-03-13,wk inc flu hosp,0,53,quantile,0.75,147,2027-03-13
2027-03-13,wk inc flu hosp,0,53,quantile,0.8,151,2027-03-13
2027-03-13,wk inc flu hosp,0,53,quantile,0.85,155,2027-03-13
2027-03-13,wk inc flu hosp,0,53,quantile,0.9,163,2027-03-13
2027-03-13,wk inc flu hosp,0,53,quantile,0.95,173,2027-03-13
2027-03-13,wk inc flu hosp,0,53,quantile,0.975,183,2027-03-13
2027-03-13,wk inc flu hosp,0,53,quantile,0.99,185,2027-03-13
2027-03-13,wk inc flu hosp,0,54,quantile,0.01,163,2027-03-13
2027-03-13,wk inc flu hosp,0,54,quantile,0.025,166,2027-03-13
2027-03-13,wk inc flu hosp,0,54,quantile,0.05,179,2027-03-13
2027-03-13,wk inc flu hosp,0,54,quantile,0.1,191,2027-03-13
2027-03-13,wk inc flu hosp,0,54,quantile,0.15,198,2027-03-13
2027-03-13,wk inc flu hosp,0,54,quantile,0.2,206,2027-03-13
2027-03-13,wk inc flu hosp,0,54,quantile,0.25,208,2027-03-13
2027-03-13,wk inc flu hosp,0,54,quantile,0.3,211,2027-03-13
2027-03-13,wk inc flu hosp,0,54,quantile,0.35,213,2027-03-13
2027-03-13,wk inc flu hosp,0,54,quantile,0.4,218,2027-03-13
2027-03-13,wk inc flu hosp,0,54,quantile,0.45,222,2027-03-13
2027-03-13,wk inc flu hosp,0,54,quantile,0.5,228,2027-03-13
2027-03-13,wk inc flu hosp,0,54,quantile,0.55,230,2027-03-13
2027-03-13,wk inc flu hosp,0,54,quantile,0.6,234,2027-03-13
2027-03-13,wk inc flu hosp,0,54,quantile,0.65,239,2027-03-13
2027-03-13,wk inc flu hosp,0,54,quantile,0.7,240,2027-03-13
2027-03-13,wk inc flu hosp,0,54,quantile,0.75,244,2027-03-13
2027-03-13,wk inc flu hosp,0,54,quantile,0.8,254,2027-03-13
2027-03-13,wk inc flu hosp,0,54,quantile,0.85,259,2027-03-13
2027-03-13,wk inc flu hosp,0,54,quantile,0.9,264,2027-03-13
2027-03-13,wk inc flu hosp,0,54,quantile,0.95,280,2027-03-13
2027-03-13,wk inc flu hosp,0,54,quantile,0.975,289,2027-03-13
2027-03-13,wk inc flu hosp,0,54,quantile,0.99,293,2027-03-13
2027-03-13,wk inc flu hosp,0,55,quantile,0.01,197,2027-03-13
2027-03-13,wk inc flu hosp,0,55,quantile,0.025,211,2027-03-13
2027-03-13,wk inc flu hosp,0,55,quantile,0.05,217,2027-03-13
2027-03-13,wk inc flu hosp,0,55,quantile,0.1,227,2027-03-13
2027-03-13,wk inc flu hosp,0,55,quantile,0.15,231,2027-03-13
2027-03-13,wk inc flu hosp,0,55,quantile,0.2,239,2027-03-13
2027-03-13,wk inc flu hosp,0,55,quantile,0.25,247,2027-03-13
2027-03-13,wk inc flu hosp,0,55,quantile,0.3,251,2027-03-13
2027-03-13,wk inc flu hosp,0,55,quantile,0.35,254,2027-03-13
2027-03-13,wk inc flu hosp,0,55,quantile,0.4,259,2027-03-13
2027-03-13,wk inc flu hosp,0,55,quantile,0.45,262,2027-03-13
2027-03-13,wk inc flu hosp,0,55,quantile,0.5,266,2027-03-13
2027-03-13,wk inc flu hosp,0,55,quantile,0.55,273,2027-03-13
2027-03-13,wk inc flu hosp,0,55,quantile,0.6,276,2027-03-13
2027-03-13,wk inc flu hosp,0,55,quantile,0.65,286,2027-03-13
2027-03-13,wk inc flu hosp,0,55,quantile,0.7,289,2027-03-13
2027-03-13,wk inc flu hosp,0,55,quantile,0.75,292,2027-03-13
2027-03-13,wk inc flu hosp,0,55,quantile,0.8,300,2027-03-13
2027-03-13,wk inc flu hosp,0,55,quantile,0.85,307,2027-03-13
2027-03-13,wk inc flu hosp,0,55,quantile,0.9,312,2027-03-13
2027-03-13,wk inc flu hosp,0,55,quantile,0.95,325,2027-03-13
2027-03-13,wk inc flu hosp,0,55,quantile,0.975,339,2027-03-13
2027-03-13,wk inc flu hosp,0,55,quantile,0.99,379,2027-03-13
2027-03-13,wk inc flu hosp,0,56,quantile,0.01,16,2027-03-13
2027-03-13,wk inc flu hosp,0,56,quantile,0.025,17,2027-03-13
2027-03-13,wk inc flu hosp,0,56,quantile,0.05,17,2027-03-13
2027-03-13,wk inc flu hosp,0,56,quantile,0.1,20,2027-03-13
2027-03-13,wk inc flu hosp,0,56,quantile,0.15,22,2027-03-13
2027-03-13,wk inc flu hosp,0,56,quantile,0.2,23,2027-03-13
2027-03-13,wk inc flu hosp,0,56,quantile,0.25,25,2027-03-13
2027-03-13,wk inc flu hosp,0,56,quantile,0.3,26,2027-03-13
2027-03-13,wk inc flu hosp,0,56,quantile,0.35,27,2027-03-13
2027-03-13,wk inc flu hosp,0,56,quantile,0.4,28,2027-03-13
2027-03-13,wk inc flu hosp,0,56,quantile,0.45,29,2027-03-13
2027-03-13,wk inc flu hosp,0,56,quantile,0.5,30,2027-03-13
2027-03-13,wk inc flu hosp,0,56,quantile,0.55,32,2027-03-13
2027-03-13,wk inc flu hosp,0,56,quantile,0.6,33,2027-03-13
2027-03-13,wk inc flu hosp,0,56,quantile,0.65,34,2027-03-13
2027-03-13,wk inc flu hosp,0,56,quantile,0.7,35,2027-03-13
2027-03-13,wk inc flu hosp,0,56,quantile,0.75,36,2027-03-13
2027-03-13,wk inc flu hosp,0,56,quantile,0.8,36,2027-03-13
2027-03-13,wk inc flu hosp,0,56,quantile,0.85,38,2027-03-13
2027-03-13,wk inc flu hosp,0,56,quantile,0.9,40,2027-03-13
2027-03-13,wk inc flu hosp,0,56,quantile,0.95,43,2027-03-13
2027-03-13,wk inc flu hosp,0,56,quantile,0.975,44,2027-03-13
2027-03-13,wk inc flu hosp,0,56,quantile,0.99,45,2027-03-13
2027-03-13,wk inc flu hosp,0,72,quantile,0.01,212,2027-03-13
2027-03-13,wk inc flu hosp,0,72,quantile,0.025,219,2027-03-13
2027-03-13,wk inc flu hosp,0,72,quantile,0.05,236,2027-03-13
2027-03-13,wk inc flu hosp,0,72,quantile,0.1,257,2027-03-13
2027-03-13,wk inc flu hosp,0,72,quantile,0.15,274,2027-03-13
2027-03-13,wk inc flu hosp,0,72,quantile,0.2,281,2027-03-13
2027-03-13,wk inc flu hosp,0,72,quantile,0.25,300,2027-03-13
2027-03-13,wk inc flu hosp,0,72,quantile,0.3,308,2027-03-13
2027-03-13,wk inc flu hosp,0,72,quantile,0.35,314,2027-03-13
2027-03-13,wk inc flu hosp,0,72,quantile,0.4,320,2027-03-13
2027-03-13,wk inc flu hosp,0,72,quantile,0.45,327,2027-03-13
2027-03-13,wk inc flu hosp,0,72,quantile,0.5,332,2027-03-13
2027-03-13,wk inc flu hosp,0,72,quantile,0.55,341,2027-03-13
2027-03-13,wk inc flu hosp,0,72,quantile,0.6,350,2027-03-13
2027-03-13,wk inc flu hosp,0,72,quantile,0.65,357,2027-03-13
2027-03-13,wk inc flu hosp,0,72,quantile,0.7,365,2027-03-13
2027-03-13,wk inc flu hosp,0,72,quantile,0.75,371,2027-03-13
2027-03-13,wk inc flu hosp,0,72,quantile,0.8,385,2027-03-13
2027-03-13,wk inc flu hosp,0,72,quantile,0.85,394,2027-03-13
2027-03-13,wk inc flu hosp,0,72,quantile,0.9,411,2027-03-13
2027-03-13,wk inc flu hosp,0,72,quantile,0.95,437,2027-03-13
2027-03-13,wk inc flu hosp,0,72,quantile,0.975,487,2027-03-13
2027-03-13,wk inc flu hosp,0,72,quantile,0.99,511,2027-03-13
2027-03-13,wk inc flu hosp,0,USA,quantile,0.01,14165,2027-03-13
2027-03-13,wk inc flu hosp,0,USA,quantile,0.025,14229,2027-03-13
2027-03-13,wk inc flu hosp,0,USA,quantile,0.05,14365,2027-03-13
2027-03-13,wk inc flu hosp,0,USA,quantile,0.1,14538,2027-03-13
2027-03-13,wk inc flu hosp,0,USA,quantile,0.15,14620,2027-03-13
2027-03-13,wk inc flu hosp,0,USA,quantile,0.2,14740,2027-03-13
2027-03-13,wk inc flu hosp,0,USA,quantile,0.25,14809,2027-03-13
2027-03-13,wk inc flu hosp,0,USA,quantile,0.3,14910,2027-03-13
2027-03-13,wk inc flu hosp,0,USA,quantile,0.35,14961,2027-03-13
2027-03-13,wk inc flu hosp,0,USA,quantile,0.4,15033,2027-03-13
2027-03-13,wk inc flu hosp,0,USA,quantile,0.45,15091,2027-03-13
2027-03-13,wk inc flu hosp,0,USA,quantile,0.5,15162,2027-03-13
2027-03-13,wk inc flu hosp,0,USA,quantile,0.55,15234,2027-03-13
2027-03-13,wk inc flu hosp,0,USA,quantile,0.6,15324,2027-03-13
2027-03-13,wk inc flu hosp,0,USA,quantile,0.65,15410,2027-03-13
2027-03-13,wk inc flu hosp,0,USA,quantile,0.7,15509,2027-03-13
2027-03-13,wk inc flu hosp,0,USA,quantile,0.75,15613,2027-03-13
2027-03-13,wk inc flu hosp,0,USA,quantile,0.8,15731,2027-03-13
2027-03-13,wk inc flu hosp,0,USA,quantile,0.85,15813,2027-03-13
2027-03-13,wk inc flu hosp,0,USA,quantile,0.9,15980,2027-03-13
2027-03-13,wk inc flu hosp,0,USA,quantile,0.95,16203,2027-03-13
2027-03-13,wk inc flu hosp,0,USA,quantile,0.975,16308,2027-03-13
2027-03-13,wk inc flu hosp,0,USA,quantile,0.99,16530,2027-03-13
2027-03-13,wk inc flu hosp,1,01,quantile,0.01,98,2027-03-20
2027-03-13,wk inc flu hosp,1,01,quantile,0.025,106,2027-03-20
2027-03-13,wk inc flu hosp,1,01,quantile,0.05,115,2027-03-20
2027-03-13,wk inc flu hosp,1,01,quantile,0.1,127,2027-03-20
2027-03-13,wk inc flu hosp,1,01,quantile,0.15,131,2027-03-20
2027-03-13,wk inc flu hosp,1,01,quantile,0.2,138,2027-03-20
2027-03-13,wk inc flu hosp,1,01,quantile,0.25,141,2027-03-20
2027-03-13,wk inc flu hosp,1,01,quantile,0.3,143,2027-03-20
2027-03-13,wk inc flu hosp,1,01,quantile,0.35,148,2027-03-20
2027-03-13,wk inc flu hosp,1,01,quantile,0.4,149,2027-03-20
2027-03-13,wk inc flu hosp,1,01,quantile,0.45,154,2027-03-20
2027-03-13,wk inc flu hosp,1,01,quantile,0.5,158,2027-03-20
2027-03-13,wk inc flu hosp,1,01,quantile,0.55,162,2027-03-20
2027-03-13,wk inc flu hosp,1,01,quantile,0.6,168,2027-03-20
2027-03-13,wk inc flu hosp,1,01,quantile,0.65,174,2027-03-20
2027-03-13,wk inc flu hosp,1,01,quantile,0.7,178,2027-03-20
2027-03-13,wk inc flu hosp,1,01,quantile,0.75,189,2027-03-20
2027-03-13,wk inc flu hosp,1,01,quantile,0.8,194,2027-03-20
2027-03-13,wk inc flu hosp,1,01,quantile,0.85,198,2027-03-20
2027-03-13,wk inc flu hosp,1,01,quantile,0.9,207,2027-03-20
2027-03-13,wk inc flu hosp,1,01,quantile,0.95,222,2027-03-20
2027-03-13,wk inc flu hosp,1,01,quantile,0.975,230,2027-03-20
2027-03-13,wk inc flu hosp,1,01,quantile,0.99,232,2027-03-20
2027-03-13,wk inc flu hosp,1,02,quantile,0.01,1,2027-03-20
2027-03-13,wk inc flu hosp,1,02,quantile,0.025,3,2027-03-20
2027-03-13,wk inc flu hosp,1,02,quantile,0.05,5,2027-03-20
2027-03-13,wk inc flu hosp,1,02,quantile,0.1,7,2027-03-20
2027-03-13,wk inc flu hosp,1,02,quantile,0.15,8,2027-03-20
2027-03-13,wk inc flu hosp,1,02,quantile,0.2,9,2027-03-20
2027-03-13,wk inc flu hosp,1,02,quantile,0.25,10,2027-03-20
2027-03-13,wk inc flu hosp,1,02,quantile,0.3,11,2027-03-20
2027-03-13,wk inc flu hosp,1,02,quantile,0.35,13,2027-03-20
2027-03-13,wk inc flu hosp,1,02,quantile,0.4,15,2027-03-20
2027-03-13,wk inc flu hosp,1,02,quantile,0.45,15,2027-03-20
2027-03-13,wk inc flu hosp,1,02,quantile,0.5,16,2027-03-20
2027-03-13,wk inc flu hosp,1,02,quantile,0.55,17,2027-03-20
2027-03-13,wk inc flu hosp,1,02,quantile,0.6,18,2027-03-20
2027-03-13,wk inc flu hosp,1,02,quantile,0.65,19,2027-03-20
2027-03-13,wk inc flu hosp,1,02,quantile,0.7,20,2027-03-20
2027-03-13,wk inc flu hosp,1,02,quantile,0.75,22,2027-03-20
2027-03-13,wk inc flu hosp,1,02,quantile,0.8,23,2027-03-20
2027-03-13,wk inc flu hosp,1,02,quantile,0.85,25,2027-03-20
2027-03-13,wk inc flu hosp,1,02,quantile,0.9,27,2027-03-20
2027-03-13,wk inc flu hosp,1,02,quantile,0.95,33,2027-03-20
2027-03-13,wk inc flu hosp,1,02,quantile,0.975,36,2027-03-20
2027-03-13,wk inc flu hosp,1,02,quantile,0.99,38,2027-03-20
2027-03-13,wk inc flu hosp,1,04,quantile,0.01,170,2027-03-20
2027-03-13,wk inc flu hosp,1,04,quantile,0.025,185,2027-03-20
2027-03-13,wk inc flu hosp,1,04,quantile,0.05,204,2027-03-20
2027-03-13,wk inc flu hosp,1,04,quantile,0.1,220,2027-03-20
2027-03-13,wk inc flu hosp,1,04,quantile,0.15,235,2027-03-20
2027-03-13,wk inc flu hosp,1,04,quantile,0.2,239,2027-03-20
2027-03-13,wk inc flu hosp,1,04,quantile,0.25,247,2027-03-20
2027-03-13,wk inc flu hosp,1,04,quantile,0.3,257,2027-03-20
2027-03-13,wk inc flu hosp,1,04,quantile,0.35,264,2027-03-20
2027-03-13,wk inc flu hosp,1,04,quantile,0.4,275,2027-03-20
2027-03-13,wk inc flu hosp,1,04,quantile,0.45,283,2027-03-20
2027-03-13,wk inc flu hosp,1,04,quantile,0.5,287,2027-03-20
2027-03-13,wk inc flu hosp,1,04,quantile,0.55,292,2027-03-20
2027-03-13,wk inc flu hosp,1,04,quantile,0.6,300,2027-03-20
2027-03-13,wk inc flu hosp,1,04,quantile,0.65,311,2027-03-20
2027-03-13,wk inc flu hosp,1,04,quantile,0.7,322,2027-03-20
2027-03-13,wk inc flu hosp,1,04,quantile,0.75,335,2027-03-20
2027-03-13,wk inc flu hosp,1,04,quantile,0.8,342,2027-03-20
2027-03-13,wk inc flu hosp,1,04,quantile,0.85,359,2027-03-20
2027-03-13,wk inc flu hosp,1,04,quantile,0.9,376,2027-03-20
2027-03-13,wk inc flu hosp,1,04,quantile,0.95,414,2027-03-20
2027-03-13,wk inc flu hosp,1,04,quantile,0.975,425,2027-03-20
2027-03-13,wk inc flu hosp,1,04,quantile,0.99,446,2027-03-20
2027-03-13,wk inc flu hosp,1,05,quantile,0.01,106,2027-03-20
2027-03-13,wk inc flu hosp,1,05,quantile,0.025,112,2027-03-20
2027-03-13,wk inc flu hosp,1,05,quantile,0.05,117,2027-03-20
2027-03-13,wk inc flu hosp,1,05,quantile,0.1,125,2027-03-20
2027-03-13,wk inc flu hosp,1,05,quantile,0.15,132,2027-03-20
2027-03-13,wk inc flu hosp,1,05,quantile,0.2,135,2027-03-20
2027-03-13,wk inc flu hosp,1,05,quantile,0.25,140,2027-03-20
2027-03-13,wk inc flu hosp,1,05,quantile,0.3,142,2027-03-20
2027-03-13,wk inc flu hosp,1,05,quantile,0.35,145,2027-03-20
2027-03-13,wk inc flu hosp,1,05,quantile,0.4,148,2027-03-20
2027-03-13,wk inc flu hosp,1,05,quantile,0.45,153,2027-03-20
2027-03-13,wk inc flu hosp,1,05,quantile,0.5,157,2027-03-20
2027-03-13,wk inc flu hosp,1,05,quantile,0.55,160,2027-03-20
2027-03-13,wk inc flu hosp,1,05,quantile,0.6,165,2027-03-20
2027-03-13,wk inc flu hosp,1,05,quantile,0.65,168,2027-03-20
2027-03-13,wk inc flu hosp,1,05,quantile,0.7,174,2027-03-20
2027-03-13,wk inc flu hosp,1,05,quantile,0.75,181,2027-03-20
2027-03-13,wk inc flu hosp,1,05,quantile,0.8,187,2027-03-20
2027-03-13,wk inc flu hosp,1,05,quantile,0.85,191,2027-03-20
2027-03-13,wk inc flu hosp,1,05,quantile,0.9,202,2027-03-20
2027-03-13,wk inc flu hosp,1,05,quantile,0.95,219,2027-03-20
2027-03-13,wk inc flu hosp,1,05,quantile,0.975,228,2027-03-20
2027-03-13,wk inc flu hosp,1,05,quantile,0.99,235,2027-03-20
2027-03-13,wk inc flu hosp,1,06,quantile,0.01,424,2027-03-20
2027-03-13,wk inc flu hosp,1,06,quantile,0.025,453,2027-03-20
2027-03-13,wk inc flu hosp,1,06,quantile,0.05,502,2027-03-20
2027-03-13,wk inc flu hosp,1,06,quantile,0.1,556,2027-03-20
2027-03-13,wk inc flu hosp,1,06,quantile,0.15,583,2027-03-20
2027-03-13,wk inc flu hosp,1,06,quantile,0.2,610,2027-03-20
2027-03-13,wk inc flu hosp,1,06,quantile,0.25,626,2027-03-20
2027-03-13,wk inc flu hosp,1,06,quantile,0.3,642,2027-03-20
2027-03-13,wk inc flu hosp,1,06,quantile,0.35,660,2027-03-20
2027-03-13,wk inc flu hosp,1,06,quantile,0.4,674,2027-03-20
2027-03-13,wk inc flu hosp,1,06,quantile,0.45,683,2027-03-20
2027-03-13,wk inc flu hosp,1,06,quantile,0.5,696,2027-03-20
2027-03-13,wk inc flu hosp,1,06,quantile,0.55,714,2027-03-20
2027-03-13,wk inc flu hosp,1,06,quantile,0.6,735,2027-03-20
2027-03-13,wk inc flu hosp,1,06,quantile,0.65,757,2027-03-20
2027-03-13,wk inc flu hosp,1,06,quantile,0.7,778,2027-03-20
2027-03-13,wk inc flu hosp,1,06,quantile,0.75,801,2027-03-20
2027-03-13,wk inc flu hosp,1,06,quantile,0.8,824,2027-03-20
2027-03-13,wk inc flu hosp,1,06,quantile,0.85,857,2027-03-20
2027-03-13,wk inc flu hosp,1,06,quantile,0.9,880,2027-03-20
2027-03-13,wk inc flu hosp,1,06,quantile,0.95,957,2027-03-20
2027-03-13,wk inc flu hosp,1,06,quantile,0.975,1062,2027-03-20
2027-03-13,wk inc flu hosp,1,06,quantile,0.99,1083,2027-03-20
2027-03-13,wk inc flu hosp,1,08,quantile,0.01,124,2027-03-20
2027-03-13,wk inc flu hosp,1,08,quantile,0.025,129,2027-03-20
2027-03-13,wk inc flu hosp,1,08,quantile,0.05,137,2027-03-20
2027-03-13,wk inc flu hosp,1,08,quantile,0.1,145,2027-03-20
2027-03-13,wk inc flu hosp,1,08,quantile,0.15,155,2027-03-20
2027-03-13,wk inc flu hosp,1,08,quantile,0.2,161,2027-03-20
2027-03-13,wk inc flu hosp,1,08,quantile,0.25,165,2027-03-20
2027-03-13,wk inc flu hosp,1,08,quantile,0.3,169,2027-03-20
2027-03-13,wk inc flu hosp,1,08,quantile,0.35,170,2027-03-20
2027-03-13,wk inc flu hosp,1,08,quantile,0.4,172,2027-03-20
2027-03-13,wk inc flu hosp,1,08,quantile,0.45,178,2027-03-20
2027-03-13,wk inc flu hosp,1,08,quantile,0.5,181,2027-03-20
2027-03-13,wk inc flu hosp,1,08,quantile,0.55,188,2027-03-20
2027-03-13,wk inc flu hosp,1,08,quantile,0.6,194,2027-03-20
2027-03-13,wk inc flu hosp,1,08,quantile,0.65,198,2027-03-20
2027-03-13,wk inc flu hosp,1,08,quantile,0.7,202,2027-03-20
2027-03-13,wk inc flu hosp,1,08,quantile,0.75,204,2027-03-20
2027-03-13,wk inc flu hosp,1,08,quantile,0.8,209,2027-03-20
2027-03-13,wk inc flu hosp,1,08,quantile,0.85,213,2027-03-20
2027-03-13,wk inc flu hosp,1,08,quantile,0.9,226,2027-03-20
2027-03-13,wk inc flu hosp,1,08,quantile,0.95,241,2027-03-20
2027-03-13,wk inc flu hosp,1,08,quantile,0.975,245,2027-03-20
2027-03-13,wk inc flu hosp,1,08,quantile,0.99,249,2027-03-20
2027-03-13,wk inc flu hosp,1,09,quantile,0.01,71,2027-03-20
2027-03-13,wk inc flu hosp,1,09,quantile,0.025,73,2027-03-20
2027-03-13,wk inc flu hosp,1,09,quantile,0.05,80,2027-03-20
2027-03-13,wk inc flu hosp,1,09,quantile,0.1,88,2027-03-20
2027-03-13,wk inc flu hosp,1,09,quantile,0.15,96,2027-03-20
2027-03-13,wk inc flu hosp,1,09,quantile,0.2,104,2027-03-20
2027-03-13,wk inc flu hosp,1,09,quantile,0.25,107,2027-03-20
2027-03-13,wk inc flu hosp,1,09,quantile,0.3,110,2027-03-20
2027-03-13,wk inc flu hosp,1,09,quantile,0.35,113,2027-03-20
2027-03-13,wk inc flu hosp,1,09,quantile,0.4,115,2027-03-20
2027-03-13,wk inc flu hosp,1,09,quantile,0.45,119,2027-03-20
2027-03-13,wk inc flu hosp,1,09,quantile,0.5,122,2027-03-20
2027-03-13,wk inc flu hosp,1,09,quantile,0.55,124,2027-03-20
2027-03-13,wk inc flu hosp,1,09,quantile,0.6,129,2027-03-20
2027-03-13,wk inc flu hosp,1,09,quantile,0.65,136,2027-03-20
2027-03-13,wk inc flu hosp,1,09,quantile,0.7,140,2027-03-20
2027-03-13,wk inc flu hosp,1,09,quantile,0.75,147,2027-03-20
2027-03-13,wk inc flu hosp,1,09,quantile,0.8,155,2027-03-20
2027-03-13,wk inc flu hosp,1,09,quantile,0.85,161,2027-03-20
2027-03-13,wk inc flu hosp,1,09,quantile,0.9,164,2027-03-20
2027-03-13,wk inc flu hosp,1,09,quantile,0.95,175,2027-03-20
2027-03-13,wk inc flu hosp,1,09,quantile,0.975,184,2027-03-20
2027-03-13,wk inc flu hosp,1,09,quantile,0.99,191,2027-03-20
2027-03-13,wk inc flu hosp,1,10,quantile,0.01,20,2027-03-20
2027-03-13,wk inc flu hosp,1,10,quantile,0.025,23,2027-03-20
2027-03-13,wk inc flu hosp,1,10,quantile,0.05,25,2027-03-20
2027-03-13,wk inc flu hosp,1,10,quantile,0.1,26,2027-03-20
2027-03-13,wk inc flu hosp,1,10,quantile,0.15,29,2027-03-20
2027-03-13,wk inc flu hosp,1,10,quantile,0.2,30,2027-03-20
2027-03-13,wk inc flu hosp,1,10,quantile,0.25,32,2027-03-20
2027-03-13,wk inc flu hosp,1,10,quantile,0.3,34,2027-03-20
2027-03-13,wk inc flu hosp,1,10,quantile,0.35,35,2027-03-20
2027-03-13,wk inc flu hosp,1,10,quantile,0.4,36,2027-03-20
2027-03-13,wk inc flu hosp,1,10,quantile,0.45,38,2027-03-20
2027-03-13,wk inc flu hosp,1,10,quantile,0.5,39,2027-03-20
2027-03-13,wk inc flu hosp,1,10,quantile,0.55,40,2027-03-20
2027-03-13,wk inc flu hosp,1,10,quantile,0.6,41,2027-03-20
2027-03-13,wk inc flu hosp,1,10,quantile,0.65,42,2027-03-20
2027-03-13,wk inc flu hosp,1,10,quantile,0.7,44,2027-03-20
2027-03-13,wk inc flu hosp,1,10,quantile,0.75,45,2027-03-20
2027-03-13,wk inc flu hosp,1,10,quantile,0.8,46,2027-03-20
2027-03-13,wk inc flu hosp,1,10,quantile,0.85,50,2027-03-20
2027-03-13,wk inc flu hosp,1,10,quantile,0.9,52,2027-03-20
2027-03-13,wk inc flu hosp,1,10,quantile,0.95,58,2027-03-20
2027-03-13,wk inc flu hosp,1,10,quantile,0.975,63,2027-03-20
2027-03-13,wk inc flu hosp,1,10,quantile,0.99,69,2027-03-20
2027-03-13,wk inc flu hosp,1,11,quantile,0.01,15,2027-03-20
2027-03-13,wk inc flu hosp,1,11,quantile,0.025,17,2027-03-20
2027-03-13,wk inc flu hosp,1,11,quantile,0.05,20,2027-03-20
2027-03-13,wk inc flu hosp,1,11,quantile,0.1,22,2027-03-20
2027-03-13,wk inc flu hosp,1,11,quantile,0.15,27,2027-03-20
2027-03-13,wk inc flu hosp,1,11,quantile,0.2,29,2027-03-20
2027-03-13,wk inc flu hosp,1,11,quantile,0.25,30,2027-03-20
2027-03-13,wk inc flu hosp,1,11,quantile,0.3,32,2027-03-20
2027-03-13,wk inc flu hosp,1,11,quantile,0.35,36,2027-03-20
2027-03-13,wk inc flu hosp,1,11,quantile,0.4,37,2027-03-20
2027-03-13,wk inc flu hosp,1,11,quantile,0.45,39,2027-03-20
2027-03-13,wk inc flu hosp,1,11,quantile,0.5,40,2027-03-20
2027-03-13,wk inc flu hosp,1,11,quantile,0.55,41,2027-03-20
2027-03-13,wk inc flu hosp,1,11,quantile,0.6,43,2027-03-20
2027-03-13,wk inc flu hosp,1,11,quantile,0.65,45,2027-03-20
2027-03-13,wk inc flu hosp,1,11,quantile,0.7,47,2027-03-20
2027-03-13,wk inc flu hosp,1,11,quantile,0.75,49,2027-03-20
2027-03-13,wk inc flu hosp,1,11,quantile,0.8,51,2027-03-20
2027-03-13,wk inc flu hosp,1,11,quantile,0.85,52,2027-03-20
2027-03-13,wk inc flu hosp,1,11,quantile,0.9,56,2027-03-20
2027-03-13,wk inc flu hosp,1,11,quantile,0.95,63,2027-03-20
2027-03-13,wk inc flu hosp,1,11,quantile,0.975,72,2027-03-20
2027-03-13,wk inc flu hosp,1,11,quantile,0.99,75,2027-03-20
2027-03-13,wk inc flu hosp,1,12,quantile,0.01,576,2027-03-20
2027-03-13,wk inc flu hosp,1,12,quantile,0.025,620,2027-03-20
2027-03-13,wk inc flu hosp,1,12,quantile,0.05,635,2027-03-20
2027-03-13,wk inc flu hosp,1,12,quantile,0.1,685,2027-03-20
2027-03-13,wk inc flu hosp,1,12,quantile,0.15,718,2027-03-20
2027-03-13,wk inc flu hosp,1,12,quantile,0.2,751,2027-03-20
2027-03-13,wk inc flu hosp,1,12,quantile,0.25,786,2027-03-20
2027-03-13,wk inc flu hosp,1,12,quantile,0.3,820,2027-03-20
2027-03-13,wk inc flu hosp,1,12,quantile,0.35,840,2027-03-20
2027-03-13,wk inc flu hosp,1,12,quantile,0.4,860,2027-03-20
2027-03-13,wk inc flu hosp,1,12,quantile,0.45,880,2027-03-20
2027-03-13,wk inc flu hosp,1,12,quantile,0.5,916,2027-03-20
2027-03-13,wk inc flu hosp,1,12,quantile,0.55,938,2027-03-20
2027-03-13,wk inc flu hosp,1,12,quantile,0.6,982,2027-03-20
2027-03-13,wk inc flu hosp,1,12,quantile,0.65,1000,2027-03-20
2027-03-13,wk inc flu hosp,1,12,quantile,0.7,1020,2027-03-20
2027-03-13,wk inc flu hosp,1,12,quantile,0.75,1051,2027-03-20
2027-03-13,wk inc flu hosp,1,12,quantile,0.8,1077,2027-03-20
2027-03-13,wk inc flu hosp,1,12,quantile,0.85,1133,2027-03-20
2027-03-13,wk inc flu hosp,1,12,quantile,0.9,1177,2027-03-20
2027-03-13,wk inc flu hosp,1,12,quantile,0.95,1318,2027-03-20
2027-03-13,wk inc flu hosp,1,12,quantile,0.975,1400,2027-03-20
2027-03-13,wk inc flu hosp,1,12,quantile,0.99,1488,2027-03-20
2027-03-13,wk inc flu hosp,1,13,quantile,0.01,145,2027-03-20
2027-03-13,wk inc flu hosp,1,13,quantile,0.025,152,2027-03-20
2027-03-13,wk inc flu hosp,1,13,quantile,0.05,157,2027-03-20
2027-03-13,wk inc flu hosp,1,13,quantile,0.1,163,2027-03-20
2027-03-13,wk inc flu hosp,1,13,quantile,0.15,179,2027-03-20
2027-03-13,wk inc flu hosp,1,13,quantile,0.2,189,2027-03-20
2027-03-13,wk inc flu hosp,1,13,quantile,0.25,192,2027-03-20
2027-03-13,wk inc flu hosp,1,13,quantile,0.3,199,2027-03-20
2027-03-13,wk inc flu hosp,1,13,quantile,0.35,205,2027-03-20
2027-03-13,wk inc flu hosp,1,13,quantile,0.4,208,2027-03-20
2027-03-13,wk inc flu hosp,1,13,quantile,0.45,214,2027-03-20
2027-03-13,wk inc flu hosp,1,13,quantile,0.5,224,2027-03-20
2027-03-13,wk inc flu hosp,1,13,quantile,0.55,230,2027-03-20
2027-03-13,wk inc flu hosp,1,13,quantile,0.6,236,2027-03-20
2027-03-13,wk inc flu hosp,1,13,quantile,0.65,243,2027-03-20
2027-03-13,wk inc flu hosp,1,13,quantile,0.7,252,2027-03-20
2027-03-13,wk inc flu hosp,1,13,quantile,0.75,260,2027-03-20
2027-03-13,wk inc flu hosp,1,13,quantile,0.8,267,2027-03-20
2027-03-13,wk inc flu hosp,1,13,quantile,0.85,276,2027-03-20
2027-03-13,wk inc flu hosp,1,13,quantile,0.9,293,2027-03-20
2027-03-13,wk inc flu hosp,1,13,quantile,0.95,312,2027-03-20
2027-03-13,wk inc flu hosp,1,13,quantile,0.975,327,2027-03-20
2027-03-13,wk inc flu hosp,1,13,quantile,0.99,354,2027-03-20
2027-03-13,wk inc flu hosp,1,15,quantile,0.01,20,2027-03-20
2027-03-13,wk inc flu hosp,1,15,quantile,0.025,22,2027-03-20
2027-03-13,wk inc flu hosp,1,15,quantile,0.05,25,2027-03-20
2027-03-13,wk inc flu hosp,1,15,quantile,0.1,30,2027-03-20
2027-03-13,wk inc flu hosp,1,15,quantile,0.15,32,2027-03-20
2027-03-13,wk inc flu hosp,1,15,quantile,0.2,34,2027-03-20
2027-03-13,wk inc flu hosp,1,15,quantile,0.25,36,2027-03-20
2027-03-13,wk inc flu hosp,1,15,quantile,0.3,38,2027-03-20
2027-03-13,wk inc flu hosp,1,15,quantile,0.35,39,2027-03-20
2027-03-13,wk inc flu hosp,1,15,quantile,0.4,40,2027-03-20
2027-03-13,wk inc flu hosp,1,15,quantile,0.45,42,2027-03-20
2027-03-13,wk inc flu hosp,1,15,quantile,0.5,43,2027-03-20
2027-03-13,wk inc flu hosp,1,15,quantile,0.55,45,2027-03-20
2027-03-13,wk inc flu hosp,1,15,quantile,0.6,47,2027-03-20
2027-03-13,wk inc flu hosp,1,15,quantile,0.65,47,2027-03-20
2027-03-13,wk inc flu hosp,1,15,quantile,0.7,50,2027-03-20
2027-03-13,wk inc flu hosp,1,15,quantile,0.75,51,2027-03-20
2027-03-13,wk inc flu hosp,1,15,quantile,0.8,55,2027-03-20
2027-03-13,wk inc flu hosp,1,15,quantile,0.85,56,2027-03-20
2027-03-13,wk inc flu hosp,1,15,quantile,0.9,59,2027-03-20
2027-03-13,wk inc flu hosp,1,15,quantile,0.95,64,2027-03-20
2027-03-13,wk inc flu hosp,1,15,quantile,0.975,73,2027-03-20
2027-03-13,wk inc flu hosp,1,15,quantile,0.99,77,2027-03-20
2027-03-13,wk inc flu hosp,1,16,quantile,0.01,68,2027-03-20
2027-03-13,wk inc flu hosp,1,16,quantile,0.025,78,2027-03-20
2027-03-13,wk inc flu hosp,1,16,quantile,0.05,83,2027-03-20
2027-03-13,wk inc flu hosp,1,16,quantile,0.1,89,2027-03-20
2027-03-13,wk inc flu hosp,1,16,quantile,0.15,94,2027-03-20
2027-03-13,wk inc flu hosp,1,16,quantile,0.2,98,2027-03-20
2027-03-13,wk inc flu hosp,1,16,quantile,0.25,102,2027-03-20
2027-03-13,wk inc flu hosp,1,16,quantile,0.3,104,2027-03-20
2027-03-13,wk inc flu hosp,1,16,quantile,0.35,108,2027-03-20
2027-03-13,wk inc flu hosp,1,16,quantile,0.4,111,2027-03-20
2027-03-13,wk inc flu hosp,1,16,quantile,0.45,113,2027-03-20
2027-03-13,wk inc flu hosp,1,16,quantile,0.5,115,2027-03-20
2027-03-13,wk inc flu hosp,1,16,quantile,0.55,118,2027-03-20
2027-03-13,wk inc flu hosp,1,16,quantile,0.6,120,2027-03-20
2027-03-13,wk inc flu hosp,1,16,quantile,0.65,122,2027-03-20
2027-03-13,wk inc flu hosp,1,16,quantile,0.7,126,2027-03-20
2027-03-13,wk inc flu hosp,1,16,quantile,0.75,128,2027-03-20
2027-03-13,wk inc flu hosp,1,16,quantile,0.8,130,2027-03-20
2027-03-13,wk inc flu hosp,1,16,quantile,0.85,138,2027-03-20
2027-03-13,wk inc flu hosp,1,16,quantile,0.9,145,2027-03-20
2027-03-13,wk inc flu hosp,1,16,quantile,0.95,154,2027-03-20
2027-03-13,wk inc flu hosp,1,16,quantile,0.975,165,2027-03-20
2027-03-13,wk inc flu hosp,1,16,quantile,0.99,184,2027-03-20
2027-03-13,wk inc flu hosp,1,17,quantile,0.01,316,2027-03-20
2027-03-13,wk inc flu hosp,1,17,quantile,0.025,326,2027-03-20
2027-03-13,wk inc flu hosp,1,17,quantile,0.05,346,2027-03-20
2027-03-13,wk inc flu hosp,1,17,quantile,0.1,366,2027-03-20
2027-03-13,wk inc flu hosp,1,17,quantile,0.15,384,2027-03-20
2027-03-13,wk inc flu hosp,1,17,quantile,0.2,395,2027-03-20
2027-03-13,wk inc flu hosp,1,17,quantile,0.25,408,2027-03-20
2027-03-13,wk inc flu hosp,1,17,quantile,0.3,416,2027-03-20
2027-03-13,wk inc flu hosp,1,17,quantile,0.35,425,2027-03-20
2027-03-13,wk inc flu hosp,1,17,quantile,0.4,430,2027-03-20
2027-03-13,wk inc flu hosp,1,17,quantile,0.45,441,2027-03-20
2027-03-13,wk inc flu hosp,1,17,quantile,0.5,454,2027-03-20
2027-03-13,wk inc flu hosp,1,17,quantile,0.55,463,2027-03-20
2027-03-13,wk inc flu hosp,1,17,quantile,0.6,470,2027-03-20
2027-03-13,wk inc flu hosp,1,17,quantile,0.65,474,2027-03-20
2027-03-13,wk inc flu hosp,1,17,quantile,0.7,480,2027-03-20
2027-03-13,wk inc flu hosp,1,17,quantile,0.75,489,2027-03-20
2027-03-13,wk inc flu hosp,1,17,quantile,0.8,503,2027-03-20
2027-03-13,wk inc flu hosp,1,17,quantile,0.85,527,2027-03-20
2027-03-13,wk inc flu hosp,1,17,quantile,0.9,555,2027-03-20
2027-03-13,wk inc flu hosp,1,17,quantile,0.95,582,2027-03-20
2027-03-13,wk inc flu hosp,1,17,quantile,0.975,622,2027-03-20
2027-03-13,wk inc flu hosp,1,17,quantile,0.99,635,2027-03-20
2027-03-13,wk inc flu hosp,1,18,quantile,0.01,227,2027-03-20
2027-03-13,wk inc flu hosp,1,18,quantile,0.025,241,2027-03-20
2027-03-13,wk inc flu hosp,1,18,quantile,0.05,257,2027-03-20
2027-03-13,wk inc flu hosp,1,18,quantile,0.1,272,2027-03-20
2027-03-13,wk inc flu hosp,1,18,quantile,0.15,285,2027-03-20
2027-03-13,wk inc flu hosp,1,18,quantile,0.2,294,2027-03-20
2027-03-13,wk inc flu hosp,1,18,quantile,0.25,305,2027-03-20
2027-03-13,wk inc flu hosp,1,18,quantile,0.3,313,2027-03-20
2027-03-13,wk inc flu hosp,1,18,quantile,0.35,320,2027-03-20
2027-03-13,wk inc flu hosp,1,18,quantile,0.4,332,2027-03-20
2027-03-13,wk inc flu hosp,1,18,quantile,0.45,345,2027-03-20
2027-03-13,wk inc flu hosp,1,18,quantile,0.5,350,2027-03-20
2027-03-13,wk inc flu hosp,1,18,quantile,0.55,353,2027-03-20
2027-03-13,wk inc flu hosp,1,18,quantile,0.6,360,2027-03-20
2027-03-13,wk inc flu hosp,1,18,quantile,0.65,367,2027-03-20
2027-03-13,wk inc flu hosp,1,18,quantile,0.7,370,2027-03-20
2027-03-13,wk inc flu hosp,1,18,quantile,0.75,377,2027-03-20
2027-03-13,wk inc flu hosp,1,18,quantile,0.8,393,2027-03-20
2027-03-13,wk inc flu hosp,1,18,quantile,0.85,401,2027-03-20
2027-03-13,wk inc flu hosp,1,18,quantile,0.9,415,2027-03-20
2027-03-13,wk inc flu hosp,1,18,quantile,0.95,445,2027-03-20
2027-03-13,wk inc flu hosp,1,18,quantile,0.975,472,2027-03-20
2027-03-13,wk inc flu hosp,1,18,quantile,0.99,499,2027-03-20
2027-03-13,wk inc flu hosp,1,19,quantile,0.01,77,2027-03-20
2027-03-13,wk inc flu hosp,1,19,quantile,0.025,87,2027-03-20
2027-03-13,wk inc flu hosp,1,19,quantile,0.05,91,2027-03-20
2027-03-13,wk inc flu hosp,1,19,quantile,0.1,95,2027-03-20
2027-03-13,wk inc flu hosp,1,19,quantile,0.15,99,2027-03-20
2027-03-13,wk inc flu hosp,1,19,quantile,0.2,104,2027-03-20
2027-03-13,wk inc flu hosp,1,19,quantile,0.25,108,2027-03-20
2027-03-13,wk inc flu hosp,1,19,quantile,0.3,112,2027-03-20
2027-03-13,wk inc flu hosp,1,19,quantile,0.35,116,2027-03-20
2027-03-13,wk inc flu hosp,1,19,quantile,0.4,120,2027-03-20
2027-03-13,wk inc flu hosp,1,19,quantile,0.45,122,2027-03-20
2027-03-13,wk inc flu hosp,1,19,quantile,0.5,124,2027-03-20
2027-03-13,wk inc flu hosp,1,19,quantile,0.55,129,2027-03-20
2027-03-13,wk inc flu hosp,1,19,quantile,0.6,131,2027-03-20
2027-03-13,wk inc flu hosp,1,19,quantile,0.65,134,2027-03-20
2027-03-13,wk inc flu hosp,1,19,quantile,0.7,137,2027-03-20
2027-03-13,wk inc flu hosp,1,19,quantile,0.75,143,2027-03-20
2027-03-13,wk inc flu hosp,1,19,quantile,0.8,147,2027-03-20
2027-03-13,wk inc flu hosp,1,19,quantile,0.85,152,2027-03-20
2027-03-13,wk inc flu hosp,1,19,quantile,0.9,160,2027-03-20
2027-03-13,wk inc flu hosp,1,19,quantile,0.95,165,2027-03-20
2027-03-13,wk inc flu hosp,1,19,quantile,0.975,171,2027-03-20
2027-03-13,wk inc flu hosp,1,19,quantile,0.99,182,2027-03-20
2027-03-13,wk inc flu hosp,1,20,quantile,0.01,60,2027-03-20
2027-03-13,wk inc flu hosp,1,20,quantile,0.025,63,2027-03-20
2027-03-13,wk inc flu hosp,1,20,quantile,0.05,68,2027-03-20
2027-03-13,wk inc flu hosp,1,20,quantile,0.1,72,2027-03-20
2027-03-13,wk inc flu hosp,1,20,quantile,0.15,75,2027-03-20
2027-03-13,wk inc flu hosp,1,20,quantile,0.2,79,2027-03-20
2027-03-13,wk inc flu hosp,1,20,quantile,0.25,82,2027-03-20
2027-03-13,wk inc flu hosp,1,20,quantile,0.3,84,2027-03-20
2027-03-13,wk inc flu hosp,1,20,quantile,0.35,87,2027-03-20
2027-03-13,wk inc flu hosp,1,20,quantile,0.4,87,2027-03-20
2027-03-13,wk inc flu hosp,1,20,quantile,0.45,88,2027-03-20
2027-03-13,wk inc flu hosp,1,20,quantile,0.5,90,2027-03-20
2027-03-13,wk inc flu hosp,1,20,quantile,0.55,93,2027-03-20
2027-03-13,wk inc flu hosp,1,20,quantile,0.6,96,2027-03-20
2027-03-13,wk inc flu hosp,1,20,quantile,0.65,98,2027-03-20
2027-03-13,wk inc flu hosp,1,20,quantile,0.7,101,2027-03-20
2027-03-13,wk inc flu hosp,1,20,quantile,0.75,105,2027-03-20
2027-03-13,wk inc flu hosp,1,20,quantile,0.8,110,2027-03-20
2027-03-13,wk inc flu hosp,1,20,quantile,0.85,113,2027-03-20
2027-03-13,wk inc flu hosp,1,20,quantile,0.9,120,2027-03-20
2027-03-13,wk inc flu hosp,1,20,quantile,0.95,126,2027-03-20
2027-03-13,wk inc flu hosp,1,20,quantile,0.975,137,2027-03-20
2027-03-13,wk inc flu hosp,1,20,quantile,0.99,143,2027-03-20
2027-03-13,wk inc flu hosp,1,21,quantile,0.01,191,2027-03-20
2027-03-13,wk inc flu hosp,1,21,quantile,0.025,205,2027-03-20
2027-03-13,wk inc flu hosp,1,21,quantile,0.05,217,2027-03-20
2027-03-13,wk inc flu hosp,1,21,quantile,0.1,231,2027-03-20
2027-03-13,wk inc flu hosp,1,21,quantile,0.15,236,2027-03-20
2027-03-13,wk inc flu hosp,1,21,quantile,0.2,245,2027-03-20
2027-03-13,wk inc flu hosp,1,21,quantile,0.25,251,2027-03-20
2027-03-13,wk inc flu hosp,1,21,quantile,0.3,257,2027-03-20
2027-03-13,wk inc flu hosp,1,21,quantile,0.35,264,2027-03-20
2027-03-13,wk inc flu hosp,1,21,quantile,0.4,268,2027-03-20
2027-03-13,wk inc flu hosp,1,21,quantile,0.45,277,2027-03-20
2027-03-13,wk inc flu hosp,1,21,quantile,0.5,282,2027-03-20
2027-03-13,wk inc flu hosp,1,21,quantile,0.55,289,2027-03-20
2027-03-13,wk inc flu hosp,1,21,quantile,0.6,291,2027-03-20
2027-03-13,wk inc flu hosp,1,21,quantile,0.65,294,2027-03-20
2027-03-13,wk inc flu hosp,1,21,quantile,0.7,299,2027-03-20
2027-03-13,wk inc flu hosp,1,21,quantile,0.75,307,2027-03-20
2027-03-13,wk inc flu hosp,1,21,quantile,0.8,313,2027-03-20
2027-03-13,wk inc flu hosp,1,21,quantile,0.85,324,2027-03-20
2027-03-13,wk inc flu hosp,1,21,quantile,0.9,335,2027-03-20
2027-03-13,wk inc flu hosp,1,21,quantile,0.95,346,2027-03-20
2027-03-13,wk inc flu hosp,1,21,quantile,0.975,360,2027-03-20
2027-03-13,wk inc flu hosp,1,21,quantile,0.99,374,2027-03-20
2027-03-13,wk inc flu hosp,1,22,quantile,0.01,100,2027-03-20
2027-03-13,wk inc flu hosp,1,22,quantile,0.025,106,2027-03-20
2027-03-13,wk inc flu hosp,1,22,quantile,0.05,114,2027-03-20
2027-03-13,wk inc flu hosp,1,22,quantile,0.1,122,2027-03-20
2027-03-13,wk inc flu hosp,1,22,quantile,0.15,129,2027-03-20
2027-03-13,wk inc flu hosp,1,22,quantile,0.2,139,2027-03-20
2027-03-13,wk inc flu hosp,1,22,quantile,0.25,146,2027-03-20
2027-03-13,wk inc flu hosp,1,22,quantile,0.3,151,2027-03-20
2027-03-13,wk inc flu hosp,1,22,quantile,0.35,158,2027-03-20
2027-03-13,wk inc flu hosp,1,22,quantile,0.4,161,2027-03-20
2027-03-13,wk inc flu hosp,1,22,quantile,0.45,166,2027-03-20
2027-03-13,wk inc flu hosp,1,22,quantile,0.5,174,2027-03-20
2027-03-13,wk inc flu hosp,1,22,quantile,0.55,181,2027-03-20
2027-03-13,wk inc flu hosp,1,22,quantile,0.6,185,2027-03-20
2027-03-13,wk inc flu hosp,1,22,quantile,0.65,192,2027-03-20
2027-03-13,wk inc flu hosp,1,22,quantile,0.7,195,2027-03-20
2027-03-13,wk inc flu hosp,1,22,quantile,0.75,207,2027-03-20
2027-03-13,wk inc flu hosp,1,22,quantile,0.8,218,2027-03-20
2027-03-13,wk inc flu hosp,1,22,quantile,0.85,229,2027-03-20
2027-03-13,wk inc flu hosp,1,22,quantile,0.9,238,2027-03-20
2027-03-13,wk inc flu hosp,1,22,quantile,0.95,262,2027-03-20
2027-03-13,wk inc flu hosp,1,22,quantile,0.975,273,2027-03-20
2027-03-13,wk inc flu hosp,1,22,quantile,0.99,288,2027-03-20
2027-03-13,wk inc flu hosp,1,23,quantile,0.01,26,2027-03-20
2027-03-13,wk inc flu hosp,1,23,quantile,0.025,26,2027-03-20
2027-03-13,wk inc flu hosp,1,23,quantile,0.05,27,2027-03-20
2027-03-13,wk inc flu hosp,1,23,quantile,0.1,31,2027-03-20
2027-03-13,wk inc flu hosp,1,23,quantile,0.15,34,2027-03-20
2027-03-13,wk inc flu hosp,1,23,quantile,0.2,38,2027-03-20
2027-03-13,wk inc flu hosp,1,23,quantile,0.25,40,2027-03-20
2027-03-13,wk inc flu hosp,1,23,quantile,0.3,41,2027-03-20
2027-03-13,wk inc flu hosp,1,23,quantile,0.35,43,2027-03-20
2027-03-13,wk inc flu hosp,1,23,quantile,0.4,44,2027-03-20
2027-03-13,wk inc flu hosp,1,23,quantile,0.45,47,2027-03-20
2027-03-13,wk inc flu hosp,1,23,quantile,0.5,48,2027-03-20
2027-03-13,wk inc flu hosp,1,23,quantile,0.55,50,2027-03-20
2027-03-13,wk inc flu hosp,1,23,quantile,0.6,53,2027-03-20
2027-03-13,wk inc flu hosp,1,23,quantile,0.65,55,2027-03-20
2027-03-13,wk inc flu hosp,1,23,quantile,0.7,56,2027-03-20
2027-03-13,wk inc flu hosp,1,23,quantile,0.75,56,2027-03-20
2027-03-13,wk inc flu hosp,1,23,quantile,0.8,59,2027-03-20
2027-03-13,wk inc flu hosp,1,23,quantile,0.85,61,2027-03-20
2027-03-13,wk inc flu hosp,1,23,quantile,0.9,65,2027-03-20
2027-03-13,wk inc flu hosp,1,23,quantile,0.95,71,2027-03-20
2027-03-13,wk inc flu hosp,1,23,quantile,0.975,77,2027-03-20
2027-03-13,wk inc flu hosp,1,23,quantile,0.99,78,2027-03-20
2027-03-13,wk inc flu hosp,1,24,quantile,0.01,93,2027-03-20
2027-03-13,wk inc flu hosp,1,24,quantile,0.025,103,2027-03-20
2027-03-13,wk inc flu hosp,1,24,quantile,0.05,106,2027-03-20
2027-03-13,wk inc flu hosp,1,24,quantile,0.1,115,2027-03-20
2027-03-13,wk inc flu hosp,1,24,quantile,0.15,124,2027-03-20
2027-03-13,wk inc flu hosp,1,24,quantile,0.2,131,2027-03-20
2027-03-13,wk inc flu hosp,1,24,quantile,0.25,135,2027-03-20
2027-03-13,wk inc flu hosp,1,24,quantile,0.3,140,2027-03-20
2027-03-13,wk inc flu hosp,1,24,quantile,0.35,145,2027-03-20
2027-03-13,wk inc flu hosp,1,24,quantile,0.4,150,2027-03-20
2027-03-13,wk inc flu hosp,1,24,quantile,0.45,156,2027-03-20
2027-03-13,wk inc flu hosp,1,24,quantile,0.5,160,2027-03-20
2027-03-13,wk inc flu hosp,1,24,quantile,0.55,164,2027-03-20
2027-03-13,wk inc flu hosp,1,24,quantile,0.6,173,2027-03-20
2027-03-13,wk inc flu hosp,1,24,quantile,0.65,178,2027-03-20
2027-03-13,wk inc flu hosp,1,24,quantile,0.7,186,2027-03-20
2027-03-13,wk inc flu hosp,1,24,quantile,0.75,190,2027-03-20
2027-03-13,wk inc flu hosp,1,24,quantile,0.8,191,2027-03-20
2027-03-13,wk inc flu hosp,1,24,quantile,0.85,198,2027-03-20
2027-03-13,wk inc flu hosp,1,24,quantile,0.9,207,2027-03-20
2027-03-13,wk inc flu hosp,1,24,quantile,0.95,218,2027-03-20
2027-03-13,wk inc flu hosp,1,24,quantile,0.975,222,2027-03-20
2027-03-13,wk inc flu hosp,1,24,quantile,0.99,230,2027-03-20
2027-03-13,wk inc flu hosp,1,25,quantile,0.01,149,2027-03-20
2027-03-13,wk inc flu hosp,1,25,quantile,0.025,159,2027-03-20
2027-03-13,wk inc flu hosp,1,25,quantile,0.05,173,2027-03-20
2027-03-13,wk inc flu hosp,1,25,quantile,0.1,190,2027-03-20
2027-03-13,wk inc flu hosp,1,25,quantile,0.15,199,2027-03-20
2027-03-13,wk inc flu hosp,1,25,quantile,0.2,208,2027-03-20
2027-03-13,wk inc flu hosp,1,25,quantile,0.25,216,2027-03-20
2027-03-13,wk inc flu hosp,1,25,quantile,0.3,223,2027-03-20
2027-03-13,wk inc flu hosp,1,25,quantile,0.35,227,2027-03-20
2027-03-13,wk inc flu hosp,1,25,quantile,0.4,234,2027-03-20
2027-03-13,wk inc flu hosp,1,25,quantile,0.45,246,2027-03-20
2027-03-13,wk inc flu hosp,1,25,quantile,0.5,256,2027-03-20
2027-03-13,wk inc flu hosp,1,25,quantile,0.55,263,2027-03-20
2027-03-13,wk inc flu hosp,1,25,quantile,0.6,271,2027-03-20
2027-03-13,wk inc flu hosp,1,25,quantile,0.65,276,2027-03-20
2027-03-13,wk inc flu hosp,1,25,quantile,0.7,282,2027-03-20
2027-03-13,wk inc flu hosp,1,25,quantile,0.75,288,2027-03-20
2027-03-13,wk inc flu hosp,1,25,quantile,0.8,293,2027-03-20
2027-03-13,wk inc flu hosp,1,25,quantile,0.85,303,2027-03-20
2027-03-13,wk inc flu hosp,1,25,quantile,0.9,317,2027-03-20
2027-03-13,wk inc flu hosp,1,25,quantile,0.95,333,2027-03-20
2027-03-13,wk inc flu hosp,1,25,quantile,0.975,343,2027-03-20
2027-03-13,wk inc flu hosp,1,25,quantile,0.99,381,2027-03-20
2027-03-13,wk inc flu hosp,1,26,quantile,0.01,353,2027-03-20
2027-03-13,wk inc flu hosp,1,26,quantile,0.025,420,2027-03-20
2027-03-13,wk inc flu hosp,1,26,quantile,0.05,448,2027-03-20
2027-03-13,wk inc flu hosp,1,26,quantile,0.1,468,2027-03-20
2027-03-13,wk inc flu hosp,1,26,quantile,0.15,493,2027-03-20
2027-03-13,wk inc flu hosp,1,26,quantile,0.2,508,2027-03-20
2027-03-13,wk inc flu hosp,1,26,quantile,0.25,518,2027-03-20
2027-03-13,wk inc flu hosp,1,26,quantile,0.3,528,2027-03-20
2027-03-13,wk inc flu hosp,1,26,quantile,0.35,536,2027-03-20
2027-03-13,wk inc flu hosp,1,26,quantile,0.4,549,2027-03-20
2027-03-13,wk inc flu hosp,1,26,quantile,0.45,557,2027-03-20
2027-03-13,wk inc flu hosp,1,26,quantile,0.5,567,2027-03-20
2027-03-13,wk inc flu hosp,1,26,quantile,0.55,583,2027-03-20
2027-03-13,wk inc flu hosp,1,26,quantile,0.6,600,2027-03-20
2027-03-13,wk inc flu hosp,1,26,quantile,0.65,611,2027-03-20
2027-03-13,wk inc flu hosp,1,26,quantile,0.7,623,2027-03-20
2027-03-13,wk inc flu hosp,1,26,quantile,0.75,644,2027-03-20
2027-03-13,wk inc flu hosp,1,26,quantile,0.8,657,2027-03-20
2027-03-13,wk inc flu hosp,1,26,quantile,0.85,686,2027-03-20
2027-03-13,wk inc flu hosp,1,26,quantile,0.9,712,2027-03-20
2027-03-13,wk inc flu hosp,1,26,quantile,0.95,777,2027-03-20
2027-03-13,wk inc flu hosp,1,26,quantile,0.975,851,2027-03-20
2027-03-13,wk inc flu hosp,1,26,quantile,0.99,945,2027-03-20
2027-03-13,wk inc flu hosp,1,27,quantile,0.01,130,2027-03-20
2027-03-13,wk inc flu hosp,1,27,quantile,0.025,134,2027-03-20
2027-03-13,wk inc flu hosp,1,27,quantile,0.05,144,2027-03-20
2027-03-13,wk inc flu hosp,1,27,quantile,0.1,169,2027-03-20
2027-03-13,wk inc flu hosp,1,27,quantile,0.15,176,2027-03-20
2027-03-13,wk inc flu hosp,1,27,quantile,0.2,185,2027-03-20
2027-03-13,wk inc flu hosp,1,27,quantile,0.25,194,2027-03-20
2027-03-13,wk inc flu hosp,1,27,quantile,0.3,202,2027-03-20
2027-03-13,wk inc flu hosp,1,27,quantile,0.35,207,2027-03-20
2027-03-13,wk inc flu hosp,1,27,quantile,0.4,217,2027-03-20
2027-03-13,wk inc flu hosp,1,27,quantile,0.45,223,2027-03-20
2027-03-13,wk inc flu hosp,1,27,quantile,0.5,231,2027-03-20
2027-03-13,wk inc flu hosp,1,27,quantile,0.55,242,2027-03-20
2027-03-13,wk inc flu hosp,1,27,quantile,0.6,246,2027-03-20
2027-03-13,wk inc flu hosp,1,27,quantile,0.65,252,2027-03-20
2027-03-13,wk inc flu hosp,1,27,quantile,0.7,265,2027-03-20
2027-03-13,wk inc flu hosp,1,27,quantile,0.75,273,2027-03-20
2027-03-13,wk inc flu hosp,1,27,quantile,0.8,280,2027-03-20
2027-03-13,wk inc flu hosp,1,27,quantile,0.85,296,2027-03-20
2027-03-13,wk inc flu hosp,1,27,quantile,0.9,313,2027-03-20
2027-03-13,wk inc flu hosp,1,27,quantile,0.95,326,2027-03-20
2027-03-13,wk inc flu hosp,1,27,quantile,0.975,340,2027-03-20
2027-03-13,wk inc flu hosp,1,27,quantile,0.99,379,2027-03-20
2027-03-13,wk inc flu hosp,1,28,quantile,0.01,79,2027-03-20
2027-03-13,wk inc flu hosp,1,28,quantile,0.025,86,2027-03-20
2027-03-13,wk inc flu hosp,1,28,quantile,0.05,89,2027-03-20
2027-03-13,wk inc flu hosp,1,28,quantile,0.1,92,2027-03-20
2027-03-13,wk inc flu hosp,1,28,quantile,0.15,97,2027-03-20
2027-03-13,wk inc flu hosp,1,28,quantile,0.2,100,2027-03-20
2027-03-13,wk inc flu hosp,1,28,quantile,0.25,103,2027-03-20
2027-03-13,wk inc flu hosp,1,28,quantile,0.3,105,2027-03-20
2027-03-13,wk inc flu hosp,1,28,quantile,0.35,109,2027-03-20
2027-03-13,wk inc flu hosp,1,28,quantile,0.4,114,2027-03-20
2027-03-13,wk inc flu hosp,1,28,quantile,0.45,116,2027-03-20
2027-03-13,wk inc flu hosp,1,28,quantile,0.5,118,2027-03-20
2027-03-13,wk inc flu hosp,1,28,quantile,0.55,120,2027-03-20
2027-03-13,wk inc flu hosp,1,28,quantile,0.6,125,2027-03-20
2027-03-13,wk inc flu hosp,1,28,quantile,0.65,129,2027-03-20
2027-03-13,wk inc flu hosp,1,28,quantile,0.7,136,2027-03-20
2027-03-13,wk inc flu hosp,1,28,quantile,0.75,142,2027-03-20
2027-03-13,wk inc flu hosp,1,28,quantile,0.8,145,2027-03-20
2027-03-13,wk inc flu hosp,1,28,quantile,0.85,150,2027-03-20
2027-03-13,wk inc flu hosp,1,28,quantile,0.9,156,2027-03-20
2027-03-13,wk inc flu hosp,1,28,quantile,0.95,171,2027-03-20
2027-03-13,wk inc flu hosp,1,28,quantile,0.975,191,2027-03-20
2027-03-13,wk inc flu hosp,1,28,quantile,0.99,209,2027-03-20
2027-03-13,wk inc flu hosp,1,29,quantile,0.01,189,2027-03-20
2027-03-13,wk inc flu hosp,1,29,quantile,0.025,211,2027-03-20
2027-03-13,wk inc flu hosp,1,29,quantile,0.05,221,2027-03-20
2027-03-13,wk inc flu hosp,1,29,quantile,0.1,229,2027-03-20
2027-03-13,wk inc flu hosp,1,29,quantile,0.15,238,2027-03-20
2027-03-13,wk inc flu hosp,1,29,quantile,0.2,243,2027-03-20
2027-03-13,wk inc flu hosp,1,29,quantile,0.25,249,2027-03-20
2027-03-13,wk inc flu hosp,1,29,quantile,0.3,260,2027-03-20
2027-03-13,wk inc flu hosp,1,29,quantile,0.35,267,2027-03-20
2027-03-13,wk inc flu hosp,1,29,quantile,0.4,274,2027-03-20
2027-03-13,wk inc flu hosp,1,29,quantile,0.45,283,2027-03-20
2027-03-13,wk inc flu hosp,1,29,quantile,0.5,290,2027-03-20
2027-03-13,wk inc flu hosp,1,29,quantile,0.55,297,2027-03-20
2027-03-13,wk inc flu hosp,1,29,quantile,0.6,304,2027-03-20
2027-03-13,wk inc flu hosp,1,29,quantile,0.65,309,2027-03-20
2027-03-13,wk inc flu hosp,1,29,quantile,0.7,315,2027-03-20
2027-03-13,wk inc flu hosp,1,29,quantile,0.75,323,2027-03-20
2027-03-13,wk inc flu hosp,1,29,quantile,0.8,331,2027-03-20
2027-03-13,wk inc flu hosp,1,29,quantile,0.85,342,2027-03-20
2027-03-13,wk inc flu hosp,1,29,quantile,0.9,345,2027-03-20
2027-03-13,wk inc flu hosp,1,29,quantile,0.95,357,2027-03-20
2027-03-13,wk inc flu hosp,1,29,quantile,0.975,375,2027-03-20
2027-03-13,wk inc flu hosp,1,29,quantile,0.99,393,2027-03-20
2027-03-13,wk inc flu hosp,1,30,quantile,0.01,50,2027-03-20
2027-03-13,wk inc flu hosp,1,30,quantile,0.025,53,2027-03-20
2027-03-13,wk inc flu hosp,1,30,quantile,0.05,56,2027-03-20
2027-03-13,wk inc flu hosp,1,30,quantile,0.1,63,2027-03-20
2027-03-13,wk inc flu hosp,1,30,quantile,0.15,68,2027-03-20
2027-03-13,wk inc flu hosp,1,30,quantile,0.2,70,2027-03-20
2027-03-13,wk inc flu hosp,1,30,quantile,0.25,73,2027-03-20
2027-03-13,wk inc flu hosp,1,30,quantile,0.3,75,2027-03-20
2027-03-13,wk inc flu hosp,1,30,quantile,0.35,77,2027-03-20
2027-03-13,wk inc flu hosp,1,30,quantile,0.4,81,2027-03-20
2027-03-13,wk inc flu hosp,1,30,quantile,0.45,84,2027-03-20
2027-03-13,wk inc flu hosp,1,30,quantile,0.5,86,2027-03-20
2027-03-13,wk inc flu hosp,1,30,quantile,0.55,89,2027-03-20
2027-03-13,wk inc flu hosp,1,30,quantile,0.6,94,2027-03-20
2027-03-13,wk inc flu hosp,1,30,quantile,0.65,97,2027-03-20
2027-03-13,wk inc flu hosp,1,30,quantile,0.7,102,2027-03-20
2027-03-13,wk inc flu hosp,1,30,quantile,0.75,104,2027-03-20
2027-03-13,wk inc flu hosp,1,30,quantile,0.8,109,2027-03-20
2027-03-13,wk inc flu hosp,1,30,quantile,0.85,114,2027-03-20
2027-03-13,wk inc flu hosp,1,30,quantile,0.9,121,2027-03-20
2027-03-13,wk inc flu hosp,1,30,quantile,0.95,138,2027-03-20
2027-03-13,wk inc flu hosp,1,30,quantile,0.975,145,2027-03-20
2027-03-13,wk inc flu hosp,1,30,quantile,0.99,152,2027-03-20
2027-03-13,wk inc flu hosp,1,31,quantile,0.01,34,2027-03-20
2027-03-13,wk inc flu hosp,1,31,quantile,0.025,37,2027-03-20
2027-03-13,wk inc flu hosp,1,31,quantile,0.05,40,2027-03-20
2027-03-13,wk inc flu hosp,1,31,quantile,0.1,45,2027-03-20
2027-03-13,wk inc flu hosp,1,31,quantile,0.15,47,2027-03-20
2027-03-13,wk inc flu hosp,1,31,quantile,0.2,49,2027-03-20
2027-03-13,wk inc flu hosp,1,31,quantile,0.25,50,2027-03-20
2027-03-13,wk inc flu hosp,1,31,quantile,0.3,53,2027-03-20
2027-03-13,wk inc flu hosp,1,31,quantile,0.35,54,2027-03-20
2027-03-13,wk inc flu hosp,1,31,quantile,0.4,55,2027-03-20
2027-03-13,wk inc flu hosp,1,31,quantile,0.45,57,2027-03-20
2027-03-13,wk inc flu hosp,1,31,quantile,0.5,58,2027-03-20
2027-03-13,wk inc flu hosp,1,31,quantile,0.55,60,2027-03-20
2027-03-13,wk inc flu hosp,1,31,quantile,0.6,61,2027-03-20
2027-03-13,wk inc flu hosp,1,31,quantile,0.65,62,2027-03-20
2027-03-13,wk inc flu hosp,1,31,quantile,0.7,64,2027-03-20
2027-03-13,wk inc flu hosp,1,31,quantile,0.75,66,2027-03-20
2027-03-13,wk inc flu hosp,1,31,quantile,0.8,69,2027-03-20
2027-03-13,wk inc flu hosp,1,31,quantile,0.85,71,2027-03-20
2027-03-13,wk inc flu hosp,1,31,quantile,0.9,74,2027-03-20
2027-03-13,wk inc flu hosp,1,31,quantile,0.95,85,2027-03-20
2027-03-13,wk inc flu hosp,1,31,quantile,0.975,91,2027-03-20
2027-03-13,wk inc flu hosp,1,31,quantile,0.99,94,2027-03-20
2027-03-13,wk inc flu hosp,1,32,quantile,0.01,48,2027-03-20
2027-03-13,wk inc flu hosp,1,32,quantile,0.025,52,2027-03-20
2027-03-13,wk inc flu hosp,1,32,quantile,0.05,56,2027-03-20
2027-03-13,wk inc flu hosp,1,32,quantile,0.1,61,2027-03-20
2027-03-13,wk inc flu hosp,1,32,quantile,0.15,67,2027-03-20
2027-03-13,wk inc flu hosp,1,32,quantile,0.2,68,2027-03-20
2027-03-13,wk inc flu hosp,1,32,quantile,0.25,71,2027-03-20
2027-03-13,wk inc flu hosp,1,32,quantile,0.3,73,2027-03-20
2027-03-13,wk inc flu hosp,1,32,quantile,0.35,76,2027-03-20
2027-03-13,wk inc flu hosp,1,32,quantile,0.4,79,2027-03-20
2027-03-13,wk inc flu hosp,1,32,quantile,0.45,83,2027-03-20
2027-03-13,wk inc flu hosp,1,32,quantile,0.5,85,2027-03-20
2027-03-13,wk inc flu hosp,1,32,quantile,0.55,86,2027-03-20
2027-03-13,wk inc flu hosp,1,32,quantile,0.6,88,2027-03-20
2027-03-13,wk inc flu hosp,1,32,quantile,0.65,91,2027-03-20
2027-03-13,wk inc flu hosp,1,32,quantile,0.7,95,2027-03-20
2027-03-13,wk inc flu hosp,1,32,quantile,0.75,97,2027-03-20
2027-03-13,wk inc flu hosp,1,32,quantile,0.8,102,2027-03-20
2027-03-13,wk inc flu hosp,1,32,quantile,0.85,106,2027-03-20
2027-03-13,wk inc flu hosp,1,32,quantile,0.9,109,2027-03-20
2027-03-13,wk inc flu hosp,1,32,quantile,0.95,124,2027-03-20
2027-03-13,wk inc flu hosp,1,32,quantile,0.975,130,2027-03-20
2027-03-13,wk inc flu hosp,1,32,quantile,0.99,137,2027-03-20
2027-03-13,wk inc flu hosp,1,33,quantile,0.01,26,2027-03-20
2027-03-13,wk inc flu hosp,1,33,quantile,0.025,27,2027-03-20
2027-03-13,wk inc flu hosp,1,33,quantile,0.05,29,2027-03-20
2027-03-13,wk inc flu hosp,1,33,quantile,0.1,31,2027-03-20
2027-03-13,wk inc flu hosp,1,33,quantile,0.15,32,2027-03-20
2027-03-13,wk inc flu hosp,1,33,quantile,0.2,33,2027-03-20
2027-03-13,wk inc flu hosp,1,33,quantile,0.25,35,2027-03-20
2027-03-13,wk inc flu hosp,1,33,quantile,0.3,36,2027-03-20
2027-03-13,wk inc flu hosp,1,33,quantile,0.35,38,2027-03-20
2027-03-13,wk inc flu hosp,1,33,quantile,0.4,40,2027-03-20
2027-03-13,wk inc flu hosp,1,33,quantile,0.45,41,2027-03-20
2027-03-13,wk inc flu hosp,1,33,quantile,0.5,42,2027-03-20
2027-03-13,wk inc flu hosp,1,33,quantile,0.55,43,2027-03-20
2027-03-13,wk inc flu hosp,1,33,quantile,0.6,45,2027-03-20
2027-03-13,wk inc flu hosp,1,33,quantile,0.65,46,2027-03-20
2027-03-13,wk inc flu hosp,1,33,quantile,0.7,48,2027-03-20
2027-03-13,wk inc flu hosp,1,33,quantile,0.75,51,2027-03-20
2027-03-13,wk inc flu hosp,1,33,quantile,0.8,54,2027-03-20
2027-03-13,wk inc flu hosp,1,33,quantile,0.85,59,2027-03-20
2027-03-13,wk inc flu hosp,1,33,quantile,0.9,62,2027-03-20
2027-03-13,wk inc flu hosp,1,33,quantile,0.95,67,2027-03-20
2027-03-13,wk inc flu hosp,1,33,quantile,0.975,70,2027-03-20
2027-03-13,wk inc flu hosp,1,33,quantile,0.99,76,2027-03-20
2027-03-13,wk inc flu hosp,1,34,quantile,0.01,207,2027-03-20
2027-03-13,wk inc flu hosp,1,34,quantile,0.025,224,2027-03-20
2027-03-13,wk inc flu hosp,1,34,quantile,0.05,242,2027-03-20
2027-03-13,wk inc flu hosp,1,34,quantile,0.1,255,2027-03-20
2027-03-13,wk inc flu hosp,1,34,quantile,0.15,266,2027-03-20
2027-03-13,wk inc flu hosp,1,34,quantile,0.2,276,2027-03-20
2027-03-13,wk inc flu hosp,1,34,quantile,0.25,282,2027-03-20
2027-03-13,wk inc flu hosp,1,34,quantile,0.3,288,2027-03-20
2027-03-13,wk inc flu hosp,1,34,quantile,0.35,294,2027-03-20
2027-03-13,wk inc flu hosp,1,34,quantile,0.4,300,2027-03-20
2027-03-13,wk inc flu hosp,1,34,quantile,0.45,307,2027-03-20
2027-03-13,wk inc flu hosp,1,34,quantile,0.5,314,2027-03-20
2027-03-13,wk inc flu hosp,1,34,quantile,0.55,321,2027-03-20
2027-03-13,wk inc flu hosp,1,34,quantile,0.6,326,2027-03-20
2027-03-13,wk inc flu hosp,1,34,quantile,0.65,331,2027-03-20
2027-03-13,wk inc flu hosp,1,34,quantile,0.7,341,2027-03-20
2027-03-13,wk inc flu hosp,1,34,quantile,0.75,346,2027-03-20
2027-03-13,wk inc flu hosp,1,34,quantile,0.8,354,2027-03-20
2027-03-13,wk inc flu hosp,1,34,quantile,0.85,371,2027-03-20
2027-03-13,wk inc flu hosp,1,34,quantile,0.9,381,2027-03-20
2027-03-13,wk inc flu hosp,1,34,quantile,0.95,411,2027-03-20
2027-03-13,wk inc flu hosp,1,34,quantile,0.975,437,2027-03-20
2027-03-13,wk inc flu hosp,1,34,quantile,0.99,459,2027-03-20
2027-03-13,wk inc flu hosp,1,35,quantile,0.01,67,2027-03-20
2027-03-13,wk inc flu hosp,1,35,quantile,0.025,70,2027-03-20
2027-03-13,wk inc flu hosp,1,35,quantile,0.05,74,2027-03-20
2027-03-13,wk inc flu hosp,1,35,quantile,0.1,82,2027-03-20
2027-03-13,wk inc flu hosp,1,35,quantile,0.15,86,2027-03-20
2027-03-13,wk inc flu hosp,1,35,quantile,0.2,89,2027-03-20
2027-03-13,wk inc flu hosp,1,35,quantile,0.25,93,2027-03-20
2027-03-13,wk inc flu hosp,1,35,quantile,0.3,97,2027-03-20
2027-03-13,wk inc flu hosp,1,35,quantile,0.35,98,2027-03-20
2027-03-13,wk inc flu hosp,1,35,quantile,0.4,101,2027-03-20
2027-03-13,wk inc flu hosp,1,35,quantile,0.45,104,2027-03-20
2027-03-13,wk inc flu hosp,1,35,quantile,0.5,109,2027-03-20
2027-03-13,wk inc flu hosp,1,35,quantile,0.55,111,2027-03-20
2027-03-13,wk inc flu hosp,1,35,quantile,0.6,113,2027-03-20
2027-03-13,wk inc flu hosp,1,35,quantile,0.65,116,2027-03-20
2027-03-13,wk inc flu hosp,1,35,quantile,0.7,120,2027-03-20
2027-03-13,wk inc flu hosp,1,35,quantile,0.75,124,2027-03-20
2027-03-13,wk inc flu hosp,1,35,quantile,0.8,130,2027-03-20
2027-03-13,wk inc flu hosp,1,35,quantile,0.85,134,2027-03-20
2027-03-13,wk inc flu hosp,1,35,quantile,0.9,144,2027-03-20
2027-03-13,wk inc flu hosp,1,35,quantile,0.95,158,2027-03-20
2027-03-13,wk inc flu hosp,1,35,quantile,0.975,162,2027-03-20
2027-03-13,wk inc flu hosp,1,35,quantile,0.99,181,2027-03-20
2027-03-13,wk inc flu hosp,1,36,quantile,0.01,481,2027-03-20
2027-03-13,wk inc flu hosp,1,36,quantile,0.025,532,2027-03-20
2027-03-13,wk inc flu hosp,1,36,quantile,0.05,548,2027-03-20
2027-03-13,wk inc flu hosp,1,36,quantile,0.1,570,2027-03-20
2027-03-13,wk inc flu hosp,1,36,quantile,0.15,603,2027-03-20
2027-03-13,wk inc flu hosp,1,36,quantile,0.2,621,2027-03-20
2027-03-13,wk inc flu hosp,1,36,quantile,0.25,647,2027-03-20
2027-03-13,wk inc flu hosp,1,36,quantile,0.3,665,2027-03-20
2027-03-13,wk inc flu hosp,1,36,quantile,0.35,673,2027-03-20
2027-03-13,wk inc flu hosp,1,36,quantile,0.4,687,2027-03-20
2027-03-13,wk inc flu hosp,1,36,quantile,0.45,709,2027-03-20
2027-03-13,wk inc flu hosp,1,36,quantile,0.5,724,2027-03-20
2027-03-13,wk inc flu hosp,1,36,quantile,0.55,749,2027-03-20
2027-03-13,wk inc flu hosp,1,36,quantile,0.6,760,2027-03-20
2027-03-13,wk inc flu hosp,1,36,quantile,0.65,782,2027-03-20
2027-03-13,wk inc flu hosp,1,36,quantile,0.7,811,2027-03-20
2027-03-13,wk inc flu hosp,1,36,quantile,0.75,829,2027-03-20
2027-03-13,wk inc flu hosp,1,36,quantile,0.8,848,2027-03-20
2027-03-13,wk inc flu hosp,1,36,quantile,0.85,875,2027-03-20
2027-03-13,wk inc flu hosp,1,36,quantile,0.9,908,2027-03-20
2027-03-13,wk inc flu hosp,1,36,quantile,0.95,944,2027-03-20
2027-03-13,wk inc flu hosp,1,36,quantile,0.975,1015,2027-03-20
2027-03-13,wk inc flu hosp,1,36,quantile,0.99,1103,2027-03-20
2027-03-13,wk inc flu hosp,1,37,quantile,0.01,173,2027-03-20
2027-03-13,wk inc flu hosp,1,37,quantile,0.025,191,2027-03-20
2027-03-13,wk inc flu hosp,1,37,quantile,0.05,202,2027-03-20
2027-03-13,wk inc flu hosp,1,37,quantile,0.1,224,2027-03-20
2027-03-13,wk inc flu hosp,1,37,quantile,0.15,236,2027-03-20
2027-03-13,wk inc flu hosp,1,37,quantile,0.2,251,2027-03-20
2027-03-13,wk inc flu hosp,1,37,quantile,0.25,264,2027-03-20
2027-03-13,wk inc flu hosp,1,37,quantile,0.3,271,2027-03-20
2027-03-13,wk inc flu hosp,1,37,quantile,0.35,274,2027-03-20
2027-03-13,wk inc flu hosp,1,37,quantile,0.4,281,2027-03-20
2027-03-13,wk inc flu hosp,1,37,quantile,0.45,294,2027-03-20
2027-03-13,wk inc flu hosp,1,37,quantile,0.5,304,2027-03-20
2027-03-13,wk inc flu hosp,1,37,quantile,0.55,312,2027-03-20
2027-03-13,wk inc flu hosp,1,37,quantile,0.6,319,2027-03-20
2027-03-13,wk inc flu hosp,1,37,quantile,0.65,325,2027-03-20
2027-03-13,wk inc flu hosp,1,37,quantile,0.7,334,2027-03-20
2027-03-13,wk inc flu hosp,1,37,quantile,0.75,347,2027-03-20
2027-03-13,wk inc flu hosp,1,37,quantile,0.8,363,2027-03-20
2027-03-13,wk inc flu hosp,1,37,quantile,0.85,380,2027-03-20
2027-03-13,wk inc flu hosp,1,37,quantile,0.9,401,2027-03-20
2027-03-13,wk inc flu hosp,1,37,quantile,0.95,441,2027-03-20
2027-03-13,wk inc flu hosp,1,37,quantile,0.975,461,2027-03-20
2027-03-13,wk inc flu hosp,1,37,quantile,0.99,475,2027-03-20
2027-03-13,wk inc flu hosp,1,38,quantile,0.01,19,2027-03-20
2027-03-13,wk inc flu hosp,1,38,quantile,0.025,22,2027-03-20
2027-03-13,wk inc flu hosp,1,38,quantile,0.05,25,2027-03-20
2027-03-13,wk inc flu hosp,1,38,quantile,0.1,28,2027-03-20
2027-03-13,wk inc flu hosp,1,38,quantile,0.15,30,2027-03-20
2027-03-13,wk inc flu hosp,1,38,quantile,0.2,32,2027-03-20
2027-03-13,wk inc flu hosp,1,38,quantile,0.25,33,2027-03-20
2027-03-13,wk inc flu hosp,1,38,quantile,0.3,34,2027-03-20
2027-03-13,wk inc flu hosp,1,38,quantile,0.35,35,2027-03-20
2027-03-13,wk inc flu hosp,1,38,quantile,0.4,36,2027-03-20
2027-03-13,wk inc flu hosp,1,38,quantile,0.45,38,2027-03-20
2027-03-13,wk inc flu hosp,1,38,quantile,0.5,40,2027-03-20
2027-03-13,wk inc flu hosp,1,38,quantile,0.55,41,2027-03-20
2027-03-13,wk inc flu hosp,1,38,quantile,0.6,43,2027-03-20
2027-03-13,wk inc flu hosp,1,38,quantile,0.65,44,2027-03-20
2027-03-13,wk inc flu hosp,1,38,quantile,0.7,45,2027-03-20
2027-03-13,wk inc flu hosp,1,38,quantile,0.75,49,2027-03-20
2027-03-13,wk inc flu hosp,1,38,quantile,0.8,52,2027-03-20
2027-03-13,wk inc flu hosp,1,38,quantile,0.85,57,2027-03-20
2027-03-13,wk inc flu hosp,1,38,quantile,0.9,61,2027-03-20
2027-03-13,wk inc flu hosp,1,38,quantile,0.95,70,2027-03-20
2027-03-13,wk inc flu hosp,1,38,quantile,0.975,74,2027-03-20
2027-03-13,wk inc flu hosp,1,38,quantile,0.99,82,2027-03-20
2027-03-13,wk inc flu hosp,1,39,quantile,0.01,368,2027-03-20
2027-03-13,wk inc flu hosp,1,39,quantile,0.025,389,2027-03-20
2027-03-13,wk inc flu hosp,1,39,quantile,0.05,410,2027-03-20
2027-03-13,wk inc flu hosp,1,39,quantile,0.1,443,2027-03-20
2027-03-13,wk inc flu hosp,1,39,quantile,0.15,455,2027-03-20
2027-03-13,wk inc flu hosp,1,39,quantile,0.2,478,2027-03-20
2027-03-13,wk inc flu hosp,1,39,quantile,0.25,494,2027-03-20
2027-03-13,wk inc flu hosp,1,39,quantile,0.3,505,2027-03-20
2027-03-13,wk inc flu hosp,1,39,quantile,0.35,515,2027-03-20
2027-03-13,wk inc flu hosp,1,39,quantile,0.4,524,2027-03-20
2027-03-13,wk inc flu hosp,1,39,quantile,0.45,534,2027-03-20
2027-03-13,wk inc flu hosp,1,39,quantile,0.5,548,2027-03-20
2027-03-13,wk inc flu hosp,1,39,quantile,0.55,566,2027-03-20
2027-03-13,wk inc flu hosp,1,39,quantile,0.6,577,2027-03-20
2027-03-13,wk inc flu hosp,1,39,quantile,0.65,606,2027-03-20
2027-03-13,wk inc flu hosp,1,39,quantile,0.7,618,2027-03-20
2027-03-13,wk inc flu hosp,1,39,quantile,0.75,630,2027-03-20
2027-03-13,wk inc flu hosp,1,39,quantile,0.8,647,2027-03-20
2027-03-13,wk inc flu hosp,1,39,quantile,0.85,666,2027-03-20
2027-03-13,wk inc flu hosp,1,39,quantile,0.9,691,2027-03-20
2027-03-13,wk inc flu hosp,1,39,quantile,0.95,739,2027-03-20
2027-03-13,wk inc flu hosp,1,39,quantile,0.975,786,2027-03-20
2027-03-13,wk inc flu hosp,1,39,quantile,0.99,822,2027-03-20
2027-03-13,wk inc flu hosp,1,40,quantile,0.01,63,2027-03-20
2027-03-13,wk inc flu hosp,1,40,quantile,0.025,67,2027-03-20
2027-03-13,wk inc flu hosp,1,40,quantile,0.05,81,2027-03-20
2027-03-13,wk inc flu hosp,1,40,quantile,0.1,92,2027-03-20
2027-03-13,wk inc flu hosp,1,40,quantile,0.15,96,2027-03-20
2027-03-13,wk inc flu hosp,1,40,quantile,0.2,101,2027-03-20
2027-03-13,wk inc flu hosp,1,40,quantile,0.25,105,2027-03-20
2027-03-13,wk inc flu hosp,1,40,quantile,0.3,109,2027-03-20
2027-03-13,wk inc flu hosp,1,40,quantile,0.35,112,2027-03-20
2027-03-13,wk inc flu hosp,1,40,quantile,0.4,115,2027-03-20
2027-03-13,wk inc flu hosp,1,40,quantile,0.45,117,2027-03-20
2027-03-13,wk inc flu hosp,1,40,quantile,0.5,120,2027-03-20
2027-03-13,wk inc flu hosp,1,40,quantile,0.55,123,2027-03-20
2027-03-13,wk inc flu hosp,1,40,quantile,0.6,126,2027-03-20
2027-03-13,wk inc flu hosp,1,40,quantile,0.65,129,2027-03-20
2027-03-13,wk inc flu hosp,1,40,quantile,0.7,134,2027-03-20
2027-03-13,wk inc flu hosp,1,40,quantile,0.75,137,2027-03-20
2027-03-13,wk inc flu hosp,1,40,quantile,0.8,143,2027-03-20
2027-03-13,wk inc flu hosp,1,40,quantile,0.85,147,2027-03-20
2027-03-13,wk inc flu hosp,1,40,quantile,0.9,154,2027-03-20
2027-03-13,wk inc flu hosp,1,40,quantile,0.95,167,2027-03-20
2027-03-13,wk inc flu hosp,1,40,quantile,0.975,178,2027-03-20
2027-03-13,wk inc flu hosp,1,40,quantile,0.99,197,2027-03-20
2027-03-13,wk inc flu hosp,1,41,quantile,0.01,71,2027-03-20
2027-03-13,wk inc flu hosp,1,41,quantile,0.025,77,2027-03-20
2027-03-13,wk inc flu hosp,1,41,quantile,0.05,81,2027-03-20
2027-03-13,wk inc flu hosp,1,41,quantile,0.1,91,2027-03-20
2027-03-13,wk inc flu hosp,1,41,quantile,0.15,93,2027-03-20
2027-03-13,wk inc flu hosp,1,41,quantile,0.2,99,2027-03-20
2027-03-13,wk inc flu hosp,1,41,quantile,0.25,104,2027-03-20
2027-03-13,wk inc flu hosp,1,41,quantile,0.3,107,2027-03-20
2027-03-13,wk inc flu hosp,1,41,quantile,0.35,109,2027-03-20
2027-03-13,wk inc flu hosp,1,41,quantile,0.4,112,2027-03-20
2027-03-13,wk inc flu hosp,1,41,quantile,0.45,114,2027-03-20
2027-03-13,wk inc flu hosp,1,41,quantile,0.5,117,2027-03-20
2027-03-13,wk inc flu hosp,1,41,quantile,0.55,120,2027-03-20
2027-03-13,wk inc flu hosp,1,41,quantile,0.6,122,2027-03-20
2027-03-13,wk inc flu hosp,1,41,quantile,0.65,127,2027-03-20
2027-03-13,wk inc flu hosp,1,41,quantile,0.7,136,2027-03-20
2027-03-13,wk inc flu hosp,1,41,quantile,0.75,141,2027-03-20
2027-03-13,wk inc flu hosp,1,41,quantile,0.8,144,2027-03-20
2027-03-13,wk inc flu hosp,1,41,quantile,0.85,151,2027-03-20
2027-03-13,wk inc flu hosp,1,41,quantile,0.9,154,2027-03-20
2027-03-13,wk inc flu hosp,1,41,quantile,0.95,167,2027-03-20
2027-03-13,wk inc flu hosp,1,41,quantile,0.975,176,2027-03-20
2027-03-13,wk inc flu hosp,1,41,quantile,0.99,185,2027-03-20
2027-03-13,wk inc flu hosp,1,42,quantile,0.01,691,2027-03-20
2027-03-13,wk inc flu hosp,1,42,quantile,0.025,708,2027-03-20
2027-03-13,wk inc flu hosp,1,42,quantile,0.05,717,2027-03-20
2027-03-13,wk inc flu hosp,1,42,quantile,0.1,751,2027-03-20
2027-03-13,wk inc flu hosp,1,42,quantile,0.15,780,2027-03-20
2027-03-13,wk inc flu hosp,1,42,quantile,0.2,820,2027-03-20
2027-03-13,wk inc flu hosp,1,42,quantile,0.25,858,2027-03-20
2027-03-13,wk inc flu hosp,1,42,quantile,0.3,888,2027-03-20
2027-03-13,wk inc flu hosp,1,42,quantile,0.35,916,2027-03-20
2027-03-13,wk inc flu hosp,1,42,quantile,0.4,939,2027-03-20
2027-03-13,wk inc flu hosp,1,42,quantile,0.45,966,2027-03-20
2027-03-13,wk inc flu hosp,1,42,quantile,0.5,992,2027-03-20
2027-03-13,wk inc flu hosp,1,42,quantile,0.55,1010,2027-03-20
2027-03-13,wk inc flu hosp,1,42,quantile,0.6,1027,2027-03-20
2027-03-13,wk inc flu hosp,1,42,quantile,0.65,1054,2027-03-20
2027-03-13,wk inc flu hosp,1,42,quantile,0.7,1079,2027-03-20
2027-03-13,wk inc flu hosp,1,42,quantile,0.75,1101,2027-03-20
2027-03-13,wk inc flu hosp,1,42,quantile,0.8,1166,2027-03-20
2027-03-13,wk inc flu hosp,1,42,quantile,0.85,1190,2027-03-20
2027-03-13,wk inc flu hosp,1,42,quantile,0.9,1233,2027-03-20
2027-03-13,wk inc flu hosp,1,42,quantile,0.95,1326,2027-03-20
2027-03-13,wk inc flu hosp,1,42,quantile,0.975,1378,2027-03-20
2027-03-13,wk inc flu hosp,1,42,quantile,0.99,1493,2027-03-20
2027-03-13,wk inc flu hosp,1,44,quantile,0.01,17,2027-03-20
2027-03-13,wk inc flu hosp,1,44,quantile,0.025,19,2027-03-20
2027-03-13,wk inc flu hosp,1,44,quantile,0.05,20,2027-03-20
2027-03-13,wk inc flu hosp,1,44,quantile,0.1,21,2027-03-20
2027-03-13,wk inc flu hosp,1,44,quantile,0.15,23,2027-03-20
2027-03-13,wk inc flu hosp,1,44,quantile,0.2,24,2027-03-20
2027-03-13,wk inc flu hosp,1,44,quantile,0.25,26,2027-03-20
2027-03-13,wk inc flu hosp,1,44,quantile,0.3,27,2027-03-20
2027-03-13,wk inc flu hosp,1,44,quantile,0.35,29,2027-03-20
2027-03-13,wk inc flu hosp,1,44,quantile,0.4,31,2027-03-20
2027-03-13,wk inc flu hosp,1,44,quantile,0.45,31,2027-03-20
2027-03-13,wk inc flu hosp,1,44,quantile,0.5,33,2027-03-20
2027-03-13,wk inc flu hosp,1,44,quantile,0.55,34,2027-03-20
2027-03-13,wk inc flu hosp,1,44,quantile,0.6,35,2027-03-20
2027-03-13,wk inc flu hosp,1,44,quantile,0.65,36,2027-03-20
2027-03-13,wk inc flu hosp,1,44,quantile,0.7,39,2027-03-20
2027-03-13,wk inc flu hosp,1,44,quantile,0.75,40,2027-03-20
2027-03-13,wk inc flu hosp,1,44,quantile,0.8,41,2027-03-20
2027-03-13,wk inc flu hosp,1,44,quantile,0.85,45,2027-03-20
2027-03-13,wk inc flu hosp,1,44,quantile,0.9,46,2027-03-20
2027-03-13,wk inc flu hosp,1,44,quantile,0.95,51,2027-03-20
2027-03-13,wk inc flu hosp,1,44,quantile,0.975,59,2027-03-20
2027-03-13,wk inc flu hosp,1,44,quantile,0.99,61,2027-03-20
2027-03-13,wk inc flu hosp,1,45,quantile,0.01,79,2027-03-20
2027-03-13,wk inc flu hosp,1,45,quantile,0.025,86,2027-03-20
2027-03-13,wk inc flu hosp,1,45,quantile,0.05,92,2027-03-20
2027-03-13,wk inc flu hosp,1,45,quantile,0.1,98,2027-03-20
2027-03-13,wk inc flu hosp,1,45,quantile,0.15,106,2027-03-20
2027-03-13,wk inc flu hosp,1,45,quantile,0.2,111,2027-03-20
2027-03-13,wk inc flu hosp,1,45,quantile,0.25,115,2027-03-20
2027-03-13,wk inc flu hosp,1,45,quantile,0.3,119,2027-03-20
2027-03-13,wk inc flu hosp,1,45,quantile,0.35,124,2027-03-20
2027-03-13,wk inc flu hosp,1,45,quantile,0.4,129,2027-03-20
2027-03-13,wk inc flu hosp,1,45,quantile,0.45,132,2027-03-20
2027-03-13,wk inc flu hosp,1,45,quantile,0.5,136,2027-03-20
2027-03-13,wk inc flu hosp,1,45,quantile,0.55,139,2027-03-20
2027-03-13,wk inc flu hosp,1,45,quantile,0.6,146,2027-03-20
2027-03-13,wk inc flu hosp,1,45,quantile,0.65,151,2027-03-20
2027-03-13,wk inc flu hosp,1,45,quantile,0.7,153,2027-03-20
2027-03-13,wk inc flu hosp,1,45,quantile,0.75,157,2027-03-20
2027-03-13,wk inc flu hosp,1,45,quantile,0.8,166,2027-03-20
2027-03-13,wk inc flu hosp,1,45,quantile,0.85,172,2027-03-20
2027-03-13,wk inc flu hosp,1,45,quantile,0.9,181,2027-03-20
2027-03-13,wk inc flu hosp,1,45,quantile,0.95,188,2027-03-20
2027-03-13,wk inc flu hosp,1,45,quantile,0.975,197,2027-03-20
2027-03-13,wk inc flu hosp,1,45,quantile,0.99,222,2027-03-20
2027-03-13,wk inc flu hosp,1,46,quantile,0.01,17,2027-03-20
2027-03-13,wk inc flu hosp,1,46,quantile,0.025,17,2027-03-20
2027-03-13,wk inc flu hosp,1,46,quantile,0.05,18,2027-03-20
2027-03-13,wk inc flu hosp,1,46,quantile,0.1,21,2027-03-20
2027-03-13,wk inc flu hosp,1,46,quantile,0.15,22,2027-03-20
2027-03-13,wk inc flu hosp,1,46,quantile,0.2,23,2027-03-20
2027-03-13,wk inc flu hosp,1,46,quantile,0.25,24,2027-03-20
2027-03-13,wk inc flu hosp,1,46,quantile,0.3,26,2027-03-20
2027-03-13,wk inc flu hosp,1,46,quantile,0.35,27,2027-03-20
2027-03-13,wk inc flu hosp,1,46,quantile,0.4,29,2027-03-20
2027-03-13,wk inc flu hosp,1,46,quantile,0.45,29,2027-03-20
2027-03-13,wk inc flu hosp,1,46,quantile,0.5,30,2027-03-20
2027-03-13,wk inc flu hosp,1,46,quantile,0.55,31,2027-03-20
2027-03-13,wk inc flu hosp,1,46,quantile,0.6,33,2027-03-20
2027-03-13,wk inc flu hosp,1,46,quantile,0.65,35,2027-03-20
2027-03-13,wk inc flu hosp,1,46,quantile,0.7,36,2027-03-20
2027-03-13,wk inc flu hosp,1,46,quantile,0.75,37,2027-03-20
2027-03-13,wk inc flu hosp,1,46,quantile,0.8,38,2027-03-20
2027-03-13,wk inc flu hosp,1,46,quantile,0.85,40,2027-03-20
2027-03-13,wk inc flu hosp,1,46,quantile,0.9,42,2027-03-20
2027-03-13,wk inc flu hosp,1,46,quantile,0.95,47,2027-03-20
2027-03-13,wk inc flu hosp,1,46,quantile,0.975,50,2027-03-20
2027-03-13,wk inc flu hosp,1,46,quantile,0.99,50,2027-03-20
2027-03-13,wk inc flu hosp,1,47,quantile,0.01,200,2027-03-20
2027-03-13,wk inc flu hosp,1,47,quantile,0.025,205,2027-03-20
2027-03-13,wk inc flu hosp,1,47,quantile,0.05,215,2027-03-20
2027-03-13,wk inc flu hosp,1,47,quantile,0.1,234,2027-03-20
2027-03-13,wk inc flu hosp,1,47,quantile,0.15,242,2027-03-20
2027-03-13,wk inc flu hosp,1,47,quantile,0.2,250,2027-03-20
2027-03-13,wk inc flu hosp,1,47,quantile,0.25,259,2027-03-20
2027-03-13,wk inc flu hosp,1,47,quantile,0.3,264,2027-03-20
2027-03-13,wk inc flu hosp,1,47,quantile,0.35,270,2027-03-20
2027-03-13,wk inc flu hosp,1,47,quantile,0.4,277,2027-03-20
2027-03-13,wk inc flu hosp,1,47,quantile,0.45,284,2027-03-20
2027-03-13,wk inc flu hosp,1,47,quantile,0.5,293,2027-03-20
2027-03-13,wk inc flu hosp,1,47,quantile,0.55,299,2027-03-20
2027-03-13,wk inc flu hosp,1,47,quantile,0.6,303,2027-03-20
2027-03-13,wk inc flu hosp,1,47,quantile,0.65,313,2027-03-20
2027-03-13,wk inc flu hosp,1,47,quantile,0.7,320,2027-03-20
2027-03-13,wk inc flu hosp,1,47,quantile,0.75,327,2027-03-20
2027-03-13,wk inc flu hosp,1,47,quantile,0.8,334,2027-03-20
2027-03-13,wk inc flu hosp,1,47,quantile,0.85,347,2027-03-20
2027-03-13,wk inc flu hosp,1,47,quantile,0.9,368,2027-03-20
2027-03-13,wk inc flu hosp,1,47,quantile,0.95,381,2027-03-20
2027-03-13,wk inc flu hosp,1,47,quantile,0.975,389,2027-03-20
2027-03-13,wk inc flu hosp,1,47,quantile,0.99,397,2027-03-20
2027-03-13,wk inc flu hosp,1,48,quantile,0.01,397,2027-03-20
2027-03-13,wk inc flu hosp,1,48,quantile,0.025,431,2027-03-20
2027-03-13,wk inc flu hosp,1,48,quantile,0.05,456,2027-03-20
2027-03-13,wk inc flu hosp,1,48,quantile,0.1,488,2027-03-20
2027-03-13,wk inc flu hosp,1,48,quantile,0.15,517,2027-03-20
2027-03-13,wk inc flu hosp,1,48,quantile,0.2,531,2027-03-20
2027-03-13,wk inc flu hosp,1,48,quantile,0.25,547,2027-03-20
2027-03-13,wk inc flu hosp,1,48,quantile,0.3,583,2027-03-20
2027-03-13,wk inc flu hosp,1,48,quantile,0.35,599,2027-03-20
2027-03-13,wk inc flu hosp,1,48,quantile,0.4,612,2027-03-20
2027-03-13,wk inc flu hosp,1,48,quantile,0.45,639,2027-03-20
2027-03-13,wk inc flu hosp,1,48,quantile,0.5,670,2027-03-20
2027-03-13,wk inc flu hosp,1,48,quantile,0.55,694,2027-03-20
2027-03-13,wk inc flu hosp,1,48,quantile,0.6,713,2027-03-20
2027-03-13,wk inc flu hosp,1,48,quantile,0.65,731,2027-03-20
2027-03-13,wk inc flu hosp,1,48,quantile,0.7,772,2027-03-20
2027-03-13,wk inc flu hosp,1,48,quantile,0.75,785,2027-03-20
2027-03-13,wk inc flu hosp,1,48,quantile,0.8,818,2027-03-20
2027-03-13,wk inc flu hosp,1,48,quantile,0.85,845,2027-03-20
2027-03-13,wk inc flu hosp,1,48,quantile,0.9,890,2027-03-20
2027-03-13,wk inc flu hosp,1,48,quantile,0.95,989,2027-03-20
2027-03-13,wk inc flu hosp,1,48,quantile,0.975,1154,2027-03-20
2027-03-13,wk inc flu hosp,1,48,quantile,0.99,1192,2027-03-20
2027-03-13,wk inc flu hosp,1,49,quantile,0.01,32,2027-03-20
2027-03-13,wk inc flu hosp,1,49,quantile,0.025,37,2027-03-20
2027-03-13,wk inc flu hosp,1,49,quantile,0.05,40,2027-03-20
2027-03-13,wk inc flu hosp,1,49,quantile,0.1,42,2027-03-20
2027-03-13,wk inc flu hosp,1,49,quantile,0.15,44,2027-03-20
2027-03-13,wk inc flu hosp,1,49,quantile,0.2,45,2027-03-20
2027-03-13,wk inc flu hosp,1,49,quantile,0.25,47,2027-03-20
2027-03-13,wk inc flu hosp,1,49,quantile,0.3,49,2027-03-20
2027-03-13,wk inc flu hosp,1,49,quantile,0.35,51,2027-03-20
2027-03-13,wk inc flu hosp,1,49,quantile,0.4,52,2027-03-20
2027-03-13,wk inc flu hosp,1,49,quantile,0.45,54,2027-03-20
2027-03-13,wk inc flu hosp,1,49,quantile,0.5,56,2027-03-20
2027-03-13,wk inc flu hosp,1,49,quantile,0.55,56,2027-03-20
2027-03-13,wk inc flu hosp,1,49,quantile,0.6,58,2027-03-20
2027-03-13,wk inc flu hosp,1,49,quantile,0.65,59,2027-03-20
2027-03-13,wk inc flu hosp,1,49,quantile,0.7,61,2027-03-20
2027-03-13,wk inc flu hosp,1,49,quantile,0.75,63,2027-03-20
2027-03-13,wk inc flu hosp,1,49,quantile,0.8,66,2027-03-20
2027-03-13,wk inc flu hosp,1,49,quantile,0.85,68,2027-03-20
2027-03-13,wk inc flu hosp,1,49,quantile,0.9,72,2027-03-20
2027-03-13,wk inc flu hosp,1,49,quantile,0.95,75,2027-03-20
2027-03-13,wk inc flu hosp,1,49,quantile,0.975,76,2027-03-20
2027-03-13,wk inc flu hosp,1,49,quantile,0.99,85,2027-03-20
2027-03-13,wk inc flu hosp,1,50,quantile,0.01,9,2027-03-20
2027-03-13,wk inc flu hosp,1,50,quantile,0.025,11,2027-03-20
2027-03-13,wk inc flu hosp,1,50,quantile,0.05,12,2027-03-20
2027-03-13,wk inc flu hosp,1,50,quantile,0.1,15,2027-03-20
2027-03-13,wk inc flu hosp,1,50,quantile,0.15,15,2027-03-20
2027-03-13,wk inc flu hosp,1,50,quantile,0.2,16,2027-03-20
2027-03-13,wk inc flu hosp,1,50,quantile,0.25,17,2027-03-20
2027-03-13,wk inc flu hosp,1,50,quantile,0.3,18,2027-03-20
2027-03-13,wk inc flu hosp,1,50,quantile,0.35,19,2027-03-20
2027-03-13,wk inc flu hosp,1,50,quantile,0.4,20,2027-03-20
2027-03-13,wk inc flu hosp,1,50,quantile,0.45,21,2027-03-20
2027-03-13,wk inc flu hosp,1,50,quantile,0.5,22,2027-03-20
2027-03-13,wk inc flu hosp,1,50,quantile,0.55,22,2027-03-20
2027-03-13,wk inc flu hosp,1,50,quantile,0.6,23,2027-03-20
2027-03-13,wk inc flu hosp,1,50,quantile,0.65,24,2027-03-20
2027-03-13,wk inc flu hosp,1,50,quantile,0.7,25,2027-03-20
2027-03-13,wk inc flu hosp,1,50,quantile,0.75,27,2027-03-20
2027-03-13,wk inc flu hosp,1,50,quantile,0.8,29,2027-03-20
2027-03-13,wk inc flu hosp,1,50,quantile,0.85,31,2027-03-20
2027-03-13,wk inc flu hosp,1,50,quantile,0.9,33,2027-03-20
2027-03-13,wk inc flu hosp,1,50,quantile,0.95,36,2027-03-20
2027-03-13,wk inc flu hosp,1,50,quantile,0.975,41,2027-03-20
2027-03-13,wk inc flu hosp,1,50,quantile,0.99,43,2027-03-20
2027-03-13,wk inc flu hosp,1,51,quantile,0.01,158,2027-03-20
2027-03-13,wk inc flu hosp,1,51,quantile,0.025,169,2027-03-20
2027-03-13,wk inc flu hosp,1,51,quantile,0.05,178,2027-03-20
2027-03-13,wk inc flu hosp,1,51,quantile,0.1,191,2027-03-20
2027-03-13,wk inc flu hosp,1,51,quantile,0.15,199,2027-03-20
2027-03-13,wk inc flu hosp,1,51,quantile,0.2,207,2027-03-20
2027-03-13,wk inc flu hosp,1,51,quantile,0.25,218,2027-03-20
2027-03-13,wk inc flu hosp,1,51,quantile,0.3,222,2027-03-20
2027-03-13,wk inc flu hosp,1,51,quantile,0.35,230,2027-03-20
2027-03-13,wk inc flu hosp,1,51,quantile,0.4,236,2027-03-20
2027-03-13,wk inc flu hosp,1,51,quantile,0.45,242,2027-03-20
2027-03-13,wk inc flu hosp,1,51,quantile,0.5,245,2027-03-20
2027-03-13,wk inc flu hosp,1,51,quantile,0.55,256,2027-03-20
2027-03-13,wk inc flu hosp,1,51,quantile,0.6,260,2027-03-20
2027-03-13,wk inc flu hosp,1,51,quantile,0.65,266,2027-03-20
2027-03-13,wk inc flu hosp,1,51,quantile,0.7,270,2027-03-20
2027-03-13,wk inc flu hosp,1,51,quantile,0.75,277,2027-03-20
2027-03-13,wk inc flu hosp,1,51,quantile,0.8,285,2027-03-20
2027-03-13,wk inc flu hosp,1,51,quantile,0.85,295,2027-03-20
2027-03-13,wk inc flu hosp,1,51,quantile,0.9,309,2027-03-20
2027-03-13,wk inc flu hosp,1,51,quantile,0.95,320,2027-03-20
2027-03-13,wk inc flu hosp,1,51,quantile,0.975,328,2027-03-20
2027-03-13,wk inc flu hosp,1,51,quantile,0.99,345,2027-03-20
2027-03-13,wk inc flu hosp,1,53,quantile,0.01,73,2027-03-20
2027-03-13,wk inc flu hosp,1,53,quantile,0.025,76,2027-03-20
2027-03-13,wk inc flu hosp,1,53,quantile,0.05,81,2027-03-20
2027-03-13,wk inc flu hosp,1,53,quantile,0.1,86,2027-03-20
2027-03-13,wk inc flu hosp,1,53,quantile,0.15,90,2027-03-20
2027-03-13,wk inc flu hosp,1,53,quantile,0.2,95,2027-03-20
2027-03-13,wk inc flu hosp,1,53,quantile,0.25,98,2027-03-20
2027-03-13,wk inc flu hosp,1,53,quantile,0.3,104,2027-03-20
2027-03-13,wk inc flu hosp,1,53,quantile,0.35,106,2027-03-20
2027-03-13,wk inc flu hosp,1,53,quantile,0.4,108,2027-03-20
2027-03-13,wk inc flu hosp,1,53,quantile,0.45,112,2027-03-20
2027-03-13,wk inc flu hosp,1,53,quantile,0.5,118,2027-03-20
2027-03-13,wk inc flu hosp,1,53,quantile,0.55,123,2027-03-20
2027-03-13,wk inc flu hosp,1,53,quantile,0.6,127,2027-03-20
2027-03-13,wk inc flu hosp,1,53,quantile,0.65,130,2027-03-20
2027-03-13,wk inc flu hosp,1,53,quantile,0.7,133,2027-03-20
2027-03-13,wk inc flu hosp,1,53,quantile,0.75,137,2027-03-20
2027-03-13,wk inc flu hosp,1,53,quantile,0.8,144,2027-03-20
2027-03-13,wk inc flu hosp,1,53,quantile,0.85,149,2027-03-20
2027-03-13,wk inc flu hosp,1,53,quantile,0.9,167,2027-03-20
2027-03-13,wk inc flu hosp,1,53,quantile,0.95,179,2027-03-20
2027-03-13,wk inc flu hosp,1,53,quantile,0.975,191,2027-03-20
2027-03-13,wk inc flu hosp,1,53,quantile,0.99,204,2027-03-20
2027-03-13,wk inc flu hosp,1,54,quantile,0.01,115,2027-03-20
2027-03-13,wk inc flu hosp,1,54,quantile,0.025,121,2027-03-20
2027-03-13,wk inc flu hosp,1,54,quantile,0.05,127,2027-03-20
2027-03-13,wk inc flu hosp,1,54,quantile,0.1,134,2027-03-20
2027-03-13,wk inc flu hosp,1,54,quantile,0.15,140,2027-03-20
2027-03-13,wk inc flu hosp,1,54,quantile,0.2,144,2027-03-20
2027-03-13,wk inc flu hosp,1,54,quantile,0.25,148,2027-03-20
2027-03-13,wk inc flu hosp,1,54,quantile,0.3,153,2027-03-20
2027-03-13,wk inc flu hosp,1,54,quantile,0.35,155,2027-03-20
2027-03-13,wk inc flu hosp,1,54,quantile,0.4,158,2027-03-20
2027-03-13,wk inc flu hosp,1,54,quantile,0.45,162,2027-03-20
2027-03-13,wk inc flu hosp,1,54,quantile,0.5,166,2027-03-20
2027-03-13,wk inc flu hosp,1,54,quantile,0.55,168,2027-03-20
2027-03-13,wk inc flu hosp,1,54,quantile,0.6,171,2027-03-20
2027-03-13,wk inc flu hosp,1,54,quantile,0.65,175,2027-03-20
2027-03-13,wk inc flu hosp,1,54,quantile,0.7,180,2027-03-20
2027-03-13,wk inc flu hosp,1,54,quantile,0.75,186,2027-03-20
2027-03-13,wk inc flu hosp,1,54,quantile,0.8,193,2027-03-20
2027-03-13,wk inc flu hosp,1,54,quantile,0.85,200,2027-03-20
2027-03-13,wk inc flu hosp,1,54,quantile,0.9,205,2027-03-20
2027-03-13,wk inc flu hosp,1,54,quantile,0.95,217,2027-03-20
2027-03-13,wk inc flu hosp,1,54,quantile,0.975,223,2027-03-20
2027-03-13,wk inc flu hosp,1,54,quantile,0.99,244,2027-03-20
2027-03-13,wk inc flu hosp,1,55,quantile,0.01,133,2027-03-20
2027-03-13,wk inc flu hosp,1,55,quantile,0.025,136,2027-03-20
2027-03-13,wk inc flu hosp,1,55,quantile,0.05,147,2027-03-20
2027-03-13,wk inc flu hosp,1,55,quantile,0.1,162,2027-03-20
2027-03-13,wk inc flu hosp,1,55,quantile,0.15,168,2027-03-20
2027-03-13,wk inc flu hosp,1,55,quantile,0.2,175,2027-03-20
2027-03-13,wk inc flu hosp,1,55,quantile,0.25,180,2027-03-20
2027-03-13,wk inc flu hosp,1,55,quantile,0.3,183,2027-03-20
2027-03-13,wk inc flu hosp,1,55,quantile,0.35,190,2027-03-20
2027-03-13,wk inc flu hosp,1,55,quantile,0.4,191,2027-03-20
2027-03-13,wk inc flu hosp,1,55,quantile,0.45,196,2027-03-20
2027-03-13,wk inc flu hosp,1,55,quantile,0.5,204,2027-03-20
2027-03-13,wk inc flu hosp,1,55,quantile,0.55,207,2027-03-20
2027-03-13,wk inc flu hosp,1,55,quantile,0.6,213,2027-03-20
2027-03-13,wk inc flu hosp,1,55,quantile,0.65,220,2027-03-20
2027-03-13,wk inc flu hosp,1,55,quantile,0.7,224,2027-03-20
2027-03-13,wk inc flu hosp,1,55,quantile,0.75,228,2027-03-20
2027-03-13,wk inc flu hosp,1,55,quantile,0.8,234,2027-03-20
2027-03-13,wk inc flu hosp,1,55,quantile,0.85,242,2027-03-20
2027-03-13,wk inc flu hosp,1,55,quantile,0.9,249,2027-03-20
2027-03-13,wk inc flu hosp,1,55,quantile,0.95,279,2027-03-20
2027-03-13,wk inc flu hosp,1,55,quantile,0.975,290,2027-03-20
2027-03-13,wk inc flu hosp,1,55,quantile,0.99,304,2027-03-20
2027-03-13,wk inc flu hosp,1,56,quantile,0.01,12,2027-03-20
2027-03-13,wk inc flu hosp,1,56,quantile,0.025,14,2027-03-20
2027-03-13,wk inc flu hosp,1,56,quantile,0.05,14,2027-03-20
2027-03-13,wk inc flu hosp,1,56,quantile,0.1,16,2027-03-20
2027-03-13,wk inc flu hosp,1,56,quantile,0.15,18,2027-03-20
2027-03-13,wk inc flu hosp,1,56,quantile,0.2,19,2027-03-20
2027-03-13,wk inc flu hosp,1,56,quantile,0.25,22,2027-03-20
2027-03-13,wk inc flu hosp,1,56,quantile,0.3,23,2027-03-20
2027-03-13,wk inc flu hosp,1,56,quantile,0.35,24,2027-03-20
2027-03-13,wk inc flu hosp,1,56,quantile,0.4,25,2027-03-20
2027-03-13,wk inc flu hosp,1,56,quantile,0.45,26,2027-03-20
2027-03-13,wk inc flu hosp,1,56,quantile,0.5,28,2027-03-20
2027-03-13,wk inc flu hosp,1,56,quantile,0.55,29,2027-03-20
2027-03-13,wk inc flu hosp,1,56,quantile,0.6,29,2027-03-20
2027-03-13,wk inc flu hosp,1,56,quantile,0.65,30,2027-03-20
2027-03-13,wk inc flu hosp,1,56,quantile,0.7,31,2027-03-20
2027-03-13,wk inc flu hosp,1,56,quantile,0.75,33,2027-03-20
2027-03-13,wk inc flu hosp,1,56,quantile,0.8,36,2027-03-20
2027-03-13,wk inc flu hosp,1,56,quantile,0.85,38,2027-03-20
2027-03-13,wk inc flu hosp,1,56,quantile,0.9,40,2027-03-20
2027-03-13,wk inc flu hosp,1,56,quantile,0.95,46,2027-03-20
2027-03-13,wk inc flu hosp,1,56,quantile,0.975,53,2027-03-20
2027-03-13,wk inc flu hosp,1,56,quantile,0.99,55,2027-03-20
2027-03-13,wk inc flu hosp,1,72,quantile,0.01,165,2027-03-20
2027-03-13,wk inc flu hosp,1,72,quantile,0.025,170,2027-03-20
2027-03-13,wk inc flu hosp,1,72,quantile,0.05,191,2027-03-20
2027-03-13,wk inc flu hosp,1,72,quantile,0.1,239,2027-03-20
2027-03-13,wk inc flu hosp,1,72,quantile,0.15,251,2027-03-20
2027-03-13,wk inc flu hosp,1,72,quantile,0.2,266,2027-03-20
2027-03-13,wk inc flu hosp,1,72,quantile,0.25,281,2027-03-20
2027-03-13,wk inc flu hosp,1,72,quantile,0.3,297,2027-03-20
2027-03-13,wk inc flu hosp,1,72,quantile,0.35,313,2027-03-20
2027-03-13,wk inc flu hosp,1,72,quantile,0.4,331,2027-03-20
2027-03-13,wk inc flu hosp,1,72,quantile,0.45,350,2027-03-20
2027-03-13,wk inc flu hosp,1,72,quantile,0.5,360,2027-03-20
2027-03-13,wk inc flu hosp,1,72,quantile,0.55,384,2027-03-20
2027-03-13,wk inc flu hosp,1,72,quantile,0.6,398,2027-03-20
2027-03-13,wk inc flu hosp,1,72,quantile,0.65,412,2027-03-20
2027-03-13,wk inc flu hosp,1,72,quantile,0.7,422,2027-03-20
2027-03-13,wk inc flu hosp,1,72,quantile,0.75,448,2027-03-20
2027-03-13,wk inc flu hosp,1,72,quantile,0.8,472,2027-03-20
2027-03-13,wk inc flu hosp,1,72,quantile,0.85,491,2027-03-20
2027-03-13,wk inc flu hosp,1,72,quantile,0.9,536,2027-03-20
2027-03-13,wk inc flu hosp,1,72,quantile,0.95,587,2027-03-20
2027-03-13,wk inc flu hosp,1,72,quantile,0.975,625,2027-03-20
2027-03-13,wk inc flu hosp,1,72,quantile,0.99,821,2027-03-20
2027-03-13,wk inc flu hosp,1,USA,quantile,0.01,10704,2027-03-20
2027-03-13,wk inc flu hosp,1,USA,quantile,0.025,11000,2027-03-20
2027-03-13,wk inc flu hosp,1,USA,quantile,0.05,11076,2027-03-20
2027-03-13,wk inc flu hosp,1,USA,quantile,0.1,11301,2027-03-20
2027-03-13,wk inc flu hosp,1,USA,quantile,0.15,11435,2027-03-20
2027-03-13,wk inc flu hosp,1,USA,quantile,0.2,11611,2027-03-20
2027-03-13,wk inc flu hosp,1,USA,quantile,0.25,11753,2027-03-20
2027-03-13,wk inc flu hosp,1,USA,quantile,0.3,11877,2027-03-20
2027-03-13,wk inc flu hosp,1,USA,quantile,0.35,11965,2027-03-20
2027-03-13,wk inc flu hosp,1,USA,quantile,0.4,12103,2027-03-20
2027-03-13,wk inc flu hosp,1,USA,quantile,0.45,12171,2027-03-20
2027-03-13,wk inc flu hosp,1,USA,quantile,0.5,12256,2027-03-20
2027-03-13,wk inc flu hosp,1,USA,quantile,0.55,12352,2027-03-20
2027-03-13,wk inc flu hosp,1,USA,quantile,0.6,12403,2027-03-20
2027-03-13,wk inc flu hosp,1,USA,quantile,0.65,12526,2027-03-20
2027-03-13,wk inc flu hosp,1,USA,quantile,0.7,12652,2027-03-20
2027-03-13,wk inc flu hosp,1,USA,quantile,0.75,12751,2027-03-20
2027-03-13,wk inc flu hosp,1,USA,quantile,0.8,12827,2027-03-20
2027-03-13,wk inc flu hosp,1,USA,quantile,0.85,12929,2027-03-20
2027-03-13,wk inc flu hosp,1,USA,quantile,0.9,13107,2027-03-20
2027-03-13,wk inc flu hosp,1,USA,quantile,0.95,13312,2027-03-20
2027-03-13,wk inc flu hosp,1,USA,quantile,0.975,13569,2027-03-20
2027-03-13,wk inc flu hosp,1,USA,quantile,0.99,13808,2027-03-20
2027-03-13,wk inc flu hosp,2,01,quantile,0.01,77,2027-03-27
2027-03-13,wk inc flu hosp,2,01,quantile,0.025,86,2027-03-27
2027-03-13,wk inc flu hosp,2,01,quantile,0.05,90,2027-03-27
2027-03-13,wk inc flu hosp,2,01,quantile,0.1,97,2027-03-27
2027-03-13,wk inc flu hosp,2,01,quantile,0.15,103,2027-03-27
2027-03-13,wk inc flu hosp,2,01,quantile,0.2,111,2027-03-27
2027-03-13,wk inc flu hosp,2,01,quantile,0.25,114,2027-03-27
2027-03-13,wk inc flu hosp,2,01,quantile,0.3,120,2027-03-27
2027-03-13,wk inc flu hosp,2,01,quantile,0.35,127,2027-03-27
2027-03-13,wk inc flu hosp,2,01,quantile,0.4,128,2027-03-27
2027-03-13,wk inc flu hosp,2,01,quantile,0.45,131,2027-03-27
2027-03-13,wk inc flu hosp,2,01,quantile,0.5,134,2027-03-27
2027-03-13,wk inc flu hosp,2,01,quantile,0.55,138,2027-03-27
2027-03-13,wk inc flu hosp,2,01,quantile,0.6,143,2027-03-27
2027-03-13,wk inc flu hosp,2,01,quantile,0.65,146,2027-03-27
2027-03-13,wk inc flu hosp,2,01,quantile,0.7,149,2027-03-27
2027-03-13,wk inc flu hosp,2,01,quantile,0.75,153,2027-03-27
2027-03-13,wk inc flu hosp,2,01,quantile,0.8,162,2027-03-27
2027-03-13,wk inc flu hosp,2,01,quantile,0.85,169,2027-03-27
2027-03-13,wk inc flu hosp,2,01,quantile,0.9,178,2027-03-27
2027-03-13,wk inc flu hosp,2,01,quantile,0.95,197,2027-03-27
2027-03-13,wk inc flu hosp,2,01,quantile,0.975,205,2027-03-27
2027-03-13,wk inc flu hosp,2,01,quantile,0.99,217,2027-03-27
2027-03-13,wk inc flu hosp,2,02,quantile,0.01,0,2027-03-27
2027-03-13,wk inc flu hosp,2,02,quantile,0.025,2,2027-03-27
2027-03-13,wk inc flu hosp,2,02,quantile,0.05,3,2027-03-27
2027-03-13,wk inc flu hosp,2,02,quantile,0.1,5,2027-03-27
2027-03-13,wk inc flu hosp,2,02,quantile,0.15,8,2027-03-27
2027-03-13,wk inc flu hosp,2,02,quantile,0.2,9,2027-03-27
2027-03-13,wk inc flu hosp,2,02,quantile,0.25,11,2027-03-27
2027-03-13,wk inc flu hosp,2,02,quantile,0.3,12,2027-03-27
2027-03-13,wk inc flu hosp,2,02,quantile,0.35,13,2027-03-27
2027-03-13,wk inc flu hosp,2,02,quantile,0.4,14,2027-03-27
2027-03-13,wk inc flu hosp,2,02,quantile,0.45,16,2027-03-27
2027-03-13,wk inc flu hosp,2,02,quantile,0.5,17,2027-03-27
2027-03-13,wk inc flu hosp,2,02,quantile,0.55,18,2027-03-27
2027-03-13,wk inc flu hosp,2,02,quantile,0.6,19,2027-03-27
2027-03-13,wk inc flu hosp,2,02,quantile,0.65,20,2027-03-27
2027-03-13,wk inc flu hosp,2,02,quantile,0.7,21,2027-03-27
2027-03-13,wk inc flu hosp,2,02,quantile,0.75,23,2027-03-27
2027-03-13,wk inc flu hosp,2,02,quantile,0.8,25,2027-03-27
2027-03-13,wk inc flu hosp,2,02,quantile,0.85,26,2027-03-27
2027-03-13,wk inc flu hosp,2,02,quantile,0.9,31,2027-03-27
2027-03-13,wk inc flu hosp,2,02,quantile,0.95,34,2027-03-27
2027-03-13,wk inc flu hosp,2,02,quantile,0.975,39,2027-03-27
2027-03-13,wk inc flu hosp,2,02,quantile,0.99,43,2027-03-27
2027-03-13,wk inc flu hosp,2,04,quantile,0.01,139,2027-03-27
2027-03-13,wk inc flu hosp,2,04,quantile,0.025,150,2027-03-27
2027-03-13,wk inc flu hosp,2,04,quantile,0.05,164,2027-03-27
2027-03-13,wk inc flu hosp,2,04,quantile,0.1,174,2027-03-27
2027-03-13,wk inc flu hosp,2,04,quantile,0.15,196,2027-03-27
2027-03-13,wk inc flu hosp,2,04,quantile,0.2,210,2027-03-27
2027-03-13,wk inc flu hosp,2,04,quantile,0.25,216,2027-03-27
2027-03-13,wk inc flu hosp,2,04,quantile,0.3,226,2027-03-27
2027-03-13,wk inc flu hosp,2,04,quantile,0.35,233,2027-03-27
2027-03-13,wk inc flu hosp,2,04,quantile,0.4,237,2027-03-27
2027-03-13,wk inc flu hosp,2,04,quantile,0.45,246,2027-03-27
2027-03-13,wk inc flu hosp,2,04,quantile,0.5,252,2027-03-27
2027-03-13,wk inc flu hosp,2,04,quantile,0.55,258,2027-03-27
2027-03-13,wk inc flu hosp,2,04,quantile,0.6,268,2027-03-27
2027-03-13,wk inc flu hosp,2,04,quantile,0.65,276,2027-03-27
2027-03-13,wk inc flu hosp,2,04,quantile,0.7,286,2027-03-27
2027-03-13,wk inc flu hosp,2,04,quantile,0.75,302,2027-03-27
2027-03-13,wk inc flu hosp,2,04,quantile,0.8,311,2027-03-27
2027-03-13,wk inc flu hosp,2,04,quantile,0.85,335,2027-03-27
2027-03-13,wk inc flu hosp,2,04,quantile,0.9,361,2027-03-27
2027-03-13,wk inc flu hosp,2,04,quantile,0.95,389,2027-03-27
2027-03-13,wk inc flu hosp,2,04,quantile,0.975,422,2027-03-27
2027-03-13,wk inc flu hosp,2,04,quantile,0.99,450,2027-03-27
2027-03-13,wk inc flu hosp,2,05,quantile,0.01,59,2027-03-27
2027-03-13,wk inc flu hosp,2,05,quantile,0.025,65,2027-03-27
2027-03-13,wk inc flu hosp,2,05,quantile,0.05,75,2027-03-27
2027-03-13,wk inc flu hosp,2,05,quantile,0.1,78,2027-03-27
2027-03-13,wk inc flu hosp,2,05,quantile,0.15,83,2027-03-27
2027-03-13,wk inc flu hosp,2,05,quantile,0.2,89,2027-03-27
2027-03-13,wk inc flu hosp,2,05,quantile,0.25,93,2027-03-27
2027-03-13,wk inc flu hosp,2,05,quantile,0.3,97,2027-03-27
2027-03-13,wk inc flu hosp,2,05,quantile,0.35,100,2027-03-27
2027-03-13,wk inc flu hosp,2,05,quantile,0.4,105,2027-03-27
2027-03-13,wk inc flu hosp,2,05,quantile,0.45,107,2027-03-27
2027-03-13,wk inc flu hosp,2,05,quantile,0.5,109,2027-03-27
2027-03-13,wk inc flu hosp,2,05,quantile,0.55,112,2027-03-27
2027-03-13,wk inc flu hosp,2,05,quantile,0.6,116,2027-03-27
2027-03-13,wk inc flu hosp,2,05,quantile,0.65,119,2027-03-27
2027-03-13,wk inc flu hosp,2,05,quantile,0.7,121,2027-03-27
2027-03-13,wk inc flu hosp,2,05,quantile,0.75,126,2027-03-27
2027-03-13,wk inc flu hosp,2,05,quantile,0.8,130,2027-03-27
2027-03-13,wk inc flu hosp,2,05,quantile,0.85,139,2027-03-27
2027-03-13,wk inc flu hosp,2,05,quantile,0.9,144,2027-03-27
2027-03-13,wk inc flu hosp,2,05,quantile,0.95,154,2027-03-27
2027-03-13,wk inc flu hosp,2,05,quantile,0.975,156,2027-03-27
2027-03-13,wk inc flu hosp,2,05,quantile,0.99,165,2027-03-27
2027-03-13,wk inc flu hosp,2,06,quantile,0.01,372,2027-03-27
2027-03-13,wk inc flu hosp,2,06,quantile,0.025,393,2027-03-27
2027-03-13,wk inc flu hosp,2,06,quantile,0.05,423,2027-03-27
2027-03-13,wk inc flu hosp,2,06,quantile,0.1,449,2027-03-27
2027-03-13,wk inc flu hosp,2,06,quantile,0.15,482,2027-03-27
2027-03-13,wk inc flu hosp,2,06,quantile,0.2,513,2027-03-27
2027-03-13,wk inc flu hosp,2,06,quantile,0.25,531,2027-03-27
2027-03-13,wk inc flu hosp,2,06,quantile,0.3,547,2027-03-27
2027-03-13,wk inc flu hosp,2,06,quantile,0.35,560,2027-03-27
2027-03-13,wk inc flu hosp,2,06,quantile,0.4,572,2027-03-27
2027-03-13,wk inc flu hosp,2,06,quantile,0.45,588,2027-03-27
2027-03-13,wk inc flu hosp,2,06,quantile,0.5,606,2027-03-27
2027-03-13,wk inc flu hosp,2,06,quantile,0.55,616,2027-03-27
2027-03-13,wk inc flu hosp,2,06,quantile,0.6,627,2027-03-27
2027-03-13,wk inc flu hosp,2,06,quantile,0.65,647,2027-03-27
2027-03-13,wk inc flu hosp,2,06,quantile,0.7,666,2027-03-27
2027-03-13,wk inc flu hosp,2,06,quantile,0.75,685,2027-03-27
2027-03-13,wk inc flu hosp,2,06,quantile,0.8,704,2027-03-27
2027-03-13,wk inc flu hosp,2,06,quantile,0.85,738,2027-03-27
2027-03-13,wk inc flu hosp,2,06,quantile,0.9,777,2027-03-27
2027-03-13,wk inc flu hosp,2,06,quantile,0.95,866,2027-03-27
2027-03-13,wk inc flu hosp,2,06,quantile,0.975,927,2027-03-27
2027-03-13,wk inc flu hosp,2,06,quantile,0.99,1060,2027-03-27
2027-03-13,wk inc flu hosp,2,08,quantile,0.01,89,2027-03-27
2027-03-13,wk inc flu hosp,2,08,quantile,0.025,95,2027-03-27
2027-03-13,wk inc flu hosp,2,08,quantile,0.05,97,2027-03-27
2027-03-13,wk inc flu hosp,2,08,quantile,0.1,106,2027-03-27
2027-03-13,wk inc flu hosp,2,08,quantile,0.15,112,2027-03-27
2027-03-13,wk inc flu hosp,2,08,quantile,0.2,116,2027-03-27
2027-03-13,wk inc flu hosp,2,08,quantile,0.25,118,2027-03-27
2027-03-13,wk inc flu hosp,2,08,quantile,0.3,124,2027-03-27
2027-03-13,wk inc flu hosp,2,08,quantile,0.35,132,2027-03-27
2027-03-13,wk inc flu hosp,2,08,quantile,0.4,139,2027-03-27
2027-03-13,wk inc flu hosp,2,08,quantile,0.45,142,2027-03-27
2027-03-13,wk inc flu hosp,2,08,quantile,0.5,144,2027-03-27
2027-03-13,wk inc flu hosp,2,08,quantile,0.55,148,2027-03-27
2027-03-13,wk inc flu hosp,2,08,quantile,0.6,153,2027-03-27
2027-03-13,wk inc flu hosp,2,08,quantile,0.65,158,2027-03-27
2027-03-13,wk inc flu hosp,2,08,quantile,0.7,164,2027-03-27
2027-03-13,wk inc flu hosp,2,08,quantile,0.75,166,2027-03-27
2027-03-13,wk inc flu hosp,2,08,quantile,0.8,172,2027-03-27
2027-03-13,wk inc flu hosp,2,08,quantile,0.85,179,2027-03-27
2027-03-13,wk inc flu hosp,2,08,quantile,0.9,187,2027-03-27
2027-03-13,wk inc flu hosp,2,08,quantile,0.95,201,2027-03-27
2027-03-13,wk inc flu hosp,2,08,quantile,0.975,213,2027-03-27
2027-03-13,wk inc flu hosp,2,08,quantile,0.99,226,2027-03-27
2027-03-13,wk inc flu hosp,2,09,quantile,0.01,54,2027-03-27
2027-03-13,wk inc flu hosp,2,09,quantile,0.025,59,2027-03-27
2027-03-13,wk inc flu hosp,2,09,quantile,0.05,68,2027-03-27
2027-03-13,wk inc flu hosp,2,09,quantile,0.1,82,2027-03-27
2027-03-13,wk inc flu hosp,2,09,quantile,0.15,88,2027-03-27
2027-03-13,wk inc flu hosp,2,09,quantile,0.2,92,2027-03-27
2027-03-13,wk inc flu hosp,2,09,quantile,0.25,96,2027-03-27
2027-03-13,wk inc flu hosp,2,09,quantile,0.3,101,2027-03-27
2027-03-13,wk inc flu hosp,2,09,quantile,0.35,104,2027-03-27
2027-03-13,wk inc flu hosp,2,09,quantile,0.4,107,2027-03-27
2027-03-13,wk inc flu hosp,2,09,quantile,0.45,111,2027-03-27
2027-03-13,wk inc flu hosp,2,09,quantile,0.5,114,2027-03-27
2027-03-13,wk inc flu hosp,2,09,quantile,0.55,116,2027-03-27
2027-03-13,wk inc flu hosp,2,09,quantile,0.6,121,2027-03-27
2027-03-13,wk inc flu hosp,2,09,quantile,0.65,123,2027-03-27
2027-03-13,wk inc flu hosp,2,09,quantile,0.7,131,2027-03-27
2027-03-13,wk inc flu hosp,2,09,quantile,0.75,138,2027-03-27
2027-03-13,wk inc flu hosp,2,09,quantile,0.8,147,2027-03-27
2027-03-13,wk inc flu hosp,2,09,quantile,0.85,156,2027-03-27
2027-03-13,wk inc flu hosp,2,09,quantile,0.9,167,2027-03-27
2027-03-13,wk inc flu hosp,2,09,quantile,0.95,176,2027-03-27
2027-03-13,wk inc flu hosp,2,09,quantile,0.975,189,2027-03-27
2027-03-13,wk inc flu hosp,2,09,quantile,0.99,203,2027-03-27
2027-03-13,wk inc flu hosp,2,10,quantile,0.01,15,2027-03-27
2027-03-13,wk inc flu hosp,2,10,quantile,0.025,15,2027-03-27
2027-03-13,wk inc flu hosp,2,10,quantile,0.05,16,2027-03-27
2027-03-13,wk inc flu hosp,2,10,quantile,0.1,18,2027-03-27
2027-03-13,wk inc flu hosp,2,10,quantile,0.15,20,2027-03-27
2027-03-13,wk inc flu hosp,2,10,quantile,0.2,21,2027-03-27
2027-03-13,wk inc flu hosp,2,10,quantile,0.25,21,2027-03-27
2027-03-13,wk inc flu hosp,2,10,quantile,0.3,22,2027-03-27
2027-03-13,wk inc flu hosp,2,10,quantile,0.35,24,2027-03-27
2027-03-13,wk inc flu hosp,2,10,quantile,0.4,25,2027-03-27
2027-03-13,wk inc flu hosp,2,10,quantile,0.45,26,2027-03-27
2027-03-13,wk inc flu hosp,2,10,quantile,0.5,27,2027-03-27
2027-03-13,wk inc flu hosp,2,10,quantile,0.55,28,2027-03-27
2027-03-13,wk inc flu hosp,2,10,quantile,0.6,29,2027-03-27
2027-03-13,wk inc flu hosp,2,10,quantile,0.65,30,2027-03-27
2027-03-13,wk inc flu hosp,2,10,quantile,0.7,32,2027-03-27
2027-03-13,wk inc flu hosp,2,10,quantile,0.75,34,2027-03-27
2027-03-13,wk inc flu hosp,2,10,quantile,0.8,35,2027-03-27
2027-03-13,wk inc flu hosp,2,10,quantile,0.85,37,2027-03-27
2027-03-13,wk inc flu hosp,2,10,quantile,0.9,40,2027-03-27
2027-03-13,wk inc flu hosp,2,10,quantile,0.95,46,2027-03-27
2027-03-13,wk inc flu hosp,2,10,quantile,0.975,50,2027-03-27
2027-03-13,wk inc flu hosp,2,10,quantile,0.99,57,2027-03-27
2027-03-13,wk inc flu hosp,2,11,quantile,0.01,7,2027-03-27
2027-03-13,wk inc flu hosp,2,11,quantile,0.025,11,2027-03-27
2027-03-13,wk inc flu hosp,2,11,quantile,0.05,13,2027-03-27
2027-03-13,wk inc flu hosp,2,11,quantile,0.1,17,2027-03-27
2027-03-13,wk inc flu hosp,2,11,quantile,0.15,20,2027-03-27
2027-03-13,wk inc flu hosp,2,11,quantile,0.2,23,2027-03-27
2027-03-13,wk inc flu hosp,2,11,quantile,0.25,26,2027-03-27
2027-03-13,wk inc flu hosp,2,11,quantile,0.3,30,2027-03-27
2027-03-13,wk inc flu hosp,2,11,quantile,0.35,32,2027-03-27
2027-03-13,wk inc flu hosp,2,11,quantile,0.4,35,2027-03-27
2027-03-13,wk inc flu hosp,2,11,quantile,0.45,36,2027-03-27
2027-03-13,wk inc flu hosp,2,11,quantile,0.5,38,2027-03-27
2027-03-13,wk inc flu hosp,2,11,quantile,0.55,41,2027-03-27
2027-03-13,wk inc flu hosp,2,11,quantile,0.6,41,2027-03-27
2027-03-13,wk inc flu hosp,2,11,quantile,0.65,43,2027-03-27
2027-03-13,wk inc flu hosp,2,11,quantile,0.7,45,2027-03-27
2027-03-13,wk inc flu hosp,2,11,quantile,0.75,47,2027-03-27
2027-03-13,wk inc flu hosp,2,11,quantile,0.8,48,2027-03-27
2027-03-13,wk inc flu hosp,2,11,quantile,0.85,51,2027-03-27
2027-03-13,wk inc flu hosp,2,11,quantile,0.9,55,2027-03-27
2027-03-13,wk inc flu hosp,2,11,quantile,0.95,63,2027-03-27
2027-03-13,wk inc flu hosp,2,11,quantile,0.975,69,2027-03-27
2027-03-13,wk inc flu hosp,2,11,quantile,0.99,70,2027-03-27
2027-03-13,wk inc flu hosp,2,12,quantile,0.01,417,2027-03-27
2027-03-13,wk inc flu hosp,2,12,quantile,0.025,476,2027-03-27
2027-03-13,wk inc flu hosp,2,12,quantile,0.05,499,2027-03-27
2027-03-13,wk inc flu hosp,2,12,quantile,0.1,533,2027-03-27
2027-03-13,wk inc flu hosp,2,12,quantile,0.15,603,2027-03-27
2027-03-13,wk inc flu hosp,2,12,quantile,0.2,622,2027-03-27
2027-03-13,wk inc flu hosp,2,12,quantile,0.25,652,2027-03-27
2027-03-13,wk inc flu hosp,2,12,quantile,0.3,668,2027-03-27
2027-03-13,wk inc flu hosp,2,12,quantile,0.35,687,2027-03-27
2027-03-13,wk inc flu hosp,2,12,quantile,0.4,705,2027-03-27
2027-03-13,wk inc flu hosp,2,12,quantile,0.45,730,2027-03-27
2027-03-13,wk inc flu hosp,2,12,quantile,0.5,758,2027-03-27
2027-03-13,wk inc flu hosp,2,12,quantile,0.55,782,2027-03-27
2027-03-13,wk inc flu hosp,2,12,quantile,0.6,807,2027-03-27
2027-03-13,wk inc flu hosp,2,12,quantile,0.65,825,2027-03-27
2027-03-13,wk inc flu hosp,2,12,quantile,0.7,848,2027-03-27
2027-03-13,wk inc flu hosp,2,12,quantile,0.75,877,2027-03-27
2027-03-13,wk inc flu hosp,2,12,quantile,0.8,901,2027-03-27
2027-03-13,wk inc flu hosp,2,12,quantile,0.85,959,2027-03-27
2027-03-13,wk inc flu hosp,2,12,quantile,0.9,1003,2027-03-27
2027-03-13,wk inc flu hosp,2,12,quantile,0.95,1130,2027-03-27
2027-03-13,wk inc flu hosp,2,12,quantile,0.975,1210,2027-03-27
2027-03-13,wk inc flu hosp,2,12,quantile,0.99,1372,2027-03-27
2027-03-13,wk inc flu hosp,2,13,quantile,0.01,112,2027-03-27
2027-03-13,wk inc flu hosp,2,13,quantile,0.025,116,2027-03-27
2027-03-13,wk inc flu hosp,2,13,quantile,0.05,123,2027-03-27
2027-03-13,wk inc flu hosp,2,13,quantile,0.1,129,2027-03-27
2027-03-13,wk inc flu hosp,2,13,quantile,0.15,137,2027-03-27
2027-03-13,wk inc flu hosp,2,13,quantile,0.2,144,2027-03-27
2027-03-13,wk inc flu hosp,2,13,quantile,0.25,147,2027-03-27
2027-03-13,wk inc flu hosp,2,13,quantile,0.3,154,2027-03-27
2027-03-13,wk inc flu hosp,2,13,quantile,0.35,164,2027-03-27
2027-03-13,wk inc flu hosp,2,13,quantile,0.4,168,2027-03-27
2027-03-13,wk inc flu hosp,2,13,quantile,0.45,172,2027-03-27
2027-03-13,wk inc flu hosp,2,13,quantile,0.5,180,2027-03-27
2027-03-13,wk inc flu hosp,2,13,quantile,0.55,193,2027-03-27
2027-03-13,wk inc flu hosp,2,13,quantile,0.6,201,2027-03-27
2027-03-13,wk inc flu hosp,2,13,quantile,0.65,206,2027-03-27
2027-03-13,wk inc flu hosp,2,13,quantile,0.7,212,2027-03-27
2027-03-13,wk inc flu hosp,2,13,quantile,0.75,217,2027-03-27
2027-03-13,wk inc flu hosp,2,13,quantile,0.8,223,2027-03-27
2027-03-13,wk inc flu hosp,2,13,quantile,0.85,239,2027-03-27
2027-03-13,wk inc flu hosp,2,13,quantile,0.9,251,2027-03-27
2027-03-13,wk inc flu hosp,2,13,quantile,0.95,268,2027-03-27
2027-03-13,wk inc flu hosp,2,13,quantile,0.975,292,2027-03-27
2027-03-13,wk inc flu hosp,2,13,quantile,0.99,320,2027-03-27
2027-03-13,wk inc flu hosp,2,15,quantile,0.01,7,2027-03-27
2027-03-13,wk inc flu hosp,2,15,quantile,0.025,10,2027-03-27
2027-03-13,wk inc flu hosp,2,15,quantile,0.05,13,2027-03-27
2027-03-13,wk inc flu hosp,2,15,quantile,0.1,14,2027-03-27
2027-03-13,wk inc flu hosp,2,15,quantile,0.15,16,2027-03-27
2027-03-13,wk inc flu hosp,2,15,quantile,0.2,18,2027-03-27
2027-03-13,wk inc flu hosp,2,15,quantile,0.25,20,2027-03-27
2027-03-13,wk inc flu hosp,2,15,quantile,0.3,21,2027-03-27
2027-03-13,wk inc flu hosp,2,15,quantile,0.35,22,2027-03-27
2027-03-13,wk inc flu hosp,2,15,quantile,0.4,23,2027-03-27
2027-03-13,wk inc flu hosp,2,15,quantile,0.45,25,2027-03-27
2027-03-13,wk inc flu hosp,2,15,quantile,0.5,25,2027-03-27
2027-03-13,wk inc flu hosp,2,15,quantile,0.55,26,2027-03-27
2027-03-13,wk inc flu hosp,2,15,quantile,0.6,28,2027-03-27
2027-03-13,wk inc flu hosp,2,15,quantile,0.65,28,2027-03-27
2027-03-13,wk inc flu hosp,2,15,quantile,0.7,30,2027-03-27
2027-03-13,wk inc flu hosp,2,15,quantile,0.75,32,2027-03-27
2027-03-13,wk inc flu hosp,2,15,quantile,0.8,35,2027-03-27
2027-03-13,wk inc flu hosp,2,15,quantile,0.85,38,2027-03-27
2027-03-13,wk inc flu hosp,2,15,quantile,0.9,40,2027-03-27
2027-03-13,wk inc flu hosp,2,15,quantile,0.95,44,2027-03-27
2027-03-13,wk inc flu hosp,2,15,quantile,0.975,47,2027-03-27
2027-03-13,wk inc flu hosp,2,15,quantile,0.99,57,2027-03-27
2027-03-13,wk inc flu hosp,2,16,quantile,0.01,54,2027-03-27
2027-03-13,wk inc flu hosp,2,16,quantile,0.025,55,2027-03-27
2027-03-13,wk inc flu hosp,2,16,quantile,0.05,59,2027-03-27
2027-03-13,wk inc flu hosp,2,16,quantile,0.1,67,2027-03-27
2027-03-13,wk inc flu hosp,2,16,quantile,0.15,72,2027-03-27
2027-03-13,wk inc flu hosp,2,16,quantile,0.2,75,2027-03-27
2027-03-13,wk inc flu hosp,2,16,quantile,0.25,77,2027-03-27
2027-03-13,wk inc flu hosp,2,16,quantile,0.3,81,2027-03-27
2027-03-13,wk inc flu hosp,2,16,quantile,0.35,83,2027-03-27
2027-03-13,wk inc flu hosp,2,16,quantile,0.4,85,2027-03-27
2027-03-13,wk inc flu hosp,2,16,quantile,0.45,88,2027-03-27
2027-03-13,wk inc flu hosp,2,16,quantile,0.5,91,2027-03-27
2027-03-13,wk inc flu hosp,2,16,quantile,0.55,94,2027-03-27
2027-03-13,wk inc flu hosp,2,16,quantile,0.6,97,2027-03-27
2027-03-13,wk inc flu hosp,2,16,quantile,0.65,99,2027-03-27
2027-03-13,wk inc flu hosp,2,16,quantile,0.7,102,2027-03-27
2027-03-13,wk inc flu hosp,2,16,quantile,0.75,105,2027-03-27
2027-03-13,wk inc flu hosp,2,16,quantile,0.8,108,2027-03-27
2027-03-13,wk inc flu hosp,2,16,quantile,0.85,113,2027-03-27
2027-03-13,wk inc flu hosp,2,16,quantile,0.9,120,2027-03-27
2027-03-13,wk inc flu hosp,2,16,quantile,0.95,131,2027-03-27
2027-03-13,wk inc flu hosp,2,16,quantile,0.975,143,2027-03-27
2027-03-13,wk inc flu hosp,2,16,quantile,0.99,155,2027-03-27
2027-03-13,wk inc flu hosp,2,17,quantile,0.01,227,2027-03-27
2027-03-13,wk inc flu hosp,2,17,quantile,0.025,235,2027-03-27
2027-03-13,wk inc flu hosp,2,17,quantile,0.05,253,2027-03-27
2027-03-13,wk inc flu hosp,2,17,quantile,0.1,272,2027-03-27
2027-03-13,wk inc flu hosp,2,17,quantile,0.15,286,2027-03-27
2027-03-13,wk inc flu hosp,2,17,quantile,0.2,297,2027-03-27
2027-03-13,wk inc flu hosp,2,17,quantile,0.25,305,2027-03-27
2027-03-13,wk inc flu hosp,2,17,quantile,0.3,315,2027-03-27
2027-03-13,wk inc flu hosp,2,17,quantile,0.35,320,2027-03-27
2027-03-13,wk inc flu hosp,2,17,quantile,0.4,330,2027-03-27
2027-03-13,wk inc flu hosp,2,17,quantile,0.45,339,2027-03-27
2027-03-13,wk inc flu hosp,2,17,quantile,0.5,346,2027-03-27
2027-03-13,wk inc flu hosp,2,17,quantile,0.55,353,2027-03-27
2027-03-13,wk inc flu hosp,2,17,quantile,0.6,364,2027-03-27
2027-03-13,wk inc flu hosp,2,17,quantile,0.65,372,2027-03-27
2027-03-13,wk inc flu hosp,2,17,quantile,0.7,384,2027-03-27
2027-03-13,wk inc flu hosp,2,17,quantile,0.75,395,2027-03-27
2027-03-13,wk inc flu hosp,2,17,quantile,0.8,409,2027-03-27
2027-03-13,wk inc flu hosp,2,17,quantile,0.85,428,2027-03-27
2027-03-13,wk inc flu hosp,2,17,quantile,0.9,461,2027-03-27
2027-03-13,wk inc flu hosp,2,17,quantile,0.95,478,2027-03-27
2027-03-13,wk inc flu hosp,2,17,quantile,0.975,521,2027-03-27
2027-03-13,wk inc flu hosp,2,17,quantile,0.99,542,2027-03-27
2027-03-13,wk inc flu hosp,2,18,quantile,0.01,130,2027-03-27
2027-03-13,wk inc flu hosp,2,18,quantile,0.025,138,2027-03-27
2027-03-13,wk inc flu hosp,2,18,quantile,0.05,145,2027-03-27
2027-03-13,wk inc flu hosp,2,18,quantile,0.1,167,2027-03-27
2027-03-13,wk inc flu hosp,2,18,quantile,0.15,174,2027-03-27
2027-03-13,wk inc flu hosp,2,18,quantile,0.2,179,2027-03-27
2027-03-13,wk inc flu hosp,2,18,quantile,0.25,184,2027-03-27
2027-03-13,wk inc flu hosp,2,18,quantile,0.3,199,2027-03-27
2027-03-13,wk inc flu hosp,2,18,quantile,0.35,208,2027-03-27
2027-03-13,wk inc flu hosp,2,18,quantile,0.4,213,2027-03-27
2027-03-13,wk inc flu hosp,2,18,quantile,0.45,219,2027-03-27
2027-03-13,wk inc flu hosp,2,18,quantile,0.5,224,2027-03-27
2027-03-13,wk inc flu hosp,2,18,quantile,0.55,229,2027-03-27
2027-03-13,wk inc flu hosp,2,18,quantile,0.6,236,2027-03-27
2027-03-13,wk inc flu hosp,2,18,quantile,0.65,241,2027-03-27
2027-03-13,wk inc flu hosp,2,18,quantile,0.7,246,2027-03-27
2027-03-13,wk inc flu hosp,2,18,quantile,0.75,260,2027-03-27
2027-03-13,wk inc flu hosp,2,18,quantile,0.8,266,2027-03-27
2027-03-13,wk inc flu hosp,2,18,quantile,0.85,276,2027-03-27
2027-03-13,wk inc flu hosp,2,18,quantile,0.9,292,2027-03-27
2027-03-13,wk inc flu hosp,2,18,quantile,0.95,301,2027-03-27
2027-03-13,wk inc flu hosp,2,18,quantile,0.975,320,2027-03-27
2027-03-13,wk inc flu hosp,2,18,quantile,0.99,336,2027-03-27
2027-03-13,wk inc flu hosp,2,19,quantile,0.01,49,2027-03-27
2027-03-13,wk inc flu hosp,2,19,quantile,0.025,51,2027-03-27
2027-03-13,wk inc flu hosp,2,19,quantile,0.05,55,2027-03-27
2027-03-13,wk inc flu hosp,2,19,quantile,0.1,58,2027-03-27
2027-03-13,wk inc flu hosp,2,19,quantile,0.15,61,2027-03-27
2027-03-13,wk inc flu hosp,2,19,quantile,0.2,64,2027-03-27
2027-03-13,wk inc flu hosp,2,19,quantile,0.25,67,2027-03-27
2027-03-13,wk inc flu hosp,2,19,quantile,0.3,70,2027-03-27
2027-03-13,wk inc flu hosp,2,19,quantile,0.35,73,2027-03-27
2027-03-13,wk inc flu hosp,2,19,quantile,0.4,76,2027-03-27
2027-03-13,wk inc flu hosp,2,19,quantile,0.45,79,2027-03-27
2027-03-13,wk inc flu hosp,2,19,quantile,0.5,83,2027-03-27
2027-03-13,wk inc flu hosp,2,19,quantile,0.55,84,2027-03-27
2027-03-13,wk inc flu hosp,2,19,quantile,0.6,86,2027-03-27
2027-03-13,wk inc flu hosp,2,19,quantile,0.65,89,2027-03-27
2027-03-13,wk inc flu hosp,2,19,quantile,0.7,93,2027-03-27
2027-03-13,wk inc flu hosp,2,19,quantile,0.75,97,2027-03-27
2027-03-13,wk inc flu hosp,2,19,quantile,0.8,101,2027-03-27
2027-03-13,wk inc flu hosp,2,19,quantile,0.85,105,2027-03-27
2027-03-13,wk inc flu hosp,2,19,quantile,0.9,110,2027-03-27
2027-03-13,wk inc flu hosp,2,19,quantile,0.95,130,2027-03-27
2027-03-13,wk inc flu hosp,2,19,quantile,0.975,134,2027-03-27
2027-03-13,wk inc flu hosp,2,19,quantile,0.99,138,2027-03-27
2027-03-13,wk inc flu hosp,2,20,quantile,0.01,33,2027-03-27
2027-03-13,wk inc flu hosp,2,20,quantile,0.025,38,2027-03-27
2027-03-13,wk inc flu hosp,2,20,quantile,0.05,40,2027-03-27
2027-03-13,wk inc flu hosp,2,20,quantile,0.1,45,2027-03-27
2027-03-13,wk inc flu hosp,2,20,quantile,0.15,49,2027-03-27
2027-03-13,wk inc flu hosp,2,20,quantile,0.2,54,2027-03-27
2027-03-13,wk inc flu hosp,2,20,quantile,0.25,56,2027-03-27
2027-03-13,wk inc flu hosp,2,20,quantile,0.3,59,2027-03-27
2027-03-13,wk inc flu hosp,2,20,quantile,0.35,61,2027-03-27
2027-03-13,wk inc flu hosp,2,20,quantile,0.4,62,2027-03-27
2027-03-13,wk inc flu hosp,2,20,quantile,0.45,66,2027-03-27
2027-03-13,wk inc flu hosp,2,20,quantile,0.5,69,2027-03-27
2027-03-13,wk inc flu hosp,2,20,quantile,0.55,72,2027-03-27
2027-03-13,wk inc flu hosp,2,20,quantile,0.6,74,2027-03-27
2027-03-13,wk inc flu hosp,2,20,quantile,0.65,76,2027-03-27
2027-03-13,wk inc flu hosp,2,20,quantile,0.7,79,2027-03-27
2027-03-13,wk inc flu hosp,2,20,quantile,0.75,83,2027-03-27
2027-03-13,wk inc flu hosp,2,20,quantile,0.8,85,2027-03-27
2027-03-13,wk inc flu hosp,2,20,quantile,0.85,88,2027-03-27
2027-03-13,wk inc flu hosp,2,20,quantile,0.9,91,2027-03-27
2027-03-13,wk inc flu hosp,2,20,quantile,0.95,97,2027-03-27
2027-03-13,wk inc flu hosp,2,20,quantile,0.975,100,2027-03-27
2027-03-13,wk inc flu hosp,2,20,quantile,0.99,104,2027-03-27
2027-03-13,wk inc flu hosp,2,21,quantile,0.01,122,2027-03-27
2027-03-13,wk inc flu hosp,2,21,quantile,0.025,144,2027-03-27
2027-03-13,wk inc flu hosp,2,21,quantile,0.05,149,2027-03-27
2027-03-13,wk inc flu hosp,2,21,quantile,0.1,162,2027-03-27
2027-03-13,wk inc flu hosp,2,21,quantile,0.15,168,2027-03-27
2027-03-13,wk inc flu hosp,2,21,quantile,0.2,175,2027-03-27
2027-03-13,wk inc flu hosp,2,21,quantile,0.25,184,2027-03-27
2027-03-13,wk inc flu hosp,2,21,quantile,0.3,190,2027-03-27
2027-03-13,wk inc flu hosp,2,21,quantile,0.35,196,2027-03-27
2027-03-13,wk inc flu hosp,2,21,quantile,0.4,201,2027-03-27
2027-03-13,wk inc flu hosp,2,21,quantile,0.45,204,2027-03-27
2027-03-13,wk inc flu hosp,2,21,quantile,0.5,207,2027-03-27
2027-03-13,wk inc flu hosp,2,21,quantile,0.55,210,2027-03-27
2027-03-13,wk inc flu hosp,2,21,quantile,0.6,218,2027-03-27
2027-03-13,wk inc flu hosp,2,21,quantile,0.65,223,2027-03-27
2027-03-13,wk inc flu hosp,2,21,quantile,0.7,228,2027-03-27
2027-03-13,wk inc flu hosp,2,21,quantile,0.75,234,2027-03-27
2027-03-13,wk inc flu hosp,2,21,quantile,0.8,242,2027-03-27
2027-03-13,wk inc flu hosp,2,21,quantile,0.85,250,2027-03-27
2027-03-13,wk inc flu hosp,2,21,quantile,0.9,257,2027-03-27
2027-03-13,wk inc flu hosp,2,21,quantile,0.95,274,2027-03-27
2027-03-13,wk inc flu hosp,2,21,quantile,0.975,294,2027-03-27
2027-03-13,wk inc flu hosp,2,21,quantile,0.99,314,2027-03-27
2027-03-13,wk inc flu hosp,2,22,quantile,0.01,69,2027-03-27
2027-03-13,wk inc flu hosp,2,22,quantile,0.025,80,2027-03-27
2027-03-13,wk inc flu hosp,2,22,quantile,0.05,88,2027-03-27
2027-03-13,wk inc flu hosp,2,22,quantile,0.1,94,2027-03-27
2027-03-13,wk inc flu hosp,2,22,quantile,0.15,106,2027-03-27
2027-03-13,wk inc flu hosp,2,22,quantile,0.2,114,2027-03-27
2027-03-13,wk inc flu hosp,2,22,quantile,0.25,117,2027-03-27
2027-03-13,wk inc flu hosp,2,22,quantile,0.3,124,2027-03-27
2027-03-13,wk inc flu hosp,2,22,quantile,0.35,128,2027-03-27
2027-03-13,wk inc flu hosp,2,22,quantile,0.4,132,2027-03-27
2027-03-13,wk inc flu hosp,2,22,quantile,0.45,136,2027-03-27
2027-03-13,wk inc flu hosp,2,22,quantile,0.5,142,2027-03-27
2027-03-13,wk inc flu hosp,2,22,quantile,0.55,146,2027-03-27
2027-03-13,wk inc flu hosp,2,22,quantile,0.6,152,2027-03-27
2027-03-13,wk inc flu hosp,2,22,quantile,0.65,156,2027-03-27
2027-03-13,wk inc flu hosp,2,22,quantile,0.7,163,2027-03-27
2027-03-13,wk inc flu hosp,2,22,quantile,0.75,170,2027-03-27
2027-03-13,wk inc flu hosp,2,22,quantile,0.8,183,2027-03-27
2027-03-13,wk inc flu hosp,2,22,quantile,0.85,191,2027-03-27
2027-03-13,wk inc flu hosp,2,22,quantile,0.9,207,2027-03-27
2027-03-13,wk inc flu hosp,2,22,quantile,0.95,223,2027-03-27
2027-03-13,wk inc flu hosp,2,22,quantile,0.975,234,2027-03-27
2027-03-13,wk inc flu hosp,2,22,quantile,0.99,252,2027-03-27
2027-03-13,wk inc flu hosp,2,23,quantile,0.01,16,2027-03-27
2027-03-13,wk inc flu hosp,2,23,quantile,0.025,17,2027-03-27
2027-03-13,wk inc flu hosp,2,23,quantile,0.05,20,2027-03-27
2027-03-13,wk inc flu hosp,2,23,quantile,0.1,22,2027-03-27
2027-03-13,wk inc flu hosp,2,23,quantile,0.15,23,2027-03-27
2027-03-13,wk inc flu hosp,2,23,quantile,0.2,24,2027-03-27
2027-03-13,wk inc flu hosp,2,23,quantile,0.25,25,2027-03-27
2027-03-13,wk inc flu hosp,2,23,quantile,0.3,28,2027-03-27
2027-03-13,wk inc flu hosp,2,23,quantile,0.35,29,2027-03-27
2027-03-13,wk inc flu hosp,2,23,quantile,0.4,31,2027-03-27
2027-03-13,wk inc flu hosp,2,23,quantile,0.45,33,2027-03-27
2027-03-13,wk inc flu hosp,2,23,quantile,0.5,34,2027-03-27
2027-03-13,wk inc flu hosp,2,23,quantile,0.55,36,2027-03-27
2027-03-13,wk inc flu hosp,2,23,quantile,0.6,38,2027-03-27
2027-03-13,wk inc flu hosp,2,23,quantile,0.65,40,2027-03-27
2027-03-13,wk inc flu hosp,2,23,quantile,0.7,41,2027-03-27
2027-03-13,wk inc flu hosp,2,23,quantile,0.75,43,2027-03-27
2027-03-13,wk inc flu hosp,2,23,quantile,0.8,44,2027-03-27
2027-03-13,wk inc flu hosp,2,23,quantile,0.85,47,2027-03-27
2027-03-13,wk inc flu hosp,2,23,quantile,0.9,49,2027-03-27
2027-03-13,wk inc flu hosp,2,23,quantile,0.95,53,2027-03-27
2027-03-13,wk inc flu hosp,2,23,quantile,0.975,62,2027-03-27
2027-03-13,wk inc flu hosp,2,23,quantile,0.99,64,2027-03-27
2027-03-13,wk inc flu hosp,2,24,quantile,0.01,51,2027-03-27
2027-03-13,wk inc flu hosp,2,24,quantile,0.025,59,2027-03-27
2027-03-13,wk inc flu hosp,2,24,quantile,0.05,66,2027-03-27
2027-03-13,wk inc flu hosp,2,24,quantile,0.1,76,2027-03-27
2027-03-13,wk inc flu hosp,2,24,quantile,0.15,82,2027-03-27
2027-03-13,wk inc flu hosp,2,24,quantile,0.2,89,2027-03-27
2027-03-13,wk inc flu hosp,2,24,quantile,0.25,92,2027-03-27
2027-03-13,wk inc flu hosp,2,24,quantile,0.3,98,2027-03-27
2027-03-13,wk inc flu hosp,2,24,quantile,0.35,104,2027-03-27
2027-03-13,wk inc flu hosp,2,24,quantile,0.4,107,2027-03-27
2027-03-13,wk inc flu hosp,2,24,quantile,0.45,112,2027-03-27
2027-03-13,wk inc flu hosp,2,24,quantile,0.5,116,2027-03-27
2027-03-13,wk inc flu hosp,2,24,quantile,0.55,118,2027-03-27
2027-03-13,wk inc flu hosp,2,24,quantile,0.6,122,2027-03-27
2027-03-13,wk inc flu hosp,2,24,quantile,0.65,130,2027-03-27
2027-03-13,wk inc flu hosp,2,24,quantile,0.7,133,2027-03-27
2027-03-13,wk inc flu hosp,2,24,quantile,0.75,136,2027-03-27
2027-03-13,wk inc flu hosp,2,24,quantile,0.8,140,2027-03-27
2027-03-13,wk inc flu hosp,2,24,quantile,0.85,146,2027-03-27
2027-03-13,wk inc flu hosp,2,24,quantile,0.9,159,2027-03-27
2027-03-13,wk inc flu hosp,2,24,quantile,0.95,172,2027-03-27
2027-03-13,wk inc flu hosp,2,24,quantile,0.975,182,2027-03-27
2027-03-13,wk inc flu hosp,2,24,quantile,0.99,195,2027-03-27
2027-03-13,wk inc flu hosp,2,25,quantile,0.01,101,2027-03-27
2027-03-13,wk inc flu hosp,2,25,quantile,0.025,116,2027-03-27
2027-03-13,wk inc flu hosp,2,25,quantile,0.05,129,2027-03-27
2027-03-13,wk inc flu hosp,2,25,quantile,0.1,142,2027-03-27
2027-03-13,wk inc flu hosp,2,25,quantile,0.15,151,2027-03-27
2027-03-13,wk inc flu hosp,2,25,quantile,0.2,158,2027-03-27
2027-03-13,wk inc flu hosp,2,25,quantile,0.25,169,2027-03-27
2027-03-13,wk inc flu hosp,2,25,quantile,0.3,174,2027-03-27
2027-03-13,wk inc flu hosp,2,25,quantile,0.35,181,2027-03-27
2027-03-13,wk inc flu hosp,2,25,quantile,0.4,188,2027-03-27
2027-03-13,wk inc flu hosp,2,25,quantile,0.45,194,2027-03-27
2027-03-13,wk inc flu hosp,2,25,quantile,0.5,201,2027-03-27
2027-03-13,wk inc flu hosp,2,25,quantile,0.55,205,2027-03-27
2027-03-13,wk inc flu hosp,2,25,quantile,0.6,216,2027-03-27
2027-03-13,wk inc flu hosp,2,25,quantile,0.65,225,2027-03-27
2027-03-13,wk inc flu hosp,2,25,quantile,0.7,234,2027-03-27
2027-03-13,wk inc flu hosp,2,25,quantile,0.75,242,2027-03-27
2027-03-13,wk inc flu hosp,2,25,quantile,0.8,251,2027-03-27
2027-03-13,wk inc flu hosp,2,25,quantile,0.85,268,2027-03-27
2027-03-13,wk inc flu hosp,2,25,quantile,0.9,288,2027-03-27
2027-03-13,wk inc flu hosp,2,25,quantile,0.95,304,2027-03-27
2027-03-13,wk inc flu hosp,2,25,quantile,0.975,332,2027-03-27
2027-03-13,wk inc flu hosp,2,25,quantile,0.99,359,2027-03-27
2027-03-13,wk inc flu hosp,2,26,quantile,0.01,255,2027-03-27
2027-03-13,wk inc flu hosp,2,26,quantile,0.025,292,2027-03-27
2027-03-13,wk inc flu hosp,2,26,quantile,0.05,326,2027-03-27
2027-03-13,wk inc flu hosp,2,26,quantile,0.1,354,2027-03-27
2027-03-13,wk inc flu hosp,2,26,quantile,0.15,376,2027-03-27
2027-03-13,wk inc flu hosp,2,26,quantile,0.2,388,2027-03-27
2027-03-13,wk inc flu hosp,2,26,quantile,0.25,396,2027-03-27
2027-03-13,wk inc flu hosp,2,26,quantile,0.3,404,2027-03-27
2027-03-13,wk inc flu hosp,2,26,quantile,0.35,420,2027-03-27
2027-03-13,wk inc flu hosp,2,26,quantile,0.4,431,2027-03-27
2027-03-13,wk inc flu hosp,2,26,quantile,0.45,440,2027-03-27
2027-03-13,wk inc flu hosp,2,26,quantile,0.5,450,2027-03-27
2027-03-13,wk inc flu hosp,2,26,quantile,0.55,462,2027-03-27
2027-03-13,wk inc flu hosp,2,26,quantile,0.6,475,2027-03-27
2027-03-13,wk inc flu hosp,2,26,quantile,0.65,488,2027-03-27
2027-03-13,wk inc flu hosp,2,26,quantile,0.7,496,2027-03-27
2027-03-13,wk inc flu hosp,2,26,quantile,0.75,518,2027-03-27
2027-03-13,wk inc flu hosp,2,26,quantile,0.8,541,2027-03-27
2027-03-13,wk inc flu hosp,2,26,quantile,0.85,567,2027-03-27
2027-03-13,wk inc flu hosp,2,26,quantile,0.9,608,2027-03-27
2027-03-13,wk inc flu hosp,2,26,quantile,0.95,653,2027-03-27
2027-03-13,wk inc flu hosp,2,26,quantile,0.975,738,2027-03-27
2027-03-13,wk inc flu hosp,2,26,quantile,0.99,776,2027-03-27
2027-03-13,wk inc flu hosp,2,27,quantile,0.01,83,2027-03-27
2027-03-13,wk inc flu hosp,2,27,quantile,0.025,100,2027-03-27
2027-03-13,wk inc flu hosp,2,27,quantile,0.05,104,2027-03-27
2027-03-13,wk inc flu hosp,2,27,quantile,0.1,115,2027-03-27
2027-03-13,wk inc flu hosp,2,27,quantile,0.15,124,2027-03-27
2027-03-13,wk inc flu hosp,2,27,quantile,0.2,132,2027-03-27
2027-03-13,wk inc flu hosp,2,27,quantile,0.25,145,2027-03-27
2027-03-13,wk inc flu hosp,2,27,quantile,0.3,156,2027-03-27
2027-03-13,wk inc flu hosp,2,27,quantile,0.35,160,2027-03-27
2027-03-13,wk inc flu hosp,2,27,quantile,0.4,167,2027-03-27
2027-03-13,wk inc flu hosp,2,27,quantile,0.45,173,2027-03-27
2027-03-13,wk inc flu hosp,2,27,quantile,0.5,178,2027-03-27
2027-03-13,wk inc flu hosp,2,27,quantile,0.55,182,2027-03-27
2027-03-13,wk inc flu hosp,2,27,quantile,0.6,186,2027-03-27
2027-03-13,wk inc flu hosp,2,27,quantile,0.65,190,2027-03-27
2027-03-13,wk inc flu hosp,2,27,quantile,0.7,196,2027-03-27
2027-03-13,wk inc flu hosp,2,27,quantile,0.75,208,2027-03-27
2027-03-13,wk inc flu hosp,2,27,quantile,0.8,221,2027-03-27
2027-03-13,wk inc flu hosp,2,27,quantile,0.85,239,2027-03-27
2027-03-13,wk inc flu hosp,2,27,quantile,0.9,252,2027-03-27
2027-03-13,wk inc flu hosp,2,27,quantile,0.95,293,2027-03-27
2027-03-13,wk inc flu hosp,2,27,quantile,0.975,308,2027-03-27
2027-03-13,wk inc flu hosp,2,27,quantile,0.99,320,2027-03-27
2027-03-13,wk inc flu hosp,2,28,quantile,0.01,44,2027-03-27
2027-03-13,wk inc flu hosp,2,28,quantile,0.025,49,2027-03-27
2027-03-13,wk inc flu hosp,2,28,quantile,0.05,54,2027-03-27
2027-03-13,wk inc flu hosp,2,28,quantile,0.1,57,2027-03-27
2027-03-13,wk inc flu hosp,2,28,quantile,0.15,60,2027-03-27
2027-03-13,wk inc flu hosp,2,28,quantile,0.2,65,2027-03-27
2027-03-13,wk inc flu hosp,2,28,quantile,0.25,68,2027-03-27
2027-03-13,wk inc flu hosp,2,28,quantile,0.3,72,2027-03-27
2027-03-13,wk inc flu hosp,2,28,quantile,0.35,76,2027-03-27
2027-03-13,wk inc flu hosp,2,28,quantile,0.4,80,2027-03-27
2027-03-13,wk inc flu hosp,2,28,quantile,0.45,82,2027-03-27
2027-03-13,wk inc flu hosp,2,28,quantile,0.5,84,2027-03-27
2027-03-13,wk inc flu hosp,2,28,quantile,0.55,86,2027-03-27
2027-03-13,wk inc flu hosp,2,28,quantile,0.6,89,2027-03-27
2027-03-13,wk inc flu hosp,2,28,quantile,0.65,92,2027-03-27
2027-03-13,wk inc flu hosp,2,28,quantile,0.7,95,2027-03-27
2027-03-13,wk inc flu hosp,2,28,quantile,0.75,102,2027-03-27
2027-03-13,wk inc flu hosp,2,28,quantile,0.8,106,2027-03-27
2027-03-13,wk inc flu hosp,2,28,quantile,0.85,110,2027-03-27
2027-03-13,wk inc flu hosp,2,28,quantile,0.9,119,2027-03-27
2027-03-13,wk inc flu hosp,2,28,quantile,0.95,131,2027-03-27
2027-03-13,wk inc flu hosp,2,28,quantile,0.975,137,2027-03-27
2027-03-13,wk inc flu hosp,2,28,quantile,0.99,165,2027-03-27
2027-03-13,wk inc flu hosp,2,29,quantile,0.01,128,2027-03-27
2027-03-13,wk inc flu hosp,2,29,quantile,0.025,131,2027-03-27
2027-03-13,wk inc flu hosp,2,29,quantile,0.05,135,2027-03-27
2027-03-13,wk inc flu hosp,2,29,quantile,0.1,147,2027-03-27
2027-03-13,wk inc flu hosp,2,29,quantile,0.15,153,2027-03-27
2027-03-13,wk inc flu hosp,2,29,quantile,0.2,160,2027-03-27
2027-03-13,wk inc flu hosp,2,29,quantile,0.25,164,2027-03-27
2027-03-13,wk inc flu hosp,2,29,quantile,0.3,168,2027-03-27
2027-03-13,wk inc flu hosp,2,29,quantile,0.35,173,2027-03-27
2027-03-13,wk inc flu hosp,2,29,quantile,0.4,178,2027-03-27
2027-03-13,wk inc flu hosp,2,29,quantile,0.45,183,2027-03-27
2027-03-13,wk inc flu hosp,2,29,quantile,0.5,189,2027-03-27
2027-03-13,wk inc flu hosp,2,29,quantile,0.55,195,2027-03-27
2027-03-13,wk inc flu hosp,2,29,quantile,0.6,201,2027-03-27
2027-03-13,wk inc flu hosp,2,29,quantile,0.65,207,2027-03-27
2027-03-13,wk inc flu hosp,2,29,quantile,0.7,211,2027-03-27
2027-03-13,wk inc flu hosp,2,29,quantile,0.75,216,2027-03-27
2027-03-13,wk inc flu hosp,2,29,quantile,0.8,222,2027-03-27
2027-03-13,wk inc flu hosp,2,29,quantile,0.85,241,2027-03-27
2027-03-13,wk inc flu hosp,2,29,quantile,0.9,254,2027-03-27
2027-03-13,wk inc flu hosp,2,29,quantile,0.95,262,2027-03-27
2027-03-13,wk inc flu hosp,2,29,quantile,0.975,279,2027-03-27
2027-03-13,wk inc flu hosp,2,29,quantile,0.99,295,2027-03-27
2027-03-13,wk inc flu hosp,2,30,quantile,0.01,34,2027-03-27
2027-03-13,wk inc flu hosp,2,30,quantile,0.025,36,2027-03-27
2027-03-13,wk inc flu hosp,2,30,quantile,0.05,41,2027-03-27
2027-03-13,wk inc flu hosp,2,30,quantile,0.1,44,2027-03-27
2027-03-13,wk inc flu hosp,2,30,quantile,0.15,49,2027-03-27
2027-03-13,wk inc flu hosp,2,30,quantile,0.2,52,2027-03-27
2027-03-13,wk inc flu hosp,2,30,quantile,0.25,54,2027-03-27
2027-03-13,wk inc flu hosp,2,30,quantile,0.3,57,2027-03-27
2027-03-13,wk inc flu hosp,2,30,quantile,0.35,61,2027-03-27
2027-03-13,wk inc flu hosp,2,30,quantile,0.4,63,2027-03-27
2027-03-13,wk inc flu hosp,2,30,quantile,0.45,64,2027-03-27
2027-03-13,wk inc flu hosp,2,30,quantile,0.5,68,2027-03-27
2027-03-13,wk inc flu hosp,2,30,quantile,0.55,72,2027-03-27
2027-03-13,wk inc flu hosp,2,30,quantile,0.6,75,2027-03-27
2027-03-13,wk inc flu hosp,2,30,quantile,0.65,78,2027-03-27
2027-03-13,wk inc flu hosp,2,30,quantile,0.7,81,2027-03-27
2027-03-13,wk inc flu hosp,2,30,quantile,0.75,83,2027-03-27
2027-03-13,wk inc flu hosp,2,30,quantile,0.8,86,2027-03-27
2027-03-13,wk inc flu hosp,2,30,quantile,0.85,90,2027-03-27
2027-03-13,wk inc flu hosp,2,30,quantile,0.9,99,2027-03-27
2027-03-13,wk inc flu hosp,2,30,quantile,0.95,110,2027-03-27
2027-03-13,wk inc flu hosp,2,30,quantile,0.975,120,2027-03-27
2027-03-13,wk inc flu hosp,2,30,quantile,0.99,138,2027-03-27
2027-03-13,wk inc flu hosp,2,31,quantile,0.01,23,2027-03-27
2027-03-13,wk inc flu hosp,2,31,quantile,0.025,27,2027-03-27
2027-03-13,wk inc flu hosp,2,31,quantile,0.05,28,2027-03-27
2027-03-13,wk inc flu hosp,2,31,quantile,0.1,29,2027-03-27
2027-03-13,wk inc flu hosp,2,31,quantile,0.15,32,2027-03-27
2027-03-13,wk inc flu hosp,2,31,quantile,0.2,32,2027-03-27
2027-03-13,wk inc flu hosp,2,31,quantile,0.25,33,2027-03-27
2027-03-13,wk inc flu hosp,2,31,quantile,0.3,34,2027-03-27
2027-03-13,wk inc flu hosp,2,31,quantile,0.35,36,2027-03-27
2027-03-13,wk inc flu hosp,2,31,quantile,0.4,37,2027-03-27
2027-03-13,wk inc flu hosp,2,31,quantile,0.45,38,2027-03-27
2027-03-13,wk inc flu hosp,2,31,quantile,0.5,39,2027-03-27
2027-03-13,wk inc flu hosp,2,31,quantile,0.55,40,2027-03-27
2027-03-13,wk inc flu hosp,2,31,quantile,0.6,41,2027-03-27
2027-03-13,wk inc flu hosp,2,31,quantile,0.65,43,2027-03-27
2027-03-13,wk inc flu hosp,2,31,quantile,0.7,45,2027-03-27
2027-03-13,wk inc flu hosp,2,31,quantile,0.75,46,2027-03-27
2027-03-13,wk inc flu hosp,2,31,quantile,0.8,48,2027-03-27
2027-03-13,wk inc flu hosp,2,31,quantile,0.85,49,2027-03-27
2027-03-13,wk inc flu hosp,2,31,quantile,0.9,52,2027-03-27
2027-03-13,wk inc flu hosp,2,31,quantile,0.95,57,2027-03-27
2027-03-13,wk inc flu hosp,2,31,quantile,0.975,62,2027-03-27
2027-03-13,wk inc flu hosp,2,31,quantile,0.99,74,2027-03-27
2027-03-13,wk inc flu hosp,2,32,quantile,0.01,44,2027-03-27
2027-03-13,wk inc flu hosp,2,32,quantile,0.025,46,2027-03-27
2027-03-13,wk inc flu hosp,2,32,quantile,0.05,47,2027-03-27
2027-03-13,wk inc flu hosp,2,32,quantile,0.1,53,2027-03-27
2027-03-13,wk inc flu hosp,2,32,quantile,0.15,56,2027-03-27
2027-03-13,wk inc flu hosp,2,32,quantile,0.2,60,2027-03-27
2027-03-13,wk inc flu hosp,2,32,quantile,0.25,61,2027-03-27
2027-03-13,wk inc flu hosp,2,32,quantile,0.3,64,2027-03-27
2027-03-13,wk inc flu hosp,2,32,quantile,0.35,66,2027-03-27
2027-03-13,wk inc flu hosp,2,32,quantile,0.4,69,2027-03-27
2027-03-13,wk inc flu hosp,2,32,quantile,0.45,74,2027-03-27
2027-03-13,wk inc flu hosp,2,32,quantile,0.5,75,2027-03-27
2027-03-13,wk inc flu hosp,2,32,quantile,0.55,77,2027-03-27
2027-03-13,wk inc flu hosp,2,32,quantile,0.6,82,2027-03-27
2027-03-13,wk inc flu hosp,2,32,quantile,0.65,86,2027-03-27
2027-03-13,wk inc flu hosp,2,32,quantile,0.7,91,2027-03-27
2027-03-13,wk inc flu hosp,2,32,quantile,0.75,97,2027-03-27
2027-03-13,wk inc flu hosp,2,32,quantile,0.8,102,2027-03-27
2027-03-13,wk inc flu hosp,2,32,quantile,0.85,106,2027-03-27
2027-03-13,wk inc flu hosp,2,32,quantile,0.9,108,2027-03-27
2027-03-13,wk inc flu hosp,2,32,quantile,0.95,119,2027-03-27
2027-03-13,wk inc flu hosp,2,32,quantile,0.975,127,2027-03-27
2027-03-13,wk inc flu hosp,2,32,quantile,0.99,130,2027-03-27
2027-03-13,wk inc flu hosp,2,33,quantile,0.01,16,2027-03-27
2027-03-13,wk inc flu hosp,2,33,quantile,0.025,16,2027-03-27
2027-03-13,wk inc flu hosp,2,33,quantile,0.05,18,2027-03-27
2027-03-13,wk inc flu hosp,2,33,quantile,0.1,21,2027-03-27
2027-03-13,wk inc flu hosp,2,33,quantile,0.15,23,2027-03-27
2027-03-13,wk inc flu hosp,2,33,quantile,0.2,25,2027-03-27
2027-03-13,wk inc flu hosp,2,33,quantile,0.25,27,2027-03-27
2027-03-13,wk inc flu hosp,2,33,quantile,0.3,28,2027-03-27
2027-03-13,wk inc flu hosp,2,33,quantile,0.35,29,2027-03-27
2027-03-13,wk inc flu hosp,2,33,quantile,0.4,31,2027-03-27
2027-03-13,wk inc flu hosp,2,33,quantile,0.45,32,2027-03-27
2027-03-13,wk inc flu hosp,2,33,quantile,0.5,33,2027-03-27
2027-03-13,wk inc flu hosp,2,33,quantile,0.55,34,2027-03-27
2027-03-13,wk inc flu hosp,2,33,quantile,0.6,35,2027-03-27
2027-03-13,wk inc flu hosp,2,33,quantile,0.65,36,2027-03-27
2027-03-13,wk inc flu hosp,2,33,quantile,0.7,38,2027-03-27
2027-03-13,wk inc flu hosp,2,33,quantile,0.75,40,2027-03-27
2027-03-13,wk inc flu hosp,2,33,quantile,0.8,42,2027-03-27
2027-03-13,wk inc flu hosp,2,33,quantile,0.85,44,2027-03-27
2027-03-13,wk inc flu hosp,2,33,quantile,0.9,47,2027-03-27
2027-03-13,wk inc flu hosp,2,33,quantile,0.95,56,2027-03-27
2027-03-13,wk inc flu hosp,2,33,quantile,0.975,59,2027-03-27
2027-03-13,wk inc flu hosp,2,33,quantile,0.99,64,2027-03-27
2027-03-13,wk inc flu hosp,2,34,quantile,0.01,154,2027-03-27
2027-03-13,wk inc flu hosp,2,34,quantile,0.025,176,2027-03-27
2027-03-13,wk inc flu hosp,2,34,quantile,0.05,186,2027-03-27
2027-03-13,wk inc flu hosp,2,34,quantile,0.1,200,2027-03-27
2027-03-13,wk inc flu hosp,2,34,quantile,0.15,214,2027-03-27
2027-03-13,wk inc flu hosp,2,34,quantile,0.2,228,2027-03-27
2027-03-13,wk inc flu hosp,2,34,quantile,0.25,233,2027-03-27
2027-03-13,wk inc flu hosp,2,34,quantile,0.3,241,2027-03-27
2027-03-13,wk inc flu hosp,2,34,quantile,0.35,246,2027-03-27
2027-03-13,wk inc flu hosp,2,34,quantile,0.4,250,2027-03-27
2027-03-13,wk inc flu hosp,2,34,quantile,0.45,257,2027-03-27
2027-03-13,wk inc flu hosp,2,34,quantile,0.5,262,2027-03-27
2027-03-13,wk inc flu hosp,2,34,quantile,0.55,269,2027-03-27
2027-03-13,wk inc flu hosp,2,34,quantile,0.6,276,2027-03-27
2027-03-13,wk inc flu hosp,2,34,quantile,0.65,288,2027-03-27
2027-03-13,wk inc flu hosp,2,34,quantile,0.7,293,2027-03-27
2027-03-13,wk inc flu hosp,2,34,quantile,0.75,307,2027-03-27
2027-03-13,wk inc flu hosp,2,34,quantile,0.8,319,2027-03-27
2027-03-13,wk inc flu hosp,2,34,quantile,0.85,329,2027-03-27
2027-03-13,wk inc flu hosp,2,34,quantile,0.9,349,2027-03-27
2027-03-13,wk inc flu hosp,2,34,quantile,0.95,367,2027-03-27
2027-03-13,wk inc flu hosp,2,34,quantile,0.975,390,2027-03-27
2027-03-13,wk inc flu hosp,2,34,quantile,0.99,414,2027-03-27
2027-03-13,wk inc flu hosp,2,35,quantile,0.01,39,2027-03-27
2027-03-13,wk inc flu hosp,2,35,quantile,0.025,45,2027-03-27
2027-03-13,wk inc flu hosp,2,35,quantile,0.05,49,2027-03-27
2027-03-13,wk inc flu hosp,2,35,quantile,0.1,56,2027-03-27
2027-03-13,wk inc flu hosp,2,35,quantile,0.15,64,2027-03-27
2027-03-13,wk inc flu hosp,2,35,quantile,0.2,67,2027-03-27
2027-03-13,wk inc flu hosp,2,35,quantile,0.25,71,2027-03-27
2027-03-13,wk inc flu hosp,2,35,quantile,0.3,73,2027-03-27
2027-03-13,wk inc flu hosp,2,35,quantile,0.35,77,2027-03-27
2027-03-13,wk inc flu hosp,2,35,quantile,0.4,78,2027-03-27
2027-03-13,wk inc flu hosp,2,35,quantile,0.45,80,2027-03-27
2027-03-13,wk inc flu hosp,2,35,quantile,0.5,81,2027-03-27
2027-03-13,wk inc flu hosp,2,35,quantile,0.55,83,2027-03-27
2027-03-13,wk inc flu hosp,2,35,quantile,0.6,87,2027-03-27
2027-03-13,wk inc flu hosp,2,35,quantile,0.65,94,2027-03-27
2027-03-13,wk inc flu hosp,2,35,quantile,0.7,96,2027-03-27
2027-03-13,wk inc flu hosp,2,35,quantile,0.75,98,2027-03-27
2027-03-13,wk inc flu hosp,2,35,quantile,0.8,101,2027-03-27
2027-03-13,wk inc flu hosp,2,35,quantile,0.85,104,2027-03-27
2027-03-13,wk inc flu hosp,2,35,quantile,0.9,113,2027-03-27
2027-03-13,wk inc flu hosp,2,35,quantile,0.95,121,2027-03-27
2027-03-13,wk inc flu hosp,2,35,quantile,0.975,135,2027-03-27
2027-03-13,wk inc flu hosp,2,35,quantile,0.99,138,2027-03-27
2027-03-13,wk inc flu hosp,2,36,quantile,0.01,402,2027-03-27
2027-03-13,wk inc flu hosp,2,36,quantile,0.025,448,2027-03-27
2027-03-13,wk inc flu hosp,2,36,quantile,0.05,476,2027-03-27
2027-03-13,wk inc flu hosp,2,36,quantile,0.1,507,2027-03-27
2027-03-13,wk inc flu hosp,2,36,quantile,0.15,544,2027-03-27
2027-03-13,wk inc flu hosp,2,36,quantile,0.2,555,2027-03-27
2027-03-13,wk inc flu hosp,2,36,quantile,0.25,574,2027-03-27
2027-03-13,wk inc flu hosp,2,36,quantile,0.3,595,2027-03-27
2027-03-13,wk inc flu hosp,2,36,quantile,0.35,615,2027-03-27
2027-03-13,wk inc flu hosp,2,36,quantile,0.4,640,2027-03-27
2027-03-13,wk inc flu hosp,2,36,quantile,0.45,661,2027-03-27
2027-03-13,wk inc flu hosp,2,36,quantile,0.5,672,2027-03-27
2027-03-13,wk inc flu hosp,2,36,quantile,0.55,687,2027-03-27
2027-03-13,wk inc flu hosp,2,36,quantile,0.6,704,2027-03-27
2027-03-13,wk inc flu hosp,2,36,quantile,0.65,720,2027-03-27
2027-03-13,wk inc flu hosp,2,36,quantile,0.7,731,2027-03-27
2027-03-13,wk inc flu hosp,2,36,quantile,0.75,745,2027-03-27
2027-03-13,wk inc flu hosp,2,36,quantile,0.8,760,2027-03-27
2027-03-13,wk inc flu hosp,2,36,quantile,0.85,808,2027-03-27
2027-03-13,wk inc flu hosp,2,36,quantile,0.9,873,2027-03-27
2027-03-13,wk inc flu hosp,2,36,quantile,0.95,897,2027-03-27
2027-03-13,wk inc flu hosp,2,36,quantile,0.975,959,2027-03-27
2027-03-13,wk inc flu hosp,2,36,quantile,0.99,1012,2027-03-27
2027-03-13,wk inc flu hosp,2,37,quantile,0.01,116,2027-03-27
2027-03-13,wk inc flu hosp,2,37,quantile,0.025,127,2027-03-27
2027-03-13,wk inc flu hosp,2,37,quantile,0.05,150,2027-03-27
2027-03-13,wk inc flu hosp,2,37,quantile,0.1,158,2027-03-27
2027-03-13,wk inc flu hosp,2,37,quantile,0.15,167,2027-03-27
2027-03-13,wk inc flu hosp,2,37,quantile,0.2,175,2027-03-27
2027-03-13,wk inc flu hosp,2,37,quantile,0.25,179,2027-03-27
2027-03-13,wk inc flu hosp,2,37,quantile,0.3,187,2027-03-27
2027-03-13,wk inc flu hosp,2,37,quantile,0.35,194,2027-03-27
2027-03-13,wk inc flu hosp,2,37,quantile,0.4,207,2027-03-27
2027-03-13,wk inc flu hosp,2,37,quantile,0.45,221,2027-03-27
2027-03-13,wk inc flu hosp,2,37,quantile,0.5,226,2027-03-27
2027-03-13,wk inc flu hosp,2,37,quantile,0.55,233,2027-03-27
2027-03-13,wk inc flu hosp,2,37,quantile,0.6,248,2027-03-27
2027-03-13,wk inc flu hosp,2,37,quantile,0.65,257,2027-03-27
2027-03-13,wk inc flu hosp,2,37,quantile,0.7,264,2027-03-27
2027-03-13,wk inc flu hosp,2,37,quantile,0.75,271,2027-03-27
2027-03-13,wk inc flu hosp,2,37,quantile,0.8,284,2027-03-27
2027-03-13,wk inc flu hosp,2,37,quantile,0.85,302,2027-03-27
2027-03-13,wk inc flu hosp,2,37,quantile,0.9,316,2027-03-27
2027-03-13,wk inc flu hosp,2,37,quantile,0.95,340,2027-03-27
2027-03-13,wk inc flu hosp,2,37,quantile,0.975,355,2027-03-27
2027-03-13,wk inc flu hosp,2,37,quantile,0.99,384,2027-03-27
2027-03-13,wk inc flu hosp,2,38,quantile,0.01,18,2027-03-27
2027-03-13,wk inc flu hosp,2,38,quantile,0.025,20,2027-03-27
2027-03-13,wk inc flu hosp,2,38,quantile,0.05,23,2027-03-27
2027-03-13,wk inc flu hosp,2,38,quantile,0.1,26,2027-03-27
2027-03-13,wk inc flu hosp,2,38,quantile,0.15,28,2027-03-27
2027-03-13,wk inc flu hosp,2,38,quantile,0.2,30,2027-03-27
2027-03-13,wk inc flu hosp,2,38,quantile,0.25,30,2027-03-27
2027-03-13,wk inc flu hosp,2,38,quantile,0.3,32,2027-03-27
2027-03-13,wk inc flu hosp,2,38,quantile,0.35,33,2027-03-27
2027-03-13,wk inc flu hosp,2,38,quantile,0.4,35,2027-03-27
2027-03-13,wk inc flu hosp,2,38,quantile,0.45,37,2027-03-27
2027-03-13,wk inc flu hosp,2,38,quantile,0.5,39,2027-03-27
2027-03-13,wk inc flu hosp,2,38,quantile,0.55,40,2027-03-27
2027-03-13,wk inc flu hosp,2,38,quantile,0.6,43,2027-03-27
2027-03-13,wk inc flu hosp,2,38,quantile,0.65,44,2027-03-27
2027-03-13,wk inc flu hosp,2,38,quantile,0.7,46,2027-03-27
2027-03-13,wk inc flu hosp,2,38,quantile,0.75,51,2027-03-27
2027-03-13,wk inc flu hosp,2,38,quantile,0.8,53,2027-03-27
2027-03-13,wk inc flu hosp,2,38,quantile,0.85,57,2027-03-27
2027-03-13,wk inc flu hosp,2,38,quantile,0.9,60,2027-03-27
2027-03-13,wk inc flu hosp,2,38,quantile,0.95,74,2027-03-27
2027-03-13,wk inc flu hosp,2,38,quantile,0.975,85,2027-03-27
2027-03-13,wk inc flu hosp,2,38,quantile,0.99,88,2027-03-27
2027-03-13,wk inc flu hosp,2,39,quantile,0.01,180,2027-03-27
2027-03-13,wk inc flu hosp,2,39,quantile,0.025,195,2027-03-27
2027-03-13,wk inc flu hosp,2,39,quantile,0.05,199,2027-03-27
2027-03-13,wk inc flu hosp,2,39,quantile,0.1,226,2027-03-27
2027-03-13,wk inc flu hosp,2,39,quantile,0.15,241,2027-03-27
2027-03-13,wk inc flu hosp,2,39,quantile,0.2,255,2027-03-27
2027-03-13,wk inc flu hosp,2,39,quantile,0.25,264,2027-03-27
2027-03-13,wk inc flu hosp,2,39,quantile,0.3,272,2027-03-27
2027-03-13,wk inc flu hosp,2,39,quantile,0.35,283,2027-03-27
2027-03-13,wk inc flu hosp,2,39,quantile,0.4,294,2027-03-27
2027-03-13,wk inc flu hosp,2,39,quantile,0.45,301,2027-03-27
2027-03-13,wk inc flu hosp,2,39,quantile,0.5,309,2027-03-27
2027-03-13,wk inc flu hosp,2,39,quantile,0.55,318,2027-03-27
2027-03-13,wk inc flu hosp,2,39,quantile,0.6,326,2027-03-27
2027-03-13,wk inc flu hosp,2,39,quantile,0.65,335,2027-03-27
2027-03-13,wk inc flu hosp,2,39,quantile,0.7,346,2027-03-27
2027-03-13,wk inc flu hosp,2,39,quantile,0.75,354,2027-03-27
2027-03-13,wk inc flu hosp,2,39,quantile,0.8,361,2027-03-27
2027-03-13,wk inc flu hosp,2,39,quantile,0.85,386,2027-03-27
2027-03-13,wk inc flu hosp,2,39,quantile,0.9,421,2027-03-27
2027-03-13,wk inc flu hosp,2,39,quantile,0.95,446,2027-03-27
2027-03-13,wk inc flu hosp,2,39,quantile,0.975,465,2027-03-27
2027-03-13,wk inc flu hosp,2,39,quantile,0.99,518,2027-03-27
2027-03-13,wk inc flu hosp,2,40,quantile,0.01,40,2027-03-27
2027-03-13,wk inc flu hosp,2,40,quantile,0.025,45,2027-03-27
2027-03-13,wk inc flu hosp,2,40,quantile,0.05,51,2027-03-27
2027-03-13,wk inc flu hosp,2,40,quantile,0.1,59,2027-03-27
2027-03-13,wk inc flu hosp,2,40,quantile,0.15,66,2027-03-27
2027-03-13,wk inc flu hosp,2,40,quantile,0.2,70,2027-03-27
2027-03-13,wk inc flu hosp,2,40,quantile,0.25,73,2027-03-27
2027-03-13,wk inc flu hosp,2,40,quantile,0.3,78,2027-03-27
2027-03-13,wk inc flu hosp,2,40,quantile,0.35,80,2027-03-27
2027-03-13,wk inc flu hosp,2,40,quantile,0.4,84,2027-03-27
2027-03-13,wk inc flu hosp,2,40,quantile,0.45,85,2027-03-27
2027-03-13,wk inc flu hosp,2,40,quantile,0.5,87,2027-03-27
2027-03-13,wk inc flu hosp,2,40,quantile,0.55,91,2027-03-27
2027-03-13,wk inc flu hosp,2,40,quantile,0.6,94,2027-03-27
2027-03-13,wk inc flu hosp,2,40,quantile,0.65,98,2027-03-27
2027-03-13,wk inc flu hosp,2,40,quantile,0.7,104,2027-03-27
2027-03-13,wk inc flu hosp,2,40,quantile,0.75,108,2027-03-27
2027-03-13,wk inc flu hosp,2,40,quantile,0.8,113,2027-03-27
2027-03-13,wk inc flu hosp,2,40,quantile,0.85,116,2027-03-27
2027-03-13,wk inc flu hosp,2,40,quantile,0.9,122,2027-03-27
2027-03-13,wk inc flu hosp,2,40,quantile,0.95,141,2027-03-27
2027-03-13,wk inc flu hosp,2,40,quantile,0.975,148,2027-03-27
2027-03-13,wk inc flu hosp,2,40,quantile,0.99,162,2027-03-27
2027-03-13,wk inc flu hosp,2,41,quantile,0.01,46,2027-03-27
2027-03-13,wk inc flu hosp,2,41,quantile,0.025,52,2027-03-27
2027-03-13,wk inc flu hosp,2,41,quantile,0.05,55,2027-03-27
2027-03-13,wk inc flu hosp,2,41,quantile,0.1,60,2027-03-27
2027-03-13,wk inc flu hosp,2,41,quantile,0.15,66,2027-03-27
2027-03-13,wk inc flu hosp,2,41,quantile,0.2,70,2027-03-27
2027-03-13,wk inc flu hosp,2,41,quantile,0.25,73,2027-03-27
2027-03-13,wk inc flu hosp,2,41,quantile,0.3,75,2027-03-27
2027-03-13,wk inc flu hosp,2,41,quantile,0.35,77,2027-03-27
2027-03-13,wk inc flu hosp,2,41,quantile,0.4,79,2027-03-27
2027-03-13,wk inc flu hosp,2,41,quantile,0.45,83,2027-03-27
2027-03-13,wk inc flu hosp,2,41,quantile,0.5,84,2027-03-27
2027-03-13,wk inc flu hosp,2,41,quantile,0.55,86,2027-03-27
2027-03-13,wk inc flu hosp,2,41,quantile,0.6,90,2027-03-27
2027-03-13,wk inc flu hosp,2,41,quantile,0.65,93,2027-03-27
2027-03-13,wk inc flu hosp,2,41,quantile,0.7,96,2027-03-27
2027-03-13,wk inc flu hosp,2,41,quantile,0.75,102,2027-03-27
2027-03-13,wk inc flu hosp,2,41,quantile,0.8,105,2027-03-27
2027-03-13,wk inc flu hosp,2,41,quantile,0.85,110,2027-03-27
2027-03-13,wk inc flu hosp,2,41,quantile,0.9,117,2027-03-27
2027-03-13,wk inc flu hosp,2,41,quantile,0.95,130,2027-03-27
2027-03-13,wk inc flu hosp,2,41,quantile,0.975,137,2027-03-27
2027-03-13,wk inc flu hosp,2,41,quantile,0.99,147,2027-03-27
2027-03-13,wk inc flu hosp,2,42,quantile,0.01,436,2027-03-27
2027-03-13,wk inc flu hosp,2,42,quantile,0.025,494,2027-03-27
2027-03-13,wk inc flu hosp,2,42,quantile,0.05,517,2027-03-27
2027-03-13,wk inc flu hosp,2,42,quantile,0.1,576,2027-03-27
2027-03-13,wk inc flu hosp,2,42,quantile,0.15,595,2027-03-27
2027-03-13,wk inc flu hosp,2,42,quantile,0.2,627,2027-03-27
2027-03-13,wk inc flu hosp,2,42,quantile,0.25,652,2027-03-27
2027-03-13,wk inc flu hosp,2,42,quantile,0.3,682,2027-03-27
2027-03-13,wk inc flu hosp,2,42,quantile,0.35,713,2027-03-27
2027-03-13,wk inc flu hosp,2,42,quantile,0.4,735,2027-03-27
2027-03-13,wk inc flu hosp,2,42,quantile,0.45,744,2027-03-27
2027-03-13,wk inc flu hosp,2,42,quantile,0.5,776,2027-03-27
2027-03-13,wk inc flu hosp,2,42,quantile,0.55,810,2027-03-27
2027-03-13,wk inc flu hosp,2,42,quantile,0.6,835,2027-03-27
2027-03-13,wk inc flu hosp,2,42,quantile,0.65,859,2027-03-27
2027-03-13,wk inc flu hosp,2,42,quantile,0.7,896,2027-03-27
2027-03-13,wk inc flu hosp,2,42,quantile,0.75,928,2027-03-27
2027-03-13,wk inc flu hosp,2,42,quantile,0.8,954,2027-03-27
2027-03-13,wk inc flu hosp,2,42,quantile,0.85,979,2027-03-27
2027-03-13,wk inc flu hosp,2,42,quantile,0.9,1031,2027-03-27
2027-03-13,wk inc flu hosp,2,42,quantile,0.95,1118,2027-03-27
2027-03-13,wk inc flu hosp,2,42,quantile,0.975,1393,2027-03-27
2027-03-13,wk inc flu hosp,2,42,quantile,0.99,1438,2027-03-27
2027-03-13,wk inc flu hosp,2,44,quantile,0.01,10,2027-03-27
2027-03-13,wk inc flu hosp,2,44,quantile,0.025,10,2027-03-27
2027-03-13,wk inc flu hosp,2,44,quantile,0.05,12,2027-03-27
2027-03-13,wk inc flu hosp,2,44,quantile,0.1,15,2027-03-27
2027-03-13,wk inc flu hosp,2,44,quantile,0.15,16,2027-03-27
2027-03-13,wk inc flu hosp,2,44,quantile,0.2,17,2027-03-27
2027-03-13,wk inc flu hosp,2,44,quantile,0.25,19,2027-03-27
2027-03-13,wk inc flu hosp,2,44,quantile,0.3,21,2027-03-27
2027-03-13,wk inc flu hosp,2,44,quantile,0.35,22,2027-03-27
2027-03-13,wk inc flu hosp,2,44,quantile,0.4,23,2027-03-27
2027-03-13,wk inc flu hosp,2,44,quantile,0.45,24,2027-03-27
2027-03-13,wk inc flu hosp,2,44,quantile,0.5,25,2027-03-27
2027-03-13,wk inc flu hosp,2,44,quantile,0.55,27,2027-03-27
2027-03-13,wk inc flu hosp,2,44,quantile,0.6,28,2027-03-27
2027-03-13,wk inc flu hosp,2,44,quantile,0.65,29,2027-03-27
2027-03-13,wk inc flu hosp,2,44,quantile,0.7,31,2027-03-27
2027-03-13,wk inc flu hosp,2,44,quantile,0.75,33,2027-03-27
2027-03-13,wk inc flu hosp,2,44,quantile,0.8,34,2027-03-27
2027-03-13,wk inc flu hosp,2,44,quantile,0.85,37,2027-03-27
2027-03-13,wk inc flu hosp,2,44,quantile,0.9,39,2027-03-27
2027-03-13,wk inc flu hosp,2,44,quantile,0.95,43,2027-03-27
2027-03-13,wk inc flu hosp,2,44,quantile,0.975,47,2027-03-27
2027-03-13,wk inc flu hosp,2,44,quantile,0.99,51,2027-03-27
2027-03-13,wk inc flu hosp,2,45,quantile,0.01,58,2027-03-27
2027-03-13,wk inc flu hosp,2,45,quantile,0.025,61,2027-03-27
2027-03-13,wk inc flu hosp,2,45,quantile,0.05,65,2027-03-27
2027-03-13,wk inc flu hosp,2,45,quantile,0.1,69,2027-03-27
2027-03-13,wk inc flu hosp,2,45,quantile,0.15,74,2027-03-27
2027-03-13,wk inc flu hosp,2,45,quantile,0.2,82,2027-03-27
2027-03-13,wk inc flu hosp,2,45,quantile,0.25,85,2027-03-27
2027-03-13,wk inc flu hosp,2,45,quantile,0.3,89,2027-03-27
2027-03-13,wk inc flu hosp,2,45,quantile,0.35,93,2027-03-27
2027-03-13,wk inc flu hosp,2,45,quantile,0.4,96,2027-03-27
2027-03-13,wk inc flu hosp,2,45,quantile,0.45,98,2027-03-27
2027-03-13,wk inc flu hosp,2,45,quantile,0.5,106,2027-03-27
2027-03-13,wk inc flu hosp,2,45,quantile,0.55,114,2027-03-27
2027-03-13,wk inc flu hosp,2,45,quantile,0.6,118,2027-03-27
2027-03-13,wk inc flu hosp,2,45,quantile,0.65,122,2027-03-27
2027-03-13,wk inc flu hosp,2,45,quantile,0.7,126,2027-03-27
2027-03-13,wk inc flu hosp,2,45,quantile,0.75,130,2027-03-27
2027-03-13,wk inc flu hosp,2,45,quantile,0.8,134,2027-03-27
2027-03-13,wk inc flu hosp,2,45,quantile,0.85,137,2027-03-27
2027-03-13,wk inc flu hosp,2,45,quantile,0.9,143,2027-03-27
2027-03-13,wk inc flu hosp,2,45,quantile,0.95,173,2027-03-27
2027-03-13,wk inc flu hosp,2,45,quantile,0.975,178,2027-03-27
2027-03-13,wk inc flu hosp,2,45,quantile,0.99,202,2027-03-27
2027-03-13,wk inc flu hosp,2,46,quantile,0.01,10,2027-03-27
2027-03-13,wk inc flu hosp,2,46,quantile,0.025,11,2027-03-27
2027-03-13,wk inc flu hosp,2,46,quantile,0.05,12,2027-03-27
2027-03-13,wk inc flu hosp,2,46,quantile,0.1,14,2027-03-27
2027-03-13,wk inc flu hosp,2,46,quantile,0.15,15,2027-03-27
2027-03-13,wk inc flu hosp,2,46,quantile,0.2,17,2027-03-27
2027-03-13,wk inc flu hosp,2,46,quantile,0.25,18,2027-03-27
2027-03-13,wk inc flu hosp,2,46,quantile,0.3,19,2027-03-27
2027-03-13,wk inc flu hosp,2,46,quantile,0.35,20,2027-03-27
2027-03-13,wk inc flu hosp,2,46,quantile,0.4,21,2027-03-27
2027-03-13,wk inc flu hosp,2,46,quantile,0.45,21,2027-03-27
2027-03-13,wk inc flu hosp,2,46,quantile,0.5,22,2027-03-27
2027-03-13,wk inc flu hosp,2,46,quantile,0.55,23,2027-03-27
2027-03-13,wk inc flu hosp,2,46,quantile,0.6,25,2027-03-27
2027-03-13,wk inc flu hosp,2,46,quantile,0.65,26,2027-03-27
2027-03-13,wk inc flu hosp,2,46,quantile,0.7,27,2027-03-27
2027-03-13,wk inc flu hosp,2,46,quantile,0.75,28,2027-03-27
2027-03-13,wk inc flu hosp,2,46,quantile,0.8,29,2027-03-27
2027-03-13,wk inc flu hosp,2,46,quantile,0.85,32,2027-03-27
2027-03-13,wk inc flu hosp,2,46,quantile,0.9,34,2027-03-27
2027-03-13,wk inc flu hosp,2,46,quantile,0.95,39,2027-03-27
2027-03-13,wk inc flu hosp,2,46,quantile,0.975,41,2027-03-27
2027-03-13,wk inc flu hosp,2,46,quantile,0.99,43,2027-03-27
2027-03-13,wk inc flu hosp,2,47,quantile,0.01,130,2027-03-27
2027-03-13,wk inc flu hosp,2,47,quantile,0.025,136,2027-03-27
2027-03-13,wk inc flu hosp,2,47,quantile,0.05,154,2027-03-27
2027-03-13,wk inc flu hosp,2,47,quantile,0.1,171,2027-03-27
2027-03-13,wk inc flu hosp,2,47,quantile,0.15,177,2027-03-27
2027-03-13,wk inc flu hosp,2,47,quantile,0.2,184,2027-03-27
2027-03-13,wk inc flu hosp,2,47,quantile,0.25,190,2027-03-27
2027-03-13,wk inc flu hosp,2,47,quantile,0.3,196,2027-03-27
2027-03-13,wk inc flu hosp,2,47,quantile,0.35,200,2027-03-27
2027-03-13,wk inc flu hosp,2,47,quantile,0.4,204,2027-03-27
2027-03-13,wk inc flu hosp,2,47,quantile,0.45,208,2027-03-27
2027-03-13,wk inc flu hosp,2,47,quantile,0.5,216,2027-03-27
2027-03-13,wk inc flu hosp,2,47,quantile,0.55,225,2027-03-27
2027-03-13,wk inc flu hosp,2,47,quantile,0.6,230,2027-03-27
2027-03-13,wk inc flu hosp,2,47,quantile,0.65,236,2027-03-27
2027-03-13,wk inc flu hosp,2,47,quantile,0.7,239,2027-03-27
2027-03-13,wk inc flu hosp,2,47,quantile,0.75,247,2027-03-27
2027-03-13,wk inc flu hosp,2,47,quantile,0.8,260,2027-03-27
2027-03-13,wk inc flu hosp,2,47,quantile,0.85,269,2027-03-27
2027-03-13,wk inc flu hosp,2,47,quantile,0.9,281,2027-03-27
2027-03-13,wk inc flu hosp,2,47,quantile,0.95,302,2027-03-27
2027-03-13,wk inc flu hosp,2,47,quantile,0.975,322,2027-03-27
2027-03-13,wk inc flu hosp,2,47,quantile,0.99,336,2027-03-27
2027-03-13,wk inc flu hosp,2,48,quantile,0.01,300,2027-03-27
2027-03-13,wk inc flu hosp,2,48,quantile,0.025,321,2027-03-27
2027-03-13,wk inc flu hosp,2,48,quantile,0.05,342,2027-03-27
2027-03-13,wk inc flu hosp,2,48,quantile,0.1,376,2027-03-27
2027-03-13,wk inc flu hosp,2,48,quantile,0.15,390,2027-03-27
2027-03-13,wk inc flu hosp,2,48,quantile,0.2,408,2027-03-27
2027-03-13,wk inc flu hosp,2,48,quantile,0.25,442,2027-03-27
2027-03-13,wk inc flu hosp,2,48,quantile,0.3,480,2027-03-27
2027-03-13,wk inc flu hosp,2,48,quantile,0.35,519,2027-03-27
2027-03-13,wk inc flu hosp,2,48,quantile,0.4,543,2027-03-27
2027-03-13,wk inc flu hosp,2,48,quantile,0.45,573,2027-03-27
2027-03-13,wk inc flu hosp,2,48,quantile,0.5,588,2027-03-27
2027-03-13,wk inc flu hosp,2,48,quantile,0.55,602,2027-03-27
2027-03-13,wk inc flu hosp,2,48,quantile,0.6,616,2027-03-27
2027-03-13,wk inc flu hosp,2,48,quantile,0.65,632,2027-03-27
2027-03-13,wk inc flu hosp,2,48,quantile,0.7,656,2027-03-27
2027-03-13,wk inc flu hosp,2,48,quantile,0.75,684,2027-03-27
2027-03-13,wk inc flu hosp,2,48,quantile,0.8,703,2027-03-27
2027-03-13,wk inc flu hosp,2,48,quantile,0.85,738,2027-03-27
2027-03-13,wk inc flu hosp,2,48,quantile,0.9,827,2027-03-27
2027-03-13,wk inc flu hosp,2,48,quantile,0.95,947,2027-03-27
2027-03-13,wk inc flu hosp,2,48,quantile,0.975,1114,2027-03-27
2027-03-13,wk inc flu hosp,2,48,quantile,0.99,1178,2027-03-27
2027-03-13,wk inc flu hosp,2,49,quantile,0.01,27,2027-03-27
2027-03-13,wk inc flu hosp,2,49,quantile,0.025,30,2027-03-27
2027-03-13,wk inc flu hosp,2,49,quantile,0.05,30,2027-03-27
2027-03-13,wk inc flu hosp,2,49,quantile,0.1,34,2027-03-27
2027-03-13,wk inc flu hosp,2,49,quantile,0.15,35,2027-03-27
2027-03-13,wk inc flu hosp,2,49,quantile,0.2,35,2027-03-27
2027-03-13,wk inc flu hosp,2,49,quantile,0.25,37,2027-03-27
2027-03-13,wk inc flu hosp,2,49,quantile,0.3,38,2027-03-27
2027-03-13,wk inc flu hosp,2,49,quantile,0.35,40,2027-03-27
2027-03-13,wk inc flu hosp,2,49,quantile,0.4,41,2027-03-27
2027-03-13,wk inc flu hosp,2,49,quantile,0.45,42,2027-03-27
2027-03-13,wk inc flu hosp,2,49,quantile,0.5,44,2027-03-27
2027-03-13,wk inc flu hosp,2,49,quantile,0.55,45,2027-03-27
2027-03-13,wk inc flu hosp,2,49,quantile,0.6,47,2027-03-27
2027-03-13,wk inc flu hosp,2,49,quantile,0.65,49,2027-03-27
2027-03-13,wk inc flu hosp,2,49,quantile,0.7,51,2027-03-27
2027-03-13,wk inc flu hosp,2,49,quantile,0.75,54,2027-03-27
2027-03-13,wk inc flu hosp,2,49,quantile,0.8,55,2027-03-27
2027-03-13,wk inc flu hosp,2,49,quantile,0.85,57,2027-03-27
2027-03-13,wk inc flu hosp,2,49,quantile,0.9,60,2027-03-27
2027-03-13,wk inc flu hosp,2,49,quantile,0.95,67,2027-03-27
2027-03-13,wk inc flu hosp,2,49,quantile,0.975,69,2027-03-27
2027-03-13,wk inc flu hosp,2,49,quantile,0.99,76,2027-03-27
2027-03-13,wk inc flu hosp,2,50,quantile,0.01,6,2027-03-27
2027-03-13,wk inc flu hosp,2,50,quantile,0.025,8,2027-03-27
2027-03-13,wk inc flu hosp,2,50,quantile,0.05,9,2027-03-27
2027-03-13,wk inc flu hosp,2,50,quantile,0.1,13,2027-03-27
2027-03-13,wk inc flu hosp,2,50,quantile,0.15,14,2027-03-27
2027-03-13,wk inc flu hosp,2,50,quantile,0.2,15,2027-03-27
2027-03-13,wk inc flu hosp,2,50,quantile,0.25,16,2027-03-27
2027-03-13,wk inc flu hosp,2,50,quantile,0.3,17,2027-03-27
2027-03-13,wk inc flu hosp,2,50,quantile,0.35,18,2027-03-27
2027-03-13,wk inc flu hosp,2,50,quantile,0.4,19,2027-03-27
2027-03-13,wk inc flu hosp,2,50,quantile,0.45,20,2027-03-27
2027-03-13,wk inc flu hosp,2,50,quantile,0.5,21,2027-03-27
2027-03-13,wk inc flu hosp,2,50,quantile,0.55,22,2027-03-27
2027-03-13,wk inc flu hosp,2,50,quantile,0.6,23,2027-03-27
2027-03-13,wk inc flu hosp,2,50,quantile,0.65,24,2027-03-27
2027-03-13,wk inc flu hosp,2,50,quantile,0.7,25,2027-03-27
2027-03-13,wk inc flu hosp,2,50,quantile,0.75,26,2027-03-27
2027-03-13,wk inc flu hosp,2,50,quantile,0.8,29,2027-03-27
2027-03-13,wk inc flu hosp,2,50,quantile,0.85,31,2027-03-27
2027-03-13,wk inc flu hosp,2,50,quantile,0.9,34,2027-03-27
2027-03-13,wk inc flu hosp,2,50,quantile,0.95,37,2027-03-27
2027-03-13,wk inc flu hosp,2,50,quantile,0.975,46,2027-03-27
2027-03-13,wk inc flu hosp,2,50,quantile,0.99,49,2027-03-27
2027-03-13,wk inc flu hosp,2,51,quantile,0.01,101,2027-03-27
2027-03-13,wk inc flu hosp,2,51,quantile,0.025,107,2027-03-27
2027-03-13,wk inc flu hosp,2,51,quantile,0.05,115,2027-03-27
2027-03-13,wk inc flu hosp,2,51,quantile,0.1,128,2027-03-27
2027-03-13,wk inc flu hosp,2,51,quantile,0.15,135,2027-03-27
2027-03-13,wk inc flu hosp,2,51,quantile,0.2,140,2027-03-27
2027-03-13,wk inc flu hosp,2,51,quantile,0.25,145,2027-03-27
2027-03-13,wk inc flu hosp,2,51,quantile,0.3,149,2027-03-27
2027-03-13,wk inc flu hosp,2,51,quantile,0.35,154,2027-03-27
2027-03-13,wk inc flu hosp,2,51,quantile,0.4,158,2027-03-27
2027-03-13,wk inc flu hosp,2,51,quantile,0.45,164,2027-03-27
2027-03-13,wk inc flu hosp,2,51,quantile,0.5,169,2027-03-27
2027-03-13,wk inc flu hosp,2,51,quantile,0.55,174,2027-03-27
2027-03-13,wk inc flu hosp,2,51,quantile,0.6,178,2027-03-27
2027-03-13,wk inc flu hosp,2,51,quantile,0.65,180,2027-03-27
2027-03-13,wk inc flu hosp,2,51,quantile,0.7,188,2027-03-27
2027-03-13,wk inc flu hosp,2,51,quantile,0.75,194,2027-03-27
2027-03-13,wk inc flu hosp,2,51,quantile,0.8,199,2027-03-27
2027-03-13,wk inc flu hosp,2,51,quantile,0.85,206,2027-03-27
2027-03-13,wk inc flu hosp,2,51,quantile,0.9,218,2027-03-27
2027-03-13,wk inc flu hosp,2,51,quantile,0.95,229,2027-03-27
2027-03-13,wk inc flu hosp,2,51,quantile,0.975,240,2027-03-27
2027-03-13,wk inc flu hosp,2,51,quantile,0.99,248,2027-03-27
2027-03-13,wk inc flu hosp,2,53,quantile,0.01,46,2027-03-27
2027-03-13,wk inc flu hosp,2,53,quantile,0.025,52,2027-03-27
2027-03-13,wk inc flu hosp,2,53,quantile,0.05,59,2027-03-27
2027-03-13,wk inc flu hosp,2,53,quantile,0.1,66,2027-03-27
2027-03-13,wk inc flu hosp,2,53,quantile,0.15,69,2027-03-27
2027-03-13,wk inc flu hosp,2,53,quantile,0.2,75,2027-03-27
2027-03-13,wk inc flu hosp,2,53,quantile,0.25,82,2027-03-27
2027-03-13,wk inc flu hosp,2,53,quantile,0.3,84,2027-03-27
2027-03-13,wk inc flu hosp,2,53,quantile,0.35,88,2027-03-27
2027-03-13,wk inc flu hosp,2,53,quantile,0.4,93,2027-03-27
2027-03-13,wk inc flu hosp,2,53,quantile,0.45,94,2027-03-27
2027-03-13,wk inc flu hosp,2,53,quantile,0.5,98,2027-03-27
2027-03-13,wk inc flu hosp,2,53,quantile,0.55,102,2027-03-27
2027-03-13,wk inc flu hosp,2,53,quantile,0.6,104,2027-03-27
2027-03-13,wk inc flu hosp,2,53,quantile,0.65,106,2027-03-27
2027-03-13,wk inc flu hosp,2,53,quantile,0.7,112,2027-03-27
2027-03-13,wk inc flu hosp,2,53,quantile,0.75,119,2027-03-27
2027-03-13,wk inc flu hosp,2,53,quantile,0.8,125,2027-03-27
2027-03-13,wk inc flu hosp,2,53,quantile,0.85,129,2027-03-27
2027-03-13,wk inc flu hosp,2,53,quantile,0.9,144,2027-03-27
2027-03-13,wk inc flu hosp,2,53,quantile,0.95,160,2027-03-27
2027-03-13,wk inc flu hosp,2,53,quantile,0.975,168,2027-03-27
2027-03-13,wk inc flu hosp,2,53,quantile,0.99,175,2027-03-27
2027-03-13,wk inc flu hosp,2,54,quantile,0.01,57,2027-03-27
2027-03-13,wk inc flu hosp,2,54,quantile,0.025,61,2027-03-27
2027-03-13,wk inc flu hosp,2,54,quantile,0.05,67,2027-03-27
2027-03-13,wk inc flu hosp,2,54,quantile,0.1,76,2027-03-27
2027-03-13,wk inc flu hosp,2,54,quantile,0.15,84,2027-03-27
2027-03-13,wk inc flu hosp,2,54,quantile,0.2,87,2027-03-27
2027-03-13,wk inc flu hosp,2,54,quantile,0.25,91,2027-03-27
2027-03-13,wk inc flu hosp,2,54,quantile,0.3,95,2027-03-27
2027-03-13,wk inc flu hosp,2,54,quantile,0.35,98,2027-03-27
2027-03-13,wk inc flu hosp,2,54,quantile,0.4,100,2027-03-27
2027-03-13,wk inc flu hosp,2,54,quantile,0.45,103,2027-03-27
2027-03-13,wk inc flu hosp,2,54,quantile,0.5,106,2027-03-27
2027-03-13,wk inc flu hosp,2,54,quantile,0.55,109,2027-03-27
2027-03-13,wk inc flu hosp,2,54,quantile,0.6,115,2027-03-27
2027-03-13,wk inc flu hosp,2,54,quantile,0.65,118,2027-03-27
2027-03-13,wk inc flu hosp,2,54,quantile,0.7,120,2027-03-27
2027-03-13,wk inc flu hosp,2,54,quantile,0.75,124,2027-03-27
2027-03-13,wk inc flu hosp,2,54,quantile,0.8,130,2027-03-27
2027-03-13,wk inc flu hosp,2,54,quantile,0.85,132,2027-03-27
2027-03-13,wk inc flu hosp,2,54,quantile,0.9,140,2027-03-27
2027-03-13,wk inc flu hosp,2,54,quantile,0.95,154,2027-03-27
2027-03-13,wk inc flu hosp,2,54,quantile,0.975,164,2027-03-27
2027-03-13,wk inc flu hosp,2,54,quantile,0.99,171,2027-03-27
2027-03-13,wk inc flu hosp,2,55,quantile,0.01,82,2027-03-27
2027-03-13,wk inc flu hosp,2,55,quantile,0.025,101,2027-03-27
2027-03-13,wk inc flu hosp,2,55,quantile,0.05,107,2027-03-27
2027-03-13,wk inc flu hosp,2,55,quantile,0.1,112,2027-03-27
2027-03-13,wk inc flu hosp,2,55,quantile,0.15,118,2027-03-27
2027-03-13,wk inc flu hosp,2,55,quantile,0.2,126,2027-03-27
2027-03-13,wk inc flu hosp,2,55,quantile,0.25,129,2027-03-27
2027-03-13,wk inc flu hosp,2,55,quantile,0.3,138,2027-03-27
2027-03-13,wk inc flu hosp,2,55,quantile,0.35,141,2027-03-27
2027-03-13,wk inc flu hosp,2,55,quantile,0.4,146,2027-03-27
2027-03-13,wk inc flu hosp,2,55,quantile,0.45,150,2027-03-27
2027-03-13,wk inc flu hosp,2,55,quantile,0.5,154,2027-03-27
2027-03-13,wk inc flu hosp,2,55,quantile,0.55,157,2027-03-27
2027-03-13,wk inc flu hosp,2,55,quantile,0.6,160,2027-03-27
2027-03-13,wk inc flu hosp,2,55,quantile,0.65,166,2027-03-27
2027-03-13,wk inc flu hosp,2,55,quantile,0.7,172,2027-03-27
2027-03-13,wk inc flu hosp,2,55,quantile,0.75,176,2027-03-27
2027-03-13,wk inc flu hosp,2,55,quantile,0.8,181,2027-03-27
2027-03-13,wk inc flu hosp,2,55,quantile,0.85,191,2027-03-27
2027-03-13,wk inc flu hosp,2,55,quantile,0.9,201,2027-03-27
2027-03-13,wk inc flu hosp,2,55,quantile,0.95,211,2027-03-27
2027-03-13,wk inc flu hosp,2,55,quantile,0.975,222,2027-03-27
2027-03-13,wk inc flu hosp,2,55,quantile,0.99,237,2027-03-27
2027-03-13,wk inc flu hosp,2,56,quantile,0.01,6,2027-03-27
2027-03-13,wk inc flu hosp,2,56,quantile,0.025,9,2027-03-27
2027-03-13,wk inc flu hosp,2,56,quantile,0.05,10,2027-03-27
2027-03-13,wk inc flu hosp,2,56,quantile,0.1,12,2027-03-27
2027-03-13,wk inc flu hosp,2,56,quantile,0.15,13,2027-03-27
2027-03-13,wk inc flu hosp,2,56,quantile,0.2,15,2027-03-27
2027-03-13,wk inc flu hosp,2,56,quantile,0.25,17,2027-03-27
2027-03-13,wk inc flu hosp,2,56,quantile,0.3,18,2027-03-27
2027-03-13,wk inc flu hosp,2,56,quantile,0.35,19,2027-03-27
2027-03-13,wk inc flu hosp,2,56,quantile,0.4,20,2027-03-27
2027-03-13,wk inc flu hosp,2,56,quantile,0.45,21,2027-03-27
2027-03-13,wk inc flu hosp,2,56,quantile,0.5,22,2027-03-27
2027-03-13,wk inc flu hosp,2,56,quantile,0.55,23,2027-03-27
2027-03-13,wk inc flu hosp,2,56,quantile,0.6,23,2027-03-27
2027-03-13,wk inc flu hosp,2,56,quantile,0.65,25,2027-03-27
2027-03-13,wk inc flu hosp,2,56,quantile,0.7,28,2027-03-27
2027-03-13,wk inc flu hosp,2,56,quantile,0.75,31,2027-03-27
2027-03-13,wk inc flu hosp,2,56,quantile,0.8,34,2027-03-27
2027-03-13,wk inc flu hosp,2,56,quantile,0.85,37,2027-03-27
2027-03-13,wk inc flu hosp,2,56,quantile,0.9,41,2027-03-27
2027-03-13,wk inc flu hosp,2,56,quantile,0.95,46,2027-03-27
2027-03-13,wk inc flu hosp,2,56,quantile,0.975,60,2027-03-27
2027-03-13,wk inc flu hosp,2,56,quantile,0.99,64,2027-03-27
2027-03-13,wk inc flu hosp,2,72,quantile,0.01,100,2027-03-27
2027-03-13,wk inc flu hosp,2,72,quantile,0.025,127,2027-03-27
2027-03-13,wk inc flu hosp,2,72,quantile,0.05,141,2027-03-27
2027-03-13,wk inc flu hosp,2,72,quantile,0.1,170,2027-03-27
2027-03-13,wk inc flu hosp,2,72,quantile,0.15,195,2027-03-27
2027-03-13,wk inc flu hosp,2,72,quantile,0.2,217,2027-03-27
2027-03-13,wk inc flu hosp,2,72,quantile,0.25,237,2027-03-27
2027-03-13,wk inc flu hosp,2,72,quantile,0.3,252,2027-03-27
2027-03-13,wk inc flu hosp,2,72,quantile,0.35,264,2027-03-27
2027-03-13,wk inc flu hosp,2,72,quantile,0.4,274,2027-03-27
2027-03-13,wk inc flu hosp,2,72,quantile,0.45,291,2027-03-27
2027-03-13,wk inc flu hosp,2,72,quantile,0.5,304,2027-03-27
2027-03-13,wk inc flu hosp,2,72,quantile,0.55,331,2027-03-27
2027-03-13,wk inc flu hosp,2,72,quantile,0.6,349,2027-03-27
2027-03-13,wk inc flu hosp,2,72,quantile,0.65,378,2027-03-27
2027-03-13,wk inc flu hosp,2,72,quantile,0.7,407,2027-03-27
2027-03-13,wk inc flu hosp,2,72,quantile,0.75,430,2027-03-27
2027-03-13,wk inc flu hosp,2,72,quantile,0.8,446,2027-03-27
2027-03-13,wk inc flu hosp,2,72,quantile,0.85,461,2027-03-27
2027-03-13,wk inc flu hosp,2,72,quantile,0.9,520,2027-03-27
2027-03-13,wk inc flu hosp,2,72,quantile,0.95,578,2027-03-27
2027-03-13,wk inc flu hosp,2,72,quantile,0.975,634,2027-03-27
2027-03-13,wk inc flu hosp,2,72,quantile,0.99,755,2027-03-27
2027-03-13,wk inc flu hosp,2,USA,quantile,0.01,8073,2027-03-27
2027-03-13,wk inc flu hosp,2,USA,quantile,0.025,8390,2027-03-27
2027-03-13,wk inc flu hosp,2,USA,quantile,0.05,8498,2027-03-27
2027-03-13,wk inc flu hosp,2,USA,quantile,0.1,8686,2027-03-27
2027-03-13,wk inc flu hosp,2,USA,quantile,0.15,8764,2027-03-27
2027-03-13,wk inc flu hosp,2,USA,quantile,0.2,8879,2027-03-27
2027-03-13,wk inc flu hosp,2,USA,quantile,0.25,9090,2027-03-27
2027-03-13,wk inc flu hosp,2,USA,quantile,0.3,9230,2027-03-27
2027-03-13,wk inc flu hosp,2,USA,quantile,0.35,9384,2027-03-27
2027-03-13,wk inc flu hosp,2,USA,quantile,0.4,9519,2027-03-27
2027-03-13,wk inc flu hosp,2,USA,quantile,0.45,9670,2027-03-27
2027-03-13,wk inc flu hosp,2,USA,quantile,0.5,9786,2027-03-27
2027-03-13,wk inc flu hosp,2,USA,quantile,0.55,9819,2027-03-27
2027-03-13,wk inc flu hosp,2,USA,quantile,0.6,9922,2027-03-27
2027-03-13,wk inc flu hosp,2,USA,quantile,0.65,9998,2027-03-27
2027-03-13,wk inc flu hosp,2,USA,quantile,0.7,10102,2027-03-27
2027-03-13,wk inc flu hosp,2,USA,quantile,0.75,10206,2027-03-27
2027-03-13,wk inc flu hosp,2,USA,quantile,0.8,10321,2027-03-27
2027-03-13,wk inc flu hosp,2,USA,quantile,0.85,10429,2027-03-27
2027-03-13,wk inc flu hosp,2,USA,quantile,0.9,10651,2027-03-27
2027-03-13,wk inc flu hosp,2,USA,quantile,0.95,10948,2027-03-27
2027-03-13,wk inc flu hosp,2,USA,quantile,0.975,11386,2027-03-27
2027-03-13,wk inc flu hosp,2,USA,quantile,0.99,11474,2027-03-27
2027-03-13,wk inc flu hosp,3,01,quantile,0.01,60,2027-04-03
2027-03-13,wk inc flu hosp,3,01,quantile,0.025,62,2027-04-03
2027-03-13,wk inc flu hosp,3,01,quantile,0.05,68,2027-04-03
2027-03-13,wk inc flu hosp,3,01,quantile,0.1,73,2027-04-03
2027-03-13,wk inc flu hosp,3,01,quantile,0.15,79,2027-04-03
2027-03-13,wk inc flu hosp,3,01,quantile,0.2,87,2027-04-03
2027-03-13,wk inc flu hosp,3,01,quantile,0.25,94,2027-04-03
2027-03-13,wk inc flu hosp,3,01,quantile,0.3,97,2027-04-03
2027-03-13,wk inc flu hosp,3,01,quantile,0.35,100,2027-04-03
2027-03-13,wk inc flu hosp,3,01,quantile,0.4,105,2027-04-03
2027-03-13,wk inc flu hosp,3,01,quantile,0.45,108,2027-04-03
2027-03-13,wk inc flu hosp,3,01,quantile,0.5,111,2027-04-03
2027-03-13,wk inc flu hosp,3,01,quantile,0.55,113,2027-04-03
2027-03-13,wk inc flu hosp,3,01,quantile,0.6,120,2027-04-03
2027-03-13,wk inc flu hosp,3,01,quantile,0.65,124,2027-04-03
2027-03-13,wk inc flu hosp,3,01,quantile,0.7,130,2027-04-03
2027-03-13,wk inc flu hosp,3,01,quantile,0.75,135,2027-04-03
2027-03-13,wk inc flu hosp,3,01,quantile,0.8,140,2027-04-03
2027-03-13,wk inc flu hosp,3,01,quantile,0.85,150,2027-04-03
2027-03-13,wk inc flu hosp,3,01,quantile,0.9,163,2027-04-03
2027-03-13,wk inc flu hosp,3,01,quantile,0.95,187,2027-04-03
2027-03-13,wk inc flu hosp,3,01,quantile,0.975,191,2027-04-03
2027-03-13,wk inc flu hosp,3,01,quantile,0.99,200,2027-04-03
2027-03-13,wk inc flu hosp,3,02,quantile,0.01,0,2027-04-03
2027-03-13,wk inc flu hosp,3,02,quantile,0.025,1,2027-04-03
2027-03-13,wk inc flu hosp,3,02,quantile,0.05,1,2027-04-03
2027-03-13,wk inc flu hosp,3,02,quantile,0.1,5,2027-04-03
2027-03-13,wk inc flu hosp,3,02,quantile,0.15,7,2027-04-03
2027-03-13,wk inc flu hosp,3,02,quantile,0.2,8,2027-04-03
2027-03-13,wk inc flu hosp,3,02,quantile,0.25,9,2027-04-03
2027-03-13,wk inc flu hosp,3,02,quantile,0.3,11,2027-04-03
2027-03-13,wk inc flu hosp,3,02,quantile,0.35,12,2027-04-03
2027-03-13,wk inc flu hosp,3,02,quantile,0.4,13,2027-04-03
2027-03-13,wk inc flu hosp,3,02,quantile,0.45,15,2027-04-03
2027-03-13,wk inc flu hosp,3,02,quantile,0.5,16,2027-04-03
2027-03-13,wk inc flu hosp,3,02,quantile,0.55,17,2027-04-03
2027-03-13,wk inc flu hosp,3,02,quantile,0.6,18,2027-04-03
2027-03-13,wk inc flu hosp,3,02,quantile,0.65,20,2027-04-03
2027-03-13,wk inc flu hosp,3,02,quantile,0.7,21,2027-04-03
2027-03-13,wk inc flu hosp,3,02,quantile,0.75,23,2027-04-03
2027-03-13,wk inc flu hosp,3,02,quantile,0.8,25,2027-04-03
2027-03-13,wk inc flu hosp,3,02,quantile,0.85,28,2027-04-03
2027-03-13,wk inc flu hosp,3,02,quantile,0.9,33,2027-04-03
2027-03-13,wk inc flu hosp,3,02,quantile,0.95,38,2027-04-03
2027-03-13,wk inc flu hosp,3,02,quantile,0.975,42,2027-04-03
2027-03-13,wk inc flu hosp,3,02,quantile,0.99,44,2027-04-03
2027-03-13,wk inc flu hosp,3,04,quantile,0.01,102,2027-04-03
2027-03-13,wk inc flu hosp,3,04,quantile,0.025,113,2027-04-03
2027-03-13,wk inc flu hosp,3,04,quantile,0.05,126,2027-04-03
2027-03-13,wk inc flu hosp,3,04,quantile,0.1,144,2027-04-03
2027-03-13,wk inc flu hosp,3,04,quantile,0.15,155,2027-04-03
2027-03-13,wk inc flu hosp,3,04,quantile,0.2,166,2027-04-03
2027-03-13,wk inc flu hosp,3,04,quantile,0.25,172,2027-04-03
2027-03-13,wk inc flu hosp,3,04,quantile,0.3,180,2027-04-03
2027-03-13,wk inc flu hosp,3,04,quantile,0.35,186,2027-04-03
2027-03-13,wk inc flu hosp,3,04,quantile,0.4,193,2027-04-03
2027-03-13,wk inc flu hosp,3,04,quantile,0.45,200,2027-04-03
2027-03-13,wk inc flu hosp,3,04,quantile,0.5,208,2027-04-03
2027-03-13,wk inc flu hosp,3,04,quantile,0.55,220,2027-04-03
2027-03-13,wk inc flu hosp,3,04,quantile,0.6,233,2027-04-03
2027-03-13,wk inc flu hosp,3,04,quantile,0.65,238,2027-04-03
2027-03-13,wk inc flu hosp,3,04,quantile,0.7,249,2027-04-03
2027-03-13,wk inc flu hosp,3,04,quantile,0.75,259,2027-04-03
2027-03-13,wk inc flu hosp,3,04,quantile,0.8,273,2027-04-03
2027-03-13,wk inc flu hosp,3,04,quantile,0.85,286,2027-04-03
2027-03-13,wk inc flu hosp,3,04,quantile,0.9,314,2027-04-03
2027-03-13,wk inc flu hosp,3,04,quantile,0.95,349,2027-04-03
2027-03-13,wk inc flu hosp,3,04,quantile,0.975,391,2027-04-03
2027-03-13,wk inc flu hosp,3,04,quantile,0.99,424,2027-04-03
2027-03-13,wk inc flu hosp,3,05,quantile,0.01,42,2027-04-03
2027-03-13,wk inc flu hosp,3,05,quantile,0.025,42,2027-04-03
2027-03-13,wk inc flu hosp,3,05,quantile,0.05,51,2027-04-03
2027-03-13,wk inc flu hosp,3,05,quantile,0.1,58,2027-04-03
2027-03-13,wk inc flu hosp,3,05,quantile,0.15,63,2027-04-03
2027-03-13,wk inc flu hosp,3,05,quantile,0.2,67,2027-04-03
2027-03-13,wk inc flu hosp,3,05,quantile,0.25,70,2027-04-03
2027-03-13,wk inc flu hosp,3,05,quantile,0.3,74,2027-04-03
2027-03-13,wk inc flu hosp,3,05,quantile,0.35,74,2027-04-03
2027-03-13,wk inc flu hosp,3,05,quantile,0.4,78,2027-04-03
2027-03-13,wk inc flu hosp,3,05,quantile,0.45,80,2027-04-03
2027-03-13,wk inc flu hosp,3,05,quantile,0.5,84,2027-04-03
2027-03-13,wk inc flu hosp,3,05,quantile,0.55,87,2027-04-03
2027-03-13,wk inc flu hosp,3,05,quantile,0.6,89,2027-04-03
2027-03-13,wk inc flu hosp,3,05,quantile,0.65,93,2027-04-03
2027-03-13,wk inc flu hosp,3,05,quantile,0.7,96,2027-04-03
2027-03-13,wk inc flu hosp,3,05,quantile,0.75,98,2027-04-03
2027-03-13,wk inc flu hosp,3,05,quantile,0.8,102,2027-04-03
2027-03-13,wk inc flu hosp,3,05,quantile,0.85,106,2027-04-03
2027-03-13,wk inc flu hosp,3,05,quantile,0.9,112,2027-04-03
2027-03-13,wk inc flu hosp,3,05,quantile,0.95,127,2027-04-03
2027-03-13,wk inc flu hosp,3,05,quantile,0.975,136,2027-04-03
2027-03-13,wk inc flu hosp,3,05,quantile,0.99,142,2027-04-03
2027-03-13,wk inc flu hosp,3,06,quantile,0.01,311,2027-04-03
2027-03-13,wk inc flu hosp,3,06,quantile,0.025,331,2027-04-03
2027-03-13,wk inc flu hosp,3,06,quantile,0.05,352,2027-04-03
2027-03-13,wk inc flu hosp,3,06,quantile,0.1,380,2027-04-03
2027-03-13,wk inc flu hosp,3,06,quantile,0.15,409,2027-04-03
2027-03-13,wk inc flu hosp,3,06,quantile,0.2,428,2027-04-03
2027-03-13,wk inc flu hosp,3,06,quantile,0.25,446,2027-04-03
2027-03-13,wk inc flu hosp,3,06,quantile,0.3,461,2027-04-03
2027-03-13,wk inc flu hosp,3,06,quantile,0.35,482,2027-04-03
2027-03-13,wk inc flu hosp,3,06,quantile,0.4,489,2027-04-03
2027-03-13,wk inc flu hosp,3,06,quantile,0.45,502,2027-04-03
2027-03-13,wk inc flu hosp,3,06,quantile,0.5,519,2027-04-03
2027-03-13,wk inc flu hosp,3,06,quantile,0.55,527,2027-04-03
2027-03-13,wk inc flu hosp,3,06,quantile,0.6,537,2027-04-03
2027-03-13,wk inc flu hosp,3,06,quantile,0.65,552,2027-04-03
2027-03-13,wk inc flu hosp,3,06,quantile,0.7,564,2027-04-03
2027-03-13,wk inc flu hosp,3,06,quantile,0.75,584,2027-04-03
2027-03-13,wk inc flu hosp,3,06,quantile,0.8,617,2027-04-03
2027-03-13,wk inc flu hosp,3,06,quantile,0.85,661,2027-04-03
2027-03-13,wk inc flu hosp,3,06,quantile,0.9,699,2027-04-03
2027-03-13,wk inc flu hosp,3,06,quantile,0.95,744,2027-04-03
2027-03-13,wk inc flu hosp,3,06,quantile,0.975,870,2027-04-03
2027-03-13,wk inc flu hosp,3,06,quantile,0.99,937,2027-04-03
2027-03-13,wk inc flu hosp,3,08,quantile,0.01,62,2027-04-03
2027-03-13,wk inc flu hosp,3,08,quantile,0.025,68,2027-04-03
2027-03-13,wk inc flu hosp,3,08,quantile,0.05,71,2027-04-03
2027-03-13,wk inc flu hosp,3,08,quantile,0.1,76,2027-04-03
2027-03-13,wk inc flu hosp,3,08,quantile,0.15,82,2027-04-03
2027-03-13,wk inc flu hosp,3,08,quantile,0.2,88,2027-04-03
2027-03-13,wk inc flu hosp,3,08,quantile,0.25,93,2027-04-03
2027-03-13,wk inc flu hosp,3,08,quantile,0.3,97,2027-04-03
2027-03-13,wk inc flu hosp,3,08,quantile,0.35,100,2027-04-03
2027-03-13,wk inc flu hosp,3,08,quantile,0.4,104,2027-04-03
2027-03-13,wk inc flu hosp,3,08,quantile,0.45,108,2027-04-03
2027-03-13,wk inc flu hosp,3,08,quantile,0.5,113,2027-04-03
2027-03-13,wk inc flu hosp,3,08,quantile,0.55,116,2027-04-03
2027-03-13,wk inc flu hosp,3,08,quantile,0.6,119,2027-04-03
2027-03-13,wk inc flu hosp,3,08,quantile,0.65,123,2027-04-03
2027-03-13,wk inc flu hosp,3,08,quantile,0.7,129,2027-04-03
2027-03-13,wk inc flu hosp,3,08,quantile,0.75,133,2027-04-03
2027-03-13,wk inc flu hosp,3,08,quantile,0.8,139,2027-04-03
2027-03-13,wk inc flu hosp,3,08,quantile,0.85,145,2027-04-03
2027-03-13,wk inc flu hosp,3,08,quantile,0.9,150,2027-04-03
2027-03-13,wk inc flu hosp,3,08,quantile,0.95,160,2027-04-03
2027-03-13,wk inc flu hosp,3,08,quantile,0.975,171,2027-04-03
2027-03-13,wk inc flu hosp,3,08,quantile,0.99,179,2027-04-03
2027-03-13,wk inc flu hosp,3,09,quantile,0.01,48,2027-04-03
2027-03-13,wk inc flu hosp,3,09,quantile,0.025,58,2027-04-03
2027-03-13,wk inc flu hosp,3,09,quantile,0.05,67,2027-04-03
2027-03-13,wk inc flu hosp,3,09,quantile,0.1,77,2027-04-03
2027-03-13,wk inc flu hosp,3,09,quantile,0.15,83,2027-04-03
2027-03-13,wk inc flu hosp,3,09,quantile,0.2,87,2027-04-03
2027-03-13,wk inc flu hosp,3,09,quantile,0.25,92,2027-04-03
2027-03-13,wk inc flu hosp,3,09,quantile,0.3,94,2027-04-03
2027-03-13,wk inc flu hosp,3,09,quantile,0.35,96,2027-04-03
2027-03-13,wk inc flu hosp,3,09,quantile,0.4,100,2027-04-03
2027-03-13,wk inc flu hosp,3,09,quantile,0.45,102,2027-04-03
2027-03-13,wk inc flu hosp,3,09,quantile,0.5,105,2027-04-03
2027-03-13,wk inc flu hosp,3,09,quantile,0.55,108,2027-04-03
2027-03-13,wk inc flu hosp,3,09,quantile,0.6,112,2027-04-03
2027-03-13,wk inc flu hosp,3,09,quantile,0.65,118,2027-04-03
2027-03-13,wk inc flu hosp,3,09,quantile,0.7,125,2027-04-03
2027-03-13,wk inc flu hosp,3,09,quantile,0.75,132,2027-04-03
2027-03-13,wk inc flu hosp,3,09,quantile,0.8,139,2027-04-03
2027-03-13,wk inc flu hosp,3,09,quantile,0.85,145,2027-04-03
2027-03-13,wk inc flu hosp,3,09,quantile,0.9,154,2027-04-03
2027-03-13,wk inc flu hosp,3,09,quantile,0.95,173,2027-04-03
2027-03-13,wk inc flu hosp,3,09,quantile,0.975,193,2027-04-03
2027-03-13,wk inc flu hosp,3,09,quantile,0.99,200,2027-04-03
2027-03-13,wk inc flu hosp,3,10,quantile,0.01,9,2027-04-03
2027-03-13,wk inc flu hosp,3,10,quantile,0.025,11,2027-04-03
2027-03-13,wk inc flu hosp,3,10,quantile,0.05,12,2027-04-03
2027-03-13,wk inc flu hosp,3,10,quantile,0.1,14,2027-04-03
2027-03-13,wk inc flu hosp,3,10,quantile,0.15,16,2027-04-03
2027-03-13,wk inc flu hosp,3,10,quantile,0.2,17,2027-04-03
2027-03-13,wk inc flu hosp,3,10,quantile,0.25,18,2027-04-03
2027-03-13,wk inc flu hosp,3,10,quantile,0.3,19,2027-04-03
2027-03-13,wk inc flu hosp,3,10,quantile,0.35,20,2027-04-03
2027-03-13,wk inc flu hosp,3,10,quantile,0.4,21,2027-04-03
2027-03-13,wk inc flu hosp,3,10,quantile,0.45,22,2027-04-03
2027-03-13,wk inc flu hosp,3,10,quantile,0.5,22,2027-04-03
2027-03-13,wk inc flu hosp,3,10,quantile,0.55,23,2027-04-03
2027-03-13,wk inc flu hosp,3,10,quantile,0.6,23,2027-04-03
2027-03-13,wk inc flu hosp,3,10,quantile,0.65,25,2027-04-03
2027-03-13,wk inc flu hosp,3,10,quantile,0.7,26,2027-04-03
2027-03-13,wk inc flu hosp,3,10,quantile,0.75,27,2027-04-03
2027-03-13,wk inc flu hosp,3,10,quantile,0.8,29,2027-04-03
2027-03-13,wk inc flu hosp,3,10,quantile,0.85,32,2027-04-03
2027-03-13,wk inc flu hosp,3,10,quantile,0.9,35,2027-04-03
2027-03-13,wk inc flu hosp,3,10,quantile,0.95,43,2027-04-03
2027-03-13,wk inc flu hosp,3,10,quantile,0.975,48,2027-04-03
2027-03-13,wk inc flu hosp,3,10,quantile,0.99,55,2027-04-03
2027-03-13,wk inc flu hosp,3,11,quantile,0.01,9,2027-04-03
2027-03-13,wk inc flu hosp,3,11,quantile,0.025,11,2027-04-03
2027-03-13,wk inc flu hosp,3,11,quantile,0.05,13,2027-04-03
2027-03-13,wk inc flu hosp,3,11,quantile,0.1,18,2027-04-03
2027-03-13,wk inc flu hosp,3,11,quantile,0.15,21,2027-04-03
2027-03-13,wk inc flu hosp,3,11,quantile,0.2,22,2027-04-03
2027-03-13,wk inc flu hosp,3,11,quantile,0.25,25,2027-04-03
2027-03-13,wk inc flu hosp,3,11,quantile,0.3,27,2027-04-03
2027-03-13,wk inc flu hosp,3,11,quantile,0.35,30,2027-04-03
2027-03-13,wk inc flu hosp,3,11,quantile,0.4,32,2027-04-03
2027-03-13,wk inc flu hosp,3,11,quantile,0.45,34,2027-04-03
2027-03-13,wk inc flu hosp,3,11,quantile,0.5,36,2027-04-03
2027-03-13,wk inc flu hosp,3,11,quantile,0.55,38,2027-04-03
2027-03-13,wk inc flu hosp,3,11,quantile,0.6,40,2027-04-03
2027-03-13,wk inc flu hosp,3,11,quantile,0.65,42,2027-04-03
2027-03-13,wk inc flu hosp,3,11,quantile,0.7,43,2027-04-03
2027-03-13,wk inc flu hosp,3,11,quantile,0.75,47,2027-04-03
2027-03-13,wk inc flu hosp,3,11,quantile,0.8,49,2027-04-03
2027-03-13,wk inc flu hosp,3,11,quantile,0.85,50,2027-04-03
2027-03-13,wk inc flu hosp,3,11,quantile,0.9,58,2027-04-03
2027-03-13,wk inc flu hosp,3,11,quantile,0.95,63,2027-04-03
2027-03-13,wk inc flu hosp,3,11,quantile,0.975,73,2027-04-03
2027-03-13,wk inc flu hosp,3,11,quantile,0.99,80,2027-04-03
2027-03-13,wk inc flu hosp,3,12,quantile,0.01,348,2027-04-03
2027-03-13,wk inc flu hosp,3,12,quantile,0.025,366,2027-04-03
2027-03-13,wk inc flu hosp,3,12,quantile,0.05,403,2027-04-03
2027-03-13,wk inc flu hosp,3,12,quantile,0.1,449,2027-04-03
2027-03-13,wk inc flu hosp,3,12,quantile,0.15,474,2027-04-03
2027-03-13,wk inc flu hosp,3,12,quantile,0.2,496,2027-04-03
2027-03-13,wk inc flu hosp,3,12,quantile,0.25,519,2027-04-03
2027-03-13,wk inc flu hosp,3,12,quantile,0.3,560,2027-04-03
2027-03-13,wk inc flu hosp,3,12,quantile,0.35,603,2027-04-03
2027-03-13,wk inc flu hosp,3,12,quantile,0.4,615,2027-04-03
2027-03-13,wk inc flu hosp,3,12,quantile,0.45,628,2027-04-03
2027-03-13,wk inc flu hosp,3,12,quantile,0.5,658,2027-04-03
2027-03-13,wk inc flu hosp,3,12,quantile,0.55,681,2027-04-03
2027-03-13,wk inc flu hosp,3,12,quantile,0.6,698,2027-04-03
2027-03-13,wk inc flu hosp,3,12,quantile,0.65,708,2027-04-03
2027-03-13,wk inc flu hosp,3,12,quantile,0.7,735,2027-04-03
2027-03-13,wk inc flu hosp,3,12,quantile,0.75,773,2027-04-03
2027-03-13,wk inc flu hosp,3,12,quantile,0.8,791,2027-04-03
2027-03-13,wk inc flu hosp,3,12,quantile,0.85,828,2027-04-03
2027-03-13,wk inc flu hosp,3,12,quantile,0.9,880,2027-04-03
2027-03-13,wk inc flu hosp,3,12,quantile,0.95,996,2027-04-03
2027-03-13,wk inc flu hosp,3,12,quantile,0.975,1106,2027-04-03
2027-03-13,wk inc flu hosp,3,12,quantile,0.99,1188,2027-04-03
2027-03-13,wk inc flu hosp,3,13,quantile,0.01,82,2027-04-03
2027-03-13,wk inc flu hosp,3,13,quantile,0.025,89,2027-04-03
2027-03-13,wk inc flu hosp,3,13,quantile,0.05,96,2027-04-03
2027-03-13,wk inc flu hosp,3,13,quantile,0.1,105,2027-04-03
2027-03-13,wk inc flu hosp,3,13,quantile,0.15,113,2027-04-03
2027-03-13,wk inc flu hosp,3,13,quantile,0.2,122,2027-04-03
2027-03-13,wk inc flu hosp,3,13,quantile,0.25,128,2027-04-03
2027-03-13,wk inc flu hosp,3,13,quantile,0.3,133,2027-04-03
2027-03-13,wk inc flu hosp,3,13,quantile,0.35,142,2027-04-03
2027-03-13,wk inc flu hosp,3,13,quantile,0.4,151,2027-04-03
2027-03-13,wk inc flu hosp,3,13,quantile,0.45,158,2027-04-03
2027-03-13,wk inc flu hosp,3,13,quantile,0.5,165,2027-04-03
2027-03-13,wk inc flu hosp,3,13,quantile,0.55,172,2027-04-03
2027-03-13,wk inc flu hosp,3,13,quantile,0.6,183,2027-04-03
2027-03-13,wk inc flu hosp,3,13,quantile,0.65,189,2027-04-03
2027-03-13,wk inc flu hosp,3,13,quantile,0.7,199,2027-04-03
2027-03-13,wk inc flu hosp,3,13,quantile,0.75,202,2027-04-03
2027-03-13,wk inc flu hosp,3,13,quantile,0.8,210,2027-04-03
2027-03-13,wk inc flu hosp,3,13,quantile,0.85,217,2027-04-03
2027-03-13,wk inc flu hosp,3,13,quantile,0.9,229,2027-04-03
2027-03-13,wk inc flu hosp,3,13,quantile,0.95,261,2027-04-03
2027-03-13,wk inc flu hosp,3,13,quantile,0.975,274,2027-04-03
2027-03-13,wk inc flu hosp,3,13,quantile,0.99,282,2027-04-03
2027-03-13,wk inc flu hosp,3,15,quantile,0.01,5,2027-04-03
2027-03-13,wk inc flu hosp,3,15,quantile,0.025,8,2027-04-03
2027-03-13,wk inc flu hosp,3,15,quantile,0.05,9,2027-04-03
2027-03-13,wk inc flu hosp,3,15,quantile,0.1,13,2027-04-03
2027-03-13,wk inc flu hosp,3,15,quantile,0.15,14,2027-04-03
2027-03-13,wk inc flu hosp,3,15,quantile,0.2,15,2027-04-03
2027-03-13,wk inc flu hosp,3,15,quantile,0.25,16,2027-04-03
2027-03-13,wk inc flu hosp,3,15,quantile,0.3,17,2027-04-03
2027-03-13,wk inc flu hosp,3,15,quantile,0.35,18,2027-04-03
2027-03-13,wk inc flu hosp,3,15,quantile,0.4,19,2027-04-03
2027-03-13,wk inc flu hosp,3,15,quantile,0.45,20,2027-04-03
2027-03-13,wk inc flu hosp,3,15,quantile,0.5,22,2027-04-03
2027-03-13,wk inc flu hosp,3,15,quantile,0.55,22,2027-04-03
2027-03-13,wk inc flu hosp,3,15,quantile,0.6,24,2027-04-03
2027-03-13,wk inc flu hosp,3,15,quantile,0.65,26,2027-04-03
2027-03-13,wk inc flu hosp,3,15,quantile,0.7,28,2027-04-03
2027-03-13,wk inc flu hosp,3,15,quantile,0.75,29,2027-04-03
2027-03-13,wk inc flu hosp,3,15,quantile,0.8,31,2027-04-03
2027-03-13,wk inc flu hosp,3,15,quantile,0.85,34,2027-04-03
2027-03-13,wk inc flu hosp,3,15,quantile,0.9,35,2027-04-03
2027-03-13,wk inc flu hosp,3,15,quantile,0.95,40,2027-04-03
2027-03-13,wk inc flu hosp,3,15,quantile,0.975,47,2027-04-03
2027-03-13,wk inc flu hosp,3,15,quantile,0.99,52,2027-04-03
2027-03-13,wk inc flu hosp,3,16,quantile,0.01,33,2027-04-03
2027-03-13,wk inc flu hosp,3,16,quantile,0.025,36,2027-04-03
2027-03-13,wk inc flu hosp,3,16,quantile,0.05,43,2027-04-03
2027-03-13,wk inc flu hosp,3,16,quantile,0.1,47,2027-04-03
2027-03-13,wk inc flu hosp,3,16,quantile,0.15,50,2027-04-03
2027-03-13,wk inc flu hosp,3,16,quantile,0.2,53,2027-04-03
2027-03-13,wk inc flu hosp,3,16,quantile,0.25,56,2027-04-03
2027-03-13,wk inc flu hosp,3,16,quantile,0.3,58,2027-04-03
2027-03-13,wk inc flu hosp,3,16,quantile,0.35,60,2027-04-03
2027-03-13,wk inc flu hosp,3,16,quantile,0.4,62,2027-04-03
2027-03-13,wk inc flu hosp,3,16,quantile,0.45,65,2027-04-03
2027-03-13,wk inc flu hosp,3,16,quantile,0.5,66,2027-04-03
2027-03-13,wk inc flu hosp,3,16,quantile,0.55,67,2027-04-03
2027-03-13,wk inc flu hosp,3,16,quantile,0.6,68,2027-04-03
2027-03-13,wk inc flu hosp,3,16,quantile,0.65,72,2027-04-03
2027-03-13,wk inc flu hosp,3,16,quantile,0.7,75,2027-04-03
2027-03-13,wk inc flu hosp,3,16,quantile,0.75,79,2027-04-03
2027-03-13,wk inc flu hosp,3,16,quantile,0.8,83,2027-04-03
2027-03-13,wk inc flu hosp,3,16,quantile,0.85,87,2027-04-03
2027-03-13,wk inc flu hosp,3,16,quantile,0.9,94,2027-04-03
2027-03-13,wk inc flu hosp,3,16,quantile,0.95,106,2027-04-03
2027-03-13,wk inc flu hosp,3,16,quantile,0.975,112,2027-04-03
2027-03-13,wk inc flu hosp,3,16,quantile,0.99,126,2027-04-03
2027-03-13,wk inc flu hosp,3,17,quantile,0.01,179,2027-04-03
2027-03-13,wk inc flu hosp,3,17,quantile,0.025,193,2027-04-03
2027-03-13,wk inc flu hosp,3,17,quantile,0.05,198,2027-04-03
2027-03-13,wk inc flu hosp,3,17,quantile,0.1,224,2027-04-03
2027-03-13,wk inc flu hosp,3,17,quantile,0.15,232,2027-04-03
2027-03-13,wk inc flu hosp,3,17,quantile,0.2,241,2027-04-03
2027-03-13,wk inc flu hosp,3,17,quantile,0.25,250,2027-04-03
2027-03-13,wk inc flu hosp,3,17,quantile,0.3,257,2027-04-03
2027-03-13,wk inc flu hosp,3,17,quantile,0.35,264,2027-04-03
2027-03-13,wk inc flu hosp,3,17,quantile,0.4,271,2027-04-03
2027-03-13,wk inc flu hosp,3,17,quantile,0.45,279,2027-04-03
2027-03-13,wk inc flu hosp,3,17,quantile,0.5,287,2027-04-03
2027-03-13,wk inc flu hosp,3,17,quantile,0.55,297,2027-04-03
2027-03-13,wk inc flu hosp,3,17,quantile,0.6,302,2027-04-03
2027-03-13,wk inc flu hosp,3,17,quantile,0.65,311,2027-04-03
2027-03-13,wk inc flu hosp,3,17,quantile,0.7,319,2027-04-03
2027-03-13,wk inc flu hosp,3,17,quantile,0.75,326,2027-04-03
2027-03-13,wk inc flu hosp,3,17,quantile,0.8,339,2027-04-03
2027-03-13,wk inc flu hosp,3,17,quantile,0.85,354,2027-04-03
2027-03-13,wk inc flu hosp,3,17,quantile,0.9,379,2027-04-03
2027-03-13,wk inc flu hosp,3,17,quantile,0.95,412,2027-04-03
2027-03-13,wk inc flu hosp,3,17,quantile,0.975,416,2027-04-03
2027-03-13,wk inc flu hosp,3,17,quantile,0.99,489,2027-04-03
2027-03-13,wk inc flu hosp,3,18,quantile,0.01,91,2027-04-03
2027-03-13,wk inc flu hosp,3,18,quantile,0.025,98,2027-04-03
2027-03-13,wk inc flu hosp,3,18,quantile,0.05,106,2027-04-03
2027-03-13,wk inc flu hosp,3,18,quantile,0.1,117,2027-04-03
2027-03-13,wk inc flu hosp,3,18,quantile,0.15,122,2027-04-03
2027-03-13,wk inc flu hosp,3,18,quantile,0.2,128,2027-04-03
2027-03-13,wk inc flu hosp,3,18,quantile,0.25,133,2027-04-03
2027-03-13,wk inc flu hosp,3,18,quantile,0.3,141,2027-04-03
2027-03-13,wk inc flu hosp,3,18,quantile,0.35,147,2027-04-03
2027-03-13,wk inc flu hosp,3,18,quantile,0.4,155,2027-04-03
2027-03-13,wk inc flu hosp,3,18,quantile,0.45,158,2027-04-03
2027-03-13,wk inc flu hosp,3,18,quantile,0.5,164,2027-04-03
2027-03-13,wk inc flu hosp,3,18,quantile,0.55,169,2027-04-03
2027-03-13,wk inc flu hosp,3,18,quantile,0.6,176,2027-04-03
2027-03-13,wk inc flu hosp,3,18,quantile,0.65,183,2027-04-03
2027-03-13,wk inc flu hosp,3,18,quantile,0.7,186,2027-04-03
2027-03-13,wk inc flu hosp,3,18,quantile,0.75,192,2027-04-03
2027-03-13,wk inc flu hosp,3,18,quantile,0.8,198,2027-04-03
2027-03-13,wk inc flu hosp,3,18,quantile,0.85,208,2027-04-03
2027-03-13,wk inc flu hosp,3,18,quantile,0.9,217,2027-04-03
2027-03-13,wk inc flu hosp,3,18,quantile,0.95,228,2027-04-03
2027-03-13,wk inc flu hosp,3,18,quantile,0.975,235,2027-04-03
2027-03-13,wk inc flu hosp,3,18,quantile,0.99,272,2027-04-03
2027-03-13,wk inc flu hosp,3,19,quantile,0.01,31,2027-04-03
2027-03-13,wk inc flu hosp,3,19,quantile,0.025,35,2027-04-03
2027-03-13,wk inc flu hosp,3,19,quantile,0.05,38,2027-04-03
2027-03-13,wk inc flu hosp,3,19,quantile,0.1,44,2027-04-03
2027-03-13,wk inc flu hosp,3,19,quantile,0.15,48,2027-04-03
2027-03-13,wk inc flu hosp,3,19,quantile,0.2,50,2027-04-03
2027-03-13,wk inc flu hosp,3,19,quantile,0.25,52,2027-04-03
2027-03-13,wk inc flu hosp,3,19,quantile,0.3,55,2027-04-03
2027-03-13,wk inc flu hosp,3,19,quantile,0.35,57,2027-04-03
2027-03-13,wk inc flu hosp,3,19,quantile,0.4,59,2027-04-03
2027-03-13,wk inc flu hosp,3,19,quantile,0.45,61,2027-04-03
2027-03-13,wk inc flu hosp,3,19,quantile,0.5,62,2027-04-03
2027-03-13,wk inc flu hosp,3,19,quantile,0.55,65,2027-04-03
2027-03-13,wk inc flu hosp,3,19,quantile,0.6,68,2027-04-03
2027-03-13,wk inc flu hosp,3,19,quantile,0.65,70,2027-04-03
2027-03-13,wk inc flu hosp,3,19,quantile,0.7,73,2027-04-03
2027-03-13,wk inc flu hosp,3,19,quantile,0.75,77,2027-04-03
2027-03-13,wk inc flu hosp,3,19,quantile,0.8,80,2027-04-03
2027-03-13,wk inc flu hosp,3,19,quantile,0.85,85,2027-04-03
2027-03-13,wk inc flu hosp,3,19,quantile,0.9,89,2027-04-03
2027-03-13,wk inc flu hosp,3,19,quantile,0.95,95,2027-04-03
2027-03-13,wk inc flu hosp,3,19,quantile,0.975,101,2027-04-03
2027-03-13,wk inc flu hosp,3,19,quantile,0.99,105,2027-04-03
2027-03-13,wk inc flu hosp,3,20,quantile,0.01,28,2027-04-03
2027-03-13,wk inc flu hosp,3,20,quantile,0.025,30,2027-04-03
2027-03-13,wk inc flu hosp,3,20,quantile,0.05,31,2027-04-03
2027-03-13,wk inc flu hosp,3,20,quantile,0.1,35,2027-04-03
2027-03-13,wk inc flu hosp,3,20,quantile,0.15,37,2027-04-03
2027-03-13,wk inc flu hosp,3,20,quantile,0.2,39,2027-04-03
2027-03-13,wk inc flu hosp,3,20,quantile,0.25,43,2027-04-03
2027-03-13,wk inc flu hosp,3,20,quantile,0.3,45,2027-04-03
2027-03-13,wk inc flu hosp,3,20,quantile,0.35,47,2027-04-03
2027-03-13,wk inc flu hosp,3,20,quantile,0.4,48,2027-04-03
2027-03-13,wk inc flu hosp,3,20,quantile,0.45,50,2027-04-03
2027-03-13,wk inc flu hosp,3,20,quantile,0.5,52,2027-04-03
2027-03-13,wk inc flu hosp,3,20,quantile,0.55,53,2027-04-03
2027-03-13,wk inc flu hosp,3,20,quantile,0.6,56,2027-04-03
2027-03-13,wk inc flu hosp,3,20,quantile,0.65,58,2027-04-03
2027-03-13,wk inc flu hosp,3,20,quantile,0.7,60,2027-04-03
2027-03-13,wk inc flu hosp,3,20,quantile,0.75,64,2027-04-03
2027-03-13,wk inc flu hosp,3,20,quantile,0.8,67,2027-04-03
2027-03-13,wk inc flu hosp,3,20,quantile,0.85,72,2027-04-03
2027-03-13,wk inc flu hosp,3,20,quantile,0.9,75,2027-04-03
2027-03-13,wk inc flu hosp,3,20,quantile,0.95,80,2027-04-03
2027-03-13,wk inc flu hosp,3,20,quantile,0.975,89,2027-04-03
2027-03-13,wk inc flu hosp,3,20,quantile,0.99,94,2027-04-03
2027-03-13,wk inc flu hosp,3,21,quantile,0.01,103,2027-04-03
2027-03-13,wk inc flu hosp,3,21,quantile,0.025,109,2027-04-03
2027-03-13,wk inc flu hosp,3,21,quantile,0.05,119,2027-04-03
2027-03-13,wk inc flu hosp,3,21,quantile,0.1,127,2027-04-03
2027-03-13,wk inc flu hosp,3,21,quantile,0.15,132,2027-04-03
2027-03-13,wk inc flu hosp,3,21,quantile,0.2,137,2027-04-03
2027-03-13,wk inc flu hosp,3,21,quantile,0.25,143,2027-04-03
2027-03-13,wk inc flu hosp,3,21,quantile,0.3,148,2027-04-03
2027-03-13,wk inc flu hosp,3,21,quantile,0.35,153,2027-04-03
2027-03-13,wk inc flu hosp,3,21,quantile,0.4,161,2027-04-03
2027-03-13,wk inc flu hosp,3,21,quantile,0.45,164,2027-04-03
2027-03-13,wk inc flu hosp,3,21,quantile,0.5,168,2027-04-03
2027-03-13,wk inc flu hosp,3,21,quantile,0.55,171,2027-04-03
2027-03-13,wk inc flu hosp,3,21,quantile,0.6,173,2027-04-03
2027-03-13,wk inc flu hosp,3,21,quantile,0.65,181,2027-04-03
2027-03-13,wk inc flu hosp,3,21,quantile,0.7,189,2027-04-03
2027-03-13,wk inc flu hosp,3,21,quantile,0.75,191,2027-04-03
2027-03-13,wk inc flu hosp,3,21,quantile,0.8,198,2027-04-03
2027-03-13,wk inc flu hosp,3,21,quantile,0.85,205,2027-04-03
2027-03-13,wk inc flu hosp,3,21,quantile,0.9,216,2027-04-03
2027-03-13,wk inc flu hosp,3,21,quantile,0.95,224,2027-04-03
2027-03-13,wk inc flu hosp,3,21,quantile,0.975,232,2027-04-03
2027-03-13,wk inc flu hosp,3,21,quantile,0.99,252,2027-04-03
2027-03-13,wk inc flu hosp,3,22,quantile,0.01,64,2027-04-03
2027-03-13,wk inc flu hosp,3,22,quantile,0.025,67,2027-04-03
2027-03-13,wk inc flu hosp,3,22,quantile,0.05,72,2027-04-03
2027-03-13,wk inc flu hosp,3,22,quantile,0.1,80,2027-04-03
2027-03-13,wk inc flu hosp,3,22,quantile,0.15,85,2027-04-03
2027-03-13,wk inc flu hosp,3,22,quantile,0.2,92,2027-04-03
2027-03-13,wk inc flu hosp,3,22,quantile,0.25,100,2027-04-03
2027-03-13,wk inc flu hosp,3,22,quantile,0.3,106,2027-04-03
2027-03-13,wk inc flu hosp,3,22,quantile,0.35,111,2027-04-03
2027-03-13,wk inc flu hosp,3,22,quantile,0.4,117,2027-04-03
2027-03-13,wk inc flu hosp,3,22,quantile,0.45,125,2027-04-03
2027-03-13,wk inc flu hosp,3,22,quantile,0.5,129,2027-04-03
2027-03-13,wk inc flu hosp,3,22,quantile,0.55,131,2027-04-03
2027-03-13,wk inc flu hosp,3,22,quantile,0.6,134,2027-04-03
2027-03-13,wk inc flu hosp,3,22,quantile,0.65,139,2027-04-03
2027-03-13,wk inc flu hosp,3,22,quantile,0.7,145,2027-04-03
2027-03-13,wk inc flu hosp,3,22,quantile,0.75,150,2027-04-03
2027-03-13,wk inc flu hosp,3,22,quantile,0.8,157,2027-04-03
2027-03-13,wk inc flu hosp,3,22,quantile,0.85,170,2027-04-03
2027-03-13,wk inc flu hosp,3,22,quantile,0.9,184,2027-04-03
2027-03-13,wk inc flu hosp,3,22,quantile,0.95,213,2027-04-03
2027-03-13,wk inc flu hosp,3,22,quantile,0.975,231,2027-04-03
2027-03-13,wk inc flu hosp,3,22,quantile,0.99,243,2027-04-03
2027-03-13,wk inc flu hosp,3,23,quantile,0.01,11,2027-04-03
2027-03-13,wk inc flu hosp,3,23,quantile,0.025,14,2027-04-03
2027-03-13,wk inc flu hosp,3,23,quantile,0.05,15,2027-04-03
2027-03-13,wk inc flu hosp,3,23,quantile,0.1,17,2027-04-03
2027-03-13,wk inc flu hosp,3,23,quantile,0.15,19,2027-04-03
2027-03-13,wk inc flu hosp,3,23,quantile,0.2,20,2027-04-03
2027-03-13,wk inc flu hosp,3,23,quantile,0.25,22,2027-04-03
2027-03-13,wk inc flu hosp,3,23,quantile,0.3,23,2027-04-03
2027-03-13,wk inc flu hosp,3,23,quantile,0.35,24,2027-04-03
2027-03-13,wk inc flu hosp,3,23,quantile,0.4,25,2027-04-03
2027-03-13,wk inc flu hosp,3,23,quantile,0.45,26,2027-04-03
2027-03-13,wk inc flu hosp,3,23,quantile,0.5,27,2027-04-03
2027-03-13,wk inc flu hosp,3,23,quantile,0.55,28,2027-04-03
2027-03-13,wk inc flu hosp,3,23,quantile,0.6,30,2027-04-03
2027-03-13,wk inc flu hosp,3,23,quantile,0.65,32,2027-04-03
2027-03-13,wk inc flu hosp,3,23,quantile,0.7,34,2027-04-03
2027-03-13,wk inc flu hosp,3,23,quantile,0.75,35,2027-04-03
2027-03-13,wk inc flu hosp,3,23,quantile,0.8,39,2027-04-03
2027-03-13,wk inc flu hosp,3,23,quantile,0.85,43,2027-04-03
2027-03-13,wk inc flu hosp,3,23,quantile,0.9,48,2027-04-03
2027-03-13,wk inc flu hosp,3,23,quantile,0.95,52,2027-04-03
2027-03-13,wk inc flu hosp,3,23,quantile,0.975,58,2027-04-03
2027-03-13,wk inc flu hosp,3,23,quantile,0.99,69,2027-04-03
2027-03-13,wk inc flu hosp,3,24,quantile,0.01,43,2027-04-03
2027-03-13,wk inc flu hosp,3,24,quantile,0.025,53,2027-04-03
2027-03-13,wk inc flu hosp,3,24,quantile,0.05,59,2027-04-03
2027-03-13,wk inc flu hosp,3,24,quantile,0.1,70,2027-04-03
2027-03-13,wk inc flu hosp,3,24,quantile,0.15,72,2027-04-03
2027-03-13,wk inc flu hosp,3,24,quantile,0.2,74,2027-04-03
2027-03-13,wk inc flu hosp,3,24,quantile,0.25,80,2027-04-03
2027-03-13,wk inc flu hosp,3,24,quantile,0.3,85,2027-04-03
2027-03-13,wk inc flu hosp,3,24,quantile,0.35,89,2027-04-03
2027-03-13,wk inc flu hosp,3,24,quantile,0.4,92,2027-04-03
2027-03-13,wk inc flu hosp,3,24,quantile,0.45,95,2027-04-03
2027-03-13,wk inc flu hosp,3,24,quantile,0.5,98,2027-04-03
2027-03-13,wk inc flu hosp,3,24,quantile,0.55,102,2027-04-03
2027-03-13,wk inc flu hosp,3,24,quantile,0.6,107,2027-04-03
2027-03-13,wk inc flu hosp,3,24,quantile,0.65,110,2027-04-03
2027-03-13,wk inc flu hosp,3,24,quantile,0.7,114,2027-04-03
2027-03-13,wk inc flu hosp,3,24,quantile,0.75,118,2027-04-03
2027-03-13,wk inc flu hosp,3,24,quantile,0.8,121,2027-04-03
2027-03-13,wk inc flu hosp,3,24,quantile,0.85,129,2027-04-03
2027-03-13,wk inc flu hosp,3,24,quantile,0.9,135,2027-04-03
2027-03-13,wk inc flu hosp,3,24,quantile,0.95,147,2027-04-03
2027-03-13,wk inc flu hosp,3,24,quantile,0.975,154,2027-04-03
2027-03-13,wk inc flu hosp,3,24,quantile,0.99,160,2027-04-03
2027-03-13,wk inc flu hosp,3,25,quantile,0.01,94,2027-04-03
2027-03-13,wk inc flu hosp,3,25,quantile,0.025,103,2027-04-03
2027-03-13,wk inc flu hosp,3,25,quantile,0.05,107,2027-04-03
2027-03-13,wk inc flu hosp,3,25,quantile,0.1,112,2027-04-03
2027-03-13,wk inc flu hosp,3,25,quantile,0.15,119,2027-04-03
2027-03-13,wk inc flu hosp,3,25,quantile,0.2,126,2027-04-03
2027-03-13,wk inc flu hosp,3,25,quantile,0.25,132,2027-04-03
2027-03-13,wk inc flu hosp,3,25,quantile,0.3,143,2027-04-03
2027-03-13,wk inc flu hosp,3,25,quantile,0.35,147,2027-04-03
2027-03-13,wk inc flu hosp,3,25,quantile,0.4,156,2027-04-03
2027-03-13,wk inc flu hosp,3,25,quantile,0.45,162,2027-04-03
2027-03-13,wk inc flu hosp,3,25,quantile,0.5,171,2027-04-03
2027-03-13,wk inc flu hosp,3,25,quantile,0.55,177,2027-04-03
2027-03-13,wk inc flu hosp,3,25,quantile,0.6,184,2027-04-03
2027-03-13,wk inc flu hosp,3,25,quantile,0.65,194,2027-04-03
2027-03-13,wk inc flu hosp,3,25,quantile,0.7,200,2027-04-03
2027-03-13,wk inc flu hosp,3,25,quantile,0.75,210,2027-04-03
2027-03-13,wk inc flu hosp,3,25,quantile,0.8,220,2027-04-03
2027-03-13,wk inc flu hosp,3,25,quantile,0.85,228,2027-04-03
2027-03-13,wk inc flu hosp,3,25,quantile,0.9,243,2027-04-03
2027-03-13,wk inc flu hosp,3,25,quantile,0.95,259,2027-04-03
2027-03-13,wk inc flu hosp,3,25,quantile,0.975,295,2027-04-03
2027-03-13,wk inc flu hosp,3,25,quantile,0.99,313,2027-04-03
2027-03-13,wk inc flu hosp,3,26,quantile,0.01,172,2027-04-03
2027-03-13,wk inc flu hosp,3,26,quantile,0.025,213,2027-04-03
2027-03-13,wk inc flu hosp,3,26,quantile,0.05,234,2027-04-03
2027-03-13,wk inc flu hosp,3,26,quantile,0.1,250,2027-04-03
2027-03-13,wk inc flu hosp,3,26,quantile,0.15,268,2027-04-03
2027-03-13,wk inc flu hosp,3,26,quantile,0.2,277,2027-04-03
2027-03-13,wk inc flu hosp,3,26,quantile,0.25,282,2027-04-03
2027-03-13,wk inc flu hosp,3,26,quantile,0.3,289,2027-04-03
2027-03-13,wk inc flu hosp,3,26,quantile,0.35,303,2027-04-03
2027-03-13,wk inc flu hosp,3,26,quantile,0.4,315,2027-04-03
2027-03-13,wk inc flu hosp,3,26,quantile,0.45,323,2027-04-03
2027-03-13,wk inc flu hosp,3,26,quantile,0.5,332,2027-04-03
2027-03-13,wk inc flu hosp,3,26,quantile,0.55,339,2027-04-03
2027-03-13,wk inc flu hosp,3,26,quantile,0.6,354,2027-04-03
2027-03-13,wk inc flu hosp,3,26,quantile,0.65,366,2027-04-03
2027-03-13,wk inc flu hosp,3,26,quantile,0.7,384,2027-04-03
2027-03-13,wk inc flu hosp,3,26,quantile,0.75,398,2027-04-03
2027-03-13,wk inc flu hosp,3,26,quantile,0.8,415,2027-04-03
2027-03-13,wk inc flu hosp,3,26,quantile,0.85,437,2027-04-03
2027-03-13,wk inc flu hosp,3,26,quantile,0.9,472,2027-04-03
2027-03-13,wk inc flu hosp,3,26,quantile,0.95,492,2027-04-03
2027-03-13,wk inc flu hosp,3,26,quantile,0.975,527,2027-04-03
2027-03-13,wk inc flu hosp,3,26,quantile,0.99,592,2027-04-03
2027-03-13,wk inc flu hosp,3,27,quantile,0.01,60,2027-04-03
2027-03-13,wk inc flu hosp,3,27,quantile,0.025,68,2027-04-03
2027-03-13,wk inc flu hosp,3,27,quantile,0.05,73,2027-04-03
2027-03-13,wk inc flu hosp,3,27,quantile,0.1,88,2027-04-03
2027-03-13,wk inc flu hosp,3,27,quantile,0.15,95,2027-04-03
2027-03-13,wk inc flu hosp,3,27,quantile,0.2,104,2027-04-03
2027-03-13,wk inc flu hosp,3,27,quantile,0.25,107,2027-04-03
2027-03-13,wk inc flu hosp,3,27,quantile,0.3,111,2027-04-03
2027-03-13,wk inc flu hosp,3,27,quantile,0.35,115,2027-04-03
2027-03-13,wk inc flu hosp,3,27,quantile,0.4,122,2027-04-03
2027-03-13,wk inc flu hosp,3,27,quantile,0.45,128,2027-04-03
2027-03-13,wk inc flu hosp,3,27,quantile,0.5,133,2027-04-03
2027-03-13,wk inc flu hosp,3,27,quantile,0.55,138,2027-04-03
2027-03-13,wk inc flu hosp,3,27,quantile,0.6,142,2027-04-03
2027-03-13,wk inc flu hosp,3,27,quantile,0.65,148,2027-04-03
2027-03-13,wk inc flu hosp,3,27,quantile,0.7,161,2027-04-03
2027-03-13,wk inc flu hosp,3,27,quantile,0.75,168,2027-04-03
2027-03-13,wk inc flu hosp,3,27,quantile,0.8,179,2027-04-03
2027-03-13,wk inc flu hosp,3,27,quantile,0.85,189,2027-04-03
2027-03-13,wk inc flu hosp,3,27,quantile,0.9,217,2027-04-03
2027-03-13,wk inc flu hosp,3,27,quantile,0.95,234,2027-04-03
2027-03-13,wk inc flu hosp,3,27,quantile,0.975,253,2027-04-03
2027-03-13,wk inc flu hosp,3,27,quantile,0.99,256,2027-04-03
2027-03-13,wk inc flu hosp,3,28,quantile,0.01,35,2027-04-03
2027-03-13,wk inc flu hosp,3,28,quantile,0.025,41,2027-04-03
2027-03-13,wk inc flu hosp,3,28,quantile,0.05,43,2027-04-03
2027-03-13,wk inc flu hosp,3,28,quantile,0.1,50,2027-04-03
2027-03-13,wk inc flu hosp,3,28,quantile,0.15,55,2027-04-03
2027-03-13,wk inc flu hosp,3,28,quantile,0.2,59,2027-04-03
2027-03-13,wk inc flu hosp,3,28,quantile,0.25,61,2027-04-03
2027-03-13,wk inc flu hosp,3,28,quantile,0.3,63,2027-04-03
2027-03-13,wk inc flu hosp,3,28,quantile,0.35,66,2027-04-03
2027-03-13,wk inc flu hosp,3,28,quantile,0.4,70,2027-04-03
2027-03-13,wk inc flu hosp,3,28,quantile,0.45,74,2027-04-03
2027-03-13,wk inc flu hosp,3,28,quantile,0.5,77,2027-04-03
2027-03-13,wk inc flu hosp,3,28,quantile,0.55,80,2027-04-03
2027-03-13,wk inc flu hosp,3,28,quantile,0.6,83,2027-04-03
2027-03-13,wk inc flu hosp,3,28,quantile,0.65,84,2027-04-03
2027-03-13,wk inc flu hosp,3,28,quantile,0.7,89,2027-04-03
2027-03-13,wk inc flu hosp,3,28,quantile,0.75,91,2027-04-03
2027-03-13,wk inc flu hosp,3,28,quantile,0.8,95,2027-04-03
2027-03-13,wk inc flu hosp,3,28,quantile,0.85,98,2027-04-03
2027-03-13,wk inc flu hosp,3,28,quantile,0.9,105,2027-04-03
2027-03-13,wk inc flu hosp,3,28,quantile,0.95,116,2027-04-03
2027-03-13,wk inc flu hosp,3,28,quantile,0.975,130,2027-04-03
2027-03-13,wk inc flu hosp,3,28,quantile,0.99,160,2027-04-03
2027-03-13,wk inc flu hosp,3,29,quantile,0.01,81,2027-04-03
2027-03-13,wk inc flu hosp,3,29,quantile,0.025,90,2027-04-03
2027-03-13,wk inc flu hosp,3,29,quantile,0.05,96,2027-04-03
2027-03-13,wk inc flu hosp,3,29,quantile,0.1,103,2027-04-03
2027-03-13,wk inc flu hosp,3,29,quantile,0.15,107,2027-04-03
2027-03-13,wk inc flu hosp,3,29,quantile,0.2,113,2027-04-03
2027-03-13,wk inc flu hosp,3,29,quantile,0.25,118,2027-04-03
2027-03-13,wk inc flu hosp,3,29,quantile,0.3,123,2027-04-03
2027-03-13,wk inc flu hosp,3,29,quantile,0.35,127,2027-04-03
2027-03-13,wk inc flu hosp,3,29,quantile,0.4,131,2027-04-03
2027-03-13,wk inc flu hosp,3,29,quantile,0.45,136,2027-04-03
2027-03-13,wk inc flu hosp,3,29,quantile,0.5,140,2027-04-03
2027-03-13,wk inc flu hosp,3,29,quantile,0.55,143,2027-04-03
2027-03-13,wk inc flu hosp,3,29,quantile,0.6,150,2027-04-03
2027-03-13,wk inc flu hosp,3,29,quantile,0.65,158,2027-04-03
2027-03-13,wk inc flu hosp,3,29,quantile,0.7,161,2027-04-03
2027-03-13,wk inc flu hosp,3,29,quantile,0.75,165,2027-04-03
2027-03-13,wk inc flu hosp,3,29,quantile,0.8,175,2027-04-03
2027-03-13,wk inc flu hosp,3,29,quantile,0.85,182,2027-04-03
2027-03-13,wk inc flu hosp,3,29,quantile,0.9,189,2027-04-03
2027-03-13,wk inc flu hosp,3,29,quantile,0.95,209,2027-04-03
2027-03-13,wk inc flu hosp,3,29,quantile,0.975,231,2027-04-03
2027-03-13,wk inc flu hosp,3,29,quantile,0.99,236,2027-04-03
2027-03-13,wk inc flu hosp,3,30,quantile,0.01,19,2027-04-03
2027-03-13,wk inc flu hosp,3,30,quantile,0.025,24,2027-04-03
2027-03-13,wk inc flu hosp,3,30,quantile,0.05,28,2027-04-03
2027-03-13,wk inc flu hosp,3,30,quantile,0.1,32,2027-04-03
2027-03-13,wk inc flu hosp,3,30,quantile,0.15,36,2027-04-03
2027-03-13,wk inc flu hosp,3,30,quantile,0.2,41,2027-04-03
2027-03-13,wk inc flu hosp,3,30,quantile,0.25,43,2027-04-03
2027-03-13,wk inc flu hosp,3,30,quantile,0.3,46,2027-04-03
2027-03-13,wk inc flu hosp,3,30,quantile,0.35,47,2027-04-03
2027-03-13,wk inc flu hosp,3,30,quantile,0.4,50,2027-04-03
2027-03-13,wk inc flu hosp,3,30,quantile,0.45,52,2027-04-03
2027-03-13,wk inc flu hosp,3,30,quantile,0.5,53,2027-04-03
2027-03-13,wk inc flu hosp,3,30,quantile,0.55,55,2027-04-03
2027-03-13,wk inc flu hosp,3,30,quantile,0.6,56,2027-04-03
2027-03-13,wk inc flu hosp,3,30,quantile,0.65,59,2027-04-03
2027-03-13,wk inc flu hosp,3,30,quantile,0.7,63,2027-04-03
2027-03-13,wk inc flu hosp,3,30,quantile,0.75,64,2027-04-03
2027-03-13,wk inc flu hosp,3,30,quantile,0.8,69,2027-04-03
2027-03-13,wk inc flu hosp,3,30,quantile,0.85,72,2027-04-03
2027-03-13,wk inc flu hosp,3,30,quantile,0.9,78,2027-04-03
2027-03-13,wk inc flu hosp,3,30,quantile,0.95,88,2027-04-03
2027-03-13,wk inc flu hosp,3,30,quantile,0.975,101,2027-04-03
2027-03-13,wk inc flu hosp,3,30,quantile,0.99,122,2027-04-03
2027-03-13,wk inc flu hosp,3,31,quantile,0.01,15,2027-04-03
2027-03-13,wk inc flu hosp,3,31,quantile,0.025,16,2027-04-03
2027-03-13,wk inc flu hosp,3,31,quantile,0.05,17,2027-04-03
2027-03-13,wk inc flu hosp,3,31,quantile,0.1,19,2027-04-03
2027-03-13,wk inc flu hosp,3,31,quantile,0.15,21,2027-04-03
2027-03-13,wk inc flu hosp,3,31,quantile,0.2,23,2027-04-03
2027-03-13,wk inc flu hosp,3,31,quantile,0.25,24,2027-04-03
2027-03-13,wk inc flu hosp,3,31,quantile,0.3,26,2027-04-03
2027-03-13,wk inc flu hosp,3,31,quantile,0.35,27,2027-04-03
2027-03-13,wk inc flu hosp,3,31,quantile,0.4,28,2027-04-03
2027-03-13,wk inc flu hosp,3,31,quantile,0.45,29,2027-04-03
2027-03-13,wk inc flu hosp,3,31,quantile,0.5,30,2027-04-03
2027-03-13,wk inc flu hosp,3,31,quantile,0.55,31,2027-04-03
2027-03-13,wk inc flu hosp,3,31,quantile,0.6,31,2027-04-03
2027-03-13,wk inc flu hosp,3,31,quantile,0.65,32,2027-04-03
2027-03-13,wk inc flu hosp,3,31,quantile,0.7,33,2027-04-03
2027-03-13,wk inc flu hosp,3,31,quantile,0.75,35,2027-04-03
2027-03-13,wk inc flu hosp,3,31,quantile,0.8,36,2027-04-03
2027-03-13,wk inc flu hosp,3,31,quantile,0.85,38,2027-04-03
2027-03-13,wk inc flu hosp,3,31,quantile,0.9,40,2027-04-03
2027-03-13,wk inc flu hosp,3,31,quantile,0.95,46,2027-04-03
2027-03-13,wk inc flu hosp,3,31,quantile,0.975,48,2027-04-03
2027-03-13,wk inc flu hosp,3,31,quantile,0.99,51,2027-04-03
2027-03-13,wk inc flu hosp,3,32,quantile,0.01,36,2027-04-03
2027-03-13,wk inc flu hosp,3,32,quantile,0.025,38,2027-04-03
2027-03-13,wk inc flu hosp,3,32,quantile,0.05,41,2027-04-03
2027-03-13,wk inc flu hosp,3,32,quantile,0.1,44,2027-04-03
2027-03-13,wk inc flu hosp,3,32,quantile,0.15,49,2027-04-03
2027-03-13,wk inc flu hosp,3,32,quantile,0.2,51,2027-04-03
2027-03-13,wk inc flu hosp,3,32,quantile,0.25,54,2027-04-03
2027-03-13,wk inc flu hosp,3,32,quantile,0.3,56,2027-04-03
2027-03-13,wk inc flu hosp,3,32,quantile,0.35,59,2027-04-03
2027-03-13,wk inc flu hosp,3,32,quantile,0.4,63,2027-04-03
2027-03-13,wk inc flu hosp,3,32,quantile,0.45,67,2027-04-03
2027-03-13,wk inc flu hosp,3,32,quantile,0.5,70,2027-04-03
2027-03-13,wk inc flu hosp,3,32,quantile,0.55,71,2027-04-03
2027-03-13,wk inc flu hosp,3,32,quantile,0.6,73,2027-04-03
2027-03-13,wk inc flu hosp,3,32,quantile,0.65,76,2027-04-03
2027-03-13,wk inc flu hosp,3,32,quantile,0.7,79,2027-04-03
2027-03-13,wk inc flu hosp,3,32,quantile,0.75,81,2027-04-03
2027-03-13,wk inc flu hosp,3,32,quantile,0.8,86,2027-04-03
2027-03-13,wk inc flu hosp,3,32,quantile,0.85,90,2027-04-03
2027-03-13,wk inc flu hosp,3,32,quantile,0.9,98,2027-04-03
2027-03-13,wk inc flu hosp,3,32,quantile,0.95,107,2027-04-03
2027-03-13,wk inc flu hosp,3,32,quantile,0.975,113,2027-04-03
2027-03-13,wk inc flu hosp,3,32,quantile,0.99,127,2027-04-03
2027-03-13,wk inc flu hosp,3,33,quantile,0.01,10,2027-04-03
2027-03-13,wk inc flu hosp,3,33,quantile,0.025,11,2027-04-03
2027-03-13,wk inc flu hosp,3,33,quantile,0.05,12,2027-04-03
2027-03-13,wk inc flu hosp,3,33,quantile,0.1,17,2027-04-03
2027-03-13,wk inc flu hosp,3,33,quantile,0.15,18,2027-04-03
2027-03-13,wk inc flu hosp,3,33,quantile,0.2,19,2027-04-03
2027-03-13,wk inc flu hosp,3,33,quantile,0.25,20,2027-04-03
2027-03-13,wk inc flu hosp,3,33,quantile,0.3,21,2027-04-03
2027-03-13,wk inc flu hosp,3,33,quantile,0.35,22,2027-04-03
2027-03-13,wk inc flu hosp,3,33,quantile,0.4,23,2027-04-03
2027-03-13,wk inc flu hosp,3,33,quantile,0.45,24,2027-04-03
2027-03-13,wk inc flu hosp,3,33,quantile,0.5,25,2027-04-03
2027-03-13,wk inc flu hosp,3,33,quantile,0.55,26,2027-04-03
2027-03-13,wk inc flu hosp,3,33,quantile,0.6,27,2027-04-03
2027-03-13,wk inc flu hosp,3,33,quantile,0.65,28,2027-04-03
2027-03-13,wk inc flu hosp,3,33,quantile,0.7,29,2027-04-03
2027-03-13,wk inc flu hosp,3,33,quantile,0.75,31,2027-04-03
2027-03-13,wk inc flu hosp,3,33,quantile,0.8,33,2027-04-03
2027-03-13,wk inc flu hosp,3,33,quantile,0.85,35,2027-04-03
2027-03-13,wk inc flu hosp,3,33,quantile,0.9,38,2027-04-03
2027-03-13,wk inc flu hosp,3,33,quantile,0.95,41,2027-04-03
2027-03-13,wk inc flu hosp,3,33,quantile,0.975,45,2027-04-03
2027-03-13,wk inc flu hosp,3,33,quantile,0.99,54,2027-04-03
2027-03-13,wk inc flu hosp,3,34,quantile,0.01,127,2027-04-03
2027-03-13,wk inc flu hosp,3,34,quantile,0.025,136,2027-04-03
2027-03-13,wk inc flu hosp,3,34,quantile,0.05,142,2027-04-03
2027-03-13,wk inc flu hosp,3,34,quantile,0.1,158,2027-04-03
2027-03-13,wk inc flu hosp,3,34,quantile,0.15,167,2027-04-03
2027-03-13,wk inc flu hosp,3,34,quantile,0.2,185,2027-04-03
2027-03-13,wk inc flu hosp,3,34,quantile,0.25,194,2027-04-03
2027-03-13,wk inc flu hosp,3,34,quantile,0.3,201,2027-04-03
2027-03-13,wk inc flu hosp,3,34,quantile,0.35,204,2027-04-03
2027-03-13,wk inc flu hosp,3,34,quantile,0.4,212,2027-04-03
2027-03-13,wk inc flu hosp,3,34,quantile,0.45,217,2027-04-03
2027-03-13,wk inc flu hosp,3,34,quantile,0.5,226,2027-04-03
2027-03-13,wk inc flu hosp,3,34,quantile,0.55,231,2027-04-03
2027-03-13,wk inc flu hosp,3,34,quantile,0.6,234,2027-04-03
2027-03-13,wk inc flu hosp,3,34,quantile,0.65,248,2027-04-03
2027-03-13,wk inc flu hosp,3,34,quantile,0.7,256,2027-04-03
2027-03-13,wk inc flu hosp,3,34,quantile,0.75,268,2027-04-03
2027-03-13,wk inc flu hosp,3,34,quantile,0.8,281,2027-04-03
2027-03-13,wk inc flu hosp,3,34,quantile,0.85,291,2027-04-03
2027-03-13,wk inc flu hosp,3,34,quantile,0.9,310,2027-04-03
2027-03-13,wk inc flu hosp,3,34,quantile,0.95,347,2027-04-03
2027-03-13,wk inc flu hosp,3,34,quantile,0.975,395,2027-04-03
2027-03-13,wk inc flu hosp,3,34,quantile,0.99,402,2027-04-03
2027-03-13,wk inc flu hosp,3,35,quantile,0.01,32,2027-04-03
2027-03-13,wk inc flu hosp,3,35,quantile,0.025,37,2027-04-03
2027-03-13,wk inc flu hosp,3,35,quantile,0.05,40,2027-04-03
2027-03-13,wk inc flu hosp,3,35,quantile,0.1,45,2027-04-03
2027-03-13,wk inc flu hosp,3,35,quantile,0.15,50,2027-04-03
2027-03-13,wk inc flu hosp,3,35,quantile,0.2,51,2027-04-03
2027-03-13,wk inc flu hosp,3,35,quantile,0.25,53,2027-04-03
2027-03-13,wk inc flu hosp,3,35,quantile,0.3,56,2027-04-03
2027-03-13,wk inc flu hosp,3,35,quantile,0.35,58,2027-04-03
2027-03-13,wk inc flu hosp,3,35,quantile,0.4,61,2027-04-03
2027-03-13,wk inc flu hosp,3,35,quantile,0.45,61,2027-04-03
2027-03-13,wk inc flu hosp,3,35,quantile,0.5,64,2027-04-03
2027-03-13,wk inc flu hosp,3,35,quantile,0.55,66,2027-04-03
2027-03-13,wk inc flu hosp,3,35,quantile,0.6,69,2027-04-03
2027-03-13,wk inc flu hosp,3,35,quantile,0.65,72,2027-04-03
2027-03-13,wk inc flu hosp,3,35,quantile,0.7,77,2027-04-03
2027-03-13,wk inc flu hosp,3,35,quantile,0.75,80,2027-04-03
2027-03-13,wk inc flu hosp,3,35,quantile,0.8,84,2027-04-03
2027-03-13,wk inc flu hosp,3,35,quantile,0.85,88,2027-04-03
2027-03-13,wk inc flu hosp,3,35,quantile,0.9,94,2027-04-03
2027-03-13,wk inc flu hosp,3,35,quantile,0.95,109,2027-04-03
2027-03-13,wk inc flu hosp,3,35,quantile,0.975,115,2027-04-03
2027-03-13,wk inc flu hosp,3,35,quantile,0.99,119,2027-04-03
2027-03-13,wk inc flu hosp,3,36,quantile,0.01,318,2027-04-03
2027-03-13,wk inc flu hosp,3,36,quantile,0.025,363,2027-04-03
2027-03-13,wk inc flu hosp,3,36,quantile,0.05,408,2027-04-03
2027-03-13,wk inc flu hosp,3,36,quantile,0.1,441,2027-04-03
2027-03-13,wk inc flu hosp,3,36,quantile,0.15,473,2027-04-03
2027-03-13,wk inc flu hosp,3,36,quantile,0.2,491,2027-04-03
2027-03-13,wk inc flu hosp,3,36,quantile,0.25,505,2027-04-03
2027-03-13,wk inc flu hosp,3,36,quantile,0.3,528,2027-04-03
2027-03-13,wk inc flu hosp,3,36,quantile,0.35,539,2027-04-03
2027-03-13,wk inc flu hosp,3,36,quantile,0.4,556,2027-04-03
2027-03-13,wk inc flu hosp,3,36,quantile,0.45,573,2027-04-03
2027-03-13,wk inc flu hosp,3,36,quantile,0.5,592,2027-04-03
2027-03-13,wk inc flu hosp,3,36,quantile,0.55,603,2027-04-03
2027-03-13,wk inc flu hosp,3,36,quantile,0.6,617,2027-04-03
2027-03-13,wk inc flu hosp,3,36,quantile,0.65,630,2027-04-03
2027-03-13,wk inc flu hosp,3,36,quantile,0.7,656,2027-04-03
2027-03-13,wk inc flu hosp,3,36,quantile,0.75,677,2027-04-03
2027-03-13,wk inc flu hosp,3,36,quantile,0.8,712,2027-04-03
2027-03-13,wk inc flu hosp,3,36,quantile,0.85,748,2027-04-03
2027-03-13,wk inc flu hosp,3,36,quantile,0.9,770,2027-04-03
2027-03-13,wk inc flu hosp,3,36,quantile,0.95,854,2027-04-03
2027-03-13,wk inc flu hosp,3,36,quantile,0.975,905,2027-04-03
2027-03-13,wk inc flu hosp,3,36,quantile,0.99,934,2027-04-03
2027-03-13,wk inc flu hosp,3,37,quantile,0.01,92,2027-04-03
2027-03-13,wk inc flu hosp,3,37,quantile,0.025,101,2027-04-03
2027-03-13,wk inc flu hosp,3,37,quantile,0.05,106,2027-04-03
2027-03-13,wk inc flu hosp,3,37,quantile,0.1,116,2027-04-03
2027-03-13,wk inc flu hosp,3,37,quantile,0.15,126,2027-04-03
2027-03-13,wk inc flu hosp,3,37,quantile,0.2,134,2027-04-03
2027-03-13,wk inc flu hosp,3,37,quantile,0.25,143,2027-04-03
2027-03-13,wk inc flu hosp,3,37,quantile,0.3,148,2027-04-03
2027-03-13,wk inc flu hosp,3,37,quantile,0.35,156,2027-04-03
2027-03-13,wk inc flu hosp,3,37,quantile,0.4,159,2027-04-03
2027-03-13,wk inc flu hosp,3,37,quantile,0.45,169,2027-04-03
2027-03-13,wk inc flu hosp,3,37,quantile,0.5,172,2027-04-03
2027-03-13,wk inc flu hosp,3,37,quantile,0.55,180,2027-04-03
2027-03-13,wk inc flu hosp,3,37,quantile,0.6,186,2027-04-03
2027-03-13,wk inc flu hosp,3,37,quantile,0.65,198,2027-04-03
2027-03-13,wk inc flu hosp,3,37,quantile,0.7,211,2027-04-03
2027-03-13,wk inc flu hosp,3,37,quantile,0.75,220,2027-04-03
2027-03-13,wk inc flu hosp,3,37,quantile,0.8,233,2027-04-03
2027-03-13,wk inc flu hosp,3,37,quantile,0.85,245,2027-04-03
2027-03-13,wk inc flu hosp,3,37,quantile,0.9,254,2027-04-03
2027-03-13,wk inc flu hosp,3,37,quantile,0.95,270,2027-04-03
2027-03-13,wk inc flu hosp,3,37,quantile,0.975,283,2027-04-03
2027-03-13,wk inc flu hosp,3,37,quantile,0.99,302,2027-04-03
2027-03-13,wk inc flu hosp,3,38,quantile,0.01,13,2027-04-03
2027-03-13,wk inc flu hosp,3,38,quantile,0.025,17,2027-04-03
2027-03-13,wk inc flu hosp,3,38,quantile,0.05,19,2027-04-03
2027-03-13,wk inc flu hosp,3,38,quantile,0.1,23,2027-04-03
2027-03-13,wk inc flu hosp,3,38,quantile,0.15,27,2027-04-03
2027-03-13,wk inc flu hosp,3,38,quantile,0.2,29,2027-04-03
2027-03-13,wk inc flu hosp,3,38,quantile,0.25,31,2027-04-03
2027-03-13,wk inc flu hosp,3,38,quantile,0.3,31,2027-04-03
2027-03-13,wk inc flu hosp,3,38,quantile,0.35,34,2027-04-03
2027-03-13,wk inc flu hosp,3,38,quantile,0.4,36,2027-04-03
2027-03-13,wk inc flu hosp,3,38,quantile,0.45,37,2027-04-03
2027-03-13,wk inc flu hosp,3,38,quantile,0.5,38,2027-04-03
2027-03-13,wk inc flu hosp,3,38,quantile,0.55,39,2027-04-03
2027-03-13,wk inc flu hosp,3,38,quantile,0.6,40,2027-04-03
2027-03-13,wk inc flu hosp,3,38,quantile,0.65,43,2027-04-03
2027-03-13,wk inc flu hosp,3,38,quantile,0.7,45,2027-04-03
2027-03-13,wk inc flu hosp,3,38,quantile,0.75,50,2027-04-03
2027-03-13,wk inc flu hosp,3,38,quantile,0.8,52,2027-04-03
2027-03-13,wk inc flu hosp,3,38,quantile,0.85,55,2027-04-03
2027-03-13,wk inc flu hosp,3,38,quantile,0.9,64,2027-04-03
2027-03-13,wk inc flu hosp,3,38,quantile,0.95,75,2027-04-03
2027-03-13,wk inc flu hosp,3,38,quantile,0.975,80,2027-04-03
2027-03-13,wk inc flu hosp,3,38,quantile,0.99,88,2027-04-03
2027-03-13,wk inc flu hosp,3,39,quantile,0.01,111,2027-04-03
2027-03-13,wk inc flu hosp,3,39,quantile,0.025,119,2027-04-03
2027-03-13,wk inc flu hosp,3,39,quantile,0.05,138,2027-04-03
2027-03-13,wk inc flu hosp,3,39,quantile,0.1,146,2027-04-03
2027-03-13,wk inc flu hosp,3,39,quantile,0.15,163,2027-04-03
2027-03-13,wk inc flu hosp,3,39,quantile,0.2,168,2027-04-03
2027-03-13,wk inc flu hosp,3,39,quantile,0.25,178,2027-04-03
2027-03-13,wk inc flu hosp,3,39,quantile,0.3,192,2027-04-03
2027-03-13,wk inc flu hosp,3,39,quantile,0.35,197,2027-04-03
2027-03-13,wk inc flu hosp,3,39,quantile,0.4,204,2027-04-03
2027-03-13,wk inc flu hosp,3,39,quantile,0.45,208,2027-04-03
2027-03-13,wk inc flu hosp,3,39,quantile,0.5,214,2027-04-03
2027-03-13,wk inc flu hosp,3,39,quantile,0.55,223,2027-04-03
2027-03-13,wk inc flu hosp,3,39,quantile,0.6,231,2027-04-03
2027-03-13,wk inc flu hosp,3,39,quantile,0.65,239,2027-04-03
2027-03-13,wk inc flu hosp,3,39,quantile,0.7,246,2027-04-03
2027-03-13,wk inc flu hosp,3,39,quantile,0.75,256,2027-04-03
2027-03-13,wk inc flu hosp,3,39,quantile,0.8,267,2027-04-03
2027-03-13,wk inc flu hosp,3,39,quantile,0.85,273,2027-04-03
2027-03-13,wk inc flu hosp,3,39,quantile,0.9,291,2027-04-03
2027-03-13,wk inc flu hosp,3,39,quantile,0.95,312,2027-04-03
2027-03-13,wk inc flu hosp,3,39,quantile,0.975,333,2027-04-03
2027-03-13,wk inc flu hosp,3,39,quantile,0.99,375,2027-04-03
2027-03-13,wk inc flu hosp,3,40,quantile,0.01,27,2027-04-03
2027-03-13,wk inc flu hosp,3,40,quantile,0.025,33,2027-04-03
2027-03-13,wk inc flu hosp,3,40,quantile,0.05,36,2027-04-03
2027-03-13,wk inc flu hosp,3,40,quantile,0.1,48,2027-04-03
2027-03-13,wk inc flu hosp,3,40,quantile,0.15,54,2027-04-03
2027-03-13,wk inc flu hosp,3,40,quantile,0.2,57,2027-04-03
2027-03-13,wk inc flu hosp,3,40,quantile,0.25,60,2027-04-03
2027-03-13,wk inc flu hosp,3,40,quantile,0.3,63,2027-04-03
2027-03-13,wk inc flu hosp,3,40,quantile,0.35,65,2027-04-03
2027-03-13,wk inc flu hosp,3,40,quantile,0.4,67,2027-04-03
2027-03-13,wk inc flu hosp,3,40,quantile,0.45,70,2027-04-03
2027-03-13,wk inc flu hosp,3,40,quantile,0.5,73,2027-04-03
2027-03-13,wk inc flu hosp,3,40,quantile,0.55,76,2027-04-03
2027-03-13,wk inc flu hosp,3,40,quantile,0.6,79,2027-04-03
2027-03-13,wk inc flu hosp,3,40,quantile,0.65,83,2027-04-03
2027-03-13,wk inc flu hosp,3,40,quantile,0.7,87,2027-04-03
2027-03-13,wk inc flu hosp,3,40,quantile,0.75,91,2027-04-03
2027-03-13,wk inc flu hosp,3,40,quantile,0.8,96,2027-04-03
2027-03-13,wk inc flu hosp,3,40,quantile,0.85,104,2027-04-03
2027-03-13,wk inc flu hosp,3,40,quantile,0.9,108,2027-04-03
2027-03-13,wk inc flu hosp,3,40,quantile,0.95,115,2027-04-03
2027-03-13,wk inc flu hosp,3,40,quantile,0.975,119,2027-04-03
2027-03-13,wk inc flu hosp,3,40,quantile,0.99,130,2027-04-03
2027-03-13,wk inc flu hosp,3,41,quantile,0.01,36,2027-04-03
2027-03-13,wk inc flu hosp,3,41,quantile,0.025,39,2027-04-03
2027-03-13,wk inc flu hosp,3,41,quantile,0.05,40,2027-04-03
2027-03-13,wk inc flu hosp,3,41,quantile,0.1,45,2027-04-03
2027-03-13,wk inc flu hosp,3,41,quantile,0.15,46,2027-04-03
2027-03-13,wk inc flu hosp,3,41,quantile,0.2,50,2027-04-03
2027-03-13,wk inc flu hosp,3,41,quantile,0.25,55,2027-04-03
2027-03-13,wk inc flu hosp,3,41,quantile,0.3,57,2027-04-03
2027-03-13,wk inc flu hosp,3,41,quantile,0.35,59,2027-04-03
2027-03-13,wk inc flu hosp,3,41,quantile,0.4,61,2027-04-03
2027-03-13,wk inc flu hosp,3,41,quantile,0.45,63,2027-04-03
2027-03-13,wk inc flu hosp,3,41,quantile,0.5,66,2027-04-03
2027-03-13,wk inc flu hosp,3,41,quantile,0.55,68,2027-04-03
2027-03-13,wk inc flu hosp,3,41,quantile,0.6,70,2027-04-03
2027-03-13,wk inc flu hosp,3,41,quantile,0.65,75,2027-04-03
2027-03-13,wk inc flu hosp,3,41,quantile,0.7,78,2027-04-03
2027-03-13,wk inc flu hosp,3,41,quantile,0.75,80,2027-04-03
2027-03-13,wk inc flu hosp,3,41,quantile,0.8,84,2027-04-03
2027-03-13,wk inc flu hosp,3,41,quantile,0.85,89,2027-04-03
2027-03-13,wk inc flu hosp,3,41,quantile,0.9,92,2027-04-03
2027-03-13,wk inc flu hosp,3,41,quantile,0.95,100,2027-04-03
2027-03-13,wk inc flu hosp,3,41,quantile,0.975,106,2027-04-03
2027-03-13,wk inc flu hosp,3,41,quantile,0.99,128,2027-04-03
2027-03-13,wk inc flu hosp,3,42,quantile,0.01,331,2027-04-03
2027-03-13,wk inc flu hosp,3,42,quantile,0.025,399,2027-04-03
2027-03-13,wk inc flu hosp,3,42,quantile,0.05,441,2027-04-03
2027-03-13,wk inc flu hosp,3,42,quantile,0.1,475,2027-04-03
2027-03-13,wk inc flu hosp,3,42,quantile,0.15,497,2027-04-03
2027-03-13,wk inc flu hosp,3,42,quantile,0.2,520,2027-04-03
2027-03-13,wk inc flu hosp,3,42,quantile,0.25,548,2027-04-03
2027-03-13,wk inc flu hosp,3,42,quantile,0.3,574,2027-04-03
2027-03-13,wk inc flu hosp,3,42,quantile,0.35,610,2027-04-03
2027-03-13,wk inc flu hosp,3,42,quantile,0.4,632,2027-04-03
2027-03-13,wk inc flu hosp,3,42,quantile,0.45,654,2027-04-03
2027-03-13,wk inc flu hosp,3,42,quantile,0.5,672,2027-04-03
2027-03-13,wk inc flu hosp,3,42,quantile,0.55,694,2027-04-03
2027-03-13,wk inc flu hosp,3,42,quantile,0.6,710,2027-04-03
2027-03-13,wk inc flu hosp,3,42,quantile,0.65,736,2027-04-03
2027-03-13,wk inc flu hosp,3,42,quantile,0.7,756,2027-04-03
2027-03-13,wk inc flu hosp,3,42,quantile,0.75,777,2027-04-03
2027-03-13,wk inc flu hosp,3,42,quantile,0.8,807,2027-04-03
2027-03-13,wk inc flu hosp,3,42,quantile,0.85,854,2027-04-03
2027-03-13,wk inc flu hosp,3,42,quantile,0.9,885,2027-04-03
2027-03-13,wk inc flu hosp,3,42,quantile,0.95,971,2027-04-03
2027-03-13,wk inc flu hosp,3,42,quantile,0.975,1142,2027-04-03
2027-03-13,wk inc flu hosp,3,42,quantile,0.99,1207,2027-04-03
2027-03-13,wk inc flu hosp,3,44,quantile,0.01,8,2027-04-03
2027-03-13,wk inc flu hosp,3,44,quantile,0.025,10,2027-04-03
2027-03-13,wk inc flu hosp,3,44,quantile,0.05,13,2027-04-03
2027-03-13,wk inc flu hosp,3,44,quantile,0.1,15,2027-04-03
2027-03-13,wk inc flu hosp,3,44,quantile,0.15,15,2027-04-03
2027-03-13,wk inc flu hosp,3,44,quantile,0.2,17,2027-04-03
2027-03-13,wk inc flu hosp,3,44,quantile,0.25,18,2027-04-03
2027-03-13,wk inc flu hosp,3,44,quantile,0.3,19,2027-04-03
2027-03-13,wk inc flu hosp,3,44,quantile,0.35,20,2027-04-03
2027-03-13,wk inc flu hosp,3,44,quantile,0.4,21,2027-04-03
2027-03-13,wk inc flu hosp,3,44,quantile,0.45,22,2027-04-03
2027-03-13,wk inc flu hosp,3,44,quantile,0.5,24,2027-04-03
2027-03-13,wk inc flu hosp,3,44,quantile,0.55,25,2027-04-03
2027-03-13,wk inc flu hosp,3,44,quantile,0.6,26,2027-04-03
2027-03-13,wk inc flu hosp,3,44,quantile,0.65,28,2027-04-03
2027-03-13,wk inc flu hosp,3,44,quantile,0.7,30,2027-04-03
2027-03-13,wk inc flu hosp,3,44,quantile,0.75,31,2027-04-03
2027-03-13,wk inc flu hosp,3,44,quantile,0.8,34,2027-04-03
2027-03-13,wk inc flu hosp,3,44,quantile,0.85,36,2027-04-03
2027-03-13,wk inc flu hosp,3,44,quantile,0.9,37,2027-04-03
2027-03-13,wk inc flu hosp,3,44,quantile,0.95,42,2027-04-03
2027-03-13,wk inc flu hosp,3,44,quantile,0.975,45,2027-04-03
2027-03-13,wk inc flu hosp,3,44,quantile,0.99,49,2027-04-03
2027-03-13,wk inc flu hosp,3,45,quantile,0.01,45,2027-04-03
2027-03-13,wk inc flu hosp,3,45,quantile,0.025,47,2027-04-03
2027-03-13,wk inc flu hosp,3,45,quantile,0.05,50,2027-04-03
2027-03-13,wk inc flu hosp,3,45,quantile,0.1,56,2027-04-03
2027-03-13,wk inc flu hosp,3,45,quantile,0.15,60,2027-04-03
2027-03-13,wk inc flu hosp,3,45,quantile,0.2,61,2027-04-03
2027-03-13,wk inc flu hosp,3,45,quantile,0.25,63,2027-04-03
2027-03-13,wk inc flu hosp,3,45,quantile,0.3,66,2027-04-03
2027-03-13,wk inc flu hosp,3,45,quantile,0.35,69,2027-04-03
2027-03-13,wk inc flu hosp,3,45,quantile,0.4,75,2027-04-03
2027-03-13,wk inc flu hosp,3,45,quantile,0.45,80,2027-04-03
2027-03-13,wk inc flu hosp,3,45,quantile,0.5,84,2027-04-03
2027-03-13,wk inc flu hosp,3,45,quantile,0.55,87,2027-04-03
2027-03-13,wk inc flu hosp,3,45,quantile,0.6,90,2027-04-03
2027-03-13,wk inc flu hosp,3,45,quantile,0.65,95,2027-04-03
2027-03-13,wk inc flu hosp,3,45,quantile,0.7,97,2027-04-03
2027-03-13,wk inc flu hosp,3,45,quantile,0.75,102,2027-04-03
2027-03-13,wk inc flu hosp,3,45,quantile,0.8,107,2027-04-03
2027-03-13,wk inc flu hosp,3,45,quantile,0.85,112,2027-04-03
2027-03-13,wk inc flu hosp,3,45,quantile,0.9,122,2027-04-03
2027-03-13,wk inc flu hosp,3,45,quantile,0.95,140,2027-04-03
2027-03-13,wk inc flu hosp,3,45,quantile,0.975,152,2027-04-03
2027-03-13,wk inc flu hosp,3,45,quantile,0.99,164,2027-04-03
2027-03-13,wk inc flu hosp,3,46,quantile,0.01,6,2027-04-03
2027-03-13,wk inc flu hosp,3,46,quantile,0.025,8,2027-04-03
2027-03-13,wk inc flu hosp,3,46,quantile,0.05,8,2027-04-03
2027-03-13,wk inc flu hosp,3,46,quantile,0.1,10,2027-04-03
2027-03-13,wk inc flu hosp,3,46,quantile,0.15,11,2027-04-03
2027-03-13,wk inc flu hosp,3,46,quantile,0.2,13,2027-04-03
2027-03-13,wk inc flu hosp,3,46,quantile,0.25,13,2027-04-03
2027-03-13,wk inc flu hosp,3,46,quantile,0.3,15,2027-04-03
2027-03-13,wk inc flu hosp,3,46,quantile,0.35,16,2027-04-03
2027-03-13,wk inc flu hosp,3,46,quantile,0.4,17,2027-04-03
2027-03-13,wk inc flu hosp,3,46,quantile,0.45,18,2027-04-03
2027-03-13,wk inc flu hosp,3,46,quantile,0.5,19,2027-04-03
2027-03-13,wk inc flu hosp,3,46,quantile,0.55,20,2027-04-03
2027-03-13,wk inc flu hosp,3,46,quantile,0.6,21,2027-04-03
2027-03-13,wk inc flu hosp,3,46,quantile,0.65,21,2027-04-03
2027-03-13,wk inc flu hosp,3,46,quantile,0.7,22,2027-04-03
2027-03-13,wk inc flu hosp,3,46,quantile,0.75,23,2027-04-03
2027-03-13,wk inc flu hosp,3,46,quantile,0.8,24,2027-04-03
2027-03-13,wk inc flu hosp,3,46,quantile,0.85,25,2027-04-03
2027-03-13,wk inc flu hosp,3,46,quantile,0.9,29,2027-04-03
2027-03-13,wk inc flu hosp,3,46,quantile,0.95,32,2027-04-03
2027-03-13,wk inc flu hosp,3,46,quantile,0.975,34,2027-04-03
2027-03-13,wk inc flu hosp,3,46,quantile,0.99,42,2027-04-03
2027-03-13,wk inc flu hosp,3,47,quantile,0.01,106,2027-04-03
2027-03-13,wk inc flu hosp,3,47,quantile,0.025,116,2027-04-03
2027-03-13,wk inc flu hosp,3,47,quantile,0.05,125,2027-04-03
2027-03-13,wk inc flu hosp,3,47,quantile,0.1,132,2027-04-03
2027-03-13,wk inc flu hosp,3,47,quantile,0.15,138,2027-04-03
2027-03-13,wk inc flu hosp,3,47,quantile,0.2,146,2027-04-03
2027-03-13,wk inc flu hosp,3,47,quantile,0.25,156,2027-04-03
2027-03-13,wk inc flu hosp,3,47,quantile,0.3,160,2027-04-03
2027-03-13,wk inc flu hosp,3,47,quantile,0.35,165,2027-04-03
2027-03-13,wk inc flu hosp,3,47,quantile,0.4,169,2027-04-03
2027-03-13,wk inc flu hosp,3,47,quantile,0.45,174,2027-04-03
2027-03-13,wk inc flu hosp,3,47,quantile,0.5,180,2027-04-03
2027-03-13,wk inc flu hosp,3,47,quantile,0.55,187,2027-04-03
2027-03-13,wk inc flu hosp,3,47,quantile,0.6,192,2027-04-03
2027-03-13,wk inc flu hosp,3,47,quantile,0.65,198,2027-04-03
2027-03-13,wk inc flu hosp,3,47,quantile,0.7,203,2027-04-03
2027-03-13,wk inc flu hosp,3,47,quantile,0.75,209,2027-04-03
2027-03-13,wk inc flu hosp,3,47,quantile,0.8,214,2027-04-03
2027-03-13,wk inc flu hosp,3,47,quantile,0.85,223,2027-04-03
2027-03-13,wk inc flu hosp,3,47,quantile,0.9,230,2027-04-03
2027-03-13,wk inc flu hosp,3,47,quantile,0.95,258,2027-04-03
2027-03-13,wk inc flu hosp,3,47,quantile,0.975,270,2027-04-03
2027-03-13,wk inc flu hosp,3,47,quantile,0.99,282,2027-04-03
2027-03-13,wk inc flu hosp,3,48,quantile,0.01,232,2027-04-03
2027-03-13,wk inc flu hosp,3,48,quantile,0.025,243,2027-04-03
2027-03-13,wk inc flu hosp,3,48,quantile,0.05,271,2027-04-03
2027-03-13,wk inc flu hosp,3,48,quantile,0.1,305,2027-04-03
2027-03-13,wk inc flu hosp,3,48,quantile,0.15,330,2027-04-03
2027-03-13,wk inc flu hosp,3,48,quantile,0.2,350,2027-04-03
2027-03-13,wk inc flu hosp,3,48,quantile,0.25,386,2027-04-03
2027-03-13,wk inc flu hosp,3,48,quantile,0.3,408,2027-04-03
2027-03-13,wk inc flu hosp,3,48,quantile,0.35,443,2027-04-03
2027-03-13,wk inc flu hosp,3,48,quantile,0.4,474,2027-04-03
2027-03-13,wk inc flu hosp,3,48,quantile,0.45,498,2027-04-03
2027-03-13,wk inc flu hosp,3,48,quantile,0.5,518,2027-04-03
2027-03-13,wk inc flu hosp,3,48,quantile,0.55,532,2027-04-03
2027-03-13,wk inc flu hosp,3,48,quantile,0.6,543,2027-04-03
2027-03-13,wk inc flu hosp,3,48,quantile,0.65,552,2027-04-03
2027-03-13,wk inc flu hosp,3,48,quantile,0.7,563,2027-04-03
2027-03-13,wk inc flu hosp,3,48,quantile,0.75,584,2027-04-03
2027-03-13,wk inc flu hosp,3,48,quantile,0.8,611,2027-04-03
2027-03-13,wk inc flu hosp,3,48,quantile,0.85,658,2027-04-03
2027-03-13,wk inc flu hosp,3,48,quantile,0.9,722,2027-04-03
2027-03-13,wk inc flu hosp,3,48,quantile,0.95,847,2027-04-03
2027-03-13,wk inc flu hosp,3,48,quantile,0.975,1000,2027-04-03
2027-03-13,wk inc flu hosp,3,48,quantile,0.99,1119,2027-04-03
2027-03-13,wk inc flu hosp,3,49,quantile,0.01,22,2027-04-03
2027-03-13,wk inc flu hosp,3,49,quantile,0.025,24,2027-04-03
2027-03-13,wk inc flu hosp,3,49,quantile,0.05,26,2027-04-03
2027-03-13,wk inc flu hosp,3,49,quantile,0.1,28,2027-04-03
2027-03-13,wk inc flu hosp,3,49,quantile,0.15,29,2027-04-03
2027-03-13,wk inc flu hosp,3,49,quantile,0.2,31,2027-04-03
2027-03-13,wk inc flu hosp,3,49,quantile,0.25,32,2027-04-03
2027-03-13,wk inc flu hosp,3,49,quantile,0.3,34,2027-04-03
2027-03-13,wk inc flu hosp,3,49,quantile,0.35,35,2027-04-03
2027-03-13,wk inc flu hosp,3,49,quantile,0.4,36,2027-04-03
2027-03-13,wk inc flu hosp,3,49,quantile,0.45,37,2027-04-03
2027-03-13,wk inc flu hosp,3,49,quantile,0.5,39,2027-04-03
2027-03-13,wk inc flu hosp,3,49,quantile,0.55,41,2027-04-03
2027-03-13,wk inc flu hosp,3,49,quantile,0.6,42,2027-04-03
2027-03-13,wk inc flu hosp,3,49,quantile,0.65,44,2027-04-03
2027-03-13,wk inc flu hosp,3,49,quantile,0.7,45,2027-04-03
2027-03-13,wk inc flu hosp,3,49,quantile,0.75,47,2027-04-03
2027-03-13,wk inc flu hosp,3,49,quantile,0.8,48,2027-04-03
2027-03-13,wk inc flu hosp,3,49,quantile,0.85,51,2027-04-03
2027-03-13,wk inc flu hosp,3,49,quantile,0.9,54,2027-04-03
2027-03-13,wk inc flu hosp,3,49,quantile,0.95,61,2027-04-03
2027-03-13,wk inc flu hosp,3,49,quantile,0.975,63,2027-04-03
2027-03-13,wk inc flu hosp,3,49,quantile,0.99,64,2027-04-03
2027-03-13,wk inc flu hosp,3,50,quantile,0.01,7,2027-04-03
2027-03-13,wk inc flu hosp,3,50,quantile,0.025,7,2027-04-03
2027-03-13,wk inc flu hosp,3,50,quantile,0.05,9,2027-04-03
2027-03-13,wk inc flu hosp,3,50,quantile,0.1,10,2027-04-03
2027-03-13,wk inc flu hosp,3,50,quantile,0.15,12,2027-04-03
2027-03-13,wk inc flu hosp,3,50,quantile,0.2,14,2027-04-03
2027-03-13,wk inc flu hosp,3,50,quantile,0.25,15,2027-04-03
2027-03-13,wk inc flu hosp,3,50,quantile,0.3,16,2027-04-03
2027-03-13,wk inc flu hosp,3,50,quantile,0.35,17,2027-04-03
2027-03-13,wk inc flu hosp,3,50,quantile,0.4,19,2027-04-03
2027-03-13,wk inc flu hosp,3,50,quantile,0.45,20,2027-04-03
2027-03-13,wk inc flu hosp,3,50,quantile,0.5,21,2027-04-03
2027-03-13,wk inc flu hosp,3,50,quantile,0.55,22,2027-04-03
2027-03-13,wk inc flu hosp,3,50,quantile,0.6,23,2027-04-03
2027-03-13,wk inc flu hosp,3,50,quantile,0.65,24,2027-04-03
2027-03-13,wk inc flu hosp,3,50,quantile,0.7,25,2027-04-03
2027-03-13,wk inc flu hosp,3,50,quantile,0.75,26,2027-04-03
2027-03-13,wk inc flu hosp,3,50,quantile,0.8,27,2027-04-03
2027-03-13,wk inc flu hosp,3,50,quantile,0.85,29,2027-04-03
2027-03-13,wk inc flu hosp,3,50,quantile,0.9,33,2027-04-03
2027-03-13,wk inc flu hosp,3,50,quantile,0.95,35,2027-04-03
2027-03-13,wk inc flu hosp,3,50,quantile,0.975,36,2027-04-03
2027-03-13,wk inc flu hosp,3,50,quantile,0.99,44,2027-04-03
2027-03-13,wk inc flu hosp,3,51,quantile,0.01,83,2027-04-03
2027-03-13,wk inc flu hosp,3,51,quantile,0.025,89,2027-04-03
2027-03-13,wk inc flu hosp,3,51,quantile,0.05,95,2027-04-03
2027-03-13,wk inc flu hosp,3,51,quantile,0.1,100,2027-04-03
2027-03-13,wk inc flu hosp,3,51,quantile,0.15,106,2027-04-03
2027-03-13,wk inc flu hosp,3,51,quantile,0.2,112,2027-04-03
2027-03-13,wk inc flu hosp,3,51,quantile,0.25,118,2027-04-03
2027-03-13,wk inc flu hosp,3,51,quantile,0.3,122,2027-04-03
2027-03-13,wk inc flu hosp,3,51,quantile,0.35,128,2027-04-03
2027-03-13,wk inc flu hosp,3,51,quantile,0.4,131,2027-04-03
2027-03-13,wk inc flu hosp,3,51,quantile,0.45,135,2027-04-03
2027-03-13,wk inc flu hosp,3,51,quantile,0.5,140,2027-04-03
2027-03-13,wk inc flu hosp,3,51,quantile,0.55,145,2027-04-03
2027-03-13,wk inc flu hosp,3,51,quantile,0.6,150,2027-04-03
2027-03-13,wk inc flu hosp,3,51,quantile,0.65,152,2027-04-03
2027-03-13,wk inc flu hosp,3,51,quantile,0.7,157,2027-04-03
2027-03-13,wk inc flu hosp,3,51,quantile,0.75,163,2027-04-03
2027-03-13,wk inc flu hosp,3,51,quantile,0.8,171,2027-04-03
2027-03-13,wk inc flu hosp,3,51,quantile,0.85,178,2027-04-03
2027-03-13,wk inc flu hosp,3,51,quantile,0.9,185,2027-04-03
2027-03-13,wk inc flu hosp,3,51,quantile,0.95,197,2027-04-03
2027-03-13,wk inc flu hosp,3,51,quantile,0.975,208,2027-04-03
2027-03-13,wk inc flu hosp,3,51,quantile,0.99,219,2027-04-03
2027-03-13,wk inc flu hosp,3,53,quantile,0.01,39,2027-04-03
2027-03-13,wk inc flu hosp,3,53,quantile,0.025,44,2027-04-03
2027-03-13,wk inc flu hosp,3,53,quantile,0.05,46,2027-04-03
2027-03-13,wk inc flu hosp,3,53,quantile,0.1,56,2027-04-03
2027-03-13,wk inc flu hosp,3,53,quantile,0.15,58,2027-04-03
2027-03-13,wk inc flu hosp,3,53,quantile,0.2,63,2027-04-03
2027-03-13,wk inc flu hosp,3,53,quantile,0.25,69,2027-04-03
2027-03-13,wk inc flu hosp,3,53,quantile,0.3,71,2027-04-03
2027-03-13,wk inc flu hosp,3,53,quantile,0.35,74,2027-04-03
2027-03-13,wk inc flu hosp,3,53,quantile,0.4,77,2027-04-03
2027-03-13,wk inc flu hosp,3,53,quantile,0.45,79,2027-04-03
2027-03-13,wk inc flu hosp,3,53,quantile,0.5,83,2027-04-03
2027-03-13,wk inc flu hosp,3,53,quantile,0.55,88,2027-04-03
2027-03-13,wk inc flu hosp,3,53,quantile,0.6,91,2027-04-03
2027-03-13,wk inc flu hosp,3,53,quantile,0.65,93,2027-04-03
2027-03-13,wk inc flu hosp,3,53,quantile,0.7,95,2027-04-03
2027-03-13,wk inc flu hosp,3,53,quantile,0.75,99,2027-04-03
2027-03-13,wk inc flu hosp,3,53,quantile,0.8,104,2027-04-03
2027-03-13,wk inc flu hosp,3,53,quantile,0.85,109,2027-04-03
2027-03-13,wk inc flu hosp,3,53,quantile,0.9,121,2027-04-03
2027-03-13,wk inc flu hosp,3,53,quantile,0.95,128,2027-04-03
2027-03-13,wk inc flu hosp,3,53,quantile,0.975,141,2027-04-03
2027-03-13,wk inc flu hosp,3,53,quantile,0.99,157,2027-04-03
2027-03-13,wk inc flu hosp,3,54,quantile,0.01,41,2027-04-03
2027-03-13,wk inc flu hosp,3,54,quantile,0.025,43,2027-04-03
2027-03-13,wk inc flu hosp,3,54,quantile,0.05,50,2027-04-03
2027-03-13,wk inc flu hosp,3,54,quantile,0.1,56,2027-04-03
2027-03-13,wk inc flu hosp,3,54,quantile,0.15,61,2027-04-03
2027-03-13,wk inc flu hosp,3,54,quantile,0.2,63,2027-04-03
2027-03-13,wk inc flu hosp,3,54,quantile,0.25,65,2027-04-03
2027-03-13,wk inc flu hosp,3,54,quantile,0.3,67,2027-04-03
2027-03-13,wk inc flu hosp,3,54,quantile,0.35,69,2027-04-03
2027-03-13,wk inc flu hosp,3,54,quantile,0.4,71,2027-04-03
2027-03-13,wk inc flu hosp,3,54,quantile,0.45,74,2027-04-03
2027-03-13,wk inc flu hosp,3,54,quantile,0.5,75,2027-04-03
2027-03-13,wk inc flu hosp,3,54,quantile,0.55,76,2027-04-03
2027-03-13,wk inc flu hosp,3,54,quantile,0.6,79,2027-04-03
2027-03-13,wk inc flu hosp,3,54,quantile,0.65,81,2027-04-03
2027-03-13,wk inc flu hosp,3,54,quantile,0.7,83,2027-04-03
2027-03-13,wk inc flu hosp,3,54,quantile,0.75,88,2027-04-03
2027-03-13,wk inc flu hosp,3,54,quantile,0.8,90,2027-04-03
2027-03-13,wk inc flu hosp,3,54,quantile,0.85,95,2027-04-03
2027-03-13,wk inc flu hosp,3,54,quantile,0.9,100,2027-04-03
2027-03-13,wk inc flu hosp,3,54,quantile,0.95,103,2027-04-03
2027-03-13,wk inc flu hosp,3,54,quantile,0.975,109,2027-04-03
2027-03-13,wk inc flu hosp,3,54,quantile,0.99,116,2027-04-03
2027-03-13,wk inc flu hosp,3,55,quantile,0.01,70,2027-04-03
2027-03-13,wk inc flu hosp,3,55,quantile,0.025,70,2027-04-03
2027-03-13,wk inc flu hosp,3,55,quantile,0.05,76,2027-04-03
2027-03-13,wk inc flu hosp,3,55,quantile,0.1,82,2027-04-03
2027-03-13,wk inc flu hosp,3,55,quantile,0.15,86,2027-04-03
2027-03-13,wk inc flu hosp,3,55,quantile,0.2,91,2027-04-03
2027-03-13,wk inc flu hosp,3,55,quantile,0.25,98,2027-04-03
2027-03-13,wk inc flu hosp,3,55,quantile,0.3,103,2027-04-03
2027-03-13,wk inc flu hosp,3,55,quantile,0.35,106,2027-04-03
2027-03-13,wk inc flu hosp,3,55,quantile,0.4,111,2027-04-03
2027-03-13,wk inc flu hosp,3,55,quantile,0.45,115,2027-04-03
2027-03-13,wk inc flu hosp,3,55,quantile,0.5,119,2027-04-03
2027-03-13,wk inc flu hosp,3,55,quantile,0.55,123,2027-04-03
2027-03-13,wk inc flu hosp,3,55,quantile,0.6,128,2027-04-03
2027-03-13,wk inc flu hosp,3,55,quantile,0.65,130,2027-04-03
2027-03-13,wk inc flu hosp,3,55,quantile,0.7,135,2027-04-03
2027-03-13,wk inc flu hosp,3,55,quantile,0.75,143,2027-04-03
2027-03-13,wk inc flu hosp,3,55,quantile,0.8,148,2027-04-03
2027-03-13,wk inc flu hosp,3,55,quantile,0.85,154,2027-04-03
2027-03-13,wk inc flu hosp,3,55,quantile,0.9,160,2027-04-03
2027-03-13,wk inc flu hosp,3,55,quantile,0.95,170,2027-04-03
2027-03-13,wk inc flu hosp,3,55,quantile,0.975,190,2027-04-03
2027-03-13,wk inc flu hosp,3,55,quantile,0.99,201,2027-04-03
2027-03-13,wk inc flu hosp,3,56,quantile,0.01,6,2027-04-03
2027-03-13,wk inc flu hosp,3,56,quantile,0.025,6,2027-04-03
2027-03-13,wk inc flu hosp,3,56,quantile,0.05,8,2027-04-03
2027-03-13,wk inc flu hosp,3,56,quantile,0.1,11,2027-04-03
2027-03-13,wk inc flu hosp,3,56,quantile,0.15,13,2027-04-03
2027-03-13,wk inc flu hosp,3,56,quantile,0.2,15,2027-04-03
2027-03-13,wk inc flu hosp,3,56,quantile,0.25,15,2027-04-03
2027-03-13,wk inc flu hosp,3,56,quantile,0.3,16,2027-04-03
2027-03-13,wk inc flu hosp,3,56,quantile,0.35,18,2027-04-03
2027-03-13,wk inc flu hosp,3,56,quantile,0.4,19,2027-04-03
2027-03-13,wk inc flu hosp,3,56,quantile,0.45,21,2027-04-03
2027-03-13,wk inc flu hosp,3,56,quantile,0.5,22,2027-04-03
2027-03-13,wk inc flu hosp,3,56,quantile,0.55,24,2027-04-03
2027-03-13,wk inc flu hosp,3,56,quantile,0.6,25,2027-04-03
2027-03-13,wk inc flu hosp,3,56,quantile,0.65,26,2027-04-03
2027-03-13,wk inc flu hosp,3,56,quantile,0.7,27,2027-04-03
2027-03-13,wk inc flu hosp,3,56,quantile,0.75,29,2027-04-03
2027-03-13,wk inc flu hosp,3,56,quantile,0.8,32,2027-04-03
2027-03-13,wk inc flu hosp,3,56,quantile,0.85,37,2027-04-03
2027-03-13,wk inc flu hosp,3,56,quantile,0.9,40,2027-04-03
2027-03-13,wk inc flu hosp,3,56,quantile,0.95,49,2027-04-03
2027-03-13,wk inc flu hosp,3,56,quantile,0.975,61,2027-04-03
2027-03-13,wk inc flu hosp,3,56,quantile,0.99,63,2027-04-03
2027-03-13,wk inc flu hosp,3,72,quantile,0.01,90,2027-04-03
2027-03-13,wk inc flu hosp,3,72,quantile,0.025,120,2027-04-03
2027-03-13,wk inc flu hosp,3,72,quantile,0.05,140,2027-04-03
2027-03-13,wk inc flu hosp,3,72,quantile,0.1,166,2027-04-03
2027-03-13,wk inc flu hosp,3,72,quantile,0.15,183,2027-04-03
2027-03-13,wk inc flu hosp,3,72,quantile,0.2,196,2027-04-03
2027-03-13,wk inc flu hosp,3,72,quantile,0.25,218,2027-04-03
2027-03-13,wk inc flu hosp,3,72,quantile,0.3,230,2027-04-03
2027-03-13,wk inc flu hosp,3,72,quantile,0.35,250,2027-04-03
2027-03-13,wk inc flu hosp,3,72,quantile,0.4,263,2027-04-03
2027-03-13,wk inc flu hosp,3,72,quantile,0.45,279,2027-04-03
2027-03-13,wk inc flu hosp,3,72,quantile,0.5,300,2027-04-03
2027-03-13,wk inc flu hosp,3,72,quantile,0.55,311,2027-04-03
2027-03-13,wk inc flu hosp,3,72,quantile,0.6,340,2027-04-03
2027-03-13,wk inc flu hosp,3,72,quantile,0.65,359,2027-04-03
2027-03-13,wk inc flu hosp,3,72,quantile,0.7,388,2027-04-03
2027-03-13,wk inc flu hosp,3,72,quantile,0.75,414,2027-04-03
2027-03-13,wk inc flu hosp,3,72,quantile,0.8,447,2027-04-03
2027-03-13,wk inc flu hosp,3,72,quantile,0.85,471,2027-04-03
2027-03-13,wk inc flu hosp,3,72,quantile,0.9,524,2027-04-03
2027-03-13,wk inc flu hosp,3,72,quantile,0.95,586,2027-04-03
2027-03-13,wk inc flu hosp,3,72,quantile,0.975,654,2027-04-03
2027-03-13,wk inc flu hosp,3,72,quantile,0.99,816,2027-04-03
2027-03-13,wk inc flu hosp,3,USA,quantile,0.01,6418,2027-04-03
2027-03-13,wk inc flu hosp,3,USA,quantile,0.025,6662,2027-04-03
2027-03-13,wk inc flu hosp,3,USA,quantile,0.05,6953,2027-04-03
2027-03-13,wk inc flu hosp,3,USA,quantile,0.1,7118,2027-04-03
2027-03-13,wk inc flu hosp,3,USA,quantile,0.15,7264,2027-04-03
2027-03-13,wk inc flu hosp,3,USA,quantile,0.2,7410,2027-04-03
2027-03-13,wk inc flu hosp,3,USA,quantile,0.25,7535,2027-04-03
2027-03-13,wk inc flu hosp,3,USA,quantile,0.3,7625,2027-04-03
2027-03-13,wk inc flu hosp,3,USA,quantile,0.35,7783,2027-04-03
2027-03-13,wk inc flu hosp,3,USA,quantile,0.4,7869,2027-04-03
2027-03-13,wk inc flu hosp,3,USA,quantile,0.45,7928,2027-04-03
2027-03-13,wk inc flu hosp,3,USA,quantile,0.5,8073,2027-04-03
2027-03-13,wk inc flu hosp,3,USA,quantile,0.55,8195,2027-04-03
2027-03-13,wk inc flu hosp,3,USA,quantile,0.6,8307,2027-04-03
2027-03-13,wk inc flu hosp,3,USA,quantile,0.65,8393,2027-04-03
2027-03-13,wk inc flu hosp,3,USA,quantile,0.7,8493,2027-04-03
2027-03-13,wk inc flu hosp,3,USA,quantile,0.75,8624,2027-04-03
2027-03-13,wk inc flu hosp,3,USA,quantile,0.8,8761,2027-04-03
2027-03-13,wk inc flu hosp,3,USA,quantile,0.85,8852,2027-04-03
2027-03-13,wk inc flu hosp,3,USA,quantile,0.9,8978,2027-04-03
2027-03-13,wk inc flu hosp,3,USA,quantile,0.95,9394,2027-04-03
2027-03-13,wk inc flu hosp,3,USA,quantile,0.975,9633,2027-04-03
2027-03-13,wk inc flu hosp,3,USA,quantile,0.99,10042,2027-04-03
