reference_date,target,horizon,location,output_type,output_type_id,value,target_end_date
2027-02-13,wk inc flu hosp,0,01,quantile,0.01,257,2027-02-13
2027-02-13,wk inc flu hosp,0,01,quantile,0.025,260,2027-02-13
2027-02-13,wk inc flu hosp,0,01,quantile,0.05,267,2027-02-13
2027-02-13,wk inc flu hosp,0,01,quantile,0.1,286,2027-02-13
2027-02-13,wk inc flu hosp,0,01,quantile,0.15,296,2027-02-13
2027-02-13,wk inc flu hosp,0,01,quantile,0.2,302,2027-02-13
2027-02-13,wk inc flu hosp,0,01,quantile,0.25,311,2027-02-13
2027-02-13,wk inc flu hosp,0,01,quantile,0.3,315,2027-02-13
2027-02-13,wk inc flu hosp,0,01,quantile,0.35,320,2027-02-13
2027-02-13,wk inc flu hosp,0,01,quantile,0.4,331,2027-02-13
2027-02-13,wk inc flu hosp,0,01,quantile,0.45,337,2027-02-13
2027-02-13,wk inc flu hosp,0,01,quantile,0.5,342,2027-02-13
2027-02-13,wk inc flu hosp,0,01,quantile,0.55,346,2027-02-13
2027-02-13,wk inc flu hosp,0,01,quantile,0.6,352,2027-02-13
2027-02-13,wk inc flu hosp,0,01,quantile,0.65,361,2027-02-13
2027-02-13,wk inc flu hosp,0,01,quantile,0.7,369,2027-02-13
2027-02-13,wk inc flu hosp,0,01,quantile,0.75,378,2027-02-13
2027-02-13,wk inc flu hosp,0,01,quantile,0.8,383,2027-02-13
2027-02-13,wk inc flu hosp,0,01,quantile,0.85,390,2027-02-13
2027-02-13,wk inc flu hosp,0,01,quantile,0.9,402,2027-02-13
2027-02-13,wk inc flu hosp,0,01,quantile,0.95,416,2027-02-13
2027-02-13,wk inc flu hosp,0,01,quantile,0.975,433,2027-02-13
2027-02-13,wk inc flu hosp,0,01,quantile,0.99,448,2027-02-13
2027-02-13,wk inc flu hosp,0,02,quantile,0.01,11,2027-02-13
2027-02-13,wk inc flu hosp,0,02,quantile,0.025,11,2027-02-13
2027-02-13,wk inc flu hosp,0,02,quantile,0.05,16,2027-02-13
2027-02-13,wk inc flu hosp,0,02,quantile,0.1,18,2027-02-13
2027-02-13,wk inc flu hosp,0,02,quantile,0.15,20,2027-02-13
2027-02-13,wk inc flu hosp,0,02,quantile,0.2,22,2027-02-13
2027-02-13,wk inc flu hosp,0,02,quantile,0.25,22,2027-02-13
2027-02-13,wk inc flu hosp,0,02,quantile,0.3,23,2027-02-13
2027-02-13,wk inc flu hosp,0,02,quantile,0.35,24,2027-02-13
2027-02-13,wk inc flu hosp,0,02,quantile,0.4,24,2027-02-13
2027-02-13,wk inc flu hosp,0,02,quantile,0.45,26,2027-02-13
2027-02-13,wk inc flu hosp,0,02,quantile,0.5,26,2027-02-13
2027-02-13,wk inc flu hosp,0,02,quantile,0.55,28,2027-02-13
2027-02-13,wk inc flu hosp,0,02,quantile,0.6,28,2027-02-13
2027-02-13,wk inc flu hosp,0,02,quantile,0.65,29,2027-02-13
2027-02-13,wk inc flu hosp,0,02,quantile,0.7,30,2027-02-13
2027-02-13,wk inc flu hosp,0,02,quantile,0.75,31,2027-02-13
2027-02-13,wk inc flu hosp,0,02,quantile,0.8,32,2027-02-13
2027-02-13,wk inc flu hosp,0,02,quantile,0.85,36,2027-02-13
2027-02-13,wk inc flu hosp,0,02,quantile,0.9,38,2027-02-13
2027-02-13,wk inc flu hosp,0,02,quantile,0.95,41,2027-02-13
2027-02-13,wk inc flu hosp,0,02,quantile,0.975,44,2027-02-13
2027-02-13,wk inc flu hosp,0,02,quantile,0.99,45,2027-02-13
2027-02-13,wk inc flu hosp,0,04,quantile,0.01,303,2027-02-13
2027-02-13,wk inc flu hosp,0,04,quantile,0.025,311,2027-02-13
2027-02-13,wk inc flu hosp,0,04,quantile,0.05,319,2027-02-13
2027-02-13,wk inc flu hosp,0,04,quantile,0.1,331,2027-02-13
2027-02-13,wk inc flu hosp,0,04,quantile,0.15,351,2027-02-13
2027-02-13,wk inc flu hosp,0,04,quantile,0.2,366,2027-02-13
2027-02-13,wk inc flu hosp,0,04,quantile,0.25,374,2027-02-13
2027-02-13,wk inc flu hosp,0,04,quantile,0.3,380,2027-02-13
2027-02-13,wk inc flu hosp,0,04,quantile,0.35,387,2027-02-13
2027-02-13,wk inc flu hosp,0,04,quantile,0.4,391,2027-02-13
2027-02-13,wk inc flu hosp,0,04,quantile,0.45,399,2027-02-13
2027-02-13,wk inc flu hosp,0,04,quantile,0.5,404,2027-02-13
2027-02-13,wk inc flu hosp,0,04,quantile,0.55,411,2027-02-13
2027-02-13,wk inc flu hosp,0,04,quantile,0.6,422,2027-02-13
2027-02-13,wk inc flu hosp,0,04,quantile,0.65,431,2027-02-13
2027-02-13,wk inc flu hosp,0,04,quantile,0.7,438,2027-02-13
2027-02-13,wk inc flu hosp,0,04,quantile,0.75,455,2027-02-13
2027-02-13,wk inc flu hosp,0,04,quantile,0.8,465,2027-02-13
2027-02-13,wk inc flu hosp,0,04,quantile,0.85,477,2027-02-13
2027-02-13,wk inc flu hosp,0,04,quantile,0.9,496,2027-02-13
2027-02-13,wk inc flu hosp,0,04,quantile,0.95,527,2027-02-13
2027-02-13,wk inc flu hosp,0,04,quantile,0.975,568,2027-02-13
2027-02-13,wk inc flu hosp,0,04,quantile,0.99,594,2027-02-13
2027-02-13,wk inc flu hosp,0,05,quantile,0.01,302,2027-02-13
2027-02-13,wk inc flu hosp,0,05,quantile,0.025,308,2027-02-13
2027-02-13,wk inc flu hosp,0,05,quantile,0.05,317,2027-02-13
2027-02-13,wk inc flu hosp,0,05,quantile,0.1,329,2027-02-13
2027-02-13,wk inc flu hosp,0,05,quantile,0.15,337,2027-02-13
2027-02-13,wk inc flu hosp,0,05,quantile,0.2,347,2027-02-13
2027-02-13,wk inc flu hosp,0,05,quantile,0.25,356,2027-02-13
2027-02-13,wk inc flu hosp,0,05,quantile,0.3,362,2027-02-13
2027-02-13,wk inc flu hosp,0,05,quantile,0.35,370,2027-02-13
2027-02-13,wk inc flu hosp,0,05,quantile,0.4,374,2027-02-13
2027-02-13,wk inc flu hosp,0,05,quantile,0.45,382,2027-02-13
2027-02-13,wk inc flu hosp,0,05,quantile,0.5,390,2027-02-13
2027-02-13,wk inc flu hosp,0,05,quantile,0.55,395,2027-02-13
2027-02-13,wk inc flu hosp,0,05,quantile,0.6,402,2027-02-13
2027-02-13,wk inc flu hosp,0,05,quantile,0.65,410,2027-02-13
2027-02-13,wk inc flu hosp,0,05,quantile,0.7,415,2027-02-13
2027-02-13,wk inc flu hosp,0,05,quantile,0.75,420,2027-02-13
2027-02-13,wk inc flu hosp,0,05,quantile,0.8,433,2027-02-13
2027-02-13,wk inc flu hosp,0,05,quantile,0.85,442,2027-02-13
2027-02-13,wk inc flu hosp,0,05,quantile,0.9,451,2027-02-13
2027-02-13,wk inc flu hosp,0,05,quantile,0.95,474,2027-02-13
2027-02-13,wk inc flu hosp,0,05,quantile,0.975,492,2027-02-13
2027-02-13,wk inc flu hosp,0,05,quantile,0.99,502,2027-02-13
2027-02-13,wk inc flu hosp,0,06,quantile,0.01,1213,2027-02-13
2027-02-13,wk inc flu hosp,0,06,quantile,0.025,1234,2027-02-13
2027-02-13,wk inc flu hosp,0,06,quantile,0.05,1263,2027-02-13
2027-02-13,wk inc flu hosp,0,06,quantile,0.1,1323,2027-02-13
2027-02-13,wk inc flu hosp,0,06,quantile,0.15,1365,2027-02-13
2027-02-13,wk inc flu hosp,0,06,quantile,0.2,1391,2027-02-13
2027-02-13,wk inc flu hosp,0,06,quantile,0.25,1434,2027-02-13
2027-02-13,wk inc flu hosp,0,06,quantile,0.3,1461,2027-02-13
2027-02-13,wk inc flu hosp,0,06,quantile,0.35,1479,2027-02-13
2027-02-13,wk inc flu hosp,0,06,quantile,0.4,1513,2027-02-13
2027-02-13,wk inc flu hosp,0,06,quantile,0.45,1544,2027-02-13
2027-02-13,wk inc flu hosp,0,06,quantile,0.5,1563,2027-02-13
2027-02-13,wk inc flu hosp,0,06,quantile,0.55,1598,2027-02-13
2027-02-13,wk inc flu hosp,0,06,quantile,0.6,1622,2027-02-13
2027-02-13,wk inc flu hosp,0,06,quantile,0.65,1647,2027-02-13
2027-02-13,wk inc flu hosp,0,06,quantile,0.7,1667,2027-02-13
2027-02-13,wk inc flu hosp,0,06,quantile,0.75,1694,2027-02-13
2027-02-13,wk inc flu hosp,0,06,quantile,0.8,1741,2027-02-13
2027-02-13,wk inc flu hosp,0,06,quantile,0.85,1778,2027-02-13
2027-02-13,wk inc flu hosp,0,06,quantile,0.9,1835,2027-02-13
2027-02-13,wk inc flu hosp,0,06,quantile,0.95,1912,2027-02-13
2027-02-13,wk inc flu hosp,0,06,quantile,0.975,2084,2027-02-13
2027-02-13,wk inc flu hosp,0,06,quantile,0.99,2188,2027-02-13
2027-02-13,wk inc flu hosp,0,08,quantile,0.01,207,2027-02-13
2027-02-13,wk inc flu hosp,0,08,quantile,0.025,222,2027-02-13
2027-02-13,wk inc flu hosp,0,08,quantile,0.05,236,2027-02-13
2027-02-13,wk inc flu hosp,0,08,quantile,0.1,252,2027-02-13
2027-02-13,wk inc flu hosp,0,08,quantile,0.15,259,2027-02-13
2027-02-13,wk inc flu hosp,0,08,quantile,0.2,269,2027-02-13
2027-02-13,wk inc flu hosp,0,08,quantile,0.25,280,2027-02-13
2027-02-13,wk inc flu hosp,0,08,quantile,0.3,287,2027-02-13
2027-02-13,wk inc flu hosp,0,08,quantile,0.35,292,2027-02-13
2027-02-13,wk inc flu hosp,0,08,quantile,0.4,297,2027-02-13
2027-02-13,wk inc flu hosp,0,08,quantile,0.45,301,2027-02-13
2027-02-13,wk inc flu hosp,0,08,quantile,0.5,306,2027-02-13
2027-02-13,wk inc flu hosp,0,08,quantile,0.55,308,2027-02-13
2027-02-13,wk inc flu hosp,0,08,quantile,0.6,314,2027-02-13
2027-02-13,wk inc flu hosp,0,08,quantile,0.65,319,2027-02-13
2027-02-13,wk inc flu hosp,0,08,quantile,0.7,325,2027-02-13
2027-02-13,wk inc flu hosp,0,08,quantile,0.75,328,2027-02-13
2027-02-13,wk inc flu hosp,0,08,quantile,0.8,333,2027-02-13
2027-02-13,wk inc flu hosp,0,08,quantile,0.85,344,2027-02-13
2027-02-13,wk inc flu hosp,0,08,quantile,0.9,351,2027-02-13
2027-02-13,wk inc flu hosp,0,08,quantile,0.95,379,2027-02-13
2027-02-13,wk inc flu hosp,0,08,quantile,0.975,392,2027-02-13
2027-02-13,wk inc flu hosp,0,08,quantile,0.99,403,2027-02-13
2027-02-13,wk inc flu hosp,0,09,quantile,0.01,144,2027-02-13
2027-02-13,wk inc flu hosp,0,09,quantile,0.025,148,2027-02-13
2027-02-13,wk inc flu hosp,0,09,quantile,0.05,164,2027-02-13
2027-02-13,wk inc flu hosp,0,09,quantile,0.1,178,2027-02-13
2027-02-13,wk inc flu hosp,0,09,quantile,0.15,190,2027-02-13
2027-02-13,wk inc flu hosp,0,09,quantile,0.2,198,2027-02-13
2027-02-13,wk inc flu hosp,0,09,quantile,0.25,206,2027-02-13
2027-02-13,wk inc flu hosp,0,09,quantile,0.3,211,2027-02-13
2027-02-13,wk inc flu hosp,0,09,quantile,0.35,215,2027-02-13
2027-02-13,wk inc flu hosp,0,09,quantile,0.4,217,2027-02-13
2027-02-13,wk inc flu hosp,0,09,quantile,0.45,222,2027-02-13
2027-02-13,wk inc flu hosp,0,09,quantile,0.5,227,2027-02-13
2027-02-13,wk inc flu hosp,0,09,quantile,0.55,233,2027-02-13
2027-02-13,wk inc flu hosp,0,09,quantile,0.6,240,2027-02-13
2027-02-13,wk inc flu hosp,0,09,quantile,0.65,246,2027-02-13
2027-02-13,wk inc flu hosp,0,09,quantile,0.7,251,2027-02-13
2027-02-13,wk inc flu hosp,0,09,quantile,0.75,259,2027-02-13
2027-02-13,wk inc flu hosp,0,09,quantile,0.8,264,2027-02-13
2027-02-13,wk inc flu hosp,0,09,quantile,0.85,274,2027-02-13
2027-02-13,wk inc flu hosp,0,09,quantile,0.9,285,2027-02-13
2027-02-13,wk inc flu hosp,0,09,quantile,0.95,299,2027-02-13
2027-02-13,wk inc flu hosp,0,09,quantile,0.975,308,2027-02-13
2027-02-13,wk inc flu hosp,0,09,quantile,0.99,321,2027-02-13
2027-02-13,wk inc flu hosp,0,10,quantile,0.01,82,2027-02-13
2027-02-13,wk inc flu hosp,0,10,quantile,0.025,87,2027-02-13
2027-02-13,wk inc flu hosp,0,10,quantile,0.05,89,2027-02-13
2027-02-13,wk inc flu hosp,0,10,quantile,0.1,92,2027-02-13
2027-02-13,wk inc flu hosp,0,10,quantile,0.15,94,2027-02-13
2027-02-13,wk inc flu hosp,0,10,quantile,0.2,97,2027-02-13
2027-02-13,wk inc flu hosp,0,10,quantile,0.25,98,2027-02-13
2027-02-13,wk inc flu hosp,0,10,quantile,0.3,100,2027-02-13
2027-02-13,wk inc flu hosp,0,10,quantile,0.35,102,2027-02-13
2027-02-13,wk inc flu hosp,0,10,quantile,0.4,104,2027-02-13
2027-02-13,wk inc flu hosp,0,10,quantile,0.45,106,2027-02-13
2027-02-13,wk inc flu hosp,0,10,quantile,0.5,110,2027-02-13
2027-02-13,wk inc flu hosp,0,10,quantile,0.55,112,2027-02-13
2027-02-13,wk inc flu hosp,0,10,quantile,0.6,115,2027-02-13
2027-02-13,wk inc flu hosp,0,10,quantile,0.65,117,2027-02-13
2027-02-13,wk inc flu hosp,0,10,quantile,0.7,121,2027-02-13
2027-02-13,wk inc flu hosp,0,10,quantile,0.75,124,2027-02-13
2027-02-13,wk inc flu hosp,0,10,quantile,0.8,126,2027-02-13
2027-02-13,wk inc flu hosp,0,10,quantile,0.85,130,2027-02-13
2027-02-13,wk inc flu hosp,0,10,quantile,0.9,136,2027-02-13
2027-02-13,wk inc flu hosp,0,10,quantile,0.95,142,2027-02-13
2027-02-13,wk inc flu hosp,0,10,quantile,0.975,152,2027-02-13
2027-02-13,wk inc flu hosp,0,10,quantile,0.99,153,2027-02-13
2027-02-13,wk inc flu hosp,0,11,quantile,0.01,13,2027-02-13
2027-02-13,wk inc flu hosp,0,11,quantile,0.025,14,2027-02-13
2027-02-13,wk inc flu hosp,0,11,quantile,0.05,16,2027-02-13
2027-02-13,wk inc flu hosp,0,11,quantile,0.1,17,2027-02-13
2027-02-13,wk inc flu hosp,0,11,quantile,0.15,18,2027-02-13
2027-02-13,wk inc flu hosp,0,11,quantile,0.2,20,2027-02-13
2027-02-13,wk inc flu hosp,0,11,quantile,0.25,21,2027-02-13
2027-02-13,wk inc flu hosp,0,11,quantile,0.3,22,2027-02-13
2027-02-13,wk inc flu hosp,0,11,quantile,0.35,23,2027-02-13
2027-02-13,wk inc flu hosp,0,11,quantile,0.4,24,2027-02-13
2027-02-13,wk inc flu hosp,0,11,quantile,0.45,24,2027-02-13
2027-02-13,wk inc flu hosp,0,11,quantile,0.5,25,2027-02-13
2027-02-13,wk inc flu hosp,0,11,quantile,0.55,26,2027-02-13
2027-02-13,wk inc flu hosp,0,11,quantile,0.6,28,2027-02-13
2027-02-13,wk inc flu hosp,0,11,quantile,0.65,29,2027-02-13
2027-02-13,wk inc flu hosp,0,11,quantile,0.7,31,2027-02-13
2027-02-13,wk inc flu hosp,0,11,quantile,0.75,33,2027-02-13
2027-02-13,wk inc flu hosp,0,11,quantile,0.8,34,2027-02-13
2027-02-13,wk inc flu hosp,0,11,quantile,0.85,35,2027-02-13
2027-02-13,wk inc flu hosp,0,11,quantile,0.9,38,2027-02-13
2027-02-13,wk inc flu hosp,0,11,quantile,0.95,41,2027-02-13
2027-02-13,wk inc flu hosp,0,11,quantile,0.975,49,2027-02-13
2027-02-13,wk inc flu hosp,0,11,quantile,0.99,52,2027-02-13
2027-02-13,wk inc flu hosp,0,12,quantile,0.01,1568,2027-02-13
2027-02-13,wk inc flu hosp,0,12,quantile,0.025,1653,2027-02-13
2027-02-13,wk inc flu hosp,0,12,quantile,0.05,1710,2027-02-13
2027-02-13,wk inc flu hosp,0,12,quantile,0.1,1763,2027-02-13
2027-02-13,wk inc flu hosp,0,12,quantile,0.15,1864,2027-02-13
2027-02-13,wk inc flu hosp,0,12,quantile,0.2,1923,2027-02-13
2027-02-13,wk inc flu hosp,0,12,quantile,0.25,1951,2027-02-13
2027-02-13,wk inc flu hosp,0,12,quantile,0.3,1974,2027-02-13
2027-02-13,wk inc flu hosp,0,12,quantile,0.35,2032,2027-02-13
2027-02-13,wk inc flu hosp,0,12,quantile,0.4,2074,2027-02-13
2027-02-13,wk inc flu hosp,0,12,quantile,0.45,2104,2027-02-13
2027-02-13,wk inc flu hosp,0,12,quantile,0.5,2124,2027-02-13
2027-02-13,wk inc flu hosp,0,12,quantile,0.55,2164,2027-02-13
2027-02-13,wk inc flu hosp,0,12,quantile,0.6,2196,2027-02-13
2027-02-13,wk inc flu hosp,0,12,quantile,0.65,2233,2027-02-13
2027-02-13,wk inc flu hosp,0,12,quantile,0.7,2284,2027-02-13
2027-02-13,wk inc flu hosp,0,12,quantile,0.75,2327,2027-02-13
2027-02-13,wk inc flu hosp,0,12,quantile,0.8,2375,2027-02-13
2027-02-13,wk inc flu hosp,0,12,quantile,0.85,2410,2027-02-13
2027-02-13,wk inc flu hosp,0,12,quantile,0.9,2493,2027-02-13
2027-02-13,wk inc flu hosp,0,12,quantile,0.95,2607,2027-02-13
2027-02-13,wk inc flu hosp,0,12,quantile,0.975,2808,2027-02-13
2027-02-13,wk inc flu hosp,0,12,quantile,0.99,3050,2027-02-13
2027-02-13,wk inc flu hosp,0,13,quantile,0.01,347,2027-02-13
2027-02-13,wk inc flu hosp,0,13,quantile,0.025,363,2027-02-13
2027-02-13,wk inc flu hosp,0,13,quantile,0.05,366,2027-02-13
2027-02-13,wk inc flu hosp,0,13,quantile,0.1,382,2027-02-13
2027-02-13,wk inc flu hosp,0,13,quantile,0.15,403,2027-02-13
2027-02-13,wk inc flu hosp,0,13,quantile,0.2,422,2027-02-13
2027-02-13,wk inc flu hosp,0,13,quantile,0.25,426,2027-02-13
2027-02-13,wk inc flu hosp,0,13,quantile,0.3,436,2027-02-13
2027-02-13,wk inc flu hosp,0,13,quantile,0.35,447,2027-02-13
2027-02-13,wk inc flu hosp,0,13,quantile,0.4,459,2027-02-13
2027-02-13,wk inc flu hosp,0,13,quantile,0.45,469,2027-02-13
2027-02-13,wk inc flu hosp,0,13,quantile,0.5,478,2027-02-13
2027-02-13,wk inc flu hosp,0,13,quantile,0.55,491,2027-02-13
2027-02-13,wk inc flu hosp,0,13,quantile,0.6,501,2027-02-13
2027-02-13,wk inc flu hosp,0,13,quantile,0.65,510,2027-02-13
2027-02-13,wk inc flu hosp,0,13,quantile,0.7,528,2027-02-13
2027-02-13,wk inc flu hosp,0,13,quantile,0.75,541,2027-02-13
2027-02-13,wk inc flu hosp,0,13,quantile,0.8,559,2027-02-13
2027-02-13,wk inc flu hosp,0,13,quantile,0.85,571,2027-02-13
2027-02-13,wk inc flu hosp,0,13,quantile,0.9,590,2027-02-13
2027-02-13,wk inc flu hosp,0,13,quantile,0.95,637,2027-02-13
2027-02-13,wk inc flu hosp,0,13,quantile,0.975,653,2027-02-13
2027-02-13,wk inc flu hosp,0,13,quantile,0.99,666,2027-02-13
2027-02-13,wk inc flu hosp,0,15,quantile,0.01,19,2027-02-13
2027-02-13,wk inc flu hosp,0,15,quantile,0.025,22,2027-02-13
2027-02-13,wk inc flu hosp,0,15,quantile,0.05,24,2027-02-13
2027-02-13,wk inc flu hosp,0,15,quantile,0.1,26,2027-02-13
2027-02-13,wk inc flu hosp,0,15,quantile,0.15,28,2027-02-13
2027-02-13,wk inc flu hosp,0,15,quantile,0.2,29,2027-02-13
2027-02-13,wk inc flu hosp,0,15,quantile,0.25,31,2027-02-13
2027-02-13,wk inc flu hosp,0,15,quantile,0.3,32,2027-02-13
2027-02-13,wk inc flu hosp,0,15,quantile,0.35,34,2027-02-13
2027-02-13,wk inc flu hosp,0,15,quantile,0.4,36,2027-02-13
2027-02-13,wk inc flu hosp,0,15,quantile,0.45,36,2027-02-13
2027-02-13,wk inc flu hosp,0,15,quantile,0.5,37,2027-02-13
2027-02-13,wk inc flu hosp,0,15,quantile,0.55,37,2027-02-13
2027-02-13,wk inc flu hosp,0,15,quantile,0.6,38,2027-02-13
2027-02-13,wk inc flu hosp,0,15,quantile,0.65,40,2027-02-13
2027-02-13,wk inc flu hosp,0,15,quantile,0.7,41,2027-02-13
2027-02-13,wk inc flu hosp,0,15,quantile,0.75,42,2027-02-13
2027-02-13,wk inc flu hosp,0,15,quantile,0.8,44,2027-02-13
2027-02-13,wk inc flu hosp,0,15,quantile,0.85,46,2027-02-13
2027-02-13,wk inc flu hosp,0,15,quantile,0.9,48,2027-02-13
2027-02-13,wk inc flu hosp,0,15,quantile,0.95,50,2027-02-13
2027-02-13,wk inc flu hosp,0,15,quantile,0.975,51,2027-02-13
2027-02-13,wk inc flu hosp,0,15,quantile,0.99,53,2027-02-13
2027-02-13,wk inc flu hosp,0,16,quantile,0.01,77,2027-02-13
2027-02-13,wk inc flu hosp,0,16,quantile,0.025,79,2027-02-13
2027-02-13,wk inc flu hosp,0,16,quantile,0.05,81,2027-02-13
2027-02-13,wk inc flu hosp,0,16,quantile,0.1,88,2027-02-13
2027-02-13,wk inc flu hosp,0,16,quantile,0.15,93,2027-02-13
2027-02-13,wk inc flu hosp,0,16,quantile,0.2,97,2027-02-13
2027-02-13,wk inc flu hosp,0,16,quantile,0.25,99,2027-02-13
2027-02-13,wk inc flu hosp,0,16,quantile,0.3,101,2027-02-13
2027-02-13,wk inc flu hosp,0,16,quantile,0.35,103,2027-02-13
2027-02-13,wk inc flu hosp,0,16,quantile,0.4,104,2027-02-13
2027-02-13,wk inc flu hosp,0,16,quantile,0.45,106,2027-02-13
2027-02-13,wk inc flu hosp,0,16,quantile,0.5,111,2027-02-13
2027-02-13,wk inc flu hosp,0,16,quantile,0.55,112,2027-02-13
2027-02-13,wk inc flu hosp,0,16,quantile,0.6,114,2027-02-13
2027-02-13,wk inc flu hosp,0,16,quantile,0.65,117,2027-02-13
2027-02-13,wk inc flu hosp,0,16,quantile,0.7,119,2027-02-13
2027-02-13,wk inc flu hosp,0,16,quantile,0.75,125,2027-02-13
2027-02-13,wk inc flu hosp,0,16,quantile,0.8,128,2027-02-13
2027-02-13,wk inc flu hosp,0,16,quantile,0.85,131,2027-02-13
2027-02-13,wk inc flu hosp,0,16,quantile,0.9,137,2027-02-13
2027-02-13,wk inc flu hosp,0,16,quantile,0.95,142,2027-02-13
2027-02-13,wk inc flu hosp,0,16,quantile,0.975,148,2027-02-13
2027-02-13,wk inc flu hosp,0,16,quantile,0.99,161,2027-02-13
2027-02-13,wk inc flu hosp,0,17,quantile,0.01,700,2027-02-13
2027-02-13,wk inc flu hosp,0,17,quantile,0.025,716,2027-02-13
2027-02-13,wk inc flu hosp,0,17,quantile,0.05,789,2027-02-13
2027-02-13,wk inc flu hosp,0,17,quantile,0.1,863,2027-02-13
2027-02-13,wk inc flu hosp,0,17,quantile,0.15,884,2027-02-13
2027-02-13,wk inc flu hosp,0,17,quantile,0.2,911,2027-02-13
2027-02-13,wk inc flu hosp,0,17,quantile,0.25,927,2027-02-13
2027-02-13,wk inc flu hosp,0,17,quantile,0.3,939,2027-02-13
2027-02-13,wk inc flu hosp,0,17,quantile,0.35,952,2027-02-13
2027-02-13,wk inc flu hosp,0,17,quantile,0.4,965,2027-02-13
2027-02-13,wk inc flu hosp,0,17,quantile,0.45,975,2027-02-13
2027-02-13,wk inc flu hosp,0,17,quantile,0.5,988,2027-02-13
2027-02-13,wk inc flu hosp,0,17,quantile,0.55,1009,2027-02-13
2027-02-13,wk inc flu hosp,0,17,quantile,0.6,1028,2027-02-13
2027-02-13,wk inc flu hosp,0,17,quantile,0.65,1051,2027-02-13
2027-02-13,wk inc flu hosp,0,17,quantile,0.7,1074,2027-02-13
2027-02-13,wk inc flu hosp,0,17,quantile,0.75,1092,2027-02-13
2027-02-13,wk inc flu hosp,0,17,quantile,0.8,1118,2027-02-13
2027-02-13,wk inc flu hosp,0,17,quantile,0.85,1144,2027-02-13
2027-02-13,wk inc flu hosp,0,17,quantile,0.9,1162,2027-02-13
2027-02-13,wk inc flu hosp,0,17,quantile,0.95,1203,2027-02-13
2027-02-13,wk inc flu hosp,0,17,quantile,0.975,1282,2027-02-13
2027-02-13,wk inc flu hosp,0,17,quantile,0.99,1317,2027-02-13
2027-02-13,wk inc flu hosp,0,18,quantile,0.01,674,2027-02-13
2027-02-13,wk inc flu hosp,0,18,quantile,0.025,684,2027-02-13
2027-02-13,wk inc flu hosp,0,18,quantile,0.05,698,2027-02-13
2027-02-13,wk inc flu hosp,0,18,quantile,0.1,743,2027-02-13
2027-02-13,wk inc flu hosp,0,18,quantile,0.15,763,2027-02-13
2027-02-13,wk inc flu hosp,0,18,quantile,0.2,787,2027-02-13
2027-02-13,wk inc flu hosp,0,18,quantile,0.25,812,2027-02-13
2027-02-13,wk inc flu hosp,0,18,quantile,0.3,819,2027-02-13
2027-02-13,wk inc flu hosp,0,18,quantile,0.35,843,2027-02-13
2027-02-13,wk inc flu hosp,0,18,quantile,0.4,855,2027-02-13
2027-02-13,wk inc flu hosp,0,18,quantile,0.45,873,2027-02-13
2027-02-13,wk inc flu hosp,0,18,quantile,0.5,884,2027-02-13
2027-02-13,wk inc flu hosp,0,18,quantile,0.55,899,2027-02-13
2027-02-13,wk inc flu hosp,0,18,quantile,0.6,910,2027-02-13
2027-02-13,wk inc flu hosp,0,18,quantile,0.65,925,2027-02-13
2027-02-13,wk inc flu hosp,0,18,quantile,0.7,946,2027-02-13
2027-02-13,wk inc flu hosp,0,18,quantile,0.75,962,2027-02-13
2027-02-13,wk inc flu hosp,0,18,quantile,0.8,993,2027-02-13
2027-02-13,wk inc flu hosp,0,18,quantile,0.85,1036,2027-02-13
2027-02-13,wk inc flu hosp,0,18,quantile,0.9,1059,2027-02-13
2027-02-13,wk inc flu hosp,0,18,quantile,0.95,1094,2027-02-13
2027-02-13,wk inc flu hosp,0,18,quantile,0.975,1122,2027-02-13
2027-02-13,wk inc flu hosp,0,18,quantile,0.99,1159,2027-02-13
2027-02-13,wk inc flu hosp,0,19,quantile,0.01,223,2027-02-13
2027-02-13,wk inc flu hosp,0,19,quantile,0.025,234,2027-02-13
2027-02-13,wk inc flu hosp,0,19,quantile,0.05,239,2027-02-13
2027-02-13,wk inc flu hosp,0,19,quantile,0.1,250,2027-02-13
2027-02-13,wk inc flu hosp,0,19,quantile,0.15,263,2027-02-13
2027-02-13,wk inc flu hosp,0,19,quantile,0.2,267,2027-02-13
2027-02-13,wk inc flu hosp,0,19,quantile,0.25,276,2027-02-13
2027-02-13,wk inc flu hosp,0,19,quantile,0.3,281,2027-02-13
2027-02-13,wk inc flu hosp,0,19,quantile,0.35,286,2027-02-13
2027-02-13,wk inc flu hosp,0,19,quantile,0.4,292,2027-02-13
2027-02-13,wk inc flu hosp,0,19,quantile,0.45,297,2027-02-13
2027-02-13,wk inc flu hosp,0,19,quantile,0.5,301,2027-02-13
2027-02-13,wk inc flu hosp,0,19,quantile,0.55,308,2027-02-13
2027-02-13,wk inc flu hosp,0,19,quantile,0.6,313,2027-02-13
2027-02-13,wk inc flu hosp,0,19,quantile,0.65,318,2027-02-13
2027-02-13,wk inc flu hosp,0,19,quantile,0.7,322,2027-02-13
2027-02-13,wk inc flu hosp,0,19,quantile,0.75,328,2027-02-13
2027-02-13,wk inc flu hosp,0,19,quantile,0.8,335,2027-02-13
2027-02-13,wk inc flu hosp,0,19,quantile,0.85,344,2027-02-13
2027-02-13,wk inc flu hosp,0,19,quantile,0.9,362,2027-02-13
2027-02-13,wk inc flu hosp,0,19,quantile,0.95,371,2027-02-13
2027-02-13,wk inc flu hosp,0,19,quantile,0.975,393,2027-02-13
2027-02-13,wk inc flu hosp,0,19,quantile,0.99,399,2027-02-13
2027-02-13,wk inc flu hosp,0,20,quantile,0.01,218,2027-02-13
2027-02-13,wk inc flu hosp,0,20,quantile,0.025,224,2027-02-13
2027-02-13,wk inc flu hosp,0,20,quantile,0.05,232,2027-02-13
2027-02-13,wk inc flu hosp,0,20,quantile,0.1,243,2027-02-13
2027-02-13,wk inc flu hosp,0,20,quantile,0.15,255,2027-02-13
2027-02-13,wk inc flu hosp,0,20,quantile,0.2,267,2027-02-13
2027-02-13,wk inc flu hosp,0,20,quantile,0.25,272,2027-02-13
2027-02-13,wk inc flu hosp,0,20,quantile,0.3,277,2027-02-13
2027-02-13,wk inc flu hosp,0,20,quantile,0.35,282,2027-02-13
2027-02-13,wk inc flu hosp,0,20,quantile,0.4,285,2027-02-13
2027-02-13,wk inc flu hosp,0,20,quantile,0.45,289,2027-02-13
2027-02-13,wk inc flu hosp,0,20,quantile,0.5,296,2027-02-13
2027-02-13,wk inc flu hosp,0,20,quantile,0.55,299,2027-02-13
2027-02-13,wk inc flu hosp,0,20,quantile,0.6,306,2027-02-13
2027-02-13,wk inc flu hosp,0,20,quantile,0.65,310,2027-02-13
2027-02-13,wk inc flu hosp,0,20,quantile,0.7,316,2027-02-13
2027-02-13,wk inc flu hosp,0,20,quantile,0.75,324,2027-02-13
2027-02-13,wk inc flu hosp,0,20,quantile,0.8,329,2027-02-13
2027-02-13,wk inc flu hosp,0,20,quantile,0.85,335,2027-02-13
2027-02-13,wk inc flu hosp,0,20,quantile,0.9,345,2027-02-13
2027-02-13,wk inc flu hosp,0,20,quantile,0.95,359,2027-02-13
2027-02-13,wk inc flu hosp,0,20,quantile,0.975,377,2027-02-13
2027-02-13,wk inc flu hosp,0,20,quantile,0.99,380,2027-02-13
2027-02-13,wk inc flu hosp,0,21,quantile,0.01,478,2027-02-13
2027-02-13,wk inc flu hosp,0,21,quantile,0.025,490,2027-02-13
2027-02-13,wk inc flu hosp,0,21,quantile,0.05,501,2027-02-13
2027-02-13,wk inc flu hosp,0,21,quantile,0.1,538,2027-02-13
2027-02-13,wk inc flu hosp,0,21,quantile,0.15,556,2027-02-13
2027-02-13,wk inc flu hosp,0,21,quantile,0.2,566,2027-02-13
2027-02-13,wk inc flu hosp,0,21,quantile,0.25,576,2027-02-13
2027-02-13,wk inc flu hosp,0,21,quantile,0.3,583,2027-02-13
2027-02-13,wk inc flu hosp,0,21,quantile,0.35,598,2027-02-13
2027-02-13,wk inc flu hosp,0,21,quantile,0.4,606,2027-02-13
2027-02-13,wk inc flu hosp,0,21,quantile,0.45,616,2027-02-13
2027-02-13,wk inc flu hosp,0,21,quantile,0.5,623,2027-02-13
2027-02-13,wk inc flu hosp,0,21,quantile,0.55,632,2027-02-13
2027-02-13,wk inc flu hosp,0,21,quantile,0.6,643,2027-02-13
2027-02-13,wk inc flu hosp,0,21,quantile,0.65,649,2027-02-13
2027-02-13,wk inc flu hosp,0,21,quantile,0.7,662,2027-02-13
2027-02-13,wk inc flu hosp,0,21,quantile,0.75,674,2027-02-13
2027-02-13,wk inc flu hosp,0,21,quantile,0.8,692,2027-02-13
2027-02-13,wk inc flu hosp,0,21,quantile,0.85,706,2027-02-13
2027-02-13,wk inc flu hosp,0,21,quantile,0.9,727,2027-02-13
2027-02-13,wk inc flu hosp,0,21,quantile,0.95,765,2027-02-13
2027-02-13,wk inc flu hosp,0,21,quantile,0.975,798,2027-02-13
2027-02-13,wk inc flu hosp,0,21,quantile,0.99,838,2027-02-13
2027-02-13,wk inc flu hosp,0,22,quantile,0.01,191,2027-02-13
2027-02-13,wk inc flu hosp,0,22,quantile,0.025,197,2027-02-13
2027-02-13,wk inc flu hosp,0,22,quantile,0.05,203,2027-02-13
2027-02-13,wk inc flu hosp,0,22,quantile,0.1,218,2027-02-13
2027-02-13,wk inc flu hosp,0,22,quantile,0.15,228,2027-02-13
2027-02-13,wk inc flu hosp,0,22,quantile,0.2,235,2027-02-13
2027-02-13,wk inc flu hosp,0,22,quantile,0.25,240,2027-02-13
2027-02-13,wk inc flu hosp,0,22,quantile,0.3,245,2027-02-13
2027-02-13,wk inc flu hosp,0,22,quantile,0.35,249,2027-02-13
2027-02-13,wk inc flu hosp,0,22,quantile,0.4,254,2027-02-13
2027-02-13,wk inc flu hosp,0,22,quantile,0.45,261,2027-02-13
2027-02-13,wk inc flu hosp,0,22,quantile,0.5,266,2027-02-13
2027-02-13,wk inc flu hosp,0,22,quantile,0.55,271,2027-02-13
2027-02-13,wk inc flu hosp,0,22,quantile,0.6,276,2027-02-13
2027-02-13,wk inc flu hosp,0,22,quantile,0.65,282,2027-02-13
2027-02-13,wk inc flu hosp,0,22,quantile,0.7,287,2027-02-13
2027-02-13,wk inc flu hosp,0,22,quantile,0.75,290,2027-02-13
2027-02-13,wk inc flu hosp,0,22,quantile,0.8,295,2027-02-13
2027-02-13,wk inc flu hosp,0,22,quantile,0.85,303,2027-02-13
2027-02-13,wk inc flu hosp,0,22,quantile,0.9,314,2027-02-13
2027-02-13,wk inc flu hosp,0,22,quantile,0.95,340,2027-02-13
2027-02-13,wk inc flu hosp,0,22,quantile,0.975,344,2027-02-13
2027-02-13,wk inc flu hosp,0,22,quantile,0.99,352,2027-02-13
2027-02-13,wk inc flu hosp,0,23,quantile,0.01,95,2027-02-13
2027-02-13,wk inc flu hosp,0,23,quantile,0.025,102,2027-02-13
2027-02-13,wk inc flu hosp,0,23,quantile,0.05,108,2027-02-13
2027-02-13,wk inc flu hosp,0,23,quantile,0.1,118,2027-02-13
2027-02-13,wk inc flu hosp,0,23,quantile,0.15,121,2027-02-13
2027-02-13,wk inc flu hosp,0,23,quantile,0.2,124,2027-02-13
2027-02-13,wk inc flu hosp,0,23,quantile,0.25,130,2027-02-13
2027-02-13,wk inc flu hosp,0,23,quantile,0.3,135,2027-02-13
2027-02-13,wk inc flu hosp,0,23,quantile,0.35,138,2027-02-13
2027-02-13,wk inc flu hosp,0,23,quantile,0.4,142,2027-02-13
2027-02-13,wk inc flu hosp,0,23,quantile,0.45,147,2027-02-13
2027-02-13,wk inc flu hosp,0,23,quantile,0.5,148,2027-02-13
2027-02-13,wk inc flu hosp,0,23,quantile,0.55,151,2027-02-13
2027-02-13,wk inc flu hosp,0,23,quantile,0.6,153,2027-02-13
2027-02-13,wk inc flu hosp,0,23,quantile,0.65,156,2027-02-13
2027-02-13,wk inc flu hosp,0,23,quantile,0.7,157,2027-02-13
2027-02-13,wk inc flu hosp,0,23,quantile,0.75,162,2027-02-13
2027-02-13,wk inc flu hosp,0,23,quantile,0.8,165,2027-02-13
2027-02-13,wk inc flu hosp,0,23,quantile,0.85,173,2027-02-13
2027-02-13,wk inc flu hosp,0,23,quantile,0.9,178,2027-02-13
2027-02-13,wk inc flu hosp,0,23,quantile,0.95,187,2027-02-13
2027-02-13,wk inc flu hosp,0,23,quantile,0.975,198,2027-02-13
2027-02-13,wk inc flu hosp,0,23,quantile,0.99,201,2027-02-13
2027-02-13,wk inc flu hosp,0,24,quantile,0.01,319,2027-02-13
2027-02-13,wk inc flu hosp,0,24,quantile,0.025,337,2027-02-13
2027-02-13,wk inc flu hosp,0,24,quantile,0.05,353,2027-02-13
2027-02-13,wk inc flu hosp,0,24,quantile,0.1,381,2027-02-13
2027-02-13,wk inc flu hosp,0,24,quantile,0.15,392,2027-02-13
2027-02-13,wk inc flu hosp,0,24,quantile,0.2,402,2027-02-13
2027-02-13,wk inc flu hosp,0,24,quantile,0.25,408,2027-02-13
2027-02-13,wk inc flu hosp,0,24,quantile,0.3,423,2027-02-13
2027-02-13,wk inc flu hosp,0,24,quantile,0.35,431,2027-02-13
2027-02-13,wk inc flu hosp,0,24,quantile,0.4,442,2027-02-13
2027-02-13,wk inc flu hosp,0,24,quantile,0.45,448,2027-02-13
2027-02-13,wk inc flu hosp,0,24,quantile,0.5,452,2027-02-13
2027-02-13,wk inc flu hosp,0,24,quantile,0.55,456,2027-02-13
2027-02-13,wk inc flu hosp,0,24,quantile,0.6,465,2027-02-13
2027-02-13,wk inc flu hosp,0,24,quantile,0.65,473,2027-02-13
2027-02-13,wk inc flu hosp,0,24,quantile,0.7,482,2027-02-13
2027-02-13,wk inc flu hosp,0,24,quantile,0.75,498,2027-02-13
2027-02-13,wk inc flu hosp,0,24,quantile,0.8,510,2027-02-13
2027-02-13,wk inc flu hosp,0,24,quantile,0.85,516,2027-02-13
2027-02-13,wk inc flu hosp,0,24,quantile,0.9,531,2027-02-13
2027-02-13,wk inc flu hosp,0,24,quantile,0.95,548,2027-02-13
2027-02-13,wk inc flu hosp,0,24,quantile,0.975,560,2027-02-13
2027-02-13,wk inc flu hosp,0,24,quantile,0.99,582,2027-02-13
2027-02-13,wk inc flu hosp,0,25,quantile,0.01,543,2027-02-13
2027-02-13,wk inc flu hosp,0,25,quantile,0.025,551,2027-02-13
2027-02-13,wk inc flu hosp,0,25,quantile,0.05,570,2027-02-13
2027-02-13,wk inc flu hosp,0,25,quantile,0.1,600,2027-02-13
2027-02-13,wk inc flu hosp,0,25,quantile,0.15,609,2027-02-13
2027-02-13,wk inc flu hosp,0,25,quantile,0.2,627,2027-02-13
2027-02-13,wk inc flu hosp,0,25,quantile,0.25,645,2027-02-13
2027-02-13,wk inc flu hosp,0,25,quantile,0.3,664,2027-02-13
2027-02-13,wk inc flu hosp,0,25,quantile,0.35,674,2027-02-13
2027-02-13,wk inc flu hosp,0,25,quantile,0.4,687,2027-02-13
2027-02-13,wk inc flu hosp,0,25,quantile,0.45,700,2027-02-13
2027-02-13,wk inc flu hosp,0,25,quantile,0.5,706,2027-02-13
2027-02-13,wk inc flu hosp,0,25,quantile,0.55,713,2027-02-13
2027-02-13,wk inc flu hosp,0,25,quantile,0.6,717,2027-02-13
2027-02-13,wk inc flu hosp,0,25,quantile,0.65,732,2027-02-13
2027-02-13,wk inc flu hosp,0,25,quantile,0.7,750,2027-02-13
2027-02-13,wk inc flu hosp,0,25,quantile,0.75,762,2027-02-13
2027-02-13,wk inc flu hosp,0,25,quantile,0.8,780,2027-02-13
2027-02-13,wk inc flu hosp,0,25,quantile,0.85,791,2027-02-13
2027-02-13,wk inc flu hosp,0,25,quantile,0.9,815,2027-02-13
2027-02-13,wk inc flu hosp,0,25,quantile,0.95,843,2027-02-13
2027-02-13,wk inc flu hosp,0,25,quantile,0.975,864,2027-02-13
2027-02-13,wk inc flu hosp,0,25,quantile,0.99,913,2027-02-13
2027-02-13,wk inc flu hosp,0,26,quantile,0.01,755,2027-02-13
2027-02-13,wk inc flu hosp,0,26,quantile,0.025,774,2027-02-13
2027-02-13,wk inc flu hosp,0,26,quantile,0.05,841,2027-02-13
2027-02-13,wk inc flu hosp,0,26,quantile,0.1,897,2027-02-13
2027-02-13,wk inc flu hosp,0,26,quantile,0.15,942,2027-02-13
2027-02-13,wk inc flu hosp,0,26,quantile,0.2,957,2027-02-13
2027-02-13,wk inc flu hosp,0,26,quantile,0.25,969,2027-02-13
2027-02-13,wk inc flu hosp,0,26,quantile,0.3,980,2027-02-13
2027-02-13,wk inc flu hosp,0,26,quantile,0.35,998,2027-02-13
2027-02-13,wk inc flu hosp,0,26,quantile,0.4,1023,2027-02-13
2027-02-13,wk inc flu hosp,0,26,quantile,0.45,1040,2027-02-13
2027-02-13,wk inc flu hosp,0,26,quantile,0.5,1064,2027-02-13
2027-02-13,wk inc flu hosp,0,26,quantile,0.55,1079,2027-02-13
2027-02-13,wk inc flu hosp,0,26,quantile,0.6,1110,2027-02-13
2027-02-13,wk inc flu hosp,0,26,quantile,0.65,1123,2027-02-13
2027-02-13,wk inc flu hosp,0,26,quantile,0.7,1139,2027-02-13
2027-02-13,wk inc flu hosp,0,26,quantile,0.75,1155,2027-02-13
2027-02-13,wk inc flu hosp,0,26,quantile,0.8,1185,2027-02-13
2027-02-13,wk inc flu hosp,0,26,quantile,0.85,1217,2027-02-13
2027-02-13,wk inc flu hosp,0,26,quantile,0.9,1244,2027-02-13
2027-02-13,wk inc flu hosp,0,26,quantile,0.95,1287,2027-02-13
2027-02-13,wk inc flu hosp,0,26,quantile,0.975,1375,2027-02-13
2027-02-13,wk inc flu hosp,0,26,quantile,0.99,1429,2027-02-13
2027-02-13,wk inc flu hosp,0,27,quantile,0.01,205,2027-02-13
2027-02-13,wk inc flu hosp,0,27,quantile,0.025,216,2027-02-13
2027-02-13,wk inc flu hosp,0,27,quantile,0.05,230,2027-02-13
2027-02-13,wk inc flu hosp,0,27,quantile,0.1,241,2027-02-13
2027-02-13,wk inc flu hosp,0,27,quantile,0.15,248,2027-02-13
2027-02-13,wk inc flu hosp,0,27,quantile,0.2,255,2027-02-13
2027-02-13,wk inc flu hosp,0,27,quantile,0.25,266,2027-02-13
2027-02-13,wk inc flu hosp,0,27,quantile,0.3,270,2027-02-13
2027-02-13,wk inc flu hosp,0,27,quantile,0.35,283,2027-02-13
2027-02-13,wk inc flu hosp,0,27,quantile,0.4,291,2027-02-13
2027-02-13,wk inc flu hosp,0,27,quantile,0.45,295,2027-02-13
2027-02-13,wk inc flu hosp,0,27,quantile,0.5,302,2027-02-13
2027-02-13,wk inc flu hosp,0,27,quantile,0.55,309,2027-02-13
2027-02-13,wk inc flu hosp,0,27,quantile,0.6,317,2027-02-13
2027-02-13,wk inc flu hosp,0,27,quantile,0.65,321,2027-02-13
2027-02-13,wk inc flu hosp,0,27,quantile,0.7,333,2027-02-13
2027-02-13,wk inc flu hosp,0,27,quantile,0.75,338,2027-02-13
2027-02-13,wk inc flu hosp,0,27,quantile,0.8,350,2027-02-13
2027-02-13,wk inc flu hosp,0,27,quantile,0.85,354,2027-02-13
2027-02-13,wk inc flu hosp,0,27,quantile,0.9,369,2027-02-13
2027-02-13,wk inc flu hosp,0,27,quantile,0.95,379,2027-02-13
2027-02-13,wk inc flu hosp,0,27,quantile,0.975,404,2027-02-13
2027-02-13,wk inc flu hosp,0,27,quantile,0.99,440,2027-02-13
2027-02-13,wk inc flu hosp,0,28,quantile,0.01,130,2027-02-13
2027-02-13,wk inc flu hosp,0,28,quantile,0.025,141,2027-02-13
2027-02-13,wk inc flu hosp,0,28,quantile,0.05,144,2027-02-13
2027-02-13,wk inc flu hosp,0,28,quantile,0.1,152,2027-02-13
2027-02-13,wk inc flu hosp,0,28,quantile,0.15,156,2027-02-13
2027-02-13,wk inc flu hosp,0,28,quantile,0.2,164,2027-02-13
2027-02-13,wk inc flu hosp,0,28,quantile,0.25,171,2027-02-13
2027-02-13,wk inc flu hosp,0,28,quantile,0.3,175,2027-02-13
2027-02-13,wk inc flu hosp,0,28,quantile,0.35,177,2027-02-13
2027-02-13,wk inc flu hosp,0,28,quantile,0.4,181,2027-02-13
2027-02-13,wk inc flu hosp,0,28,quantile,0.45,184,2027-02-13
2027-02-13,wk inc flu hosp,0,28,quantile,0.5,186,2027-02-13
2027-02-13,wk inc flu hosp,0,28,quantile,0.55,190,2027-02-13
2027-02-13,wk inc flu hosp,0,28,quantile,0.6,196,2027-02-13
2027-02-13,wk inc flu hosp,0,28,quantile,0.65,202,2027-02-13
2027-02-13,wk inc flu hosp,0,28,quantile,0.7,206,2027-02-13
2027-02-13,wk inc flu hosp,0,28,quantile,0.75,211,2027-02-13
2027-02-13,wk inc flu hosp,0,28,quantile,0.8,214,2027-02-13
2027-02-13,wk inc flu hosp,0,28,quantile,0.85,227,2027-02-13
2027-02-13,wk inc flu hosp,0,28,quantile,0.9,234,2027-02-13
2027-02-13,wk inc flu hosp,0,28,quantile,0.95,253,2027-02-13
2027-02-13,wk inc flu hosp,0,28,quantile,0.975,267,2027-02-13
2027-02-13,wk inc flu hosp,0,28,quantile,0.99,277,2027-02-13
2027-02-13,wk inc flu hosp,0,29,quantile,0.01,670,2027-02-13
2027-02-13,wk inc flu hosp,0,29,quantile,0.025,682,2027-02-13
2027-02-13,wk inc flu hosp,0,29,quantile,0.05,706,2027-02-13
2027-02-13,wk inc flu hosp,0,29,quantile,0.1,738,2027-02-13
2027-02-13,wk inc flu hosp,0,29,quantile,0.15,771,2027-02-13
2027-02-13,wk inc flu hosp,0,29,quantile,0.2,785,2027-02-13
2027-02-13,wk inc flu hosp,0,29,quantile,0.25,798,2027-02-13
2027-02-13,wk inc flu hosp,0,29,quantile,0.3,806,2027-02-13
2027-02-13,wk inc flu hosp,0,29,quantile,0.35,824,2027-02-13
2027-02-13,wk inc flu hosp,0,29,quantile,0.4,837,2027-02-13
2027-02-13,wk inc flu hosp,0,29,quantile,0.45,846,2027-02-13
2027-02-13,wk inc flu hosp,0,29,quantile,0.5,852,2027-02-13
2027-02-13,wk inc flu hosp,0,29,quantile,0.55,870,2027-02-13
2027-02-13,wk inc flu hosp,0,29,quantile,0.6,879,2027-02-13
2027-02-13,wk inc flu hosp,0,29,quantile,0.65,889,2027-02-13
2027-02-13,wk inc flu hosp,0,29,quantile,0.7,901,2027-02-13
2027-02-13,wk inc flu hosp,0,29,quantile,0.75,908,2027-02-13
2027-02-13,wk inc flu hosp,0,29,quantile,0.8,926,2027-02-13
2027-02-13,wk inc flu hosp,0,29,quantile,0.85,962,2027-02-13
2027-02-13,wk inc flu hosp,0,29,quantile,0.9,989,2027-02-13
2027-02-13,wk inc flu hosp,0,29,quantile,0.95,1049,2027-02-13
2027-02-13,wk inc flu hosp,0,29,quantile,0.975,1109,2027-02-13
2027-02-13,wk inc flu hosp,0,29,quantile,0.99,1141,2027-02-13
2027-02-13,wk inc flu hosp,0,30,quantile,0.01,54,2027-02-13
2027-02-13,wk inc flu hosp,0,30,quantile,0.025,58,2027-02-13
2027-02-13,wk inc flu hosp,0,30,quantile,0.05,61,2027-02-13
2027-02-13,wk inc flu hosp,0,30,quantile,0.1,69,2027-02-13
2027-02-13,wk inc flu hosp,0,30,quantile,0.15,72,2027-02-13
2027-02-13,wk inc flu hosp,0,30,quantile,0.2,75,2027-02-13
2027-02-13,wk inc flu hosp,0,30,quantile,0.25,78,2027-02-13
2027-02-13,wk inc flu hosp,0,30,quantile,0.3,80,2027-02-13
2027-02-13,wk inc flu hosp,0,30,quantile,0.35,84,2027-02-13
2027-02-13,wk inc flu hosp,0,30,quantile,0.4,85,2027-02-13
2027-02-13,wk inc flu hosp,0,30,quantile,0.45,87,2027-02-13
2027-02-13,wk inc flu hosp,0,30,quantile,0.5,88,2027-02-13
2027-02-13,wk inc flu hosp,0,30,quantile,0.55,90,2027-02-13
2027-02-13,wk inc flu hosp,0,30,quantile,0.6,92,2027-02-13
2027-02-13,wk inc flu hosp,0,30,quantile,0.65,94,2027-02-13
2027-02-13,wk inc flu hosp,0,30,quantile,0.7,98,2027-02-13
2027-02-13,wk inc flu hosp,0,30,quantile,0.75,100,2027-02-13
2027-02-13,wk inc flu hosp,0,30,quantile,0.8,105,2027-02-13
2027-02-13,wk inc flu hosp,0,30,quantile,0.85,109,2027-02-13
2027-02-13,wk inc flu hosp,0,30,quantile,0.9,112,2027-02-13
2027-02-13,wk inc flu hosp,0,30,quantile,0.95,119,2027-02-13
2027-02-13,wk inc flu hosp,0,30,quantile,0.975,124,2027-02-13
2027-02-13,wk inc flu hosp,0,30,quantile,0.99,128,2027-02-13
2027-02-13,wk inc flu hosp,0,31,quantile,0.01,120,2027-02-13
2027-02-13,wk inc flu hosp,0,31,quantile,0.025,130,2027-02-13
2027-02-13,wk inc flu hosp,0,31,quantile,0.05,136,2027-02-13
2027-02-13,wk inc flu hosp,0,31,quantile,0.1,141,2027-02-13
2027-02-13,wk inc flu hosp,0,31,quantile,0.15,147,2027-02-13
2027-02-13,wk inc flu hosp,0,31,quantile,0.2,152,2027-02-13
2027-02-13,wk inc flu hosp,0,31,quantile,0.25,156,2027-02-13
2027-02-13,wk inc flu hosp,0,31,quantile,0.3,160,2027-02-13
2027-02-13,wk inc flu hosp,0,31,quantile,0.35,166,2027-02-13
2027-02-13,wk inc flu hosp,0,31,quantile,0.4,169,2027-02-13
2027-02-13,wk inc flu hosp,0,31,quantile,0.45,173,2027-02-13
2027-02-13,wk inc flu hosp,0,31,quantile,0.5,176,2027-02-13
2027-02-13,wk inc flu hosp,0,31,quantile,0.55,179,2027-02-13
2027-02-13,wk inc flu hosp,0,31,quantile,0.6,180,2027-02-13
2027-02-13,wk inc flu hosp,0,31,quantile,0.65,183,2027-02-13
2027-02-13,wk inc flu hosp,0,31,quantile,0.7,187,2027-02-13
2027-02-13,wk inc flu hosp,0,31,quantile,0.75,189,2027-02-13
2027-02-13,wk inc flu hosp,0,31,quantile,0.8,195,2027-02-13
2027-02-13,wk inc flu hosp,0,31,quantile,0.85,202,2027-02-13
2027-02-13,wk inc flu hosp,0,31,quantile,0.9,205,2027-02-13
2027-02-13,wk inc flu hosp,0,31,quantile,0.95,215,2027-02-13
2027-02-13,wk inc flu hosp,0,31,quantile,0.975,224,2027-02-13
2027-02-13,wk inc flu hosp,0,31,quantile,0.99,229,2027-02-13
2027-02-13,wk inc flu hosp,0,32,quantile,0.01,63,2027-02-13
2027-02-13,wk inc flu hosp,0,32,quantile,0.025,67,2027-02-13
2027-02-13,wk inc flu hosp,0,32,quantile,0.05,68,2027-02-13
2027-02-13,wk inc flu hosp,0,32,quantile,0.1,74,2027-02-13
2027-02-13,wk inc flu hosp,0,32,quantile,0.15,76,2027-02-13
2027-02-13,wk inc flu hosp,0,32,quantile,0.2,78,2027-02-13
2027-02-13,wk inc flu hosp,0,32,quantile,0.25,79,2027-02-13
2027-02-13,wk inc flu hosp,0,32,quantile,0.3,85,2027-02-13
2027-02-13,wk inc flu hosp,0,32,quantile,0.35,87,2027-02-13
2027-02-13,wk inc flu hosp,0,32,quantile,0.4,88,2027-02-13
2027-02-13,wk inc flu hosp,0,32,quantile,0.45,92,2027-02-13
2027-02-13,wk inc flu hosp,0,32,quantile,0.5,93,2027-02-13
2027-02-13,wk inc flu hosp,0,32,quantile,0.55,95,2027-02-13
2027-02-13,wk inc flu hosp,0,32,quantile,0.6,98,2027-02-13
2027-02-13,wk inc flu hosp,0,32,quantile,0.65,102,2027-02-13
2027-02-13,wk inc flu hosp,0,32,quantile,0.7,107,2027-02-13
2027-02-13,wk inc flu hosp,0,32,quantile,0.75,109,2027-02-13
2027-02-13,wk inc flu hosp,0,32,quantile,0.8,112,2027-02-13
2027-02-13,wk inc flu hosp,0,32,quantile,0.85,114,2027-02-13
2027-02-13,wk inc flu hosp,0,32,quantile,0.9,119,2027-02-13
2027-02-13,wk inc flu hosp,0,32,quantile,0.95,125,2027-02-13
2027-02-13,wk inc flu hosp,0,32,quantile,0.975,139,2027-02-13
2027-02-13,wk inc flu hosp,0,32,quantile,0.99,147,2027-02-13
2027-02-13,wk inc flu hosp,0,33,quantile,0.01,72,2027-02-13
2027-02-13,wk inc flu hosp,0,33,quantile,0.025,74,2027-02-13
2027-02-13,wk inc flu hosp,0,33,quantile,0.05,77,2027-02-13
2027-02-13,wk inc flu hosp,0,33,quantile,0.1,84,2027-02-13
2027-02-13,wk inc flu hosp,0,33,quantile,0.15,89,2027-02-13
2027-02-13,wk inc flu hosp,0,33,quantile,0.2,93,2027-02-13
2027-02-13,wk inc flu hosp,0,33,quantile,0.25,97,2027-02-13
2027-02-13,wk inc flu hosp,0,33,quantile,0.3,98,2027-02-13
2027-02-13,wk inc flu hosp,0,33,quantile,0.35,102,2027-02-13
2027-02-13,wk inc flu hosp,0,33,quantile,0.4,105,2027-02-13
2027-02-13,wk inc flu hosp,0,33,quantile,0.45,106,2027-02-13
2027-02-13,wk inc flu hosp,0,33,quantile,0.5,109,2027-02-13
2027-02-13,wk inc flu hosp,0,33,quantile,0.55,111,2027-02-13
2027-02-13,wk inc flu hosp,0,33,quantile,0.6,113,2027-02-13
2027-02-13,wk inc flu hosp,0,33,quantile,0.65,115,2027-02-13
2027-02-13,wk inc flu hosp,0,33,quantile,0.7,119,2027-02-13
2027-02-13,wk inc flu hosp,0,33,quantile,0.75,124,2027-02-13
2027-02-13,wk inc flu hosp,0,33,quantile,0.8,127,2027-02-13
2027-02-13,wk inc flu hosp,0,33,quantile,0.85,133,2027-02-13
2027-02-13,wk inc flu hosp,0,33,quantile,0.9,139,2027-02-13
2027-02-13,wk inc flu hosp,0,33,quantile,0.95,144,2027-02-13
2027-02-13,wk inc flu hosp,0,33,quantile,0.975,149,2027-02-13
2027-02-13,wk inc flu hosp,0,33,quantile,0.99,153,2027-02-13
2027-02-13,wk inc flu hosp,0,34,quantile,0.01,577,2027-02-13
2027-02-13,wk inc flu hosp,0,34,quantile,0.025,601,2027-02-13
2027-02-13,wk inc flu hosp,0,34,quantile,0.05,623,2027-02-13
2027-02-13,wk inc flu hosp,0,34,quantile,0.1,657,2027-02-13
2027-02-13,wk inc flu hosp,0,34,quantile,0.15,672,2027-02-13
2027-02-13,wk inc flu hosp,0,34,quantile,0.2,682,2027-02-13
2027-02-13,wk inc flu hosp,0,34,quantile,0.25,697,2027-02-13
2027-02-13,wk inc flu hosp,0,34,quantile,0.3,710,2027-02-13
2027-02-13,wk inc flu hosp,0,34,quantile,0.35,729,2027-02-13
2027-02-13,wk inc flu hosp,0,34,quantile,0.4,736,2027-02-13
2027-02-13,wk inc flu hosp,0,34,quantile,0.45,749,2027-02-13
2027-02-13,wk inc flu hosp,0,34,quantile,0.5,761,2027-02-13
2027-02-13,wk inc flu hosp,0,34,quantile,0.55,773,2027-02-13
2027-02-13,wk inc flu hosp,0,34,quantile,0.6,783,2027-02-13
2027-02-13,wk inc flu hosp,0,34,quantile,0.65,794,2027-02-13
2027-02-13,wk inc flu hosp,0,34,quantile,0.7,811,2027-02-13
2027-02-13,wk inc flu hosp,0,34,quantile,0.75,832,2027-02-13
2027-02-13,wk inc flu hosp,0,34,quantile,0.8,844,2027-02-13
2027-02-13,wk inc flu hosp,0,34,quantile,0.85,861,2027-02-13
2027-02-13,wk inc flu hosp,0,34,quantile,0.9,884,2027-02-13
2027-02-13,wk inc flu hosp,0,34,quantile,0.95,963,2027-02-13
2027-02-13,wk inc flu hosp,0,34,quantile,0.975,1033,2027-02-13
2027-02-13,wk inc flu hosp,0,34,quantile,0.99,1066,2027-02-13
2027-02-13,wk inc flu hosp,0,35,quantile,0.01,91,2027-02-13
2027-02-13,wk inc flu hosp,0,35,quantile,0.025,99,2027-02-13
2027-02-13,wk inc flu hosp,0,35,quantile,0.05,103,2027-02-13
2027-02-13,wk inc flu hosp,0,35,quantile,0.1,110,2027-02-13
2027-02-13,wk inc flu hosp,0,35,quantile,0.15,112,2027-02-13
2027-02-13,wk inc flu hosp,0,35,quantile,0.2,115,2027-02-13
2027-02-13,wk inc flu hosp,0,35,quantile,0.25,121,2027-02-13
2027-02-13,wk inc flu hosp,0,35,quantile,0.3,124,2027-02-13
2027-02-13,wk inc flu hosp,0,35,quantile,0.35,126,2027-02-13
2027-02-13,wk inc flu hosp,0,35,quantile,0.4,129,2027-02-13
2027-02-13,wk inc flu hosp,0,35,quantile,0.45,133,2027-02-13
2027-02-13,wk inc flu hosp,0,35,quantile,0.5,136,2027-02-13
2027-02-13,wk inc flu hosp,0,35,quantile,0.55,138,2027-02-13
2027-02-13,wk inc flu hosp,0,35,quantile,0.6,142,2027-02-13
2027-02-13,wk inc flu hosp,0,35,quantile,0.65,147,2027-02-13
2027-02-13,wk inc flu hosp,0,35,quantile,0.7,151,2027-02-13
2027-02-13,wk inc flu hosp,0,35,quantile,0.75,153,2027-02-13
2027-02-13,wk inc flu hosp,0,35,quantile,0.8,157,2027-02-13
2027-02-13,wk inc flu hosp,0,35,quantile,0.85,162,2027-02-13
2027-02-13,wk inc flu hosp,0,35,quantile,0.9,168,2027-02-13
2027-02-13,wk inc flu hosp,0,35,quantile,0.95,174,2027-02-13
2027-02-13,wk inc flu hosp,0,35,quantile,0.975,188,2027-02-13
2027-02-13,wk inc flu hosp,0,35,quantile,0.99,194,2027-02-13
2027-02-13,wk inc flu hosp,0,36,quantile,0.01,904,2027-02-13
2027-02-13,wk inc flu hosp,0,36,quantile,0.025,924,2027-02-13
2027-02-13,wk inc flu hosp,0,36,quantile,0.05,947,2027-02-13
2027-02-13,wk inc flu hosp,0,36,quantile,0.1,1021,2027-02-13
2027-02-13,wk inc flu hosp,0,36,quantile,0.15,1044,2027-02-13
2027-02-13,wk inc flu hosp,0,36,quantile,0.2,1073,2027-02-13
2027-02-13,wk inc flu hosp,0,36,quantile,0.25,1094,2027-02-13
2027-02-13,wk inc flu hosp,0,36,quantile,0.3,1119,2027-02-13
2027-02-13,wk inc flu hosp,0,36,quantile,0.35,1138,2027-02-13
2027-02-13,wk inc flu hosp,0,36,quantile,0.4,1158,2027-02-13
2027-02-13,wk inc flu hosp,0,36,quantile,0.45,1180,2027-02-13
2027-02-13,wk inc flu hosp,0,36,quantile,0.5,1214,2027-02-13
2027-02-13,wk inc flu hosp,0,36,quantile,0.55,1229,2027-02-13
2027-02-13,wk inc flu hosp,0,36,quantile,0.6,1257,2027-02-13
2027-02-13,wk inc flu hosp,0,36,quantile,0.65,1284,2027-02-13
2027-02-13,wk inc flu hosp,0,36,quantile,0.7,1312,2027-02-13
2027-02-13,wk inc flu hosp,0,36,quantile,0.75,1340,2027-02-13
2027-02-13,wk inc flu hosp,0,36,quantile,0.8,1376,2027-02-13
2027-02-13,wk inc flu hosp,0,36,quantile,0.85,1418,2027-02-13
2027-02-13,wk inc flu hosp,0,36,quantile,0.9,1448,2027-02-13
2027-02-13,wk inc flu hosp,0,36,quantile,0.95,1504,2027-02-13
2027-02-13,wk inc flu hosp,0,36,quantile,0.975,1570,2027-02-13
2027-02-13,wk inc flu hosp,0,36,quantile,0.99,1663,2027-02-13
2027-02-13,wk inc flu hosp,0,37,quantile,0.01,473,2027-02-13
2027-02-13,wk inc flu hosp,0,37,quantile,0.025,485,2027-02-13
2027-02-13,wk inc flu hosp,0,37,quantile,0.05,502,2027-02-13
2027-02-13,wk inc flu hosp,0,37,quantile,0.1,523,2027-02-13
2027-02-13,wk inc flu hosp,0,37,quantile,0.15,549,2027-02-13
2027-02-13,wk inc flu hosp,0,37,quantile,0.2,570,2027-02-13
2027-02-13,wk inc flu hosp,0,37,quantile,0.25,581,2027-02-13
2027-02-13,wk inc flu hosp,0,37,quantile,0.3,591,2027-02-13
2027-02-13,wk inc flu hosp,0,37,quantile,0.35,603,2027-02-13
2027-02-13,wk inc flu hosp,0,37,quantile,0.4,614,2027-02-13
2027-02-13,wk inc flu hosp,0,37,quantile,0.45,624,2027-02-13
2027-02-13,wk inc flu hosp,0,37,quantile,0.5,639,2027-02-13
2027-02-13,wk inc flu hosp,0,37,quantile,0.55,651,2027-02-13
2027-02-13,wk inc flu hosp,0,37,quantile,0.6,661,2027-02-13
2027-02-13,wk inc flu hosp,0,37,quantile,0.65,669,2027-02-13
2027-02-13,wk inc flu hosp,0,37,quantile,0.7,684,2027-02-13
2027-02-13,wk inc flu hosp,0,37,quantile,0.75,693,2027-02-13
2027-02-13,wk inc flu hosp,0,37,quantile,0.8,723,2027-02-13
2027-02-13,wk inc flu hosp,0,37,quantile,0.85,744,2027-02-13
2027-02-13,wk inc flu hosp,0,37,quantile,0.9,771,2027-02-13
2027-02-13,wk inc flu hosp,0,37,quantile,0.95,828,2027-02-13
2027-02-13,wk inc flu hosp,0,37,quantile,0.975,864,2027-02-13
2027-02-13,wk inc flu hosp,0,37,quantile,0.99,884,2027-02-13
2027-02-13,wk inc flu hosp,0,38,quantile,0.01,26,2027-02-13
2027-02-13,wk inc flu hosp,0,38,quantile,0.025,27,2027-02-13
2027-02-13,wk inc flu hosp,0,38,quantile,0.05,30,2027-02-13
2027-02-13,wk inc flu hosp,0,38,quantile,0.1,33,2027-02-13
2027-02-13,wk inc flu hosp,0,38,quantile,0.15,34,2027-02-13
2027-02-13,wk inc flu hosp,0,38,quantile,0.2,36,2027-02-13
2027-02-13,wk inc flu hosp,0,38,quantile,0.25,38,2027-02-13
2027-02-13,wk inc flu hosp,0,38,quantile,0.3,39,2027-02-13
2027-02-13,wk inc flu hosp,0,38,quantile,0.35,39,2027-02-13
2027-02-13,wk inc flu hosp,0,38,quantile,0.4,41,2027-02-13
2027-02-13,wk inc flu hosp,0,38,quantile,0.45,42,2027-02-13
2027-02-13,wk inc flu hosp,0,38,quantile,0.5,43,2027-02-13
2027-02-13,wk inc flu hosp,0,38,quantile,0.55,43,2027-02-13
2027-02-13,wk inc flu hosp,0,38,quantile,0.6,44,2027-02-13
2027-02-13,wk inc flu hosp,0,38,quantile,0.65,45,2027-02-13
2027-02-13,wk inc flu hosp,0,38,quantile,0.7,46,2027-02-13
2027-02-13,wk inc flu hosp,0,38,quantile,0.75,48,2027-02-13
2027-02-13,wk inc flu hosp,0,38,quantile,0.8,49,2027-02-13
2027-02-13,wk inc flu hosp,0,38,quantile,0.85,51,2027-02-13
2027-02-13,wk inc flu hosp,0,38,quantile,0.9,55,2027-02-13
2027-02-13,wk inc flu hosp,0,38,quantile,0.95,58,2027-02-13
2027-02-13,wk inc flu hosp,0,38,quantile,0.975,60,2027-02-13
2027-02-13,wk inc flu hosp,0,38,quantile,0.99,64,2027-02-13
2027-02-13,wk inc flu hosp,0,39,quantile,0.01,1247,2027-02-13
2027-02-13,wk inc flu hosp,0,39,quantile,0.025,1301,2027-02-13
2027-02-13,wk inc flu hosp,0,39,quantile,0.05,1356,2027-02-13
2027-02-13,wk inc flu hosp,0,39,quantile,0.1,1410,2027-02-13
2027-02-13,wk inc flu hosp,0,39,quantile,0.15,1480,2027-02-13
2027-02-13,wk inc flu hosp,0,39,quantile,0.2,1512,2027-02-13
2027-02-13,wk inc flu hosp,0,39,quantile,0.25,1559,2027-02-13
2027-02-13,wk inc flu hosp,0,39,quantile,0.3,1583,2027-02-13
2027-02-13,wk inc flu hosp,0,39,quantile,0.35,1621,2027-02-13
2027-02-13,wk inc flu hosp,0,39,quantile,0.4,1642,2027-02-13
2027-02-13,wk inc flu hosp,0,39,quantile,0.45,1703,2027-02-13
2027-02-13,wk inc flu hosp,0,39,quantile,0.5,1730,2027-02-13
2027-02-13,wk inc flu hosp,0,39,quantile,0.55,1744,2027-02-13
2027-02-13,wk inc flu hosp,0,39,quantile,0.6,1790,2027-02-13
2027-02-13,wk inc flu hosp,0,39,quantile,0.65,1837,2027-02-13
2027-02-13,wk inc flu hosp,0,39,quantile,0.7,1862,2027-02-13
2027-02-13,wk inc flu hosp,0,39,quantile,0.75,1898,2027-02-13
2027-02-13,wk inc flu hosp,0,39,quantile,0.8,1929,2027-02-13
2027-02-13,wk inc flu hosp,0,39,quantile,0.85,1982,2027-02-13
2027-02-13,wk inc flu hosp,0,39,quantile,0.9,2004,2027-02-13
2027-02-13,wk inc flu hosp,0,39,quantile,0.95,2054,2027-02-13
2027-02-13,wk inc flu hosp,0,39,quantile,0.975,2102,2027-02-13
2027-02-13,wk inc flu hosp,0,39,quantile,0.99,2105,2027-02-13
2027-02-13,wk inc flu hosp,0,40,quantile,0.01,375,2027-02-13
2027-02-13,wk inc flu hosp,0,40,quantile,0.025,386,2027-02-13
2027-02-13,wk inc flu hosp,0,40,quantile,0.05,396,2027-02-13
2027-02-13,wk inc flu hosp,0,40,quantile,0.1,406,2027-02-13
2027-02-13,wk inc flu hosp,0,40,quantile,0.15,420,2027-02-13
2027-02-13,wk inc flu hosp,0,40,quantile,0.2,429,2027-02-13
2027-02-13,wk inc flu hosp,0,40,quantile,0.25,447,2027-02-13
2027-02-13,wk inc flu hosp,0,40,quantile,0.3,452,2027-02-13
2027-02-13,wk inc flu hosp,0,40,quantile,0.35,460,2027-02-13
2027-02-13,wk inc flu hosp,0,40,quantile,0.4,471,2027-02-13
2027-02-13,wk inc flu hosp,0,40,quantile,0.45,477,2027-02-13
2027-02-13,wk inc flu hosp,0,40,quantile,0.5,488,2027-02-13
2027-02-13,wk inc flu hosp,0,40,quantile,0.55,499,2027-02-13
2027-02-13,wk inc flu hosp,0,40,quantile,0.6,507,2027-02-13
2027-02-13,wk inc flu hosp,0,40,quantile,0.65,514,2027-02-13
2027-02-13,wk inc flu hosp,0,40,quantile,0.7,523,2027-02-13
2027-02-13,wk inc flu hosp,0,40,quantile,0.75,535,2027-02-13
2027-02-13,wk inc flu hosp,0,40,quantile,0.8,542,2027-02-13
2027-02-13,wk inc flu hosp,0,40,quantile,0.85,553,2027-02-13
2027-02-13,wk inc flu hosp,0,40,quantile,0.9,580,2027-02-13
2027-02-13,wk inc flu hosp,0,40,quantile,0.95,621,2027-02-13
2027-02-13,wk inc flu hosp,0,40,quantile,0.975,645,2027-02-13
2027-02-13,wk inc flu hosp,0,40,quantile,0.99,694,2027-02-13
2027-02-13,wk inc flu hosp,0,41,quantile,0.01,182,2027-02-13
2027-02-13,wk inc flu hosp,0,41,quantile,0.025,203,2027-02-13
2027-02-13,wk inc flu hosp,0,41,quantile,0.05,212,2027-02-13
2027-02-13,wk inc flu hosp,0,41,quantile,0.1,222,2027-02-13
2027-02-13,wk inc flu hosp,0,41,quantile,0.15,230,2027-02-13
2027-02-13,wk inc flu hosp,0,41,quantile,0.2,239,2027-02-13
2027-02-13,wk inc flu hosp,0,41,quantile,0.25,245,2027-02-13
2027-02-13,wk inc flu hosp,0,41,quantile,0.3,249,2027-02-13
2027-02-13,wk inc flu hosp,0,41,quantile,0.35,253,2027-02-13
2027-02-13,wk inc flu hosp,0,41,quantile,0.4,259,2027-02-13
2027-02-13,wk inc flu hosp,0,41,quantile,0.45,261,2027-02-13
2027-02-13,wk inc flu hosp,0,41,quantile,0.5,266,2027-02-13
2027-02-13,wk inc flu hosp,0,41,quantile,0.55,273,2027-02-13
2027-02-13,wk inc flu hosp,0,41,quantile,0.6,284,2027-02-13
2027-02-13,wk inc flu hosp,0,41,quantile,0.65,290,2027-02-13
2027-02-13,wk inc flu hosp,0,41,quantile,0.7,299,2027-02-13
2027-02-13,wk inc flu hosp,0,41,quantile,0.75,304,2027-02-13
2027-02-13,wk inc flu hosp,0,41,quantile,0.8,320,2027-02-13
2027-02-13,wk inc flu hosp,0,41,quantile,0.85,325,2027-02-13
2027-02-13,wk inc flu hosp,0,41,quantile,0.9,338,2027-02-13
2027-02-13,wk inc flu hosp,0,41,quantile,0.95,359,2027-02-13
2027-02-13,wk inc flu hosp,0,41,quantile,0.975,369,2027-02-13
2027-02-13,wk inc flu hosp,0,41,quantile,0.99,375,2027-02-13
2027-02-13,wk inc flu hosp,0,42,quantile,0.01,1577,2027-02-13
2027-02-13,wk inc flu hosp,0,42,quantile,0.025,1600,2027-02-13
2027-02-13,wk inc flu hosp,0,42,quantile,0.05,1643,2027-02-13
2027-02-13,wk inc flu hosp,0,42,quantile,0.1,1751,2027-02-13
2027-02-13,wk inc flu hosp,0,42,quantile,0.15,1783,2027-02-13
2027-02-13,wk inc flu hosp,0,42,quantile,0.2,1831,2027-02-13
2027-02-13,wk inc flu hosp,0,42,quantile,0.25,1865,2027-02-13
2027-02-13,wk inc flu hosp,0,42,quantile,0.3,1889,2027-02-13
2027-02-13,wk inc flu hosp,0,42,quantile,0.35,1922,2027-02-13
2027-02-13,wk inc flu hosp,0,42,quantile,0.4,1959,2027-02-13
2027-02-13,wk inc flu hosp,0,42,quantile,0.45,1984,2027-02-13
2027-02-13,wk inc flu hosp,0,42,quantile,0.5,2024,2027-02-13
2027-02-13,wk inc flu hosp,0,42,quantile,0.55,2059,2027-02-13
2027-02-13,wk inc flu hosp,0,42,quantile,0.6,2096,2027-02-13
2027-02-13,wk inc flu hosp,0,42,quantile,0.65,2148,2027-02-13
2027-02-13,wk inc flu hosp,0,42,quantile,0.7,2177,2027-02-13
2027-02-13,wk inc flu hosp,0,42,quantile,0.75,2226,2027-02-13
2027-02-13,wk inc flu hosp,0,42,quantile,0.8,2274,2027-02-13
2027-02-13,wk inc flu hosp,0,42,quantile,0.85,2342,2027-02-13
2027-02-13,wk inc flu hosp,0,42,quantile,0.9,2426,2027-02-13
2027-02-13,wk inc flu hosp,0,42,quantile,0.95,2537,2027-02-13
2027-02-13,wk inc flu hosp,0,42,quantile,0.975,2660,2027-02-13
2027-02-13,wk inc flu hosp,0,42,quantile,0.99,2825,2027-02-13
2027-02-13,wk inc flu hosp,0,44,quantile,0.01,44,2027-02-13
2027-02-13,wk inc flu hosp,0,44,quantile,0.025,49,2027-02-13
2027-02-13,wk inc flu hosp,0,44,quantile,0.05,51,2027-02-13
2027-02-13,wk inc flu hosp,0,44,quantile,0.1,56,2027-02-13
2027-02-13,wk inc flu hosp,0,44,quantile,0.15,58,2027-02-13
2027-02-13,wk inc flu hosp,0,44,quantile,0.2,61,2027-02-13
2027-02-13,wk inc flu hosp,0,44,quantile,0.25,62,2027-02-13
2027-02-13,wk inc flu hosp,0,44,quantile,0.3,64,2027-02-13
2027-02-13,wk inc flu hosp,0,44,quantile,0.35,66,2027-02-13
2027-02-13,wk inc flu hosp,0,44,quantile,0.4,67,2027-02-13
2027-02-13,wk inc flu hosp,0,44,quantile,0.45,69,2027-02-13
2027-02-13,wk inc flu hosp,0,44,quantile,0.5,71,2027-02-13
2027-02-13,wk inc flu hosp,0,44,quantile,0.55,73,2027-02-13
2027-02-13,wk inc flu hosp,0,44,quantile,0.6,75,2027-02-13
2027-02-13,wk inc flu hosp,0,44,quantile,0.65,77,2027-02-13
2027-02-13,wk inc flu hosp,0,44,quantile,0.7,79,2027-02-13
2027-02-13,wk inc flu hosp,0,44,quantile,0.75,81,2027-02-13
2027-02-13,wk inc flu hosp,0,44,quantile,0.8,84,2027-02-13
2027-02-13,wk inc flu hosp,0,44,quantile,0.85,89,2027-02-13
2027-02-13,wk inc flu hosp,0,44,quantile,0.9,94,2027-02-13
2027-02-13,wk inc flu hosp,0,44,quantile,0.95,103,2027-02-13
2027-02-13,wk inc flu hosp,0,44,quantile,0.975,108,2027-02-13
2027-02-13,wk inc flu hosp,0,44,quantile,0.99,115,2027-02-13
2027-02-13,wk inc flu hosp,0,45,quantile,0.01,186,2027-02-13
2027-02-13,wk inc flu hosp,0,45,quantile,0.025,196,2027-02-13
2027-02-13,wk inc flu hosp,0,45,quantile,0.05,204,2027-02-13
2027-02-13,wk inc flu hosp,0,45,quantile,0.1,214,2027-02-13
2027-02-13,wk inc flu hosp,0,45,quantile,0.15,222,2027-02-13
2027-02-13,wk inc flu hosp,0,45,quantile,0.2,230,2027-02-13
2027-02-13,wk inc flu hosp,0,45,quantile,0.25,234,2027-02-13
2027-02-13,wk inc flu hosp,0,45,quantile,0.3,241,2027-02-13
2027-02-13,wk inc flu hosp,0,45,quantile,0.35,243,2027-02-13
2027-02-13,wk inc flu hosp,0,45,quantile,0.4,247,2027-02-13
2027-02-13,wk inc flu hosp,0,45,quantile,0.45,254,2027-02-13
2027-02-13,wk inc flu hosp,0,45,quantile,0.5,261,2027-02-13
2027-02-13,wk inc flu hosp,0,45,quantile,0.55,265,2027-02-13
2027-02-13,wk inc flu hosp,0,45,quantile,0.6,269,2027-02-13
2027-02-13,wk inc flu hosp,0,45,quantile,0.65,274,2027-02-13
2027-02-13,wk inc flu hosp,0,45,quantile,0.7,281,2027-02-13
2027-02-13,wk inc flu hosp,0,45,quantile,0.75,289,2027-02-13
2027-02-13,wk inc flu hosp,0,45,quantile,0.8,293,2027-02-13
2027-02-13,wk inc flu hosp,0,45,quantile,0.85,302,2027-02-13
2027-02-13,wk inc flu hosp,0,45,quantile,0.9,318,2027-02-13
2027-02-13,wk inc flu hosp,0,45,quantile,0.95,329,2027-02-13
2027-02-13,wk inc flu hosp,0,45,quantile,0.975,336,2027-02-13
2027-02-13,wk inc flu hosp,0,45,quantile,0.99,341,2027-02-13
2027-02-13,wk inc flu hosp,0,46,quantile,0.01,50,2027-02-13
2027-02-13,wk inc flu hosp,0,46,quantile,0.025,54,2027-02-13
2027-02-13,wk inc flu hosp,0,46,quantile,0.05,59,2027-02-13
2027-02-13,wk inc flu hosp,0,46,quantile,0.1,62,2027-02-13
2027-02-13,wk inc flu hosp,0,46,quantile,0.15,66,2027-02-13
2027-02-13,wk inc flu hosp,0,46,quantile,0.2,68,2027-02-13
2027-02-13,wk inc flu hosp,0,46,quantile,0.25,70,2027-02-13
2027-02-13,wk inc flu hosp,0,46,quantile,0.3,72,2027-02-13
2027-02-13,wk inc flu hosp,0,46,quantile,0.35,74,2027-02-13
2027-02-13,wk inc flu hosp,0,46,quantile,0.4,75,2027-02-13
2027-02-13,wk inc flu hosp,0,46,quantile,0.45,77,2027-02-13
2027-02-13,wk inc flu hosp,0,46,quantile,0.5,80,2027-02-13
2027-02-13,wk inc flu hosp,0,46,quantile,0.55,80,2027-02-13
2027-02-13,wk inc flu hosp,0,46,quantile,0.6,81,2027-02-13
2027-02-13,wk inc flu hosp,0,46,quantile,0.65,83,2027-02-13
2027-02-13,wk inc flu hosp,0,46,quantile,0.7,84,2027-02-13
2027-02-13,wk inc flu hosp,0,46,quantile,0.75,86,2027-02-13
2027-02-13,wk inc flu hosp,0,46,quantile,0.8,88,2027-02-13
2027-02-13,wk inc flu hosp,0,46,quantile,0.85,92,2027-02-13
2027-02-13,wk inc flu hosp,0,46,quantile,0.9,95,2027-02-13
2027-02-13,wk inc flu hosp,0,46,quantile,0.95,101,2027-02-13
2027-02-13,wk inc flu hosp,0,46,quantile,0.975,105,2027-02-13
2027-02-13,wk inc flu hosp,0,46,quantile,0.99,114,2027-02-13
2027-02-13,wk inc flu hosp,0,47,quantile,0.01,271,2027-02-13
2027-02-13,wk inc flu hosp,0,47,quantile,0.025,282,2027-02-13
2027-02-13,wk inc flu hosp,0,47,quantile,0.05,289,2027-02-13
2027-02-13,wk inc flu hosp,0,47,quantile,0.1,305,2027-02-13
2027-02-13,wk inc flu hosp,0,47,quantile,0.15,314,2027-02-13
2027-02-13,wk inc flu hosp,0,47,quantile,0.2,323,2027-02-13
2027-02-13,wk inc flu hosp,0,47,quantile,0.25,327,2027-02-13
2027-02-13,wk inc flu hosp,0,47,quantile,0.3,335,2027-02-13
2027-02-13,wk inc flu hosp,0,47,quantile,0.35,341,2027-02-13
2027-02-13,wk inc flu hosp,0,47,quantile,0.4,346,2027-02-13
2027-02-13,wk inc flu hosp,0,47,quantile,0.45,353,2027-02-13
2027-02-13,wk inc flu hosp,0,47,quantile,0.5,357,2027-02-13
2027-02-13,wk inc flu hosp,0,47,quantile,0.55,361,2027-02-13
2027-02-13,wk inc flu hosp,0,47,quantile,0.6,369,2027-02-13
2027-02-13,wk inc flu hosp,0,47,quantile,0.65,373,2027-02-13
2027-02-13,wk inc flu hosp,0,47,quantile,0.7,376,2027-02-13
2027-02-13,wk inc flu hosp,0,47,quantile,0.75,387,2027-02-13
2027-02-13,wk inc flu hosp,0,47,quantile,0.8,398,2027-02-13
2027-02-13,wk inc flu hosp,0,47,quantile,0.85,405,2027-02-13
2027-02-13,wk inc flu hosp,0,47,quantile,0.9,414,2027-02-13
2027-02-13,wk inc flu hosp,0,47,quantile,0.95,438,2027-02-13
2027-02-13,wk inc flu hosp,0,47,quantile,0.975,448,2027-02-13
2027-02-13,wk inc flu hosp,0,47,quantile,0.99,461,2027-02-13
2027-02-13,wk inc flu hosp,0,48,quantile,0.01,1034,2027-02-13
2027-02-13,wk inc flu hosp,0,48,quantile,0.025,1070,2027-02-13
2027-02-13,wk inc flu hosp,0,48,quantile,0.05,1108,2027-02-13
2027-02-13,wk inc flu hosp,0,48,quantile,0.1,1167,2027-02-13
2027-02-13,wk inc flu hosp,0,48,quantile,0.15,1233,2027-02-13
2027-02-13,wk inc flu hosp,0,48,quantile,0.2,1305,2027-02-13
2027-02-13,wk inc flu hosp,0,48,quantile,0.25,1332,2027-02-13
2027-02-13,wk inc flu hosp,0,48,quantile,0.3,1348,2027-02-13
2027-02-13,wk inc flu hosp,0,48,quantile,0.35,1366,2027-02-13
2027-02-13,wk inc flu hosp,0,48,quantile,0.4,1406,2027-02-13
2027-02-13,wk inc flu hosp,0,48,quantile,0.45,1461,2027-02-13
2027-02-13,wk inc flu hosp,0,48,quantile,0.5,1486,2027-02-13
2027-02-13,wk inc flu hosp,0,48,quantile,0.55,1504,2027-02-13
2027-02-13,wk inc flu hosp,0,48,quantile,0.6,1539,2027-02-13
2027-02-13,wk inc flu hosp,0,48,quantile,0.65,1560,2027-02-13
2027-02-13,wk inc flu hosp,0,48,quantile,0.7,1599,2027-02-13
2027-02-13,wk inc flu hosp,0,48,quantile,0.75,1639,2027-02-13
2027-02-13,wk inc flu hosp,0,48,quantile,0.8,1671,2027-02-13
2027-02-13,wk inc flu hosp,0,48,quantile,0.85,1693,2027-02-13
2027-02-13,wk inc flu hosp,0,48,quantile,0.9,1731,2027-02-13
2027-02-13,wk inc flu hosp,0,48,quantile,0.95,1848,2027-02-13
2027-02-13,wk inc flu hosp,0,48,quantile,0.975,1944,2027-02-13
2027-02-13,wk inc flu hosp,0,48,quantile,0.99,2148,2027-02-13
2027-02-13,wk inc flu hosp,0,49,quantile,0.01,56,2027-02-13
2027-02-13,wk inc flu hosp,0,49,quantile,0.025,62,2027-02-13
2027-02-13,wk inc flu hosp,0,49,quantile,0.05,65,2027-02-13
2027-02-13,wk inc flu hosp,0,49,quantile,0.1,68,2027-02-13
2027-02-13,wk inc flu hosp,0,49,quantile,0.15,73,2027-02-13
2027-02-13,wk inc flu hosp,0,49,quantile,0.2,78,2027-02-13
2027-02-13,wk inc flu hosp,0,49,quantile,0.25,80,2027-02-13
2027-02-13,wk inc flu hosp,0,49,quantile,0.3,82,2027-02-13
2027-02-13,wk inc flu hosp,0,49,quantile,0.35,83,2027-02-13
2027-02-13,wk inc flu hosp,0,49,quantile,0.4,85,2027-02-13
2027-02-13,wk inc flu hosp,0,49,quantile,0.45,87,2027-02-13
2027-02-13,wk inc flu hosp,0,49,quantile,0.5,89,2027-02-13
2027-02-13,wk inc flu hosp,0,49,quantile,0.55,91,2027-02-13
2027-02-13,wk inc flu hosp,0,49,quantile,0.6,93,2027-02-13
2027-02-13,wk inc flu hosp,0,49,quantile,0.65,95,2027-02-13
2027-02-13,wk inc flu hosp,0,49,quantile,0.7,98,2027-02-13
2027-02-13,wk inc flu hosp,0,49,quantile,0.75,99,2027-02-13
2027-02-13,wk inc flu hosp,0,49,quantile,0.8,101,2027-02-13
2027-02-13,wk inc flu hosp,0,49,quantile,0.85,105,2027-02-13
2027-02-13,wk inc flu hosp,0,49,quantile,0.9,108,2027-02-13
2027-02-13,wk inc flu hosp,0,49,quantile,0.95,112,2027-02-13
2027-02-13,wk inc flu hosp,0,49,quantile,0.975,117,2027-02-13
2027-02-13,wk inc flu hosp,0,49,quantile,0.99,119,2027-02-13
2027-02-13,wk inc flu hosp,0,50,quantile,0.01,33,2027-02-13
2027-02-13,wk inc flu hosp,0,50,quantile,0.025,38,2027-02-13
2027-02-13,wk inc flu hosp,0,50,quantile,0.05,40,2027-02-13
2027-02-13,wk inc flu hosp,0,50,quantile,0.1,42,2027-02-13
2027-02-13,wk inc flu hosp,0,50,quantile,0.15,43,2027-02-13
2027-02-13,wk inc flu hosp,0,50,quantile,0.2,45,2027-02-13
2027-02-13,wk inc flu hosp,0,50,quantile,0.25,47,2027-02-13
2027-02-13,wk inc flu hosp,0,50,quantile,0.3,48,2027-02-13
2027-02-13,wk inc flu hosp,0,50,quantile,0.35,50,2027-02-13
2027-02-13,wk inc flu hosp,0,50,quantile,0.4,52,2027-02-13
2027-02-13,wk inc flu hosp,0,50,quantile,0.45,54,2027-02-13
2027-02-13,wk inc flu hosp,0,50,quantile,0.5,55,2027-02-13
2027-02-13,wk inc flu hosp,0,50,quantile,0.55,56,2027-02-13
2027-02-13,wk inc flu hosp,0,50,quantile,0.6,58,2027-02-13
2027-02-13,wk inc flu hosp,0,50,quantile,0.65,59,2027-02-13
2027-02-13,wk inc flu hosp,0,50,quantile,0.7,61,2027-02-13
2027-02-13,wk inc flu hosp,0,50,quantile,0.75,63,2027-02-13
2027-02-13,wk inc flu hosp,0,50,quantile,0.8,65,2027-02-13
2027-02-13,wk inc flu hosp,0,50,quantile,0.85,69,2027-02-13
2027-02-13,wk inc flu hosp,0,50,quantile,0.9,71,2027-02-13
2027-02-13,wk inc flu hosp,0,50,quantile,0.95,77,2027-02-13
2027-02-13,wk inc flu hosp,0,50,quantile,0.975,79,2027-02-13
2027-02-13,wk inc flu hosp,0,50,quantile,0.99,82,2027-02-13
2027-02-13,wk inc flu hosp,0,51,quantile,0.01,359,2027-02-13
2027-02-13,wk inc flu hosp,0,51,quantile,0.025,369,2027-02-13
2027-02-13,wk inc flu hosp,0,51,quantile,0.05,388,2027-02-13
2027-02-13,wk inc flu hosp,0,51,quantile,0.1,407,2027-02-13
2027-02-13,wk inc flu hosp,0,51,quantile,0.15,424,2027-02-13
2027-02-13,wk inc flu hosp,0,51,quantile,0.2,434,2027-02-13
2027-02-13,wk inc flu hosp,0,51,quantile,0.25,446,2027-02-13
2027-02-13,wk inc flu hosp,0,51,quantile,0.3,450,2027-02-13
2027-02-13,wk inc flu hosp,0,51,quantile,0.35,456,2027-02-13
2027-02-13,wk inc flu hosp,0,51,quantile,0.4,459,2027-02-13
2027-02-13,wk inc flu hosp,0,51,quantile,0.45,468,2027-02-13
2027-02-13,wk inc flu hosp,0,51,quantile,0.5,478,2027-02-13
2027-02-13,wk inc flu hosp,0,51,quantile,0.55,492,2027-02-13
2027-02-13,wk inc flu hosp,0,51,quantile,0.6,501,2027-02-13
2027-02-13,wk inc flu hosp,0,51,quantile,0.65,513,2027-02-13
2027-02-13,wk inc flu hosp,0,51,quantile,0.7,529,2027-02-13
2027-02-13,wk inc flu hosp,0,51,quantile,0.75,538,2027-02-13
2027-02-13,wk inc flu hosp,0,51,quantile,0.8,546,2027-02-13
2027-02-13,wk inc flu hosp,0,51,quantile,0.85,557,2027-02-13
2027-02-13,wk inc flu hosp,0,51,quantile,0.9,571,2027-02-13
2027-02-13,wk inc flu hosp,0,51,quantile,0.95,602,2027-02-13
2027-02-13,wk inc flu hosp,0,51,quantile,0.975,626,2027-02-13
2027-02-13,wk inc flu hosp,0,51,quantile,0.99,654,2027-02-13
2027-02-13,wk inc flu hosp,0,53,quantile,0.01,220,2027-02-13
2027-02-13,wk inc flu hosp,0,53,quantile,0.025,230,2027-02-13
2027-02-13,wk inc flu hosp,0,53,quantile,0.05,233,2027-02-13
2027-02-13,wk inc flu hosp,0,53,quantile,0.1,252,2027-02-13
2027-02-13,wk inc flu hosp,0,53,quantile,0.15,262,2027-02-13
2027-02-13,wk inc flu hosp,0,53,quantile,0.2,270,2027-02-13
2027-02-13,wk inc flu hosp,0,53,quantile,0.25,281,2027-02-13
2027-02-13,wk inc flu hosp,0,53,quantile,0.3,290,2027-02-13
2027-02-13,wk inc flu hosp,0,53,quantile,0.35,297,2027-02-13
2027-02-13,wk inc flu hosp,0,53,quantile,0.4,301,2027-02-13
2027-02-13,wk inc flu hosp,0,53,quantile,0.45,305,2027-02-13
2027-02-13,wk inc flu hosp,0,53,quantile,0.5,313,2027-02-13
2027-02-13,wk inc flu hosp,0,53,quantile,0.55,323,2027-02-13
2027-02-13,wk inc flu hosp,0,53,quantile,0.6,330,2027-02-13
2027-02-13,wk inc flu hosp,0,53,quantile,0.65,335,2027-02-13
2027-02-13,wk inc flu hosp,0,53,quantile,0.7,346,2027-02-13
2027-02-13,wk inc flu hosp,0,53,quantile,0.75,354,2027-02-13
2027-02-13,wk inc flu hosp,0,53,quantile,0.8,366,2027-02-13
2027-02-13,wk inc flu hosp,0,53,quantile,0.85,378,2027-02-13
2027-02-13,wk inc flu hosp,0,53,quantile,0.9,389,2027-02-13
2027-02-13,wk inc flu hosp,0,53,quantile,0.95,413,2027-02-13
2027-02-13,wk inc flu hosp,0,53,quantile,0.975,443,2027-02-13
2027-02-13,wk inc flu hosp,0,53,quantile,0.99,457,2027-02-13
2027-02-13,wk inc flu hosp,0,54,quantile,0.01,249,2027-02-13
2027-02-13,wk inc flu hosp,0,54,quantile,0.025,274,2027-02-13
2027-02-13,wk inc flu hosp,0,54,quantile,0.05,286,2027-02-13
2027-02-13,wk inc flu hosp,0,54,quantile,0.1,292,2027-02-13
2027-02-13,wk inc flu hosp,0,54,quantile,0.15,303,2027-02-13
2027-02-13,wk inc flu hosp,0,54,quantile,0.2,307,2027-02-13
2027-02-13,wk inc flu hosp,0,54,quantile,0.25,310,2027-02-13
2027-02-13,wk inc flu hosp,0,54,quantile,0.3,314,2027-02-13
2027-02-13,wk inc flu hosp,0,54,quantile,0.35,320,2027-02-13
2027-02-13,wk inc flu hosp,0,54,quantile,0.4,325,2027-02-13
2027-02-13,wk inc flu hosp,0,54,quantile,0.45,329,2027-02-13
2027-02-13,wk inc flu hosp,0,54,quantile,0.5,334,2027-02-13
2027-02-13,wk inc flu hosp,0,54,quantile,0.55,339,2027-02-13
2027-02-13,wk inc flu hosp,0,54,quantile,0.6,345,2027-02-13
2027-02-13,wk inc flu hosp,0,54,quantile,0.65,348,2027-02-13
2027-02-13,wk inc flu hosp,0,54,quantile,0.7,354,2027-02-13
2027-02-13,wk inc flu hosp,0,54,quantile,0.75,364,2027-02-13
2027-02-13,wk inc flu hosp,0,54,quantile,0.8,370,2027-02-13
2027-02-13,wk inc flu hosp,0,54,quantile,0.85,376,2027-02-13
2027-02-13,wk inc flu hosp,0,54,quantile,0.9,390,2027-02-13
2027-02-13,wk inc flu hosp,0,54,quantile,0.95,429,2027-02-13
2027-02-13,wk inc flu hosp,0,54,quantile,0.975,454,2027-02-13
2027-02-13,wk inc flu hosp,0,54,quantile,0.99,487,2027-02-13
2027-02-13,wk inc flu hosp,0,55,quantile,0.01,426,2027-02-13
2027-02-13,wk inc flu hosp,0,55,quantile,0.025,451,2027-02-13
2027-02-13,wk inc flu hosp,0,55,quantile,0.05,479,2027-02-13
2027-02-13,wk inc flu hosp,0,55,quantile,0.1,500,2027-02-13
2027-02-13,wk inc flu hosp,0,55,quantile,0.15,509,2027-02-13
2027-02-13,wk inc flu hosp,0,55,quantile,0.2,519,2027-02-13
2027-02-13,wk inc flu hosp,0,55,quantile,0.25,525,2027-02-13
2027-02-13,wk inc flu hosp,0,55,quantile,0.3,537,2027-02-13
2027-02-13,wk inc flu hosp,0,55,quantile,0.35,552,2027-02-13
2027-02-13,wk inc flu hosp,0,55,quantile,0.4,560,2027-02-13
2027-02-13,wk inc flu hosp,0,55,quantile,0.45,566,2027-02-13
2027-02-13,wk inc flu hosp,0,55,quantile,0.5,578,2027-02-13
2027-02-13,wk inc flu hosp,0,55,quantile,0.55,589,2027-02-13
2027-02-13,wk inc flu hosp,0,55,quantile,0.6,597,2027-02-13
2027-02-13,wk inc flu hosp,0,55,quantile,0.65,605,2027-02-13
2027-02-13,wk inc flu hosp,0,55,quantile,0.7,611,2027-02-13
2027-02-13,wk inc flu hosp,0,55,quantile,0.75,622,2027-02-13
2027-02-13,wk inc flu hosp,0,55,quantile,0.8,630,2027-02-13
2027-02-13,wk inc flu hosp,0,55,quantile,0.85,645,2027-02-13
2027-02-13,wk inc flu hosp,0,55,quantile,0.9,668,2027-02-13
2027-02-13,wk inc flu hosp,0,55,quantile,0.95,692,2027-02-13
2027-02-13,wk inc flu hosp,0,55,quantile,0.975,715,2027-02-13
2027-02-13,wk inc flu hosp,0,55,quantile,0.99,747,2027-02-13
2027-02-13,wk inc flu hosp,0,56,quantile,0.01,20,2027-02-13
2027-02-13,wk inc flu hosp,0,56,quantile,0.025,22,2027-02-13
2027-02-13,wk inc flu hosp,0,56,quantile,0.05,24,2027-02-13
2027-02-13,wk inc flu hosp,0,56,quantile,0.1,26,2027-02-13
2027-02-13,wk inc flu hosp,0,56,quantile,0.15,28,2027-02-13
2027-02-13,wk inc flu hosp,0,56,quantile,0.2,30,2027-02-13
2027-02-13,wk inc flu hosp,0,56,quantile,0.25,32,2027-02-13
2027-02-13,wk inc flu hosp,0,56,quantile,0.3,34,2027-02-13
2027-02-13,wk inc flu hosp,0,56,quantile,0.35,35,2027-02-13
2027-02-13,wk inc flu hosp,0,56,quantile,0.4,37,2027-02-13
2027-02-13,wk inc flu hosp,0,56,quantile,0.45,37,2027-02-13
2027-02-13,wk inc flu hosp,0,56,quantile,0.5,40,2027-02-13
2027-02-13,wk inc flu hosp,0,56,quantile,0.55,42,2027-02-13
2027-02-13,wk inc flu hosp,0,56,quantile,0.6,44,2027-02-13
2027-02-13,wk inc flu hosp,0,56,quantile,0.65,45,2027-02-13
2027-02-13,wk inc flu hosp,0,56,quantile,0.7,46,2027-02-13
2027-02-13,wk inc flu hosp,0,56,quantile,0.75,48,2027-02-13
2027-02-13,wk inc flu hosp,0,56,quantile,0.8,49,2027-02-13
2027-02-13,wk inc flu hosp,0,56,quantile,0.85,52,2027-02-13
2027-02-13,wk inc flu hosp,0,56,quantile,0.9,54,2027-02-13
2027-02-13,wk inc flu hosp,0,56,quantile,0.95,58,2027-02-13
2027-02-13,wk inc flu hosp,0,56,quantile,0.975,59,2027-02-13
2027-02-13,wk inc flu hosp,0,56,quantile,0.99,63,2027-02-13
2027-02-13,wk inc flu hosp,0,72,quantile,0.01,145,2027-02-13
2027-02-13,wk inc flu hosp,0,72,quantile,0.025,149,2027-02-13
2027-02-13,wk inc flu hosp,0,72,quantile,0.05,176,2027-02-13
2027-02-13,wk inc flu hosp,0,72,quantile,0.1,191,2027-02-13
2027-02-13,wk inc flu hosp,0,72,quantile,0.15,199,2027-02-13
2027-02-13,wk inc flu hosp,0,72,quantile,0.2,207,2027-02-13
2027-02-13,wk inc flu hosp,0,72,quantile,0.25,213,2027-02-13
2027-02-13,wk inc flu hosp,0,72,quantile,0.3,218,2027-02-13
2027-02-13,wk inc flu hosp,0,72,quantile,0.35,222,2027-02-13
2027-02-13,wk inc flu hosp,0,72,quantile,0.4,226,2027-02-13
2027-02-13,wk inc flu hosp,0,72,quantile,0.45,233,2027-02-13
2027-02-13,wk inc flu hosp,0,72,quantile,0.5,238,2027-02-13
2027-02-13,wk inc flu hosp,0,72,quantile,0.55,244,2027-02-13
2027-02-13,wk inc flu hosp,0,72,quantile,0.6,251,2027-02-13
2027-02-13,wk inc flu hosp,0,72,quantile,0.65,265,2027-02-13
2027-02-13,wk inc flu hosp,0,72,quantile,0.7,271,2027-02-13
2027-02-13,wk inc flu hosp,0,72,quantile,0.75,284,2027-02-13
2027-02-13,wk inc flu hosp,0,72,quantile,0.8,289,2027-02-13
2027-02-13,wk inc flu hosp,0,72,quantile,0.85,302,2027-02-13
2027-02-13,wk inc flu hosp,0,72,quantile,0.9,314,2027-02-13
2027-02-13,wk inc flu hosp,0,72,quantile,0.95,346,2027-02-13
2027-02-13,wk inc flu hosp,0,72,quantile,0.975,359,2027-02-13
2027-02-13,wk inc flu hosp,0,72,quantile,0.99,372,2027-02-13
2027-02-13,wk inc flu hosp,0,USA,quantile,0.01,23851,2027-02-13
2027-02-13,wk inc flu hosp,0,USA,quantile,0.025,23979,2027-02-13
2027-02-13,wk inc flu hosp,0,USA,quantile,0.05,24186,2027-02-13
2027-02-13,wk inc flu hosp,0,USA,quantile,0.1,24440,2027-02-13
2027-02-13,wk inc flu hosp,0,USA,quantile,0.15,24525,2027-02-13
2027-02-13,wk inc flu hosp,0,USA,quantile,0.2,24676,2027-02-13
2027-02-13,wk inc flu hosp,0,USA,quantile,0.25,24900,2027-02-13
2027-02-13,wk inc flu hosp,0,USA,quantile,0.3,25106,2027-02-13
2027-02-13,wk inc flu hosp,0,USA,quantile,0.35,25200,2027-02-13
2027-02-13,wk inc flu hosp,0,USA,quantile,0.4,25313,2027-02-13
2027-02-13,wk inc flu hosp,0,USA,quantile,0.45,25413,2027-02-13
2027-02-13,wk inc flu hosp,0,USA,quantile,0.5,25524,2027-02-13
2027-02-13,wk inc flu hosp,0,USA,quantile,0.55,25581,2027-02-13
2027-02-13,wk inc flu hosp,0,USA,quantile,0.6,25692,2027-02-13
2027-02-13,wk inc flu hosp,0,USA,quantile,0.65,25812,2027-02-13
2027-02-13,wk inc flu hosp,0,USA,quantile,0.7,25936,2027-02-13
2027-02-13,wk inc flu hosp,0,USA,quantile,0.75,26111,2027-02-13
2027-02-13,wk inc flu hosp,0,USA,quantile,0.8,26313,2027-02-13
2027-02-13,wk inc flu hosp,0,USA,quantile,0.85,26397,2027-02-13
2027-02-13,wk inc flu hosp,0,USA,quantile,0.9,26605,2027-02-13
2027-02-13,wk inc flu hosp,0,USA,quantile,0.95,27159,2027-02-13
2027-02-13,wk inc flu hosp,0,USA,quantile,0.975,27886,2027-02-13
2027-02-13,wk inc flu hosp,0,USA,quantile,0.99,28952,2027-02-13
2027-02-13,wk inc flu hosp,1,01,quantile,0.01,189,2027-02-20
2027-02-13,wk inc flu hosp,1,01,quantile,0.025,196,2027-02-20
2027-02-13,wk inc flu hosp,1,01,quantile,0.05,206,2027-02-20
2027-02-13,wk inc flu hosp,1,01,quantile,0.1,221,2027-02-20
2027-02-13,wk inc flu hosp,1,01,quantile,0.15,235,2027-02-20
2027-02-13,wk inc flu hosp,1,01,quantile,0.2,247,2027-02-20
2027-02-13,wk inc flu hosp,1,01,quantile,0.25,262,2027-02-20
2027-02-13,wk inc flu hosp,1,01,quantile,0.3,269,2027-02-20
2027-02-13,wk inc flu hosp,1,01,quantile,0.35,272,2027-02-20
2027-02-13,wk inc flu hosp,1,01,quantile,0.4,281,2027-02-20
2027-02-13,wk inc flu hosp,1,01,quantile,0.45,286,2027-02-20
2027-02-13,wk inc flu hosp,1,01,quantile,0.5,289,2027-02-20
2027-02-13,wk inc flu hosp,1,01,quantile,0.55,297,2027-02-20
2027-02-13,wk inc flu hosp,1,01,quantile,0.6,307,2027-02-20
2027-02-13,wk inc flu hosp,1,01,quantile,0.65,314,2027-02-20
2027-02-13,wk inc flu hosp,1,01,quantile,0.7,325,2027-02-20
2027-02-13,wk inc flu hosp,1,01,quantile,0.75,330,2027-02-20
2027-02-13,wk inc flu hosp,1,01,quantile,0.8,354,2027-02-20
2027-02-13,wk inc flu hosp,1,01,quantile,0.85,362,2027-02-20
2027-02-13,wk inc flu hosp,1,01,quantile,0.9,387,2027-02-20
2027-02-13,wk inc flu hosp,1,01,quantile,0.95,412,2027-02-20
2027-02-13,wk inc flu hosp,1,01,quantile,0.975,432,2027-02-20
2027-02-13,wk inc flu hosp,1,01,quantile,0.99,445,2027-02-20
2027-02-13,wk inc flu hosp,1,02,quantile,0.01,9,2027-02-20
2027-02-13,wk inc flu hosp,1,02,quantile,0.025,10,2027-02-20
2027-02-13,wk inc flu hosp,1,02,quantile,0.05,12,2027-02-20
2027-02-13,wk inc flu hosp,1,02,quantile,0.1,15,2027-02-20
2027-02-13,wk inc flu hosp,1,02,quantile,0.15,17,2027-02-20
2027-02-13,wk inc flu hosp,1,02,quantile,0.2,19,2027-02-20
2027-02-13,wk inc flu hosp,1,02,quantile,0.25,20,2027-02-20
2027-02-13,wk inc flu hosp,1,02,quantile,0.3,22,2027-02-20
2027-02-13,wk inc flu hosp,1,02,quantile,0.35,23,2027-02-20
2027-02-13,wk inc flu hosp,1,02,quantile,0.4,25,2027-02-20
2027-02-13,wk inc flu hosp,1,02,quantile,0.45,26,2027-02-20
2027-02-13,wk inc flu hosp,1,02,quantile,0.5,27,2027-02-20
2027-02-13,wk inc flu hosp,1,02,quantile,0.55,27,2027-02-20
2027-02-13,wk inc flu hosp,1,02,quantile,0.6,29,2027-02-20
2027-02-13,wk inc flu hosp,1,02,quantile,0.65,32,2027-02-20
2027-02-13,wk inc flu hosp,1,02,quantile,0.7,32,2027-02-20
2027-02-13,wk inc flu hosp,1,02,quantile,0.75,34,2027-02-20
2027-02-13,wk inc flu hosp,1,02,quantile,0.8,37,2027-02-20
2027-02-13,wk inc flu hosp,1,02,quantile,0.85,39,2027-02-20
2027-02-13,wk inc flu hosp,1,02,quantile,0.9,43,2027-02-20
2027-02-13,wk inc flu hosp,1,02,quantile,0.95,51,2027-02-20
2027-02-13,wk inc flu hosp,1,02,quantile,0.975,55,2027-02-20
2027-02-13,wk inc flu hosp,1,02,quantile,0.99,61,2027-02-20
2027-02-13,wk inc flu hosp,1,04,quantile,0.01,261,2027-02-20
2027-02-13,wk inc flu hosp,1,04,quantile,0.025,264,2027-02-20
2027-02-13,wk inc flu hosp,1,04,quantile,0.05,270,2027-02-20
2027-02-13,wk inc flu hosp,1,04,quantile,0.1,302,2027-02-20
2027-02-13,wk inc flu hosp,1,04,quantile,0.15,323,2027-02-20
2027-02-13,wk inc flu hosp,1,04,quantile,0.2,343,2027-02-20
2027-02-13,wk inc flu hosp,1,04,quantile,0.25,362,2027-02-20
2027-02-13,wk inc flu hosp,1,04,quantile,0.3,372,2027-02-20
2027-02-13,wk inc flu hosp,1,04,quantile,0.35,379,2027-02-20
2027-02-13,wk inc flu hosp,1,04,quantile,0.4,388,2027-02-20
2027-02-13,wk inc flu hosp,1,04,quantile,0.45,394,2027-02-20
2027-02-13,wk inc flu hosp,1,04,quantile,0.5,406,2027-02-20
2027-02-13,wk inc flu hosp,1,04,quantile,0.55,415,2027-02-20
2027-02-13,wk inc flu hosp,1,04,quantile,0.6,424,2027-02-20
2027-02-13,wk inc flu hosp,1,04,quantile,0.65,441,2027-02-20
2027-02-13,wk inc flu hosp,1,04,quantile,0.7,452,2027-02-20
2027-02-13,wk inc flu hosp,1,04,quantile,0.75,470,2027-02-20
2027-02-13,wk inc flu hosp,1,04,quantile,0.8,493,2027-02-20
2027-02-13,wk inc flu hosp,1,04,quantile,0.85,519,2027-02-20
2027-02-13,wk inc flu hosp,1,04,quantile,0.9,547,2027-02-20
2027-02-13,wk inc flu hosp,1,04,quantile,0.95,571,2027-02-20
2027-02-13,wk inc flu hosp,1,04,quantile,0.975,632,2027-02-20
2027-02-13,wk inc flu hosp,1,04,quantile,0.99,671,2027-02-20
2027-02-13,wk inc flu hosp,1,05,quantile,0.01,231,2027-02-20
2027-02-13,wk inc flu hosp,1,05,quantile,0.025,240,2027-02-20
2027-02-13,wk inc flu hosp,1,05,quantile,0.05,253,2027-02-20
2027-02-13,wk inc flu hosp,1,05,quantile,0.1,266,2027-02-20
2027-02-13,wk inc flu hosp,1,05,quantile,0.15,275,2027-02-20
2027-02-13,wk inc flu hosp,1,05,quantile,0.2,283,2027-02-20
2027-02-13,wk inc flu hosp,1,05,quantile,0.25,293,2027-02-20
2027-02-13,wk inc flu hosp,1,05,quantile,0.3,298,2027-02-20
2027-02-13,wk inc flu hosp,1,05,quantile,0.35,303,2027-02-20
2027-02-13,wk inc flu hosp,1,05,quantile,0.4,313,2027-02-20
2027-02-13,wk inc flu hosp,1,05,quantile,0.45,320,2027-02-20
2027-02-13,wk inc flu hosp,1,05,quantile,0.5,327,2027-02-20
2027-02-13,wk inc flu hosp,1,05,quantile,0.55,332,2027-02-20
2027-02-13,wk inc flu hosp,1,05,quantile,0.6,340,2027-02-20
2027-02-13,wk inc flu hosp,1,05,quantile,0.65,347,2027-02-20
2027-02-13,wk inc flu hosp,1,05,quantile,0.7,355,2027-02-20
2027-02-13,wk inc flu hosp,1,05,quantile,0.75,367,2027-02-20
2027-02-13,wk inc flu hosp,1,05,quantile,0.8,380,2027-02-20
2027-02-13,wk inc flu hosp,1,05,quantile,0.85,394,2027-02-20
2027-02-13,wk inc flu hosp,1,05,quantile,0.9,418,2027-02-20
2027-02-13,wk inc flu hosp,1,05,quantile,0.95,445,2027-02-20
2027-02-13,wk inc flu hosp,1,05,quantile,0.975,470,2027-02-20
2027-02-13,wk inc flu hosp,1,05,quantile,0.99,498,2027-02-20
2027-02-13,wk inc flu hosp,1,06,quantile,0.01,850,2027-02-20
2027-02-13,wk inc flu hosp,1,06,quantile,0.025,884,2027-02-20
2027-02-13,wk inc flu hosp,1,06,quantile,0.05,951,2027-02-20
2027-02-13,wk inc flu hosp,1,06,quantile,0.1,990,2027-02-20
2027-02-13,wk inc flu hosp,1,06,quantile,0.15,1014,2027-02-20
2027-02-13,wk inc flu hosp,1,06,quantile,0.2,1037,2027-02-20
2027-02-13,wk inc flu hosp,1,06,quantile,0.25,1072,2027-02-20
2027-02-13,wk inc flu hosp,1,06,quantile,0.3,1119,2027-02-20
2027-02-13,wk inc flu hosp,1,06,quantile,0.35,1132,2027-02-20
2027-02-13,wk inc flu hosp,1,06,quantile,0.4,1168,2027-02-20
2027-02-13,wk inc flu hosp,1,06,quantile,0.45,1195,2027-02-20
2027-02-13,wk inc flu hosp,1,06,quantile,0.5,1228,2027-02-20
2027-02-13,wk inc flu hosp,1,06,quantile,0.55,1250,2027-02-20
2027-02-13,wk inc flu hosp,1,06,quantile,0.6,1285,2027-02-20
2027-02-13,wk inc flu hosp,1,06,quantile,0.65,1307,2027-02-20
2027-02-13,wk inc flu hosp,1,06,quantile,0.7,1351,2027-02-20
2027-02-13,wk inc flu hosp,1,06,quantile,0.75,1379,2027-02-20
2027-02-13,wk inc flu hosp,1,06,quantile,0.8,1445,2027-02-20
2027-02-13,wk inc flu hosp,1,06,quantile,0.85,1509,2027-02-20
2027-02-13,wk inc flu hosp,1,06,quantile,0.9,1557,2027-02-20
2027-02-13,wk inc flu hosp,1,06,quantile,0.95,1639,2027-02-20
2027-02-13,wk inc flu hosp,1,06,quantile,0.975,1707,2027-02-20
2027-02-13,wk inc flu hosp,1,06,quantile,0.99,1826,2027-02-20
2027-02-13,wk inc flu hosp,1,08,quantile,0.01,169,2027-02-20
2027-02-13,wk inc flu hosp,1,08,quantile,0.025,208,2027-02-20
2027-02-13,wk inc flu hosp,1,08,quantile,0.05,211,2027-02-20
2027-02-13,wk inc flu hosp,1,08,quantile,0.1,224,2027-02-20
2027-02-13,wk inc flu hosp,1,08,quantile,0.15,234,2027-02-20
2027-02-13,wk inc flu hosp,1,08,quantile,0.2,245,2027-02-20
2027-02-13,wk inc flu hosp,1,08,quantile,0.25,256,2027-02-20
2027-02-13,wk inc flu hosp,1,08,quantile,0.3,269,2027-02-20
2027-02-13,wk inc flu hosp,1,08,quantile,0.35,276,2027-02-20
2027-02-13,wk inc flu hosp,1,08,quantile,0.4,287,2027-02-20
2027-02-13,wk inc flu hosp,1,08,quantile,0.45,296,2027-02-20
2027-02-13,wk inc flu hosp,1,08,quantile,0.5,302,2027-02-20
2027-02-13,wk inc flu hosp,1,08,quantile,0.55,309,2027-02-20
2027-02-13,wk inc flu hosp,1,08,quantile,0.6,315,2027-02-20
2027-02-13,wk inc flu hosp,1,08,quantile,0.65,320,2027-02-20
2027-02-13,wk inc flu hosp,1,08,quantile,0.7,326,2027-02-20
2027-02-13,wk inc flu hosp,1,08,quantile,0.75,333,2027-02-20
2027-02-13,wk inc flu hosp,1,08,quantile,0.8,348,2027-02-20
2027-02-13,wk inc flu hosp,1,08,quantile,0.85,357,2027-02-20
2027-02-13,wk inc flu hosp,1,08,quantile,0.9,369,2027-02-20
2027-02-13,wk inc flu hosp,1,08,quantile,0.95,406,2027-02-20
2027-02-13,wk inc flu hosp,1,08,quantile,0.975,416,2027-02-20
2027-02-13,wk inc flu hosp,1,08,quantile,0.99,422,2027-02-20
2027-02-13,wk inc flu hosp,1,09,quantile,0.01,126,2027-02-20
2027-02-13,wk inc flu hosp,1,09,quantile,0.025,134,2027-02-20
2027-02-13,wk inc flu hosp,1,09,quantile,0.05,148,2027-02-20
2027-02-13,wk inc flu hosp,1,09,quantile,0.1,167,2027-02-20
2027-02-13,wk inc flu hosp,1,09,quantile,0.15,190,2027-02-20
2027-02-13,wk inc flu hosp,1,09,quantile,0.2,199,2027-02-20
2027-02-13,wk inc flu hosp,1,09,quantile,0.25,208,2027-02-20
2027-02-13,wk inc flu hosp,1,09,quantile,0.3,215,2027-02-20
2027-02-13,wk inc flu hosp,1,09,quantile,0.35,223,2027-02-20
2027-02-13,wk inc flu hosp,1,09,quantile,0.4,227,2027-02-20
2027-02-13,wk inc flu hosp,1,09,quantile,0.45,233,2027-02-20
2027-02-13,wk inc flu hosp,1,09,quantile,0.5,244,2027-02-20
2027-02-13,wk inc flu hosp,1,09,quantile,0.55,249,2027-02-20
2027-02-13,wk inc flu hosp,1,09,quantile,0.6,256,2027-02-20
2027-02-13,wk inc flu hosp,1,09,quantile,0.65,267,2027-02-20
2027-02-13,wk inc flu hosp,1,09,quantile,0.7,278,2027-02-20
2027-02-13,wk inc flu hosp,1,09,quantile,0.75,292,2027-02-20
2027-02-13,wk inc flu hosp,1,09,quantile,0.8,307,2027-02-20
2027-02-13,wk inc flu hosp,1,09,quantile,0.85,321,2027-02-20
2027-02-13,wk inc flu hosp,1,09,quantile,0.9,329,2027-02-20
2027-02-13,wk inc flu hosp,1,09,quantile,0.95,373,2027-02-20
2027-02-13,wk inc flu hosp,1,09,quantile,0.975,405,2027-02-20
2027-02-13,wk inc flu hosp,1,09,quantile,0.99,436,2027-02-20
2027-02-13,wk inc flu hosp,1,10,quantile,0.01,59,2027-02-20
2027-02-13,wk inc flu hosp,1,10,quantile,0.025,67,2027-02-20
2027-02-13,wk inc flu hosp,1,10,quantile,0.05,68,2027-02-20
2027-02-13,wk inc flu hosp,1,10,quantile,0.1,78,2027-02-20
2027-02-13,wk inc flu hosp,1,10,quantile,0.15,86,2027-02-20
2027-02-13,wk inc flu hosp,1,10,quantile,0.2,92,2027-02-20
2027-02-13,wk inc flu hosp,1,10,quantile,0.25,94,2027-02-20
2027-02-13,wk inc flu hosp,1,10,quantile,0.3,100,2027-02-20
2027-02-13,wk inc flu hosp,1,10,quantile,0.35,102,2027-02-20
2027-02-13,wk inc flu hosp,1,10,quantile,0.4,105,2027-02-20
2027-02-13,wk inc flu hosp,1,10,quantile,0.45,107,2027-02-20
2027-02-13,wk inc flu hosp,1,10,quantile,0.5,112,2027-02-20
2027-02-13,wk inc flu hosp,1,10,quantile,0.55,115,2027-02-20
2027-02-13,wk inc flu hosp,1,10,quantile,0.6,117,2027-02-20
2027-02-13,wk inc flu hosp,1,10,quantile,0.65,121,2027-02-20
2027-02-13,wk inc flu hosp,1,10,quantile,0.7,124,2027-02-20
2027-02-13,wk inc flu hosp,1,10,quantile,0.75,130,2027-02-20
2027-02-13,wk inc flu hosp,1,10,quantile,0.8,133,2027-02-20
2027-02-13,wk inc flu hosp,1,10,quantile,0.85,140,2027-02-20
2027-02-13,wk inc flu hosp,1,10,quantile,0.9,148,2027-02-20
2027-02-13,wk inc flu hosp,1,10,quantile,0.95,153,2027-02-20
2027-02-13,wk inc flu hosp,1,10,quantile,0.975,162,2027-02-20
2027-02-13,wk inc flu hosp,1,10,quantile,0.99,167,2027-02-20
2027-02-13,wk inc flu hosp,1,11,quantile,0.01,8,2027-02-20
2027-02-13,wk inc flu hosp,1,11,quantile,0.025,10,2027-02-20
2027-02-13,wk inc flu hosp,1,11,quantile,0.05,11,2027-02-20
2027-02-13,wk inc flu hosp,1,11,quantile,0.1,12,2027-02-20
2027-02-13,wk inc flu hosp,1,11,quantile,0.15,14,2027-02-20
2027-02-13,wk inc flu hosp,1,11,quantile,0.2,16,2027-02-20
2027-02-13,wk inc flu hosp,1,11,quantile,0.25,17,2027-02-20
2027-02-13,wk inc flu hosp,1,11,quantile,0.3,18,2027-02-20
2027-02-13,wk inc flu hosp,1,11,quantile,0.35,19,2027-02-20
2027-02-13,wk inc flu hosp,1,11,quantile,0.4,21,2027-02-20
2027-02-13,wk inc flu hosp,1,11,quantile,0.45,23,2027-02-20
2027-02-13,wk inc flu hosp,1,11,quantile,0.5,25,2027-02-20
2027-02-13,wk inc flu hosp,1,11,quantile,0.55,25,2027-02-20
2027-02-13,wk inc flu hosp,1,11,quantile,0.6,27,2027-02-20
2027-02-13,wk inc flu hosp,1,11,quantile,0.65,28,2027-02-20
2027-02-13,wk inc flu hosp,1,11,quantile,0.7,29,2027-02-20
2027-02-13,wk inc flu hosp,1,11,quantile,0.75,30,2027-02-20
2027-02-13,wk inc flu hosp,1,11,quantile,0.8,32,2027-02-20
2027-02-13,wk inc flu hosp,1,11,quantile,0.85,34,2027-02-20
2027-02-13,wk inc flu hosp,1,11,quantile,0.9,39,2027-02-20
2027-02-13,wk inc flu hosp,1,11,quantile,0.95,45,2027-02-20
2027-02-13,wk inc flu hosp,1,11,quantile,0.975,47,2027-02-20
2027-02-13,wk inc flu hosp,1,11,quantile,0.99,56,2027-02-20
2027-02-13,wk inc flu hosp,1,12,quantile,0.01,1156,2027-02-20
2027-02-13,wk inc flu hosp,1,12,quantile,0.025,1255,2027-02-20
2027-02-13,wk inc flu hosp,1,12,quantile,0.05,1372,2027-02-20
2027-02-13,wk inc flu hosp,1,12,quantile,0.1,1494,2027-02-20
2027-02-13,wk inc flu hosp,1,12,quantile,0.15,1618,2027-02-20
2027-02-13,wk inc flu hosp,1,12,quantile,0.2,1692,2027-02-20
2027-02-13,wk inc flu hosp,1,12,quantile,0.25,1724,2027-02-20
2027-02-13,wk inc flu hosp,1,12,quantile,0.3,1778,2027-02-20
2027-02-13,wk inc flu hosp,1,12,quantile,0.35,1833,2027-02-20
2027-02-13,wk inc flu hosp,1,12,quantile,0.4,1885,2027-02-20
2027-02-13,wk inc flu hosp,1,12,quantile,0.45,1926,2027-02-20
2027-02-13,wk inc flu hosp,1,12,quantile,0.5,1956,2027-02-20
2027-02-13,wk inc flu hosp,1,12,quantile,0.55,1989,2027-02-20
2027-02-13,wk inc flu hosp,1,12,quantile,0.6,2048,2027-02-20
2027-02-13,wk inc flu hosp,1,12,quantile,0.65,2086,2027-02-20
2027-02-13,wk inc flu hosp,1,12,quantile,0.7,2201,2027-02-20
2027-02-13,wk inc flu hosp,1,12,quantile,0.75,2228,2027-02-20
2027-02-13,wk inc flu hosp,1,12,quantile,0.8,2282,2027-02-20
2027-02-13,wk inc flu hosp,1,12,quantile,0.85,2372,2027-02-20
2027-02-13,wk inc flu hosp,1,12,quantile,0.9,2438,2027-02-20
2027-02-13,wk inc flu hosp,1,12,quantile,0.95,2713,2027-02-20
2027-02-13,wk inc flu hosp,1,12,quantile,0.975,3069,2027-02-20
2027-02-13,wk inc flu hosp,1,12,quantile,0.99,3219,2027-02-20
2027-02-13,wk inc flu hosp,1,13,quantile,0.01,249,2027-02-20
2027-02-13,wk inc flu hosp,1,13,quantile,0.025,268,2027-02-20
2027-02-13,wk inc flu hosp,1,13,quantile,0.05,288,2027-02-20
2027-02-13,wk inc flu hosp,1,13,quantile,0.1,308,2027-02-20
2027-02-13,wk inc flu hosp,1,13,quantile,0.15,319,2027-02-20
2027-02-13,wk inc flu hosp,1,13,quantile,0.2,337,2027-02-20
2027-02-13,wk inc flu hosp,1,13,quantile,0.25,348,2027-02-20
2027-02-13,wk inc flu hosp,1,13,quantile,0.3,356,2027-02-20
2027-02-13,wk inc flu hosp,1,13,quantile,0.35,373,2027-02-20
2027-02-13,wk inc flu hosp,1,13,quantile,0.4,384,2027-02-20
2027-02-13,wk inc flu hosp,1,13,quantile,0.45,400,2027-02-20
2027-02-13,wk inc flu hosp,1,13,quantile,0.5,412,2027-02-20
2027-02-13,wk inc flu hosp,1,13,quantile,0.55,424,2027-02-20
2027-02-13,wk inc flu hosp,1,13,quantile,0.6,440,2027-02-20
2027-02-13,wk inc flu hosp,1,13,quantile,0.65,448,2027-02-20
2027-02-13,wk inc flu hosp,1,13,quantile,0.7,458,2027-02-20
2027-02-13,wk inc flu hosp,1,13,quantile,0.75,472,2027-02-20
2027-02-13,wk inc flu hosp,1,13,quantile,0.8,498,2027-02-20
2027-02-13,wk inc flu hosp,1,13,quantile,0.85,509,2027-02-20
2027-02-13,wk inc flu hosp,1,13,quantile,0.9,550,2027-02-20
2027-02-13,wk inc flu hosp,1,13,quantile,0.95,604,2027-02-20
2027-02-13,wk inc flu hosp,1,13,quantile,0.975,655,2027-02-20
2027-02-13,wk inc flu hosp,1,13,quantile,0.99,678,2027-02-20
2027-02-13,wk inc flu hosp,1,15,quantile,0.01,15,2027-02-20
2027-02-13,wk inc flu hosp,1,15,quantile,0.025,16,2027-02-20
2027-02-13,wk inc flu hosp,1,15,quantile,0.05,20,2027-02-20
2027-02-13,wk inc flu hosp,1,15,quantile,0.1,23,2027-02-20
2027-02-13,wk inc flu hosp,1,15,quantile,0.15,24,2027-02-20
2027-02-13,wk inc flu hosp,1,15,quantile,0.2,26,2027-02-20
2027-02-13,wk inc flu hosp,1,15,quantile,0.25,26,2027-02-20
2027-02-13,wk inc flu hosp,1,15,quantile,0.3,27,2027-02-20
2027-02-13,wk inc flu hosp,1,15,quantile,0.35,28,2027-02-20
2027-02-13,wk inc flu hosp,1,15,quantile,0.4,30,2027-02-20
2027-02-13,wk inc flu hosp,1,15,quantile,0.45,32,2027-02-20
2027-02-13,wk inc flu hosp,1,15,quantile,0.5,32,2027-02-20
2027-02-13,wk inc flu hosp,1,15,quantile,0.55,34,2027-02-20
2027-02-13,wk inc flu hosp,1,15,quantile,0.6,35,2027-02-20
2027-02-13,wk inc flu hosp,1,15,quantile,0.65,36,2027-02-20
2027-02-13,wk inc flu hosp,1,15,quantile,0.7,38,2027-02-20
2027-02-13,wk inc flu hosp,1,15,quantile,0.75,39,2027-02-20
2027-02-13,wk inc flu hosp,1,15,quantile,0.8,42,2027-02-20
2027-02-13,wk inc flu hosp,1,15,quantile,0.85,43,2027-02-20
2027-02-13,wk inc flu hosp,1,15,quantile,0.9,45,2027-02-20
2027-02-13,wk inc flu hosp,1,15,quantile,0.95,49,2027-02-20
2027-02-13,wk inc flu hosp,1,15,quantile,0.975,56,2027-02-20
2027-02-13,wk inc flu hosp,1,15,quantile,0.99,61,2027-02-20
2027-02-13,wk inc flu hosp,1,16,quantile,0.01,79,2027-02-20
2027-02-13,wk inc flu hosp,1,16,quantile,0.025,85,2027-02-20
2027-02-13,wk inc flu hosp,1,16,quantile,0.05,95,2027-02-20
2027-02-13,wk inc flu hosp,1,16,quantile,0.1,98,2027-02-20
2027-02-13,wk inc flu hosp,1,16,quantile,0.15,102,2027-02-20
2027-02-13,wk inc flu hosp,1,16,quantile,0.2,108,2027-02-20
2027-02-13,wk inc flu hosp,1,16,quantile,0.25,110,2027-02-20
2027-02-13,wk inc flu hosp,1,16,quantile,0.3,115,2027-02-20
2027-02-13,wk inc flu hosp,1,16,quantile,0.35,120,2027-02-20
2027-02-13,wk inc flu hosp,1,16,quantile,0.4,123,2027-02-20
2027-02-13,wk inc flu hosp,1,16,quantile,0.45,128,2027-02-20
2027-02-13,wk inc flu hosp,1,16,quantile,0.5,134,2027-02-20
2027-02-13,wk inc flu hosp,1,16,quantile,0.55,136,2027-02-20
2027-02-13,wk inc flu hosp,1,16,quantile,0.6,139,2027-02-20
2027-02-13,wk inc flu hosp,1,16,quantile,0.65,144,2027-02-20
2027-02-13,wk inc flu hosp,1,16,quantile,0.7,147,2027-02-20
2027-02-13,wk inc flu hosp,1,16,quantile,0.75,153,2027-02-20
2027-02-13,wk inc flu hosp,1,16,quantile,0.8,155,2027-02-20
2027-02-13,wk inc flu hosp,1,16,quantile,0.85,165,2027-02-20
2027-02-13,wk inc flu hosp,1,16,quantile,0.9,172,2027-02-20
2027-02-13,wk inc flu hosp,1,16,quantile,0.95,187,2027-02-20
2027-02-13,wk inc flu hosp,1,16,quantile,0.975,200,2027-02-20
2027-02-13,wk inc flu hosp,1,16,quantile,0.99,206,2027-02-20
2027-02-13,wk inc flu hosp,1,17,quantile,0.01,643,2027-02-20
2027-02-13,wk inc flu hosp,1,17,quantile,0.025,671,2027-02-20
2027-02-13,wk inc flu hosp,1,17,quantile,0.05,746,2027-02-20
2027-02-13,wk inc flu hosp,1,17,quantile,0.1,783,2027-02-20
2027-02-13,wk inc flu hosp,1,17,quantile,0.15,829,2027-02-20
2027-02-13,wk inc flu hosp,1,17,quantile,0.2,846,2027-02-20
2027-02-13,wk inc flu hosp,1,17,quantile,0.25,872,2027-02-20
2027-02-13,wk inc flu hosp,1,17,quantile,0.3,922,2027-02-20
2027-02-13,wk inc flu hosp,1,17,quantile,0.35,947,2027-02-20
2027-02-13,wk inc flu hosp,1,17,quantile,0.4,972,2027-02-20
2027-02-13,wk inc flu hosp,1,17,quantile,0.45,986,2027-02-20
2027-02-13,wk inc flu hosp,1,17,quantile,0.5,1011,2027-02-20
2027-02-13,wk inc flu hosp,1,17,quantile,0.55,1028,2027-02-20
2027-02-13,wk inc flu hosp,1,17,quantile,0.6,1054,2027-02-20
2027-02-13,wk inc flu hosp,1,17,quantile,0.65,1072,2027-02-20
2027-02-13,wk inc flu hosp,1,17,quantile,0.7,1098,2027-02-20
2027-02-13,wk inc flu hosp,1,17,quantile,0.75,1138,2027-02-20
2027-02-13,wk inc flu hosp,1,17,quantile,0.8,1171,2027-02-20
2027-02-13,wk inc flu hosp,1,17,quantile,0.85,1201,2027-02-20
2027-02-13,wk inc flu hosp,1,17,quantile,0.9,1257,2027-02-20
2027-02-13,wk inc flu hosp,1,17,quantile,0.95,1332,2027-02-20
2027-02-13,wk inc flu hosp,1,17,quantile,0.975,1379,2027-02-20
2027-02-13,wk inc flu hosp,1,17,quantile,0.99,1424,2027-02-20
2027-02-13,wk inc flu hosp,1,18,quantile,0.01,594,2027-02-20
2027-02-13,wk inc flu hosp,1,18,quantile,0.025,614,2027-02-20
2027-02-13,wk inc flu hosp,1,18,quantile,0.05,663,2027-02-20
2027-02-13,wk inc flu hosp,1,18,quantile,0.1,695,2027-02-20
2027-02-13,wk inc flu hosp,1,18,quantile,0.15,733,2027-02-20
2027-02-13,wk inc flu hosp,1,18,quantile,0.2,756,2027-02-20
2027-02-13,wk inc flu hosp,1,18,quantile,0.25,786,2027-02-20
2027-02-13,wk inc flu hosp,1,18,quantile,0.3,803,2027-02-20
2027-02-13,wk inc flu hosp,1,18,quantile,0.35,841,2027-02-20
2027-02-13,wk inc flu hosp,1,18,quantile,0.4,865,2027-02-20
2027-02-13,wk inc flu hosp,1,18,quantile,0.45,894,2027-02-20
2027-02-13,wk inc flu hosp,1,18,quantile,0.5,922,2027-02-20
2027-02-13,wk inc flu hosp,1,18,quantile,0.55,937,2027-02-20
2027-02-13,wk inc flu hosp,1,18,quantile,0.6,961,2027-02-20
2027-02-13,wk inc flu hosp,1,18,quantile,0.65,985,2027-02-20
2027-02-13,wk inc flu hosp,1,18,quantile,0.7,1027,2027-02-20
2027-02-13,wk inc flu hosp,1,18,quantile,0.75,1060,2027-02-20
2027-02-13,wk inc flu hosp,1,18,quantile,0.8,1090,2027-02-20
2027-02-13,wk inc flu hosp,1,18,quantile,0.85,1142,2027-02-20
2027-02-13,wk inc flu hosp,1,18,quantile,0.9,1199,2027-02-20
2027-02-13,wk inc flu hosp,1,18,quantile,0.95,1322,2027-02-20
2027-02-13,wk inc flu hosp,1,18,quantile,0.975,1350,2027-02-20
2027-02-13,wk inc flu hosp,1,18,quantile,0.99,1393,2027-02-20
2027-02-13,wk inc flu hosp,1,19,quantile,0.01,202,2027-02-20
2027-02-13,wk inc flu hosp,1,19,quantile,0.025,203,2027-02-20
2027-02-13,wk inc flu hosp,1,19,quantile,0.05,218,2027-02-20
2027-02-13,wk inc flu hosp,1,19,quantile,0.1,232,2027-02-20
2027-02-13,wk inc flu hosp,1,19,quantile,0.15,243,2027-02-20
2027-02-13,wk inc flu hosp,1,19,quantile,0.2,251,2027-02-20
2027-02-13,wk inc flu hosp,1,19,quantile,0.25,258,2027-02-20
2027-02-13,wk inc flu hosp,1,19,quantile,0.3,269,2027-02-20
2027-02-13,wk inc flu hosp,1,19,quantile,0.35,275,2027-02-20
2027-02-13,wk inc flu hosp,1,19,quantile,0.4,282,2027-02-20
2027-02-13,wk inc flu hosp,1,19,quantile,0.45,288,2027-02-20
2027-02-13,wk inc flu hosp,1,19,quantile,0.5,299,2027-02-20
2027-02-13,wk inc flu hosp,1,19,quantile,0.55,306,2027-02-20
2027-02-13,wk inc flu hosp,1,19,quantile,0.6,310,2027-02-20
2027-02-13,wk inc flu hosp,1,19,quantile,0.65,315,2027-02-20
2027-02-13,wk inc flu hosp,1,19,quantile,0.7,322,2027-02-20
2027-02-13,wk inc flu hosp,1,19,quantile,0.75,328,2027-02-20
2027-02-13,wk inc flu hosp,1,19,quantile,0.8,341,2027-02-20
2027-02-13,wk inc flu hosp,1,19,quantile,0.85,360,2027-02-20
2027-02-13,wk inc flu hosp,1,19,quantile,0.9,377,2027-02-20
2027-02-13,wk inc flu hosp,1,19,quantile,0.95,401,2027-02-20
2027-02-13,wk inc flu hosp,1,19,quantile,0.975,444,2027-02-20
2027-02-13,wk inc flu hosp,1,19,quantile,0.99,483,2027-02-20
2027-02-13,wk inc flu hosp,1,20,quantile,0.01,149,2027-02-20
2027-02-13,wk inc flu hosp,1,20,quantile,0.025,161,2027-02-20
2027-02-13,wk inc flu hosp,1,20,quantile,0.05,172,2027-02-20
2027-02-13,wk inc flu hosp,1,20,quantile,0.1,193,2027-02-20
2027-02-13,wk inc flu hosp,1,20,quantile,0.15,209,2027-02-20
2027-02-13,wk inc flu hosp,1,20,quantile,0.2,213,2027-02-20
2027-02-13,wk inc flu hosp,1,20,quantile,0.25,220,2027-02-20
2027-02-13,wk inc flu hosp,1,20,quantile,0.3,230,2027-02-20
2027-02-13,wk inc flu hosp,1,20,quantile,0.35,235,2027-02-20
2027-02-13,wk inc flu hosp,1,20,quantile,0.4,241,2027-02-20
2027-02-13,wk inc flu hosp,1,20,quantile,0.45,245,2027-02-20
2027-02-13,wk inc flu hosp,1,20,quantile,0.5,251,2027-02-20
2027-02-13,wk inc flu hosp,1,20,quantile,0.55,256,2027-02-20
2027-02-13,wk inc flu hosp,1,20,quantile,0.6,265,2027-02-20
2027-02-13,wk inc flu hosp,1,20,quantile,0.65,278,2027-02-20
2027-02-13,wk inc flu hosp,1,20,quantile,0.7,286,2027-02-20
2027-02-13,wk inc flu hosp,1,20,quantile,0.75,292,2027-02-20
2027-02-13,wk inc flu hosp,1,20,quantile,0.8,304,2027-02-20
2027-02-13,wk inc flu hosp,1,20,quantile,0.85,313,2027-02-20
2027-02-13,wk inc flu hosp,1,20,quantile,0.9,330,2027-02-20
2027-02-13,wk inc flu hosp,1,20,quantile,0.95,351,2027-02-20
2027-02-13,wk inc flu hosp,1,20,quantile,0.975,373,2027-02-20
2027-02-13,wk inc flu hosp,1,20,quantile,0.99,390,2027-02-20
2027-02-13,wk inc flu hosp,1,21,quantile,0.01,388,2027-02-20
2027-02-13,wk inc flu hosp,1,21,quantile,0.025,410,2027-02-20
2027-02-13,wk inc flu hosp,1,21,quantile,0.05,431,2027-02-20
2027-02-13,wk inc flu hosp,1,21,quantile,0.1,472,2027-02-20
2027-02-13,wk inc flu hosp,1,21,quantile,0.15,491,2027-02-20
2027-02-13,wk inc flu hosp,1,21,quantile,0.2,509,2027-02-20
2027-02-13,wk inc flu hosp,1,21,quantile,0.25,519,2027-02-20
2027-02-13,wk inc flu hosp,1,21,quantile,0.3,524,2027-02-20
2027-02-13,wk inc flu hosp,1,21,quantile,0.35,553,2027-02-20
2027-02-13,wk inc flu hosp,1,21,quantile,0.4,569,2027-02-20
2027-02-13,wk inc flu hosp,1,21,quantile,0.45,585,2027-02-20
2027-02-13,wk inc flu hosp,1,21,quantile,0.5,600,2027-02-20
2027-02-13,wk inc flu hosp,1,21,quantile,0.55,621,2027-02-20
2027-02-13,wk inc flu hosp,1,21,quantile,0.6,629,2027-02-20
2027-02-13,wk inc flu hosp,1,21,quantile,0.65,645,2027-02-20
2027-02-13,wk inc flu hosp,1,21,quantile,0.7,656,2027-02-20
2027-02-13,wk inc flu hosp,1,21,quantile,0.75,675,2027-02-20
2027-02-13,wk inc flu hosp,1,21,quantile,0.8,688,2027-02-20
2027-02-13,wk inc flu hosp,1,21,quantile,0.85,726,2027-02-20
2027-02-13,wk inc flu hosp,1,21,quantile,0.9,786,2027-02-20
2027-02-13,wk inc flu hosp,1,21,quantile,0.95,826,2027-02-20
2027-02-13,wk inc flu hosp,1,21,quantile,0.975,869,2027-02-20
2027-02-13,wk inc flu hosp,1,21,quantile,0.99,927,2027-02-20
2027-02-13,wk inc flu hosp,1,22,quantile,0.01,157,2027-02-20
2027-02-13,wk inc flu hosp,1,22,quantile,0.025,173,2027-02-20
2027-02-13,wk inc flu hosp,1,22,quantile,0.05,179,2027-02-20
2027-02-13,wk inc flu hosp,1,22,quantile,0.1,191,2027-02-20
2027-02-13,wk inc flu hosp,1,22,quantile,0.15,203,2027-02-20
2027-02-13,wk inc flu hosp,1,22,quantile,0.2,218,2027-02-20
2027-02-13,wk inc flu hosp,1,22,quantile,0.25,224,2027-02-20
2027-02-13,wk inc flu hosp,1,22,quantile,0.3,228,2027-02-20
2027-02-13,wk inc flu hosp,1,22,quantile,0.35,232,2027-02-20
2027-02-13,wk inc flu hosp,1,22,quantile,0.4,237,2027-02-20
2027-02-13,wk inc flu hosp,1,22,quantile,0.45,240,2027-02-20
2027-02-13,wk inc flu hosp,1,22,quantile,0.5,250,2027-02-20
2027-02-13,wk inc flu hosp,1,22,quantile,0.55,259,2027-02-20
2027-02-13,wk inc flu hosp,1,22,quantile,0.6,268,2027-02-20
2027-02-13,wk inc flu hosp,1,22,quantile,0.65,271,2027-02-20
2027-02-13,wk inc flu hosp,1,22,quantile,0.7,277,2027-02-20
2027-02-13,wk inc flu hosp,1,22,quantile,0.75,284,2027-02-20
2027-02-13,wk inc flu hosp,1,22,quantile,0.8,292,2027-02-20
2027-02-13,wk inc flu hosp,1,22,quantile,0.85,302,2027-02-20
2027-02-13,wk inc flu hosp,1,22,quantile,0.9,330,2027-02-20
2027-02-13,wk inc flu hosp,1,22,quantile,0.95,369,2027-02-20
2027-02-13,wk inc flu hosp,1,22,quantile,0.975,378,2027-02-20
2027-02-13,wk inc flu hosp,1,22,quantile,0.99,389,2027-02-20
2027-02-13,wk inc flu hosp,1,23,quantile,0.01,82,2027-02-20
2027-02-13,wk inc flu hosp,1,23,quantile,0.025,95,2027-02-20
2027-02-13,wk inc flu hosp,1,23,quantile,0.05,98,2027-02-20
2027-02-13,wk inc flu hosp,1,23,quantile,0.1,105,2027-02-20
2027-02-13,wk inc flu hosp,1,23,quantile,0.15,111,2027-02-20
2027-02-13,wk inc flu hosp,1,23,quantile,0.2,117,2027-02-20
2027-02-13,wk inc flu hosp,1,23,quantile,0.25,122,2027-02-20
2027-02-13,wk inc flu hosp,1,23,quantile,0.3,127,2027-02-20
2027-02-13,wk inc flu hosp,1,23,quantile,0.35,132,2027-02-20
2027-02-13,wk inc flu hosp,1,23,quantile,0.4,139,2027-02-20
2027-02-13,wk inc flu hosp,1,23,quantile,0.45,142,2027-02-20
2027-02-13,wk inc flu hosp,1,23,quantile,0.5,144,2027-02-20
2027-02-13,wk inc flu hosp,1,23,quantile,0.55,148,2027-02-20
2027-02-13,wk inc flu hosp,1,23,quantile,0.6,153,2027-02-20
2027-02-13,wk inc flu hosp,1,23,quantile,0.65,159,2027-02-20
2027-02-13,wk inc flu hosp,1,23,quantile,0.7,161,2027-02-20
2027-02-13,wk inc flu hosp,1,23,quantile,0.75,168,2027-02-20
2027-02-13,wk inc flu hosp,1,23,quantile,0.8,175,2027-02-20
2027-02-13,wk inc flu hosp,1,23,quantile,0.85,181,2027-02-20
2027-02-13,wk inc flu hosp,1,23,quantile,0.9,192,2027-02-20
2027-02-13,wk inc flu hosp,1,23,quantile,0.95,201,2027-02-20
2027-02-13,wk inc flu hosp,1,23,quantile,0.975,211,2027-02-20
2027-02-13,wk inc flu hosp,1,23,quantile,0.99,217,2027-02-20
2027-02-13,wk inc flu hosp,1,24,quantile,0.01,281,2027-02-20
2027-02-13,wk inc flu hosp,1,24,quantile,0.025,290,2027-02-20
2027-02-13,wk inc flu hosp,1,24,quantile,0.05,306,2027-02-20
2027-02-13,wk inc flu hosp,1,24,quantile,0.1,319,2027-02-20
2027-02-13,wk inc flu hosp,1,24,quantile,0.15,329,2027-02-20
2027-02-13,wk inc flu hosp,1,24,quantile,0.2,336,2027-02-20
2027-02-13,wk inc flu hosp,1,24,quantile,0.25,344,2027-02-20
2027-02-13,wk inc flu hosp,1,24,quantile,0.3,357,2027-02-20
2027-02-13,wk inc flu hosp,1,24,quantile,0.35,369,2027-02-20
2027-02-13,wk inc flu hosp,1,24,quantile,0.4,378,2027-02-20
2027-02-13,wk inc flu hosp,1,24,quantile,0.45,383,2027-02-20
2027-02-13,wk inc flu hosp,1,24,quantile,0.5,394,2027-02-20
2027-02-13,wk inc flu hosp,1,24,quantile,0.55,409,2027-02-20
2027-02-13,wk inc flu hosp,1,24,quantile,0.6,422,2027-02-20
2027-02-13,wk inc flu hosp,1,24,quantile,0.65,433,2027-02-20
2027-02-13,wk inc flu hosp,1,24,quantile,0.7,442,2027-02-20
2027-02-13,wk inc flu hosp,1,24,quantile,0.75,458,2027-02-20
2027-02-13,wk inc flu hosp,1,24,quantile,0.8,485,2027-02-20
2027-02-13,wk inc flu hosp,1,24,quantile,0.85,500,2027-02-20
2027-02-13,wk inc flu hosp,1,24,quantile,0.9,526,2027-02-20
2027-02-13,wk inc flu hosp,1,24,quantile,0.95,553,2027-02-20
2027-02-13,wk inc flu hosp,1,24,quantile,0.975,588,2027-02-20
2027-02-13,wk inc flu hosp,1,24,quantile,0.99,605,2027-02-20
2027-02-13,wk inc flu hosp,1,25,quantile,0.01,516,2027-02-20
2027-02-13,wk inc flu hosp,1,25,quantile,0.025,539,2027-02-20
2027-02-13,wk inc flu hosp,1,25,quantile,0.05,563,2027-02-20
2027-02-13,wk inc flu hosp,1,25,quantile,0.1,582,2027-02-20
2027-02-13,wk inc flu hosp,1,25,quantile,0.15,609,2027-02-20
2027-02-13,wk inc flu hosp,1,25,quantile,0.2,631,2027-02-20
2027-02-13,wk inc flu hosp,1,25,quantile,0.25,654,2027-02-20
2027-02-13,wk inc flu hosp,1,25,quantile,0.3,677,2027-02-20
2027-02-13,wk inc flu hosp,1,25,quantile,0.35,690,2027-02-20
2027-02-13,wk inc flu hosp,1,25,quantile,0.4,712,2027-02-20
2027-02-13,wk inc flu hosp,1,25,quantile,0.45,723,2027-02-20
2027-02-13,wk inc flu hosp,1,25,quantile,0.5,749,2027-02-20
2027-02-13,wk inc flu hosp,1,25,quantile,0.55,761,2027-02-20
2027-02-13,wk inc flu hosp,1,25,quantile,0.6,772,2027-02-20
2027-02-13,wk inc flu hosp,1,25,quantile,0.65,792,2027-02-20
2027-02-13,wk inc flu hosp,1,25,quantile,0.7,812,2027-02-20
2027-02-13,wk inc flu hosp,1,25,quantile,0.75,830,2027-02-20
2027-02-13,wk inc flu hosp,1,25,quantile,0.8,874,2027-02-20
2027-02-13,wk inc flu hosp,1,25,quantile,0.85,892,2027-02-20
2027-02-13,wk inc flu hosp,1,25,quantile,0.9,948,2027-02-20
2027-02-13,wk inc flu hosp,1,25,quantile,0.95,994,2027-02-20
2027-02-13,wk inc flu hosp,1,25,quantile,0.975,1058,2027-02-20
2027-02-13,wk inc flu hosp,1,25,quantile,0.99,1119,2027-02-20
2027-02-13,wk inc flu hosp,1,26,quantile,0.01,848,2027-02-20
2027-02-13,wk inc flu hosp,1,26,quantile,0.025,868,2027-02-20
2027-02-13,wk inc flu hosp,1,26,quantile,0.05,928,2027-02-20
2027-02-13,wk inc flu hosp,1,26,quantile,0.1,974,2027-02-20
2027-02-13,wk inc flu hosp,1,26,quantile,0.15,1043,2027-02-20
2027-02-13,wk inc flu hosp,1,26,quantile,0.2,1078,2027-02-20
2027-02-13,wk inc flu hosp,1,26,quantile,0.25,1098,2027-02-20
2027-02-13,wk inc flu hosp,1,26,quantile,0.3,1143,2027-02-20
2027-02-13,wk inc flu hosp,1,26,quantile,0.35,1159,2027-02-20
2027-02-13,wk inc flu hosp,1,26,quantile,0.4,1188,2027-02-20
2027-02-13,wk inc flu hosp,1,26,quantile,0.45,1206,2027-02-20
2027-02-13,wk inc flu hosp,1,26,quantile,0.5,1230,2027-02-20
2027-02-13,wk inc flu hosp,1,26,quantile,0.55,1248,2027-02-20
2027-02-13,wk inc flu hosp,1,26,quantile,0.6,1280,2027-02-20
2027-02-13,wk inc flu hosp,1,26,quantile,0.65,1324,2027-02-20
2027-02-13,wk inc flu hosp,1,26,quantile,0.7,1357,2027-02-20
2027-02-13,wk inc flu hosp,1,26,quantile,0.75,1386,2027-02-20
2027-02-13,wk inc flu hosp,1,26,quantile,0.8,1436,2027-02-20
2027-02-13,wk inc flu hosp,1,26,quantile,0.85,1477,2027-02-20
2027-02-13,wk inc flu hosp,1,26,quantile,0.9,1559,2027-02-20
2027-02-13,wk inc flu hosp,1,26,quantile,0.95,1659,2027-02-20
2027-02-13,wk inc flu hosp,1,26,quantile,0.975,1737,2027-02-20
2027-02-13,wk inc flu hosp,1,26,quantile,0.99,1840,2027-02-20
2027-02-13,wk inc flu hosp,1,27,quantile,0.01,184,2027-02-20
2027-02-13,wk inc flu hosp,1,27,quantile,0.025,191,2027-02-20
2027-02-13,wk inc flu hosp,1,27,quantile,0.05,207,2027-02-20
2027-02-13,wk inc flu hosp,1,27,quantile,0.1,218,2027-02-20
2027-02-13,wk inc flu hosp,1,27,quantile,0.15,235,2027-02-20
2027-02-13,wk inc flu hosp,1,27,quantile,0.2,254,2027-02-20
2027-02-13,wk inc flu hosp,1,27,quantile,0.25,264,2027-02-20
2027-02-13,wk inc flu hosp,1,27,quantile,0.3,276,2027-02-20
2027-02-13,wk inc flu hosp,1,27,quantile,0.35,281,2027-02-20
2027-02-13,wk inc flu hosp,1,27,quantile,0.4,290,2027-02-20
2027-02-13,wk inc flu hosp,1,27,quantile,0.45,298,2027-02-20
2027-02-13,wk inc flu hosp,1,27,quantile,0.5,304,2027-02-20
2027-02-13,wk inc flu hosp,1,27,quantile,0.55,316,2027-02-20
2027-02-13,wk inc flu hosp,1,27,quantile,0.6,327,2027-02-20
2027-02-13,wk inc flu hosp,1,27,quantile,0.65,334,2027-02-20
2027-02-13,wk inc flu hosp,1,27,quantile,0.7,349,2027-02-20
2027-02-13,wk inc flu hosp,1,27,quantile,0.75,364,2027-02-20
2027-02-13,wk inc flu hosp,1,27,quantile,0.8,383,2027-02-20
2027-02-13,wk inc flu hosp,1,27,quantile,0.85,400,2027-02-20
2027-02-13,wk inc flu hosp,1,27,quantile,0.9,416,2027-02-20
2027-02-13,wk inc flu hosp,1,27,quantile,0.95,461,2027-02-20
2027-02-13,wk inc flu hosp,1,27,quantile,0.975,496,2027-02-20
2027-02-13,wk inc flu hosp,1,27,quantile,0.99,613,2027-02-20
2027-02-13,wk inc flu hosp,1,28,quantile,0.01,99,2027-02-20
2027-02-13,wk inc flu hosp,1,28,quantile,0.025,102,2027-02-20
2027-02-13,wk inc flu hosp,1,28,quantile,0.05,104,2027-02-20
2027-02-13,wk inc flu hosp,1,28,quantile,0.1,111,2027-02-20
2027-02-13,wk inc flu hosp,1,28,quantile,0.15,121,2027-02-20
2027-02-13,wk inc flu hosp,1,28,quantile,0.2,125,2027-02-20
2027-02-13,wk inc flu hosp,1,28,quantile,0.25,129,2027-02-20
2027-02-13,wk inc flu hosp,1,28,quantile,0.3,134,2027-02-20
2027-02-13,wk inc flu hosp,1,28,quantile,0.35,139,2027-02-20
2027-02-13,wk inc flu hosp,1,28,quantile,0.4,142,2027-02-20
2027-02-13,wk inc flu hosp,1,28,quantile,0.45,146,2027-02-20
2027-02-13,wk inc flu hosp,1,28,quantile,0.5,150,2027-02-20
2027-02-13,wk inc flu hosp,1,28,quantile,0.55,155,2027-02-20
2027-02-13,wk inc flu hosp,1,28,quantile,0.6,159,2027-02-20
2027-02-13,wk inc flu hosp,1,28,quantile,0.65,165,2027-02-20
2027-02-13,wk inc flu hosp,1,28,quantile,0.7,173,2027-02-20
2027-02-13,wk inc flu hosp,1,28,quantile,0.75,177,2027-02-20
2027-02-13,wk inc flu hosp,1,28,quantile,0.8,184,2027-02-20
2027-02-13,wk inc flu hosp,1,28,quantile,0.85,192,2027-02-20
2027-02-13,wk inc flu hosp,1,28,quantile,0.9,216,2027-02-20
2027-02-13,wk inc flu hosp,1,28,quantile,0.95,236,2027-02-20
2027-02-13,wk inc flu hosp,1,28,quantile,0.975,250,2027-02-20
2027-02-13,wk inc flu hosp,1,28,quantile,0.99,269,2027-02-20
2027-02-13,wk inc flu hosp,1,29,quantile,0.01,596,2027-02-20
2027-02-13,wk inc flu hosp,1,29,quantile,0.025,643,2027-02-20
2027-02-13,wk inc flu hosp,1,29,quantile,0.05,657,2027-02-20
2027-02-13,wk inc flu hosp,1,29,quantile,0.1,725,2027-02-20
2027-02-13,wk inc flu hosp,1,29,quantile,0.15,748,2027-02-20
2027-02-13,wk inc flu hosp,1,29,quantile,0.2,773,2027-02-20
2027-02-13,wk inc flu hosp,1,29,quantile,0.25,799,2027-02-20
2027-02-13,wk inc flu hosp,1,29,quantile,0.3,810,2027-02-20
2027-02-13,wk inc flu hosp,1,29,quantile,0.35,833,2027-02-20
2027-02-13,wk inc flu hosp,1,29,quantile,0.4,858,2027-02-20
2027-02-13,wk inc flu hosp,1,29,quantile,0.45,877,2027-02-20
2027-02-13,wk inc flu hosp,1,29,quantile,0.5,896,2027-02-20
2027-02-13,wk inc flu hosp,1,29,quantile,0.55,909,2027-02-20
2027-02-13,wk inc flu hosp,1,29,quantile,0.6,919,2027-02-20
2027-02-13,wk inc flu hosp,1,29,quantile,0.65,934,2027-02-20
2027-02-13,wk inc flu hosp,1,29,quantile,0.7,950,2027-02-20
2027-02-13,wk inc flu hosp,1,29,quantile,0.75,976,2027-02-20
2027-02-13,wk inc flu hosp,1,29,quantile,0.8,991,2027-02-20
2027-02-13,wk inc flu hosp,1,29,quantile,0.85,1012,2027-02-20
2027-02-13,wk inc flu hosp,1,29,quantile,0.9,1053,2027-02-20
2027-02-13,wk inc flu hosp,1,29,quantile,0.95,1117,2027-02-20
2027-02-13,wk inc flu hosp,1,29,quantile,0.975,1215,2027-02-20
2027-02-13,wk inc flu hosp,1,29,quantile,0.99,1291,2027-02-20
2027-02-13,wk inc flu hosp,1,30,quantile,0.01,36,2027-02-20
2027-02-13,wk inc flu hosp,1,30,quantile,0.025,41,2027-02-20
2027-02-13,wk inc flu hosp,1,30,quantile,0.05,46,2027-02-20
2027-02-13,wk inc flu hosp,1,30,quantile,0.1,51,2027-02-20
2027-02-13,wk inc flu hosp,1,30,quantile,0.15,54,2027-02-20
2027-02-13,wk inc flu hosp,1,30,quantile,0.2,56,2027-02-20
2027-02-13,wk inc flu hosp,1,30,quantile,0.25,59,2027-02-20
2027-02-13,wk inc flu hosp,1,30,quantile,0.3,61,2027-02-20
2027-02-13,wk inc flu hosp,1,30,quantile,0.35,62,2027-02-20
2027-02-13,wk inc flu hosp,1,30,quantile,0.4,65,2027-02-20
2027-02-13,wk inc flu hosp,1,30,quantile,0.45,68,2027-02-20
2027-02-13,wk inc flu hosp,1,30,quantile,0.5,71,2027-02-20
2027-02-13,wk inc flu hosp,1,30,quantile,0.55,73,2027-02-20
2027-02-13,wk inc flu hosp,1,30,quantile,0.6,75,2027-02-20
2027-02-13,wk inc flu hosp,1,30,quantile,0.65,77,2027-02-20
2027-02-13,wk inc flu hosp,1,30,quantile,0.7,80,2027-02-20
2027-02-13,wk inc flu hosp,1,30,quantile,0.75,82,2027-02-20
2027-02-13,wk inc flu hosp,1,30,quantile,0.8,86,2027-02-20
2027-02-13,wk inc flu hosp,1,30,quantile,0.85,88,2027-02-20
2027-02-13,wk inc flu hosp,1,30,quantile,0.9,92,2027-02-20
2027-02-13,wk inc flu hosp,1,30,quantile,0.95,99,2027-02-20
2027-02-13,wk inc flu hosp,1,30,quantile,0.975,102,2027-02-20
2027-02-13,wk inc flu hosp,1,30,quantile,0.99,123,2027-02-20
2027-02-13,wk inc flu hosp,1,31,quantile,0.01,114,2027-02-20
2027-02-13,wk inc flu hosp,1,31,quantile,0.025,120,2027-02-20
2027-02-13,wk inc flu hosp,1,31,quantile,0.05,137,2027-02-20
2027-02-13,wk inc flu hosp,1,31,quantile,0.1,147,2027-02-20
2027-02-13,wk inc flu hosp,1,31,quantile,0.15,155,2027-02-20
2027-02-13,wk inc flu hosp,1,31,quantile,0.2,162,2027-02-20
2027-02-13,wk inc flu hosp,1,31,quantile,0.25,167,2027-02-20
2027-02-13,wk inc flu hosp,1,31,quantile,0.3,172,2027-02-20
2027-02-13,wk inc flu hosp,1,31,quantile,0.35,175,2027-02-20
2027-02-13,wk inc flu hosp,1,31,quantile,0.4,177,2027-02-20
2027-02-13,wk inc flu hosp,1,31,quantile,0.45,179,2027-02-20
2027-02-13,wk inc flu hosp,1,31,quantile,0.5,182,2027-02-20
2027-02-13,wk inc flu hosp,1,31,quantile,0.55,187,2027-02-20
2027-02-13,wk inc flu hosp,1,31,quantile,0.6,195,2027-02-20
2027-02-13,wk inc flu hosp,1,31,quantile,0.65,201,2027-02-20
2027-02-13,wk inc flu hosp,1,31,quantile,0.7,207,2027-02-20
2027-02-13,wk inc flu hosp,1,31,quantile,0.75,211,2027-02-20
2027-02-13,wk inc flu hosp,1,31,quantile,0.8,217,2027-02-20
2027-02-13,wk inc flu hosp,1,31,quantile,0.85,231,2027-02-20
2027-02-13,wk inc flu hosp,1,31,quantile,0.9,241,2027-02-20
2027-02-13,wk inc flu hosp,1,31,quantile,0.95,252,2027-02-20
2027-02-13,wk inc flu hosp,1,31,quantile,0.975,271,2027-02-20
2027-02-13,wk inc flu hosp,1,31,quantile,0.99,283,2027-02-20
2027-02-13,wk inc flu hosp,1,32,quantile,0.01,45,2027-02-20
2027-02-13,wk inc flu hosp,1,32,quantile,0.025,50,2027-02-20
2027-02-13,wk inc flu hosp,1,32,quantile,0.05,51,2027-02-20
2027-02-13,wk inc flu hosp,1,32,quantile,0.1,59,2027-02-20
2027-02-13,wk inc flu hosp,1,32,quantile,0.15,64,2027-02-20
2027-02-13,wk inc flu hosp,1,32,quantile,0.2,69,2027-02-20
2027-02-13,wk inc flu hosp,1,32,quantile,0.25,70,2027-02-20
2027-02-13,wk inc flu hosp,1,32,quantile,0.3,73,2027-02-20
2027-02-13,wk inc flu hosp,1,32,quantile,0.35,76,2027-02-20
2027-02-13,wk inc flu hosp,1,32,quantile,0.4,78,2027-02-20
2027-02-13,wk inc flu hosp,1,32,quantile,0.45,81,2027-02-20
2027-02-13,wk inc flu hosp,1,32,quantile,0.5,86,2027-02-20
2027-02-13,wk inc flu hosp,1,32,quantile,0.55,90,2027-02-20
2027-02-13,wk inc flu hosp,1,32,quantile,0.6,92,2027-02-20
2027-02-13,wk inc flu hosp,1,32,quantile,0.65,95,2027-02-20
2027-02-13,wk inc flu hosp,1,32,quantile,0.7,99,2027-02-20
2027-02-13,wk inc flu hosp,1,32,quantile,0.75,104,2027-02-20
2027-02-13,wk inc flu hosp,1,32,quantile,0.8,106,2027-02-20
2027-02-13,wk inc flu hosp,1,32,quantile,0.85,109,2027-02-20
2027-02-13,wk inc flu hosp,1,32,quantile,0.9,116,2027-02-20
2027-02-13,wk inc flu hosp,1,32,quantile,0.95,130,2027-02-20
2027-02-13,wk inc flu hosp,1,32,quantile,0.975,147,2027-02-20
2027-02-13,wk inc flu hosp,1,32,quantile,0.99,163,2027-02-20
2027-02-13,wk inc flu hosp,1,33,quantile,0.01,53,2027-02-20
2027-02-13,wk inc flu hosp,1,33,quantile,0.025,59,2027-02-20
2027-02-13,wk inc flu hosp,1,33,quantile,0.05,67,2027-02-20
2027-02-13,wk inc flu hosp,1,33,quantile,0.1,76,2027-02-20
2027-02-13,wk inc flu hosp,1,33,quantile,0.15,81,2027-02-20
2027-02-13,wk inc flu hosp,1,33,quantile,0.2,84,2027-02-20
2027-02-13,wk inc flu hosp,1,33,quantile,0.25,85,2027-02-20
2027-02-13,wk inc flu hosp,1,33,quantile,0.3,88,2027-02-20
2027-02-13,wk inc flu hosp,1,33,quantile,0.35,91,2027-02-20
2027-02-13,wk inc flu hosp,1,33,quantile,0.4,93,2027-02-20
2027-02-13,wk inc flu hosp,1,33,quantile,0.45,97,2027-02-20
2027-02-13,wk inc flu hosp,1,33,quantile,0.5,100,2027-02-20
2027-02-13,wk inc flu hosp,1,33,quantile,0.55,102,2027-02-20
2027-02-13,wk inc flu hosp,1,33,quantile,0.6,106,2027-02-20
2027-02-13,wk inc flu hosp,1,33,quantile,0.65,109,2027-02-20
2027-02-13,wk inc flu hosp,1,33,quantile,0.7,115,2027-02-20
2027-02-13,wk inc flu hosp,1,33,quantile,0.75,120,2027-02-20
2027-02-13,wk inc flu hosp,1,33,quantile,0.8,123,2027-02-20
2027-02-13,wk inc flu hosp,1,33,quantile,0.85,128,2027-02-20
2027-02-13,wk inc flu hosp,1,33,quantile,0.9,131,2027-02-20
2027-02-13,wk inc flu hosp,1,33,quantile,0.95,145,2027-02-20
2027-02-13,wk inc flu hosp,1,33,quantile,0.975,156,2027-02-20
2027-02-13,wk inc flu hosp,1,33,quantile,0.99,167,2027-02-20
2027-02-13,wk inc flu hosp,1,34,quantile,0.01,553,2027-02-20
2027-02-13,wk inc flu hosp,1,34,quantile,0.025,580,2027-02-20
2027-02-13,wk inc flu hosp,1,34,quantile,0.05,614,2027-02-20
2027-02-13,wk inc flu hosp,1,34,quantile,0.1,633,2027-02-20
2027-02-13,wk inc flu hosp,1,34,quantile,0.15,650,2027-02-20
2027-02-13,wk inc flu hosp,1,34,quantile,0.2,673,2027-02-20
2027-02-13,wk inc flu hosp,1,34,quantile,0.25,717,2027-02-20
2027-02-13,wk inc flu hosp,1,34,quantile,0.3,735,2027-02-20
2027-02-13,wk inc flu hosp,1,34,quantile,0.35,743,2027-02-20
2027-02-13,wk inc flu hosp,1,34,quantile,0.4,752,2027-02-20
2027-02-13,wk inc flu hosp,1,34,quantile,0.45,771,2027-02-20
2027-02-13,wk inc flu hosp,1,34,quantile,0.5,786,2027-02-20
2027-02-13,wk inc flu hosp,1,34,quantile,0.55,810,2027-02-20
2027-02-13,wk inc flu hosp,1,34,quantile,0.6,827,2027-02-20
2027-02-13,wk inc flu hosp,1,34,quantile,0.65,846,2027-02-20
2027-02-13,wk inc flu hosp,1,34,quantile,0.7,868,2027-02-20
2027-02-13,wk inc flu hosp,1,34,quantile,0.75,884,2027-02-20
2027-02-13,wk inc flu hosp,1,34,quantile,0.8,914,2027-02-20
2027-02-13,wk inc flu hosp,1,34,quantile,0.85,970,2027-02-20
2027-02-13,wk inc flu hosp,1,34,quantile,0.9,1001,2027-02-20
2027-02-13,wk inc flu hosp,1,34,quantile,0.95,1055,2027-02-20
2027-02-13,wk inc flu hosp,1,34,quantile,0.975,1142,2027-02-20
2027-02-13,wk inc flu hosp,1,34,quantile,0.99,1367,2027-02-20
2027-02-13,wk inc flu hosp,1,35,quantile,0.01,88,2027-02-20
2027-02-13,wk inc flu hosp,1,35,quantile,0.025,92,2027-02-20
2027-02-13,wk inc flu hosp,1,35,quantile,0.05,98,2027-02-20
2027-02-13,wk inc flu hosp,1,35,quantile,0.1,103,2027-02-20
2027-02-13,wk inc flu hosp,1,35,quantile,0.15,108,2027-02-20
2027-02-13,wk inc flu hosp,1,35,quantile,0.2,111,2027-02-20
2027-02-13,wk inc flu hosp,1,35,quantile,0.25,114,2027-02-20
2027-02-13,wk inc flu hosp,1,35,quantile,0.3,118,2027-02-20
2027-02-13,wk inc flu hosp,1,35,quantile,0.35,122,2027-02-20
2027-02-13,wk inc flu hosp,1,35,quantile,0.4,124,2027-02-20
2027-02-13,wk inc flu hosp,1,35,quantile,0.45,128,2027-02-20
2027-02-13,wk inc flu hosp,1,35,quantile,0.5,132,2027-02-20
2027-02-13,wk inc flu hosp,1,35,quantile,0.55,138,2027-02-20
2027-02-13,wk inc flu hosp,1,35,quantile,0.6,142,2027-02-20
2027-02-13,wk inc flu hosp,1,35,quantile,0.65,146,2027-02-20
2027-02-13,wk inc flu hosp,1,35,quantile,0.7,152,2027-02-20
2027-02-13,wk inc flu hosp,1,35,quantile,0.75,160,2027-02-20
2027-02-13,wk inc flu hosp,1,35,quantile,0.8,169,2027-02-20
2027-02-13,wk inc flu hosp,1,35,quantile,0.85,176,2027-02-20
2027-02-13,wk inc flu hosp,1,35,quantile,0.9,187,2027-02-20
2027-02-13,wk inc flu hosp,1,35,quantile,0.95,198,2027-02-20
2027-02-13,wk inc flu hosp,1,35,quantile,0.975,204,2027-02-20
2027-02-13,wk inc flu hosp,1,35,quantile,0.99,219,2027-02-20
2027-02-13,wk inc flu hosp,1,36,quantile,0.01,836,2027-02-20
2027-02-13,wk inc flu hosp,1,36,quantile,0.025,918,2027-02-20
2027-02-13,wk inc flu hosp,1,36,quantile,0.05,991,2027-02-20
2027-02-13,wk inc flu hosp,1,36,quantile,0.1,1055,2027-02-20
2027-02-13,wk inc flu hosp,1,36,quantile,0.15,1097,2027-02-20
2027-02-13,wk inc flu hosp,1,36,quantile,0.2,1124,2027-02-20
2027-02-13,wk inc flu hosp,1,36,quantile,0.25,1150,2027-02-20
2027-02-13,wk inc flu hosp,1,36,quantile,0.3,1186,2027-02-20
2027-02-13,wk inc flu hosp,1,36,quantile,0.35,1242,2027-02-20
2027-02-13,wk inc flu hosp,1,36,quantile,0.4,1268,2027-02-20
2027-02-13,wk inc flu hosp,1,36,quantile,0.45,1294,2027-02-20
2027-02-13,wk inc flu hosp,1,36,quantile,0.5,1336,2027-02-20
2027-02-13,wk inc flu hosp,1,36,quantile,0.55,1361,2027-02-20
2027-02-13,wk inc flu hosp,1,36,quantile,0.6,1408,2027-02-20
2027-02-13,wk inc flu hosp,1,36,quantile,0.65,1433,2027-02-20
2027-02-13,wk inc flu hosp,1,36,quantile,0.7,1477,2027-02-20
2027-02-13,wk inc flu hosp,1,36,quantile,0.75,1536,2027-02-20
2027-02-13,wk inc flu hosp,1,36,quantile,0.8,1569,2027-02-20
2027-02-13,wk inc flu hosp,1,36,quantile,0.85,1668,2027-02-20
2027-02-13,wk inc flu hosp,1,36,quantile,0.9,1745,2027-02-20
2027-02-13,wk inc flu hosp,1,36,quantile,0.95,1897,2027-02-20
2027-02-13,wk inc flu hosp,1,36,quantile,0.975,2010,2027-02-20
2027-02-13,wk inc flu hosp,1,36,quantile,0.99,2080,2027-02-20
2027-02-13,wk inc flu hosp,1,37,quantile,0.01,382,2027-02-20
2027-02-13,wk inc flu hosp,1,37,quantile,0.025,410,2027-02-20
2027-02-13,wk inc flu hosp,1,37,quantile,0.05,438,2027-02-20
2027-02-13,wk inc flu hosp,1,37,quantile,0.1,458,2027-02-20
2027-02-13,wk inc flu hosp,1,37,quantile,0.15,498,2027-02-20
2027-02-13,wk inc flu hosp,1,37,quantile,0.2,516,2027-02-20
2027-02-13,wk inc flu hosp,1,37,quantile,0.25,538,2027-02-20
2027-02-13,wk inc flu hosp,1,37,quantile,0.3,555,2027-02-20
2027-02-13,wk inc flu hosp,1,37,quantile,0.35,573,2027-02-20
2027-02-13,wk inc flu hosp,1,37,quantile,0.4,589,2027-02-20
2027-02-13,wk inc flu hosp,1,37,quantile,0.45,605,2027-02-20
2027-02-13,wk inc flu hosp,1,37,quantile,0.5,618,2027-02-20
2027-02-13,wk inc flu hosp,1,37,quantile,0.55,636,2027-02-20
2027-02-13,wk inc flu hosp,1,37,quantile,0.6,654,2027-02-20
2027-02-13,wk inc flu hosp,1,37,quantile,0.65,671,2027-02-20
2027-02-13,wk inc flu hosp,1,37,quantile,0.7,696,2027-02-20
2027-02-13,wk inc flu hosp,1,37,quantile,0.75,708,2027-02-20
2027-02-13,wk inc flu hosp,1,37,quantile,0.8,731,2027-02-20
2027-02-13,wk inc flu hosp,1,37,quantile,0.85,750,2027-02-20
2027-02-13,wk inc flu hosp,1,37,quantile,0.9,793,2027-02-20
2027-02-13,wk inc flu hosp,1,37,quantile,0.95,848,2027-02-20
2027-02-13,wk inc flu hosp,1,37,quantile,0.975,938,2027-02-20
2027-02-13,wk inc flu hosp,1,37,quantile,0.99,986,2027-02-20
2027-02-13,wk inc flu hosp,1,38,quantile,0.01,18,2027-02-20
2027-02-13,wk inc flu hosp,1,38,quantile,0.025,19,2027-02-20
2027-02-13,wk inc flu hosp,1,38,quantile,0.05,21,2027-02-20
2027-02-13,wk inc flu hosp,1,38,quantile,0.1,23,2027-02-20
2027-02-13,wk inc flu hosp,1,38,quantile,0.15,24,2027-02-20
2027-02-13,wk inc flu hosp,1,38,quantile,0.2,25,2027-02-20
2027-02-13,wk inc flu hosp,1,38,quantile,0.25,26,2027-02-20
2027-02-13,wk inc flu hosp,1,38,quantile,0.3,27,2027-02-20
2027-02-13,wk inc flu hosp,1,38,quantile,0.35,29,2027-02-20
2027-02-13,wk inc flu hosp,1,38,quantile,0.4,30,2027-02-20
2027-02-13,wk inc flu hosp,1,38,quantile,0.45,32,2027-02-20
2027-02-13,wk inc flu hosp,1,38,quantile,0.5,32,2027-02-20
2027-02-13,wk inc flu hosp,1,38,quantile,0.55,33,2027-02-20
2027-02-13,wk inc flu hosp,1,38,quantile,0.6,35,2027-02-20
2027-02-13,wk inc flu hosp,1,38,quantile,0.65,36,2027-02-20
2027-02-13,wk inc flu hosp,1,38,quantile,0.7,37,2027-02-20
2027-02-13,wk inc flu hosp,1,38,quantile,0.75,39,2027-02-20
2027-02-13,wk inc flu hosp,1,38,quantile,0.8,41,2027-02-20
2027-02-13,wk inc flu hosp,1,38,quantile,0.85,45,2027-02-20
2027-02-13,wk inc flu hosp,1,38,quantile,0.9,46,2027-02-20
2027-02-13,wk inc flu hosp,1,38,quantile,0.95,50,2027-02-20
2027-02-13,wk inc flu hosp,1,38,quantile,0.975,51,2027-02-20
2027-02-13,wk inc flu hosp,1,38,quantile,0.99,54,2027-02-20
2027-02-13,wk inc flu hosp,1,39,quantile,0.01,1294,2027-02-20
2027-02-13,wk inc flu hosp,1,39,quantile,0.025,1323,2027-02-20
2027-02-13,wk inc flu hosp,1,39,quantile,0.05,1384,2027-02-20
2027-02-13,wk inc flu hosp,1,39,quantile,0.1,1434,2027-02-20
2027-02-13,wk inc flu hosp,1,39,quantile,0.15,1527,2027-02-20
2027-02-13,wk inc flu hosp,1,39,quantile,0.2,1576,2027-02-20
2027-02-13,wk inc flu hosp,1,39,quantile,0.25,1667,2027-02-20
2027-02-13,wk inc flu hosp,1,39,quantile,0.3,1723,2027-02-20
2027-02-13,wk inc flu hosp,1,39,quantile,0.35,1764,2027-02-20
2027-02-13,wk inc flu hosp,1,39,quantile,0.4,1800,2027-02-20
2027-02-13,wk inc flu hosp,1,39,quantile,0.45,1836,2027-02-20
2027-02-13,wk inc flu hosp,1,39,quantile,0.5,1887,2027-02-20
2027-02-13,wk inc flu hosp,1,39,quantile,0.55,1922,2027-02-20
2027-02-13,wk inc flu hosp,1,39,quantile,0.6,1971,2027-02-20
2027-02-13,wk inc flu hosp,1,39,quantile,0.65,2018,2027-02-20
2027-02-13,wk inc flu hosp,1,39,quantile,0.7,2089,2027-02-20
2027-02-13,wk inc flu hosp,1,39,quantile,0.75,2128,2027-02-20
2027-02-13,wk inc flu hosp,1,39,quantile,0.8,2207,2027-02-20
2027-02-13,wk inc flu hosp,1,39,quantile,0.85,2286,2027-02-20
2027-02-13,wk inc flu hosp,1,39,quantile,0.9,2384,2027-02-20
2027-02-13,wk inc flu hosp,1,39,quantile,0.95,2483,2027-02-20
2027-02-13,wk inc flu hosp,1,39,quantile,0.975,2606,2027-02-20
2027-02-13,wk inc flu hosp,1,39,quantile,0.99,2741,2027-02-20
2027-02-13,wk inc flu hosp,1,40,quantile,0.01,200,2027-02-20
2027-02-13,wk inc flu hosp,1,40,quantile,0.025,219,2027-02-20
2027-02-13,wk inc flu hosp,1,40,quantile,0.05,238,2027-02-20
2027-02-13,wk inc flu hosp,1,40,quantile,0.1,261,2027-02-20
2027-02-13,wk inc flu hosp,1,40,quantile,0.15,275,2027-02-20
2027-02-13,wk inc flu hosp,1,40,quantile,0.2,290,2027-02-20
2027-02-13,wk inc flu hosp,1,40,quantile,0.25,301,2027-02-20
2027-02-13,wk inc flu hosp,1,40,quantile,0.3,307,2027-02-20
2027-02-13,wk inc flu hosp,1,40,quantile,0.35,317,2027-02-20
2027-02-13,wk inc flu hosp,1,40,quantile,0.4,323,2027-02-20
2027-02-13,wk inc flu hosp,1,40,quantile,0.45,335,2027-02-20
2027-02-13,wk inc flu hosp,1,40,quantile,0.5,345,2027-02-20
2027-02-13,wk inc flu hosp,1,40,quantile,0.55,352,2027-02-20
2027-02-13,wk inc flu hosp,1,40,quantile,0.6,358,2027-02-20
2027-02-13,wk inc flu hosp,1,40,quantile,0.65,367,2027-02-20
2027-02-13,wk inc flu hosp,1,40,quantile,0.7,373,2027-02-20
2027-02-13,wk inc flu hosp,1,40,quantile,0.75,388,2027-02-20
2027-02-13,wk inc flu hosp,1,40,quantile,0.8,406,2027-02-20
2027-02-13,wk inc flu hosp,1,40,quantile,0.85,420,2027-02-20
2027-02-13,wk inc flu hosp,1,40,quantile,0.9,452,2027-02-20
2027-02-13,wk inc flu hosp,1,40,quantile,0.95,500,2027-02-20
2027-02-13,wk inc flu hosp,1,40,quantile,0.975,534,2027-02-20
2027-02-13,wk inc flu hosp,1,40,quantile,0.99,571,2027-02-20
2027-02-13,wk inc flu hosp,1,41,quantile,0.01,161,2027-02-20
2027-02-13,wk inc flu hosp,1,41,quantile,0.025,165,2027-02-20
2027-02-13,wk inc flu hosp,1,41,quantile,0.05,178,2027-02-20
2027-02-13,wk inc flu hosp,1,41,quantile,0.1,185,2027-02-20
2027-02-13,wk inc flu hosp,1,41,quantile,0.15,199,2027-02-20
2027-02-13,wk inc flu hosp,1,41,quantile,0.2,209,2027-02-20
2027-02-13,wk inc flu hosp,1,41,quantile,0.25,222,2027-02-20
2027-02-13,wk inc flu hosp,1,41,quantile,0.3,225,2027-02-20
2027-02-13,wk inc flu hosp,1,41,quantile,0.35,232,2027-02-20
2027-02-13,wk inc flu hosp,1,41,quantile,0.4,237,2027-02-20
2027-02-13,wk inc flu hosp,1,41,quantile,0.45,242,2027-02-20
2027-02-13,wk inc flu hosp,1,41,quantile,0.5,248,2027-02-20
2027-02-13,wk inc flu hosp,1,41,quantile,0.55,258,2027-02-20
2027-02-13,wk inc flu hosp,1,41,quantile,0.6,268,2027-02-20
2027-02-13,wk inc flu hosp,1,41,quantile,0.65,273,2027-02-20
2027-02-13,wk inc flu hosp,1,41,quantile,0.7,288,2027-02-20
2027-02-13,wk inc flu hosp,1,41,quantile,0.75,299,2027-02-20
2027-02-13,wk inc flu hosp,1,41,quantile,0.8,307,2027-02-20
2027-02-13,wk inc flu hosp,1,41,quantile,0.85,324,2027-02-20
2027-02-13,wk inc flu hosp,1,41,quantile,0.9,344,2027-02-20
2027-02-13,wk inc flu hosp,1,41,quantile,0.95,364,2027-02-20
2027-02-13,wk inc flu hosp,1,41,quantile,0.975,388,2027-02-20
2027-02-13,wk inc flu hosp,1,41,quantile,0.99,394,2027-02-20
2027-02-13,wk inc flu hosp,1,42,quantile,0.01,1431,2027-02-20
2027-02-13,wk inc flu hosp,1,42,quantile,0.025,1492,2027-02-20
2027-02-13,wk inc flu hosp,1,42,quantile,0.05,1539,2027-02-20
2027-02-13,wk inc flu hosp,1,42,quantile,0.1,1619,2027-02-20
2027-02-13,wk inc flu hosp,1,42,quantile,0.15,1728,2027-02-20
2027-02-13,wk inc flu hosp,1,42,quantile,0.2,1790,2027-02-20
2027-02-13,wk inc flu hosp,1,42,quantile,0.25,1833,2027-02-20
2027-02-13,wk inc flu hosp,1,42,quantile,0.3,1924,2027-02-20
2027-02-13,wk inc flu hosp,1,42,quantile,0.35,1984,2027-02-20
2027-02-13,wk inc flu hosp,1,42,quantile,0.4,2004,2027-02-20
2027-02-13,wk inc flu hosp,1,42,quantile,0.45,2052,2027-02-20
2027-02-13,wk inc flu hosp,1,42,quantile,0.5,2086,2027-02-20
2027-02-13,wk inc flu hosp,1,42,quantile,0.55,2141,2027-02-20
2027-02-13,wk inc flu hosp,1,42,quantile,0.6,2189,2027-02-20
2027-02-13,wk inc flu hosp,1,42,quantile,0.65,2253,2027-02-20
2027-02-13,wk inc flu hosp,1,42,quantile,0.7,2287,2027-02-20
2027-02-13,wk inc flu hosp,1,42,quantile,0.75,2350,2027-02-20
2027-02-13,wk inc flu hosp,1,42,quantile,0.8,2508,2027-02-20
2027-02-13,wk inc flu hosp,1,42,quantile,0.85,2585,2027-02-20
2027-02-13,wk inc flu hosp,1,42,quantile,0.9,2656,2027-02-20
2027-02-13,wk inc flu hosp,1,42,quantile,0.95,2812,2027-02-20
2027-02-13,wk inc flu hosp,1,42,quantile,0.975,2858,2027-02-20
2027-02-13,wk inc flu hosp,1,42,quantile,0.99,2968,2027-02-20
2027-02-13,wk inc flu hosp,1,44,quantile,0.01,42,2027-02-20
2027-02-13,wk inc flu hosp,1,44,quantile,0.025,49,2027-02-20
2027-02-13,wk inc flu hosp,1,44,quantile,0.05,51,2027-02-20
2027-02-13,wk inc flu hosp,1,44,quantile,0.1,57,2027-02-20
2027-02-13,wk inc flu hosp,1,44,quantile,0.15,63,2027-02-20
2027-02-13,wk inc flu hosp,1,44,quantile,0.2,66,2027-02-20
2027-02-13,wk inc flu hosp,1,44,quantile,0.25,68,2027-02-20
2027-02-13,wk inc flu hosp,1,44,quantile,0.3,72,2027-02-20
2027-02-13,wk inc flu hosp,1,44,quantile,0.35,75,2027-02-20
2027-02-13,wk inc flu hosp,1,44,quantile,0.4,78,2027-02-20
2027-02-13,wk inc flu hosp,1,44,quantile,0.45,81,2027-02-20
2027-02-13,wk inc flu hosp,1,44,quantile,0.5,82,2027-02-20
2027-02-13,wk inc flu hosp,1,44,quantile,0.55,84,2027-02-20
2027-02-13,wk inc flu hosp,1,44,quantile,0.6,88,2027-02-20
2027-02-13,wk inc flu hosp,1,44,quantile,0.65,92,2027-02-20
2027-02-13,wk inc flu hosp,1,44,quantile,0.7,97,2027-02-20
2027-02-13,wk inc flu hosp,1,44,quantile,0.75,103,2027-02-20
2027-02-13,wk inc flu hosp,1,44,quantile,0.8,105,2027-02-20
2027-02-13,wk inc flu hosp,1,44,quantile,0.85,109,2027-02-20
2027-02-13,wk inc flu hosp,1,44,quantile,0.9,115,2027-02-20
2027-02-13,wk inc flu hosp,1,44,quantile,0.95,122,2027-02-20
2027-02-13,wk inc flu hosp,1,44,quantile,0.975,133,2027-02-20
2027-02-13,wk inc flu hosp,1,44,quantile,0.99,145,2027-02-20
2027-02-13,wk inc flu hosp,1,45,quantile,0.01,129,2027-02-20
2027-02-13,wk inc flu hosp,1,45,quantile,0.025,130,2027-02-20
2027-02-13,wk inc flu hosp,1,45,quantile,0.05,155,2027-02-20
2027-02-13,wk inc flu hosp,1,45,quantile,0.1,169,2027-02-20
2027-02-13,wk inc flu hosp,1,45,quantile,0.15,177,2027-02-20
2027-02-13,wk inc flu hosp,1,45,quantile,0.2,184,2027-02-20
2027-02-13,wk inc flu hosp,1,45,quantile,0.25,191,2027-02-20
2027-02-13,wk inc flu hosp,1,45,quantile,0.3,197,2027-02-20
2027-02-13,wk inc flu hosp,1,45,quantile,0.35,207,2027-02-20
2027-02-13,wk inc flu hosp,1,45,quantile,0.4,214,2027-02-20
2027-02-13,wk inc flu hosp,1,45,quantile,0.45,219,2027-02-20
2027-02-13,wk inc flu hosp,1,45,quantile,0.5,226,2027-02-20
2027-02-13,wk inc flu hosp,1,45,quantile,0.55,241,2027-02-20
2027-02-13,wk inc flu hosp,1,45,quantile,0.6,247,2027-02-20
2027-02-13,wk inc flu hosp,1,45,quantile,0.65,257,2027-02-20
2027-02-13,wk inc flu hosp,1,45,quantile,0.7,264,2027-02-20
2027-02-13,wk inc flu hosp,1,45,quantile,0.75,272,2027-02-20
2027-02-13,wk inc flu hosp,1,45,quantile,0.8,285,2027-02-20
2027-02-13,wk inc flu hosp,1,45,quantile,0.85,294,2027-02-20
2027-02-13,wk inc flu hosp,1,45,quantile,0.9,317,2027-02-20
2027-02-13,wk inc flu hosp,1,45,quantile,0.95,344,2027-02-20
2027-02-13,wk inc flu hosp,1,45,quantile,0.975,354,2027-02-20
2027-02-13,wk inc flu hosp,1,45,quantile,0.99,376,2027-02-20
2027-02-13,wk inc flu hosp,1,46,quantile,0.01,42,2027-02-20
2027-02-13,wk inc flu hosp,1,46,quantile,0.025,45,2027-02-20
2027-02-13,wk inc flu hosp,1,46,quantile,0.05,47,2027-02-20
2027-02-13,wk inc flu hosp,1,46,quantile,0.1,54,2027-02-20
2027-02-13,wk inc flu hosp,1,46,quantile,0.15,58,2027-02-20
2027-02-13,wk inc flu hosp,1,46,quantile,0.2,61,2027-02-20
2027-02-13,wk inc flu hosp,1,46,quantile,0.25,63,2027-02-20
2027-02-13,wk inc flu hosp,1,46,quantile,0.3,66,2027-02-20
2027-02-13,wk inc flu hosp,1,46,quantile,0.35,68,2027-02-20
2027-02-13,wk inc flu hosp,1,46,quantile,0.4,71,2027-02-20
2027-02-13,wk inc flu hosp,1,46,quantile,0.45,73,2027-02-20
2027-02-13,wk inc flu hosp,1,46,quantile,0.5,75,2027-02-20
2027-02-13,wk inc flu hosp,1,46,quantile,0.55,77,2027-02-20
2027-02-13,wk inc flu hosp,1,46,quantile,0.6,79,2027-02-20
2027-02-13,wk inc flu hosp,1,46,quantile,0.65,82,2027-02-20
2027-02-13,wk inc flu hosp,1,46,quantile,0.7,84,2027-02-20
2027-02-13,wk inc flu hosp,1,46,quantile,0.75,88,2027-02-20
2027-02-13,wk inc flu hosp,1,46,quantile,0.8,91,2027-02-20
2027-02-13,wk inc flu hosp,1,46,quantile,0.85,95,2027-02-20
2027-02-13,wk inc flu hosp,1,46,quantile,0.9,102,2027-02-20
2027-02-13,wk inc flu hosp,1,46,quantile,0.95,107,2027-02-20
2027-02-13,wk inc flu hosp,1,46,quantile,0.975,111,2027-02-20
2027-02-13,wk inc flu hosp,1,46,quantile,0.99,114,2027-02-20
2027-02-13,wk inc flu hosp,1,47,quantile,0.01,224,2027-02-20
2027-02-13,wk inc flu hosp,1,47,quantile,0.025,244,2027-02-20
2027-02-13,wk inc flu hosp,1,47,quantile,0.05,257,2027-02-20
2027-02-13,wk inc flu hosp,1,47,quantile,0.1,268,2027-02-20
2027-02-13,wk inc flu hosp,1,47,quantile,0.15,275,2027-02-20
2027-02-13,wk inc flu hosp,1,47,quantile,0.2,285,2027-02-20
2027-02-13,wk inc flu hosp,1,47,quantile,0.25,293,2027-02-20
2027-02-13,wk inc flu hosp,1,47,quantile,0.3,299,2027-02-20
2027-02-13,wk inc flu hosp,1,47,quantile,0.35,305,2027-02-20
2027-02-13,wk inc flu hosp,1,47,quantile,0.4,309,2027-02-20
2027-02-13,wk inc flu hosp,1,47,quantile,0.45,314,2027-02-20
2027-02-13,wk inc flu hosp,1,47,quantile,0.5,323,2027-02-20
2027-02-13,wk inc flu hosp,1,47,quantile,0.55,328,2027-02-20
2027-02-13,wk inc flu hosp,1,47,quantile,0.6,334,2027-02-20
2027-02-13,wk inc flu hosp,1,47,quantile,0.65,340,2027-02-20
2027-02-13,wk inc flu hosp,1,47,quantile,0.7,350,2027-02-20
2027-02-13,wk inc flu hosp,1,47,quantile,0.75,361,2027-02-20
2027-02-13,wk inc flu hosp,1,47,quantile,0.8,368,2027-02-20
2027-02-13,wk inc flu hosp,1,47,quantile,0.85,380,2027-02-20
2027-02-13,wk inc flu hosp,1,47,quantile,0.9,390,2027-02-20
2027-02-13,wk inc flu hosp,1,47,quantile,0.95,401,2027-02-20
2027-02-13,wk inc flu hosp,1,47,quantile,0.975,434,2027-02-20
2027-02-13,wk inc flu hosp,1,47,quantile,0.99,448,2027-02-20
2027-02-13,wk inc flu hosp,1,48,quantile,0.01,650,2027-02-20
2027-02-13,wk inc flu hosp,1,48,quantile,0.025,697,2027-02-20
2027-02-13,wk inc flu hosp,1,48,quantile,0.05,720,2027-02-20
2027-02-13,wk inc flu hosp,1,48,quantile,0.1,783,2027-02-20
2027-02-13,wk inc flu hosp,1,48,quantile,0.15,832,2027-02-20
2027-02-13,wk inc flu hosp,1,48,quantile,0.2,879,2027-02-20
2027-02-13,wk inc flu hosp,1,48,quantile,0.25,909,2027-02-20
2027-02-13,wk inc flu hosp,1,48,quantile,0.3,959,2027-02-20
2027-02-13,wk inc flu hosp,1,48,quantile,0.35,1007,2027-02-20
2027-02-13,wk inc flu hosp,1,48,quantile,0.4,1042,2027-02-20
2027-02-13,wk inc flu hosp,1,48,quantile,0.45,1081,2027-02-20
2027-02-13,wk inc flu hosp,1,48,quantile,0.5,1106,2027-02-20
2027-02-13,wk inc flu hosp,1,48,quantile,0.55,1140,2027-02-20
2027-02-13,wk inc flu hosp,1,48,quantile,0.6,1167,2027-02-20
2027-02-13,wk inc flu hosp,1,48,quantile,0.65,1211,2027-02-20
2027-02-13,wk inc flu hosp,1,48,quantile,0.7,1233,2027-02-20
2027-02-13,wk inc flu hosp,1,48,quantile,0.75,1264,2027-02-20
2027-02-13,wk inc flu hosp,1,48,quantile,0.8,1329,2027-02-20
2027-02-13,wk inc flu hosp,1,48,quantile,0.85,1357,2027-02-20
2027-02-13,wk inc flu hosp,1,48,quantile,0.9,1436,2027-02-20
2027-02-13,wk inc flu hosp,1,48,quantile,0.95,1516,2027-02-20
2027-02-13,wk inc flu hosp,1,48,quantile,0.975,1638,2027-02-20
2027-02-13,wk inc flu hosp,1,48,quantile,0.99,1828,2027-02-20
2027-02-13,wk inc flu hosp,1,49,quantile,0.01,38,2027-02-20
2027-02-13,wk inc flu hosp,1,49,quantile,0.025,44,2027-02-20
2027-02-13,wk inc flu hosp,1,49,quantile,0.05,47,2027-02-20
2027-02-13,wk inc flu hosp,1,49,quantile,0.1,55,2027-02-20
2027-02-13,wk inc flu hosp,1,49,quantile,0.15,61,2027-02-20
2027-02-13,wk inc flu hosp,1,49,quantile,0.2,63,2027-02-20
2027-02-13,wk inc flu hosp,1,49,quantile,0.25,67,2027-02-20
2027-02-13,wk inc flu hosp,1,49,quantile,0.3,69,2027-02-20
2027-02-13,wk inc flu hosp,1,49,quantile,0.35,70,2027-02-20
2027-02-13,wk inc flu hosp,1,49,quantile,0.4,72,2027-02-20
2027-02-13,wk inc flu hosp,1,49,quantile,0.45,73,2027-02-20
2027-02-13,wk inc flu hosp,1,49,quantile,0.5,76,2027-02-20
2027-02-13,wk inc flu hosp,1,49,quantile,0.55,78,2027-02-20
2027-02-13,wk inc flu hosp,1,49,quantile,0.6,80,2027-02-20
2027-02-13,wk inc flu hosp,1,49,quantile,0.65,83,2027-02-20
2027-02-13,wk inc flu hosp,1,49,quantile,0.7,86,2027-02-20
2027-02-13,wk inc flu hosp,1,49,quantile,0.75,89,2027-02-20
2027-02-13,wk inc flu hosp,1,49,quantile,0.8,91,2027-02-20
2027-02-13,wk inc flu hosp,1,49,quantile,0.85,94,2027-02-20
2027-02-13,wk inc flu hosp,1,49,quantile,0.9,97,2027-02-20
2027-02-13,wk inc flu hosp,1,49,quantile,0.95,106,2027-02-20
2027-02-13,wk inc flu hosp,1,49,quantile,0.975,110,2027-02-20
2027-02-13,wk inc flu hosp,1,49,quantile,0.99,112,2027-02-20
2027-02-13,wk inc flu hosp,1,50,quantile,0.01,25,2027-02-20
2027-02-13,wk inc flu hosp,1,50,quantile,0.025,28,2027-02-20
2027-02-13,wk inc flu hosp,1,50,quantile,0.05,31,2027-02-20
2027-02-13,wk inc flu hosp,1,50,quantile,0.1,35,2027-02-20
2027-02-13,wk inc flu hosp,1,50,quantile,0.15,37,2027-02-20
2027-02-13,wk inc flu hosp,1,50,quantile,0.2,39,2027-02-20
2027-02-13,wk inc flu hosp,1,50,quantile,0.25,41,2027-02-20
2027-02-13,wk inc flu hosp,1,50,quantile,0.3,42,2027-02-20
2027-02-13,wk inc flu hosp,1,50,quantile,0.35,45,2027-02-20
2027-02-13,wk inc flu hosp,1,50,quantile,0.4,47,2027-02-20
2027-02-13,wk inc flu hosp,1,50,quantile,0.45,49,2027-02-20
2027-02-13,wk inc flu hosp,1,50,quantile,0.5,51,2027-02-20
2027-02-13,wk inc flu hosp,1,50,quantile,0.55,53,2027-02-20
2027-02-13,wk inc flu hosp,1,50,quantile,0.6,55,2027-02-20
2027-02-13,wk inc flu hosp,1,50,quantile,0.65,59,2027-02-20
2027-02-13,wk inc flu hosp,1,50,quantile,0.7,60,2027-02-20
2027-02-13,wk inc flu hosp,1,50,quantile,0.75,61,2027-02-20
2027-02-13,wk inc flu hosp,1,50,quantile,0.8,64,2027-02-20
2027-02-13,wk inc flu hosp,1,50,quantile,0.85,68,2027-02-20
2027-02-13,wk inc flu hosp,1,50,quantile,0.9,71,2027-02-20
2027-02-13,wk inc flu hosp,1,50,quantile,0.95,80,2027-02-20
2027-02-13,wk inc flu hosp,1,50,quantile,0.975,81,2027-02-20
2027-02-13,wk inc flu hosp,1,50,quantile,0.99,91,2027-02-20
2027-02-13,wk inc flu hosp,1,51,quantile,0.01,288,2027-02-20
2027-02-13,wk inc flu hosp,1,51,quantile,0.025,319,2027-02-20
2027-02-13,wk inc flu hosp,1,51,quantile,0.05,369,2027-02-20
2027-02-13,wk inc flu hosp,1,51,quantile,0.1,398,2027-02-20
2027-02-13,wk inc flu hosp,1,51,quantile,0.15,413,2027-02-20
2027-02-13,wk inc flu hosp,1,51,quantile,0.2,425,2027-02-20
2027-02-13,wk inc flu hosp,1,51,quantile,0.25,442,2027-02-20
2027-02-13,wk inc flu hosp,1,51,quantile,0.3,453,2027-02-20
2027-02-13,wk inc flu hosp,1,51,quantile,0.35,463,2027-02-20
2027-02-13,wk inc flu hosp,1,51,quantile,0.4,471,2027-02-20
2027-02-13,wk inc flu hosp,1,51,quantile,0.45,475,2027-02-20
2027-02-13,wk inc flu hosp,1,51,quantile,0.5,484,2027-02-20
2027-02-13,wk inc flu hosp,1,51,quantile,0.55,495,2027-02-20
2027-02-13,wk inc flu hosp,1,51,quantile,0.6,502,2027-02-20
2027-02-13,wk inc flu hosp,1,51,quantile,0.65,515,2027-02-20
2027-02-13,wk inc flu hosp,1,51,quantile,0.7,528,2027-02-20
2027-02-13,wk inc flu hosp,1,51,quantile,0.75,543,2027-02-20
2027-02-13,wk inc flu hosp,1,51,quantile,0.8,564,2027-02-20
2027-02-13,wk inc flu hosp,1,51,quantile,0.85,582,2027-02-20
2027-02-13,wk inc flu hosp,1,51,quantile,0.9,628,2027-02-20
2027-02-13,wk inc flu hosp,1,51,quantile,0.95,657,2027-02-20
2027-02-13,wk inc flu hosp,1,51,quantile,0.975,696,2027-02-20
2027-02-13,wk inc flu hosp,1,51,quantile,0.99,732,2027-02-20
2027-02-13,wk inc flu hosp,1,53,quantile,0.01,201,2027-02-20
2027-02-13,wk inc flu hosp,1,53,quantile,0.025,208,2027-02-20
2027-02-13,wk inc flu hosp,1,53,quantile,0.05,218,2027-02-20
2027-02-13,wk inc flu hosp,1,53,quantile,0.1,235,2027-02-20
2027-02-13,wk inc flu hosp,1,53,quantile,0.15,251,2027-02-20
2027-02-13,wk inc flu hosp,1,53,quantile,0.2,267,2027-02-20
2027-02-13,wk inc flu hosp,1,53,quantile,0.25,278,2027-02-20
2027-02-13,wk inc flu hosp,1,53,quantile,0.3,290,2027-02-20
2027-02-13,wk inc flu hosp,1,53,quantile,0.35,296,2027-02-20
2027-02-13,wk inc flu hosp,1,53,quantile,0.4,302,2027-02-20
2027-02-13,wk inc flu hosp,1,53,quantile,0.45,306,2027-02-20
2027-02-13,wk inc flu hosp,1,53,quantile,0.5,318,2027-02-20
2027-02-13,wk inc flu hosp,1,53,quantile,0.55,333,2027-02-20
2027-02-13,wk inc flu hosp,1,53,quantile,0.6,337,2027-02-20
2027-02-13,wk inc flu hosp,1,53,quantile,0.65,355,2027-02-20
2027-02-13,wk inc flu hosp,1,53,quantile,0.7,369,2027-02-20
2027-02-13,wk inc flu hosp,1,53,quantile,0.75,386,2027-02-20
2027-02-13,wk inc flu hosp,1,53,quantile,0.8,403,2027-02-20
2027-02-13,wk inc flu hosp,1,53,quantile,0.85,422,2027-02-20
2027-02-13,wk inc flu hosp,1,53,quantile,0.9,442,2027-02-20
2027-02-13,wk inc flu hosp,1,53,quantile,0.95,470,2027-02-20
2027-02-13,wk inc flu hosp,1,53,quantile,0.975,511,2027-02-20
2027-02-13,wk inc flu hosp,1,53,quantile,0.99,530,2027-02-20
2027-02-13,wk inc flu hosp,1,54,quantile,0.01,265,2027-02-20
2027-02-13,wk inc flu hosp,1,54,quantile,0.025,270,2027-02-20
2027-02-13,wk inc flu hosp,1,54,quantile,0.05,279,2027-02-20
2027-02-13,wk inc flu hosp,1,54,quantile,0.1,301,2027-02-20
2027-02-13,wk inc flu hosp,1,54,quantile,0.15,308,2027-02-20
2027-02-13,wk inc flu hosp,1,54,quantile,0.2,323,2027-02-20
2027-02-13,wk inc flu hosp,1,54,quantile,0.25,337,2027-02-20
2027-02-13,wk inc flu hosp,1,54,quantile,0.3,348,2027-02-20
2027-02-13,wk inc flu hosp,1,54,quantile,0.35,355,2027-02-20
2027-02-13,wk inc flu hosp,1,54,quantile,0.4,365,2027-02-20
2027-02-13,wk inc flu hosp,1,54,quantile,0.45,375,2027-02-20
2027-02-13,wk inc flu hosp,1,54,quantile,0.5,386,2027-02-20
2027-02-13,wk inc flu hosp,1,54,quantile,0.55,396,2027-02-20
2027-02-13,wk inc flu hosp,1,54,quantile,0.6,404,2027-02-20
2027-02-13,wk inc flu hosp,1,54,quantile,0.65,413,2027-02-20
2027-02-13,wk inc flu hosp,1,54,quantile,0.7,422,2027-02-20
2027-02-13,wk inc flu hosp,1,54,quantile,0.75,436,2027-02-20
2027-02-13,wk inc flu hosp,1,54,quantile,0.8,452,2027-02-20
2027-02-13,wk inc flu hosp,1,54,quantile,0.85,474,2027-02-20
2027-02-13,wk inc flu hosp,1,54,quantile,0.9,485,2027-02-20
2027-02-13,wk inc flu hosp,1,54,quantile,0.95,542,2027-02-20
2027-02-13,wk inc flu hosp,1,54,quantile,0.975,584,2027-02-20
2027-02-13,wk inc flu hosp,1,54,quantile,0.99,693,2027-02-20
2027-02-13,wk inc flu hosp,1,55,quantile,0.01,388,2027-02-20
2027-02-13,wk inc flu hosp,1,55,quantile,0.025,417,2027-02-20
2027-02-13,wk inc flu hosp,1,55,quantile,0.05,464,2027-02-20
2027-02-13,wk inc flu hosp,1,55,quantile,0.1,492,2027-02-20
2027-02-13,wk inc flu hosp,1,55,quantile,0.15,503,2027-02-20
2027-02-13,wk inc flu hosp,1,55,quantile,0.2,526,2027-02-20
2027-02-13,wk inc flu hosp,1,55,quantile,0.25,539,2027-02-20
2027-02-13,wk inc flu hosp,1,55,quantile,0.3,548,2027-02-20
2027-02-13,wk inc flu hosp,1,55,quantile,0.35,559,2027-02-20
2027-02-13,wk inc flu hosp,1,55,quantile,0.4,569,2027-02-20
2027-02-13,wk inc flu hosp,1,55,quantile,0.45,579,2027-02-20
2027-02-13,wk inc flu hosp,1,55,quantile,0.5,590,2027-02-20
2027-02-13,wk inc flu hosp,1,55,quantile,0.55,608,2027-02-20
2027-02-13,wk inc flu hosp,1,55,quantile,0.6,618,2027-02-20
2027-02-13,wk inc flu hosp,1,55,quantile,0.65,627,2027-02-20
2027-02-13,wk inc flu hosp,1,55,quantile,0.7,649,2027-02-20
2027-02-13,wk inc flu hosp,1,55,quantile,0.75,671,2027-02-20
2027-02-13,wk inc flu hosp,1,55,quantile,0.8,700,2027-02-20
2027-02-13,wk inc flu hosp,1,55,quantile,0.85,725,2027-02-20
2027-02-13,wk inc flu hosp,1,55,quantile,0.9,761,2027-02-20
2027-02-13,wk inc flu hosp,1,55,quantile,0.95,838,2027-02-20
2027-02-13,wk inc flu hosp,1,55,quantile,0.975,865,2027-02-20
2027-02-13,wk inc flu hosp,1,55,quantile,0.99,961,2027-02-20
2027-02-13,wk inc flu hosp,1,56,quantile,0.01,17,2027-02-20
2027-02-13,wk inc flu hosp,1,56,quantile,0.025,18,2027-02-20
2027-02-13,wk inc flu hosp,1,56,quantile,0.05,20,2027-02-20
2027-02-13,wk inc flu hosp,1,56,quantile,0.1,23,2027-02-20
2027-02-13,wk inc flu hosp,1,56,quantile,0.15,25,2027-02-20
2027-02-13,wk inc flu hosp,1,56,quantile,0.2,27,2027-02-20
2027-02-13,wk inc flu hosp,1,56,quantile,0.25,27,2027-02-20
2027-02-13,wk inc flu hosp,1,56,quantile,0.3,29,2027-02-20
2027-02-13,wk inc flu hosp,1,56,quantile,0.35,30,2027-02-20
2027-02-13,wk inc flu hosp,1,56,quantile,0.4,31,2027-02-20
2027-02-13,wk inc flu hosp,1,56,quantile,0.45,33,2027-02-20
2027-02-13,wk inc flu hosp,1,56,quantile,0.5,35,2027-02-20
2027-02-13,wk inc flu hosp,1,56,quantile,0.55,36,2027-02-20
2027-02-13,wk inc flu hosp,1,56,quantile,0.6,39,2027-02-20
2027-02-13,wk inc flu hosp,1,56,quantile,0.65,40,2027-02-20
2027-02-13,wk inc flu hosp,1,56,quantile,0.7,43,2027-02-20
2027-02-13,wk inc flu hosp,1,56,quantile,0.75,45,2027-02-20
2027-02-13,wk inc flu hosp,1,56,quantile,0.8,47,2027-02-20
2027-02-13,wk inc flu hosp,1,56,quantile,0.85,51,2027-02-20
2027-02-13,wk inc flu hosp,1,56,quantile,0.9,53,2027-02-20
2027-02-13,wk inc flu hosp,1,56,quantile,0.95,61,2027-02-20
2027-02-13,wk inc flu hosp,1,56,quantile,0.975,69,2027-02-20
2027-02-13,wk inc flu hosp,1,56,quantile,0.99,73,2027-02-20
2027-02-13,wk inc flu hosp,1,72,quantile,0.01,102,2027-02-20
2027-02-13,wk inc flu hosp,1,72,quantile,0.025,118,2027-02-20
2027-02-13,wk inc flu hosp,1,72,quantile,0.05,144,2027-02-20
2027-02-13,wk inc flu hosp,1,72,quantile,0.1,170,2027-02-20
2027-02-13,wk inc flu hosp,1,72,quantile,0.15,182,2027-02-20
2027-02-13,wk inc flu hosp,1,72,quantile,0.2,204,2027-02-20
2027-02-13,wk inc flu hosp,1,72,quantile,0.25,222,2027-02-20
2027-02-13,wk inc flu hosp,1,72,quantile,0.3,233,2027-02-20
2027-02-13,wk inc flu hosp,1,72,quantile,0.35,252,2027-02-20
2027-02-13,wk inc flu hosp,1,72,quantile,0.4,262,2027-02-20
2027-02-13,wk inc flu hosp,1,72,quantile,0.45,275,2027-02-20
2027-02-13,wk inc flu hosp,1,72,quantile,0.5,289,2027-02-20
2027-02-13,wk inc flu hosp,1,72,quantile,0.55,304,2027-02-20
2027-02-13,wk inc flu hosp,1,72,quantile,0.6,324,2027-02-20
2027-02-13,wk inc flu hosp,1,72,quantile,0.65,329,2027-02-20
2027-02-13,wk inc flu hosp,1,72,quantile,0.7,346,2027-02-20
2027-02-13,wk inc flu hosp,1,72,quantile,0.75,365,2027-02-20
2027-02-13,wk inc flu hosp,1,72,quantile,0.8,384,2027-02-20
2027-02-13,wk inc flu hosp,1,72,quantile,0.85,408,2027-02-20
2027-02-13,wk inc flu hosp,1,72,quantile,0.9,439,2027-02-20
2027-02-13,wk inc flu hosp,1,72,quantile,0.95,461,2027-02-20
2027-02-13,wk inc flu hosp,1,72,quantile,0.975,538,2027-02-20
2027-02-13,wk inc flu hosp,1,72,quantile,0.99,584,2027-02-20
2027-02-13,wk inc flu hosp,1,USA,quantile,0.01,22760,2027-02-20
2027-02-13,wk inc flu hosp,1,USA,quantile,0.025,22948,2027-02-20
2027-02-13,wk inc flu hosp,1,USA,quantile,0.05,23160,2027-02-20
2027-02-13,wk inc flu hosp,1,USA,quantile,0.1,23350,2027-02-20
2027-02-13,wk inc flu hosp,1,USA,quantile,0.15,23632,2027-02-20
2027-02-13,wk inc flu hosp,1,USA,quantile,0.2,23802,2027-02-20
2027-02-13,wk inc flu hosp,1,USA,quantile,0.25,23987,2027-02-20
2027-02-13,wk inc flu hosp,1,USA,quantile,0.3,24196,2027-02-20
2027-02-13,wk inc flu hosp,1,USA,quantile,0.35,24321,2027-02-20
2027-02-13,wk inc flu hosp,1,USA,quantile,0.4,24462,2027-02-20
2027-02-13,wk inc flu hosp,1,USA,quantile,0.45,24670,2027-02-20
2027-02-13,wk inc flu hosp,1,USA,quantile,0.5,24792,2027-02-20
2027-02-13,wk inc flu hosp,1,USA,quantile,0.55,24984,2027-02-20
2027-02-13,wk inc flu hosp,1,USA,quantile,0.6,25167,2027-02-20
2027-02-13,wk inc flu hosp,1,USA,quantile,0.65,25432,2027-02-20
2027-02-13,wk inc flu hosp,1,USA,quantile,0.7,25752,2027-02-20
2027-02-13,wk inc flu hosp,1,USA,quantile,0.75,26006,2027-02-20
2027-02-13,wk inc flu hosp,1,USA,quantile,0.8,26505,2027-02-20
2027-02-13,wk inc flu hosp,1,USA,quantile,0.85,26707,2027-02-20
2027-02-13,wk inc flu hosp,1,USA,quantile,0.9,27052,2027-02-20
2027-02-13,wk inc flu hosp,1,USA,quantile,0.95,27679,2027-02-20
2027-02-13,wk inc flu hosp,1,USA,quantile,0.975,29077,2027-02-20
2027-02-13,wk inc flu hosp,1,USA,quantile,0.99,30361,2027-02-20
2027-02-13,wk inc flu hosp,2,01,quantile,0.01,149,2027-02-27
2027-02-13,wk inc flu hosp,2,01,quantile,0.025,160,2027-02-27
2027-02-13,wk inc flu hosp,2,01,quantile,0.05,173,2027-02-27
2027-02-13,wk inc flu hosp,2,01,quantile,0.1,185,2027-02-27
2027-02-13,wk inc flu hosp,2,01,quantile,0.15,213,2027-02-27
2027-02-13,wk inc flu hosp,2,01,quantile,0.2,217,2027-02-27
2027-02-13,wk inc flu hosp,2,01,quantile,0.25,234,2027-02-27
2027-02-13,wk inc flu hosp,2,01,quantile,0.3,239,2027-02-27
2027-02-13,wk inc flu hosp,2,01,quantile,0.35,244,2027-02-27
2027-02-13,wk inc flu hosp,2,01,quantile,0.4,248,2027-02-27
2027-02-13,wk inc flu hosp,2,01,quantile,0.45,255,2027-02-27
2027-02-13,wk inc flu hosp,2,01,quantile,0.5,260,2027-02-27
2027-02-13,wk inc flu hosp,2,01,quantile,0.55,270,2027-02-27
2027-02-13,wk inc flu hosp,2,01,quantile,0.6,276,2027-02-27
2027-02-13,wk inc flu hosp,2,01,quantile,0.65,285,2027-02-27
2027-02-13,wk inc flu hosp,2,01,quantile,0.7,295,2027-02-27
2027-02-13,wk inc flu hosp,2,01,quantile,0.75,307,2027-02-27
2027-02-13,wk inc flu hosp,2,01,quantile,0.8,318,2027-02-27
2027-02-13,wk inc flu hosp,2,01,quantile,0.85,340,2027-02-27
2027-02-13,wk inc flu hosp,2,01,quantile,0.9,359,2027-02-27
2027-02-13,wk inc flu hosp,2,01,quantile,0.95,385,2027-02-27
2027-02-13,wk inc flu hosp,2,01,quantile,0.975,420,2027-02-27
2027-02-13,wk inc flu hosp,2,01,quantile,0.99,471,2027-02-27
2027-02-13,wk inc flu hosp,2,02,quantile,0.01,7,2027-02-27
2027-02-13,wk inc flu hosp,2,02,quantile,0.025,9,2027-02-27
2027-02-13,wk inc flu hosp,2,02,quantile,0.05,13,2027-02-27
2027-02-13,wk inc flu hosp,2,02,quantile,0.1,16,2027-02-27
2027-02-13,wk inc flu hosp,2,02,quantile,0.15,18,2027-02-27
2027-02-13,wk inc flu hosp,2,02,quantile,0.2,20,2027-02-27
2027-02-13,wk inc flu hosp,2,02,quantile,0.25,22,2027-02-27
2027-02-13,wk inc flu hosp,2,02,quantile,0.3,23,2027-02-27
2027-02-13,wk inc flu hosp,2,02,quantile,0.35,26,2027-02-27
2027-02-13,wk inc flu hosp,2,02,quantile,0.4,27,2027-02-27
2027-02-13,wk inc flu hosp,2,02,quantile,0.45,29,2027-02-27
2027-02-13,wk inc flu hosp,2,02,quantile,0.5,30,2027-02-27
2027-02-13,wk inc flu hosp,2,02,quantile,0.55,32,2027-02-27
2027-02-13,wk inc flu hosp,2,02,quantile,0.6,34,2027-02-27
2027-02-13,wk inc flu hosp,2,02,quantile,0.65,36,2027-02-27
2027-02-13,wk inc flu hosp,2,02,quantile,0.7,39,2027-02-27
2027-02-13,wk inc flu hosp,2,02,quantile,0.75,42,2027-02-27
2027-02-13,wk inc flu hosp,2,02,quantile,0.8,44,2027-02-27
2027-02-13,wk inc flu hosp,2,02,quantile,0.85,48,2027-02-27
2027-02-13,wk inc flu hosp,2,02,quantile,0.9,56,2027-02-27
2027-02-13,wk inc flu hosp,2,02,quantile,0.95,72,2027-02-27
2027-02-13,wk inc flu hosp,2,02,quantile,0.975,83,2027-02-27
2027-02-13,wk inc flu hosp,2,02,quantile,0.99,88,2027-02-27
2027-02-13,wk inc flu hosp,2,04,quantile,0.01,224,2027-02-27
2027-02-13,wk inc flu hosp,2,04,quantile,0.025,246,2027-02-27
2027-02-13,wk inc flu hosp,2,04,quantile,0.05,252,2027-02-27
2027-02-13,wk inc flu hosp,2,04,quantile,0.1,301,2027-02-27
2027-02-13,wk inc flu hosp,2,04,quantile,0.15,323,2027-02-27
2027-02-13,wk inc flu hosp,2,04,quantile,0.2,336,2027-02-27
2027-02-13,wk inc flu hosp,2,04,quantile,0.25,359,2027-02-27
2027-02-13,wk inc flu hosp,2,04,quantile,0.3,374,2027-02-27
2027-02-13,wk inc flu hosp,2,04,quantile,0.35,391,2027-02-27
2027-02-13,wk inc flu hosp,2,04,quantile,0.4,400,2027-02-27
2027-02-13,wk inc flu hosp,2,04,quantile,0.45,418,2027-02-27
2027-02-13,wk inc flu hosp,2,04,quantile,0.5,426,2027-02-27
2027-02-13,wk inc flu hosp,2,04,quantile,0.55,440,2027-02-27
2027-02-13,wk inc flu hosp,2,04,quantile,0.6,456,2027-02-27
2027-02-13,wk inc flu hosp,2,04,quantile,0.65,470,2027-02-27
2027-02-13,wk inc flu hosp,2,04,quantile,0.7,495,2027-02-27
2027-02-13,wk inc flu hosp,2,04,quantile,0.75,520,2027-02-27
2027-02-13,wk inc flu hosp,2,04,quantile,0.8,544,2027-02-27
2027-02-13,wk inc flu hosp,2,04,quantile,0.85,571,2027-02-27
2027-02-13,wk inc flu hosp,2,04,quantile,0.9,632,2027-02-27
2027-02-13,wk inc flu hosp,2,04,quantile,0.95,678,2027-02-27
2027-02-13,wk inc flu hosp,2,04,quantile,0.975,724,2027-02-27
2027-02-13,wk inc flu hosp,2,04,quantile,0.99,770,2027-02-27
2027-02-13,wk inc flu hosp,2,05,quantile,0.01,165,2027-02-27
2027-02-13,wk inc flu hosp,2,05,quantile,0.025,180,2027-02-27
2027-02-13,wk inc flu hosp,2,05,quantile,0.05,198,2027-02-27
2027-02-13,wk inc flu hosp,2,05,quantile,0.1,230,2027-02-27
2027-02-13,wk inc flu hosp,2,05,quantile,0.15,243,2027-02-27
2027-02-13,wk inc flu hosp,2,05,quantile,0.2,249,2027-02-27
2027-02-13,wk inc flu hosp,2,05,quantile,0.25,258,2027-02-27
2027-02-13,wk inc flu hosp,2,05,quantile,0.3,265,2027-02-27
2027-02-13,wk inc flu hosp,2,05,quantile,0.35,271,2027-02-27
2027-02-13,wk inc flu hosp,2,05,quantile,0.4,277,2027-02-27
2027-02-13,wk inc flu hosp,2,05,quantile,0.45,282,2027-02-27
2027-02-13,wk inc flu hosp,2,05,quantile,0.5,289,2027-02-27
2027-02-13,wk inc flu hosp,2,05,quantile,0.55,295,2027-02-27
2027-02-13,wk inc flu hosp,2,05,quantile,0.6,305,2027-02-27
2027-02-13,wk inc flu hosp,2,05,quantile,0.65,311,2027-02-27
2027-02-13,wk inc flu hosp,2,05,quantile,0.7,321,2027-02-27
2027-02-13,wk inc flu hosp,2,05,quantile,0.75,345,2027-02-27
2027-02-13,wk inc flu hosp,2,05,quantile,0.8,361,2027-02-27
2027-02-13,wk inc flu hosp,2,05,quantile,0.85,380,2027-02-27
2027-02-13,wk inc flu hosp,2,05,quantile,0.9,406,2027-02-27
2027-02-13,wk inc flu hosp,2,05,quantile,0.95,426,2027-02-27
2027-02-13,wk inc flu hosp,2,05,quantile,0.975,462,2027-02-27
2027-02-13,wk inc flu hosp,2,05,quantile,0.99,477,2027-02-27
2027-02-13,wk inc flu hosp,2,06,quantile,0.01,703,2027-02-27
2027-02-13,wk inc flu hosp,2,06,quantile,0.025,713,2027-02-27
2027-02-13,wk inc flu hosp,2,06,quantile,0.05,764,2027-02-27
2027-02-13,wk inc flu hosp,2,06,quantile,0.1,809,2027-02-27
2027-02-13,wk inc flu hosp,2,06,quantile,0.15,854,2027-02-27
2027-02-13,wk inc flu hosp,2,06,quantile,0.2,884,2027-02-27
2027-02-13,wk inc flu hosp,2,06,quantile,0.25,900,2027-02-27
2027-02-13,wk inc flu hosp,2,06,quantile,0.3,939,2027-02-27
2027-02-13,wk inc flu hosp,2,06,quantile,0.35,988,2027-02-27
2027-02-13,wk inc flu hosp,2,06,quantile,0.4,1017,2027-02-27
2027-02-13,wk inc flu hosp,2,06,quantile,0.45,1027,2027-02-27
2027-02-13,wk inc flu hosp,2,06,quantile,0.5,1056,2027-02-27
2027-02-13,wk inc flu hosp,2,06,quantile,0.55,1085,2027-02-27
2027-02-13,wk inc flu hosp,2,06,quantile,0.6,1110,2027-02-27
2027-02-13,wk inc flu hosp,2,06,quantile,0.65,1140,2027-02-27
2027-02-13,wk inc flu hosp,2,06,quantile,0.7,1177,2027-02-27
2027-02-13,wk inc flu hosp,2,06,quantile,0.75,1221,2027-02-27
2027-02-13,wk inc flu hosp,2,06,quantile,0.8,1267,2027-02-27
2027-02-13,wk inc flu hosp,2,06,quantile,0.85,1373,2027-02-27
2027-02-13,wk inc flu hosp,2,06,quantile,0.9,1420,2027-02-27
2027-02-13,wk inc flu hosp,2,06,quantile,0.95,1577,2027-02-27
2027-02-13,wk inc flu hosp,2,06,quantile,0.975,1658,2027-02-27
2027-02-13,wk inc flu hosp,2,06,quantile,0.99,1710,2027-02-27
2027-02-13,wk inc flu hosp,2,08,quantile,0.01,166,2027-02-27
2027-02-13,wk inc flu hosp,2,08,quantile,0.025,184,2027-02-27
2027-02-13,wk inc flu hosp,2,08,quantile,0.05,188,2027-02-27
2027-02-13,wk inc flu hosp,2,08,quantile,0.1,203,2027-02-27
2027-02-13,wk inc flu hosp,2,08,quantile,0.15,223,2027-02-27
2027-02-13,wk inc flu hosp,2,08,quantile,0.2,229,2027-02-27
2027-02-13,wk inc flu hosp,2,08,quantile,0.25,238,2027-02-27
2027-02-13,wk inc flu hosp,2,08,quantile,0.3,244,2027-02-27
2027-02-13,wk inc flu hosp,2,08,quantile,0.35,250,2027-02-27
2027-02-13,wk inc flu hosp,2,08,quantile,0.4,257,2027-02-27
2027-02-13,wk inc flu hosp,2,08,quantile,0.45,272,2027-02-27
2027-02-13,wk inc flu hosp,2,08,quantile,0.5,282,2027-02-27
2027-02-13,wk inc flu hosp,2,08,quantile,0.55,290,2027-02-27
2027-02-13,wk inc flu hosp,2,08,quantile,0.6,295,2027-02-27
2027-02-13,wk inc flu hosp,2,08,quantile,0.65,303,2027-02-27
2027-02-13,wk inc flu hosp,2,08,quantile,0.7,312,2027-02-27
2027-02-13,wk inc flu hosp,2,08,quantile,0.75,320,2027-02-27
2027-02-13,wk inc flu hosp,2,08,quantile,0.8,345,2027-02-27
2027-02-13,wk inc flu hosp,2,08,quantile,0.85,363,2027-02-27
2027-02-13,wk inc flu hosp,2,08,quantile,0.9,372,2027-02-27
2027-02-13,wk inc flu hosp,2,08,quantile,0.95,419,2027-02-27
2027-02-13,wk inc flu hosp,2,08,quantile,0.975,430,2027-02-27
2027-02-13,wk inc flu hosp,2,08,quantile,0.99,467,2027-02-27
2027-02-13,wk inc flu hosp,2,09,quantile,0.01,110,2027-02-27
2027-02-13,wk inc flu hosp,2,09,quantile,0.025,132,2027-02-27
2027-02-13,wk inc flu hosp,2,09,quantile,0.05,140,2027-02-27
2027-02-13,wk inc flu hosp,2,09,quantile,0.1,172,2027-02-27
2027-02-13,wk inc flu hosp,2,09,quantile,0.15,185,2027-02-27
2027-02-13,wk inc flu hosp,2,09,quantile,0.2,203,2027-02-27
2027-02-13,wk inc flu hosp,2,09,quantile,0.25,214,2027-02-27
2027-02-13,wk inc flu hosp,2,09,quantile,0.3,220,2027-02-27
2027-02-13,wk inc flu hosp,2,09,quantile,0.35,233,2027-02-27
2027-02-13,wk inc flu hosp,2,09,quantile,0.4,251,2027-02-27
2027-02-13,wk inc flu hosp,2,09,quantile,0.45,263,2027-02-27
2027-02-13,wk inc flu hosp,2,09,quantile,0.5,276,2027-02-27
2027-02-13,wk inc flu hosp,2,09,quantile,0.55,287,2027-02-27
2027-02-13,wk inc flu hosp,2,09,quantile,0.6,298,2027-02-27
2027-02-13,wk inc flu hosp,2,09,quantile,0.65,310,2027-02-27
2027-02-13,wk inc flu hosp,2,09,quantile,0.7,325,2027-02-27
2027-02-13,wk inc flu hosp,2,09,quantile,0.75,343,2027-02-27
2027-02-13,wk inc flu hosp,2,09,quantile,0.8,356,2027-02-27
2027-02-13,wk inc flu hosp,2,09,quantile,0.85,380,2027-02-27
2027-02-13,wk inc flu hosp,2,09,quantile,0.9,402,2027-02-27
2027-02-13,wk inc flu hosp,2,09,quantile,0.95,506,2027-02-27
2027-02-13,wk inc flu hosp,2,09,quantile,0.975,535,2027-02-27
2027-02-13,wk inc flu hosp,2,09,quantile,0.99,570,2027-02-27
2027-02-13,wk inc flu hosp,2,10,quantile,0.01,52,2027-02-27
2027-02-13,wk inc flu hosp,2,10,quantile,0.025,55,2027-02-27
2027-02-13,wk inc flu hosp,2,10,quantile,0.05,64,2027-02-27
2027-02-13,wk inc flu hosp,2,10,quantile,0.1,72,2027-02-27
2027-02-13,wk inc flu hosp,2,10,quantile,0.15,76,2027-02-27
2027-02-13,wk inc flu hosp,2,10,quantile,0.2,80,2027-02-27
2027-02-13,wk inc flu hosp,2,10,quantile,0.25,84,2027-02-27
2027-02-13,wk inc flu hosp,2,10,quantile,0.3,87,2027-02-27
2027-02-13,wk inc flu hosp,2,10,quantile,0.35,89,2027-02-27
2027-02-13,wk inc flu hosp,2,10,quantile,0.4,95,2027-02-27
2027-02-13,wk inc flu hosp,2,10,quantile,0.45,97,2027-02-27
2027-02-13,wk inc flu hosp,2,10,quantile,0.5,99,2027-02-27
2027-02-13,wk inc flu hosp,2,10,quantile,0.55,100,2027-02-27
2027-02-13,wk inc flu hosp,2,10,quantile,0.6,105,2027-02-27
2027-02-13,wk inc flu hosp,2,10,quantile,0.65,111,2027-02-27
2027-02-13,wk inc flu hosp,2,10,quantile,0.7,114,2027-02-27
2027-02-13,wk inc flu hosp,2,10,quantile,0.75,117,2027-02-27
2027-02-13,wk inc flu hosp,2,10,quantile,0.8,121,2027-02-27
2027-02-13,wk inc flu hosp,2,10,quantile,0.85,127,2027-02-27
2027-02-13,wk inc flu hosp,2,10,quantile,0.9,136,2027-02-27
2027-02-13,wk inc flu hosp,2,10,quantile,0.95,142,2027-02-27
2027-02-13,wk inc flu hosp,2,10,quantile,0.975,154,2027-02-27
2027-02-13,wk inc flu hosp,2,10,quantile,0.99,164,2027-02-27
2027-02-13,wk inc flu hosp,2,11,quantile,0.01,6,2027-02-27
2027-02-13,wk inc flu hosp,2,11,quantile,0.025,7,2027-02-27
2027-02-13,wk inc flu hosp,2,11,quantile,0.05,10,2027-02-27
2027-02-13,wk inc flu hosp,2,11,quantile,0.1,12,2027-02-27
2027-02-13,wk inc flu hosp,2,11,quantile,0.15,13,2027-02-27
2027-02-13,wk inc flu hosp,2,11,quantile,0.2,16,2027-02-27
2027-02-13,wk inc flu hosp,2,11,quantile,0.25,18,2027-02-27
2027-02-13,wk inc flu hosp,2,11,quantile,0.3,19,2027-02-27
2027-02-13,wk inc flu hosp,2,11,quantile,0.35,20,2027-02-27
2027-02-13,wk inc flu hosp,2,11,quantile,0.4,21,2027-02-27
2027-02-13,wk inc flu hosp,2,11,quantile,0.45,22,2027-02-27
2027-02-13,wk inc flu hosp,2,11,quantile,0.5,24,2027-02-27
2027-02-13,wk inc flu hosp,2,11,quantile,0.55,26,2027-02-27
2027-02-13,wk inc flu hosp,2,11,quantile,0.6,28,2027-02-27
2027-02-13,wk inc flu hosp,2,11,quantile,0.65,30,2027-02-27
2027-02-13,wk inc flu hosp,2,11,quantile,0.7,32,2027-02-27
2027-02-13,wk inc flu hosp,2,11,quantile,0.75,35,2027-02-27
2027-02-13,wk inc flu hosp,2,11,quantile,0.8,37,2027-02-27
2027-02-13,wk inc flu hosp,2,11,quantile,0.85,41,2027-02-27
2027-02-13,wk inc flu hosp,2,11,quantile,0.9,48,2027-02-27
2027-02-13,wk inc flu hosp,2,11,quantile,0.95,53,2027-02-27
2027-02-13,wk inc flu hosp,2,11,quantile,0.975,58,2027-02-27
2027-02-13,wk inc flu hosp,2,11,quantile,0.99,65,2027-02-27
2027-02-13,wk inc flu hosp,2,12,quantile,0.01,850,2027-02-27
2027-02-13,wk inc flu hosp,2,12,quantile,0.025,988,2027-02-27
2027-02-13,wk inc flu hosp,2,12,quantile,0.05,1029,2027-02-27
2027-02-13,wk inc flu hosp,2,12,quantile,0.1,1196,2027-02-27
2027-02-13,wk inc flu hosp,2,12,quantile,0.15,1286,2027-02-27
2027-02-13,wk inc flu hosp,2,12,quantile,0.2,1365,2027-02-27
2027-02-13,wk inc flu hosp,2,12,quantile,0.25,1437,2027-02-27
2027-02-13,wk inc flu hosp,2,12,quantile,0.3,1472,2027-02-27
2027-02-13,wk inc flu hosp,2,12,quantile,0.35,1536,2027-02-27
2027-02-13,wk inc flu hosp,2,12,quantile,0.4,1577,2027-02-27
2027-02-13,wk inc flu hosp,2,12,quantile,0.45,1614,2027-02-27
2027-02-13,wk inc flu hosp,2,12,quantile,0.5,1654,2027-02-27
2027-02-13,wk inc flu hosp,2,12,quantile,0.55,1695,2027-02-27
2027-02-13,wk inc flu hosp,2,12,quantile,0.6,1768,2027-02-27
2027-02-13,wk inc flu hosp,2,12,quantile,0.65,1815,2027-02-27
2027-02-13,wk inc flu hosp,2,12,quantile,0.7,1840,2027-02-27
2027-02-13,wk inc flu hosp,2,12,quantile,0.75,1940,2027-02-27
2027-02-13,wk inc flu hosp,2,12,quantile,0.8,2069,2027-02-27
2027-02-13,wk inc flu hosp,2,12,quantile,0.85,2249,2027-02-27
2027-02-13,wk inc flu hosp,2,12,quantile,0.9,2350,2027-02-27
2027-02-13,wk inc flu hosp,2,12,quantile,0.95,2489,2027-02-27
2027-02-13,wk inc flu hosp,2,12,quantile,0.975,2780,2027-02-27
2027-02-13,wk inc flu hosp,2,12,quantile,0.99,3188,2027-02-27
2027-02-13,wk inc flu hosp,2,13,quantile,0.01,181,2027-02-27
2027-02-13,wk inc flu hosp,2,13,quantile,0.025,193,2027-02-27
2027-02-13,wk inc flu hosp,2,13,quantile,0.05,232,2027-02-27
2027-02-13,wk inc flu hosp,2,13,quantile,0.1,255,2027-02-27
2027-02-13,wk inc flu hosp,2,13,quantile,0.15,279,2027-02-27
2027-02-13,wk inc flu hosp,2,13,quantile,0.2,300,2027-02-27
2027-02-13,wk inc flu hosp,2,13,quantile,0.25,311,2027-02-27
2027-02-13,wk inc flu hosp,2,13,quantile,0.3,320,2027-02-27
2027-02-13,wk inc flu hosp,2,13,quantile,0.35,333,2027-02-27
2027-02-13,wk inc flu hosp,2,13,quantile,0.4,340,2027-02-27
2027-02-13,wk inc flu hosp,2,13,quantile,0.45,350,2027-02-27
2027-02-13,wk inc flu hosp,2,13,quantile,0.5,358,2027-02-27
2027-02-13,wk inc flu hosp,2,13,quantile,0.55,381,2027-02-27
2027-02-13,wk inc flu hosp,2,13,quantile,0.6,393,2027-02-27
2027-02-13,wk inc flu hosp,2,13,quantile,0.65,405,2027-02-27
2027-02-13,wk inc flu hosp,2,13,quantile,0.7,423,2027-02-27
2027-02-13,wk inc flu hosp,2,13,quantile,0.75,430,2027-02-27
2027-02-13,wk inc flu hosp,2,13,quantile,0.8,441,2027-02-27
2027-02-13,wk inc flu hosp,2,13,quantile,0.85,467,2027-02-27
2027-02-13,wk inc flu hosp,2,13,quantile,0.9,515,2027-02-27
2027-02-13,wk inc flu hosp,2,13,quantile,0.95,601,2027-02-27
2027-02-13,wk inc flu hosp,2,13,quantile,0.975,634,2027-02-27
2027-02-13,wk inc flu hosp,2,13,quantile,0.99,689,2027-02-27
2027-02-13,wk inc flu hosp,2,15,quantile,0.01,14,2027-02-27
2027-02-13,wk inc flu hosp,2,15,quantile,0.025,14,2027-02-27
2027-02-13,wk inc flu hosp,2,15,quantile,0.05,15,2027-02-27
2027-02-13,wk inc flu hosp,2,15,quantile,0.1,18,2027-02-27
2027-02-13,wk inc flu hosp,2,15,quantile,0.15,20,2027-02-27
2027-02-13,wk inc flu hosp,2,15,quantile,0.2,21,2027-02-27
2027-02-13,wk inc flu hosp,2,15,quantile,0.25,22,2027-02-27
2027-02-13,wk inc flu hosp,2,15,quantile,0.3,24,2027-02-27
2027-02-13,wk inc flu hosp,2,15,quantile,0.35,25,2027-02-27
2027-02-13,wk inc flu hosp,2,15,quantile,0.4,26,2027-02-27
2027-02-13,wk inc flu hosp,2,15,quantile,0.45,27,2027-02-27
2027-02-13,wk inc flu hosp,2,15,quantile,0.5,30,2027-02-27
2027-02-13,wk inc flu hosp,2,15,quantile,0.55,31,2027-02-27
2027-02-13,wk inc flu hosp,2,15,quantile,0.6,32,2027-02-27
2027-02-13,wk inc flu hosp,2,15,quantile,0.65,34,2027-02-27
2027-02-13,wk inc flu hosp,2,15,quantile,0.7,35,2027-02-27
2027-02-13,wk inc flu hosp,2,15,quantile,0.75,36,2027-02-27
2027-02-13,wk inc flu hosp,2,15,quantile,0.8,37,2027-02-27
2027-02-13,wk inc flu hosp,2,15,quantile,0.85,40,2027-02-27
2027-02-13,wk inc flu hosp,2,15,quantile,0.9,44,2027-02-27
2027-02-13,wk inc flu hosp,2,15,quantile,0.95,52,2027-02-27
2027-02-13,wk inc flu hosp,2,15,quantile,0.975,55,2027-02-27
2027-02-13,wk inc flu hosp,2,15,quantile,0.99,61,2027-02-27
2027-02-13,wk inc flu hosp,2,16,quantile,0.01,83,2027-02-27
2027-02-13,wk inc flu hosp,2,16,quantile,0.025,85,2027-02-27
2027-02-13,wk inc flu hosp,2,16,quantile,0.05,89,2027-02-27
2027-02-13,wk inc flu hosp,2,16,quantile,0.1,98,2027-02-27
2027-02-13,wk inc flu hosp,2,16,quantile,0.15,106,2027-02-27
2027-02-13,wk inc flu hosp,2,16,quantile,0.2,110,2027-02-27
2027-02-13,wk inc flu hosp,2,16,quantile,0.25,115,2027-02-27
2027-02-13,wk inc flu hosp,2,16,quantile,0.3,120,2027-02-27
2027-02-13,wk inc flu hosp,2,16,quantile,0.35,123,2027-02-27
2027-02-13,wk inc flu hosp,2,16,quantile,0.4,129,2027-02-27
2027-02-13,wk inc flu hosp,2,16,quantile,0.45,132,2027-02-27
2027-02-13,wk inc flu hosp,2,16,quantile,0.5,137,2027-02-27
2027-02-13,wk inc flu hosp,2,16,quantile,0.55,143,2027-02-27
2027-02-13,wk inc flu hosp,2,16,quantile,0.6,148,2027-02-27
2027-02-13,wk inc flu hosp,2,16,quantile,0.65,150,2027-02-27
2027-02-13,wk inc flu hosp,2,16,quantile,0.7,158,2027-02-27
2027-02-13,wk inc flu hosp,2,16,quantile,0.75,170,2027-02-27
2027-02-13,wk inc flu hosp,2,16,quantile,0.8,180,2027-02-27
2027-02-13,wk inc flu hosp,2,16,quantile,0.85,190,2027-02-27
2027-02-13,wk inc flu hosp,2,16,quantile,0.9,201,2027-02-27
2027-02-13,wk inc flu hosp,2,16,quantile,0.95,215,2027-02-27
2027-02-13,wk inc flu hosp,2,16,quantile,0.975,221,2027-02-27
2027-02-13,wk inc flu hosp,2,16,quantile,0.99,227,2027-02-27
2027-02-13,wk inc flu hosp,2,17,quantile,0.01,568,2027-02-27
2027-02-13,wk inc flu hosp,2,17,quantile,0.025,594,2027-02-27
2027-02-13,wk inc flu hosp,2,17,quantile,0.05,643,2027-02-27
2027-02-13,wk inc flu hosp,2,17,quantile,0.1,695,2027-02-27
2027-02-13,wk inc flu hosp,2,17,quantile,0.15,744,2027-02-27
2027-02-13,wk inc flu hosp,2,17,quantile,0.2,773,2027-02-27
2027-02-13,wk inc flu hosp,2,17,quantile,0.25,794,2027-02-27
2027-02-13,wk inc flu hosp,2,17,quantile,0.3,828,2027-02-27
2027-02-13,wk inc flu hosp,2,17,quantile,0.35,860,2027-02-27
2027-02-13,wk inc flu hosp,2,17,quantile,0.4,916,2027-02-27
2027-02-13,wk inc flu hosp,2,17,quantile,0.45,961,2027-02-27
2027-02-13,wk inc flu hosp,2,17,quantile,0.5,988,2027-02-27
2027-02-13,wk inc flu hosp,2,17,quantile,0.55,1004,2027-02-27
2027-02-13,wk inc flu hosp,2,17,quantile,0.6,1022,2027-02-27
2027-02-13,wk inc flu hosp,2,17,quantile,0.65,1052,2027-02-27
2027-02-13,wk inc flu hosp,2,17,quantile,0.7,1084,2027-02-27
2027-02-13,wk inc flu hosp,2,17,quantile,0.75,1123,2027-02-27
2027-02-13,wk inc flu hosp,2,17,quantile,0.8,1146,2027-02-27
2027-02-13,wk inc flu hosp,2,17,quantile,0.85,1190,2027-02-27
2027-02-13,wk inc flu hosp,2,17,quantile,0.9,1223,2027-02-27
2027-02-13,wk inc flu hosp,2,17,quantile,0.95,1401,2027-02-27
2027-02-13,wk inc flu hosp,2,17,quantile,0.975,1531,2027-02-27
2027-02-13,wk inc flu hosp,2,17,quantile,0.99,1570,2027-02-27
2027-02-13,wk inc flu hosp,2,18,quantile,0.01,470,2027-02-27
2027-02-13,wk inc flu hosp,2,18,quantile,0.025,528,2027-02-27
2027-02-13,wk inc flu hosp,2,18,quantile,0.05,591,2027-02-27
2027-02-13,wk inc flu hosp,2,18,quantile,0.1,636,2027-02-27
2027-02-13,wk inc flu hosp,2,18,quantile,0.15,684,2027-02-27
2027-02-13,wk inc flu hosp,2,18,quantile,0.2,708,2027-02-27
2027-02-13,wk inc flu hosp,2,18,quantile,0.25,738,2027-02-27
2027-02-13,wk inc flu hosp,2,18,quantile,0.3,773,2027-02-27
2027-02-13,wk inc flu hosp,2,18,quantile,0.35,805,2027-02-27
2027-02-13,wk inc flu hosp,2,18,quantile,0.4,825,2027-02-27
2027-02-13,wk inc flu hosp,2,18,quantile,0.45,847,2027-02-27
2027-02-13,wk inc flu hosp,2,18,quantile,0.5,864,2027-02-27
2027-02-13,wk inc flu hosp,2,18,quantile,0.55,897,2027-02-27
2027-02-13,wk inc flu hosp,2,18,quantile,0.6,911,2027-02-27
2027-02-13,wk inc flu hosp,2,18,quantile,0.65,927,2027-02-27
2027-02-13,wk inc flu hosp,2,18,quantile,0.7,965,2027-02-27
2027-02-13,wk inc flu hosp,2,18,quantile,0.75,1052,2027-02-27
2027-02-13,wk inc flu hosp,2,18,quantile,0.8,1100,2027-02-27
2027-02-13,wk inc flu hosp,2,18,quantile,0.85,1140,2027-02-27
2027-02-13,wk inc flu hosp,2,18,quantile,0.9,1211,2027-02-27
2027-02-13,wk inc flu hosp,2,18,quantile,0.95,1297,2027-02-27
2027-02-13,wk inc flu hosp,2,18,quantile,0.975,1396,2027-02-27
2027-02-13,wk inc flu hosp,2,18,quantile,0.99,1486,2027-02-27
2027-02-13,wk inc flu hosp,2,19,quantile,0.01,175,2027-02-27
2027-02-13,wk inc flu hosp,2,19,quantile,0.025,179,2027-02-27
2027-02-13,wk inc flu hosp,2,19,quantile,0.05,189,2027-02-27
2027-02-13,wk inc flu hosp,2,19,quantile,0.1,199,2027-02-27
2027-02-13,wk inc flu hosp,2,19,quantile,0.15,211,2027-02-27
2027-02-13,wk inc flu hosp,2,19,quantile,0.2,225,2027-02-27
2027-02-13,wk inc flu hosp,2,19,quantile,0.25,231,2027-02-27
2027-02-13,wk inc flu hosp,2,19,quantile,0.3,237,2027-02-27
2027-02-13,wk inc flu hosp,2,19,quantile,0.35,245,2027-02-27
2027-02-13,wk inc flu hosp,2,19,quantile,0.4,251,2027-02-27
2027-02-13,wk inc flu hosp,2,19,quantile,0.45,263,2027-02-27
2027-02-13,wk inc flu hosp,2,19,quantile,0.5,270,2027-02-27
2027-02-13,wk inc flu hosp,2,19,quantile,0.55,275,2027-02-27
2027-02-13,wk inc flu hosp,2,19,quantile,0.6,283,2027-02-27
2027-02-13,wk inc flu hosp,2,19,quantile,0.65,292,2027-02-27
2027-02-13,wk inc flu hosp,2,19,quantile,0.7,308,2027-02-27
2027-02-13,wk inc flu hosp,2,19,quantile,0.75,323,2027-02-27
2027-02-13,wk inc flu hosp,2,19,quantile,0.8,333,2027-02-27
2027-02-13,wk inc flu hosp,2,19,quantile,0.85,356,2027-02-27
2027-02-13,wk inc flu hosp,2,19,quantile,0.9,385,2027-02-27
2027-02-13,wk inc flu hosp,2,19,quantile,0.95,416,2027-02-27
2027-02-13,wk inc flu hosp,2,19,quantile,0.975,431,2027-02-27
2027-02-13,wk inc flu hosp,2,19,quantile,0.99,443,2027-02-27
2027-02-13,wk inc flu hosp,2,20,quantile,0.01,115,2027-02-27
2027-02-13,wk inc flu hosp,2,20,quantile,0.025,128,2027-02-27
2027-02-13,wk inc flu hosp,2,20,quantile,0.05,142,2027-02-27
2027-02-13,wk inc flu hosp,2,20,quantile,0.1,156,2027-02-27
2027-02-13,wk inc flu hosp,2,20,quantile,0.15,165,2027-02-27
2027-02-13,wk inc flu hosp,2,20,quantile,0.2,173,2027-02-27
2027-02-13,wk inc flu hosp,2,20,quantile,0.25,181,2027-02-27
2027-02-13,wk inc flu hosp,2,20,quantile,0.3,186,2027-02-27
2027-02-13,wk inc flu hosp,2,20,quantile,0.35,193,2027-02-27
2027-02-13,wk inc flu hosp,2,20,quantile,0.4,199,2027-02-27
2027-02-13,wk inc flu hosp,2,20,quantile,0.45,207,2027-02-27
2027-02-13,wk inc flu hosp,2,20,quantile,0.5,214,2027-02-27
2027-02-13,wk inc flu hosp,2,20,quantile,0.55,220,2027-02-27
2027-02-13,wk inc flu hosp,2,20,quantile,0.6,225,2027-02-27
2027-02-13,wk inc flu hosp,2,20,quantile,0.65,231,2027-02-27
2027-02-13,wk inc flu hosp,2,20,quantile,0.7,238,2027-02-27
2027-02-13,wk inc flu hosp,2,20,quantile,0.75,244,2027-02-27
2027-02-13,wk inc flu hosp,2,20,quantile,0.8,256,2027-02-27
2027-02-13,wk inc flu hosp,2,20,quantile,0.85,277,2027-02-27
2027-02-13,wk inc flu hosp,2,20,quantile,0.9,292,2027-02-27
2027-02-13,wk inc flu hosp,2,20,quantile,0.95,316,2027-02-27
2027-02-13,wk inc flu hosp,2,20,quantile,0.975,338,2027-02-27
2027-02-13,wk inc flu hosp,2,20,quantile,0.99,350,2027-02-27
2027-02-13,wk inc flu hosp,2,21,quantile,0.01,355,2027-02-27
2027-02-13,wk inc flu hosp,2,21,quantile,0.025,385,2027-02-27
2027-02-13,wk inc flu hosp,2,21,quantile,0.05,413,2027-02-27
2027-02-13,wk inc flu hosp,2,21,quantile,0.1,439,2027-02-27
2027-02-13,wk inc flu hosp,2,21,quantile,0.15,465,2027-02-27
2027-02-13,wk inc flu hosp,2,21,quantile,0.2,495,2027-02-27
2027-02-13,wk inc flu hosp,2,21,quantile,0.25,519,2027-02-27
2027-02-13,wk inc flu hosp,2,21,quantile,0.3,543,2027-02-27
2027-02-13,wk inc flu hosp,2,21,quantile,0.35,568,2027-02-27
2027-02-13,wk inc flu hosp,2,21,quantile,0.4,590,2027-02-27
2027-02-13,wk inc flu hosp,2,21,quantile,0.45,606,2027-02-27
2027-02-13,wk inc flu hosp,2,21,quantile,0.5,619,2027-02-27
2027-02-13,wk inc flu hosp,2,21,quantile,0.55,638,2027-02-27
2027-02-13,wk inc flu hosp,2,21,quantile,0.6,650,2027-02-27
2027-02-13,wk inc flu hosp,2,21,quantile,0.65,672,2027-02-27
2027-02-13,wk inc flu hosp,2,21,quantile,0.7,695,2027-02-27
2027-02-13,wk inc flu hosp,2,21,quantile,0.75,718,2027-02-27
2027-02-13,wk inc flu hosp,2,21,quantile,0.8,739,2027-02-27
2027-02-13,wk inc flu hosp,2,21,quantile,0.85,759,2027-02-27
2027-02-13,wk inc flu hosp,2,21,quantile,0.9,829,2027-02-27
2027-02-13,wk inc flu hosp,2,21,quantile,0.95,923,2027-02-27
2027-02-13,wk inc flu hosp,2,21,quantile,0.975,1010,2027-02-27
2027-02-13,wk inc flu hosp,2,21,quantile,0.99,1055,2027-02-27
2027-02-13,wk inc flu hosp,2,22,quantile,0.01,117,2027-02-27
2027-02-13,wk inc flu hosp,2,22,quantile,0.025,129,2027-02-27
2027-02-13,wk inc flu hosp,2,22,quantile,0.05,137,2027-02-27
2027-02-13,wk inc flu hosp,2,22,quantile,0.1,162,2027-02-27
2027-02-13,wk inc flu hosp,2,22,quantile,0.15,169,2027-02-27
2027-02-13,wk inc flu hosp,2,22,quantile,0.2,184,2027-02-27
2027-02-13,wk inc flu hosp,2,22,quantile,0.25,194,2027-02-27
2027-02-13,wk inc flu hosp,2,22,quantile,0.3,198,2027-02-27
2027-02-13,wk inc flu hosp,2,22,quantile,0.35,206,2027-02-27
2027-02-13,wk inc flu hosp,2,22,quantile,0.4,215,2027-02-27
2027-02-13,wk inc flu hosp,2,22,quantile,0.45,219,2027-02-27
2027-02-13,wk inc flu hosp,2,22,quantile,0.5,224,2027-02-27
2027-02-13,wk inc flu hosp,2,22,quantile,0.55,228,2027-02-27
2027-02-13,wk inc flu hosp,2,22,quantile,0.6,234,2027-02-27
2027-02-13,wk inc flu hosp,2,22,quantile,0.65,244,2027-02-27
2027-02-13,wk inc flu hosp,2,22,quantile,0.7,252,2027-02-27
2027-02-13,wk inc flu hosp,2,22,quantile,0.75,255,2027-02-27
2027-02-13,wk inc flu hosp,2,22,quantile,0.8,265,2027-02-27
2027-02-13,wk inc flu hosp,2,22,quantile,0.85,285,2027-02-27
2027-02-13,wk inc flu hosp,2,22,quantile,0.9,308,2027-02-27
2027-02-13,wk inc flu hosp,2,22,quantile,0.95,359,2027-02-27
2027-02-13,wk inc flu hosp,2,22,quantile,0.975,405,2027-02-27
2027-02-13,wk inc flu hosp,2,22,quantile,0.99,418,2027-02-27
2027-02-13,wk inc flu hosp,2,23,quantile,0.01,59,2027-02-27
2027-02-13,wk inc flu hosp,2,23,quantile,0.025,64,2027-02-27
2027-02-13,wk inc flu hosp,2,23,quantile,0.05,75,2027-02-27
2027-02-13,wk inc flu hosp,2,23,quantile,0.1,84,2027-02-27
2027-02-13,wk inc flu hosp,2,23,quantile,0.15,89,2027-02-27
2027-02-13,wk inc flu hosp,2,23,quantile,0.2,96,2027-02-27
2027-02-13,wk inc flu hosp,2,23,quantile,0.25,104,2027-02-27
2027-02-13,wk inc flu hosp,2,23,quantile,0.3,106,2027-02-27
2027-02-13,wk inc flu hosp,2,23,quantile,0.35,110,2027-02-27
2027-02-13,wk inc flu hosp,2,23,quantile,0.4,113,2027-02-27
2027-02-13,wk inc flu hosp,2,23,quantile,0.45,115,2027-02-27
2027-02-13,wk inc flu hosp,2,23,quantile,0.5,120,2027-02-27
2027-02-13,wk inc flu hosp,2,23,quantile,0.55,124,2027-02-27
2027-02-13,wk inc flu hosp,2,23,quantile,0.6,127,2027-02-27
2027-02-13,wk inc flu hosp,2,23,quantile,0.65,134,2027-02-27
2027-02-13,wk inc flu hosp,2,23,quantile,0.7,142,2027-02-27
2027-02-13,wk inc flu hosp,2,23,quantile,0.75,148,2027-02-27
2027-02-13,wk inc flu hosp,2,23,quantile,0.8,153,2027-02-27
2027-02-13,wk inc flu hosp,2,23,quantile,0.85,162,2027-02-27
2027-02-13,wk inc flu hosp,2,23,quantile,0.9,174,2027-02-27
2027-02-13,wk inc flu hosp,2,23,quantile,0.95,188,2027-02-27
2027-02-13,wk inc flu hosp,2,23,quantile,0.975,199,2027-02-27
2027-02-13,wk inc flu hosp,2,23,quantile,0.99,203,2027-02-27
2027-02-13,wk inc flu hosp,2,24,quantile,0.01,214,2027-02-27
2027-02-13,wk inc flu hosp,2,24,quantile,0.025,226,2027-02-27
2027-02-13,wk inc flu hosp,2,24,quantile,0.05,234,2027-02-27
2027-02-13,wk inc flu hosp,2,24,quantile,0.1,249,2027-02-27
2027-02-13,wk inc flu hosp,2,24,quantile,0.15,272,2027-02-27
2027-02-13,wk inc flu hosp,2,24,quantile,0.2,286,2027-02-27
2027-02-13,wk inc flu hosp,2,24,quantile,0.25,302,2027-02-27
2027-02-13,wk inc flu hosp,2,24,quantile,0.3,311,2027-02-27
2027-02-13,wk inc flu hosp,2,24,quantile,0.35,325,2027-02-27
2027-02-13,wk inc flu hosp,2,24,quantile,0.4,336,2027-02-27
2027-02-13,wk inc flu hosp,2,24,quantile,0.45,346,2027-02-27
2027-02-13,wk inc flu hosp,2,24,quantile,0.5,357,2027-02-27
2027-02-13,wk inc flu hosp,2,24,quantile,0.55,364,2027-02-27
2027-02-13,wk inc flu hosp,2,24,quantile,0.6,374,2027-02-27
2027-02-13,wk inc flu hosp,2,24,quantile,0.65,382,2027-02-27
2027-02-13,wk inc flu hosp,2,24,quantile,0.7,395,2027-02-27
2027-02-13,wk inc flu hosp,2,24,quantile,0.75,409,2027-02-27
2027-02-13,wk inc flu hosp,2,24,quantile,0.8,426,2027-02-27
2027-02-13,wk inc flu hosp,2,24,quantile,0.85,439,2027-02-27
2027-02-13,wk inc flu hosp,2,24,quantile,0.9,482,2027-02-27
2027-02-13,wk inc flu hosp,2,24,quantile,0.95,517,2027-02-27
2027-02-13,wk inc flu hosp,2,24,quantile,0.975,541,2027-02-27
2027-02-13,wk inc flu hosp,2,24,quantile,0.99,571,2027-02-27
2027-02-13,wk inc flu hosp,2,25,quantile,0.01,532,2027-02-27
2027-02-13,wk inc flu hosp,2,25,quantile,0.025,537,2027-02-27
2027-02-13,wk inc flu hosp,2,25,quantile,0.05,610,2027-02-27
2027-02-13,wk inc flu hosp,2,25,quantile,0.1,629,2027-02-27
2027-02-13,wk inc flu hosp,2,25,quantile,0.15,648,2027-02-27
2027-02-13,wk inc flu hosp,2,25,quantile,0.2,672,2027-02-27
2027-02-13,wk inc flu hosp,2,25,quantile,0.25,698,2027-02-27
2027-02-13,wk inc flu hosp,2,25,quantile,0.3,715,2027-02-27
2027-02-13,wk inc flu hosp,2,25,quantile,0.35,741,2027-02-27
2027-02-13,wk inc flu hosp,2,25,quantile,0.4,756,2027-02-27
2027-02-13,wk inc flu hosp,2,25,quantile,0.45,781,2027-02-27
2027-02-13,wk inc flu hosp,2,25,quantile,0.5,814,2027-02-27
2027-02-13,wk inc flu hosp,2,25,quantile,0.55,827,2027-02-27
2027-02-13,wk inc flu hosp,2,25,quantile,0.6,861,2027-02-27
2027-02-13,wk inc flu hosp,2,25,quantile,0.65,893,2027-02-27
2027-02-13,wk inc flu hosp,2,25,quantile,0.7,905,2027-02-27
2027-02-13,wk inc flu hosp,2,25,quantile,0.75,938,2027-02-27
2027-02-13,wk inc flu hosp,2,25,quantile,0.8,992,2027-02-27
2027-02-13,wk inc flu hosp,2,25,quantile,0.85,1034,2027-02-27
2027-02-13,wk inc flu hosp,2,25,quantile,0.9,1064,2027-02-27
2027-02-13,wk inc flu hosp,2,25,quantile,0.95,1190,2027-02-27
2027-02-13,wk inc flu hosp,2,25,quantile,0.975,1232,2027-02-27
2027-02-13,wk inc flu hosp,2,25,quantile,0.99,1317,2027-02-27
2027-02-13,wk inc flu hosp,2,26,quantile,0.01,861,2027-02-27
2027-02-13,wk inc flu hosp,2,26,quantile,0.025,914,2027-02-27
2027-02-13,wk inc flu hosp,2,26,quantile,0.05,974,2027-02-27
2027-02-13,wk inc flu hosp,2,26,quantile,0.1,1059,2027-02-27
2027-02-13,wk inc flu hosp,2,26,quantile,0.15,1081,2027-02-27
2027-02-13,wk inc flu hosp,2,26,quantile,0.2,1144,2027-02-27
2027-02-13,wk inc flu hosp,2,26,quantile,0.25,1202,2027-02-27
2027-02-13,wk inc flu hosp,2,26,quantile,0.3,1231,2027-02-27
2027-02-13,wk inc flu hosp,2,26,quantile,0.35,1269,2027-02-27
2027-02-13,wk inc flu hosp,2,26,quantile,0.4,1289,2027-02-27
2027-02-13,wk inc flu hosp,2,26,quantile,0.45,1351,2027-02-27
2027-02-13,wk inc flu hosp,2,26,quantile,0.5,1404,2027-02-27
2027-02-13,wk inc flu hosp,2,26,quantile,0.55,1442,2027-02-27
2027-02-13,wk inc flu hosp,2,26,quantile,0.6,1479,2027-02-27
2027-02-13,wk inc flu hosp,2,26,quantile,0.65,1523,2027-02-27
2027-02-13,wk inc flu hosp,2,26,quantile,0.7,1558,2027-02-27
2027-02-13,wk inc flu hosp,2,26,quantile,0.75,1601,2027-02-27
2027-02-13,wk inc flu hosp,2,26,quantile,0.8,1653,2027-02-27
2027-02-13,wk inc flu hosp,2,26,quantile,0.85,1683,2027-02-27
2027-02-13,wk inc flu hosp,2,26,quantile,0.9,1930,2027-02-27
2027-02-13,wk inc flu hosp,2,26,quantile,0.95,2057,2027-02-27
2027-02-13,wk inc flu hosp,2,26,quantile,0.975,2227,2027-02-27
2027-02-13,wk inc flu hosp,2,26,quantile,0.99,2318,2027-02-27
2027-02-13,wk inc flu hosp,2,27,quantile,0.01,164,2027-02-27
2027-02-13,wk inc flu hosp,2,27,quantile,0.025,172,2027-02-27
2027-02-13,wk inc flu hosp,2,27,quantile,0.05,200,2027-02-27
2027-02-13,wk inc flu hosp,2,27,quantile,0.1,232,2027-02-27
2027-02-13,wk inc flu hosp,2,27,quantile,0.15,243,2027-02-27
2027-02-13,wk inc flu hosp,2,27,quantile,0.2,255,2027-02-27
2027-02-13,wk inc flu hosp,2,27,quantile,0.25,271,2027-02-27
2027-02-13,wk inc flu hosp,2,27,quantile,0.3,288,2027-02-27
2027-02-13,wk inc flu hosp,2,27,quantile,0.35,301,2027-02-27
2027-02-13,wk inc flu hosp,2,27,quantile,0.4,310,2027-02-27
2027-02-13,wk inc flu hosp,2,27,quantile,0.45,324,2027-02-27
2027-02-13,wk inc flu hosp,2,27,quantile,0.5,334,2027-02-27
2027-02-13,wk inc flu hosp,2,27,quantile,0.55,349,2027-02-27
2027-02-13,wk inc flu hosp,2,27,quantile,0.6,362,2027-02-27
2027-02-13,wk inc flu hosp,2,27,quantile,0.65,375,2027-02-27
2027-02-13,wk inc flu hosp,2,27,quantile,0.7,397,2027-02-27
2027-02-13,wk inc flu hosp,2,27,quantile,0.75,417,2027-02-27
2027-02-13,wk inc flu hosp,2,27,quantile,0.8,441,2027-02-27
2027-02-13,wk inc flu hosp,2,27,quantile,0.85,455,2027-02-27
2027-02-13,wk inc flu hosp,2,27,quantile,0.9,471,2027-02-27
2027-02-13,wk inc flu hosp,2,27,quantile,0.95,513,2027-02-27
2027-02-13,wk inc flu hosp,2,27,quantile,0.975,597,2027-02-27
2027-02-13,wk inc flu hosp,2,27,quantile,0.99,647,2027-02-27
2027-02-13,wk inc flu hosp,2,28,quantile,0.01,70,2027-02-27
2027-02-13,wk inc flu hosp,2,28,quantile,0.025,77,2027-02-27
2027-02-13,wk inc flu hosp,2,28,quantile,0.05,84,2027-02-27
2027-02-13,wk inc flu hosp,2,28,quantile,0.1,90,2027-02-27
2027-02-13,wk inc flu hosp,2,28,quantile,0.15,96,2027-02-27
2027-02-13,wk inc flu hosp,2,28,quantile,0.2,101,2027-02-27
2027-02-13,wk inc flu hosp,2,28,quantile,0.25,108,2027-02-27
2027-02-13,wk inc flu hosp,2,28,quantile,0.3,115,2027-02-27
2027-02-13,wk inc flu hosp,2,28,quantile,0.35,117,2027-02-27
2027-02-13,wk inc flu hosp,2,28,quantile,0.4,123,2027-02-27
2027-02-13,wk inc flu hosp,2,28,quantile,0.45,128,2027-02-27
2027-02-13,wk inc flu hosp,2,28,quantile,0.5,135,2027-02-27
2027-02-13,wk inc flu hosp,2,28,quantile,0.55,140,2027-02-27
2027-02-13,wk inc flu hosp,2,28,quantile,0.6,143,2027-02-27
2027-02-13,wk inc flu hosp,2,28,quantile,0.65,148,2027-02-27
2027-02-13,wk inc flu hosp,2,28,quantile,0.7,152,2027-02-27
2027-02-13,wk inc flu hosp,2,28,quantile,0.75,158,2027-02-27
2027-02-13,wk inc flu hosp,2,28,quantile,0.8,168,2027-02-27
2027-02-13,wk inc flu hosp,2,28,quantile,0.85,177,2027-02-27
2027-02-13,wk inc flu hosp,2,28,quantile,0.9,192,2027-02-27
2027-02-13,wk inc flu hosp,2,28,quantile,0.95,210,2027-02-27
2027-02-13,wk inc flu hosp,2,28,quantile,0.975,225,2027-02-27
2027-02-13,wk inc flu hosp,2,28,quantile,0.99,269,2027-02-27
2027-02-13,wk inc flu hosp,2,29,quantile,0.01,443,2027-02-27
2027-02-13,wk inc flu hosp,2,29,quantile,0.025,478,2027-02-27
2027-02-13,wk inc flu hosp,2,29,quantile,0.05,511,2027-02-27
2027-02-13,wk inc flu hosp,2,29,quantile,0.1,590,2027-02-27
2027-02-13,wk inc flu hosp,2,29,quantile,0.15,631,2027-02-27
2027-02-13,wk inc flu hosp,2,29,quantile,0.2,660,2027-02-27
2027-02-13,wk inc flu hosp,2,29,quantile,0.25,680,2027-02-27
2027-02-13,wk inc flu hosp,2,29,quantile,0.3,711,2027-02-27
2027-02-13,wk inc flu hosp,2,29,quantile,0.35,731,2027-02-27
2027-02-13,wk inc flu hosp,2,29,quantile,0.4,745,2027-02-27
2027-02-13,wk inc flu hosp,2,29,quantile,0.45,756,2027-02-27
2027-02-13,wk inc flu hosp,2,29,quantile,0.5,777,2027-02-27
2027-02-13,wk inc flu hosp,2,29,quantile,0.55,806,2027-02-27
2027-02-13,wk inc flu hosp,2,29,quantile,0.6,814,2027-02-27
2027-02-13,wk inc flu hosp,2,29,quantile,0.65,838,2027-02-27
2027-02-13,wk inc flu hosp,2,29,quantile,0.7,860,2027-02-27
2027-02-13,wk inc flu hosp,2,29,quantile,0.75,881,2027-02-27
2027-02-13,wk inc flu hosp,2,29,quantile,0.8,913,2027-02-27
2027-02-13,wk inc flu hosp,2,29,quantile,0.85,939,2027-02-27
2027-02-13,wk inc flu hosp,2,29,quantile,0.9,980,2027-02-27
2027-02-13,wk inc flu hosp,2,29,quantile,0.95,1069,2027-02-27
2027-02-13,wk inc flu hosp,2,29,quantile,0.975,1127,2027-02-27
2027-02-13,wk inc flu hosp,2,29,quantile,0.99,1233,2027-02-27
2027-02-13,wk inc flu hosp,2,30,quantile,0.01,33,2027-02-27
2027-02-13,wk inc flu hosp,2,30,quantile,0.025,38,2027-02-27
2027-02-13,wk inc flu hosp,2,30,quantile,0.05,40,2027-02-27
2027-02-13,wk inc flu hosp,2,30,quantile,0.1,48,2027-02-27
2027-02-13,wk inc flu hosp,2,30,quantile,0.15,50,2027-02-27
2027-02-13,wk inc flu hosp,2,30,quantile,0.2,55,2027-02-27
2027-02-13,wk inc flu hosp,2,30,quantile,0.25,58,2027-02-27
2027-02-13,wk inc flu hosp,2,30,quantile,0.3,62,2027-02-27
2027-02-13,wk inc flu hosp,2,30,quantile,0.35,65,2027-02-27
2027-02-13,wk inc flu hosp,2,30,quantile,0.4,67,2027-02-27
2027-02-13,wk inc flu hosp,2,30,quantile,0.45,68,2027-02-27
2027-02-13,wk inc flu hosp,2,30,quantile,0.5,70,2027-02-27
2027-02-13,wk inc flu hosp,2,30,quantile,0.55,73,2027-02-27
2027-02-13,wk inc flu hosp,2,30,quantile,0.6,75,2027-02-27
2027-02-13,wk inc flu hosp,2,30,quantile,0.65,77,2027-02-27
2027-02-13,wk inc flu hosp,2,30,quantile,0.7,80,2027-02-27
2027-02-13,wk inc flu hosp,2,30,quantile,0.75,84,2027-02-27
2027-02-13,wk inc flu hosp,2,30,quantile,0.8,89,2027-02-27
2027-02-13,wk inc flu hosp,2,30,quantile,0.85,93,2027-02-27
2027-02-13,wk inc flu hosp,2,30,quantile,0.9,100,2027-02-27
2027-02-13,wk inc flu hosp,2,30,quantile,0.95,114,2027-02-27
2027-02-13,wk inc flu hosp,2,30,quantile,0.975,129,2027-02-27
2027-02-13,wk inc flu hosp,2,30,quantile,0.99,135,2027-02-27
2027-02-13,wk inc flu hosp,2,31,quantile,0.01,105,2027-02-27
2027-02-13,wk inc flu hosp,2,31,quantile,0.025,113,2027-02-27
2027-02-13,wk inc flu hosp,2,31,quantile,0.05,118,2027-02-27
2027-02-13,wk inc flu hosp,2,31,quantile,0.1,127,2027-02-27
2027-02-13,wk inc flu hosp,2,31,quantile,0.15,139,2027-02-27
2027-02-13,wk inc flu hosp,2,31,quantile,0.2,148,2027-02-27
2027-02-13,wk inc flu hosp,2,31,quantile,0.25,155,2027-02-27
2027-02-13,wk inc flu hosp,2,31,quantile,0.3,160,2027-02-27
2027-02-13,wk inc flu hosp,2,31,quantile,0.35,163,2027-02-27
2027-02-13,wk inc flu hosp,2,31,quantile,0.4,166,2027-02-27
2027-02-13,wk inc flu hosp,2,31,quantile,0.45,171,2027-02-27
2027-02-13,wk inc flu hosp,2,31,quantile,0.5,174,2027-02-27
2027-02-13,wk inc flu hosp,2,31,quantile,0.55,181,2027-02-27
2027-02-13,wk inc flu hosp,2,31,quantile,0.6,184,2027-02-27
2027-02-13,wk inc flu hosp,2,31,quantile,0.65,187,2027-02-27
2027-02-13,wk inc flu hosp,2,31,quantile,0.7,198,2027-02-27
2027-02-13,wk inc flu hosp,2,31,quantile,0.75,205,2027-02-27
2027-02-13,wk inc flu hosp,2,31,quantile,0.8,214,2027-02-27
2027-02-13,wk inc flu hosp,2,31,quantile,0.85,220,2027-02-27
2027-02-13,wk inc flu hosp,2,31,quantile,0.9,226,2027-02-27
2027-02-13,wk inc flu hosp,2,31,quantile,0.95,255,2027-02-27
2027-02-13,wk inc flu hosp,2,31,quantile,0.975,285,2027-02-27
2027-02-13,wk inc flu hosp,2,31,quantile,0.99,306,2027-02-27
2027-02-13,wk inc flu hosp,2,32,quantile,0.01,36,2027-02-27
2027-02-13,wk inc flu hosp,2,32,quantile,0.025,42,2027-02-27
2027-02-13,wk inc flu hosp,2,32,quantile,0.05,48,2027-02-27
2027-02-13,wk inc flu hosp,2,32,quantile,0.1,53,2027-02-27
2027-02-13,wk inc flu hosp,2,32,quantile,0.15,56,2027-02-27
2027-02-13,wk inc flu hosp,2,32,quantile,0.2,59,2027-02-27
2027-02-13,wk inc flu hosp,2,32,quantile,0.25,63,2027-02-27
2027-02-13,wk inc flu hosp,2,32,quantile,0.3,66,2027-02-27
2027-02-13,wk inc flu hosp,2,32,quantile,0.35,68,2027-02-27
2027-02-13,wk inc flu hosp,2,32,quantile,0.4,73,2027-02-27
2027-02-13,wk inc flu hosp,2,32,quantile,0.45,78,2027-02-27
2027-02-13,wk inc flu hosp,2,32,quantile,0.5,79,2027-02-27
2027-02-13,wk inc flu hosp,2,32,quantile,0.55,81,2027-02-27
2027-02-13,wk inc flu hosp,2,32,quantile,0.6,84,2027-02-27
2027-02-13,wk inc flu hosp,2,32,quantile,0.65,88,2027-02-27
2027-02-13,wk inc flu hosp,2,32,quantile,0.7,90,2027-02-27
2027-02-13,wk inc flu hosp,2,32,quantile,0.75,95,2027-02-27
2027-02-13,wk inc flu hosp,2,32,quantile,0.8,100,2027-02-27
2027-02-13,wk inc flu hosp,2,32,quantile,0.85,105,2027-02-27
2027-02-13,wk inc flu hosp,2,32,quantile,0.9,115,2027-02-27
2027-02-13,wk inc flu hosp,2,32,quantile,0.95,125,2027-02-27
2027-02-13,wk inc flu hosp,2,32,quantile,0.975,150,2027-02-27
2027-02-13,wk inc flu hosp,2,32,quantile,0.99,175,2027-02-27
2027-02-13,wk inc flu hosp,2,33,quantile,0.01,47,2027-02-27
2027-02-13,wk inc flu hosp,2,33,quantile,0.025,51,2027-02-27
2027-02-13,wk inc flu hosp,2,33,quantile,0.05,55,2027-02-27
2027-02-13,wk inc flu hosp,2,33,quantile,0.1,62,2027-02-27
2027-02-13,wk inc flu hosp,2,33,quantile,0.15,68,2027-02-27
2027-02-13,wk inc flu hosp,2,33,quantile,0.2,72,2027-02-27
2027-02-13,wk inc flu hosp,2,33,quantile,0.25,75,2027-02-27
2027-02-13,wk inc flu hosp,2,33,quantile,0.3,78,2027-02-27
2027-02-13,wk inc flu hosp,2,33,quantile,0.35,81,2027-02-27
2027-02-13,wk inc flu hosp,2,33,quantile,0.4,85,2027-02-27
2027-02-13,wk inc flu hosp,2,33,quantile,0.45,88,2027-02-27
2027-02-13,wk inc flu hosp,2,33,quantile,0.5,92,2027-02-27
2027-02-13,wk inc flu hosp,2,33,quantile,0.55,96,2027-02-27
2027-02-13,wk inc flu hosp,2,33,quantile,0.6,99,2027-02-27
2027-02-13,wk inc flu hosp,2,33,quantile,0.65,104,2027-02-27
2027-02-13,wk inc flu hosp,2,33,quantile,0.7,108,2027-02-27
2027-02-13,wk inc flu hosp,2,33,quantile,0.75,114,2027-02-27
2027-02-13,wk inc flu hosp,2,33,quantile,0.8,119,2027-02-27
2027-02-13,wk inc flu hosp,2,33,quantile,0.85,123,2027-02-27
2027-02-13,wk inc flu hosp,2,33,quantile,0.9,133,2027-02-27
2027-02-13,wk inc flu hosp,2,33,quantile,0.95,142,2027-02-27
2027-02-13,wk inc flu hosp,2,33,quantile,0.975,150,2027-02-27
2027-02-13,wk inc flu hosp,2,33,quantile,0.99,156,2027-02-27
2027-02-13,wk inc flu hosp,2,34,quantile,0.01,487,2027-02-27
2027-02-13,wk inc flu hosp,2,34,quantile,0.025,508,2027-02-27
2027-02-13,wk inc flu hosp,2,34,quantile,0.05,562,2027-02-27
2027-02-13,wk inc flu hosp,2,34,quantile,0.1,598,2027-02-27
2027-02-13,wk inc flu hosp,2,34,quantile,0.15,631,2027-02-27
2027-02-13,wk inc flu hosp,2,34,quantile,0.2,653,2027-02-27
2027-02-13,wk inc flu hosp,2,34,quantile,0.25,670,2027-02-27
2027-02-13,wk inc flu hosp,2,34,quantile,0.3,698,2027-02-27
2027-02-13,wk inc flu hosp,2,34,quantile,0.35,721,2027-02-27
2027-02-13,wk inc flu hosp,2,34,quantile,0.4,752,2027-02-27
2027-02-13,wk inc flu hosp,2,34,quantile,0.45,776,2027-02-27
2027-02-13,wk inc flu hosp,2,34,quantile,0.5,812,2027-02-27
2027-02-13,wk inc flu hosp,2,34,quantile,0.55,838,2027-02-27
2027-02-13,wk inc flu hosp,2,34,quantile,0.6,862,2027-02-27
2027-02-13,wk inc flu hosp,2,34,quantile,0.65,885,2027-02-27
2027-02-13,wk inc flu hosp,2,34,quantile,0.7,908,2027-02-27
2027-02-13,wk inc flu hosp,2,34,quantile,0.75,944,2027-02-27
2027-02-13,wk inc flu hosp,2,34,quantile,0.8,975,2027-02-27
2027-02-13,wk inc flu hosp,2,34,quantile,0.85,1022,2027-02-27
2027-02-13,wk inc flu hosp,2,34,quantile,0.9,1088,2027-02-27
2027-02-13,wk inc flu hosp,2,34,quantile,0.95,1228,2027-02-27
2027-02-13,wk inc flu hosp,2,34,quantile,0.975,1470,2027-02-27
2027-02-13,wk inc flu hosp,2,34,quantile,0.99,1581,2027-02-27
2027-02-13,wk inc flu hosp,2,35,quantile,0.01,83,2027-02-27
2027-02-13,wk inc flu hosp,2,35,quantile,0.025,86,2027-02-27
2027-02-13,wk inc flu hosp,2,35,quantile,0.05,91,2027-02-27
2027-02-13,wk inc flu hosp,2,35,quantile,0.1,98,2027-02-27
2027-02-13,wk inc flu hosp,2,35,quantile,0.15,103,2027-02-27
2027-02-13,wk inc flu hosp,2,35,quantile,0.2,106,2027-02-27
2027-02-13,wk inc flu hosp,2,35,quantile,0.25,112,2027-02-27
2027-02-13,wk inc flu hosp,2,35,quantile,0.3,118,2027-02-27
2027-02-13,wk inc flu hosp,2,35,quantile,0.35,122,2027-02-27
2027-02-13,wk inc flu hosp,2,35,quantile,0.4,125,2027-02-27
2027-02-13,wk inc flu hosp,2,35,quantile,0.45,131,2027-02-27
2027-02-13,wk inc flu hosp,2,35,quantile,0.5,136,2027-02-27
2027-02-13,wk inc flu hosp,2,35,quantile,0.55,139,2027-02-27
2027-02-13,wk inc flu hosp,2,35,quantile,0.6,146,2027-02-27
2027-02-13,wk inc flu hosp,2,35,quantile,0.65,151,2027-02-27
2027-02-13,wk inc flu hosp,2,35,quantile,0.7,155,2027-02-27
2027-02-13,wk inc flu hosp,2,35,quantile,0.75,160,2027-02-27
2027-02-13,wk inc flu hosp,2,35,quantile,0.8,166,2027-02-27
2027-02-13,wk inc flu hosp,2,35,quantile,0.85,174,2027-02-27
2027-02-13,wk inc flu hosp,2,35,quantile,0.9,195,2027-02-27
2027-02-13,wk inc flu hosp,2,35,quantile,0.95,205,2027-02-27
2027-02-13,wk inc flu hosp,2,35,quantile,0.975,222,2027-02-27
2027-02-13,wk inc flu hosp,2,35,quantile,0.99,225,2027-02-27
2027-02-13,wk inc flu hosp,2,36,quantile,0.01,824,2027-02-27
2027-02-13,wk inc flu hosp,2,36,quantile,0.025,910,2027-02-27
2027-02-13,wk inc flu hosp,2,36,quantile,0.05,959,2027-02-27
2027-02-13,wk inc flu hosp,2,36,quantile,0.1,1032,2027-02-27
2027-02-13,wk inc flu hosp,2,36,quantile,0.15,1081,2027-02-27
2027-02-13,wk inc flu hosp,2,36,quantile,0.2,1139,2027-02-27
2027-02-13,wk inc flu hosp,2,36,quantile,0.25,1180,2027-02-27
2027-02-13,wk inc flu hosp,2,36,quantile,0.3,1245,2027-02-27
2027-02-13,wk inc flu hosp,2,36,quantile,0.35,1282,2027-02-27
2027-02-13,wk inc flu hosp,2,36,quantile,0.4,1328,2027-02-27
2027-02-13,wk inc flu hosp,2,36,quantile,0.45,1382,2027-02-27
2027-02-13,wk inc flu hosp,2,36,quantile,0.5,1428,2027-02-27
2027-02-13,wk inc flu hosp,2,36,quantile,0.55,1501,2027-02-27
2027-02-13,wk inc flu hosp,2,36,quantile,0.6,1526,2027-02-27
2027-02-13,wk inc flu hosp,2,36,quantile,0.65,1580,2027-02-27
2027-02-13,wk inc flu hosp,2,36,quantile,0.7,1645,2027-02-27
2027-02-13,wk inc flu hosp,2,36,quantile,0.75,1703,2027-02-27
2027-02-13,wk inc flu hosp,2,36,quantile,0.8,1762,2027-02-27
2027-02-13,wk inc flu hosp,2,36,quantile,0.85,1872,2027-02-27
2027-02-13,wk inc flu hosp,2,36,quantile,0.9,2011,2027-02-27
2027-02-13,wk inc flu hosp,2,36,quantile,0.95,2210,2027-02-27
2027-02-13,wk inc flu hosp,2,36,quantile,0.975,2349,2027-02-27
2027-02-13,wk inc flu hosp,2,36,quantile,0.99,2417,2027-02-27
2027-02-13,wk inc flu hosp,2,37,quantile,0.01,314,2027-02-27
2027-02-13,wk inc flu hosp,2,37,quantile,0.025,350,2027-02-27
2027-02-13,wk inc flu hosp,2,37,quantile,0.05,393,2027-02-27
2027-02-13,wk inc flu hosp,2,37,quantile,0.1,447,2027-02-27
2027-02-13,wk inc flu hosp,2,37,quantile,0.15,468,2027-02-27
2027-02-13,wk inc flu hosp,2,37,quantile,0.2,485,2027-02-27
2027-02-13,wk inc flu hosp,2,37,quantile,0.25,494,2027-02-27
2027-02-13,wk inc flu hosp,2,37,quantile,0.3,521,2027-02-27
2027-02-13,wk inc flu hosp,2,37,quantile,0.35,544,2027-02-27
2027-02-13,wk inc flu hosp,2,37,quantile,0.4,565,2027-02-27
2027-02-13,wk inc flu hosp,2,37,quantile,0.45,594,2027-02-27
2027-02-13,wk inc flu hosp,2,37,quantile,0.5,614,2027-02-27
2027-02-13,wk inc flu hosp,2,37,quantile,0.55,633,2027-02-27
2027-02-13,wk inc flu hosp,2,37,quantile,0.6,656,2027-02-27
2027-02-13,wk inc flu hosp,2,37,quantile,0.65,673,2027-02-27
2027-02-13,wk inc flu hosp,2,37,quantile,0.7,704,2027-02-27
2027-02-13,wk inc flu hosp,2,37,quantile,0.75,725,2027-02-27
2027-02-13,wk inc flu hosp,2,37,quantile,0.8,757,2027-02-27
2027-02-13,wk inc flu hosp,2,37,quantile,0.85,791,2027-02-27
2027-02-13,wk inc flu hosp,2,37,quantile,0.9,840,2027-02-27
2027-02-13,wk inc flu hosp,2,37,quantile,0.95,879,2027-02-27
2027-02-13,wk inc flu hosp,2,37,quantile,0.975,987,2027-02-27
2027-02-13,wk inc flu hosp,2,37,quantile,0.99,1045,2027-02-27
2027-02-13,wk inc flu hosp,2,38,quantile,0.01,14,2027-02-27
2027-02-13,wk inc flu hosp,2,38,quantile,0.025,15,2027-02-27
2027-02-13,wk inc flu hosp,2,38,quantile,0.05,17,2027-02-27
2027-02-13,wk inc flu hosp,2,38,quantile,0.1,19,2027-02-27
2027-02-13,wk inc flu hosp,2,38,quantile,0.15,21,2027-02-27
2027-02-13,wk inc flu hosp,2,38,quantile,0.2,23,2027-02-27
2027-02-13,wk inc flu hosp,2,38,quantile,0.25,24,2027-02-27
2027-02-13,wk inc flu hosp,2,38,quantile,0.3,25,2027-02-27
2027-02-13,wk inc flu hosp,2,38,quantile,0.35,26,2027-02-27
2027-02-13,wk inc flu hosp,2,38,quantile,0.4,28,2027-02-27
2027-02-13,wk inc flu hosp,2,38,quantile,0.45,29,2027-02-27
2027-02-13,wk inc flu hosp,2,38,quantile,0.5,30,2027-02-27
2027-02-13,wk inc flu hosp,2,38,quantile,0.55,31,2027-02-27
2027-02-13,wk inc flu hosp,2,38,quantile,0.6,33,2027-02-27
2027-02-13,wk inc flu hosp,2,38,quantile,0.65,34,2027-02-27
2027-02-13,wk inc flu hosp,2,38,quantile,0.7,36,2027-02-27
2027-02-13,wk inc flu hosp,2,38,quantile,0.75,38,2027-02-27
2027-02-13,wk inc flu hosp,2,38,quantile,0.8,39,2027-02-27
2027-02-13,wk inc flu hosp,2,38,quantile,0.85,41,2027-02-27
2027-02-13,wk inc flu hosp,2,38,quantile,0.9,44,2027-02-27
2027-02-13,wk inc flu hosp,2,38,quantile,0.95,47,2027-02-27
2027-02-13,wk inc flu hosp,2,38,quantile,0.975,54,2027-02-27
2027-02-13,wk inc flu hosp,2,38,quantile,0.99,57,2027-02-27
2027-02-13,wk inc flu hosp,2,39,quantile,0.01,1123,2027-02-27
2027-02-13,wk inc flu hosp,2,39,quantile,0.025,1171,2027-02-27
2027-02-13,wk inc flu hosp,2,39,quantile,0.05,1256,2027-02-27
2027-02-13,wk inc flu hosp,2,39,quantile,0.1,1322,2027-02-27
2027-02-13,wk inc flu hosp,2,39,quantile,0.15,1424,2027-02-27
2027-02-13,wk inc flu hosp,2,39,quantile,0.2,1499,2027-02-27
2027-02-13,wk inc flu hosp,2,39,quantile,0.25,1574,2027-02-27
2027-02-13,wk inc flu hosp,2,39,quantile,0.3,1621,2027-02-27
2027-02-13,wk inc flu hosp,2,39,quantile,0.35,1726,2027-02-27
2027-02-13,wk inc flu hosp,2,39,quantile,0.4,1767,2027-02-27
2027-02-13,wk inc flu hosp,2,39,quantile,0.45,1864,2027-02-27
2027-02-13,wk inc flu hosp,2,39,quantile,0.5,1943,2027-02-27
2027-02-13,wk inc flu hosp,2,39,quantile,0.55,1991,2027-02-27
2027-02-13,wk inc flu hosp,2,39,quantile,0.6,2043,2027-02-27
2027-02-13,wk inc flu hosp,2,39,quantile,0.65,2098,2027-02-27
2027-02-13,wk inc flu hosp,2,39,quantile,0.7,2153,2027-02-27
2027-02-13,wk inc flu hosp,2,39,quantile,0.75,2316,2027-02-27
2027-02-13,wk inc flu hosp,2,39,quantile,0.8,2424,2027-02-27
2027-02-13,wk inc flu hosp,2,39,quantile,0.85,2507,2027-02-27
2027-02-13,wk inc flu hosp,2,39,quantile,0.9,2611,2027-02-27
2027-02-13,wk inc flu hosp,2,39,quantile,0.95,2715,2027-02-27
2027-02-13,wk inc flu hosp,2,39,quantile,0.975,2768,2027-02-27
2027-02-13,wk inc flu hosp,2,39,quantile,0.99,3087,2027-02-27
2027-02-13,wk inc flu hosp,2,40,quantile,0.01,137,2027-02-27
2027-02-13,wk inc flu hosp,2,40,quantile,0.025,155,2027-02-27
2027-02-13,wk inc flu hosp,2,40,quantile,0.05,170,2027-02-27
2027-02-13,wk inc flu hosp,2,40,quantile,0.1,192,2027-02-27
2027-02-13,wk inc flu hosp,2,40,quantile,0.15,198,2027-02-27
2027-02-13,wk inc flu hosp,2,40,quantile,0.2,210,2027-02-27
2027-02-13,wk inc flu hosp,2,40,quantile,0.25,219,2027-02-27
2027-02-13,wk inc flu hosp,2,40,quantile,0.3,227,2027-02-27
2027-02-13,wk inc flu hosp,2,40,quantile,0.35,236,2027-02-27
2027-02-13,wk inc flu hosp,2,40,quantile,0.4,240,2027-02-27
2027-02-13,wk inc flu hosp,2,40,quantile,0.45,247,2027-02-27
2027-02-13,wk inc flu hosp,2,40,quantile,0.5,252,2027-02-27
2027-02-13,wk inc flu hosp,2,40,quantile,0.55,262,2027-02-27
2027-02-13,wk inc flu hosp,2,40,quantile,0.6,272,2027-02-27
2027-02-13,wk inc flu hosp,2,40,quantile,0.65,280,2027-02-27
2027-02-13,wk inc flu hosp,2,40,quantile,0.7,288,2027-02-27
2027-02-13,wk inc flu hosp,2,40,quantile,0.75,299,2027-02-27
2027-02-13,wk inc flu hosp,2,40,quantile,0.8,315,2027-02-27
2027-02-13,wk inc flu hosp,2,40,quantile,0.85,324,2027-02-27
2027-02-13,wk inc flu hosp,2,40,quantile,0.9,346,2027-02-27
2027-02-13,wk inc flu hosp,2,40,quantile,0.95,373,2027-02-27
2027-02-13,wk inc flu hosp,2,40,quantile,0.975,400,2027-02-27
2027-02-13,wk inc flu hosp,2,40,quantile,0.99,454,2027-02-27
2027-02-13,wk inc flu hosp,2,41,quantile,0.01,134,2027-02-27
2027-02-13,wk inc flu hosp,2,41,quantile,0.025,143,2027-02-27
2027-02-13,wk inc flu hosp,2,41,quantile,0.05,147,2027-02-27
2027-02-13,wk inc flu hosp,2,41,quantile,0.1,160,2027-02-27
2027-02-13,wk inc flu hosp,2,41,quantile,0.15,166,2027-02-27
2027-02-13,wk inc flu hosp,2,41,quantile,0.2,178,2027-02-27
2027-02-13,wk inc flu hosp,2,41,quantile,0.25,184,2027-02-27
2027-02-13,wk inc flu hosp,2,41,quantile,0.3,193,2027-02-27
2027-02-13,wk inc flu hosp,2,41,quantile,0.35,204,2027-02-27
2027-02-13,wk inc flu hosp,2,41,quantile,0.4,215,2027-02-27
2027-02-13,wk inc flu hosp,2,41,quantile,0.45,224,2027-02-27
2027-02-13,wk inc flu hosp,2,41,quantile,0.5,232,2027-02-27
2027-02-13,wk inc flu hosp,2,41,quantile,0.55,240,2027-02-27
2027-02-13,wk inc flu hosp,2,41,quantile,0.6,254,2027-02-27
2027-02-13,wk inc flu hosp,2,41,quantile,0.65,268,2027-02-27
2027-02-13,wk inc flu hosp,2,41,quantile,0.7,276,2027-02-27
2027-02-13,wk inc flu hosp,2,41,quantile,0.75,286,2027-02-27
2027-02-13,wk inc flu hosp,2,41,quantile,0.8,290,2027-02-27
2027-02-13,wk inc flu hosp,2,41,quantile,0.85,300,2027-02-27
2027-02-13,wk inc flu hosp,2,41,quantile,0.9,318,2027-02-27
2027-02-13,wk inc flu hosp,2,41,quantile,0.95,352,2027-02-27
2027-02-13,wk inc flu hosp,2,41,quantile,0.975,405,2027-02-27
2027-02-13,wk inc flu hosp,2,41,quantile,0.99,422,2027-02-27
2027-02-13,wk inc flu hosp,2,42,quantile,0.01,1200,2027-02-27
2027-02-13,wk inc flu hosp,2,42,quantile,0.025,1274,2027-02-27
2027-02-13,wk inc flu hosp,2,42,quantile,0.05,1374,2027-02-27
2027-02-13,wk inc flu hosp,2,42,quantile,0.1,1502,2027-02-27
2027-02-13,wk inc flu hosp,2,42,quantile,0.15,1625,2027-02-27
2027-02-13,wk inc flu hosp,2,42,quantile,0.2,1726,2027-02-27
2027-02-13,wk inc flu hosp,2,42,quantile,0.25,1784,2027-02-27
2027-02-13,wk inc flu hosp,2,42,quantile,0.3,1847,2027-02-27
2027-02-13,wk inc flu hosp,2,42,quantile,0.35,1896,2027-02-27
2027-02-13,wk inc flu hosp,2,42,quantile,0.4,1978,2027-02-27
2027-02-13,wk inc flu hosp,2,42,quantile,0.45,2051,2027-02-27
2027-02-13,wk inc flu hosp,2,42,quantile,0.5,2138,2027-02-27
2027-02-13,wk inc flu hosp,2,42,quantile,0.55,2201,2027-02-27
2027-02-13,wk inc flu hosp,2,42,quantile,0.6,2228,2027-02-27
2027-02-13,wk inc flu hosp,2,42,quantile,0.65,2291,2027-02-27
2027-02-13,wk inc flu hosp,2,42,quantile,0.7,2367,2027-02-27
2027-02-13,wk inc flu hosp,2,42,quantile,0.75,2436,2027-02-27
2027-02-13,wk inc flu hosp,2,42,quantile,0.8,2534,2027-02-27
2027-02-13,wk inc flu hosp,2,42,quantile,0.85,2646,2027-02-27
2027-02-13,wk inc flu hosp,2,42,quantile,0.9,2785,2027-02-27
2027-02-13,wk inc flu hosp,2,42,quantile,0.95,3017,2027-02-27
2027-02-13,wk inc flu hosp,2,42,quantile,0.975,3344,2027-02-27
2027-02-13,wk inc flu hosp,2,42,quantile,0.99,3378,2027-02-27
2027-02-13,wk inc flu hosp,2,44,quantile,0.01,38,2027-02-27
2027-02-13,wk inc flu hosp,2,44,quantile,0.025,39,2027-02-27
2027-02-13,wk inc flu hosp,2,44,quantile,0.05,46,2027-02-27
2027-02-13,wk inc flu hosp,2,44,quantile,0.1,55,2027-02-27
2027-02-13,wk inc flu hosp,2,44,quantile,0.15,58,2027-02-27
2027-02-13,wk inc flu hosp,2,44,quantile,0.2,60,2027-02-27
2027-02-13,wk inc flu hosp,2,44,quantile,0.25,64,2027-02-27
2027-02-13,wk inc flu hosp,2,44,quantile,0.3,67,2027-02-27
2027-02-13,wk inc flu hosp,2,44,quantile,0.35,71,2027-02-27
2027-02-13,wk inc flu hosp,2,44,quantile,0.4,73,2027-02-27
2027-02-13,wk inc flu hosp,2,44,quantile,0.45,77,2027-02-27
2027-02-13,wk inc flu hosp,2,44,quantile,0.5,79,2027-02-27
2027-02-13,wk inc flu hosp,2,44,quantile,0.55,84,2027-02-27
2027-02-13,wk inc flu hosp,2,44,quantile,0.6,87,2027-02-27
2027-02-13,wk inc flu hosp,2,44,quantile,0.65,90,2027-02-27
2027-02-13,wk inc flu hosp,2,44,quantile,0.7,94,2027-02-27
2027-02-13,wk inc flu hosp,2,44,quantile,0.75,97,2027-02-27
2027-02-13,wk inc flu hosp,2,44,quantile,0.8,104,2027-02-27
2027-02-13,wk inc flu hosp,2,44,quantile,0.85,109,2027-02-27
2027-02-13,wk inc flu hosp,2,44,quantile,0.9,120,2027-02-27
2027-02-13,wk inc flu hosp,2,44,quantile,0.95,129,2027-02-27
2027-02-13,wk inc flu hosp,2,44,quantile,0.975,133,2027-02-27
2027-02-13,wk inc flu hosp,2,44,quantile,0.99,140,2027-02-27
2027-02-13,wk inc flu hosp,2,45,quantile,0.01,110,2027-02-27
2027-02-13,wk inc flu hosp,2,45,quantile,0.025,113,2027-02-27
2027-02-13,wk inc flu hosp,2,45,quantile,0.05,130,2027-02-27
2027-02-13,wk inc flu hosp,2,45,quantile,0.1,152,2027-02-27
2027-02-13,wk inc flu hosp,2,45,quantile,0.15,166,2027-02-27
2027-02-13,wk inc flu hosp,2,45,quantile,0.2,175,2027-02-27
2027-02-13,wk inc flu hosp,2,45,quantile,0.25,188,2027-02-27
2027-02-13,wk inc flu hosp,2,45,quantile,0.3,200,2027-02-27
2027-02-13,wk inc flu hosp,2,45,quantile,0.35,211,2027-02-27
2027-02-13,wk inc flu hosp,2,45,quantile,0.4,219,2027-02-27
2027-02-13,wk inc flu hosp,2,45,quantile,0.45,226,2027-02-27
2027-02-13,wk inc flu hosp,2,45,quantile,0.5,240,2027-02-27
2027-02-13,wk inc flu hosp,2,45,quantile,0.55,252,2027-02-27
2027-02-13,wk inc flu hosp,2,45,quantile,0.6,264,2027-02-27
2027-02-13,wk inc flu hosp,2,45,quantile,0.65,268,2027-02-27
2027-02-13,wk inc flu hosp,2,45,quantile,0.7,282,2027-02-27
2027-02-13,wk inc flu hosp,2,45,quantile,0.75,293,2027-02-27
2027-02-13,wk inc flu hosp,2,45,quantile,0.8,305,2027-02-27
2027-02-13,wk inc flu hosp,2,45,quantile,0.85,322,2027-02-27
2027-02-13,wk inc flu hosp,2,45,quantile,0.9,345,2027-02-27
2027-02-13,wk inc flu hosp,2,45,quantile,0.95,398,2027-02-27
2027-02-13,wk inc flu hosp,2,45,quantile,0.975,432,2027-02-27
2027-02-13,wk inc flu hosp,2,45,quantile,0.99,457,2027-02-27
2027-02-13,wk inc flu hosp,2,46,quantile,0.01,36,2027-02-27
2027-02-13,wk inc flu hosp,2,46,quantile,0.025,44,2027-02-27
2027-02-13,wk inc flu hosp,2,46,quantile,0.05,49,2027-02-27
2027-02-13,wk inc flu hosp,2,46,quantile,0.1,57,2027-02-27
2027-02-13,wk inc flu hosp,2,46,quantile,0.15,60,2027-02-27
2027-02-13,wk inc flu hosp,2,46,quantile,0.2,65,2027-02-27
2027-02-13,wk inc flu hosp,2,46,quantile,0.25,67,2027-02-27
2027-02-13,wk inc flu hosp,2,46,quantile,0.3,68,2027-02-27
2027-02-13,wk inc flu hosp,2,46,quantile,0.35,71,2027-02-27
2027-02-13,wk inc flu hosp,2,46,quantile,0.4,73,2027-02-27
2027-02-13,wk inc flu hosp,2,46,quantile,0.45,76,2027-02-27
2027-02-13,wk inc flu hosp,2,46,quantile,0.5,78,2027-02-27
2027-02-13,wk inc flu hosp,2,46,quantile,0.55,81,2027-02-27
2027-02-13,wk inc flu hosp,2,46,quantile,0.6,84,2027-02-27
2027-02-13,wk inc flu hosp,2,46,quantile,0.65,85,2027-02-27
2027-02-13,wk inc flu hosp,2,46,quantile,0.7,88,2027-02-27
2027-02-13,wk inc flu hosp,2,46,quantile,0.75,91,2027-02-27
2027-02-13,wk inc flu hosp,2,46,quantile,0.8,94,2027-02-27
2027-02-13,wk inc flu hosp,2,46,quantile,0.85,98,2027-02-27
2027-02-13,wk inc flu hosp,2,46,quantile,0.9,106,2027-02-27
2027-02-13,wk inc flu hosp,2,46,quantile,0.95,119,2027-02-27
2027-02-13,wk inc flu hosp,2,46,quantile,0.975,128,2027-02-27
2027-02-13,wk inc flu hosp,2,46,quantile,0.99,133,2027-02-27
2027-02-13,wk inc flu hosp,2,47,quantile,0.01,223,2027-02-27
2027-02-13,wk inc flu hosp,2,47,quantile,0.025,240,2027-02-27
2027-02-13,wk inc flu hosp,2,47,quantile,0.05,247,2027-02-27
2027-02-13,wk inc flu hosp,2,47,quantile,0.1,264,2027-02-27
2027-02-13,wk inc flu hosp,2,47,quantile,0.15,277,2027-02-27
2027-02-13,wk inc flu hosp,2,47,quantile,0.2,283,2027-02-27
2027-02-13,wk inc flu hosp,2,47,quantile,0.25,288,2027-02-27
2027-02-13,wk inc flu hosp,2,47,quantile,0.3,294,2027-02-27
2027-02-13,wk inc flu hosp,2,47,quantile,0.35,299,2027-02-27
2027-02-13,wk inc flu hosp,2,47,quantile,0.4,305,2027-02-27
2027-02-13,wk inc flu hosp,2,47,quantile,0.45,311,2027-02-27
2027-02-13,wk inc flu hosp,2,47,quantile,0.5,316,2027-02-27
2027-02-13,wk inc flu hosp,2,47,quantile,0.55,326,2027-02-27
2027-02-13,wk inc flu hosp,2,47,quantile,0.6,333,2027-02-27
2027-02-13,wk inc flu hosp,2,47,quantile,0.65,343,2027-02-27
2027-02-13,wk inc flu hosp,2,47,quantile,0.7,354,2027-02-27
2027-02-13,wk inc flu hosp,2,47,quantile,0.75,362,2027-02-27
2027-02-13,wk inc flu hosp,2,47,quantile,0.8,375,2027-02-27
2027-02-13,wk inc flu hosp,2,47,quantile,0.85,388,2027-02-27
2027-02-13,wk inc flu hosp,2,47,quantile,0.9,409,2027-02-27
2027-02-13,wk inc flu hosp,2,47,quantile,0.95,456,2027-02-27
2027-02-13,wk inc flu hosp,2,47,quantile,0.975,484,2027-02-27
2027-02-13,wk inc flu hosp,2,47,quantile,0.99,496,2027-02-27
2027-02-13,wk inc flu hosp,2,48,quantile,0.01,497,2027-02-27
2027-02-13,wk inc flu hosp,2,48,quantile,0.025,542,2027-02-27
2027-02-13,wk inc flu hosp,2,48,quantile,0.05,592,2027-02-27
2027-02-13,wk inc flu hosp,2,48,quantile,0.1,646,2027-02-27
2027-02-13,wk inc flu hosp,2,48,quantile,0.15,672,2027-02-27
2027-02-13,wk inc flu hosp,2,48,quantile,0.2,709,2027-02-27
2027-02-13,wk inc flu hosp,2,48,quantile,0.25,737,2027-02-27
2027-02-13,wk inc flu hosp,2,48,quantile,0.3,761,2027-02-27
2027-02-13,wk inc flu hosp,2,48,quantile,0.35,811,2027-02-27
2027-02-13,wk inc flu hosp,2,48,quantile,0.4,844,2027-02-27
2027-02-13,wk inc flu hosp,2,48,quantile,0.45,904,2027-02-27
2027-02-13,wk inc flu hosp,2,48,quantile,0.5,938,2027-02-27
2027-02-13,wk inc flu hosp,2,48,quantile,0.55,968,2027-02-27
2027-02-13,wk inc flu hosp,2,48,quantile,0.6,1003,2027-02-27
2027-02-13,wk inc flu hosp,2,48,quantile,0.65,1030,2027-02-27
2027-02-13,wk inc flu hosp,2,48,quantile,0.7,1064,2027-02-27
2027-02-13,wk inc flu hosp,2,48,quantile,0.75,1106,2027-02-27
2027-02-13,wk inc flu hosp,2,48,quantile,0.8,1158,2027-02-27
2027-02-13,wk inc flu hosp,2,48,quantile,0.85,1246,2027-02-27
2027-02-13,wk inc flu hosp,2,48,quantile,0.9,1385,2027-02-27
2027-02-13,wk inc flu hosp,2,48,quantile,0.95,1485,2027-02-27
2027-02-13,wk inc flu hosp,2,48,quantile,0.975,1578,2027-02-27
2027-02-13,wk inc flu hosp,2,48,quantile,0.99,1800,2027-02-27
2027-02-13,wk inc flu hosp,2,49,quantile,0.01,28,2027-02-27
2027-02-13,wk inc flu hosp,2,49,quantile,0.025,31,2027-02-27
2027-02-13,wk inc flu hosp,2,49,quantile,0.05,35,2027-02-27
2027-02-13,wk inc flu hosp,2,49,quantile,0.1,42,2027-02-27
2027-02-13,wk inc flu hosp,2,49,quantile,0.15,51,2027-02-27
2027-02-13,wk inc flu hosp,2,49,quantile,0.2,53,2027-02-27
2027-02-13,wk inc flu hosp,2,49,quantile,0.25,56,2027-02-27
2027-02-13,wk inc flu hosp,2,49,quantile,0.3,57,2027-02-27
2027-02-13,wk inc flu hosp,2,49,quantile,0.35,60,2027-02-27
2027-02-13,wk inc flu hosp,2,49,quantile,0.4,61,2027-02-27
2027-02-13,wk inc flu hosp,2,49,quantile,0.45,64,2027-02-27
2027-02-13,wk inc flu hosp,2,49,quantile,0.5,67,2027-02-27
2027-02-13,wk inc flu hosp,2,49,quantile,0.55,68,2027-02-27
2027-02-13,wk inc flu hosp,2,49,quantile,0.6,70,2027-02-27
2027-02-13,wk inc flu hosp,2,49,quantile,0.65,71,2027-02-27
2027-02-13,wk inc flu hosp,2,49,quantile,0.7,74,2027-02-27
2027-02-13,wk inc flu hosp,2,49,quantile,0.75,78,2027-02-27
2027-02-13,wk inc flu hosp,2,49,quantile,0.8,84,2027-02-27
2027-02-13,wk inc flu hosp,2,49,quantile,0.85,86,2027-02-27
2027-02-13,wk inc flu hosp,2,49,quantile,0.9,89,2027-02-27
2027-02-13,wk inc flu hosp,2,49,quantile,0.95,96,2027-02-27
2027-02-13,wk inc flu hosp,2,49,quantile,0.975,102,2027-02-27
2027-02-13,wk inc flu hosp,2,49,quantile,0.99,111,2027-02-27
2027-02-13,wk inc flu hosp,2,50,quantile,0.01,20,2027-02-27
2027-02-13,wk inc flu hosp,2,50,quantile,0.025,22,2027-02-27
2027-02-13,wk inc flu hosp,2,50,quantile,0.05,24,2027-02-27
2027-02-13,wk inc flu hosp,2,50,quantile,0.1,26,2027-02-27
2027-02-13,wk inc flu hosp,2,50,quantile,0.15,27,2027-02-27
2027-02-13,wk inc flu hosp,2,50,quantile,0.2,29,2027-02-27
2027-02-13,wk inc flu hosp,2,50,quantile,0.25,32,2027-02-27
2027-02-13,wk inc flu hosp,2,50,quantile,0.3,34,2027-02-27
2027-02-13,wk inc flu hosp,2,50,quantile,0.35,36,2027-02-27
2027-02-13,wk inc flu hosp,2,50,quantile,0.4,37,2027-02-27
2027-02-13,wk inc flu hosp,2,50,quantile,0.45,39,2027-02-27
2027-02-13,wk inc flu hosp,2,50,quantile,0.5,43,2027-02-27
2027-02-13,wk inc flu hosp,2,50,quantile,0.55,44,2027-02-27
2027-02-13,wk inc flu hosp,2,50,quantile,0.6,46,2027-02-27
2027-02-13,wk inc flu hosp,2,50,quantile,0.65,48,2027-02-27
2027-02-13,wk inc flu hosp,2,50,quantile,0.7,49,2027-02-27
2027-02-13,wk inc flu hosp,2,50,quantile,0.75,54,2027-02-27
2027-02-13,wk inc flu hosp,2,50,quantile,0.8,56,2027-02-27
2027-02-13,wk inc flu hosp,2,50,quantile,0.85,60,2027-02-27
2027-02-13,wk inc flu hosp,2,50,quantile,0.9,63,2027-02-27
2027-02-13,wk inc flu hosp,2,50,quantile,0.95,67,2027-02-27
2027-02-13,wk inc flu hosp,2,50,quantile,0.975,70,2027-02-27
2027-02-13,wk inc flu hosp,2,50,quantile,0.99,77,2027-02-27
2027-02-13,wk inc flu hosp,2,51,quantile,0.01,252,2027-02-27
2027-02-13,wk inc flu hosp,2,51,quantile,0.025,283,2027-02-27
2027-02-13,wk inc flu hosp,2,51,quantile,0.05,318,2027-02-27
2027-02-13,wk inc flu hosp,2,51,quantile,0.1,337,2027-02-27
2027-02-13,wk inc flu hosp,2,51,quantile,0.15,363,2027-02-27
2027-02-13,wk inc flu hosp,2,51,quantile,0.2,374,2027-02-27
2027-02-13,wk inc flu hosp,2,51,quantile,0.25,396,2027-02-27
2027-02-13,wk inc flu hosp,2,51,quantile,0.3,411,2027-02-27
2027-02-13,wk inc flu hosp,2,51,quantile,0.35,426,2027-02-27
2027-02-13,wk inc flu hosp,2,51,quantile,0.4,434,2027-02-27
2027-02-13,wk inc flu hosp,2,51,quantile,0.45,447,2027-02-27
2027-02-13,wk inc flu hosp,2,51,quantile,0.5,464,2027-02-27
2027-02-13,wk inc flu hosp,2,51,quantile,0.55,466,2027-02-27
2027-02-13,wk inc flu hosp,2,51,quantile,0.6,479,2027-02-27
2027-02-13,wk inc flu hosp,2,51,quantile,0.65,495,2027-02-27
2027-02-13,wk inc flu hosp,2,51,quantile,0.7,514,2027-02-27
2027-02-13,wk inc flu hosp,2,51,quantile,0.75,533,2027-02-27
2027-02-13,wk inc flu hosp,2,51,quantile,0.8,558,2027-02-27
2027-02-13,wk inc flu hosp,2,51,quantile,0.85,586,2027-02-27
2027-02-13,wk inc flu hosp,2,51,quantile,0.9,656,2027-02-27
2027-02-13,wk inc flu hosp,2,51,quantile,0.95,680,2027-02-27
2027-02-13,wk inc flu hosp,2,51,quantile,0.975,720,2027-02-27
2027-02-13,wk inc flu hosp,2,51,quantile,0.99,732,2027-02-27
2027-02-13,wk inc flu hosp,2,53,quantile,0.01,159,2027-02-27
2027-02-13,wk inc flu hosp,2,53,quantile,0.025,167,2027-02-27
2027-02-13,wk inc flu hosp,2,53,quantile,0.05,179,2027-02-27
2027-02-13,wk inc flu hosp,2,53,quantile,0.1,209,2027-02-27
2027-02-13,wk inc flu hosp,2,53,quantile,0.15,225,2027-02-27
2027-02-13,wk inc flu hosp,2,53,quantile,0.2,239,2027-02-27
2027-02-13,wk inc flu hosp,2,53,quantile,0.25,250,2027-02-27
2027-02-13,wk inc flu hosp,2,53,quantile,0.3,266,2027-02-27
2027-02-13,wk inc flu hosp,2,53,quantile,0.35,271,2027-02-27
2027-02-13,wk inc flu hosp,2,53,quantile,0.4,277,2027-02-27
2027-02-13,wk inc flu hosp,2,53,quantile,0.45,289,2027-02-27
2027-02-13,wk inc flu hosp,2,53,quantile,0.5,296,2027-02-27
2027-02-13,wk inc flu hosp,2,53,quantile,0.55,310,2027-02-27
2027-02-13,wk inc flu hosp,2,53,quantile,0.6,316,2027-02-27
2027-02-13,wk inc flu hosp,2,53,quantile,0.65,333,2027-02-27
2027-02-13,wk inc flu hosp,2,53,quantile,0.7,348,2027-02-27
2027-02-13,wk inc flu hosp,2,53,quantile,0.75,359,2027-02-27
2027-02-13,wk inc flu hosp,2,53,quantile,0.8,387,2027-02-27
2027-02-13,wk inc flu hosp,2,53,quantile,0.85,405,2027-02-27
2027-02-13,wk inc flu hosp,2,53,quantile,0.9,433,2027-02-27
2027-02-13,wk inc flu hosp,2,53,quantile,0.95,492,2027-02-27
2027-02-13,wk inc flu hosp,2,53,quantile,0.975,505,2027-02-27
2027-02-13,wk inc flu hosp,2,53,quantile,0.99,573,2027-02-27
2027-02-13,wk inc flu hosp,2,54,quantile,0.01,225,2027-02-27
2027-02-13,wk inc flu hosp,2,54,quantile,0.025,237,2027-02-27
2027-02-13,wk inc flu hosp,2,54,quantile,0.05,249,2027-02-27
2027-02-13,wk inc flu hosp,2,54,quantile,0.1,270,2027-02-27
2027-02-13,wk inc flu hosp,2,54,quantile,0.15,291,2027-02-27
2027-02-13,wk inc flu hosp,2,54,quantile,0.2,306,2027-02-27
2027-02-13,wk inc flu hosp,2,54,quantile,0.25,322,2027-02-27
2027-02-13,wk inc flu hosp,2,54,quantile,0.3,327,2027-02-27
2027-02-13,wk inc flu hosp,2,54,quantile,0.35,343,2027-02-27
2027-02-13,wk inc flu hosp,2,54,quantile,0.4,347,2027-02-27
2027-02-13,wk inc flu hosp,2,54,quantile,0.45,357,2027-02-27
2027-02-13,wk inc flu hosp,2,54,quantile,0.5,367,2027-02-27
2027-02-13,wk inc flu hosp,2,54,quantile,0.55,376,2027-02-27
2027-02-13,wk inc flu hosp,2,54,quantile,0.6,384,2027-02-27
2027-02-13,wk inc flu hosp,2,54,quantile,0.65,394,2027-02-27
2027-02-13,wk inc flu hosp,2,54,quantile,0.7,413,2027-02-27
2027-02-13,wk inc flu hosp,2,54,quantile,0.75,428,2027-02-27
2027-02-13,wk inc flu hosp,2,54,quantile,0.8,444,2027-02-27
2027-02-13,wk inc flu hosp,2,54,quantile,0.85,469,2027-02-27
2027-02-13,wk inc flu hosp,2,54,quantile,0.9,490,2027-02-27
2027-02-13,wk inc flu hosp,2,54,quantile,0.95,527,2027-02-27
2027-02-13,wk inc flu hosp,2,54,quantile,0.975,608,2027-02-27
2027-02-13,wk inc flu hosp,2,54,quantile,0.99,788,2027-02-27
2027-02-13,wk inc flu hosp,2,55,quantile,0.01,345,2027-02-27
2027-02-13,wk inc flu hosp,2,55,quantile,0.025,376,2027-02-27
2027-02-13,wk inc flu hosp,2,55,quantile,0.05,410,2027-02-27
2027-02-13,wk inc flu hosp,2,55,quantile,0.1,444,2027-02-27
2027-02-13,wk inc flu hosp,2,55,quantile,0.15,464,2027-02-27
2027-02-13,wk inc flu hosp,2,55,quantile,0.2,480,2027-02-27
2027-02-13,wk inc flu hosp,2,55,quantile,0.25,496,2027-02-27
2027-02-13,wk inc flu hosp,2,55,quantile,0.3,513,2027-02-27
2027-02-13,wk inc flu hosp,2,55,quantile,0.35,527,2027-02-27
2027-02-13,wk inc flu hosp,2,55,quantile,0.4,542,2027-02-27
2027-02-13,wk inc flu hosp,2,55,quantile,0.45,549,2027-02-27
2027-02-13,wk inc flu hosp,2,55,quantile,0.5,566,2027-02-27
2027-02-13,wk inc flu hosp,2,55,quantile,0.55,580,2027-02-27
2027-02-13,wk inc flu hosp,2,55,quantile,0.6,598,2027-02-27
2027-02-13,wk inc flu hosp,2,55,quantile,0.65,618,2027-02-27
2027-02-13,wk inc flu hosp,2,55,quantile,0.7,649,2027-02-27
2027-02-13,wk inc flu hosp,2,55,quantile,0.75,675,2027-02-27
2027-02-13,wk inc flu hosp,2,55,quantile,0.8,729,2027-02-27
2027-02-13,wk inc flu hosp,2,55,quantile,0.85,769,2027-02-27
2027-02-13,wk inc flu hosp,2,55,quantile,0.9,811,2027-02-27
2027-02-13,wk inc flu hosp,2,55,quantile,0.95,932,2027-02-27
2027-02-13,wk inc flu hosp,2,55,quantile,0.975,964,2027-02-27
2027-02-13,wk inc flu hosp,2,55,quantile,0.99,994,2027-02-27
2027-02-13,wk inc flu hosp,2,56,quantile,0.01,10,2027-02-27
2027-02-13,wk inc flu hosp,2,56,quantile,0.025,12,2027-02-27
2027-02-13,wk inc flu hosp,2,56,quantile,0.05,14,2027-02-27
2027-02-13,wk inc flu hosp,2,56,quantile,0.1,17,2027-02-27
2027-02-13,wk inc flu hosp,2,56,quantile,0.15,19,2027-02-27
2027-02-13,wk inc flu hosp,2,56,quantile,0.2,23,2027-02-27
2027-02-13,wk inc flu hosp,2,56,quantile,0.25,24,2027-02-27
2027-02-13,wk inc flu hosp,2,56,quantile,0.3,25,2027-02-27
2027-02-13,wk inc flu hosp,2,56,quantile,0.35,26,2027-02-27
2027-02-13,wk inc flu hosp,2,56,quantile,0.4,27,2027-02-27
2027-02-13,wk inc flu hosp,2,56,quantile,0.45,28,2027-02-27
2027-02-13,wk inc flu hosp,2,56,quantile,0.5,30,2027-02-27
2027-02-13,wk inc flu hosp,2,56,quantile,0.55,31,2027-02-27
2027-02-13,wk inc flu hosp,2,56,quantile,0.6,33,2027-02-27
2027-02-13,wk inc flu hosp,2,56,quantile,0.65,34,2027-02-27
2027-02-13,wk inc flu hosp,2,56,quantile,0.7,36,2027-02-27
2027-02-13,wk inc flu hosp,2,56,quantile,0.75,39,2027-02-27
2027-02-13,wk inc flu hosp,2,56,quantile,0.8,43,2027-02-27
2027-02-13,wk inc flu hosp,2,56,quantile,0.85,46,2027-02-27
2027-02-13,wk inc flu hosp,2,56,quantile,0.9,49,2027-02-27
2027-02-13,wk inc flu hosp,2,56,quantile,0.95,60,2027-02-27
2027-02-13,wk inc flu hosp,2,56,quantile,0.975,65,2027-02-27
2027-02-13,wk inc flu hosp,2,56,quantile,0.99,71,2027-02-27
2027-02-13,wk inc flu hosp,2,72,quantile,0.01,82,2027-02-27
2027-02-13,wk inc flu hosp,2,72,quantile,0.025,88,2027-02-27
2027-02-13,wk inc flu hosp,2,72,quantile,0.05,114,2027-02-27
2027-02-13,wk inc flu hosp,2,72,quantile,0.1,140,2027-02-27
2027-02-13,wk inc flu hosp,2,72,quantile,0.15,153,2027-02-27
2027-02-13,wk inc flu hosp,2,72,quantile,0.2,185,2027-02-27
2027-02-13,wk inc flu hosp,2,72,quantile,0.25,194,2027-02-27
2027-02-13,wk inc flu hosp,2,72,quantile,0.3,215,2027-02-27
2027-02-13,wk inc flu hosp,2,72,quantile,0.35,228,2027-02-27
2027-02-13,wk inc flu hosp,2,72,quantile,0.4,243,2027-02-27
2027-02-13,wk inc flu hosp,2,72,quantile,0.45,257,2027-02-27
2027-02-13,wk inc flu hosp,2,72,quantile,0.5,272,2027-02-27
2027-02-13,wk inc flu hosp,2,72,quantile,0.55,284,2027-02-27
2027-02-13,wk inc flu hosp,2,72,quantile,0.6,314,2027-02-27
2027-02-13,wk inc flu hosp,2,72,quantile,0.65,335,2027-02-27
2027-02-13,wk inc flu hosp,2,72,quantile,0.7,362,2027-02-27
2027-02-13,wk inc flu hosp,2,72,quantile,0.75,388,2027-02-27
2027-02-13,wk inc flu hosp,2,72,quantile,0.8,427,2027-02-27
2027-02-13,wk inc flu hosp,2,72,quantile,0.85,447,2027-02-27
2027-02-13,wk inc flu hosp,2,72,quantile,0.9,474,2027-02-27
2027-02-13,wk inc flu hosp,2,72,quantile,0.95,516,2027-02-27
2027-02-13,wk inc flu hosp,2,72,quantile,0.975,543,2027-02-27
2027-02-13,wk inc flu hosp,2,72,quantile,0.99,619,2027-02-27
2027-02-13,wk inc flu hosp,2,USA,quantile,0.01,21095,2027-02-27
2027-02-13,wk inc flu hosp,2,USA,quantile,0.025,21266,2027-02-27
2027-02-13,wk inc flu hosp,2,USA,quantile,0.05,21452,2027-02-27
2027-02-13,wk inc flu hosp,2,USA,quantile,0.1,22041,2027-02-27
2027-02-13,wk inc flu hosp,2,USA,quantile,0.15,22319,2027-02-27
2027-02-13,wk inc flu hosp,2,USA,quantile,0.2,22657,2027-02-27
2027-02-13,wk inc flu hosp,2,USA,quantile,0.25,22853,2027-02-27
2027-02-13,wk inc flu hosp,2,USA,quantile,0.3,23166,2027-02-27
2027-02-13,wk inc flu hosp,2,USA,quantile,0.35,23311,2027-02-27
2027-02-13,wk inc flu hosp,2,USA,quantile,0.4,23445,2027-02-27
2027-02-13,wk inc flu hosp,2,USA,quantile,0.45,23647,2027-02-27
2027-02-13,wk inc flu hosp,2,USA,quantile,0.5,23879,2027-02-27
2027-02-13,wk inc flu hosp,2,USA,quantile,0.55,24228,2027-02-27
2027-02-13,wk inc flu hosp,2,USA,quantile,0.6,24551,2027-02-27
2027-02-13,wk inc flu hosp,2,USA,quantile,0.65,25048,2027-02-27
2027-02-13,wk inc flu hosp,2,USA,quantile,0.7,25170,2027-02-27
2027-02-13,wk inc flu hosp,2,USA,quantile,0.75,25564,2027-02-27
2027-02-13,wk inc flu hosp,2,USA,quantile,0.8,26097,2027-02-27
2027-02-13,wk inc flu hosp,2,USA,quantile,0.85,26504,2027-02-27
2027-02-13,wk inc flu hosp,2,USA,quantile,0.9,27045,2027-02-27
2027-02-13,wk inc flu hosp,2,USA,quantile,0.95,28589,2027-02-27
2027-02-13,wk inc flu hosp,2,USA,quantile,0.975,29155,2027-02-27
2027-02-13,wk inc flu hosp,2,USA,quantile,0.99,31469,2027-02-27
2027-02-13,wk inc flu hosp,3,01,quantile,0.01,148,2027-03-06
2027-02-13,wk inc flu hosp,3,01,quantile,0.025,158,2027-03-06
2027-02-13,wk inc flu hosp,3,01,quantile,0.05,170,2027-03-06
2027-02-13,wk inc flu hosp,3,01,quantile,0.1,192,2027-03-06
2027-02-13,wk inc flu hosp,3,01,quantile,0.15,204,2027-03-06
2027-02-13,wk inc flu hosp,3,01,quantile,0.2,221,2027-03-06
2027-02-13,wk inc flu hosp,3,01,quantile,0.25,227,2027-03-06
2027-02-13,wk inc flu hosp,3,01,quantile,0.3,233,2027-03-06
2027-02-13,wk inc flu hosp,3,01,quantile,0.35,239,2027-03-06
2027-02-13,wk inc flu hosp,3,01,quantile,0.4,244,2027-03-06
2027-02-13,wk inc flu hosp,3,01,quantile,0.45,250,2027-03-06
2027-02-13,wk inc flu hosp,3,01,quantile,0.5,264,2027-03-06
2027-02-13,wk inc flu hosp,3,01,quantile,0.55,271,2027-03-06
2027-02-13,wk inc flu hosp,3,01,quantile,0.6,277,2027-03-06
2027-02-13,wk inc flu hosp,3,01,quantile,0.65,286,2027-03-06
2027-02-13,wk inc flu hosp,3,01,quantile,0.7,301,2027-03-06
2027-02-13,wk inc flu hosp,3,01,quantile,0.75,312,2027-03-06
2027-02-13,wk inc flu hosp,3,01,quantile,0.8,325,2027-03-06
2027-02-13,wk inc flu hosp,3,01,quantile,0.85,340,2027-03-06
2027-02-13,wk inc flu hosp,3,01,quantile,0.9,353,2027-03-06
2027-02-13,wk inc flu hosp,3,01,quantile,0.95,402,2027-03-06
2027-02-13,wk inc flu hosp,3,01,quantile,0.975,480,2027-03-06
2027-02-13,wk inc flu hosp,3,01,quantile,0.99,554,2027-03-06
2027-02-13,wk inc flu hosp,3,02,quantile,0.01,9,2027-03-06
2027-02-13,wk inc flu hosp,3,02,quantile,0.025,12,2027-03-06
2027-02-13,wk inc flu hosp,3,02,quantile,0.05,16,2027-03-06
2027-02-13,wk inc flu hosp,3,02,quantile,0.1,18,2027-03-06
2027-02-13,wk inc flu hosp,3,02,quantile,0.15,22,2027-03-06
2027-02-13,wk inc flu hosp,3,02,quantile,0.2,24,2027-03-06
2027-02-13,wk inc flu hosp,3,02,quantile,0.25,27,2027-03-06
2027-02-13,wk inc flu hosp,3,02,quantile,0.3,28,2027-03-06
2027-02-13,wk inc flu hosp,3,02,quantile,0.35,31,2027-03-06
2027-02-13,wk inc flu hosp,3,02,quantile,0.4,32,2027-03-06
2027-02-13,wk inc flu hosp,3,02,quantile,0.45,35,2027-03-06
2027-02-13,wk inc flu hosp,3,02,quantile,0.5,37,2027-03-06
2027-02-13,wk inc flu hosp,3,02,quantile,0.55,40,2027-03-06
2027-02-13,wk inc flu hosp,3,02,quantile,0.6,44,2027-03-06
2027-02-13,wk inc flu hosp,3,02,quantile,0.65,47,2027-03-06
2027-02-13,wk inc flu hosp,3,02,quantile,0.7,50,2027-03-06
2027-02-13,wk inc flu hosp,3,02,quantile,0.75,53,2027-03-06
2027-02-13,wk inc flu hosp,3,02,quantile,0.8,59,2027-03-06
2027-02-13,wk inc flu hosp,3,02,quantile,0.85,64,2027-03-06
2027-02-13,wk inc flu hosp,3,02,quantile,0.9,74,2027-03-06
2027-02-13,wk inc flu hosp,3,02,quantile,0.95,99,2027-03-06
2027-02-13,wk inc flu hosp,3,02,quantile,0.975,110,2027-03-06
2027-02-13,wk inc flu hosp,3,02,quantile,0.99,114,2027-03-06
2027-02-13,wk inc flu hosp,3,04,quantile,0.01,213,2027-03-06
2027-02-13,wk inc flu hosp,3,04,quantile,0.025,231,2027-03-06
2027-02-13,wk inc flu hosp,3,04,quantile,0.05,265,2027-03-06
2027-02-13,wk inc flu hosp,3,04,quantile,0.1,292,2027-03-06
2027-02-13,wk inc flu hosp,3,04,quantile,0.15,310,2027-03-06
2027-02-13,wk inc flu hosp,3,04,quantile,0.2,324,2027-03-06
2027-02-13,wk inc flu hosp,3,04,quantile,0.25,355,2027-03-06
2027-02-13,wk inc flu hosp,3,04,quantile,0.3,366,2027-03-06
2027-02-13,wk inc flu hosp,3,04,quantile,0.35,379,2027-03-06
2027-02-13,wk inc flu hosp,3,04,quantile,0.4,392,2027-03-06
2027-02-13,wk inc flu hosp,3,04,quantile,0.45,405,2027-03-06
2027-02-13,wk inc flu hosp,3,04,quantile,0.5,416,2027-03-06
2027-02-13,wk inc flu hosp,3,04,quantile,0.55,434,2027-03-06
2027-02-13,wk inc flu hosp,3,04,quantile,0.6,460,2027-03-06
2027-02-13,wk inc flu hosp,3,04,quantile,0.65,486,2027-03-06
2027-02-13,wk inc flu hosp,3,04,quantile,0.7,510,2027-03-06
2027-02-13,wk inc flu hosp,3,04,quantile,0.75,540,2027-03-06
2027-02-13,wk inc flu hosp,3,04,quantile,0.8,557,2027-03-06
2027-02-13,wk inc flu hosp,3,04,quantile,0.85,592,2027-03-06
2027-02-13,wk inc flu hosp,3,04,quantile,0.9,639,2027-03-06
2027-02-13,wk inc flu hosp,3,04,quantile,0.95,718,2027-03-06
2027-02-13,wk inc flu hosp,3,04,quantile,0.975,772,2027-03-06
2027-02-13,wk inc flu hosp,3,04,quantile,0.99,809,2027-03-06
2027-02-13,wk inc flu hosp,3,05,quantile,0.01,150,2027-03-06
2027-02-13,wk inc flu hosp,3,05,quantile,0.025,162,2027-03-06
2027-02-13,wk inc flu hosp,3,05,quantile,0.05,198,2027-03-06
2027-02-13,wk inc flu hosp,3,05,quantile,0.1,230,2027-03-06
2027-02-13,wk inc flu hosp,3,05,quantile,0.15,238,2027-03-06
2027-02-13,wk inc flu hosp,3,05,quantile,0.2,247,2027-03-06
2027-02-13,wk inc flu hosp,3,05,quantile,0.25,251,2027-03-06
2027-02-13,wk inc flu hosp,3,05,quantile,0.3,257,2027-03-06
2027-02-13,wk inc flu hosp,3,05,quantile,0.35,265,2027-03-06
2027-02-13,wk inc flu hosp,3,05,quantile,0.4,274,2027-03-06
2027-02-13,wk inc flu hosp,3,05,quantile,0.45,282,2027-03-06
2027-02-13,wk inc flu hosp,3,05,quantile,0.5,292,2027-03-06
2027-02-13,wk inc flu hosp,3,05,quantile,0.55,301,2027-03-06
2027-02-13,wk inc flu hosp,3,05,quantile,0.6,307,2027-03-06
2027-02-13,wk inc flu hosp,3,05,quantile,0.65,320,2027-03-06
2027-02-13,wk inc flu hosp,3,05,quantile,0.7,324,2027-03-06
2027-02-13,wk inc flu hosp,3,05,quantile,0.75,340,2027-03-06
2027-02-13,wk inc flu hosp,3,05,quantile,0.8,362,2027-03-06
2027-02-13,wk inc flu hosp,3,05,quantile,0.85,372,2027-03-06
2027-02-13,wk inc flu hosp,3,05,quantile,0.9,404,2027-03-06
2027-02-13,wk inc flu hosp,3,05,quantile,0.95,439,2027-03-06
2027-02-13,wk inc flu hosp,3,05,quantile,0.975,476,2027-03-06
2027-02-13,wk inc flu hosp,3,05,quantile,0.99,519,2027-03-06
2027-02-13,wk inc flu hosp,3,06,quantile,0.01,556,2027-03-06
2027-02-13,wk inc flu hosp,3,06,quantile,0.025,565,2027-03-06
2027-02-13,wk inc flu hosp,3,06,quantile,0.05,639,2027-03-06
2027-02-13,wk inc flu hosp,3,06,quantile,0.1,702,2027-03-06
2027-02-13,wk inc flu hosp,3,06,quantile,0.15,757,2027-03-06
2027-02-13,wk inc flu hosp,3,06,quantile,0.2,781,2027-03-06
2027-02-13,wk inc flu hosp,3,06,quantile,0.25,812,2027-03-06
2027-02-13,wk inc flu hosp,3,06,quantile,0.3,841,2027-03-06
2027-02-13,wk inc flu hosp,3,06,quantile,0.35,881,2027-03-06
2027-02-13,wk inc flu hosp,3,06,quantile,0.4,905,2027-03-06
2027-02-13,wk inc flu hosp,3,06,quantile,0.45,940,2027-03-06
2027-02-13,wk inc flu hosp,3,06,quantile,0.5,962,2027-03-06
2027-02-13,wk inc flu hosp,3,06,quantile,0.55,994,2027-03-06
2027-02-13,wk inc flu hosp,3,06,quantile,0.6,1021,2027-03-06
2027-02-13,wk inc flu hosp,3,06,quantile,0.65,1047,2027-03-06
2027-02-13,wk inc flu hosp,3,06,quantile,0.7,1083,2027-03-06
2027-02-13,wk inc flu hosp,3,06,quantile,0.75,1110,2027-03-06
2027-02-13,wk inc flu hosp,3,06,quantile,0.8,1145,2027-03-06
2027-02-13,wk inc flu hosp,3,06,quantile,0.85,1180,2027-03-06
2027-02-13,wk inc flu hosp,3,06,quantile,0.9,1299,2027-03-06
2027-02-13,wk inc flu hosp,3,06,quantile,0.95,1405,2027-03-06
2027-02-13,wk inc flu hosp,3,06,quantile,0.975,1455,2027-03-06
2027-02-13,wk inc flu hosp,3,06,quantile,0.99,1548,2027-03-06
2027-02-13,wk inc flu hosp,3,08,quantile,0.01,133,2027-03-06
2027-02-13,wk inc flu hosp,3,08,quantile,0.025,159,2027-03-06
2027-02-13,wk inc flu hosp,3,08,quantile,0.05,174,2027-03-06
2027-02-13,wk inc flu hosp,3,08,quantile,0.1,191,2027-03-06
2027-02-13,wk inc flu hosp,3,08,quantile,0.15,200,2027-03-06
2027-02-13,wk inc flu hosp,3,08,quantile,0.2,206,2027-03-06
2027-02-13,wk inc flu hosp,3,08,quantile,0.25,217,2027-03-06
2027-02-13,wk inc flu hosp,3,08,quantile,0.3,229,2027-03-06
2027-02-13,wk inc flu hosp,3,08,quantile,0.35,238,2027-03-06
2027-02-13,wk inc flu hosp,3,08,quantile,0.4,247,2027-03-06
2027-02-13,wk inc flu hosp,3,08,quantile,0.45,252,2027-03-06
2027-02-13,wk inc flu hosp,3,08,quantile,0.5,262,2027-03-06
2027-02-13,wk inc flu hosp,3,08,quantile,0.55,268,2027-03-06
2027-02-13,wk inc flu hosp,3,08,quantile,0.6,280,2027-03-06
2027-02-13,wk inc flu hosp,3,08,quantile,0.65,287,2027-03-06
2027-02-13,wk inc flu hosp,3,08,quantile,0.7,299,2027-03-06
2027-02-13,wk inc flu hosp,3,08,quantile,0.75,312,2027-03-06
2027-02-13,wk inc flu hosp,3,08,quantile,0.8,321,2027-03-06
2027-02-13,wk inc flu hosp,3,08,quantile,0.85,346,2027-03-06
2027-02-13,wk inc flu hosp,3,08,quantile,0.9,369,2027-03-06
2027-02-13,wk inc flu hosp,3,08,quantile,0.95,388,2027-03-06
2027-02-13,wk inc flu hosp,3,08,quantile,0.975,430,2027-03-06
2027-02-13,wk inc flu hosp,3,08,quantile,0.99,473,2027-03-06
2027-02-13,wk inc flu hosp,3,09,quantile,0.01,108,2027-03-06
2027-02-13,wk inc flu hosp,3,09,quantile,0.025,122,2027-03-06
2027-02-13,wk inc flu hosp,3,09,quantile,0.05,128,2027-03-06
2027-02-13,wk inc flu hosp,3,09,quantile,0.1,155,2027-03-06
2027-02-13,wk inc flu hosp,3,09,quantile,0.15,181,2027-03-06
2027-02-13,wk inc flu hosp,3,09,quantile,0.2,199,2027-03-06
2027-02-13,wk inc flu hosp,3,09,quantile,0.25,212,2027-03-06
2027-02-13,wk inc flu hosp,3,09,quantile,0.3,224,2027-03-06
2027-02-13,wk inc flu hosp,3,09,quantile,0.35,232,2027-03-06
2027-02-13,wk inc flu hosp,3,09,quantile,0.4,239,2027-03-06
2027-02-13,wk inc flu hosp,3,09,quantile,0.45,258,2027-03-06
2027-02-13,wk inc flu hosp,3,09,quantile,0.5,273,2027-03-06
2027-02-13,wk inc flu hosp,3,09,quantile,0.55,293,2027-03-06
2027-02-13,wk inc flu hosp,3,09,quantile,0.6,311,2027-03-06
2027-02-13,wk inc flu hosp,3,09,quantile,0.65,328,2027-03-06
2027-02-13,wk inc flu hosp,3,09,quantile,0.7,342,2027-03-06
2027-02-13,wk inc flu hosp,3,09,quantile,0.75,356,2027-03-06
2027-02-13,wk inc flu hosp,3,09,quantile,0.8,382,2027-03-06
2027-02-13,wk inc flu hosp,3,09,quantile,0.85,410,2027-03-06
2027-02-13,wk inc flu hosp,3,09,quantile,0.9,433,2027-03-06
2027-02-13,wk inc flu hosp,3,09,quantile,0.95,537,2027-03-06
2027-02-13,wk inc flu hosp,3,09,quantile,0.975,561,2027-03-06
2027-02-13,wk inc flu hosp,3,09,quantile,0.99,590,2027-03-06
2027-02-13,wk inc flu hosp,3,10,quantile,0.01,45,2027-03-06
2027-02-13,wk inc flu hosp,3,10,quantile,0.025,46,2027-03-06
2027-02-13,wk inc flu hosp,3,10,quantile,0.05,58,2027-03-06
2027-02-13,wk inc flu hosp,3,10,quantile,0.1,67,2027-03-06
2027-02-13,wk inc flu hosp,3,10,quantile,0.15,71,2027-03-06
2027-02-13,wk inc flu hosp,3,10,quantile,0.2,74,2027-03-06
2027-02-13,wk inc flu hosp,3,10,quantile,0.25,77,2027-03-06
2027-02-13,wk inc flu hosp,3,10,quantile,0.3,80,2027-03-06
2027-02-13,wk inc flu hosp,3,10,quantile,0.35,83,2027-03-06
2027-02-13,wk inc flu hosp,3,10,quantile,0.4,87,2027-03-06
2027-02-13,wk inc flu hosp,3,10,quantile,0.45,90,2027-03-06
2027-02-13,wk inc flu hosp,3,10,quantile,0.5,94,2027-03-06
2027-02-13,wk inc flu hosp,3,10,quantile,0.55,99,2027-03-06
2027-02-13,wk inc flu hosp,3,10,quantile,0.6,104,2027-03-06
2027-02-13,wk inc flu hosp,3,10,quantile,0.65,106,2027-03-06
2027-02-13,wk inc flu hosp,3,10,quantile,0.7,111,2027-03-06
2027-02-13,wk inc flu hosp,3,10,quantile,0.75,115,2027-03-06
2027-02-13,wk inc flu hosp,3,10,quantile,0.8,122,2027-03-06
2027-02-13,wk inc flu hosp,3,10,quantile,0.85,127,2027-03-06
2027-02-13,wk inc flu hosp,3,10,quantile,0.9,137,2027-03-06
2027-02-13,wk inc flu hosp,3,10,quantile,0.95,153,2027-03-06
2027-02-13,wk inc flu hosp,3,10,quantile,0.975,159,2027-03-06
2027-02-13,wk inc flu hosp,3,10,quantile,0.99,174,2027-03-06
2027-02-13,wk inc flu hosp,3,11,quantile,0.01,6,2027-03-06
2027-02-13,wk inc flu hosp,3,11,quantile,0.025,8,2027-03-06
2027-02-13,wk inc flu hosp,3,11,quantile,0.05,10,2027-03-06
2027-02-13,wk inc flu hosp,3,11,quantile,0.1,11,2027-03-06
2027-02-13,wk inc flu hosp,3,11,quantile,0.15,14,2027-03-06
2027-02-13,wk inc flu hosp,3,11,quantile,0.2,16,2027-03-06
2027-02-13,wk inc flu hosp,3,11,quantile,0.25,18,2027-03-06
2027-02-13,wk inc flu hosp,3,11,quantile,0.3,20,2027-03-06
2027-02-13,wk inc flu hosp,3,11,quantile,0.35,22,2027-03-06
2027-02-13,wk inc flu hosp,3,11,quantile,0.4,23,2027-03-06
2027-02-13,wk inc flu hosp,3,11,quantile,0.45,25,2027-03-06
2027-02-13,wk inc flu hosp,3,11,quantile,0.5,27,2027-03-06
2027-02-13,wk inc flu hosp,3,11,quantile,0.55,29,2027-03-06
2027-02-13,wk inc flu hosp,3,11,quantile,0.6,32,2027-03-06
2027-02-13,wk inc flu hosp,3,11,quantile,0.65,33,2027-03-06
2027-02-13,wk inc flu hosp,3,11,quantile,0.7,36,2027-03-06
2027-02-13,wk inc flu hosp,3,11,quantile,0.75,38,2027-03-06
2027-02-13,wk inc flu hosp,3,11,quantile,0.8,40,2027-03-06
2027-02-13,wk inc flu hosp,3,11,quantile,0.85,43,2027-03-06
2027-02-13,wk inc flu hosp,3,11,quantile,0.9,50,2027-03-06
2027-02-13,wk inc flu hosp,3,11,quantile,0.95,67,2027-03-06
2027-02-13,wk inc flu hosp,3,11,quantile,0.975,78,2027-03-06
2027-02-13,wk inc flu hosp,3,11,quantile,0.99,86,2027-03-06
2027-02-13,wk inc flu hosp,3,12,quantile,0.01,728,2027-03-06
2027-02-13,wk inc flu hosp,3,12,quantile,0.025,788,2027-03-06
2027-02-13,wk inc flu hosp,3,12,quantile,0.05,909,2027-03-06
2027-02-13,wk inc flu hosp,3,12,quantile,0.1,1054,2027-03-06
2027-02-13,wk inc flu hosp,3,12,quantile,0.15,1154,2027-03-06
2027-02-13,wk inc flu hosp,3,12,quantile,0.2,1239,2027-03-06
2027-02-13,wk inc flu hosp,3,12,quantile,0.25,1278,2027-03-06
2027-02-13,wk inc flu hosp,3,12,quantile,0.3,1321,2027-03-06
2027-02-13,wk inc flu hosp,3,12,quantile,0.35,1384,2027-03-06
2027-02-13,wk inc flu hosp,3,12,quantile,0.4,1443,2027-03-06
2027-02-13,wk inc flu hosp,3,12,quantile,0.45,1496,2027-03-06
2027-02-13,wk inc flu hosp,3,12,quantile,0.5,1523,2027-03-06
2027-02-13,wk inc flu hosp,3,12,quantile,0.55,1554,2027-03-06
2027-02-13,wk inc flu hosp,3,12,quantile,0.6,1637,2027-03-06
2027-02-13,wk inc flu hosp,3,12,quantile,0.65,1698,2027-03-06
2027-02-13,wk inc flu hosp,3,12,quantile,0.7,1739,2027-03-06
2027-02-13,wk inc flu hosp,3,12,quantile,0.75,1820,2027-03-06
2027-02-13,wk inc flu hosp,3,12,quantile,0.8,1962,2027-03-06
2027-02-13,wk inc flu hosp,3,12,quantile,0.85,2065,2027-03-06
2027-02-13,wk inc flu hosp,3,12,quantile,0.9,2207,2027-03-06
2027-02-13,wk inc flu hosp,3,12,quantile,0.95,2376,2027-03-06
2027-02-13,wk inc flu hosp,3,12,quantile,0.975,2474,2027-03-06
2027-02-13,wk inc flu hosp,3,12,quantile,0.99,2769,2027-03-06
2027-02-13,wk inc flu hosp,3,13,quantile,0.01,143,2027-03-06
2027-02-13,wk inc flu hosp,3,13,quantile,0.025,192,2027-03-06
2027-02-13,wk inc flu hosp,3,13,quantile,0.05,210,2027-03-06
2027-02-13,wk inc flu hosp,3,13,quantile,0.1,242,2027-03-06
2027-02-13,wk inc flu hosp,3,13,quantile,0.15,256,2027-03-06
2027-02-13,wk inc flu hosp,3,13,quantile,0.2,278,2027-03-06
2027-02-13,wk inc flu hosp,3,13,quantile,0.25,302,2027-03-06
2027-02-13,wk inc flu hosp,3,13,quantile,0.3,315,2027-03-06
2027-02-13,wk inc flu hosp,3,13,quantile,0.35,325,2027-03-06
2027-02-13,wk inc flu hosp,3,13,quantile,0.4,332,2027-03-06
2027-02-13,wk inc flu hosp,3,13,quantile,0.45,346,2027-03-06
2027-02-13,wk inc flu hosp,3,13,quantile,0.5,355,2027-03-06
2027-02-13,wk inc flu hosp,3,13,quantile,0.55,377,2027-03-06
2027-02-13,wk inc flu hosp,3,13,quantile,0.6,390,2027-03-06
2027-02-13,wk inc flu hosp,3,13,quantile,0.65,408,2027-03-06
2027-02-13,wk inc flu hosp,3,13,quantile,0.7,426,2027-03-06
2027-02-13,wk inc flu hosp,3,13,quantile,0.75,434,2027-03-06
2027-02-13,wk inc flu hosp,3,13,quantile,0.8,458,2027-03-06
2027-02-13,wk inc flu hosp,3,13,quantile,0.85,493,2027-03-06
2027-02-13,wk inc flu hosp,3,13,quantile,0.9,556,2027-03-06
2027-02-13,wk inc flu hosp,3,13,quantile,0.95,614,2027-03-06
2027-02-13,wk inc flu hosp,3,13,quantile,0.975,651,2027-03-06
2027-02-13,wk inc flu hosp,3,13,quantile,0.99,728,2027-03-06
2027-02-13,wk inc flu hosp,3,15,quantile,0.01,9,2027-03-06
2027-02-13,wk inc flu hosp,3,15,quantile,0.025,11,2027-03-06
2027-02-13,wk inc flu hosp,3,15,quantile,0.05,13,2027-03-06
2027-02-13,wk inc flu hosp,3,15,quantile,0.1,15,2027-03-06
2027-02-13,wk inc flu hosp,3,15,quantile,0.15,17,2027-03-06
2027-02-13,wk inc flu hosp,3,15,quantile,0.2,19,2027-03-06
2027-02-13,wk inc flu hosp,3,15,quantile,0.25,21,2027-03-06
2027-02-13,wk inc flu hosp,3,15,quantile,0.3,23,2027-03-06
2027-02-13,wk inc flu hosp,3,15,quantile,0.35,24,2027-03-06
2027-02-13,wk inc flu hosp,3,15,quantile,0.4,25,2027-03-06
2027-02-13,wk inc flu hosp,3,15,quantile,0.45,26,2027-03-06
2027-02-13,wk inc flu hosp,3,15,quantile,0.5,27,2027-03-06
2027-02-13,wk inc flu hosp,3,15,quantile,0.55,29,2027-03-06
2027-02-13,wk inc flu hosp,3,15,quantile,0.6,30,2027-03-06
2027-02-13,wk inc flu hosp,3,15,quantile,0.65,31,2027-03-06
2027-02-13,wk inc flu hosp,3,15,quantile,0.7,32,2027-03-06
2027-02-13,wk inc flu hosp,3,15,quantile,0.75,34,2027-03-06
2027-02-13,wk inc flu hosp,3,15,quantile,0.8,35,2027-03-06
2027-02-13,wk inc flu hosp,3,15,quantile,0.85,38,2027-03-06
2027-02-13,wk inc flu hosp,3,15,quantile,0.9,42,2027-03-06
2027-02-13,wk inc flu hosp,3,15,quantile,0.95,46,2027-03-06
2027-02-13,wk inc flu hosp,3,15,quantile,0.975,51,2027-03-06
2027-02-13,wk inc flu hosp,3,15,quantile,0.99,56,2027-03-06
2027-02-13,wk inc flu hosp,3,16,quantile,0.01,59,2027-03-06
2027-02-13,wk inc flu hosp,3,16,quantile,0.025,65,2027-03-06
2027-02-13,wk inc flu hosp,3,16,quantile,0.05,68,2027-03-06
2027-02-13,wk inc flu hosp,3,16,quantile,0.1,82,2027-03-06
2027-02-13,wk inc flu hosp,3,16,quantile,0.15,86,2027-03-06
2027-02-13,wk inc flu hosp,3,16,quantile,0.2,92,2027-03-06
2027-02-13,wk inc flu hosp,3,16,quantile,0.25,97,2027-03-06
2027-02-13,wk inc flu hosp,3,16,quantile,0.3,100,2027-03-06
2027-02-13,wk inc flu hosp,3,16,quantile,0.35,106,2027-03-06
2027-02-13,wk inc flu hosp,3,16,quantile,0.4,113,2027-03-06
2027-02-13,wk inc flu hosp,3,16,quantile,0.45,116,2027-03-06
2027-02-13,wk inc flu hosp,3,16,quantile,0.5,121,2027-03-06
2027-02-13,wk inc flu hosp,3,16,quantile,0.55,127,2027-03-06
2027-02-13,wk inc flu hosp,3,16,quantile,0.6,131,2027-03-06
2027-02-13,wk inc flu hosp,3,16,quantile,0.65,136,2027-03-06
2027-02-13,wk inc flu hosp,3,16,quantile,0.7,142,2027-03-06
2027-02-13,wk inc flu hosp,3,16,quantile,0.75,150,2027-03-06
2027-02-13,wk inc flu hosp,3,16,quantile,0.8,162,2027-03-06
2027-02-13,wk inc flu hosp,3,16,quantile,0.85,171,2027-03-06
2027-02-13,wk inc flu hosp,3,16,quantile,0.9,184,2027-03-06
2027-02-13,wk inc flu hosp,3,16,quantile,0.95,198,2027-03-06
2027-02-13,wk inc flu hosp,3,16,quantile,0.975,212,2027-03-06
2027-02-13,wk inc flu hosp,3,16,quantile,0.99,218,2027-03-06
2027-02-13,wk inc flu hosp,3,17,quantile,0.01,505,2027-03-06
2027-02-13,wk inc flu hosp,3,17,quantile,0.025,518,2027-03-06
2027-02-13,wk inc flu hosp,3,17,quantile,0.05,573,2027-03-06
2027-02-13,wk inc flu hosp,3,17,quantile,0.1,633,2027-03-06
2027-02-13,wk inc flu hosp,3,17,quantile,0.15,683,2027-03-06
2027-02-13,wk inc flu hosp,3,17,quantile,0.2,713,2027-03-06
2027-02-13,wk inc flu hosp,3,17,quantile,0.25,754,2027-03-06
2027-02-13,wk inc flu hosp,3,17,quantile,0.3,788,2027-03-06
2027-02-13,wk inc flu hosp,3,17,quantile,0.35,816,2027-03-06
2027-02-13,wk inc flu hosp,3,17,quantile,0.4,846,2027-03-06
2027-02-13,wk inc flu hosp,3,17,quantile,0.45,873,2027-03-06
2027-02-13,wk inc flu hosp,3,17,quantile,0.5,903,2027-03-06
2027-02-13,wk inc flu hosp,3,17,quantile,0.55,924,2027-03-06
2027-02-13,wk inc flu hosp,3,17,quantile,0.6,951,2027-03-06
2027-02-13,wk inc flu hosp,3,17,quantile,0.65,975,2027-03-06
2027-02-13,wk inc flu hosp,3,17,quantile,0.7,1000,2027-03-06
2027-02-13,wk inc flu hosp,3,17,quantile,0.75,1056,2027-03-06
2027-02-13,wk inc flu hosp,3,17,quantile,0.8,1102,2027-03-06
2027-02-13,wk inc flu hosp,3,17,quantile,0.85,1157,2027-03-06
2027-02-13,wk inc flu hosp,3,17,quantile,0.9,1197,2027-03-06
2027-02-13,wk inc flu hosp,3,17,quantile,0.95,1351,2027-03-06
2027-02-13,wk inc flu hosp,3,17,quantile,0.975,1478,2027-03-06
2027-02-13,wk inc flu hosp,3,17,quantile,0.99,1516,2027-03-06
2027-02-13,wk inc flu hosp,3,18,quantile,0.01,397,2027-03-06
2027-02-13,wk inc flu hosp,3,18,quantile,0.025,448,2027-03-06
2027-02-13,wk inc flu hosp,3,18,quantile,0.05,520,2027-03-06
2027-02-13,wk inc flu hosp,3,18,quantile,0.1,594,2027-03-06
2027-02-13,wk inc flu hosp,3,18,quantile,0.15,620,2027-03-06
2027-02-13,wk inc flu hosp,3,18,quantile,0.2,681,2027-03-06
2027-02-13,wk inc flu hosp,3,18,quantile,0.25,704,2027-03-06
2027-02-13,wk inc flu hosp,3,18,quantile,0.3,720,2027-03-06
2027-02-13,wk inc flu hosp,3,18,quantile,0.35,738,2027-03-06
2027-02-13,wk inc flu hosp,3,18,quantile,0.4,759,2027-03-06
2027-02-13,wk inc flu hosp,3,18,quantile,0.45,783,2027-03-06
2027-02-13,wk inc flu hosp,3,18,quantile,0.5,808,2027-03-06
2027-02-13,wk inc flu hosp,3,18,quantile,0.55,832,2027-03-06
2027-02-13,wk inc flu hosp,3,18,quantile,0.6,860,2027-03-06
2027-02-13,wk inc flu hosp,3,18,quantile,0.65,892,2027-03-06
2027-02-13,wk inc flu hosp,3,18,quantile,0.7,910,2027-03-06
2027-02-13,wk inc flu hosp,3,18,quantile,0.75,940,2027-03-06
2027-02-13,wk inc flu hosp,3,18,quantile,0.8,988,2027-03-06
2027-02-13,wk inc flu hosp,3,18,quantile,0.85,1022,2027-03-06
2027-02-13,wk inc flu hosp,3,18,quantile,0.9,1106,2027-03-06
2027-02-13,wk inc flu hosp,3,18,quantile,0.95,1187,2027-03-06
2027-02-13,wk inc flu hosp,3,18,quantile,0.975,1338,2027-03-06
2027-02-13,wk inc flu hosp,3,18,quantile,0.99,1455,2027-03-06
2027-02-13,wk inc flu hosp,3,19,quantile,0.01,148,2027-03-06
2027-02-13,wk inc flu hosp,3,19,quantile,0.025,156,2027-03-06
2027-02-13,wk inc flu hosp,3,19,quantile,0.05,163,2027-03-06
2027-02-13,wk inc flu hosp,3,19,quantile,0.1,173,2027-03-06
2027-02-13,wk inc flu hosp,3,19,quantile,0.15,188,2027-03-06
2027-02-13,wk inc flu hosp,3,19,quantile,0.2,199,2027-03-06
2027-02-13,wk inc flu hosp,3,19,quantile,0.25,211,2027-03-06
2027-02-13,wk inc flu hosp,3,19,quantile,0.3,219,2027-03-06
2027-02-13,wk inc flu hosp,3,19,quantile,0.35,222,2027-03-06
2027-02-13,wk inc flu hosp,3,19,quantile,0.4,227,2027-03-06
2027-02-13,wk inc flu hosp,3,19,quantile,0.45,238,2027-03-06
2027-02-13,wk inc flu hosp,3,19,quantile,0.5,242,2027-03-06
2027-02-13,wk inc flu hosp,3,19,quantile,0.55,247,2027-03-06
2027-02-13,wk inc flu hosp,3,19,quantile,0.6,255,2027-03-06
2027-02-13,wk inc flu hosp,3,19,quantile,0.65,265,2027-03-06
2027-02-13,wk inc flu hosp,3,19,quantile,0.7,276,2027-03-06
2027-02-13,wk inc flu hosp,3,19,quantile,0.75,291,2027-03-06
2027-02-13,wk inc flu hosp,3,19,quantile,0.8,318,2027-03-06
2027-02-13,wk inc flu hosp,3,19,quantile,0.85,338,2027-03-06
2027-02-13,wk inc flu hosp,3,19,quantile,0.9,365,2027-03-06
2027-02-13,wk inc flu hosp,3,19,quantile,0.95,401,2027-03-06
2027-02-13,wk inc flu hosp,3,19,quantile,0.975,421,2027-03-06
2027-02-13,wk inc flu hosp,3,19,quantile,0.99,447,2027-03-06
2027-02-13,wk inc flu hosp,3,20,quantile,0.01,114,2027-03-06
2027-02-13,wk inc flu hosp,3,20,quantile,0.025,117,2027-03-06
2027-02-13,wk inc flu hosp,3,20,quantile,0.05,124,2027-03-06
2027-02-13,wk inc flu hosp,3,20,quantile,0.1,133,2027-03-06
2027-02-13,wk inc flu hosp,3,20,quantile,0.15,144,2027-03-06
2027-02-13,wk inc flu hosp,3,20,quantile,0.2,155,2027-03-06
2027-02-13,wk inc flu hosp,3,20,quantile,0.25,161,2027-03-06
2027-02-13,wk inc flu hosp,3,20,quantile,0.3,167,2027-03-06
2027-02-13,wk inc flu hosp,3,20,quantile,0.35,174,2027-03-06
2027-02-13,wk inc flu hosp,3,20,quantile,0.4,182,2027-03-06
2027-02-13,wk inc flu hosp,3,20,quantile,0.45,188,2027-03-06
2027-02-13,wk inc flu hosp,3,20,quantile,0.5,195,2027-03-06
2027-02-13,wk inc flu hosp,3,20,quantile,0.55,201,2027-03-06
2027-02-13,wk inc flu hosp,3,20,quantile,0.6,210,2027-03-06
2027-02-13,wk inc flu hosp,3,20,quantile,0.65,214,2027-03-06
2027-02-13,wk inc flu hosp,3,20,quantile,0.7,220,2027-03-06
2027-02-13,wk inc flu hosp,3,20,quantile,0.75,229,2027-03-06
2027-02-13,wk inc flu hosp,3,20,quantile,0.8,235,2027-03-06
2027-02-13,wk inc flu hosp,3,20,quantile,0.85,251,2027-03-06
2027-02-13,wk inc flu hosp,3,20,quantile,0.9,272,2027-03-06
2027-02-13,wk inc flu hosp,3,20,quantile,0.95,292,2027-03-06
2027-02-13,wk inc flu hosp,3,20,quantile,0.975,308,2027-03-06
2027-02-13,wk inc flu hosp,3,20,quantile,0.99,325,2027-03-06
2027-02-13,wk inc flu hosp,3,21,quantile,0.01,335,2027-03-06
2027-02-13,wk inc flu hosp,3,21,quantile,0.025,350,2027-03-06
2027-02-13,wk inc flu hosp,3,21,quantile,0.05,373,2027-03-06
2027-02-13,wk inc flu hosp,3,21,quantile,0.1,404,2027-03-06
2027-02-13,wk inc flu hosp,3,21,quantile,0.15,453,2027-03-06
2027-02-13,wk inc flu hosp,3,21,quantile,0.2,489,2027-03-06
2027-02-13,wk inc flu hosp,3,21,quantile,0.25,514,2027-03-06
2027-02-13,wk inc flu hosp,3,21,quantile,0.3,545,2027-03-06
2027-02-13,wk inc flu hosp,3,21,quantile,0.35,567,2027-03-06
2027-02-13,wk inc flu hosp,3,21,quantile,0.4,583,2027-03-06
2027-02-13,wk inc flu hosp,3,21,quantile,0.45,600,2027-03-06
2027-02-13,wk inc flu hosp,3,21,quantile,0.5,616,2027-03-06
2027-02-13,wk inc flu hosp,3,21,quantile,0.55,628,2027-03-06
2027-02-13,wk inc flu hosp,3,21,quantile,0.6,652,2027-03-06
2027-02-13,wk inc flu hosp,3,21,quantile,0.65,670,2027-03-06
2027-02-13,wk inc flu hosp,3,21,quantile,0.7,690,2027-03-06
2027-02-13,wk inc flu hosp,3,21,quantile,0.75,714,2027-03-06
2027-02-13,wk inc flu hosp,3,21,quantile,0.8,748,2027-03-06
2027-02-13,wk inc flu hosp,3,21,quantile,0.85,798,2027-03-06
2027-02-13,wk inc flu hosp,3,21,quantile,0.9,846,2027-03-06
2027-02-13,wk inc flu hosp,3,21,quantile,0.95,953,2027-03-06
2027-02-13,wk inc flu hosp,3,21,quantile,0.975,1055,2027-03-06
2027-02-13,wk inc flu hosp,3,21,quantile,0.99,1118,2027-03-06
2027-02-13,wk inc flu hosp,3,22,quantile,0.01,114,2027-03-06
2027-02-13,wk inc flu hosp,3,22,quantile,0.025,116,2027-03-06
2027-02-13,wk inc flu hosp,3,22,quantile,0.05,130,2027-03-06
2027-02-13,wk inc flu hosp,3,22,quantile,0.1,146,2027-03-06
2027-02-13,wk inc flu hosp,3,22,quantile,0.15,164,2027-03-06
2027-02-13,wk inc flu hosp,3,22,quantile,0.2,173,2027-03-06
2027-02-13,wk inc flu hosp,3,22,quantile,0.25,181,2027-03-06
2027-02-13,wk inc flu hosp,3,22,quantile,0.3,189,2027-03-06
2027-02-13,wk inc flu hosp,3,22,quantile,0.35,195,2027-03-06
2027-02-13,wk inc flu hosp,3,22,quantile,0.4,202,2027-03-06
2027-02-13,wk inc flu hosp,3,22,quantile,0.45,210,2027-03-06
2027-02-13,wk inc flu hosp,3,22,quantile,0.5,217,2027-03-06
2027-02-13,wk inc flu hosp,3,22,quantile,0.55,224,2027-03-06
2027-02-13,wk inc flu hosp,3,22,quantile,0.6,232,2027-03-06
2027-02-13,wk inc flu hosp,3,22,quantile,0.65,238,2027-03-06
2027-02-13,wk inc flu hosp,3,22,quantile,0.7,246,2027-03-06
2027-02-13,wk inc flu hosp,3,22,quantile,0.75,259,2027-03-06
2027-02-13,wk inc flu hosp,3,22,quantile,0.8,266,2027-03-06
2027-02-13,wk inc flu hosp,3,22,quantile,0.85,279,2027-03-06
2027-02-13,wk inc flu hosp,3,22,quantile,0.9,304,2027-03-06
2027-02-13,wk inc flu hosp,3,22,quantile,0.95,350,2027-03-06
2027-02-13,wk inc flu hosp,3,22,quantile,0.975,417,2027-03-06
2027-02-13,wk inc flu hosp,3,22,quantile,0.99,436,2027-03-06
2027-02-13,wk inc flu hosp,3,23,quantile,0.01,53,2027-03-06
2027-02-13,wk inc flu hosp,3,23,quantile,0.025,57,2027-03-06
2027-02-13,wk inc flu hosp,3,23,quantile,0.05,65,2027-03-06
2027-02-13,wk inc flu hosp,3,23,quantile,0.1,75,2027-03-06
2027-02-13,wk inc flu hosp,3,23,quantile,0.15,80,2027-03-06
2027-02-13,wk inc flu hosp,3,23,quantile,0.2,86,2027-03-06
2027-02-13,wk inc flu hosp,3,23,quantile,0.25,91,2027-03-06
2027-02-13,wk inc flu hosp,3,23,quantile,0.3,95,2027-03-06
2027-02-13,wk inc flu hosp,3,23,quantile,0.35,98,2027-03-06
2027-02-13,wk inc flu hosp,3,23,quantile,0.4,102,2027-03-06
2027-02-13,wk inc flu hosp,3,23,quantile,0.45,105,2027-03-06
2027-02-13,wk inc flu hosp,3,23,quantile,0.5,108,2027-03-06
2027-02-13,wk inc flu hosp,3,23,quantile,0.55,111,2027-03-06
2027-02-13,wk inc flu hosp,3,23,quantile,0.6,114,2027-03-06
2027-02-13,wk inc flu hosp,3,23,quantile,0.65,119,2027-03-06
2027-02-13,wk inc flu hosp,3,23,quantile,0.7,127,2027-03-06
2027-02-13,wk inc flu hosp,3,23,quantile,0.75,133,2027-03-06
2027-02-13,wk inc flu hosp,3,23,quantile,0.8,138,2027-03-06
2027-02-13,wk inc flu hosp,3,23,quantile,0.85,146,2027-03-06
2027-02-13,wk inc flu hosp,3,23,quantile,0.9,157,2027-03-06
2027-02-13,wk inc flu hosp,3,23,quantile,0.95,167,2027-03-06
2027-02-13,wk inc flu hosp,3,23,quantile,0.975,182,2027-03-06
2027-02-13,wk inc flu hosp,3,23,quantile,0.99,197,2027-03-06
2027-02-13,wk inc flu hosp,3,24,quantile,0.01,208,2027-03-06
2027-02-13,wk inc flu hosp,3,24,quantile,0.025,230,2027-03-06
2027-02-13,wk inc flu hosp,3,24,quantile,0.05,237,2027-03-06
2027-02-13,wk inc flu hosp,3,24,quantile,0.1,258,2027-03-06
2027-02-13,wk inc flu hosp,3,24,quantile,0.15,267,2027-03-06
2027-02-13,wk inc flu hosp,3,24,quantile,0.2,283,2027-03-06
2027-02-13,wk inc flu hosp,3,24,quantile,0.25,297,2027-03-06
2027-02-13,wk inc flu hosp,3,24,quantile,0.3,309,2027-03-06
2027-02-13,wk inc flu hosp,3,24,quantile,0.35,330,2027-03-06
2027-02-13,wk inc flu hosp,3,24,quantile,0.4,340,2027-03-06
2027-02-13,wk inc flu hosp,3,24,quantile,0.45,349,2027-03-06
2027-02-13,wk inc flu hosp,3,24,quantile,0.5,370,2027-03-06
2027-02-13,wk inc flu hosp,3,24,quantile,0.55,379,2027-03-06
2027-02-13,wk inc flu hosp,3,24,quantile,0.6,393,2027-03-06
2027-02-13,wk inc flu hosp,3,24,quantile,0.65,403,2027-03-06
2027-02-13,wk inc flu hosp,3,24,quantile,0.7,415,2027-03-06
2027-02-13,wk inc flu hosp,3,24,quantile,0.75,431,2027-03-06
2027-02-13,wk inc flu hosp,3,24,quantile,0.8,446,2027-03-06
2027-02-13,wk inc flu hosp,3,24,quantile,0.85,463,2027-03-06
2027-02-13,wk inc flu hosp,3,24,quantile,0.9,492,2027-03-06
2027-02-13,wk inc flu hosp,3,24,quantile,0.95,551,2027-03-06
2027-02-13,wk inc flu hosp,3,24,quantile,0.975,596,2027-03-06
2027-02-13,wk inc flu hosp,3,24,quantile,0.99,658,2027-03-06
2027-02-13,wk inc flu hosp,3,25,quantile,0.01,488,2027-03-06
2027-02-13,wk inc flu hosp,3,25,quantile,0.025,509,2027-03-06
2027-02-13,wk inc flu hosp,3,25,quantile,0.05,532,2027-03-06
2027-02-13,wk inc flu hosp,3,25,quantile,0.1,568,2027-03-06
2027-02-13,wk inc flu hosp,3,25,quantile,0.15,600,2027-03-06
2027-02-13,wk inc flu hosp,3,25,quantile,0.2,652,2027-03-06
2027-02-13,wk inc flu hosp,3,25,quantile,0.25,678,2027-03-06
2027-02-13,wk inc flu hosp,3,25,quantile,0.3,709,2027-03-06
2027-02-13,wk inc flu hosp,3,25,quantile,0.35,723,2027-03-06
2027-02-13,wk inc flu hosp,3,25,quantile,0.4,733,2027-03-06
2027-02-13,wk inc flu hosp,3,25,quantile,0.45,768,2027-03-06
2027-02-13,wk inc flu hosp,3,25,quantile,0.5,804,2027-03-06
2027-02-13,wk inc flu hosp,3,25,quantile,0.55,824,2027-03-06
2027-02-13,wk inc flu hosp,3,25,quantile,0.6,841,2027-03-06
2027-02-13,wk inc flu hosp,3,25,quantile,0.65,878,2027-03-06
2027-02-13,wk inc flu hosp,3,25,quantile,0.7,927,2027-03-06
2027-02-13,wk inc flu hosp,3,25,quantile,0.75,972,2027-03-06
2027-02-13,wk inc flu hosp,3,25,quantile,0.8,998,2027-03-06
2027-02-13,wk inc flu hosp,3,25,quantile,0.85,1035,2027-03-06
2027-02-13,wk inc flu hosp,3,25,quantile,0.9,1103,2027-03-06
2027-02-13,wk inc flu hosp,3,25,quantile,0.95,1212,2027-03-06
2027-02-13,wk inc flu hosp,3,25,quantile,0.975,1259,2027-03-06
2027-02-13,wk inc flu hosp,3,25,quantile,0.99,1424,2027-03-06
2027-02-13,wk inc flu hosp,3,26,quantile,0.01,795,2027-03-06
2027-02-13,wk inc flu hosp,3,26,quantile,0.025,819,2027-03-06
2027-02-13,wk inc flu hosp,3,26,quantile,0.05,881,2027-03-06
2027-02-13,wk inc flu hosp,3,26,quantile,0.1,955,2027-03-06
2027-02-13,wk inc flu hosp,3,26,quantile,0.15,985,2027-03-06
2027-02-13,wk inc flu hosp,3,26,quantile,0.2,1060,2027-03-06
2027-02-13,wk inc flu hosp,3,26,quantile,0.25,1084,2027-03-06
2027-02-13,wk inc flu hosp,3,26,quantile,0.3,1176,2027-03-06
2027-02-13,wk inc flu hosp,3,26,quantile,0.35,1235,2027-03-06
2027-02-13,wk inc flu hosp,3,26,quantile,0.4,1273,2027-03-06
2027-02-13,wk inc flu hosp,3,26,quantile,0.45,1301,2027-03-06
2027-02-13,wk inc flu hosp,3,26,quantile,0.5,1334,2027-03-06
2027-02-13,wk inc flu hosp,3,26,quantile,0.55,1377,2027-03-06
2027-02-13,wk inc flu hosp,3,26,quantile,0.6,1419,2027-03-06
2027-02-13,wk inc flu hosp,3,26,quantile,0.65,1444,2027-03-06
2027-02-13,wk inc flu hosp,3,26,quantile,0.7,1492,2027-03-06
2027-02-13,wk inc flu hosp,3,26,quantile,0.75,1544,2027-03-06
2027-02-13,wk inc flu hosp,3,26,quantile,0.8,1614,2027-03-06
2027-02-13,wk inc flu hosp,3,26,quantile,0.85,1685,2027-03-06
2027-02-13,wk inc flu hosp,3,26,quantile,0.9,1815,2027-03-06
2027-02-13,wk inc flu hosp,3,26,quantile,0.95,2004,2027-03-06
2027-02-13,wk inc flu hosp,3,26,quantile,0.975,2205,2027-03-06
2027-02-13,wk inc flu hosp,3,26,quantile,0.99,2413,2027-03-06
2027-02-13,wk inc flu hosp,3,27,quantile,0.01,140,2027-03-06
2027-02-13,wk inc flu hosp,3,27,quantile,0.025,166,2027-03-06
2027-02-13,wk inc flu hosp,3,27,quantile,0.05,192,2027-03-06
2027-02-13,wk inc flu hosp,3,27,quantile,0.1,220,2027-03-06
2027-02-13,wk inc flu hosp,3,27,quantile,0.15,245,2027-03-06
2027-02-13,wk inc flu hosp,3,27,quantile,0.2,254,2027-03-06
2027-02-13,wk inc flu hosp,3,27,quantile,0.25,273,2027-03-06
2027-02-13,wk inc flu hosp,3,27,quantile,0.3,285,2027-03-06
2027-02-13,wk inc flu hosp,3,27,quantile,0.35,297,2027-03-06
2027-02-13,wk inc flu hosp,3,27,quantile,0.4,312,2027-03-06
2027-02-13,wk inc flu hosp,3,27,quantile,0.45,322,2027-03-06
2027-02-13,wk inc flu hosp,3,27,quantile,0.5,344,2027-03-06
2027-02-13,wk inc flu hosp,3,27,quantile,0.55,362,2027-03-06
2027-02-13,wk inc flu hosp,3,27,quantile,0.6,374,2027-03-06
2027-02-13,wk inc flu hosp,3,27,quantile,0.65,390,2027-03-06
2027-02-13,wk inc flu hosp,3,27,quantile,0.7,403,2027-03-06
2027-02-13,wk inc flu hosp,3,27,quantile,0.75,433,2027-03-06
2027-02-13,wk inc flu hosp,3,27,quantile,0.8,472,2027-03-06
2027-02-13,wk inc flu hosp,3,27,quantile,0.85,503,2027-03-06
2027-02-13,wk inc flu hosp,3,27,quantile,0.9,550,2027-03-06
2027-02-13,wk inc flu hosp,3,27,quantile,0.95,591,2027-03-06
2027-02-13,wk inc flu hosp,3,27,quantile,0.975,611,2027-03-06
2027-02-13,wk inc flu hosp,3,27,quantile,0.99,726,2027-03-06
2027-02-13,wk inc flu hosp,3,28,quantile,0.01,63,2027-03-06
2027-02-13,wk inc flu hosp,3,28,quantile,0.025,67,2027-03-06
2027-02-13,wk inc flu hosp,3,28,quantile,0.05,76,2027-03-06
2027-02-13,wk inc flu hosp,3,28,quantile,0.1,89,2027-03-06
2027-02-13,wk inc flu hosp,3,28,quantile,0.15,96,2027-03-06
2027-02-13,wk inc flu hosp,3,28,quantile,0.2,101,2027-03-06
2027-02-13,wk inc flu hosp,3,28,quantile,0.25,107,2027-03-06
2027-02-13,wk inc flu hosp,3,28,quantile,0.3,113,2027-03-06
2027-02-13,wk inc flu hosp,3,28,quantile,0.35,117,2027-03-06
2027-02-13,wk inc flu hosp,3,28,quantile,0.4,122,2027-03-06
2027-02-13,wk inc flu hosp,3,28,quantile,0.45,129,2027-03-06
2027-02-13,wk inc flu hosp,3,28,quantile,0.5,133,2027-03-06
2027-02-13,wk inc flu hosp,3,28,quantile,0.55,139,2027-03-06
2027-02-13,wk inc flu hosp,3,28,quantile,0.6,145,2027-03-06
2027-02-13,wk inc flu hosp,3,28,quantile,0.65,150,2027-03-06
2027-02-13,wk inc flu hosp,3,28,quantile,0.7,152,2027-03-06
2027-02-13,wk inc flu hosp,3,28,quantile,0.75,162,2027-03-06
2027-02-13,wk inc flu hosp,3,28,quantile,0.8,175,2027-03-06
2027-02-13,wk inc flu hosp,3,28,quantile,0.85,190,2027-03-06
2027-02-13,wk inc flu hosp,3,28,quantile,0.9,214,2027-03-06
2027-02-13,wk inc flu hosp,3,28,quantile,0.95,231,2027-03-06
2027-02-13,wk inc flu hosp,3,28,quantile,0.975,241,2027-03-06
2027-02-13,wk inc flu hosp,3,28,quantile,0.99,291,2027-03-06
2027-02-13,wk inc flu hosp,3,29,quantile,0.01,371,2027-03-06
2027-02-13,wk inc flu hosp,3,29,quantile,0.025,395,2027-03-06
2027-02-13,wk inc flu hosp,3,29,quantile,0.05,433,2027-03-06
2027-02-13,wk inc flu hosp,3,29,quantile,0.1,479,2027-03-06
2027-02-13,wk inc flu hosp,3,29,quantile,0.15,545,2027-03-06
2027-02-13,wk inc flu hosp,3,29,quantile,0.2,591,2027-03-06
2027-02-13,wk inc flu hosp,3,29,quantile,0.25,608,2027-03-06
2027-02-13,wk inc flu hosp,3,29,quantile,0.3,624,2027-03-06
2027-02-13,wk inc flu hosp,3,29,quantile,0.35,650,2027-03-06
2027-02-13,wk inc flu hosp,3,29,quantile,0.4,668,2027-03-06
2027-02-13,wk inc flu hosp,3,29,quantile,0.45,690,2027-03-06
2027-02-13,wk inc flu hosp,3,29,quantile,0.5,718,2027-03-06
2027-02-13,wk inc flu hosp,3,29,quantile,0.55,736,2027-03-06
2027-02-13,wk inc flu hosp,3,29,quantile,0.6,747,2027-03-06
2027-02-13,wk inc flu hosp,3,29,quantile,0.65,762,2027-03-06
2027-02-13,wk inc flu hosp,3,29,quantile,0.7,787,2027-03-06
2027-02-13,wk inc flu hosp,3,29,quantile,0.75,812,2027-03-06
2027-02-13,wk inc flu hosp,3,29,quantile,0.8,844,2027-03-06
2027-02-13,wk inc flu hosp,3,29,quantile,0.85,876,2027-03-06
2027-02-13,wk inc flu hosp,3,29,quantile,0.9,932,2027-03-06
2027-02-13,wk inc flu hosp,3,29,quantile,0.95,1014,2027-03-06
2027-02-13,wk inc flu hosp,3,29,quantile,0.975,1058,2027-03-06
2027-02-13,wk inc flu hosp,3,29,quantile,0.99,1093,2027-03-06
2027-02-13,wk inc flu hosp,3,30,quantile,0.01,32,2027-03-06
2027-02-13,wk inc flu hosp,3,30,quantile,0.025,40,2027-03-06
2027-02-13,wk inc flu hosp,3,30,quantile,0.05,41,2027-03-06
2027-02-13,wk inc flu hosp,3,30,quantile,0.1,46,2027-03-06
2027-02-13,wk inc flu hosp,3,30,quantile,0.15,49,2027-03-06
2027-02-13,wk inc flu hosp,3,30,quantile,0.2,53,2027-03-06
2027-02-13,wk inc flu hosp,3,30,quantile,0.25,57,2027-03-06
2027-02-13,wk inc flu hosp,3,30,quantile,0.3,58,2027-03-06
2027-02-13,wk inc flu hosp,3,30,quantile,0.35,63,2027-03-06
2027-02-13,wk inc flu hosp,3,30,quantile,0.4,65,2027-03-06
2027-02-13,wk inc flu hosp,3,30,quantile,0.45,68,2027-03-06
2027-02-13,wk inc flu hosp,3,30,quantile,0.5,71,2027-03-06
2027-02-13,wk inc flu hosp,3,30,quantile,0.55,74,2027-03-06
2027-02-13,wk inc flu hosp,3,30,quantile,0.6,78,2027-03-06
2027-02-13,wk inc flu hosp,3,30,quantile,0.65,82,2027-03-06
2027-02-13,wk inc flu hosp,3,30,quantile,0.7,85,2027-03-06
2027-02-13,wk inc flu hosp,3,30,quantile,0.75,90,2027-03-06
2027-02-13,wk inc flu hosp,3,30,quantile,0.8,93,2027-03-06
2027-02-13,wk inc flu hosp,3,30,quantile,0.85,98,2027-03-06
2027-02-13,wk inc flu hosp,3,30,quantile,0.9,103,2027-03-06
2027-02-13,wk inc flu hosp,3,30,quantile,0.95,112,2027-03-06
2027-02-13,wk inc flu hosp,3,30,quantile,0.975,127,2027-03-06
2027-02-13,wk inc flu hosp,3,30,quantile,0.99,138,2027-03-06
2027-02-13,wk inc flu hosp,3,31,quantile,0.01,80,2027-03-06
2027-02-13,wk inc flu hosp,3,31,quantile,0.025,85,2027-03-06
2027-02-13,wk inc flu hosp,3,31,quantile,0.05,88,2027-03-06
2027-02-13,wk inc flu hosp,3,31,quantile,0.1,104,2027-03-06
2027-02-13,wk inc flu hosp,3,31,quantile,0.15,123,2027-03-06
2027-02-13,wk inc flu hosp,3,31,quantile,0.2,128,2027-03-06
2027-02-13,wk inc flu hosp,3,31,quantile,0.25,132,2027-03-06
2027-02-13,wk inc flu hosp,3,31,quantile,0.3,140,2027-03-06
2027-02-13,wk inc flu hosp,3,31,quantile,0.35,144,2027-03-06
2027-02-13,wk inc flu hosp,3,31,quantile,0.4,147,2027-03-06
2027-02-13,wk inc flu hosp,3,31,quantile,0.45,152,2027-03-06
2027-02-13,wk inc flu hosp,3,31,quantile,0.5,156,2027-03-06
2027-02-13,wk inc flu hosp,3,31,quantile,0.55,159,2027-03-06
2027-02-13,wk inc flu hosp,3,31,quantile,0.6,167,2027-03-06
2027-02-13,wk inc flu hosp,3,31,quantile,0.65,172,2027-03-06
2027-02-13,wk inc flu hosp,3,31,quantile,0.7,176,2027-03-06
2027-02-13,wk inc flu hosp,3,31,quantile,0.75,181,2027-03-06
2027-02-13,wk inc flu hosp,3,31,quantile,0.8,186,2027-03-06
2027-02-13,wk inc flu hosp,3,31,quantile,0.85,198,2027-03-06
2027-02-13,wk inc flu hosp,3,31,quantile,0.9,221,2027-03-06
2027-02-13,wk inc flu hosp,3,31,quantile,0.95,238,2027-03-06
2027-02-13,wk inc flu hosp,3,31,quantile,0.975,251,2027-03-06
2027-02-13,wk inc flu hosp,3,31,quantile,0.99,272,2027-03-06
2027-02-13,wk inc flu hosp,3,32,quantile,0.01,28,2027-03-06
2027-02-13,wk inc flu hosp,3,32,quantile,0.025,40,2027-03-06
2027-02-13,wk inc flu hosp,3,32,quantile,0.05,43,2027-03-06
2027-02-13,wk inc flu hosp,3,32,quantile,0.1,48,2027-03-06
2027-02-13,wk inc flu hosp,3,32,quantile,0.15,52,2027-03-06
2027-02-13,wk inc flu hosp,3,32,quantile,0.2,55,2027-03-06
2027-02-13,wk inc flu hosp,3,32,quantile,0.25,61,2027-03-06
2027-02-13,wk inc flu hosp,3,32,quantile,0.3,63,2027-03-06
2027-02-13,wk inc flu hosp,3,32,quantile,0.35,65,2027-03-06
2027-02-13,wk inc flu hosp,3,32,quantile,0.4,70,2027-03-06
2027-02-13,wk inc flu hosp,3,32,quantile,0.45,74,2027-03-06
2027-02-13,wk inc flu hosp,3,32,quantile,0.5,79,2027-03-06
2027-02-13,wk inc flu hosp,3,32,quantile,0.55,83,2027-03-06
2027-02-13,wk inc flu hosp,3,32,quantile,0.6,88,2027-03-06
2027-02-13,wk inc flu hosp,3,32,quantile,0.65,91,2027-03-06
2027-02-13,wk inc flu hosp,3,32,quantile,0.7,96,2027-03-06
2027-02-13,wk inc flu hosp,3,32,quantile,0.75,99,2027-03-06
2027-02-13,wk inc flu hosp,3,32,quantile,0.8,107,2027-03-06
2027-02-13,wk inc flu hosp,3,32,quantile,0.85,111,2027-03-06
2027-02-13,wk inc flu hosp,3,32,quantile,0.9,116,2027-03-06
2027-02-13,wk inc flu hosp,3,32,quantile,0.95,137,2027-03-06
2027-02-13,wk inc flu hosp,3,32,quantile,0.975,150,2027-03-06
2027-02-13,wk inc flu hosp,3,32,quantile,0.99,172,2027-03-06
2027-02-13,wk inc flu hosp,3,33,quantile,0.01,43,2027-03-06
2027-02-13,wk inc flu hosp,3,33,quantile,0.025,49,2027-03-06
2027-02-13,wk inc flu hosp,3,33,quantile,0.05,53,2027-03-06
2027-02-13,wk inc flu hosp,3,33,quantile,0.1,61,2027-03-06
2027-02-13,wk inc flu hosp,3,33,quantile,0.15,65,2027-03-06
2027-02-13,wk inc flu hosp,3,33,quantile,0.2,67,2027-03-06
2027-02-13,wk inc flu hosp,3,33,quantile,0.25,72,2027-03-06
2027-02-13,wk inc flu hosp,3,33,quantile,0.3,77,2027-03-06
2027-02-13,wk inc flu hosp,3,33,quantile,0.35,81,2027-03-06
2027-02-13,wk inc flu hosp,3,33,quantile,0.4,84,2027-03-06
2027-02-13,wk inc flu hosp,3,33,quantile,0.45,88,2027-03-06
2027-02-13,wk inc flu hosp,3,33,quantile,0.5,91,2027-03-06
2027-02-13,wk inc flu hosp,3,33,quantile,0.55,94,2027-03-06
2027-02-13,wk inc flu hosp,3,33,quantile,0.6,100,2027-03-06
2027-02-13,wk inc flu hosp,3,33,quantile,0.65,102,2027-03-06
2027-02-13,wk inc flu hosp,3,33,quantile,0.7,108,2027-03-06
2027-02-13,wk inc flu hosp,3,33,quantile,0.75,112,2027-03-06
2027-02-13,wk inc flu hosp,3,33,quantile,0.8,117,2027-03-06
2027-02-13,wk inc flu hosp,3,33,quantile,0.85,122,2027-03-06
2027-02-13,wk inc flu hosp,3,33,quantile,0.9,127,2027-03-06
2027-02-13,wk inc flu hosp,3,33,quantile,0.95,135,2027-03-06
2027-02-13,wk inc flu hosp,3,33,quantile,0.975,141,2027-03-06
2027-02-13,wk inc flu hosp,3,33,quantile,0.99,152,2027-03-06
2027-02-13,wk inc flu hosp,3,34,quantile,0.01,438,2027-03-06
2027-02-13,wk inc flu hosp,3,34,quantile,0.025,451,2027-03-06
2027-02-13,wk inc flu hosp,3,34,quantile,0.05,471,2027-03-06
2027-02-13,wk inc flu hosp,3,34,quantile,0.1,528,2027-03-06
2027-02-13,wk inc flu hosp,3,34,quantile,0.15,549,2027-03-06
2027-02-13,wk inc flu hosp,3,34,quantile,0.2,578,2027-03-06
2027-02-13,wk inc flu hosp,3,34,quantile,0.25,612,2027-03-06
2027-02-13,wk inc flu hosp,3,34,quantile,0.3,640,2027-03-06
2027-02-13,wk inc flu hosp,3,34,quantile,0.35,670,2027-03-06
2027-02-13,wk inc flu hosp,3,34,quantile,0.4,709,2027-03-06
2027-02-13,wk inc flu hosp,3,34,quantile,0.45,740,2027-03-06
2027-02-13,wk inc flu hosp,3,34,quantile,0.5,768,2027-03-06
2027-02-13,wk inc flu hosp,3,34,quantile,0.55,790,2027-03-06
2027-02-13,wk inc flu hosp,3,34,quantile,0.6,830,2027-03-06
2027-02-13,wk inc flu hosp,3,34,quantile,0.65,854,2027-03-06
2027-02-13,wk inc flu hosp,3,34,quantile,0.7,887,2027-03-06
2027-02-13,wk inc flu hosp,3,34,quantile,0.75,916,2027-03-06
2027-02-13,wk inc flu hosp,3,34,quantile,0.8,967,2027-03-06
2027-02-13,wk inc flu hosp,3,34,quantile,0.85,1047,2027-03-06
2027-02-13,wk inc flu hosp,3,34,quantile,0.9,1138,2027-03-06
2027-02-13,wk inc flu hosp,3,34,quantile,0.95,1322,2027-03-06
2027-02-13,wk inc flu hosp,3,34,quantile,0.975,1436,2027-03-06
2027-02-13,wk inc flu hosp,3,34,quantile,0.99,1662,2027-03-06
2027-02-13,wk inc flu hosp,3,35,quantile,0.01,71,2027-03-06
2027-02-13,wk inc flu hosp,3,35,quantile,0.025,77,2027-03-06
2027-02-13,wk inc flu hosp,3,35,quantile,0.05,85,2027-03-06
2027-02-13,wk inc flu hosp,3,35,quantile,0.1,96,2027-03-06
2027-02-13,wk inc flu hosp,3,35,quantile,0.15,98,2027-03-06
2027-02-13,wk inc flu hosp,3,35,quantile,0.2,104,2027-03-06
2027-02-13,wk inc flu hosp,3,35,quantile,0.25,107,2027-03-06
2027-02-13,wk inc flu hosp,3,35,quantile,0.3,111,2027-03-06
2027-02-13,wk inc flu hosp,3,35,quantile,0.35,114,2027-03-06
2027-02-13,wk inc flu hosp,3,35,quantile,0.4,120,2027-03-06
2027-02-13,wk inc flu hosp,3,35,quantile,0.45,131,2027-03-06
2027-02-13,wk inc flu hosp,3,35,quantile,0.5,136,2027-03-06
2027-02-13,wk inc flu hosp,3,35,quantile,0.55,144,2027-03-06
2027-02-13,wk inc flu hosp,3,35,quantile,0.6,148,2027-03-06
2027-02-13,wk inc flu hosp,3,35,quantile,0.65,152,2027-03-06
2027-02-13,wk inc flu hosp,3,35,quantile,0.7,156,2027-03-06
2027-02-13,wk inc flu hosp,3,35,quantile,0.75,166,2027-03-06
2027-02-13,wk inc flu hosp,3,35,quantile,0.8,174,2027-03-06
2027-02-13,wk inc flu hosp,3,35,quantile,0.85,179,2027-03-06
2027-02-13,wk inc flu hosp,3,35,quantile,0.9,194,2027-03-06
2027-02-13,wk inc flu hosp,3,35,quantile,0.95,217,2027-03-06
2027-02-13,wk inc flu hosp,3,35,quantile,0.975,241,2027-03-06
2027-02-13,wk inc flu hosp,3,35,quantile,0.99,255,2027-03-06
2027-02-13,wk inc flu hosp,3,36,quantile,0.01,722,2027-03-06
2027-02-13,wk inc flu hosp,3,36,quantile,0.025,832,2027-03-06
2027-02-13,wk inc flu hosp,3,36,quantile,0.05,864,2027-03-06
2027-02-13,wk inc flu hosp,3,36,quantile,0.1,950,2027-03-06
2027-02-13,wk inc flu hosp,3,36,quantile,0.15,1011,2027-03-06
2027-02-13,wk inc flu hosp,3,36,quantile,0.2,1111,2027-03-06
2027-02-13,wk inc flu hosp,3,36,quantile,0.25,1151,2027-03-06
2027-02-13,wk inc flu hosp,3,36,quantile,0.3,1195,2027-03-06
2027-02-13,wk inc flu hosp,3,36,quantile,0.35,1253,2027-03-06
2027-02-13,wk inc flu hosp,3,36,quantile,0.4,1270,2027-03-06
2027-02-13,wk inc flu hosp,3,36,quantile,0.45,1340,2027-03-06
2027-02-13,wk inc flu hosp,3,36,quantile,0.5,1376,2027-03-06
2027-02-13,wk inc flu hosp,3,36,quantile,0.55,1435,2027-03-06
2027-02-13,wk inc flu hosp,3,36,quantile,0.6,1502,2027-03-06
2027-02-13,wk inc flu hosp,3,36,quantile,0.65,1549,2027-03-06
2027-02-13,wk inc flu hosp,3,36,quantile,0.7,1590,2027-03-06
2027-02-13,wk inc flu hosp,3,36,quantile,0.75,1675,2027-03-06
2027-02-13,wk inc flu hosp,3,36,quantile,0.8,1744,2027-03-06
2027-02-13,wk inc flu hosp,3,36,quantile,0.85,1837,2027-03-06
2027-02-13,wk inc flu hosp,3,36,quantile,0.9,1946,2027-03-06
2027-02-13,wk inc flu hosp,3,36,quantile,0.95,2182,2027-03-06
2027-02-13,wk inc flu hosp,3,36,quantile,0.975,2359,2027-03-06
2027-02-13,wk inc flu hosp,3,36,quantile,0.99,2406,2027-03-06
2027-02-13,wk inc flu hosp,3,37,quantile,0.01,298,2027-03-06
2027-02-13,wk inc flu hosp,3,37,quantile,0.025,338,2027-03-06
2027-02-13,wk inc flu hosp,3,37,quantile,0.05,389,2027-03-06
2027-02-13,wk inc flu hosp,3,37,quantile,0.1,417,2027-03-06
2027-02-13,wk inc flu hosp,3,37,quantile,0.15,455,2027-03-06
2027-02-13,wk inc flu hosp,3,37,quantile,0.2,472,2027-03-06
2027-02-13,wk inc flu hosp,3,37,quantile,0.25,501,2027-03-06
2027-02-13,wk inc flu hosp,3,37,quantile,0.3,524,2027-03-06
2027-02-13,wk inc flu hosp,3,37,quantile,0.35,556,2027-03-06
2027-02-13,wk inc flu hosp,3,37,quantile,0.4,575,2027-03-06
2027-02-13,wk inc flu hosp,3,37,quantile,0.45,587,2027-03-06
2027-02-13,wk inc flu hosp,3,37,quantile,0.5,602,2027-03-06
2027-02-13,wk inc flu hosp,3,37,quantile,0.55,623,2027-03-06
2027-02-13,wk inc flu hosp,3,37,quantile,0.6,653,2027-03-06
2027-02-13,wk inc flu hosp,3,37,quantile,0.65,674,2027-03-06
2027-02-13,wk inc flu hosp,3,37,quantile,0.7,691,2027-03-06
2027-02-13,wk inc flu hosp,3,37,quantile,0.75,732,2027-03-06
2027-02-13,wk inc flu hosp,3,37,quantile,0.8,776,2027-03-06
2027-02-13,wk inc flu hosp,3,37,quantile,0.85,811,2027-03-06
2027-02-13,wk inc flu hosp,3,37,quantile,0.9,866,2027-03-06
2027-02-13,wk inc flu hosp,3,37,quantile,0.95,943,2027-03-06
2027-02-13,wk inc flu hosp,3,37,quantile,0.975,1024,2027-03-06
2027-02-13,wk inc flu hosp,3,37,quantile,0.99,1057,2027-03-06
2027-02-13,wk inc flu hosp,3,38,quantile,0.01,10,2027-03-06
2027-02-13,wk inc flu hosp,3,38,quantile,0.025,13,2027-03-06
2027-02-13,wk inc flu hosp,3,38,quantile,0.05,14,2027-03-06
2027-02-13,wk inc flu hosp,3,38,quantile,0.1,16,2027-03-06
2027-02-13,wk inc flu hosp,3,38,quantile,0.15,19,2027-03-06
2027-02-13,wk inc flu hosp,3,38,quantile,0.2,20,2027-03-06
2027-02-13,wk inc flu hosp,3,38,quantile,0.25,22,2027-03-06
2027-02-13,wk inc flu hosp,3,38,quantile,0.3,23,2027-03-06
2027-02-13,wk inc flu hosp,3,38,quantile,0.35,24,2027-03-06
2027-02-13,wk inc flu hosp,3,38,quantile,0.4,26,2027-03-06
2027-02-13,wk inc flu hosp,3,38,quantile,0.45,28,2027-03-06
2027-02-13,wk inc flu hosp,3,38,quantile,0.5,30,2027-03-06
2027-02-13,wk inc flu hosp,3,38,quantile,0.55,30,2027-03-06
2027-02-13,wk inc flu hosp,3,38,quantile,0.6,32,2027-03-06
2027-02-13,wk inc flu hosp,3,38,quantile,0.65,33,2027-03-06
2027-02-13,wk inc flu hosp,3,38,quantile,0.7,35,2027-03-06
2027-02-13,wk inc flu hosp,3,38,quantile,0.75,38,2027-03-06
2027-02-13,wk inc flu hosp,3,38,quantile,0.8,41,2027-03-06
2027-02-13,wk inc flu hosp,3,38,quantile,0.85,42,2027-03-06
2027-02-13,wk inc flu hosp,3,38,quantile,0.9,47,2027-03-06
2027-02-13,wk inc flu hosp,3,38,quantile,0.95,53,2027-03-06
2027-02-13,wk inc flu hosp,3,38,quantile,0.975,59,2027-03-06
2027-02-13,wk inc flu hosp,3,38,quantile,0.99,59,2027-03-06
2027-02-13,wk inc flu hosp,3,39,quantile,0.01,965,2027-03-06
2027-02-13,wk inc flu hosp,3,39,quantile,0.025,1006,2027-03-06
2027-02-13,wk inc flu hosp,3,39,quantile,0.05,1059,2027-03-06
2027-02-13,wk inc flu hosp,3,39,quantile,0.1,1145,2027-03-06
2027-02-13,wk inc flu hosp,3,39,quantile,0.15,1269,2027-03-06
2027-02-13,wk inc flu hosp,3,39,quantile,0.2,1348,2027-03-06
2027-02-13,wk inc flu hosp,3,39,quantile,0.25,1406,2027-03-06
2027-02-13,wk inc flu hosp,3,39,quantile,0.3,1525,2027-03-06
2027-02-13,wk inc flu hosp,3,39,quantile,0.35,1570,2027-03-06
2027-02-13,wk inc flu hosp,3,39,quantile,0.4,1623,2027-03-06
2027-02-13,wk inc flu hosp,3,39,quantile,0.45,1684,2027-03-06
2027-02-13,wk inc flu hosp,3,39,quantile,0.5,1727,2027-03-06
2027-02-13,wk inc flu hosp,3,39,quantile,0.55,1821,2027-03-06
2027-02-13,wk inc flu hosp,3,39,quantile,0.6,1887,2027-03-06
2027-02-13,wk inc flu hosp,3,39,quantile,0.65,1972,2027-03-06
2027-02-13,wk inc flu hosp,3,39,quantile,0.7,2042,2027-03-06
2027-02-13,wk inc flu hosp,3,39,quantile,0.75,2168,2027-03-06
2027-02-13,wk inc flu hosp,3,39,quantile,0.8,2225,2027-03-06
2027-02-13,wk inc flu hosp,3,39,quantile,0.85,2300,2027-03-06
2027-02-13,wk inc flu hosp,3,39,quantile,0.9,2506,2027-03-06
2027-02-13,wk inc flu hosp,3,39,quantile,0.95,2794,2027-03-06
2027-02-13,wk inc flu hosp,3,39,quantile,0.975,3036,2027-03-06
2027-02-13,wk inc flu hosp,3,39,quantile,0.99,3238,2027-03-06
2027-02-13,wk inc flu hosp,3,40,quantile,0.01,122,2027-03-06
2027-02-13,wk inc flu hosp,3,40,quantile,0.025,139,2027-03-06
2027-02-13,wk inc flu hosp,3,40,quantile,0.05,149,2027-03-06
2027-02-13,wk inc flu hosp,3,40,quantile,0.1,174,2027-03-06
2027-02-13,wk inc flu hosp,3,40,quantile,0.15,195,2027-03-06
2027-02-13,wk inc flu hosp,3,40,quantile,0.2,201,2027-03-06
2027-02-13,wk inc flu hosp,3,40,quantile,0.25,209,2027-03-06
2027-02-13,wk inc flu hosp,3,40,quantile,0.3,218,2027-03-06
2027-02-13,wk inc flu hosp,3,40,quantile,0.35,225,2027-03-06
2027-02-13,wk inc flu hosp,3,40,quantile,0.4,230,2027-03-06
2027-02-13,wk inc flu hosp,3,40,quantile,0.45,236,2027-03-06
2027-02-13,wk inc flu hosp,3,40,quantile,0.5,244,2027-03-06
2027-02-13,wk inc flu hosp,3,40,quantile,0.55,251,2027-03-06
2027-02-13,wk inc flu hosp,3,40,quantile,0.6,260,2027-03-06
2027-02-13,wk inc flu hosp,3,40,quantile,0.65,269,2027-03-06
2027-02-13,wk inc flu hosp,3,40,quantile,0.7,279,2027-03-06
2027-02-13,wk inc flu hosp,3,40,quantile,0.75,293,2027-03-06
2027-02-13,wk inc flu hosp,3,40,quantile,0.8,300,2027-03-06
2027-02-13,wk inc flu hosp,3,40,quantile,0.85,313,2027-03-06
2027-02-13,wk inc flu hosp,3,40,quantile,0.9,336,2027-03-06
2027-02-13,wk inc flu hosp,3,40,quantile,0.95,373,2027-03-06
2027-02-13,wk inc flu hosp,3,40,quantile,0.975,395,2027-03-06
2027-02-13,wk inc flu hosp,3,40,quantile,0.99,404,2027-03-06
2027-02-13,wk inc flu hosp,3,41,quantile,0.01,104,2027-03-06
2027-02-13,wk inc flu hosp,3,41,quantile,0.025,113,2027-03-06
2027-02-13,wk inc flu hosp,3,41,quantile,0.05,119,2027-03-06
2027-02-13,wk inc flu hosp,3,41,quantile,0.1,128,2027-03-06
2027-02-13,wk inc flu hosp,3,41,quantile,0.15,138,2027-03-06
2027-02-13,wk inc flu hosp,3,41,quantile,0.2,151,2027-03-06
2027-02-13,wk inc flu hosp,3,41,quantile,0.25,158,2027-03-06
2027-02-13,wk inc flu hosp,3,41,quantile,0.3,163,2027-03-06
2027-02-13,wk inc flu hosp,3,41,quantile,0.35,174,2027-03-06
2027-02-13,wk inc flu hosp,3,41,quantile,0.4,182,2027-03-06
2027-02-13,wk inc flu hosp,3,41,quantile,0.45,190,2027-03-06
2027-02-13,wk inc flu hosp,3,41,quantile,0.5,200,2027-03-06
2027-02-13,wk inc flu hosp,3,41,quantile,0.55,208,2027-03-06
2027-02-13,wk inc flu hosp,3,41,quantile,0.6,215,2027-03-06
2027-02-13,wk inc flu hosp,3,41,quantile,0.65,225,2027-03-06
2027-02-13,wk inc flu hosp,3,41,quantile,0.7,238,2027-03-06
2027-02-13,wk inc flu hosp,3,41,quantile,0.75,247,2027-03-06
2027-02-13,wk inc flu hosp,3,41,quantile,0.8,257,2027-03-06
2027-02-13,wk inc flu hosp,3,41,quantile,0.85,261,2027-03-06
2027-02-13,wk inc flu hosp,3,41,quantile,0.9,273,2027-03-06
2027-02-13,wk inc flu hosp,3,41,quantile,0.95,312,2027-03-06
2027-02-13,wk inc flu hosp,3,41,quantile,0.975,368,2027-03-06
2027-02-13,wk inc flu hosp,3,41,quantile,0.99,406,2027-03-06
2027-02-13,wk inc flu hosp,3,42,quantile,0.01,1142,2027-03-06
2027-02-13,wk inc flu hosp,3,42,quantile,0.025,1199,2027-03-06
2027-02-13,wk inc flu hosp,3,42,quantile,0.05,1304,2027-03-06
2027-02-13,wk inc flu hosp,3,42,quantile,0.1,1424,2027-03-06
2027-02-13,wk inc flu hosp,3,42,quantile,0.15,1569,2027-03-06
2027-02-13,wk inc flu hosp,3,42,quantile,0.2,1669,2027-03-06
2027-02-13,wk inc flu hosp,3,42,quantile,0.25,1762,2027-03-06
2027-02-13,wk inc flu hosp,3,42,quantile,0.3,1849,2027-03-06
2027-02-13,wk inc flu hosp,3,42,quantile,0.35,1907,2027-03-06
2027-02-13,wk inc flu hosp,3,42,quantile,0.4,2029,2027-03-06
2027-02-13,wk inc flu hosp,3,42,quantile,0.45,2080,2027-03-06
2027-02-13,wk inc flu hosp,3,42,quantile,0.5,2152,2027-03-06
2027-02-13,wk inc flu hosp,3,42,quantile,0.55,2236,2027-03-06
2027-02-13,wk inc flu hosp,3,42,quantile,0.6,2285,2027-03-06
2027-02-13,wk inc flu hosp,3,42,quantile,0.65,2365,2027-03-06
2027-02-13,wk inc flu hosp,3,42,quantile,0.7,2444,2027-03-06
2027-02-13,wk inc flu hosp,3,42,quantile,0.75,2507,2027-03-06
2027-02-13,wk inc flu hosp,3,42,quantile,0.8,2637,2027-03-06
2027-02-13,wk inc flu hosp,3,42,quantile,0.85,2718,2027-03-06
2027-02-13,wk inc flu hosp,3,42,quantile,0.9,2913,2027-03-06
2027-02-13,wk inc flu hosp,3,42,quantile,0.95,3177,2027-03-06
2027-02-13,wk inc flu hosp,3,42,quantile,0.975,3432,2027-03-06
2027-02-13,wk inc flu hosp,3,42,quantile,0.99,3619,2027-03-06
2027-02-13,wk inc flu hosp,3,44,quantile,0.01,30,2027-03-06
2027-02-13,wk inc flu hosp,3,44,quantile,0.025,38,2027-03-06
2027-02-13,wk inc flu hosp,3,44,quantile,0.05,39,2027-03-06
2027-02-13,wk inc flu hosp,3,44,quantile,0.1,43,2027-03-06
2027-02-13,wk inc flu hosp,3,44,quantile,0.15,46,2027-03-06
2027-02-13,wk inc flu hosp,3,44,quantile,0.2,51,2027-03-06
2027-02-13,wk inc flu hosp,3,44,quantile,0.25,53,2027-03-06
2027-02-13,wk inc flu hosp,3,44,quantile,0.3,57,2027-03-06
2027-02-13,wk inc flu hosp,3,44,quantile,0.35,59,2027-03-06
2027-02-13,wk inc flu hosp,3,44,quantile,0.4,62,2027-03-06
2027-02-13,wk inc flu hosp,3,44,quantile,0.45,64,2027-03-06
2027-02-13,wk inc flu hosp,3,44,quantile,0.5,68,2027-03-06
2027-02-13,wk inc flu hosp,3,44,quantile,0.55,70,2027-03-06
2027-02-13,wk inc flu hosp,3,44,quantile,0.6,74,2027-03-06
2027-02-13,wk inc flu hosp,3,44,quantile,0.65,78,2027-03-06
2027-02-13,wk inc flu hosp,3,44,quantile,0.7,81,2027-03-06
2027-02-13,wk inc flu hosp,3,44,quantile,0.75,86,2027-03-06
2027-02-13,wk inc flu hosp,3,44,quantile,0.8,92,2027-03-06
2027-02-13,wk inc flu hosp,3,44,quantile,0.85,97,2027-03-06
2027-02-13,wk inc flu hosp,3,44,quantile,0.9,104,2027-03-06
2027-02-13,wk inc flu hosp,3,44,quantile,0.95,108,2027-03-06
2027-02-13,wk inc flu hosp,3,44,quantile,0.975,121,2027-03-06
2027-02-13,wk inc flu hosp,3,44,quantile,0.99,124,2027-03-06
2027-02-13,wk inc flu hosp,3,45,quantile,0.01,92,2027-03-06
2027-02-13,wk inc flu hosp,3,45,quantile,0.025,104,2027-03-06
2027-02-13,wk inc flu hosp,3,45,quantile,0.05,112,2027-03-06
2027-02-13,wk inc flu hosp,3,45,quantile,0.1,145,2027-03-06
2027-02-13,wk inc flu hosp,3,45,quantile,0.15,164,2027-03-06
2027-02-13,wk inc flu hosp,3,45,quantile,0.2,172,2027-03-06
2027-02-13,wk inc flu hosp,3,45,quantile,0.25,185,2027-03-06
2027-02-13,wk inc flu hosp,3,45,quantile,0.3,193,2027-03-06
2027-02-13,wk inc flu hosp,3,45,quantile,0.35,201,2027-03-06
2027-02-13,wk inc flu hosp,3,45,quantile,0.4,207,2027-03-06
2027-02-13,wk inc flu hosp,3,45,quantile,0.45,214,2027-03-06
2027-02-13,wk inc flu hosp,3,45,quantile,0.5,226,2027-03-06
2027-02-13,wk inc flu hosp,3,45,quantile,0.55,247,2027-03-06
2027-02-13,wk inc flu hosp,3,45,quantile,0.6,261,2027-03-06
2027-02-13,wk inc flu hosp,3,45,quantile,0.65,269,2027-03-06
2027-02-13,wk inc flu hosp,3,45,quantile,0.7,281,2027-03-06
2027-02-13,wk inc flu hosp,3,45,quantile,0.75,302,2027-03-06
2027-02-13,wk inc flu hosp,3,45,quantile,0.8,317,2027-03-06
2027-02-13,wk inc flu hosp,3,45,quantile,0.85,351,2027-03-06
2027-02-13,wk inc flu hosp,3,45,quantile,0.9,365,2027-03-06
2027-02-13,wk inc flu hosp,3,45,quantile,0.95,392,2027-03-06
2027-02-13,wk inc flu hosp,3,45,quantile,0.975,426,2027-03-06
2027-02-13,wk inc flu hosp,3,45,quantile,0.99,447,2027-03-06
2027-02-13,wk inc flu hosp,3,46,quantile,0.01,34,2027-03-06
2027-02-13,wk inc flu hosp,3,46,quantile,0.025,40,2027-03-06
2027-02-13,wk inc flu hosp,3,46,quantile,0.05,44,2027-03-06
2027-02-13,wk inc flu hosp,3,46,quantile,0.1,49,2027-03-06
2027-02-13,wk inc flu hosp,3,46,quantile,0.15,53,2027-03-06
2027-02-13,wk inc flu hosp,3,46,quantile,0.2,58,2027-03-06
2027-02-13,wk inc flu hosp,3,46,quantile,0.25,63,2027-03-06
2027-02-13,wk inc flu hosp,3,46,quantile,0.3,66,2027-03-06
2027-02-13,wk inc flu hosp,3,46,quantile,0.35,67,2027-03-06
2027-02-13,wk inc flu hosp,3,46,quantile,0.4,69,2027-03-06
2027-02-13,wk inc flu hosp,3,46,quantile,0.45,72,2027-03-06
2027-02-13,wk inc flu hosp,3,46,quantile,0.5,74,2027-03-06
2027-02-13,wk inc flu hosp,3,46,quantile,0.55,77,2027-03-06
2027-02-13,wk inc flu hosp,3,46,quantile,0.6,79,2027-03-06
2027-02-13,wk inc flu hosp,3,46,quantile,0.65,82,2027-03-06
2027-02-13,wk inc flu hosp,3,46,quantile,0.7,85,2027-03-06
2027-02-13,wk inc flu hosp,3,46,quantile,0.75,91,2027-03-06
2027-02-13,wk inc flu hosp,3,46,quantile,0.8,94,2027-03-06
2027-02-13,wk inc flu hosp,3,46,quantile,0.85,99,2027-03-06
2027-02-13,wk inc flu hosp,3,46,quantile,0.9,105,2027-03-06
2027-02-13,wk inc flu hosp,3,46,quantile,0.95,120,2027-03-06
2027-02-13,wk inc flu hosp,3,46,quantile,0.975,133,2027-03-06
2027-02-13,wk inc flu hosp,3,46,quantile,0.99,135,2027-03-06
2027-02-13,wk inc flu hosp,3,47,quantile,0.01,218,2027-03-06
2027-02-13,wk inc flu hosp,3,47,quantile,0.025,239,2027-03-06
2027-02-13,wk inc flu hosp,3,47,quantile,0.05,245,2027-03-06
2027-02-13,wk inc flu hosp,3,47,quantile,0.1,267,2027-03-06
2027-02-13,wk inc flu hosp,3,47,quantile,0.15,282,2027-03-06
2027-02-13,wk inc flu hosp,3,47,quantile,0.2,293,2027-03-06
2027-02-13,wk inc flu hosp,3,47,quantile,0.25,302,2027-03-06
2027-02-13,wk inc flu hosp,3,47,quantile,0.3,307,2027-03-06
2027-02-13,wk inc flu hosp,3,47,quantile,0.35,315,2027-03-06
2027-02-13,wk inc flu hosp,3,47,quantile,0.4,321,2027-03-06
2027-02-13,wk inc flu hosp,3,47,quantile,0.45,325,2027-03-06
2027-02-13,wk inc flu hosp,3,47,quantile,0.5,334,2027-03-06
2027-02-13,wk inc flu hosp,3,47,quantile,0.55,341,2027-03-06
2027-02-13,wk inc flu hosp,3,47,quantile,0.6,346,2027-03-06
2027-02-13,wk inc flu hosp,3,47,quantile,0.65,353,2027-03-06
2027-02-13,wk inc flu hosp,3,47,quantile,0.7,359,2027-03-06
2027-02-13,wk inc flu hosp,3,47,quantile,0.75,368,2027-03-06
2027-02-13,wk inc flu hosp,3,47,quantile,0.8,388,2027-03-06
2027-02-13,wk inc flu hosp,3,47,quantile,0.85,398,2027-03-06
2027-02-13,wk inc flu hosp,3,47,quantile,0.9,435,2027-03-06
2027-02-13,wk inc flu hosp,3,47,quantile,0.95,480,2027-03-06
2027-02-13,wk inc flu hosp,3,47,quantile,0.975,514,2027-03-06
2027-02-13,wk inc flu hosp,3,47,quantile,0.99,525,2027-03-06
2027-02-13,wk inc flu hosp,3,48,quantile,0.01,462,2027-03-06
2027-02-13,wk inc flu hosp,3,48,quantile,0.025,487,2027-03-06
2027-02-13,wk inc flu hosp,3,48,quantile,0.05,513,2027-03-06
2027-02-13,wk inc flu hosp,3,48,quantile,0.1,592,2027-03-06
2027-02-13,wk inc flu hosp,3,48,quantile,0.15,631,2027-03-06
2027-02-13,wk inc flu hosp,3,48,quantile,0.2,669,2027-03-06
2027-02-13,wk inc flu hosp,3,48,quantile,0.25,698,2027-03-06
2027-02-13,wk inc flu hosp,3,48,quantile,0.3,717,2027-03-06
2027-02-13,wk inc flu hosp,3,48,quantile,0.35,748,2027-03-06
2027-02-13,wk inc flu hosp,3,48,quantile,0.4,770,2027-03-06
2027-02-13,wk inc flu hosp,3,48,quantile,0.45,819,2027-03-06
2027-02-13,wk inc flu hosp,3,48,quantile,0.5,858,2027-03-06
2027-02-13,wk inc flu hosp,3,48,quantile,0.55,912,2027-03-06
2027-02-13,wk inc flu hosp,3,48,quantile,0.6,956,2027-03-06
2027-02-13,wk inc flu hosp,3,48,quantile,0.65,979,2027-03-06
2027-02-13,wk inc flu hosp,3,48,quantile,0.7,1028,2027-03-06
2027-02-13,wk inc flu hosp,3,48,quantile,0.75,1055,2027-03-06
2027-02-13,wk inc flu hosp,3,48,quantile,0.8,1156,2027-03-06
2027-02-13,wk inc flu hosp,3,48,quantile,0.85,1289,2027-03-06
2027-02-13,wk inc flu hosp,3,48,quantile,0.9,1417,2027-03-06
2027-02-13,wk inc flu hosp,3,48,quantile,0.95,1540,2027-03-06
2027-02-13,wk inc flu hosp,3,48,quantile,0.975,1862,2027-03-06
2027-02-13,wk inc flu hosp,3,48,quantile,0.99,1992,2027-03-06
2027-02-13,wk inc flu hosp,3,49,quantile,0.01,23,2027-03-06
2027-02-13,wk inc flu hosp,3,49,quantile,0.025,27,2027-03-06
2027-02-13,wk inc flu hosp,3,49,quantile,0.05,30,2027-03-06
2027-02-13,wk inc flu hosp,3,49,quantile,0.1,36,2027-03-06
2027-02-13,wk inc flu hosp,3,49,quantile,0.15,42,2027-03-06
2027-02-13,wk inc flu hosp,3,49,quantile,0.2,44,2027-03-06
2027-02-13,wk inc flu hosp,3,49,quantile,0.25,50,2027-03-06
2027-02-13,wk inc flu hosp,3,49,quantile,0.3,51,2027-03-06
2027-02-13,wk inc flu hosp,3,49,quantile,0.35,53,2027-03-06
2027-02-13,wk inc flu hosp,3,49,quantile,0.4,55,2027-03-06
2027-02-13,wk inc flu hosp,3,49,quantile,0.45,58,2027-03-06
2027-02-13,wk inc flu hosp,3,49,quantile,0.5,60,2027-03-06
2027-02-13,wk inc flu hosp,3,49,quantile,0.55,62,2027-03-06
2027-02-13,wk inc flu hosp,3,49,quantile,0.6,64,2027-03-06
2027-02-13,wk inc flu hosp,3,49,quantile,0.65,66,2027-03-06
2027-02-13,wk inc flu hosp,3,49,quantile,0.7,68,2027-03-06
2027-02-13,wk inc flu hosp,3,49,quantile,0.75,70,2027-03-06
2027-02-13,wk inc flu hosp,3,49,quantile,0.8,73,2027-03-06
2027-02-13,wk inc flu hosp,3,49,quantile,0.85,77,2027-03-06
2027-02-13,wk inc flu hosp,3,49,quantile,0.9,80,2027-03-06
2027-02-13,wk inc flu hosp,3,49,quantile,0.95,96,2027-03-06
2027-02-13,wk inc flu hosp,3,49,quantile,0.975,101,2027-03-06
2027-02-13,wk inc flu hosp,3,49,quantile,0.99,115,2027-03-06
2027-02-13,wk inc flu hosp,3,50,quantile,0.01,10,2027-03-06
2027-02-13,wk inc flu hosp,3,50,quantile,0.025,16,2027-03-06
2027-02-13,wk inc flu hosp,3,50,quantile,0.05,18,2027-03-06
2027-02-13,wk inc flu hosp,3,50,quantile,0.1,21,2027-03-06
2027-02-13,wk inc flu hosp,3,50,quantile,0.15,22,2027-03-06
2027-02-13,wk inc flu hosp,3,50,quantile,0.2,25,2027-03-06
2027-02-13,wk inc flu hosp,3,50,quantile,0.25,27,2027-03-06
2027-02-13,wk inc flu hosp,3,50,quantile,0.3,29,2027-03-06
2027-02-13,wk inc flu hosp,3,50,quantile,0.35,31,2027-03-06
2027-02-13,wk inc flu hosp,3,50,quantile,0.4,32,2027-03-06
2027-02-13,wk inc flu hosp,3,50,quantile,0.45,34,2027-03-06
2027-02-13,wk inc flu hosp,3,50,quantile,0.5,35,2027-03-06
2027-02-13,wk inc flu hosp,3,50,quantile,0.55,37,2027-03-06
2027-02-13,wk inc flu hosp,3,50,quantile,0.6,39,2027-03-06
2027-02-13,wk inc flu hosp,3,50,quantile,0.65,41,2027-03-06
2027-02-13,wk inc flu hosp,3,50,quantile,0.7,45,2027-03-06
2027-02-13,wk inc flu hosp,3,50,quantile,0.75,47,2027-03-06
2027-02-13,wk inc flu hosp,3,50,quantile,0.8,49,2027-03-06
2027-02-13,wk inc flu hosp,3,50,quantile,0.85,50,2027-03-06
2027-02-13,wk inc flu hosp,3,50,quantile,0.9,53,2027-03-06
2027-02-13,wk inc flu hosp,3,50,quantile,0.95,60,2027-03-06
2027-02-13,wk inc flu hosp,3,50,quantile,0.975,63,2027-03-06
2027-02-13,wk inc flu hosp,3,50,quantile,0.99,68,2027-03-06
2027-02-13,wk inc flu hosp,3,51,quantile,0.01,221,2027-03-06
2027-02-13,wk inc flu hosp,3,51,quantile,0.025,229,2027-03-06
2027-02-13,wk inc flu hosp,3,51,quantile,0.05,260,2027-03-06
2027-02-13,wk inc flu hosp,3,51,quantile,0.1,293,2027-03-06
2027-02-13,wk inc flu hosp,3,51,quantile,0.15,326,2027-03-06
2027-02-13,wk inc flu hosp,3,51,quantile,0.2,339,2027-03-06
2027-02-13,wk inc flu hosp,3,51,quantile,0.25,365,2027-03-06
2027-02-13,wk inc flu hosp,3,51,quantile,0.3,376,2027-03-06
2027-02-13,wk inc flu hosp,3,51,quantile,0.35,392,2027-03-06
2027-02-13,wk inc flu hosp,3,51,quantile,0.4,404,2027-03-06
2027-02-13,wk inc flu hosp,3,51,quantile,0.45,420,2027-03-06
2027-02-13,wk inc flu hosp,3,51,quantile,0.5,438,2027-03-06
2027-02-13,wk inc flu hosp,3,51,quantile,0.55,457,2027-03-06
2027-02-13,wk inc flu hosp,3,51,quantile,0.6,465,2027-03-06
2027-02-13,wk inc flu hosp,3,51,quantile,0.65,478,2027-03-06
2027-02-13,wk inc flu hosp,3,51,quantile,0.7,490,2027-03-06
2027-02-13,wk inc flu hosp,3,51,quantile,0.75,526,2027-03-06
2027-02-13,wk inc flu hosp,3,51,quantile,0.8,551,2027-03-06
2027-02-13,wk inc flu hosp,3,51,quantile,0.85,578,2027-03-06
2027-02-13,wk inc flu hosp,3,51,quantile,0.9,632,2027-03-06
2027-02-13,wk inc flu hosp,3,51,quantile,0.95,671,2027-03-06
2027-02-13,wk inc flu hosp,3,51,quantile,0.975,763,2027-03-06
2027-02-13,wk inc flu hosp,3,51,quantile,0.99,840,2027-03-06
2027-02-13,wk inc flu hosp,3,53,quantile,0.01,112,2027-03-06
2027-02-13,wk inc flu hosp,3,53,quantile,0.025,115,2027-03-06
2027-02-13,wk inc flu hosp,3,53,quantile,0.05,129,2027-03-06
2027-02-13,wk inc flu hosp,3,53,quantile,0.1,160,2027-03-06
2027-02-13,wk inc flu hosp,3,53,quantile,0.15,171,2027-03-06
2027-02-13,wk inc flu hosp,3,53,quantile,0.2,185,2027-03-06
2027-02-13,wk inc flu hosp,3,53,quantile,0.25,194,2027-03-06
2027-02-13,wk inc flu hosp,3,53,quantile,0.3,213,2027-03-06
2027-02-13,wk inc flu hosp,3,53,quantile,0.35,219,2027-03-06
2027-02-13,wk inc flu hosp,3,53,quantile,0.4,225,2027-03-06
2027-02-13,wk inc flu hosp,3,53,quantile,0.45,233,2027-03-06
2027-02-13,wk inc flu hosp,3,53,quantile,0.5,243,2027-03-06
2027-02-13,wk inc flu hosp,3,53,quantile,0.55,251,2027-03-06
2027-02-13,wk inc flu hosp,3,53,quantile,0.6,263,2027-03-06
2027-02-13,wk inc flu hosp,3,53,quantile,0.65,272,2027-03-06
2027-02-13,wk inc flu hosp,3,53,quantile,0.7,282,2027-03-06
2027-02-13,wk inc flu hosp,3,53,quantile,0.75,298,2027-03-06
2027-02-13,wk inc flu hosp,3,53,quantile,0.8,315,2027-03-06
2027-02-13,wk inc flu hosp,3,53,quantile,0.85,341,2027-03-06
2027-02-13,wk inc flu hosp,3,53,quantile,0.9,380,2027-03-06
2027-02-13,wk inc flu hosp,3,53,quantile,0.95,425,2027-03-06
2027-02-13,wk inc flu hosp,3,53,quantile,0.975,486,2027-03-06
2027-02-13,wk inc flu hosp,3,53,quantile,0.99,530,2027-03-06
2027-02-13,wk inc flu hosp,3,54,quantile,0.01,185,2027-03-06
2027-02-13,wk inc flu hosp,3,54,quantile,0.025,192,2027-03-06
2027-02-13,wk inc flu hosp,3,54,quantile,0.05,208,2027-03-06
2027-02-13,wk inc flu hosp,3,54,quantile,0.1,243,2027-03-06
2027-02-13,wk inc flu hosp,3,54,quantile,0.15,267,2027-03-06
2027-02-13,wk inc flu hosp,3,54,quantile,0.2,291,2027-03-06
2027-02-13,wk inc flu hosp,3,54,quantile,0.25,297,2027-03-06
2027-02-13,wk inc flu hosp,3,54,quantile,0.3,302,2027-03-06
2027-02-13,wk inc flu hosp,3,54,quantile,0.35,313,2027-03-06
2027-02-13,wk inc flu hosp,3,54,quantile,0.4,326,2027-03-06
2027-02-13,wk inc flu hosp,3,54,quantile,0.45,336,2027-03-06
2027-02-13,wk inc flu hosp,3,54,quantile,0.5,344,2027-03-06
2027-02-13,wk inc flu hosp,3,54,quantile,0.55,351,2027-03-06
2027-02-13,wk inc flu hosp,3,54,quantile,0.6,366,2027-03-06
2027-02-13,wk inc flu hosp,3,54,quantile,0.65,379,2027-03-06
2027-02-13,wk inc flu hosp,3,54,quantile,0.7,394,2027-03-06
2027-02-13,wk inc flu hosp,3,54,quantile,0.75,416,2027-03-06
2027-02-13,wk inc flu hosp,3,54,quantile,0.8,428,2027-03-06
2027-02-13,wk inc flu hosp,3,54,quantile,0.85,439,2027-03-06
2027-02-13,wk inc flu hosp,3,54,quantile,0.9,478,2027-03-06
2027-02-13,wk inc flu hosp,3,54,quantile,0.95,499,2027-03-06
2027-02-13,wk inc flu hosp,3,54,quantile,0.975,566,2027-03-06
2027-02-13,wk inc flu hosp,3,54,quantile,0.99,718,2027-03-06
2027-02-13,wk inc flu hosp,3,55,quantile,0.01,311,2027-03-06
2027-02-13,wk inc flu hosp,3,55,quantile,0.025,333,2027-03-06
2027-02-13,wk inc flu hosp,3,55,quantile,0.05,350,2027-03-06
2027-02-13,wk inc flu hosp,3,55,quantile,0.1,378,2027-03-06
2027-02-13,wk inc flu hosp,3,55,quantile,0.15,402,2027-03-06
2027-02-13,wk inc flu hosp,3,55,quantile,0.2,427,2027-03-06
2027-02-13,wk inc flu hosp,3,55,quantile,0.25,448,2027-03-06
2027-02-13,wk inc flu hosp,3,55,quantile,0.3,464,2027-03-06
2027-02-13,wk inc flu hosp,3,55,quantile,0.35,479,2027-03-06
2027-02-13,wk inc flu hosp,3,55,quantile,0.4,497,2027-03-06
2027-02-13,wk inc flu hosp,3,55,quantile,0.45,507,2027-03-06
2027-02-13,wk inc flu hosp,3,55,quantile,0.5,522,2027-03-06
2027-02-13,wk inc flu hosp,3,55,quantile,0.55,539,2027-03-06
2027-02-13,wk inc flu hosp,3,55,quantile,0.6,553,2027-03-06
2027-02-13,wk inc flu hosp,3,55,quantile,0.65,574,2027-03-06
2027-02-13,wk inc flu hosp,3,55,quantile,0.7,600,2027-03-06
2027-02-13,wk inc flu hosp,3,55,quantile,0.75,631,2027-03-06
2027-02-13,wk inc flu hosp,3,55,quantile,0.8,684,2027-03-06
2027-02-13,wk inc flu hosp,3,55,quantile,0.85,751,2027-03-06
2027-02-13,wk inc flu hosp,3,55,quantile,0.9,820,2027-03-06
2027-02-13,wk inc flu hosp,3,55,quantile,0.95,943,2027-03-06
2027-02-13,wk inc flu hosp,3,55,quantile,0.975,1016,2027-03-06
2027-02-13,wk inc flu hosp,3,55,quantile,0.99,1058,2027-03-06
2027-02-13,wk inc flu hosp,3,56,quantile,0.01,10,2027-03-06
2027-02-13,wk inc flu hosp,3,56,quantile,0.025,11,2027-03-06
2027-02-13,wk inc flu hosp,3,56,quantile,0.05,12,2027-03-06
2027-02-13,wk inc flu hosp,3,56,quantile,0.1,14,2027-03-06
2027-02-13,wk inc flu hosp,3,56,quantile,0.15,16,2027-03-06
2027-02-13,wk inc flu hosp,3,56,quantile,0.2,18,2027-03-06
2027-02-13,wk inc flu hosp,3,56,quantile,0.25,20,2027-03-06
2027-02-13,wk inc flu hosp,3,56,quantile,0.3,21,2027-03-06
2027-02-13,wk inc flu hosp,3,56,quantile,0.35,22,2027-03-06
2027-02-13,wk inc flu hosp,3,56,quantile,0.4,23,2027-03-06
2027-02-13,wk inc flu hosp,3,56,quantile,0.45,25,2027-03-06
2027-02-13,wk inc flu hosp,3,56,quantile,0.5,26,2027-03-06
2027-02-13,wk inc flu hosp,3,56,quantile,0.55,27,2027-03-06
2027-02-13,wk inc flu hosp,3,56,quantile,0.6,29,2027-03-06
2027-02-13,wk inc flu hosp,3,56,quantile,0.65,30,2027-03-06
2027-02-13,wk inc flu hosp,3,56,quantile,0.7,34,2027-03-06
2027-02-13,wk inc flu hosp,3,56,quantile,0.75,36,2027-03-06
2027-02-13,wk inc flu hosp,3,56,quantile,0.8,37,2027-03-06
2027-02-13,wk inc flu hosp,3,56,quantile,0.85,40,2027-03-06
2027-02-13,wk inc flu hosp,3,56,quantile,0.9,48,2027-03-06
2027-02-13,wk inc flu hosp,3,56,quantile,0.95,55,2027-03-06
2027-02-13,wk inc flu hosp,3,56,quantile,0.975,56,2027-03-06
2027-02-13,wk inc flu hosp,3,56,quantile,0.99,62,2027-03-06
2027-02-13,wk inc flu hosp,3,72,quantile,0.01,77,2027-03-06
2027-02-13,wk inc flu hosp,3,72,quantile,0.025,82,2027-03-06
2027-02-13,wk inc flu hosp,3,72,quantile,0.05,99,2027-03-06
2027-02-13,wk inc flu hosp,3,72,quantile,0.1,127,2027-03-06
2027-02-13,wk inc flu hosp,3,72,quantile,0.15,142,2027-03-06
2027-02-13,wk inc flu hosp,3,72,quantile,0.2,161,2027-03-06
2027-02-13,wk inc flu hosp,3,72,quantile,0.25,184,2027-03-06
2027-02-13,wk inc flu hosp,3,72,quantile,0.3,204,2027-03-06
2027-02-13,wk inc flu hosp,3,72,quantile,0.35,222,2027-03-06
2027-02-13,wk inc flu hosp,3,72,quantile,0.4,245,2027-03-06
2027-02-13,wk inc flu hosp,3,72,quantile,0.45,261,2027-03-06
2027-02-13,wk inc flu hosp,3,72,quantile,0.5,270,2027-03-06
2027-02-13,wk inc flu hosp,3,72,quantile,0.55,299,2027-03-06
2027-02-13,wk inc flu hosp,3,72,quantile,0.6,317,2027-03-06
2027-02-13,wk inc flu hosp,3,72,quantile,0.65,331,2027-03-06
2027-02-13,wk inc flu hosp,3,72,quantile,0.7,350,2027-03-06
2027-02-13,wk inc flu hosp,3,72,quantile,0.75,379,2027-03-06
2027-02-13,wk inc flu hosp,3,72,quantile,0.8,406,2027-03-06
2027-02-13,wk inc flu hosp,3,72,quantile,0.85,434,2027-03-06
2027-02-13,wk inc flu hosp,3,72,quantile,0.9,482,2027-03-06
2027-02-13,wk inc flu hosp,3,72,quantile,0.95,521,2027-03-06
2027-02-13,wk inc flu hosp,3,72,quantile,0.975,566,2027-03-06
2027-02-13,wk inc flu hosp,3,72,quantile,0.99,647,2027-03-06
2027-02-13,wk inc flu hosp,3,USA,quantile,0.01,19516,2027-03-06
2027-02-13,wk inc flu hosp,3,USA,quantile,0.025,19597,2027-03-06
2027-02-13,wk inc flu hosp,3,USA,quantile,0.05,19845,2027-03-06
2027-02-13,wk inc flu hosp,3,USA,quantile,0.1,20400,2027-03-06
2027-02-13,wk inc flu hosp,3,USA,quantile,0.15,20674,2027-03-06
2027-02-13,wk inc flu hosp,3,USA,quantile,0.2,21045,2027-03-06
2027-02-13,wk inc flu hosp,3,USA,quantile,0.25,21469,2027-03-06
2027-02-13,wk inc flu hosp,3,USA,quantile,0.3,21666,2027-03-06
2027-02-13,wk inc flu hosp,3,USA,quantile,0.35,21894,2027-03-06
2027-02-13,wk inc flu hosp,3,USA,quantile,0.4,22263,2027-03-06
2027-02-13,wk inc flu hosp,3,USA,quantile,0.45,22492,2027-03-06
2027-02-13,wk inc flu hosp,3,USA,quantile,0.5,22875,2027-03-06
2027-02-13,wk inc flu hosp,3,USA,quantile,0.55,23420,2027-03-06
2027-02-13,wk inc flu hosp,3,USA,quantile,0.6,23585,2027-03-06
2027-02-13,wk inc flu hosp,3,USA,quantile,0.65,23864,2027-03-06
2027-02-13,wk inc flu hosp,3,USA,quantile,0.7,24337,2027-03-06
2027-02-13,wk inc flu hosp,3,USA,quantile,0.75,24936,2027-03-06
2027-02-13,wk inc flu hosp,3,USA,quantile,0.8,25432,2027-03-06
2027-02-13,wk inc flu hosp,3,USA,quantile,0.85,26023,2027-03-06
2027-02-13,wk inc flu hosp,3,USA,quantile,0.9,26957,2027-03-06
2027-02-13,wk inc flu hosp,3,USA,quantile,0.95,28675,2027-03-06
2027-02-13,wk inc flu hosp,3,USA,quantile,0.975,29906,2027-03-06
2027-02-13,wk inc flu hosp,3,USA,quantile,0.99,32294,2027-03-06
