reference_date,target,horizon,location,output_type,output_type_id,value,target_end_date
2026-12-05,wk inc flu hosp,0,01,quantile,0.01,20,2026-12-05
2026-12-05,wk inc flu hosp,0,01,quantile,0.025,22,2026-12-05
2026-12-05,wk inc flu hosp,0,01,quantile,0.05,24,2026-12-05
2026-12-05,wk inc flu hosp,0,01,quantile,0.1,27,2026-12-05
2026-12-05,wk inc flu hosp,0,01,quantile,0.15,29,2026-12-05
2026-12-05,wk inc flu hosp,0,01,quantile,0.2,30,2026-12-05
2026-12-05,wk inc flu hosp,0,01,quantile,0.25,31,2026-12-05
2026-12-05,wk inc flu hosp,0,01,quantile,0.3,33,2026-12-05
2026-12-05,wk inc flu hosp,0,01,quantile,0.35,35,2026-12-05
2026-12-05,wk inc flu hosp,0,01,quantile,0.4,37,2026-12-05
2026-12-05,wk inc flu hosp,0,01,quantile,0.45,39,2026-12-05
2026-12-05,wk inc flu hosp,0,01,quantile,0.5,40,2026-12-05
2026-12-05,wk inc flu hosp,0,01,quantile,0.55,41,2026-12-05
2026-12-05,wk inc flu hosp,0,01,quantile,0.6,43,2026-12-05
2026-12-05,wk inc flu hosp,0,01,quantile,0.65,44,2026-12-05
2026-12-05,wk inc flu hosp,0,01,quantile,0.7,46,2026-12-05
2026-12-05,wk inc flu hosp,0,01,quantile,0.75,49,2026-12-05
2026-12-05,wk inc flu hosp,0,01,quantile,0.8,50,2026-12-05
2026-12-05,wk inc flu hosp,0,01,quantile,0.85,53,2026-12-05
2026-12-05,wk inc flu hosp,0,01,quantile,0.9,55,2026-12-05
2026-12-05,wk inc flu hosp,0,01,quantile,0.95,60,2026-12-05
2026-12-05,wk inc flu hosp,0,01,quantile,0.975,65,2026-12-05
2026-12-05,wk inc flu hosp,0,01,quantile,0.99,74,2026-12-05
2026-12-05,wk inc flu hosp,0,02,quantile,0.01,1,2026-12-05
2026-12-05,wk inc flu hosp,0,02,quantile,0.025,1,2026-12-05
2026-12-05,wk inc flu hosp,0,02,quantile,0.05,3,2026-12-05
2026-12-05,wk inc flu hosp,0,02,quantile,0.1,4,2026-12-05
2026-12-05,wk inc flu hosp,0,02,quantile,0.15,4,2026-12-05
2026-12-05,wk inc flu hosp,0,02,quantile,0.2,5,2026-12-05
2026-12-05,wk inc flu hosp,0,02,quantile,0.25,6,2026-12-05
2026-12-05,wk inc flu hosp,0,02,quantile,0.3,7,2026-12-05
2026-12-05,wk inc flu hosp,0,02,quantile,0.35,7,2026-12-05
2026-12-05,wk inc flu hosp,0,02,quantile,0.4,8,2026-12-05
2026-12-05,wk inc flu hosp,0,02,quantile,0.45,9,2026-12-05
2026-12-05,wk inc flu hosp,0,02,quantile,0.5,9,2026-12-05
2026-12-05,wk inc flu hosp,0,02,quantile,0.55,10,2026-12-05
2026-12-05,wk inc flu hosp,0,02,quantile,0.6,11,2026-12-05
2026-12-05,wk inc flu hosp,0,02,quantile,0.65,11,2026-12-05
2026-12-05,wk inc flu hosp,0,02,quantile,0.7,12,2026-12-05
2026-12-05,wk inc flu hosp,0,02,quantile,0.75,13,2026-12-05
2026-12-05,wk inc flu hosp,0,02,quantile,0.8,15,2026-12-05
2026-12-05,wk inc flu hosp,0,02,quantile,0.85,16,2026-12-05
2026-12-05,wk inc flu hosp,0,02,quantile,0.9,17,2026-12-05
2026-12-05,wk inc flu hosp,0,02,quantile,0.95,21,2026-12-05
2026-12-05,wk inc flu hosp,0,02,quantile,0.975,24,2026-12-05
2026-12-05,wk inc flu hosp,0,02,quantile,0.99,24,2026-12-05
2026-12-05,wk inc flu hosp,0,04,quantile,0.01,102,2026-12-05
2026-12-05,wk inc flu hosp,0,04,quantile,0.025,106,2026-12-05
2026-12-05,wk inc flu hosp,0,04,quantile,0.05,109,2026-12-05
2026-12-05,wk inc flu hosp,0,04,quantile,0.1,115,2026-12-05
2026-12-05,wk inc flu hosp,0,04,quantile,0.15,120,2026-12-05
2026-12-05,wk inc flu hosp,0,04,quantile,0.2,123,2026-12-05
2026-12-05,wk inc flu hosp,0,04,quantile,0.25,126,2026-12-05
2026-12-05,wk inc flu hosp,0,04,quantile,0.3,128,2026-12-05
2026-12-05,wk inc flu hosp,0,04,quantile,0.35,133,2026-12-05
2026-12-05,wk inc flu hosp,0,04,quantile,0.4,137,2026-12-05
2026-12-05,wk inc flu hosp,0,04,quantile,0.45,142,2026-12-05
2026-12-05,wk inc flu hosp,0,04,quantile,0.5,145,2026-12-05
2026-12-05,wk inc flu hosp,0,04,quantile,0.55,150,2026-12-05
2026-12-05,wk inc flu hosp,0,04,quantile,0.6,154,2026-12-05
2026-12-05,wk inc flu hosp,0,04,quantile,0.65,157,2026-12-05
2026-12-05,wk inc flu hosp,0,04,quantile,0.7,163,2026-12-05
2026-12-05,wk inc flu hosp,0,04,quantile,0.75,167,2026-12-05
2026-12-05,wk inc flu hosp,0,04,quantile,0.8,175,2026-12-05
2026-12-05,wk inc flu hosp,0,04,quantile,0.85,183,2026-12-05
2026-12-05,wk inc flu hosp,0,04,quantile,0.9,188,2026-12-05
2026-12-05,wk inc flu hosp,0,04,quantile,0.95,209,2026-12-05
2026-12-05,wk inc flu hosp,0,04,quantile,0.975,215,2026-12-05
2026-12-05,wk inc flu hosp,0,04,quantile,0.99,249,2026-12-05
2026-12-05,wk inc flu hosp,0,05,quantile,0.01,11,2026-12-05
2026-12-05,wk inc flu hosp,0,05,quantile,0.025,12,2026-12-05
2026-12-05,wk inc flu hosp,0,05,quantile,0.05,13,2026-12-05
2026-12-05,wk inc flu hosp,0,05,quantile,0.1,15,2026-12-05
2026-12-05,wk inc flu hosp,0,05,quantile,0.15,16,2026-12-05
2026-12-05,wk inc flu hosp,0,05,quantile,0.2,17,2026-12-05
2026-12-05,wk inc flu hosp,0,05,quantile,0.25,17,2026-12-05
2026-12-05,wk inc flu hosp,0,05,quantile,0.3,19,2026-12-05
2026-12-05,wk inc flu hosp,0,05,quantile,0.35,19,2026-12-05
2026-12-05,wk inc flu hosp,0,05,quantile,0.4,20,2026-12-05
2026-12-05,wk inc flu hosp,0,05,quantile,0.45,21,2026-12-05
2026-12-05,wk inc flu hosp,0,05,quantile,0.5,22,2026-12-05
2026-12-05,wk inc flu hosp,0,05,quantile,0.55,23,2026-12-05
2026-12-05,wk inc flu hosp,0,05,quantile,0.6,23,2026-12-05
2026-12-05,wk inc flu hosp,0,05,quantile,0.65,24,2026-12-05
2026-12-05,wk inc flu hosp,0,05,quantile,0.7,25,2026-12-05
2026-12-05,wk inc flu hosp,0,05,quantile,0.75,27,2026-12-05
2026-12-05,wk inc flu hosp,0,05,quantile,0.8,28,2026-12-05
2026-12-05,wk inc flu hosp,0,05,quantile,0.85,29,2026-12-05
2026-12-05,wk inc flu hosp,0,05,quantile,0.9,31,2026-12-05
2026-12-05,wk inc flu hosp,0,05,quantile,0.95,34,2026-12-05
2026-12-05,wk inc flu hosp,0,05,quantile,0.975,37,2026-12-05
2026-12-05,wk inc flu hosp,0,05,quantile,0.99,44,2026-12-05
2026-12-05,wk inc flu hosp,0,06,quantile,0.01,193,2026-12-05
2026-12-05,wk inc flu hosp,0,06,quantile,0.025,216,2026-12-05
2026-12-05,wk inc flu hosp,0,06,quantile,0.05,226,2026-12-05
2026-12-05,wk inc flu hosp,0,06,quantile,0.1,232,2026-12-05
2026-12-05,wk inc flu hosp,0,06,quantile,0.15,239,2026-12-05
2026-12-05,wk inc flu hosp,0,06,quantile,0.2,257,2026-12-05
2026-12-05,wk inc flu hosp,0,06,quantile,0.25,264,2026-12-05
2026-12-05,wk inc flu hosp,0,06,quantile,0.3,267,2026-12-05
2026-12-05,wk inc flu hosp,0,06,quantile,0.35,286,2026-12-05
2026-12-05,wk inc flu hosp,0,06,quantile,0.4,290,2026-12-05
2026-12-05,wk inc flu hosp,0,06,quantile,0.45,296,2026-12-05
2026-12-05,wk inc flu hosp,0,06,quantile,0.5,302,2026-12-05
2026-12-05,wk inc flu hosp,0,06,quantile,0.55,306,2026-12-05
2026-12-05,wk inc flu hosp,0,06,quantile,0.6,311,2026-12-05
2026-12-05,wk inc flu hosp,0,06,quantile,0.65,318,2026-12-05
2026-12-05,wk inc flu hosp,0,06,quantile,0.7,325,2026-12-05
2026-12-05,wk inc flu hosp,0,06,quantile,0.75,334,2026-12-05
2026-12-05,wk inc flu hosp,0,06,quantile,0.8,344,2026-12-05
2026-12-05,wk inc flu hosp,0,06,quantile,0.85,351,2026-12-05
2026-12-05,wk inc flu hosp,0,06,quantile,0.9,366,2026-12-05
2026-12-05,wk inc flu hosp,0,06,quantile,0.95,390,2026-12-05
2026-12-05,wk inc flu hosp,0,06,quantile,0.975,407,2026-12-05
2026-12-05,wk inc flu hosp,0,06,quantile,0.99,442,2026-12-05
2026-12-05,wk inc flu hosp,0,08,quantile,0.01,39,2026-12-05
2026-12-05,wk inc flu hosp,0,08,quantile,0.025,45,2026-12-05
2026-12-05,wk inc flu hosp,0,08,quantile,0.05,49,2026-12-05
2026-12-05,wk inc flu hosp,0,08,quantile,0.1,54,2026-12-05
2026-12-05,wk inc flu hosp,0,08,quantile,0.15,56,2026-12-05
2026-12-05,wk inc flu hosp,0,08,quantile,0.2,58,2026-12-05
2026-12-05,wk inc flu hosp,0,08,quantile,0.25,60,2026-12-05
2026-12-05,wk inc flu hosp,0,08,quantile,0.3,62,2026-12-05
2026-12-05,wk inc flu hosp,0,08,quantile,0.35,65,2026-12-05
2026-12-05,wk inc flu hosp,0,08,quantile,0.4,67,2026-12-05
2026-12-05,wk inc flu hosp,0,08,quantile,0.45,70,2026-12-05
2026-12-05,wk inc flu hosp,0,08,quantile,0.5,72,2026-12-05
2026-12-05,wk inc flu hosp,0,08,quantile,0.55,73,2026-12-05
2026-12-05,wk inc flu hosp,0,08,quantile,0.6,75,2026-12-05
2026-12-05,wk inc flu hosp,0,08,quantile,0.65,77,2026-12-05
2026-12-05,wk inc flu hosp,0,08,quantile,0.7,80,2026-12-05
2026-12-05,wk inc flu hosp,0,08,quantile,0.75,84,2026-12-05
2026-12-05,wk inc flu hosp,0,08,quantile,0.8,87,2026-12-05
2026-12-05,wk inc flu hosp,0,08,quantile,0.85,89,2026-12-05
2026-12-05,wk inc flu hosp,0,08,quantile,0.9,94,2026-12-05
2026-12-05,wk inc flu hosp,0,08,quantile,0.95,101,2026-12-05
2026-12-05,wk inc flu hosp,0,08,quantile,0.975,109,2026-12-05
2026-12-05,wk inc flu hosp,0,08,quantile,0.99,112,2026-12-05
2026-12-05,wk inc flu hosp,0,09,quantile,0.01,19,2026-12-05
2026-12-05,wk inc flu hosp,0,09,quantile,0.025,22,2026-12-05
2026-12-05,wk inc flu hosp,0,09,quantile,0.05,24,2026-12-05
2026-12-05,wk inc flu hosp,0,09,quantile,0.1,26,2026-12-05
2026-12-05,wk inc flu hosp,0,09,quantile,0.15,29,2026-12-05
2026-12-05,wk inc flu hosp,0,09,quantile,0.2,29,2026-12-05
2026-12-05,wk inc flu hosp,0,09,quantile,0.25,31,2026-12-05
2026-12-05,wk inc flu hosp,0,09,quantile,0.3,33,2026-12-05
2026-12-05,wk inc flu hosp,0,09,quantile,0.35,35,2026-12-05
2026-12-05,wk inc flu hosp,0,09,quantile,0.4,36,2026-12-05
2026-12-05,wk inc flu hosp,0,09,quantile,0.45,38,2026-12-05
2026-12-05,wk inc flu hosp,0,09,quantile,0.5,39,2026-12-05
2026-12-05,wk inc flu hosp,0,09,quantile,0.55,42,2026-12-05
2026-12-05,wk inc flu hosp,0,09,quantile,0.6,43,2026-12-05
2026-12-05,wk inc flu hosp,0,09,quantile,0.65,44,2026-12-05
2026-12-05,wk inc flu hosp,0,09,quantile,0.7,45,2026-12-05
2026-12-05,wk inc flu hosp,0,09,quantile,0.75,46,2026-12-05
2026-12-05,wk inc flu hosp,0,09,quantile,0.8,50,2026-12-05
2026-12-05,wk inc flu hosp,0,09,quantile,0.85,52,2026-12-05
2026-12-05,wk inc flu hosp,0,09,quantile,0.9,56,2026-12-05
2026-12-05,wk inc flu hosp,0,09,quantile,0.95,59,2026-12-05
2026-12-05,wk inc flu hosp,0,09,quantile,0.975,64,2026-12-05
2026-12-05,wk inc flu hosp,0,09,quantile,0.99,75,2026-12-05
2026-12-05,wk inc flu hosp,0,10,quantile,0.01,1,2026-12-05
2026-12-05,wk inc flu hosp,0,10,quantile,0.025,1,2026-12-05
2026-12-05,wk inc flu hosp,0,10,quantile,0.05,1,2026-12-05
2026-12-05,wk inc flu hosp,0,10,quantile,0.1,2,2026-12-05
2026-12-05,wk inc flu hosp,0,10,quantile,0.15,3,2026-12-05
2026-12-05,wk inc flu hosp,0,10,quantile,0.2,3,2026-12-05
2026-12-05,wk inc flu hosp,0,10,quantile,0.25,3,2026-12-05
2026-12-05,wk inc flu hosp,0,10,quantile,0.3,4,2026-12-05
2026-12-05,wk inc flu hosp,0,10,quantile,0.35,4,2026-12-05
2026-12-05,wk inc flu hosp,0,10,quantile,0.4,5,2026-12-05
2026-12-05,wk inc flu hosp,0,10,quantile,0.45,5,2026-12-05
2026-12-05,wk inc flu hosp,0,10,quantile,0.5,6,2026-12-05
2026-12-05,wk inc flu hosp,0,10,quantile,0.55,6,2026-12-05
2026-12-05,wk inc flu hosp,0,10,quantile,0.6,6,2026-12-05
2026-12-05,wk inc flu hosp,0,10,quantile,0.65,7,2026-12-05
2026-12-05,wk inc flu hosp,0,10,quantile,0.7,7,2026-12-05
2026-12-05,wk inc flu hosp,0,10,quantile,0.75,7,2026-12-05
2026-12-05,wk inc flu hosp,0,10,quantile,0.8,8,2026-12-05
2026-12-05,wk inc flu hosp,0,10,quantile,0.85,8,2026-12-05
2026-12-05,wk inc flu hosp,0,10,quantile,0.9,10,2026-12-05
2026-12-05,wk inc flu hosp,0,10,quantile,0.95,12,2026-12-05
2026-12-05,wk inc flu hosp,0,10,quantile,0.975,13,2026-12-05
2026-12-05,wk inc flu hosp,0,10,quantile,0.99,15,2026-12-05
2026-12-05,wk inc flu hosp,0,11,quantile,0.01,0,2026-12-05
2026-12-05,wk inc flu hosp,0,11,quantile,0.025,0,2026-12-05
2026-12-05,wk inc flu hosp,0,11,quantile,0.05,1,2026-12-05
2026-12-05,wk inc flu hosp,0,11,quantile,0.1,2,2026-12-05
2026-12-05,wk inc flu hosp,0,11,quantile,0.15,3,2026-12-05
2026-12-05,wk inc flu hosp,0,11,quantile,0.2,3,2026-12-05
2026-12-05,wk inc flu hosp,0,11,quantile,0.25,4,2026-12-05
2026-12-05,wk inc flu hosp,0,11,quantile,0.3,5,2026-12-05
2026-12-05,wk inc flu hosp,0,11,quantile,0.35,5,2026-12-05
2026-12-05,wk inc flu hosp,0,11,quantile,0.4,5,2026-12-05
2026-12-05,wk inc flu hosp,0,11,quantile,0.45,6,2026-12-05
2026-12-05,wk inc flu hosp,0,11,quantile,0.5,6,2026-12-05
2026-12-05,wk inc flu hosp,0,11,quantile,0.55,6,2026-12-05
2026-12-05,wk inc flu hosp,0,11,quantile,0.6,7,2026-12-05
2026-12-05,wk inc flu hosp,0,11,quantile,0.65,7,2026-12-05
2026-12-05,wk inc flu hosp,0,11,quantile,0.7,8,2026-12-05
2026-12-05,wk inc flu hosp,0,11,quantile,0.75,9,2026-12-05
2026-12-05,wk inc flu hosp,0,11,quantile,0.8,10,2026-12-05
2026-12-05,wk inc flu hosp,0,11,quantile,0.85,11,2026-12-05
2026-12-05,wk inc flu hosp,0,11,quantile,0.9,12,2026-12-05
2026-12-05,wk inc flu hosp,0,11,quantile,0.95,13,2026-12-05
2026-12-05,wk inc flu hosp,0,11,quantile,0.975,17,2026-12-05
2026-12-05,wk inc flu hosp,0,11,quantile,0.99,17,2026-12-05
2026-12-05,wk inc flu hosp,0,12,quantile,0.01,233,2026-12-05
2026-12-05,wk inc flu hosp,0,12,quantile,0.025,243,2026-12-05
2026-12-05,wk inc flu hosp,0,12,quantile,0.05,261,2026-12-05
2026-12-05,wk inc flu hosp,0,12,quantile,0.1,279,2026-12-05
2026-12-05,wk inc flu hosp,0,12,quantile,0.15,300,2026-12-05
2026-12-05,wk inc flu hosp,0,12,quantile,0.2,317,2026-12-05
2026-12-05,wk inc flu hosp,0,12,quantile,0.25,325,2026-12-05
2026-12-05,wk inc flu hosp,0,12,quantile,0.3,332,2026-12-05
2026-12-05,wk inc flu hosp,0,12,quantile,0.35,343,2026-12-05
2026-12-05,wk inc flu hosp,0,12,quantile,0.4,350,2026-12-05
2026-12-05,wk inc flu hosp,0,12,quantile,0.45,357,2026-12-05
2026-12-05,wk inc flu hosp,0,12,quantile,0.5,382,2026-12-05
2026-12-05,wk inc flu hosp,0,12,quantile,0.55,389,2026-12-05
2026-12-05,wk inc flu hosp,0,12,quantile,0.6,403,2026-12-05
2026-12-05,wk inc flu hosp,0,12,quantile,0.65,411,2026-12-05
2026-12-05,wk inc flu hosp,0,12,quantile,0.7,426,2026-12-05
2026-12-05,wk inc flu hosp,0,12,quantile,0.75,443,2026-12-05
2026-12-05,wk inc flu hosp,0,12,quantile,0.8,451,2026-12-05
2026-12-05,wk inc flu hosp,0,12,quantile,0.85,466,2026-12-05
2026-12-05,wk inc flu hosp,0,12,quantile,0.9,493,2026-12-05
2026-12-05,wk inc flu hosp,0,12,quantile,0.95,537,2026-12-05
2026-12-05,wk inc flu hosp,0,12,quantile,0.975,550,2026-12-05
2026-12-05,wk inc flu hosp,0,12,quantile,0.99,581,2026-12-05
2026-12-05,wk inc flu hosp,0,13,quantile,0.01,50,2026-12-05
2026-12-05,wk inc flu hosp,0,13,quantile,0.025,52,2026-12-05
2026-12-05,wk inc flu hosp,0,13,quantile,0.05,55,2026-12-05
2026-12-05,wk inc flu hosp,0,13,quantile,0.1,61,2026-12-05
2026-12-05,wk inc flu hosp,0,13,quantile,0.15,63,2026-12-05
2026-12-05,wk inc flu hosp,0,13,quantile,0.2,64,2026-12-05
2026-12-05,wk inc flu hosp,0,13,quantile,0.25,68,2026-12-05
2026-12-05,wk inc flu hosp,0,13,quantile,0.3,70,2026-12-05
2026-12-05,wk inc flu hosp,0,13,quantile,0.35,72,2026-12-05
2026-12-05,wk inc flu hosp,0,13,quantile,0.4,73,2026-12-05
2026-12-05,wk inc flu hosp,0,13,quantile,0.45,77,2026-12-05
2026-12-05,wk inc flu hosp,0,13,quantile,0.5,79,2026-12-05
2026-12-05,wk inc flu hosp,0,13,quantile,0.55,80,2026-12-05
2026-12-05,wk inc flu hosp,0,13,quantile,0.6,81,2026-12-05
2026-12-05,wk inc flu hosp,0,13,quantile,0.65,84,2026-12-05
2026-12-05,wk inc flu hosp,0,13,quantile,0.7,86,2026-12-05
2026-12-05,wk inc flu hosp,0,13,quantile,0.75,90,2026-12-05
2026-12-05,wk inc flu hosp,0,13,quantile,0.8,92,2026-12-05
2026-12-05,wk inc flu hosp,0,13,quantile,0.85,95,2026-12-05
2026-12-05,wk inc flu hosp,0,13,quantile,0.9,102,2026-12-05
2026-12-05,wk inc flu hosp,0,13,quantile,0.95,108,2026-12-05
2026-12-05,wk inc flu hosp,0,13,quantile,0.975,125,2026-12-05
2026-12-05,wk inc flu hosp,0,13,quantile,0.99,127,2026-12-05
2026-12-05,wk inc flu hosp,0,15,quantile,0.01,4,2026-12-05
2026-12-05,wk inc flu hosp,0,15,quantile,0.025,5,2026-12-05
2026-12-05,wk inc flu hosp,0,15,quantile,0.05,5,2026-12-05
2026-12-05,wk inc flu hosp,0,15,quantile,0.1,7,2026-12-05
2026-12-05,wk inc flu hosp,0,15,quantile,0.15,7,2026-12-05
2026-12-05,wk inc flu hosp,0,15,quantile,0.2,8,2026-12-05
2026-12-05,wk inc flu hosp,0,15,quantile,0.25,9,2026-12-05
2026-12-05,wk inc flu hosp,0,15,quantile,0.3,10,2026-12-05
2026-12-05,wk inc flu hosp,0,15,quantile,0.35,11,2026-12-05
2026-12-05,wk inc flu hosp,0,15,quantile,0.4,11,2026-12-05
2026-12-05,wk inc flu hosp,0,15,quantile,0.45,12,2026-12-05
2026-12-05,wk inc flu hosp,0,15,quantile,0.5,12,2026-12-05
2026-12-05,wk inc flu hosp,0,15,quantile,0.55,13,2026-12-05
2026-12-05,wk inc flu hosp,0,15,quantile,0.6,14,2026-12-05
2026-12-05,wk inc flu hosp,0,15,quantile,0.65,15,2026-12-05
2026-12-05,wk inc flu hosp,0,15,quantile,0.7,15,2026-12-05
2026-12-05,wk inc flu hosp,0,15,quantile,0.75,17,2026-12-05
2026-12-05,wk inc flu hosp,0,15,quantile,0.8,18,2026-12-05
2026-12-05,wk inc flu hosp,0,15,quantile,0.85,19,2026-12-05
2026-12-05,wk inc flu hosp,0,15,quantile,0.9,20,2026-12-05
2026-12-05,wk inc flu hosp,0,15,quantile,0.95,23,2026-12-05
2026-12-05,wk inc flu hosp,0,15,quantile,0.975,25,2026-12-05
2026-12-05,wk inc flu hosp,0,15,quantile,0.99,27,2026-12-05
2026-12-05,wk inc flu hosp,0,16,quantile,0.01,10,2026-12-05
2026-12-05,wk inc flu hosp,0,16,quantile,0.025,12,2026-12-05
2026-12-05,wk inc flu hosp,0,16,quantile,0.05,14,2026-12-05
2026-12-05,wk inc flu hosp,0,16,quantile,0.1,16,2026-12-05
2026-12-05,wk inc flu hosp,0,16,quantile,0.15,17,2026-12-05
2026-12-05,wk inc flu hosp,0,16,quantile,0.2,19,2026-12-05
2026-12-05,wk inc flu hosp,0,16,quantile,0.25,19,2026-12-05
2026-12-05,wk inc flu hosp,0,16,quantile,0.3,21,2026-12-05
2026-12-05,wk inc flu hosp,0,16,quantile,0.35,22,2026-12-05
2026-12-05,wk inc flu hosp,0,16,quantile,0.4,23,2026-12-05
2026-12-05,wk inc flu hosp,0,16,quantile,0.45,24,2026-12-05
2026-12-05,wk inc flu hosp,0,16,quantile,0.5,24,2026-12-05
2026-12-05,wk inc flu hosp,0,16,quantile,0.55,25,2026-12-05
2026-12-05,wk inc flu hosp,0,16,quantile,0.6,26,2026-12-05
2026-12-05,wk inc flu hosp,0,16,quantile,0.65,27,2026-12-05
2026-12-05,wk inc flu hosp,0,16,quantile,0.7,28,2026-12-05
2026-12-05,wk inc flu hosp,0,16,quantile,0.75,29,2026-12-05
2026-12-05,wk inc flu hosp,0,16,quantile,0.8,30,2026-12-05
2026-12-05,wk inc flu hosp,0,16,quantile,0.85,32,2026-12-05
2026-12-05,wk inc flu hosp,0,16,quantile,0.9,34,2026-12-05
2026-12-05,wk inc flu hosp,0,16,quantile,0.95,37,2026-12-05
2026-12-05,wk inc flu hosp,0,16,quantile,0.975,39,2026-12-05
2026-12-05,wk inc flu hosp,0,16,quantile,0.99,42,2026-12-05
2026-12-05,wk inc flu hosp,0,17,quantile,0.01,53,2026-12-05
2026-12-05,wk inc flu hosp,0,17,quantile,0.025,55,2026-12-05
2026-12-05,wk inc flu hosp,0,17,quantile,0.05,57,2026-12-05
2026-12-05,wk inc flu hosp,0,17,quantile,0.1,63,2026-12-05
2026-12-05,wk inc flu hosp,0,17,quantile,0.15,68,2026-12-05
2026-12-05,wk inc flu hosp,0,17,quantile,0.2,69,2026-12-05
2026-12-05,wk inc flu hosp,0,17,quantile,0.25,70,2026-12-05
2026-12-05,wk inc flu hosp,0,17,quantile,0.3,74,2026-12-05
2026-12-05,wk inc flu hosp,0,17,quantile,0.35,77,2026-12-05
2026-12-05,wk inc flu hosp,0,17,quantile,0.4,79,2026-12-05
2026-12-05,wk inc flu hosp,0,17,quantile,0.45,80,2026-12-05
2026-12-05,wk inc flu hosp,0,17,quantile,0.5,82,2026-12-05
2026-12-05,wk inc flu hosp,0,17,quantile,0.55,83,2026-12-05
2026-12-05,wk inc flu hosp,0,17,quantile,0.6,87,2026-12-05
2026-12-05,wk inc flu hosp,0,17,quantile,0.65,88,2026-12-05
2026-12-05,wk inc flu hosp,0,17,quantile,0.7,92,2026-12-05
2026-12-05,wk inc flu hosp,0,17,quantile,0.75,94,2026-12-05
2026-12-05,wk inc flu hosp,0,17,quantile,0.8,98,2026-12-05
2026-12-05,wk inc flu hosp,0,17,quantile,0.85,101,2026-12-05
2026-12-05,wk inc flu hosp,0,17,quantile,0.9,107,2026-12-05
2026-12-05,wk inc flu hosp,0,17,quantile,0.95,113,2026-12-05
2026-12-05,wk inc flu hosp,0,17,quantile,0.975,115,2026-12-05
2026-12-05,wk inc flu hosp,0,17,quantile,0.99,123,2026-12-05
2026-12-05,wk inc flu hosp,0,18,quantile,0.01,32,2026-12-05
2026-12-05,wk inc flu hosp,0,18,quantile,0.025,36,2026-12-05
2026-12-05,wk inc flu hosp,0,18,quantile,0.05,38,2026-12-05
2026-12-05,wk inc flu hosp,0,18,quantile,0.1,42,2026-12-05
2026-12-05,wk inc flu hosp,0,18,quantile,0.15,43,2026-12-05
2026-12-05,wk inc flu hosp,0,18,quantile,0.2,45,2026-12-05
2026-12-05,wk inc flu hosp,0,18,quantile,0.25,47,2026-12-05
2026-12-05,wk inc flu hosp,0,18,quantile,0.3,49,2026-12-05
2026-12-05,wk inc flu hosp,0,18,quantile,0.35,50,2026-12-05
2026-12-05,wk inc flu hosp,0,18,quantile,0.4,52,2026-12-05
2026-12-05,wk inc flu hosp,0,18,quantile,0.45,56,2026-12-05
2026-12-05,wk inc flu hosp,0,18,quantile,0.5,58,2026-12-05
2026-12-05,wk inc flu hosp,0,18,quantile,0.55,59,2026-12-05
2026-12-05,wk inc flu hosp,0,18,quantile,0.6,60,2026-12-05
2026-12-05,wk inc flu hosp,0,18,quantile,0.65,63,2026-12-05
2026-12-05,wk inc flu hosp,0,18,quantile,0.7,66,2026-12-05
2026-12-05,wk inc flu hosp,0,18,quantile,0.75,70,2026-12-05
2026-12-05,wk inc flu hosp,0,18,quantile,0.8,72,2026-12-05
2026-12-05,wk inc flu hosp,0,18,quantile,0.85,73,2026-12-05
2026-12-05,wk inc flu hosp,0,18,quantile,0.9,76,2026-12-05
2026-12-05,wk inc flu hosp,0,18,quantile,0.95,82,2026-12-05
2026-12-05,wk inc flu hosp,0,18,quantile,0.975,85,2026-12-05
2026-12-05,wk inc flu hosp,0,18,quantile,0.99,87,2026-12-05
2026-12-05,wk inc flu hosp,0,19,quantile,0.01,5,2026-12-05
2026-12-05,wk inc flu hosp,0,19,quantile,0.025,6,2026-12-05
2026-12-05,wk inc flu hosp,0,19,quantile,0.05,8,2026-12-05
2026-12-05,wk inc flu hosp,0,19,quantile,0.1,8,2026-12-05
2026-12-05,wk inc flu hosp,0,19,quantile,0.15,10,2026-12-05
2026-12-05,wk inc flu hosp,0,19,quantile,0.2,10,2026-12-05
2026-12-05,wk inc flu hosp,0,19,quantile,0.25,11,2026-12-05
2026-12-05,wk inc flu hosp,0,19,quantile,0.3,12,2026-12-05
2026-12-05,wk inc flu hosp,0,19,quantile,0.35,12,2026-12-05
2026-12-05,wk inc flu hosp,0,19,quantile,0.4,13,2026-12-05
2026-12-05,wk inc flu hosp,0,19,quantile,0.45,13,2026-12-05
2026-12-05,wk inc flu hosp,0,19,quantile,0.5,14,2026-12-05
2026-12-05,wk inc flu hosp,0,19,quantile,0.55,14,2026-12-05
2026-12-05,wk inc flu hosp,0,19,quantile,0.6,15,2026-12-05
2026-12-05,wk inc flu hosp,0,19,quantile,0.65,15,2026-12-05
2026-12-05,wk inc flu hosp,0,19,quantile,0.7,16,2026-12-05
2026-12-05,wk inc flu hosp,0,19,quantile,0.75,17,2026-12-05
2026-12-05,wk inc flu hosp,0,19,quantile,0.8,18,2026-12-05
2026-12-05,wk inc flu hosp,0,19,quantile,0.85,19,2026-12-05
2026-12-05,wk inc flu hosp,0,19,quantile,0.9,21,2026-12-05
2026-12-05,wk inc flu hosp,0,19,quantile,0.95,23,2026-12-05
2026-12-05,wk inc flu hosp,0,19,quantile,0.975,24,2026-12-05
2026-12-05,wk inc flu hosp,0,19,quantile,0.99,26,2026-12-05
2026-12-05,wk inc flu hosp,0,20,quantile,0.01,6,2026-12-05
2026-12-05,wk inc flu hosp,0,20,quantile,0.025,7,2026-12-05
2026-12-05,wk inc flu hosp,0,20,quantile,0.05,8,2026-12-05
2026-12-05,wk inc flu hosp,0,20,quantile,0.1,9,2026-12-05
2026-12-05,wk inc flu hosp,0,20,quantile,0.15,11,2026-12-05
2026-12-05,wk inc flu hosp,0,20,quantile,0.2,11,2026-12-05
2026-12-05,wk inc flu hosp,0,20,quantile,0.25,12,2026-12-05
2026-12-05,wk inc flu hosp,0,20,quantile,0.3,13,2026-12-05
2026-12-05,wk inc flu hosp,0,20,quantile,0.35,14,2026-12-05
2026-12-05,wk inc flu hosp,0,20,quantile,0.4,15,2026-12-05
2026-12-05,wk inc flu hosp,0,20,quantile,0.45,15,2026-12-05
2026-12-05,wk inc flu hosp,0,20,quantile,0.5,16,2026-12-05
2026-12-05,wk inc flu hosp,0,20,quantile,0.55,17,2026-12-05
2026-12-05,wk inc flu hosp,0,20,quantile,0.6,17,2026-12-05
2026-12-05,wk inc flu hosp,0,20,quantile,0.65,18,2026-12-05
2026-12-05,wk inc flu hosp,0,20,quantile,0.7,19,2026-12-05
2026-12-05,wk inc flu hosp,0,20,quantile,0.75,20,2026-12-05
2026-12-05,wk inc flu hosp,0,20,quantile,0.8,21,2026-12-05
2026-12-05,wk inc flu hosp,0,20,quantile,0.85,22,2026-12-05
2026-12-05,wk inc flu hosp,0,20,quantile,0.9,23,2026-12-05
2026-12-05,wk inc flu hosp,0,20,quantile,0.95,24,2026-12-05
2026-12-05,wk inc flu hosp,0,20,quantile,0.975,27,2026-12-05
2026-12-05,wk inc flu hosp,0,20,quantile,0.99,29,2026-12-05
2026-12-05,wk inc flu hosp,0,21,quantile,0.01,15,2026-12-05
2026-12-05,wk inc flu hosp,0,21,quantile,0.025,16,2026-12-05
2026-12-05,wk inc flu hosp,0,21,quantile,0.05,18,2026-12-05
2026-12-05,wk inc flu hosp,0,21,quantile,0.1,19,2026-12-05
2026-12-05,wk inc flu hosp,0,21,quantile,0.15,21,2026-12-05
2026-12-05,wk inc flu hosp,0,21,quantile,0.2,21,2026-12-05
2026-12-05,wk inc flu hosp,0,21,quantile,0.25,22,2026-12-05
2026-12-05,wk inc flu hosp,0,21,quantile,0.3,23,2026-12-05
2026-12-05,wk inc flu hosp,0,21,quantile,0.35,23,2026-12-05
2026-12-05,wk inc flu hosp,0,21,quantile,0.4,24,2026-12-05
2026-12-05,wk inc flu hosp,0,21,quantile,0.45,25,2026-12-05
2026-12-05,wk inc flu hosp,0,21,quantile,0.5,26,2026-12-05
2026-12-05,wk inc flu hosp,0,21,quantile,0.55,26,2026-12-05
2026-12-05,wk inc flu hosp,0,21,quantile,0.6,27,2026-12-05
2026-12-05,wk inc flu hosp,0,21,quantile,0.65,30,2026-12-05
2026-12-05,wk inc flu hosp,0,21,quantile,0.7,30,2026-12-05
2026-12-05,wk inc flu hosp,0,21,quantile,0.75,32,2026-12-05
2026-12-05,wk inc flu hosp,0,21,quantile,0.8,34,2026-12-05
2026-12-05,wk inc flu hosp,0,21,quantile,0.85,35,2026-12-05
2026-12-05,wk inc flu hosp,0,21,quantile,0.9,39,2026-12-05
2026-12-05,wk inc flu hosp,0,21,quantile,0.95,42,2026-12-05
2026-12-05,wk inc flu hosp,0,21,quantile,0.975,43,2026-12-05
2026-12-05,wk inc flu hosp,0,21,quantile,0.99,49,2026-12-05
2026-12-05,wk inc flu hosp,0,22,quantile,0.01,39,2026-12-05
2026-12-05,wk inc flu hosp,0,22,quantile,0.025,43,2026-12-05
2026-12-05,wk inc flu hosp,0,22,quantile,0.05,45,2026-12-05
2026-12-05,wk inc flu hosp,0,22,quantile,0.1,51,2026-12-05
2026-12-05,wk inc flu hosp,0,22,quantile,0.15,55,2026-12-05
2026-12-05,wk inc flu hosp,0,22,quantile,0.2,57,2026-12-05
2026-12-05,wk inc flu hosp,0,22,quantile,0.25,62,2026-12-05
2026-12-05,wk inc flu hosp,0,22,quantile,0.3,64,2026-12-05
2026-12-05,wk inc flu hosp,0,22,quantile,0.35,65,2026-12-05
2026-12-05,wk inc flu hosp,0,22,quantile,0.4,66,2026-12-05
2026-12-05,wk inc flu hosp,0,22,quantile,0.45,69,2026-12-05
2026-12-05,wk inc flu hosp,0,22,quantile,0.5,71,2026-12-05
2026-12-05,wk inc flu hosp,0,22,quantile,0.55,75,2026-12-05
2026-12-05,wk inc flu hosp,0,22,quantile,0.6,77,2026-12-05
2026-12-05,wk inc flu hosp,0,22,quantile,0.65,79,2026-12-05
2026-12-05,wk inc flu hosp,0,22,quantile,0.7,83,2026-12-05
2026-12-05,wk inc flu hosp,0,22,quantile,0.75,87,2026-12-05
2026-12-05,wk inc flu hosp,0,22,quantile,0.8,93,2026-12-05
2026-12-05,wk inc flu hosp,0,22,quantile,0.85,97,2026-12-05
2026-12-05,wk inc flu hosp,0,22,quantile,0.9,104,2026-12-05
2026-12-05,wk inc flu hosp,0,22,quantile,0.95,111,2026-12-05
2026-12-05,wk inc flu hosp,0,22,quantile,0.975,118,2026-12-05
2026-12-05,wk inc flu hosp,0,22,quantile,0.99,127,2026-12-05
2026-12-05,wk inc flu hosp,0,23,quantile,0.01,2,2026-12-05
2026-12-05,wk inc flu hosp,0,23,quantile,0.025,2,2026-12-05
2026-12-05,wk inc flu hosp,0,23,quantile,0.05,3,2026-12-05
2026-12-05,wk inc flu hosp,0,23,quantile,0.1,3,2026-12-05
2026-12-05,wk inc flu hosp,0,23,quantile,0.15,4,2026-12-05
2026-12-05,wk inc flu hosp,0,23,quantile,0.2,5,2026-12-05
2026-12-05,wk inc flu hosp,0,23,quantile,0.25,5,2026-12-05
2026-12-05,wk inc flu hosp,0,23,quantile,0.3,6,2026-12-05
2026-12-05,wk inc flu hosp,0,23,quantile,0.35,7,2026-12-05
2026-12-05,wk inc flu hosp,0,23,quantile,0.4,7,2026-12-05
2026-12-05,wk inc flu hosp,0,23,quantile,0.45,7,2026-12-05
2026-12-05,wk inc flu hosp,0,23,quantile,0.5,8,2026-12-05
2026-12-05,wk inc flu hosp,0,23,quantile,0.55,8,2026-12-05
2026-12-05,wk inc flu hosp,0,23,quantile,0.6,9,2026-12-05
2026-12-05,wk inc flu hosp,0,23,quantile,0.65,9,2026-12-05
2026-12-05,wk inc flu hosp,0,23,quantile,0.7,10,2026-12-05
2026-12-05,wk inc flu hosp,0,23,quantile,0.75,11,2026-12-05
2026-12-05,wk inc flu hosp,0,23,quantile,0.8,11,2026-12-05
2026-12-05,wk inc flu hosp,0,23,quantile,0.85,12,2026-12-05
2026-12-05,wk inc flu hosp,0,23,quantile,0.9,13,2026-12-05
2026-12-05,wk inc flu hosp,0,23,quantile,0.95,16,2026-12-05
2026-12-05,wk inc flu hosp,0,23,quantile,0.975,17,2026-12-05
2026-12-05,wk inc flu hosp,0,23,quantile,0.99,19,2026-12-05
2026-12-05,wk inc flu hosp,0,24,quantile,0.01,21,2026-12-05
2026-12-05,wk inc flu hosp,0,24,quantile,0.025,22,2026-12-05
2026-12-05,wk inc flu hosp,0,24,quantile,0.05,24,2026-12-05
2026-12-05,wk inc flu hosp,0,24,quantile,0.1,27,2026-12-05
2026-12-05,wk inc flu hosp,0,24,quantile,0.15,30,2026-12-05
2026-12-05,wk inc flu hosp,0,24,quantile,0.2,31,2026-12-05
2026-12-05,wk inc flu hosp,0,24,quantile,0.25,33,2026-12-05
2026-12-05,wk inc flu hosp,0,24,quantile,0.3,34,2026-12-05
2026-12-05,wk inc flu hosp,0,24,quantile,0.35,35,2026-12-05
2026-12-05,wk inc flu hosp,0,24,quantile,0.4,36,2026-12-05
2026-12-05,wk inc flu hosp,0,24,quantile,0.45,39,2026-12-05
2026-12-05,wk inc flu hosp,0,24,quantile,0.5,41,2026-12-05
2026-12-05,wk inc flu hosp,0,24,quantile,0.55,42,2026-12-05
2026-12-05,wk inc flu hosp,0,24,quantile,0.6,44,2026-12-05
2026-12-05,wk inc flu hosp,0,24,quantile,0.65,46,2026-12-05
2026-12-05,wk inc flu hosp,0,24,quantile,0.7,47,2026-12-05
2026-12-05,wk inc flu hosp,0,24,quantile,0.75,49,2026-12-05
2026-12-05,wk inc flu hosp,0,24,quantile,0.8,52,2026-12-05
2026-12-05,wk inc flu hosp,0,24,quantile,0.85,55,2026-12-05
2026-12-05,wk inc flu hosp,0,24,quantile,0.9,59,2026-12-05
2026-12-05,wk inc flu hosp,0,24,quantile,0.95,66,2026-12-05
2026-12-05,wk inc flu hosp,0,24,quantile,0.975,70,2026-12-05
2026-12-05,wk inc flu hosp,0,24,quantile,0.99,78,2026-12-05
2026-12-05,wk inc flu hosp,0,25,quantile,0.01,35,2026-12-05
2026-12-05,wk inc flu hosp,0,25,quantile,0.025,37,2026-12-05
2026-12-05,wk inc flu hosp,0,25,quantile,0.05,45,2026-12-05
2026-12-05,wk inc flu hosp,0,25,quantile,0.1,48,2026-12-05
2026-12-05,wk inc flu hosp,0,25,quantile,0.15,50,2026-12-05
2026-12-05,wk inc flu hosp,0,25,quantile,0.2,52,2026-12-05
2026-12-05,wk inc flu hosp,0,25,quantile,0.25,55,2026-12-05
2026-12-05,wk inc flu hosp,0,25,quantile,0.3,58,2026-12-05
2026-12-05,wk inc flu hosp,0,25,quantile,0.35,59,2026-12-05
2026-12-05,wk inc flu hosp,0,25,quantile,0.4,62,2026-12-05
2026-12-05,wk inc flu hosp,0,25,quantile,0.45,64,2026-12-05
2026-12-05,wk inc flu hosp,0,25,quantile,0.5,65,2026-12-05
2026-12-05,wk inc flu hosp,0,25,quantile,0.55,67,2026-12-05
2026-12-05,wk inc flu hosp,0,25,quantile,0.6,69,2026-12-05
2026-12-05,wk inc flu hosp,0,25,quantile,0.65,70,2026-12-05
2026-12-05,wk inc flu hosp,0,25,quantile,0.7,73,2026-12-05
2026-12-05,wk inc flu hosp,0,25,quantile,0.75,76,2026-12-05
2026-12-05,wk inc flu hosp,0,25,quantile,0.8,80,2026-12-05
2026-12-05,wk inc flu hosp,0,25,quantile,0.85,84,2026-12-05
2026-12-05,wk inc flu hosp,0,25,quantile,0.9,87,2026-12-05
2026-12-05,wk inc flu hosp,0,25,quantile,0.95,93,2026-12-05
2026-12-05,wk inc flu hosp,0,25,quantile,0.975,103,2026-12-05
2026-12-05,wk inc flu hosp,0,25,quantile,0.99,114,2026-12-05
2026-12-05,wk inc flu hosp,0,26,quantile,0.01,26,2026-12-05
2026-12-05,wk inc flu hosp,0,26,quantile,0.025,30,2026-12-05
2026-12-05,wk inc flu hosp,0,26,quantile,0.05,33,2026-12-05
2026-12-05,wk inc flu hosp,0,26,quantile,0.1,37,2026-12-05
2026-12-05,wk inc flu hosp,0,26,quantile,0.15,40,2026-12-05
2026-12-05,wk inc flu hosp,0,26,quantile,0.2,42,2026-12-05
2026-12-05,wk inc flu hosp,0,26,quantile,0.25,45,2026-12-05
2026-12-05,wk inc flu hosp,0,26,quantile,0.3,45,2026-12-05
2026-12-05,wk inc flu hosp,0,26,quantile,0.35,46,2026-12-05
2026-12-05,wk inc flu hosp,0,26,quantile,0.4,48,2026-12-05
2026-12-05,wk inc flu hosp,0,26,quantile,0.45,50,2026-12-05
2026-12-05,wk inc flu hosp,0,26,quantile,0.5,52,2026-12-05
2026-12-05,wk inc flu hosp,0,26,quantile,0.55,53,2026-12-05
2026-12-05,wk inc flu hosp,0,26,quantile,0.6,55,2026-12-05
2026-12-05,wk inc flu hosp,0,26,quantile,0.65,57,2026-12-05
2026-12-05,wk inc flu hosp,0,26,quantile,0.7,60,2026-12-05
2026-12-05,wk inc flu hosp,0,26,quantile,0.75,61,2026-12-05
2026-12-05,wk inc flu hosp,0,26,quantile,0.8,62,2026-12-05
2026-12-05,wk inc flu hosp,0,26,quantile,0.85,66,2026-12-05
2026-12-05,wk inc flu hosp,0,26,quantile,0.9,70,2026-12-05
2026-12-05,wk inc flu hosp,0,26,quantile,0.95,76,2026-12-05
2026-12-05,wk inc flu hosp,0,26,quantile,0.975,79,2026-12-05
2026-12-05,wk inc flu hosp,0,26,quantile,0.99,83,2026-12-05
2026-12-05,wk inc flu hosp,0,27,quantile,0.01,15,2026-12-05
2026-12-05,wk inc flu hosp,0,27,quantile,0.025,16,2026-12-05
2026-12-05,wk inc flu hosp,0,27,quantile,0.05,18,2026-12-05
2026-12-05,wk inc flu hosp,0,27,quantile,0.1,20,2026-12-05
2026-12-05,wk inc flu hosp,0,27,quantile,0.15,22,2026-12-05
2026-12-05,wk inc flu hosp,0,27,quantile,0.2,23,2026-12-05
2026-12-05,wk inc flu hosp,0,27,quantile,0.25,25,2026-12-05
2026-12-05,wk inc flu hosp,0,27,quantile,0.3,26,2026-12-05
2026-12-05,wk inc flu hosp,0,27,quantile,0.35,27,2026-12-05
2026-12-05,wk inc flu hosp,0,27,quantile,0.4,28,2026-12-05
2026-12-05,wk inc flu hosp,0,27,quantile,0.45,29,2026-12-05
2026-12-05,wk inc flu hosp,0,27,quantile,0.5,31,2026-12-05
2026-12-05,wk inc flu hosp,0,27,quantile,0.55,32,2026-12-05
2026-12-05,wk inc flu hosp,0,27,quantile,0.6,33,2026-12-05
2026-12-05,wk inc flu hosp,0,27,quantile,0.65,34,2026-12-05
2026-12-05,wk inc flu hosp,0,27,quantile,0.7,36,2026-12-05
2026-12-05,wk inc flu hosp,0,27,quantile,0.75,37,2026-12-05
2026-12-05,wk inc flu hosp,0,27,quantile,0.8,40,2026-12-05
2026-12-05,wk inc flu hosp,0,27,quantile,0.85,41,2026-12-05
2026-12-05,wk inc flu hosp,0,27,quantile,0.9,44,2026-12-05
2026-12-05,wk inc flu hosp,0,27,quantile,0.95,50,2026-12-05
2026-12-05,wk inc flu hosp,0,27,quantile,0.975,54,2026-12-05
2026-12-05,wk inc flu hosp,0,27,quantile,0.99,59,2026-12-05
2026-12-05,wk inc flu hosp,0,28,quantile,0.01,10,2026-12-05
2026-12-05,wk inc flu hosp,0,28,quantile,0.025,15,2026-12-05
2026-12-05,wk inc flu hosp,0,28,quantile,0.05,16,2026-12-05
2026-12-05,wk inc flu hosp,0,28,quantile,0.1,17,2026-12-05
2026-12-05,wk inc flu hosp,0,28,quantile,0.15,19,2026-12-05
2026-12-05,wk inc flu hosp,0,28,quantile,0.2,20,2026-12-05
2026-12-05,wk inc flu hosp,0,28,quantile,0.25,21,2026-12-05
2026-12-05,wk inc flu hosp,0,28,quantile,0.3,22,2026-12-05
2026-12-05,wk inc flu hosp,0,28,quantile,0.35,23,2026-12-05
2026-12-05,wk inc flu hosp,0,28,quantile,0.4,24,2026-12-05
2026-12-05,wk inc flu hosp,0,28,quantile,0.45,25,2026-12-05
2026-12-05,wk inc flu hosp,0,28,quantile,0.5,26,2026-12-05
2026-12-05,wk inc flu hosp,0,28,quantile,0.55,27,2026-12-05
2026-12-05,wk inc flu hosp,0,28,quantile,0.6,28,2026-12-05
2026-12-05,wk inc flu hosp,0,28,quantile,0.65,29,2026-12-05
2026-12-05,wk inc flu hosp,0,28,quantile,0.7,31,2026-12-05
2026-12-05,wk inc flu hosp,0,28,quantile,0.75,32,2026-12-05
2026-12-05,wk inc flu hosp,0,28,quantile,0.8,34,2026-12-05
2026-12-05,wk inc flu hosp,0,28,quantile,0.85,35,2026-12-05
2026-12-05,wk inc flu hosp,0,28,quantile,0.9,37,2026-12-05
2026-12-05,wk inc flu hosp,0,28,quantile,0.95,40,2026-12-05
2026-12-05,wk inc flu hosp,0,28,quantile,0.975,46,2026-12-05
2026-12-05,wk inc flu hosp,0,28,quantile,0.99,51,2026-12-05
2026-12-05,wk inc flu hosp,0,29,quantile,0.01,19,2026-12-05
2026-12-05,wk inc flu hosp,0,29,quantile,0.025,25,2026-12-05
2026-12-05,wk inc flu hosp,0,29,quantile,0.05,26,2026-12-05
2026-12-05,wk inc flu hosp,0,29,quantile,0.1,29,2026-12-05
2026-12-05,wk inc flu hosp,0,29,quantile,0.15,31,2026-12-05
2026-12-05,wk inc flu hosp,0,29,quantile,0.2,33,2026-12-05
2026-12-05,wk inc flu hosp,0,29,quantile,0.25,33,2026-12-05
2026-12-05,wk inc flu hosp,0,29,quantile,0.3,34,2026-12-05
2026-12-05,wk inc flu hosp,0,29,quantile,0.35,36,2026-12-05
2026-12-05,wk inc flu hosp,0,29,quantile,0.4,37,2026-12-05
2026-12-05,wk inc flu hosp,0,29,quantile,0.45,38,2026-12-05
2026-12-05,wk inc flu hosp,0,29,quantile,0.5,39,2026-12-05
2026-12-05,wk inc flu hosp,0,29,quantile,0.55,40,2026-12-05
2026-12-05,wk inc flu hosp,0,29,quantile,0.6,43,2026-12-05
2026-12-05,wk inc flu hosp,0,29,quantile,0.65,44,2026-12-05
2026-12-05,wk inc flu hosp,0,29,quantile,0.7,46,2026-12-05
2026-12-05,wk inc flu hosp,0,29,quantile,0.75,49,2026-12-05
2026-12-05,wk inc flu hosp,0,29,quantile,0.8,51,2026-12-05
2026-12-05,wk inc flu hosp,0,29,quantile,0.85,53,2026-12-05
2026-12-05,wk inc flu hosp,0,29,quantile,0.9,56,2026-12-05
2026-12-05,wk inc flu hosp,0,29,quantile,0.95,58,2026-12-05
2026-12-05,wk inc flu hosp,0,29,quantile,0.975,62,2026-12-05
2026-12-05,wk inc flu hosp,0,29,quantile,0.99,65,2026-12-05
2026-12-05,wk inc flu hosp,0,30,quantile,0.01,1,2026-12-05
2026-12-05,wk inc flu hosp,0,30,quantile,0.025,1,2026-12-05
2026-12-05,wk inc flu hosp,0,30,quantile,0.05,2,2026-12-05
2026-12-05,wk inc flu hosp,0,30,quantile,0.1,3,2026-12-05
2026-12-05,wk inc flu hosp,0,30,quantile,0.15,3,2026-12-05
2026-12-05,wk inc flu hosp,0,30,quantile,0.2,4,2026-12-05
2026-12-05,wk inc flu hosp,0,30,quantile,0.25,4,2026-12-05
2026-12-05,wk inc flu hosp,0,30,quantile,0.3,5,2026-12-05
2026-12-05,wk inc flu hosp,0,30,quantile,0.35,5,2026-12-05
2026-12-05,wk inc flu hosp,0,30,quantile,0.4,5,2026-12-05
2026-12-05,wk inc flu hosp,0,30,quantile,0.45,6,2026-12-05
2026-12-05,wk inc flu hosp,0,30,quantile,0.5,6,2026-12-05
2026-12-05,wk inc flu hosp,0,30,quantile,0.55,7,2026-12-05
2026-12-05,wk inc flu hosp,0,30,quantile,0.6,7,2026-12-05
2026-12-05,wk inc flu hosp,0,30,quantile,0.65,8,2026-12-05
2026-12-05,wk inc flu hosp,0,30,quantile,0.7,9,2026-12-05
2026-12-05,wk inc flu hosp,0,30,quantile,0.75,9,2026-12-05
2026-12-05,wk inc flu hosp,0,30,quantile,0.8,10,2026-12-05
2026-12-05,wk inc flu hosp,0,30,quantile,0.85,11,2026-12-05
2026-12-05,wk inc flu hosp,0,30,quantile,0.9,13,2026-12-05
2026-12-05,wk inc flu hosp,0,30,quantile,0.95,14,2026-12-05
2026-12-05,wk inc flu hosp,0,30,quantile,0.975,15,2026-12-05
2026-12-05,wk inc flu hosp,0,30,quantile,0.99,17,2026-12-05
2026-12-05,wk inc flu hosp,0,31,quantile,0.01,2,2026-12-05
2026-12-05,wk inc flu hosp,0,31,quantile,0.025,2,2026-12-05
2026-12-05,wk inc flu hosp,0,31,quantile,0.05,3,2026-12-05
2026-12-05,wk inc flu hosp,0,31,quantile,0.1,3,2026-12-05
2026-12-05,wk inc flu hosp,0,31,quantile,0.15,4,2026-12-05
2026-12-05,wk inc flu hosp,0,31,quantile,0.2,5,2026-12-05
2026-12-05,wk inc flu hosp,0,31,quantile,0.25,5,2026-12-05
2026-12-05,wk inc flu hosp,0,31,quantile,0.3,6,2026-12-05
2026-12-05,wk inc flu hosp,0,31,quantile,0.35,6,2026-12-05
2026-12-05,wk inc flu hosp,0,31,quantile,0.4,6,2026-12-05
2026-12-05,wk inc flu hosp,0,31,quantile,0.45,7,2026-12-05
2026-12-05,wk inc flu hosp,0,31,quantile,0.5,7,2026-12-05
2026-12-05,wk inc flu hosp,0,31,quantile,0.55,7,2026-12-05
2026-12-05,wk inc flu hosp,0,31,quantile,0.6,8,2026-12-05
2026-12-05,wk inc flu hosp,0,31,quantile,0.65,9,2026-12-05
2026-12-05,wk inc flu hosp,0,31,quantile,0.7,9,2026-12-05
2026-12-05,wk inc flu hosp,0,31,quantile,0.75,10,2026-12-05
2026-12-05,wk inc flu hosp,0,31,quantile,0.8,11,2026-12-05
2026-12-05,wk inc flu hosp,0,31,quantile,0.85,12,2026-12-05
2026-12-05,wk inc flu hosp,0,31,quantile,0.9,12,2026-12-05
2026-12-05,wk inc flu hosp,0,31,quantile,0.95,13,2026-12-05
2026-12-05,wk inc flu hosp,0,31,quantile,0.975,13,2026-12-05
2026-12-05,wk inc flu hosp,0,31,quantile,0.99,15,2026-12-05
2026-12-05,wk inc flu hosp,0,32,quantile,0.01,9,2026-12-05
2026-12-05,wk inc flu hosp,0,32,quantile,0.025,11,2026-12-05
2026-12-05,wk inc flu hosp,0,32,quantile,0.05,13,2026-12-05
2026-12-05,wk inc flu hosp,0,32,quantile,0.1,16,2026-12-05
2026-12-05,wk inc flu hosp,0,32,quantile,0.15,18,2026-12-05
2026-12-05,wk inc flu hosp,0,32,quantile,0.2,19,2026-12-05
2026-12-05,wk inc flu hosp,0,32,quantile,0.25,21,2026-12-05
2026-12-05,wk inc flu hosp,0,32,quantile,0.3,22,2026-12-05
2026-12-05,wk inc flu hosp,0,32,quantile,0.35,23,2026-12-05
2026-12-05,wk inc flu hosp,0,32,quantile,0.4,24,2026-12-05
2026-12-05,wk inc flu hosp,0,32,quantile,0.45,24,2026-12-05
2026-12-05,wk inc flu hosp,0,32,quantile,0.5,26,2026-12-05
2026-12-05,wk inc flu hosp,0,32,quantile,0.55,26,2026-12-05
2026-12-05,wk inc flu hosp,0,32,quantile,0.6,27,2026-12-05
2026-12-05,wk inc flu hosp,0,32,quantile,0.65,28,2026-12-05
2026-12-05,wk inc flu hosp,0,32,quantile,0.7,30,2026-12-05
2026-12-05,wk inc flu hosp,0,32,quantile,0.75,31,2026-12-05
2026-12-05,wk inc flu hosp,0,32,quantile,0.8,33,2026-12-05
2026-12-05,wk inc flu hosp,0,32,quantile,0.85,34,2026-12-05
2026-12-05,wk inc flu hosp,0,32,quantile,0.9,36,2026-12-05
2026-12-05,wk inc flu hosp,0,32,quantile,0.95,39,2026-12-05
2026-12-05,wk inc flu hosp,0,32,quantile,0.975,43,2026-12-05
2026-12-05,wk inc flu hosp,0,32,quantile,0.99,45,2026-12-05
2026-12-05,wk inc flu hosp,0,33,quantile,0.01,2,2026-12-05
2026-12-05,wk inc flu hosp,0,33,quantile,0.025,3,2026-12-05
2026-12-05,wk inc flu hosp,0,33,quantile,0.05,4,2026-12-05
2026-12-05,wk inc flu hosp,0,33,quantile,0.1,5,2026-12-05
2026-12-05,wk inc flu hosp,0,33,quantile,0.15,6,2026-12-05
2026-12-05,wk inc flu hosp,0,33,quantile,0.2,7,2026-12-05
2026-12-05,wk inc flu hosp,0,33,quantile,0.25,8,2026-12-05
2026-12-05,wk inc flu hosp,0,33,quantile,0.3,9,2026-12-05
2026-12-05,wk inc flu hosp,0,33,quantile,0.35,9,2026-12-05
2026-12-05,wk inc flu hosp,0,33,quantile,0.4,10,2026-12-05
2026-12-05,wk inc flu hosp,0,33,quantile,0.45,10,2026-12-05
2026-12-05,wk inc flu hosp,0,33,quantile,0.5,11,2026-12-05
2026-12-05,wk inc flu hosp,0,33,quantile,0.55,12,2026-12-05
2026-12-05,wk inc flu hosp,0,33,quantile,0.6,12,2026-12-05
2026-12-05,wk inc flu hosp,0,33,quantile,0.65,13,2026-12-05
2026-12-05,wk inc flu hosp,0,33,quantile,0.7,13,2026-12-05
2026-12-05,wk inc flu hosp,0,33,quantile,0.75,14,2026-12-05
2026-12-05,wk inc flu hosp,0,33,quantile,0.8,14,2026-12-05
2026-12-05,wk inc flu hosp,0,33,quantile,0.85,16,2026-12-05
2026-12-05,wk inc flu hosp,0,33,quantile,0.9,17,2026-12-05
2026-12-05,wk inc flu hosp,0,33,quantile,0.95,20,2026-12-05
2026-12-05,wk inc flu hosp,0,33,quantile,0.975,22,2026-12-05
2026-12-05,wk inc flu hosp,0,33,quantile,0.99,26,2026-12-05
2026-12-05,wk inc flu hosp,0,34,quantile,0.01,62,2026-12-05
2026-12-05,wk inc flu hosp,0,34,quantile,0.025,65,2026-12-05
2026-12-05,wk inc flu hosp,0,34,quantile,0.05,70,2026-12-05
2026-12-05,wk inc flu hosp,0,34,quantile,0.1,77,2026-12-05
2026-12-05,wk inc flu hosp,0,34,quantile,0.15,80,2026-12-05
2026-12-05,wk inc flu hosp,0,34,quantile,0.2,82,2026-12-05
2026-12-05,wk inc flu hosp,0,34,quantile,0.25,85,2026-12-05
2026-12-05,wk inc flu hosp,0,34,quantile,0.3,88,2026-12-05
2026-12-05,wk inc flu hosp,0,34,quantile,0.35,91,2026-12-05
2026-12-05,wk inc flu hosp,0,34,quantile,0.4,93,2026-12-05
2026-12-05,wk inc flu hosp,0,34,quantile,0.45,97,2026-12-05
2026-12-05,wk inc flu hosp,0,34,quantile,0.5,101,2026-12-05
2026-12-05,wk inc flu hosp,0,34,quantile,0.55,104,2026-12-05
2026-12-05,wk inc flu hosp,0,34,quantile,0.6,107,2026-12-05
2026-12-05,wk inc flu hosp,0,34,quantile,0.65,110,2026-12-05
2026-12-05,wk inc flu hosp,0,34,quantile,0.7,113,2026-12-05
2026-12-05,wk inc flu hosp,0,34,quantile,0.75,116,2026-12-05
2026-12-05,wk inc flu hosp,0,34,quantile,0.8,119,2026-12-05
2026-12-05,wk inc flu hosp,0,34,quantile,0.85,125,2026-12-05
2026-12-05,wk inc flu hosp,0,34,quantile,0.9,130,2026-12-05
2026-12-05,wk inc flu hosp,0,34,quantile,0.95,143,2026-12-05
2026-12-05,wk inc flu hosp,0,34,quantile,0.975,154,2026-12-05
2026-12-05,wk inc flu hosp,0,34,quantile,0.99,166,2026-12-05
2026-12-05,wk inc flu hosp,0,35,quantile,0.01,14,2026-12-05
2026-12-05,wk inc flu hosp,0,35,quantile,0.025,16,2026-12-05
2026-12-05,wk inc flu hosp,0,35,quantile,0.05,18,2026-12-05
2026-12-05,wk inc flu hosp,0,35,quantile,0.1,19,2026-12-05
2026-12-05,wk inc flu hosp,0,35,quantile,0.15,21,2026-12-05
2026-12-05,wk inc flu hosp,0,35,quantile,0.2,22,2026-12-05
2026-12-05,wk inc flu hosp,0,35,quantile,0.25,23,2026-12-05
2026-12-05,wk inc flu hosp,0,35,quantile,0.3,24,2026-12-05
2026-12-05,wk inc flu hosp,0,35,quantile,0.35,25,2026-12-05
2026-12-05,wk inc flu hosp,0,35,quantile,0.4,26,2026-12-05
2026-12-05,wk inc flu hosp,0,35,quantile,0.45,27,2026-12-05
2026-12-05,wk inc flu hosp,0,35,quantile,0.5,28,2026-12-05
2026-12-05,wk inc flu hosp,0,35,quantile,0.55,29,2026-12-05
2026-12-05,wk inc flu hosp,0,35,quantile,0.6,31,2026-12-05
2026-12-05,wk inc flu hosp,0,35,quantile,0.65,32,2026-12-05
2026-12-05,wk inc flu hosp,0,35,quantile,0.7,33,2026-12-05
2026-12-05,wk inc flu hosp,0,35,quantile,0.75,34,2026-12-05
2026-12-05,wk inc flu hosp,0,35,quantile,0.8,36,2026-12-05
2026-12-05,wk inc flu hosp,0,35,quantile,0.85,37,2026-12-05
2026-12-05,wk inc flu hosp,0,35,quantile,0.9,39,2026-12-05
2026-12-05,wk inc flu hosp,0,35,quantile,0.95,44,2026-12-05
2026-12-05,wk inc flu hosp,0,35,quantile,0.975,45,2026-12-05
2026-12-05,wk inc flu hosp,0,35,quantile,0.99,47,2026-12-05
2026-12-05,wk inc flu hosp,0,36,quantile,0.01,258,2026-12-05
2026-12-05,wk inc flu hosp,0,36,quantile,0.025,269,2026-12-05
2026-12-05,wk inc flu hosp,0,36,quantile,0.05,276,2026-12-05
2026-12-05,wk inc flu hosp,0,36,quantile,0.1,303,2026-12-05
2026-12-05,wk inc flu hosp,0,36,quantile,0.15,321,2026-12-05
2026-12-05,wk inc flu hosp,0,36,quantile,0.2,332,2026-12-05
2026-12-05,wk inc flu hosp,0,36,quantile,0.25,341,2026-12-05
2026-12-05,wk inc flu hosp,0,36,quantile,0.3,356,2026-12-05
2026-12-05,wk inc flu hosp,0,36,quantile,0.35,362,2026-12-05
2026-12-05,wk inc flu hosp,0,36,quantile,0.4,371,2026-12-05
2026-12-05,wk inc flu hosp,0,36,quantile,0.45,381,2026-12-05
2026-12-05,wk inc flu hosp,0,36,quantile,0.5,390,2026-12-05
2026-12-05,wk inc flu hosp,0,36,quantile,0.55,397,2026-12-05
2026-12-05,wk inc flu hosp,0,36,quantile,0.6,402,2026-12-05
2026-12-05,wk inc flu hosp,0,36,quantile,0.65,414,2026-12-05
2026-12-05,wk inc flu hosp,0,36,quantile,0.7,431,2026-12-05
2026-12-05,wk inc flu hosp,0,36,quantile,0.75,440,2026-12-05
2026-12-05,wk inc flu hosp,0,36,quantile,0.8,444,2026-12-05
2026-12-05,wk inc flu hosp,0,36,quantile,0.85,460,2026-12-05
2026-12-05,wk inc flu hosp,0,36,quantile,0.9,474,2026-12-05
2026-12-05,wk inc flu hosp,0,36,quantile,0.95,509,2026-12-05
2026-12-05,wk inc flu hosp,0,36,quantile,0.975,542,2026-12-05
2026-12-05,wk inc flu hosp,0,36,quantile,0.99,549,2026-12-05
2026-12-05,wk inc flu hosp,0,37,quantile,0.01,59,2026-12-05
2026-12-05,wk inc flu hosp,0,37,quantile,0.025,65,2026-12-05
2026-12-05,wk inc flu hosp,0,37,quantile,0.05,69,2026-12-05
2026-12-05,wk inc flu hosp,0,37,quantile,0.1,76,2026-12-05
2026-12-05,wk inc flu hosp,0,37,quantile,0.15,83,2026-12-05
2026-12-05,wk inc flu hosp,0,37,quantile,0.2,85,2026-12-05
2026-12-05,wk inc flu hosp,0,37,quantile,0.25,88,2026-12-05
2026-12-05,wk inc flu hosp,0,37,quantile,0.3,91,2026-12-05
2026-12-05,wk inc flu hosp,0,37,quantile,0.35,92,2026-12-05
2026-12-05,wk inc flu hosp,0,37,quantile,0.4,95,2026-12-05
2026-12-05,wk inc flu hosp,0,37,quantile,0.45,100,2026-12-05
2026-12-05,wk inc flu hosp,0,37,quantile,0.5,104,2026-12-05
2026-12-05,wk inc flu hosp,0,37,quantile,0.55,106,2026-12-05
2026-12-05,wk inc flu hosp,0,37,quantile,0.6,110,2026-12-05
2026-12-05,wk inc flu hosp,0,37,quantile,0.65,113,2026-12-05
2026-12-05,wk inc flu hosp,0,37,quantile,0.7,116,2026-12-05
2026-12-05,wk inc flu hosp,0,37,quantile,0.75,121,2026-12-05
2026-12-05,wk inc flu hosp,0,37,quantile,0.8,126,2026-12-05
2026-12-05,wk inc flu hosp,0,37,quantile,0.85,134,2026-12-05
2026-12-05,wk inc flu hosp,0,37,quantile,0.9,146,2026-12-05
2026-12-05,wk inc flu hosp,0,37,quantile,0.95,158,2026-12-05
2026-12-05,wk inc flu hosp,0,37,quantile,0.975,172,2026-12-05
2026-12-05,wk inc flu hosp,0,37,quantile,0.99,184,2026-12-05
2026-12-05,wk inc flu hosp,0,38,quantile,0.01,1,2026-12-05
2026-12-05,wk inc flu hosp,0,38,quantile,0.025,1,2026-12-05
2026-12-05,wk inc flu hosp,0,38,quantile,0.05,2,2026-12-05
2026-12-05,wk inc flu hosp,0,38,quantile,0.1,2,2026-12-05
2026-12-05,wk inc flu hosp,0,38,quantile,0.15,3,2026-12-05
2026-12-05,wk inc flu hosp,0,38,quantile,0.2,3,2026-12-05
2026-12-05,wk inc flu hosp,0,38,quantile,0.25,4,2026-12-05
2026-12-05,wk inc flu hosp,0,38,quantile,0.3,4,2026-12-05
2026-12-05,wk inc flu hosp,0,38,quantile,0.35,5,2026-12-05
2026-12-05,wk inc flu hosp,0,38,quantile,0.4,5,2026-12-05
2026-12-05,wk inc flu hosp,0,38,quantile,0.45,5,2026-12-05
2026-12-05,wk inc flu hosp,0,38,quantile,0.5,6,2026-12-05
2026-12-05,wk inc flu hosp,0,38,quantile,0.55,6,2026-12-05
2026-12-05,wk inc flu hosp,0,38,quantile,0.6,6,2026-12-05
2026-12-05,wk inc flu hosp,0,38,quantile,0.65,7,2026-12-05
2026-12-05,wk inc flu hosp,0,38,quantile,0.7,7,2026-12-05
2026-12-05,wk inc flu hosp,0,38,quantile,0.75,8,2026-12-05
2026-12-05,wk inc flu hosp,0,38,quantile,0.8,8,2026-12-05
2026-12-05,wk inc flu hosp,0,38,quantile,0.85,9,2026-12-05
2026-12-05,wk inc flu hosp,0,38,quantile,0.9,10,2026-12-05
2026-12-05,wk inc flu hosp,0,38,quantile,0.95,11,2026-12-05
2026-12-05,wk inc flu hosp,0,38,quantile,0.975,12,2026-12-05
2026-12-05,wk inc flu hosp,0,38,quantile,0.99,14,2026-12-05
2026-12-05,wk inc flu hosp,0,39,quantile,0.01,41,2026-12-05
2026-12-05,wk inc flu hosp,0,39,quantile,0.025,43,2026-12-05
2026-12-05,wk inc flu hosp,0,39,quantile,0.05,46,2026-12-05
2026-12-05,wk inc flu hosp,0,39,quantile,0.1,52,2026-12-05
2026-12-05,wk inc flu hosp,0,39,quantile,0.15,54,2026-12-05
2026-12-05,wk inc flu hosp,0,39,quantile,0.2,56,2026-12-05
2026-12-05,wk inc flu hosp,0,39,quantile,0.25,59,2026-12-05
2026-12-05,wk inc flu hosp,0,39,quantile,0.3,60,2026-12-05
2026-12-05,wk inc flu hosp,0,39,quantile,0.35,63,2026-12-05
2026-12-05,wk inc flu hosp,0,39,quantile,0.4,64,2026-12-05
2026-12-05,wk inc flu hosp,0,39,quantile,0.45,67,2026-12-05
2026-12-05,wk inc flu hosp,0,39,quantile,0.5,68,2026-12-05
2026-12-05,wk inc flu hosp,0,39,quantile,0.55,71,2026-12-05
2026-12-05,wk inc flu hosp,0,39,quantile,0.6,72,2026-12-05
2026-12-05,wk inc flu hosp,0,39,quantile,0.65,75,2026-12-05
2026-12-05,wk inc flu hosp,0,39,quantile,0.7,77,2026-12-05
2026-12-05,wk inc flu hosp,0,39,quantile,0.75,78,2026-12-05
2026-12-05,wk inc flu hosp,0,39,quantile,0.8,80,2026-12-05
2026-12-05,wk inc flu hosp,0,39,quantile,0.85,86,2026-12-05
2026-12-05,wk inc flu hosp,0,39,quantile,0.9,89,2026-12-05
2026-12-05,wk inc flu hosp,0,39,quantile,0.95,97,2026-12-05
2026-12-05,wk inc flu hosp,0,39,quantile,0.975,102,2026-12-05
2026-12-05,wk inc flu hosp,0,39,quantile,0.99,109,2026-12-05
2026-12-05,wk inc flu hosp,0,40,quantile,0.01,8,2026-12-05
2026-12-05,wk inc flu hosp,0,40,quantile,0.025,10,2026-12-05
2026-12-05,wk inc flu hosp,0,40,quantile,0.05,11,2026-12-05
2026-12-05,wk inc flu hosp,0,40,quantile,0.1,13,2026-12-05
2026-12-05,wk inc flu hosp,0,40,quantile,0.15,15,2026-12-05
2026-12-05,wk inc flu hosp,0,40,quantile,0.2,16,2026-12-05
2026-12-05,wk inc flu hosp,0,40,quantile,0.25,17,2026-12-05
2026-12-05,wk inc flu hosp,0,40,quantile,0.3,18,2026-12-05
2026-12-05,wk inc flu hosp,0,40,quantile,0.35,19,2026-12-05
2026-12-05,wk inc flu hosp,0,40,quantile,0.4,20,2026-12-05
2026-12-05,wk inc flu hosp,0,40,quantile,0.45,21,2026-12-05
2026-12-05,wk inc flu hosp,0,40,quantile,0.5,22,2026-12-05
2026-12-05,wk inc flu hosp,0,40,quantile,0.55,24,2026-12-05
2026-12-05,wk inc flu hosp,0,40,quantile,0.6,24,2026-12-05
2026-12-05,wk inc flu hosp,0,40,quantile,0.65,25,2026-12-05
2026-12-05,wk inc flu hosp,0,40,quantile,0.7,26,2026-12-05
2026-12-05,wk inc flu hosp,0,40,quantile,0.75,28,2026-12-05
2026-12-05,wk inc flu hosp,0,40,quantile,0.8,29,2026-12-05
2026-12-05,wk inc flu hosp,0,40,quantile,0.85,32,2026-12-05
2026-12-05,wk inc flu hosp,0,40,quantile,0.9,35,2026-12-05
2026-12-05,wk inc flu hosp,0,40,quantile,0.95,38,2026-12-05
2026-12-05,wk inc flu hosp,0,40,quantile,0.975,40,2026-12-05
2026-12-05,wk inc flu hosp,0,40,quantile,0.99,49,2026-12-05
2026-12-05,wk inc flu hosp,0,41,quantile,0.01,13,2026-12-05
2026-12-05,wk inc flu hosp,0,41,quantile,0.025,14,2026-12-05
2026-12-05,wk inc flu hosp,0,41,quantile,0.05,17,2026-12-05
2026-12-05,wk inc flu hosp,0,41,quantile,0.1,19,2026-12-05
2026-12-05,wk inc flu hosp,0,41,quantile,0.15,21,2026-12-05
2026-12-05,wk inc flu hosp,0,41,quantile,0.2,22,2026-12-05
2026-12-05,wk inc flu hosp,0,41,quantile,0.25,23,2026-12-05
2026-12-05,wk inc flu hosp,0,41,quantile,0.3,24,2026-12-05
2026-12-05,wk inc flu hosp,0,41,quantile,0.35,25,2026-12-05
2026-12-05,wk inc flu hosp,0,41,quantile,0.4,26,2026-12-05
2026-12-05,wk inc flu hosp,0,41,quantile,0.45,27,2026-12-05
2026-12-05,wk inc flu hosp,0,41,quantile,0.5,27,2026-12-05
2026-12-05,wk inc flu hosp,0,41,quantile,0.55,28,2026-12-05
2026-12-05,wk inc flu hosp,0,41,quantile,0.6,28,2026-12-05
2026-12-05,wk inc flu hosp,0,41,quantile,0.65,29,2026-12-05
2026-12-05,wk inc flu hosp,0,41,quantile,0.7,30,2026-12-05
2026-12-05,wk inc flu hosp,0,41,quantile,0.75,31,2026-12-05
2026-12-05,wk inc flu hosp,0,41,quantile,0.8,32,2026-12-05
2026-12-05,wk inc flu hosp,0,41,quantile,0.85,34,2026-12-05
2026-12-05,wk inc flu hosp,0,41,quantile,0.9,38,2026-12-05
2026-12-05,wk inc flu hosp,0,41,quantile,0.95,45,2026-12-05
2026-12-05,wk inc flu hosp,0,41,quantile,0.975,52,2026-12-05
2026-12-05,wk inc flu hosp,0,41,quantile,0.99,53,2026-12-05
2026-12-05,wk inc flu hosp,0,42,quantile,0.01,112,2026-12-05
2026-12-05,wk inc flu hosp,0,42,quantile,0.025,115,2026-12-05
2026-12-05,wk inc flu hosp,0,42,quantile,0.05,120,2026-12-05
2026-12-05,wk inc flu hosp,0,42,quantile,0.1,129,2026-12-05
2026-12-05,wk inc flu hosp,0,42,quantile,0.15,138,2026-12-05
2026-12-05,wk inc flu hosp,0,42,quantile,0.2,142,2026-12-05
2026-12-05,wk inc flu hosp,0,42,quantile,0.25,148,2026-12-05
2026-12-05,wk inc flu hosp,0,42,quantile,0.3,153,2026-12-05
2026-12-05,wk inc flu hosp,0,42,quantile,0.35,160,2026-12-05
2026-12-05,wk inc flu hosp,0,42,quantile,0.4,165,2026-12-05
2026-12-05,wk inc flu hosp,0,42,quantile,0.45,170,2026-12-05
2026-12-05,wk inc flu hosp,0,42,quantile,0.5,174,2026-12-05
2026-12-05,wk inc flu hosp,0,42,quantile,0.55,176,2026-12-05
2026-12-05,wk inc flu hosp,0,42,quantile,0.6,179,2026-12-05
2026-12-05,wk inc flu hosp,0,42,quantile,0.65,186,2026-12-05
2026-12-05,wk inc flu hosp,0,42,quantile,0.7,193,2026-12-05
2026-12-05,wk inc flu hosp,0,42,quantile,0.75,200,2026-12-05
2026-12-05,wk inc flu hosp,0,42,quantile,0.8,205,2026-12-05
2026-12-05,wk inc flu hosp,0,42,quantile,0.85,215,2026-12-05
2026-12-05,wk inc flu hosp,0,42,quantile,0.9,223,2026-12-05
2026-12-05,wk inc flu hosp,0,42,quantile,0.95,233,2026-12-05
2026-12-05,wk inc flu hosp,0,42,quantile,0.975,254,2026-12-05
2026-12-05,wk inc flu hosp,0,42,quantile,0.99,289,2026-12-05
2026-12-05,wk inc flu hosp,0,44,quantile,0.01,3,2026-12-05
2026-12-05,wk inc flu hosp,0,44,quantile,0.025,4,2026-12-05
2026-12-05,wk inc flu hosp,0,44,quantile,0.05,5,2026-12-05
2026-12-05,wk inc flu hosp,0,44,quantile,0.1,7,2026-12-05
2026-12-05,wk inc flu hosp,0,44,quantile,0.15,8,2026-12-05
2026-12-05,wk inc flu hosp,0,44,quantile,0.2,8,2026-12-05
2026-12-05,wk inc flu hosp,0,44,quantile,0.25,9,2026-12-05
2026-12-05,wk inc flu hosp,0,44,quantile,0.3,9,2026-12-05
2026-12-05,wk inc flu hosp,0,44,quantile,0.35,10,2026-12-05
2026-12-05,wk inc flu hosp,0,44,quantile,0.4,10,2026-12-05
2026-12-05,wk inc flu hosp,0,44,quantile,0.45,11,2026-12-05
2026-12-05,wk inc flu hosp,0,44,quantile,0.5,12,2026-12-05
2026-12-05,wk inc flu hosp,0,44,quantile,0.55,12,2026-12-05
2026-12-05,wk inc flu hosp,0,44,quantile,0.6,13,2026-12-05
2026-12-05,wk inc flu hosp,0,44,quantile,0.65,14,2026-12-05
2026-12-05,wk inc flu hosp,0,44,quantile,0.7,14,2026-12-05
2026-12-05,wk inc flu hosp,0,44,quantile,0.75,15,2026-12-05
2026-12-05,wk inc flu hosp,0,44,quantile,0.8,15,2026-12-05
2026-12-05,wk inc flu hosp,0,44,quantile,0.85,16,2026-12-05
2026-12-05,wk inc flu hosp,0,44,quantile,0.9,17,2026-12-05
2026-12-05,wk inc flu hosp,0,44,quantile,0.95,18,2026-12-05
2026-12-05,wk inc flu hosp,0,44,quantile,0.975,19,2026-12-05
2026-12-05,wk inc flu hosp,0,44,quantile,0.99,20,2026-12-05
2026-12-05,wk inc flu hosp,0,45,quantile,0.01,28,2026-12-05
2026-12-05,wk inc flu hosp,0,45,quantile,0.025,31,2026-12-05
2026-12-05,wk inc flu hosp,0,45,quantile,0.05,33,2026-12-05
2026-12-05,wk inc flu hosp,0,45,quantile,0.1,37,2026-12-05
2026-12-05,wk inc flu hosp,0,45,quantile,0.15,39,2026-12-05
2026-12-05,wk inc flu hosp,0,45,quantile,0.2,41,2026-12-05
2026-12-05,wk inc flu hosp,0,45,quantile,0.25,43,2026-12-05
2026-12-05,wk inc flu hosp,0,45,quantile,0.3,44,2026-12-05
2026-12-05,wk inc flu hosp,0,45,quantile,0.35,47,2026-12-05
2026-12-05,wk inc flu hosp,0,45,quantile,0.4,48,2026-12-05
2026-12-05,wk inc flu hosp,0,45,quantile,0.45,51,2026-12-05
2026-12-05,wk inc flu hosp,0,45,quantile,0.5,52,2026-12-05
2026-12-05,wk inc flu hosp,0,45,quantile,0.55,54,2026-12-05
2026-12-05,wk inc flu hosp,0,45,quantile,0.6,55,2026-12-05
2026-12-05,wk inc flu hosp,0,45,quantile,0.65,57,2026-12-05
2026-12-05,wk inc flu hosp,0,45,quantile,0.7,59,2026-12-05
2026-12-05,wk inc flu hosp,0,45,quantile,0.75,61,2026-12-05
2026-12-05,wk inc flu hosp,0,45,quantile,0.8,63,2026-12-05
2026-12-05,wk inc flu hosp,0,45,quantile,0.85,67,2026-12-05
2026-12-05,wk inc flu hosp,0,45,quantile,0.9,71,2026-12-05
2026-12-05,wk inc flu hosp,0,45,quantile,0.95,77,2026-12-05
2026-12-05,wk inc flu hosp,0,45,quantile,0.975,85,2026-12-05
2026-12-05,wk inc flu hosp,0,45,quantile,0.99,89,2026-12-05
2026-12-05,wk inc flu hosp,0,46,quantile,0.01,0,2026-12-05
2026-12-05,wk inc flu hosp,0,46,quantile,0.025,0,2026-12-05
2026-12-05,wk inc flu hosp,0,46,quantile,0.05,0,2026-12-05
2026-12-05,wk inc flu hosp,0,46,quantile,0.1,0,2026-12-05
2026-12-05,wk inc flu hosp,0,46,quantile,0.15,1,2026-12-05
2026-12-05,wk inc flu hosp,0,46,quantile,0.2,1,2026-12-05
2026-12-05,wk inc flu hosp,0,46,quantile,0.25,1,2026-12-05
2026-12-05,wk inc flu hosp,0,46,quantile,0.3,2,2026-12-05
2026-12-05,wk inc flu hosp,0,46,quantile,0.35,2,2026-12-05
2026-12-05,wk inc flu hosp,0,46,quantile,0.4,2,2026-12-05
2026-12-05,wk inc flu hosp,0,46,quantile,0.45,3,2026-12-05
2026-12-05,wk inc flu hosp,0,46,quantile,0.5,3,2026-12-05
2026-12-05,wk inc flu hosp,0,46,quantile,0.55,3,2026-12-05
2026-12-05,wk inc flu hosp,0,46,quantile,0.6,4,2026-12-05
2026-12-05,wk inc flu hosp,0,46,quantile,0.65,4,2026-12-05
2026-12-05,wk inc flu hosp,0,46,quantile,0.7,5,2026-12-05
2026-12-05,wk inc flu hosp,0,46,quantile,0.75,5,2026-12-05
2026-12-05,wk inc flu hosp,0,46,quantile,0.8,5,2026-12-05
2026-12-05,wk inc flu hosp,0,46,quantile,0.85,6,2026-12-05
2026-12-05,wk inc flu hosp,0,46,quantile,0.9,7,2026-12-05
2026-12-05,wk inc flu hosp,0,46,quantile,0.95,9,2026-12-05
2026-12-05,wk inc flu hosp,0,46,quantile,0.975,9,2026-12-05
2026-12-05,wk inc flu hosp,0,46,quantile,0.99,11,2026-12-05
2026-12-05,wk inc flu hosp,0,47,quantile,0.01,31,2026-12-05
2026-12-05,wk inc flu hosp,0,47,quantile,0.025,34,2026-12-05
2026-12-05,wk inc flu hosp,0,47,quantile,0.05,37,2026-12-05
2026-12-05,wk inc flu hosp,0,47,quantile,0.1,40,2026-12-05
2026-12-05,wk inc flu hosp,0,47,quantile,0.15,42,2026-12-05
2026-12-05,wk inc flu hosp,0,47,quantile,0.2,44,2026-12-05
2026-12-05,wk inc flu hosp,0,47,quantile,0.25,45,2026-12-05
2026-12-05,wk inc flu hosp,0,47,quantile,0.3,46,2026-12-05
2026-12-05,wk inc flu hosp,0,47,quantile,0.35,48,2026-12-05
2026-12-05,wk inc flu hosp,0,47,quantile,0.4,50,2026-12-05
2026-12-05,wk inc flu hosp,0,47,quantile,0.45,51,2026-12-05
2026-12-05,wk inc flu hosp,0,47,quantile,0.5,53,2026-12-05
2026-12-05,wk inc flu hosp,0,47,quantile,0.55,54,2026-12-05
2026-12-05,wk inc flu hosp,0,47,quantile,0.6,56,2026-12-05
2026-12-05,wk inc flu hosp,0,47,quantile,0.65,57,2026-12-05
2026-12-05,wk inc flu hosp,0,47,quantile,0.7,59,2026-12-05
2026-12-05,wk inc flu hosp,0,47,quantile,0.75,62,2026-12-05
2026-12-05,wk inc flu hosp,0,47,quantile,0.8,63,2026-12-05
2026-12-05,wk inc flu hosp,0,47,quantile,0.85,65,2026-12-05
2026-12-05,wk inc flu hosp,0,47,quantile,0.9,68,2026-12-05
2026-12-05,wk inc flu hosp,0,47,quantile,0.95,72,2026-12-05
2026-12-05,wk inc flu hosp,0,47,quantile,0.975,81,2026-12-05
2026-12-05,wk inc flu hosp,0,47,quantile,0.99,92,2026-12-05
2026-12-05,wk inc flu hosp,0,48,quantile,0.01,207,2026-12-05
2026-12-05,wk inc flu hosp,0,48,quantile,0.025,215,2026-12-05
2026-12-05,wk inc flu hosp,0,48,quantile,0.05,226,2026-12-05
2026-12-05,wk inc flu hosp,0,48,quantile,0.1,243,2026-12-05
2026-12-05,wk inc flu hosp,0,48,quantile,0.15,254,2026-12-05
2026-12-05,wk inc flu hosp,0,48,quantile,0.2,269,2026-12-05
2026-12-05,wk inc flu hosp,0,48,quantile,0.25,283,2026-12-05
2026-12-05,wk inc flu hosp,0,48,quantile,0.3,293,2026-12-05
2026-12-05,wk inc flu hosp,0,48,quantile,0.35,304,2026-12-05
2026-12-05,wk inc flu hosp,0,48,quantile,0.4,316,2026-12-05
2026-12-05,wk inc flu hosp,0,48,quantile,0.45,323,2026-12-05
2026-12-05,wk inc flu hosp,0,48,quantile,0.5,330,2026-12-05
2026-12-05,wk inc flu hosp,0,48,quantile,0.55,337,2026-12-05
2026-12-05,wk inc flu hosp,0,48,quantile,0.6,346,2026-12-05
2026-12-05,wk inc flu hosp,0,48,quantile,0.65,355,2026-12-05
2026-12-05,wk inc flu hosp,0,48,quantile,0.7,370,2026-12-05
2026-12-05,wk inc flu hosp,0,48,quantile,0.75,388,2026-12-05
2026-12-05,wk inc flu hosp,0,48,quantile,0.8,405,2026-12-05
2026-12-05,wk inc flu hosp,0,48,quantile,0.85,435,2026-12-05
2026-12-05,wk inc flu hosp,0,48,quantile,0.9,453,2026-12-05
2026-12-05,wk inc flu hosp,0,48,quantile,0.95,471,2026-12-05
2026-12-05,wk inc flu hosp,0,48,quantile,0.975,478,2026-12-05
2026-12-05,wk inc flu hosp,0,48,quantile,0.99,501,2026-12-05
2026-12-05,wk inc flu hosp,0,49,quantile,0.01,7,2026-12-05
2026-12-05,wk inc flu hosp,0,49,quantile,0.025,10,2026-12-05
2026-12-05,wk inc flu hosp,0,49,quantile,0.05,13,2026-12-05
2026-12-05,wk inc flu hosp,0,49,quantile,0.1,14,2026-12-05
2026-12-05,wk inc flu hosp,0,49,quantile,0.15,15,2026-12-05
2026-12-05,wk inc flu hosp,0,49,quantile,0.2,16,2026-12-05
2026-12-05,wk inc flu hosp,0,49,quantile,0.25,16,2026-12-05
2026-12-05,wk inc flu hosp,0,49,quantile,0.3,17,2026-12-05
2026-12-05,wk inc flu hosp,0,49,quantile,0.35,19,2026-12-05
2026-12-05,wk inc flu hosp,0,49,quantile,0.4,19,2026-12-05
2026-12-05,wk inc flu hosp,0,49,quantile,0.45,20,2026-12-05
2026-12-05,wk inc flu hosp,0,49,quantile,0.5,21,2026-12-05
2026-12-05,wk inc flu hosp,0,49,quantile,0.55,22,2026-12-05
2026-12-05,wk inc flu hosp,0,49,quantile,0.6,22,2026-12-05
2026-12-05,wk inc flu hosp,0,49,quantile,0.65,23,2026-12-05
2026-12-05,wk inc flu hosp,0,49,quantile,0.7,25,2026-12-05
2026-12-05,wk inc flu hosp,0,49,quantile,0.75,26,2026-12-05
2026-12-05,wk inc flu hosp,0,49,quantile,0.8,27,2026-12-05
2026-12-05,wk inc flu hosp,0,49,quantile,0.85,28,2026-12-05
2026-12-05,wk inc flu hosp,0,49,quantile,0.9,30,2026-12-05
2026-12-05,wk inc flu hosp,0,49,quantile,0.95,32,2026-12-05
2026-12-05,wk inc flu hosp,0,49,quantile,0.975,34,2026-12-05
2026-12-05,wk inc flu hosp,0,49,quantile,0.99,37,2026-12-05
2026-12-05,wk inc flu hosp,0,50,quantile,0.01,0,2026-12-05
2026-12-05,wk inc flu hosp,0,50,quantile,0.025,0,2026-12-05
2026-12-05,wk inc flu hosp,0,50,quantile,0.05,1,2026-12-05
2026-12-05,wk inc flu hosp,0,50,quantile,0.1,1,2026-12-05
2026-12-05,wk inc flu hosp,0,50,quantile,0.15,2,2026-12-05
2026-12-05,wk inc flu hosp,0,50,quantile,0.2,2,2026-12-05
2026-12-05,wk inc flu hosp,0,50,quantile,0.25,2,2026-12-05
2026-12-05,wk inc flu hosp,0,50,quantile,0.3,3,2026-12-05
2026-12-05,wk inc flu hosp,0,50,quantile,0.35,3,2026-12-05
2026-12-05,wk inc flu hosp,0,50,quantile,0.4,3,2026-12-05
2026-12-05,wk inc flu hosp,0,50,quantile,0.45,4,2026-12-05
2026-12-05,wk inc flu hosp,0,50,quantile,0.5,4,2026-12-05
2026-12-05,wk inc flu hosp,0,50,quantile,0.55,4,2026-12-05
2026-12-05,wk inc flu hosp,0,50,quantile,0.6,5,2026-12-05
2026-12-05,wk inc flu hosp,0,50,quantile,0.65,5,2026-12-05
2026-12-05,wk inc flu hosp,0,50,quantile,0.7,5,2026-12-05
2026-12-05,wk inc flu hosp,0,50,quantile,0.75,6,2026-12-05
2026-12-05,wk inc flu hosp,0,50,quantile,0.8,6,2026-12-05
2026-12-05,wk inc flu hosp,0,50,quantile,0.85,7,2026-12-05
2026-12-05,wk inc flu hosp,0,50,quantile,0.9,8,2026-12-05
2026-12-05,wk inc flu hosp,0,50,quantile,0.95,10,2026-12-05
2026-12-05,wk inc flu hosp,0,50,quantile,0.975,11,2026-12-05
2026-12-05,wk inc flu hosp,0,50,quantile,0.99,11,2026-12-05
2026-12-05,wk inc flu hosp,0,51,quantile,0.01,36,2026-12-05
2026-12-05,wk inc flu hosp,0,51,quantile,0.025,40,2026-12-05
2026-12-05,wk inc flu hosp,0,51,quantile,0.05,43,2026-12-05
2026-12-05,wk inc flu hosp,0,51,quantile,0.1,47,2026-12-05
2026-12-05,wk inc flu hosp,0,51,quantile,0.15,50,2026-12-05
2026-12-05,wk inc flu hosp,0,51,quantile,0.2,52,2026-12-05
2026-12-05,wk inc flu hosp,0,51,quantile,0.25,54,2026-12-05
2026-12-05,wk inc flu hosp,0,51,quantile,0.3,56,2026-12-05
2026-12-05,wk inc flu hosp,0,51,quantile,0.35,58,2026-12-05
2026-12-05,wk inc flu hosp,0,51,quantile,0.4,61,2026-12-05
2026-12-05,wk inc flu hosp,0,51,quantile,0.45,62,2026-12-05
2026-12-05,wk inc flu hosp,0,51,quantile,0.5,65,2026-12-05
2026-12-05,wk inc flu hosp,0,51,quantile,0.55,67,2026-12-05
2026-12-05,wk inc flu hosp,0,51,quantile,0.6,68,2026-12-05
2026-12-05,wk inc flu hosp,0,51,quantile,0.65,70,2026-12-05
2026-12-05,wk inc flu hosp,0,51,quantile,0.7,72,2026-12-05
2026-12-05,wk inc flu hosp,0,51,quantile,0.75,74,2026-12-05
2026-12-05,wk inc flu hosp,0,51,quantile,0.8,76,2026-12-05
2026-12-05,wk inc flu hosp,0,51,quantile,0.85,81,2026-12-05
2026-12-05,wk inc flu hosp,0,51,quantile,0.9,85,2026-12-05
2026-12-05,wk inc flu hosp,0,51,quantile,0.95,92,2026-12-05
2026-12-05,wk inc flu hosp,0,51,quantile,0.975,94,2026-12-05
2026-12-05,wk inc flu hosp,0,51,quantile,0.99,98,2026-12-05
2026-12-05,wk inc flu hosp,0,53,quantile,0.01,19,2026-12-05
2026-12-05,wk inc flu hosp,0,53,quantile,0.025,19,2026-12-05
2026-12-05,wk inc flu hosp,0,53,quantile,0.05,20,2026-12-05
2026-12-05,wk inc flu hosp,0,53,quantile,0.1,23,2026-12-05
2026-12-05,wk inc flu hosp,0,53,quantile,0.15,24,2026-12-05
2026-12-05,wk inc flu hosp,0,53,quantile,0.2,25,2026-12-05
2026-12-05,wk inc flu hosp,0,53,quantile,0.25,26,2026-12-05
2026-12-05,wk inc flu hosp,0,53,quantile,0.3,28,2026-12-05
2026-12-05,wk inc flu hosp,0,53,quantile,0.35,30,2026-12-05
2026-12-05,wk inc flu hosp,0,53,quantile,0.4,31,2026-12-05
2026-12-05,wk inc flu hosp,0,53,quantile,0.45,32,2026-12-05
2026-12-05,wk inc flu hosp,0,53,quantile,0.5,33,2026-12-05
2026-12-05,wk inc flu hosp,0,53,quantile,0.55,34,2026-12-05
2026-12-05,wk inc flu hosp,0,53,quantile,0.6,36,2026-12-05
2026-12-05,wk inc flu hosp,0,53,quantile,0.65,38,2026-12-05
2026-12-05,wk inc flu hosp,0,53,quantile,0.7,39,2026-12-05
2026-12-05,wk inc flu hosp,0,53,quantile,0.75,41,2026-12-05
2026-12-05,wk inc flu hosp,0,53,quantile,0.8,43,2026-12-05
2026-12-05,wk inc flu hosp,0,53,quantile,0.85,45,2026-12-05
2026-12-05,wk inc flu hosp,0,53,quantile,0.9,48,2026-12-05
2026-12-05,wk inc flu hosp,0,53,quantile,0.95,52,2026-12-05
2026-12-05,wk inc flu hosp,0,53,quantile,0.975,56,2026-12-05
2026-12-05,wk inc flu hosp,0,53,quantile,0.99,57,2026-12-05
2026-12-05,wk inc flu hosp,0,54,quantile,0.01,3,2026-12-05
2026-12-05,wk inc flu hosp,0,54,quantile,0.025,4,2026-12-05
2026-12-05,wk inc flu hosp,0,54,quantile,0.05,5,2026-12-05
2026-12-05,wk inc flu hosp,0,54,quantile,0.1,6,2026-12-05
2026-12-05,wk inc flu hosp,0,54,quantile,0.15,6,2026-12-05
2026-12-05,wk inc flu hosp,0,54,quantile,0.2,7,2026-12-05
2026-12-05,wk inc flu hosp,0,54,quantile,0.25,8,2026-12-05
2026-12-05,wk inc flu hosp,0,54,quantile,0.3,8,2026-12-05
2026-12-05,wk inc flu hosp,0,54,quantile,0.35,9,2026-12-05
2026-12-05,wk inc flu hosp,0,54,quantile,0.4,9,2026-12-05
2026-12-05,wk inc flu hosp,0,54,quantile,0.45,10,2026-12-05
2026-12-05,wk inc flu hosp,0,54,quantile,0.5,10,2026-12-05
2026-12-05,wk inc flu hosp,0,54,quantile,0.55,11,2026-12-05
2026-12-05,wk inc flu hosp,0,54,quantile,0.6,11,2026-12-05
2026-12-05,wk inc flu hosp,0,54,quantile,0.65,12,2026-12-05
2026-12-05,wk inc flu hosp,0,54,quantile,0.7,13,2026-12-05
2026-12-05,wk inc flu hosp,0,54,quantile,0.75,14,2026-12-05
2026-12-05,wk inc flu hosp,0,54,quantile,0.8,14,2026-12-05
2026-12-05,wk inc flu hosp,0,54,quantile,0.85,16,2026-12-05
2026-12-05,wk inc flu hosp,0,54,quantile,0.9,17,2026-12-05
2026-12-05,wk inc flu hosp,0,54,quantile,0.95,19,2026-12-05
2026-12-05,wk inc flu hosp,0,54,quantile,0.975,20,2026-12-05
2026-12-05,wk inc flu hosp,0,54,quantile,0.99,23,2026-12-05
2026-12-05,wk inc flu hosp,0,55,quantile,0.01,18,2026-12-05
2026-12-05,wk inc flu hosp,0,55,quantile,0.025,19,2026-12-05
2026-12-05,wk inc flu hosp,0,55,quantile,0.05,21,2026-12-05
2026-12-05,wk inc flu hosp,0,55,quantile,0.1,23,2026-12-05
2026-12-05,wk inc flu hosp,0,55,quantile,0.15,26,2026-12-05
2026-12-05,wk inc flu hosp,0,55,quantile,0.2,28,2026-12-05
2026-12-05,wk inc flu hosp,0,55,quantile,0.25,29,2026-12-05
2026-12-05,wk inc flu hosp,0,55,quantile,0.3,31,2026-12-05
2026-12-05,wk inc flu hosp,0,55,quantile,0.35,33,2026-12-05
2026-12-05,wk inc flu hosp,0,55,quantile,0.4,34,2026-12-05
2026-12-05,wk inc flu hosp,0,55,quantile,0.45,36,2026-12-05
2026-12-05,wk inc flu hosp,0,55,quantile,0.5,37,2026-12-05
2026-12-05,wk inc flu hosp,0,55,quantile,0.55,38,2026-12-05
2026-12-05,wk inc flu hosp,0,55,quantile,0.6,39,2026-12-05
2026-12-05,wk inc flu hosp,0,55,quantile,0.65,40,2026-12-05
2026-12-05,wk inc flu hosp,0,55,quantile,0.7,41,2026-12-05
2026-12-05,wk inc flu hosp,0,55,quantile,0.75,43,2026-12-05
2026-12-05,wk inc flu hosp,0,55,quantile,0.8,45,2026-12-05
2026-12-05,wk inc flu hosp,0,55,quantile,0.85,48,2026-12-05
2026-12-05,wk inc flu hosp,0,55,quantile,0.9,50,2026-12-05
2026-12-05,wk inc flu hosp,0,55,quantile,0.95,55,2026-12-05
2026-12-05,wk inc flu hosp,0,55,quantile,0.975,56,2026-12-05
2026-12-05,wk inc flu hosp,0,55,quantile,0.99,58,2026-12-05
2026-12-05,wk inc flu hosp,0,56,quantile,0.01,1,2026-12-05
2026-12-05,wk inc flu hosp,0,56,quantile,0.025,1,2026-12-05
2026-12-05,wk inc flu hosp,0,56,quantile,0.05,2,2026-12-05
2026-12-05,wk inc flu hosp,0,56,quantile,0.1,3,2026-12-05
2026-12-05,wk inc flu hosp,0,56,quantile,0.15,4,2026-12-05
2026-12-05,wk inc flu hosp,0,56,quantile,0.2,4,2026-12-05
2026-12-05,wk inc flu hosp,0,56,quantile,0.25,5,2026-12-05
2026-12-05,wk inc flu hosp,0,56,quantile,0.3,5,2026-12-05
2026-12-05,wk inc flu hosp,0,56,quantile,0.35,6,2026-12-05
2026-12-05,wk inc flu hosp,0,56,quantile,0.4,6,2026-12-05
2026-12-05,wk inc flu hosp,0,56,quantile,0.45,7,2026-12-05
2026-12-05,wk inc flu hosp,0,56,quantile,0.5,8,2026-12-05
2026-12-05,wk inc flu hosp,0,56,quantile,0.55,8,2026-12-05
2026-12-05,wk inc flu hosp,0,56,quantile,0.6,9,2026-12-05
2026-12-05,wk inc flu hosp,0,56,quantile,0.65,10,2026-12-05
2026-12-05,wk inc flu hosp,0,56,quantile,0.7,11,2026-12-05
2026-12-05,wk inc flu hosp,0,56,quantile,0.75,11,2026-12-05
2026-12-05,wk inc flu hosp,0,56,quantile,0.8,12,2026-12-05
2026-12-05,wk inc flu hosp,0,56,quantile,0.85,14,2026-12-05
2026-12-05,wk inc flu hosp,0,56,quantile,0.9,15,2026-12-05
2026-12-05,wk inc flu hosp,0,56,quantile,0.95,18,2026-12-05
2026-12-05,wk inc flu hosp,0,56,quantile,0.975,21,2026-12-05
2026-12-05,wk inc flu hosp,0,56,quantile,0.99,24,2026-12-05
2026-12-05,wk inc flu hosp,0,72,quantile,0.01,51,2026-12-05
2026-12-05,wk inc flu hosp,0,72,quantile,0.025,59,2026-12-05
2026-12-05,wk inc flu hosp,0,72,quantile,0.05,65,2026-12-05
2026-12-05,wk inc flu hosp,0,72,quantile,0.1,71,2026-12-05
2026-12-05,wk inc flu hosp,0,72,quantile,0.15,78,2026-12-05
2026-12-05,wk inc flu hosp,0,72,quantile,0.2,83,2026-12-05
2026-12-05,wk inc flu hosp,0,72,quantile,0.25,88,2026-12-05
2026-12-05,wk inc flu hosp,0,72,quantile,0.3,92,2026-12-05
2026-12-05,wk inc flu hosp,0,72,quantile,0.35,97,2026-12-05
2026-12-05,wk inc flu hosp,0,72,quantile,0.4,100,2026-12-05
2026-12-05,wk inc flu hosp,0,72,quantile,0.45,103,2026-12-05
2026-12-05,wk inc flu hosp,0,72,quantile,0.5,108,2026-12-05
2026-12-05,wk inc flu hosp,0,72,quantile,0.55,112,2026-12-05
2026-12-05,wk inc flu hosp,0,72,quantile,0.6,119,2026-12-05
2026-12-05,wk inc flu hosp,0,72,quantile,0.65,122,2026-12-05
2026-12-05,wk inc flu hosp,0,72,quantile,0.7,125,2026-12-05
2026-12-05,wk inc flu hosp,0,72,quantile,0.75,130,2026-12-05
2026-12-05,wk inc flu hosp,0,72,quantile,0.8,136,2026-12-05
2026-12-05,wk inc flu hosp,0,72,quantile,0.85,141,2026-12-05
2026-12-05,wk inc flu hosp,0,72,quantile,0.9,152,2026-12-05
2026-12-05,wk inc flu hosp,0,72,quantile,0.95,168,2026-12-05
2026-12-05,wk inc flu hosp,0,72,quantile,0.975,189,2026-12-05
2026-12-05,wk inc flu hosp,0,72,quantile,0.99,213,2026-12-05
2026-12-05,wk inc flu hosp,0,USA,quantile,0.01,2963,2026-12-05
2026-12-05,wk inc flu hosp,0,USA,quantile,0.025,3042,2026-12-05
2026-12-05,wk inc flu hosp,0,USA,quantile,0.05,3111,2026-12-05
2026-12-05,wk inc flu hosp,0,USA,quantile,0.1,3184,2026-12-05
2026-12-05,wk inc flu hosp,0,USA,quantile,0.15,3213,2026-12-05
2026-12-05,wk inc flu hosp,0,USA,quantile,0.2,3241,2026-12-05
2026-12-05,wk inc flu hosp,0,USA,quantile,0.25,3273,2026-12-05
2026-12-05,wk inc flu hosp,0,USA,quantile,0.3,3307,2026-12-05
2026-12-05,wk inc flu hosp,0,USA,quantile,0.35,3344,2026-12-05
2026-12-05,wk inc flu hosp,0,USA,quantile,0.4,3368,2026-12-05
2026-12-05,wk inc flu hosp,0,USA,quantile,0.45,3408,2026-12-05
2026-12-05,wk inc flu hosp,0,USA,quantile,0.5,3448,2026-12-05
2026-12-05,wk inc flu hosp,0,USA,quantile,0.55,3486,2026-12-05
2026-12-05,wk inc flu hosp,0,USA,quantile,0.6,3508,2026-12-05
2026-12-05,wk inc flu hosp,0,USA,quantile,0.65,3541,2026-12-05
2026-12-05,wk inc flu hosp,0,USA,quantile,0.7,3557,2026-12-05
2026-12-05,wk inc flu hosp,0,USA,quantile,0.75,3576,2026-12-05
2026-12-05,wk inc flu hosp,0,USA,quantile,0.8,3589,2026-12-05
2026-12-05,wk inc flu hosp,0,USA,quantile,0.85,3652,2026-12-05
2026-12-05,wk inc flu hosp,0,USA,quantile,0.9,3681,2026-12-05
2026-12-05,wk inc flu hosp,0,USA,quantile,0.95,3733,2026-12-05
2026-12-05,wk inc flu hosp,0,USA,quantile,0.975,3759,2026-12-05
2026-12-05,wk inc flu hosp,0,USA,quantile,0.99,3822,2026-12-05
2026-12-05,wk inc flu hosp,1,01,quantile,0.01,31,2026-12-12
2026-12-05,wk inc flu hosp,1,01,quantile,0.025,31,2026-12-12
2026-12-05,wk inc flu hosp,1,01,quantile,0.05,32,2026-12-12
2026-12-05,wk inc flu hosp,1,01,quantile,0.1,34,2026-12-12
2026-12-05,wk inc flu hosp,1,01,quantile,0.15,37,2026-12-12
2026-12-05,wk inc flu hosp,1,01,quantile,0.2,41,2026-12-12
2026-12-05,wk inc flu hosp,1,01,quantile,0.25,44,2026-12-12
2026-12-05,wk inc flu hosp,1,01,quantile,0.3,46,2026-12-12
2026-12-05,wk inc flu hosp,1,01,quantile,0.35,48,2026-12-12
2026-12-05,wk inc flu hosp,1,01,quantile,0.4,50,2026-12-12
2026-12-05,wk inc flu hosp,1,01,quantile,0.45,52,2026-12-12
2026-12-05,wk inc flu hosp,1,01,quantile,0.5,56,2026-12-12
2026-12-05,wk inc flu hosp,1,01,quantile,0.55,58,2026-12-12
2026-12-05,wk inc flu hosp,1,01,quantile,0.6,59,2026-12-12
2026-12-05,wk inc flu hosp,1,01,quantile,0.65,61,2026-12-12
2026-12-05,wk inc flu hosp,1,01,quantile,0.7,62,2026-12-12
2026-12-05,wk inc flu hosp,1,01,quantile,0.75,66,2026-12-12
2026-12-05,wk inc flu hosp,1,01,quantile,0.8,68,2026-12-12
2026-12-05,wk inc flu hosp,1,01,quantile,0.85,74,2026-12-12
2026-12-05,wk inc flu hosp,1,01,quantile,0.9,84,2026-12-12
2026-12-05,wk inc flu hosp,1,01,quantile,0.95,89,2026-12-12
2026-12-05,wk inc flu hosp,1,01,quantile,0.975,108,2026-12-12
2026-12-05,wk inc flu hosp,1,01,quantile,0.99,112,2026-12-12
2026-12-05,wk inc flu hosp,1,02,quantile,0.01,0,2026-12-12
2026-12-05,wk inc flu hosp,1,02,quantile,0.025,1,2026-12-12
2026-12-05,wk inc flu hosp,1,02,quantile,0.05,1,2026-12-12
2026-12-05,wk inc flu hosp,1,02,quantile,0.1,3,2026-12-12
2026-12-05,wk inc flu hosp,1,02,quantile,0.15,4,2026-12-12
2026-12-05,wk inc flu hosp,1,02,quantile,0.2,5,2026-12-12
2026-12-05,wk inc flu hosp,1,02,quantile,0.25,6,2026-12-12
2026-12-05,wk inc flu hosp,1,02,quantile,0.3,6,2026-12-12
2026-12-05,wk inc flu hosp,1,02,quantile,0.35,7,2026-12-12
2026-12-05,wk inc flu hosp,1,02,quantile,0.4,8,2026-12-12
2026-12-05,wk inc flu hosp,1,02,quantile,0.45,9,2026-12-12
2026-12-05,wk inc flu hosp,1,02,quantile,0.5,10,2026-12-12
2026-12-05,wk inc flu hosp,1,02,quantile,0.55,12,2026-12-12
2026-12-05,wk inc flu hosp,1,02,quantile,0.6,13,2026-12-12
2026-12-05,wk inc flu hosp,1,02,quantile,0.65,14,2026-12-12
2026-12-05,wk inc flu hosp,1,02,quantile,0.7,14,2026-12-12
2026-12-05,wk inc flu hosp,1,02,quantile,0.75,16,2026-12-12
2026-12-05,wk inc flu hosp,1,02,quantile,0.8,18,2026-12-12
2026-12-05,wk inc flu hosp,1,02,quantile,0.85,20,2026-12-12
2026-12-05,wk inc flu hosp,1,02,quantile,0.9,22,2026-12-12
2026-12-05,wk inc flu hosp,1,02,quantile,0.95,30,2026-12-12
2026-12-05,wk inc flu hosp,1,02,quantile,0.975,33,2026-12-12
2026-12-05,wk inc flu hosp,1,02,quantile,0.99,41,2026-12-12
2026-12-05,wk inc flu hosp,1,04,quantile,0.01,106,2026-12-12
2026-12-05,wk inc flu hosp,1,04,quantile,0.025,114,2026-12-12
2026-12-05,wk inc flu hosp,1,04,quantile,0.05,124,2026-12-12
2026-12-05,wk inc flu hosp,1,04,quantile,0.1,134,2026-12-12
2026-12-05,wk inc flu hosp,1,04,quantile,0.15,140,2026-12-12
2026-12-05,wk inc flu hosp,1,04,quantile,0.2,145,2026-12-12
2026-12-05,wk inc flu hosp,1,04,quantile,0.25,150,2026-12-12
2026-12-05,wk inc flu hosp,1,04,quantile,0.3,155,2026-12-12
2026-12-05,wk inc flu hosp,1,04,quantile,0.35,164,2026-12-12
2026-12-05,wk inc flu hosp,1,04,quantile,0.4,172,2026-12-12
2026-12-05,wk inc flu hosp,1,04,quantile,0.45,176,2026-12-12
2026-12-05,wk inc flu hosp,1,04,quantile,0.5,186,2026-12-12
2026-12-05,wk inc flu hosp,1,04,quantile,0.55,189,2026-12-12
2026-12-05,wk inc flu hosp,1,04,quantile,0.6,199,2026-12-12
2026-12-05,wk inc flu hosp,1,04,quantile,0.65,209,2026-12-12
2026-12-05,wk inc flu hosp,1,04,quantile,0.7,213,2026-12-12
2026-12-05,wk inc flu hosp,1,04,quantile,0.75,221,2026-12-12
2026-12-05,wk inc flu hosp,1,04,quantile,0.8,230,2026-12-12
2026-12-05,wk inc flu hosp,1,04,quantile,0.85,242,2026-12-12
2026-12-05,wk inc flu hosp,1,04,quantile,0.9,276,2026-12-12
2026-12-05,wk inc flu hosp,1,04,quantile,0.95,306,2026-12-12
2026-12-05,wk inc flu hosp,1,04,quantile,0.975,360,2026-12-12
2026-12-05,wk inc flu hosp,1,04,quantile,0.99,452,2026-12-12
2026-12-05,wk inc flu hosp,1,05,quantile,0.01,13,2026-12-12
2026-12-05,wk inc flu hosp,1,05,quantile,0.025,14,2026-12-12
2026-12-05,wk inc flu hosp,1,05,quantile,0.05,14,2026-12-12
2026-12-05,wk inc flu hosp,1,05,quantile,0.1,18,2026-12-12
2026-12-05,wk inc flu hosp,1,05,quantile,0.15,19,2026-12-12
2026-12-05,wk inc flu hosp,1,05,quantile,0.2,20,2026-12-12
2026-12-05,wk inc flu hosp,1,05,quantile,0.25,23,2026-12-12
2026-12-05,wk inc flu hosp,1,05,quantile,0.3,23,2026-12-12
2026-12-05,wk inc flu hosp,1,05,quantile,0.35,25,2026-12-12
2026-12-05,wk inc flu hosp,1,05,quantile,0.4,26,2026-12-12
2026-12-05,wk inc flu hosp,1,05,quantile,0.45,27,2026-12-12
2026-12-05,wk inc flu hosp,1,05,quantile,0.5,28,2026-12-12
2026-12-05,wk inc flu hosp,1,05,quantile,0.55,29,2026-12-12
2026-12-05,wk inc flu hosp,1,05,quantile,0.6,30,2026-12-12
2026-12-05,wk inc flu hosp,1,05,quantile,0.65,31,2026-12-12
2026-12-05,wk inc flu hosp,1,05,quantile,0.7,32,2026-12-12
2026-12-05,wk inc flu hosp,1,05,quantile,0.75,34,2026-12-12
2026-12-05,wk inc flu hosp,1,05,quantile,0.8,36,2026-12-12
2026-12-05,wk inc flu hosp,1,05,quantile,0.85,37,2026-12-12
2026-12-05,wk inc flu hosp,1,05,quantile,0.9,42,2026-12-12
2026-12-05,wk inc flu hosp,1,05,quantile,0.95,48,2026-12-12
2026-12-05,wk inc flu hosp,1,05,quantile,0.975,58,2026-12-12
2026-12-05,wk inc flu hosp,1,05,quantile,0.99,64,2026-12-12
2026-12-05,wk inc flu hosp,1,06,quantile,0.01,224,2026-12-12
2026-12-05,wk inc flu hosp,1,06,quantile,0.025,239,2026-12-12
2026-12-05,wk inc flu hosp,1,06,quantile,0.05,268,2026-12-12
2026-12-05,wk inc flu hosp,1,06,quantile,0.1,282,2026-12-12
2026-12-05,wk inc flu hosp,1,06,quantile,0.15,292,2026-12-12
2026-12-05,wk inc flu hosp,1,06,quantile,0.2,303,2026-12-12
2026-12-05,wk inc flu hosp,1,06,quantile,0.25,317,2026-12-12
2026-12-05,wk inc flu hosp,1,06,quantile,0.3,326,2026-12-12
2026-12-05,wk inc flu hosp,1,06,quantile,0.35,336,2026-12-12
2026-12-05,wk inc flu hosp,1,06,quantile,0.4,347,2026-12-12
2026-12-05,wk inc flu hosp,1,06,quantile,0.45,350,2026-12-12
2026-12-05,wk inc flu hosp,1,06,quantile,0.5,358,2026-12-12
2026-12-05,wk inc flu hosp,1,06,quantile,0.55,367,2026-12-12
2026-12-05,wk inc flu hosp,1,06,quantile,0.6,380,2026-12-12
2026-12-05,wk inc flu hosp,1,06,quantile,0.65,391,2026-12-12
2026-12-05,wk inc flu hosp,1,06,quantile,0.7,408,2026-12-12
2026-12-05,wk inc flu hosp,1,06,quantile,0.75,418,2026-12-12
2026-12-05,wk inc flu hosp,1,06,quantile,0.8,432,2026-12-12
2026-12-05,wk inc flu hosp,1,06,quantile,0.85,466,2026-12-12
2026-12-05,wk inc flu hosp,1,06,quantile,0.9,486,2026-12-12
2026-12-05,wk inc flu hosp,1,06,quantile,0.95,540,2026-12-12
2026-12-05,wk inc flu hosp,1,06,quantile,0.975,611,2026-12-12
2026-12-05,wk inc flu hosp,1,06,quantile,0.99,644,2026-12-12
2026-12-05,wk inc flu hosp,1,08,quantile,0.01,50,2026-12-12
2026-12-05,wk inc flu hosp,1,08,quantile,0.025,52,2026-12-12
2026-12-05,wk inc flu hosp,1,08,quantile,0.05,54,2026-12-12
2026-12-05,wk inc flu hosp,1,08,quantile,0.1,60,2026-12-12
2026-12-05,wk inc flu hosp,1,08,quantile,0.15,64,2026-12-12
2026-12-05,wk inc flu hosp,1,08,quantile,0.2,67,2026-12-12
2026-12-05,wk inc flu hosp,1,08,quantile,0.25,69,2026-12-12
2026-12-05,wk inc flu hosp,1,08,quantile,0.3,72,2026-12-12
2026-12-05,wk inc flu hosp,1,08,quantile,0.35,73,2026-12-12
2026-12-05,wk inc flu hosp,1,08,quantile,0.4,76,2026-12-12
2026-12-05,wk inc flu hosp,1,08,quantile,0.45,78,2026-12-12
2026-12-05,wk inc flu hosp,1,08,quantile,0.5,82,2026-12-12
2026-12-05,wk inc flu hosp,1,08,quantile,0.55,85,2026-12-12
2026-12-05,wk inc flu hosp,1,08,quantile,0.6,90,2026-12-12
2026-12-05,wk inc flu hosp,1,08,quantile,0.65,92,2026-12-12
2026-12-05,wk inc flu hosp,1,08,quantile,0.7,96,2026-12-12
2026-12-05,wk inc flu hosp,1,08,quantile,0.75,101,2026-12-12
2026-12-05,wk inc flu hosp,1,08,quantile,0.8,105,2026-12-12
2026-12-05,wk inc flu hosp,1,08,quantile,0.85,110,2026-12-12
2026-12-05,wk inc flu hosp,1,08,quantile,0.9,116,2026-12-12
2026-12-05,wk inc flu hosp,1,08,quantile,0.95,133,2026-12-12
2026-12-05,wk inc flu hosp,1,08,quantile,0.975,139,2026-12-12
2026-12-05,wk inc flu hosp,1,08,quantile,0.99,158,2026-12-12
2026-12-05,wk inc flu hosp,1,09,quantile,0.01,24,2026-12-12
2026-12-05,wk inc flu hosp,1,09,quantile,0.025,27,2026-12-12
2026-12-05,wk inc flu hosp,1,09,quantile,0.05,29,2026-12-12
2026-12-05,wk inc flu hosp,1,09,quantile,0.1,34,2026-12-12
2026-12-05,wk inc flu hosp,1,09,quantile,0.15,36,2026-12-12
2026-12-05,wk inc flu hosp,1,09,quantile,0.2,38,2026-12-12
2026-12-05,wk inc flu hosp,1,09,quantile,0.25,41,2026-12-12
2026-12-05,wk inc flu hosp,1,09,quantile,0.3,44,2026-12-12
2026-12-05,wk inc flu hosp,1,09,quantile,0.35,45,2026-12-12
2026-12-05,wk inc flu hosp,1,09,quantile,0.4,48,2026-12-12
2026-12-05,wk inc flu hosp,1,09,quantile,0.45,52,2026-12-12
2026-12-05,wk inc flu hosp,1,09,quantile,0.5,55,2026-12-12
2026-12-05,wk inc flu hosp,1,09,quantile,0.55,56,2026-12-12
2026-12-05,wk inc flu hosp,1,09,quantile,0.6,59,2026-12-12
2026-12-05,wk inc flu hosp,1,09,quantile,0.65,61,2026-12-12
2026-12-05,wk inc flu hosp,1,09,quantile,0.7,63,2026-12-12
2026-12-05,wk inc flu hosp,1,09,quantile,0.75,66,2026-12-12
2026-12-05,wk inc flu hosp,1,09,quantile,0.8,72,2026-12-12
2026-12-05,wk inc flu hosp,1,09,quantile,0.85,78,2026-12-12
2026-12-05,wk inc flu hosp,1,09,quantile,0.9,81,2026-12-12
2026-12-05,wk inc flu hosp,1,09,quantile,0.95,91,2026-12-12
2026-12-05,wk inc flu hosp,1,09,quantile,0.975,99,2026-12-12
2026-12-05,wk inc flu hosp,1,09,quantile,0.99,103,2026-12-12
2026-12-05,wk inc flu hosp,1,10,quantile,0.01,3,2026-12-12
2026-12-05,wk inc flu hosp,1,10,quantile,0.025,3,2026-12-12
2026-12-05,wk inc flu hosp,1,10,quantile,0.05,4,2026-12-12
2026-12-05,wk inc flu hosp,1,10,quantile,0.1,5,2026-12-12
2026-12-05,wk inc flu hosp,1,10,quantile,0.15,6,2026-12-12
2026-12-05,wk inc flu hosp,1,10,quantile,0.2,7,2026-12-12
2026-12-05,wk inc flu hosp,1,10,quantile,0.25,8,2026-12-12
2026-12-05,wk inc flu hosp,1,10,quantile,0.3,9,2026-12-12
2026-12-05,wk inc flu hosp,1,10,quantile,0.35,10,2026-12-12
2026-12-05,wk inc flu hosp,1,10,quantile,0.4,10,2026-12-12
2026-12-05,wk inc flu hosp,1,10,quantile,0.45,11,2026-12-12
2026-12-05,wk inc flu hosp,1,10,quantile,0.5,11,2026-12-12
2026-12-05,wk inc flu hosp,1,10,quantile,0.55,12,2026-12-12
2026-12-05,wk inc flu hosp,1,10,quantile,0.6,13,2026-12-12
2026-12-05,wk inc flu hosp,1,10,quantile,0.65,13,2026-12-12
2026-12-05,wk inc flu hosp,1,10,quantile,0.7,14,2026-12-12
2026-12-05,wk inc flu hosp,1,10,quantile,0.75,14,2026-12-12
2026-12-05,wk inc flu hosp,1,10,quantile,0.8,16,2026-12-12
2026-12-05,wk inc flu hosp,1,10,quantile,0.85,16,2026-12-12
2026-12-05,wk inc flu hosp,1,10,quantile,0.9,19,2026-12-12
2026-12-05,wk inc flu hosp,1,10,quantile,0.95,22,2026-12-12
2026-12-05,wk inc flu hosp,1,10,quantile,0.975,24,2026-12-12
2026-12-05,wk inc flu hosp,1,10,quantile,0.99,25,2026-12-12
2026-12-05,wk inc flu hosp,1,11,quantile,0.01,0,2026-12-12
2026-12-05,wk inc flu hosp,1,11,quantile,0.025,0,2026-12-12
2026-12-05,wk inc flu hosp,1,11,quantile,0.05,0,2026-12-12
2026-12-05,wk inc flu hosp,1,11,quantile,0.1,0,2026-12-12
2026-12-05,wk inc flu hosp,1,11,quantile,0.15,1,2026-12-12
2026-12-05,wk inc flu hosp,1,11,quantile,0.2,2,2026-12-12
2026-12-05,wk inc flu hosp,1,11,quantile,0.25,3,2026-12-12
2026-12-05,wk inc flu hosp,1,11,quantile,0.3,4,2026-12-12
2026-12-05,wk inc flu hosp,1,11,quantile,0.35,4,2026-12-12
2026-12-05,wk inc flu hosp,1,11,quantile,0.4,5,2026-12-12
2026-12-05,wk inc flu hosp,1,11,quantile,0.45,6,2026-12-12
2026-12-05,wk inc flu hosp,1,11,quantile,0.5,6,2026-12-12
2026-12-05,wk inc flu hosp,1,11,quantile,0.55,7,2026-12-12
2026-12-05,wk inc flu hosp,1,11,quantile,0.6,8,2026-12-12
2026-12-05,wk inc flu hosp,1,11,quantile,0.65,9,2026-12-12
2026-12-05,wk inc flu hosp,1,11,quantile,0.7,9,2026-12-12
2026-12-05,wk inc flu hosp,1,11,quantile,0.75,11,2026-12-12
2026-12-05,wk inc flu hosp,1,11,quantile,0.8,12,2026-12-12
2026-12-05,wk inc flu hosp,1,11,quantile,0.85,15,2026-12-12
2026-12-05,wk inc flu hosp,1,11,quantile,0.9,16,2026-12-12
2026-12-05,wk inc flu hosp,1,11,quantile,0.95,20,2026-12-12
2026-12-05,wk inc flu hosp,1,11,quantile,0.975,21,2026-12-12
2026-12-05,wk inc flu hosp,1,11,quantile,0.99,25,2026-12-12
2026-12-05,wk inc flu hosp,1,12,quantile,0.01,222,2026-12-12
2026-12-05,wk inc flu hosp,1,12,quantile,0.025,248,2026-12-12
2026-12-05,wk inc flu hosp,1,12,quantile,0.05,259,2026-12-12
2026-12-05,wk inc flu hosp,1,12,quantile,0.1,288,2026-12-12
2026-12-05,wk inc flu hosp,1,12,quantile,0.15,295,2026-12-12
2026-12-05,wk inc flu hosp,1,12,quantile,0.2,315,2026-12-12
2026-12-05,wk inc flu hosp,1,12,quantile,0.25,338,2026-12-12
2026-12-05,wk inc flu hosp,1,12,quantile,0.3,360,2026-12-12
2026-12-05,wk inc flu hosp,1,12,quantile,0.35,374,2026-12-12
2026-12-05,wk inc flu hosp,1,12,quantile,0.4,392,2026-12-12
2026-12-05,wk inc flu hosp,1,12,quantile,0.45,400,2026-12-12
2026-12-05,wk inc flu hosp,1,12,quantile,0.5,408,2026-12-12
2026-12-05,wk inc flu hosp,1,12,quantile,0.55,433,2026-12-12
2026-12-05,wk inc flu hosp,1,12,quantile,0.6,455,2026-12-12
2026-12-05,wk inc flu hosp,1,12,quantile,0.65,467,2026-12-12
2026-12-05,wk inc flu hosp,1,12,quantile,0.7,482,2026-12-12
2026-12-05,wk inc flu hosp,1,12,quantile,0.75,504,2026-12-12
2026-12-05,wk inc flu hosp,1,12,quantile,0.8,526,2026-12-12
2026-12-05,wk inc flu hosp,1,12,quantile,0.85,558,2026-12-12
2026-12-05,wk inc flu hosp,1,12,quantile,0.9,575,2026-12-12
2026-12-05,wk inc flu hosp,1,12,quantile,0.95,628,2026-12-12
2026-12-05,wk inc flu hosp,1,12,quantile,0.975,662,2026-12-12
2026-12-05,wk inc flu hosp,1,12,quantile,0.99,771,2026-12-12
2026-12-05,wk inc flu hosp,1,13,quantile,0.01,61,2026-12-12
2026-12-05,wk inc flu hosp,1,13,quantile,0.025,64,2026-12-12
2026-12-05,wk inc flu hosp,1,13,quantile,0.05,72,2026-12-12
2026-12-05,wk inc flu hosp,1,13,quantile,0.1,82,2026-12-12
2026-12-05,wk inc flu hosp,1,13,quantile,0.15,88,2026-12-12
2026-12-05,wk inc flu hosp,1,13,quantile,0.2,91,2026-12-12
2026-12-05,wk inc flu hosp,1,13,quantile,0.25,96,2026-12-12
2026-12-05,wk inc flu hosp,1,13,quantile,0.3,99,2026-12-12
2026-12-05,wk inc flu hosp,1,13,quantile,0.35,101,2026-12-12
2026-12-05,wk inc flu hosp,1,13,quantile,0.4,103,2026-12-12
2026-12-05,wk inc flu hosp,1,13,quantile,0.45,106,2026-12-12
2026-12-05,wk inc flu hosp,1,13,quantile,0.5,112,2026-12-12
2026-12-05,wk inc flu hosp,1,13,quantile,0.55,114,2026-12-12
2026-12-05,wk inc flu hosp,1,13,quantile,0.6,119,2026-12-12
2026-12-05,wk inc flu hosp,1,13,quantile,0.65,124,2026-12-12
2026-12-05,wk inc flu hosp,1,13,quantile,0.7,127,2026-12-12
2026-12-05,wk inc flu hosp,1,13,quantile,0.75,134,2026-12-12
2026-12-05,wk inc flu hosp,1,13,quantile,0.8,138,2026-12-12
2026-12-05,wk inc flu hosp,1,13,quantile,0.85,144,2026-12-12
2026-12-05,wk inc flu hosp,1,13,quantile,0.9,159,2026-12-12
2026-12-05,wk inc flu hosp,1,13,quantile,0.95,174,2026-12-12
2026-12-05,wk inc flu hosp,1,13,quantile,0.975,200,2026-12-12
2026-12-05,wk inc flu hosp,1,13,quantile,0.99,204,2026-12-12
2026-12-05,wk inc flu hosp,1,15,quantile,0.01,5,2026-12-12
2026-12-05,wk inc flu hosp,1,15,quantile,0.025,6,2026-12-12
2026-12-05,wk inc flu hosp,1,15,quantile,0.05,6,2026-12-12
2026-12-05,wk inc flu hosp,1,15,quantile,0.1,9,2026-12-12
2026-12-05,wk inc flu hosp,1,15,quantile,0.15,10,2026-12-12
2026-12-05,wk inc flu hosp,1,15,quantile,0.2,12,2026-12-12
2026-12-05,wk inc flu hosp,1,15,quantile,0.25,13,2026-12-12
2026-12-05,wk inc flu hosp,1,15,quantile,0.3,14,2026-12-12
2026-12-05,wk inc flu hosp,1,15,quantile,0.35,15,2026-12-12
2026-12-05,wk inc flu hosp,1,15,quantile,0.4,16,2026-12-12
2026-12-05,wk inc flu hosp,1,15,quantile,0.45,17,2026-12-12
2026-12-05,wk inc flu hosp,1,15,quantile,0.5,18,2026-12-12
2026-12-05,wk inc flu hosp,1,15,quantile,0.55,18,2026-12-12
2026-12-05,wk inc flu hosp,1,15,quantile,0.6,20,2026-12-12
2026-12-05,wk inc flu hosp,1,15,quantile,0.65,21,2026-12-12
2026-12-05,wk inc flu hosp,1,15,quantile,0.7,23,2026-12-12
2026-12-05,wk inc flu hosp,1,15,quantile,0.75,24,2026-12-12
2026-12-05,wk inc flu hosp,1,15,quantile,0.8,26,2026-12-12
2026-12-05,wk inc flu hosp,1,15,quantile,0.85,27,2026-12-12
2026-12-05,wk inc flu hosp,1,15,quantile,0.9,30,2026-12-12
2026-12-05,wk inc flu hosp,1,15,quantile,0.95,34,2026-12-12
2026-12-05,wk inc flu hosp,1,15,quantile,0.975,36,2026-12-12
2026-12-05,wk inc flu hosp,1,15,quantile,0.99,40,2026-12-12
2026-12-05,wk inc flu hosp,1,16,quantile,0.01,15,2026-12-12
2026-12-05,wk inc flu hosp,1,16,quantile,0.025,17,2026-12-12
2026-12-05,wk inc flu hosp,1,16,quantile,0.05,19,2026-12-12
2026-12-05,wk inc flu hosp,1,16,quantile,0.1,21,2026-12-12
2026-12-05,wk inc flu hosp,1,16,quantile,0.15,23,2026-12-12
2026-12-05,wk inc flu hosp,1,16,quantile,0.2,24,2026-12-12
2026-12-05,wk inc flu hosp,1,16,quantile,0.25,26,2026-12-12
2026-12-05,wk inc flu hosp,1,16,quantile,0.3,28,2026-12-12
2026-12-05,wk inc flu hosp,1,16,quantile,0.35,29,2026-12-12
2026-12-05,wk inc flu hosp,1,16,quantile,0.4,30,2026-12-12
2026-12-05,wk inc flu hosp,1,16,quantile,0.45,32,2026-12-12
2026-12-05,wk inc flu hosp,1,16,quantile,0.5,34,2026-12-12
2026-12-05,wk inc flu hosp,1,16,quantile,0.55,34,2026-12-12
2026-12-05,wk inc flu hosp,1,16,quantile,0.6,36,2026-12-12
2026-12-05,wk inc flu hosp,1,16,quantile,0.65,36,2026-12-12
2026-12-05,wk inc flu hosp,1,16,quantile,0.7,38,2026-12-12
2026-12-05,wk inc flu hosp,1,16,quantile,0.75,42,2026-12-12
2026-12-05,wk inc flu hosp,1,16,quantile,0.8,44,2026-12-12
2026-12-05,wk inc flu hosp,1,16,quantile,0.85,48,2026-12-12
2026-12-05,wk inc flu hosp,1,16,quantile,0.9,52,2026-12-12
2026-12-05,wk inc flu hosp,1,16,quantile,0.95,56,2026-12-12
2026-12-05,wk inc flu hosp,1,16,quantile,0.975,59,2026-12-12
2026-12-05,wk inc flu hosp,1,16,quantile,0.99,63,2026-12-12
2026-12-05,wk inc flu hosp,1,17,quantile,0.01,51,2026-12-12
2026-12-05,wk inc flu hosp,1,17,quantile,0.025,55,2026-12-12
2026-12-05,wk inc flu hosp,1,17,quantile,0.05,65,2026-12-12
2026-12-05,wk inc flu hosp,1,17,quantile,0.1,69,2026-12-12
2026-12-05,wk inc flu hosp,1,17,quantile,0.15,73,2026-12-12
2026-12-05,wk inc flu hosp,1,17,quantile,0.2,80,2026-12-12
2026-12-05,wk inc flu hosp,1,17,quantile,0.25,82,2026-12-12
2026-12-05,wk inc flu hosp,1,17,quantile,0.3,88,2026-12-12
2026-12-05,wk inc flu hosp,1,17,quantile,0.35,90,2026-12-12
2026-12-05,wk inc flu hosp,1,17,quantile,0.4,94,2026-12-12
2026-12-05,wk inc flu hosp,1,17,quantile,0.45,98,2026-12-12
2026-12-05,wk inc flu hosp,1,17,quantile,0.5,102,2026-12-12
2026-12-05,wk inc flu hosp,1,17,quantile,0.55,105,2026-12-12
2026-12-05,wk inc flu hosp,1,17,quantile,0.6,107,2026-12-12
2026-12-05,wk inc flu hosp,1,17,quantile,0.65,110,2026-12-12
2026-12-05,wk inc flu hosp,1,17,quantile,0.7,116,2026-12-12
2026-12-05,wk inc flu hosp,1,17,quantile,0.75,121,2026-12-12
2026-12-05,wk inc flu hosp,1,17,quantile,0.8,124,2026-12-12
2026-12-05,wk inc flu hosp,1,17,quantile,0.85,129,2026-12-12
2026-12-05,wk inc flu hosp,1,17,quantile,0.9,139,2026-12-12
2026-12-05,wk inc flu hosp,1,17,quantile,0.95,146,2026-12-12
2026-12-05,wk inc flu hosp,1,17,quantile,0.975,150,2026-12-12
2026-12-05,wk inc flu hosp,1,17,quantile,0.99,154,2026-12-12
2026-12-05,wk inc flu hosp,1,18,quantile,0.01,38,2026-12-12
2026-12-05,wk inc flu hosp,1,18,quantile,0.025,42,2026-12-12
2026-12-05,wk inc flu hosp,1,18,quantile,0.05,49,2026-12-12
2026-12-05,wk inc flu hosp,1,18,quantile,0.1,55,2026-12-12
2026-12-05,wk inc flu hosp,1,18,quantile,0.15,58,2026-12-12
2026-12-05,wk inc flu hosp,1,18,quantile,0.2,60,2026-12-12
2026-12-05,wk inc flu hosp,1,18,quantile,0.25,65,2026-12-12
2026-12-05,wk inc flu hosp,1,18,quantile,0.3,67,2026-12-12
2026-12-05,wk inc flu hosp,1,18,quantile,0.35,71,2026-12-12
2026-12-05,wk inc flu hosp,1,18,quantile,0.4,74,2026-12-12
2026-12-05,wk inc flu hosp,1,18,quantile,0.45,77,2026-12-12
2026-12-05,wk inc flu hosp,1,18,quantile,0.5,81,2026-12-12
2026-12-05,wk inc flu hosp,1,18,quantile,0.55,83,2026-12-12
2026-12-05,wk inc flu hosp,1,18,quantile,0.6,85,2026-12-12
2026-12-05,wk inc flu hosp,1,18,quantile,0.65,90,2026-12-12
2026-12-05,wk inc flu hosp,1,18,quantile,0.7,94,2026-12-12
2026-12-05,wk inc flu hosp,1,18,quantile,0.75,97,2026-12-12
2026-12-05,wk inc flu hosp,1,18,quantile,0.8,101,2026-12-12
2026-12-05,wk inc flu hosp,1,18,quantile,0.85,107,2026-12-12
2026-12-05,wk inc flu hosp,1,18,quantile,0.9,115,2026-12-12
2026-12-05,wk inc flu hosp,1,18,quantile,0.95,121,2026-12-12
2026-12-05,wk inc flu hosp,1,18,quantile,0.975,130,2026-12-12
2026-12-05,wk inc flu hosp,1,18,quantile,0.99,133,2026-12-12
2026-12-05,wk inc flu hosp,1,19,quantile,0.01,4,2026-12-12
2026-12-05,wk inc flu hosp,1,19,quantile,0.025,5,2026-12-12
2026-12-05,wk inc flu hosp,1,19,quantile,0.05,6,2026-12-12
2026-12-05,wk inc flu hosp,1,19,quantile,0.1,8,2026-12-12
2026-12-05,wk inc flu hosp,1,19,quantile,0.15,10,2026-12-12
2026-12-05,wk inc flu hosp,1,19,quantile,0.2,11,2026-12-12
2026-12-05,wk inc flu hosp,1,19,quantile,0.25,12,2026-12-12
2026-12-05,wk inc flu hosp,1,19,quantile,0.3,13,2026-12-12
2026-12-05,wk inc flu hosp,1,19,quantile,0.35,14,2026-12-12
2026-12-05,wk inc flu hosp,1,19,quantile,0.4,15,2026-12-12
2026-12-05,wk inc flu hosp,1,19,quantile,0.45,16,2026-12-12
2026-12-05,wk inc flu hosp,1,19,quantile,0.5,16,2026-12-12
2026-12-05,wk inc flu hosp,1,19,quantile,0.55,17,2026-12-12
2026-12-05,wk inc flu hosp,1,19,quantile,0.6,18,2026-12-12
2026-12-05,wk inc flu hosp,1,19,quantile,0.65,19,2026-12-12
2026-12-05,wk inc flu hosp,1,19,quantile,0.7,20,2026-12-12
2026-12-05,wk inc flu hosp,1,19,quantile,0.75,22,2026-12-12
2026-12-05,wk inc flu hosp,1,19,quantile,0.8,23,2026-12-12
2026-12-05,wk inc flu hosp,1,19,quantile,0.85,25,2026-12-12
2026-12-05,wk inc flu hosp,1,19,quantile,0.9,28,2026-12-12
2026-12-05,wk inc flu hosp,1,19,quantile,0.95,32,2026-12-12
2026-12-05,wk inc flu hosp,1,19,quantile,0.975,33,2026-12-12
2026-12-05,wk inc flu hosp,1,19,quantile,0.99,35,2026-12-12
2026-12-05,wk inc flu hosp,1,20,quantile,0.01,5,2026-12-12
2026-12-05,wk inc flu hosp,1,20,quantile,0.025,8,2026-12-12
2026-12-05,wk inc flu hosp,1,20,quantile,0.05,9,2026-12-12
2026-12-05,wk inc flu hosp,1,20,quantile,0.1,12,2026-12-12
2026-12-05,wk inc flu hosp,1,20,quantile,0.15,14,2026-12-12
2026-12-05,wk inc flu hosp,1,20,quantile,0.2,16,2026-12-12
2026-12-05,wk inc flu hosp,1,20,quantile,0.25,18,2026-12-12
2026-12-05,wk inc flu hosp,1,20,quantile,0.3,18,2026-12-12
2026-12-05,wk inc flu hosp,1,20,quantile,0.35,19,2026-12-12
2026-12-05,wk inc flu hosp,1,20,quantile,0.4,20,2026-12-12
2026-12-05,wk inc flu hosp,1,20,quantile,0.45,21,2026-12-12
2026-12-05,wk inc flu hosp,1,20,quantile,0.5,22,2026-12-12
2026-12-05,wk inc flu hosp,1,20,quantile,0.55,23,2026-12-12
2026-12-05,wk inc flu hosp,1,20,quantile,0.6,24,2026-12-12
2026-12-05,wk inc flu hosp,1,20,quantile,0.65,25,2026-12-12
2026-12-05,wk inc flu hosp,1,20,quantile,0.7,25,2026-12-12
2026-12-05,wk inc flu hosp,1,20,quantile,0.75,26,2026-12-12
2026-12-05,wk inc flu hosp,1,20,quantile,0.8,28,2026-12-12
2026-12-05,wk inc flu hosp,1,20,quantile,0.85,30,2026-12-12
2026-12-05,wk inc flu hosp,1,20,quantile,0.9,31,2026-12-12
2026-12-05,wk inc flu hosp,1,20,quantile,0.95,36,2026-12-12
2026-12-05,wk inc flu hosp,1,20,quantile,0.975,39,2026-12-12
2026-12-05,wk inc flu hosp,1,20,quantile,0.99,46,2026-12-12
2026-12-05,wk inc flu hosp,1,21,quantile,0.01,15,2026-12-12
2026-12-05,wk inc flu hosp,1,21,quantile,0.025,17,2026-12-12
2026-12-05,wk inc flu hosp,1,21,quantile,0.05,20,2026-12-12
2026-12-05,wk inc flu hosp,1,21,quantile,0.1,23,2026-12-12
2026-12-05,wk inc flu hosp,1,21,quantile,0.15,26,2026-12-12
2026-12-05,wk inc flu hosp,1,21,quantile,0.2,27,2026-12-12
2026-12-05,wk inc flu hosp,1,21,quantile,0.25,28,2026-12-12
2026-12-05,wk inc flu hosp,1,21,quantile,0.3,30,2026-12-12
2026-12-05,wk inc flu hosp,1,21,quantile,0.35,32,2026-12-12
2026-12-05,wk inc flu hosp,1,21,quantile,0.4,32,2026-12-12
2026-12-05,wk inc flu hosp,1,21,quantile,0.45,33,2026-12-12
2026-12-05,wk inc flu hosp,1,21,quantile,0.5,34,2026-12-12
2026-12-05,wk inc flu hosp,1,21,quantile,0.55,35,2026-12-12
2026-12-05,wk inc flu hosp,1,21,quantile,0.6,37,2026-12-12
2026-12-05,wk inc flu hosp,1,21,quantile,0.65,38,2026-12-12
2026-12-05,wk inc flu hosp,1,21,quantile,0.7,40,2026-12-12
2026-12-05,wk inc flu hosp,1,21,quantile,0.75,43,2026-12-12
2026-12-05,wk inc flu hosp,1,21,quantile,0.8,44,2026-12-12
2026-12-05,wk inc flu hosp,1,21,quantile,0.85,47,2026-12-12
2026-12-05,wk inc flu hosp,1,21,quantile,0.9,52,2026-12-12
2026-12-05,wk inc flu hosp,1,21,quantile,0.95,57,2026-12-12
2026-12-05,wk inc flu hosp,1,21,quantile,0.975,62,2026-12-12
2026-12-05,wk inc flu hosp,1,21,quantile,0.99,71,2026-12-12
2026-12-05,wk inc flu hosp,1,22,quantile,0.01,41,2026-12-12
2026-12-05,wk inc flu hosp,1,22,quantile,0.025,49,2026-12-12
2026-12-05,wk inc flu hosp,1,22,quantile,0.05,57,2026-12-12
2026-12-05,wk inc flu hosp,1,22,quantile,0.1,64,2026-12-12
2026-12-05,wk inc flu hosp,1,22,quantile,0.15,70,2026-12-12
2026-12-05,wk inc flu hosp,1,22,quantile,0.2,73,2026-12-12
2026-12-05,wk inc flu hosp,1,22,quantile,0.25,78,2026-12-12
2026-12-05,wk inc flu hosp,1,22,quantile,0.3,82,2026-12-12
2026-12-05,wk inc flu hosp,1,22,quantile,0.35,84,2026-12-12
2026-12-05,wk inc flu hosp,1,22,quantile,0.4,87,2026-12-12
2026-12-05,wk inc flu hosp,1,22,quantile,0.45,89,2026-12-12
2026-12-05,wk inc flu hosp,1,22,quantile,0.5,90,2026-12-12
2026-12-05,wk inc flu hosp,1,22,quantile,0.55,96,2026-12-12
2026-12-05,wk inc flu hosp,1,22,quantile,0.6,100,2026-12-12
2026-12-05,wk inc flu hosp,1,22,quantile,0.65,102,2026-12-12
2026-12-05,wk inc flu hosp,1,22,quantile,0.7,106,2026-12-12
2026-12-05,wk inc flu hosp,1,22,quantile,0.75,113,2026-12-12
2026-12-05,wk inc flu hosp,1,22,quantile,0.8,118,2026-12-12
2026-12-05,wk inc flu hosp,1,22,quantile,0.85,127,2026-12-12
2026-12-05,wk inc flu hosp,1,22,quantile,0.9,141,2026-12-12
2026-12-05,wk inc flu hosp,1,22,quantile,0.95,155,2026-12-12
2026-12-05,wk inc flu hosp,1,22,quantile,0.975,176,2026-12-12
2026-12-05,wk inc flu hosp,1,22,quantile,0.99,187,2026-12-12
2026-12-05,wk inc flu hosp,1,23,quantile,0.01,1,2026-12-12
2026-12-05,wk inc flu hosp,1,23,quantile,0.025,3,2026-12-12
2026-12-05,wk inc flu hosp,1,23,quantile,0.05,5,2026-12-12
2026-12-05,wk inc flu hosp,1,23,quantile,0.1,5,2026-12-12
2026-12-05,wk inc flu hosp,1,23,quantile,0.15,6,2026-12-12
2026-12-05,wk inc flu hosp,1,23,quantile,0.2,7,2026-12-12
2026-12-05,wk inc flu hosp,1,23,quantile,0.25,8,2026-12-12
2026-12-05,wk inc flu hosp,1,23,quantile,0.3,8,2026-12-12
2026-12-05,wk inc flu hosp,1,23,quantile,0.35,9,2026-12-12
2026-12-05,wk inc flu hosp,1,23,quantile,0.4,10,2026-12-12
2026-12-05,wk inc flu hosp,1,23,quantile,0.45,11,2026-12-12
2026-12-05,wk inc flu hosp,1,23,quantile,0.5,11,2026-12-12
2026-12-05,wk inc flu hosp,1,23,quantile,0.55,12,2026-12-12
2026-12-05,wk inc flu hosp,1,23,quantile,0.6,13,2026-12-12
2026-12-05,wk inc flu hosp,1,23,quantile,0.65,13,2026-12-12
2026-12-05,wk inc flu hosp,1,23,quantile,0.7,14,2026-12-12
2026-12-05,wk inc flu hosp,1,23,quantile,0.75,15,2026-12-12
2026-12-05,wk inc flu hosp,1,23,quantile,0.8,16,2026-12-12
2026-12-05,wk inc flu hosp,1,23,quantile,0.85,19,2026-12-12
2026-12-05,wk inc flu hosp,1,23,quantile,0.9,20,2026-12-12
2026-12-05,wk inc flu hosp,1,23,quantile,0.95,23,2026-12-12
2026-12-05,wk inc flu hosp,1,23,quantile,0.975,25,2026-12-12
2026-12-05,wk inc flu hosp,1,23,quantile,0.99,27,2026-12-12
2026-12-05,wk inc flu hosp,1,24,quantile,0.01,23,2026-12-12
2026-12-05,wk inc flu hosp,1,24,quantile,0.025,25,2026-12-12
2026-12-05,wk inc flu hosp,1,24,quantile,0.05,29,2026-12-12
2026-12-05,wk inc flu hosp,1,24,quantile,0.1,31,2026-12-12
2026-12-05,wk inc flu hosp,1,24,quantile,0.15,36,2026-12-12
2026-12-05,wk inc flu hosp,1,24,quantile,0.2,40,2026-12-12
2026-12-05,wk inc flu hosp,1,24,quantile,0.25,42,2026-12-12
2026-12-05,wk inc flu hosp,1,24,quantile,0.3,43,2026-12-12
2026-12-05,wk inc flu hosp,1,24,quantile,0.35,46,2026-12-12
2026-12-05,wk inc flu hosp,1,24,quantile,0.4,48,2026-12-12
2026-12-05,wk inc flu hosp,1,24,quantile,0.45,51,2026-12-12
2026-12-05,wk inc flu hosp,1,24,quantile,0.5,52,2026-12-12
2026-12-05,wk inc flu hosp,1,24,quantile,0.55,55,2026-12-12
2026-12-05,wk inc flu hosp,1,24,quantile,0.6,58,2026-12-12
2026-12-05,wk inc flu hosp,1,24,quantile,0.65,60,2026-12-12
2026-12-05,wk inc flu hosp,1,24,quantile,0.7,63,2026-12-12
2026-12-05,wk inc flu hosp,1,24,quantile,0.75,66,2026-12-12
2026-12-05,wk inc flu hosp,1,24,quantile,0.8,70,2026-12-12
2026-12-05,wk inc flu hosp,1,24,quantile,0.85,77,2026-12-12
2026-12-05,wk inc flu hosp,1,24,quantile,0.9,81,2026-12-12
2026-12-05,wk inc flu hosp,1,24,quantile,0.95,87,2026-12-12
2026-12-05,wk inc flu hosp,1,24,quantile,0.975,95,2026-12-12
2026-12-05,wk inc flu hosp,1,24,quantile,0.99,99,2026-12-12
2026-12-05,wk inc flu hosp,1,25,quantile,0.01,42,2026-12-12
2026-12-05,wk inc flu hosp,1,25,quantile,0.025,50,2026-12-12
2026-12-05,wk inc flu hosp,1,25,quantile,0.05,54,2026-12-12
2026-12-05,wk inc flu hosp,1,25,quantile,0.1,59,2026-12-12
2026-12-05,wk inc flu hosp,1,25,quantile,0.15,65,2026-12-12
2026-12-05,wk inc flu hosp,1,25,quantile,0.2,69,2026-12-12
2026-12-05,wk inc flu hosp,1,25,quantile,0.25,73,2026-12-12
2026-12-05,wk inc flu hosp,1,25,quantile,0.3,79,2026-12-12
2026-12-05,wk inc flu hosp,1,25,quantile,0.35,83,2026-12-12
2026-12-05,wk inc flu hosp,1,25,quantile,0.4,87,2026-12-12
2026-12-05,wk inc flu hosp,1,25,quantile,0.45,89,2026-12-12
2026-12-05,wk inc flu hosp,1,25,quantile,0.5,94,2026-12-12
2026-12-05,wk inc flu hosp,1,25,quantile,0.55,96,2026-12-12
2026-12-05,wk inc flu hosp,1,25,quantile,0.6,101,2026-12-12
2026-12-05,wk inc flu hosp,1,25,quantile,0.65,106,2026-12-12
2026-12-05,wk inc flu hosp,1,25,quantile,0.7,113,2026-12-12
2026-12-05,wk inc flu hosp,1,25,quantile,0.75,116,2026-12-12
2026-12-05,wk inc flu hosp,1,25,quantile,0.8,119,2026-12-12
2026-12-05,wk inc flu hosp,1,25,quantile,0.85,127,2026-12-12
2026-12-05,wk inc flu hosp,1,25,quantile,0.9,137,2026-12-12
2026-12-05,wk inc flu hosp,1,25,quantile,0.95,160,2026-12-12
2026-12-05,wk inc flu hosp,1,25,quantile,0.975,168,2026-12-12
2026-12-05,wk inc flu hosp,1,25,quantile,0.99,221,2026-12-12
2026-12-05,wk inc flu hosp,1,26,quantile,0.01,41,2026-12-12
2026-12-05,wk inc flu hosp,1,26,quantile,0.025,46,2026-12-12
2026-12-05,wk inc flu hosp,1,26,quantile,0.05,49,2026-12-12
2026-12-05,wk inc flu hosp,1,26,quantile,0.1,55,2026-12-12
2026-12-05,wk inc flu hosp,1,26,quantile,0.15,59,2026-12-12
2026-12-05,wk inc flu hosp,1,26,quantile,0.2,62,2026-12-12
2026-12-05,wk inc flu hosp,1,26,quantile,0.25,66,2026-12-12
2026-12-05,wk inc flu hosp,1,26,quantile,0.3,69,2026-12-12
2026-12-05,wk inc flu hosp,1,26,quantile,0.35,71,2026-12-12
2026-12-05,wk inc flu hosp,1,26,quantile,0.4,73,2026-12-12
2026-12-05,wk inc flu hosp,1,26,quantile,0.45,74,2026-12-12
2026-12-05,wk inc flu hosp,1,26,quantile,0.5,77,2026-12-12
2026-12-05,wk inc flu hosp,1,26,quantile,0.55,81,2026-12-12
2026-12-05,wk inc flu hosp,1,26,quantile,0.6,85,2026-12-12
2026-12-05,wk inc flu hosp,1,26,quantile,0.65,87,2026-12-12
2026-12-05,wk inc flu hosp,1,26,quantile,0.7,91,2026-12-12
2026-12-05,wk inc flu hosp,1,26,quantile,0.75,94,2026-12-12
2026-12-05,wk inc flu hosp,1,26,quantile,0.8,99,2026-12-12
2026-12-05,wk inc flu hosp,1,26,quantile,0.85,105,2026-12-12
2026-12-05,wk inc flu hosp,1,26,quantile,0.9,111,2026-12-12
2026-12-05,wk inc flu hosp,1,26,quantile,0.95,121,2026-12-12
2026-12-05,wk inc flu hosp,1,26,quantile,0.975,127,2026-12-12
2026-12-05,wk inc flu hosp,1,26,quantile,0.99,139,2026-12-12
2026-12-05,wk inc flu hosp,1,27,quantile,0.01,17,2026-12-12
2026-12-05,wk inc flu hosp,1,27,quantile,0.025,21,2026-12-12
2026-12-05,wk inc flu hosp,1,27,quantile,0.05,25,2026-12-12
2026-12-05,wk inc flu hosp,1,27,quantile,0.1,28,2026-12-12
2026-12-05,wk inc flu hosp,1,27,quantile,0.15,31,2026-12-12
2026-12-05,wk inc flu hosp,1,27,quantile,0.2,33,2026-12-12
2026-12-05,wk inc flu hosp,1,27,quantile,0.25,36,2026-12-12
2026-12-05,wk inc flu hosp,1,27,quantile,0.3,37,2026-12-12
2026-12-05,wk inc flu hosp,1,27,quantile,0.35,41,2026-12-12
2026-12-05,wk inc flu hosp,1,27,quantile,0.4,42,2026-12-12
2026-12-05,wk inc flu hosp,1,27,quantile,0.45,46,2026-12-12
2026-12-05,wk inc flu hosp,1,27,quantile,0.5,47,2026-12-12
2026-12-05,wk inc flu hosp,1,27,quantile,0.55,49,2026-12-12
2026-12-05,wk inc flu hosp,1,27,quantile,0.6,51,2026-12-12
2026-12-05,wk inc flu hosp,1,27,quantile,0.65,52,2026-12-12
2026-12-05,wk inc flu hosp,1,27,quantile,0.7,54,2026-12-12
2026-12-05,wk inc flu hosp,1,27,quantile,0.75,57,2026-12-12
2026-12-05,wk inc flu hosp,1,27,quantile,0.8,62,2026-12-12
2026-12-05,wk inc flu hosp,1,27,quantile,0.85,65,2026-12-12
2026-12-05,wk inc flu hosp,1,27,quantile,0.9,71,2026-12-12
2026-12-05,wk inc flu hosp,1,27,quantile,0.95,79,2026-12-12
2026-12-05,wk inc flu hosp,1,27,quantile,0.975,84,2026-12-12
2026-12-05,wk inc flu hosp,1,27,quantile,0.99,93,2026-12-12
2026-12-05,wk inc flu hosp,1,28,quantile,0.01,10,2026-12-12
2026-12-05,wk inc flu hosp,1,28,quantile,0.025,11,2026-12-12
2026-12-05,wk inc flu hosp,1,28,quantile,0.05,15,2026-12-12
2026-12-05,wk inc flu hosp,1,28,quantile,0.1,20,2026-12-12
2026-12-05,wk inc flu hosp,1,28,quantile,0.15,22,2026-12-12
2026-12-05,wk inc flu hosp,1,28,quantile,0.2,24,2026-12-12
2026-12-05,wk inc flu hosp,1,28,quantile,0.25,25,2026-12-12
2026-12-05,wk inc flu hosp,1,28,quantile,0.3,28,2026-12-12
2026-12-05,wk inc flu hosp,1,28,quantile,0.35,29,2026-12-12
2026-12-05,wk inc flu hosp,1,28,quantile,0.4,31,2026-12-12
2026-12-05,wk inc flu hosp,1,28,quantile,0.45,32,2026-12-12
2026-12-05,wk inc flu hosp,1,28,quantile,0.5,34,2026-12-12
2026-12-05,wk inc flu hosp,1,28,quantile,0.55,36,2026-12-12
2026-12-05,wk inc flu hosp,1,28,quantile,0.6,37,2026-12-12
2026-12-05,wk inc flu hosp,1,28,quantile,0.65,38,2026-12-12
2026-12-05,wk inc flu hosp,1,28,quantile,0.7,40,2026-12-12
2026-12-05,wk inc flu hosp,1,28,quantile,0.75,41,2026-12-12
2026-12-05,wk inc flu hosp,1,28,quantile,0.8,43,2026-12-12
2026-12-05,wk inc flu hosp,1,28,quantile,0.85,45,2026-12-12
2026-12-05,wk inc flu hosp,1,28,quantile,0.9,50,2026-12-12
2026-12-05,wk inc flu hosp,1,28,quantile,0.95,59,2026-12-12
2026-12-05,wk inc flu hosp,1,28,quantile,0.975,64,2026-12-12
2026-12-05,wk inc flu hosp,1,28,quantile,0.99,69,2026-12-12
2026-12-05,wk inc flu hosp,1,29,quantile,0.01,26,2026-12-12
2026-12-05,wk inc flu hosp,1,29,quantile,0.025,29,2026-12-12
2026-12-05,wk inc flu hosp,1,29,quantile,0.05,30,2026-12-12
2026-12-05,wk inc flu hosp,1,29,quantile,0.1,34,2026-12-12
2026-12-05,wk inc flu hosp,1,29,quantile,0.15,38,2026-12-12
2026-12-05,wk inc flu hosp,1,29,quantile,0.2,40,2026-12-12
2026-12-05,wk inc flu hosp,1,29,quantile,0.25,42,2026-12-12
2026-12-05,wk inc flu hosp,1,29,quantile,0.3,44,2026-12-12
2026-12-05,wk inc flu hosp,1,29,quantile,0.35,45,2026-12-12
2026-12-05,wk inc flu hosp,1,29,quantile,0.4,46,2026-12-12
2026-12-05,wk inc flu hosp,1,29,quantile,0.45,48,2026-12-12
2026-12-05,wk inc flu hosp,1,29,quantile,0.5,50,2026-12-12
2026-12-05,wk inc flu hosp,1,29,quantile,0.55,52,2026-12-12
2026-12-05,wk inc flu hosp,1,29,quantile,0.6,53,2026-12-12
2026-12-05,wk inc flu hosp,1,29,quantile,0.65,56,2026-12-12
2026-12-05,wk inc flu hosp,1,29,quantile,0.7,58,2026-12-12
2026-12-05,wk inc flu hosp,1,29,quantile,0.75,63,2026-12-12
2026-12-05,wk inc flu hosp,1,29,quantile,0.8,64,2026-12-12
2026-12-05,wk inc flu hosp,1,29,quantile,0.85,66,2026-12-12
2026-12-05,wk inc flu hosp,1,29,quantile,0.9,72,2026-12-12
2026-12-05,wk inc flu hosp,1,29,quantile,0.95,77,2026-12-12
2026-12-05,wk inc flu hosp,1,29,quantile,0.975,83,2026-12-12
2026-12-05,wk inc flu hosp,1,29,quantile,0.99,92,2026-12-12
2026-12-05,wk inc flu hosp,1,30,quantile,0.01,1,2026-12-12
2026-12-05,wk inc flu hosp,1,30,quantile,0.025,2,2026-12-12
2026-12-05,wk inc flu hosp,1,30,quantile,0.05,3,2026-12-12
2026-12-05,wk inc flu hosp,1,30,quantile,0.1,4,2026-12-12
2026-12-05,wk inc flu hosp,1,30,quantile,0.15,5,2026-12-12
2026-12-05,wk inc flu hosp,1,30,quantile,0.2,6,2026-12-12
2026-12-05,wk inc flu hosp,1,30,quantile,0.25,6,2026-12-12
2026-12-05,wk inc flu hosp,1,30,quantile,0.3,7,2026-12-12
2026-12-05,wk inc flu hosp,1,30,quantile,0.35,7,2026-12-12
2026-12-05,wk inc flu hosp,1,30,quantile,0.4,8,2026-12-12
2026-12-05,wk inc flu hosp,1,30,quantile,0.45,9,2026-12-12
2026-12-05,wk inc flu hosp,1,30,quantile,0.5,10,2026-12-12
2026-12-05,wk inc flu hosp,1,30,quantile,0.55,10,2026-12-12
2026-12-05,wk inc flu hosp,1,30,quantile,0.6,11,2026-12-12
2026-12-05,wk inc flu hosp,1,30,quantile,0.65,11,2026-12-12
2026-12-05,wk inc flu hosp,1,30,quantile,0.7,12,2026-12-12
2026-12-05,wk inc flu hosp,1,30,quantile,0.75,13,2026-12-12
2026-12-05,wk inc flu hosp,1,30,quantile,0.8,15,2026-12-12
2026-12-05,wk inc flu hosp,1,30,quantile,0.85,17,2026-12-12
2026-12-05,wk inc flu hosp,1,30,quantile,0.9,18,2026-12-12
2026-12-05,wk inc flu hosp,1,30,quantile,0.95,20,2026-12-12
2026-12-05,wk inc flu hosp,1,30,quantile,0.975,21,2026-12-12
2026-12-05,wk inc flu hosp,1,30,quantile,0.99,25,2026-12-12
2026-12-05,wk inc flu hosp,1,31,quantile,0.01,1,2026-12-12
2026-12-05,wk inc flu hosp,1,31,quantile,0.025,3,2026-12-12
2026-12-05,wk inc flu hosp,1,31,quantile,0.05,4,2026-12-12
2026-12-05,wk inc flu hosp,1,31,quantile,0.1,5,2026-12-12
2026-12-05,wk inc flu hosp,1,31,quantile,0.15,6,2026-12-12
2026-12-05,wk inc flu hosp,1,31,quantile,0.2,7,2026-12-12
2026-12-05,wk inc flu hosp,1,31,quantile,0.25,8,2026-12-12
2026-12-05,wk inc flu hosp,1,31,quantile,0.3,8,2026-12-12
2026-12-05,wk inc flu hosp,1,31,quantile,0.35,9,2026-12-12
2026-12-05,wk inc flu hosp,1,31,quantile,0.4,10,2026-12-12
2026-12-05,wk inc flu hosp,1,31,quantile,0.45,10,2026-12-12
2026-12-05,wk inc flu hosp,1,31,quantile,0.5,11,2026-12-12
2026-12-05,wk inc flu hosp,1,31,quantile,0.55,11,2026-12-12
2026-12-05,wk inc flu hosp,1,31,quantile,0.6,12,2026-12-12
2026-12-05,wk inc flu hosp,1,31,quantile,0.65,13,2026-12-12
2026-12-05,wk inc flu hosp,1,31,quantile,0.7,14,2026-12-12
2026-12-05,wk inc flu hosp,1,31,quantile,0.75,15,2026-12-12
2026-12-05,wk inc flu hosp,1,31,quantile,0.8,16,2026-12-12
2026-12-05,wk inc flu hosp,1,31,quantile,0.85,17,2026-12-12
2026-12-05,wk inc flu hosp,1,31,quantile,0.9,18,2026-12-12
2026-12-05,wk inc flu hosp,1,31,quantile,0.95,20,2026-12-12
2026-12-05,wk inc flu hosp,1,31,quantile,0.975,21,2026-12-12
2026-12-05,wk inc flu hosp,1,31,quantile,0.99,24,2026-12-12
2026-12-05,wk inc flu hosp,1,32,quantile,0.01,14,2026-12-12
2026-12-05,wk inc flu hosp,1,32,quantile,0.025,16,2026-12-12
2026-12-05,wk inc flu hosp,1,32,quantile,0.05,18,2026-12-12
2026-12-05,wk inc flu hosp,1,32,quantile,0.1,22,2026-12-12
2026-12-05,wk inc flu hosp,1,32,quantile,0.15,25,2026-12-12
2026-12-05,wk inc flu hosp,1,32,quantile,0.2,26,2026-12-12
2026-12-05,wk inc flu hosp,1,32,quantile,0.25,28,2026-12-12
2026-12-05,wk inc flu hosp,1,32,quantile,0.3,30,2026-12-12
2026-12-05,wk inc flu hosp,1,32,quantile,0.35,32,2026-12-12
2026-12-05,wk inc flu hosp,1,32,quantile,0.4,35,2026-12-12
2026-12-05,wk inc flu hosp,1,32,quantile,0.45,36,2026-12-12
2026-12-05,wk inc flu hosp,1,32,quantile,0.5,37,2026-12-12
2026-12-05,wk inc flu hosp,1,32,quantile,0.55,38,2026-12-12
2026-12-05,wk inc flu hosp,1,32,quantile,0.6,40,2026-12-12
2026-12-05,wk inc flu hosp,1,32,quantile,0.65,41,2026-12-12
2026-12-05,wk inc flu hosp,1,32,quantile,0.7,43,2026-12-12
2026-12-05,wk inc flu hosp,1,32,quantile,0.75,45,2026-12-12
2026-12-05,wk inc flu hosp,1,32,quantile,0.8,48,2026-12-12
2026-12-05,wk inc flu hosp,1,32,quantile,0.85,52,2026-12-12
2026-12-05,wk inc flu hosp,1,32,quantile,0.9,55,2026-12-12
2026-12-05,wk inc flu hosp,1,32,quantile,0.95,61,2026-12-12
2026-12-05,wk inc flu hosp,1,32,quantile,0.975,65,2026-12-12
2026-12-05,wk inc flu hosp,1,32,quantile,0.99,71,2026-12-12
2026-12-05,wk inc flu hosp,1,33,quantile,0.01,6,2026-12-12
2026-12-05,wk inc flu hosp,1,33,quantile,0.025,8,2026-12-12
2026-12-05,wk inc flu hosp,1,33,quantile,0.05,9,2026-12-12
2026-12-05,wk inc flu hosp,1,33,quantile,0.1,11,2026-12-12
2026-12-05,wk inc flu hosp,1,33,quantile,0.15,13,2026-12-12
2026-12-05,wk inc flu hosp,1,33,quantile,0.2,14,2026-12-12
2026-12-05,wk inc flu hosp,1,33,quantile,0.25,15,2026-12-12
2026-12-05,wk inc flu hosp,1,33,quantile,0.3,16,2026-12-12
2026-12-05,wk inc flu hosp,1,33,quantile,0.35,16,2026-12-12
2026-12-05,wk inc flu hosp,1,33,quantile,0.4,17,2026-12-12
2026-12-05,wk inc flu hosp,1,33,quantile,0.45,18,2026-12-12
2026-12-05,wk inc flu hosp,1,33,quantile,0.5,19,2026-12-12
2026-12-05,wk inc flu hosp,1,33,quantile,0.55,20,2026-12-12
2026-12-05,wk inc flu hosp,1,33,quantile,0.6,21,2026-12-12
2026-12-05,wk inc flu hosp,1,33,quantile,0.65,22,2026-12-12
2026-12-05,wk inc flu hosp,1,33,quantile,0.7,24,2026-12-12
2026-12-05,wk inc flu hosp,1,33,quantile,0.75,24,2026-12-12
2026-12-05,wk inc flu hosp,1,33,quantile,0.8,26,2026-12-12
2026-12-05,wk inc flu hosp,1,33,quantile,0.85,26,2026-12-12
2026-12-05,wk inc flu hosp,1,33,quantile,0.9,30,2026-12-12
2026-12-05,wk inc flu hosp,1,33,quantile,0.95,33,2026-12-12
2026-12-05,wk inc flu hosp,1,33,quantile,0.975,35,2026-12-12
2026-12-05,wk inc flu hosp,1,33,quantile,0.99,39,2026-12-12
2026-12-05,wk inc flu hosp,1,34,quantile,0.01,76,2026-12-12
2026-12-05,wk inc flu hosp,1,34,quantile,0.025,87,2026-12-12
2026-12-05,wk inc flu hosp,1,34,quantile,0.05,90,2026-12-12
2026-12-05,wk inc flu hosp,1,34,quantile,0.1,101,2026-12-12
2026-12-05,wk inc flu hosp,1,34,quantile,0.15,109,2026-12-12
2026-12-05,wk inc flu hosp,1,34,quantile,0.2,117,2026-12-12
2026-12-05,wk inc flu hosp,1,34,quantile,0.25,119,2026-12-12
2026-12-05,wk inc flu hosp,1,34,quantile,0.3,128,2026-12-12
2026-12-05,wk inc flu hosp,1,34,quantile,0.35,135,2026-12-12
2026-12-05,wk inc flu hosp,1,34,quantile,0.4,140,2026-12-12
2026-12-05,wk inc flu hosp,1,34,quantile,0.45,147,2026-12-12
2026-12-05,wk inc flu hosp,1,34,quantile,0.5,151,2026-12-12
2026-12-05,wk inc flu hosp,1,34,quantile,0.55,156,2026-12-12
2026-12-05,wk inc flu hosp,1,34,quantile,0.6,164,2026-12-12
2026-12-05,wk inc flu hosp,1,34,quantile,0.65,172,2026-12-12
2026-12-05,wk inc flu hosp,1,34,quantile,0.7,181,2026-12-12
2026-12-05,wk inc flu hosp,1,34,quantile,0.75,188,2026-12-12
2026-12-05,wk inc flu hosp,1,34,quantile,0.8,197,2026-12-12
2026-12-05,wk inc flu hosp,1,34,quantile,0.85,208,2026-12-12
2026-12-05,wk inc flu hosp,1,34,quantile,0.9,223,2026-12-12
2026-12-05,wk inc flu hosp,1,34,quantile,0.95,252,2026-12-12
2026-12-05,wk inc flu hosp,1,34,quantile,0.975,271,2026-12-12
2026-12-05,wk inc flu hosp,1,34,quantile,0.99,306,2026-12-12
2026-12-05,wk inc flu hosp,1,35,quantile,0.01,15,2026-12-12
2026-12-05,wk inc flu hosp,1,35,quantile,0.025,18,2026-12-12
2026-12-05,wk inc flu hosp,1,35,quantile,0.05,19,2026-12-12
2026-12-05,wk inc flu hosp,1,35,quantile,0.1,22,2026-12-12
2026-12-05,wk inc flu hosp,1,35,quantile,0.15,24,2026-12-12
2026-12-05,wk inc flu hosp,1,35,quantile,0.2,26,2026-12-12
2026-12-05,wk inc flu hosp,1,35,quantile,0.25,29,2026-12-12
2026-12-05,wk inc flu hosp,1,35,quantile,0.3,30,2026-12-12
2026-12-05,wk inc flu hosp,1,35,quantile,0.35,31,2026-12-12
2026-12-05,wk inc flu hosp,1,35,quantile,0.4,33,2026-12-12
2026-12-05,wk inc flu hosp,1,35,quantile,0.45,35,2026-12-12
2026-12-05,wk inc flu hosp,1,35,quantile,0.5,35,2026-12-12
2026-12-05,wk inc flu hosp,1,35,quantile,0.55,37,2026-12-12
2026-12-05,wk inc flu hosp,1,35,quantile,0.6,39,2026-12-12
2026-12-05,wk inc flu hosp,1,35,quantile,0.65,41,2026-12-12
2026-12-05,wk inc flu hosp,1,35,quantile,0.7,42,2026-12-12
2026-12-05,wk inc flu hosp,1,35,quantile,0.75,45,2026-12-12
2026-12-05,wk inc flu hosp,1,35,quantile,0.8,49,2026-12-12
2026-12-05,wk inc flu hosp,1,35,quantile,0.85,53,2026-12-12
2026-12-05,wk inc flu hosp,1,35,quantile,0.9,54,2026-12-12
2026-12-05,wk inc flu hosp,1,35,quantile,0.95,60,2026-12-12
2026-12-05,wk inc flu hosp,1,35,quantile,0.975,69,2026-12-12
2026-12-05,wk inc flu hosp,1,35,quantile,0.99,71,2026-12-12
2026-12-05,wk inc flu hosp,1,36,quantile,0.01,330,2026-12-12
2026-12-05,wk inc flu hosp,1,36,quantile,0.025,357,2026-12-12
2026-12-05,wk inc flu hosp,1,36,quantile,0.05,378,2026-12-12
2026-12-05,wk inc flu hosp,1,36,quantile,0.1,409,2026-12-12
2026-12-05,wk inc flu hosp,1,36,quantile,0.15,435,2026-12-12
2026-12-05,wk inc flu hosp,1,36,quantile,0.2,451,2026-12-12
2026-12-05,wk inc flu hosp,1,36,quantile,0.25,474,2026-12-12
2026-12-05,wk inc flu hosp,1,36,quantile,0.3,502,2026-12-12
2026-12-05,wk inc flu hosp,1,36,quantile,0.35,520,2026-12-12
2026-12-05,wk inc flu hosp,1,36,quantile,0.4,531,2026-12-12
2026-12-05,wk inc flu hosp,1,36,quantile,0.45,541,2026-12-12
2026-12-05,wk inc flu hosp,1,36,quantile,0.5,563,2026-12-12
2026-12-05,wk inc flu hosp,1,36,quantile,0.55,575,2026-12-12
2026-12-05,wk inc flu hosp,1,36,quantile,0.6,593,2026-12-12
2026-12-05,wk inc flu hosp,1,36,quantile,0.65,612,2026-12-12
2026-12-05,wk inc flu hosp,1,36,quantile,0.7,624,2026-12-12
2026-12-05,wk inc flu hosp,1,36,quantile,0.75,639,2026-12-12
2026-12-05,wk inc flu hosp,1,36,quantile,0.8,659,2026-12-12
2026-12-05,wk inc flu hosp,1,36,quantile,0.85,683,2026-12-12
2026-12-05,wk inc flu hosp,1,36,quantile,0.9,725,2026-12-12
2026-12-05,wk inc flu hosp,1,36,quantile,0.95,833,2026-12-12
2026-12-05,wk inc flu hosp,1,36,quantile,0.975,857,2026-12-12
2026-12-05,wk inc flu hosp,1,36,quantile,0.99,1020,2026-12-12
2026-12-05,wk inc flu hosp,1,37,quantile,0.01,67,2026-12-12
2026-12-05,wk inc flu hosp,1,37,quantile,0.025,75,2026-12-12
2026-12-05,wk inc flu hosp,1,37,quantile,0.05,83,2026-12-12
2026-12-05,wk inc flu hosp,1,37,quantile,0.1,91,2026-12-12
2026-12-05,wk inc flu hosp,1,37,quantile,0.15,103,2026-12-12
2026-12-05,wk inc flu hosp,1,37,quantile,0.2,106,2026-12-12
2026-12-05,wk inc flu hosp,1,37,quantile,0.25,111,2026-12-12
2026-12-05,wk inc flu hosp,1,37,quantile,0.3,118,2026-12-12
2026-12-05,wk inc flu hosp,1,37,quantile,0.35,123,2026-12-12
2026-12-05,wk inc flu hosp,1,37,quantile,0.4,127,2026-12-12
2026-12-05,wk inc flu hosp,1,37,quantile,0.45,132,2026-12-12
2026-12-05,wk inc flu hosp,1,37,quantile,0.5,137,2026-12-12
2026-12-05,wk inc flu hosp,1,37,quantile,0.55,146,2026-12-12
2026-12-05,wk inc flu hosp,1,37,quantile,0.6,153,2026-12-12
2026-12-05,wk inc flu hosp,1,37,quantile,0.65,161,2026-12-12
2026-12-05,wk inc flu hosp,1,37,quantile,0.7,166,2026-12-12
2026-12-05,wk inc flu hosp,1,37,quantile,0.75,181,2026-12-12
2026-12-05,wk inc flu hosp,1,37,quantile,0.8,199,2026-12-12
2026-12-05,wk inc flu hosp,1,37,quantile,0.85,207,2026-12-12
2026-12-05,wk inc flu hosp,1,37,quantile,0.9,217,2026-12-12
2026-12-05,wk inc flu hosp,1,37,quantile,0.95,242,2026-12-12
2026-12-05,wk inc flu hosp,1,37,quantile,0.975,281,2026-12-12
2026-12-05,wk inc flu hosp,1,37,quantile,0.99,304,2026-12-12
2026-12-05,wk inc flu hosp,1,38,quantile,0.01,1,2026-12-12
2026-12-05,wk inc flu hosp,1,38,quantile,0.025,2,2026-12-12
2026-12-05,wk inc flu hosp,1,38,quantile,0.05,3,2026-12-12
2026-12-05,wk inc flu hosp,1,38,quantile,0.1,4,2026-12-12
2026-12-05,wk inc flu hosp,1,38,quantile,0.15,5,2026-12-12
2026-12-05,wk inc flu hosp,1,38,quantile,0.2,5,2026-12-12
2026-12-05,wk inc flu hosp,1,38,quantile,0.25,6,2026-12-12
2026-12-05,wk inc flu hosp,1,38,quantile,0.3,6,2026-12-12
2026-12-05,wk inc flu hosp,1,38,quantile,0.35,7,2026-12-12
2026-12-05,wk inc flu hosp,1,38,quantile,0.4,8,2026-12-12
2026-12-05,wk inc flu hosp,1,38,quantile,0.45,8,2026-12-12
2026-12-05,wk inc flu hosp,1,38,quantile,0.5,9,2026-12-12
2026-12-05,wk inc flu hosp,1,38,quantile,0.55,9,2026-12-12
2026-12-05,wk inc flu hosp,1,38,quantile,0.6,10,2026-12-12
2026-12-05,wk inc flu hosp,1,38,quantile,0.65,11,2026-12-12
2026-12-05,wk inc flu hosp,1,38,quantile,0.7,12,2026-12-12
2026-12-05,wk inc flu hosp,1,38,quantile,0.75,12,2026-12-12
2026-12-05,wk inc flu hosp,1,38,quantile,0.8,13,2026-12-12
2026-12-05,wk inc flu hosp,1,38,quantile,0.85,14,2026-12-12
2026-12-05,wk inc flu hosp,1,38,quantile,0.9,15,2026-12-12
2026-12-05,wk inc flu hosp,1,38,quantile,0.95,16,2026-12-12
2026-12-05,wk inc flu hosp,1,38,quantile,0.975,19,2026-12-12
2026-12-05,wk inc flu hosp,1,38,quantile,0.99,20,2026-12-12
2026-12-05,wk inc flu hosp,1,39,quantile,0.01,46,2026-12-12
2026-12-05,wk inc flu hosp,1,39,quantile,0.025,52,2026-12-12
2026-12-05,wk inc flu hosp,1,39,quantile,0.05,55,2026-12-12
2026-12-05,wk inc flu hosp,1,39,quantile,0.1,62,2026-12-12
2026-12-05,wk inc flu hosp,1,39,quantile,0.15,68,2026-12-12
2026-12-05,wk inc flu hosp,1,39,quantile,0.2,72,2026-12-12
2026-12-05,wk inc flu hosp,1,39,quantile,0.25,76,2026-12-12
2026-12-05,wk inc flu hosp,1,39,quantile,0.3,79,2026-12-12
2026-12-05,wk inc flu hosp,1,39,quantile,0.35,81,2026-12-12
2026-12-05,wk inc flu hosp,1,39,quantile,0.4,83,2026-12-12
2026-12-05,wk inc flu hosp,1,39,quantile,0.45,86,2026-12-12
2026-12-05,wk inc flu hosp,1,39,quantile,0.5,92,2026-12-12
2026-12-05,wk inc flu hosp,1,39,quantile,0.55,95,2026-12-12
2026-12-05,wk inc flu hosp,1,39,quantile,0.6,98,2026-12-12
2026-12-05,wk inc flu hosp,1,39,quantile,0.65,102,2026-12-12
2026-12-05,wk inc flu hosp,1,39,quantile,0.7,106,2026-12-12
2026-12-05,wk inc flu hosp,1,39,quantile,0.75,108,2026-12-12
2026-12-05,wk inc flu hosp,1,39,quantile,0.8,112,2026-12-12
2026-12-05,wk inc flu hosp,1,39,quantile,0.85,119,2026-12-12
2026-12-05,wk inc flu hosp,1,39,quantile,0.9,132,2026-12-12
2026-12-05,wk inc flu hosp,1,39,quantile,0.95,143,2026-12-12
2026-12-05,wk inc flu hosp,1,39,quantile,0.975,147,2026-12-12
2026-12-05,wk inc flu hosp,1,39,quantile,0.99,164,2026-12-12
2026-12-05,wk inc flu hosp,1,40,quantile,0.01,7,2026-12-12
2026-12-05,wk inc flu hosp,1,40,quantile,0.025,9,2026-12-12
2026-12-05,wk inc flu hosp,1,40,quantile,0.05,12,2026-12-12
2026-12-05,wk inc flu hosp,1,40,quantile,0.1,14,2026-12-12
2026-12-05,wk inc flu hosp,1,40,quantile,0.15,15,2026-12-12
2026-12-05,wk inc flu hosp,1,40,quantile,0.2,16,2026-12-12
2026-12-05,wk inc flu hosp,1,40,quantile,0.25,17,2026-12-12
2026-12-05,wk inc flu hosp,1,40,quantile,0.3,19,2026-12-12
2026-12-05,wk inc flu hosp,1,40,quantile,0.35,20,2026-12-12
2026-12-05,wk inc flu hosp,1,40,quantile,0.4,20,2026-12-12
2026-12-05,wk inc flu hosp,1,40,quantile,0.45,22,2026-12-12
2026-12-05,wk inc flu hosp,1,40,quantile,0.5,23,2026-12-12
2026-12-05,wk inc flu hosp,1,40,quantile,0.55,24,2026-12-12
2026-12-05,wk inc flu hosp,1,40,quantile,0.6,25,2026-12-12
2026-12-05,wk inc flu hosp,1,40,quantile,0.65,27,2026-12-12
2026-12-05,wk inc flu hosp,1,40,quantile,0.7,29,2026-12-12
2026-12-05,wk inc flu hosp,1,40,quantile,0.75,31,2026-12-12
2026-12-05,wk inc flu hosp,1,40,quantile,0.8,33,2026-12-12
2026-12-05,wk inc flu hosp,1,40,quantile,0.85,36,2026-12-12
2026-12-05,wk inc flu hosp,1,40,quantile,0.9,40,2026-12-12
2026-12-05,wk inc flu hosp,1,40,quantile,0.95,48,2026-12-12
2026-12-05,wk inc flu hosp,1,40,quantile,0.975,51,2026-12-12
2026-12-05,wk inc flu hosp,1,40,quantile,0.99,56,2026-12-12
2026-12-05,wk inc flu hosp,1,41,quantile,0.01,17,2026-12-12
2026-12-05,wk inc flu hosp,1,41,quantile,0.025,18,2026-12-12
2026-12-05,wk inc flu hosp,1,41,quantile,0.05,20,2026-12-12
2026-12-05,wk inc flu hosp,1,41,quantile,0.1,24,2026-12-12
2026-12-05,wk inc flu hosp,1,41,quantile,0.15,27,2026-12-12
2026-12-05,wk inc flu hosp,1,41,quantile,0.2,29,2026-12-12
2026-12-05,wk inc flu hosp,1,41,quantile,0.25,30,2026-12-12
2026-12-05,wk inc flu hosp,1,41,quantile,0.3,32,2026-12-12
2026-12-05,wk inc flu hosp,1,41,quantile,0.35,33,2026-12-12
2026-12-05,wk inc flu hosp,1,41,quantile,0.4,34,2026-12-12
2026-12-05,wk inc flu hosp,1,41,quantile,0.45,35,2026-12-12
2026-12-05,wk inc flu hosp,1,41,quantile,0.5,36,2026-12-12
2026-12-05,wk inc flu hosp,1,41,quantile,0.55,38,2026-12-12
2026-12-05,wk inc flu hosp,1,41,quantile,0.6,39,2026-12-12
2026-12-05,wk inc flu hosp,1,41,quantile,0.65,40,2026-12-12
2026-12-05,wk inc flu hosp,1,41,quantile,0.7,42,2026-12-12
2026-12-05,wk inc flu hosp,1,41,quantile,0.75,43,2026-12-12
2026-12-05,wk inc flu hosp,1,41,quantile,0.8,45,2026-12-12
2026-12-05,wk inc flu hosp,1,41,quantile,0.85,48,2026-12-12
2026-12-05,wk inc flu hosp,1,41,quantile,0.9,52,2026-12-12
2026-12-05,wk inc flu hosp,1,41,quantile,0.95,62,2026-12-12
2026-12-05,wk inc flu hosp,1,41,quantile,0.975,78,2026-12-12
2026-12-05,wk inc flu hosp,1,41,quantile,0.99,81,2026-12-12
2026-12-05,wk inc flu hosp,1,42,quantile,0.01,107,2026-12-12
2026-12-05,wk inc flu hosp,1,42,quantile,0.025,127,2026-12-12
2026-12-05,wk inc flu hosp,1,42,quantile,0.05,134,2026-12-12
2026-12-05,wk inc flu hosp,1,42,quantile,0.1,146,2026-12-12
2026-12-05,wk inc flu hosp,1,42,quantile,0.15,156,2026-12-12
2026-12-05,wk inc flu hosp,1,42,quantile,0.2,162,2026-12-12
2026-12-05,wk inc flu hosp,1,42,quantile,0.25,171,2026-12-12
2026-12-05,wk inc flu hosp,1,42,quantile,0.3,176,2026-12-12
2026-12-05,wk inc flu hosp,1,42,quantile,0.35,185,2026-12-12
2026-12-05,wk inc flu hosp,1,42,quantile,0.4,194,2026-12-12
2026-12-05,wk inc flu hosp,1,42,quantile,0.45,203,2026-12-12
2026-12-05,wk inc flu hosp,1,42,quantile,0.5,208,2026-12-12
2026-12-05,wk inc flu hosp,1,42,quantile,0.55,215,2026-12-12
2026-12-05,wk inc flu hosp,1,42,quantile,0.6,222,2026-12-12
2026-12-05,wk inc flu hosp,1,42,quantile,0.65,230,2026-12-12
2026-12-05,wk inc flu hosp,1,42,quantile,0.7,240,2026-12-12
2026-12-05,wk inc flu hosp,1,42,quantile,0.75,254,2026-12-12
2026-12-05,wk inc flu hosp,1,42,quantile,0.8,261,2026-12-12
2026-12-05,wk inc flu hosp,1,42,quantile,0.85,272,2026-12-12
2026-12-05,wk inc flu hosp,1,42,quantile,0.9,305,2026-12-12
2026-12-05,wk inc flu hosp,1,42,quantile,0.95,329,2026-12-12
2026-12-05,wk inc flu hosp,1,42,quantile,0.975,351,2026-12-12
2026-12-05,wk inc flu hosp,1,42,quantile,0.99,360,2026-12-12
2026-12-05,wk inc flu hosp,1,44,quantile,0.01,8,2026-12-12
2026-12-05,wk inc flu hosp,1,44,quantile,0.025,10,2026-12-12
2026-12-05,wk inc flu hosp,1,44,quantile,0.05,12,2026-12-12
2026-12-05,wk inc flu hosp,1,44,quantile,0.1,13,2026-12-12
2026-12-05,wk inc flu hosp,1,44,quantile,0.15,15,2026-12-12
2026-12-05,wk inc flu hosp,1,44,quantile,0.2,17,2026-12-12
2026-12-05,wk inc flu hosp,1,44,quantile,0.25,18,2026-12-12
2026-12-05,wk inc flu hosp,1,44,quantile,0.3,19,2026-12-12
2026-12-05,wk inc flu hosp,1,44,quantile,0.35,20,2026-12-12
2026-12-05,wk inc flu hosp,1,44,quantile,0.4,21,2026-12-12
2026-12-05,wk inc flu hosp,1,44,quantile,0.45,22,2026-12-12
2026-12-05,wk inc flu hosp,1,44,quantile,0.5,23,2026-12-12
2026-12-05,wk inc flu hosp,1,44,quantile,0.55,24,2026-12-12
2026-12-05,wk inc flu hosp,1,44,quantile,0.6,25,2026-12-12
2026-12-05,wk inc flu hosp,1,44,quantile,0.65,25,2026-12-12
2026-12-05,wk inc flu hosp,1,44,quantile,0.7,27,2026-12-12
2026-12-05,wk inc flu hosp,1,44,quantile,0.75,28,2026-12-12
2026-12-05,wk inc flu hosp,1,44,quantile,0.8,30,2026-12-12
2026-12-05,wk inc flu hosp,1,44,quantile,0.85,32,2026-12-12
2026-12-05,wk inc flu hosp,1,44,quantile,0.9,34,2026-12-12
2026-12-05,wk inc flu hosp,1,44,quantile,0.95,40,2026-12-12
2026-12-05,wk inc flu hosp,1,44,quantile,0.975,42,2026-12-12
2026-12-05,wk inc flu hosp,1,44,quantile,0.99,43,2026-12-12
2026-12-05,wk inc flu hosp,1,45,quantile,0.01,32,2026-12-12
2026-12-05,wk inc flu hosp,1,45,quantile,0.025,34,2026-12-12
2026-12-05,wk inc flu hosp,1,45,quantile,0.05,38,2026-12-12
2026-12-05,wk inc flu hosp,1,45,quantile,0.1,46,2026-12-12
2026-12-05,wk inc flu hosp,1,45,quantile,0.15,52,2026-12-12
2026-12-05,wk inc flu hosp,1,45,quantile,0.2,54,2026-12-12
2026-12-05,wk inc flu hosp,1,45,quantile,0.25,58,2026-12-12
2026-12-05,wk inc flu hosp,1,45,quantile,0.3,64,2026-12-12
2026-12-05,wk inc flu hosp,1,45,quantile,0.35,66,2026-12-12
2026-12-05,wk inc flu hosp,1,45,quantile,0.4,70,2026-12-12
2026-12-05,wk inc flu hosp,1,45,quantile,0.45,73,2026-12-12
2026-12-05,wk inc flu hosp,1,45,quantile,0.5,77,2026-12-12
2026-12-05,wk inc flu hosp,1,45,quantile,0.55,79,2026-12-12
2026-12-05,wk inc flu hosp,1,45,quantile,0.6,81,2026-12-12
2026-12-05,wk inc flu hosp,1,45,quantile,0.65,87,2026-12-12
2026-12-05,wk inc flu hosp,1,45,quantile,0.7,91,2026-12-12
2026-12-05,wk inc flu hosp,1,45,quantile,0.75,95,2026-12-12
2026-12-05,wk inc flu hosp,1,45,quantile,0.8,102,2026-12-12
2026-12-05,wk inc flu hosp,1,45,quantile,0.85,111,2026-12-12
2026-12-05,wk inc flu hosp,1,45,quantile,0.9,121,2026-12-12
2026-12-05,wk inc flu hosp,1,45,quantile,0.95,137,2026-12-12
2026-12-05,wk inc flu hosp,1,45,quantile,0.975,152,2026-12-12
2026-12-05,wk inc flu hosp,1,45,quantile,0.99,167,2026-12-12
2026-12-05,wk inc flu hosp,1,46,quantile,0.01,0,2026-12-12
2026-12-05,wk inc flu hosp,1,46,quantile,0.025,1,2026-12-12
2026-12-05,wk inc flu hosp,1,46,quantile,0.05,1,2026-12-12
2026-12-05,wk inc flu hosp,1,46,quantile,0.1,2,2026-12-12
2026-12-05,wk inc flu hosp,1,46,quantile,0.15,2,2026-12-12
2026-12-05,wk inc flu hosp,1,46,quantile,0.2,2,2026-12-12
2026-12-05,wk inc flu hosp,1,46,quantile,0.25,3,2026-12-12
2026-12-05,wk inc flu hosp,1,46,quantile,0.3,4,2026-12-12
2026-12-05,wk inc flu hosp,1,46,quantile,0.35,4,2026-12-12
2026-12-05,wk inc flu hosp,1,46,quantile,0.4,5,2026-12-12
2026-12-05,wk inc flu hosp,1,46,quantile,0.45,5,2026-12-12
2026-12-05,wk inc flu hosp,1,46,quantile,0.5,5,2026-12-12
2026-12-05,wk inc flu hosp,1,46,quantile,0.55,6,2026-12-12
2026-12-05,wk inc flu hosp,1,46,quantile,0.6,6,2026-12-12
2026-12-05,wk inc flu hosp,1,46,quantile,0.65,6,2026-12-12
2026-12-05,wk inc flu hosp,1,46,quantile,0.7,7,2026-12-12
2026-12-05,wk inc flu hosp,1,46,quantile,0.75,8,2026-12-12
2026-12-05,wk inc flu hosp,1,46,quantile,0.8,9,2026-12-12
2026-12-05,wk inc flu hosp,1,46,quantile,0.85,10,2026-12-12
2026-12-05,wk inc flu hosp,1,46,quantile,0.9,11,2026-12-12
2026-12-05,wk inc flu hosp,1,46,quantile,0.95,12,2026-12-12
2026-12-05,wk inc flu hosp,1,46,quantile,0.975,13,2026-12-12
2026-12-05,wk inc flu hosp,1,46,quantile,0.99,14,2026-12-12
2026-12-05,wk inc flu hosp,1,47,quantile,0.01,39,2026-12-12
2026-12-05,wk inc flu hosp,1,47,quantile,0.025,43,2026-12-12
2026-12-05,wk inc flu hosp,1,47,quantile,0.05,48,2026-12-12
2026-12-05,wk inc flu hosp,1,47,quantile,0.1,50,2026-12-12
2026-12-05,wk inc flu hosp,1,47,quantile,0.15,55,2026-12-12
2026-12-05,wk inc flu hosp,1,47,quantile,0.2,58,2026-12-12
2026-12-05,wk inc flu hosp,1,47,quantile,0.25,61,2026-12-12
2026-12-05,wk inc flu hosp,1,47,quantile,0.3,63,2026-12-12
2026-12-05,wk inc flu hosp,1,47,quantile,0.35,65,2026-12-12
2026-12-05,wk inc flu hosp,1,47,quantile,0.4,67,2026-12-12
2026-12-05,wk inc flu hosp,1,47,quantile,0.45,70,2026-12-12
2026-12-05,wk inc flu hosp,1,47,quantile,0.5,71,2026-12-12
2026-12-05,wk inc flu hosp,1,47,quantile,0.55,76,2026-12-12
2026-12-05,wk inc flu hosp,1,47,quantile,0.6,78,2026-12-12
2026-12-05,wk inc flu hosp,1,47,quantile,0.65,81,2026-12-12
2026-12-05,wk inc flu hosp,1,47,quantile,0.7,84,2026-12-12
2026-12-05,wk inc flu hosp,1,47,quantile,0.75,86,2026-12-12
2026-12-05,wk inc flu hosp,1,47,quantile,0.8,91,2026-12-12
2026-12-05,wk inc flu hosp,1,47,quantile,0.85,99,2026-12-12
2026-12-05,wk inc flu hosp,1,47,quantile,0.9,105,2026-12-12
2026-12-05,wk inc flu hosp,1,47,quantile,0.95,113,2026-12-12
2026-12-05,wk inc flu hosp,1,47,quantile,0.975,125,2026-12-12
2026-12-05,wk inc flu hosp,1,47,quantile,0.99,134,2026-12-12
2026-12-05,wk inc flu hosp,1,48,quantile,0.01,177,2026-12-12
2026-12-05,wk inc flu hosp,1,48,quantile,0.025,222,2026-12-12
2026-12-05,wk inc flu hosp,1,48,quantile,0.05,243,2026-12-12
2026-12-05,wk inc flu hosp,1,48,quantile,0.1,266,2026-12-12
2026-12-05,wk inc flu hosp,1,48,quantile,0.15,296,2026-12-12
2026-12-05,wk inc flu hosp,1,48,quantile,0.2,304,2026-12-12
2026-12-05,wk inc flu hosp,1,48,quantile,0.25,326,2026-12-12
2026-12-05,wk inc flu hosp,1,48,quantile,0.3,351,2026-12-12
2026-12-05,wk inc flu hosp,1,48,quantile,0.35,359,2026-12-12
2026-12-05,wk inc flu hosp,1,48,quantile,0.4,369,2026-12-12
2026-12-05,wk inc flu hosp,1,48,quantile,0.45,386,2026-12-12
2026-12-05,wk inc flu hosp,1,48,quantile,0.5,400,2026-12-12
2026-12-05,wk inc flu hosp,1,48,quantile,0.55,411,2026-12-12
2026-12-05,wk inc flu hosp,1,48,quantile,0.6,421,2026-12-12
2026-12-05,wk inc flu hosp,1,48,quantile,0.65,448,2026-12-12
2026-12-05,wk inc flu hosp,1,48,quantile,0.7,470,2026-12-12
2026-12-05,wk inc flu hosp,1,48,quantile,0.75,480,2026-12-12
2026-12-05,wk inc flu hosp,1,48,quantile,0.8,521,2026-12-12
2026-12-05,wk inc flu hosp,1,48,quantile,0.85,542,2026-12-12
2026-12-05,wk inc flu hosp,1,48,quantile,0.9,582,2026-12-12
2026-12-05,wk inc flu hosp,1,48,quantile,0.95,649,2026-12-12
2026-12-05,wk inc flu hosp,1,48,quantile,0.975,678,2026-12-12
2026-12-05,wk inc flu hosp,1,48,quantile,0.99,708,2026-12-12
2026-12-05,wk inc flu hosp,1,49,quantile,0.01,13,2026-12-12
2026-12-05,wk inc flu hosp,1,49,quantile,0.025,13,2026-12-12
2026-12-05,wk inc flu hosp,1,49,quantile,0.05,15,2026-12-12
2026-12-05,wk inc flu hosp,1,49,quantile,0.1,16,2026-12-12
2026-12-05,wk inc flu hosp,1,49,quantile,0.15,18,2026-12-12
2026-12-05,wk inc flu hosp,1,49,quantile,0.2,19,2026-12-12
2026-12-05,wk inc flu hosp,1,49,quantile,0.25,20,2026-12-12
2026-12-05,wk inc flu hosp,1,49,quantile,0.3,22,2026-12-12
2026-12-05,wk inc flu hosp,1,49,quantile,0.35,22,2026-12-12
2026-12-05,wk inc flu hosp,1,49,quantile,0.4,23,2026-12-12
2026-12-05,wk inc flu hosp,1,49,quantile,0.45,25,2026-12-12
2026-12-05,wk inc flu hosp,1,49,quantile,0.5,25,2026-12-12
2026-12-05,wk inc flu hosp,1,49,quantile,0.55,26,2026-12-12
2026-12-05,wk inc flu hosp,1,49,quantile,0.6,28,2026-12-12
2026-12-05,wk inc flu hosp,1,49,quantile,0.65,29,2026-12-12
2026-12-05,wk inc flu hosp,1,49,quantile,0.7,31,2026-12-12
2026-12-05,wk inc flu hosp,1,49,quantile,0.75,33,2026-12-12
2026-12-05,wk inc flu hosp,1,49,quantile,0.8,35,2026-12-12
2026-12-05,wk inc flu hosp,1,49,quantile,0.85,36,2026-12-12
2026-12-05,wk inc flu hosp,1,49,quantile,0.9,39,2026-12-12
2026-12-05,wk inc flu hosp,1,49,quantile,0.95,42,2026-12-12
2026-12-05,wk inc flu hosp,1,49,quantile,0.975,45,2026-12-12
2026-12-05,wk inc flu hosp,1,49,quantile,0.99,52,2026-12-12
2026-12-05,wk inc flu hosp,1,50,quantile,0.01,0,2026-12-12
2026-12-05,wk inc flu hosp,1,50,quantile,0.025,1,2026-12-12
2026-12-05,wk inc flu hosp,1,50,quantile,0.05,2,2026-12-12
2026-12-05,wk inc flu hosp,1,50,quantile,0.1,2,2026-12-12
2026-12-05,wk inc flu hosp,1,50,quantile,0.15,3,2026-12-12
2026-12-05,wk inc flu hosp,1,50,quantile,0.2,4,2026-12-12
2026-12-05,wk inc flu hosp,1,50,quantile,0.25,4,2026-12-12
2026-12-05,wk inc flu hosp,1,50,quantile,0.3,5,2026-12-12
2026-12-05,wk inc flu hosp,1,50,quantile,0.35,5,2026-12-12
2026-12-05,wk inc flu hosp,1,50,quantile,0.4,5,2026-12-12
2026-12-05,wk inc flu hosp,1,50,quantile,0.45,6,2026-12-12
2026-12-05,wk inc flu hosp,1,50,quantile,0.5,7,2026-12-12
2026-12-05,wk inc flu hosp,1,50,quantile,0.55,8,2026-12-12
2026-12-05,wk inc flu hosp,1,50,quantile,0.6,8,2026-12-12
2026-12-05,wk inc flu hosp,1,50,quantile,0.65,8,2026-12-12
2026-12-05,wk inc flu hosp,1,50,quantile,0.7,9,2026-12-12
2026-12-05,wk inc flu hosp,1,50,quantile,0.75,10,2026-12-12
2026-12-05,wk inc flu hosp,1,50,quantile,0.8,11,2026-12-12
2026-12-05,wk inc flu hosp,1,50,quantile,0.85,12,2026-12-12
2026-12-05,wk inc flu hosp,1,50,quantile,0.9,13,2026-12-12
2026-12-05,wk inc flu hosp,1,50,quantile,0.95,15,2026-12-12
2026-12-05,wk inc flu hosp,1,50,quantile,0.975,18,2026-12-12
2026-12-05,wk inc flu hosp,1,50,quantile,0.99,20,2026-12-12
2026-12-05,wk inc flu hosp,1,51,quantile,0.01,45,2026-12-12
2026-12-05,wk inc flu hosp,1,51,quantile,0.025,47,2026-12-12
2026-12-05,wk inc flu hosp,1,51,quantile,0.05,50,2026-12-12
2026-12-05,wk inc flu hosp,1,51,quantile,0.1,54,2026-12-12
2026-12-05,wk inc flu hosp,1,51,quantile,0.15,57,2026-12-12
2026-12-05,wk inc flu hosp,1,51,quantile,0.2,60,2026-12-12
2026-12-05,wk inc flu hosp,1,51,quantile,0.25,63,2026-12-12
2026-12-05,wk inc flu hosp,1,51,quantile,0.3,66,2026-12-12
2026-12-05,wk inc flu hosp,1,51,quantile,0.35,68,2026-12-12
2026-12-05,wk inc flu hosp,1,51,quantile,0.4,71,2026-12-12
2026-12-05,wk inc flu hosp,1,51,quantile,0.45,73,2026-12-12
2026-12-05,wk inc flu hosp,1,51,quantile,0.5,75,2026-12-12
2026-12-05,wk inc flu hosp,1,51,quantile,0.55,78,2026-12-12
2026-12-05,wk inc flu hosp,1,51,quantile,0.6,82,2026-12-12
2026-12-05,wk inc flu hosp,1,51,quantile,0.65,87,2026-12-12
2026-12-05,wk inc flu hosp,1,51,quantile,0.7,90,2026-12-12
2026-12-05,wk inc flu hosp,1,51,quantile,0.75,93,2026-12-12
2026-12-05,wk inc flu hosp,1,51,quantile,0.8,96,2026-12-12
2026-12-05,wk inc flu hosp,1,51,quantile,0.85,99,2026-12-12
2026-12-05,wk inc flu hosp,1,51,quantile,0.9,109,2026-12-12
2026-12-05,wk inc flu hosp,1,51,quantile,0.95,122,2026-12-12
2026-12-05,wk inc flu hosp,1,51,quantile,0.975,128,2026-12-12
2026-12-05,wk inc flu hosp,1,51,quantile,0.99,132,2026-12-12
2026-12-05,wk inc flu hosp,1,53,quantile,0.01,16,2026-12-12
2026-12-05,wk inc flu hosp,1,53,quantile,0.025,20,2026-12-12
2026-12-05,wk inc flu hosp,1,53,quantile,0.05,23,2026-12-12
2026-12-05,wk inc flu hosp,1,53,quantile,0.1,25,2026-12-12
2026-12-05,wk inc flu hosp,1,53,quantile,0.15,29,2026-12-12
2026-12-05,wk inc flu hosp,1,53,quantile,0.2,31,2026-12-12
2026-12-05,wk inc flu hosp,1,53,quantile,0.25,33,2026-12-12
2026-12-05,wk inc flu hosp,1,53,quantile,0.3,35,2026-12-12
2026-12-05,wk inc flu hosp,1,53,quantile,0.35,39,2026-12-12
2026-12-05,wk inc flu hosp,1,53,quantile,0.4,42,2026-12-12
2026-12-05,wk inc flu hosp,1,53,quantile,0.45,44,2026-12-12
2026-12-05,wk inc flu hosp,1,53,quantile,0.5,44,2026-12-12
2026-12-05,wk inc flu hosp,1,53,quantile,0.55,46,2026-12-12
2026-12-05,wk inc flu hosp,1,53,quantile,0.6,49,2026-12-12
2026-12-05,wk inc flu hosp,1,53,quantile,0.65,50,2026-12-12
2026-12-05,wk inc flu hosp,1,53,quantile,0.7,54,2026-12-12
2026-12-05,wk inc flu hosp,1,53,quantile,0.75,58,2026-12-12
2026-12-05,wk inc flu hosp,1,53,quantile,0.8,62,2026-12-12
2026-12-05,wk inc flu hosp,1,53,quantile,0.85,68,2026-12-12
2026-12-05,wk inc flu hosp,1,53,quantile,0.9,71,2026-12-12
2026-12-05,wk inc flu hosp,1,53,quantile,0.95,75,2026-12-12
2026-12-05,wk inc flu hosp,1,53,quantile,0.975,80,2026-12-12
2026-12-05,wk inc flu hosp,1,53,quantile,0.99,91,2026-12-12
2026-12-05,wk inc flu hosp,1,54,quantile,0.01,3,2026-12-12
2026-12-05,wk inc flu hosp,1,54,quantile,0.025,3,2026-12-12
2026-12-05,wk inc flu hosp,1,54,quantile,0.05,6,2026-12-12
2026-12-05,wk inc flu hosp,1,54,quantile,0.1,7,2026-12-12
2026-12-05,wk inc flu hosp,1,54,quantile,0.15,9,2026-12-12
2026-12-05,wk inc flu hosp,1,54,quantile,0.2,10,2026-12-12
2026-12-05,wk inc flu hosp,1,54,quantile,0.25,10,2026-12-12
2026-12-05,wk inc flu hosp,1,54,quantile,0.3,11,2026-12-12
2026-12-05,wk inc flu hosp,1,54,quantile,0.35,12,2026-12-12
2026-12-05,wk inc flu hosp,1,54,quantile,0.4,13,2026-12-12
2026-12-05,wk inc flu hosp,1,54,quantile,0.45,14,2026-12-12
2026-12-05,wk inc flu hosp,1,54,quantile,0.5,14,2026-12-12
2026-12-05,wk inc flu hosp,1,54,quantile,0.55,14,2026-12-12
2026-12-05,wk inc flu hosp,1,54,quantile,0.6,15,2026-12-12
2026-12-05,wk inc flu hosp,1,54,quantile,0.65,16,2026-12-12
2026-12-05,wk inc flu hosp,1,54,quantile,0.7,17,2026-12-12
2026-12-05,wk inc flu hosp,1,54,quantile,0.75,18,2026-12-12
2026-12-05,wk inc flu hosp,1,54,quantile,0.8,19,2026-12-12
2026-12-05,wk inc flu hosp,1,54,quantile,0.85,20,2026-12-12
2026-12-05,wk inc flu hosp,1,54,quantile,0.9,22,2026-12-12
2026-12-05,wk inc flu hosp,1,54,quantile,0.95,24,2026-12-12
2026-12-05,wk inc flu hosp,1,54,quantile,0.975,27,2026-12-12
2026-12-05,wk inc flu hosp,1,54,quantile,0.99,28,2026-12-12
2026-12-05,wk inc flu hosp,1,55,quantile,0.01,28,2026-12-12
2026-12-05,wk inc flu hosp,1,55,quantile,0.025,29,2026-12-12
2026-12-05,wk inc flu hosp,1,55,quantile,0.05,31,2026-12-12
2026-12-05,wk inc flu hosp,1,55,quantile,0.1,37,2026-12-12
2026-12-05,wk inc flu hosp,1,55,quantile,0.15,41,2026-12-12
2026-12-05,wk inc flu hosp,1,55,quantile,0.2,43,2026-12-12
2026-12-05,wk inc flu hosp,1,55,quantile,0.25,46,2026-12-12
2026-12-05,wk inc flu hosp,1,55,quantile,0.3,47,2026-12-12
2026-12-05,wk inc flu hosp,1,55,quantile,0.35,50,2026-12-12
2026-12-05,wk inc flu hosp,1,55,quantile,0.4,53,2026-12-12
2026-12-05,wk inc flu hosp,1,55,quantile,0.45,54,2026-12-12
2026-12-05,wk inc flu hosp,1,55,quantile,0.5,57,2026-12-12
2026-12-05,wk inc flu hosp,1,55,quantile,0.55,58,2026-12-12
2026-12-05,wk inc flu hosp,1,55,quantile,0.6,60,2026-12-12
2026-12-05,wk inc flu hosp,1,55,quantile,0.65,62,2026-12-12
2026-12-05,wk inc flu hosp,1,55,quantile,0.7,67,2026-12-12
2026-12-05,wk inc flu hosp,1,55,quantile,0.75,72,2026-12-12
2026-12-05,wk inc flu hosp,1,55,quantile,0.8,75,2026-12-12
2026-12-05,wk inc flu hosp,1,55,quantile,0.85,81,2026-12-12
2026-12-05,wk inc flu hosp,1,55,quantile,0.9,89,2026-12-12
2026-12-05,wk inc flu hosp,1,55,quantile,0.95,96,2026-12-12
2026-12-05,wk inc flu hosp,1,55,quantile,0.975,105,2026-12-12
2026-12-05,wk inc flu hosp,1,55,quantile,0.99,110,2026-12-12
2026-12-05,wk inc flu hosp,1,56,quantile,0.01,2,2026-12-12
2026-12-05,wk inc flu hosp,1,56,quantile,0.025,3,2026-12-12
2026-12-05,wk inc flu hosp,1,56,quantile,0.05,3,2026-12-12
2026-12-05,wk inc flu hosp,1,56,quantile,0.1,6,2026-12-12
2026-12-05,wk inc flu hosp,1,56,quantile,0.15,6,2026-12-12
2026-12-05,wk inc flu hosp,1,56,quantile,0.2,8,2026-12-12
2026-12-05,wk inc flu hosp,1,56,quantile,0.25,9,2026-12-12
2026-12-05,wk inc flu hosp,1,56,quantile,0.3,9,2026-12-12
2026-12-05,wk inc flu hosp,1,56,quantile,0.35,11,2026-12-12
2026-12-05,wk inc flu hosp,1,56,quantile,0.4,12,2026-12-12
2026-12-05,wk inc flu hosp,1,56,quantile,0.45,13,2026-12-12
2026-12-05,wk inc flu hosp,1,56,quantile,0.5,14,2026-12-12
2026-12-05,wk inc flu hosp,1,56,quantile,0.55,15,2026-12-12
2026-12-05,wk inc flu hosp,1,56,quantile,0.6,16,2026-12-12
2026-12-05,wk inc flu hosp,1,56,quantile,0.65,17,2026-12-12
2026-12-05,wk inc flu hosp,1,56,quantile,0.7,18,2026-12-12
2026-12-05,wk inc flu hosp,1,56,quantile,0.75,20,2026-12-12
2026-12-05,wk inc flu hosp,1,56,quantile,0.8,21,2026-12-12
2026-12-05,wk inc flu hosp,1,56,quantile,0.85,23,2026-12-12
2026-12-05,wk inc flu hosp,1,56,quantile,0.9,27,2026-12-12
2026-12-05,wk inc flu hosp,1,56,quantile,0.95,33,2026-12-12
2026-12-05,wk inc flu hosp,1,56,quantile,0.975,35,2026-12-12
2026-12-05,wk inc flu hosp,1,56,quantile,0.99,36,2026-12-12
2026-12-05,wk inc flu hosp,1,72,quantile,0.01,22,2026-12-12
2026-12-05,wk inc flu hosp,1,72,quantile,0.025,30,2026-12-12
2026-12-05,wk inc flu hosp,1,72,quantile,0.05,41,2026-12-12
2026-12-05,wk inc flu hosp,1,72,quantile,0.1,49,2026-12-12
2026-12-05,wk inc flu hosp,1,72,quantile,0.15,54,2026-12-12
2026-12-05,wk inc flu hosp,1,72,quantile,0.2,62,2026-12-12
2026-12-05,wk inc flu hosp,1,72,quantile,0.25,67,2026-12-12
2026-12-05,wk inc flu hosp,1,72,quantile,0.3,71,2026-12-12
2026-12-05,wk inc flu hosp,1,72,quantile,0.35,75,2026-12-12
2026-12-05,wk inc flu hosp,1,72,quantile,0.4,81,2026-12-12
2026-12-05,wk inc flu hosp,1,72,quantile,0.45,87,2026-12-12
2026-12-05,wk inc flu hosp,1,72,quantile,0.5,92,2026-12-12
2026-12-05,wk inc flu hosp,1,72,quantile,0.55,98,2026-12-12
2026-12-05,wk inc flu hosp,1,72,quantile,0.6,103,2026-12-12
2026-12-05,wk inc flu hosp,1,72,quantile,0.65,106,2026-12-12
2026-12-05,wk inc flu hosp,1,72,quantile,0.7,109,2026-12-12
2026-12-05,wk inc flu hosp,1,72,quantile,0.75,117,2026-12-12
2026-12-05,wk inc flu hosp,1,72,quantile,0.8,126,2026-12-12
2026-12-05,wk inc flu hosp,1,72,quantile,0.85,141,2026-12-12
2026-12-05,wk inc flu hosp,1,72,quantile,0.9,155,2026-12-12
2026-12-05,wk inc flu hosp,1,72,quantile,0.95,184,2026-12-12
2026-12-05,wk inc flu hosp,1,72,quantile,0.975,212,2026-12-12
2026-12-05,wk inc flu hosp,1,72,quantile,0.99,232,2026-12-12
2026-12-05,wk inc flu hosp,1,USA,quantile,0.01,3656,2026-12-12
2026-12-05,wk inc flu hosp,1,USA,quantile,0.025,3684,2026-12-12
2026-12-05,wk inc flu hosp,1,USA,quantile,0.05,3899,2026-12-12
2026-12-05,wk inc flu hosp,1,USA,quantile,0.1,3976,2026-12-12
2026-12-05,wk inc flu hosp,1,USA,quantile,0.15,4093,2026-12-12
2026-12-05,wk inc flu hosp,1,USA,quantile,0.2,4166,2026-12-12
2026-12-05,wk inc flu hosp,1,USA,quantile,0.25,4191,2026-12-12
2026-12-05,wk inc flu hosp,1,USA,quantile,0.3,4248,2026-12-12
2026-12-05,wk inc flu hosp,1,USA,quantile,0.35,4322,2026-12-12
2026-12-05,wk inc flu hosp,1,USA,quantile,0.4,4376,2026-12-12
2026-12-05,wk inc flu hosp,1,USA,quantile,0.45,4412,2026-12-12
2026-12-05,wk inc flu hosp,1,USA,quantile,0.5,4472,2026-12-12
2026-12-05,wk inc flu hosp,1,USA,quantile,0.55,4556,2026-12-12
2026-12-05,wk inc flu hosp,1,USA,quantile,0.6,4623,2026-12-12
2026-12-05,wk inc flu hosp,1,USA,quantile,0.65,4668,2026-12-12
2026-12-05,wk inc flu hosp,1,USA,quantile,0.7,4733,2026-12-12
2026-12-05,wk inc flu hosp,1,USA,quantile,0.75,4802,2026-12-12
2026-12-05,wk inc flu hosp,1,USA,quantile,0.8,4843,2026-12-12
2026-12-05,wk inc flu hosp,1,USA,quantile,0.85,4904,2026-12-12
2026-12-05,wk inc flu hosp,1,USA,quantile,0.9,5008,2026-12-12
2026-12-05,wk inc flu hosp,1,USA,quantile,0.95,5072,2026-12-12
2026-12-05,wk inc flu hosp,1,USA,quantile,0.975,5154,2026-12-12
2026-12-05,wk inc flu hosp,1,USA,quantile,0.99,5270,2026-12-12
2026-12-05,wk inc flu hosp,2,01,quantile,0.01,46,2026-12-19
2026-12-05,wk inc flu hosp,2,01,quantile,0.025,50,2026-12-19
2026-12-05,wk inc flu hosp,2,01,quantile,0.05,53,2026-12-19
2026-12-05,wk inc flu hosp,2,01,quantile,0.1,60,2026-12-19
2026-12-05,wk inc flu hosp,2,01,quantile,0.15,66,2026-12-19
2026-12-05,wk inc flu hosp,2,01,quantile,0.2,70,2026-12-19
2026-12-05,wk inc flu hosp,2,01,quantile,0.25,76,2026-12-19
2026-12-05,wk inc flu hosp,2,01,quantile,0.3,82,2026-12-19
2026-12-05,wk inc flu hosp,2,01,quantile,0.35,86,2026-12-19
2026-12-05,wk inc flu hosp,2,01,quantile,0.4,91,2026-12-19
2026-12-05,wk inc flu hosp,2,01,quantile,0.45,96,2026-12-19
2026-12-05,wk inc flu hosp,2,01,quantile,0.5,102,2026-12-19
2026-12-05,wk inc flu hosp,2,01,quantile,0.55,105,2026-12-19
2026-12-05,wk inc flu hosp,2,01,quantile,0.6,112,2026-12-19
2026-12-05,wk inc flu hosp,2,01,quantile,0.65,115,2026-12-19
2026-12-05,wk inc flu hosp,2,01,quantile,0.7,120,2026-12-19
2026-12-05,wk inc flu hosp,2,01,quantile,0.75,125,2026-12-19
2026-12-05,wk inc flu hosp,2,01,quantile,0.8,136,2026-12-19
2026-12-05,wk inc flu hosp,2,01,quantile,0.85,140,2026-12-19
2026-12-05,wk inc flu hosp,2,01,quantile,0.9,151,2026-12-19
2026-12-05,wk inc flu hosp,2,01,quantile,0.95,159,2026-12-19
2026-12-05,wk inc flu hosp,2,01,quantile,0.975,195,2026-12-19
2026-12-05,wk inc flu hosp,2,01,quantile,0.99,203,2026-12-19
2026-12-05,wk inc flu hosp,2,02,quantile,0.01,0,2026-12-19
2026-12-05,wk inc flu hosp,2,02,quantile,0.025,0,2026-12-19
2026-12-05,wk inc flu hosp,2,02,quantile,0.05,0,2026-12-19
2026-12-05,wk inc flu hosp,2,02,quantile,0.1,2,2026-12-19
2026-12-05,wk inc flu hosp,2,02,quantile,0.15,4,2026-12-19
2026-12-05,wk inc flu hosp,2,02,quantile,0.2,5,2026-12-19
2026-12-05,wk inc flu hosp,2,02,quantile,0.25,6,2026-12-19
2026-12-05,wk inc flu hosp,2,02,quantile,0.3,7,2026-12-19
2026-12-05,wk inc flu hosp,2,02,quantile,0.35,8,2026-12-19
2026-12-05,wk inc flu hosp,2,02,quantile,0.4,10,2026-12-19
2026-12-05,wk inc flu hosp,2,02,quantile,0.45,11,2026-12-19
2026-12-05,wk inc flu hosp,2,02,quantile,0.5,12,2026-12-19
2026-12-05,wk inc flu hosp,2,02,quantile,0.55,13,2026-12-19
2026-12-05,wk inc flu hosp,2,02,quantile,0.6,15,2026-12-19
2026-12-05,wk inc flu hosp,2,02,quantile,0.65,17,2026-12-19
2026-12-05,wk inc flu hosp,2,02,quantile,0.7,20,2026-12-19
2026-12-05,wk inc flu hosp,2,02,quantile,0.75,22,2026-12-19
2026-12-05,wk inc flu hosp,2,02,quantile,0.8,24,2026-12-19
2026-12-05,wk inc flu hosp,2,02,quantile,0.85,27,2026-12-19
2026-12-05,wk inc flu hosp,2,02,quantile,0.9,32,2026-12-19
2026-12-05,wk inc flu hosp,2,02,quantile,0.95,42,2026-12-19
2026-12-05,wk inc flu hosp,2,02,quantile,0.975,49,2026-12-19
2026-12-05,wk inc flu hosp,2,02,quantile,0.99,61,2026-12-19
2026-12-05,wk inc flu hosp,2,04,quantile,0.01,139,2026-12-19
2026-12-05,wk inc flu hosp,2,04,quantile,0.025,147,2026-12-19
2026-12-05,wk inc flu hosp,2,04,quantile,0.05,162,2026-12-19
2026-12-05,wk inc flu hosp,2,04,quantile,0.1,177,2026-12-19
2026-12-05,wk inc flu hosp,2,04,quantile,0.15,186,2026-12-19
2026-12-05,wk inc flu hosp,2,04,quantile,0.2,203,2026-12-19
2026-12-05,wk inc flu hosp,2,04,quantile,0.25,216,2026-12-19
2026-12-05,wk inc flu hosp,2,04,quantile,0.3,224,2026-12-19
2026-12-05,wk inc flu hosp,2,04,quantile,0.35,232,2026-12-19
2026-12-05,wk inc flu hosp,2,04,quantile,0.4,244,2026-12-19
2026-12-05,wk inc flu hosp,2,04,quantile,0.45,256,2026-12-19
2026-12-05,wk inc flu hosp,2,04,quantile,0.5,264,2026-12-19
2026-12-05,wk inc flu hosp,2,04,quantile,0.55,277,2026-12-19
2026-12-05,wk inc flu hosp,2,04,quantile,0.6,288,2026-12-19
2026-12-05,wk inc flu hosp,2,04,quantile,0.65,298,2026-12-19
2026-12-05,wk inc flu hosp,2,04,quantile,0.7,321,2026-12-19
2026-12-05,wk inc flu hosp,2,04,quantile,0.75,340,2026-12-19
2026-12-05,wk inc flu hosp,2,04,quantile,0.8,365,2026-12-19
2026-12-05,wk inc flu hosp,2,04,quantile,0.85,401,2026-12-19
2026-12-05,wk inc flu hosp,2,04,quantile,0.9,433,2026-12-19
2026-12-05,wk inc flu hosp,2,04,quantile,0.95,481,2026-12-19
2026-12-05,wk inc flu hosp,2,04,quantile,0.975,506,2026-12-19
2026-12-05,wk inc flu hosp,2,04,quantile,0.99,686,2026-12-19
2026-12-05,wk inc flu hosp,2,05,quantile,0.01,13,2026-12-19
2026-12-05,wk inc flu hosp,2,05,quantile,0.025,15,2026-12-19
2026-12-05,wk inc flu hosp,2,05,quantile,0.05,17,2026-12-19
2026-12-05,wk inc flu hosp,2,05,quantile,0.1,22,2026-12-19
2026-12-05,wk inc flu hosp,2,05,quantile,0.15,25,2026-12-19
2026-12-05,wk inc flu hosp,2,05,quantile,0.2,27,2026-12-19
2026-12-05,wk inc flu hosp,2,05,quantile,0.25,28,2026-12-19
2026-12-05,wk inc flu hosp,2,05,quantile,0.3,30,2026-12-19
2026-12-05,wk inc flu hosp,2,05,quantile,0.35,31,2026-12-19
2026-12-05,wk inc flu hosp,2,05,quantile,0.4,34,2026-12-19
2026-12-05,wk inc flu hosp,2,05,quantile,0.45,35,2026-12-19
2026-12-05,wk inc flu hosp,2,05,quantile,0.5,37,2026-12-19
2026-12-05,wk inc flu hosp,2,05,quantile,0.55,39,2026-12-19
2026-12-05,wk inc flu hosp,2,05,quantile,0.6,40,2026-12-19
2026-12-05,wk inc flu hosp,2,05,quantile,0.65,41,2026-12-19
2026-12-05,wk inc flu hosp,2,05,quantile,0.7,44,2026-12-19
2026-12-05,wk inc flu hosp,2,05,quantile,0.75,45,2026-12-19
2026-12-05,wk inc flu hosp,2,05,quantile,0.8,48,2026-12-19
2026-12-05,wk inc flu hosp,2,05,quantile,0.85,52,2026-12-19
2026-12-05,wk inc flu hosp,2,05,quantile,0.9,56,2026-12-19
2026-12-05,wk inc flu hosp,2,05,quantile,0.95,71,2026-12-19
2026-12-05,wk inc flu hosp,2,05,quantile,0.975,85,2026-12-19
2026-12-05,wk inc flu hosp,2,05,quantile,0.99,97,2026-12-19
2026-12-05,wk inc flu hosp,2,06,quantile,0.01,313,2026-12-19
2026-12-05,wk inc flu hosp,2,06,quantile,0.025,342,2026-12-19
2026-12-05,wk inc flu hosp,2,06,quantile,0.05,359,2026-12-19
2026-12-05,wk inc flu hosp,2,06,quantile,0.1,387,2026-12-19
2026-12-05,wk inc flu hosp,2,06,quantile,0.15,410,2026-12-19
2026-12-05,wk inc flu hosp,2,06,quantile,0.2,431,2026-12-19
2026-12-05,wk inc flu hosp,2,06,quantile,0.25,460,2026-12-19
2026-12-05,wk inc flu hosp,2,06,quantile,0.3,472,2026-12-19
2026-12-05,wk inc flu hosp,2,06,quantile,0.35,479,2026-12-19
2026-12-05,wk inc flu hosp,2,06,quantile,0.4,496,2026-12-19
2026-12-05,wk inc flu hosp,2,06,quantile,0.45,503,2026-12-19
2026-12-05,wk inc flu hosp,2,06,quantile,0.5,518,2026-12-19
2026-12-05,wk inc flu hosp,2,06,quantile,0.55,549,2026-12-19
2026-12-05,wk inc flu hosp,2,06,quantile,0.6,568,2026-12-19
2026-12-05,wk inc flu hosp,2,06,quantile,0.65,585,2026-12-19
2026-12-05,wk inc flu hosp,2,06,quantile,0.7,608,2026-12-19
2026-12-05,wk inc flu hosp,2,06,quantile,0.75,634,2026-12-19
2026-12-05,wk inc flu hosp,2,06,quantile,0.8,663,2026-12-19
2026-12-05,wk inc flu hosp,2,06,quantile,0.85,734,2026-12-19
2026-12-05,wk inc flu hosp,2,06,quantile,0.9,770,2026-12-19
2026-12-05,wk inc flu hosp,2,06,quantile,0.95,881,2026-12-19
2026-12-05,wk inc flu hosp,2,06,quantile,0.975,981,2026-12-19
2026-12-05,wk inc flu hosp,2,06,quantile,0.99,1086,2026-12-19
2026-12-05,wk inc flu hosp,2,08,quantile,0.01,51,2026-12-19
2026-12-05,wk inc flu hosp,2,08,quantile,0.025,55,2026-12-19
2026-12-05,wk inc flu hosp,2,08,quantile,0.05,59,2026-12-19
2026-12-05,wk inc flu hosp,2,08,quantile,0.1,63,2026-12-19
2026-12-05,wk inc flu hosp,2,08,quantile,0.15,68,2026-12-19
2026-12-05,wk inc flu hosp,2,08,quantile,0.2,74,2026-12-19
2026-12-05,wk inc flu hosp,2,08,quantile,0.25,82,2026-12-19
2026-12-05,wk inc flu hosp,2,08,quantile,0.3,84,2026-12-19
2026-12-05,wk inc flu hosp,2,08,quantile,0.35,90,2026-12-19
2026-12-05,wk inc flu hosp,2,08,quantile,0.4,94,2026-12-19
2026-12-05,wk inc flu hosp,2,08,quantile,0.45,99,2026-12-19
2026-12-05,wk inc flu hosp,2,08,quantile,0.5,101,2026-12-19
2026-12-05,wk inc flu hosp,2,08,quantile,0.55,104,2026-12-19
2026-12-05,wk inc flu hosp,2,08,quantile,0.6,107,2026-12-19
2026-12-05,wk inc flu hosp,2,08,quantile,0.65,113,2026-12-19
2026-12-05,wk inc flu hosp,2,08,quantile,0.7,119,2026-12-19
2026-12-05,wk inc flu hosp,2,08,quantile,0.75,124,2026-12-19
2026-12-05,wk inc flu hosp,2,08,quantile,0.8,130,2026-12-19
2026-12-05,wk inc flu hosp,2,08,quantile,0.85,143,2026-12-19
2026-12-05,wk inc flu hosp,2,08,quantile,0.9,154,2026-12-19
2026-12-05,wk inc flu hosp,2,08,quantile,0.95,177,2026-12-19
2026-12-05,wk inc flu hosp,2,08,quantile,0.975,213,2026-12-19
2026-12-05,wk inc flu hosp,2,08,quantile,0.99,248,2026-12-19
2026-12-05,wk inc flu hosp,2,09,quantile,0.01,31,2026-12-19
2026-12-05,wk inc flu hosp,2,09,quantile,0.025,33,2026-12-19
2026-12-05,wk inc flu hosp,2,09,quantile,0.05,37,2026-12-19
2026-12-05,wk inc flu hosp,2,09,quantile,0.1,43,2026-12-19
2026-12-05,wk inc flu hosp,2,09,quantile,0.15,50,2026-12-19
2026-12-05,wk inc flu hosp,2,09,quantile,0.2,57,2026-12-19
2026-12-05,wk inc flu hosp,2,09,quantile,0.25,60,2026-12-19
2026-12-05,wk inc flu hosp,2,09,quantile,0.3,62,2026-12-19
2026-12-05,wk inc flu hosp,2,09,quantile,0.35,65,2026-12-19
2026-12-05,wk inc flu hosp,2,09,quantile,0.4,71,2026-12-19
2026-12-05,wk inc flu hosp,2,09,quantile,0.45,75,2026-12-19
2026-12-05,wk inc flu hosp,2,09,quantile,0.5,82,2026-12-19
2026-12-05,wk inc flu hosp,2,09,quantile,0.55,90,2026-12-19
2026-12-05,wk inc flu hosp,2,09,quantile,0.6,93,2026-12-19
2026-12-05,wk inc flu hosp,2,09,quantile,0.65,98,2026-12-19
2026-12-05,wk inc flu hosp,2,09,quantile,0.7,104,2026-12-19
2026-12-05,wk inc flu hosp,2,09,quantile,0.75,108,2026-12-19
2026-12-05,wk inc flu hosp,2,09,quantile,0.8,114,2026-12-19
2026-12-05,wk inc flu hosp,2,09,quantile,0.85,127,2026-12-19
2026-12-05,wk inc flu hosp,2,09,quantile,0.9,137,2026-12-19
2026-12-05,wk inc flu hosp,2,09,quantile,0.95,157,2026-12-19
2026-12-05,wk inc flu hosp,2,09,quantile,0.975,171,2026-12-19
2026-12-05,wk inc flu hosp,2,09,quantile,0.99,176,2026-12-19
2026-12-05,wk inc flu hosp,2,10,quantile,0.01,4,2026-12-19
2026-12-05,wk inc flu hosp,2,10,quantile,0.025,6,2026-12-19
2026-12-05,wk inc flu hosp,2,10,quantile,0.05,8,2026-12-19
2026-12-05,wk inc flu hosp,2,10,quantile,0.1,10,2026-12-19
2026-12-05,wk inc flu hosp,2,10,quantile,0.15,11,2026-12-19
2026-12-05,wk inc flu hosp,2,10,quantile,0.2,13,2026-12-19
2026-12-05,wk inc flu hosp,2,10,quantile,0.25,14,2026-12-19
2026-12-05,wk inc flu hosp,2,10,quantile,0.3,15,2026-12-19
2026-12-05,wk inc flu hosp,2,10,quantile,0.35,17,2026-12-19
2026-12-05,wk inc flu hosp,2,10,quantile,0.4,18,2026-12-19
2026-12-05,wk inc flu hosp,2,10,quantile,0.45,19,2026-12-19
2026-12-05,wk inc flu hosp,2,10,quantile,0.5,20,2026-12-19
2026-12-05,wk inc flu hosp,2,10,quantile,0.55,20,2026-12-19
2026-12-05,wk inc flu hosp,2,10,quantile,0.6,21,2026-12-19
2026-12-05,wk inc flu hosp,2,10,quantile,0.65,22,2026-12-19
2026-12-05,wk inc flu hosp,2,10,quantile,0.7,24,2026-12-19
2026-12-05,wk inc flu hosp,2,10,quantile,0.75,26,2026-12-19
2026-12-05,wk inc flu hosp,2,10,quantile,0.8,28,2026-12-19
2026-12-05,wk inc flu hosp,2,10,quantile,0.85,30,2026-12-19
2026-12-05,wk inc flu hosp,2,10,quantile,0.9,33,2026-12-19
2026-12-05,wk inc flu hosp,2,10,quantile,0.95,38,2026-12-19
2026-12-05,wk inc flu hosp,2,10,quantile,0.975,42,2026-12-19
2026-12-05,wk inc flu hosp,2,10,quantile,0.99,49,2026-12-19
2026-12-05,wk inc flu hosp,2,11,quantile,0.01,0,2026-12-19
2026-12-05,wk inc flu hosp,2,11,quantile,0.025,0,2026-12-19
2026-12-05,wk inc flu hosp,2,11,quantile,0.05,1,2026-12-19
2026-12-05,wk inc flu hosp,2,11,quantile,0.1,2,2026-12-19
2026-12-05,wk inc flu hosp,2,11,quantile,0.15,3,2026-12-19
2026-12-05,wk inc flu hosp,2,11,quantile,0.2,3,2026-12-19
2026-12-05,wk inc flu hosp,2,11,quantile,0.25,6,2026-12-19
2026-12-05,wk inc flu hosp,2,11,quantile,0.3,7,2026-12-19
2026-12-05,wk inc flu hosp,2,11,quantile,0.35,8,2026-12-19
2026-12-05,wk inc flu hosp,2,11,quantile,0.4,9,2026-12-19
2026-12-05,wk inc flu hosp,2,11,quantile,0.45,10,2026-12-19
2026-12-05,wk inc flu hosp,2,11,quantile,0.5,11,2026-12-19
2026-12-05,wk inc flu hosp,2,11,quantile,0.55,12,2026-12-19
2026-12-05,wk inc flu hosp,2,11,quantile,0.6,13,2026-12-19
2026-12-05,wk inc flu hosp,2,11,quantile,0.65,15,2026-12-19
2026-12-05,wk inc flu hosp,2,11,quantile,0.7,18,2026-12-19
2026-12-05,wk inc flu hosp,2,11,quantile,0.75,21,2026-12-19
2026-12-05,wk inc flu hosp,2,11,quantile,0.8,23,2026-12-19
2026-12-05,wk inc flu hosp,2,11,quantile,0.85,25,2026-12-19
2026-12-05,wk inc flu hosp,2,11,quantile,0.9,28,2026-12-19
2026-12-05,wk inc flu hosp,2,11,quantile,0.95,35,2026-12-19
2026-12-05,wk inc flu hosp,2,11,quantile,0.975,39,2026-12-19
2026-12-05,wk inc flu hosp,2,11,quantile,0.99,43,2026-12-19
2026-12-05,wk inc flu hosp,2,12,quantile,0.01,251,2026-12-19
2026-12-05,wk inc flu hosp,2,12,quantile,0.025,261,2026-12-19
2026-12-05,wk inc flu hosp,2,12,quantile,0.05,271,2026-12-19
2026-12-05,wk inc flu hosp,2,12,quantile,0.1,318,2026-12-19
2026-12-05,wk inc flu hosp,2,12,quantile,0.15,342,2026-12-19
2026-12-05,wk inc flu hosp,2,12,quantile,0.2,359,2026-12-19
2026-12-05,wk inc flu hosp,2,12,quantile,0.25,388,2026-12-19
2026-12-05,wk inc flu hosp,2,12,quantile,0.3,407,2026-12-19
2026-12-05,wk inc flu hosp,2,12,quantile,0.35,435,2026-12-19
2026-12-05,wk inc flu hosp,2,12,quantile,0.4,474,2026-12-19
2026-12-05,wk inc flu hosp,2,12,quantile,0.45,487,2026-12-19
2026-12-05,wk inc flu hosp,2,12,quantile,0.5,496,2026-12-19
2026-12-05,wk inc flu hosp,2,12,quantile,0.55,513,2026-12-19
2026-12-05,wk inc flu hosp,2,12,quantile,0.6,527,2026-12-19
2026-12-05,wk inc flu hosp,2,12,quantile,0.65,559,2026-12-19
2026-12-05,wk inc flu hosp,2,12,quantile,0.7,589,2026-12-19
2026-12-05,wk inc flu hosp,2,12,quantile,0.75,614,2026-12-19
2026-12-05,wk inc flu hosp,2,12,quantile,0.8,643,2026-12-19
2026-12-05,wk inc flu hosp,2,12,quantile,0.85,689,2026-12-19
2026-12-05,wk inc flu hosp,2,12,quantile,0.9,751,2026-12-19
2026-12-05,wk inc flu hosp,2,12,quantile,0.95,818,2026-12-19
2026-12-05,wk inc flu hosp,2,12,quantile,0.975,875,2026-12-19
2026-12-05,wk inc flu hosp,2,12,quantile,0.99,1003,2026-12-19
2026-12-05,wk inc flu hosp,2,13,quantile,0.01,106,2026-12-19
2026-12-05,wk inc flu hosp,2,13,quantile,0.025,109,2026-12-19
2026-12-05,wk inc flu hosp,2,13,quantile,0.05,124,2026-12-19
2026-12-05,wk inc flu hosp,2,13,quantile,0.1,132,2026-12-19
2026-12-05,wk inc flu hosp,2,13,quantile,0.15,138,2026-12-19
2026-12-05,wk inc flu hosp,2,13,quantile,0.2,148,2026-12-19
2026-12-05,wk inc flu hosp,2,13,quantile,0.25,155,2026-12-19
2026-12-05,wk inc flu hosp,2,13,quantile,0.3,166,2026-12-19
2026-12-05,wk inc flu hosp,2,13,quantile,0.35,172,2026-12-19
2026-12-05,wk inc flu hosp,2,13,quantile,0.4,177,2026-12-19
2026-12-05,wk inc flu hosp,2,13,quantile,0.45,186,2026-12-19
2026-12-05,wk inc flu hosp,2,13,quantile,0.5,194,2026-12-19
2026-12-05,wk inc flu hosp,2,13,quantile,0.55,201,2026-12-19
2026-12-05,wk inc flu hosp,2,13,quantile,0.6,207,2026-12-19
2026-12-05,wk inc flu hosp,2,13,quantile,0.65,214,2026-12-19
2026-12-05,wk inc flu hosp,2,13,quantile,0.7,225,2026-12-19
2026-12-05,wk inc flu hosp,2,13,quantile,0.75,236,2026-12-19
2026-12-05,wk inc flu hosp,2,13,quantile,0.8,256,2026-12-19
2026-12-05,wk inc flu hosp,2,13,quantile,0.85,270,2026-12-19
2026-12-05,wk inc flu hosp,2,13,quantile,0.9,290,2026-12-19
2026-12-05,wk inc flu hosp,2,13,quantile,0.95,310,2026-12-19
2026-12-05,wk inc flu hosp,2,13,quantile,0.975,348,2026-12-19
2026-12-05,wk inc flu hosp,2,13,quantile,0.99,403,2026-12-19
2026-12-05,wk inc flu hosp,2,15,quantile,0.01,4,2026-12-19
2026-12-05,wk inc flu hosp,2,15,quantile,0.025,5,2026-12-19
2026-12-05,wk inc flu hosp,2,15,quantile,0.05,6,2026-12-19
2026-12-05,wk inc flu hosp,2,15,quantile,0.1,8,2026-12-19
2026-12-05,wk inc flu hosp,2,15,quantile,0.15,9,2026-12-19
2026-12-05,wk inc flu hosp,2,15,quantile,0.2,10,2026-12-19
2026-12-05,wk inc flu hosp,2,15,quantile,0.25,12,2026-12-19
2026-12-05,wk inc flu hosp,2,15,quantile,0.3,13,2026-12-19
2026-12-05,wk inc flu hosp,2,15,quantile,0.35,14,2026-12-19
2026-12-05,wk inc flu hosp,2,15,quantile,0.4,15,2026-12-19
2026-12-05,wk inc flu hosp,2,15,quantile,0.45,17,2026-12-19
2026-12-05,wk inc flu hosp,2,15,quantile,0.5,18,2026-12-19
2026-12-05,wk inc flu hosp,2,15,quantile,0.55,19,2026-12-19
2026-12-05,wk inc flu hosp,2,15,quantile,0.6,21,2026-12-19
2026-12-05,wk inc flu hosp,2,15,quantile,0.65,23,2026-12-19
2026-12-05,wk inc flu hosp,2,15,quantile,0.7,24,2026-12-19
2026-12-05,wk inc flu hosp,2,15,quantile,0.75,26,2026-12-19
2026-12-05,wk inc flu hosp,2,15,quantile,0.8,28,2026-12-19
2026-12-05,wk inc flu hosp,2,15,quantile,0.85,32,2026-12-19
2026-12-05,wk inc flu hosp,2,15,quantile,0.9,38,2026-12-19
2026-12-05,wk inc flu hosp,2,15,quantile,0.95,41,2026-12-19
2026-12-05,wk inc flu hosp,2,15,quantile,0.975,52,2026-12-19
2026-12-05,wk inc flu hosp,2,15,quantile,0.99,60,2026-12-19
2026-12-05,wk inc flu hosp,2,16,quantile,0.01,23,2026-12-19
2026-12-05,wk inc flu hosp,2,16,quantile,0.025,24,2026-12-19
2026-12-05,wk inc flu hosp,2,16,quantile,0.05,25,2026-12-19
2026-12-05,wk inc flu hosp,2,16,quantile,0.1,29,2026-12-19
2026-12-05,wk inc flu hosp,2,16,quantile,0.15,32,2026-12-19
2026-12-05,wk inc flu hosp,2,16,quantile,0.2,34,2026-12-19
2026-12-05,wk inc flu hosp,2,16,quantile,0.25,36,2026-12-19
2026-12-05,wk inc flu hosp,2,16,quantile,0.3,38,2026-12-19
2026-12-05,wk inc flu hosp,2,16,quantile,0.35,40,2026-12-19
2026-12-05,wk inc flu hosp,2,16,quantile,0.4,42,2026-12-19
2026-12-05,wk inc flu hosp,2,16,quantile,0.45,43,2026-12-19
2026-12-05,wk inc flu hosp,2,16,quantile,0.5,44,2026-12-19
2026-12-05,wk inc flu hosp,2,16,quantile,0.55,46,2026-12-19
2026-12-05,wk inc flu hosp,2,16,quantile,0.6,47,2026-12-19
2026-12-05,wk inc flu hosp,2,16,quantile,0.65,49,2026-12-19
2026-12-05,wk inc flu hosp,2,16,quantile,0.7,51,2026-12-19
2026-12-05,wk inc flu hosp,2,16,quantile,0.75,56,2026-12-19
2026-12-05,wk inc flu hosp,2,16,quantile,0.8,59,2026-12-19
2026-12-05,wk inc flu hosp,2,16,quantile,0.85,64,2026-12-19
2026-12-05,wk inc flu hosp,2,16,quantile,0.9,74,2026-12-19
2026-12-05,wk inc flu hosp,2,16,quantile,0.95,85,2026-12-19
2026-12-05,wk inc flu hosp,2,16,quantile,0.975,92,2026-12-19
2026-12-05,wk inc flu hosp,2,16,quantile,0.99,121,2026-12-19
2026-12-05,wk inc flu hosp,2,17,quantile,0.01,77,2026-12-19
2026-12-05,wk inc flu hosp,2,17,quantile,0.025,95,2026-12-19
2026-12-05,wk inc flu hosp,2,17,quantile,0.05,103,2026-12-19
2026-12-05,wk inc flu hosp,2,17,quantile,0.1,113,2026-12-19
2026-12-05,wk inc flu hosp,2,17,quantile,0.15,121,2026-12-19
2026-12-05,wk inc flu hosp,2,17,quantile,0.2,130,2026-12-19
2026-12-05,wk inc flu hosp,2,17,quantile,0.25,134,2026-12-19
2026-12-05,wk inc flu hosp,2,17,quantile,0.3,139,2026-12-19
2026-12-05,wk inc flu hosp,2,17,quantile,0.35,147,2026-12-19
2026-12-05,wk inc flu hosp,2,17,quantile,0.4,153,2026-12-19
2026-12-05,wk inc flu hosp,2,17,quantile,0.45,159,2026-12-19
2026-12-05,wk inc flu hosp,2,17,quantile,0.5,163,2026-12-19
2026-12-05,wk inc flu hosp,2,17,quantile,0.55,167,2026-12-19
2026-12-05,wk inc flu hosp,2,17,quantile,0.6,175,2026-12-19
2026-12-05,wk inc flu hosp,2,17,quantile,0.65,181,2026-12-19
2026-12-05,wk inc flu hosp,2,17,quantile,0.7,189,2026-12-19
2026-12-05,wk inc flu hosp,2,17,quantile,0.75,199,2026-12-19
2026-12-05,wk inc flu hosp,2,17,quantile,0.8,208,2026-12-19
2026-12-05,wk inc flu hosp,2,17,quantile,0.85,217,2026-12-19
2026-12-05,wk inc flu hosp,2,17,quantile,0.9,231,2026-12-19
2026-12-05,wk inc flu hosp,2,17,quantile,0.95,255,2026-12-19
2026-12-05,wk inc flu hosp,2,17,quantile,0.975,273,2026-12-19
2026-12-05,wk inc flu hosp,2,17,quantile,0.99,286,2026-12-19
2026-12-05,wk inc flu hosp,2,18,quantile,0.01,63,2026-12-19
2026-12-05,wk inc flu hosp,2,18,quantile,0.025,66,2026-12-19
2026-12-05,wk inc flu hosp,2,18,quantile,0.05,69,2026-12-19
2026-12-05,wk inc flu hosp,2,18,quantile,0.1,78,2026-12-19
2026-12-05,wk inc flu hosp,2,18,quantile,0.15,86,2026-12-19
2026-12-05,wk inc flu hosp,2,18,quantile,0.2,90,2026-12-19
2026-12-05,wk inc flu hosp,2,18,quantile,0.25,98,2026-12-19
2026-12-05,wk inc flu hosp,2,18,quantile,0.3,101,2026-12-19
2026-12-05,wk inc flu hosp,2,18,quantile,0.35,105,2026-12-19
2026-12-05,wk inc flu hosp,2,18,quantile,0.4,108,2026-12-19
2026-12-05,wk inc flu hosp,2,18,quantile,0.45,115,2026-12-19
2026-12-05,wk inc flu hosp,2,18,quantile,0.5,122,2026-12-19
2026-12-05,wk inc flu hosp,2,18,quantile,0.55,130,2026-12-19
2026-12-05,wk inc flu hosp,2,18,quantile,0.6,138,2026-12-19
2026-12-05,wk inc flu hosp,2,18,quantile,0.65,146,2026-12-19
2026-12-05,wk inc flu hosp,2,18,quantile,0.7,151,2026-12-19
2026-12-05,wk inc flu hosp,2,18,quantile,0.75,158,2026-12-19
2026-12-05,wk inc flu hosp,2,18,quantile,0.8,167,2026-12-19
2026-12-05,wk inc flu hosp,2,18,quantile,0.85,184,2026-12-19
2026-12-05,wk inc flu hosp,2,18,quantile,0.9,193,2026-12-19
2026-12-05,wk inc flu hosp,2,18,quantile,0.95,209,2026-12-19
2026-12-05,wk inc flu hosp,2,18,quantile,0.975,216,2026-12-19
2026-12-05,wk inc flu hosp,2,18,quantile,0.99,242,2026-12-19
2026-12-05,wk inc flu hosp,2,19,quantile,0.01,9,2026-12-19
2026-12-05,wk inc flu hosp,2,19,quantile,0.025,10,2026-12-19
2026-12-05,wk inc flu hosp,2,19,quantile,0.05,11,2026-12-19
2026-12-05,wk inc flu hosp,2,19,quantile,0.1,14,2026-12-19
2026-12-05,wk inc flu hosp,2,19,quantile,0.15,17,2026-12-19
2026-12-05,wk inc flu hosp,2,19,quantile,0.2,19,2026-12-19
2026-12-05,wk inc flu hosp,2,19,quantile,0.25,20,2026-12-19
2026-12-05,wk inc flu hosp,2,19,quantile,0.3,22,2026-12-19
2026-12-05,wk inc flu hosp,2,19,quantile,0.35,23,2026-12-19
2026-12-05,wk inc flu hosp,2,19,quantile,0.4,24,2026-12-19
2026-12-05,wk inc flu hosp,2,19,quantile,0.45,25,2026-12-19
2026-12-05,wk inc flu hosp,2,19,quantile,0.5,26,2026-12-19
2026-12-05,wk inc flu hosp,2,19,quantile,0.55,28,2026-12-19
2026-12-05,wk inc flu hosp,2,19,quantile,0.6,30,2026-12-19
2026-12-05,wk inc flu hosp,2,19,quantile,0.65,31,2026-12-19
2026-12-05,wk inc flu hosp,2,19,quantile,0.7,32,2026-12-19
2026-12-05,wk inc flu hosp,2,19,quantile,0.75,33,2026-12-19
2026-12-05,wk inc flu hosp,2,19,quantile,0.8,35,2026-12-19
2026-12-05,wk inc flu hosp,2,19,quantile,0.85,40,2026-12-19
2026-12-05,wk inc flu hosp,2,19,quantile,0.9,46,2026-12-19
2026-12-05,wk inc flu hosp,2,19,quantile,0.95,53,2026-12-19
2026-12-05,wk inc flu hosp,2,19,quantile,0.975,61,2026-12-19
2026-12-05,wk inc flu hosp,2,19,quantile,0.99,64,2026-12-19
2026-12-05,wk inc flu hosp,2,20,quantile,0.01,6,2026-12-19
2026-12-05,wk inc flu hosp,2,20,quantile,0.025,10,2026-12-19
2026-12-05,wk inc flu hosp,2,20,quantile,0.05,14,2026-12-19
2026-12-05,wk inc flu hosp,2,20,quantile,0.1,18,2026-12-19
2026-12-05,wk inc flu hosp,2,20,quantile,0.15,21,2026-12-19
2026-12-05,wk inc flu hosp,2,20,quantile,0.2,23,2026-12-19
2026-12-05,wk inc flu hosp,2,20,quantile,0.25,25,2026-12-19
2026-12-05,wk inc flu hosp,2,20,quantile,0.3,27,2026-12-19
2026-12-05,wk inc flu hosp,2,20,quantile,0.35,28,2026-12-19
2026-12-05,wk inc flu hosp,2,20,quantile,0.4,29,2026-12-19
2026-12-05,wk inc flu hosp,2,20,quantile,0.45,30,2026-12-19
2026-12-05,wk inc flu hosp,2,20,quantile,0.5,31,2026-12-19
2026-12-05,wk inc flu hosp,2,20,quantile,0.55,33,2026-12-19
2026-12-05,wk inc flu hosp,2,20,quantile,0.6,36,2026-12-19
2026-12-05,wk inc flu hosp,2,20,quantile,0.65,39,2026-12-19
2026-12-05,wk inc flu hosp,2,20,quantile,0.7,41,2026-12-19
2026-12-05,wk inc flu hosp,2,20,quantile,0.75,44,2026-12-19
2026-12-05,wk inc flu hosp,2,20,quantile,0.8,48,2026-12-19
2026-12-05,wk inc flu hosp,2,20,quantile,0.85,50,2026-12-19
2026-12-05,wk inc flu hosp,2,20,quantile,0.9,56,2026-12-19
2026-12-05,wk inc flu hosp,2,20,quantile,0.95,63,2026-12-19
2026-12-05,wk inc flu hosp,2,20,quantile,0.975,65,2026-12-19
2026-12-05,wk inc flu hosp,2,20,quantile,0.99,72,2026-12-19
2026-12-05,wk inc flu hosp,2,21,quantile,0.01,27,2026-12-19
2026-12-05,wk inc flu hosp,2,21,quantile,0.025,29,2026-12-19
2026-12-05,wk inc flu hosp,2,21,quantile,0.05,35,2026-12-19
2026-12-05,wk inc flu hosp,2,21,quantile,0.1,38,2026-12-19
2026-12-05,wk inc flu hosp,2,21,quantile,0.15,41,2026-12-19
2026-12-05,wk inc flu hosp,2,21,quantile,0.2,42,2026-12-19
2026-12-05,wk inc flu hosp,2,21,quantile,0.25,46,2026-12-19
2026-12-05,wk inc flu hosp,2,21,quantile,0.3,48,2026-12-19
2026-12-05,wk inc flu hosp,2,21,quantile,0.35,50,2026-12-19
2026-12-05,wk inc flu hosp,2,21,quantile,0.4,53,2026-12-19
2026-12-05,wk inc flu hosp,2,21,quantile,0.45,54,2026-12-19
2026-12-05,wk inc flu hosp,2,21,quantile,0.5,55,2026-12-19
2026-12-05,wk inc flu hosp,2,21,quantile,0.55,56,2026-12-19
2026-12-05,wk inc flu hosp,2,21,quantile,0.6,60,2026-12-19
2026-12-05,wk inc flu hosp,2,21,quantile,0.65,63,2026-12-19
2026-12-05,wk inc flu hosp,2,21,quantile,0.7,64,2026-12-19
2026-12-05,wk inc flu hosp,2,21,quantile,0.75,68,2026-12-19
2026-12-05,wk inc flu hosp,2,21,quantile,0.8,71,2026-12-19
2026-12-05,wk inc flu hosp,2,21,quantile,0.85,75,2026-12-19
2026-12-05,wk inc flu hosp,2,21,quantile,0.9,83,2026-12-19
2026-12-05,wk inc flu hosp,2,21,quantile,0.95,93,2026-12-19
2026-12-05,wk inc flu hosp,2,21,quantile,0.975,117,2026-12-19
2026-12-05,wk inc flu hosp,2,21,quantile,0.99,126,2026-12-19
2026-12-05,wk inc flu hosp,2,22,quantile,0.01,58,2026-12-19
2026-12-05,wk inc flu hosp,2,22,quantile,0.025,64,2026-12-19
2026-12-05,wk inc flu hosp,2,22,quantile,0.05,74,2026-12-19
2026-12-05,wk inc flu hosp,2,22,quantile,0.1,83,2026-12-19
2026-12-05,wk inc flu hosp,2,22,quantile,0.15,91,2026-12-19
2026-12-05,wk inc flu hosp,2,22,quantile,0.2,94,2026-12-19
2026-12-05,wk inc flu hosp,2,22,quantile,0.25,102,2026-12-19
2026-12-05,wk inc flu hosp,2,22,quantile,0.3,111,2026-12-19
2026-12-05,wk inc flu hosp,2,22,quantile,0.35,115,2026-12-19
2026-12-05,wk inc flu hosp,2,22,quantile,0.4,120,2026-12-19
2026-12-05,wk inc flu hosp,2,22,quantile,0.45,128,2026-12-19
2026-12-05,wk inc flu hosp,2,22,quantile,0.5,132,2026-12-19
2026-12-05,wk inc flu hosp,2,22,quantile,0.55,136,2026-12-19
2026-12-05,wk inc flu hosp,2,22,quantile,0.6,147,2026-12-19
2026-12-05,wk inc flu hosp,2,22,quantile,0.65,152,2026-12-19
2026-12-05,wk inc flu hosp,2,22,quantile,0.7,158,2026-12-19
2026-12-05,wk inc flu hosp,2,22,quantile,0.75,163,2026-12-19
2026-12-05,wk inc flu hosp,2,22,quantile,0.8,170,2026-12-19
2026-12-05,wk inc flu hosp,2,22,quantile,0.85,179,2026-12-19
2026-12-05,wk inc flu hosp,2,22,quantile,0.9,192,2026-12-19
2026-12-05,wk inc flu hosp,2,22,quantile,0.95,262,2026-12-19
2026-12-05,wk inc flu hosp,2,22,quantile,0.975,279,2026-12-19
2026-12-05,wk inc flu hosp,2,22,quantile,0.99,302,2026-12-19
2026-12-05,wk inc flu hosp,2,23,quantile,0.01,4,2026-12-19
2026-12-05,wk inc flu hosp,2,23,quantile,0.025,4,2026-12-19
2026-12-05,wk inc flu hosp,2,23,quantile,0.05,6,2026-12-19
2026-12-05,wk inc flu hosp,2,23,quantile,0.1,8,2026-12-19
2026-12-05,wk inc flu hosp,2,23,quantile,0.15,11,2026-12-19
2026-12-05,wk inc flu hosp,2,23,quantile,0.2,11,2026-12-19
2026-12-05,wk inc flu hosp,2,23,quantile,0.25,12,2026-12-19
2026-12-05,wk inc flu hosp,2,23,quantile,0.3,13,2026-12-19
2026-12-05,wk inc flu hosp,2,23,quantile,0.35,15,2026-12-19
2026-12-05,wk inc flu hosp,2,23,quantile,0.4,15,2026-12-19
2026-12-05,wk inc flu hosp,2,23,quantile,0.45,16,2026-12-19
2026-12-05,wk inc flu hosp,2,23,quantile,0.5,16,2026-12-19
2026-12-05,wk inc flu hosp,2,23,quantile,0.55,17,2026-12-19
2026-12-05,wk inc flu hosp,2,23,quantile,0.6,19,2026-12-19
2026-12-05,wk inc flu hosp,2,23,quantile,0.65,20,2026-12-19
2026-12-05,wk inc flu hosp,2,23,quantile,0.7,22,2026-12-19
2026-12-05,wk inc flu hosp,2,23,quantile,0.75,25,2026-12-19
2026-12-05,wk inc flu hosp,2,23,quantile,0.8,26,2026-12-19
2026-12-05,wk inc flu hosp,2,23,quantile,0.85,28,2026-12-19
2026-12-05,wk inc flu hosp,2,23,quantile,0.9,32,2026-12-19
2026-12-05,wk inc flu hosp,2,23,quantile,0.95,41,2026-12-19
2026-12-05,wk inc flu hosp,2,23,quantile,0.975,46,2026-12-19
2026-12-05,wk inc flu hosp,2,23,quantile,0.99,53,2026-12-19
2026-12-05,wk inc flu hosp,2,24,quantile,0.01,29,2026-12-19
2026-12-05,wk inc flu hosp,2,24,quantile,0.025,31,2026-12-19
2026-12-05,wk inc flu hosp,2,24,quantile,0.05,35,2026-12-19
2026-12-05,wk inc flu hosp,2,24,quantile,0.1,41,2026-12-19
2026-12-05,wk inc flu hosp,2,24,quantile,0.15,46,2026-12-19
2026-12-05,wk inc flu hosp,2,24,quantile,0.2,51,2026-12-19
2026-12-05,wk inc flu hosp,2,24,quantile,0.25,55,2026-12-19
2026-12-05,wk inc flu hosp,2,24,quantile,0.3,58,2026-12-19
2026-12-05,wk inc flu hosp,2,24,quantile,0.35,63,2026-12-19
2026-12-05,wk inc flu hosp,2,24,quantile,0.4,67,2026-12-19
2026-12-05,wk inc flu hosp,2,24,quantile,0.45,71,2026-12-19
2026-12-05,wk inc flu hosp,2,24,quantile,0.5,75,2026-12-19
2026-12-05,wk inc flu hosp,2,24,quantile,0.55,77,2026-12-19
2026-12-05,wk inc flu hosp,2,24,quantile,0.6,80,2026-12-19
2026-12-05,wk inc flu hosp,2,24,quantile,0.65,84,2026-12-19
2026-12-05,wk inc flu hosp,2,24,quantile,0.7,95,2026-12-19
2026-12-05,wk inc flu hosp,2,24,quantile,0.75,103,2026-12-19
2026-12-05,wk inc flu hosp,2,24,quantile,0.8,107,2026-12-19
2026-12-05,wk inc flu hosp,2,24,quantile,0.85,114,2026-12-19
2026-12-05,wk inc flu hosp,2,24,quantile,0.9,118,2026-12-19
2026-12-05,wk inc flu hosp,2,24,quantile,0.95,137,2026-12-19
2026-12-05,wk inc flu hosp,2,24,quantile,0.975,156,2026-12-19
2026-12-05,wk inc flu hosp,2,24,quantile,0.99,164,2026-12-19
2026-12-05,wk inc flu hosp,2,25,quantile,0.01,48,2026-12-19
2026-12-05,wk inc flu hosp,2,25,quantile,0.025,56,2026-12-19
2026-12-05,wk inc flu hosp,2,25,quantile,0.05,59,2026-12-19
2026-12-05,wk inc flu hosp,2,25,quantile,0.1,75,2026-12-19
2026-12-05,wk inc flu hosp,2,25,quantile,0.15,80,2026-12-19
2026-12-05,wk inc flu hosp,2,25,quantile,0.2,87,2026-12-19
2026-12-05,wk inc flu hosp,2,25,quantile,0.25,92,2026-12-19
2026-12-05,wk inc flu hosp,2,25,quantile,0.3,101,2026-12-19
2026-12-05,wk inc flu hosp,2,25,quantile,0.35,112,2026-12-19
2026-12-05,wk inc flu hosp,2,25,quantile,0.4,119,2026-12-19
2026-12-05,wk inc flu hosp,2,25,quantile,0.45,124,2026-12-19
2026-12-05,wk inc flu hosp,2,25,quantile,0.5,133,2026-12-19
2026-12-05,wk inc flu hosp,2,25,quantile,0.55,138,2026-12-19
2026-12-05,wk inc flu hosp,2,25,quantile,0.6,147,2026-12-19
2026-12-05,wk inc flu hosp,2,25,quantile,0.65,155,2026-12-19
2026-12-05,wk inc flu hosp,2,25,quantile,0.7,165,2026-12-19
2026-12-05,wk inc flu hosp,2,25,quantile,0.75,179,2026-12-19
2026-12-05,wk inc flu hosp,2,25,quantile,0.8,188,2026-12-19
2026-12-05,wk inc flu hosp,2,25,quantile,0.85,202,2026-12-19
2026-12-05,wk inc flu hosp,2,25,quantile,0.9,214,2026-12-19
2026-12-05,wk inc flu hosp,2,25,quantile,0.95,250,2026-12-19
2026-12-05,wk inc flu hosp,2,25,quantile,0.975,279,2026-12-19
2026-12-05,wk inc flu hosp,2,25,quantile,0.99,307,2026-12-19
2026-12-05,wk inc flu hosp,2,26,quantile,0.01,55,2026-12-19
2026-12-05,wk inc flu hosp,2,26,quantile,0.025,57,2026-12-19
2026-12-05,wk inc flu hosp,2,26,quantile,0.05,69,2026-12-19
2026-12-05,wk inc flu hosp,2,26,quantile,0.1,76,2026-12-19
2026-12-05,wk inc flu hosp,2,26,quantile,0.15,83,2026-12-19
2026-12-05,wk inc flu hosp,2,26,quantile,0.2,90,2026-12-19
2026-12-05,wk inc flu hosp,2,26,quantile,0.25,94,2026-12-19
2026-12-05,wk inc flu hosp,2,26,quantile,0.3,99,2026-12-19
2026-12-05,wk inc flu hosp,2,26,quantile,0.35,103,2026-12-19
2026-12-05,wk inc flu hosp,2,26,quantile,0.4,107,2026-12-19
2026-12-05,wk inc flu hosp,2,26,quantile,0.45,115,2026-12-19
2026-12-05,wk inc flu hosp,2,26,quantile,0.5,118,2026-12-19
2026-12-05,wk inc flu hosp,2,26,quantile,0.55,123,2026-12-19
2026-12-05,wk inc flu hosp,2,26,quantile,0.6,128,2026-12-19
2026-12-05,wk inc flu hosp,2,26,quantile,0.65,130,2026-12-19
2026-12-05,wk inc flu hosp,2,26,quantile,0.7,134,2026-12-19
2026-12-05,wk inc flu hosp,2,26,quantile,0.75,146,2026-12-19
2026-12-05,wk inc flu hosp,2,26,quantile,0.8,155,2026-12-19
2026-12-05,wk inc flu hosp,2,26,quantile,0.85,164,2026-12-19
2026-12-05,wk inc flu hosp,2,26,quantile,0.9,175,2026-12-19
2026-12-05,wk inc flu hosp,2,26,quantile,0.95,200,2026-12-19
2026-12-05,wk inc flu hosp,2,26,quantile,0.975,220,2026-12-19
2026-12-05,wk inc flu hosp,2,26,quantile,0.99,227,2026-12-19
2026-12-05,wk inc flu hosp,2,27,quantile,0.01,25,2026-12-19
2026-12-05,wk inc flu hosp,2,27,quantile,0.025,32,2026-12-19
2026-12-05,wk inc flu hosp,2,27,quantile,0.05,37,2026-12-19
2026-12-05,wk inc flu hosp,2,27,quantile,0.1,42,2026-12-19
2026-12-05,wk inc flu hosp,2,27,quantile,0.15,47,2026-12-19
2026-12-05,wk inc flu hosp,2,27,quantile,0.2,52,2026-12-19
2026-12-05,wk inc flu hosp,2,27,quantile,0.25,54,2026-12-19
2026-12-05,wk inc flu hosp,2,27,quantile,0.3,61,2026-12-19
2026-12-05,wk inc flu hosp,2,27,quantile,0.35,66,2026-12-19
2026-12-05,wk inc flu hosp,2,27,quantile,0.4,70,2026-12-19
2026-12-05,wk inc flu hosp,2,27,quantile,0.45,73,2026-12-19
2026-12-05,wk inc flu hosp,2,27,quantile,0.5,76,2026-12-19
2026-12-05,wk inc flu hosp,2,27,quantile,0.55,79,2026-12-19
2026-12-05,wk inc flu hosp,2,27,quantile,0.6,82,2026-12-19
2026-12-05,wk inc flu hosp,2,27,quantile,0.65,83,2026-12-19
2026-12-05,wk inc flu hosp,2,27,quantile,0.7,85,2026-12-19
2026-12-05,wk inc flu hosp,2,27,quantile,0.75,93,2026-12-19
2026-12-05,wk inc flu hosp,2,27,quantile,0.8,100,2026-12-19
2026-12-05,wk inc flu hosp,2,27,quantile,0.85,105,2026-12-19
2026-12-05,wk inc flu hosp,2,27,quantile,0.9,127,2026-12-19
2026-12-05,wk inc flu hosp,2,27,quantile,0.95,142,2026-12-19
2026-12-05,wk inc flu hosp,2,27,quantile,0.975,161,2026-12-19
2026-12-05,wk inc flu hosp,2,27,quantile,0.99,179,2026-12-19
2026-12-05,wk inc flu hosp,2,28,quantile,0.01,20,2026-12-19
2026-12-05,wk inc flu hosp,2,28,quantile,0.025,23,2026-12-19
2026-12-05,wk inc flu hosp,2,28,quantile,0.05,28,2026-12-19
2026-12-05,wk inc flu hosp,2,28,quantile,0.1,33,2026-12-19
2026-12-05,wk inc flu hosp,2,28,quantile,0.15,35,2026-12-19
2026-12-05,wk inc flu hosp,2,28,quantile,0.2,40,2026-12-19
2026-12-05,wk inc flu hosp,2,28,quantile,0.25,43,2026-12-19
2026-12-05,wk inc flu hosp,2,28,quantile,0.3,45,2026-12-19
2026-12-05,wk inc flu hosp,2,28,quantile,0.35,48,2026-12-19
2026-12-05,wk inc flu hosp,2,28,quantile,0.4,51,2026-12-19
2026-12-05,wk inc flu hosp,2,28,quantile,0.45,54,2026-12-19
2026-12-05,wk inc flu hosp,2,28,quantile,0.5,58,2026-12-19
2026-12-05,wk inc flu hosp,2,28,quantile,0.55,62,2026-12-19
2026-12-05,wk inc flu hosp,2,28,quantile,0.6,67,2026-12-19
2026-12-05,wk inc flu hosp,2,28,quantile,0.65,70,2026-12-19
2026-12-05,wk inc flu hosp,2,28,quantile,0.7,72,2026-12-19
2026-12-05,wk inc flu hosp,2,28,quantile,0.75,75,2026-12-19
2026-12-05,wk inc flu hosp,2,28,quantile,0.8,78,2026-12-19
2026-12-05,wk inc flu hosp,2,28,quantile,0.85,82,2026-12-19
2026-12-05,wk inc flu hosp,2,28,quantile,0.9,91,2026-12-19
2026-12-05,wk inc flu hosp,2,28,quantile,0.95,117,2026-12-19
2026-12-05,wk inc flu hosp,2,28,quantile,0.975,125,2026-12-19
2026-12-05,wk inc flu hosp,2,28,quantile,0.99,139,2026-12-19
2026-12-05,wk inc flu hosp,2,29,quantile,0.01,25,2026-12-19
2026-12-05,wk inc flu hosp,2,29,quantile,0.025,35,2026-12-19
2026-12-05,wk inc flu hosp,2,29,quantile,0.05,37,2026-12-19
2026-12-05,wk inc flu hosp,2,29,quantile,0.1,48,2026-12-19
2026-12-05,wk inc flu hosp,2,29,quantile,0.15,52,2026-12-19
2026-12-05,wk inc flu hosp,2,29,quantile,0.2,56,2026-12-19
2026-12-05,wk inc flu hosp,2,29,quantile,0.25,59,2026-12-19
2026-12-05,wk inc flu hosp,2,29,quantile,0.3,61,2026-12-19
2026-12-05,wk inc flu hosp,2,29,quantile,0.35,64,2026-12-19
2026-12-05,wk inc flu hosp,2,29,quantile,0.4,66,2026-12-19
2026-12-05,wk inc flu hosp,2,29,quantile,0.45,69,2026-12-19
2026-12-05,wk inc flu hosp,2,29,quantile,0.5,72,2026-12-19
2026-12-05,wk inc flu hosp,2,29,quantile,0.55,75,2026-12-19
2026-12-05,wk inc flu hosp,2,29,quantile,0.6,79,2026-12-19
2026-12-05,wk inc flu hosp,2,29,quantile,0.65,81,2026-12-19
2026-12-05,wk inc flu hosp,2,29,quantile,0.7,84,2026-12-19
2026-12-05,wk inc flu hosp,2,29,quantile,0.75,89,2026-12-19
2026-12-05,wk inc flu hosp,2,29,quantile,0.8,96,2026-12-19
2026-12-05,wk inc flu hosp,2,29,quantile,0.85,101,2026-12-19
2026-12-05,wk inc flu hosp,2,29,quantile,0.9,107,2026-12-19
2026-12-05,wk inc flu hosp,2,29,quantile,0.95,111,2026-12-19
2026-12-05,wk inc flu hosp,2,29,quantile,0.975,119,2026-12-19
2026-12-05,wk inc flu hosp,2,29,quantile,0.99,128,2026-12-19
2026-12-05,wk inc flu hosp,2,30,quantile,0.01,5,2026-12-19
2026-12-05,wk inc flu hosp,2,30,quantile,0.025,7,2026-12-19
2026-12-05,wk inc flu hosp,2,30,quantile,0.05,8,2026-12-19
2026-12-05,wk inc flu hosp,2,30,quantile,0.1,10,2026-12-19
2026-12-05,wk inc flu hosp,2,30,quantile,0.15,11,2026-12-19
2026-12-05,wk inc flu hosp,2,30,quantile,0.2,12,2026-12-19
2026-12-05,wk inc flu hosp,2,30,quantile,0.25,12,2026-12-19
2026-12-05,wk inc flu hosp,2,30,quantile,0.3,13,2026-12-19
2026-12-05,wk inc flu hosp,2,30,quantile,0.35,14,2026-12-19
2026-12-05,wk inc flu hosp,2,30,quantile,0.4,15,2026-12-19
2026-12-05,wk inc flu hosp,2,30,quantile,0.45,16,2026-12-19
2026-12-05,wk inc flu hosp,2,30,quantile,0.5,17,2026-12-19
2026-12-05,wk inc flu hosp,2,30,quantile,0.55,17,2026-12-19
2026-12-05,wk inc flu hosp,2,30,quantile,0.6,19,2026-12-19
2026-12-05,wk inc flu hosp,2,30,quantile,0.65,20,2026-12-19
2026-12-05,wk inc flu hosp,2,30,quantile,0.7,22,2026-12-19
2026-12-05,wk inc flu hosp,2,30,quantile,0.75,24,2026-12-19
2026-12-05,wk inc flu hosp,2,30,quantile,0.8,26,2026-12-19
2026-12-05,wk inc flu hosp,2,30,quantile,0.85,27,2026-12-19
2026-12-05,wk inc flu hosp,2,30,quantile,0.9,29,2026-12-19
2026-12-05,wk inc flu hosp,2,30,quantile,0.95,36,2026-12-19
2026-12-05,wk inc flu hosp,2,30,quantile,0.975,37,2026-12-19
2026-12-05,wk inc flu hosp,2,30,quantile,0.99,48,2026-12-19
2026-12-05,wk inc flu hosp,2,31,quantile,0.01,6,2026-12-19
2026-12-05,wk inc flu hosp,2,31,quantile,0.025,8,2026-12-19
2026-12-05,wk inc flu hosp,2,31,quantile,0.05,9,2026-12-19
2026-12-05,wk inc flu hosp,2,31,quantile,0.1,11,2026-12-19
2026-12-05,wk inc flu hosp,2,31,quantile,0.15,12,2026-12-19
2026-12-05,wk inc flu hosp,2,31,quantile,0.2,13,2026-12-19
2026-12-05,wk inc flu hosp,2,31,quantile,0.25,14,2026-12-19
2026-12-05,wk inc flu hosp,2,31,quantile,0.3,16,2026-12-19
2026-12-05,wk inc flu hosp,2,31,quantile,0.35,17,2026-12-19
2026-12-05,wk inc flu hosp,2,31,quantile,0.4,18,2026-12-19
2026-12-05,wk inc flu hosp,2,31,quantile,0.45,19,2026-12-19
2026-12-05,wk inc flu hosp,2,31,quantile,0.5,20,2026-12-19
2026-12-05,wk inc flu hosp,2,31,quantile,0.55,21,2026-12-19
2026-12-05,wk inc flu hosp,2,31,quantile,0.6,22,2026-12-19
2026-12-05,wk inc flu hosp,2,31,quantile,0.65,23,2026-12-19
2026-12-05,wk inc flu hosp,2,31,quantile,0.7,24,2026-12-19
2026-12-05,wk inc flu hosp,2,31,quantile,0.75,27,2026-12-19
2026-12-05,wk inc flu hosp,2,31,quantile,0.8,28,2026-12-19
2026-12-05,wk inc flu hosp,2,31,quantile,0.85,30,2026-12-19
2026-12-05,wk inc flu hosp,2,31,quantile,0.9,33,2026-12-19
2026-12-05,wk inc flu hosp,2,31,quantile,0.95,38,2026-12-19
2026-12-05,wk inc flu hosp,2,31,quantile,0.975,44,2026-12-19
2026-12-05,wk inc flu hosp,2,31,quantile,0.99,46,2026-12-19
2026-12-05,wk inc flu hosp,2,32,quantile,0.01,20,2026-12-19
2026-12-05,wk inc flu hosp,2,32,quantile,0.025,25,2026-12-19
2026-12-05,wk inc flu hosp,2,32,quantile,0.05,28,2026-12-19
2026-12-05,wk inc flu hosp,2,32,quantile,0.1,31,2026-12-19
2026-12-05,wk inc flu hosp,2,32,quantile,0.15,34,2026-12-19
2026-12-05,wk inc flu hosp,2,32,quantile,0.2,37,2026-12-19
2026-12-05,wk inc flu hosp,2,32,quantile,0.25,39,2026-12-19
2026-12-05,wk inc flu hosp,2,32,quantile,0.3,43,2026-12-19
2026-12-05,wk inc flu hosp,2,32,quantile,0.35,45,2026-12-19
2026-12-05,wk inc flu hosp,2,32,quantile,0.4,47,2026-12-19
2026-12-05,wk inc flu hosp,2,32,quantile,0.45,50,2026-12-19
2026-12-05,wk inc flu hosp,2,32,quantile,0.5,55,2026-12-19
2026-12-05,wk inc flu hosp,2,32,quantile,0.55,56,2026-12-19
2026-12-05,wk inc flu hosp,2,32,quantile,0.6,59,2026-12-19
2026-12-05,wk inc flu hosp,2,32,quantile,0.65,61,2026-12-19
2026-12-05,wk inc flu hosp,2,32,quantile,0.7,63,2026-12-19
2026-12-05,wk inc flu hosp,2,32,quantile,0.75,68,2026-12-19
2026-12-05,wk inc flu hosp,2,32,quantile,0.8,72,2026-12-19
2026-12-05,wk inc flu hosp,2,32,quantile,0.85,76,2026-12-19
2026-12-05,wk inc flu hosp,2,32,quantile,0.9,91,2026-12-19
2026-12-05,wk inc flu hosp,2,32,quantile,0.95,100,2026-12-19
2026-12-05,wk inc flu hosp,2,32,quantile,0.975,114,2026-12-19
2026-12-05,wk inc flu hosp,2,32,quantile,0.99,136,2026-12-19
2026-12-05,wk inc flu hosp,2,33,quantile,0.01,8,2026-12-19
2026-12-05,wk inc flu hosp,2,33,quantile,0.025,10,2026-12-19
2026-12-05,wk inc flu hosp,2,33,quantile,0.05,14,2026-12-19
2026-12-05,wk inc flu hosp,2,33,quantile,0.1,18,2026-12-19
2026-12-05,wk inc flu hosp,2,33,quantile,0.15,20,2026-12-19
2026-12-05,wk inc flu hosp,2,33,quantile,0.2,21,2026-12-19
2026-12-05,wk inc flu hosp,2,33,quantile,0.25,23,2026-12-19
2026-12-05,wk inc flu hosp,2,33,quantile,0.3,24,2026-12-19
2026-12-05,wk inc flu hosp,2,33,quantile,0.35,25,2026-12-19
2026-12-05,wk inc flu hosp,2,33,quantile,0.4,27,2026-12-19
2026-12-05,wk inc flu hosp,2,33,quantile,0.45,28,2026-12-19
2026-12-05,wk inc flu hosp,2,33,quantile,0.5,29,2026-12-19
2026-12-05,wk inc flu hosp,2,33,quantile,0.55,31,2026-12-19
2026-12-05,wk inc flu hosp,2,33,quantile,0.6,31,2026-12-19
2026-12-05,wk inc flu hosp,2,33,quantile,0.65,33,2026-12-19
2026-12-05,wk inc flu hosp,2,33,quantile,0.7,34,2026-12-19
2026-12-05,wk inc flu hosp,2,33,quantile,0.75,36,2026-12-19
2026-12-05,wk inc flu hosp,2,33,quantile,0.8,38,2026-12-19
2026-12-05,wk inc flu hosp,2,33,quantile,0.85,41,2026-12-19
2026-12-05,wk inc flu hosp,2,33,quantile,0.9,43,2026-12-19
2026-12-05,wk inc flu hosp,2,33,quantile,0.95,50,2026-12-19
2026-12-05,wk inc flu hosp,2,33,quantile,0.975,60,2026-12-19
2026-12-05,wk inc flu hosp,2,33,quantile,0.99,65,2026-12-19
2026-12-05,wk inc flu hosp,2,34,quantile,0.01,113,2026-12-19
2026-12-05,wk inc flu hosp,2,34,quantile,0.025,128,2026-12-19
2026-12-05,wk inc flu hosp,2,34,quantile,0.05,138,2026-12-19
2026-12-05,wk inc flu hosp,2,34,quantile,0.1,147,2026-12-19
2026-12-05,wk inc flu hosp,2,34,quantile,0.15,160,2026-12-19
2026-12-05,wk inc flu hosp,2,34,quantile,0.2,169,2026-12-19
2026-12-05,wk inc flu hosp,2,34,quantile,0.25,181,2026-12-19
2026-12-05,wk inc flu hosp,2,34,quantile,0.3,193,2026-12-19
2026-12-05,wk inc flu hosp,2,34,quantile,0.35,203,2026-12-19
2026-12-05,wk inc flu hosp,2,34,quantile,0.4,208,2026-12-19
2026-12-05,wk inc flu hosp,2,34,quantile,0.45,218,2026-12-19
2026-12-05,wk inc flu hosp,2,34,quantile,0.5,226,2026-12-19
2026-12-05,wk inc flu hosp,2,34,quantile,0.55,236,2026-12-19
2026-12-05,wk inc flu hosp,2,34,quantile,0.6,249,2026-12-19
2026-12-05,wk inc flu hosp,2,34,quantile,0.65,275,2026-12-19
2026-12-05,wk inc flu hosp,2,34,quantile,0.7,289,2026-12-19
2026-12-05,wk inc flu hosp,2,34,quantile,0.75,307,2026-12-19
2026-12-05,wk inc flu hosp,2,34,quantile,0.8,326,2026-12-19
2026-12-05,wk inc flu hosp,2,34,quantile,0.85,343,2026-12-19
2026-12-05,wk inc flu hosp,2,34,quantile,0.9,371,2026-12-19
2026-12-05,wk inc flu hosp,2,34,quantile,0.95,464,2026-12-19
2026-12-05,wk inc flu hosp,2,34,quantile,0.975,500,2026-12-19
2026-12-05,wk inc flu hosp,2,34,quantile,0.99,555,2026-12-19
2026-12-05,wk inc flu hosp,2,35,quantile,0.01,21,2026-12-19
2026-12-05,wk inc flu hosp,2,35,quantile,0.025,22,2026-12-19
2026-12-05,wk inc flu hosp,2,35,quantile,0.05,28,2026-12-19
2026-12-05,wk inc flu hosp,2,35,quantile,0.1,31,2026-12-19
2026-12-05,wk inc flu hosp,2,35,quantile,0.15,34,2026-12-19
2026-12-05,wk inc flu hosp,2,35,quantile,0.2,37,2026-12-19
2026-12-05,wk inc flu hosp,2,35,quantile,0.25,40,2026-12-19
2026-12-05,wk inc flu hosp,2,35,quantile,0.3,42,2026-12-19
2026-12-05,wk inc flu hosp,2,35,quantile,0.35,44,2026-12-19
2026-12-05,wk inc flu hosp,2,35,quantile,0.4,46,2026-12-19
2026-12-05,wk inc flu hosp,2,35,quantile,0.45,49,2026-12-19
2026-12-05,wk inc flu hosp,2,35,quantile,0.5,50,2026-12-19
2026-12-05,wk inc flu hosp,2,35,quantile,0.55,53,2026-12-19
2026-12-05,wk inc flu hosp,2,35,quantile,0.6,55,2026-12-19
2026-12-05,wk inc flu hosp,2,35,quantile,0.65,61,2026-12-19
2026-12-05,wk inc flu hosp,2,35,quantile,0.7,64,2026-12-19
2026-12-05,wk inc flu hosp,2,35,quantile,0.75,67,2026-12-19
2026-12-05,wk inc flu hosp,2,35,quantile,0.8,73,2026-12-19
2026-12-05,wk inc flu hosp,2,35,quantile,0.85,82,2026-12-19
2026-12-05,wk inc flu hosp,2,35,quantile,0.9,92,2026-12-19
2026-12-05,wk inc flu hosp,2,35,quantile,0.95,106,2026-12-19
2026-12-05,wk inc flu hosp,2,35,quantile,0.975,114,2026-12-19
2026-12-05,wk inc flu hosp,2,35,quantile,0.99,119,2026-12-19
2026-12-05,wk inc flu hosp,2,36,quantile,0.01,378,2026-12-19
2026-12-05,wk inc flu hosp,2,36,quantile,0.025,420,2026-12-19
2026-12-05,wk inc flu hosp,2,36,quantile,0.05,447,2026-12-19
2026-12-05,wk inc flu hosp,2,36,quantile,0.1,512,2026-12-19
2026-12-05,wk inc flu hosp,2,36,quantile,0.15,563,2026-12-19
2026-12-05,wk inc flu hosp,2,36,quantile,0.2,586,2026-12-19
2026-12-05,wk inc flu hosp,2,36,quantile,0.25,615,2026-12-19
2026-12-05,wk inc flu hosp,2,36,quantile,0.3,649,2026-12-19
2026-12-05,wk inc flu hosp,2,36,quantile,0.35,706,2026-12-19
2026-12-05,wk inc flu hosp,2,36,quantile,0.4,724,2026-12-19
2026-12-05,wk inc flu hosp,2,36,quantile,0.45,748,2026-12-19
2026-12-05,wk inc flu hosp,2,36,quantile,0.5,784,2026-12-19
2026-12-05,wk inc flu hosp,2,36,quantile,0.55,812,2026-12-19
2026-12-05,wk inc flu hosp,2,36,quantile,0.6,843,2026-12-19
2026-12-05,wk inc flu hosp,2,36,quantile,0.65,861,2026-12-19
2026-12-05,wk inc flu hosp,2,36,quantile,0.7,900,2026-12-19
2026-12-05,wk inc flu hosp,2,36,quantile,0.75,930,2026-12-19
2026-12-05,wk inc flu hosp,2,36,quantile,0.8,978,2026-12-19
2026-12-05,wk inc flu hosp,2,36,quantile,0.85,1022,2026-12-19
2026-12-05,wk inc flu hosp,2,36,quantile,0.9,1064,2026-12-19
2026-12-05,wk inc flu hosp,2,36,quantile,0.95,1187,2026-12-19
2026-12-05,wk inc flu hosp,2,36,quantile,0.975,1356,2026-12-19
2026-12-05,wk inc flu hosp,2,36,quantile,0.99,1428,2026-12-19
2026-12-05,wk inc flu hosp,2,37,quantile,0.01,76,2026-12-19
2026-12-05,wk inc flu hosp,2,37,quantile,0.025,84,2026-12-19
2026-12-05,wk inc flu hosp,2,37,quantile,0.05,98,2026-12-19
2026-12-05,wk inc flu hosp,2,37,quantile,0.1,124,2026-12-19
2026-12-05,wk inc flu hosp,2,37,quantile,0.15,139,2026-12-19
2026-12-05,wk inc flu hosp,2,37,quantile,0.2,150,2026-12-19
2026-12-05,wk inc flu hosp,2,37,quantile,0.25,158,2026-12-19
2026-12-05,wk inc flu hosp,2,37,quantile,0.3,168,2026-12-19
2026-12-05,wk inc flu hosp,2,37,quantile,0.35,181,2026-12-19
2026-12-05,wk inc flu hosp,2,37,quantile,0.4,188,2026-12-19
2026-12-05,wk inc flu hosp,2,37,quantile,0.45,203,2026-12-19
2026-12-05,wk inc flu hosp,2,37,quantile,0.5,216,2026-12-19
2026-12-05,wk inc flu hosp,2,37,quantile,0.55,229,2026-12-19
2026-12-05,wk inc flu hosp,2,37,quantile,0.6,243,2026-12-19
2026-12-05,wk inc flu hosp,2,37,quantile,0.65,254,2026-12-19
2026-12-05,wk inc flu hosp,2,37,quantile,0.7,275,2026-12-19
2026-12-05,wk inc flu hosp,2,37,quantile,0.75,292,2026-12-19
2026-12-05,wk inc flu hosp,2,37,quantile,0.8,310,2026-12-19
2026-12-05,wk inc flu hosp,2,37,quantile,0.85,356,2026-12-19
2026-12-05,wk inc flu hosp,2,37,quantile,0.9,392,2026-12-19
2026-12-05,wk inc flu hosp,2,37,quantile,0.95,467,2026-12-19
2026-12-05,wk inc flu hosp,2,37,quantile,0.975,493,2026-12-19
2026-12-05,wk inc flu hosp,2,37,quantile,0.99,539,2026-12-19
2026-12-05,wk inc flu hosp,2,38,quantile,0.01,4,2026-12-19
2026-12-05,wk inc flu hosp,2,38,quantile,0.025,5,2026-12-19
2026-12-05,wk inc flu hosp,2,38,quantile,0.05,6,2026-12-19
2026-12-05,wk inc flu hosp,2,38,quantile,0.1,7,2026-12-19
2026-12-05,wk inc flu hosp,2,38,quantile,0.15,8,2026-12-19
2026-12-05,wk inc flu hosp,2,38,quantile,0.2,10,2026-12-19
2026-12-05,wk inc flu hosp,2,38,quantile,0.25,11,2026-12-19
2026-12-05,wk inc flu hosp,2,38,quantile,0.3,11,2026-12-19
2026-12-05,wk inc flu hosp,2,38,quantile,0.35,12,2026-12-19
2026-12-05,wk inc flu hosp,2,38,quantile,0.4,13,2026-12-19
2026-12-05,wk inc flu hosp,2,38,quantile,0.45,14,2026-12-19
2026-12-05,wk inc flu hosp,2,38,quantile,0.5,15,2026-12-19
2026-12-05,wk inc flu hosp,2,38,quantile,0.55,16,2026-12-19
2026-12-05,wk inc flu hosp,2,38,quantile,0.6,17,2026-12-19
2026-12-05,wk inc flu hosp,2,38,quantile,0.65,18,2026-12-19
2026-12-05,wk inc flu hosp,2,38,quantile,0.7,18,2026-12-19
2026-12-05,wk inc flu hosp,2,38,quantile,0.75,21,2026-12-19
2026-12-05,wk inc flu hosp,2,38,quantile,0.8,22,2026-12-19
2026-12-05,wk inc flu hosp,2,38,quantile,0.85,23,2026-12-19
2026-12-05,wk inc flu hosp,2,38,quantile,0.9,25,2026-12-19
2026-12-05,wk inc flu hosp,2,38,quantile,0.95,27,2026-12-19
2026-12-05,wk inc flu hosp,2,38,quantile,0.975,30,2026-12-19
2026-12-05,wk inc flu hosp,2,38,quantile,0.99,36,2026-12-19
2026-12-05,wk inc flu hosp,2,39,quantile,0.01,66,2026-12-19
2026-12-05,wk inc flu hosp,2,39,quantile,0.025,80,2026-12-19
2026-12-05,wk inc flu hosp,2,39,quantile,0.05,84,2026-12-19
2026-12-05,wk inc flu hosp,2,39,quantile,0.1,92,2026-12-19
2026-12-05,wk inc flu hosp,2,39,quantile,0.15,104,2026-12-19
2026-12-05,wk inc flu hosp,2,39,quantile,0.2,114,2026-12-19
2026-12-05,wk inc flu hosp,2,39,quantile,0.25,121,2026-12-19
2026-12-05,wk inc flu hosp,2,39,quantile,0.3,128,2026-12-19
2026-12-05,wk inc flu hosp,2,39,quantile,0.35,133,2026-12-19
2026-12-05,wk inc flu hosp,2,39,quantile,0.4,137,2026-12-19
2026-12-05,wk inc flu hosp,2,39,quantile,0.45,143,2026-12-19
2026-12-05,wk inc flu hosp,2,39,quantile,0.5,152,2026-12-19
2026-12-05,wk inc flu hosp,2,39,quantile,0.55,158,2026-12-19
2026-12-05,wk inc flu hosp,2,39,quantile,0.6,163,2026-12-19
2026-12-05,wk inc flu hosp,2,39,quantile,0.65,174,2026-12-19
2026-12-05,wk inc flu hosp,2,39,quantile,0.7,183,2026-12-19
2026-12-05,wk inc flu hosp,2,39,quantile,0.75,194,2026-12-19
2026-12-05,wk inc flu hosp,2,39,quantile,0.8,198,2026-12-19
2026-12-05,wk inc flu hosp,2,39,quantile,0.85,203,2026-12-19
2026-12-05,wk inc flu hosp,2,39,quantile,0.9,232,2026-12-19
2026-12-05,wk inc flu hosp,2,39,quantile,0.95,256,2026-12-19
2026-12-05,wk inc flu hosp,2,39,quantile,0.975,276,2026-12-19
2026-12-05,wk inc flu hosp,2,39,quantile,0.99,388,2026-12-19
2026-12-05,wk inc flu hosp,2,40,quantile,0.01,10,2026-12-19
2026-12-05,wk inc flu hosp,2,40,quantile,0.025,13,2026-12-19
2026-12-05,wk inc flu hosp,2,40,quantile,0.05,15,2026-12-19
2026-12-05,wk inc flu hosp,2,40,quantile,0.1,18,2026-12-19
2026-12-05,wk inc flu hosp,2,40,quantile,0.15,22,2026-12-19
2026-12-05,wk inc flu hosp,2,40,quantile,0.2,24,2026-12-19
2026-12-05,wk inc flu hosp,2,40,quantile,0.25,26,2026-12-19
2026-12-05,wk inc flu hosp,2,40,quantile,0.3,27,2026-12-19
2026-12-05,wk inc flu hosp,2,40,quantile,0.35,29,2026-12-19
2026-12-05,wk inc flu hosp,2,40,quantile,0.4,30,2026-12-19
2026-12-05,wk inc flu hosp,2,40,quantile,0.45,31,2026-12-19
2026-12-05,wk inc flu hosp,2,40,quantile,0.5,32,2026-12-19
2026-12-05,wk inc flu hosp,2,40,quantile,0.55,37,2026-12-19
2026-12-05,wk inc flu hosp,2,40,quantile,0.6,39,2026-12-19
2026-12-05,wk inc flu hosp,2,40,quantile,0.65,42,2026-12-19
2026-12-05,wk inc flu hosp,2,40,quantile,0.7,44,2026-12-19
2026-12-05,wk inc flu hosp,2,40,quantile,0.75,48,2026-12-19
2026-12-05,wk inc flu hosp,2,40,quantile,0.8,53,2026-12-19
2026-12-05,wk inc flu hosp,2,40,quantile,0.85,58,2026-12-19
2026-12-05,wk inc flu hosp,2,40,quantile,0.9,64,2026-12-19
2026-12-05,wk inc flu hosp,2,40,quantile,0.95,76,2026-12-19
2026-12-05,wk inc flu hosp,2,40,quantile,0.975,86,2026-12-19
2026-12-05,wk inc flu hosp,2,40,quantile,0.99,107,2026-12-19
2026-12-05,wk inc flu hosp,2,41,quantile,0.01,24,2026-12-19
2026-12-05,wk inc flu hosp,2,41,quantile,0.025,26,2026-12-19
2026-12-05,wk inc flu hosp,2,41,quantile,0.05,28,2026-12-19
2026-12-05,wk inc flu hosp,2,41,quantile,0.1,33,2026-12-19
2026-12-05,wk inc flu hosp,2,41,quantile,0.15,36,2026-12-19
2026-12-05,wk inc flu hosp,2,41,quantile,0.2,39,2026-12-19
2026-12-05,wk inc flu hosp,2,41,quantile,0.25,41,2026-12-19
2026-12-05,wk inc flu hosp,2,41,quantile,0.3,43,2026-12-19
2026-12-05,wk inc flu hosp,2,41,quantile,0.35,45,2026-12-19
2026-12-05,wk inc flu hosp,2,41,quantile,0.4,48,2026-12-19
2026-12-05,wk inc flu hosp,2,41,quantile,0.45,48,2026-12-19
2026-12-05,wk inc flu hosp,2,41,quantile,0.5,49,2026-12-19
2026-12-05,wk inc flu hosp,2,41,quantile,0.55,52,2026-12-19
2026-12-05,wk inc flu hosp,2,41,quantile,0.6,55,2026-12-19
2026-12-05,wk inc flu hosp,2,41,quantile,0.65,59,2026-12-19
2026-12-05,wk inc flu hosp,2,41,quantile,0.7,62,2026-12-19
2026-12-05,wk inc flu hosp,2,41,quantile,0.75,67,2026-12-19
2026-12-05,wk inc flu hosp,2,41,quantile,0.8,70,2026-12-19
2026-12-05,wk inc flu hosp,2,41,quantile,0.85,76,2026-12-19
2026-12-05,wk inc flu hosp,2,41,quantile,0.9,84,2026-12-19
2026-12-05,wk inc flu hosp,2,41,quantile,0.95,98,2026-12-19
2026-12-05,wk inc flu hosp,2,41,quantile,0.975,112,2026-12-19
2026-12-05,wk inc flu hosp,2,41,quantile,0.99,132,2026-12-19
2026-12-05,wk inc flu hosp,2,42,quantile,0.01,138,2026-12-19
2026-12-05,wk inc flu hosp,2,42,quantile,0.025,159,2026-12-19
2026-12-05,wk inc flu hosp,2,42,quantile,0.05,181,2026-12-19
2026-12-05,wk inc flu hosp,2,42,quantile,0.1,202,2026-12-19
2026-12-05,wk inc flu hosp,2,42,quantile,0.15,216,2026-12-19
2026-12-05,wk inc flu hosp,2,42,quantile,0.2,222,2026-12-19
2026-12-05,wk inc flu hosp,2,42,quantile,0.25,234,2026-12-19
2026-12-05,wk inc flu hosp,2,42,quantile,0.3,252,2026-12-19
2026-12-05,wk inc flu hosp,2,42,quantile,0.35,274,2026-12-19
2026-12-05,wk inc flu hosp,2,42,quantile,0.4,286,2026-12-19
2026-12-05,wk inc flu hosp,2,42,quantile,0.45,298,2026-12-19
2026-12-05,wk inc flu hosp,2,42,quantile,0.5,317,2026-12-19
2026-12-05,wk inc flu hosp,2,42,quantile,0.55,324,2026-12-19
2026-12-05,wk inc flu hosp,2,42,quantile,0.6,337,2026-12-19
2026-12-05,wk inc flu hosp,2,42,quantile,0.65,349,2026-12-19
2026-12-05,wk inc flu hosp,2,42,quantile,0.7,368,2026-12-19
2026-12-05,wk inc flu hosp,2,42,quantile,0.75,374,2026-12-19
2026-12-05,wk inc flu hosp,2,42,quantile,0.8,403,2026-12-19
2026-12-05,wk inc flu hosp,2,42,quantile,0.85,438,2026-12-19
2026-12-05,wk inc flu hosp,2,42,quantile,0.9,476,2026-12-19
2026-12-05,wk inc flu hosp,2,42,quantile,0.95,518,2026-12-19
2026-12-05,wk inc flu hosp,2,42,quantile,0.975,615,2026-12-19
2026-12-05,wk inc flu hosp,2,42,quantile,0.99,633,2026-12-19
2026-12-05,wk inc flu hosp,2,44,quantile,0.01,12,2026-12-19
2026-12-05,wk inc flu hosp,2,44,quantile,0.025,15,2026-12-19
2026-12-05,wk inc flu hosp,2,44,quantile,0.05,17,2026-12-19
2026-12-05,wk inc flu hosp,2,44,quantile,0.1,21,2026-12-19
2026-12-05,wk inc flu hosp,2,44,quantile,0.15,23,2026-12-19
2026-12-05,wk inc flu hosp,2,44,quantile,0.2,25,2026-12-19
2026-12-05,wk inc flu hosp,2,44,quantile,0.25,26,2026-12-19
2026-12-05,wk inc flu hosp,2,44,quantile,0.3,29,2026-12-19
2026-12-05,wk inc flu hosp,2,44,quantile,0.35,31,2026-12-19
2026-12-05,wk inc flu hosp,2,44,quantile,0.4,32,2026-12-19
2026-12-05,wk inc flu hosp,2,44,quantile,0.45,33,2026-12-19
2026-12-05,wk inc flu hosp,2,44,quantile,0.5,36,2026-12-19
2026-12-05,wk inc flu hosp,2,44,quantile,0.55,37,2026-12-19
2026-12-05,wk inc flu hosp,2,44,quantile,0.6,39,2026-12-19
2026-12-05,wk inc flu hosp,2,44,quantile,0.65,42,2026-12-19
2026-12-05,wk inc flu hosp,2,44,quantile,0.7,44,2026-12-19
2026-12-05,wk inc flu hosp,2,44,quantile,0.75,46,2026-12-19
2026-12-05,wk inc flu hosp,2,44,quantile,0.8,48,2026-12-19
2026-12-05,wk inc flu hosp,2,44,quantile,0.85,53,2026-12-19
2026-12-05,wk inc flu hosp,2,44,quantile,0.9,60,2026-12-19
2026-12-05,wk inc flu hosp,2,44,quantile,0.95,69,2026-12-19
2026-12-05,wk inc flu hosp,2,44,quantile,0.975,72,2026-12-19
2026-12-05,wk inc flu hosp,2,44,quantile,0.99,85,2026-12-19
2026-12-05,wk inc flu hosp,2,45,quantile,0.01,60,2026-12-19
2026-12-05,wk inc flu hosp,2,45,quantile,0.025,66,2026-12-19
2026-12-05,wk inc flu hosp,2,45,quantile,0.05,67,2026-12-19
2026-12-05,wk inc flu hosp,2,45,quantile,0.1,77,2026-12-19
2026-12-05,wk inc flu hosp,2,45,quantile,0.15,89,2026-12-19
2026-12-05,wk inc flu hosp,2,45,quantile,0.2,100,2026-12-19
2026-12-05,wk inc flu hosp,2,45,quantile,0.25,105,2026-12-19
2026-12-05,wk inc flu hosp,2,45,quantile,0.3,111,2026-12-19
2026-12-05,wk inc flu hosp,2,45,quantile,0.35,116,2026-12-19
2026-12-05,wk inc flu hosp,2,45,quantile,0.4,128,2026-12-19
2026-12-05,wk inc flu hosp,2,45,quantile,0.45,136,2026-12-19
2026-12-05,wk inc flu hosp,2,45,quantile,0.5,146,2026-12-19
2026-12-05,wk inc flu hosp,2,45,quantile,0.55,150,2026-12-19
2026-12-05,wk inc flu hosp,2,45,quantile,0.6,153,2026-12-19
2026-12-05,wk inc flu hosp,2,45,quantile,0.65,162,2026-12-19
2026-12-05,wk inc flu hosp,2,45,quantile,0.7,173,2026-12-19
2026-12-05,wk inc flu hosp,2,45,quantile,0.75,183,2026-12-19
2026-12-05,wk inc flu hosp,2,45,quantile,0.8,204,2026-12-19
2026-12-05,wk inc flu hosp,2,45,quantile,0.85,218,2026-12-19
2026-12-05,wk inc flu hosp,2,45,quantile,0.9,244,2026-12-19
2026-12-05,wk inc flu hosp,2,45,quantile,0.95,302,2026-12-19
2026-12-05,wk inc flu hosp,2,45,quantile,0.975,329,2026-12-19
2026-12-05,wk inc flu hosp,2,45,quantile,0.99,388,2026-12-19
2026-12-05,wk inc flu hosp,2,46,quantile,0.01,2,2026-12-19
2026-12-05,wk inc flu hosp,2,46,quantile,0.025,2,2026-12-19
2026-12-05,wk inc flu hosp,2,46,quantile,0.05,4,2026-12-19
2026-12-05,wk inc flu hosp,2,46,quantile,0.1,5,2026-12-19
2026-12-05,wk inc flu hosp,2,46,quantile,0.15,7,2026-12-19
2026-12-05,wk inc flu hosp,2,46,quantile,0.2,8,2026-12-19
2026-12-05,wk inc flu hosp,2,46,quantile,0.25,9,2026-12-19
2026-12-05,wk inc flu hosp,2,46,quantile,0.3,10,2026-12-19
2026-12-05,wk inc flu hosp,2,46,quantile,0.35,11,2026-12-19
2026-12-05,wk inc flu hosp,2,46,quantile,0.4,11,2026-12-19
2026-12-05,wk inc flu hosp,2,46,quantile,0.45,12,2026-12-19
2026-12-05,wk inc flu hosp,2,46,quantile,0.5,13,2026-12-19
2026-12-05,wk inc flu hosp,2,46,quantile,0.55,14,2026-12-19
2026-12-05,wk inc flu hosp,2,46,quantile,0.6,14,2026-12-19
2026-12-05,wk inc flu hosp,2,46,quantile,0.65,15,2026-12-19
2026-12-05,wk inc flu hosp,2,46,quantile,0.7,16,2026-12-19
2026-12-05,wk inc flu hosp,2,46,quantile,0.75,17,2026-12-19
2026-12-05,wk inc flu hosp,2,46,quantile,0.8,18,2026-12-19
2026-12-05,wk inc flu hosp,2,46,quantile,0.85,20,2026-12-19
2026-12-05,wk inc flu hosp,2,46,quantile,0.9,22,2026-12-19
2026-12-05,wk inc flu hosp,2,46,quantile,0.95,24,2026-12-19
2026-12-05,wk inc flu hosp,2,46,quantile,0.975,25,2026-12-19
2026-12-05,wk inc flu hosp,2,46,quantile,0.99,28,2026-12-19
2026-12-05,wk inc flu hosp,2,47,quantile,0.01,50,2026-12-19
2026-12-05,wk inc flu hosp,2,47,quantile,0.025,55,2026-12-19
2026-12-05,wk inc flu hosp,2,47,quantile,0.05,67,2026-12-19
2026-12-05,wk inc flu hosp,2,47,quantile,0.1,73,2026-12-19
2026-12-05,wk inc flu hosp,2,47,quantile,0.15,77,2026-12-19
2026-12-05,wk inc flu hosp,2,47,quantile,0.2,84,2026-12-19
2026-12-05,wk inc flu hosp,2,47,quantile,0.25,89,2026-12-19
2026-12-05,wk inc flu hosp,2,47,quantile,0.3,94,2026-12-19
2026-12-05,wk inc flu hosp,2,47,quantile,0.35,97,2026-12-19
2026-12-05,wk inc flu hosp,2,47,quantile,0.4,99,2026-12-19
2026-12-05,wk inc flu hosp,2,47,quantile,0.45,102,2026-12-19
2026-12-05,wk inc flu hosp,2,47,quantile,0.5,106,2026-12-19
2026-12-05,wk inc flu hosp,2,47,quantile,0.55,110,2026-12-19
2026-12-05,wk inc flu hosp,2,47,quantile,0.6,113,2026-12-19
2026-12-05,wk inc flu hosp,2,47,quantile,0.65,124,2026-12-19
2026-12-05,wk inc flu hosp,2,47,quantile,0.7,130,2026-12-19
2026-12-05,wk inc flu hosp,2,47,quantile,0.75,134,2026-12-19
2026-12-05,wk inc flu hosp,2,47,quantile,0.8,141,2026-12-19
2026-12-05,wk inc flu hosp,2,47,quantile,0.85,150,2026-12-19
2026-12-05,wk inc flu hosp,2,47,quantile,0.9,169,2026-12-19
2026-12-05,wk inc flu hosp,2,47,quantile,0.95,187,2026-12-19
2026-12-05,wk inc flu hosp,2,47,quantile,0.975,194,2026-12-19
2026-12-05,wk inc flu hosp,2,47,quantile,0.99,230,2026-12-19
2026-12-05,wk inc flu hosp,2,48,quantile,0.01,198,2026-12-19
2026-12-05,wk inc flu hosp,2,48,quantile,0.025,261,2026-12-19
2026-12-05,wk inc flu hosp,2,48,quantile,0.05,297,2026-12-19
2026-12-05,wk inc flu hosp,2,48,quantile,0.1,318,2026-12-19
2026-12-05,wk inc flu hosp,2,48,quantile,0.15,355,2026-12-19
2026-12-05,wk inc flu hosp,2,48,quantile,0.2,375,2026-12-19
2026-12-05,wk inc flu hosp,2,48,quantile,0.25,401,2026-12-19
2026-12-05,wk inc flu hosp,2,48,quantile,0.3,419,2026-12-19
2026-12-05,wk inc flu hosp,2,48,quantile,0.35,468,2026-12-19
2026-12-05,wk inc flu hosp,2,48,quantile,0.4,501,2026-12-19
2026-12-05,wk inc flu hosp,2,48,quantile,0.45,529,2026-12-19
2026-12-05,wk inc flu hosp,2,48,quantile,0.5,548,2026-12-19
2026-12-05,wk inc flu hosp,2,48,quantile,0.55,599,2026-12-19
2026-12-05,wk inc flu hosp,2,48,quantile,0.6,643,2026-12-19
2026-12-05,wk inc flu hosp,2,48,quantile,0.65,681,2026-12-19
2026-12-05,wk inc flu hosp,2,48,quantile,0.7,704,2026-12-19
2026-12-05,wk inc flu hosp,2,48,quantile,0.75,737,2026-12-19
2026-12-05,wk inc flu hosp,2,48,quantile,0.8,767,2026-12-19
2026-12-05,wk inc flu hosp,2,48,quantile,0.85,815,2026-12-19
2026-12-05,wk inc flu hosp,2,48,quantile,0.9,845,2026-12-19
2026-12-05,wk inc flu hosp,2,48,quantile,0.95,994,2026-12-19
2026-12-05,wk inc flu hosp,2,48,quantile,0.975,1019,2026-12-19
2026-12-05,wk inc flu hosp,2,48,quantile,0.99,1099,2026-12-19
2026-12-05,wk inc flu hosp,2,49,quantile,0.01,21,2026-12-19
2026-12-05,wk inc flu hosp,2,49,quantile,0.025,21,2026-12-19
2026-12-05,wk inc flu hosp,2,49,quantile,0.05,21,2026-12-19
2026-12-05,wk inc flu hosp,2,49,quantile,0.1,25,2026-12-19
2026-12-05,wk inc flu hosp,2,49,quantile,0.15,27,2026-12-19
2026-12-05,wk inc flu hosp,2,49,quantile,0.2,29,2026-12-19
2026-12-05,wk inc flu hosp,2,49,quantile,0.25,32,2026-12-19
2026-12-05,wk inc flu hosp,2,49,quantile,0.3,34,2026-12-19
2026-12-05,wk inc flu hosp,2,49,quantile,0.35,35,2026-12-19
2026-12-05,wk inc flu hosp,2,49,quantile,0.4,37,2026-12-19
2026-12-05,wk inc flu hosp,2,49,quantile,0.45,39,2026-12-19
2026-12-05,wk inc flu hosp,2,49,quantile,0.5,41,2026-12-19
2026-12-05,wk inc flu hosp,2,49,quantile,0.55,43,2026-12-19
2026-12-05,wk inc flu hosp,2,49,quantile,0.6,45,2026-12-19
2026-12-05,wk inc flu hosp,2,49,quantile,0.65,47,2026-12-19
2026-12-05,wk inc flu hosp,2,49,quantile,0.7,50,2026-12-19
2026-12-05,wk inc flu hosp,2,49,quantile,0.75,52,2026-12-19
2026-12-05,wk inc flu hosp,2,49,quantile,0.8,55,2026-12-19
2026-12-05,wk inc flu hosp,2,49,quantile,0.85,58,2026-12-19
2026-12-05,wk inc flu hosp,2,49,quantile,0.9,65,2026-12-19
2026-12-05,wk inc flu hosp,2,49,quantile,0.95,75,2026-12-19
2026-12-05,wk inc flu hosp,2,49,quantile,0.975,80,2026-12-19
2026-12-05,wk inc flu hosp,2,49,quantile,0.99,83,2026-12-19
2026-12-05,wk inc flu hosp,2,50,quantile,0.01,1,2026-12-19
2026-12-05,wk inc flu hosp,2,50,quantile,0.025,1,2026-12-19
2026-12-05,wk inc flu hosp,2,50,quantile,0.05,2,2026-12-19
2026-12-05,wk inc flu hosp,2,50,quantile,0.1,3,2026-12-19
2026-12-05,wk inc flu hosp,2,50,quantile,0.15,4,2026-12-19
2026-12-05,wk inc flu hosp,2,50,quantile,0.2,5,2026-12-19
2026-12-05,wk inc flu hosp,2,50,quantile,0.25,6,2026-12-19
2026-12-05,wk inc flu hosp,2,50,quantile,0.3,7,2026-12-19
2026-12-05,wk inc flu hosp,2,50,quantile,0.35,8,2026-12-19
2026-12-05,wk inc flu hosp,2,50,quantile,0.4,8,2026-12-19
2026-12-05,wk inc flu hosp,2,50,quantile,0.45,9,2026-12-19
2026-12-05,wk inc flu hosp,2,50,quantile,0.5,10,2026-12-19
2026-12-05,wk inc flu hosp,2,50,quantile,0.55,10,2026-12-19
2026-12-05,wk inc flu hosp,2,50,quantile,0.6,12,2026-12-19
2026-12-05,wk inc flu hosp,2,50,quantile,0.65,12,2026-12-19
2026-12-05,wk inc flu hosp,2,50,quantile,0.7,13,2026-12-19
2026-12-05,wk inc flu hosp,2,50,quantile,0.75,14,2026-12-19
2026-12-05,wk inc flu hosp,2,50,quantile,0.8,17,2026-12-19
2026-12-05,wk inc flu hosp,2,50,quantile,0.85,18,2026-12-19
2026-12-05,wk inc flu hosp,2,50,quantile,0.9,20,2026-12-19
2026-12-05,wk inc flu hosp,2,50,quantile,0.95,25,2026-12-19
2026-12-05,wk inc flu hosp,2,50,quantile,0.975,28,2026-12-19
2026-12-05,wk inc flu hosp,2,50,quantile,0.99,30,2026-12-19
2026-12-05,wk inc flu hosp,2,51,quantile,0.01,56,2026-12-19
2026-12-05,wk inc flu hosp,2,51,quantile,0.025,65,2026-12-19
2026-12-05,wk inc flu hosp,2,51,quantile,0.05,69,2026-12-19
2026-12-05,wk inc flu hosp,2,51,quantile,0.1,73,2026-12-19
2026-12-05,wk inc flu hosp,2,51,quantile,0.15,79,2026-12-19
2026-12-05,wk inc flu hosp,2,51,quantile,0.2,82,2026-12-19
2026-12-05,wk inc flu hosp,2,51,quantile,0.25,85,2026-12-19
2026-12-05,wk inc flu hosp,2,51,quantile,0.3,89,2026-12-19
2026-12-05,wk inc flu hosp,2,51,quantile,0.35,92,2026-12-19
2026-12-05,wk inc flu hosp,2,51,quantile,0.4,97,2026-12-19
2026-12-05,wk inc flu hosp,2,51,quantile,0.45,101,2026-12-19
2026-12-05,wk inc flu hosp,2,51,quantile,0.5,106,2026-12-19
2026-12-05,wk inc flu hosp,2,51,quantile,0.55,112,2026-12-19
2026-12-05,wk inc flu hosp,2,51,quantile,0.6,116,2026-12-19
2026-12-05,wk inc flu hosp,2,51,quantile,0.65,120,2026-12-19
2026-12-05,wk inc flu hosp,2,51,quantile,0.7,127,2026-12-19
2026-12-05,wk inc flu hosp,2,51,quantile,0.75,137,2026-12-19
2026-12-05,wk inc flu hosp,2,51,quantile,0.8,148,2026-12-19
2026-12-05,wk inc flu hosp,2,51,quantile,0.85,157,2026-12-19
2026-12-05,wk inc flu hosp,2,51,quantile,0.9,166,2026-12-19
2026-12-05,wk inc flu hosp,2,51,quantile,0.95,184,2026-12-19
2026-12-05,wk inc flu hosp,2,51,quantile,0.975,208,2026-12-19
2026-12-05,wk inc flu hosp,2,51,quantile,0.99,211,2026-12-19
2026-12-05,wk inc flu hosp,2,53,quantile,0.01,25,2026-12-19
2026-12-05,wk inc flu hosp,2,53,quantile,0.025,32,2026-12-19
2026-12-05,wk inc flu hosp,2,53,quantile,0.05,36,2026-12-19
2026-12-05,wk inc flu hosp,2,53,quantile,0.1,44,2026-12-19
2026-12-05,wk inc flu hosp,2,53,quantile,0.15,47,2026-12-19
2026-12-05,wk inc flu hosp,2,53,quantile,0.2,53,2026-12-19
2026-12-05,wk inc flu hosp,2,53,quantile,0.25,57,2026-12-19
2026-12-05,wk inc flu hosp,2,53,quantile,0.3,59,2026-12-19
2026-12-05,wk inc flu hosp,2,53,quantile,0.35,63,2026-12-19
2026-12-05,wk inc flu hosp,2,53,quantile,0.4,65,2026-12-19
2026-12-05,wk inc flu hosp,2,53,quantile,0.45,67,2026-12-19
2026-12-05,wk inc flu hosp,2,53,quantile,0.5,72,2026-12-19
2026-12-05,wk inc flu hosp,2,53,quantile,0.55,77,2026-12-19
2026-12-05,wk inc flu hosp,2,53,quantile,0.6,79,2026-12-19
2026-12-05,wk inc flu hosp,2,53,quantile,0.65,86,2026-12-19
2026-12-05,wk inc flu hosp,2,53,quantile,0.7,90,2026-12-19
2026-12-05,wk inc flu hosp,2,53,quantile,0.75,95,2026-12-19
2026-12-05,wk inc flu hosp,2,53,quantile,0.8,102,2026-12-19
2026-12-05,wk inc flu hosp,2,53,quantile,0.85,114,2026-12-19
2026-12-05,wk inc flu hosp,2,53,quantile,0.9,124,2026-12-19
2026-12-05,wk inc flu hosp,2,53,quantile,0.95,146,2026-12-19
2026-12-05,wk inc flu hosp,2,53,quantile,0.975,156,2026-12-19
2026-12-05,wk inc flu hosp,2,53,quantile,0.99,176,2026-12-19
2026-12-05,wk inc flu hosp,2,54,quantile,0.01,9,2026-12-19
2026-12-05,wk inc flu hosp,2,54,quantile,0.025,11,2026-12-19
2026-12-05,wk inc flu hosp,2,54,quantile,0.05,12,2026-12-19
2026-12-05,wk inc flu hosp,2,54,quantile,0.1,16,2026-12-19
2026-12-05,wk inc flu hosp,2,54,quantile,0.15,17,2026-12-19
2026-12-05,wk inc flu hosp,2,54,quantile,0.2,18,2026-12-19
2026-12-05,wk inc flu hosp,2,54,quantile,0.25,20,2026-12-19
2026-12-05,wk inc flu hosp,2,54,quantile,0.3,21,2026-12-19
2026-12-05,wk inc flu hosp,2,54,quantile,0.35,23,2026-12-19
2026-12-05,wk inc flu hosp,2,54,quantile,0.4,24,2026-12-19
2026-12-05,wk inc flu hosp,2,54,quantile,0.45,26,2026-12-19
2026-12-05,wk inc flu hosp,2,54,quantile,0.5,26,2026-12-19
2026-12-05,wk inc flu hosp,2,54,quantile,0.55,28,2026-12-19
2026-12-05,wk inc flu hosp,2,54,quantile,0.6,30,2026-12-19
2026-12-05,wk inc flu hosp,2,54,quantile,0.65,31,2026-12-19
2026-12-05,wk inc flu hosp,2,54,quantile,0.7,33,2026-12-19
2026-12-05,wk inc flu hosp,2,54,quantile,0.75,34,2026-12-19
2026-12-05,wk inc flu hosp,2,54,quantile,0.8,36,2026-12-19
2026-12-05,wk inc flu hosp,2,54,quantile,0.85,39,2026-12-19
2026-12-05,wk inc flu hosp,2,54,quantile,0.9,43,2026-12-19
2026-12-05,wk inc flu hosp,2,54,quantile,0.95,46,2026-12-19
2026-12-05,wk inc flu hosp,2,54,quantile,0.975,50,2026-12-19
2026-12-05,wk inc flu hosp,2,54,quantile,0.99,52,2026-12-19
2026-12-05,wk inc flu hosp,2,55,quantile,0.01,36,2026-12-19
2026-12-05,wk inc flu hosp,2,55,quantile,0.025,38,2026-12-19
2026-12-05,wk inc flu hosp,2,55,quantile,0.05,44,2026-12-19
2026-12-05,wk inc flu hosp,2,55,quantile,0.1,52,2026-12-19
2026-12-05,wk inc flu hosp,2,55,quantile,0.15,57,2026-12-19
2026-12-05,wk inc flu hosp,2,55,quantile,0.2,62,2026-12-19
2026-12-05,wk inc flu hosp,2,55,quantile,0.25,66,2026-12-19
2026-12-05,wk inc flu hosp,2,55,quantile,0.3,69,2026-12-19
2026-12-05,wk inc flu hosp,2,55,quantile,0.35,72,2026-12-19
2026-12-05,wk inc flu hosp,2,55,quantile,0.4,75,2026-12-19
2026-12-05,wk inc flu hosp,2,55,quantile,0.45,79,2026-12-19
2026-12-05,wk inc flu hosp,2,55,quantile,0.5,82,2026-12-19
2026-12-05,wk inc flu hosp,2,55,quantile,0.55,89,2026-12-19
2026-12-05,wk inc flu hosp,2,55,quantile,0.6,95,2026-12-19
2026-12-05,wk inc flu hosp,2,55,quantile,0.65,100,2026-12-19
2026-12-05,wk inc flu hosp,2,55,quantile,0.7,104,2026-12-19
2026-12-05,wk inc flu hosp,2,55,quantile,0.75,110,2026-12-19
2026-12-05,wk inc flu hosp,2,55,quantile,0.8,118,2026-12-19
2026-12-05,wk inc flu hosp,2,55,quantile,0.85,124,2026-12-19
2026-12-05,wk inc flu hosp,2,55,quantile,0.9,134,2026-12-19
2026-12-05,wk inc flu hosp,2,55,quantile,0.95,168,2026-12-19
2026-12-05,wk inc flu hosp,2,55,quantile,0.975,176,2026-12-19
2026-12-05,wk inc flu hosp,2,55,quantile,0.99,189,2026-12-19
2026-12-05,wk inc flu hosp,2,56,quantile,0.01,1,2026-12-19
2026-12-05,wk inc flu hosp,2,56,quantile,0.025,3,2026-12-19
2026-12-05,wk inc flu hosp,2,56,quantile,0.05,3,2026-12-19
2026-12-05,wk inc flu hosp,2,56,quantile,0.1,5,2026-12-19
2026-12-05,wk inc flu hosp,2,56,quantile,0.15,7,2026-12-19
2026-12-05,wk inc flu hosp,2,56,quantile,0.2,8,2026-12-19
2026-12-05,wk inc flu hosp,2,56,quantile,0.25,9,2026-12-19
2026-12-05,wk inc flu hosp,2,56,quantile,0.3,12,2026-12-19
2026-12-05,wk inc flu hosp,2,56,quantile,0.35,14,2026-12-19
2026-12-05,wk inc flu hosp,2,56,quantile,0.4,15,2026-12-19
2026-12-05,wk inc flu hosp,2,56,quantile,0.45,17,2026-12-19
2026-12-05,wk inc flu hosp,2,56,quantile,0.5,18,2026-12-19
2026-12-05,wk inc flu hosp,2,56,quantile,0.55,19,2026-12-19
2026-12-05,wk inc flu hosp,2,56,quantile,0.6,20,2026-12-19
2026-12-05,wk inc flu hosp,2,56,quantile,0.65,23,2026-12-19
2026-12-05,wk inc flu hosp,2,56,quantile,0.7,25,2026-12-19
2026-12-05,wk inc flu hosp,2,56,quantile,0.75,26,2026-12-19
2026-12-05,wk inc flu hosp,2,56,quantile,0.8,30,2026-12-19
2026-12-05,wk inc flu hosp,2,56,quantile,0.85,34,2026-12-19
2026-12-05,wk inc flu hosp,2,56,quantile,0.9,36,2026-12-19
2026-12-05,wk inc flu hosp,2,56,quantile,0.95,40,2026-12-19
2026-12-05,wk inc flu hosp,2,56,quantile,0.975,46,2026-12-19
2026-12-05,wk inc flu hosp,2,56,quantile,0.99,60,2026-12-19
2026-12-05,wk inc flu hosp,2,72,quantile,0.01,16,2026-12-19
2026-12-05,wk inc flu hosp,2,72,quantile,0.025,20,2026-12-19
2026-12-05,wk inc flu hosp,2,72,quantile,0.05,32,2026-12-19
2026-12-05,wk inc flu hosp,2,72,quantile,0.1,40,2026-12-19
2026-12-05,wk inc flu hosp,2,72,quantile,0.15,46,2026-12-19
2026-12-05,wk inc flu hosp,2,72,quantile,0.2,54,2026-12-19
2026-12-05,wk inc flu hosp,2,72,quantile,0.25,59,2026-12-19
2026-12-05,wk inc flu hosp,2,72,quantile,0.3,68,2026-12-19
2026-12-05,wk inc flu hosp,2,72,quantile,0.35,73,2026-12-19
2026-12-05,wk inc flu hosp,2,72,quantile,0.4,81,2026-12-19
2026-12-05,wk inc flu hosp,2,72,quantile,0.45,90,2026-12-19
2026-12-05,wk inc flu hosp,2,72,quantile,0.5,96,2026-12-19
2026-12-05,wk inc flu hosp,2,72,quantile,0.55,102,2026-12-19
2026-12-05,wk inc flu hosp,2,72,quantile,0.6,109,2026-12-19
2026-12-05,wk inc flu hosp,2,72,quantile,0.65,114,2026-12-19
2026-12-05,wk inc flu hosp,2,72,quantile,0.7,117,2026-12-19
2026-12-05,wk inc flu hosp,2,72,quantile,0.75,127,2026-12-19
2026-12-05,wk inc flu hosp,2,72,quantile,0.8,134,2026-12-19
2026-12-05,wk inc flu hosp,2,72,quantile,0.85,153,2026-12-19
2026-12-05,wk inc flu hosp,2,72,quantile,0.9,179,2026-12-19
2026-12-05,wk inc flu hosp,2,72,quantile,0.95,211,2026-12-19
2026-12-05,wk inc flu hosp,2,72,quantile,0.975,247,2026-12-19
2026-12-05,wk inc flu hosp,2,72,quantile,0.99,326,2026-12-19
2026-12-05,wk inc flu hosp,2,USA,quantile,0.01,5188,2026-12-19
2026-12-05,wk inc flu hosp,2,USA,quantile,0.025,5303,2026-12-19
2026-12-05,wk inc flu hosp,2,USA,quantile,0.05,5396,2026-12-19
2026-12-05,wk inc flu hosp,2,USA,quantile,0.1,5514,2026-12-19
2026-12-05,wk inc flu hosp,2,USA,quantile,0.15,5763,2026-12-19
2026-12-05,wk inc flu hosp,2,USA,quantile,0.2,5887,2026-12-19
2026-12-05,wk inc flu hosp,2,USA,quantile,0.25,6109,2026-12-19
2026-12-05,wk inc flu hosp,2,USA,quantile,0.3,6285,2026-12-19
2026-12-05,wk inc flu hosp,2,USA,quantile,0.35,6357,2026-12-19
2026-12-05,wk inc flu hosp,2,USA,quantile,0.4,6435,2026-12-19
2026-12-05,wk inc flu hosp,2,USA,quantile,0.45,6568,2026-12-19
2026-12-05,wk inc flu hosp,2,USA,quantile,0.5,6682,2026-12-19
2026-12-05,wk inc flu hosp,2,USA,quantile,0.55,6790,2026-12-19
2026-12-05,wk inc flu hosp,2,USA,quantile,0.6,6865,2026-12-19
2026-12-05,wk inc flu hosp,2,USA,quantile,0.65,6917,2026-12-19
2026-12-05,wk inc flu hosp,2,USA,quantile,0.7,6964,2026-12-19
2026-12-05,wk inc flu hosp,2,USA,quantile,0.75,7066,2026-12-19
2026-12-05,wk inc flu hosp,2,USA,quantile,0.8,7250,2026-12-19
2026-12-05,wk inc flu hosp,2,USA,quantile,0.85,7414,2026-12-19
2026-12-05,wk inc flu hosp,2,USA,quantile,0.9,7607,2026-12-19
2026-12-05,wk inc flu hosp,2,USA,quantile,0.95,7834,2026-12-19
2026-12-05,wk inc flu hosp,2,USA,quantile,0.975,8023,2026-12-19
2026-12-05,wk inc flu hosp,2,USA,quantile,0.99,8146,2026-12-19
2026-12-05,wk inc flu hosp,3,01,quantile,0.01,64,2026-12-26
2026-12-05,wk inc flu hosp,3,01,quantile,0.025,68,2026-12-26
2026-12-05,wk inc flu hosp,3,01,quantile,0.05,76,2026-12-26
2026-12-05,wk inc flu hosp,3,01,quantile,0.1,85,2026-12-26
2026-12-05,wk inc flu hosp,3,01,quantile,0.15,93,2026-12-26
2026-12-05,wk inc flu hosp,3,01,quantile,0.2,102,2026-12-26
2026-12-05,wk inc flu hosp,3,01,quantile,0.25,116,2026-12-26
2026-12-05,wk inc flu hosp,3,01,quantile,0.3,121,2026-12-26
2026-12-05,wk inc flu hosp,3,01,quantile,0.35,128,2026-12-26
2026-12-05,wk inc flu hosp,3,01,quantile,0.4,133,2026-12-26
2026-12-05,wk inc flu hosp,3,01,quantile,0.45,141,2026-12-26
2026-12-05,wk inc flu hosp,3,01,quantile,0.5,152,2026-12-26
2026-12-05,wk inc flu hosp,3,01,quantile,0.55,157,2026-12-26
2026-12-05,wk inc flu hosp,3,01,quantile,0.6,165,2026-12-26
2026-12-05,wk inc flu hosp,3,01,quantile,0.65,172,2026-12-26
2026-12-05,wk inc flu hosp,3,01,quantile,0.7,179,2026-12-26
2026-12-05,wk inc flu hosp,3,01,quantile,0.75,189,2026-12-26
2026-12-05,wk inc flu hosp,3,01,quantile,0.8,207,2026-12-26
2026-12-05,wk inc flu hosp,3,01,quantile,0.85,215,2026-12-26
2026-12-05,wk inc flu hosp,3,01,quantile,0.9,223,2026-12-26
2026-12-05,wk inc flu hosp,3,01,quantile,0.95,246,2026-12-26
2026-12-05,wk inc flu hosp,3,01,quantile,0.975,272,2026-12-26
2026-12-05,wk inc flu hosp,3,01,quantile,0.99,307,2026-12-26
2026-12-05,wk inc flu hosp,3,02,quantile,0.01,0,2026-12-26
2026-12-05,wk inc flu hosp,3,02,quantile,0.025,0,2026-12-26
2026-12-05,wk inc flu hosp,3,02,quantile,0.05,1,2026-12-26
2026-12-05,wk inc flu hosp,3,02,quantile,0.1,4,2026-12-26
2026-12-05,wk inc flu hosp,3,02,quantile,0.15,5,2026-12-26
2026-12-05,wk inc flu hosp,3,02,quantile,0.2,7,2026-12-26
2026-12-05,wk inc flu hosp,3,02,quantile,0.25,9,2026-12-26
2026-12-05,wk inc flu hosp,3,02,quantile,0.3,11,2026-12-26
2026-12-05,wk inc flu hosp,3,02,quantile,0.35,12,2026-12-26
2026-12-05,wk inc flu hosp,3,02,quantile,0.4,12,2026-12-26
2026-12-05,wk inc flu hosp,3,02,quantile,0.45,16,2026-12-26
2026-12-05,wk inc flu hosp,3,02,quantile,0.5,18,2026-12-26
2026-12-05,wk inc flu hosp,3,02,quantile,0.55,21,2026-12-26
2026-12-05,wk inc flu hosp,3,02,quantile,0.6,22,2026-12-26
2026-12-05,wk inc flu hosp,3,02,quantile,0.65,24,2026-12-26
2026-12-05,wk inc flu hosp,3,02,quantile,0.7,26,2026-12-26
2026-12-05,wk inc flu hosp,3,02,quantile,0.75,28,2026-12-26
2026-12-05,wk inc flu hosp,3,02,quantile,0.8,30,2026-12-26
2026-12-05,wk inc flu hosp,3,02,quantile,0.85,37,2026-12-26
2026-12-05,wk inc flu hosp,3,02,quantile,0.9,45,2026-12-26
2026-12-05,wk inc flu hosp,3,02,quantile,0.95,61,2026-12-26
2026-12-05,wk inc flu hosp,3,02,quantile,0.975,76,2026-12-26
2026-12-05,wk inc flu hosp,3,02,quantile,0.99,83,2026-12-26
2026-12-05,wk inc flu hosp,3,04,quantile,0.01,190,2026-12-26
2026-12-05,wk inc flu hosp,3,04,quantile,0.025,193,2026-12-26
2026-12-05,wk inc flu hosp,3,04,quantile,0.05,201,2026-12-26
2026-12-05,wk inc flu hosp,3,04,quantile,0.1,220,2026-12-26
2026-12-05,wk inc flu hosp,3,04,quantile,0.15,245,2026-12-26
2026-12-05,wk inc flu hosp,3,04,quantile,0.2,263,2026-12-26
2026-12-05,wk inc flu hosp,3,04,quantile,0.25,274,2026-12-26
2026-12-05,wk inc flu hosp,3,04,quantile,0.3,284,2026-12-26
2026-12-05,wk inc flu hosp,3,04,quantile,0.35,306,2026-12-26
2026-12-05,wk inc flu hosp,3,04,quantile,0.4,323,2026-12-26
2026-12-05,wk inc flu hosp,3,04,quantile,0.45,341,2026-12-26
2026-12-05,wk inc flu hosp,3,04,quantile,0.5,368,2026-12-26
2026-12-05,wk inc flu hosp,3,04,quantile,0.55,377,2026-12-26
2026-12-05,wk inc flu hosp,3,04,quantile,0.6,402,2026-12-26
2026-12-05,wk inc flu hosp,3,04,quantile,0.65,427,2026-12-26
2026-12-05,wk inc flu hosp,3,04,quantile,0.7,464,2026-12-26
2026-12-05,wk inc flu hosp,3,04,quantile,0.75,476,2026-12-26
2026-12-05,wk inc flu hosp,3,04,quantile,0.8,519,2026-12-26
2026-12-05,wk inc flu hosp,3,04,quantile,0.85,577,2026-12-26
2026-12-05,wk inc flu hosp,3,04,quantile,0.9,671,2026-12-26
2026-12-05,wk inc flu hosp,3,04,quantile,0.95,714,2026-12-26
2026-12-05,wk inc flu hosp,3,04,quantile,0.975,762,2026-12-26
2026-12-05,wk inc flu hosp,3,04,quantile,0.99,1110,2026-12-26
2026-12-05,wk inc flu hosp,3,05,quantile,0.01,16,2026-12-26
2026-12-05,wk inc flu hosp,3,05,quantile,0.025,20,2026-12-26
2026-12-05,wk inc flu hosp,3,05,quantile,0.05,23,2026-12-26
2026-12-05,wk inc flu hosp,3,05,quantile,0.1,28,2026-12-26
2026-12-05,wk inc flu hosp,3,05,quantile,0.15,32,2026-12-26
2026-12-05,wk inc flu hosp,3,05,quantile,0.2,34,2026-12-26
2026-12-05,wk inc flu hosp,3,05,quantile,0.25,37,2026-12-26
2026-12-05,wk inc flu hosp,3,05,quantile,0.3,41,2026-12-26
2026-12-05,wk inc flu hosp,3,05,quantile,0.35,43,2026-12-26
2026-12-05,wk inc flu hosp,3,05,quantile,0.4,45,2026-12-26
2026-12-05,wk inc flu hosp,3,05,quantile,0.45,46,2026-12-26
2026-12-05,wk inc flu hosp,3,05,quantile,0.5,48,2026-12-26
2026-12-05,wk inc flu hosp,3,05,quantile,0.55,51,2026-12-26
2026-12-05,wk inc flu hosp,3,05,quantile,0.6,55,2026-12-26
2026-12-05,wk inc flu hosp,3,05,quantile,0.65,59,2026-12-26
2026-12-05,wk inc flu hosp,3,05,quantile,0.7,63,2026-12-26
2026-12-05,wk inc flu hosp,3,05,quantile,0.75,67,2026-12-26
2026-12-05,wk inc flu hosp,3,05,quantile,0.8,70,2026-12-26
2026-12-05,wk inc flu hosp,3,05,quantile,0.85,75,2026-12-26
2026-12-05,wk inc flu hosp,3,05,quantile,0.9,87,2026-12-26
2026-12-05,wk inc flu hosp,3,05,quantile,0.95,97,2026-12-26
2026-12-05,wk inc flu hosp,3,05,quantile,0.975,122,2026-12-26
2026-12-05,wk inc flu hosp,3,05,quantile,0.99,135,2026-12-26
2026-12-05,wk inc flu hosp,3,06,quantile,0.01,387,2026-12-26
2026-12-05,wk inc flu hosp,3,06,quantile,0.025,415,2026-12-26
2026-12-05,wk inc flu hosp,3,06,quantile,0.05,450,2026-12-26
2026-12-05,wk inc flu hosp,3,06,quantile,0.1,489,2026-12-26
2026-12-05,wk inc flu hosp,3,06,quantile,0.15,517,2026-12-26
2026-12-05,wk inc flu hosp,3,06,quantile,0.2,566,2026-12-26
2026-12-05,wk inc flu hosp,3,06,quantile,0.25,592,2026-12-26
2026-12-05,wk inc flu hosp,3,06,quantile,0.3,609,2026-12-26
2026-12-05,wk inc flu hosp,3,06,quantile,0.35,624,2026-12-26
2026-12-05,wk inc flu hosp,3,06,quantile,0.4,644,2026-12-26
2026-12-05,wk inc flu hosp,3,06,quantile,0.45,682,2026-12-26
2026-12-05,wk inc flu hosp,3,06,quantile,0.5,698,2026-12-26
2026-12-05,wk inc flu hosp,3,06,quantile,0.55,719,2026-12-26
2026-12-05,wk inc flu hosp,3,06,quantile,0.6,740,2026-12-26
2026-12-05,wk inc flu hosp,3,06,quantile,0.65,764,2026-12-26
2026-12-05,wk inc flu hosp,3,06,quantile,0.7,832,2026-12-26
2026-12-05,wk inc flu hosp,3,06,quantile,0.75,891,2026-12-26
2026-12-05,wk inc flu hosp,3,06,quantile,0.8,959,2026-12-26
2026-12-05,wk inc flu hosp,3,06,quantile,0.85,1037,2026-12-26
2026-12-05,wk inc flu hosp,3,06,quantile,0.9,1098,2026-12-26
2026-12-05,wk inc flu hosp,3,06,quantile,0.95,1302,2026-12-26
2026-12-05,wk inc flu hosp,3,06,quantile,0.975,1384,2026-12-26
2026-12-05,wk inc flu hosp,3,06,quantile,0.99,1605,2026-12-26
2026-12-05,wk inc flu hosp,3,08,quantile,0.01,54,2026-12-26
2026-12-05,wk inc flu hosp,3,08,quantile,0.025,57,2026-12-26
2026-12-05,wk inc flu hosp,3,08,quantile,0.05,69,2026-12-26
2026-12-05,wk inc flu hosp,3,08,quantile,0.1,77,2026-12-26
2026-12-05,wk inc flu hosp,3,08,quantile,0.15,83,2026-12-26
2026-12-05,wk inc flu hosp,3,08,quantile,0.2,93,2026-12-26
2026-12-05,wk inc flu hosp,3,08,quantile,0.25,97,2026-12-26
2026-12-05,wk inc flu hosp,3,08,quantile,0.3,104,2026-12-26
2026-12-05,wk inc flu hosp,3,08,quantile,0.35,111,2026-12-26
2026-12-05,wk inc flu hosp,3,08,quantile,0.4,116,2026-12-26
2026-12-05,wk inc flu hosp,3,08,quantile,0.45,118,2026-12-26
2026-12-05,wk inc flu hosp,3,08,quantile,0.5,122,2026-12-26
2026-12-05,wk inc flu hosp,3,08,quantile,0.55,130,2026-12-26
2026-12-05,wk inc flu hosp,3,08,quantile,0.6,135,2026-12-26
2026-12-05,wk inc flu hosp,3,08,quantile,0.65,145,2026-12-26
2026-12-05,wk inc flu hosp,3,08,quantile,0.7,155,2026-12-26
2026-12-05,wk inc flu hosp,3,08,quantile,0.75,164,2026-12-26
2026-12-05,wk inc flu hosp,3,08,quantile,0.8,173,2026-12-26
2026-12-05,wk inc flu hosp,3,08,quantile,0.85,182,2026-12-26
2026-12-05,wk inc flu hosp,3,08,quantile,0.9,195,2026-12-26
2026-12-05,wk inc flu hosp,3,08,quantile,0.95,256,2026-12-26
2026-12-05,wk inc flu hosp,3,08,quantile,0.975,277,2026-12-26
2026-12-05,wk inc flu hosp,3,08,quantile,0.99,360,2026-12-26
2026-12-05,wk inc flu hosp,3,09,quantile,0.01,38,2026-12-26
2026-12-05,wk inc flu hosp,3,09,quantile,0.025,42,2026-12-26
2026-12-05,wk inc flu hosp,3,09,quantile,0.05,46,2026-12-26
2026-12-05,wk inc flu hosp,3,09,quantile,0.1,54,2026-12-26
2026-12-05,wk inc flu hosp,3,09,quantile,0.15,65,2026-12-26
2026-12-05,wk inc flu hosp,3,09,quantile,0.2,77,2026-12-26
2026-12-05,wk inc flu hosp,3,09,quantile,0.25,81,2026-12-26
2026-12-05,wk inc flu hosp,3,09,quantile,0.3,85,2026-12-26
2026-12-05,wk inc flu hosp,3,09,quantile,0.35,90,2026-12-26
2026-12-05,wk inc flu hosp,3,09,quantile,0.4,99,2026-12-26
2026-12-05,wk inc flu hosp,3,09,quantile,0.45,103,2026-12-26
2026-12-05,wk inc flu hosp,3,09,quantile,0.5,114,2026-12-26
2026-12-05,wk inc flu hosp,3,09,quantile,0.55,117,2026-12-26
2026-12-05,wk inc flu hosp,3,09,quantile,0.6,126,2026-12-26
2026-12-05,wk inc flu hosp,3,09,quantile,0.65,137,2026-12-26
2026-12-05,wk inc flu hosp,3,09,quantile,0.7,144,2026-12-26
2026-12-05,wk inc flu hosp,3,09,quantile,0.75,157,2026-12-26
2026-12-05,wk inc flu hosp,3,09,quantile,0.8,171,2026-12-26
2026-12-05,wk inc flu hosp,3,09,quantile,0.85,184,2026-12-26
2026-12-05,wk inc flu hosp,3,09,quantile,0.9,201,2026-12-26
2026-12-05,wk inc flu hosp,3,09,quantile,0.95,236,2026-12-26
2026-12-05,wk inc flu hosp,3,09,quantile,0.975,254,2026-12-26
2026-12-05,wk inc flu hosp,3,09,quantile,0.99,269,2026-12-26
2026-12-05,wk inc flu hosp,3,10,quantile,0.01,8,2026-12-26
2026-12-05,wk inc flu hosp,3,10,quantile,0.025,10,2026-12-26
2026-12-05,wk inc flu hosp,3,10,quantile,0.05,12,2026-12-26
2026-12-05,wk inc flu hosp,3,10,quantile,0.1,15,2026-12-26
2026-12-05,wk inc flu hosp,3,10,quantile,0.15,17,2026-12-26
2026-12-05,wk inc flu hosp,3,10,quantile,0.2,19,2026-12-26
2026-12-05,wk inc flu hosp,3,10,quantile,0.25,22,2026-12-26
2026-12-05,wk inc flu hosp,3,10,quantile,0.3,24,2026-12-26
2026-12-05,wk inc flu hosp,3,10,quantile,0.35,26,2026-12-26
2026-12-05,wk inc flu hosp,3,10,quantile,0.4,27,2026-12-26
2026-12-05,wk inc flu hosp,3,10,quantile,0.45,29,2026-12-26
2026-12-05,wk inc flu hosp,3,10,quantile,0.5,30,2026-12-26
2026-12-05,wk inc flu hosp,3,10,quantile,0.55,32,2026-12-26
2026-12-05,wk inc flu hosp,3,10,quantile,0.6,34,2026-12-26
2026-12-05,wk inc flu hosp,3,10,quantile,0.65,35,2026-12-26
2026-12-05,wk inc flu hosp,3,10,quantile,0.7,37,2026-12-26
2026-12-05,wk inc flu hosp,3,10,quantile,0.75,40,2026-12-26
2026-12-05,wk inc flu hosp,3,10,quantile,0.8,41,2026-12-26
2026-12-05,wk inc flu hosp,3,10,quantile,0.85,46,2026-12-26
2026-12-05,wk inc flu hosp,3,10,quantile,0.9,51,2026-12-26
2026-12-05,wk inc flu hosp,3,10,quantile,0.95,66,2026-12-26
2026-12-05,wk inc flu hosp,3,10,quantile,0.975,77,2026-12-26
2026-12-05,wk inc flu hosp,3,10,quantile,0.99,79,2026-12-26
2026-12-05,wk inc flu hosp,3,11,quantile,0.01,0,2026-12-26
2026-12-05,wk inc flu hosp,3,11,quantile,0.025,0,2026-12-26
2026-12-05,wk inc flu hosp,3,11,quantile,0.05,1,2026-12-26
2026-12-05,wk inc flu hosp,3,11,quantile,0.1,4,2026-12-26
2026-12-05,wk inc flu hosp,3,11,quantile,0.15,6,2026-12-26
2026-12-05,wk inc flu hosp,3,11,quantile,0.2,8,2026-12-26
2026-12-05,wk inc flu hosp,3,11,quantile,0.25,10,2026-12-26
2026-12-05,wk inc flu hosp,3,11,quantile,0.3,12,2026-12-26
2026-12-05,wk inc flu hosp,3,11,quantile,0.35,14,2026-12-26
2026-12-05,wk inc flu hosp,3,11,quantile,0.4,15,2026-12-26
2026-12-05,wk inc flu hosp,3,11,quantile,0.45,17,2026-12-26
2026-12-05,wk inc flu hosp,3,11,quantile,0.5,19,2026-12-26
2026-12-05,wk inc flu hosp,3,11,quantile,0.55,21,2026-12-26
2026-12-05,wk inc flu hosp,3,11,quantile,0.6,23,2026-12-26
2026-12-05,wk inc flu hosp,3,11,quantile,0.65,25,2026-12-26
2026-12-05,wk inc flu hosp,3,11,quantile,0.7,29,2026-12-26
2026-12-05,wk inc flu hosp,3,11,quantile,0.75,33,2026-12-26
2026-12-05,wk inc flu hosp,3,11,quantile,0.8,35,2026-12-26
2026-12-05,wk inc flu hosp,3,11,quantile,0.85,41,2026-12-26
2026-12-05,wk inc flu hosp,3,11,quantile,0.9,51,2026-12-26
2026-12-05,wk inc flu hosp,3,11,quantile,0.95,64,2026-12-26
2026-12-05,wk inc flu hosp,3,11,quantile,0.975,68,2026-12-26
2026-12-05,wk inc flu hosp,3,11,quantile,0.99,80,2026-12-26
2026-12-05,wk inc flu hosp,3,12,quantile,0.01,262,2026-12-26
2026-12-05,wk inc flu hosp,3,12,quantile,0.025,291,2026-12-26
2026-12-05,wk inc flu hosp,3,12,quantile,0.05,314,2026-12-26
2026-12-05,wk inc flu hosp,3,12,quantile,0.1,343,2026-12-26
2026-12-05,wk inc flu hosp,3,12,quantile,0.15,386,2026-12-26
2026-12-05,wk inc flu hosp,3,12,quantile,0.2,417,2026-12-26
2026-12-05,wk inc flu hosp,3,12,quantile,0.25,462,2026-12-26
2026-12-05,wk inc flu hosp,3,12,quantile,0.3,472,2026-12-26
2026-12-05,wk inc flu hosp,3,12,quantile,0.35,490,2026-12-26
2026-12-05,wk inc flu hosp,3,12,quantile,0.4,521,2026-12-26
2026-12-05,wk inc flu hosp,3,12,quantile,0.45,540,2026-12-26
2026-12-05,wk inc flu hosp,3,12,quantile,0.5,564,2026-12-26
2026-12-05,wk inc flu hosp,3,12,quantile,0.55,593,2026-12-26
2026-12-05,wk inc flu hosp,3,12,quantile,0.6,637,2026-12-26
2026-12-05,wk inc flu hosp,3,12,quantile,0.65,677,2026-12-26
2026-12-05,wk inc flu hosp,3,12,quantile,0.7,713,2026-12-26
2026-12-05,wk inc flu hosp,3,12,quantile,0.75,744,2026-12-26
2026-12-05,wk inc flu hosp,3,12,quantile,0.8,780,2026-12-26
2026-12-05,wk inc flu hosp,3,12,quantile,0.85,851,2026-12-26
2026-12-05,wk inc flu hosp,3,12,quantile,0.9,909,2026-12-26
2026-12-05,wk inc flu hosp,3,12,quantile,0.95,1013,2026-12-26
2026-12-05,wk inc flu hosp,3,12,quantile,0.975,1071,2026-12-26
2026-12-05,wk inc flu hosp,3,12,quantile,0.99,1210,2026-12-26
2026-12-05,wk inc flu hosp,3,13,quantile,0.01,128,2026-12-26
2026-12-05,wk inc flu hosp,3,13,quantile,0.025,149,2026-12-26
2026-12-05,wk inc flu hosp,3,13,quantile,0.05,163,2026-12-26
2026-12-05,wk inc flu hosp,3,13,quantile,0.1,178,2026-12-26
2026-12-05,wk inc flu hosp,3,13,quantile,0.15,189,2026-12-26
2026-12-05,wk inc flu hosp,3,13,quantile,0.2,200,2026-12-26
2026-12-05,wk inc flu hosp,3,13,quantile,0.25,218,2026-12-26
2026-12-05,wk inc flu hosp,3,13,quantile,0.3,228,2026-12-26
2026-12-05,wk inc flu hosp,3,13,quantile,0.35,241,2026-12-26
2026-12-05,wk inc flu hosp,3,13,quantile,0.4,249,2026-12-26
2026-12-05,wk inc flu hosp,3,13,quantile,0.45,259,2026-12-26
2026-12-05,wk inc flu hosp,3,13,quantile,0.5,280,2026-12-26
2026-12-05,wk inc flu hosp,3,13,quantile,0.55,292,2026-12-26
2026-12-05,wk inc flu hosp,3,13,quantile,0.6,307,2026-12-26
2026-12-05,wk inc flu hosp,3,13,quantile,0.65,322,2026-12-26
2026-12-05,wk inc flu hosp,3,13,quantile,0.7,341,2026-12-26
2026-12-05,wk inc flu hosp,3,13,quantile,0.75,360,2026-12-26
2026-12-05,wk inc flu hosp,3,13,quantile,0.8,378,2026-12-26
2026-12-05,wk inc flu hosp,3,13,quantile,0.85,404,2026-12-26
2026-12-05,wk inc flu hosp,3,13,quantile,0.9,420,2026-12-26
2026-12-05,wk inc flu hosp,3,13,quantile,0.95,473,2026-12-26
2026-12-05,wk inc flu hosp,3,13,quantile,0.975,536,2026-12-26
2026-12-05,wk inc flu hosp,3,13,quantile,0.99,582,2026-12-26
2026-12-05,wk inc flu hosp,3,15,quantile,0.01,4,2026-12-26
2026-12-05,wk inc flu hosp,3,15,quantile,0.025,4,2026-12-26
2026-12-05,wk inc flu hosp,3,15,quantile,0.05,6,2026-12-26
2026-12-05,wk inc flu hosp,3,15,quantile,0.1,9,2026-12-26
2026-12-05,wk inc flu hosp,3,15,quantile,0.15,11,2026-12-26
2026-12-05,wk inc flu hosp,3,15,quantile,0.2,12,2026-12-26
2026-12-05,wk inc flu hosp,3,15,quantile,0.25,13,2026-12-26
2026-12-05,wk inc flu hosp,3,15,quantile,0.3,14,2026-12-26
2026-12-05,wk inc flu hosp,3,15,quantile,0.35,15,2026-12-26
2026-12-05,wk inc flu hosp,3,15,quantile,0.4,16,2026-12-26
2026-12-05,wk inc flu hosp,3,15,quantile,0.45,17,2026-12-26
2026-12-05,wk inc flu hosp,3,15,quantile,0.5,18,2026-12-26
2026-12-05,wk inc flu hosp,3,15,quantile,0.55,20,2026-12-26
2026-12-05,wk inc flu hosp,3,15,quantile,0.6,21,2026-12-26
2026-12-05,wk inc flu hosp,3,15,quantile,0.65,24,2026-12-26
2026-12-05,wk inc flu hosp,3,15,quantile,0.7,27,2026-12-26
2026-12-05,wk inc flu hosp,3,15,quantile,0.75,29,2026-12-26
2026-12-05,wk inc flu hosp,3,15,quantile,0.8,33,2026-12-26
2026-12-05,wk inc flu hosp,3,15,quantile,0.85,38,2026-12-26
2026-12-05,wk inc flu hosp,3,15,quantile,0.9,42,2026-12-26
2026-12-05,wk inc flu hosp,3,15,quantile,0.95,55,2026-12-26
2026-12-05,wk inc flu hosp,3,15,quantile,0.975,65,2026-12-26
2026-12-05,wk inc flu hosp,3,15,quantile,0.99,72,2026-12-26
2026-12-05,wk inc flu hosp,3,16,quantile,0.01,34,2026-12-26
2026-12-05,wk inc flu hosp,3,16,quantile,0.025,34,2026-12-26
2026-12-05,wk inc flu hosp,3,16,quantile,0.05,36,2026-12-26
2026-12-05,wk inc flu hosp,3,16,quantile,0.1,39,2026-12-26
2026-12-05,wk inc flu hosp,3,16,quantile,0.15,43,2026-12-26
2026-12-05,wk inc flu hosp,3,16,quantile,0.2,45,2026-12-26
2026-12-05,wk inc flu hosp,3,16,quantile,0.25,46,2026-12-26
2026-12-05,wk inc flu hosp,3,16,quantile,0.3,49,2026-12-26
2026-12-05,wk inc flu hosp,3,16,quantile,0.35,51,2026-12-26
2026-12-05,wk inc flu hosp,3,16,quantile,0.4,53,2026-12-26
2026-12-05,wk inc flu hosp,3,16,quantile,0.45,56,2026-12-26
2026-12-05,wk inc flu hosp,3,16,quantile,0.5,60,2026-12-26
2026-12-05,wk inc flu hosp,3,16,quantile,0.55,62,2026-12-26
2026-12-05,wk inc flu hosp,3,16,quantile,0.6,66,2026-12-26
2026-12-05,wk inc flu hosp,3,16,quantile,0.65,69,2026-12-26
2026-12-05,wk inc flu hosp,3,16,quantile,0.7,74,2026-12-26
2026-12-05,wk inc flu hosp,3,16,quantile,0.75,77,2026-12-26
2026-12-05,wk inc flu hosp,3,16,quantile,0.8,85,2026-12-26
2026-12-05,wk inc flu hosp,3,16,quantile,0.85,91,2026-12-26
2026-12-05,wk inc flu hosp,3,16,quantile,0.9,104,2026-12-26
2026-12-05,wk inc flu hosp,3,16,quantile,0.95,126,2026-12-26
2026-12-05,wk inc flu hosp,3,16,quantile,0.975,139,2026-12-26
2026-12-05,wk inc flu hosp,3,16,quantile,0.99,166,2026-12-26
2026-12-05,wk inc flu hosp,3,17,quantile,0.01,138,2026-12-26
2026-12-05,wk inc flu hosp,3,17,quantile,0.025,146,2026-12-26
2026-12-05,wk inc flu hosp,3,17,quantile,0.05,153,2026-12-26
2026-12-05,wk inc flu hosp,3,17,quantile,0.1,173,2026-12-26
2026-12-05,wk inc flu hosp,3,17,quantile,0.15,191,2026-12-26
2026-12-05,wk inc flu hosp,3,17,quantile,0.2,201,2026-12-26
2026-12-05,wk inc flu hosp,3,17,quantile,0.25,213,2026-12-26
2026-12-05,wk inc flu hosp,3,17,quantile,0.3,218,2026-12-26
2026-12-05,wk inc flu hosp,3,17,quantile,0.35,227,2026-12-26
2026-12-05,wk inc flu hosp,3,17,quantile,0.4,235,2026-12-26
2026-12-05,wk inc flu hosp,3,17,quantile,0.45,243,2026-12-26
2026-12-05,wk inc flu hosp,3,17,quantile,0.5,250,2026-12-26
2026-12-05,wk inc flu hosp,3,17,quantile,0.55,270,2026-12-26
2026-12-05,wk inc flu hosp,3,17,quantile,0.6,283,2026-12-26
2026-12-05,wk inc flu hosp,3,17,quantile,0.65,294,2026-12-26
2026-12-05,wk inc flu hosp,3,17,quantile,0.7,321,2026-12-26
2026-12-05,wk inc flu hosp,3,17,quantile,0.75,332,2026-12-26
2026-12-05,wk inc flu hosp,3,17,quantile,0.8,354,2026-12-26
2026-12-05,wk inc flu hosp,3,17,quantile,0.85,374,2026-12-26
2026-12-05,wk inc flu hosp,3,17,quantile,0.9,400,2026-12-26
2026-12-05,wk inc flu hosp,3,17,quantile,0.95,419,2026-12-26
2026-12-05,wk inc flu hosp,3,17,quantile,0.975,461,2026-12-26
2026-12-05,wk inc flu hosp,3,17,quantile,0.99,480,2026-12-26
2026-12-05,wk inc flu hosp,3,18,quantile,0.01,84,2026-12-26
2026-12-05,wk inc flu hosp,3,18,quantile,0.025,90,2026-12-26
2026-12-05,wk inc flu hosp,3,18,quantile,0.05,97,2026-12-26
2026-12-05,wk inc flu hosp,3,18,quantile,0.1,111,2026-12-26
2026-12-05,wk inc flu hosp,3,18,quantile,0.15,116,2026-12-26
2026-12-05,wk inc flu hosp,3,18,quantile,0.2,128,2026-12-26
2026-12-05,wk inc flu hosp,3,18,quantile,0.25,136,2026-12-26
2026-12-05,wk inc flu hosp,3,18,quantile,0.3,145,2026-12-26
2026-12-05,wk inc flu hosp,3,18,quantile,0.35,153,2026-12-26
2026-12-05,wk inc flu hosp,3,18,quantile,0.4,165,2026-12-26
2026-12-05,wk inc flu hosp,3,18,quantile,0.45,175,2026-12-26
2026-12-05,wk inc flu hosp,3,18,quantile,0.5,184,2026-12-26
2026-12-05,wk inc flu hosp,3,18,quantile,0.55,201,2026-12-26
2026-12-05,wk inc flu hosp,3,18,quantile,0.6,210,2026-12-26
2026-12-05,wk inc flu hosp,3,18,quantile,0.65,215,2026-12-26
2026-12-05,wk inc flu hosp,3,18,quantile,0.7,226,2026-12-26
2026-12-05,wk inc flu hosp,3,18,quantile,0.75,248,2026-12-26
2026-12-05,wk inc flu hosp,3,18,quantile,0.8,264,2026-12-26
2026-12-05,wk inc flu hosp,3,18,quantile,0.85,290,2026-12-26
2026-12-05,wk inc flu hosp,3,18,quantile,0.9,316,2026-12-26
2026-12-05,wk inc flu hosp,3,18,quantile,0.95,350,2026-12-26
2026-12-05,wk inc flu hosp,3,18,quantile,0.975,368,2026-12-26
2026-12-05,wk inc flu hosp,3,18,quantile,0.99,394,2026-12-26
2026-12-05,wk inc flu hosp,3,19,quantile,0.01,13,2026-12-26
2026-12-05,wk inc flu hosp,3,19,quantile,0.025,16,2026-12-26
2026-12-05,wk inc flu hosp,3,19,quantile,0.05,20,2026-12-26
2026-12-05,wk inc flu hosp,3,19,quantile,0.1,23,2026-12-26
2026-12-05,wk inc flu hosp,3,19,quantile,0.15,26,2026-12-26
2026-12-05,wk inc flu hosp,3,19,quantile,0.2,28,2026-12-26
2026-12-05,wk inc flu hosp,3,19,quantile,0.25,29,2026-12-26
2026-12-05,wk inc flu hosp,3,19,quantile,0.3,33,2026-12-26
2026-12-05,wk inc flu hosp,3,19,quantile,0.35,35,2026-12-26
2026-12-05,wk inc flu hosp,3,19,quantile,0.4,37,2026-12-26
2026-12-05,wk inc flu hosp,3,19,quantile,0.45,39,2026-12-26
2026-12-05,wk inc flu hosp,3,19,quantile,0.5,41,2026-12-26
2026-12-05,wk inc flu hosp,3,19,quantile,0.55,42,2026-12-26
2026-12-05,wk inc flu hosp,3,19,quantile,0.6,44,2026-12-26
2026-12-05,wk inc flu hosp,3,19,quantile,0.65,49,2026-12-26
2026-12-05,wk inc flu hosp,3,19,quantile,0.7,52,2026-12-26
2026-12-05,wk inc flu hosp,3,19,quantile,0.75,55,2026-12-26
2026-12-05,wk inc flu hosp,3,19,quantile,0.8,60,2026-12-26
2026-12-05,wk inc flu hosp,3,19,quantile,0.85,68,2026-12-26
2026-12-05,wk inc flu hosp,3,19,quantile,0.9,76,2026-12-26
2026-12-05,wk inc flu hosp,3,19,quantile,0.95,85,2026-12-26
2026-12-05,wk inc flu hosp,3,19,quantile,0.975,95,2026-12-26
2026-12-05,wk inc flu hosp,3,19,quantile,0.99,99,2026-12-26
2026-12-05,wk inc flu hosp,3,20,quantile,0.01,6,2026-12-26
2026-12-05,wk inc flu hosp,3,20,quantile,0.025,9,2026-12-26
2026-12-05,wk inc flu hosp,3,20,quantile,0.05,16,2026-12-26
2026-12-05,wk inc flu hosp,3,20,quantile,0.1,22,2026-12-26
2026-12-05,wk inc flu hosp,3,20,quantile,0.15,26,2026-12-26
2026-12-05,wk inc flu hosp,3,20,quantile,0.2,31,2026-12-26
2026-12-05,wk inc flu hosp,3,20,quantile,0.25,33,2026-12-26
2026-12-05,wk inc flu hosp,3,20,quantile,0.3,36,2026-12-26
2026-12-05,wk inc flu hosp,3,20,quantile,0.35,39,2026-12-26
2026-12-05,wk inc flu hosp,3,20,quantile,0.4,41,2026-12-26
2026-12-05,wk inc flu hosp,3,20,quantile,0.45,43,2026-12-26
2026-12-05,wk inc flu hosp,3,20,quantile,0.5,46,2026-12-26
2026-12-05,wk inc flu hosp,3,20,quantile,0.55,48,2026-12-26
2026-12-05,wk inc flu hosp,3,20,quantile,0.6,50,2026-12-26
2026-12-05,wk inc flu hosp,3,20,quantile,0.65,54,2026-12-26
2026-12-05,wk inc flu hosp,3,20,quantile,0.7,59,2026-12-26
2026-12-05,wk inc flu hosp,3,20,quantile,0.75,67,2026-12-26
2026-12-05,wk inc flu hosp,3,20,quantile,0.8,73,2026-12-26
2026-12-05,wk inc flu hosp,3,20,quantile,0.85,81,2026-12-26
2026-12-05,wk inc flu hosp,3,20,quantile,0.9,88,2026-12-26
2026-12-05,wk inc flu hosp,3,20,quantile,0.95,98,2026-12-26
2026-12-05,wk inc flu hosp,3,20,quantile,0.975,115,2026-12-26
2026-12-05,wk inc flu hosp,3,20,quantile,0.99,122,2026-12-26
2026-12-05,wk inc flu hosp,3,21,quantile,0.01,42,2026-12-26
2026-12-05,wk inc flu hosp,3,21,quantile,0.025,49,2026-12-26
2026-12-05,wk inc flu hosp,3,21,quantile,0.05,54,2026-12-26
2026-12-05,wk inc flu hosp,3,21,quantile,0.1,59,2026-12-26
2026-12-05,wk inc flu hosp,3,21,quantile,0.15,66,2026-12-26
2026-12-05,wk inc flu hosp,3,21,quantile,0.2,69,2026-12-26
2026-12-05,wk inc flu hosp,3,21,quantile,0.25,73,2026-12-26
2026-12-05,wk inc flu hosp,3,21,quantile,0.3,75,2026-12-26
2026-12-05,wk inc flu hosp,3,21,quantile,0.35,78,2026-12-26
2026-12-05,wk inc flu hosp,3,21,quantile,0.4,80,2026-12-26
2026-12-05,wk inc flu hosp,3,21,quantile,0.45,86,2026-12-26
2026-12-05,wk inc flu hosp,3,21,quantile,0.5,88,2026-12-26
2026-12-05,wk inc flu hosp,3,21,quantile,0.55,91,2026-12-26
2026-12-05,wk inc flu hosp,3,21,quantile,0.6,94,2026-12-26
2026-12-05,wk inc flu hosp,3,21,quantile,0.65,101,2026-12-26
2026-12-05,wk inc flu hosp,3,21,quantile,0.7,104,2026-12-26
2026-12-05,wk inc flu hosp,3,21,quantile,0.75,109,2026-12-26
2026-12-05,wk inc flu hosp,3,21,quantile,0.8,115,2026-12-26
2026-12-05,wk inc flu hosp,3,21,quantile,0.85,121,2026-12-26
2026-12-05,wk inc flu hosp,3,21,quantile,0.9,139,2026-12-26
2026-12-05,wk inc flu hosp,3,21,quantile,0.95,151,2026-12-26
2026-12-05,wk inc flu hosp,3,21,quantile,0.975,173,2026-12-26
2026-12-05,wk inc flu hosp,3,21,quantile,0.99,205,2026-12-26
2026-12-05,wk inc flu hosp,3,22,quantile,0.01,62,2026-12-26
2026-12-05,wk inc flu hosp,3,22,quantile,0.025,77,2026-12-26
2026-12-05,wk inc flu hosp,3,22,quantile,0.05,89,2026-12-26
2026-12-05,wk inc flu hosp,3,22,quantile,0.1,113,2026-12-26
2026-12-05,wk inc flu hosp,3,22,quantile,0.15,120,2026-12-26
2026-12-05,wk inc flu hosp,3,22,quantile,0.2,131,2026-12-26
2026-12-05,wk inc flu hosp,3,22,quantile,0.25,140,2026-12-26
2026-12-05,wk inc flu hosp,3,22,quantile,0.3,149,2026-12-26
2026-12-05,wk inc flu hosp,3,22,quantile,0.35,160,2026-12-26
2026-12-05,wk inc flu hosp,3,22,quantile,0.4,173,2026-12-26
2026-12-05,wk inc flu hosp,3,22,quantile,0.45,181,2026-12-26
2026-12-05,wk inc flu hosp,3,22,quantile,0.5,194,2026-12-26
2026-12-05,wk inc flu hosp,3,22,quantile,0.55,198,2026-12-26
2026-12-05,wk inc flu hosp,3,22,quantile,0.6,205,2026-12-26
2026-12-05,wk inc flu hosp,3,22,quantile,0.65,209,2026-12-26
2026-12-05,wk inc flu hosp,3,22,quantile,0.7,218,2026-12-26
2026-12-05,wk inc flu hosp,3,22,quantile,0.75,233,2026-12-26
2026-12-05,wk inc flu hosp,3,22,quantile,0.8,246,2026-12-26
2026-12-05,wk inc flu hosp,3,22,quantile,0.85,262,2026-12-26
2026-12-05,wk inc flu hosp,3,22,quantile,0.9,307,2026-12-26
2026-12-05,wk inc flu hosp,3,22,quantile,0.95,350,2026-12-26
2026-12-05,wk inc flu hosp,3,22,quantile,0.975,417,2026-12-26
2026-12-05,wk inc flu hosp,3,22,quantile,0.99,448,2026-12-26
2026-12-05,wk inc flu hosp,3,23,quantile,0.01,7,2026-12-26
2026-12-05,wk inc flu hosp,3,23,quantile,0.025,7,2026-12-26
2026-12-05,wk inc flu hosp,3,23,quantile,0.05,9,2026-12-26
2026-12-05,wk inc flu hosp,3,23,quantile,0.1,13,2026-12-26
2026-12-05,wk inc flu hosp,3,23,quantile,0.15,15,2026-12-26
2026-12-05,wk inc flu hosp,3,23,quantile,0.2,17,2026-12-26
2026-12-05,wk inc flu hosp,3,23,quantile,0.25,18,2026-12-26
2026-12-05,wk inc flu hosp,3,23,quantile,0.3,21,2026-12-26
2026-12-05,wk inc flu hosp,3,23,quantile,0.35,22,2026-12-26
2026-12-05,wk inc flu hosp,3,23,quantile,0.4,23,2026-12-26
2026-12-05,wk inc flu hosp,3,23,quantile,0.45,25,2026-12-26
2026-12-05,wk inc flu hosp,3,23,quantile,0.5,25,2026-12-26
2026-12-05,wk inc flu hosp,3,23,quantile,0.55,27,2026-12-26
2026-12-05,wk inc flu hosp,3,23,quantile,0.6,29,2026-12-26
2026-12-05,wk inc flu hosp,3,23,quantile,0.65,30,2026-12-26
2026-12-05,wk inc flu hosp,3,23,quantile,0.7,31,2026-12-26
2026-12-05,wk inc flu hosp,3,23,quantile,0.75,34,2026-12-26
2026-12-05,wk inc flu hosp,3,23,quantile,0.8,37,2026-12-26
2026-12-05,wk inc flu hosp,3,23,quantile,0.85,41,2026-12-26
2026-12-05,wk inc flu hosp,3,23,quantile,0.9,51,2026-12-26
2026-12-05,wk inc flu hosp,3,23,quantile,0.95,60,2026-12-26
2026-12-05,wk inc flu hosp,3,23,quantile,0.975,69,2026-12-26
2026-12-05,wk inc flu hosp,3,23,quantile,0.99,74,2026-12-26
2026-12-05,wk inc flu hosp,3,24,quantile,0.01,32,2026-12-26
2026-12-05,wk inc flu hosp,3,24,quantile,0.025,37,2026-12-26
2026-12-05,wk inc flu hosp,3,24,quantile,0.05,44,2026-12-26
2026-12-05,wk inc flu hosp,3,24,quantile,0.1,52,2026-12-26
2026-12-05,wk inc flu hosp,3,24,quantile,0.15,59,2026-12-26
2026-12-05,wk inc flu hosp,3,24,quantile,0.2,67,2026-12-26
2026-12-05,wk inc flu hosp,3,24,quantile,0.25,71,2026-12-26
2026-12-05,wk inc flu hosp,3,24,quantile,0.3,75,2026-12-26
2026-12-05,wk inc flu hosp,3,24,quantile,0.35,81,2026-12-26
2026-12-05,wk inc flu hosp,3,24,quantile,0.4,84,2026-12-26
2026-12-05,wk inc flu hosp,3,24,quantile,0.45,90,2026-12-26
2026-12-05,wk inc flu hosp,3,24,quantile,0.5,98,2026-12-26
2026-12-05,wk inc flu hosp,3,24,quantile,0.55,100,2026-12-26
2026-12-05,wk inc flu hosp,3,24,quantile,0.6,107,2026-12-26
2026-12-05,wk inc flu hosp,3,24,quantile,0.65,116,2026-12-26
2026-12-05,wk inc flu hosp,3,24,quantile,0.7,123,2026-12-26
2026-12-05,wk inc flu hosp,3,24,quantile,0.75,132,2026-12-26
2026-12-05,wk inc flu hosp,3,24,quantile,0.8,140,2026-12-26
2026-12-05,wk inc flu hosp,3,24,quantile,0.85,151,2026-12-26
2026-12-05,wk inc flu hosp,3,24,quantile,0.9,162,2026-12-26
2026-12-05,wk inc flu hosp,3,24,quantile,0.95,191,2026-12-26
2026-12-05,wk inc flu hosp,3,24,quantile,0.975,219,2026-12-26
2026-12-05,wk inc flu hosp,3,24,quantile,0.99,225,2026-12-26
2026-12-05,wk inc flu hosp,3,25,quantile,0.01,58,2026-12-26
2026-12-05,wk inc flu hosp,3,25,quantile,0.025,62,2026-12-26
2026-12-05,wk inc flu hosp,3,25,quantile,0.05,76,2026-12-26
2026-12-05,wk inc flu hosp,3,25,quantile,0.1,90,2026-12-26
2026-12-05,wk inc flu hosp,3,25,quantile,0.15,94,2026-12-26
2026-12-05,wk inc flu hosp,3,25,quantile,0.2,103,2026-12-26
2026-12-05,wk inc flu hosp,3,25,quantile,0.25,110,2026-12-26
2026-12-05,wk inc flu hosp,3,25,quantile,0.3,123,2026-12-26
2026-12-05,wk inc flu hosp,3,25,quantile,0.35,138,2026-12-26
2026-12-05,wk inc flu hosp,3,25,quantile,0.4,150,2026-12-26
2026-12-05,wk inc flu hosp,3,25,quantile,0.45,162,2026-12-26
2026-12-05,wk inc flu hosp,3,25,quantile,0.5,172,2026-12-26
2026-12-05,wk inc flu hosp,3,25,quantile,0.55,177,2026-12-26
2026-12-05,wk inc flu hosp,3,25,quantile,0.6,193,2026-12-26
2026-12-05,wk inc flu hosp,3,25,quantile,0.65,210,2026-12-26
2026-12-05,wk inc flu hosp,3,25,quantile,0.7,222,2026-12-26
2026-12-05,wk inc flu hosp,3,25,quantile,0.75,244,2026-12-26
2026-12-05,wk inc flu hosp,3,25,quantile,0.8,265,2026-12-26
2026-12-05,wk inc flu hosp,3,25,quantile,0.85,284,2026-12-26
2026-12-05,wk inc flu hosp,3,25,quantile,0.9,303,2026-12-26
2026-12-05,wk inc flu hosp,3,25,quantile,0.95,362,2026-12-26
2026-12-05,wk inc flu hosp,3,25,quantile,0.975,411,2026-12-26
2026-12-05,wk inc flu hosp,3,25,quantile,0.99,455,2026-12-26
2026-12-05,wk inc flu hosp,3,26,quantile,0.01,64,2026-12-26
2026-12-05,wk inc flu hosp,3,26,quantile,0.025,76,2026-12-26
2026-12-05,wk inc flu hosp,3,26,quantile,0.05,86,2026-12-26
2026-12-05,wk inc flu hosp,3,26,quantile,0.1,99,2026-12-26
2026-12-05,wk inc flu hosp,3,26,quantile,0.15,104,2026-12-26
2026-12-05,wk inc flu hosp,3,26,quantile,0.2,112,2026-12-26
2026-12-05,wk inc flu hosp,3,26,quantile,0.25,116,2026-12-26
2026-12-05,wk inc flu hosp,3,26,quantile,0.3,123,2026-12-26
2026-12-05,wk inc flu hosp,3,26,quantile,0.35,132,2026-12-26
2026-12-05,wk inc flu hosp,3,26,quantile,0.4,141,2026-12-26
2026-12-05,wk inc flu hosp,3,26,quantile,0.45,149,2026-12-26
2026-12-05,wk inc flu hosp,3,26,quantile,0.5,163,2026-12-26
2026-12-05,wk inc flu hosp,3,26,quantile,0.55,173,2026-12-26
2026-12-05,wk inc flu hosp,3,26,quantile,0.6,177,2026-12-26
2026-12-05,wk inc flu hosp,3,26,quantile,0.65,185,2026-12-26
2026-12-05,wk inc flu hosp,3,26,quantile,0.7,200,2026-12-26
2026-12-05,wk inc flu hosp,3,26,quantile,0.75,212,2026-12-26
2026-12-05,wk inc flu hosp,3,26,quantile,0.8,225,2026-12-26
2026-12-05,wk inc flu hosp,3,26,quantile,0.85,241,2026-12-26
2026-12-05,wk inc flu hosp,3,26,quantile,0.9,263,2026-12-26
2026-12-05,wk inc flu hosp,3,26,quantile,0.95,291,2026-12-26
2026-12-05,wk inc flu hosp,3,26,quantile,0.975,314,2026-12-26
2026-12-05,wk inc flu hosp,3,26,quantile,0.99,332,2026-12-26
2026-12-05,wk inc flu hosp,3,27,quantile,0.01,32,2026-12-26
2026-12-05,wk inc flu hosp,3,27,quantile,0.025,35,2026-12-26
2026-12-05,wk inc flu hosp,3,27,quantile,0.05,43,2026-12-26
2026-12-05,wk inc flu hosp,3,27,quantile,0.1,51,2026-12-26
2026-12-05,wk inc flu hosp,3,27,quantile,0.15,60,2026-12-26
2026-12-05,wk inc flu hosp,3,27,quantile,0.2,66,2026-12-26
2026-12-05,wk inc flu hosp,3,27,quantile,0.25,71,2026-12-26
2026-12-05,wk inc flu hosp,3,27,quantile,0.3,85,2026-12-26
2026-12-05,wk inc flu hosp,3,27,quantile,0.35,90,2026-12-26
2026-12-05,wk inc flu hosp,3,27,quantile,0.4,95,2026-12-26
2026-12-05,wk inc flu hosp,3,27,quantile,0.45,100,2026-12-26
2026-12-05,wk inc flu hosp,3,27,quantile,0.5,104,2026-12-26
2026-12-05,wk inc flu hosp,3,27,quantile,0.55,110,2026-12-26
2026-12-05,wk inc flu hosp,3,27,quantile,0.6,115,2026-12-26
2026-12-05,wk inc flu hosp,3,27,quantile,0.65,117,2026-12-26
2026-12-05,wk inc flu hosp,3,27,quantile,0.7,123,2026-12-26
2026-12-05,wk inc flu hosp,3,27,quantile,0.75,132,2026-12-26
2026-12-05,wk inc flu hosp,3,27,quantile,0.8,138,2026-12-26
2026-12-05,wk inc flu hosp,3,27,quantile,0.85,154,2026-12-26
2026-12-05,wk inc flu hosp,3,27,quantile,0.9,175,2026-12-26
2026-12-05,wk inc flu hosp,3,27,quantile,0.95,198,2026-12-26
2026-12-05,wk inc flu hosp,3,27,quantile,0.975,272,2026-12-26
2026-12-05,wk inc flu hosp,3,27,quantile,0.99,305,2026-12-26
2026-12-05,wk inc flu hosp,3,28,quantile,0.01,23,2026-12-26
2026-12-05,wk inc flu hosp,3,28,quantile,0.025,30,2026-12-26
2026-12-05,wk inc flu hosp,3,28,quantile,0.05,38,2026-12-26
2026-12-05,wk inc flu hosp,3,28,quantile,0.1,48,2026-12-26
2026-12-05,wk inc flu hosp,3,28,quantile,0.15,52,2026-12-26
2026-12-05,wk inc flu hosp,3,28,quantile,0.2,60,2026-12-26
2026-12-05,wk inc flu hosp,3,28,quantile,0.25,67,2026-12-26
2026-12-05,wk inc flu hosp,3,28,quantile,0.3,74,2026-12-26
2026-12-05,wk inc flu hosp,3,28,quantile,0.35,81,2026-12-26
2026-12-05,wk inc flu hosp,3,28,quantile,0.4,85,2026-12-26
2026-12-05,wk inc flu hosp,3,28,quantile,0.45,91,2026-12-26
2026-12-05,wk inc flu hosp,3,28,quantile,0.5,96,2026-12-26
2026-12-05,wk inc flu hosp,3,28,quantile,0.55,99,2026-12-26
2026-12-05,wk inc flu hosp,3,28,quantile,0.6,101,2026-12-26
2026-12-05,wk inc flu hosp,3,28,quantile,0.65,107,2026-12-26
2026-12-05,wk inc flu hosp,3,28,quantile,0.7,112,2026-12-26
2026-12-05,wk inc flu hosp,3,28,quantile,0.75,120,2026-12-26
2026-12-05,wk inc flu hosp,3,28,quantile,0.8,133,2026-12-26
2026-12-05,wk inc flu hosp,3,28,quantile,0.85,139,2026-12-26
2026-12-05,wk inc flu hosp,3,28,quantile,0.9,161,2026-12-26
2026-12-05,wk inc flu hosp,3,28,quantile,0.95,181,2026-12-26
2026-12-05,wk inc flu hosp,3,28,quantile,0.975,210,2026-12-26
2026-12-05,wk inc flu hosp,3,28,quantile,0.99,287,2026-12-26
2026-12-05,wk inc flu hosp,3,29,quantile,0.01,44,2026-12-26
2026-12-05,wk inc flu hosp,3,29,quantile,0.025,53,2026-12-26
2026-12-05,wk inc flu hosp,3,29,quantile,0.05,59,2026-12-26
2026-12-05,wk inc flu hosp,3,29,quantile,0.1,74,2026-12-26
2026-12-05,wk inc flu hosp,3,29,quantile,0.15,79,2026-12-26
2026-12-05,wk inc flu hosp,3,29,quantile,0.2,83,2026-12-26
2026-12-05,wk inc flu hosp,3,29,quantile,0.25,90,2026-12-26
2026-12-05,wk inc flu hosp,3,29,quantile,0.3,94,2026-12-26
2026-12-05,wk inc flu hosp,3,29,quantile,0.35,101,2026-12-26
2026-12-05,wk inc flu hosp,3,29,quantile,0.4,105,2026-12-26
2026-12-05,wk inc flu hosp,3,29,quantile,0.45,109,2026-12-26
2026-12-05,wk inc flu hosp,3,29,quantile,0.5,114,2026-12-26
2026-12-05,wk inc flu hosp,3,29,quantile,0.55,118,2026-12-26
2026-12-05,wk inc flu hosp,3,29,quantile,0.6,122,2026-12-26
2026-12-05,wk inc flu hosp,3,29,quantile,0.65,126,2026-12-26
2026-12-05,wk inc flu hosp,3,29,quantile,0.7,131,2026-12-26
2026-12-05,wk inc flu hosp,3,29,quantile,0.75,136,2026-12-26
2026-12-05,wk inc flu hosp,3,29,quantile,0.8,141,2026-12-26
2026-12-05,wk inc flu hosp,3,29,quantile,0.85,146,2026-12-26
2026-12-05,wk inc flu hosp,3,29,quantile,0.9,157,2026-12-26
2026-12-05,wk inc flu hosp,3,29,quantile,0.95,167,2026-12-26
2026-12-05,wk inc flu hosp,3,29,quantile,0.975,180,2026-12-26
2026-12-05,wk inc flu hosp,3,29,quantile,0.99,193,2026-12-26
2026-12-05,wk inc flu hosp,3,30,quantile,0.01,6,2026-12-26
2026-12-05,wk inc flu hosp,3,30,quantile,0.025,8,2026-12-26
2026-12-05,wk inc flu hosp,3,30,quantile,0.05,11,2026-12-26
2026-12-05,wk inc flu hosp,3,30,quantile,0.1,13,2026-12-26
2026-12-05,wk inc flu hosp,3,30,quantile,0.15,15,2026-12-26
2026-12-05,wk inc flu hosp,3,30,quantile,0.2,17,2026-12-26
2026-12-05,wk inc flu hosp,3,30,quantile,0.25,19,2026-12-26
2026-12-05,wk inc flu hosp,3,30,quantile,0.3,20,2026-12-26
2026-12-05,wk inc flu hosp,3,30,quantile,0.35,22,2026-12-26
2026-12-05,wk inc flu hosp,3,30,quantile,0.4,23,2026-12-26
2026-12-05,wk inc flu hosp,3,30,quantile,0.45,26,2026-12-26
2026-12-05,wk inc flu hosp,3,30,quantile,0.5,28,2026-12-26
2026-12-05,wk inc flu hosp,3,30,quantile,0.55,29,2026-12-26
2026-12-05,wk inc flu hosp,3,30,quantile,0.6,31,2026-12-26
2026-12-05,wk inc flu hosp,3,30,quantile,0.65,33,2026-12-26
2026-12-05,wk inc flu hosp,3,30,quantile,0.7,35,2026-12-26
2026-12-05,wk inc flu hosp,3,30,quantile,0.75,38,2026-12-26
2026-12-05,wk inc flu hosp,3,30,quantile,0.8,40,2026-12-26
2026-12-05,wk inc flu hosp,3,30,quantile,0.85,42,2026-12-26
2026-12-05,wk inc flu hosp,3,30,quantile,0.9,47,2026-12-26
2026-12-05,wk inc flu hosp,3,30,quantile,0.95,61,2026-12-26
2026-12-05,wk inc flu hosp,3,30,quantile,0.975,66,2026-12-26
2026-12-05,wk inc flu hosp,3,30,quantile,0.99,83,2026-12-26
2026-12-05,wk inc flu hosp,3,31,quantile,0.01,10,2026-12-26
2026-12-05,wk inc flu hosp,3,31,quantile,0.025,11,2026-12-26
2026-12-05,wk inc flu hosp,3,31,quantile,0.05,14,2026-12-26
2026-12-05,wk inc flu hosp,3,31,quantile,0.1,17,2026-12-26
2026-12-05,wk inc flu hosp,3,31,quantile,0.15,19,2026-12-26
2026-12-05,wk inc flu hosp,3,31,quantile,0.2,21,2026-12-26
2026-12-05,wk inc flu hosp,3,31,quantile,0.25,22,2026-12-26
2026-12-05,wk inc flu hosp,3,31,quantile,0.3,24,2026-12-26
2026-12-05,wk inc flu hosp,3,31,quantile,0.35,25,2026-12-26
2026-12-05,wk inc flu hosp,3,31,quantile,0.4,27,2026-12-26
2026-12-05,wk inc flu hosp,3,31,quantile,0.45,29,2026-12-26
2026-12-05,wk inc flu hosp,3,31,quantile,0.5,32,2026-12-26
2026-12-05,wk inc flu hosp,3,31,quantile,0.55,33,2026-12-26
2026-12-05,wk inc flu hosp,3,31,quantile,0.6,34,2026-12-26
2026-12-05,wk inc flu hosp,3,31,quantile,0.65,35,2026-12-26
2026-12-05,wk inc flu hosp,3,31,quantile,0.7,38,2026-12-26
2026-12-05,wk inc flu hosp,3,31,quantile,0.75,41,2026-12-26
2026-12-05,wk inc flu hosp,3,31,quantile,0.8,46,2026-12-26
2026-12-05,wk inc flu hosp,3,31,quantile,0.85,48,2026-12-26
2026-12-05,wk inc flu hosp,3,31,quantile,0.9,53,2026-12-26
2026-12-05,wk inc flu hosp,3,31,quantile,0.95,65,2026-12-26
2026-12-05,wk inc flu hosp,3,31,quantile,0.975,71,2026-12-26
2026-12-05,wk inc flu hosp,3,31,quantile,0.99,76,2026-12-26
2026-12-05,wk inc flu hosp,3,32,quantile,0.01,29,2026-12-26
2026-12-05,wk inc flu hosp,3,32,quantile,0.025,30,2026-12-26
2026-12-05,wk inc flu hosp,3,32,quantile,0.05,35,2026-12-26
2026-12-05,wk inc flu hosp,3,32,quantile,0.1,40,2026-12-26
2026-12-05,wk inc flu hosp,3,32,quantile,0.15,43,2026-12-26
2026-12-05,wk inc flu hosp,3,32,quantile,0.2,50,2026-12-26
2026-12-05,wk inc flu hosp,3,32,quantile,0.25,52,2026-12-26
2026-12-05,wk inc flu hosp,3,32,quantile,0.3,59,2026-12-26
2026-12-05,wk inc flu hosp,3,32,quantile,0.35,63,2026-12-26
2026-12-05,wk inc flu hosp,3,32,quantile,0.4,66,2026-12-26
2026-12-05,wk inc flu hosp,3,32,quantile,0.45,68,2026-12-26
2026-12-05,wk inc flu hosp,3,32,quantile,0.5,71,2026-12-26
2026-12-05,wk inc flu hosp,3,32,quantile,0.55,75,2026-12-26
2026-12-05,wk inc flu hosp,3,32,quantile,0.6,80,2026-12-26
2026-12-05,wk inc flu hosp,3,32,quantile,0.65,84,2026-12-26
2026-12-05,wk inc flu hosp,3,32,quantile,0.7,87,2026-12-26
2026-12-05,wk inc flu hosp,3,32,quantile,0.75,91,2026-12-26
2026-12-05,wk inc flu hosp,3,32,quantile,0.8,97,2026-12-26
2026-12-05,wk inc flu hosp,3,32,quantile,0.85,108,2026-12-26
2026-12-05,wk inc flu hosp,3,32,quantile,0.9,121,2026-12-26
2026-12-05,wk inc flu hosp,3,32,quantile,0.95,138,2026-12-26
2026-12-05,wk inc flu hosp,3,32,quantile,0.975,156,2026-12-26
2026-12-05,wk inc flu hosp,3,32,quantile,0.99,213,2026-12-26
2026-12-05,wk inc flu hosp,3,33,quantile,0.01,12,2026-12-26
2026-12-05,wk inc flu hosp,3,33,quantile,0.025,16,2026-12-26
2026-12-05,wk inc flu hosp,3,33,quantile,0.05,20,2026-12-26
2026-12-05,wk inc flu hosp,3,33,quantile,0.1,24,2026-12-26
2026-12-05,wk inc flu hosp,3,33,quantile,0.15,27,2026-12-26
2026-12-05,wk inc flu hosp,3,33,quantile,0.2,29,2026-12-26
2026-12-05,wk inc flu hosp,3,33,quantile,0.25,31,2026-12-26
2026-12-05,wk inc flu hosp,3,33,quantile,0.3,33,2026-12-26
2026-12-05,wk inc flu hosp,3,33,quantile,0.35,34,2026-12-26
2026-12-05,wk inc flu hosp,3,33,quantile,0.4,36,2026-12-26
2026-12-05,wk inc flu hosp,3,33,quantile,0.45,37,2026-12-26
2026-12-05,wk inc flu hosp,3,33,quantile,0.5,38,2026-12-26
2026-12-05,wk inc flu hosp,3,33,quantile,0.55,39,2026-12-26
2026-12-05,wk inc flu hosp,3,33,quantile,0.6,44,2026-12-26
2026-12-05,wk inc flu hosp,3,33,quantile,0.65,46,2026-12-26
2026-12-05,wk inc flu hosp,3,33,quantile,0.7,48,2026-12-26
2026-12-05,wk inc flu hosp,3,33,quantile,0.75,51,2026-12-26
2026-12-05,wk inc flu hosp,3,33,quantile,0.8,56,2026-12-26
2026-12-05,wk inc flu hosp,3,33,quantile,0.85,59,2026-12-26
2026-12-05,wk inc flu hosp,3,33,quantile,0.9,64,2026-12-26
2026-12-05,wk inc flu hosp,3,33,quantile,0.95,76,2026-12-26
2026-12-05,wk inc flu hosp,3,33,quantile,0.975,89,2026-12-26
2026-12-05,wk inc flu hosp,3,33,quantile,0.99,106,2026-12-26
2026-12-05,wk inc flu hosp,3,34,quantile,0.01,139,2026-12-26
2026-12-05,wk inc flu hosp,3,34,quantile,0.025,153,2026-12-26
2026-12-05,wk inc flu hosp,3,34,quantile,0.05,173,2026-12-26
2026-12-05,wk inc flu hosp,3,34,quantile,0.1,192,2026-12-26
2026-12-05,wk inc flu hosp,3,34,quantile,0.15,220,2026-12-26
2026-12-05,wk inc flu hosp,3,34,quantile,0.2,233,2026-12-26
2026-12-05,wk inc flu hosp,3,34,quantile,0.25,242,2026-12-26
2026-12-05,wk inc flu hosp,3,34,quantile,0.3,245,2026-12-26
2026-12-05,wk inc flu hosp,3,34,quantile,0.35,261,2026-12-26
2026-12-05,wk inc flu hosp,3,34,quantile,0.4,272,2026-12-26
2026-12-05,wk inc flu hosp,3,34,quantile,0.45,287,2026-12-26
2026-12-05,wk inc flu hosp,3,34,quantile,0.5,306,2026-12-26
2026-12-05,wk inc flu hosp,3,34,quantile,0.55,327,2026-12-26
2026-12-05,wk inc flu hosp,3,34,quantile,0.6,351,2026-12-26
2026-12-05,wk inc flu hosp,3,34,quantile,0.65,360,2026-12-26
2026-12-05,wk inc flu hosp,3,34,quantile,0.7,375,2026-12-26
2026-12-05,wk inc flu hosp,3,34,quantile,0.75,419,2026-12-26
2026-12-05,wk inc flu hosp,3,34,quantile,0.8,441,2026-12-26
2026-12-05,wk inc flu hosp,3,34,quantile,0.85,473,2026-12-26
2026-12-05,wk inc flu hosp,3,34,quantile,0.9,534,2026-12-26
2026-12-05,wk inc flu hosp,3,34,quantile,0.95,668,2026-12-26
2026-12-05,wk inc flu hosp,3,34,quantile,0.975,730,2026-12-26
2026-12-05,wk inc flu hosp,3,34,quantile,0.99,883,2026-12-26
2026-12-05,wk inc flu hosp,3,35,quantile,0.01,23,2026-12-26
2026-12-05,wk inc flu hosp,3,35,quantile,0.025,27,2026-12-26
2026-12-05,wk inc flu hosp,3,35,quantile,0.05,31,2026-12-26
2026-12-05,wk inc flu hosp,3,35,quantile,0.1,37,2026-12-26
2026-12-05,wk inc flu hosp,3,35,quantile,0.15,43,2026-12-26
2026-12-05,wk inc flu hosp,3,35,quantile,0.2,49,2026-12-26
2026-12-05,wk inc flu hosp,3,35,quantile,0.25,50,2026-12-26
2026-12-05,wk inc flu hosp,3,35,quantile,0.3,53,2026-12-26
2026-12-05,wk inc flu hosp,3,35,quantile,0.35,54,2026-12-26
2026-12-05,wk inc flu hosp,3,35,quantile,0.4,60,2026-12-26
2026-12-05,wk inc flu hosp,3,35,quantile,0.45,62,2026-12-26
2026-12-05,wk inc flu hosp,3,35,quantile,0.5,67,2026-12-26
2026-12-05,wk inc flu hosp,3,35,quantile,0.55,73,2026-12-26
2026-12-05,wk inc flu hosp,3,35,quantile,0.6,76,2026-12-26
2026-12-05,wk inc flu hosp,3,35,quantile,0.65,82,2026-12-26
2026-12-05,wk inc flu hosp,3,35,quantile,0.7,89,2026-12-26
2026-12-05,wk inc flu hosp,3,35,quantile,0.75,96,2026-12-26
2026-12-05,wk inc flu hosp,3,35,quantile,0.8,105,2026-12-26
2026-12-05,wk inc flu hosp,3,35,quantile,0.85,114,2026-12-26
2026-12-05,wk inc flu hosp,3,35,quantile,0.9,125,2026-12-26
2026-12-05,wk inc flu hosp,3,35,quantile,0.95,150,2026-12-26
2026-12-05,wk inc flu hosp,3,35,quantile,0.975,168,2026-12-26
2026-12-05,wk inc flu hosp,3,35,quantile,0.99,192,2026-12-26
2026-12-05,wk inc flu hosp,3,36,quantile,0.01,393,2026-12-26
2026-12-05,wk inc flu hosp,3,36,quantile,0.025,480,2026-12-26
2026-12-05,wk inc flu hosp,3,36,quantile,0.05,536,2026-12-26
2026-12-05,wk inc flu hosp,3,36,quantile,0.1,603,2026-12-26
2026-12-05,wk inc flu hosp,3,36,quantile,0.15,659,2026-12-26
2026-12-05,wk inc flu hosp,3,36,quantile,0.2,714,2026-12-26
2026-12-05,wk inc flu hosp,3,36,quantile,0.25,752,2026-12-26
2026-12-05,wk inc flu hosp,3,36,quantile,0.3,816,2026-12-26
2026-12-05,wk inc flu hosp,3,36,quantile,0.35,853,2026-12-26
2026-12-05,wk inc flu hosp,3,36,quantile,0.4,886,2026-12-26
2026-12-05,wk inc flu hosp,3,36,quantile,0.45,921,2026-12-26
2026-12-05,wk inc flu hosp,3,36,quantile,0.5,954,2026-12-26
2026-12-05,wk inc flu hosp,3,36,quantile,0.55,988,2026-12-26
2026-12-05,wk inc flu hosp,3,36,quantile,0.6,1020,2026-12-26
2026-12-05,wk inc flu hosp,3,36,quantile,0.65,1085,2026-12-26
2026-12-05,wk inc flu hosp,3,36,quantile,0.7,1130,2026-12-26
2026-12-05,wk inc flu hosp,3,36,quantile,0.75,1206,2026-12-26
2026-12-05,wk inc flu hosp,3,36,quantile,0.8,1230,2026-12-26
2026-12-05,wk inc flu hosp,3,36,quantile,0.85,1267,2026-12-26
2026-12-05,wk inc flu hosp,3,36,quantile,0.9,1361,2026-12-26
2026-12-05,wk inc flu hosp,3,36,quantile,0.95,1494,2026-12-26
2026-12-05,wk inc flu hosp,3,36,quantile,0.975,1557,2026-12-26
2026-12-05,wk inc flu hosp,3,36,quantile,0.99,1769,2026-12-26
2026-12-05,wk inc flu hosp,3,37,quantile,0.01,113,2026-12-26
2026-12-05,wk inc flu hosp,3,37,quantile,0.025,123,2026-12-26
2026-12-05,wk inc flu hosp,3,37,quantile,0.05,145,2026-12-26
2026-12-05,wk inc flu hosp,3,37,quantile,0.1,166,2026-12-26
2026-12-05,wk inc flu hosp,3,37,quantile,0.15,188,2026-12-26
2026-12-05,wk inc flu hosp,3,37,quantile,0.2,209,2026-12-26
2026-12-05,wk inc flu hosp,3,37,quantile,0.25,229,2026-12-26
2026-12-05,wk inc flu hosp,3,37,quantile,0.3,246,2026-12-26
2026-12-05,wk inc flu hosp,3,37,quantile,0.35,265,2026-12-26
2026-12-05,wk inc flu hosp,3,37,quantile,0.4,273,2026-12-26
2026-12-05,wk inc flu hosp,3,37,quantile,0.45,294,2026-12-26
2026-12-05,wk inc flu hosp,3,37,quantile,0.5,316,2026-12-26
2026-12-05,wk inc flu hosp,3,37,quantile,0.55,333,2026-12-26
2026-12-05,wk inc flu hosp,3,37,quantile,0.6,357,2026-12-26
2026-12-05,wk inc flu hosp,3,37,quantile,0.65,385,2026-12-26
2026-12-05,wk inc flu hosp,3,37,quantile,0.7,420,2026-12-26
2026-12-05,wk inc flu hosp,3,37,quantile,0.75,443,2026-12-26
2026-12-05,wk inc flu hosp,3,37,quantile,0.8,507,2026-12-26
2026-12-05,wk inc flu hosp,3,37,quantile,0.85,543,2026-12-26
2026-12-05,wk inc flu hosp,3,37,quantile,0.9,613,2026-12-26
2026-12-05,wk inc flu hosp,3,37,quantile,0.95,722,2026-12-26
2026-12-05,wk inc flu hosp,3,37,quantile,0.975,792,2026-12-26
2026-12-05,wk inc flu hosp,3,37,quantile,0.99,996,2026-12-26
2026-12-05,wk inc flu hosp,3,38,quantile,0.01,7,2026-12-26
2026-12-05,wk inc flu hosp,3,38,quantile,0.025,8,2026-12-26
2026-12-05,wk inc flu hosp,3,38,quantile,0.05,9,2026-12-26
2026-12-05,wk inc flu hosp,3,38,quantile,0.1,12,2026-12-26
2026-12-05,wk inc flu hosp,3,38,quantile,0.15,14,2026-12-26
2026-12-05,wk inc flu hosp,3,38,quantile,0.2,15,2026-12-26
2026-12-05,wk inc flu hosp,3,38,quantile,0.25,17,2026-12-26
2026-12-05,wk inc flu hosp,3,38,quantile,0.3,18,2026-12-26
2026-12-05,wk inc flu hosp,3,38,quantile,0.35,20,2026-12-26
2026-12-05,wk inc flu hosp,3,38,quantile,0.4,20,2026-12-26
2026-12-05,wk inc flu hosp,3,38,quantile,0.45,21,2026-12-26
2026-12-05,wk inc flu hosp,3,38,quantile,0.5,22,2026-12-26
2026-12-05,wk inc flu hosp,3,38,quantile,0.55,22,2026-12-26
2026-12-05,wk inc flu hosp,3,38,quantile,0.6,23,2026-12-26
2026-12-05,wk inc flu hosp,3,38,quantile,0.65,25,2026-12-26
2026-12-05,wk inc flu hosp,3,38,quantile,0.7,27,2026-12-26
2026-12-05,wk inc flu hosp,3,38,quantile,0.75,30,2026-12-26
2026-12-05,wk inc flu hosp,3,38,quantile,0.8,32,2026-12-26
2026-12-05,wk inc flu hosp,3,38,quantile,0.85,35,2026-12-26
2026-12-05,wk inc flu hosp,3,38,quantile,0.9,37,2026-12-26
2026-12-05,wk inc flu hosp,3,38,quantile,0.95,40,2026-12-26
2026-12-05,wk inc flu hosp,3,38,quantile,0.975,43,2026-12-26
2026-12-05,wk inc flu hosp,3,38,quantile,0.99,46,2026-12-26
2026-12-05,wk inc flu hosp,3,39,quantile,0.01,97,2026-12-26
2026-12-05,wk inc flu hosp,3,39,quantile,0.025,105,2026-12-26
2026-12-05,wk inc flu hosp,3,39,quantile,0.05,118,2026-12-26
2026-12-05,wk inc flu hosp,3,39,quantile,0.1,138,2026-12-26
2026-12-05,wk inc flu hosp,3,39,quantile,0.15,156,2026-12-26
2026-12-05,wk inc flu hosp,3,39,quantile,0.2,168,2026-12-26
2026-12-05,wk inc flu hosp,3,39,quantile,0.25,179,2026-12-26
2026-12-05,wk inc flu hosp,3,39,quantile,0.3,189,2026-12-26
2026-12-05,wk inc flu hosp,3,39,quantile,0.35,200,2026-12-26
2026-12-05,wk inc flu hosp,3,39,quantile,0.4,211,2026-12-26
2026-12-05,wk inc flu hosp,3,39,quantile,0.45,229,2026-12-26
2026-12-05,wk inc flu hosp,3,39,quantile,0.5,244,2026-12-26
2026-12-05,wk inc flu hosp,3,39,quantile,0.55,255,2026-12-26
2026-12-05,wk inc flu hosp,3,39,quantile,0.6,264,2026-12-26
2026-12-05,wk inc flu hosp,3,39,quantile,0.65,277,2026-12-26
2026-12-05,wk inc flu hosp,3,39,quantile,0.7,283,2026-12-26
2026-12-05,wk inc flu hosp,3,39,quantile,0.75,309,2026-12-26
2026-12-05,wk inc flu hosp,3,39,quantile,0.8,323,2026-12-26
2026-12-05,wk inc flu hosp,3,39,quantile,0.85,341,2026-12-26
2026-12-05,wk inc flu hosp,3,39,quantile,0.9,371,2026-12-26
2026-12-05,wk inc flu hosp,3,39,quantile,0.95,426,2026-12-26
2026-12-05,wk inc flu hosp,3,39,quantile,0.975,505,2026-12-26
2026-12-05,wk inc flu hosp,3,39,quantile,0.99,660,2026-12-26
2026-12-05,wk inc flu hosp,3,40,quantile,0.01,15,2026-12-26
2026-12-05,wk inc flu hosp,3,40,quantile,0.025,20,2026-12-26
2026-12-05,wk inc flu hosp,3,40,quantile,0.05,24,2026-12-26
2026-12-05,wk inc flu hosp,3,40,quantile,0.1,31,2026-12-26
2026-12-05,wk inc flu hosp,3,40,quantile,0.15,34,2026-12-26
2026-12-05,wk inc flu hosp,3,40,quantile,0.2,36,2026-12-26
2026-12-05,wk inc flu hosp,3,40,quantile,0.25,38,2026-12-26
2026-12-05,wk inc flu hosp,3,40,quantile,0.3,41,2026-12-26
2026-12-05,wk inc flu hosp,3,40,quantile,0.35,43,2026-12-26
2026-12-05,wk inc flu hosp,3,40,quantile,0.4,45,2026-12-26
2026-12-05,wk inc flu hosp,3,40,quantile,0.45,46,2026-12-26
2026-12-05,wk inc flu hosp,3,40,quantile,0.5,50,2026-12-26
2026-12-05,wk inc flu hosp,3,40,quantile,0.55,53,2026-12-26
2026-12-05,wk inc flu hosp,3,40,quantile,0.6,59,2026-12-26
2026-12-05,wk inc flu hosp,3,40,quantile,0.65,62,2026-12-26
2026-12-05,wk inc flu hosp,3,40,quantile,0.7,64,2026-12-26
2026-12-05,wk inc flu hosp,3,40,quantile,0.75,71,2026-12-26
2026-12-05,wk inc flu hosp,3,40,quantile,0.8,79,2026-12-26
2026-12-05,wk inc flu hosp,3,40,quantile,0.85,90,2026-12-26
2026-12-05,wk inc flu hosp,3,40,quantile,0.9,99,2026-12-26
2026-12-05,wk inc flu hosp,3,40,quantile,0.95,118,2026-12-26
2026-12-05,wk inc flu hosp,3,40,quantile,0.975,129,2026-12-26
2026-12-05,wk inc flu hosp,3,40,quantile,0.99,177,2026-12-26
2026-12-05,wk inc flu hosp,3,41,quantile,0.01,35,2026-12-26
2026-12-05,wk inc flu hosp,3,41,quantile,0.025,39,2026-12-26
2026-12-05,wk inc flu hosp,3,41,quantile,0.05,42,2026-12-26
2026-12-05,wk inc flu hosp,3,41,quantile,0.1,48,2026-12-26
2026-12-05,wk inc flu hosp,3,41,quantile,0.15,49,2026-12-26
2026-12-05,wk inc flu hosp,3,41,quantile,0.2,53,2026-12-26
2026-12-05,wk inc flu hosp,3,41,quantile,0.25,57,2026-12-26
2026-12-05,wk inc flu hosp,3,41,quantile,0.3,61,2026-12-26
2026-12-05,wk inc flu hosp,3,41,quantile,0.35,66,2026-12-26
2026-12-05,wk inc flu hosp,3,41,quantile,0.4,67,2026-12-26
2026-12-05,wk inc flu hosp,3,41,quantile,0.45,69,2026-12-26
2026-12-05,wk inc flu hosp,3,41,quantile,0.5,72,2026-12-26
2026-12-05,wk inc flu hosp,3,41,quantile,0.55,76,2026-12-26
2026-12-05,wk inc flu hosp,3,41,quantile,0.6,77,2026-12-26
2026-12-05,wk inc flu hosp,3,41,quantile,0.65,82,2026-12-26
2026-12-05,wk inc flu hosp,3,41,quantile,0.7,87,2026-12-26
2026-12-05,wk inc flu hosp,3,41,quantile,0.75,96,2026-12-26
2026-12-05,wk inc flu hosp,3,41,quantile,0.8,104,2026-12-26
2026-12-05,wk inc flu hosp,3,41,quantile,0.85,110,2026-12-26
2026-12-05,wk inc flu hosp,3,41,quantile,0.9,128,2026-12-26
2026-12-05,wk inc flu hosp,3,41,quantile,0.95,160,2026-12-26
2026-12-05,wk inc flu hosp,3,41,quantile,0.975,185,2026-12-26
2026-12-05,wk inc flu hosp,3,41,quantile,0.99,212,2026-12-26
2026-12-05,wk inc flu hosp,3,42,quantile,0.01,181,2026-12-26
2026-12-05,wk inc flu hosp,3,42,quantile,0.025,212,2026-12-26
2026-12-05,wk inc flu hosp,3,42,quantile,0.05,233,2026-12-26
2026-12-05,wk inc flu hosp,3,42,quantile,0.1,276,2026-12-26
2026-12-05,wk inc flu hosp,3,42,quantile,0.15,297,2026-12-26
2026-12-05,wk inc flu hosp,3,42,quantile,0.2,317,2026-12-26
2026-12-05,wk inc flu hosp,3,42,quantile,0.25,353,2026-12-26
2026-12-05,wk inc flu hosp,3,42,quantile,0.3,384,2026-12-26
2026-12-05,wk inc flu hosp,3,42,quantile,0.35,404,2026-12-26
2026-12-05,wk inc flu hosp,3,42,quantile,0.4,413,2026-12-26
2026-12-05,wk inc flu hosp,3,42,quantile,0.45,444,2026-12-26
2026-12-05,wk inc flu hosp,3,42,quantile,0.5,457,2026-12-26
2026-12-05,wk inc flu hosp,3,42,quantile,0.55,478,2026-12-26
2026-12-05,wk inc flu hosp,3,42,quantile,0.6,491,2026-12-26
2026-12-05,wk inc flu hosp,3,42,quantile,0.65,517,2026-12-26
2026-12-05,wk inc flu hosp,3,42,quantile,0.7,555,2026-12-26
2026-12-05,wk inc flu hosp,3,42,quantile,0.75,577,2026-12-26
2026-12-05,wk inc flu hosp,3,42,quantile,0.8,598,2026-12-26
2026-12-05,wk inc flu hosp,3,42,quantile,0.85,639,2026-12-26
2026-12-05,wk inc flu hosp,3,42,quantile,0.9,731,2026-12-26
2026-12-05,wk inc flu hosp,3,42,quantile,0.95,856,2026-12-26
2026-12-05,wk inc flu hosp,3,42,quantile,0.975,918,2026-12-26
2026-12-05,wk inc flu hosp,3,42,quantile,0.99,1007,2026-12-26
2026-12-05,wk inc flu hosp,3,44,quantile,0.01,13,2026-12-26
2026-12-05,wk inc flu hosp,3,44,quantile,0.025,16,2026-12-26
2026-12-05,wk inc flu hosp,3,44,quantile,0.05,19,2026-12-26
2026-12-05,wk inc flu hosp,3,44,quantile,0.1,20,2026-12-26
2026-12-05,wk inc flu hosp,3,44,quantile,0.15,23,2026-12-26
2026-12-05,wk inc flu hosp,3,44,quantile,0.2,26,2026-12-26
2026-12-05,wk inc flu hosp,3,44,quantile,0.25,28,2026-12-26
2026-12-05,wk inc flu hosp,3,44,quantile,0.3,31,2026-12-26
2026-12-05,wk inc flu hosp,3,44,quantile,0.35,33,2026-12-26
2026-12-05,wk inc flu hosp,3,44,quantile,0.4,35,2026-12-26
2026-12-05,wk inc flu hosp,3,44,quantile,0.45,37,2026-12-26
2026-12-05,wk inc flu hosp,3,44,quantile,0.5,38,2026-12-26
2026-12-05,wk inc flu hosp,3,44,quantile,0.55,40,2026-12-26
2026-12-05,wk inc flu hosp,3,44,quantile,0.6,42,2026-12-26
2026-12-05,wk inc flu hosp,3,44,quantile,0.65,44,2026-12-26
2026-12-05,wk inc flu hosp,3,44,quantile,0.7,50,2026-12-26
2026-12-05,wk inc flu hosp,3,44,quantile,0.75,54,2026-12-26
2026-12-05,wk inc flu hosp,3,44,quantile,0.8,58,2026-12-26
2026-12-05,wk inc flu hosp,3,44,quantile,0.85,62,2026-12-26
2026-12-05,wk inc flu hosp,3,44,quantile,0.9,67,2026-12-26
2026-12-05,wk inc flu hosp,3,44,quantile,0.95,83,2026-12-26
2026-12-05,wk inc flu hosp,3,44,quantile,0.975,87,2026-12-26
2026-12-05,wk inc flu hosp,3,44,quantile,0.99,102,2026-12-26
2026-12-05,wk inc flu hosp,3,45,quantile,0.01,76,2026-12-26
2026-12-05,wk inc flu hosp,3,45,quantile,0.025,89,2026-12-26
2026-12-05,wk inc flu hosp,3,45,quantile,0.05,102,2026-12-26
2026-12-05,wk inc flu hosp,3,45,quantile,0.1,117,2026-12-26
2026-12-05,wk inc flu hosp,3,45,quantile,0.15,136,2026-12-26
2026-12-05,wk inc flu hosp,3,45,quantile,0.2,146,2026-12-26
2026-12-05,wk inc flu hosp,3,45,quantile,0.25,159,2026-12-26
2026-12-05,wk inc flu hosp,3,45,quantile,0.3,175,2026-12-26
2026-12-05,wk inc flu hosp,3,45,quantile,0.35,195,2026-12-26
2026-12-05,wk inc flu hosp,3,45,quantile,0.4,208,2026-12-26
2026-12-05,wk inc flu hosp,3,45,quantile,0.45,218,2026-12-26
2026-12-05,wk inc flu hosp,3,45,quantile,0.5,227,2026-12-26
2026-12-05,wk inc flu hosp,3,45,quantile,0.55,237,2026-12-26
2026-12-05,wk inc flu hosp,3,45,quantile,0.6,249,2026-12-26
2026-12-05,wk inc flu hosp,3,45,quantile,0.65,261,2026-12-26
2026-12-05,wk inc flu hosp,3,45,quantile,0.7,269,2026-12-26
2026-12-05,wk inc flu hosp,3,45,quantile,0.75,296,2026-12-26
2026-12-05,wk inc flu hosp,3,45,quantile,0.8,331,2026-12-26
2026-12-05,wk inc flu hosp,3,45,quantile,0.85,372,2026-12-26
2026-12-05,wk inc flu hosp,3,45,quantile,0.9,401,2026-12-26
2026-12-05,wk inc flu hosp,3,45,quantile,0.95,527,2026-12-26
2026-12-05,wk inc flu hosp,3,45,quantile,0.975,589,2026-12-26
2026-12-05,wk inc flu hosp,3,45,quantile,0.99,688,2026-12-26
2026-12-05,wk inc flu hosp,3,46,quantile,0.01,3,2026-12-26
2026-12-05,wk inc flu hosp,3,46,quantile,0.025,5,2026-12-26
2026-12-05,wk inc flu hosp,3,46,quantile,0.05,8,2026-12-26
2026-12-05,wk inc flu hosp,3,46,quantile,0.1,9,2026-12-26
2026-12-05,wk inc flu hosp,3,46,quantile,0.15,10,2026-12-26
2026-12-05,wk inc flu hosp,3,46,quantile,0.2,12,2026-12-26
2026-12-05,wk inc flu hosp,3,46,quantile,0.25,14,2026-12-26
2026-12-05,wk inc flu hosp,3,46,quantile,0.3,15,2026-12-26
2026-12-05,wk inc flu hosp,3,46,quantile,0.35,15,2026-12-26
2026-12-05,wk inc flu hosp,3,46,quantile,0.4,17,2026-12-26
2026-12-05,wk inc flu hosp,3,46,quantile,0.45,18,2026-12-26
2026-12-05,wk inc flu hosp,3,46,quantile,0.5,19,2026-12-26
2026-12-05,wk inc flu hosp,3,46,quantile,0.55,19,2026-12-26
2026-12-05,wk inc flu hosp,3,46,quantile,0.6,20,2026-12-26
2026-12-05,wk inc flu hosp,3,46,quantile,0.65,21,2026-12-26
2026-12-05,wk inc flu hosp,3,46,quantile,0.7,23,2026-12-26
2026-12-05,wk inc flu hosp,3,46,quantile,0.75,25,2026-12-26
2026-12-05,wk inc flu hosp,3,46,quantile,0.8,27,2026-12-26
2026-12-05,wk inc flu hosp,3,46,quantile,0.85,30,2026-12-26
2026-12-05,wk inc flu hosp,3,46,quantile,0.9,34,2026-12-26
2026-12-05,wk inc flu hosp,3,46,quantile,0.95,38,2026-12-26
2026-12-05,wk inc flu hosp,3,46,quantile,0.975,45,2026-12-26
2026-12-05,wk inc flu hosp,3,46,quantile,0.99,52,2026-12-26
2026-12-05,wk inc flu hosp,3,47,quantile,0.01,58,2026-12-26
2026-12-05,wk inc flu hosp,3,47,quantile,0.025,77,2026-12-26
2026-12-05,wk inc flu hosp,3,47,quantile,0.05,87,2026-12-26
2026-12-05,wk inc flu hosp,3,47,quantile,0.1,101,2026-12-26
2026-12-05,wk inc flu hosp,3,47,quantile,0.15,114,2026-12-26
2026-12-05,wk inc flu hosp,3,47,quantile,0.2,119,2026-12-26
2026-12-05,wk inc flu hosp,3,47,quantile,0.25,123,2026-12-26
2026-12-05,wk inc flu hosp,3,47,quantile,0.3,131,2026-12-26
2026-12-05,wk inc flu hosp,3,47,quantile,0.35,137,2026-12-26
2026-12-05,wk inc flu hosp,3,47,quantile,0.4,148,2026-12-26
2026-12-05,wk inc flu hosp,3,47,quantile,0.45,155,2026-12-26
2026-12-05,wk inc flu hosp,3,47,quantile,0.5,159,2026-12-26
2026-12-05,wk inc flu hosp,3,47,quantile,0.55,166,2026-12-26
2026-12-05,wk inc flu hosp,3,47,quantile,0.6,173,2026-12-26
2026-12-05,wk inc flu hosp,3,47,quantile,0.65,180,2026-12-26
2026-12-05,wk inc flu hosp,3,47,quantile,0.7,189,2026-12-26
2026-12-05,wk inc flu hosp,3,47,quantile,0.75,203,2026-12-26
2026-12-05,wk inc flu hosp,3,47,quantile,0.8,212,2026-12-26
2026-12-05,wk inc flu hosp,3,47,quantile,0.85,227,2026-12-26
2026-12-05,wk inc flu hosp,3,47,quantile,0.9,244,2026-12-26
2026-12-05,wk inc flu hosp,3,47,quantile,0.95,274,2026-12-26
2026-12-05,wk inc flu hosp,3,47,quantile,0.975,303,2026-12-26
2026-12-05,wk inc flu hosp,3,47,quantile,0.99,361,2026-12-26
2026-12-05,wk inc flu hosp,3,48,quantile,0.01,256,2026-12-26
2026-12-05,wk inc flu hosp,3,48,quantile,0.025,295,2026-12-26
2026-12-05,wk inc flu hosp,3,48,quantile,0.05,361,2026-12-26
2026-12-05,wk inc flu hosp,3,48,quantile,0.1,425,2026-12-26
2026-12-05,wk inc flu hosp,3,48,quantile,0.15,454,2026-12-26
2026-12-05,wk inc flu hosp,3,48,quantile,0.2,492,2026-12-26
2026-12-05,wk inc flu hosp,3,48,quantile,0.25,517,2026-12-26
2026-12-05,wk inc flu hosp,3,48,quantile,0.3,550,2026-12-26
2026-12-05,wk inc flu hosp,3,48,quantile,0.35,579,2026-12-26
2026-12-05,wk inc flu hosp,3,48,quantile,0.4,651,2026-12-26
2026-12-05,wk inc flu hosp,3,48,quantile,0.45,712,2026-12-26
2026-12-05,wk inc flu hosp,3,48,quantile,0.5,740,2026-12-26
2026-12-05,wk inc flu hosp,3,48,quantile,0.55,806,2026-12-26
2026-12-05,wk inc flu hosp,3,48,quantile,0.6,862,2026-12-26
2026-12-05,wk inc flu hosp,3,48,quantile,0.65,903,2026-12-26
2026-12-05,wk inc flu hosp,3,48,quantile,0.7,974,2026-12-26
2026-12-05,wk inc flu hosp,3,48,quantile,0.75,1021,2026-12-26
2026-12-05,wk inc flu hosp,3,48,quantile,0.8,1083,2026-12-26
2026-12-05,wk inc flu hosp,3,48,quantile,0.85,1107,2026-12-26
2026-12-05,wk inc flu hosp,3,48,quantile,0.9,1211,2026-12-26
2026-12-05,wk inc flu hosp,3,48,quantile,0.95,1418,2026-12-26
2026-12-05,wk inc flu hosp,3,48,quantile,0.975,1495,2026-12-26
2026-12-05,wk inc flu hosp,3,48,quantile,0.99,1627,2026-12-26
2026-12-05,wk inc flu hosp,3,49,quantile,0.01,24,2026-12-26
2026-12-05,wk inc flu hosp,3,49,quantile,0.025,27,2026-12-26
2026-12-05,wk inc flu hosp,3,49,quantile,0.05,31,2026-12-26
2026-12-05,wk inc flu hosp,3,49,quantile,0.1,36,2026-12-26
2026-12-05,wk inc flu hosp,3,49,quantile,0.15,38,2026-12-26
2026-12-05,wk inc flu hosp,3,49,quantile,0.2,43,2026-12-26
2026-12-05,wk inc flu hosp,3,49,quantile,0.25,46,2026-12-26
2026-12-05,wk inc flu hosp,3,49,quantile,0.3,51,2026-12-26
2026-12-05,wk inc flu hosp,3,49,quantile,0.35,56,2026-12-26
2026-12-05,wk inc flu hosp,3,49,quantile,0.4,57,2026-12-26
2026-12-05,wk inc flu hosp,3,49,quantile,0.45,59,2026-12-26
2026-12-05,wk inc flu hosp,3,49,quantile,0.5,62,2026-12-26
2026-12-05,wk inc flu hosp,3,49,quantile,0.55,65,2026-12-26
2026-12-05,wk inc flu hosp,3,49,quantile,0.6,69,2026-12-26
2026-12-05,wk inc flu hosp,3,49,quantile,0.65,72,2026-12-26
2026-12-05,wk inc flu hosp,3,49,quantile,0.7,77,2026-12-26
2026-12-05,wk inc flu hosp,3,49,quantile,0.75,80,2026-12-26
2026-12-05,wk inc flu hosp,3,49,quantile,0.8,87,2026-12-26
2026-12-05,wk inc flu hosp,3,49,quantile,0.85,95,2026-12-26
2026-12-05,wk inc flu hosp,3,49,quantile,0.9,105,2026-12-26
2026-12-05,wk inc flu hosp,3,49,quantile,0.95,116,2026-12-26
2026-12-05,wk inc flu hosp,3,49,quantile,0.975,136,2026-12-26
2026-12-05,wk inc flu hosp,3,49,quantile,0.99,140,2026-12-26
2026-12-05,wk inc flu hosp,3,50,quantile,0.01,2,2026-12-26
2026-12-05,wk inc flu hosp,3,50,quantile,0.025,3,2026-12-26
2026-12-05,wk inc flu hosp,3,50,quantile,0.05,4,2026-12-26
2026-12-05,wk inc flu hosp,3,50,quantile,0.1,6,2026-12-26
2026-12-05,wk inc flu hosp,3,50,quantile,0.15,7,2026-12-26
2026-12-05,wk inc flu hosp,3,50,quantile,0.2,8,2026-12-26
2026-12-05,wk inc flu hosp,3,50,quantile,0.25,10,2026-12-26
2026-12-05,wk inc flu hosp,3,50,quantile,0.3,10,2026-12-26
2026-12-05,wk inc flu hosp,3,50,quantile,0.35,12,2026-12-26
2026-12-05,wk inc flu hosp,3,50,quantile,0.4,13,2026-12-26
2026-12-05,wk inc flu hosp,3,50,quantile,0.45,13,2026-12-26
2026-12-05,wk inc flu hosp,3,50,quantile,0.5,14,2026-12-26
2026-12-05,wk inc flu hosp,3,50,quantile,0.55,16,2026-12-26
2026-12-05,wk inc flu hosp,3,50,quantile,0.6,17,2026-12-26
2026-12-05,wk inc flu hosp,3,50,quantile,0.65,18,2026-12-26
2026-12-05,wk inc flu hosp,3,50,quantile,0.7,20,2026-12-26
2026-12-05,wk inc flu hosp,3,50,quantile,0.75,21,2026-12-26
2026-12-05,wk inc flu hosp,3,50,quantile,0.8,23,2026-12-26
2026-12-05,wk inc flu hosp,3,50,quantile,0.85,25,2026-12-26
2026-12-05,wk inc flu hosp,3,50,quantile,0.9,28,2026-12-26
2026-12-05,wk inc flu hosp,3,50,quantile,0.95,32,2026-12-26
2026-12-05,wk inc flu hosp,3,50,quantile,0.975,36,2026-12-26
2026-12-05,wk inc flu hosp,3,50,quantile,0.99,39,2026-12-26
2026-12-05,wk inc flu hosp,3,51,quantile,0.01,74,2026-12-26
2026-12-05,wk inc flu hosp,3,51,quantile,0.025,86,2026-12-26
2026-12-05,wk inc flu hosp,3,51,quantile,0.05,95,2026-12-26
2026-12-05,wk inc flu hosp,3,51,quantile,0.1,106,2026-12-26
2026-12-05,wk inc flu hosp,3,51,quantile,0.15,113,2026-12-26
2026-12-05,wk inc flu hosp,3,51,quantile,0.2,118,2026-12-26
2026-12-05,wk inc flu hosp,3,51,quantile,0.25,123,2026-12-26
2026-12-05,wk inc flu hosp,3,51,quantile,0.3,128,2026-12-26
2026-12-05,wk inc flu hosp,3,51,quantile,0.35,135,2026-12-26
2026-12-05,wk inc flu hosp,3,51,quantile,0.4,141,2026-12-26
2026-12-05,wk inc flu hosp,3,51,quantile,0.45,150,2026-12-26
2026-12-05,wk inc flu hosp,3,51,quantile,0.5,158,2026-12-26
2026-12-05,wk inc flu hosp,3,51,quantile,0.55,165,2026-12-26
2026-12-05,wk inc flu hosp,3,51,quantile,0.6,176,2026-12-26
2026-12-05,wk inc flu hosp,3,51,quantile,0.65,182,2026-12-26
2026-12-05,wk inc flu hosp,3,51,quantile,0.7,195,2026-12-26
2026-12-05,wk inc flu hosp,3,51,quantile,0.75,208,2026-12-26
2026-12-05,wk inc flu hosp,3,51,quantile,0.8,222,2026-12-26
2026-12-05,wk inc flu hosp,3,51,quantile,0.85,241,2026-12-26
2026-12-05,wk inc flu hosp,3,51,quantile,0.9,259,2026-12-26
2026-12-05,wk inc flu hosp,3,51,quantile,0.95,305,2026-12-26
2026-12-05,wk inc flu hosp,3,51,quantile,0.975,352,2026-12-26
2026-12-05,wk inc flu hosp,3,51,quantile,0.99,363,2026-12-26
2026-12-05,wk inc flu hosp,3,53,quantile,0.01,33,2026-12-26
2026-12-05,wk inc flu hosp,3,53,quantile,0.025,39,2026-12-26
2026-12-05,wk inc flu hosp,3,53,quantile,0.05,45,2026-12-26
2026-12-05,wk inc flu hosp,3,53,quantile,0.1,56,2026-12-26
2026-12-05,wk inc flu hosp,3,53,quantile,0.15,61,2026-12-26
2026-12-05,wk inc flu hosp,3,53,quantile,0.2,67,2026-12-26
2026-12-05,wk inc flu hosp,3,53,quantile,0.25,70,2026-12-26
2026-12-05,wk inc flu hosp,3,53,quantile,0.3,78,2026-12-26
2026-12-05,wk inc flu hosp,3,53,quantile,0.35,84,2026-12-26
2026-12-05,wk inc flu hosp,3,53,quantile,0.4,88,2026-12-26
2026-12-05,wk inc flu hosp,3,53,quantile,0.45,97,2026-12-26
2026-12-05,wk inc flu hosp,3,53,quantile,0.5,102,2026-12-26
2026-12-05,wk inc flu hosp,3,53,quantile,0.55,108,2026-12-26
2026-12-05,wk inc flu hosp,3,53,quantile,0.6,115,2026-12-26
2026-12-05,wk inc flu hosp,3,53,quantile,0.65,118,2026-12-26
2026-12-05,wk inc flu hosp,3,53,quantile,0.7,128,2026-12-26
2026-12-05,wk inc flu hosp,3,53,quantile,0.75,140,2026-12-26
2026-12-05,wk inc flu hosp,3,53,quantile,0.8,153,2026-12-26
2026-12-05,wk inc flu hosp,3,53,quantile,0.85,172,2026-12-26
2026-12-05,wk inc flu hosp,3,53,quantile,0.9,185,2026-12-26
2026-12-05,wk inc flu hosp,3,53,quantile,0.95,235,2026-12-26
2026-12-05,wk inc flu hosp,3,53,quantile,0.975,258,2026-12-26
2026-12-05,wk inc flu hosp,3,53,quantile,0.99,292,2026-12-26
2026-12-05,wk inc flu hosp,3,54,quantile,0.01,18,2026-12-26
2026-12-05,wk inc flu hosp,3,54,quantile,0.025,20,2026-12-26
2026-12-05,wk inc flu hosp,3,54,quantile,0.05,21,2026-12-26
2026-12-05,wk inc flu hosp,3,54,quantile,0.1,27,2026-12-26
2026-12-05,wk inc flu hosp,3,54,quantile,0.15,30,2026-12-26
2026-12-05,wk inc flu hosp,3,54,quantile,0.2,35,2026-12-26
2026-12-05,wk inc flu hosp,3,54,quantile,0.25,38,2026-12-26
2026-12-05,wk inc flu hosp,3,54,quantile,0.3,40,2026-12-26
2026-12-05,wk inc flu hosp,3,54,quantile,0.35,42,2026-12-26
2026-12-05,wk inc flu hosp,3,54,quantile,0.4,44,2026-12-26
2026-12-05,wk inc flu hosp,3,54,quantile,0.45,48,2026-12-26
2026-12-05,wk inc flu hosp,3,54,quantile,0.5,50,2026-12-26
2026-12-05,wk inc flu hosp,3,54,quantile,0.55,52,2026-12-26
2026-12-05,wk inc flu hosp,3,54,quantile,0.6,54,2026-12-26
2026-12-05,wk inc flu hosp,3,54,quantile,0.65,57,2026-12-26
2026-12-05,wk inc flu hosp,3,54,quantile,0.7,62,2026-12-26
2026-12-05,wk inc flu hosp,3,54,quantile,0.75,67,2026-12-26
2026-12-05,wk inc flu hosp,3,54,quantile,0.8,70,2026-12-26
2026-12-05,wk inc flu hosp,3,54,quantile,0.85,74,2026-12-26
2026-12-05,wk inc flu hosp,3,54,quantile,0.9,79,2026-12-26
2026-12-05,wk inc flu hosp,3,54,quantile,0.95,91,2026-12-26
2026-12-05,wk inc flu hosp,3,54,quantile,0.975,97,2026-12-26
2026-12-05,wk inc flu hosp,3,54,quantile,0.99,110,2026-12-26
2026-12-05,wk inc flu hosp,3,55,quantile,0.01,49,2026-12-26
2026-12-05,wk inc flu hosp,3,55,quantile,0.025,52,2026-12-26
2026-12-05,wk inc flu hosp,3,55,quantile,0.05,58,2026-12-26
2026-12-05,wk inc flu hosp,3,55,quantile,0.1,66,2026-12-26
2026-12-05,wk inc flu hosp,3,55,quantile,0.15,76,2026-12-26
2026-12-05,wk inc flu hosp,3,55,quantile,0.2,86,2026-12-26
2026-12-05,wk inc flu hosp,3,55,quantile,0.25,92,2026-12-26
2026-12-05,wk inc flu hosp,3,55,quantile,0.3,97,2026-12-26
2026-12-05,wk inc flu hosp,3,55,quantile,0.35,101,2026-12-26
2026-12-05,wk inc flu hosp,3,55,quantile,0.4,108,2026-12-26
2026-12-05,wk inc flu hosp,3,55,quantile,0.45,117,2026-12-26
2026-12-05,wk inc flu hosp,3,55,quantile,0.5,126,2026-12-26
2026-12-05,wk inc flu hosp,3,55,quantile,0.55,129,2026-12-26
2026-12-05,wk inc flu hosp,3,55,quantile,0.6,135,2026-12-26
2026-12-05,wk inc flu hosp,3,55,quantile,0.65,144,2026-12-26
2026-12-05,wk inc flu hosp,3,55,quantile,0.7,152,2026-12-26
2026-12-05,wk inc flu hosp,3,55,quantile,0.75,160,2026-12-26
2026-12-05,wk inc flu hosp,3,55,quantile,0.8,179,2026-12-26
2026-12-05,wk inc flu hosp,3,55,quantile,0.85,188,2026-12-26
2026-12-05,wk inc flu hosp,3,55,quantile,0.9,203,2026-12-26
2026-12-05,wk inc flu hosp,3,55,quantile,0.95,254,2026-12-26
2026-12-05,wk inc flu hosp,3,55,quantile,0.975,295,2026-12-26
2026-12-05,wk inc flu hosp,3,55,quantile,0.99,323,2026-12-26
2026-12-05,wk inc flu hosp,3,56,quantile,0.01,2,2026-12-26
2026-12-05,wk inc flu hosp,3,56,quantile,0.025,3,2026-12-26
2026-12-05,wk inc flu hosp,3,56,quantile,0.05,5,2026-12-26
2026-12-05,wk inc flu hosp,3,56,quantile,0.1,7,2026-12-26
2026-12-05,wk inc flu hosp,3,56,quantile,0.15,9,2026-12-26
2026-12-05,wk inc flu hosp,3,56,quantile,0.2,11,2026-12-26
2026-12-05,wk inc flu hosp,3,56,quantile,0.25,13,2026-12-26
2026-12-05,wk inc flu hosp,3,56,quantile,0.3,15,2026-12-26
2026-12-05,wk inc flu hosp,3,56,quantile,0.35,18,2026-12-26
2026-12-05,wk inc flu hosp,3,56,quantile,0.4,19,2026-12-26
2026-12-05,wk inc flu hosp,3,56,quantile,0.45,22,2026-12-26
2026-12-05,wk inc flu hosp,3,56,quantile,0.5,23,2026-12-26
2026-12-05,wk inc flu hosp,3,56,quantile,0.55,27,2026-12-26
2026-12-05,wk inc flu hosp,3,56,quantile,0.6,29,2026-12-26
2026-12-05,wk inc flu hosp,3,56,quantile,0.65,31,2026-12-26
2026-12-05,wk inc flu hosp,3,56,quantile,0.7,34,2026-12-26
2026-12-05,wk inc flu hosp,3,56,quantile,0.75,35,2026-12-26
2026-12-05,wk inc flu hosp,3,56,quantile,0.8,37,2026-12-26
2026-12-05,wk inc flu hosp,3,56,quantile,0.85,40,2026-12-26
2026-12-05,wk inc flu hosp,3,56,quantile,0.9,46,2026-12-26
2026-12-05,wk inc flu hosp,3,56,quantile,0.95,51,2026-12-26
2026-12-05,wk inc flu hosp,3,56,quantile,0.975,72,2026-12-26
2026-12-05,wk inc flu hosp,3,56,quantile,0.99,81,2026-12-26
2026-12-05,wk inc flu hosp,3,72,quantile,0.01,16,2026-12-26
2026-12-05,wk inc flu hosp,3,72,quantile,0.025,24,2026-12-26
2026-12-05,wk inc flu hosp,3,72,quantile,0.05,27,2026-12-26
2026-12-05,wk inc flu hosp,3,72,quantile,0.1,42,2026-12-26
2026-12-05,wk inc flu hosp,3,72,quantile,0.15,50,2026-12-26
2026-12-05,wk inc flu hosp,3,72,quantile,0.2,60,2026-12-26
2026-12-05,wk inc flu hosp,3,72,quantile,0.25,68,2026-12-26
2026-12-05,wk inc flu hosp,3,72,quantile,0.3,74,2026-12-26
2026-12-05,wk inc flu hosp,3,72,quantile,0.35,83,2026-12-26
2026-12-05,wk inc flu hosp,3,72,quantile,0.4,91,2026-12-26
2026-12-05,wk inc flu hosp,3,72,quantile,0.45,99,2026-12-26
2026-12-05,wk inc flu hosp,3,72,quantile,0.5,109,2026-12-26
2026-12-05,wk inc flu hosp,3,72,quantile,0.55,113,2026-12-26
2026-12-05,wk inc flu hosp,3,72,quantile,0.6,123,2026-12-26
2026-12-05,wk inc flu hosp,3,72,quantile,0.65,129,2026-12-26
2026-12-05,wk inc flu hosp,3,72,quantile,0.7,141,2026-12-26
2026-12-05,wk inc flu hosp,3,72,quantile,0.75,148,2026-12-26
2026-12-05,wk inc flu hosp,3,72,quantile,0.8,158,2026-12-26
2026-12-05,wk inc flu hosp,3,72,quantile,0.85,178,2026-12-26
2026-12-05,wk inc flu hosp,3,72,quantile,0.9,212,2026-12-26
2026-12-05,wk inc flu hosp,3,72,quantile,0.95,267,2026-12-26
2026-12-05,wk inc flu hosp,3,72,quantile,0.975,331,2026-12-26
2026-12-05,wk inc flu hosp,3,72,quantile,0.99,415,2026-12-26
2026-12-05,wk inc flu hosp,3,USA,quantile,0.01,6856,2026-12-26
2026-12-05,wk inc flu hosp,3,USA,quantile,0.025,7050,2026-12-26
2026-12-05,wk inc flu hosp,3,USA,quantile,0.05,7266,2026-12-26
2026-12-05,wk inc flu hosp,3,USA,quantile,0.1,7505,2026-12-26
2026-12-05,wk inc flu hosp,3,USA,quantile,0.15,7834,2026-12-26
2026-12-05,wk inc flu hosp,3,USA,quantile,0.2,8132,2026-12-26
2026-12-05,wk inc flu hosp,3,USA,quantile,0.25,8432,2026-12-26
2026-12-05,wk inc flu hosp,3,USA,quantile,0.3,8620,2026-12-26
2026-12-05,wk inc flu hosp,3,USA,quantile,0.35,8728,2026-12-26
2026-12-05,wk inc flu hosp,3,USA,quantile,0.4,8914,2026-12-26
2026-12-05,wk inc flu hosp,3,USA,quantile,0.45,9119,2026-12-26
2026-12-05,wk inc flu hosp,3,USA,quantile,0.5,9244,2026-12-26
2026-12-05,wk inc flu hosp,3,USA,quantile,0.55,9384,2026-12-26
2026-12-05,wk inc flu hosp,3,USA,quantile,0.6,9477,2026-12-26
2026-12-05,wk inc flu hosp,3,USA,quantile,0.65,9567,2026-12-26
2026-12-05,wk inc flu hosp,3,USA,quantile,0.7,9776,2026-12-26
2026-12-05,wk inc flu hosp,3,USA,quantile,0.75,10107,2026-12-26
2026-12-05,wk inc flu hosp,3,USA,quantile,0.8,10212,2026-12-26
2026-12-05,wk inc flu hosp,3,USA,quantile,0.85,10450,2026-12-26
2026-12-05,wk inc flu hosp,3,USA,quantile,0.9,10716,2026-12-26
2026-12-05,wk inc flu hosp,3,USA,quantile,0.95,11083,2026-12-26
2026-12-05,wk inc flu hosp,3,USA,quantile,0.975,11633,2026-12-26
2026-12-05,wk inc flu hosp,3,USA,quantile,0.99,11929,2026-12-26
