reference_date,target,horizon,location,output_type,output_type_id,value,target_end_date
2026-10-24,wk inc flu hosp,0,01,quantile,0.01,3,2026-10-24
2026-10-24,wk inc flu hosp,0,01,quantile,0.025,4,2026-10-24
2026-10-24,wk inc flu hosp,0,01,quantile,0.05,5,2026-10-24
2026-10-24,wk inc flu hosp,0,01,quantile,0.1,7,2026-10-24
2026-10-24,wk inc flu hosp,0,01,quantile,0.15,8,2026-10-24
2026-10-24,wk inc flu hosp,0,01,quantile,0.2,9,2026-10-24
2026-10-24,wk inc flu hosp,0,01,quantile,0.25,9,2026-10-24
2026-10-24,wk inc flu hosp,0,01,quantile,0.3,10,2026-10-24
2026-10-24,wk inc flu hosp,0,01,quantile,0.35,11,2026-10-24
2026-10-24,wk inc flu hosp,0,01,quantile,0.4,12,2026-10-24
2026-10-24,wk inc flu hosp,0,01,quantile,0.45,13,2026-10-24
2026-10-24,wk inc flu hosp,0,01,quantile,0.5,13,2026-10-24
2026-10-24,wk inc flu hosp,0,01,quantile,0.55,14,2026-10-24
2026-10-24,wk inc flu hosp,0,01,quantile,0.6,15,2026-10-24
2026-10-24,wk inc flu hosp,0,01,quantile,0.65,16,2026-10-24
2026-10-24,wk inc flu hosp,0,01,quantile,0.7,17,2026-10-24
2026-10-24,wk inc flu hosp,0,01,quantile,0.75,19,2026-10-24
2026-10-24,wk inc flu hosp,0,01,quantile,0.8,20,2026-10-24
2026-10-24,wk inc flu hosp,0,01,quantile,0.85,21,2026-10-24
2026-10-24,wk inc flu hosp,0,01,quantile,0.9,22,2026-10-24
2026-10-24,wk inc flu hosp,0,01,quantile,0.95,24,2026-10-24
2026-10-24,wk inc flu hosp,0,01,quantile,0.975,28,2026-10-24
2026-10-24,wk inc flu hosp,0,01,quantile,0.99,34,2026-10-24
2026-10-24,wk inc flu hosp,0,02,quantile,0.01,0,2026-10-24
2026-10-24,wk inc flu hosp,0,02,quantile,0.025,1,2026-10-24
2026-10-24,wk inc flu hosp,0,02,quantile,0.05,1,2026-10-24
2026-10-24,wk inc flu hosp,0,02,quantile,0.1,2,2026-10-24
2026-10-24,wk inc flu hosp,0,02,quantile,0.15,3,2026-10-24
2026-10-24,wk inc flu hosp,0,02,quantile,0.2,4,2026-10-24
2026-10-24,wk inc flu hosp,0,02,quantile,0.25,4,2026-10-24
2026-10-24,wk inc flu hosp,0,02,quantile,0.3,6,2026-10-24
2026-10-24,wk inc flu hosp,0,02,quantile,0.35,6,2026-10-24
2026-10-24,wk inc flu hosp,0,02,quantile,0.4,7,2026-10-24
2026-10-24,wk inc flu hosp,0,02,quantile,0.45,8,2026-10-24
2026-10-24,wk inc flu hosp,0,02,quantile,0.5,8,2026-10-24
2026-10-24,wk inc flu hosp,0,02,quantile,0.55,8,2026-10-24
2026-10-24,wk inc flu hosp,0,02,quantile,0.6,10,2026-10-24
2026-10-24,wk inc flu hosp,0,02,quantile,0.65,10,2026-10-24
2026-10-24,wk inc flu hosp,0,02,quantile,0.7,11,2026-10-24
2026-10-24,wk inc flu hosp,0,02,quantile,0.75,12,2026-10-24
2026-10-24,wk inc flu hosp,0,02,quantile,0.8,13,2026-10-24
2026-10-24,wk inc flu hosp,0,02,quantile,0.85,14,2026-10-24
2026-10-24,wk inc flu hosp,0,02,quantile,0.9,16,2026-10-24
2026-10-24,wk inc flu hosp,0,02,quantile,0.95,18,2026-10-24
2026-10-24,wk inc flu hosp,0,02,quantile,0.975,20,2026-10-24
2026-10-24,wk inc flu hosp,0,02,quantile,0.99,26,2026-10-24
2026-10-24,wk inc flu hosp,0,04,quantile,0.01,10,2026-10-24
2026-10-24,wk inc flu hosp,0,04,quantile,0.025,12,2026-10-24
2026-10-24,wk inc flu hosp,0,04,quantile,0.05,14,2026-10-24
2026-10-24,wk inc flu hosp,0,04,quantile,0.1,16,2026-10-24
2026-10-24,wk inc flu hosp,0,04,quantile,0.15,18,2026-10-24
2026-10-24,wk inc flu hosp,0,04,quantile,0.2,19,2026-10-24
2026-10-24,wk inc flu hosp,0,04,quantile,0.25,19,2026-10-24
2026-10-24,wk inc flu hosp,0,04,quantile,0.3,20,2026-10-24
2026-10-24,wk inc flu hosp,0,04,quantile,0.35,22,2026-10-24
2026-10-24,wk inc flu hosp,0,04,quantile,0.4,23,2026-10-24
2026-10-24,wk inc flu hosp,0,04,quantile,0.45,24,2026-10-24
2026-10-24,wk inc flu hosp,0,04,quantile,0.5,25,2026-10-24
2026-10-24,wk inc flu hosp,0,04,quantile,0.55,26,2026-10-24
2026-10-24,wk inc flu hosp,0,04,quantile,0.6,27,2026-10-24
2026-10-24,wk inc flu hosp,0,04,quantile,0.65,29,2026-10-24
2026-10-24,wk inc flu hosp,0,04,quantile,0.7,30,2026-10-24
2026-10-24,wk inc flu hosp,0,04,quantile,0.75,32,2026-10-24
2026-10-24,wk inc flu hosp,0,04,quantile,0.8,34,2026-10-24
2026-10-24,wk inc flu hosp,0,04,quantile,0.85,36,2026-10-24
2026-10-24,wk inc flu hosp,0,04,quantile,0.9,39,2026-10-24
2026-10-24,wk inc flu hosp,0,04,quantile,0.95,48,2026-10-24
2026-10-24,wk inc flu hosp,0,04,quantile,0.975,50,2026-10-24
2026-10-24,wk inc flu hosp,0,04,quantile,0.99,52,2026-10-24
2026-10-24,wk inc flu hosp,0,05,quantile,0.01,0,2026-10-24
2026-10-24,wk inc flu hosp,0,05,quantile,0.025,1,2026-10-24
2026-10-24,wk inc flu hosp,0,05,quantile,0.05,1,2026-10-24
2026-10-24,wk inc flu hosp,0,05,quantile,0.1,2,2026-10-24
2026-10-24,wk inc flu hosp,0,05,quantile,0.15,3,2026-10-24
2026-10-24,wk inc flu hosp,0,05,quantile,0.2,3,2026-10-24
2026-10-24,wk inc flu hosp,0,05,quantile,0.25,4,2026-10-24
2026-10-24,wk inc flu hosp,0,05,quantile,0.3,4,2026-10-24
2026-10-24,wk inc flu hosp,0,05,quantile,0.35,4,2026-10-24
2026-10-24,wk inc flu hosp,0,05,quantile,0.4,5,2026-10-24
2026-10-24,wk inc flu hosp,0,05,quantile,0.45,5,2026-10-24
2026-10-24,wk inc flu hosp,0,05,quantile,0.5,6,2026-10-24
2026-10-24,wk inc flu hosp,0,05,quantile,0.55,6,2026-10-24
2026-10-24,wk inc flu hosp,0,05,quantile,0.6,7,2026-10-24
2026-10-24,wk inc flu hosp,0,05,quantile,0.65,8,2026-10-24
2026-10-24,wk inc flu hosp,0,05,quantile,0.7,8,2026-10-24
2026-10-24,wk inc flu hosp,0,05,quantile,0.75,9,2026-10-24
2026-10-24,wk inc flu hosp,0,05,quantile,0.8,10,2026-10-24
2026-10-24,wk inc flu hosp,0,05,quantile,0.85,10,2026-10-24
2026-10-24,wk inc flu hosp,0,05,quantile,0.9,11,2026-10-24
2026-10-24,wk inc flu hosp,0,05,quantile,0.95,14,2026-10-24
2026-10-24,wk inc flu hosp,0,05,quantile,0.975,15,2026-10-24
2026-10-24,wk inc flu hosp,0,05,quantile,0.99,16,2026-10-24
2026-10-24,wk inc flu hosp,0,06,quantile,0.01,41,2026-10-24
2026-10-24,wk inc flu hosp,0,06,quantile,0.025,43,2026-10-24
2026-10-24,wk inc flu hosp,0,06,quantile,0.05,45,2026-10-24
2026-10-24,wk inc flu hosp,0,06,quantile,0.1,50,2026-10-24
2026-10-24,wk inc flu hosp,0,06,quantile,0.15,52,2026-10-24
2026-10-24,wk inc flu hosp,0,06,quantile,0.2,56,2026-10-24
2026-10-24,wk inc flu hosp,0,06,quantile,0.25,58,2026-10-24
2026-10-24,wk inc flu hosp,0,06,quantile,0.3,61,2026-10-24
2026-10-24,wk inc flu hosp,0,06,quantile,0.35,65,2026-10-24
2026-10-24,wk inc flu hosp,0,06,quantile,0.4,67,2026-10-24
2026-10-24,wk inc flu hosp,0,06,quantile,0.45,69,2026-10-24
2026-10-24,wk inc flu hosp,0,06,quantile,0.5,71,2026-10-24
2026-10-24,wk inc flu hosp,0,06,quantile,0.55,74,2026-10-24
2026-10-24,wk inc flu hosp,0,06,quantile,0.6,77,2026-10-24
2026-10-24,wk inc flu hosp,0,06,quantile,0.65,79,2026-10-24
2026-10-24,wk inc flu hosp,0,06,quantile,0.7,80,2026-10-24
2026-10-24,wk inc flu hosp,0,06,quantile,0.75,83,2026-10-24
2026-10-24,wk inc flu hosp,0,06,quantile,0.8,85,2026-10-24
2026-10-24,wk inc flu hosp,0,06,quantile,0.85,89,2026-10-24
2026-10-24,wk inc flu hosp,0,06,quantile,0.9,91,2026-10-24
2026-10-24,wk inc flu hosp,0,06,quantile,0.95,97,2026-10-24
2026-10-24,wk inc flu hosp,0,06,quantile,0.975,101,2026-10-24
2026-10-24,wk inc flu hosp,0,06,quantile,0.99,110,2026-10-24
2026-10-24,wk inc flu hosp,0,08,quantile,0.01,2,2026-10-24
2026-10-24,wk inc flu hosp,0,08,quantile,0.025,2,2026-10-24
2026-10-24,wk inc flu hosp,0,08,quantile,0.05,3,2026-10-24
2026-10-24,wk inc flu hosp,0,08,quantile,0.1,5,2026-10-24
2026-10-24,wk inc flu hosp,0,08,quantile,0.15,5,2026-10-24
2026-10-24,wk inc flu hosp,0,08,quantile,0.2,5,2026-10-24
2026-10-24,wk inc flu hosp,0,08,quantile,0.25,6,2026-10-24
2026-10-24,wk inc flu hosp,0,08,quantile,0.3,6,2026-10-24
2026-10-24,wk inc flu hosp,0,08,quantile,0.35,7,2026-10-24
2026-10-24,wk inc flu hosp,0,08,quantile,0.4,7,2026-10-24
2026-10-24,wk inc flu hosp,0,08,quantile,0.45,8,2026-10-24
2026-10-24,wk inc flu hosp,0,08,quantile,0.5,8,2026-10-24
2026-10-24,wk inc flu hosp,0,08,quantile,0.55,9,2026-10-24
2026-10-24,wk inc flu hosp,0,08,quantile,0.6,10,2026-10-24
2026-10-24,wk inc flu hosp,0,08,quantile,0.65,10,2026-10-24
2026-10-24,wk inc flu hosp,0,08,quantile,0.7,11,2026-10-24
2026-10-24,wk inc flu hosp,0,08,quantile,0.75,12,2026-10-24
2026-10-24,wk inc flu hosp,0,08,quantile,0.8,13,2026-10-24
2026-10-24,wk inc flu hosp,0,08,quantile,0.85,14,2026-10-24
2026-10-24,wk inc flu hosp,0,08,quantile,0.9,15,2026-10-24
2026-10-24,wk inc flu hosp,0,08,quantile,0.95,17,2026-10-24
2026-10-24,wk inc flu hosp,0,08,quantile,0.975,19,2026-10-24
2026-10-24,wk inc flu hosp,0,08,quantile,0.99,20,2026-10-24
2026-10-24,wk inc flu hosp,0,09,quantile,0.01,1,2026-10-24
2026-10-24,wk inc flu hosp,0,09,quantile,0.025,1,2026-10-24
2026-10-24,wk inc flu hosp,0,09,quantile,0.05,2,2026-10-24
2026-10-24,wk inc flu hosp,0,09,quantile,0.1,2,2026-10-24
2026-10-24,wk inc flu hosp,0,09,quantile,0.15,3,2026-10-24
2026-10-24,wk inc flu hosp,0,09,quantile,0.2,3,2026-10-24
2026-10-24,wk inc flu hosp,0,09,quantile,0.25,4,2026-10-24
2026-10-24,wk inc flu hosp,0,09,quantile,0.3,4,2026-10-24
2026-10-24,wk inc flu hosp,0,09,quantile,0.35,5,2026-10-24
2026-10-24,wk inc flu hosp,0,09,quantile,0.4,5,2026-10-24
2026-10-24,wk inc flu hosp,0,09,quantile,0.45,6,2026-10-24
2026-10-24,wk inc flu hosp,0,09,quantile,0.5,6,2026-10-24
2026-10-24,wk inc flu hosp,0,09,quantile,0.55,7,2026-10-24
2026-10-24,wk inc flu hosp,0,09,quantile,0.6,7,2026-10-24
2026-10-24,wk inc flu hosp,0,09,quantile,0.65,8,2026-10-24
2026-10-24,wk inc flu hosp,0,09,quantile,0.7,8,2026-10-24
2026-10-24,wk inc flu hosp,0,09,quantile,0.75,9,2026-10-24
2026-10-24,wk inc flu hosp,0,09,quantile,0.8,9,2026-10-24
2026-10-24,wk inc flu hosp,0,09,quantile,0.85,10,2026-10-24
2026-10-24,wk inc flu hosp,0,09,quantile,0.9,11,2026-10-24
2026-10-24,wk inc flu hosp,0,09,quantile,0.95,12,2026-10-24
2026-10-24,wk inc flu hosp,0,09,quantile,0.975,14,2026-10-24
2026-10-24,wk inc flu hosp,0,09,quantile,0.99,16,2026-10-24
2026-10-24,wk inc flu hosp,0,10,quantile,0.01,0,2026-10-24
2026-10-24,wk inc flu hosp,0,10,quantile,0.025,0,2026-10-24
2026-10-24,wk inc flu hosp,0,10,quantile,0.05,0,2026-10-24
2026-10-24,wk inc flu hosp,0,10,quantile,0.1,0,2026-10-24
2026-10-24,wk inc flu hosp,0,10,quantile,0.15,0,2026-10-24
2026-10-24,wk inc flu hosp,0,10,quantile,0.2,0,2026-10-24
2026-10-24,wk inc flu hosp,0,10,quantile,0.25,0,2026-10-24
2026-10-24,wk inc flu hosp,0,10,quantile,0.3,0,2026-10-24
2026-10-24,wk inc flu hosp,0,10,quantile,0.35,0,2026-10-24
2026-10-24,wk inc flu hosp,0,10,quantile,0.4,0,2026-10-24
2026-10-24,wk inc flu hosp,0,10,quantile,0.45,0,2026-10-24
2026-10-24,wk inc flu hosp,0,10,quantile,0.5,0,2026-10-24
2026-10-24,wk inc flu hosp,0,10,quantile,0.55,0,2026-10-24
2026-10-24,wk inc flu hosp,0,10,quantile,0.6,0,2026-10-24
2026-10-24,wk inc flu hosp,0,10,quantile,0.65,0,2026-10-24
2026-10-24,wk inc flu hosp,0,10,quantile,0.7,0,2026-10-24
2026-10-24,wk inc flu hosp,0,10,quantile,0.75,0,2026-10-24
2026-10-24,wk inc flu hosp,0,10,quantile,0.8,0,2026-10-24
2026-10-24,wk inc flu hosp,0,10,quantile,0.85,1,2026-10-24
2026-10-24,wk inc flu hosp,0,10,quantile,0.9,1,2026-10-24
2026-10-24,wk inc flu hosp,0,10,quantile,0.95,2,2026-10-24
2026-10-24,wk inc flu hosp,0,10,quantile,0.975,3,2026-10-24
2026-10-24,wk inc flu hosp,0,10,quantile,0.99,5,2026-10-24
2026-10-24,wk inc flu hosp,0,11,quantile,0.01,0,2026-10-24
2026-10-24,wk inc flu hosp,0,11,quantile,0.025,0,2026-10-24
2026-10-24,wk inc flu hosp,0,11,quantile,0.05,0,2026-10-24
2026-10-24,wk inc flu hosp,0,11,quantile,0.1,0,2026-10-24
2026-10-24,wk inc flu hosp,0,11,quantile,0.15,0,2026-10-24
2026-10-24,wk inc flu hosp,0,11,quantile,0.2,0,2026-10-24
2026-10-24,wk inc flu hosp,0,11,quantile,0.25,1,2026-10-24
2026-10-24,wk inc flu hosp,0,11,quantile,0.3,1,2026-10-24
2026-10-24,wk inc flu hosp,0,11,quantile,0.35,1,2026-10-24
2026-10-24,wk inc flu hosp,0,11,quantile,0.4,1,2026-10-24
2026-10-24,wk inc flu hosp,0,11,quantile,0.45,2,2026-10-24
2026-10-24,wk inc flu hosp,0,11,quantile,0.5,2,2026-10-24
2026-10-24,wk inc flu hosp,0,11,quantile,0.55,2,2026-10-24
2026-10-24,wk inc flu hosp,0,11,quantile,0.6,3,2026-10-24
2026-10-24,wk inc flu hosp,0,11,quantile,0.65,3,2026-10-24
2026-10-24,wk inc flu hosp,0,11,quantile,0.7,4,2026-10-24
2026-10-24,wk inc flu hosp,0,11,quantile,0.75,4,2026-10-24
2026-10-24,wk inc flu hosp,0,11,quantile,0.8,5,2026-10-24
2026-10-24,wk inc flu hosp,0,11,quantile,0.85,6,2026-10-24
2026-10-24,wk inc flu hosp,0,11,quantile,0.9,7,2026-10-24
2026-10-24,wk inc flu hosp,0,11,quantile,0.95,8,2026-10-24
2026-10-24,wk inc flu hosp,0,11,quantile,0.975,10,2026-10-24
2026-10-24,wk inc flu hosp,0,11,quantile,0.99,10,2026-10-24
2026-10-24,wk inc flu hosp,0,12,quantile,0.01,108,2026-10-24
2026-10-24,wk inc flu hosp,0,12,quantile,0.025,119,2026-10-24
2026-10-24,wk inc flu hosp,0,12,quantile,0.05,121,2026-10-24
2026-10-24,wk inc flu hosp,0,12,quantile,0.1,130,2026-10-24
2026-10-24,wk inc flu hosp,0,12,quantile,0.15,134,2026-10-24
2026-10-24,wk inc flu hosp,0,12,quantile,0.2,140,2026-10-24
2026-10-24,wk inc flu hosp,0,12,quantile,0.25,145,2026-10-24
2026-10-24,wk inc flu hosp,0,12,quantile,0.3,149,2026-10-24
2026-10-24,wk inc flu hosp,0,12,quantile,0.35,156,2026-10-24
2026-10-24,wk inc flu hosp,0,12,quantile,0.4,159,2026-10-24
2026-10-24,wk inc flu hosp,0,12,quantile,0.45,163,2026-10-24
2026-10-24,wk inc flu hosp,0,12,quantile,0.5,172,2026-10-24
2026-10-24,wk inc flu hosp,0,12,quantile,0.55,179,2026-10-24
2026-10-24,wk inc flu hosp,0,12,quantile,0.6,184,2026-10-24
2026-10-24,wk inc flu hosp,0,12,quantile,0.65,187,2026-10-24
2026-10-24,wk inc flu hosp,0,12,quantile,0.7,192,2026-10-24
2026-10-24,wk inc flu hosp,0,12,quantile,0.75,197,2026-10-24
2026-10-24,wk inc flu hosp,0,12,quantile,0.8,202,2026-10-24
2026-10-24,wk inc flu hosp,0,12,quantile,0.85,212,2026-10-24
2026-10-24,wk inc flu hosp,0,12,quantile,0.9,231,2026-10-24
2026-10-24,wk inc flu hosp,0,12,quantile,0.95,250,2026-10-24
2026-10-24,wk inc flu hosp,0,12,quantile,0.975,264,2026-10-24
2026-10-24,wk inc flu hosp,0,12,quantile,0.99,279,2026-10-24
2026-10-24,wk inc flu hosp,0,13,quantile,0.01,6,2026-10-24
2026-10-24,wk inc flu hosp,0,13,quantile,0.025,7,2026-10-24
2026-10-24,wk inc flu hosp,0,13,quantile,0.05,8,2026-10-24
2026-10-24,wk inc flu hosp,0,13,quantile,0.1,10,2026-10-24
2026-10-24,wk inc flu hosp,0,13,quantile,0.15,12,2026-10-24
2026-10-24,wk inc flu hosp,0,13,quantile,0.2,13,2026-10-24
2026-10-24,wk inc flu hosp,0,13,quantile,0.25,14,2026-10-24
2026-10-24,wk inc flu hosp,0,13,quantile,0.3,14,2026-10-24
2026-10-24,wk inc flu hosp,0,13,quantile,0.35,15,2026-10-24
2026-10-24,wk inc flu hosp,0,13,quantile,0.4,16,2026-10-24
2026-10-24,wk inc flu hosp,0,13,quantile,0.45,17,2026-10-24
2026-10-24,wk inc flu hosp,0,13,quantile,0.5,18,2026-10-24
2026-10-24,wk inc flu hosp,0,13,quantile,0.55,18,2026-10-24
2026-10-24,wk inc flu hosp,0,13,quantile,0.6,19,2026-10-24
2026-10-24,wk inc flu hosp,0,13,quantile,0.65,20,2026-10-24
2026-10-24,wk inc flu hosp,0,13,quantile,0.7,20,2026-10-24
2026-10-24,wk inc flu hosp,0,13,quantile,0.75,21,2026-10-24
2026-10-24,wk inc flu hosp,0,13,quantile,0.8,23,2026-10-24
2026-10-24,wk inc flu hosp,0,13,quantile,0.85,25,2026-10-24
2026-10-24,wk inc flu hosp,0,13,quantile,0.9,27,2026-10-24
2026-10-24,wk inc flu hosp,0,13,quantile,0.95,29,2026-10-24
2026-10-24,wk inc flu hosp,0,13,quantile,0.975,31,2026-10-24
2026-10-24,wk inc flu hosp,0,13,quantile,0.99,36,2026-10-24
2026-10-24,wk inc flu hosp,0,15,quantile,0.01,1,2026-10-24
2026-10-24,wk inc flu hosp,0,15,quantile,0.025,1,2026-10-24
2026-10-24,wk inc flu hosp,0,15,quantile,0.05,1,2026-10-24
2026-10-24,wk inc flu hosp,0,15,quantile,0.1,2,2026-10-24
2026-10-24,wk inc flu hosp,0,15,quantile,0.15,3,2026-10-24
2026-10-24,wk inc flu hosp,0,15,quantile,0.2,3,2026-10-24
2026-10-24,wk inc flu hosp,0,15,quantile,0.25,4,2026-10-24
2026-10-24,wk inc flu hosp,0,15,quantile,0.3,5,2026-10-24
2026-10-24,wk inc flu hosp,0,15,quantile,0.35,5,2026-10-24
2026-10-24,wk inc flu hosp,0,15,quantile,0.4,5,2026-10-24
2026-10-24,wk inc flu hosp,0,15,quantile,0.45,6,2026-10-24
2026-10-24,wk inc flu hosp,0,15,quantile,0.5,7,2026-10-24
2026-10-24,wk inc flu hosp,0,15,quantile,0.55,7,2026-10-24
2026-10-24,wk inc flu hosp,0,15,quantile,0.6,8,2026-10-24
2026-10-24,wk inc flu hosp,0,15,quantile,0.65,9,2026-10-24
2026-10-24,wk inc flu hosp,0,15,quantile,0.7,10,2026-10-24
2026-10-24,wk inc flu hosp,0,15,quantile,0.75,11,2026-10-24
2026-10-24,wk inc flu hosp,0,15,quantile,0.8,11,2026-10-24
2026-10-24,wk inc flu hosp,0,15,quantile,0.85,13,2026-10-24
2026-10-24,wk inc flu hosp,0,15,quantile,0.9,14,2026-10-24
2026-10-24,wk inc flu hosp,0,15,quantile,0.95,16,2026-10-24
2026-10-24,wk inc flu hosp,0,15,quantile,0.975,18,2026-10-24
2026-10-24,wk inc flu hosp,0,15,quantile,0.99,19,2026-10-24
2026-10-24,wk inc flu hosp,0,16,quantile,0.01,0,2026-10-24
2026-10-24,wk inc flu hosp,0,16,quantile,0.025,0,2026-10-24
2026-10-24,wk inc flu hosp,0,16,quantile,0.05,0,2026-10-24
2026-10-24,wk inc flu hosp,0,16,quantile,0.1,0,2026-10-24
2026-10-24,wk inc flu hosp,0,16,quantile,0.15,1,2026-10-24
2026-10-24,wk inc flu hosp,0,16,quantile,0.2,1,2026-10-24
2026-10-24,wk inc flu hosp,0,16,quantile,0.25,1,2026-10-24
2026-10-24,wk inc flu hosp,0,16,quantile,0.3,1,2026-10-24
2026-10-24,wk inc flu hosp,0,16,quantile,0.35,2,2026-10-24
2026-10-24,wk inc flu hosp,0,16,quantile,0.4,2,2026-10-24
2026-10-24,wk inc flu hosp,0,16,quantile,0.45,2,2026-10-24
2026-10-24,wk inc flu hosp,0,16,quantile,0.5,2,2026-10-24
2026-10-24,wk inc flu hosp,0,16,quantile,0.55,3,2026-10-24
2026-10-24,wk inc flu hosp,0,16,quantile,0.6,3,2026-10-24
2026-10-24,wk inc flu hosp,0,16,quantile,0.65,4,2026-10-24
2026-10-24,wk inc flu hosp,0,16,quantile,0.7,4,2026-10-24
2026-10-24,wk inc flu hosp,0,16,quantile,0.75,4,2026-10-24
2026-10-24,wk inc flu hosp,0,16,quantile,0.8,5,2026-10-24
2026-10-24,wk inc flu hosp,0,16,quantile,0.85,5,2026-10-24
2026-10-24,wk inc flu hosp,0,16,quantile,0.9,6,2026-10-24
2026-10-24,wk inc flu hosp,0,16,quantile,0.95,7,2026-10-24
2026-10-24,wk inc flu hosp,0,16,quantile,0.975,8,2026-10-24
2026-10-24,wk inc flu hosp,0,16,quantile,0.99,11,2026-10-24
2026-10-24,wk inc flu hosp,0,17,quantile,0.01,5,2026-10-24
2026-10-24,wk inc flu hosp,0,17,quantile,0.025,6,2026-10-24
2026-10-24,wk inc flu hosp,0,17,quantile,0.05,7,2026-10-24
2026-10-24,wk inc flu hosp,0,17,quantile,0.1,8,2026-10-24
2026-10-24,wk inc flu hosp,0,17,quantile,0.15,10,2026-10-24
2026-10-24,wk inc flu hosp,0,17,quantile,0.2,10,2026-10-24
2026-10-24,wk inc flu hosp,0,17,quantile,0.25,11,2026-10-24
2026-10-24,wk inc flu hosp,0,17,quantile,0.3,12,2026-10-24
2026-10-24,wk inc flu hosp,0,17,quantile,0.35,13,2026-10-24
2026-10-24,wk inc flu hosp,0,17,quantile,0.4,13,2026-10-24
2026-10-24,wk inc flu hosp,0,17,quantile,0.45,14,2026-10-24
2026-10-24,wk inc flu hosp,0,17,quantile,0.5,14,2026-10-24
2026-10-24,wk inc flu hosp,0,17,quantile,0.55,15,2026-10-24
2026-10-24,wk inc flu hosp,0,17,quantile,0.6,16,2026-10-24
2026-10-24,wk inc flu hosp,0,17,quantile,0.65,16,2026-10-24
2026-10-24,wk inc flu hosp,0,17,quantile,0.7,17,2026-10-24
2026-10-24,wk inc flu hosp,0,17,quantile,0.75,18,2026-10-24
2026-10-24,wk inc flu hosp,0,17,quantile,0.8,20,2026-10-24
2026-10-24,wk inc flu hosp,0,17,quantile,0.85,21,2026-10-24
2026-10-24,wk inc flu hosp,0,17,quantile,0.9,23,2026-10-24
2026-10-24,wk inc flu hosp,0,17,quantile,0.95,26,2026-10-24
2026-10-24,wk inc flu hosp,0,17,quantile,0.975,29,2026-10-24
2026-10-24,wk inc flu hosp,0,17,quantile,0.99,30,2026-10-24
2026-10-24,wk inc flu hosp,0,18,quantile,0.01,2,2026-10-24
2026-10-24,wk inc flu hosp,0,18,quantile,0.025,2,2026-10-24
2026-10-24,wk inc flu hosp,0,18,quantile,0.05,5,2026-10-24
2026-10-24,wk inc flu hosp,0,18,quantile,0.1,6,2026-10-24
2026-10-24,wk inc flu hosp,0,18,quantile,0.15,8,2026-10-24
2026-10-24,wk inc flu hosp,0,18,quantile,0.2,8,2026-10-24
2026-10-24,wk inc flu hosp,0,18,quantile,0.25,9,2026-10-24
2026-10-24,wk inc flu hosp,0,18,quantile,0.3,10,2026-10-24
2026-10-24,wk inc flu hosp,0,18,quantile,0.35,10,2026-10-24
2026-10-24,wk inc flu hosp,0,18,quantile,0.4,11,2026-10-24
2026-10-24,wk inc flu hosp,0,18,quantile,0.45,12,2026-10-24
2026-10-24,wk inc flu hosp,0,18,quantile,0.5,12,2026-10-24
2026-10-24,wk inc flu hosp,0,18,quantile,0.55,13,2026-10-24
2026-10-24,wk inc flu hosp,0,18,quantile,0.6,14,2026-10-24
2026-10-24,wk inc flu hosp,0,18,quantile,0.65,14,2026-10-24
2026-10-24,wk inc flu hosp,0,18,quantile,0.7,15,2026-10-24
2026-10-24,wk inc flu hosp,0,18,quantile,0.75,16,2026-10-24
2026-10-24,wk inc flu hosp,0,18,quantile,0.8,17,2026-10-24
2026-10-24,wk inc flu hosp,0,18,quantile,0.85,18,2026-10-24
2026-10-24,wk inc flu hosp,0,18,quantile,0.9,19,2026-10-24
2026-10-24,wk inc flu hosp,0,18,quantile,0.95,21,2026-10-24
2026-10-24,wk inc flu hosp,0,18,quantile,0.975,23,2026-10-24
2026-10-24,wk inc flu hosp,0,18,quantile,0.99,24,2026-10-24
2026-10-24,wk inc flu hosp,0,19,quantile,0.01,0,2026-10-24
2026-10-24,wk inc flu hosp,0,19,quantile,0.025,0,2026-10-24
2026-10-24,wk inc flu hosp,0,19,quantile,0.05,0,2026-10-24
2026-10-24,wk inc flu hosp,0,19,quantile,0.1,0,2026-10-24
2026-10-24,wk inc flu hosp,0,19,quantile,0.15,0,2026-10-24
2026-10-24,wk inc flu hosp,0,19,quantile,0.2,1,2026-10-24
2026-10-24,wk inc flu hosp,0,19,quantile,0.25,1,2026-10-24
2026-10-24,wk inc flu hosp,0,19,quantile,0.3,1,2026-10-24
2026-10-24,wk inc flu hosp,0,19,quantile,0.35,1,2026-10-24
2026-10-24,wk inc flu hosp,0,19,quantile,0.4,2,2026-10-24
2026-10-24,wk inc flu hosp,0,19,quantile,0.45,2,2026-10-24
2026-10-24,wk inc flu hosp,0,19,quantile,0.5,2,2026-10-24
2026-10-24,wk inc flu hosp,0,19,quantile,0.55,3,2026-10-24
2026-10-24,wk inc flu hosp,0,19,quantile,0.6,3,2026-10-24
2026-10-24,wk inc flu hosp,0,19,quantile,0.65,4,2026-10-24
2026-10-24,wk inc flu hosp,0,19,quantile,0.7,4,2026-10-24
2026-10-24,wk inc flu hosp,0,19,quantile,0.75,5,2026-10-24
2026-10-24,wk inc flu hosp,0,19,quantile,0.8,5,2026-10-24
2026-10-24,wk inc flu hosp,0,19,quantile,0.85,6,2026-10-24
2026-10-24,wk inc flu hosp,0,19,quantile,0.9,6,2026-10-24
2026-10-24,wk inc flu hosp,0,19,quantile,0.95,8,2026-10-24
2026-10-24,wk inc flu hosp,0,19,quantile,0.975,9,2026-10-24
2026-10-24,wk inc flu hosp,0,19,quantile,0.99,10,2026-10-24
2026-10-24,wk inc flu hosp,0,20,quantile,0.01,1,2026-10-24
2026-10-24,wk inc flu hosp,0,20,quantile,0.025,1,2026-10-24
2026-10-24,wk inc flu hosp,0,20,quantile,0.05,1,2026-10-24
2026-10-24,wk inc flu hosp,0,20,quantile,0.1,2,2026-10-24
2026-10-24,wk inc flu hosp,0,20,quantile,0.15,3,2026-10-24
2026-10-24,wk inc flu hosp,0,20,quantile,0.2,3,2026-10-24
2026-10-24,wk inc flu hosp,0,20,quantile,0.25,4,2026-10-24
2026-10-24,wk inc flu hosp,0,20,quantile,0.3,5,2026-10-24
2026-10-24,wk inc flu hosp,0,20,quantile,0.35,5,2026-10-24
2026-10-24,wk inc flu hosp,0,20,quantile,0.4,6,2026-10-24
2026-10-24,wk inc flu hosp,0,20,quantile,0.45,6,2026-10-24
2026-10-24,wk inc flu hosp,0,20,quantile,0.5,7,2026-10-24
2026-10-24,wk inc flu hosp,0,20,quantile,0.55,7,2026-10-24
2026-10-24,wk inc flu hosp,0,20,quantile,0.6,8,2026-10-24
2026-10-24,wk inc flu hosp,0,20,quantile,0.65,8,2026-10-24
2026-10-24,wk inc flu hosp,0,20,quantile,0.7,9,2026-10-24
2026-10-24,wk inc flu hosp,0,20,quantile,0.75,9,2026-10-24
2026-10-24,wk inc flu hosp,0,20,quantile,0.8,10,2026-10-24
2026-10-24,wk inc flu hosp,0,20,quantile,0.85,11,2026-10-24
2026-10-24,wk inc flu hosp,0,20,quantile,0.9,12,2026-10-24
2026-10-24,wk inc flu hosp,0,20,quantile,0.95,15,2026-10-24
2026-10-24,wk inc flu hosp,0,20,quantile,0.975,15,2026-10-24
2026-10-24,wk inc flu hosp,0,20,quantile,0.99,16,2026-10-24
2026-10-24,wk inc flu hosp,0,21,quantile,0.01,2,2026-10-24
2026-10-24,wk inc flu hosp,0,21,quantile,0.025,3,2026-10-24
2026-10-24,wk inc flu hosp,0,21,quantile,0.05,4,2026-10-24
2026-10-24,wk inc flu hosp,0,21,quantile,0.1,5,2026-10-24
2026-10-24,wk inc flu hosp,0,21,quantile,0.15,6,2026-10-24
2026-10-24,wk inc flu hosp,0,21,quantile,0.2,7,2026-10-24
2026-10-24,wk inc flu hosp,0,21,quantile,0.25,7,2026-10-24
2026-10-24,wk inc flu hosp,0,21,quantile,0.3,7,2026-10-24
2026-10-24,wk inc flu hosp,0,21,quantile,0.35,8,2026-10-24
2026-10-24,wk inc flu hosp,0,21,quantile,0.4,8,2026-10-24
2026-10-24,wk inc flu hosp,0,21,quantile,0.45,9,2026-10-24
2026-10-24,wk inc flu hosp,0,21,quantile,0.5,10,2026-10-24
2026-10-24,wk inc flu hosp,0,21,quantile,0.55,10,2026-10-24
2026-10-24,wk inc flu hosp,0,21,quantile,0.6,11,2026-10-24
2026-10-24,wk inc flu hosp,0,21,quantile,0.65,11,2026-10-24
2026-10-24,wk inc flu hosp,0,21,quantile,0.7,12,2026-10-24
2026-10-24,wk inc flu hosp,0,21,quantile,0.75,13,2026-10-24
2026-10-24,wk inc flu hosp,0,21,quantile,0.8,14,2026-10-24
2026-10-24,wk inc flu hosp,0,21,quantile,0.85,15,2026-10-24
2026-10-24,wk inc flu hosp,0,21,quantile,0.9,16,2026-10-24
2026-10-24,wk inc flu hosp,0,21,quantile,0.95,18,2026-10-24
2026-10-24,wk inc flu hosp,0,21,quantile,0.975,20,2026-10-24
2026-10-24,wk inc flu hosp,0,21,quantile,0.99,20,2026-10-24
2026-10-24,wk inc flu hosp,0,22,quantile,0.01,11,2026-10-24
2026-10-24,wk inc flu hosp,0,22,quantile,0.025,12,2026-10-24
2026-10-24,wk inc flu hosp,0,22,quantile,0.05,14,2026-10-24
2026-10-24,wk inc flu hosp,0,22,quantile,0.1,16,2026-10-24
2026-10-24,wk inc flu hosp,0,22,quantile,0.15,19,2026-10-24
2026-10-24,wk inc flu hosp,0,22,quantile,0.2,20,2026-10-24
2026-10-24,wk inc flu hosp,0,22,quantile,0.25,22,2026-10-24
2026-10-24,wk inc flu hosp,0,22,quantile,0.3,23,2026-10-24
2026-10-24,wk inc flu hosp,0,22,quantile,0.35,23,2026-10-24
2026-10-24,wk inc flu hosp,0,22,quantile,0.4,24,2026-10-24
2026-10-24,wk inc flu hosp,0,22,quantile,0.45,25,2026-10-24
2026-10-24,wk inc flu hosp,0,22,quantile,0.5,28,2026-10-24
2026-10-24,wk inc flu hosp,0,22,quantile,0.55,29,2026-10-24
2026-10-24,wk inc flu hosp,0,22,quantile,0.6,30,2026-10-24
2026-10-24,wk inc flu hosp,0,22,quantile,0.65,32,2026-10-24
2026-10-24,wk inc flu hosp,0,22,quantile,0.7,33,2026-10-24
2026-10-24,wk inc flu hosp,0,22,quantile,0.75,35,2026-10-24
2026-10-24,wk inc flu hosp,0,22,quantile,0.8,37,2026-10-24
2026-10-24,wk inc flu hosp,0,22,quantile,0.85,39,2026-10-24
2026-10-24,wk inc flu hosp,0,22,quantile,0.9,41,2026-10-24
2026-10-24,wk inc flu hosp,0,22,quantile,0.95,44,2026-10-24
2026-10-24,wk inc flu hosp,0,22,quantile,0.975,53,2026-10-24
2026-10-24,wk inc flu hosp,0,22,quantile,0.99,57,2026-10-24
2026-10-24,wk inc flu hosp,0,23,quantile,0.01,0,2026-10-24
2026-10-24,wk inc flu hosp,0,23,quantile,0.025,0,2026-10-24
2026-10-24,wk inc flu hosp,0,23,quantile,0.05,0,2026-10-24
2026-10-24,wk inc flu hosp,0,23,quantile,0.1,0,2026-10-24
2026-10-24,wk inc flu hosp,0,23,quantile,0.15,0,2026-10-24
2026-10-24,wk inc flu hosp,0,23,quantile,0.2,0,2026-10-24
2026-10-24,wk inc flu hosp,0,23,quantile,0.25,1,2026-10-24
2026-10-24,wk inc flu hosp,0,23,quantile,0.3,1,2026-10-24
2026-10-24,wk inc flu hosp,0,23,quantile,0.35,1,2026-10-24
2026-10-24,wk inc flu hosp,0,23,quantile,0.4,1,2026-10-24
2026-10-24,wk inc flu hosp,0,23,quantile,0.45,2,2026-10-24
2026-10-24,wk inc flu hosp,0,23,quantile,0.5,2,2026-10-24
2026-10-24,wk inc flu hosp,0,23,quantile,0.55,2,2026-10-24
2026-10-24,wk inc flu hosp,0,23,quantile,0.6,3,2026-10-24
2026-10-24,wk inc flu hosp,0,23,quantile,0.65,3,2026-10-24
2026-10-24,wk inc flu hosp,0,23,quantile,0.7,3,2026-10-24
2026-10-24,wk inc flu hosp,0,23,quantile,0.75,4,2026-10-24
2026-10-24,wk inc flu hosp,0,23,quantile,0.8,4,2026-10-24
2026-10-24,wk inc flu hosp,0,23,quantile,0.85,5,2026-10-24
2026-10-24,wk inc flu hosp,0,23,quantile,0.9,5,2026-10-24
2026-10-24,wk inc flu hosp,0,23,quantile,0.95,6,2026-10-24
2026-10-24,wk inc flu hosp,0,23,quantile,0.975,8,2026-10-24
2026-10-24,wk inc flu hosp,0,23,quantile,0.99,11,2026-10-24
2026-10-24,wk inc flu hosp,0,24,quantile,0.01,0,2026-10-24
2026-10-24,wk inc flu hosp,0,24,quantile,0.025,1,2026-10-24
2026-10-24,wk inc flu hosp,0,24,quantile,0.05,2,2026-10-24
2026-10-24,wk inc flu hosp,0,24,quantile,0.1,3,2026-10-24
2026-10-24,wk inc flu hosp,0,24,quantile,0.15,3,2026-10-24
2026-10-24,wk inc flu hosp,0,24,quantile,0.2,4,2026-10-24
2026-10-24,wk inc flu hosp,0,24,quantile,0.25,5,2026-10-24
2026-10-24,wk inc flu hosp,0,24,quantile,0.3,6,2026-10-24
2026-10-24,wk inc flu hosp,0,24,quantile,0.35,6,2026-10-24
2026-10-24,wk inc flu hosp,0,24,quantile,0.4,6,2026-10-24
2026-10-24,wk inc flu hosp,0,24,quantile,0.45,7,2026-10-24
2026-10-24,wk inc flu hosp,0,24,quantile,0.5,8,2026-10-24
2026-10-24,wk inc flu hosp,0,24,quantile,0.55,8,2026-10-24
2026-10-24,wk inc flu hosp,0,24,quantile,0.6,9,2026-10-24
2026-10-24,wk inc flu hosp,0,24,quantile,0.65,9,2026-10-24
2026-10-24,wk inc flu hosp,0,24,quantile,0.7,10,2026-10-24
2026-10-24,wk inc flu hosp,0,24,quantile,0.75,10,2026-10-24
2026-10-24,wk inc flu hosp,0,24,quantile,0.8,12,2026-10-24
2026-10-24,wk inc flu hosp,0,24,quantile,0.85,13,2026-10-24
2026-10-24,wk inc flu hosp,0,24,quantile,0.9,14,2026-10-24
2026-10-24,wk inc flu hosp,0,24,quantile,0.95,16,2026-10-24
2026-10-24,wk inc flu hosp,0,24,quantile,0.975,17,2026-10-24
2026-10-24,wk inc flu hosp,0,24,quantile,0.99,18,2026-10-24
2026-10-24,wk inc flu hosp,0,25,quantile,0.01,1,2026-10-24
2026-10-24,wk inc flu hosp,0,25,quantile,0.025,1,2026-10-24
2026-10-24,wk inc flu hosp,0,25,quantile,0.05,2,2026-10-24
2026-10-24,wk inc flu hosp,0,25,quantile,0.1,3,2026-10-24
2026-10-24,wk inc flu hosp,0,25,quantile,0.15,4,2026-10-24
2026-10-24,wk inc flu hosp,0,25,quantile,0.2,4,2026-10-24
2026-10-24,wk inc flu hosp,0,25,quantile,0.25,5,2026-10-24
2026-10-24,wk inc flu hosp,0,25,quantile,0.3,6,2026-10-24
2026-10-24,wk inc flu hosp,0,25,quantile,0.35,6,2026-10-24
2026-10-24,wk inc flu hosp,0,25,quantile,0.4,6,2026-10-24
2026-10-24,wk inc flu hosp,0,25,quantile,0.45,7,2026-10-24
2026-10-24,wk inc flu hosp,0,25,quantile,0.5,7,2026-10-24
2026-10-24,wk inc flu hosp,0,25,quantile,0.55,8,2026-10-24
2026-10-24,wk inc flu hosp,0,25,quantile,0.6,9,2026-10-24
2026-10-24,wk inc flu hosp,0,25,quantile,0.65,10,2026-10-24
2026-10-24,wk inc flu hosp,0,25,quantile,0.7,10,2026-10-24
2026-10-24,wk inc flu hosp,0,25,quantile,0.75,11,2026-10-24
2026-10-24,wk inc flu hosp,0,25,quantile,0.8,13,2026-10-24
2026-10-24,wk inc flu hosp,0,25,quantile,0.85,14,2026-10-24
2026-10-24,wk inc flu hosp,0,25,quantile,0.9,15,2026-10-24
2026-10-24,wk inc flu hosp,0,25,quantile,0.95,17,2026-10-24
2026-10-24,wk inc flu hosp,0,25,quantile,0.975,19,2026-10-24
2026-10-24,wk inc flu hosp,0,25,quantile,0.99,23,2026-10-24
2026-10-24,wk inc flu hosp,0,26,quantile,0.01,5,2026-10-24
2026-10-24,wk inc flu hosp,0,26,quantile,0.025,6,2026-10-24
2026-10-24,wk inc flu hosp,0,26,quantile,0.05,6,2026-10-24
2026-10-24,wk inc flu hosp,0,26,quantile,0.1,7,2026-10-24
2026-10-24,wk inc flu hosp,0,26,quantile,0.15,8,2026-10-24
2026-10-24,wk inc flu hosp,0,26,quantile,0.2,9,2026-10-24
2026-10-24,wk inc flu hosp,0,26,quantile,0.25,10,2026-10-24
2026-10-24,wk inc flu hosp,0,26,quantile,0.3,11,2026-10-24
2026-10-24,wk inc flu hosp,0,26,quantile,0.35,11,2026-10-24
2026-10-24,wk inc flu hosp,0,26,quantile,0.4,12,2026-10-24
2026-10-24,wk inc flu hosp,0,26,quantile,0.45,13,2026-10-24
2026-10-24,wk inc flu hosp,0,26,quantile,0.5,13,2026-10-24
2026-10-24,wk inc flu hosp,0,26,quantile,0.55,14,2026-10-24
2026-10-24,wk inc flu hosp,0,26,quantile,0.6,14,2026-10-24
2026-10-24,wk inc flu hosp,0,26,quantile,0.65,15,2026-10-24
2026-10-24,wk inc flu hosp,0,26,quantile,0.7,16,2026-10-24
2026-10-24,wk inc flu hosp,0,26,quantile,0.75,17,2026-10-24
2026-10-24,wk inc flu hosp,0,26,quantile,0.8,18,2026-10-24
2026-10-24,wk inc flu hosp,0,26,quantile,0.85,19,2026-10-24
2026-10-24,wk inc flu hosp,0,26,quantile,0.9,21,2026-10-24
2026-10-24,wk inc flu hosp,0,26,quantile,0.95,23,2026-10-24
2026-10-24,wk inc flu hosp,0,26,quantile,0.975,27,2026-10-24
2026-10-24,wk inc flu hosp,0,26,quantile,0.99,31,2026-10-24
2026-10-24,wk inc flu hosp,0,27,quantile,0.01,5,2026-10-24
2026-10-24,wk inc flu hosp,0,27,quantile,0.025,7,2026-10-24
2026-10-24,wk inc flu hosp,0,27,quantile,0.05,7,2026-10-24
2026-10-24,wk inc flu hosp,0,27,quantile,0.1,9,2026-10-24
2026-10-24,wk inc flu hosp,0,27,quantile,0.15,10,2026-10-24
2026-10-24,wk inc flu hosp,0,27,quantile,0.2,11,2026-10-24
2026-10-24,wk inc flu hosp,0,27,quantile,0.25,12,2026-10-24
2026-10-24,wk inc flu hosp,0,27,quantile,0.3,12,2026-10-24
2026-10-24,wk inc flu hosp,0,27,quantile,0.35,13,2026-10-24
2026-10-24,wk inc flu hosp,0,27,quantile,0.4,13,2026-10-24
2026-10-24,wk inc flu hosp,0,27,quantile,0.45,14,2026-10-24
2026-10-24,wk inc flu hosp,0,27,quantile,0.5,16,2026-10-24
2026-10-24,wk inc flu hosp,0,27,quantile,0.55,17,2026-10-24
2026-10-24,wk inc flu hosp,0,27,quantile,0.6,18,2026-10-24
2026-10-24,wk inc flu hosp,0,27,quantile,0.65,19,2026-10-24
2026-10-24,wk inc flu hosp,0,27,quantile,0.7,21,2026-10-24
2026-10-24,wk inc flu hosp,0,27,quantile,0.75,21,2026-10-24
2026-10-24,wk inc flu hosp,0,27,quantile,0.8,22,2026-10-24
2026-10-24,wk inc flu hosp,0,27,quantile,0.85,24,2026-10-24
2026-10-24,wk inc flu hosp,0,27,quantile,0.9,25,2026-10-24
2026-10-24,wk inc flu hosp,0,27,quantile,0.95,28,2026-10-24
2026-10-24,wk inc flu hosp,0,27,quantile,0.975,31,2026-10-24
2026-10-24,wk inc flu hosp,0,27,quantile,0.99,32,2026-10-24
2026-10-24,wk inc flu hosp,0,28,quantile,0.01,2,2026-10-24
2026-10-24,wk inc flu hosp,0,28,quantile,0.025,2,2026-10-24
2026-10-24,wk inc flu hosp,0,28,quantile,0.05,3,2026-10-24
2026-10-24,wk inc flu hosp,0,28,quantile,0.1,5,2026-10-24
2026-10-24,wk inc flu hosp,0,28,quantile,0.15,6,2026-10-24
2026-10-24,wk inc flu hosp,0,28,quantile,0.2,7,2026-10-24
2026-10-24,wk inc flu hosp,0,28,quantile,0.25,8,2026-10-24
2026-10-24,wk inc flu hosp,0,28,quantile,0.3,9,2026-10-24
2026-10-24,wk inc flu hosp,0,28,quantile,0.35,10,2026-10-24
2026-10-24,wk inc flu hosp,0,28,quantile,0.4,10,2026-10-24
2026-10-24,wk inc flu hosp,0,28,quantile,0.45,11,2026-10-24
2026-10-24,wk inc flu hosp,0,28,quantile,0.5,11,2026-10-24
2026-10-24,wk inc flu hosp,0,28,quantile,0.55,11,2026-10-24
2026-10-24,wk inc flu hosp,0,28,quantile,0.6,12,2026-10-24
2026-10-24,wk inc flu hosp,0,28,quantile,0.65,13,2026-10-24
2026-10-24,wk inc flu hosp,0,28,quantile,0.7,14,2026-10-24
2026-10-24,wk inc flu hosp,0,28,quantile,0.75,14,2026-10-24
2026-10-24,wk inc flu hosp,0,28,quantile,0.8,15,2026-10-24
2026-10-24,wk inc flu hosp,0,28,quantile,0.85,16,2026-10-24
2026-10-24,wk inc flu hosp,0,28,quantile,0.9,17,2026-10-24
2026-10-24,wk inc flu hosp,0,28,quantile,0.95,20,2026-10-24
2026-10-24,wk inc flu hosp,0,28,quantile,0.975,23,2026-10-24
2026-10-24,wk inc flu hosp,0,28,quantile,0.99,24,2026-10-24
2026-10-24,wk inc flu hosp,0,29,quantile,0.01,3,2026-10-24
2026-10-24,wk inc flu hosp,0,29,quantile,0.025,4,2026-10-24
2026-10-24,wk inc flu hosp,0,29,quantile,0.05,7,2026-10-24
2026-10-24,wk inc flu hosp,0,29,quantile,0.1,8,2026-10-24
2026-10-24,wk inc flu hosp,0,29,quantile,0.15,9,2026-10-24
2026-10-24,wk inc flu hosp,0,29,quantile,0.2,10,2026-10-24
2026-10-24,wk inc flu hosp,0,29,quantile,0.25,10,2026-10-24
2026-10-24,wk inc flu hosp,0,29,quantile,0.3,10,2026-10-24
2026-10-24,wk inc flu hosp,0,29,quantile,0.35,11,2026-10-24
2026-10-24,wk inc flu hosp,0,29,quantile,0.4,12,2026-10-24
2026-10-24,wk inc flu hosp,0,29,quantile,0.45,12,2026-10-24
2026-10-24,wk inc flu hosp,0,29,quantile,0.5,13,2026-10-24
2026-10-24,wk inc flu hosp,0,29,quantile,0.55,13,2026-10-24
2026-10-24,wk inc flu hosp,0,29,quantile,0.6,15,2026-10-24
2026-10-24,wk inc flu hosp,0,29,quantile,0.65,15,2026-10-24
2026-10-24,wk inc flu hosp,0,29,quantile,0.7,17,2026-10-24
2026-10-24,wk inc flu hosp,0,29,quantile,0.75,18,2026-10-24
2026-10-24,wk inc flu hosp,0,29,quantile,0.8,20,2026-10-24
2026-10-24,wk inc flu hosp,0,29,quantile,0.85,20,2026-10-24
2026-10-24,wk inc flu hosp,0,29,quantile,0.9,22,2026-10-24
2026-10-24,wk inc flu hosp,0,29,quantile,0.95,24,2026-10-24
2026-10-24,wk inc flu hosp,0,29,quantile,0.975,27,2026-10-24
2026-10-24,wk inc flu hosp,0,29,quantile,0.99,29,2026-10-24
2026-10-24,wk inc flu hosp,0,30,quantile,0.01,0,2026-10-24
2026-10-24,wk inc flu hosp,0,30,quantile,0.025,0,2026-10-24
2026-10-24,wk inc flu hosp,0,30,quantile,0.05,0,2026-10-24
2026-10-24,wk inc flu hosp,0,30,quantile,0.1,0,2026-10-24
2026-10-24,wk inc flu hosp,0,30,quantile,0.15,0,2026-10-24
2026-10-24,wk inc flu hosp,0,30,quantile,0.2,1,2026-10-24
2026-10-24,wk inc flu hosp,0,30,quantile,0.25,1,2026-10-24
2026-10-24,wk inc flu hosp,0,30,quantile,0.3,1,2026-10-24
2026-10-24,wk inc flu hosp,0,30,quantile,0.35,2,2026-10-24
2026-10-24,wk inc flu hosp,0,30,quantile,0.4,2,2026-10-24
2026-10-24,wk inc flu hosp,0,30,quantile,0.45,2,2026-10-24
2026-10-24,wk inc flu hosp,0,30,quantile,0.5,2,2026-10-24
2026-10-24,wk inc flu hosp,0,30,quantile,0.55,3,2026-10-24
2026-10-24,wk inc flu hosp,0,30,quantile,0.6,3,2026-10-24
2026-10-24,wk inc flu hosp,0,30,quantile,0.65,3,2026-10-24
2026-10-24,wk inc flu hosp,0,30,quantile,0.7,4,2026-10-24
2026-10-24,wk inc flu hosp,0,30,quantile,0.75,4,2026-10-24
2026-10-24,wk inc flu hosp,0,30,quantile,0.8,5,2026-10-24
2026-10-24,wk inc flu hosp,0,30,quantile,0.85,5,2026-10-24
2026-10-24,wk inc flu hosp,0,30,quantile,0.9,6,2026-10-24
2026-10-24,wk inc flu hosp,0,30,quantile,0.95,9,2026-10-24
2026-10-24,wk inc flu hosp,0,30,quantile,0.975,10,2026-10-24
2026-10-24,wk inc flu hosp,0,30,quantile,0.99,14,2026-10-24
2026-10-24,wk inc flu hosp,0,31,quantile,0.01,0,2026-10-24
2026-10-24,wk inc flu hosp,0,31,quantile,0.025,0,2026-10-24
2026-10-24,wk inc flu hosp,0,31,quantile,0.05,0,2026-10-24
2026-10-24,wk inc flu hosp,0,31,quantile,0.1,0,2026-10-24
2026-10-24,wk inc flu hosp,0,31,quantile,0.15,1,2026-10-24
2026-10-24,wk inc flu hosp,0,31,quantile,0.2,1,2026-10-24
2026-10-24,wk inc flu hosp,0,31,quantile,0.25,1,2026-10-24
2026-10-24,wk inc flu hosp,0,31,quantile,0.3,2,2026-10-24
2026-10-24,wk inc flu hosp,0,31,quantile,0.35,2,2026-10-24
2026-10-24,wk inc flu hosp,0,31,quantile,0.4,2,2026-10-24
2026-10-24,wk inc flu hosp,0,31,quantile,0.45,2,2026-10-24
2026-10-24,wk inc flu hosp,0,31,quantile,0.5,3,2026-10-24
2026-10-24,wk inc flu hosp,0,31,quantile,0.55,3,2026-10-24
2026-10-24,wk inc flu hosp,0,31,quantile,0.6,3,2026-10-24
2026-10-24,wk inc flu hosp,0,31,quantile,0.65,4,2026-10-24
2026-10-24,wk inc flu hosp,0,31,quantile,0.7,4,2026-10-24
2026-10-24,wk inc flu hosp,0,31,quantile,0.75,5,2026-10-24
2026-10-24,wk inc flu hosp,0,31,quantile,0.8,5,2026-10-24
2026-10-24,wk inc flu hosp,0,31,quantile,0.85,6,2026-10-24
2026-10-24,wk inc flu hosp,0,31,quantile,0.9,7,2026-10-24
2026-10-24,wk inc flu hosp,0,31,quantile,0.95,7,2026-10-24
2026-10-24,wk inc flu hosp,0,31,quantile,0.975,8,2026-10-24
2026-10-24,wk inc flu hosp,0,31,quantile,0.99,9,2026-10-24
2026-10-24,wk inc flu hosp,0,32,quantile,0.01,1,2026-10-24
2026-10-24,wk inc flu hosp,0,32,quantile,0.025,1,2026-10-24
2026-10-24,wk inc flu hosp,0,32,quantile,0.05,2,2026-10-24
2026-10-24,wk inc flu hosp,0,32,quantile,0.1,3,2026-10-24
2026-10-24,wk inc flu hosp,0,32,quantile,0.15,3,2026-10-24
2026-10-24,wk inc flu hosp,0,32,quantile,0.2,4,2026-10-24
2026-10-24,wk inc flu hosp,0,32,quantile,0.25,4,2026-10-24
2026-10-24,wk inc flu hosp,0,32,quantile,0.3,5,2026-10-24
2026-10-24,wk inc flu hosp,0,32,quantile,0.35,5,2026-10-24
2026-10-24,wk inc flu hosp,0,32,quantile,0.4,6,2026-10-24
2026-10-24,wk inc flu hosp,0,32,quantile,0.45,7,2026-10-24
2026-10-24,wk inc flu hosp,0,32,quantile,0.5,7,2026-10-24
2026-10-24,wk inc flu hosp,0,32,quantile,0.55,7,2026-10-24
2026-10-24,wk inc flu hosp,0,32,quantile,0.6,7,2026-10-24
2026-10-24,wk inc flu hosp,0,32,quantile,0.65,8,2026-10-24
2026-10-24,wk inc flu hosp,0,32,quantile,0.7,8,2026-10-24
2026-10-24,wk inc flu hosp,0,32,quantile,0.75,9,2026-10-24
2026-10-24,wk inc flu hosp,0,32,quantile,0.8,10,2026-10-24
2026-10-24,wk inc flu hosp,0,32,quantile,0.85,11,2026-10-24
2026-10-24,wk inc flu hosp,0,32,quantile,0.9,12,2026-10-24
2026-10-24,wk inc flu hosp,0,32,quantile,0.95,13,2026-10-24
2026-10-24,wk inc flu hosp,0,32,quantile,0.975,14,2026-10-24
2026-10-24,wk inc flu hosp,0,32,quantile,0.99,15,2026-10-24
2026-10-24,wk inc flu hosp,0,33,quantile,0.01,0,2026-10-24
2026-10-24,wk inc flu hosp,0,33,quantile,0.025,0,2026-10-24
2026-10-24,wk inc flu hosp,0,33,quantile,0.05,0,2026-10-24
2026-10-24,wk inc flu hosp,0,33,quantile,0.1,0,2026-10-24
2026-10-24,wk inc flu hosp,0,33,quantile,0.15,0,2026-10-24
2026-10-24,wk inc flu hosp,0,33,quantile,0.2,0,2026-10-24
2026-10-24,wk inc flu hosp,0,33,quantile,0.25,0,2026-10-24
2026-10-24,wk inc flu hosp,0,33,quantile,0.3,0,2026-10-24
2026-10-24,wk inc flu hosp,0,33,quantile,0.35,0,2026-10-24
2026-10-24,wk inc flu hosp,0,33,quantile,0.4,0,2026-10-24
2026-10-24,wk inc flu hosp,0,33,quantile,0.45,0,2026-10-24
2026-10-24,wk inc flu hosp,0,33,quantile,0.5,0,2026-10-24
2026-10-24,wk inc flu hosp,0,33,quantile,0.55,0,2026-10-24
2026-10-24,wk inc flu hosp,0,33,quantile,0.6,0,2026-10-24
2026-10-24,wk inc flu hosp,0,33,quantile,0.65,0,2026-10-24
2026-10-24,wk inc flu hosp,0,33,quantile,0.7,0,2026-10-24
2026-10-24,wk inc flu hosp,0,33,quantile,0.75,0,2026-10-24
2026-10-24,wk inc flu hosp,0,33,quantile,0.8,1,2026-10-24
2026-10-24,wk inc flu hosp,0,33,quantile,0.85,1,2026-10-24
2026-10-24,wk inc flu hosp,0,33,quantile,0.9,1,2026-10-24
2026-10-24,wk inc flu hosp,0,33,quantile,0.95,2,2026-10-24
2026-10-24,wk inc flu hosp,0,33,quantile,0.975,4,2026-10-24
2026-10-24,wk inc flu hosp,0,33,quantile,0.99,5,2026-10-24
2026-10-24,wk inc flu hosp,0,34,quantile,0.01,9,2026-10-24
2026-10-24,wk inc flu hosp,0,34,quantile,0.025,9,2026-10-24
2026-10-24,wk inc flu hosp,0,34,quantile,0.05,12,2026-10-24
2026-10-24,wk inc flu hosp,0,34,quantile,0.1,13,2026-10-24
2026-10-24,wk inc flu hosp,0,34,quantile,0.15,14,2026-10-24
2026-10-24,wk inc flu hosp,0,34,quantile,0.2,15,2026-10-24
2026-10-24,wk inc flu hosp,0,34,quantile,0.25,17,2026-10-24
2026-10-24,wk inc flu hosp,0,34,quantile,0.3,18,2026-10-24
2026-10-24,wk inc flu hosp,0,34,quantile,0.35,19,2026-10-24
2026-10-24,wk inc flu hosp,0,34,quantile,0.4,20,2026-10-24
2026-10-24,wk inc flu hosp,0,34,quantile,0.45,20,2026-10-24
2026-10-24,wk inc flu hosp,0,34,quantile,0.5,21,2026-10-24
2026-10-24,wk inc flu hosp,0,34,quantile,0.55,22,2026-10-24
2026-10-24,wk inc flu hosp,0,34,quantile,0.6,23,2026-10-24
2026-10-24,wk inc flu hosp,0,34,quantile,0.65,24,2026-10-24
2026-10-24,wk inc flu hosp,0,34,quantile,0.7,24,2026-10-24
2026-10-24,wk inc flu hosp,0,34,quantile,0.75,26,2026-10-24
2026-10-24,wk inc flu hosp,0,34,quantile,0.8,27,2026-10-24
2026-10-24,wk inc flu hosp,0,34,quantile,0.85,28,2026-10-24
2026-10-24,wk inc flu hosp,0,34,quantile,0.9,30,2026-10-24
2026-10-24,wk inc flu hosp,0,34,quantile,0.95,34,2026-10-24
2026-10-24,wk inc flu hosp,0,34,quantile,0.975,36,2026-10-24
2026-10-24,wk inc flu hosp,0,34,quantile,0.99,39,2026-10-24
2026-10-24,wk inc flu hosp,0,35,quantile,0.01,0,2026-10-24
2026-10-24,wk inc flu hosp,0,35,quantile,0.025,0,2026-10-24
2026-10-24,wk inc flu hosp,0,35,quantile,0.05,0,2026-10-24
2026-10-24,wk inc flu hosp,0,35,quantile,0.1,0,2026-10-24
2026-10-24,wk inc flu hosp,0,35,quantile,0.15,0,2026-10-24
2026-10-24,wk inc flu hosp,0,35,quantile,0.2,0,2026-10-24
2026-10-24,wk inc flu hosp,0,35,quantile,0.25,0,2026-10-24
2026-10-24,wk inc flu hosp,0,35,quantile,0.3,1,2026-10-24
2026-10-24,wk inc flu hosp,0,35,quantile,0.35,1,2026-10-24
2026-10-24,wk inc flu hosp,0,35,quantile,0.4,1,2026-10-24
2026-10-24,wk inc flu hosp,0,35,quantile,0.45,2,2026-10-24
2026-10-24,wk inc flu hosp,0,35,quantile,0.5,2,2026-10-24
2026-10-24,wk inc flu hosp,0,35,quantile,0.55,2,2026-10-24
2026-10-24,wk inc flu hosp,0,35,quantile,0.6,2,2026-10-24
2026-10-24,wk inc flu hosp,0,35,quantile,0.65,3,2026-10-24
2026-10-24,wk inc flu hosp,0,35,quantile,0.7,3,2026-10-24
2026-10-24,wk inc flu hosp,0,35,quantile,0.75,4,2026-10-24
2026-10-24,wk inc flu hosp,0,35,quantile,0.8,4,2026-10-24
2026-10-24,wk inc flu hosp,0,35,quantile,0.85,5,2026-10-24
2026-10-24,wk inc flu hosp,0,35,quantile,0.9,6,2026-10-24
2026-10-24,wk inc flu hosp,0,35,quantile,0.95,8,2026-10-24
2026-10-24,wk inc flu hosp,0,35,quantile,0.975,9,2026-10-24
2026-10-24,wk inc flu hosp,0,35,quantile,0.99,11,2026-10-24
2026-10-24,wk inc flu hosp,0,36,quantile,0.01,9,2026-10-24
2026-10-24,wk inc flu hosp,0,36,quantile,0.025,10,2026-10-24
2026-10-24,wk inc flu hosp,0,36,quantile,0.05,12,2026-10-24
2026-10-24,wk inc flu hosp,0,36,quantile,0.1,14,2026-10-24
2026-10-24,wk inc flu hosp,0,36,quantile,0.15,16,2026-10-24
2026-10-24,wk inc flu hosp,0,36,quantile,0.2,17,2026-10-24
2026-10-24,wk inc flu hosp,0,36,quantile,0.25,18,2026-10-24
2026-10-24,wk inc flu hosp,0,36,quantile,0.3,19,2026-10-24
2026-10-24,wk inc flu hosp,0,36,quantile,0.35,20,2026-10-24
2026-10-24,wk inc flu hosp,0,36,quantile,0.4,21,2026-10-24
2026-10-24,wk inc flu hosp,0,36,quantile,0.45,21,2026-10-24
2026-10-24,wk inc flu hosp,0,36,quantile,0.5,22,2026-10-24
2026-10-24,wk inc flu hosp,0,36,quantile,0.55,23,2026-10-24
2026-10-24,wk inc flu hosp,0,36,quantile,0.6,24,2026-10-24
2026-10-24,wk inc flu hosp,0,36,quantile,0.65,26,2026-10-24
2026-10-24,wk inc flu hosp,0,36,quantile,0.7,27,2026-10-24
2026-10-24,wk inc flu hosp,0,36,quantile,0.75,28,2026-10-24
2026-10-24,wk inc flu hosp,0,36,quantile,0.8,30,2026-10-24
2026-10-24,wk inc flu hosp,0,36,quantile,0.85,32,2026-10-24
2026-10-24,wk inc flu hosp,0,36,quantile,0.9,33,2026-10-24
2026-10-24,wk inc flu hosp,0,36,quantile,0.95,35,2026-10-24
2026-10-24,wk inc flu hosp,0,36,quantile,0.975,39,2026-10-24
2026-10-24,wk inc flu hosp,0,36,quantile,0.99,42,2026-10-24
2026-10-24,wk inc flu hosp,0,37,quantile,0.01,11,2026-10-24
2026-10-24,wk inc flu hosp,0,37,quantile,0.025,11,2026-10-24
2026-10-24,wk inc flu hosp,0,37,quantile,0.05,13,2026-10-24
2026-10-24,wk inc flu hosp,0,37,quantile,0.1,15,2026-10-24
2026-10-24,wk inc flu hosp,0,37,quantile,0.15,17,2026-10-24
2026-10-24,wk inc flu hosp,0,37,quantile,0.2,18,2026-10-24
2026-10-24,wk inc flu hosp,0,37,quantile,0.25,19,2026-10-24
2026-10-24,wk inc flu hosp,0,37,quantile,0.3,19,2026-10-24
2026-10-24,wk inc flu hosp,0,37,quantile,0.35,20,2026-10-24
2026-10-24,wk inc flu hosp,0,37,quantile,0.4,21,2026-10-24
2026-10-24,wk inc flu hosp,0,37,quantile,0.45,22,2026-10-24
2026-10-24,wk inc flu hosp,0,37,quantile,0.5,23,2026-10-24
2026-10-24,wk inc flu hosp,0,37,quantile,0.55,24,2026-10-24
2026-10-24,wk inc flu hosp,0,37,quantile,0.6,26,2026-10-24
2026-10-24,wk inc flu hosp,0,37,quantile,0.65,27,2026-10-24
2026-10-24,wk inc flu hosp,0,37,quantile,0.7,28,2026-10-24
2026-10-24,wk inc flu hosp,0,37,quantile,0.75,30,2026-10-24
2026-10-24,wk inc flu hosp,0,37,quantile,0.8,31,2026-10-24
2026-10-24,wk inc flu hosp,0,37,quantile,0.85,33,2026-10-24
2026-10-24,wk inc flu hosp,0,37,quantile,0.9,35,2026-10-24
2026-10-24,wk inc flu hosp,0,37,quantile,0.95,41,2026-10-24
2026-10-24,wk inc flu hosp,0,37,quantile,0.975,43,2026-10-24
2026-10-24,wk inc flu hosp,0,37,quantile,0.99,46,2026-10-24
2026-10-24,wk inc flu hosp,0,38,quantile,0.01,0,2026-10-24
2026-10-24,wk inc flu hosp,0,38,quantile,0.025,0,2026-10-24
2026-10-24,wk inc flu hosp,0,38,quantile,0.05,0,2026-10-24
2026-10-24,wk inc flu hosp,0,38,quantile,0.1,0,2026-10-24
2026-10-24,wk inc flu hosp,0,38,quantile,0.15,0,2026-10-24
2026-10-24,wk inc flu hosp,0,38,quantile,0.2,0,2026-10-24
2026-10-24,wk inc flu hosp,0,38,quantile,0.25,0,2026-10-24
2026-10-24,wk inc flu hosp,0,38,quantile,0.3,0,2026-10-24
2026-10-24,wk inc flu hosp,0,38,quantile,0.35,1,2026-10-24
2026-10-24,wk inc flu hosp,0,38,quantile,0.4,1,2026-10-24
2026-10-24,wk inc flu hosp,0,38,quantile,0.45,1,2026-10-24
2026-10-24,wk inc flu hosp,0,38,quantile,0.5,1,2026-10-24
2026-10-24,wk inc flu hosp,0,38,quantile,0.55,1,2026-10-24
2026-10-24,wk inc flu hosp,0,38,quantile,0.6,1,2026-10-24
2026-10-24,wk inc flu hosp,0,38,quantile,0.65,2,2026-10-24
2026-10-24,wk inc flu hosp,0,38,quantile,0.7,2,2026-10-24
2026-10-24,wk inc flu hosp,0,38,quantile,0.75,3,2026-10-24
2026-10-24,wk inc flu hosp,0,38,quantile,0.8,3,2026-10-24
2026-10-24,wk inc flu hosp,0,38,quantile,0.85,3,2026-10-24
2026-10-24,wk inc flu hosp,0,38,quantile,0.9,4,2026-10-24
2026-10-24,wk inc flu hosp,0,38,quantile,0.95,6,2026-10-24
2026-10-24,wk inc flu hosp,0,38,quantile,0.975,6,2026-10-24
2026-10-24,wk inc flu hosp,0,38,quantile,0.99,6,2026-10-24
2026-10-24,wk inc flu hosp,0,39,quantile,0.01,4,2026-10-24
2026-10-24,wk inc flu hosp,0,39,quantile,0.025,5,2026-10-24
2026-10-24,wk inc flu hosp,0,39,quantile,0.05,6,2026-10-24
2026-10-24,wk inc flu hosp,0,39,quantile,0.1,7,2026-10-24
2026-10-24,wk inc flu hosp,0,39,quantile,0.15,8,2026-10-24
2026-10-24,wk inc flu hosp,0,39,quantile,0.2,9,2026-10-24
2026-10-24,wk inc flu hosp,0,39,quantile,0.25,10,2026-10-24
2026-10-24,wk inc flu hosp,0,39,quantile,0.3,10,2026-10-24
2026-10-24,wk inc flu hosp,0,39,quantile,0.35,11,2026-10-24
2026-10-24,wk inc flu hosp,0,39,quantile,0.4,11,2026-10-24
2026-10-24,wk inc flu hosp,0,39,quantile,0.45,12,2026-10-24
2026-10-24,wk inc flu hosp,0,39,quantile,0.5,12,2026-10-24
2026-10-24,wk inc flu hosp,0,39,quantile,0.55,13,2026-10-24
2026-10-24,wk inc flu hosp,0,39,quantile,0.6,14,2026-10-24
2026-10-24,wk inc flu hosp,0,39,quantile,0.65,14,2026-10-24
2026-10-24,wk inc flu hosp,0,39,quantile,0.7,15,2026-10-24
2026-10-24,wk inc flu hosp,0,39,quantile,0.75,17,2026-10-24
2026-10-24,wk inc flu hosp,0,39,quantile,0.8,18,2026-10-24
2026-10-24,wk inc flu hosp,0,39,quantile,0.85,20,2026-10-24
2026-10-24,wk inc flu hosp,0,39,quantile,0.9,21,2026-10-24
2026-10-24,wk inc flu hosp,0,39,quantile,0.95,24,2026-10-24
2026-10-24,wk inc flu hosp,0,39,quantile,0.975,27,2026-10-24
2026-10-24,wk inc flu hosp,0,39,quantile,0.99,29,2026-10-24
2026-10-24,wk inc flu hosp,0,40,quantile,0.01,2,2026-10-24
2026-10-24,wk inc flu hosp,0,40,quantile,0.025,2,2026-10-24
2026-10-24,wk inc flu hosp,0,40,quantile,0.05,3,2026-10-24
2026-10-24,wk inc flu hosp,0,40,quantile,0.1,4,2026-10-24
2026-10-24,wk inc flu hosp,0,40,quantile,0.15,5,2026-10-24
2026-10-24,wk inc flu hosp,0,40,quantile,0.2,6,2026-10-24
2026-10-24,wk inc flu hosp,0,40,quantile,0.25,7,2026-10-24
2026-10-24,wk inc flu hosp,0,40,quantile,0.3,7,2026-10-24
2026-10-24,wk inc flu hosp,0,40,quantile,0.35,8,2026-10-24
2026-10-24,wk inc flu hosp,0,40,quantile,0.4,8,2026-10-24
2026-10-24,wk inc flu hosp,0,40,quantile,0.45,9,2026-10-24
2026-10-24,wk inc flu hosp,0,40,quantile,0.5,9,2026-10-24
2026-10-24,wk inc flu hosp,0,40,quantile,0.55,10,2026-10-24
2026-10-24,wk inc flu hosp,0,40,quantile,0.6,11,2026-10-24
2026-10-24,wk inc flu hosp,0,40,quantile,0.65,12,2026-10-24
2026-10-24,wk inc flu hosp,0,40,quantile,0.7,13,2026-10-24
2026-10-24,wk inc flu hosp,0,40,quantile,0.75,13,2026-10-24
2026-10-24,wk inc flu hosp,0,40,quantile,0.8,15,2026-10-24
2026-10-24,wk inc flu hosp,0,40,quantile,0.85,16,2026-10-24
2026-10-24,wk inc flu hosp,0,40,quantile,0.9,18,2026-10-24
2026-10-24,wk inc flu hosp,0,40,quantile,0.95,23,2026-10-24
2026-10-24,wk inc flu hosp,0,40,quantile,0.975,26,2026-10-24
2026-10-24,wk inc flu hosp,0,40,quantile,0.99,28,2026-10-24
2026-10-24,wk inc flu hosp,0,41,quantile,0.01,0,2026-10-24
2026-10-24,wk inc flu hosp,0,41,quantile,0.025,0,2026-10-24
2026-10-24,wk inc flu hosp,0,41,quantile,0.05,1,2026-10-24
2026-10-24,wk inc flu hosp,0,41,quantile,0.1,1,2026-10-24
2026-10-24,wk inc flu hosp,0,41,quantile,0.15,2,2026-10-24
2026-10-24,wk inc flu hosp,0,41,quantile,0.2,3,2026-10-24
2026-10-24,wk inc flu hosp,0,41,quantile,0.25,3,2026-10-24
2026-10-24,wk inc flu hosp,0,41,quantile,0.3,3,2026-10-24
2026-10-24,wk inc flu hosp,0,41,quantile,0.35,4,2026-10-24
2026-10-24,wk inc flu hosp,0,41,quantile,0.4,5,2026-10-24
2026-10-24,wk inc flu hosp,0,41,quantile,0.45,5,2026-10-24
2026-10-24,wk inc flu hosp,0,41,quantile,0.5,5,2026-10-24
2026-10-24,wk inc flu hosp,0,41,quantile,0.55,6,2026-10-24
2026-10-24,wk inc flu hosp,0,41,quantile,0.6,6,2026-10-24
2026-10-24,wk inc flu hosp,0,41,quantile,0.65,6,2026-10-24
2026-10-24,wk inc flu hosp,0,41,quantile,0.7,7,2026-10-24
2026-10-24,wk inc flu hosp,0,41,quantile,0.75,8,2026-10-24
2026-10-24,wk inc flu hosp,0,41,quantile,0.8,8,2026-10-24
2026-10-24,wk inc flu hosp,0,41,quantile,0.85,9,2026-10-24
2026-10-24,wk inc flu hosp,0,41,quantile,0.9,10,2026-10-24
2026-10-24,wk inc flu hosp,0,41,quantile,0.95,12,2026-10-24
2026-10-24,wk inc flu hosp,0,41,quantile,0.975,15,2026-10-24
2026-10-24,wk inc flu hosp,0,41,quantile,0.99,17,2026-10-24
2026-10-24,wk inc flu hosp,0,42,quantile,0.01,26,2026-10-24
2026-10-24,wk inc flu hosp,0,42,quantile,0.025,30,2026-10-24
2026-10-24,wk inc flu hosp,0,42,quantile,0.05,37,2026-10-24
2026-10-24,wk inc flu hosp,0,42,quantile,0.1,40,2026-10-24
2026-10-24,wk inc flu hosp,0,42,quantile,0.15,42,2026-10-24
2026-10-24,wk inc flu hosp,0,42,quantile,0.2,44,2026-10-24
2026-10-24,wk inc flu hosp,0,42,quantile,0.25,45,2026-10-24
2026-10-24,wk inc flu hosp,0,42,quantile,0.3,48,2026-10-24
2026-10-24,wk inc flu hosp,0,42,quantile,0.35,50,2026-10-24
2026-10-24,wk inc flu hosp,0,42,quantile,0.4,52,2026-10-24
2026-10-24,wk inc flu hosp,0,42,quantile,0.45,53,2026-10-24
2026-10-24,wk inc flu hosp,0,42,quantile,0.5,54,2026-10-24
2026-10-24,wk inc flu hosp,0,42,quantile,0.55,56,2026-10-24
2026-10-24,wk inc flu hosp,0,42,quantile,0.6,57,2026-10-24
2026-10-24,wk inc flu hosp,0,42,quantile,0.65,59,2026-10-24
2026-10-24,wk inc flu hosp,0,42,quantile,0.7,62,2026-10-24
2026-10-24,wk inc flu hosp,0,42,quantile,0.75,64,2026-10-24
2026-10-24,wk inc flu hosp,0,42,quantile,0.8,67,2026-10-24
2026-10-24,wk inc flu hosp,0,42,quantile,0.85,70,2026-10-24
2026-10-24,wk inc flu hosp,0,42,quantile,0.9,75,2026-10-24
2026-10-24,wk inc flu hosp,0,42,quantile,0.95,87,2026-10-24
2026-10-24,wk inc flu hosp,0,42,quantile,0.975,94,2026-10-24
2026-10-24,wk inc flu hosp,0,42,quantile,0.99,106,2026-10-24
2026-10-24,wk inc flu hosp,0,44,quantile,0.01,0,2026-10-24
2026-10-24,wk inc flu hosp,0,44,quantile,0.025,0,2026-10-24
2026-10-24,wk inc flu hosp,0,44,quantile,0.05,0,2026-10-24
2026-10-24,wk inc flu hosp,0,44,quantile,0.1,0,2026-10-24
2026-10-24,wk inc flu hosp,0,44,quantile,0.15,0,2026-10-24
2026-10-24,wk inc flu hosp,0,44,quantile,0.2,0,2026-10-24
2026-10-24,wk inc flu hosp,0,44,quantile,0.25,0,2026-10-24
2026-10-24,wk inc flu hosp,0,44,quantile,0.3,0,2026-10-24
2026-10-24,wk inc flu hosp,0,44,quantile,0.35,0,2026-10-24
2026-10-24,wk inc flu hosp,0,44,quantile,0.4,0,2026-10-24
2026-10-24,wk inc flu hosp,0,44,quantile,0.45,1,2026-10-24
2026-10-24,wk inc flu hosp,0,44,quantile,0.5,1,2026-10-24
2026-10-24,wk inc flu hosp,0,44,quantile,0.55,1,2026-10-24
2026-10-24,wk inc flu hosp,0,44,quantile,0.6,1,2026-10-24
2026-10-24,wk inc flu hosp,0,44,quantile,0.65,1,2026-10-24
2026-10-24,wk inc flu hosp,0,44,quantile,0.7,2,2026-10-24
2026-10-24,wk inc flu hosp,0,44,quantile,0.75,2,2026-10-24
2026-10-24,wk inc flu hosp,0,44,quantile,0.8,2,2026-10-24
2026-10-24,wk inc flu hosp,0,44,quantile,0.85,3,2026-10-24
2026-10-24,wk inc flu hosp,0,44,quantile,0.9,4,2026-10-24
2026-10-24,wk inc flu hosp,0,44,quantile,0.95,5,2026-10-24
2026-10-24,wk inc flu hosp,0,44,quantile,0.975,6,2026-10-24
2026-10-24,wk inc flu hosp,0,44,quantile,0.99,8,2026-10-24
2026-10-24,wk inc flu hosp,0,45,quantile,0.01,0,2026-10-24
2026-10-24,wk inc flu hosp,0,45,quantile,0.025,1,2026-10-24
2026-10-24,wk inc flu hosp,0,45,quantile,0.05,1,2026-10-24
2026-10-24,wk inc flu hosp,0,45,quantile,0.1,2,2026-10-24
2026-10-24,wk inc flu hosp,0,45,quantile,0.15,3,2026-10-24
2026-10-24,wk inc flu hosp,0,45,quantile,0.2,4,2026-10-24
2026-10-24,wk inc flu hosp,0,45,quantile,0.25,5,2026-10-24
2026-10-24,wk inc flu hosp,0,45,quantile,0.3,5,2026-10-24
2026-10-24,wk inc flu hosp,0,45,quantile,0.35,6,2026-10-24
2026-10-24,wk inc flu hosp,0,45,quantile,0.4,6,2026-10-24
2026-10-24,wk inc flu hosp,0,45,quantile,0.45,7,2026-10-24
2026-10-24,wk inc flu hosp,0,45,quantile,0.5,7,2026-10-24
2026-10-24,wk inc flu hosp,0,45,quantile,0.55,8,2026-10-24
2026-10-24,wk inc flu hosp,0,45,quantile,0.6,9,2026-10-24
2026-10-24,wk inc flu hosp,0,45,quantile,0.65,10,2026-10-24
2026-10-24,wk inc flu hosp,0,45,quantile,0.7,10,2026-10-24
2026-10-24,wk inc flu hosp,0,45,quantile,0.75,11,2026-10-24
2026-10-24,wk inc flu hosp,0,45,quantile,0.8,13,2026-10-24
2026-10-24,wk inc flu hosp,0,45,quantile,0.85,14,2026-10-24
2026-10-24,wk inc flu hosp,0,45,quantile,0.9,16,2026-10-24
2026-10-24,wk inc flu hosp,0,45,quantile,0.95,19,2026-10-24
2026-10-24,wk inc flu hosp,0,45,quantile,0.975,20,2026-10-24
2026-10-24,wk inc flu hosp,0,45,quantile,0.99,27,2026-10-24
2026-10-24,wk inc flu hosp,0,46,quantile,0.01,0,2026-10-24
2026-10-24,wk inc flu hosp,0,46,quantile,0.025,0,2026-10-24
2026-10-24,wk inc flu hosp,0,46,quantile,0.05,0,2026-10-24
2026-10-24,wk inc flu hosp,0,46,quantile,0.1,0,2026-10-24
2026-10-24,wk inc flu hosp,0,46,quantile,0.15,1,2026-10-24
2026-10-24,wk inc flu hosp,0,46,quantile,0.2,1,2026-10-24
2026-10-24,wk inc flu hosp,0,46,quantile,0.25,1,2026-10-24
2026-10-24,wk inc flu hosp,0,46,quantile,0.3,2,2026-10-24
2026-10-24,wk inc flu hosp,0,46,quantile,0.35,2,2026-10-24
2026-10-24,wk inc flu hosp,0,46,quantile,0.4,2,2026-10-24
2026-10-24,wk inc flu hosp,0,46,quantile,0.45,3,2026-10-24
2026-10-24,wk inc flu hosp,0,46,quantile,0.5,3,2026-10-24
2026-10-24,wk inc flu hosp,0,46,quantile,0.55,3,2026-10-24
2026-10-24,wk inc flu hosp,0,46,quantile,0.6,4,2026-10-24
2026-10-24,wk inc flu hosp,0,46,quantile,0.65,4,2026-10-24
2026-10-24,wk inc flu hosp,0,46,quantile,0.7,4,2026-10-24
2026-10-24,wk inc flu hosp,0,46,quantile,0.75,5,2026-10-24
2026-10-24,wk inc flu hosp,0,46,quantile,0.8,6,2026-10-24
2026-10-24,wk inc flu hosp,0,46,quantile,0.85,6,2026-10-24
2026-10-24,wk inc flu hosp,0,46,quantile,0.9,8,2026-10-24
2026-10-24,wk inc flu hosp,0,46,quantile,0.95,9,2026-10-24
2026-10-24,wk inc flu hosp,0,46,quantile,0.975,10,2026-10-24
2026-10-24,wk inc flu hosp,0,46,quantile,0.99,13,2026-10-24
2026-10-24,wk inc flu hosp,0,47,quantile,0.01,9,2026-10-24
2026-10-24,wk inc flu hosp,0,47,quantile,0.025,10,2026-10-24
2026-10-24,wk inc flu hosp,0,47,quantile,0.05,11,2026-10-24
2026-10-24,wk inc flu hosp,0,47,quantile,0.1,14,2026-10-24
2026-10-24,wk inc flu hosp,0,47,quantile,0.15,16,2026-10-24
2026-10-24,wk inc flu hosp,0,47,quantile,0.2,17,2026-10-24
2026-10-24,wk inc flu hosp,0,47,quantile,0.25,18,2026-10-24
2026-10-24,wk inc flu hosp,0,47,quantile,0.3,19,2026-10-24
2026-10-24,wk inc flu hosp,0,47,quantile,0.35,20,2026-10-24
2026-10-24,wk inc flu hosp,0,47,quantile,0.4,20,2026-10-24
2026-10-24,wk inc flu hosp,0,47,quantile,0.45,22,2026-10-24
2026-10-24,wk inc flu hosp,0,47,quantile,0.5,22,2026-10-24
2026-10-24,wk inc flu hosp,0,47,quantile,0.55,23,2026-10-24
2026-10-24,wk inc flu hosp,0,47,quantile,0.6,24,2026-10-24
2026-10-24,wk inc flu hosp,0,47,quantile,0.65,25,2026-10-24
2026-10-24,wk inc flu hosp,0,47,quantile,0.7,26,2026-10-24
2026-10-24,wk inc flu hosp,0,47,quantile,0.75,27,2026-10-24
2026-10-24,wk inc flu hosp,0,47,quantile,0.8,29,2026-10-24
2026-10-24,wk inc flu hosp,0,47,quantile,0.85,31,2026-10-24
2026-10-24,wk inc flu hosp,0,47,quantile,0.9,33,2026-10-24
2026-10-24,wk inc flu hosp,0,47,quantile,0.95,36,2026-10-24
2026-10-24,wk inc flu hosp,0,47,quantile,0.975,42,2026-10-24
2026-10-24,wk inc flu hosp,0,47,quantile,0.99,45,2026-10-24
2026-10-24,wk inc flu hosp,0,48,quantile,0.01,57,2026-10-24
2026-10-24,wk inc flu hosp,0,48,quantile,0.025,61,2026-10-24
2026-10-24,wk inc flu hosp,0,48,quantile,0.05,73,2026-10-24
2026-10-24,wk inc flu hosp,0,48,quantile,0.1,80,2026-10-24
2026-10-24,wk inc flu hosp,0,48,quantile,0.15,86,2026-10-24
2026-10-24,wk inc flu hosp,0,48,quantile,0.2,91,2026-10-24
2026-10-24,wk inc flu hosp,0,48,quantile,0.25,97,2026-10-24
2026-10-24,wk inc flu hosp,0,48,quantile,0.3,101,2026-10-24
2026-10-24,wk inc flu hosp,0,48,quantile,0.35,106,2026-10-24
2026-10-24,wk inc flu hosp,0,48,quantile,0.4,108,2026-10-24
2026-10-24,wk inc flu hosp,0,48,quantile,0.45,110,2026-10-24
2026-10-24,wk inc flu hosp,0,48,quantile,0.5,116,2026-10-24
2026-10-24,wk inc flu hosp,0,48,quantile,0.55,119,2026-10-24
2026-10-24,wk inc flu hosp,0,48,quantile,0.6,123,2026-10-24
2026-10-24,wk inc flu hosp,0,48,quantile,0.65,127,2026-10-24
2026-10-24,wk inc flu hosp,0,48,quantile,0.7,131,2026-10-24
2026-10-24,wk inc flu hosp,0,48,quantile,0.75,139,2026-10-24
2026-10-24,wk inc flu hosp,0,48,quantile,0.8,145,2026-10-24
2026-10-24,wk inc flu hosp,0,48,quantile,0.85,152,2026-10-24
2026-10-24,wk inc flu hosp,0,48,quantile,0.9,161,2026-10-24
2026-10-24,wk inc flu hosp,0,48,quantile,0.95,180,2026-10-24
2026-10-24,wk inc flu hosp,0,48,quantile,0.975,204,2026-10-24
2026-10-24,wk inc flu hosp,0,48,quantile,0.99,211,2026-10-24
2026-10-24,wk inc flu hosp,0,49,quantile,0.01,0,2026-10-24
2026-10-24,wk inc flu hosp,0,49,quantile,0.025,0,2026-10-24
2026-10-24,wk inc flu hosp,0,49,quantile,0.05,0,2026-10-24
2026-10-24,wk inc flu hosp,0,49,quantile,0.1,1,2026-10-24
2026-10-24,wk inc flu hosp,0,49,quantile,0.15,2,2026-10-24
2026-10-24,wk inc flu hosp,0,49,quantile,0.2,2,2026-10-24
2026-10-24,wk inc flu hosp,0,49,quantile,0.25,2,2026-10-24
2026-10-24,wk inc flu hosp,0,49,quantile,0.3,2,2026-10-24
2026-10-24,wk inc flu hosp,0,49,quantile,0.35,3,2026-10-24
2026-10-24,wk inc flu hosp,0,49,quantile,0.4,3,2026-10-24
2026-10-24,wk inc flu hosp,0,49,quantile,0.45,4,2026-10-24
2026-10-24,wk inc flu hosp,0,49,quantile,0.5,4,2026-10-24
2026-10-24,wk inc flu hosp,0,49,quantile,0.55,4,2026-10-24
2026-10-24,wk inc flu hosp,0,49,quantile,0.6,4,2026-10-24
2026-10-24,wk inc flu hosp,0,49,quantile,0.65,5,2026-10-24
2026-10-24,wk inc flu hosp,0,49,quantile,0.7,5,2026-10-24
2026-10-24,wk inc flu hosp,0,49,quantile,0.75,6,2026-10-24
2026-10-24,wk inc flu hosp,0,49,quantile,0.8,6,2026-10-24
2026-10-24,wk inc flu hosp,0,49,quantile,0.85,7,2026-10-24
2026-10-24,wk inc flu hosp,0,49,quantile,0.9,8,2026-10-24
2026-10-24,wk inc flu hosp,0,49,quantile,0.95,10,2026-10-24
2026-10-24,wk inc flu hosp,0,49,quantile,0.975,11,2026-10-24
2026-10-24,wk inc flu hosp,0,49,quantile,0.99,12,2026-10-24
2026-10-24,wk inc flu hosp,0,50,quantile,0.01,0,2026-10-24
2026-10-24,wk inc flu hosp,0,50,quantile,0.025,0,2026-10-24
2026-10-24,wk inc flu hosp,0,50,quantile,0.05,0,2026-10-24
2026-10-24,wk inc flu hosp,0,50,quantile,0.1,0,2026-10-24
2026-10-24,wk inc flu hosp,0,50,quantile,0.15,0,2026-10-24
2026-10-24,wk inc flu hosp,0,50,quantile,0.2,1,2026-10-24
2026-10-24,wk inc flu hosp,0,50,quantile,0.25,1,2026-10-24
2026-10-24,wk inc flu hosp,0,50,quantile,0.3,1,2026-10-24
2026-10-24,wk inc flu hosp,0,50,quantile,0.35,2,2026-10-24
2026-10-24,wk inc flu hosp,0,50,quantile,0.4,2,2026-10-24
2026-10-24,wk inc flu hosp,0,50,quantile,0.45,2,2026-10-24
2026-10-24,wk inc flu hosp,0,50,quantile,0.5,3,2026-10-24
2026-10-24,wk inc flu hosp,0,50,quantile,0.55,3,2026-10-24
2026-10-24,wk inc flu hosp,0,50,quantile,0.6,3,2026-10-24
2026-10-24,wk inc flu hosp,0,50,quantile,0.65,3,2026-10-24
2026-10-24,wk inc flu hosp,0,50,quantile,0.7,4,2026-10-24
2026-10-24,wk inc flu hosp,0,50,quantile,0.75,4,2026-10-24
2026-10-24,wk inc flu hosp,0,50,quantile,0.8,5,2026-10-24
2026-10-24,wk inc flu hosp,0,50,quantile,0.85,5,2026-10-24
2026-10-24,wk inc flu hosp,0,50,quantile,0.9,6,2026-10-24
2026-10-24,wk inc flu hosp,0,50,quantile,0.95,8,2026-10-24
2026-10-24,wk inc flu hosp,0,50,quantile,0.975,9,2026-10-24
2026-10-24,wk inc flu hosp,0,50,quantile,0.99,10,2026-10-24
2026-10-24,wk inc flu hosp,0,51,quantile,0.01,9,2026-10-24
2026-10-24,wk inc flu hosp,0,51,quantile,0.025,10,2026-10-24
2026-10-24,wk inc flu hosp,0,51,quantile,0.05,12,2026-10-24
2026-10-24,wk inc flu hosp,0,51,quantile,0.1,15,2026-10-24
2026-10-24,wk inc flu hosp,0,51,quantile,0.15,16,2026-10-24
2026-10-24,wk inc flu hosp,0,51,quantile,0.2,18,2026-10-24
2026-10-24,wk inc flu hosp,0,51,quantile,0.25,18,2026-10-24
2026-10-24,wk inc flu hosp,0,51,quantile,0.3,19,2026-10-24
2026-10-24,wk inc flu hosp,0,51,quantile,0.35,20,2026-10-24
2026-10-24,wk inc flu hosp,0,51,quantile,0.4,21,2026-10-24
2026-10-24,wk inc flu hosp,0,51,quantile,0.45,22,2026-10-24
2026-10-24,wk inc flu hosp,0,51,quantile,0.5,23,2026-10-24
2026-10-24,wk inc flu hosp,0,51,quantile,0.55,24,2026-10-24
2026-10-24,wk inc flu hosp,0,51,quantile,0.6,25,2026-10-24
2026-10-24,wk inc flu hosp,0,51,quantile,0.65,26,2026-10-24
2026-10-24,wk inc flu hosp,0,51,quantile,0.7,26,2026-10-24
2026-10-24,wk inc flu hosp,0,51,quantile,0.75,28,2026-10-24
2026-10-24,wk inc flu hosp,0,51,quantile,0.8,29,2026-10-24
2026-10-24,wk inc flu hosp,0,51,quantile,0.85,32,2026-10-24
2026-10-24,wk inc flu hosp,0,51,quantile,0.9,34,2026-10-24
2026-10-24,wk inc flu hosp,0,51,quantile,0.95,40,2026-10-24
2026-10-24,wk inc flu hosp,0,51,quantile,0.975,42,2026-10-24
2026-10-24,wk inc flu hosp,0,51,quantile,0.99,43,2026-10-24
2026-10-24,wk inc flu hosp,0,53,quantile,0.01,0,2026-10-24
2026-10-24,wk inc flu hosp,0,53,quantile,0.025,0,2026-10-24
2026-10-24,wk inc flu hosp,0,53,quantile,0.05,1,2026-10-24
2026-10-24,wk inc flu hosp,0,53,quantile,0.1,2,2026-10-24
2026-10-24,wk inc flu hosp,0,53,quantile,0.15,3,2026-10-24
2026-10-24,wk inc flu hosp,0,53,quantile,0.2,3,2026-10-24
2026-10-24,wk inc flu hosp,0,53,quantile,0.25,4,2026-10-24
2026-10-24,wk inc flu hosp,0,53,quantile,0.3,5,2026-10-24
2026-10-24,wk inc flu hosp,0,53,quantile,0.35,5,2026-10-24
2026-10-24,wk inc flu hosp,0,53,quantile,0.4,6,2026-10-24
2026-10-24,wk inc flu hosp,0,53,quantile,0.45,6,2026-10-24
2026-10-24,wk inc flu hosp,0,53,quantile,0.5,7,2026-10-24
2026-10-24,wk inc flu hosp,0,53,quantile,0.55,8,2026-10-24
2026-10-24,wk inc flu hosp,0,53,quantile,0.6,9,2026-10-24
2026-10-24,wk inc flu hosp,0,53,quantile,0.65,9,2026-10-24
2026-10-24,wk inc flu hosp,0,53,quantile,0.7,10,2026-10-24
2026-10-24,wk inc flu hosp,0,53,quantile,0.75,10,2026-10-24
2026-10-24,wk inc flu hosp,0,53,quantile,0.8,11,2026-10-24
2026-10-24,wk inc flu hosp,0,53,quantile,0.85,12,2026-10-24
2026-10-24,wk inc flu hosp,0,53,quantile,0.9,13,2026-10-24
2026-10-24,wk inc flu hosp,0,53,quantile,0.95,16,2026-10-24
2026-10-24,wk inc flu hosp,0,53,quantile,0.975,18,2026-10-24
2026-10-24,wk inc flu hosp,0,53,quantile,0.99,23,2026-10-24
2026-10-24,wk inc flu hosp,0,54,quantile,0.01,0,2026-10-24
2026-10-24,wk inc flu hosp,0,54,quantile,0.025,0,2026-10-24
2026-10-24,wk inc flu hosp,0,54,quantile,0.05,0,2026-10-24
2026-10-24,wk inc flu hosp,0,54,quantile,0.1,0,2026-10-24
2026-10-24,wk inc flu hosp,0,54,quantile,0.15,0,2026-10-24
2026-10-24,wk inc flu hosp,0,54,quantile,0.2,0,2026-10-24
2026-10-24,wk inc flu hosp,0,54,quantile,0.25,0,2026-10-24
2026-10-24,wk inc flu hosp,0,54,quantile,0.3,0,2026-10-24
2026-10-24,wk inc flu hosp,0,54,quantile,0.35,0,2026-10-24
2026-10-24,wk inc flu hosp,0,54,quantile,0.4,0,2026-10-24
2026-10-24,wk inc flu hosp,0,54,quantile,0.45,1,2026-10-24
2026-10-24,wk inc flu hosp,0,54,quantile,0.5,1,2026-10-24
2026-10-24,wk inc flu hosp,0,54,quantile,0.55,1,2026-10-24
2026-10-24,wk inc flu hosp,0,54,quantile,0.6,1,2026-10-24
2026-10-24,wk inc flu hosp,0,54,quantile,0.65,2,2026-10-24
2026-10-24,wk inc flu hosp,0,54,quantile,0.7,2,2026-10-24
2026-10-24,wk inc flu hosp,0,54,quantile,0.75,2,2026-10-24
2026-10-24,wk inc flu hosp,0,54,quantile,0.8,2,2026-10-24
2026-10-24,wk inc flu hosp,0,54,quantile,0.85,3,2026-10-24
2026-10-24,wk inc flu hosp,0,54,quantile,0.9,4,2026-10-24
2026-10-24,wk inc flu hosp,0,54,quantile,0.95,5,2026-10-24
2026-10-24,wk inc flu hosp,0,54,quantile,0.975,6,2026-10-24
2026-10-24,wk inc flu hosp,0,54,quantile,0.99,8,2026-10-24
2026-10-24,wk inc flu hosp,0,55,quantile,0.01,1,2026-10-24
2026-10-24,wk inc flu hosp,0,55,quantile,0.025,1,2026-10-24
2026-10-24,wk inc flu hosp,0,55,quantile,0.05,2,2026-10-24
2026-10-24,wk inc flu hosp,0,55,quantile,0.1,4,2026-10-24
2026-10-24,wk inc flu hosp,0,55,quantile,0.15,4,2026-10-24
2026-10-24,wk inc flu hosp,0,55,quantile,0.2,5,2026-10-24
2026-10-24,wk inc flu hosp,0,55,quantile,0.25,6,2026-10-24
2026-10-24,wk inc flu hosp,0,55,quantile,0.3,6,2026-10-24
2026-10-24,wk inc flu hosp,0,55,quantile,0.35,7,2026-10-24
2026-10-24,wk inc flu hosp,0,55,quantile,0.4,7,2026-10-24
2026-10-24,wk inc flu hosp,0,55,quantile,0.45,7,2026-10-24
2026-10-24,wk inc flu hosp,0,55,quantile,0.5,8,2026-10-24
2026-10-24,wk inc flu hosp,0,55,quantile,0.55,8,2026-10-24
2026-10-24,wk inc flu hosp,0,55,quantile,0.6,9,2026-10-24
2026-10-24,wk inc flu hosp,0,55,quantile,0.65,9,2026-10-24
2026-10-24,wk inc flu hosp,0,55,quantile,0.7,10,2026-10-24
2026-10-24,wk inc flu hosp,0,55,quantile,0.75,11,2026-10-24
2026-10-24,wk inc flu hosp,0,55,quantile,0.8,11,2026-10-24
2026-10-24,wk inc flu hosp,0,55,quantile,0.85,12,2026-10-24
2026-10-24,wk inc flu hosp,0,55,quantile,0.9,13,2026-10-24
2026-10-24,wk inc flu hosp,0,55,quantile,0.95,14,2026-10-24
2026-10-24,wk inc flu hosp,0,55,quantile,0.975,16,2026-10-24
2026-10-24,wk inc flu hosp,0,55,quantile,0.99,16,2026-10-24
2026-10-24,wk inc flu hosp,0,56,quantile,0.01,0,2026-10-24
2026-10-24,wk inc flu hosp,0,56,quantile,0.025,0,2026-10-24
2026-10-24,wk inc flu hosp,0,56,quantile,0.05,1,2026-10-24
2026-10-24,wk inc flu hosp,0,56,quantile,0.1,2,2026-10-24
2026-10-24,wk inc flu hosp,0,56,quantile,0.15,2,2026-10-24
2026-10-24,wk inc flu hosp,0,56,quantile,0.2,3,2026-10-24
2026-10-24,wk inc flu hosp,0,56,quantile,0.25,3,2026-10-24
2026-10-24,wk inc flu hosp,0,56,quantile,0.3,4,2026-10-24
2026-10-24,wk inc flu hosp,0,56,quantile,0.35,4,2026-10-24
2026-10-24,wk inc flu hosp,0,56,quantile,0.4,5,2026-10-24
2026-10-24,wk inc flu hosp,0,56,quantile,0.45,5,2026-10-24
2026-10-24,wk inc flu hosp,0,56,quantile,0.5,6,2026-10-24
2026-10-24,wk inc flu hosp,0,56,quantile,0.55,6,2026-10-24
2026-10-24,wk inc flu hosp,0,56,quantile,0.6,7,2026-10-24
2026-10-24,wk inc flu hosp,0,56,quantile,0.65,8,2026-10-24
2026-10-24,wk inc flu hosp,0,56,quantile,0.7,9,2026-10-24
2026-10-24,wk inc flu hosp,0,56,quantile,0.75,9,2026-10-24
2026-10-24,wk inc flu hosp,0,56,quantile,0.8,10,2026-10-24
2026-10-24,wk inc flu hosp,0,56,quantile,0.85,11,2026-10-24
2026-10-24,wk inc flu hosp,0,56,quantile,0.9,12,2026-10-24
2026-10-24,wk inc flu hosp,0,56,quantile,0.95,15,2026-10-24
2026-10-24,wk inc flu hosp,0,56,quantile,0.975,16,2026-10-24
2026-10-24,wk inc flu hosp,0,56,quantile,0.99,18,2026-10-24
2026-10-24,wk inc flu hosp,0,72,quantile,0.01,15,2026-10-24
2026-10-24,wk inc flu hosp,0,72,quantile,0.025,17,2026-10-24
2026-10-24,wk inc flu hosp,0,72,quantile,0.05,19,2026-10-24
2026-10-24,wk inc flu hosp,0,72,quantile,0.1,22,2026-10-24
2026-10-24,wk inc flu hosp,0,72,quantile,0.15,23,2026-10-24
2026-10-24,wk inc flu hosp,0,72,quantile,0.2,26,2026-10-24
2026-10-24,wk inc flu hosp,0,72,quantile,0.25,29,2026-10-24
2026-10-24,wk inc flu hosp,0,72,quantile,0.3,31,2026-10-24
2026-10-24,wk inc flu hosp,0,72,quantile,0.35,33,2026-10-24
2026-10-24,wk inc flu hosp,0,72,quantile,0.4,35,2026-10-24
2026-10-24,wk inc flu hosp,0,72,quantile,0.45,37,2026-10-24
2026-10-24,wk inc flu hosp,0,72,quantile,0.5,39,2026-10-24
2026-10-24,wk inc flu hosp,0,72,quantile,0.55,40,2026-10-24
2026-10-24,wk inc flu hosp,0,72,quantile,0.6,42,2026-10-24
2026-10-24,wk inc flu hosp,0,72,quantile,0.65,45,2026-10-24
2026-10-24,wk inc flu hosp,0,72,quantile,0.7,48,2026-10-24
2026-10-24,wk inc flu hosp,0,72,quantile,0.75,52,2026-10-24
2026-10-24,wk inc flu hosp,0,72,quantile,0.8,55,2026-10-24
2026-10-24,wk inc flu hosp,0,72,quantile,0.85,60,2026-10-24
2026-10-24,wk inc flu hosp,0,72,quantile,0.9,66,2026-10-24
2026-10-24,wk inc flu hosp,0,72,quantile,0.95,78,2026-10-24
2026-10-24,wk inc flu hosp,0,72,quantile,0.975,97,2026-10-24
2026-10-24,wk inc flu hosp,0,72,quantile,0.99,103,2026-10-24
2026-10-24,wk inc flu hosp,0,USA,quantile,0.01,765,2026-10-24
2026-10-24,wk inc flu hosp,0,USA,quantile,0.025,786,2026-10-24
2026-10-24,wk inc flu hosp,0,USA,quantile,0.05,791,2026-10-24
2026-10-24,wk inc flu hosp,0,USA,quantile,0.1,822,2026-10-24
2026-10-24,wk inc flu hosp,0,USA,quantile,0.15,844,2026-10-24
2026-10-24,wk inc flu hosp,0,USA,quantile,0.2,863,2026-10-24
2026-10-24,wk inc flu hosp,0,USA,quantile,0.25,874,2026-10-24
2026-10-24,wk inc flu hosp,0,USA,quantile,0.3,883,2026-10-24
2026-10-24,wk inc flu hosp,0,USA,quantile,0.35,892,2026-10-24
2026-10-24,wk inc flu hosp,0,USA,quantile,0.4,907,2026-10-24
2026-10-24,wk inc flu hosp,0,USA,quantile,0.45,915,2026-10-24
2026-10-24,wk inc flu hosp,0,USA,quantile,0.5,924,2026-10-24
2026-10-24,wk inc flu hosp,0,USA,quantile,0.55,938,2026-10-24
2026-10-24,wk inc flu hosp,0,USA,quantile,0.6,944,2026-10-24
2026-10-24,wk inc flu hosp,0,USA,quantile,0.65,949,2026-10-24
2026-10-24,wk inc flu hosp,0,USA,quantile,0.7,965,2026-10-24
2026-10-24,wk inc flu hosp,0,USA,quantile,0.75,979,2026-10-24
2026-10-24,wk inc flu hosp,0,USA,quantile,0.8,994,2026-10-24
2026-10-24,wk inc flu hosp,0,USA,quantile,0.85,1006,2026-10-24
2026-10-24,wk inc flu hosp,0,USA,quantile,0.9,1034,2026-10-24
2026-10-24,wk inc flu hosp,0,USA,quantile,0.95,1063,2026-10-24
2026-10-24,wk inc flu hosp,0,USA,quantile,0.975,1114,2026-10-24
2026-10-24,wk inc flu hosp,0,USA,quantile,0.99,1140,2026-10-24
2026-10-24,wk inc flu hosp,1,01,quantile,0.01,2,2026-10-31
2026-10-24,wk inc flu hosp,1,01,quantile,0.025,2,2026-10-31
2026-10-24,wk inc flu hosp,1,01,quantile,0.05,4,2026-10-31
2026-10-24,wk inc flu hosp,1,01,quantile,0.1,6,2026-10-31
2026-10-24,wk inc flu hosp,1,01,quantile,0.15,8,2026-10-31
2026-10-24,wk inc flu hosp,1,01,quantile,0.2,10,2026-10-31
2026-10-24,wk inc flu hosp,1,01,quantile,0.25,11,2026-10-31
2026-10-24,wk inc flu hosp,1,01,quantile,0.3,12,2026-10-31
2026-10-24,wk inc flu hosp,1,01,quantile,0.35,13,2026-10-31
2026-10-24,wk inc flu hosp,1,01,quantile,0.4,14,2026-10-31
2026-10-24,wk inc flu hosp,1,01,quantile,0.45,15,2026-10-31
2026-10-24,wk inc flu hosp,1,01,quantile,0.5,16,2026-10-31
2026-10-24,wk inc flu hosp,1,01,quantile,0.55,17,2026-10-31
2026-10-24,wk inc flu hosp,1,01,quantile,0.6,19,2026-10-31
2026-10-24,wk inc flu hosp,1,01,quantile,0.65,20,2026-10-31
2026-10-24,wk inc flu hosp,1,01,quantile,0.7,21,2026-10-31
2026-10-24,wk inc flu hosp,1,01,quantile,0.75,23,2026-10-31
2026-10-24,wk inc flu hosp,1,01,quantile,0.8,26,2026-10-31
2026-10-24,wk inc flu hosp,1,01,quantile,0.85,28,2026-10-31
2026-10-24,wk inc flu hosp,1,01,quantile,0.9,33,2026-10-31
2026-10-24,wk inc flu hosp,1,01,quantile,0.95,36,2026-10-31
2026-10-24,wk inc flu hosp,1,01,quantile,0.975,38,2026-10-31
2026-10-24,wk inc flu hosp,1,01,quantile,0.99,40,2026-10-31
2026-10-24,wk inc flu hosp,1,02,quantile,0.01,0,2026-10-31
2026-10-24,wk inc flu hosp,1,02,quantile,0.025,0,2026-10-31
2026-10-24,wk inc flu hosp,1,02,quantile,0.05,0,2026-10-31
2026-10-24,wk inc flu hosp,1,02,quantile,0.1,2,2026-10-31
2026-10-24,wk inc flu hosp,1,02,quantile,0.15,3,2026-10-31
2026-10-24,wk inc flu hosp,1,02,quantile,0.2,4,2026-10-31
2026-10-24,wk inc flu hosp,1,02,quantile,0.25,5,2026-10-31
2026-10-24,wk inc flu hosp,1,02,quantile,0.3,7,2026-10-31
2026-10-24,wk inc flu hosp,1,02,quantile,0.35,8,2026-10-31
2026-10-24,wk inc flu hosp,1,02,quantile,0.4,9,2026-10-31
2026-10-24,wk inc flu hosp,1,02,quantile,0.45,10,2026-10-31
2026-10-24,wk inc flu hosp,1,02,quantile,0.5,10,2026-10-31
2026-10-24,wk inc flu hosp,1,02,quantile,0.55,12,2026-10-31
2026-10-24,wk inc flu hosp,1,02,quantile,0.6,13,2026-10-31
2026-10-24,wk inc flu hosp,1,02,quantile,0.65,15,2026-10-31
2026-10-24,wk inc flu hosp,1,02,quantile,0.7,15,2026-10-31
2026-10-24,wk inc flu hosp,1,02,quantile,0.75,17,2026-10-31
2026-10-24,wk inc flu hosp,1,02,quantile,0.8,18,2026-10-31
2026-10-24,wk inc flu hosp,1,02,quantile,0.85,20,2026-10-31
2026-10-24,wk inc flu hosp,1,02,quantile,0.9,25,2026-10-31
2026-10-24,wk inc flu hosp,1,02,quantile,0.95,30,2026-10-31
2026-10-24,wk inc flu hosp,1,02,quantile,0.975,33,2026-10-31
2026-10-24,wk inc flu hosp,1,02,quantile,0.99,36,2026-10-31
2026-10-24,wk inc flu hosp,1,04,quantile,0.01,12,2026-10-31
2026-10-24,wk inc flu hosp,1,04,quantile,0.025,13,2026-10-31
2026-10-24,wk inc flu hosp,1,04,quantile,0.05,15,2026-10-31
2026-10-24,wk inc flu hosp,1,04,quantile,0.1,18,2026-10-31
2026-10-24,wk inc flu hosp,1,04,quantile,0.15,21,2026-10-31
2026-10-24,wk inc flu hosp,1,04,quantile,0.2,23,2026-10-31
2026-10-24,wk inc flu hosp,1,04,quantile,0.25,25,2026-10-31
2026-10-24,wk inc flu hosp,1,04,quantile,0.3,27,2026-10-31
2026-10-24,wk inc flu hosp,1,04,quantile,0.35,29,2026-10-31
2026-10-24,wk inc flu hosp,1,04,quantile,0.4,30,2026-10-31
2026-10-24,wk inc flu hosp,1,04,quantile,0.45,31,2026-10-31
2026-10-24,wk inc flu hosp,1,04,quantile,0.5,32,2026-10-31
2026-10-24,wk inc flu hosp,1,04,quantile,0.55,33,2026-10-31
2026-10-24,wk inc flu hosp,1,04,quantile,0.6,34,2026-10-31
2026-10-24,wk inc flu hosp,1,04,quantile,0.65,37,2026-10-31
2026-10-24,wk inc flu hosp,1,04,quantile,0.7,40,2026-10-31
2026-10-24,wk inc flu hosp,1,04,quantile,0.75,41,2026-10-31
2026-10-24,wk inc flu hosp,1,04,quantile,0.8,43,2026-10-31
2026-10-24,wk inc flu hosp,1,04,quantile,0.85,46,2026-10-31
2026-10-24,wk inc flu hosp,1,04,quantile,0.9,51,2026-10-31
2026-10-24,wk inc flu hosp,1,04,quantile,0.95,58,2026-10-31
2026-10-24,wk inc flu hosp,1,04,quantile,0.975,69,2026-10-31
2026-10-24,wk inc flu hosp,1,04,quantile,0.99,83,2026-10-31
2026-10-24,wk inc flu hosp,1,05,quantile,0.01,0,2026-10-31
2026-10-24,wk inc flu hosp,1,05,quantile,0.025,0,2026-10-31
2026-10-24,wk inc flu hosp,1,05,quantile,0.05,0,2026-10-31
2026-10-24,wk inc flu hosp,1,05,quantile,0.1,1,2026-10-31
2026-10-24,wk inc flu hosp,1,05,quantile,0.15,1,2026-10-31
2026-10-24,wk inc flu hosp,1,05,quantile,0.2,2,2026-10-31
2026-10-24,wk inc flu hosp,1,05,quantile,0.25,3,2026-10-31
2026-10-24,wk inc flu hosp,1,05,quantile,0.3,4,2026-10-31
2026-10-24,wk inc flu hosp,1,05,quantile,0.35,4,2026-10-31
2026-10-24,wk inc flu hosp,1,05,quantile,0.4,5,2026-10-31
2026-10-24,wk inc flu hosp,1,05,quantile,0.45,5,2026-10-31
2026-10-24,wk inc flu hosp,1,05,quantile,0.5,6,2026-10-31
2026-10-24,wk inc flu hosp,1,05,quantile,0.55,6,2026-10-31
2026-10-24,wk inc flu hosp,1,05,quantile,0.6,8,2026-10-31
2026-10-24,wk inc flu hosp,1,05,quantile,0.65,8,2026-10-31
2026-10-24,wk inc flu hosp,1,05,quantile,0.7,10,2026-10-31
2026-10-24,wk inc flu hosp,1,05,quantile,0.75,12,2026-10-31
2026-10-24,wk inc flu hosp,1,05,quantile,0.8,13,2026-10-31
2026-10-24,wk inc flu hosp,1,05,quantile,0.85,14,2026-10-31
2026-10-24,wk inc flu hosp,1,05,quantile,0.9,17,2026-10-31
2026-10-24,wk inc flu hosp,1,05,quantile,0.95,19,2026-10-31
2026-10-24,wk inc flu hosp,1,05,quantile,0.975,23,2026-10-31
2026-10-24,wk inc flu hosp,1,05,quantile,0.99,31,2026-10-31
2026-10-24,wk inc flu hosp,1,06,quantile,0.01,38,2026-10-31
2026-10-24,wk inc flu hosp,1,06,quantile,0.025,42,2026-10-31
2026-10-24,wk inc flu hosp,1,06,quantile,0.05,48,2026-10-31
2026-10-24,wk inc flu hosp,1,06,quantile,0.1,56,2026-10-31
2026-10-24,wk inc flu hosp,1,06,quantile,0.15,60,2026-10-31
2026-10-24,wk inc flu hosp,1,06,quantile,0.2,66,2026-10-31
2026-10-24,wk inc flu hosp,1,06,quantile,0.25,69,2026-10-31
2026-10-24,wk inc flu hosp,1,06,quantile,0.3,71,2026-10-31
2026-10-24,wk inc flu hosp,1,06,quantile,0.35,75,2026-10-31
2026-10-24,wk inc flu hosp,1,06,quantile,0.4,79,2026-10-31
2026-10-24,wk inc flu hosp,1,06,quantile,0.45,82,2026-10-31
2026-10-24,wk inc flu hosp,1,06,quantile,0.5,84,2026-10-31
2026-10-24,wk inc flu hosp,1,06,quantile,0.55,88,2026-10-31
2026-10-24,wk inc flu hosp,1,06,quantile,0.6,90,2026-10-31
2026-10-24,wk inc flu hosp,1,06,quantile,0.65,95,2026-10-31
2026-10-24,wk inc flu hosp,1,06,quantile,0.7,99,2026-10-31
2026-10-24,wk inc flu hosp,1,06,quantile,0.75,101,2026-10-31
2026-10-24,wk inc flu hosp,1,06,quantile,0.8,107,2026-10-31
2026-10-24,wk inc flu hosp,1,06,quantile,0.85,111,2026-10-31
2026-10-24,wk inc flu hosp,1,06,quantile,0.9,118,2026-10-31
2026-10-24,wk inc flu hosp,1,06,quantile,0.95,131,2026-10-31
2026-10-24,wk inc flu hosp,1,06,quantile,0.975,143,2026-10-31
2026-10-24,wk inc flu hosp,1,06,quantile,0.99,161,2026-10-31
2026-10-24,wk inc flu hosp,1,08,quantile,0.01,2,2026-10-31
2026-10-24,wk inc flu hosp,1,08,quantile,0.025,3,2026-10-31
2026-10-24,wk inc flu hosp,1,08,quantile,0.05,4,2026-10-31
2026-10-24,wk inc flu hosp,1,08,quantile,0.1,6,2026-10-31
2026-10-24,wk inc flu hosp,1,08,quantile,0.15,7,2026-10-31
2026-10-24,wk inc flu hosp,1,08,quantile,0.2,8,2026-10-31
2026-10-24,wk inc flu hosp,1,08,quantile,0.25,9,2026-10-31
2026-10-24,wk inc flu hosp,1,08,quantile,0.3,9,2026-10-31
2026-10-24,wk inc flu hosp,1,08,quantile,0.35,10,2026-10-31
2026-10-24,wk inc flu hosp,1,08,quantile,0.4,11,2026-10-31
2026-10-24,wk inc flu hosp,1,08,quantile,0.45,12,2026-10-31
2026-10-24,wk inc flu hosp,1,08,quantile,0.5,13,2026-10-31
2026-10-24,wk inc flu hosp,1,08,quantile,0.55,13,2026-10-31
2026-10-24,wk inc flu hosp,1,08,quantile,0.6,14,2026-10-31
2026-10-24,wk inc flu hosp,1,08,quantile,0.65,15,2026-10-31
2026-10-24,wk inc flu hosp,1,08,quantile,0.7,15,2026-10-31
2026-10-24,wk inc flu hosp,1,08,quantile,0.75,17,2026-10-31
2026-10-24,wk inc flu hosp,1,08,quantile,0.8,18,2026-10-31
2026-10-24,wk inc flu hosp,1,08,quantile,0.85,20,2026-10-31
2026-10-24,wk inc flu hosp,1,08,quantile,0.9,22,2026-10-31
2026-10-24,wk inc flu hosp,1,08,quantile,0.95,24,2026-10-31
2026-10-24,wk inc flu hosp,1,08,quantile,0.975,26,2026-10-31
2026-10-24,wk inc flu hosp,1,08,quantile,0.99,31,2026-10-31
2026-10-24,wk inc flu hosp,1,09,quantile,0.01,1,2026-10-31
2026-10-24,wk inc flu hosp,1,09,quantile,0.025,1,2026-10-31
2026-10-24,wk inc flu hosp,1,09,quantile,0.05,2,2026-10-31
2026-10-24,wk inc flu hosp,1,09,quantile,0.1,3,2026-10-31
2026-10-24,wk inc flu hosp,1,09,quantile,0.15,4,2026-10-31
2026-10-24,wk inc flu hosp,1,09,quantile,0.2,4,2026-10-31
2026-10-24,wk inc flu hosp,1,09,quantile,0.25,6,2026-10-31
2026-10-24,wk inc flu hosp,1,09,quantile,0.3,6,2026-10-31
2026-10-24,wk inc flu hosp,1,09,quantile,0.35,7,2026-10-31
2026-10-24,wk inc flu hosp,1,09,quantile,0.4,8,2026-10-31
2026-10-24,wk inc flu hosp,1,09,quantile,0.45,8,2026-10-31
2026-10-24,wk inc flu hosp,1,09,quantile,0.5,8,2026-10-31
2026-10-24,wk inc flu hosp,1,09,quantile,0.55,9,2026-10-31
2026-10-24,wk inc flu hosp,1,09,quantile,0.6,10,2026-10-31
2026-10-24,wk inc flu hosp,1,09,quantile,0.65,11,2026-10-31
2026-10-24,wk inc flu hosp,1,09,quantile,0.7,12,2026-10-31
2026-10-24,wk inc flu hosp,1,09,quantile,0.75,13,2026-10-31
2026-10-24,wk inc flu hosp,1,09,quantile,0.8,13,2026-10-31
2026-10-24,wk inc flu hosp,1,09,quantile,0.85,15,2026-10-31
2026-10-24,wk inc flu hosp,1,09,quantile,0.9,17,2026-10-31
2026-10-24,wk inc flu hosp,1,09,quantile,0.95,20,2026-10-31
2026-10-24,wk inc flu hosp,1,09,quantile,0.975,22,2026-10-31
2026-10-24,wk inc flu hosp,1,09,quantile,0.99,26,2026-10-31
2026-10-24,wk inc flu hosp,1,10,quantile,0.01,0,2026-10-31
2026-10-24,wk inc flu hosp,1,10,quantile,0.025,0,2026-10-31
2026-10-24,wk inc flu hosp,1,10,quantile,0.05,0,2026-10-31
2026-10-24,wk inc flu hosp,1,10,quantile,0.1,0,2026-10-31
2026-10-24,wk inc flu hosp,1,10,quantile,0.15,0,2026-10-31
2026-10-24,wk inc flu hosp,1,10,quantile,0.2,0,2026-10-31
2026-10-24,wk inc flu hosp,1,10,quantile,0.25,0,2026-10-31
2026-10-24,wk inc flu hosp,1,10,quantile,0.3,0,2026-10-31
2026-10-24,wk inc flu hosp,1,10,quantile,0.35,0,2026-10-31
2026-10-24,wk inc flu hosp,1,10,quantile,0.4,0,2026-10-31
2026-10-24,wk inc flu hosp,1,10,quantile,0.45,0,2026-10-31
2026-10-24,wk inc flu hosp,1,10,quantile,0.5,0,2026-10-31
2026-10-24,wk inc flu hosp,1,10,quantile,0.55,0,2026-10-31
2026-10-24,wk inc flu hosp,1,10,quantile,0.6,0,2026-10-31
2026-10-24,wk inc flu hosp,1,10,quantile,0.65,0,2026-10-31
2026-10-24,wk inc flu hosp,1,10,quantile,0.7,1,2026-10-31
2026-10-24,wk inc flu hosp,1,10,quantile,0.75,1,2026-10-31
2026-10-24,wk inc flu hosp,1,10,quantile,0.8,2,2026-10-31
2026-10-24,wk inc flu hosp,1,10,quantile,0.85,2,2026-10-31
2026-10-24,wk inc flu hosp,1,10,quantile,0.9,3,2026-10-31
2026-10-24,wk inc flu hosp,1,10,quantile,0.95,5,2026-10-31
2026-10-24,wk inc flu hosp,1,10,quantile,0.975,6,2026-10-31
2026-10-24,wk inc flu hosp,1,10,quantile,0.99,6,2026-10-31
2026-10-24,wk inc flu hosp,1,11,quantile,0.01,0,2026-10-31
2026-10-24,wk inc flu hosp,1,11,quantile,0.025,0,2026-10-31
2026-10-24,wk inc flu hosp,1,11,quantile,0.05,0,2026-10-31
2026-10-24,wk inc flu hosp,1,11,quantile,0.1,0,2026-10-31
2026-10-24,wk inc flu hosp,1,11,quantile,0.15,0,2026-10-31
2026-10-24,wk inc flu hosp,1,11,quantile,0.2,0,2026-10-31
2026-10-24,wk inc flu hosp,1,11,quantile,0.25,0,2026-10-31
2026-10-24,wk inc flu hosp,1,11,quantile,0.3,0,2026-10-31
2026-10-24,wk inc flu hosp,1,11,quantile,0.35,0,2026-10-31
2026-10-24,wk inc flu hosp,1,11,quantile,0.4,0,2026-10-31
2026-10-24,wk inc flu hosp,1,11,quantile,0.45,0,2026-10-31
2026-10-24,wk inc flu hosp,1,11,quantile,0.5,1,2026-10-31
2026-10-24,wk inc flu hosp,1,11,quantile,0.55,1,2026-10-31
2026-10-24,wk inc flu hosp,1,11,quantile,0.6,1,2026-10-31
2026-10-24,wk inc flu hosp,1,11,quantile,0.65,2,2026-10-31
2026-10-24,wk inc flu hosp,1,11,quantile,0.7,2,2026-10-31
2026-10-24,wk inc flu hosp,1,11,quantile,0.75,3,2026-10-31
2026-10-24,wk inc flu hosp,1,11,quantile,0.8,4,2026-10-31
2026-10-24,wk inc flu hosp,1,11,quantile,0.85,5,2026-10-31
2026-10-24,wk inc flu hosp,1,11,quantile,0.9,6,2026-10-31
2026-10-24,wk inc flu hosp,1,11,quantile,0.95,8,2026-10-31
2026-10-24,wk inc flu hosp,1,11,quantile,0.975,10,2026-10-31
2026-10-24,wk inc flu hosp,1,11,quantile,0.99,14,2026-10-31
2026-10-24,wk inc flu hosp,1,12,quantile,0.01,100,2026-10-31
2026-10-24,wk inc flu hosp,1,12,quantile,0.025,112,2026-10-31
2026-10-24,wk inc flu hosp,1,12,quantile,0.05,118,2026-10-31
2026-10-24,wk inc flu hosp,1,12,quantile,0.1,128,2026-10-31
2026-10-24,wk inc flu hosp,1,12,quantile,0.15,138,2026-10-31
2026-10-24,wk inc flu hosp,1,12,quantile,0.2,150,2026-10-31
2026-10-24,wk inc flu hosp,1,12,quantile,0.25,153,2026-10-31
2026-10-24,wk inc flu hosp,1,12,quantile,0.3,163,2026-10-31
2026-10-24,wk inc flu hosp,1,12,quantile,0.35,171,2026-10-31
2026-10-24,wk inc flu hosp,1,12,quantile,0.4,175,2026-10-31
2026-10-24,wk inc flu hosp,1,12,quantile,0.45,186,2026-10-31
2026-10-24,wk inc flu hosp,1,12,quantile,0.5,194,2026-10-31
2026-10-24,wk inc flu hosp,1,12,quantile,0.55,201,2026-10-31
2026-10-24,wk inc flu hosp,1,12,quantile,0.6,207,2026-10-31
2026-10-24,wk inc flu hosp,1,12,quantile,0.65,218,2026-10-31
2026-10-24,wk inc flu hosp,1,12,quantile,0.7,227,2026-10-31
2026-10-24,wk inc flu hosp,1,12,quantile,0.75,234,2026-10-31
2026-10-24,wk inc flu hosp,1,12,quantile,0.8,251,2026-10-31
2026-10-24,wk inc flu hosp,1,12,quantile,0.85,274,2026-10-31
2026-10-24,wk inc flu hosp,1,12,quantile,0.9,293,2026-10-31
2026-10-24,wk inc flu hosp,1,12,quantile,0.95,352,2026-10-31
2026-10-24,wk inc flu hosp,1,12,quantile,0.975,377,2026-10-31
2026-10-24,wk inc flu hosp,1,12,quantile,0.99,401,2026-10-31
2026-10-24,wk inc flu hosp,1,13,quantile,0.01,4,2026-10-31
2026-10-24,wk inc flu hosp,1,13,quantile,0.025,6,2026-10-31
2026-10-24,wk inc flu hosp,1,13,quantile,0.05,9,2026-10-31
2026-10-24,wk inc flu hosp,1,13,quantile,0.1,11,2026-10-31
2026-10-24,wk inc flu hosp,1,13,quantile,0.15,12,2026-10-31
2026-10-24,wk inc flu hosp,1,13,quantile,0.2,13,2026-10-31
2026-10-24,wk inc flu hosp,1,13,quantile,0.25,14,2026-10-31
2026-10-24,wk inc flu hosp,1,13,quantile,0.3,15,2026-10-31
2026-10-24,wk inc flu hosp,1,13,quantile,0.35,17,2026-10-31
2026-10-24,wk inc flu hosp,1,13,quantile,0.4,19,2026-10-31
2026-10-24,wk inc flu hosp,1,13,quantile,0.45,20,2026-10-31
2026-10-24,wk inc flu hosp,1,13,quantile,0.5,21,2026-10-31
2026-10-24,wk inc flu hosp,1,13,quantile,0.55,22,2026-10-31
2026-10-24,wk inc flu hosp,1,13,quantile,0.6,23,2026-10-31
2026-10-24,wk inc flu hosp,1,13,quantile,0.65,24,2026-10-31
2026-10-24,wk inc flu hosp,1,13,quantile,0.7,25,2026-10-31
2026-10-24,wk inc flu hosp,1,13,quantile,0.75,26,2026-10-31
2026-10-24,wk inc flu hosp,1,13,quantile,0.8,27,2026-10-31
2026-10-24,wk inc flu hosp,1,13,quantile,0.85,30,2026-10-31
2026-10-24,wk inc flu hosp,1,13,quantile,0.9,35,2026-10-31
2026-10-24,wk inc flu hosp,1,13,quantile,0.95,40,2026-10-31
2026-10-24,wk inc flu hosp,1,13,quantile,0.975,48,2026-10-31
2026-10-24,wk inc flu hosp,1,13,quantile,0.99,58,2026-10-31
2026-10-24,wk inc flu hosp,1,15,quantile,0.01,0,2026-10-31
2026-10-24,wk inc flu hosp,1,15,quantile,0.025,1,2026-10-31
2026-10-24,wk inc flu hosp,1,15,quantile,0.05,1,2026-10-31
2026-10-24,wk inc flu hosp,1,15,quantile,0.1,2,2026-10-31
2026-10-24,wk inc flu hosp,1,15,quantile,0.15,3,2026-10-31
2026-10-24,wk inc flu hosp,1,15,quantile,0.2,4,2026-10-31
2026-10-24,wk inc flu hosp,1,15,quantile,0.25,4,2026-10-31
2026-10-24,wk inc flu hosp,1,15,quantile,0.3,5,2026-10-31
2026-10-24,wk inc flu hosp,1,15,quantile,0.35,5,2026-10-31
2026-10-24,wk inc flu hosp,1,15,quantile,0.4,6,2026-10-31
2026-10-24,wk inc flu hosp,1,15,quantile,0.45,7,2026-10-31
2026-10-24,wk inc flu hosp,1,15,quantile,0.5,8,2026-10-31
2026-10-24,wk inc flu hosp,1,15,quantile,0.55,10,2026-10-31
2026-10-24,wk inc flu hosp,1,15,quantile,0.6,10,2026-10-31
2026-10-24,wk inc flu hosp,1,15,quantile,0.65,11,2026-10-31
2026-10-24,wk inc flu hosp,1,15,quantile,0.7,12,2026-10-31
2026-10-24,wk inc flu hosp,1,15,quantile,0.75,13,2026-10-31
2026-10-24,wk inc flu hosp,1,15,quantile,0.8,14,2026-10-31
2026-10-24,wk inc flu hosp,1,15,quantile,0.85,17,2026-10-31
2026-10-24,wk inc flu hosp,1,15,quantile,0.9,19,2026-10-31
2026-10-24,wk inc flu hosp,1,15,quantile,0.95,21,2026-10-31
2026-10-24,wk inc flu hosp,1,15,quantile,0.975,25,2026-10-31
2026-10-24,wk inc flu hosp,1,15,quantile,0.99,27,2026-10-31
2026-10-24,wk inc flu hosp,1,16,quantile,0.01,0,2026-10-31
2026-10-24,wk inc flu hosp,1,16,quantile,0.025,0,2026-10-31
2026-10-24,wk inc flu hosp,1,16,quantile,0.05,0,2026-10-31
2026-10-24,wk inc flu hosp,1,16,quantile,0.1,0,2026-10-31
2026-10-24,wk inc flu hosp,1,16,quantile,0.15,0,2026-10-31
2026-10-24,wk inc flu hosp,1,16,quantile,0.2,1,2026-10-31
2026-10-24,wk inc flu hosp,1,16,quantile,0.25,1,2026-10-31
2026-10-24,wk inc flu hosp,1,16,quantile,0.3,1,2026-10-31
2026-10-24,wk inc flu hosp,1,16,quantile,0.35,2,2026-10-31
2026-10-24,wk inc flu hosp,1,16,quantile,0.4,2,2026-10-31
2026-10-24,wk inc flu hosp,1,16,quantile,0.45,3,2026-10-31
2026-10-24,wk inc flu hosp,1,16,quantile,0.5,3,2026-10-31
2026-10-24,wk inc flu hosp,1,16,quantile,0.55,4,2026-10-31
2026-10-24,wk inc flu hosp,1,16,quantile,0.6,4,2026-10-31
2026-10-24,wk inc flu hosp,1,16,quantile,0.65,5,2026-10-31
2026-10-24,wk inc flu hosp,1,16,quantile,0.7,5,2026-10-31
2026-10-24,wk inc flu hosp,1,16,quantile,0.75,6,2026-10-31
2026-10-24,wk inc flu hosp,1,16,quantile,0.8,7,2026-10-31
2026-10-24,wk inc flu hosp,1,16,quantile,0.85,8,2026-10-31
2026-10-24,wk inc flu hosp,1,16,quantile,0.9,8,2026-10-31
2026-10-24,wk inc flu hosp,1,16,quantile,0.95,9,2026-10-31
2026-10-24,wk inc flu hosp,1,16,quantile,0.975,11,2026-10-31
2026-10-24,wk inc flu hosp,1,16,quantile,0.99,14,2026-10-31
2026-10-24,wk inc flu hosp,1,17,quantile,0.01,4,2026-10-31
2026-10-24,wk inc flu hosp,1,17,quantile,0.025,5,2026-10-31
2026-10-24,wk inc flu hosp,1,17,quantile,0.05,7,2026-10-31
2026-10-24,wk inc flu hosp,1,17,quantile,0.1,9,2026-10-31
2026-10-24,wk inc flu hosp,1,17,quantile,0.15,10,2026-10-31
2026-10-24,wk inc flu hosp,1,17,quantile,0.2,11,2026-10-31
2026-10-24,wk inc flu hosp,1,17,quantile,0.25,11,2026-10-31
2026-10-24,wk inc flu hosp,1,17,quantile,0.3,12,2026-10-31
2026-10-24,wk inc flu hosp,1,17,quantile,0.35,14,2026-10-31
2026-10-24,wk inc flu hosp,1,17,quantile,0.4,14,2026-10-31
2026-10-24,wk inc flu hosp,1,17,quantile,0.45,16,2026-10-31
2026-10-24,wk inc flu hosp,1,17,quantile,0.5,16,2026-10-31
2026-10-24,wk inc flu hosp,1,17,quantile,0.55,18,2026-10-31
2026-10-24,wk inc flu hosp,1,17,quantile,0.6,19,2026-10-31
2026-10-24,wk inc flu hosp,1,17,quantile,0.65,21,2026-10-31
2026-10-24,wk inc flu hosp,1,17,quantile,0.7,22,2026-10-31
2026-10-24,wk inc flu hosp,1,17,quantile,0.75,22,2026-10-31
2026-10-24,wk inc flu hosp,1,17,quantile,0.8,24,2026-10-31
2026-10-24,wk inc flu hosp,1,17,quantile,0.85,26,2026-10-31
2026-10-24,wk inc flu hosp,1,17,quantile,0.9,27,2026-10-31
2026-10-24,wk inc flu hosp,1,17,quantile,0.95,32,2026-10-31
2026-10-24,wk inc flu hosp,1,17,quantile,0.975,34,2026-10-31
2026-10-24,wk inc flu hosp,1,17,quantile,0.99,36,2026-10-31
2026-10-24,wk inc flu hosp,1,18,quantile,0.01,1,2026-10-31
2026-10-24,wk inc flu hosp,1,18,quantile,0.025,3,2026-10-31
2026-10-24,wk inc flu hosp,1,18,quantile,0.05,5,2026-10-31
2026-10-24,wk inc flu hosp,1,18,quantile,0.1,6,2026-10-31
2026-10-24,wk inc flu hosp,1,18,quantile,0.15,8,2026-10-31
2026-10-24,wk inc flu hosp,1,18,quantile,0.2,9,2026-10-31
2026-10-24,wk inc flu hosp,1,18,quantile,0.25,10,2026-10-31
2026-10-24,wk inc flu hosp,1,18,quantile,0.3,10,2026-10-31
2026-10-24,wk inc flu hosp,1,18,quantile,0.35,12,2026-10-31
2026-10-24,wk inc flu hosp,1,18,quantile,0.4,13,2026-10-31
2026-10-24,wk inc flu hosp,1,18,quantile,0.45,13,2026-10-31
2026-10-24,wk inc flu hosp,1,18,quantile,0.5,14,2026-10-31
2026-10-24,wk inc flu hosp,1,18,quantile,0.55,14,2026-10-31
2026-10-24,wk inc flu hosp,1,18,quantile,0.6,15,2026-10-31
2026-10-24,wk inc flu hosp,1,18,quantile,0.65,16,2026-10-31
2026-10-24,wk inc flu hosp,1,18,quantile,0.7,17,2026-10-31
2026-10-24,wk inc flu hosp,1,18,quantile,0.75,18,2026-10-31
2026-10-24,wk inc flu hosp,1,18,quantile,0.8,19,2026-10-31
2026-10-24,wk inc flu hosp,1,18,quantile,0.85,20,2026-10-31
2026-10-24,wk inc flu hosp,1,18,quantile,0.9,24,2026-10-31
2026-10-24,wk inc flu hosp,1,18,quantile,0.95,26,2026-10-31
2026-10-24,wk inc flu hosp,1,18,quantile,0.975,28,2026-10-31
2026-10-24,wk inc flu hosp,1,18,quantile,0.99,29,2026-10-31
2026-10-24,wk inc flu hosp,1,19,quantile,0.01,0,2026-10-31
2026-10-24,wk inc flu hosp,1,19,quantile,0.025,0,2026-10-31
2026-10-24,wk inc flu hosp,1,19,quantile,0.05,0,2026-10-31
2026-10-24,wk inc flu hosp,1,19,quantile,0.1,0,2026-10-31
2026-10-24,wk inc flu hosp,1,19,quantile,0.15,0,2026-10-31
2026-10-24,wk inc flu hosp,1,19,quantile,0.2,1,2026-10-31
2026-10-24,wk inc flu hosp,1,19,quantile,0.25,1,2026-10-31
2026-10-24,wk inc flu hosp,1,19,quantile,0.3,1,2026-10-31
2026-10-24,wk inc flu hosp,1,19,quantile,0.35,2,2026-10-31
2026-10-24,wk inc flu hosp,1,19,quantile,0.4,3,2026-10-31
2026-10-24,wk inc flu hosp,1,19,quantile,0.45,3,2026-10-31
2026-10-24,wk inc flu hosp,1,19,quantile,0.5,3,2026-10-31
2026-10-24,wk inc flu hosp,1,19,quantile,0.55,4,2026-10-31
2026-10-24,wk inc flu hosp,1,19,quantile,0.6,4,2026-10-31
2026-10-24,wk inc flu hosp,1,19,quantile,0.65,5,2026-10-31
2026-10-24,wk inc flu hosp,1,19,quantile,0.7,5,2026-10-31
2026-10-24,wk inc flu hosp,1,19,quantile,0.75,6,2026-10-31
2026-10-24,wk inc flu hosp,1,19,quantile,0.8,7,2026-10-31
2026-10-24,wk inc flu hosp,1,19,quantile,0.85,8,2026-10-31
2026-10-24,wk inc flu hosp,1,19,quantile,0.9,10,2026-10-31
2026-10-24,wk inc flu hosp,1,19,quantile,0.95,12,2026-10-31
2026-10-24,wk inc flu hosp,1,19,quantile,0.975,13,2026-10-31
2026-10-24,wk inc flu hosp,1,19,quantile,0.99,13,2026-10-31
2026-10-24,wk inc flu hosp,1,20,quantile,0.01,0,2026-10-31
2026-10-24,wk inc flu hosp,1,20,quantile,0.025,0,2026-10-31
2026-10-24,wk inc flu hosp,1,20,quantile,0.05,1,2026-10-31
2026-10-24,wk inc flu hosp,1,20,quantile,0.1,1,2026-10-31
2026-10-24,wk inc flu hosp,1,20,quantile,0.15,2,2026-10-31
2026-10-24,wk inc flu hosp,1,20,quantile,0.2,3,2026-10-31
2026-10-24,wk inc flu hosp,1,20,quantile,0.25,4,2026-10-31
2026-10-24,wk inc flu hosp,1,20,quantile,0.3,5,2026-10-31
2026-10-24,wk inc flu hosp,1,20,quantile,0.35,5,2026-10-31
2026-10-24,wk inc flu hosp,1,20,quantile,0.4,6,2026-10-31
2026-10-24,wk inc flu hosp,1,20,quantile,0.45,7,2026-10-31
2026-10-24,wk inc flu hosp,1,20,quantile,0.5,8,2026-10-31
2026-10-24,wk inc flu hosp,1,20,quantile,0.55,8,2026-10-31
2026-10-24,wk inc flu hosp,1,20,quantile,0.6,9,2026-10-31
2026-10-24,wk inc flu hosp,1,20,quantile,0.65,10,2026-10-31
2026-10-24,wk inc flu hosp,1,20,quantile,0.7,10,2026-10-31
2026-10-24,wk inc flu hosp,1,20,quantile,0.75,11,2026-10-31
2026-10-24,wk inc flu hosp,1,20,quantile,0.8,12,2026-10-31
2026-10-24,wk inc flu hosp,1,20,quantile,0.85,13,2026-10-31
2026-10-24,wk inc flu hosp,1,20,quantile,0.9,15,2026-10-31
2026-10-24,wk inc flu hosp,1,20,quantile,0.95,17,2026-10-31
2026-10-24,wk inc flu hosp,1,20,quantile,0.975,19,2026-10-31
2026-10-24,wk inc flu hosp,1,20,quantile,0.99,23,2026-10-31
2026-10-24,wk inc flu hosp,1,21,quantile,0.01,0,2026-10-31
2026-10-24,wk inc flu hosp,1,21,quantile,0.025,1,2026-10-31
2026-10-24,wk inc flu hosp,1,21,quantile,0.05,2,2026-10-31
2026-10-24,wk inc flu hosp,1,21,quantile,0.1,3,2026-10-31
2026-10-24,wk inc flu hosp,1,21,quantile,0.15,3,2026-10-31
2026-10-24,wk inc flu hosp,1,21,quantile,0.2,4,2026-10-31
2026-10-24,wk inc flu hosp,1,21,quantile,0.25,6,2026-10-31
2026-10-24,wk inc flu hosp,1,21,quantile,0.3,7,2026-10-31
2026-10-24,wk inc flu hosp,1,21,quantile,0.35,7,2026-10-31
2026-10-24,wk inc flu hosp,1,21,quantile,0.4,8,2026-10-31
2026-10-24,wk inc flu hosp,1,21,quantile,0.45,8,2026-10-31
2026-10-24,wk inc flu hosp,1,21,quantile,0.5,9,2026-10-31
2026-10-24,wk inc flu hosp,1,21,quantile,0.55,10,2026-10-31
2026-10-24,wk inc flu hosp,1,21,quantile,0.6,12,2026-10-31
2026-10-24,wk inc flu hosp,1,21,quantile,0.65,12,2026-10-31
2026-10-24,wk inc flu hosp,1,21,quantile,0.7,13,2026-10-31
2026-10-24,wk inc flu hosp,1,21,quantile,0.75,14,2026-10-31
2026-10-24,wk inc flu hosp,1,21,quantile,0.8,16,2026-10-31
2026-10-24,wk inc flu hosp,1,21,quantile,0.85,18,2026-10-31
2026-10-24,wk inc flu hosp,1,21,quantile,0.9,20,2026-10-31
2026-10-24,wk inc flu hosp,1,21,quantile,0.95,22,2026-10-31
2026-10-24,wk inc flu hosp,1,21,quantile,0.975,24,2026-10-31
2026-10-24,wk inc flu hosp,1,21,quantile,0.99,27,2026-10-31
2026-10-24,wk inc flu hosp,1,22,quantile,0.01,10,2026-10-31
2026-10-24,wk inc flu hosp,1,22,quantile,0.025,11,2026-10-31
2026-10-24,wk inc flu hosp,1,22,quantile,0.05,12,2026-10-31
2026-10-24,wk inc flu hosp,1,22,quantile,0.1,15,2026-10-31
2026-10-24,wk inc flu hosp,1,22,quantile,0.15,17,2026-10-31
2026-10-24,wk inc flu hosp,1,22,quantile,0.2,19,2026-10-31
2026-10-24,wk inc flu hosp,1,22,quantile,0.25,21,2026-10-31
2026-10-24,wk inc flu hosp,1,22,quantile,0.3,23,2026-10-31
2026-10-24,wk inc flu hosp,1,22,quantile,0.35,25,2026-10-31
2026-10-24,wk inc flu hosp,1,22,quantile,0.4,27,2026-10-31
2026-10-24,wk inc flu hosp,1,22,quantile,0.45,28,2026-10-31
2026-10-24,wk inc flu hosp,1,22,quantile,0.5,28,2026-10-31
2026-10-24,wk inc flu hosp,1,22,quantile,0.55,30,2026-10-31
2026-10-24,wk inc flu hosp,1,22,quantile,0.6,32,2026-10-31
2026-10-24,wk inc flu hosp,1,22,quantile,0.65,34,2026-10-31
2026-10-24,wk inc flu hosp,1,22,quantile,0.7,36,2026-10-31
2026-10-24,wk inc flu hosp,1,22,quantile,0.75,38,2026-10-31
2026-10-24,wk inc flu hosp,1,22,quantile,0.8,40,2026-10-31
2026-10-24,wk inc flu hosp,1,22,quantile,0.85,44,2026-10-31
2026-10-24,wk inc flu hosp,1,22,quantile,0.9,50,2026-10-31
2026-10-24,wk inc flu hosp,1,22,quantile,0.95,60,2026-10-31
2026-10-24,wk inc flu hosp,1,22,quantile,0.975,67,2026-10-31
2026-10-24,wk inc flu hosp,1,22,quantile,0.99,92,2026-10-31
2026-10-24,wk inc flu hosp,1,23,quantile,0.01,0,2026-10-31
2026-10-24,wk inc flu hosp,1,23,quantile,0.025,0,2026-10-31
2026-10-24,wk inc flu hosp,1,23,quantile,0.05,0,2026-10-31
2026-10-24,wk inc flu hosp,1,23,quantile,0.1,0,2026-10-31
2026-10-24,wk inc flu hosp,1,23,quantile,0.15,0,2026-10-31
2026-10-24,wk inc flu hosp,1,23,quantile,0.2,0,2026-10-31
2026-10-24,wk inc flu hosp,1,23,quantile,0.25,0,2026-10-31
2026-10-24,wk inc flu hosp,1,23,quantile,0.3,0,2026-10-31
2026-10-24,wk inc flu hosp,1,23,quantile,0.35,0,2026-10-31
2026-10-24,wk inc flu hosp,1,23,quantile,0.4,0,2026-10-31
2026-10-24,wk inc flu hosp,1,23,quantile,0.45,1,2026-10-31
2026-10-24,wk inc flu hosp,1,23,quantile,0.5,1,2026-10-31
2026-10-24,wk inc flu hosp,1,23,quantile,0.55,2,2026-10-31
2026-10-24,wk inc flu hosp,1,23,quantile,0.6,2,2026-10-31
2026-10-24,wk inc flu hosp,1,23,quantile,0.65,3,2026-10-31
2026-10-24,wk inc flu hosp,1,23,quantile,0.7,3,2026-10-31
2026-10-24,wk inc flu hosp,1,23,quantile,0.75,3,2026-10-31
2026-10-24,wk inc flu hosp,1,23,quantile,0.8,4,2026-10-31
2026-10-24,wk inc flu hosp,1,23,quantile,0.85,4,2026-10-31
2026-10-24,wk inc flu hosp,1,23,quantile,0.9,5,2026-10-31
2026-10-24,wk inc flu hosp,1,23,quantile,0.95,7,2026-10-31
2026-10-24,wk inc flu hosp,1,23,quantile,0.975,9,2026-10-31
2026-10-24,wk inc flu hosp,1,23,quantile,0.99,11,2026-10-31
2026-10-24,wk inc flu hosp,1,24,quantile,0.01,1,2026-10-31
2026-10-24,wk inc flu hosp,1,24,quantile,0.025,1,2026-10-31
2026-10-24,wk inc flu hosp,1,24,quantile,0.05,2,2026-10-31
2026-10-24,wk inc flu hosp,1,24,quantile,0.1,4,2026-10-31
2026-10-24,wk inc flu hosp,1,24,quantile,0.15,5,2026-10-31
2026-10-24,wk inc flu hosp,1,24,quantile,0.2,6,2026-10-31
2026-10-24,wk inc flu hosp,1,24,quantile,0.25,7,2026-10-31
2026-10-24,wk inc flu hosp,1,24,quantile,0.3,7,2026-10-31
2026-10-24,wk inc flu hosp,1,24,quantile,0.35,8,2026-10-31
2026-10-24,wk inc flu hosp,1,24,quantile,0.4,9,2026-10-31
2026-10-24,wk inc flu hosp,1,24,quantile,0.45,10,2026-10-31
2026-10-24,wk inc flu hosp,1,24,quantile,0.5,11,2026-10-31
2026-10-24,wk inc flu hosp,1,24,quantile,0.55,11,2026-10-31
2026-10-24,wk inc flu hosp,1,24,quantile,0.6,12,2026-10-31
2026-10-24,wk inc flu hosp,1,24,quantile,0.65,13,2026-10-31
2026-10-24,wk inc flu hosp,1,24,quantile,0.7,14,2026-10-31
2026-10-24,wk inc flu hosp,1,24,quantile,0.75,14,2026-10-31
2026-10-24,wk inc flu hosp,1,24,quantile,0.8,15,2026-10-31
2026-10-24,wk inc flu hosp,1,24,quantile,0.85,17,2026-10-31
2026-10-24,wk inc flu hosp,1,24,quantile,0.9,19,2026-10-31
2026-10-24,wk inc flu hosp,1,24,quantile,0.95,22,2026-10-31
2026-10-24,wk inc flu hosp,1,24,quantile,0.975,24,2026-10-31
2026-10-24,wk inc flu hosp,1,24,quantile,0.99,26,2026-10-31
2026-10-24,wk inc flu hosp,1,25,quantile,0.01,1,2026-10-31
2026-10-24,wk inc flu hosp,1,25,quantile,0.025,2,2026-10-31
2026-10-24,wk inc flu hosp,1,25,quantile,0.05,2,2026-10-31
2026-10-24,wk inc flu hosp,1,25,quantile,0.1,4,2026-10-31
2026-10-24,wk inc flu hosp,1,25,quantile,0.15,4,2026-10-31
2026-10-24,wk inc flu hosp,1,25,quantile,0.2,5,2026-10-31
2026-10-24,wk inc flu hosp,1,25,quantile,0.25,6,2026-10-31
2026-10-24,wk inc flu hosp,1,25,quantile,0.3,7,2026-10-31
2026-10-24,wk inc flu hosp,1,25,quantile,0.35,8,2026-10-31
2026-10-24,wk inc flu hosp,1,25,quantile,0.4,8,2026-10-31
2026-10-24,wk inc flu hosp,1,25,quantile,0.45,9,2026-10-31
2026-10-24,wk inc flu hosp,1,25,quantile,0.5,10,2026-10-31
2026-10-24,wk inc flu hosp,1,25,quantile,0.55,10,2026-10-31
2026-10-24,wk inc flu hosp,1,25,quantile,0.6,11,2026-10-31
2026-10-24,wk inc flu hosp,1,25,quantile,0.65,13,2026-10-31
2026-10-24,wk inc flu hosp,1,25,quantile,0.7,14,2026-10-31
2026-10-24,wk inc flu hosp,1,25,quantile,0.75,15,2026-10-31
2026-10-24,wk inc flu hosp,1,25,quantile,0.8,17,2026-10-31
2026-10-24,wk inc flu hosp,1,25,quantile,0.85,18,2026-10-31
2026-10-24,wk inc flu hosp,1,25,quantile,0.9,22,2026-10-31
2026-10-24,wk inc flu hosp,1,25,quantile,0.95,25,2026-10-31
2026-10-24,wk inc flu hosp,1,25,quantile,0.975,30,2026-10-31
2026-10-24,wk inc flu hosp,1,25,quantile,0.99,37,2026-10-31
2026-10-24,wk inc flu hosp,1,26,quantile,0.01,4,2026-10-31
2026-10-24,wk inc flu hosp,1,26,quantile,0.025,4,2026-10-31
2026-10-24,wk inc flu hosp,1,26,quantile,0.05,5,2026-10-31
2026-10-24,wk inc flu hosp,1,26,quantile,0.1,8,2026-10-31
2026-10-24,wk inc flu hosp,1,26,quantile,0.15,9,2026-10-31
2026-10-24,wk inc flu hosp,1,26,quantile,0.2,10,2026-10-31
2026-10-24,wk inc flu hosp,1,26,quantile,0.25,11,2026-10-31
2026-10-24,wk inc flu hosp,1,26,quantile,0.3,12,2026-10-31
2026-10-24,wk inc flu hosp,1,26,quantile,0.35,12,2026-10-31
2026-10-24,wk inc flu hosp,1,26,quantile,0.4,13,2026-10-31
2026-10-24,wk inc flu hosp,1,26,quantile,0.45,14,2026-10-31
2026-10-24,wk inc flu hosp,1,26,quantile,0.5,15,2026-10-31
2026-10-24,wk inc flu hosp,1,26,quantile,0.55,16,2026-10-31
2026-10-24,wk inc flu hosp,1,26,quantile,0.6,17,2026-10-31
2026-10-24,wk inc flu hosp,1,26,quantile,0.65,18,2026-10-31
2026-10-24,wk inc flu hosp,1,26,quantile,0.7,19,2026-10-31
2026-10-24,wk inc flu hosp,1,26,quantile,0.75,20,2026-10-31
2026-10-24,wk inc flu hosp,1,26,quantile,0.8,22,2026-10-31
2026-10-24,wk inc flu hosp,1,26,quantile,0.85,24,2026-10-31
2026-10-24,wk inc flu hosp,1,26,quantile,0.9,26,2026-10-31
2026-10-24,wk inc flu hosp,1,26,quantile,0.95,29,2026-10-31
2026-10-24,wk inc flu hosp,1,26,quantile,0.975,35,2026-10-31
2026-10-24,wk inc flu hosp,1,26,quantile,0.99,44,2026-10-31
2026-10-24,wk inc flu hosp,1,27,quantile,0.01,6,2026-10-31
2026-10-24,wk inc flu hosp,1,27,quantile,0.025,7,2026-10-31
2026-10-24,wk inc flu hosp,1,27,quantile,0.05,8,2026-10-31
2026-10-24,wk inc flu hosp,1,27,quantile,0.1,9,2026-10-31
2026-10-24,wk inc flu hosp,1,27,quantile,0.15,10,2026-10-31
2026-10-24,wk inc flu hosp,1,27,quantile,0.2,12,2026-10-31
2026-10-24,wk inc flu hosp,1,27,quantile,0.25,13,2026-10-31
2026-10-24,wk inc flu hosp,1,27,quantile,0.3,15,2026-10-31
2026-10-24,wk inc flu hosp,1,27,quantile,0.35,15,2026-10-31
2026-10-24,wk inc flu hosp,1,27,quantile,0.4,16,2026-10-31
2026-10-24,wk inc flu hosp,1,27,quantile,0.45,17,2026-10-31
2026-10-24,wk inc flu hosp,1,27,quantile,0.5,18,2026-10-31
2026-10-24,wk inc flu hosp,1,27,quantile,0.55,19,2026-10-31
2026-10-24,wk inc flu hosp,1,27,quantile,0.6,20,2026-10-31
2026-10-24,wk inc flu hosp,1,27,quantile,0.65,22,2026-10-31
2026-10-24,wk inc flu hosp,1,27,quantile,0.7,24,2026-10-31
2026-10-24,wk inc flu hosp,1,27,quantile,0.75,26,2026-10-31
2026-10-24,wk inc flu hosp,1,27,quantile,0.8,27,2026-10-31
2026-10-24,wk inc flu hosp,1,27,quantile,0.85,30,2026-10-31
2026-10-24,wk inc flu hosp,1,27,quantile,0.9,32,2026-10-31
2026-10-24,wk inc flu hosp,1,27,quantile,0.95,39,2026-10-31
2026-10-24,wk inc flu hosp,1,27,quantile,0.975,43,2026-10-31
2026-10-24,wk inc flu hosp,1,27,quantile,0.99,47,2026-10-31
2026-10-24,wk inc flu hosp,1,28,quantile,0.01,0,2026-10-31
2026-10-24,wk inc flu hosp,1,28,quantile,0.025,1,2026-10-31
2026-10-24,wk inc flu hosp,1,28,quantile,0.05,1,2026-10-31
2026-10-24,wk inc flu hosp,1,28,quantile,0.1,4,2026-10-31
2026-10-24,wk inc flu hosp,1,28,quantile,0.15,6,2026-10-31
2026-10-24,wk inc flu hosp,1,28,quantile,0.2,7,2026-10-31
2026-10-24,wk inc flu hosp,1,28,quantile,0.25,9,2026-10-31
2026-10-24,wk inc flu hosp,1,28,quantile,0.3,10,2026-10-31
2026-10-24,wk inc flu hosp,1,28,quantile,0.35,11,2026-10-31
2026-10-24,wk inc flu hosp,1,28,quantile,0.4,12,2026-10-31
2026-10-24,wk inc flu hosp,1,28,quantile,0.45,12,2026-10-31
2026-10-24,wk inc flu hosp,1,28,quantile,0.5,13,2026-10-31
2026-10-24,wk inc flu hosp,1,28,quantile,0.55,14,2026-10-31
2026-10-24,wk inc flu hosp,1,28,quantile,0.6,14,2026-10-31
2026-10-24,wk inc flu hosp,1,28,quantile,0.65,16,2026-10-31
2026-10-24,wk inc flu hosp,1,28,quantile,0.7,16,2026-10-31
2026-10-24,wk inc flu hosp,1,28,quantile,0.75,18,2026-10-31
2026-10-24,wk inc flu hosp,1,28,quantile,0.8,20,2026-10-31
2026-10-24,wk inc flu hosp,1,28,quantile,0.85,22,2026-10-31
2026-10-24,wk inc flu hosp,1,28,quantile,0.9,23,2026-10-31
2026-10-24,wk inc flu hosp,1,28,quantile,0.95,27,2026-10-31
2026-10-24,wk inc flu hosp,1,28,quantile,0.975,32,2026-10-31
2026-10-24,wk inc flu hosp,1,28,quantile,0.99,37,2026-10-31
2026-10-24,wk inc flu hosp,1,29,quantile,0.01,2,2026-10-31
2026-10-24,wk inc flu hosp,1,29,quantile,0.025,3,2026-10-31
2026-10-24,wk inc flu hosp,1,29,quantile,0.05,5,2026-10-31
2026-10-24,wk inc flu hosp,1,29,quantile,0.1,6,2026-10-31
2026-10-24,wk inc flu hosp,1,29,quantile,0.15,7,2026-10-31
2026-10-24,wk inc flu hosp,1,29,quantile,0.2,9,2026-10-31
2026-10-24,wk inc flu hosp,1,29,quantile,0.25,9,2026-10-31
2026-10-24,wk inc flu hosp,1,29,quantile,0.3,10,2026-10-31
2026-10-24,wk inc flu hosp,1,29,quantile,0.35,11,2026-10-31
2026-10-24,wk inc flu hosp,1,29,quantile,0.4,12,2026-10-31
2026-10-24,wk inc flu hosp,1,29,quantile,0.45,13,2026-10-31
2026-10-24,wk inc flu hosp,1,29,quantile,0.5,14,2026-10-31
2026-10-24,wk inc flu hosp,1,29,quantile,0.55,14,2026-10-31
2026-10-24,wk inc flu hosp,1,29,quantile,0.6,15,2026-10-31
2026-10-24,wk inc flu hosp,1,29,quantile,0.65,16,2026-10-31
2026-10-24,wk inc flu hosp,1,29,quantile,0.7,18,2026-10-31
2026-10-24,wk inc flu hosp,1,29,quantile,0.75,19,2026-10-31
2026-10-24,wk inc flu hosp,1,29,quantile,0.8,21,2026-10-31
2026-10-24,wk inc flu hosp,1,29,quantile,0.85,23,2026-10-31
2026-10-24,wk inc flu hosp,1,29,quantile,0.9,24,2026-10-31
2026-10-24,wk inc flu hosp,1,29,quantile,0.95,27,2026-10-31
2026-10-24,wk inc flu hosp,1,29,quantile,0.975,28,2026-10-31
2026-10-24,wk inc flu hosp,1,29,quantile,0.99,31,2026-10-31
2026-10-24,wk inc flu hosp,1,30,quantile,0.01,0,2026-10-31
2026-10-24,wk inc flu hosp,1,30,quantile,0.025,0,2026-10-31
2026-10-24,wk inc flu hosp,1,30,quantile,0.05,0,2026-10-31
2026-10-24,wk inc flu hosp,1,30,quantile,0.1,0,2026-10-31
2026-10-24,wk inc flu hosp,1,30,quantile,0.15,0,2026-10-31
2026-10-24,wk inc flu hosp,1,30,quantile,0.2,0,2026-10-31
2026-10-24,wk inc flu hosp,1,30,quantile,0.25,0,2026-10-31
2026-10-24,wk inc flu hosp,1,30,quantile,0.3,0,2026-10-31
2026-10-24,wk inc flu hosp,1,30,quantile,0.35,0,2026-10-31
2026-10-24,wk inc flu hosp,1,30,quantile,0.4,0,2026-10-31
2026-10-24,wk inc flu hosp,1,30,quantile,0.45,1,2026-10-31
2026-10-24,wk inc flu hosp,1,30,quantile,0.5,1,2026-10-31
2026-10-24,wk inc flu hosp,1,30,quantile,0.55,1,2026-10-31
2026-10-24,wk inc flu hosp,1,30,quantile,0.6,1,2026-10-31
2026-10-24,wk inc flu hosp,1,30,quantile,0.65,2,2026-10-31
2026-10-24,wk inc flu hosp,1,30,quantile,0.7,2,2026-10-31
2026-10-24,wk inc flu hosp,1,30,quantile,0.75,3,2026-10-31
2026-10-24,wk inc flu hosp,1,30,quantile,0.8,4,2026-10-31
2026-10-24,wk inc flu hosp,1,30,quantile,0.85,5,2026-10-31
2026-10-24,wk inc flu hosp,1,30,quantile,0.9,7,2026-10-31
2026-10-24,wk inc flu hosp,1,30,quantile,0.95,11,2026-10-31
2026-10-24,wk inc flu hosp,1,30,quantile,0.975,12,2026-10-31
2026-10-24,wk inc flu hosp,1,30,quantile,0.99,14,2026-10-31
2026-10-24,wk inc flu hosp,1,31,quantile,0.01,0,2026-10-31
2026-10-24,wk inc flu hosp,1,31,quantile,0.025,0,2026-10-31
2026-10-24,wk inc flu hosp,1,31,quantile,0.05,0,2026-10-31
2026-10-24,wk inc flu hosp,1,31,quantile,0.1,0,2026-10-31
2026-10-24,wk inc flu hosp,1,31,quantile,0.15,0,2026-10-31
2026-10-24,wk inc flu hosp,1,31,quantile,0.2,0,2026-10-31
2026-10-24,wk inc flu hosp,1,31,quantile,0.25,1,2026-10-31
2026-10-24,wk inc flu hosp,1,31,quantile,0.3,1,2026-10-31
2026-10-24,wk inc flu hosp,1,31,quantile,0.35,1,2026-10-31
2026-10-24,wk inc flu hosp,1,31,quantile,0.4,2,2026-10-31
2026-10-24,wk inc flu hosp,1,31,quantile,0.45,2,2026-10-31
2026-10-24,wk inc flu hosp,1,31,quantile,0.5,2,2026-10-31
2026-10-24,wk inc flu hosp,1,31,quantile,0.55,3,2026-10-31
2026-10-24,wk inc flu hosp,1,31,quantile,0.6,3,2026-10-31
2026-10-24,wk inc flu hosp,1,31,quantile,0.65,4,2026-10-31
2026-10-24,wk inc flu hosp,1,31,quantile,0.7,4,2026-10-31
2026-10-24,wk inc flu hosp,1,31,quantile,0.75,5,2026-10-31
2026-10-24,wk inc flu hosp,1,31,quantile,0.8,5,2026-10-31
2026-10-24,wk inc flu hosp,1,31,quantile,0.85,6,2026-10-31
2026-10-24,wk inc flu hosp,1,31,quantile,0.9,7,2026-10-31
2026-10-24,wk inc flu hosp,1,31,quantile,0.95,9,2026-10-31
2026-10-24,wk inc flu hosp,1,31,quantile,0.975,10,2026-10-31
2026-10-24,wk inc flu hosp,1,31,quantile,0.99,11,2026-10-31
2026-10-24,wk inc flu hosp,1,32,quantile,0.01,0,2026-10-31
2026-10-24,wk inc flu hosp,1,32,quantile,0.025,0,2026-10-31
2026-10-24,wk inc flu hosp,1,32,quantile,0.05,0,2026-10-31
2026-10-24,wk inc flu hosp,1,32,quantile,0.1,2,2026-10-31
2026-10-24,wk inc flu hosp,1,32,quantile,0.15,3,2026-10-31
2026-10-24,wk inc flu hosp,1,32,quantile,0.2,3,2026-10-31
2026-10-24,wk inc flu hosp,1,32,quantile,0.25,4,2026-10-31
2026-10-24,wk inc flu hosp,1,32,quantile,0.3,4,2026-10-31
2026-10-24,wk inc flu hosp,1,32,quantile,0.35,5,2026-10-31
2026-10-24,wk inc flu hosp,1,32,quantile,0.4,5,2026-10-31
2026-10-24,wk inc flu hosp,1,32,quantile,0.45,6,2026-10-31
2026-10-24,wk inc flu hosp,1,32,quantile,0.5,7,2026-10-31
2026-10-24,wk inc flu hosp,1,32,quantile,0.55,7,2026-10-31
2026-10-24,wk inc flu hosp,1,32,quantile,0.6,7,2026-10-31
2026-10-24,wk inc flu hosp,1,32,quantile,0.65,8,2026-10-31
2026-10-24,wk inc flu hosp,1,32,quantile,0.7,9,2026-10-31
2026-10-24,wk inc flu hosp,1,32,quantile,0.75,10,2026-10-31
2026-10-24,wk inc flu hosp,1,32,quantile,0.8,11,2026-10-31
2026-10-24,wk inc flu hosp,1,32,quantile,0.85,12,2026-10-31
2026-10-24,wk inc flu hosp,1,32,quantile,0.9,14,2026-10-31
2026-10-24,wk inc flu hosp,1,32,quantile,0.95,16,2026-10-31
2026-10-24,wk inc flu hosp,1,32,quantile,0.975,20,2026-10-31
2026-10-24,wk inc flu hosp,1,32,quantile,0.99,21,2026-10-31
2026-10-24,wk inc flu hosp,1,33,quantile,0.01,0,2026-10-31
2026-10-24,wk inc flu hosp,1,33,quantile,0.025,0,2026-10-31
2026-10-24,wk inc flu hosp,1,33,quantile,0.05,0,2026-10-31
2026-10-24,wk inc flu hosp,1,33,quantile,0.1,0,2026-10-31
2026-10-24,wk inc flu hosp,1,33,quantile,0.15,0,2026-10-31
2026-10-24,wk inc flu hosp,1,33,quantile,0.2,0,2026-10-31
2026-10-24,wk inc flu hosp,1,33,quantile,0.25,0,2026-10-31
2026-10-24,wk inc flu hosp,1,33,quantile,0.3,0,2026-10-31
2026-10-24,wk inc flu hosp,1,33,quantile,0.35,0,2026-10-31
2026-10-24,wk inc flu hosp,1,33,quantile,0.4,0,2026-10-31
2026-10-24,wk inc flu hosp,1,33,quantile,0.45,0,2026-10-31
2026-10-24,wk inc flu hosp,1,33,quantile,0.5,0,2026-10-31
2026-10-24,wk inc flu hosp,1,33,quantile,0.55,0,2026-10-31
2026-10-24,wk inc flu hosp,1,33,quantile,0.6,0,2026-10-31
2026-10-24,wk inc flu hosp,1,33,quantile,0.65,0,2026-10-31
2026-10-24,wk inc flu hosp,1,33,quantile,0.7,1,2026-10-31
2026-10-24,wk inc flu hosp,1,33,quantile,0.75,1,2026-10-31
2026-10-24,wk inc flu hosp,1,33,quantile,0.8,1,2026-10-31
2026-10-24,wk inc flu hosp,1,33,quantile,0.85,2,2026-10-31
2026-10-24,wk inc flu hosp,1,33,quantile,0.9,3,2026-10-31
2026-10-24,wk inc flu hosp,1,33,quantile,0.95,6,2026-10-31
2026-10-24,wk inc flu hosp,1,33,quantile,0.975,8,2026-10-31
2026-10-24,wk inc flu hosp,1,33,quantile,0.99,10,2026-10-31
2026-10-24,wk inc flu hosp,1,34,quantile,0.01,7,2026-10-31
2026-10-24,wk inc flu hosp,1,34,quantile,0.025,9,2026-10-31
2026-10-24,wk inc flu hosp,1,34,quantile,0.05,12,2026-10-31
2026-10-24,wk inc flu hosp,1,34,quantile,0.1,15,2026-10-31
2026-10-24,wk inc flu hosp,1,34,quantile,0.15,17,2026-10-31
2026-10-24,wk inc flu hosp,1,34,quantile,0.2,18,2026-10-31
2026-10-24,wk inc flu hosp,1,34,quantile,0.25,19,2026-10-31
2026-10-24,wk inc flu hosp,1,34,quantile,0.3,20,2026-10-31
2026-10-24,wk inc flu hosp,1,34,quantile,0.35,20,2026-10-31
2026-10-24,wk inc flu hosp,1,34,quantile,0.4,22,2026-10-31
2026-10-24,wk inc flu hosp,1,34,quantile,0.45,23,2026-10-31
2026-10-24,wk inc flu hosp,1,34,quantile,0.5,25,2026-10-31
2026-10-24,wk inc flu hosp,1,34,quantile,0.55,26,2026-10-31
2026-10-24,wk inc flu hosp,1,34,quantile,0.6,28,2026-10-31
2026-10-24,wk inc flu hosp,1,34,quantile,0.65,30,2026-10-31
2026-10-24,wk inc flu hosp,1,34,quantile,0.7,31,2026-10-31
2026-10-24,wk inc flu hosp,1,34,quantile,0.75,33,2026-10-31
2026-10-24,wk inc flu hosp,1,34,quantile,0.8,35,2026-10-31
2026-10-24,wk inc flu hosp,1,34,quantile,0.85,39,2026-10-31
2026-10-24,wk inc flu hosp,1,34,quantile,0.9,44,2026-10-31
2026-10-24,wk inc flu hosp,1,34,quantile,0.95,49,2026-10-31
2026-10-24,wk inc flu hosp,1,34,quantile,0.975,54,2026-10-31
2026-10-24,wk inc flu hosp,1,34,quantile,0.99,66,2026-10-31
2026-10-24,wk inc flu hosp,1,35,quantile,0.01,0,2026-10-31
2026-10-24,wk inc flu hosp,1,35,quantile,0.025,0,2026-10-31
2026-10-24,wk inc flu hosp,1,35,quantile,0.05,0,2026-10-31
2026-10-24,wk inc flu hosp,1,35,quantile,0.1,0,2026-10-31
2026-10-24,wk inc flu hosp,1,35,quantile,0.15,0,2026-10-31
2026-10-24,wk inc flu hosp,1,35,quantile,0.2,0,2026-10-31
2026-10-24,wk inc flu hosp,1,35,quantile,0.25,0,2026-10-31
2026-10-24,wk inc flu hosp,1,35,quantile,0.3,1,2026-10-31
2026-10-24,wk inc flu hosp,1,35,quantile,0.35,1,2026-10-31
2026-10-24,wk inc flu hosp,1,35,quantile,0.4,1,2026-10-31
2026-10-24,wk inc flu hosp,1,35,quantile,0.45,2,2026-10-31
2026-10-24,wk inc flu hosp,1,35,quantile,0.5,2,2026-10-31
2026-10-24,wk inc flu hosp,1,35,quantile,0.55,3,2026-10-31
2026-10-24,wk inc flu hosp,1,35,quantile,0.6,3,2026-10-31
2026-10-24,wk inc flu hosp,1,35,quantile,0.65,4,2026-10-31
2026-10-24,wk inc flu hosp,1,35,quantile,0.7,4,2026-10-31
2026-10-24,wk inc flu hosp,1,35,quantile,0.75,5,2026-10-31
2026-10-24,wk inc flu hosp,1,35,quantile,0.8,6,2026-10-31
2026-10-24,wk inc flu hosp,1,35,quantile,0.85,6,2026-10-31
2026-10-24,wk inc flu hosp,1,35,quantile,0.9,9,2026-10-31
2026-10-24,wk inc flu hosp,1,35,quantile,0.95,12,2026-10-31
2026-10-24,wk inc flu hosp,1,35,quantile,0.975,18,2026-10-31
2026-10-24,wk inc flu hosp,1,35,quantile,0.99,22,2026-10-31
2026-10-24,wk inc flu hosp,1,36,quantile,0.01,9,2026-10-31
2026-10-24,wk inc flu hosp,1,36,quantile,0.025,10,2026-10-31
2026-10-24,wk inc flu hosp,1,36,quantile,0.05,13,2026-10-31
2026-10-24,wk inc flu hosp,1,36,quantile,0.1,15,2026-10-31
2026-10-24,wk inc flu hosp,1,36,quantile,0.15,17,2026-10-31
2026-10-24,wk inc flu hosp,1,36,quantile,0.2,19,2026-10-31
2026-10-24,wk inc flu hosp,1,36,quantile,0.25,21,2026-10-31
2026-10-24,wk inc flu hosp,1,36,quantile,0.3,22,2026-10-31
2026-10-24,wk inc flu hosp,1,36,quantile,0.35,24,2026-10-31
2026-10-24,wk inc flu hosp,1,36,quantile,0.4,25,2026-10-31
2026-10-24,wk inc flu hosp,1,36,quantile,0.45,26,2026-10-31
2026-10-24,wk inc flu hosp,1,36,quantile,0.5,28,2026-10-31
2026-10-24,wk inc flu hosp,1,36,quantile,0.55,29,2026-10-31
2026-10-24,wk inc flu hosp,1,36,quantile,0.6,30,2026-10-31
2026-10-24,wk inc flu hosp,1,36,quantile,0.65,32,2026-10-31
2026-10-24,wk inc flu hosp,1,36,quantile,0.7,33,2026-10-31
2026-10-24,wk inc flu hosp,1,36,quantile,0.75,34,2026-10-31
2026-10-24,wk inc flu hosp,1,36,quantile,0.8,35,2026-10-31
2026-10-24,wk inc flu hosp,1,36,quantile,0.85,39,2026-10-31
2026-10-24,wk inc flu hosp,1,36,quantile,0.9,44,2026-10-31
2026-10-24,wk inc flu hosp,1,36,quantile,0.95,50,2026-10-31
2026-10-24,wk inc flu hosp,1,36,quantile,0.975,57,2026-10-31
2026-10-24,wk inc flu hosp,1,36,quantile,0.99,64,2026-10-31
2026-10-24,wk inc flu hosp,1,37,quantile,0.01,6,2026-10-31
2026-10-24,wk inc flu hosp,1,37,quantile,0.025,9,2026-10-31
2026-10-24,wk inc flu hosp,1,37,quantile,0.05,11,2026-10-31
2026-10-24,wk inc flu hosp,1,37,quantile,0.1,13,2026-10-31
2026-10-24,wk inc flu hosp,1,37,quantile,0.15,14,2026-10-31
2026-10-24,wk inc flu hosp,1,37,quantile,0.2,16,2026-10-31
2026-10-24,wk inc flu hosp,1,37,quantile,0.25,17,2026-10-31
2026-10-24,wk inc flu hosp,1,37,quantile,0.3,19,2026-10-31
2026-10-24,wk inc flu hosp,1,37,quantile,0.35,20,2026-10-31
2026-10-24,wk inc flu hosp,1,37,quantile,0.4,21,2026-10-31
2026-10-24,wk inc flu hosp,1,37,quantile,0.45,24,2026-10-31
2026-10-24,wk inc flu hosp,1,37,quantile,0.5,24,2026-10-31
2026-10-24,wk inc flu hosp,1,37,quantile,0.55,26,2026-10-31
2026-10-24,wk inc flu hosp,1,37,quantile,0.6,27,2026-10-31
2026-10-24,wk inc flu hosp,1,37,quantile,0.65,29,2026-10-31
2026-10-24,wk inc flu hosp,1,37,quantile,0.7,31,2026-10-31
2026-10-24,wk inc flu hosp,1,37,quantile,0.75,33,2026-10-31
2026-10-24,wk inc flu hosp,1,37,quantile,0.8,35,2026-10-31
2026-10-24,wk inc flu hosp,1,37,quantile,0.85,37,2026-10-31
2026-10-24,wk inc flu hosp,1,37,quantile,0.9,40,2026-10-31
2026-10-24,wk inc flu hosp,1,37,quantile,0.95,49,2026-10-31
2026-10-24,wk inc flu hosp,1,37,quantile,0.975,58,2026-10-31
2026-10-24,wk inc flu hosp,1,37,quantile,0.99,67,2026-10-31
2026-10-24,wk inc flu hosp,1,38,quantile,0.01,0,2026-10-31
2026-10-24,wk inc flu hosp,1,38,quantile,0.025,0,2026-10-31
2026-10-24,wk inc flu hosp,1,38,quantile,0.05,0,2026-10-31
2026-10-24,wk inc flu hosp,1,38,quantile,0.1,0,2026-10-31
2026-10-24,wk inc flu hosp,1,38,quantile,0.15,0,2026-10-31
2026-10-24,wk inc flu hosp,1,38,quantile,0.2,0,2026-10-31
2026-10-24,wk inc flu hosp,1,38,quantile,0.25,0,2026-10-31
2026-10-24,wk inc flu hosp,1,38,quantile,0.3,1,2026-10-31
2026-10-24,wk inc flu hosp,1,38,quantile,0.35,1,2026-10-31
2026-10-24,wk inc flu hosp,1,38,quantile,0.4,2,2026-10-31
2026-10-24,wk inc flu hosp,1,38,quantile,0.45,2,2026-10-31
2026-10-24,wk inc flu hosp,1,38,quantile,0.5,2,2026-10-31
2026-10-24,wk inc flu hosp,1,38,quantile,0.55,3,2026-10-31
2026-10-24,wk inc flu hosp,1,38,quantile,0.6,3,2026-10-31
2026-10-24,wk inc flu hosp,1,38,quantile,0.65,3,2026-10-31
2026-10-24,wk inc flu hosp,1,38,quantile,0.7,4,2026-10-31
2026-10-24,wk inc flu hosp,1,38,quantile,0.75,4,2026-10-31
2026-10-24,wk inc flu hosp,1,38,quantile,0.8,5,2026-10-31
2026-10-24,wk inc flu hosp,1,38,quantile,0.85,6,2026-10-31
2026-10-24,wk inc flu hosp,1,38,quantile,0.9,6,2026-10-31
2026-10-24,wk inc flu hosp,1,38,quantile,0.95,8,2026-10-31
2026-10-24,wk inc flu hosp,1,38,quantile,0.975,9,2026-10-31
2026-10-24,wk inc flu hosp,1,38,quantile,0.99,10,2026-10-31
2026-10-24,wk inc flu hosp,1,39,quantile,0.01,1,2026-10-31
2026-10-24,wk inc flu hosp,1,39,quantile,0.025,3,2026-10-31
2026-10-24,wk inc flu hosp,1,39,quantile,0.05,5,2026-10-31
2026-10-24,wk inc flu hosp,1,39,quantile,0.1,7,2026-10-31
2026-10-24,wk inc flu hosp,1,39,quantile,0.15,9,2026-10-31
2026-10-24,wk inc flu hosp,1,39,quantile,0.2,10,2026-10-31
2026-10-24,wk inc flu hosp,1,39,quantile,0.25,11,2026-10-31
2026-10-24,wk inc flu hosp,1,39,quantile,0.3,11,2026-10-31
2026-10-24,wk inc flu hosp,1,39,quantile,0.35,13,2026-10-31
2026-10-24,wk inc flu hosp,1,39,quantile,0.4,14,2026-10-31
2026-10-24,wk inc flu hosp,1,39,quantile,0.45,14,2026-10-31
2026-10-24,wk inc flu hosp,1,39,quantile,0.5,15,2026-10-31
2026-10-24,wk inc flu hosp,1,39,quantile,0.55,16,2026-10-31
2026-10-24,wk inc flu hosp,1,39,quantile,0.6,16,2026-10-31
2026-10-24,wk inc flu hosp,1,39,quantile,0.65,17,2026-10-31
2026-10-24,wk inc flu hosp,1,39,quantile,0.7,18,2026-10-31
2026-10-24,wk inc flu hosp,1,39,quantile,0.75,19,2026-10-31
2026-10-24,wk inc flu hosp,1,39,quantile,0.8,21,2026-10-31
2026-10-24,wk inc flu hosp,1,39,quantile,0.85,23,2026-10-31
2026-10-24,wk inc flu hosp,1,39,quantile,0.9,26,2026-10-31
2026-10-24,wk inc flu hosp,1,39,quantile,0.95,28,2026-10-31
2026-10-24,wk inc flu hosp,1,39,quantile,0.975,29,2026-10-31
2026-10-24,wk inc flu hosp,1,39,quantile,0.99,36,2026-10-31
2026-10-24,wk inc flu hosp,1,40,quantile,0.01,0,2026-10-31
2026-10-24,wk inc flu hosp,1,40,quantile,0.025,0,2026-10-31
2026-10-24,wk inc flu hosp,1,40,quantile,0.05,1,2026-10-31
2026-10-24,wk inc flu hosp,1,40,quantile,0.1,2,2026-10-31
2026-10-24,wk inc flu hosp,1,40,quantile,0.15,3,2026-10-31
2026-10-24,wk inc flu hosp,1,40,quantile,0.2,4,2026-10-31
2026-10-24,wk inc flu hosp,1,40,quantile,0.25,6,2026-10-31
2026-10-24,wk inc flu hosp,1,40,quantile,0.3,7,2026-10-31
2026-10-24,wk inc flu hosp,1,40,quantile,0.35,8,2026-10-31
2026-10-24,wk inc flu hosp,1,40,quantile,0.4,8,2026-10-31
2026-10-24,wk inc flu hosp,1,40,quantile,0.45,8,2026-10-31
2026-10-24,wk inc flu hosp,1,40,quantile,0.5,9,2026-10-31
2026-10-24,wk inc flu hosp,1,40,quantile,0.55,10,2026-10-31
2026-10-24,wk inc flu hosp,1,40,quantile,0.6,11,2026-10-31
2026-10-24,wk inc flu hosp,1,40,quantile,0.65,12,2026-10-31
2026-10-24,wk inc flu hosp,1,40,quantile,0.7,13,2026-10-31
2026-10-24,wk inc flu hosp,1,40,quantile,0.75,13,2026-10-31
2026-10-24,wk inc flu hosp,1,40,quantile,0.8,14,2026-10-31
2026-10-24,wk inc flu hosp,1,40,quantile,0.85,17,2026-10-31
2026-10-24,wk inc flu hosp,1,40,quantile,0.9,20,2026-10-31
2026-10-24,wk inc flu hosp,1,40,quantile,0.95,25,2026-10-31
2026-10-24,wk inc flu hosp,1,40,quantile,0.975,27,2026-10-31
2026-10-24,wk inc flu hosp,1,40,quantile,0.99,34,2026-10-31
2026-10-24,wk inc flu hosp,1,41,quantile,0.01,0,2026-10-31
2026-10-24,wk inc flu hosp,1,41,quantile,0.025,0,2026-10-31
2026-10-24,wk inc flu hosp,1,41,quantile,0.05,0,2026-10-31
2026-10-24,wk inc flu hosp,1,41,quantile,0.1,0,2026-10-31
2026-10-24,wk inc flu hosp,1,41,quantile,0.15,1,2026-10-31
2026-10-24,wk inc flu hosp,1,41,quantile,0.2,2,2026-10-31
2026-10-24,wk inc flu hosp,1,41,quantile,0.25,2,2026-10-31
2026-10-24,wk inc flu hosp,1,41,quantile,0.3,2,2026-10-31
2026-10-24,wk inc flu hosp,1,41,quantile,0.35,3,2026-10-31
2026-10-24,wk inc flu hosp,1,41,quantile,0.4,3,2026-10-31
2026-10-24,wk inc flu hosp,1,41,quantile,0.45,4,2026-10-31
2026-10-24,wk inc flu hosp,1,41,quantile,0.5,4,2026-10-31
2026-10-24,wk inc flu hosp,1,41,quantile,0.55,5,2026-10-31
2026-10-24,wk inc flu hosp,1,41,quantile,0.6,6,2026-10-31
2026-10-24,wk inc flu hosp,1,41,quantile,0.65,7,2026-10-31
2026-10-24,wk inc flu hosp,1,41,quantile,0.7,8,2026-10-31
2026-10-24,wk inc flu hosp,1,41,quantile,0.75,9,2026-10-31
2026-10-24,wk inc flu hosp,1,41,quantile,0.8,9,2026-10-31
2026-10-24,wk inc flu hosp,1,41,quantile,0.85,11,2026-10-31
2026-10-24,wk inc flu hosp,1,41,quantile,0.9,12,2026-10-31
2026-10-24,wk inc flu hosp,1,41,quantile,0.95,15,2026-10-31
2026-10-24,wk inc flu hosp,1,41,quantile,0.975,19,2026-10-31
2026-10-24,wk inc flu hosp,1,41,quantile,0.99,20,2026-10-31
2026-10-24,wk inc flu hosp,1,42,quantile,0.01,25,2026-10-31
2026-10-24,wk inc flu hosp,1,42,quantile,0.025,26,2026-10-31
2026-10-24,wk inc flu hosp,1,42,quantile,0.05,30,2026-10-31
2026-10-24,wk inc flu hosp,1,42,quantile,0.1,34,2026-10-31
2026-10-24,wk inc flu hosp,1,42,quantile,0.15,38,2026-10-31
2026-10-24,wk inc flu hosp,1,42,quantile,0.2,41,2026-10-31
2026-10-24,wk inc flu hosp,1,42,quantile,0.25,43,2026-10-31
2026-10-24,wk inc flu hosp,1,42,quantile,0.3,47,2026-10-31
2026-10-24,wk inc flu hosp,1,42,quantile,0.35,50,2026-10-31
2026-10-24,wk inc flu hosp,1,42,quantile,0.4,53,2026-10-31
2026-10-24,wk inc flu hosp,1,42,quantile,0.45,55,2026-10-31
2026-10-24,wk inc flu hosp,1,42,quantile,0.5,58,2026-10-31
2026-10-24,wk inc flu hosp,1,42,quantile,0.55,61,2026-10-31
2026-10-24,wk inc flu hosp,1,42,quantile,0.6,63,2026-10-31
2026-10-24,wk inc flu hosp,1,42,quantile,0.65,68,2026-10-31
2026-10-24,wk inc flu hosp,1,42,quantile,0.7,71,2026-10-31
2026-10-24,wk inc flu hosp,1,42,quantile,0.75,73,2026-10-31
2026-10-24,wk inc flu hosp,1,42,quantile,0.8,78,2026-10-31
2026-10-24,wk inc flu hosp,1,42,quantile,0.85,83,2026-10-31
2026-10-24,wk inc flu hosp,1,42,quantile,0.9,97,2026-10-31
2026-10-24,wk inc flu hosp,1,42,quantile,0.95,110,2026-10-31
2026-10-24,wk inc flu hosp,1,42,quantile,0.975,118,2026-10-31
2026-10-24,wk inc flu hosp,1,42,quantile,0.99,129,2026-10-31
2026-10-24,wk inc flu hosp,1,44,quantile,0.01,0,2026-10-31
2026-10-24,wk inc flu hosp,1,44,quantile,0.025,0,2026-10-31
2026-10-24,wk inc flu hosp,1,44,quantile,0.05,0,2026-10-31
2026-10-24,wk inc flu hosp,1,44,quantile,0.1,0,2026-10-31
2026-10-24,wk inc flu hosp,1,44,quantile,0.15,0,2026-10-31
2026-10-24,wk inc flu hosp,1,44,quantile,0.2,0,2026-10-31
2026-10-24,wk inc flu hosp,1,44,quantile,0.25,0,2026-10-31
2026-10-24,wk inc flu hosp,1,44,quantile,0.3,0,2026-10-31
2026-10-24,wk inc flu hosp,1,44,quantile,0.35,1,2026-10-31
2026-10-24,wk inc flu hosp,1,44,quantile,0.4,1,2026-10-31
2026-10-24,wk inc flu hosp,1,44,quantile,0.45,2,2026-10-31
2026-10-24,wk inc flu hosp,1,44,quantile,0.5,2,2026-10-31
2026-10-24,wk inc flu hosp,1,44,quantile,0.55,2,2026-10-31
2026-10-24,wk inc flu hosp,1,44,quantile,0.6,3,2026-10-31
2026-10-24,wk inc flu hosp,1,44,quantile,0.65,4,2026-10-31
2026-10-24,wk inc flu hosp,1,44,quantile,0.7,4,2026-10-31
2026-10-24,wk inc flu hosp,1,44,quantile,0.75,5,2026-10-31
2026-10-24,wk inc flu hosp,1,44,quantile,0.8,5,2026-10-31
2026-10-24,wk inc flu hosp,1,44,quantile,0.85,6,2026-10-31
2026-10-24,wk inc flu hosp,1,44,quantile,0.9,7,2026-10-31
2026-10-24,wk inc flu hosp,1,44,quantile,0.95,9,2026-10-31
2026-10-24,wk inc flu hosp,1,44,quantile,0.975,11,2026-10-31
2026-10-24,wk inc flu hosp,1,44,quantile,0.99,12,2026-10-31
2026-10-24,wk inc flu hosp,1,45,quantile,0.01,0,2026-10-31
2026-10-24,wk inc flu hosp,1,45,quantile,0.025,0,2026-10-31
2026-10-24,wk inc flu hosp,1,45,quantile,0.05,0,2026-10-31
2026-10-24,wk inc flu hosp,1,45,quantile,0.1,1,2026-10-31
2026-10-24,wk inc flu hosp,1,45,quantile,0.15,2,2026-10-31
2026-10-24,wk inc flu hosp,1,45,quantile,0.2,3,2026-10-31
2026-10-24,wk inc flu hosp,1,45,quantile,0.25,3,2026-10-31
2026-10-24,wk inc flu hosp,1,45,quantile,0.3,4,2026-10-31
2026-10-24,wk inc flu hosp,1,45,quantile,0.35,5,2026-10-31
2026-10-24,wk inc flu hosp,1,45,quantile,0.4,6,2026-10-31
2026-10-24,wk inc flu hosp,1,45,quantile,0.45,7,2026-10-31
2026-10-24,wk inc flu hosp,1,45,quantile,0.5,8,2026-10-31
2026-10-24,wk inc flu hosp,1,45,quantile,0.55,9,2026-10-31
2026-10-24,wk inc flu hosp,1,45,quantile,0.6,10,2026-10-31
2026-10-24,wk inc flu hosp,1,45,quantile,0.65,11,2026-10-31
2026-10-24,wk inc flu hosp,1,45,quantile,0.7,13,2026-10-31
2026-10-24,wk inc flu hosp,1,45,quantile,0.75,14,2026-10-31
2026-10-24,wk inc flu hosp,1,45,quantile,0.8,16,2026-10-31
2026-10-24,wk inc flu hosp,1,45,quantile,0.85,18,2026-10-31
2026-10-24,wk inc flu hosp,1,45,quantile,0.9,19,2026-10-31
2026-10-24,wk inc flu hosp,1,45,quantile,0.95,22,2026-10-31
2026-10-24,wk inc flu hosp,1,45,quantile,0.975,30,2026-10-31
2026-10-24,wk inc flu hosp,1,45,quantile,0.99,31,2026-10-31
2026-10-24,wk inc flu hosp,1,46,quantile,0.01,0,2026-10-31
2026-10-24,wk inc flu hosp,1,46,quantile,0.025,0,2026-10-31
2026-10-24,wk inc flu hosp,1,46,quantile,0.05,0,2026-10-31
2026-10-24,wk inc flu hosp,1,46,quantile,0.1,0,2026-10-31
2026-10-24,wk inc flu hosp,1,46,quantile,0.15,0,2026-10-31
2026-10-24,wk inc flu hosp,1,46,quantile,0.2,0,2026-10-31
2026-10-24,wk inc flu hosp,1,46,quantile,0.25,0,2026-10-31
2026-10-24,wk inc flu hosp,1,46,quantile,0.3,0,2026-10-31
2026-10-24,wk inc flu hosp,1,46,quantile,0.35,1,2026-10-31
2026-10-24,wk inc flu hosp,1,46,quantile,0.4,1,2026-10-31
2026-10-24,wk inc flu hosp,1,46,quantile,0.45,1,2026-10-31
2026-10-24,wk inc flu hosp,1,46,quantile,0.5,1,2026-10-31
2026-10-24,wk inc flu hosp,1,46,quantile,0.55,1,2026-10-31
2026-10-24,wk inc flu hosp,1,46,quantile,0.6,2,2026-10-31
2026-10-24,wk inc flu hosp,1,46,quantile,0.65,2,2026-10-31
2026-10-24,wk inc flu hosp,1,46,quantile,0.7,3,2026-10-31
2026-10-24,wk inc flu hosp,1,46,quantile,0.75,3,2026-10-31
2026-10-24,wk inc flu hosp,1,46,quantile,0.8,4,2026-10-31
2026-10-24,wk inc flu hosp,1,46,quantile,0.85,5,2026-10-31
2026-10-24,wk inc flu hosp,1,46,quantile,0.9,6,2026-10-31
2026-10-24,wk inc flu hosp,1,46,quantile,0.95,8,2026-10-31
2026-10-24,wk inc flu hosp,1,46,quantile,0.975,10,2026-10-31
2026-10-24,wk inc flu hosp,1,46,quantile,0.99,13,2026-10-31
2026-10-24,wk inc flu hosp,1,47,quantile,0.01,7,2026-10-31
2026-10-24,wk inc flu hosp,1,47,quantile,0.025,11,2026-10-31
2026-10-24,wk inc flu hosp,1,47,quantile,0.05,13,2026-10-31
2026-10-24,wk inc flu hosp,1,47,quantile,0.1,16,2026-10-31
2026-10-24,wk inc flu hosp,1,47,quantile,0.15,17,2026-10-31
2026-10-24,wk inc flu hosp,1,47,quantile,0.2,19,2026-10-31
2026-10-24,wk inc flu hosp,1,47,quantile,0.25,20,2026-10-31
2026-10-24,wk inc flu hosp,1,47,quantile,0.3,21,2026-10-31
2026-10-24,wk inc flu hosp,1,47,quantile,0.35,22,2026-10-31
2026-10-24,wk inc flu hosp,1,47,quantile,0.4,22,2026-10-31
2026-10-24,wk inc flu hosp,1,47,quantile,0.45,23,2026-10-31
2026-10-24,wk inc flu hosp,1,47,quantile,0.5,25,2026-10-31
2026-10-24,wk inc flu hosp,1,47,quantile,0.55,26,2026-10-31
2026-10-24,wk inc flu hosp,1,47,quantile,0.6,28,2026-10-31
2026-10-24,wk inc flu hosp,1,47,quantile,0.65,29,2026-10-31
2026-10-24,wk inc flu hosp,1,47,quantile,0.7,30,2026-10-31
2026-10-24,wk inc flu hosp,1,47,quantile,0.75,32,2026-10-31
2026-10-24,wk inc flu hosp,1,47,quantile,0.8,33,2026-10-31
2026-10-24,wk inc flu hosp,1,47,quantile,0.85,35,2026-10-31
2026-10-24,wk inc flu hosp,1,47,quantile,0.9,37,2026-10-31
2026-10-24,wk inc flu hosp,1,47,quantile,0.95,41,2026-10-31
2026-10-24,wk inc flu hosp,1,47,quantile,0.975,43,2026-10-31
2026-10-24,wk inc flu hosp,1,47,quantile,0.99,57,2026-10-31
2026-10-24,wk inc flu hosp,1,48,quantile,0.01,52,2026-10-31
2026-10-24,wk inc flu hosp,1,48,quantile,0.025,67,2026-10-31
2026-10-24,wk inc flu hosp,1,48,quantile,0.05,69,2026-10-31
2026-10-24,wk inc flu hosp,1,48,quantile,0.1,86,2026-10-31
2026-10-24,wk inc flu hosp,1,48,quantile,0.15,91,2026-10-31
2026-10-24,wk inc flu hosp,1,48,quantile,0.2,94,2026-10-31
2026-10-24,wk inc flu hosp,1,48,quantile,0.25,99,2026-10-31
2026-10-24,wk inc flu hosp,1,48,quantile,0.3,108,2026-10-31
2026-10-24,wk inc flu hosp,1,48,quantile,0.35,115,2026-10-31
2026-10-24,wk inc flu hosp,1,48,quantile,0.4,123,2026-10-31
2026-10-24,wk inc flu hosp,1,48,quantile,0.45,128,2026-10-31
2026-10-24,wk inc flu hosp,1,48,quantile,0.5,132,2026-10-31
2026-10-24,wk inc flu hosp,1,48,quantile,0.55,143,2026-10-31
2026-10-24,wk inc flu hosp,1,48,quantile,0.6,150,2026-10-31
2026-10-24,wk inc flu hosp,1,48,quantile,0.65,159,2026-10-31
2026-10-24,wk inc flu hosp,1,48,quantile,0.7,169,2026-10-31
2026-10-24,wk inc flu hosp,1,48,quantile,0.75,180,2026-10-31
2026-10-24,wk inc flu hosp,1,48,quantile,0.8,195,2026-10-31
2026-10-24,wk inc flu hosp,1,48,quantile,0.85,214,2026-10-31
2026-10-24,wk inc flu hosp,1,48,quantile,0.9,233,2026-10-31
2026-10-24,wk inc flu hosp,1,48,quantile,0.95,277,2026-10-31
2026-10-24,wk inc flu hosp,1,48,quantile,0.975,320,2026-10-31
2026-10-24,wk inc flu hosp,1,48,quantile,0.99,379,2026-10-31
2026-10-24,wk inc flu hosp,1,49,quantile,0.01,0,2026-10-31
2026-10-24,wk inc flu hosp,1,49,quantile,0.025,0,2026-10-31
2026-10-24,wk inc flu hosp,1,49,quantile,0.05,0,2026-10-31
2026-10-24,wk inc flu hosp,1,49,quantile,0.1,0,2026-10-31
2026-10-24,wk inc flu hosp,1,49,quantile,0.15,1,2026-10-31
2026-10-24,wk inc flu hosp,1,49,quantile,0.2,1,2026-10-31
2026-10-24,wk inc flu hosp,1,49,quantile,0.25,1,2026-10-31
2026-10-24,wk inc flu hosp,1,49,quantile,0.3,1,2026-10-31
2026-10-24,wk inc flu hosp,1,49,quantile,0.35,2,2026-10-31
2026-10-24,wk inc flu hosp,1,49,quantile,0.4,2,2026-10-31
2026-10-24,wk inc flu hosp,1,49,quantile,0.45,3,2026-10-31
2026-10-24,wk inc flu hosp,1,49,quantile,0.5,3,2026-10-31
2026-10-24,wk inc flu hosp,1,49,quantile,0.55,4,2026-10-31
2026-10-24,wk inc flu hosp,1,49,quantile,0.6,4,2026-10-31
2026-10-24,wk inc flu hosp,1,49,quantile,0.65,4,2026-10-31
2026-10-24,wk inc flu hosp,1,49,quantile,0.7,5,2026-10-31
2026-10-24,wk inc flu hosp,1,49,quantile,0.75,5,2026-10-31
2026-10-24,wk inc flu hosp,1,49,quantile,0.8,6,2026-10-31
2026-10-24,wk inc flu hosp,1,49,quantile,0.85,7,2026-10-31
2026-10-24,wk inc flu hosp,1,49,quantile,0.9,9,2026-10-31
2026-10-24,wk inc flu hosp,1,49,quantile,0.95,12,2026-10-31
2026-10-24,wk inc flu hosp,1,49,quantile,0.975,13,2026-10-31
2026-10-24,wk inc flu hosp,1,49,quantile,0.99,16,2026-10-31
2026-10-24,wk inc flu hosp,1,50,quantile,0.01,0,2026-10-31
2026-10-24,wk inc flu hosp,1,50,quantile,0.025,0,2026-10-31
2026-10-24,wk inc flu hosp,1,50,quantile,0.05,0,2026-10-31
2026-10-24,wk inc flu hosp,1,50,quantile,0.1,0,2026-10-31
2026-10-24,wk inc flu hosp,1,50,quantile,0.15,0,2026-10-31
2026-10-24,wk inc flu hosp,1,50,quantile,0.2,0,2026-10-31
2026-10-24,wk inc flu hosp,1,50,quantile,0.25,0,2026-10-31
2026-10-24,wk inc flu hosp,1,50,quantile,0.3,0,2026-10-31
2026-10-24,wk inc flu hosp,1,50,quantile,0.35,0,2026-10-31
2026-10-24,wk inc flu hosp,1,50,quantile,0.4,0,2026-10-31
2026-10-24,wk inc flu hosp,1,50,quantile,0.45,0,2026-10-31
2026-10-24,wk inc flu hosp,1,50,quantile,0.5,1,2026-10-31
2026-10-24,wk inc flu hosp,1,50,quantile,0.55,1,2026-10-31
2026-10-24,wk inc flu hosp,1,50,quantile,0.6,1,2026-10-31
2026-10-24,wk inc flu hosp,1,50,quantile,0.65,1,2026-10-31
2026-10-24,wk inc flu hosp,1,50,quantile,0.7,2,2026-10-31
2026-10-24,wk inc flu hosp,1,50,quantile,0.75,2,2026-10-31
2026-10-24,wk inc flu hosp,1,50,quantile,0.8,2,2026-10-31
2026-10-24,wk inc flu hosp,1,50,quantile,0.85,3,2026-10-31
2026-10-24,wk inc flu hosp,1,50,quantile,0.9,4,2026-10-31
2026-10-24,wk inc flu hosp,1,50,quantile,0.95,6,2026-10-31
2026-10-24,wk inc flu hosp,1,50,quantile,0.975,8,2026-10-31
2026-10-24,wk inc flu hosp,1,50,quantile,0.99,8,2026-10-31
2026-10-24,wk inc flu hosp,1,51,quantile,0.01,5,2026-10-31
2026-10-24,wk inc flu hosp,1,51,quantile,0.025,6,2026-10-31
2026-10-24,wk inc flu hosp,1,51,quantile,0.05,8,2026-10-31
2026-10-24,wk inc flu hosp,1,51,quantile,0.1,10,2026-10-31
2026-10-24,wk inc flu hosp,1,51,quantile,0.15,12,2026-10-31
2026-10-24,wk inc flu hosp,1,51,quantile,0.2,12,2026-10-31
2026-10-24,wk inc flu hosp,1,51,quantile,0.25,14,2026-10-31
2026-10-24,wk inc flu hosp,1,51,quantile,0.3,15,2026-10-31
2026-10-24,wk inc flu hosp,1,51,quantile,0.35,16,2026-10-31
2026-10-24,wk inc flu hosp,1,51,quantile,0.4,17,2026-10-31
2026-10-24,wk inc flu hosp,1,51,quantile,0.45,18,2026-10-31
2026-10-24,wk inc flu hosp,1,51,quantile,0.5,19,2026-10-31
2026-10-24,wk inc flu hosp,1,51,quantile,0.55,20,2026-10-31
2026-10-24,wk inc flu hosp,1,51,quantile,0.6,22,2026-10-31
2026-10-24,wk inc flu hosp,1,51,quantile,0.65,23,2026-10-31
2026-10-24,wk inc flu hosp,1,51,quantile,0.7,25,2026-10-31
2026-10-24,wk inc flu hosp,1,51,quantile,0.75,26,2026-10-31
2026-10-24,wk inc flu hosp,1,51,quantile,0.8,28,2026-10-31
2026-10-24,wk inc flu hosp,1,51,quantile,0.85,31,2026-10-31
2026-10-24,wk inc flu hosp,1,51,quantile,0.9,34,2026-10-31
2026-10-24,wk inc flu hosp,1,51,quantile,0.95,38,2026-10-31
2026-10-24,wk inc flu hosp,1,51,quantile,0.975,45,2026-10-31
2026-10-24,wk inc flu hosp,1,51,quantile,0.99,49,2026-10-31
2026-10-24,wk inc flu hosp,1,53,quantile,0.01,0,2026-10-31
2026-10-24,wk inc flu hosp,1,53,quantile,0.025,0,2026-10-31
2026-10-24,wk inc flu hosp,1,53,quantile,0.05,0,2026-10-31
2026-10-24,wk inc flu hosp,1,53,quantile,0.1,1,2026-10-31
2026-10-24,wk inc flu hosp,1,53,quantile,0.15,2,2026-10-31
2026-10-24,wk inc flu hosp,1,53,quantile,0.2,3,2026-10-31
2026-10-24,wk inc flu hosp,1,53,quantile,0.25,3,2026-10-31
2026-10-24,wk inc flu hosp,1,53,quantile,0.3,5,2026-10-31
2026-10-24,wk inc flu hosp,1,53,quantile,0.35,5,2026-10-31
2026-10-24,wk inc flu hosp,1,53,quantile,0.4,6,2026-10-31
2026-10-24,wk inc flu hosp,1,53,quantile,0.45,7,2026-10-31
2026-10-24,wk inc flu hosp,1,53,quantile,0.5,8,2026-10-31
2026-10-24,wk inc flu hosp,1,53,quantile,0.55,8,2026-10-31
2026-10-24,wk inc flu hosp,1,53,quantile,0.6,9,2026-10-31
2026-10-24,wk inc flu hosp,1,53,quantile,0.65,10,2026-10-31
2026-10-24,wk inc flu hosp,1,53,quantile,0.7,12,2026-10-31
2026-10-24,wk inc flu hosp,1,53,quantile,0.75,13,2026-10-31
2026-10-24,wk inc flu hosp,1,53,quantile,0.8,14,2026-10-31
2026-10-24,wk inc flu hosp,1,53,quantile,0.85,16,2026-10-31
2026-10-24,wk inc flu hosp,1,53,quantile,0.9,18,2026-10-31
2026-10-24,wk inc flu hosp,1,53,quantile,0.95,21,2026-10-31
2026-10-24,wk inc flu hosp,1,53,quantile,0.975,22,2026-10-31
2026-10-24,wk inc flu hosp,1,53,quantile,0.99,25,2026-10-31
2026-10-24,wk inc flu hosp,1,54,quantile,0.01,0,2026-10-31
2026-10-24,wk inc flu hosp,1,54,quantile,0.025,0,2026-10-31
2026-10-24,wk inc flu hosp,1,54,quantile,0.05,0,2026-10-31
2026-10-24,wk inc flu hosp,1,54,quantile,0.1,0,2026-10-31
2026-10-24,wk inc flu hosp,1,54,quantile,0.15,0,2026-10-31
2026-10-24,wk inc flu hosp,1,54,quantile,0.2,0,2026-10-31
2026-10-24,wk inc flu hosp,1,54,quantile,0.25,0,2026-10-31
2026-10-24,wk inc flu hosp,1,54,quantile,0.3,0,2026-10-31
2026-10-24,wk inc flu hosp,1,54,quantile,0.35,1,2026-10-31
2026-10-24,wk inc flu hosp,1,54,quantile,0.4,1,2026-10-31
2026-10-24,wk inc flu hosp,1,54,quantile,0.45,1,2026-10-31
2026-10-24,wk inc flu hosp,1,54,quantile,0.5,1,2026-10-31
2026-10-24,wk inc flu hosp,1,54,quantile,0.55,2,2026-10-31
2026-10-24,wk inc flu hosp,1,54,quantile,0.6,2,2026-10-31
2026-10-24,wk inc flu hosp,1,54,quantile,0.65,2,2026-10-31
2026-10-24,wk inc flu hosp,1,54,quantile,0.7,3,2026-10-31
2026-10-24,wk inc flu hosp,1,54,quantile,0.75,3,2026-10-31
2026-10-24,wk inc flu hosp,1,54,quantile,0.8,4,2026-10-31
2026-10-24,wk inc flu hosp,1,54,quantile,0.85,5,2026-10-31
2026-10-24,wk inc flu hosp,1,54,quantile,0.9,6,2026-10-31
2026-10-24,wk inc flu hosp,1,54,quantile,0.95,8,2026-10-31
2026-10-24,wk inc flu hosp,1,54,quantile,0.975,9,2026-10-31
2026-10-24,wk inc flu hosp,1,54,quantile,0.99,10,2026-10-31
2026-10-24,wk inc flu hosp,1,55,quantile,0.01,0,2026-10-31
2026-10-24,wk inc flu hosp,1,55,quantile,0.025,1,2026-10-31
2026-10-24,wk inc flu hosp,1,55,quantile,0.05,2,2026-10-31
2026-10-24,wk inc flu hosp,1,55,quantile,0.1,3,2026-10-31
2026-10-24,wk inc flu hosp,1,55,quantile,0.15,3,2026-10-31
2026-10-24,wk inc flu hosp,1,55,quantile,0.2,4,2026-10-31
2026-10-24,wk inc flu hosp,1,55,quantile,0.25,5,2026-10-31
2026-10-24,wk inc flu hosp,1,55,quantile,0.3,6,2026-10-31
2026-10-24,wk inc flu hosp,1,55,quantile,0.35,6,2026-10-31
2026-10-24,wk inc flu hosp,1,55,quantile,0.4,7,2026-10-31
2026-10-24,wk inc flu hosp,1,55,quantile,0.45,7,2026-10-31
2026-10-24,wk inc flu hosp,1,55,quantile,0.5,8,2026-10-31
2026-10-24,wk inc flu hosp,1,55,quantile,0.55,8,2026-10-31
2026-10-24,wk inc flu hosp,1,55,quantile,0.6,9,2026-10-31
2026-10-24,wk inc flu hosp,1,55,quantile,0.65,9,2026-10-31
2026-10-24,wk inc flu hosp,1,55,quantile,0.7,10,2026-10-31
2026-10-24,wk inc flu hosp,1,55,quantile,0.75,10,2026-10-31
2026-10-24,wk inc flu hosp,1,55,quantile,0.8,12,2026-10-31
2026-10-24,wk inc flu hosp,1,55,quantile,0.85,13,2026-10-31
2026-10-24,wk inc flu hosp,1,55,quantile,0.9,14,2026-10-31
2026-10-24,wk inc flu hosp,1,55,quantile,0.95,17,2026-10-31
2026-10-24,wk inc flu hosp,1,55,quantile,0.975,19,2026-10-31
2026-10-24,wk inc flu hosp,1,55,quantile,0.99,20,2026-10-31
2026-10-24,wk inc flu hosp,1,56,quantile,0.01,0,2026-10-31
2026-10-24,wk inc flu hosp,1,56,quantile,0.025,0,2026-10-31
2026-10-24,wk inc flu hosp,1,56,quantile,0.05,0,2026-10-31
2026-10-24,wk inc flu hosp,1,56,quantile,0.1,0,2026-10-31
2026-10-24,wk inc flu hosp,1,56,quantile,0.15,1,2026-10-31
2026-10-24,wk inc flu hosp,1,56,quantile,0.2,1,2026-10-31
2026-10-24,wk inc flu hosp,1,56,quantile,0.25,2,2026-10-31
2026-10-24,wk inc flu hosp,1,56,quantile,0.3,3,2026-10-31
2026-10-24,wk inc flu hosp,1,56,quantile,0.35,4,2026-10-31
2026-10-24,wk inc flu hosp,1,56,quantile,0.4,4,2026-10-31
2026-10-24,wk inc flu hosp,1,56,quantile,0.45,5,2026-10-31
2026-10-24,wk inc flu hosp,1,56,quantile,0.5,6,2026-10-31
2026-10-24,wk inc flu hosp,1,56,quantile,0.55,7,2026-10-31
2026-10-24,wk inc flu hosp,1,56,quantile,0.6,8,2026-10-31
2026-10-24,wk inc flu hosp,1,56,quantile,0.65,9,2026-10-31
2026-10-24,wk inc flu hosp,1,56,quantile,0.7,9,2026-10-31
2026-10-24,wk inc flu hosp,1,56,quantile,0.75,11,2026-10-31
2026-10-24,wk inc flu hosp,1,56,quantile,0.8,12,2026-10-31
2026-10-24,wk inc flu hosp,1,56,quantile,0.85,13,2026-10-31
2026-10-24,wk inc flu hosp,1,56,quantile,0.9,15,2026-10-31
2026-10-24,wk inc flu hosp,1,56,quantile,0.95,19,2026-10-31
2026-10-24,wk inc flu hosp,1,56,quantile,0.975,22,2026-10-31
2026-10-24,wk inc flu hosp,1,56,quantile,0.99,24,2026-10-31
2026-10-24,wk inc flu hosp,1,72,quantile,0.01,9,2026-10-31
2026-10-24,wk inc flu hosp,1,72,quantile,0.025,14,2026-10-31
2026-10-24,wk inc flu hosp,1,72,quantile,0.05,16,2026-10-31
2026-10-24,wk inc flu hosp,1,72,quantile,0.1,20,2026-10-31
2026-10-24,wk inc flu hosp,1,72,quantile,0.15,22,2026-10-31
2026-10-24,wk inc flu hosp,1,72,quantile,0.2,25,2026-10-31
2026-10-24,wk inc flu hosp,1,72,quantile,0.25,26,2026-10-31
2026-10-24,wk inc flu hosp,1,72,quantile,0.3,28,2026-10-31
2026-10-24,wk inc flu hosp,1,72,quantile,0.35,30,2026-10-31
2026-10-24,wk inc flu hosp,1,72,quantile,0.4,33,2026-10-31
2026-10-24,wk inc flu hosp,1,72,quantile,0.45,36,2026-10-31
2026-10-24,wk inc flu hosp,1,72,quantile,0.5,40,2026-10-31
2026-10-24,wk inc flu hosp,1,72,quantile,0.55,43,2026-10-31
2026-10-24,wk inc flu hosp,1,72,quantile,0.6,48,2026-10-31
2026-10-24,wk inc flu hosp,1,72,quantile,0.65,52,2026-10-31
2026-10-24,wk inc flu hosp,1,72,quantile,0.7,58,2026-10-31
2026-10-24,wk inc flu hosp,1,72,quantile,0.75,61,2026-10-31
2026-10-24,wk inc flu hosp,1,72,quantile,0.8,65,2026-10-31
2026-10-24,wk inc flu hosp,1,72,quantile,0.85,70,2026-10-31
2026-10-24,wk inc flu hosp,1,72,quantile,0.9,88,2026-10-31
2026-10-24,wk inc flu hosp,1,72,quantile,0.95,114,2026-10-31
2026-10-24,wk inc flu hosp,1,72,quantile,0.975,126,2026-10-31
2026-10-24,wk inc flu hosp,1,72,quantile,0.99,157,2026-10-31
2026-10-24,wk inc flu hosp,1,USA,quantile,0.01,815,2026-10-31
2026-10-24,wk inc flu hosp,1,USA,quantile,0.025,833,2026-10-31
2026-10-24,wk inc flu hosp,1,USA,quantile,0.05,870,2026-10-31
2026-10-24,wk inc flu hosp,1,USA,quantile,0.1,903,2026-10-31
2026-10-24,wk inc flu hosp,1,USA,quantile,0.15,929,2026-10-31
2026-10-24,wk inc flu hosp,1,USA,quantile,0.2,949,2026-10-31
2026-10-24,wk inc flu hosp,1,USA,quantile,0.25,980,2026-10-31
2026-10-24,wk inc flu hosp,1,USA,quantile,0.3,998,2026-10-31
2026-10-24,wk inc flu hosp,1,USA,quantile,0.35,1021,2026-10-31
2026-10-24,wk inc flu hosp,1,USA,quantile,0.4,1042,2026-10-31
2026-10-24,wk inc flu hosp,1,USA,quantile,0.45,1055,2026-10-31
2026-10-24,wk inc flu hosp,1,USA,quantile,0.5,1073,2026-10-31
2026-10-24,wk inc flu hosp,1,USA,quantile,0.55,1092,2026-10-31
2026-10-24,wk inc flu hosp,1,USA,quantile,0.6,1117,2026-10-31
2026-10-24,wk inc flu hosp,1,USA,quantile,0.65,1131,2026-10-31
2026-10-24,wk inc flu hosp,1,USA,quantile,0.7,1159,2026-10-31
2026-10-24,wk inc flu hosp,1,USA,quantile,0.75,1192,2026-10-31
2026-10-24,wk inc flu hosp,1,USA,quantile,0.8,1209,2026-10-31
2026-10-24,wk inc flu hosp,1,USA,quantile,0.85,1242,2026-10-31
2026-10-24,wk inc flu hosp,1,USA,quantile,0.9,1268,2026-10-31
2026-10-24,wk inc flu hosp,1,USA,quantile,0.95,1337,2026-10-31
2026-10-24,wk inc flu hosp,1,USA,quantile,0.975,1410,2026-10-31
2026-10-24,wk inc flu hosp,1,USA,quantile,0.99,1453,2026-10-31
2026-10-24,wk inc flu hosp,2,01,quantile,0.01,3,2026-11-07
2026-10-24,wk inc flu hosp,2,01,quantile,0.025,4,2026-11-07
2026-10-24,wk inc flu hosp,2,01,quantile,0.05,6,2026-11-07
2026-10-24,wk inc flu hosp,2,01,quantile,0.1,7,2026-11-07
2026-10-24,wk inc flu hosp,2,01,quantile,0.15,9,2026-11-07
2026-10-24,wk inc flu hosp,2,01,quantile,0.2,11,2026-11-07
2026-10-24,wk inc flu hosp,2,01,quantile,0.25,12,2026-11-07
2026-10-24,wk inc flu hosp,2,01,quantile,0.3,14,2026-11-07
2026-10-24,wk inc flu hosp,2,01,quantile,0.35,15,2026-11-07
2026-10-24,wk inc flu hosp,2,01,quantile,0.4,18,2026-11-07
2026-10-24,wk inc flu hosp,2,01,quantile,0.45,20,2026-11-07
2026-10-24,wk inc flu hosp,2,01,quantile,0.5,23,2026-11-07
2026-10-24,wk inc flu hosp,2,01,quantile,0.55,25,2026-11-07
2026-10-24,wk inc flu hosp,2,01,quantile,0.6,27,2026-11-07
2026-10-24,wk inc flu hosp,2,01,quantile,0.65,29,2026-11-07
2026-10-24,wk inc flu hosp,2,01,quantile,0.7,30,2026-11-07
2026-10-24,wk inc flu hosp,2,01,quantile,0.75,32,2026-11-07
2026-10-24,wk inc flu hosp,2,01,quantile,0.8,38,2026-11-07
2026-10-24,wk inc flu hosp,2,01,quantile,0.85,41,2026-11-07
2026-10-24,wk inc flu hosp,2,01,quantile,0.9,49,2026-11-07
2026-10-24,wk inc flu hosp,2,01,quantile,0.95,61,2026-11-07
2026-10-24,wk inc flu hosp,2,01,quantile,0.975,66,2026-11-07
2026-10-24,wk inc flu hosp,2,01,quantile,0.99,78,2026-11-07
2026-10-24,wk inc flu hosp,2,02,quantile,0.01,0,2026-11-07
2026-10-24,wk inc flu hosp,2,02,quantile,0.025,0,2026-11-07
2026-10-24,wk inc flu hosp,2,02,quantile,0.05,0,2026-11-07
2026-10-24,wk inc flu hosp,2,02,quantile,0.1,1,2026-11-07
2026-10-24,wk inc flu hosp,2,02,quantile,0.15,2,2026-11-07
2026-10-24,wk inc flu hosp,2,02,quantile,0.2,4,2026-11-07
2026-10-24,wk inc flu hosp,2,02,quantile,0.25,5,2026-11-07
2026-10-24,wk inc flu hosp,2,02,quantile,0.3,8,2026-11-07
2026-10-24,wk inc flu hosp,2,02,quantile,0.35,9,2026-11-07
2026-10-24,wk inc flu hosp,2,02,quantile,0.4,10,2026-11-07
2026-10-24,wk inc flu hosp,2,02,quantile,0.45,12,2026-11-07
2026-10-24,wk inc flu hosp,2,02,quantile,0.5,13,2026-11-07
2026-10-24,wk inc flu hosp,2,02,quantile,0.55,15,2026-11-07
2026-10-24,wk inc flu hosp,2,02,quantile,0.6,17,2026-11-07
2026-10-24,wk inc flu hosp,2,02,quantile,0.65,19,2026-11-07
2026-10-24,wk inc flu hosp,2,02,quantile,0.7,22,2026-11-07
2026-10-24,wk inc flu hosp,2,02,quantile,0.75,24,2026-11-07
2026-10-24,wk inc flu hosp,2,02,quantile,0.8,26,2026-11-07
2026-10-24,wk inc flu hosp,2,02,quantile,0.85,31,2026-11-07
2026-10-24,wk inc flu hosp,2,02,quantile,0.9,38,2026-11-07
2026-10-24,wk inc flu hosp,2,02,quantile,0.95,50,2026-11-07
2026-10-24,wk inc flu hosp,2,02,quantile,0.975,64,2026-11-07
2026-10-24,wk inc flu hosp,2,02,quantile,0.99,73,2026-11-07
2026-10-24,wk inc flu hosp,2,04,quantile,0.01,11,2026-11-07
2026-10-24,wk inc flu hosp,2,04,quantile,0.025,13,2026-11-07
2026-10-24,wk inc flu hosp,2,04,quantile,0.05,15,2026-11-07
2026-10-24,wk inc flu hosp,2,04,quantile,0.1,20,2026-11-07
2026-10-24,wk inc flu hosp,2,04,quantile,0.15,23,2026-11-07
2026-10-24,wk inc flu hosp,2,04,quantile,0.2,28,2026-11-07
2026-10-24,wk inc flu hosp,2,04,quantile,0.25,29,2026-11-07
2026-10-24,wk inc flu hosp,2,04,quantile,0.3,31,2026-11-07
2026-10-24,wk inc flu hosp,2,04,quantile,0.35,35,2026-11-07
2026-10-24,wk inc flu hosp,2,04,quantile,0.4,39,2026-11-07
2026-10-24,wk inc flu hosp,2,04,quantile,0.45,41,2026-11-07
2026-10-24,wk inc flu hosp,2,04,quantile,0.5,43,2026-11-07
2026-10-24,wk inc flu hosp,2,04,quantile,0.55,46,2026-11-07
2026-10-24,wk inc flu hosp,2,04,quantile,0.6,49,2026-11-07
2026-10-24,wk inc flu hosp,2,04,quantile,0.65,51,2026-11-07
2026-10-24,wk inc flu hosp,2,04,quantile,0.7,53,2026-11-07
2026-10-24,wk inc flu hosp,2,04,quantile,0.75,55,2026-11-07
2026-10-24,wk inc flu hosp,2,04,quantile,0.8,58,2026-11-07
2026-10-24,wk inc flu hosp,2,04,quantile,0.85,68,2026-11-07
2026-10-24,wk inc flu hosp,2,04,quantile,0.9,80,2026-11-07
2026-10-24,wk inc flu hosp,2,04,quantile,0.95,92,2026-11-07
2026-10-24,wk inc flu hosp,2,04,quantile,0.975,123,2026-11-07
2026-10-24,wk inc flu hosp,2,04,quantile,0.99,135,2026-11-07
2026-10-24,wk inc flu hosp,2,05,quantile,0.01,0,2026-11-07
2026-10-24,wk inc flu hosp,2,05,quantile,0.025,0,2026-11-07
2026-10-24,wk inc flu hosp,2,05,quantile,0.05,0,2026-11-07
2026-10-24,wk inc flu hosp,2,05,quantile,0.1,2,2026-11-07
2026-10-24,wk inc flu hosp,2,05,quantile,0.15,3,2026-11-07
2026-10-24,wk inc flu hosp,2,05,quantile,0.2,4,2026-11-07
2026-10-24,wk inc flu hosp,2,05,quantile,0.25,5,2026-11-07
2026-10-24,wk inc flu hosp,2,05,quantile,0.3,6,2026-11-07
2026-10-24,wk inc flu hosp,2,05,quantile,0.35,7,2026-11-07
2026-10-24,wk inc flu hosp,2,05,quantile,0.4,7,2026-11-07
2026-10-24,wk inc flu hosp,2,05,quantile,0.45,9,2026-11-07
2026-10-24,wk inc flu hosp,2,05,quantile,0.5,9,2026-11-07
2026-10-24,wk inc flu hosp,2,05,quantile,0.55,10,2026-11-07
2026-10-24,wk inc flu hosp,2,05,quantile,0.6,11,2026-11-07
2026-10-24,wk inc flu hosp,2,05,quantile,0.65,12,2026-11-07
2026-10-24,wk inc flu hosp,2,05,quantile,0.7,14,2026-11-07
2026-10-24,wk inc flu hosp,2,05,quantile,0.75,16,2026-11-07
2026-10-24,wk inc flu hosp,2,05,quantile,0.8,18,2026-11-07
2026-10-24,wk inc flu hosp,2,05,quantile,0.85,21,2026-11-07
2026-10-24,wk inc flu hosp,2,05,quantile,0.9,24,2026-11-07
2026-10-24,wk inc flu hosp,2,05,quantile,0.95,30,2026-11-07
2026-10-24,wk inc flu hosp,2,05,quantile,0.975,33,2026-11-07
2026-10-24,wk inc flu hosp,2,05,quantile,0.99,43,2026-11-07
2026-10-24,wk inc flu hosp,2,06,quantile,0.01,36,2026-11-07
2026-10-24,wk inc flu hosp,2,06,quantile,0.025,41,2026-11-07
2026-10-24,wk inc flu hosp,2,06,quantile,0.05,51,2026-11-07
2026-10-24,wk inc flu hosp,2,06,quantile,0.1,58,2026-11-07
2026-10-24,wk inc flu hosp,2,06,quantile,0.15,71,2026-11-07
2026-10-24,wk inc flu hosp,2,06,quantile,0.2,73,2026-11-07
2026-10-24,wk inc flu hosp,2,06,quantile,0.25,78,2026-11-07
2026-10-24,wk inc flu hosp,2,06,quantile,0.3,86,2026-11-07
2026-10-24,wk inc flu hosp,2,06,quantile,0.35,90,2026-11-07
2026-10-24,wk inc flu hosp,2,06,quantile,0.4,96,2026-11-07
2026-10-24,wk inc flu hosp,2,06,quantile,0.45,101,2026-11-07
2026-10-24,wk inc flu hosp,2,06,quantile,0.5,106,2026-11-07
2026-10-24,wk inc flu hosp,2,06,quantile,0.55,112,2026-11-07
2026-10-24,wk inc flu hosp,2,06,quantile,0.6,118,2026-11-07
2026-10-24,wk inc flu hosp,2,06,quantile,0.65,122,2026-11-07
2026-10-24,wk inc flu hosp,2,06,quantile,0.7,129,2026-11-07
2026-10-24,wk inc flu hosp,2,06,quantile,0.75,142,2026-11-07
2026-10-24,wk inc flu hosp,2,06,quantile,0.8,150,2026-11-07
2026-10-24,wk inc flu hosp,2,06,quantile,0.85,158,2026-11-07
2026-10-24,wk inc flu hosp,2,06,quantile,0.9,178,2026-11-07
2026-10-24,wk inc flu hosp,2,06,quantile,0.95,198,2026-11-07
2026-10-24,wk inc flu hosp,2,06,quantile,0.975,209,2026-11-07
2026-10-24,wk inc flu hosp,2,06,quantile,0.99,214,2026-11-07
2026-10-24,wk inc flu hosp,2,08,quantile,0.01,1,2026-11-07
2026-10-24,wk inc flu hosp,2,08,quantile,0.025,3,2026-11-07
2026-10-24,wk inc flu hosp,2,08,quantile,0.05,5,2026-11-07
2026-10-24,wk inc flu hosp,2,08,quantile,0.1,7,2026-11-07
2026-10-24,wk inc flu hosp,2,08,quantile,0.15,9,2026-11-07
2026-10-24,wk inc flu hosp,2,08,quantile,0.2,11,2026-11-07
2026-10-24,wk inc flu hosp,2,08,quantile,0.25,12,2026-11-07
2026-10-24,wk inc flu hosp,2,08,quantile,0.3,13,2026-11-07
2026-10-24,wk inc flu hosp,2,08,quantile,0.35,14,2026-11-07
2026-10-24,wk inc flu hosp,2,08,quantile,0.4,15,2026-11-07
2026-10-24,wk inc flu hosp,2,08,quantile,0.45,16,2026-11-07
2026-10-24,wk inc flu hosp,2,08,quantile,0.5,17,2026-11-07
2026-10-24,wk inc flu hosp,2,08,quantile,0.55,18,2026-11-07
2026-10-24,wk inc flu hosp,2,08,quantile,0.6,19,2026-11-07
2026-10-24,wk inc flu hosp,2,08,quantile,0.65,20,2026-11-07
2026-10-24,wk inc flu hosp,2,08,quantile,0.7,22,2026-11-07
2026-10-24,wk inc flu hosp,2,08,quantile,0.75,24,2026-11-07
2026-10-24,wk inc flu hosp,2,08,quantile,0.8,25,2026-11-07
2026-10-24,wk inc flu hosp,2,08,quantile,0.85,29,2026-11-07
2026-10-24,wk inc flu hosp,2,08,quantile,0.9,31,2026-11-07
2026-10-24,wk inc flu hosp,2,08,quantile,0.95,34,2026-11-07
2026-10-24,wk inc flu hosp,2,08,quantile,0.975,38,2026-11-07
2026-10-24,wk inc flu hosp,2,08,quantile,0.99,43,2026-11-07
2026-10-24,wk inc flu hosp,2,09,quantile,0.01,0,2026-11-07
2026-10-24,wk inc flu hosp,2,09,quantile,0.025,0,2026-11-07
2026-10-24,wk inc flu hosp,2,09,quantile,0.05,0,2026-11-07
2026-10-24,wk inc flu hosp,2,09,quantile,0.1,1,2026-11-07
2026-10-24,wk inc flu hosp,2,09,quantile,0.15,3,2026-11-07
2026-10-24,wk inc flu hosp,2,09,quantile,0.2,4,2026-11-07
2026-10-24,wk inc flu hosp,2,09,quantile,0.25,5,2026-11-07
2026-10-24,wk inc flu hosp,2,09,quantile,0.3,5,2026-11-07
2026-10-24,wk inc flu hosp,2,09,quantile,0.35,7,2026-11-07
2026-10-24,wk inc flu hosp,2,09,quantile,0.4,8,2026-11-07
2026-10-24,wk inc flu hosp,2,09,quantile,0.45,8,2026-11-07
2026-10-24,wk inc flu hosp,2,09,quantile,0.5,9,2026-11-07
2026-10-24,wk inc flu hosp,2,09,quantile,0.55,10,2026-11-07
2026-10-24,wk inc flu hosp,2,09,quantile,0.6,11,2026-11-07
2026-10-24,wk inc flu hosp,2,09,quantile,0.65,11,2026-11-07
2026-10-24,wk inc flu hosp,2,09,quantile,0.7,12,2026-11-07
2026-10-24,wk inc flu hosp,2,09,quantile,0.75,14,2026-11-07
2026-10-24,wk inc flu hosp,2,09,quantile,0.8,15,2026-11-07
2026-10-24,wk inc flu hosp,2,09,quantile,0.85,16,2026-11-07
2026-10-24,wk inc flu hosp,2,09,quantile,0.9,17,2026-11-07
2026-10-24,wk inc flu hosp,2,09,quantile,0.95,23,2026-11-07
2026-10-24,wk inc flu hosp,2,09,quantile,0.975,28,2026-11-07
2026-10-24,wk inc flu hosp,2,09,quantile,0.99,33,2026-11-07
2026-10-24,wk inc flu hosp,2,10,quantile,0.01,0,2026-11-07
2026-10-24,wk inc flu hosp,2,10,quantile,0.025,0,2026-11-07
2026-10-24,wk inc flu hosp,2,10,quantile,0.05,0,2026-11-07
2026-10-24,wk inc flu hosp,2,10,quantile,0.1,0,2026-11-07
2026-10-24,wk inc flu hosp,2,10,quantile,0.15,0,2026-11-07
2026-10-24,wk inc flu hosp,2,10,quantile,0.2,0,2026-11-07
2026-10-24,wk inc flu hosp,2,10,quantile,0.25,0,2026-11-07
2026-10-24,wk inc flu hosp,2,10,quantile,0.3,0,2026-11-07
2026-10-24,wk inc flu hosp,2,10,quantile,0.35,0,2026-11-07
2026-10-24,wk inc flu hosp,2,10,quantile,0.4,0,2026-11-07
2026-10-24,wk inc flu hosp,2,10,quantile,0.45,0,2026-11-07
2026-10-24,wk inc flu hosp,2,10,quantile,0.5,0,2026-11-07
2026-10-24,wk inc flu hosp,2,10,quantile,0.55,1,2026-11-07
2026-10-24,wk inc flu hosp,2,10,quantile,0.6,1,2026-11-07
2026-10-24,wk inc flu hosp,2,10,quantile,0.65,2,2026-11-07
2026-10-24,wk inc flu hosp,2,10,quantile,0.7,2,2026-11-07
2026-10-24,wk inc flu hosp,2,10,quantile,0.75,3,2026-11-07
2026-10-24,wk inc flu hosp,2,10,quantile,0.8,4,2026-11-07
2026-10-24,wk inc flu hosp,2,10,quantile,0.85,5,2026-11-07
2026-10-24,wk inc flu hosp,2,10,quantile,0.9,7,2026-11-07
2026-10-24,wk inc flu hosp,2,10,quantile,0.95,11,2026-11-07
2026-10-24,wk inc flu hosp,2,10,quantile,0.975,12,2026-11-07
2026-10-24,wk inc flu hosp,2,10,quantile,0.99,13,2026-11-07
2026-10-24,wk inc flu hosp,2,11,quantile,0.01,0,2026-11-07
2026-10-24,wk inc flu hosp,2,11,quantile,0.025,0,2026-11-07
2026-10-24,wk inc flu hosp,2,11,quantile,0.05,0,2026-11-07
2026-10-24,wk inc flu hosp,2,11,quantile,0.1,0,2026-11-07
2026-10-24,wk inc flu hosp,2,11,quantile,0.15,0,2026-11-07
2026-10-24,wk inc flu hosp,2,11,quantile,0.2,0,2026-11-07
2026-10-24,wk inc flu hosp,2,11,quantile,0.25,0,2026-11-07
2026-10-24,wk inc flu hosp,2,11,quantile,0.3,0,2026-11-07
2026-10-24,wk inc flu hosp,2,11,quantile,0.35,0,2026-11-07
2026-10-24,wk inc flu hosp,2,11,quantile,0.4,0,2026-11-07
2026-10-24,wk inc flu hosp,2,11,quantile,0.45,0,2026-11-07
2026-10-24,wk inc flu hosp,2,11,quantile,0.5,0,2026-11-07
2026-10-24,wk inc flu hosp,2,11,quantile,0.55,0,2026-11-07
2026-10-24,wk inc flu hosp,2,11,quantile,0.6,1,2026-11-07
2026-10-24,wk inc flu hosp,2,11,quantile,0.65,1,2026-11-07
2026-10-24,wk inc flu hosp,2,11,quantile,0.7,2,2026-11-07
2026-10-24,wk inc flu hosp,2,11,quantile,0.75,3,2026-11-07
2026-10-24,wk inc flu hosp,2,11,quantile,0.8,4,2026-11-07
2026-10-24,wk inc flu hosp,2,11,quantile,0.85,6,2026-11-07
2026-10-24,wk inc flu hosp,2,11,quantile,0.9,9,2026-11-07
2026-10-24,wk inc flu hosp,2,11,quantile,0.95,12,2026-11-07
2026-10-24,wk inc flu hosp,2,11,quantile,0.975,14,2026-11-07
2026-10-24,wk inc flu hosp,2,11,quantile,0.99,18,2026-11-07
2026-10-24,wk inc flu hosp,2,12,quantile,0.01,109,2026-11-07
2026-10-24,wk inc flu hosp,2,12,quantile,0.025,119,2026-11-07
2026-10-24,wk inc flu hosp,2,12,quantile,0.05,133,2026-11-07
2026-10-24,wk inc flu hosp,2,12,quantile,0.1,150,2026-11-07
2026-10-24,wk inc flu hosp,2,12,quantile,0.15,174,2026-11-07
2026-10-24,wk inc flu hosp,2,12,quantile,0.2,188,2026-11-07
2026-10-24,wk inc flu hosp,2,12,quantile,0.25,194,2026-11-07
2026-10-24,wk inc flu hosp,2,12,quantile,0.3,202,2026-11-07
2026-10-24,wk inc flu hosp,2,12,quantile,0.35,217,2026-11-07
2026-10-24,wk inc flu hosp,2,12,quantile,0.4,225,2026-11-07
2026-10-24,wk inc flu hosp,2,12,quantile,0.45,241,2026-11-07
2026-10-24,wk inc flu hosp,2,12,quantile,0.5,250,2026-11-07
2026-10-24,wk inc flu hosp,2,12,quantile,0.55,265,2026-11-07
2026-10-24,wk inc flu hosp,2,12,quantile,0.6,282,2026-11-07
2026-10-24,wk inc flu hosp,2,12,quantile,0.65,291,2026-11-07
2026-10-24,wk inc flu hosp,2,12,quantile,0.7,309,2026-11-07
2026-10-24,wk inc flu hosp,2,12,quantile,0.75,327,2026-11-07
2026-10-24,wk inc flu hosp,2,12,quantile,0.8,362,2026-11-07
2026-10-24,wk inc flu hosp,2,12,quantile,0.85,384,2026-11-07
2026-10-24,wk inc flu hosp,2,12,quantile,0.9,406,2026-11-07
2026-10-24,wk inc flu hosp,2,12,quantile,0.95,497,2026-11-07
2026-10-24,wk inc flu hosp,2,12,quantile,0.975,577,2026-11-07
2026-10-24,wk inc flu hosp,2,12,quantile,0.99,619,2026-11-07
2026-10-24,wk inc flu hosp,2,13,quantile,0.01,7,2026-11-07
2026-10-24,wk inc flu hosp,2,13,quantile,0.025,8,2026-11-07
2026-10-24,wk inc flu hosp,2,13,quantile,0.05,9,2026-11-07
2026-10-24,wk inc flu hosp,2,13,quantile,0.1,12,2026-11-07
2026-10-24,wk inc flu hosp,2,13,quantile,0.15,13,2026-11-07
2026-10-24,wk inc flu hosp,2,13,quantile,0.2,16,2026-11-07
2026-10-24,wk inc flu hosp,2,13,quantile,0.25,19,2026-11-07
2026-10-24,wk inc flu hosp,2,13,quantile,0.3,20,2026-11-07
2026-10-24,wk inc flu hosp,2,13,quantile,0.35,22,2026-11-07
2026-10-24,wk inc flu hosp,2,13,quantile,0.4,25,2026-11-07
2026-10-24,wk inc flu hosp,2,13,quantile,0.45,25,2026-11-07
2026-10-24,wk inc flu hosp,2,13,quantile,0.5,28,2026-11-07
2026-10-24,wk inc flu hosp,2,13,quantile,0.55,30,2026-11-07
2026-10-24,wk inc flu hosp,2,13,quantile,0.6,32,2026-11-07
2026-10-24,wk inc flu hosp,2,13,quantile,0.65,33,2026-11-07
2026-10-24,wk inc flu hosp,2,13,quantile,0.7,37,2026-11-07
2026-10-24,wk inc flu hosp,2,13,quantile,0.75,39,2026-11-07
2026-10-24,wk inc flu hosp,2,13,quantile,0.8,41,2026-11-07
2026-10-24,wk inc flu hosp,2,13,quantile,0.85,46,2026-11-07
2026-10-24,wk inc flu hosp,2,13,quantile,0.9,53,2026-11-07
2026-10-24,wk inc flu hosp,2,13,quantile,0.95,68,2026-11-07
2026-10-24,wk inc flu hosp,2,13,quantile,0.975,81,2026-11-07
2026-10-24,wk inc flu hosp,2,13,quantile,0.99,93,2026-11-07
2026-10-24,wk inc flu hosp,2,15,quantile,0.01,0,2026-11-07
2026-10-24,wk inc flu hosp,2,15,quantile,0.025,0,2026-11-07
2026-10-24,wk inc flu hosp,2,15,quantile,0.05,0,2026-11-07
2026-10-24,wk inc flu hosp,2,15,quantile,0.1,0,2026-11-07
2026-10-24,wk inc flu hosp,2,15,quantile,0.15,2,2026-11-07
2026-10-24,wk inc flu hosp,2,15,quantile,0.2,2,2026-11-07
2026-10-24,wk inc flu hosp,2,15,quantile,0.25,4,2026-11-07
2026-10-24,wk inc flu hosp,2,15,quantile,0.3,5,2026-11-07
2026-10-24,wk inc flu hosp,2,15,quantile,0.35,6,2026-11-07
2026-10-24,wk inc flu hosp,2,15,quantile,0.4,7,2026-11-07
2026-10-24,wk inc flu hosp,2,15,quantile,0.45,7,2026-11-07
2026-10-24,wk inc flu hosp,2,15,quantile,0.5,9,2026-11-07
2026-10-24,wk inc flu hosp,2,15,quantile,0.55,9,2026-11-07
2026-10-24,wk inc flu hosp,2,15,quantile,0.6,10,2026-11-07
2026-10-24,wk inc flu hosp,2,15,quantile,0.65,12,2026-11-07
2026-10-24,wk inc flu hosp,2,15,quantile,0.7,14,2026-11-07
2026-10-24,wk inc flu hosp,2,15,quantile,0.75,15,2026-11-07
2026-10-24,wk inc flu hosp,2,15,quantile,0.8,17,2026-11-07
2026-10-24,wk inc flu hosp,2,15,quantile,0.85,20,2026-11-07
2026-10-24,wk inc flu hosp,2,15,quantile,0.9,24,2026-11-07
2026-10-24,wk inc flu hosp,2,15,quantile,0.95,32,2026-11-07
2026-10-24,wk inc flu hosp,2,15,quantile,0.975,35,2026-11-07
2026-10-24,wk inc flu hosp,2,15,quantile,0.99,41,2026-11-07
2026-10-24,wk inc flu hosp,2,16,quantile,0.01,0,2026-11-07
2026-10-24,wk inc flu hosp,2,16,quantile,0.025,0,2026-11-07
2026-10-24,wk inc flu hosp,2,16,quantile,0.05,0,2026-11-07
2026-10-24,wk inc flu hosp,2,16,quantile,0.1,0,2026-11-07
2026-10-24,wk inc flu hosp,2,16,quantile,0.15,1,2026-11-07
2026-10-24,wk inc flu hosp,2,16,quantile,0.2,1,2026-11-07
2026-10-24,wk inc flu hosp,2,16,quantile,0.25,1,2026-11-07
2026-10-24,wk inc flu hosp,2,16,quantile,0.3,2,2026-11-07
2026-10-24,wk inc flu hosp,2,16,quantile,0.35,3,2026-11-07
2026-10-24,wk inc flu hosp,2,16,quantile,0.4,3,2026-11-07
2026-10-24,wk inc flu hosp,2,16,quantile,0.45,4,2026-11-07
2026-10-24,wk inc flu hosp,2,16,quantile,0.5,5,2026-11-07
2026-10-24,wk inc flu hosp,2,16,quantile,0.55,5,2026-11-07
2026-10-24,wk inc flu hosp,2,16,quantile,0.6,6,2026-11-07
2026-10-24,wk inc flu hosp,2,16,quantile,0.65,6,2026-11-07
2026-10-24,wk inc flu hosp,2,16,quantile,0.7,7,2026-11-07
2026-10-24,wk inc flu hosp,2,16,quantile,0.75,9,2026-11-07
2026-10-24,wk inc flu hosp,2,16,quantile,0.8,10,2026-11-07
2026-10-24,wk inc flu hosp,2,16,quantile,0.85,11,2026-11-07
2026-10-24,wk inc flu hosp,2,16,quantile,0.9,13,2026-11-07
2026-10-24,wk inc flu hosp,2,16,quantile,0.95,16,2026-11-07
2026-10-24,wk inc flu hosp,2,16,quantile,0.975,16,2026-11-07
2026-10-24,wk inc flu hosp,2,16,quantile,0.99,19,2026-11-07
2026-10-24,wk inc flu hosp,2,17,quantile,0.01,3,2026-11-07
2026-10-24,wk inc flu hosp,2,17,quantile,0.025,5,2026-11-07
2026-10-24,wk inc flu hosp,2,17,quantile,0.05,7,2026-11-07
2026-10-24,wk inc flu hosp,2,17,quantile,0.1,9,2026-11-07
2026-10-24,wk inc flu hosp,2,17,quantile,0.15,11,2026-11-07
2026-10-24,wk inc flu hosp,2,17,quantile,0.2,12,2026-11-07
2026-10-24,wk inc flu hosp,2,17,quantile,0.25,12,2026-11-07
2026-10-24,wk inc flu hosp,2,17,quantile,0.3,14,2026-11-07
2026-10-24,wk inc flu hosp,2,17,quantile,0.35,15,2026-11-07
2026-10-24,wk inc flu hosp,2,17,quantile,0.4,16,2026-11-07
2026-10-24,wk inc flu hosp,2,17,quantile,0.45,17,2026-11-07
2026-10-24,wk inc flu hosp,2,17,quantile,0.5,18,2026-11-07
2026-10-24,wk inc flu hosp,2,17,quantile,0.55,19,2026-11-07
2026-10-24,wk inc flu hosp,2,17,quantile,0.6,21,2026-11-07
2026-10-24,wk inc flu hosp,2,17,quantile,0.65,23,2026-11-07
2026-10-24,wk inc flu hosp,2,17,quantile,0.7,24,2026-11-07
2026-10-24,wk inc flu hosp,2,17,quantile,0.75,26,2026-11-07
2026-10-24,wk inc flu hosp,2,17,quantile,0.8,28,2026-11-07
2026-10-24,wk inc flu hosp,2,17,quantile,0.85,31,2026-11-07
2026-10-24,wk inc flu hosp,2,17,quantile,0.9,36,2026-11-07
2026-10-24,wk inc flu hosp,2,17,quantile,0.95,44,2026-11-07
2026-10-24,wk inc flu hosp,2,17,quantile,0.975,48,2026-11-07
2026-10-24,wk inc flu hosp,2,17,quantile,0.99,54,2026-11-07
2026-10-24,wk inc flu hosp,2,18,quantile,0.01,1,2026-11-07
2026-10-24,wk inc flu hosp,2,18,quantile,0.025,4,2026-11-07
2026-10-24,wk inc flu hosp,2,18,quantile,0.05,5,2026-11-07
2026-10-24,wk inc flu hosp,2,18,quantile,0.1,7,2026-11-07
2026-10-24,wk inc flu hosp,2,18,quantile,0.15,8,2026-11-07
2026-10-24,wk inc flu hosp,2,18,quantile,0.2,10,2026-11-07
2026-10-24,wk inc flu hosp,2,18,quantile,0.25,11,2026-11-07
2026-10-24,wk inc flu hosp,2,18,quantile,0.3,12,2026-11-07
2026-10-24,wk inc flu hosp,2,18,quantile,0.35,14,2026-11-07
2026-10-24,wk inc flu hosp,2,18,quantile,0.4,15,2026-11-07
2026-10-24,wk inc flu hosp,2,18,quantile,0.45,16,2026-11-07
2026-10-24,wk inc flu hosp,2,18,quantile,0.5,16,2026-11-07
2026-10-24,wk inc flu hosp,2,18,quantile,0.55,18,2026-11-07
2026-10-24,wk inc flu hosp,2,18,quantile,0.6,19,2026-11-07
2026-10-24,wk inc flu hosp,2,18,quantile,0.65,20,2026-11-07
2026-10-24,wk inc flu hosp,2,18,quantile,0.7,21,2026-11-07
2026-10-24,wk inc flu hosp,2,18,quantile,0.75,23,2026-11-07
2026-10-24,wk inc flu hosp,2,18,quantile,0.8,24,2026-11-07
2026-10-24,wk inc flu hosp,2,18,quantile,0.85,26,2026-11-07
2026-10-24,wk inc flu hosp,2,18,quantile,0.9,29,2026-11-07
2026-10-24,wk inc flu hosp,2,18,quantile,0.95,33,2026-11-07
2026-10-24,wk inc flu hosp,2,18,quantile,0.975,35,2026-11-07
2026-10-24,wk inc flu hosp,2,18,quantile,0.99,38,2026-11-07
2026-10-24,wk inc flu hosp,2,19,quantile,0.01,0,2026-11-07
2026-10-24,wk inc flu hosp,2,19,quantile,0.025,0,2026-11-07
2026-10-24,wk inc flu hosp,2,19,quantile,0.05,0,2026-11-07
2026-10-24,wk inc flu hosp,2,19,quantile,0.1,0,2026-11-07
2026-10-24,wk inc flu hosp,2,19,quantile,0.15,1,2026-11-07
2026-10-24,wk inc flu hosp,2,19,quantile,0.2,1,2026-11-07
2026-10-24,wk inc flu hosp,2,19,quantile,0.25,2,2026-11-07
2026-10-24,wk inc flu hosp,2,19,quantile,0.3,3,2026-11-07
2026-10-24,wk inc flu hosp,2,19,quantile,0.35,4,2026-11-07
2026-10-24,wk inc flu hosp,2,19,quantile,0.4,4,2026-11-07
2026-10-24,wk inc flu hosp,2,19,quantile,0.45,5,2026-11-07
2026-10-24,wk inc flu hosp,2,19,quantile,0.5,6,2026-11-07
2026-10-24,wk inc flu hosp,2,19,quantile,0.55,6,2026-11-07
2026-10-24,wk inc flu hosp,2,19,quantile,0.6,7,2026-11-07
2026-10-24,wk inc flu hosp,2,19,quantile,0.65,8,2026-11-07
2026-10-24,wk inc flu hosp,2,19,quantile,0.7,9,2026-11-07
2026-10-24,wk inc flu hosp,2,19,quantile,0.75,10,2026-11-07
2026-10-24,wk inc flu hosp,2,19,quantile,0.8,10,2026-11-07
2026-10-24,wk inc flu hosp,2,19,quantile,0.85,12,2026-11-07
2026-10-24,wk inc flu hosp,2,19,quantile,0.9,14,2026-11-07
2026-10-24,wk inc flu hosp,2,19,quantile,0.95,16,2026-11-07
2026-10-24,wk inc flu hosp,2,19,quantile,0.975,19,2026-11-07
2026-10-24,wk inc flu hosp,2,19,quantile,0.99,23,2026-11-07
2026-10-24,wk inc flu hosp,2,20,quantile,0.01,0,2026-11-07
2026-10-24,wk inc flu hosp,2,20,quantile,0.025,0,2026-11-07
2026-10-24,wk inc flu hosp,2,20,quantile,0.05,0,2026-11-07
2026-10-24,wk inc flu hosp,2,20,quantile,0.1,1,2026-11-07
2026-10-24,wk inc flu hosp,2,20,quantile,0.15,1,2026-11-07
2026-10-24,wk inc flu hosp,2,20,quantile,0.2,2,2026-11-07
2026-10-24,wk inc flu hosp,2,20,quantile,0.25,3,2026-11-07
2026-10-24,wk inc flu hosp,2,20,quantile,0.3,4,2026-11-07
2026-10-24,wk inc flu hosp,2,20,quantile,0.35,5,2026-11-07
2026-10-24,wk inc flu hosp,2,20,quantile,0.4,5,2026-11-07
2026-10-24,wk inc flu hosp,2,20,quantile,0.45,6,2026-11-07
2026-10-24,wk inc flu hosp,2,20,quantile,0.5,6,2026-11-07
2026-10-24,wk inc flu hosp,2,20,quantile,0.55,7,2026-11-07
2026-10-24,wk inc flu hosp,2,20,quantile,0.6,8,2026-11-07
2026-10-24,wk inc flu hosp,2,20,quantile,0.65,9,2026-11-07
2026-10-24,wk inc flu hosp,2,20,quantile,0.7,9,2026-11-07
2026-10-24,wk inc flu hosp,2,20,quantile,0.75,11,2026-11-07
2026-10-24,wk inc flu hosp,2,20,quantile,0.8,12,2026-11-07
2026-10-24,wk inc flu hosp,2,20,quantile,0.85,14,2026-11-07
2026-10-24,wk inc flu hosp,2,20,quantile,0.9,17,2026-11-07
2026-10-24,wk inc flu hosp,2,20,quantile,0.95,23,2026-11-07
2026-10-24,wk inc flu hosp,2,20,quantile,0.975,25,2026-11-07
2026-10-24,wk inc flu hosp,2,20,quantile,0.99,29,2026-11-07
2026-10-24,wk inc flu hosp,2,21,quantile,0.01,1,2026-11-07
2026-10-24,wk inc flu hosp,2,21,quantile,0.025,1,2026-11-07
2026-10-24,wk inc flu hosp,2,21,quantile,0.05,2,2026-11-07
2026-10-24,wk inc flu hosp,2,21,quantile,0.1,3,2026-11-07
2026-10-24,wk inc flu hosp,2,21,quantile,0.15,5,2026-11-07
2026-10-24,wk inc flu hosp,2,21,quantile,0.2,6,2026-11-07
2026-10-24,wk inc flu hosp,2,21,quantile,0.25,7,2026-11-07
2026-10-24,wk inc flu hosp,2,21,quantile,0.3,8,2026-11-07
2026-10-24,wk inc flu hosp,2,21,quantile,0.35,9,2026-11-07
2026-10-24,wk inc flu hosp,2,21,quantile,0.4,10,2026-11-07
2026-10-24,wk inc flu hosp,2,21,quantile,0.45,11,2026-11-07
2026-10-24,wk inc flu hosp,2,21,quantile,0.5,12,2026-11-07
2026-10-24,wk inc flu hosp,2,21,quantile,0.55,13,2026-11-07
2026-10-24,wk inc flu hosp,2,21,quantile,0.6,14,2026-11-07
2026-10-24,wk inc flu hosp,2,21,quantile,0.65,15,2026-11-07
2026-10-24,wk inc flu hosp,2,21,quantile,0.7,16,2026-11-07
2026-10-24,wk inc flu hosp,2,21,quantile,0.75,18,2026-11-07
2026-10-24,wk inc flu hosp,2,21,quantile,0.8,20,2026-11-07
2026-10-24,wk inc flu hosp,2,21,quantile,0.85,22,2026-11-07
2026-10-24,wk inc flu hosp,2,21,quantile,0.9,23,2026-11-07
2026-10-24,wk inc flu hosp,2,21,quantile,0.95,26,2026-11-07
2026-10-24,wk inc flu hosp,2,21,quantile,0.975,32,2026-11-07
2026-10-24,wk inc flu hosp,2,21,quantile,0.99,35,2026-11-07
2026-10-24,wk inc flu hosp,2,22,quantile,0.01,9,2026-11-07
2026-10-24,wk inc flu hosp,2,22,quantile,0.025,13,2026-11-07
2026-10-24,wk inc flu hosp,2,22,quantile,0.05,15,2026-11-07
2026-10-24,wk inc flu hosp,2,22,quantile,0.1,18,2026-11-07
2026-10-24,wk inc flu hosp,2,22,quantile,0.15,21,2026-11-07
2026-10-24,wk inc flu hosp,2,22,quantile,0.2,22,2026-11-07
2026-10-24,wk inc flu hosp,2,22,quantile,0.25,25,2026-11-07
2026-10-24,wk inc flu hosp,2,22,quantile,0.3,28,2026-11-07
2026-10-24,wk inc flu hosp,2,22,quantile,0.35,30,2026-11-07
2026-10-24,wk inc flu hosp,2,22,quantile,0.4,34,2026-11-07
2026-10-24,wk inc flu hosp,2,22,quantile,0.45,36,2026-11-07
2026-10-24,wk inc flu hosp,2,22,quantile,0.5,38,2026-11-07
2026-10-24,wk inc flu hosp,2,22,quantile,0.55,40,2026-11-07
2026-10-24,wk inc flu hosp,2,22,quantile,0.6,42,2026-11-07
2026-10-24,wk inc flu hosp,2,22,quantile,0.65,46,2026-11-07
2026-10-24,wk inc flu hosp,2,22,quantile,0.7,48,2026-11-07
2026-10-24,wk inc flu hosp,2,22,quantile,0.75,51,2026-11-07
2026-10-24,wk inc flu hosp,2,22,quantile,0.8,56,2026-11-07
2026-10-24,wk inc flu hosp,2,22,quantile,0.85,60,2026-11-07
2026-10-24,wk inc flu hosp,2,22,quantile,0.9,78,2026-11-07
2026-10-24,wk inc flu hosp,2,22,quantile,0.95,89,2026-11-07
2026-10-24,wk inc flu hosp,2,22,quantile,0.975,122,2026-11-07
2026-10-24,wk inc flu hosp,2,22,quantile,0.99,157,2026-11-07
2026-10-24,wk inc flu hosp,2,23,quantile,0.01,0,2026-11-07
2026-10-24,wk inc flu hosp,2,23,quantile,0.025,0,2026-11-07
2026-10-24,wk inc flu hosp,2,23,quantile,0.05,0,2026-11-07
2026-10-24,wk inc flu hosp,2,23,quantile,0.1,0,2026-11-07
2026-10-24,wk inc flu hosp,2,23,quantile,0.15,0,2026-11-07
2026-10-24,wk inc flu hosp,2,23,quantile,0.2,0,2026-11-07
2026-10-24,wk inc flu hosp,2,23,quantile,0.25,0,2026-11-07
2026-10-24,wk inc flu hosp,2,23,quantile,0.3,0,2026-11-07
2026-10-24,wk inc flu hosp,2,23,quantile,0.35,0,2026-11-07
2026-10-24,wk inc flu hosp,2,23,quantile,0.4,0,2026-11-07
2026-10-24,wk inc flu hosp,2,23,quantile,0.45,1,2026-11-07
2026-10-24,wk inc flu hosp,2,23,quantile,0.5,1,2026-11-07
2026-10-24,wk inc flu hosp,2,23,quantile,0.55,2,2026-11-07
2026-10-24,wk inc flu hosp,2,23,quantile,0.6,2,2026-11-07
2026-10-24,wk inc flu hosp,2,23,quantile,0.65,3,2026-11-07
2026-10-24,wk inc flu hosp,2,23,quantile,0.7,4,2026-11-07
2026-10-24,wk inc flu hosp,2,23,quantile,0.75,5,2026-11-07
2026-10-24,wk inc flu hosp,2,23,quantile,0.8,5,2026-11-07
2026-10-24,wk inc flu hosp,2,23,quantile,0.85,7,2026-11-07
2026-10-24,wk inc flu hosp,2,23,quantile,0.9,9,2026-11-07
2026-10-24,wk inc flu hosp,2,23,quantile,0.95,10,2026-11-07
2026-10-24,wk inc flu hosp,2,23,quantile,0.975,12,2026-11-07
2026-10-24,wk inc flu hosp,2,23,quantile,0.99,13,2026-11-07
2026-10-24,wk inc flu hosp,2,24,quantile,0.01,0,2026-11-07
2026-10-24,wk inc flu hosp,2,24,quantile,0.025,0,2026-11-07
2026-10-24,wk inc flu hosp,2,24,quantile,0.05,2,2026-11-07
2026-10-24,wk inc flu hosp,2,24,quantile,0.1,4,2026-11-07
2026-10-24,wk inc flu hosp,2,24,quantile,0.15,5,2026-11-07
2026-10-24,wk inc flu hosp,2,24,quantile,0.2,6,2026-11-07
2026-10-24,wk inc flu hosp,2,24,quantile,0.25,7,2026-11-07
2026-10-24,wk inc flu hosp,2,24,quantile,0.3,9,2026-11-07
2026-10-24,wk inc flu hosp,2,24,quantile,0.35,10,2026-11-07
2026-10-24,wk inc flu hosp,2,24,quantile,0.4,11,2026-11-07
2026-10-24,wk inc flu hosp,2,24,quantile,0.45,12,2026-11-07
2026-10-24,wk inc flu hosp,2,24,quantile,0.5,13,2026-11-07
2026-10-24,wk inc flu hosp,2,24,quantile,0.55,14,2026-11-07
2026-10-24,wk inc flu hosp,2,24,quantile,0.6,15,2026-11-07
2026-10-24,wk inc flu hosp,2,24,quantile,0.65,16,2026-11-07
2026-10-24,wk inc flu hosp,2,24,quantile,0.7,17,2026-11-07
2026-10-24,wk inc flu hosp,2,24,quantile,0.75,19,2026-11-07
2026-10-24,wk inc flu hosp,2,24,quantile,0.8,20,2026-11-07
2026-10-24,wk inc flu hosp,2,24,quantile,0.85,23,2026-11-07
2026-10-24,wk inc flu hosp,2,24,quantile,0.9,27,2026-11-07
2026-10-24,wk inc flu hosp,2,24,quantile,0.95,31,2026-11-07
2026-10-24,wk inc flu hosp,2,24,quantile,0.975,33,2026-11-07
2026-10-24,wk inc flu hosp,2,24,quantile,0.99,36,2026-11-07
2026-10-24,wk inc flu hosp,2,25,quantile,0.01,0,2026-11-07
2026-10-24,wk inc flu hosp,2,25,quantile,0.025,1,2026-11-07
2026-10-24,wk inc flu hosp,2,25,quantile,0.05,2,2026-11-07
2026-10-24,wk inc flu hosp,2,25,quantile,0.1,3,2026-11-07
2026-10-24,wk inc flu hosp,2,25,quantile,0.15,4,2026-11-07
2026-10-24,wk inc flu hosp,2,25,quantile,0.2,5,2026-11-07
2026-10-24,wk inc flu hosp,2,25,quantile,0.25,7,2026-11-07
2026-10-24,wk inc flu hosp,2,25,quantile,0.3,7,2026-11-07
2026-10-24,wk inc flu hosp,2,25,quantile,0.35,8,2026-11-07
2026-10-24,wk inc flu hosp,2,25,quantile,0.4,10,2026-11-07
2026-10-24,wk inc flu hosp,2,25,quantile,0.45,11,2026-11-07
2026-10-24,wk inc flu hosp,2,25,quantile,0.5,12,2026-11-07
2026-10-24,wk inc flu hosp,2,25,quantile,0.55,14,2026-11-07
2026-10-24,wk inc flu hosp,2,25,quantile,0.6,15,2026-11-07
2026-10-24,wk inc flu hosp,2,25,quantile,0.65,16,2026-11-07
2026-10-24,wk inc flu hosp,2,25,quantile,0.7,18,2026-11-07
2026-10-24,wk inc flu hosp,2,25,quantile,0.75,19,2026-11-07
2026-10-24,wk inc flu hosp,2,25,quantile,0.8,21,2026-11-07
2026-10-24,wk inc flu hosp,2,25,quantile,0.85,26,2026-11-07
2026-10-24,wk inc flu hosp,2,25,quantile,0.9,28,2026-11-07
2026-10-24,wk inc flu hosp,2,25,quantile,0.95,43,2026-11-07
2026-10-24,wk inc flu hosp,2,25,quantile,0.975,48,2026-11-07
2026-10-24,wk inc flu hosp,2,25,quantile,0.99,52,2026-11-07
2026-10-24,wk inc flu hosp,2,26,quantile,0.01,1,2026-11-07
2026-10-24,wk inc flu hosp,2,26,quantile,0.025,4,2026-11-07
2026-10-24,wk inc flu hosp,2,26,quantile,0.05,6,2026-11-07
2026-10-24,wk inc flu hosp,2,26,quantile,0.1,10,2026-11-07
2026-10-24,wk inc flu hosp,2,26,quantile,0.15,12,2026-11-07
2026-10-24,wk inc flu hosp,2,26,quantile,0.2,13,2026-11-07
2026-10-24,wk inc flu hosp,2,26,quantile,0.25,14,2026-11-07
2026-10-24,wk inc flu hosp,2,26,quantile,0.3,16,2026-11-07
2026-10-24,wk inc flu hosp,2,26,quantile,0.35,16,2026-11-07
2026-10-24,wk inc flu hosp,2,26,quantile,0.4,18,2026-11-07
2026-10-24,wk inc flu hosp,2,26,quantile,0.45,19,2026-11-07
2026-10-24,wk inc flu hosp,2,26,quantile,0.5,20,2026-11-07
2026-10-24,wk inc flu hosp,2,26,quantile,0.55,21,2026-11-07
2026-10-24,wk inc flu hosp,2,26,quantile,0.6,23,2026-11-07
2026-10-24,wk inc flu hosp,2,26,quantile,0.65,25,2026-11-07
2026-10-24,wk inc flu hosp,2,26,quantile,0.7,26,2026-11-07
2026-10-24,wk inc flu hosp,2,26,quantile,0.75,29,2026-11-07
2026-10-24,wk inc flu hosp,2,26,quantile,0.8,31,2026-11-07
2026-10-24,wk inc flu hosp,2,26,quantile,0.85,34,2026-11-07
2026-10-24,wk inc flu hosp,2,26,quantile,0.9,37,2026-11-07
2026-10-24,wk inc flu hosp,2,26,quantile,0.95,42,2026-11-07
2026-10-24,wk inc flu hosp,2,26,quantile,0.975,53,2026-11-07
2026-10-24,wk inc flu hosp,2,26,quantile,0.99,62,2026-11-07
2026-10-24,wk inc flu hosp,2,27,quantile,0.01,5,2026-11-07
2026-10-24,wk inc flu hosp,2,27,quantile,0.025,7,2026-11-07
2026-10-24,wk inc flu hosp,2,27,quantile,0.05,8,2026-11-07
2026-10-24,wk inc flu hosp,2,27,quantile,0.1,11,2026-11-07
2026-10-24,wk inc flu hosp,2,27,quantile,0.15,13,2026-11-07
2026-10-24,wk inc flu hosp,2,27,quantile,0.2,16,2026-11-07
2026-10-24,wk inc flu hosp,2,27,quantile,0.25,18,2026-11-07
2026-10-24,wk inc flu hosp,2,27,quantile,0.3,18,2026-11-07
2026-10-24,wk inc flu hosp,2,27,quantile,0.35,22,2026-11-07
2026-10-24,wk inc flu hosp,2,27,quantile,0.4,23,2026-11-07
2026-10-24,wk inc flu hosp,2,27,quantile,0.45,25,2026-11-07
2026-10-24,wk inc flu hosp,2,27,quantile,0.5,26,2026-11-07
2026-10-24,wk inc flu hosp,2,27,quantile,0.55,28,2026-11-07
2026-10-24,wk inc flu hosp,2,27,quantile,0.6,30,2026-11-07
2026-10-24,wk inc flu hosp,2,27,quantile,0.65,32,2026-11-07
2026-10-24,wk inc flu hosp,2,27,quantile,0.7,33,2026-11-07
2026-10-24,wk inc flu hosp,2,27,quantile,0.75,37,2026-11-07
2026-10-24,wk inc flu hosp,2,27,quantile,0.8,43,2026-11-07
2026-10-24,wk inc flu hosp,2,27,quantile,0.85,47,2026-11-07
2026-10-24,wk inc flu hosp,2,27,quantile,0.9,51,2026-11-07
2026-10-24,wk inc flu hosp,2,27,quantile,0.95,63,2026-11-07
2026-10-24,wk inc flu hosp,2,27,quantile,0.975,68,2026-11-07
2026-10-24,wk inc flu hosp,2,27,quantile,0.99,68,2026-11-07
2026-10-24,wk inc flu hosp,2,28,quantile,0.01,0,2026-11-07
2026-10-24,wk inc flu hosp,2,28,quantile,0.025,0,2026-11-07
2026-10-24,wk inc flu hosp,2,28,quantile,0.05,2,2026-11-07
2026-10-24,wk inc flu hosp,2,28,quantile,0.1,5,2026-11-07
2026-10-24,wk inc flu hosp,2,28,quantile,0.15,8,2026-11-07
2026-10-24,wk inc flu hosp,2,28,quantile,0.2,11,2026-11-07
2026-10-24,wk inc flu hosp,2,28,quantile,0.25,12,2026-11-07
2026-10-24,wk inc flu hosp,2,28,quantile,0.3,13,2026-11-07
2026-10-24,wk inc flu hosp,2,28,quantile,0.35,15,2026-11-07
2026-10-24,wk inc flu hosp,2,28,quantile,0.4,15,2026-11-07
2026-10-24,wk inc flu hosp,2,28,quantile,0.45,16,2026-11-07
2026-10-24,wk inc flu hosp,2,28,quantile,0.5,18,2026-11-07
2026-10-24,wk inc flu hosp,2,28,quantile,0.55,19,2026-11-07
2026-10-24,wk inc flu hosp,2,28,quantile,0.6,20,2026-11-07
2026-10-24,wk inc flu hosp,2,28,quantile,0.65,23,2026-11-07
2026-10-24,wk inc flu hosp,2,28,quantile,0.7,25,2026-11-07
2026-10-24,wk inc flu hosp,2,28,quantile,0.75,27,2026-11-07
2026-10-24,wk inc flu hosp,2,28,quantile,0.8,28,2026-11-07
2026-10-24,wk inc flu hosp,2,28,quantile,0.85,31,2026-11-07
2026-10-24,wk inc flu hosp,2,28,quantile,0.9,34,2026-11-07
2026-10-24,wk inc flu hosp,2,28,quantile,0.95,45,2026-11-07
2026-10-24,wk inc flu hosp,2,28,quantile,0.975,60,2026-11-07
2026-10-24,wk inc flu hosp,2,28,quantile,0.99,73,2026-11-07
2026-10-24,wk inc flu hosp,2,29,quantile,0.01,3,2026-11-07
2026-10-24,wk inc flu hosp,2,29,quantile,0.025,4,2026-11-07
2026-10-24,wk inc flu hosp,2,29,quantile,0.05,5,2026-11-07
2026-10-24,wk inc flu hosp,2,29,quantile,0.1,7,2026-11-07
2026-10-24,wk inc flu hosp,2,29,quantile,0.15,9,2026-11-07
2026-10-24,wk inc flu hosp,2,29,quantile,0.2,9,2026-11-07
2026-10-24,wk inc flu hosp,2,29,quantile,0.25,11,2026-11-07
2026-10-24,wk inc flu hosp,2,29,quantile,0.3,12,2026-11-07
2026-10-24,wk inc flu hosp,2,29,quantile,0.35,14,2026-11-07
2026-10-24,wk inc flu hosp,2,29,quantile,0.4,15,2026-11-07
2026-10-24,wk inc flu hosp,2,29,quantile,0.45,16,2026-11-07
2026-10-24,wk inc flu hosp,2,29,quantile,0.5,18,2026-11-07
2026-10-24,wk inc flu hosp,2,29,quantile,0.55,19,2026-11-07
2026-10-24,wk inc flu hosp,2,29,quantile,0.6,19,2026-11-07
2026-10-24,wk inc flu hosp,2,29,quantile,0.65,21,2026-11-07
2026-10-24,wk inc flu hosp,2,29,quantile,0.7,22,2026-11-07
2026-10-24,wk inc flu hosp,2,29,quantile,0.75,24,2026-11-07
2026-10-24,wk inc flu hosp,2,29,quantile,0.8,26,2026-11-07
2026-10-24,wk inc flu hosp,2,29,quantile,0.85,29,2026-11-07
2026-10-24,wk inc flu hosp,2,29,quantile,0.9,32,2026-11-07
2026-10-24,wk inc flu hosp,2,29,quantile,0.95,38,2026-11-07
2026-10-24,wk inc flu hosp,2,29,quantile,0.975,42,2026-11-07
2026-10-24,wk inc flu hosp,2,29,quantile,0.99,44,2026-11-07
2026-10-24,wk inc flu hosp,2,30,quantile,0.01,0,2026-11-07
2026-10-24,wk inc flu hosp,2,30,quantile,0.025,0,2026-11-07
2026-10-24,wk inc flu hosp,2,30,quantile,0.05,0,2026-11-07
2026-10-24,wk inc flu hosp,2,30,quantile,0.1,0,2026-11-07
2026-10-24,wk inc flu hosp,2,30,quantile,0.15,0,2026-11-07
2026-10-24,wk inc flu hosp,2,30,quantile,0.2,0,2026-11-07
2026-10-24,wk inc flu hosp,2,30,quantile,0.25,0,2026-11-07
2026-10-24,wk inc flu hosp,2,30,quantile,0.3,0,2026-11-07
2026-10-24,wk inc flu hosp,2,30,quantile,0.35,0,2026-11-07
2026-10-24,wk inc flu hosp,2,30,quantile,0.4,1,2026-11-07
2026-10-24,wk inc flu hosp,2,30,quantile,0.45,1,2026-11-07
2026-10-24,wk inc flu hosp,2,30,quantile,0.5,2,2026-11-07
2026-10-24,wk inc flu hosp,2,30,quantile,0.55,2,2026-11-07
2026-10-24,wk inc flu hosp,2,30,quantile,0.6,3,2026-11-07
2026-10-24,wk inc flu hosp,2,30,quantile,0.65,4,2026-11-07
2026-10-24,wk inc flu hosp,2,30,quantile,0.7,5,2026-11-07
2026-10-24,wk inc flu hosp,2,30,quantile,0.75,7,2026-11-07
2026-10-24,wk inc flu hosp,2,30,quantile,0.8,8,2026-11-07
2026-10-24,wk inc flu hosp,2,30,quantile,0.85,10,2026-11-07
2026-10-24,wk inc flu hosp,2,30,quantile,0.9,12,2026-11-07
2026-10-24,wk inc flu hosp,2,30,quantile,0.95,19,2026-11-07
2026-10-24,wk inc flu hosp,2,30,quantile,0.975,22,2026-11-07
2026-10-24,wk inc flu hosp,2,30,quantile,0.99,26,2026-11-07
2026-10-24,wk inc flu hosp,2,31,quantile,0.01,0,2026-11-07
2026-10-24,wk inc flu hosp,2,31,quantile,0.025,0,2026-11-07
2026-10-24,wk inc flu hosp,2,31,quantile,0.05,0,2026-11-07
2026-10-24,wk inc flu hosp,2,31,quantile,0.1,0,2026-11-07
2026-10-24,wk inc flu hosp,2,31,quantile,0.15,0,2026-11-07
2026-10-24,wk inc flu hosp,2,31,quantile,0.2,0,2026-11-07
2026-10-24,wk inc flu hosp,2,31,quantile,0.25,0,2026-11-07
2026-10-24,wk inc flu hosp,2,31,quantile,0.3,0,2026-11-07
2026-10-24,wk inc flu hosp,2,31,quantile,0.35,0,2026-11-07
2026-10-24,wk inc flu hosp,2,31,quantile,0.4,1,2026-11-07
2026-10-24,wk inc flu hosp,2,31,quantile,0.45,1,2026-11-07
2026-10-24,wk inc flu hosp,2,31,quantile,0.5,1,2026-11-07
2026-10-24,wk inc flu hosp,2,31,quantile,0.55,2,2026-11-07
2026-10-24,wk inc flu hosp,2,31,quantile,0.6,3,2026-11-07
2026-10-24,wk inc flu hosp,2,31,quantile,0.65,3,2026-11-07
2026-10-24,wk inc flu hosp,2,31,quantile,0.7,4,2026-11-07
2026-10-24,wk inc flu hosp,2,31,quantile,0.75,5,2026-11-07
2026-10-24,wk inc flu hosp,2,31,quantile,0.8,7,2026-11-07
2026-10-24,wk inc flu hosp,2,31,quantile,0.85,8,2026-11-07
2026-10-24,wk inc flu hosp,2,31,quantile,0.9,10,2026-11-07
2026-10-24,wk inc flu hosp,2,31,quantile,0.95,12,2026-11-07
2026-10-24,wk inc flu hosp,2,31,quantile,0.975,14,2026-11-07
2026-10-24,wk inc flu hosp,2,31,quantile,0.99,17,2026-11-07
2026-10-24,wk inc flu hosp,2,32,quantile,0.01,0,2026-11-07
2026-10-24,wk inc flu hosp,2,32,quantile,0.025,1,2026-11-07
2026-10-24,wk inc flu hosp,2,32,quantile,0.05,2,2026-11-07
2026-10-24,wk inc flu hosp,2,32,quantile,0.1,4,2026-11-07
2026-10-24,wk inc flu hosp,2,32,quantile,0.15,4,2026-11-07
2026-10-24,wk inc flu hosp,2,32,quantile,0.2,5,2026-11-07
2026-10-24,wk inc flu hosp,2,32,quantile,0.25,6,2026-11-07
2026-10-24,wk inc flu hosp,2,32,quantile,0.3,7,2026-11-07
2026-10-24,wk inc flu hosp,2,32,quantile,0.35,8,2026-11-07
2026-10-24,wk inc flu hosp,2,32,quantile,0.4,9,2026-11-07
2026-10-24,wk inc flu hosp,2,32,quantile,0.45,10,2026-11-07
2026-10-24,wk inc flu hosp,2,32,quantile,0.5,10,2026-11-07
2026-10-24,wk inc flu hosp,2,32,quantile,0.55,11,2026-11-07
2026-10-24,wk inc flu hosp,2,32,quantile,0.6,12,2026-11-07
2026-10-24,wk inc flu hosp,2,32,quantile,0.65,13,2026-11-07
2026-10-24,wk inc flu hosp,2,32,quantile,0.7,14,2026-11-07
2026-10-24,wk inc flu hosp,2,32,quantile,0.75,15,2026-11-07
2026-10-24,wk inc flu hosp,2,32,quantile,0.8,17,2026-11-07
2026-10-24,wk inc flu hosp,2,32,quantile,0.85,18,2026-11-07
2026-10-24,wk inc flu hosp,2,32,quantile,0.9,21,2026-11-07
2026-10-24,wk inc flu hosp,2,32,quantile,0.95,29,2026-11-07
2026-10-24,wk inc flu hosp,2,32,quantile,0.975,33,2026-11-07
2026-10-24,wk inc flu hosp,2,32,quantile,0.99,36,2026-11-07
2026-10-24,wk inc flu hosp,2,33,quantile,0.01,0,2026-11-07
2026-10-24,wk inc flu hosp,2,33,quantile,0.025,0,2026-11-07
2026-10-24,wk inc flu hosp,2,33,quantile,0.05,0,2026-11-07
2026-10-24,wk inc flu hosp,2,33,quantile,0.1,0,2026-11-07
2026-10-24,wk inc flu hosp,2,33,quantile,0.15,0,2026-11-07
2026-10-24,wk inc flu hosp,2,33,quantile,0.2,0,2026-11-07
2026-10-24,wk inc flu hosp,2,33,quantile,0.25,0,2026-11-07
2026-10-24,wk inc flu hosp,2,33,quantile,0.3,0,2026-11-07
2026-10-24,wk inc flu hosp,2,33,quantile,0.35,0,2026-11-07
2026-10-24,wk inc flu hosp,2,33,quantile,0.4,0,2026-11-07
2026-10-24,wk inc flu hosp,2,33,quantile,0.45,0,2026-11-07
2026-10-24,wk inc flu hosp,2,33,quantile,0.5,0,2026-11-07
2026-10-24,wk inc flu hosp,2,33,quantile,0.55,0,2026-11-07
2026-10-24,wk inc flu hosp,2,33,quantile,0.6,1,2026-11-07
2026-10-24,wk inc flu hosp,2,33,quantile,0.65,1,2026-11-07
2026-10-24,wk inc flu hosp,2,33,quantile,0.7,1,2026-11-07
2026-10-24,wk inc flu hosp,2,33,quantile,0.75,2,2026-11-07
2026-10-24,wk inc flu hosp,2,33,quantile,0.8,4,2026-11-07
2026-10-24,wk inc flu hosp,2,33,quantile,0.85,5,2026-11-07
2026-10-24,wk inc flu hosp,2,33,quantile,0.9,7,2026-11-07
2026-10-24,wk inc flu hosp,2,33,quantile,0.95,10,2026-11-07
2026-10-24,wk inc flu hosp,2,33,quantile,0.975,13,2026-11-07
2026-10-24,wk inc flu hosp,2,33,quantile,0.99,14,2026-11-07
2026-10-24,wk inc flu hosp,2,34,quantile,0.01,8,2026-11-07
2026-10-24,wk inc flu hosp,2,34,quantile,0.025,9,2026-11-07
2026-10-24,wk inc flu hosp,2,34,quantile,0.05,10,2026-11-07
2026-10-24,wk inc flu hosp,2,34,quantile,0.1,13,2026-11-07
2026-10-24,wk inc flu hosp,2,34,quantile,0.15,16,2026-11-07
2026-10-24,wk inc flu hosp,2,34,quantile,0.2,18,2026-11-07
2026-10-24,wk inc flu hosp,2,34,quantile,0.25,19,2026-11-07
2026-10-24,wk inc flu hosp,2,34,quantile,0.3,22,2026-11-07
2026-10-24,wk inc flu hosp,2,34,quantile,0.35,25,2026-11-07
2026-10-24,wk inc flu hosp,2,34,quantile,0.4,27,2026-11-07
2026-10-24,wk inc flu hosp,2,34,quantile,0.45,29,2026-11-07
2026-10-24,wk inc flu hosp,2,34,quantile,0.5,32,2026-11-07
2026-10-24,wk inc flu hosp,2,34,quantile,0.55,34,2026-11-07
2026-10-24,wk inc flu hosp,2,34,quantile,0.6,36,2026-11-07
2026-10-24,wk inc flu hosp,2,34,quantile,0.65,38,2026-11-07
2026-10-24,wk inc flu hosp,2,34,quantile,0.7,40,2026-11-07
2026-10-24,wk inc flu hosp,2,34,quantile,0.75,43,2026-11-07
2026-10-24,wk inc flu hosp,2,34,quantile,0.8,51,2026-11-07
2026-10-24,wk inc flu hosp,2,34,quantile,0.85,54,2026-11-07
2026-10-24,wk inc flu hosp,2,34,quantile,0.9,65,2026-11-07
2026-10-24,wk inc flu hosp,2,34,quantile,0.95,79,2026-11-07
2026-10-24,wk inc flu hosp,2,34,quantile,0.975,109,2026-11-07
2026-10-24,wk inc flu hosp,2,34,quantile,0.99,128,2026-11-07
2026-10-24,wk inc flu hosp,2,35,quantile,0.01,0,2026-11-07
2026-10-24,wk inc flu hosp,2,35,quantile,0.025,0,2026-11-07
2026-10-24,wk inc flu hosp,2,35,quantile,0.05,0,2026-11-07
2026-10-24,wk inc flu hosp,2,35,quantile,0.1,0,2026-11-07
2026-10-24,wk inc flu hosp,2,35,quantile,0.15,0,2026-11-07
2026-10-24,wk inc flu hosp,2,35,quantile,0.2,0,2026-11-07
2026-10-24,wk inc flu hosp,2,35,quantile,0.25,1,2026-11-07
2026-10-24,wk inc flu hosp,2,35,quantile,0.3,1,2026-11-07
2026-10-24,wk inc flu hosp,2,35,quantile,0.35,2,2026-11-07
2026-10-24,wk inc flu hosp,2,35,quantile,0.4,2,2026-11-07
2026-10-24,wk inc flu hosp,2,35,quantile,0.45,3,2026-11-07
2026-10-24,wk inc flu hosp,2,35,quantile,0.5,4,2026-11-07
2026-10-24,wk inc flu hosp,2,35,quantile,0.55,4,2026-11-07
2026-10-24,wk inc flu hosp,2,35,quantile,0.6,5,2026-11-07
2026-10-24,wk inc flu hosp,2,35,quantile,0.65,6,2026-11-07
2026-10-24,wk inc flu hosp,2,35,quantile,0.7,7,2026-11-07
2026-10-24,wk inc flu hosp,2,35,quantile,0.75,8,2026-11-07
2026-10-24,wk inc flu hosp,2,35,quantile,0.8,8,2026-11-07
2026-10-24,wk inc flu hosp,2,35,quantile,0.85,11,2026-11-07
2026-10-24,wk inc flu hosp,2,35,quantile,0.9,14,2026-11-07
2026-10-24,wk inc flu hosp,2,35,quantile,0.95,17,2026-11-07
2026-10-24,wk inc flu hosp,2,35,quantile,0.975,22,2026-11-07
2026-10-24,wk inc flu hosp,2,35,quantile,0.99,29,2026-11-07
2026-10-24,wk inc flu hosp,2,36,quantile,0.01,11,2026-11-07
2026-10-24,wk inc flu hosp,2,36,quantile,0.025,12,2026-11-07
2026-10-24,wk inc flu hosp,2,36,quantile,0.05,14,2026-11-07
2026-10-24,wk inc flu hosp,2,36,quantile,0.1,17,2026-11-07
2026-10-24,wk inc flu hosp,2,36,quantile,0.15,20,2026-11-07
2026-10-24,wk inc flu hosp,2,36,quantile,0.2,22,2026-11-07
2026-10-24,wk inc flu hosp,2,36,quantile,0.25,24,2026-11-07
2026-10-24,wk inc flu hosp,2,36,quantile,0.3,28,2026-11-07
2026-10-24,wk inc flu hosp,2,36,quantile,0.35,30,2026-11-07
2026-10-24,wk inc flu hosp,2,36,quantile,0.4,34,2026-11-07
2026-10-24,wk inc flu hosp,2,36,quantile,0.45,34,2026-11-07
2026-10-24,wk inc flu hosp,2,36,quantile,0.5,37,2026-11-07
2026-10-24,wk inc flu hosp,2,36,quantile,0.55,38,2026-11-07
2026-10-24,wk inc flu hosp,2,36,quantile,0.6,40,2026-11-07
2026-10-24,wk inc flu hosp,2,36,quantile,0.65,43,2026-11-07
2026-10-24,wk inc flu hosp,2,36,quantile,0.7,47,2026-11-07
2026-10-24,wk inc flu hosp,2,36,quantile,0.75,49,2026-11-07
2026-10-24,wk inc flu hosp,2,36,quantile,0.8,52,2026-11-07
2026-10-24,wk inc flu hosp,2,36,quantile,0.85,57,2026-11-07
2026-10-24,wk inc flu hosp,2,36,quantile,0.9,63,2026-11-07
2026-10-24,wk inc flu hosp,2,36,quantile,0.95,74,2026-11-07
2026-10-24,wk inc flu hosp,2,36,quantile,0.975,82,2026-11-07
2026-10-24,wk inc flu hosp,2,36,quantile,0.99,99,2026-11-07
2026-10-24,wk inc flu hosp,2,37,quantile,0.01,8,2026-11-07
2026-10-24,wk inc flu hosp,2,37,quantile,0.025,8,2026-11-07
2026-10-24,wk inc flu hosp,2,37,quantile,0.05,9,2026-11-07
2026-10-24,wk inc flu hosp,2,37,quantile,0.1,12,2026-11-07
2026-10-24,wk inc flu hosp,2,37,quantile,0.15,14,2026-11-07
2026-10-24,wk inc flu hosp,2,37,quantile,0.2,16,2026-11-07
2026-10-24,wk inc flu hosp,2,37,quantile,0.25,18,2026-11-07
2026-10-24,wk inc flu hosp,2,37,quantile,0.3,19,2026-11-07
2026-10-24,wk inc flu hosp,2,37,quantile,0.35,22,2026-11-07
2026-10-24,wk inc flu hosp,2,37,quantile,0.4,24,2026-11-07
2026-10-24,wk inc flu hosp,2,37,quantile,0.45,26,2026-11-07
2026-10-24,wk inc flu hosp,2,37,quantile,0.5,27,2026-11-07
2026-10-24,wk inc flu hosp,2,37,quantile,0.55,29,2026-11-07
2026-10-24,wk inc flu hosp,2,37,quantile,0.6,31,2026-11-07
2026-10-24,wk inc flu hosp,2,37,quantile,0.65,34,2026-11-07
2026-10-24,wk inc flu hosp,2,37,quantile,0.7,36,2026-11-07
2026-10-24,wk inc flu hosp,2,37,quantile,0.75,38,2026-11-07
2026-10-24,wk inc flu hosp,2,37,quantile,0.8,41,2026-11-07
2026-10-24,wk inc flu hosp,2,37,quantile,0.85,46,2026-11-07
2026-10-24,wk inc flu hosp,2,37,quantile,0.9,51,2026-11-07
2026-10-24,wk inc flu hosp,2,37,quantile,0.95,67,2026-11-07
2026-10-24,wk inc flu hosp,2,37,quantile,0.975,92,2026-11-07
2026-10-24,wk inc flu hosp,2,37,quantile,0.99,101,2026-11-07
2026-10-24,wk inc flu hosp,2,38,quantile,0.01,0,2026-11-07
2026-10-24,wk inc flu hosp,2,38,quantile,0.025,0,2026-11-07
2026-10-24,wk inc flu hosp,2,38,quantile,0.05,0,2026-11-07
2026-10-24,wk inc flu hosp,2,38,quantile,0.1,0,2026-11-07
2026-10-24,wk inc flu hosp,2,38,quantile,0.15,0,2026-11-07
2026-10-24,wk inc flu hosp,2,38,quantile,0.2,0,2026-11-07
2026-10-24,wk inc flu hosp,2,38,quantile,0.25,0,2026-11-07
2026-10-24,wk inc flu hosp,2,38,quantile,0.3,0,2026-11-07
2026-10-24,wk inc flu hosp,2,38,quantile,0.35,0,2026-11-07
2026-10-24,wk inc flu hosp,2,38,quantile,0.4,1,2026-11-07
2026-10-24,wk inc flu hosp,2,38,quantile,0.45,1,2026-11-07
2026-10-24,wk inc flu hosp,2,38,quantile,0.5,1,2026-11-07
2026-10-24,wk inc flu hosp,2,38,quantile,0.55,2,2026-11-07
2026-10-24,wk inc flu hosp,2,38,quantile,0.6,3,2026-11-07
2026-10-24,wk inc flu hosp,2,38,quantile,0.65,3,2026-11-07
2026-10-24,wk inc flu hosp,2,38,quantile,0.7,4,2026-11-07
2026-10-24,wk inc flu hosp,2,38,quantile,0.75,4,2026-11-07
2026-10-24,wk inc flu hosp,2,38,quantile,0.8,6,2026-11-07
2026-10-24,wk inc flu hosp,2,38,quantile,0.85,7,2026-11-07
2026-10-24,wk inc flu hosp,2,38,quantile,0.9,10,2026-11-07
2026-10-24,wk inc flu hosp,2,38,quantile,0.95,13,2026-11-07
2026-10-24,wk inc flu hosp,2,38,quantile,0.975,15,2026-11-07
2026-10-24,wk inc flu hosp,2,38,quantile,0.99,16,2026-11-07
2026-10-24,wk inc flu hosp,2,39,quantile,0.01,2,2026-11-07
2026-10-24,wk inc flu hosp,2,39,quantile,0.025,4,2026-11-07
2026-10-24,wk inc flu hosp,2,39,quantile,0.05,6,2026-11-07
2026-10-24,wk inc flu hosp,2,39,quantile,0.1,7,2026-11-07
2026-10-24,wk inc flu hosp,2,39,quantile,0.15,8,2026-11-07
2026-10-24,wk inc flu hosp,2,39,quantile,0.2,10,2026-11-07
2026-10-24,wk inc flu hosp,2,39,quantile,0.25,12,2026-11-07
2026-10-24,wk inc flu hosp,2,39,quantile,0.3,14,2026-11-07
2026-10-24,wk inc flu hosp,2,39,quantile,0.35,15,2026-11-07
2026-10-24,wk inc flu hosp,2,39,quantile,0.4,15,2026-11-07
2026-10-24,wk inc flu hosp,2,39,quantile,0.45,16,2026-11-07
2026-10-24,wk inc flu hosp,2,39,quantile,0.5,16,2026-11-07
2026-10-24,wk inc flu hosp,2,39,quantile,0.55,18,2026-11-07
2026-10-24,wk inc flu hosp,2,39,quantile,0.6,19,2026-11-07
2026-10-24,wk inc flu hosp,2,39,quantile,0.65,20,2026-11-07
2026-10-24,wk inc flu hosp,2,39,quantile,0.7,22,2026-11-07
2026-10-24,wk inc flu hosp,2,39,quantile,0.75,24,2026-11-07
2026-10-24,wk inc flu hosp,2,39,quantile,0.8,27,2026-11-07
2026-10-24,wk inc flu hosp,2,39,quantile,0.85,30,2026-11-07
2026-10-24,wk inc flu hosp,2,39,quantile,0.9,34,2026-11-07
2026-10-24,wk inc flu hosp,2,39,quantile,0.95,41,2026-11-07
2026-10-24,wk inc flu hosp,2,39,quantile,0.975,43,2026-11-07
2026-10-24,wk inc flu hosp,2,39,quantile,0.99,53,2026-11-07
2026-10-24,wk inc flu hosp,2,40,quantile,0.01,0,2026-11-07
2026-10-24,wk inc flu hosp,2,40,quantile,0.025,0,2026-11-07
2026-10-24,wk inc flu hosp,2,40,quantile,0.05,0,2026-11-07
2026-10-24,wk inc flu hosp,2,40,quantile,0.1,1,2026-11-07
2026-10-24,wk inc flu hosp,2,40,quantile,0.15,3,2026-11-07
2026-10-24,wk inc flu hosp,2,40,quantile,0.2,3,2026-11-07
2026-10-24,wk inc flu hosp,2,40,quantile,0.25,5,2026-11-07
2026-10-24,wk inc flu hosp,2,40,quantile,0.3,6,2026-11-07
2026-10-24,wk inc flu hosp,2,40,quantile,0.35,7,2026-11-07
2026-10-24,wk inc flu hosp,2,40,quantile,0.4,9,2026-11-07
2026-10-24,wk inc flu hosp,2,40,quantile,0.45,10,2026-11-07
2026-10-24,wk inc flu hosp,2,40,quantile,0.5,10,2026-11-07
2026-10-24,wk inc flu hosp,2,40,quantile,0.55,12,2026-11-07
2026-10-24,wk inc flu hosp,2,40,quantile,0.6,12,2026-11-07
2026-10-24,wk inc flu hosp,2,40,quantile,0.65,13,2026-11-07
2026-10-24,wk inc flu hosp,2,40,quantile,0.7,15,2026-11-07
2026-10-24,wk inc flu hosp,2,40,quantile,0.75,16,2026-11-07
2026-10-24,wk inc flu hosp,2,40,quantile,0.8,18,2026-11-07
2026-10-24,wk inc flu hosp,2,40,quantile,0.85,20,2026-11-07
2026-10-24,wk inc flu hosp,2,40,quantile,0.9,23,2026-11-07
2026-10-24,wk inc flu hosp,2,40,quantile,0.95,34,2026-11-07
2026-10-24,wk inc flu hosp,2,40,quantile,0.975,41,2026-11-07
2026-10-24,wk inc flu hosp,2,40,quantile,0.99,45,2026-11-07
2026-10-24,wk inc flu hosp,2,41,quantile,0.01,0,2026-11-07
2026-10-24,wk inc flu hosp,2,41,quantile,0.025,0,2026-11-07
2026-10-24,wk inc flu hosp,2,41,quantile,0.05,0,2026-11-07
2026-10-24,wk inc flu hosp,2,41,quantile,0.1,0,2026-11-07
2026-10-24,wk inc flu hosp,2,41,quantile,0.15,1,2026-11-07
2026-10-24,wk inc flu hosp,2,41,quantile,0.2,1,2026-11-07
2026-10-24,wk inc flu hosp,2,41,quantile,0.25,2,2026-11-07
2026-10-24,wk inc flu hosp,2,41,quantile,0.3,2,2026-11-07
2026-10-24,wk inc flu hosp,2,41,quantile,0.35,2,2026-11-07
2026-10-24,wk inc flu hosp,2,41,quantile,0.4,3,2026-11-07
2026-10-24,wk inc flu hosp,2,41,quantile,0.45,4,2026-11-07
2026-10-24,wk inc flu hosp,2,41,quantile,0.5,5,2026-11-07
2026-10-24,wk inc flu hosp,2,41,quantile,0.55,6,2026-11-07
2026-10-24,wk inc flu hosp,2,41,quantile,0.6,7,2026-11-07
2026-10-24,wk inc flu hosp,2,41,quantile,0.65,9,2026-11-07
2026-10-24,wk inc flu hosp,2,41,quantile,0.7,10,2026-11-07
2026-10-24,wk inc flu hosp,2,41,quantile,0.75,11,2026-11-07
2026-10-24,wk inc flu hosp,2,41,quantile,0.8,13,2026-11-07
2026-10-24,wk inc flu hosp,2,41,quantile,0.85,15,2026-11-07
2026-10-24,wk inc flu hosp,2,41,quantile,0.9,17,2026-11-07
2026-10-24,wk inc flu hosp,2,41,quantile,0.95,21,2026-11-07
2026-10-24,wk inc flu hosp,2,41,quantile,0.975,27,2026-11-07
2026-10-24,wk inc flu hosp,2,41,quantile,0.99,35,2026-11-07
2026-10-24,wk inc flu hosp,2,42,quantile,0.01,24,2026-11-07
2026-10-24,wk inc flu hosp,2,42,quantile,0.025,29,2026-11-07
2026-10-24,wk inc flu hosp,2,42,quantile,0.05,31,2026-11-07
2026-10-24,wk inc flu hosp,2,42,quantile,0.1,36,2026-11-07
2026-10-24,wk inc flu hosp,2,42,quantile,0.15,39,2026-11-07
2026-10-24,wk inc flu hosp,2,42,quantile,0.2,44,2026-11-07
2026-10-24,wk inc flu hosp,2,42,quantile,0.25,47,2026-11-07
2026-10-24,wk inc flu hosp,2,42,quantile,0.3,51,2026-11-07
2026-10-24,wk inc flu hosp,2,42,quantile,0.35,55,2026-11-07
2026-10-24,wk inc flu hosp,2,42,quantile,0.4,60,2026-11-07
2026-10-24,wk inc flu hosp,2,42,quantile,0.45,63,2026-11-07
2026-10-24,wk inc flu hosp,2,42,quantile,0.5,68,2026-11-07
2026-10-24,wk inc flu hosp,2,42,quantile,0.55,71,2026-11-07
2026-10-24,wk inc flu hosp,2,42,quantile,0.6,77,2026-11-07
2026-10-24,wk inc flu hosp,2,42,quantile,0.65,85,2026-11-07
2026-10-24,wk inc flu hosp,2,42,quantile,0.7,88,2026-11-07
2026-10-24,wk inc flu hosp,2,42,quantile,0.75,91,2026-11-07
2026-10-24,wk inc flu hosp,2,42,quantile,0.8,106,2026-11-07
2026-10-24,wk inc flu hosp,2,42,quantile,0.85,116,2026-11-07
2026-10-24,wk inc flu hosp,2,42,quantile,0.9,130,2026-11-07
2026-10-24,wk inc flu hosp,2,42,quantile,0.95,151,2026-11-07
2026-10-24,wk inc flu hosp,2,42,quantile,0.975,176,2026-11-07
2026-10-24,wk inc flu hosp,2,42,quantile,0.99,193,2026-11-07
2026-10-24,wk inc flu hosp,2,44,quantile,0.01,0,2026-11-07
2026-10-24,wk inc flu hosp,2,44,quantile,0.025,0,2026-11-07
2026-10-24,wk inc flu hosp,2,44,quantile,0.05,0,2026-11-07
2026-10-24,wk inc flu hosp,2,44,quantile,0.1,0,2026-11-07
2026-10-24,wk inc flu hosp,2,44,quantile,0.15,0,2026-11-07
2026-10-24,wk inc flu hosp,2,44,quantile,0.2,0,2026-11-07
2026-10-24,wk inc flu hosp,2,44,quantile,0.25,1,2026-11-07
2026-10-24,wk inc flu hosp,2,44,quantile,0.3,1,2026-11-07
2026-10-24,wk inc flu hosp,2,44,quantile,0.35,1,2026-11-07
2026-10-24,wk inc flu hosp,2,44,quantile,0.4,2,2026-11-07
2026-10-24,wk inc flu hosp,2,44,quantile,0.45,2,2026-11-07
2026-10-24,wk inc flu hosp,2,44,quantile,0.5,3,2026-11-07
2026-10-24,wk inc flu hosp,2,44,quantile,0.55,4,2026-11-07
2026-10-24,wk inc flu hosp,2,44,quantile,0.6,4,2026-11-07
2026-10-24,wk inc flu hosp,2,44,quantile,0.65,5,2026-11-07
2026-10-24,wk inc flu hosp,2,44,quantile,0.7,6,2026-11-07
2026-10-24,wk inc flu hosp,2,44,quantile,0.75,7,2026-11-07
2026-10-24,wk inc flu hosp,2,44,quantile,0.8,9,2026-11-07
2026-10-24,wk inc flu hosp,2,44,quantile,0.85,10,2026-11-07
2026-10-24,wk inc flu hosp,2,44,quantile,0.9,10,2026-11-07
2026-10-24,wk inc flu hosp,2,44,quantile,0.95,13,2026-11-07
2026-10-24,wk inc flu hosp,2,44,quantile,0.975,15,2026-11-07
2026-10-24,wk inc flu hosp,2,44,quantile,0.99,18,2026-11-07
2026-10-24,wk inc flu hosp,2,45,quantile,0.01,0,2026-11-07
2026-10-24,wk inc flu hosp,2,45,quantile,0.025,1,2026-11-07
2026-10-24,wk inc flu hosp,2,45,quantile,0.05,1,2026-11-07
2026-10-24,wk inc flu hosp,2,45,quantile,0.1,2,2026-11-07
2026-10-24,wk inc flu hosp,2,45,quantile,0.15,4,2026-11-07
2026-10-24,wk inc flu hosp,2,45,quantile,0.2,5,2026-11-07
2026-10-24,wk inc flu hosp,2,45,quantile,0.25,6,2026-11-07
2026-10-24,wk inc flu hosp,2,45,quantile,0.3,7,2026-11-07
2026-10-24,wk inc flu hosp,2,45,quantile,0.35,8,2026-11-07
2026-10-24,wk inc flu hosp,2,45,quantile,0.4,9,2026-11-07
2026-10-24,wk inc flu hosp,2,45,quantile,0.45,11,2026-11-07
2026-10-24,wk inc flu hosp,2,45,quantile,0.5,13,2026-11-07
2026-10-24,wk inc flu hosp,2,45,quantile,0.55,15,2026-11-07
2026-10-24,wk inc flu hosp,2,45,quantile,0.6,16,2026-11-07
2026-10-24,wk inc flu hosp,2,45,quantile,0.65,17,2026-11-07
2026-10-24,wk inc flu hosp,2,45,quantile,0.7,18,2026-11-07
2026-10-24,wk inc flu hosp,2,45,quantile,0.75,20,2026-11-07
2026-10-24,wk inc flu hosp,2,45,quantile,0.8,23,2026-11-07
2026-10-24,wk inc flu hosp,2,45,quantile,0.85,26,2026-11-07
2026-10-24,wk inc flu hosp,2,45,quantile,0.9,32,2026-11-07
2026-10-24,wk inc flu hosp,2,45,quantile,0.95,39,2026-11-07
2026-10-24,wk inc flu hosp,2,45,quantile,0.975,50,2026-11-07
2026-10-24,wk inc flu hosp,2,45,quantile,0.99,56,2026-11-07
2026-10-24,wk inc flu hosp,2,46,quantile,0.01,0,2026-11-07
2026-10-24,wk inc flu hosp,2,46,quantile,0.025,0,2026-11-07
2026-10-24,wk inc flu hosp,2,46,quantile,0.05,0,2026-11-07
2026-10-24,wk inc flu hosp,2,46,quantile,0.1,0,2026-11-07
2026-10-24,wk inc flu hosp,2,46,quantile,0.15,0,2026-11-07
2026-10-24,wk inc flu hosp,2,46,quantile,0.2,0,2026-11-07
2026-10-24,wk inc flu hosp,2,46,quantile,0.25,0,2026-11-07
2026-10-24,wk inc flu hosp,2,46,quantile,0.3,0,2026-11-07
2026-10-24,wk inc flu hosp,2,46,quantile,0.35,0,2026-11-07
2026-10-24,wk inc flu hosp,2,46,quantile,0.4,0,2026-11-07
2026-10-24,wk inc flu hosp,2,46,quantile,0.45,1,2026-11-07
2026-10-24,wk inc flu hosp,2,46,quantile,0.5,1,2026-11-07
2026-10-24,wk inc flu hosp,2,46,quantile,0.55,1,2026-11-07
2026-10-24,wk inc flu hosp,2,46,quantile,0.6,2,2026-11-07
2026-10-24,wk inc flu hosp,2,46,quantile,0.65,2,2026-11-07
2026-10-24,wk inc flu hosp,2,46,quantile,0.7,3,2026-11-07
2026-10-24,wk inc flu hosp,2,46,quantile,0.75,4,2026-11-07
2026-10-24,wk inc flu hosp,2,46,quantile,0.8,5,2026-11-07
2026-10-24,wk inc flu hosp,2,46,quantile,0.85,6,2026-11-07
2026-10-24,wk inc flu hosp,2,46,quantile,0.9,8,2026-11-07
2026-10-24,wk inc flu hosp,2,46,quantile,0.95,12,2026-11-07
2026-10-24,wk inc flu hosp,2,46,quantile,0.975,16,2026-11-07
2026-10-24,wk inc flu hosp,2,46,quantile,0.99,19,2026-11-07
2026-10-24,wk inc flu hosp,2,47,quantile,0.01,10,2026-11-07
2026-10-24,wk inc flu hosp,2,47,quantile,0.025,13,2026-11-07
2026-10-24,wk inc flu hosp,2,47,quantile,0.05,15,2026-11-07
2026-10-24,wk inc flu hosp,2,47,quantile,0.1,20,2026-11-07
2026-10-24,wk inc flu hosp,2,47,quantile,0.15,21,2026-11-07
2026-10-24,wk inc flu hosp,2,47,quantile,0.2,22,2026-11-07
2026-10-24,wk inc flu hosp,2,47,quantile,0.25,24,2026-11-07
2026-10-24,wk inc flu hosp,2,47,quantile,0.3,27,2026-11-07
2026-10-24,wk inc flu hosp,2,47,quantile,0.35,28,2026-11-07
2026-10-24,wk inc flu hosp,2,47,quantile,0.4,29,2026-11-07
2026-10-24,wk inc flu hosp,2,47,quantile,0.45,31,2026-11-07
2026-10-24,wk inc flu hosp,2,47,quantile,0.5,33,2026-11-07
2026-10-24,wk inc flu hosp,2,47,quantile,0.55,34,2026-11-07
2026-10-24,wk inc flu hosp,2,47,quantile,0.6,35,2026-11-07
2026-10-24,wk inc flu hosp,2,47,quantile,0.65,37,2026-11-07
2026-10-24,wk inc flu hosp,2,47,quantile,0.7,39,2026-11-07
2026-10-24,wk inc flu hosp,2,47,quantile,0.75,42,2026-11-07
2026-10-24,wk inc flu hosp,2,47,quantile,0.8,44,2026-11-07
2026-10-24,wk inc flu hosp,2,47,quantile,0.85,47,2026-11-07
2026-10-24,wk inc flu hosp,2,47,quantile,0.9,49,2026-11-07
2026-10-24,wk inc flu hosp,2,47,quantile,0.95,65,2026-11-07
2026-10-24,wk inc flu hosp,2,47,quantile,0.975,70,2026-11-07
2026-10-24,wk inc flu hosp,2,47,quantile,0.99,78,2026-11-07
2026-10-24,wk inc flu hosp,2,48,quantile,0.01,54,2026-11-07
2026-10-24,wk inc flu hosp,2,48,quantile,0.025,60,2026-11-07
2026-10-24,wk inc flu hosp,2,48,quantile,0.05,73,2026-11-07
2026-10-24,wk inc flu hosp,2,48,quantile,0.1,99,2026-11-07
2026-10-24,wk inc flu hosp,2,48,quantile,0.15,112,2026-11-07
2026-10-24,wk inc flu hosp,2,48,quantile,0.2,116,2026-11-07
2026-10-24,wk inc flu hosp,2,48,quantile,0.25,128,2026-11-07
2026-10-24,wk inc flu hosp,2,48,quantile,0.3,140,2026-11-07
2026-10-24,wk inc flu hosp,2,48,quantile,0.35,152,2026-11-07
2026-10-24,wk inc flu hosp,2,48,quantile,0.4,163,2026-11-07
2026-10-24,wk inc flu hosp,2,48,quantile,0.45,178,2026-11-07
2026-10-24,wk inc flu hosp,2,48,quantile,0.5,191,2026-11-07
2026-10-24,wk inc flu hosp,2,48,quantile,0.55,202,2026-11-07
2026-10-24,wk inc flu hosp,2,48,quantile,0.6,216,2026-11-07
2026-10-24,wk inc flu hosp,2,48,quantile,0.65,226,2026-11-07
2026-10-24,wk inc flu hosp,2,48,quantile,0.7,241,2026-11-07
2026-10-24,wk inc flu hosp,2,48,quantile,0.75,270,2026-11-07
2026-10-24,wk inc flu hosp,2,48,quantile,0.8,293,2026-11-07
2026-10-24,wk inc flu hosp,2,48,quantile,0.85,321,2026-11-07
2026-10-24,wk inc flu hosp,2,48,quantile,0.9,400,2026-11-07
2026-10-24,wk inc flu hosp,2,48,quantile,0.95,508,2026-11-07
2026-10-24,wk inc flu hosp,2,48,quantile,0.975,623,2026-11-07
2026-10-24,wk inc flu hosp,2,48,quantile,0.99,684,2026-11-07
2026-10-24,wk inc flu hosp,2,49,quantile,0.01,0,2026-11-07
2026-10-24,wk inc flu hosp,2,49,quantile,0.025,0,2026-11-07
2026-10-24,wk inc flu hosp,2,49,quantile,0.05,0,2026-11-07
2026-10-24,wk inc flu hosp,2,49,quantile,0.1,0,2026-11-07
2026-10-24,wk inc flu hosp,2,49,quantile,0.15,1,2026-11-07
2026-10-24,wk inc flu hosp,2,49,quantile,0.2,1,2026-11-07
2026-10-24,wk inc flu hosp,2,49,quantile,0.25,2,2026-11-07
2026-10-24,wk inc flu hosp,2,49,quantile,0.3,2,2026-11-07
2026-10-24,wk inc flu hosp,2,49,quantile,0.35,3,2026-11-07
2026-10-24,wk inc flu hosp,2,49,quantile,0.4,3,2026-11-07
2026-10-24,wk inc flu hosp,2,49,quantile,0.45,4,2026-11-07
2026-10-24,wk inc flu hosp,2,49,quantile,0.5,4,2026-11-07
2026-10-24,wk inc flu hosp,2,49,quantile,0.55,4,2026-11-07
2026-10-24,wk inc flu hosp,2,49,quantile,0.6,5,2026-11-07
2026-10-24,wk inc flu hosp,2,49,quantile,0.65,6,2026-11-07
2026-10-24,wk inc flu hosp,2,49,quantile,0.7,6,2026-11-07
2026-10-24,wk inc flu hosp,2,49,quantile,0.75,7,2026-11-07
2026-10-24,wk inc flu hosp,2,49,quantile,0.8,8,2026-11-07
2026-10-24,wk inc flu hosp,2,49,quantile,0.85,10,2026-11-07
2026-10-24,wk inc flu hosp,2,49,quantile,0.9,13,2026-11-07
2026-10-24,wk inc flu hosp,2,49,quantile,0.95,17,2026-11-07
2026-10-24,wk inc flu hosp,2,49,quantile,0.975,21,2026-11-07
2026-10-24,wk inc flu hosp,2,49,quantile,0.99,22,2026-11-07
2026-10-24,wk inc flu hosp,2,50,quantile,0.01,0,2026-11-07
2026-10-24,wk inc flu hosp,2,50,quantile,0.025,0,2026-11-07
2026-10-24,wk inc flu hosp,2,50,quantile,0.05,0,2026-11-07
2026-10-24,wk inc flu hosp,2,50,quantile,0.1,0,2026-11-07
2026-10-24,wk inc flu hosp,2,50,quantile,0.15,0,2026-11-07
2026-10-24,wk inc flu hosp,2,50,quantile,0.2,0,2026-11-07
2026-10-24,wk inc flu hosp,2,50,quantile,0.25,0,2026-11-07
2026-10-24,wk inc flu hosp,2,50,quantile,0.3,0,2026-11-07
2026-10-24,wk inc flu hosp,2,50,quantile,0.35,0,2026-11-07
2026-10-24,wk inc flu hosp,2,50,quantile,0.4,1,2026-11-07
2026-10-24,wk inc flu hosp,2,50,quantile,0.45,2,2026-11-07
2026-10-24,wk inc flu hosp,2,50,quantile,0.5,2,2026-11-07
2026-10-24,wk inc flu hosp,2,50,quantile,0.55,3,2026-11-07
2026-10-24,wk inc flu hosp,2,50,quantile,0.6,3,2026-11-07
2026-10-24,wk inc flu hosp,2,50,quantile,0.65,4,2026-11-07
2026-10-24,wk inc flu hosp,2,50,quantile,0.7,5,2026-11-07
2026-10-24,wk inc flu hosp,2,50,quantile,0.75,5,2026-11-07
2026-10-24,wk inc flu hosp,2,50,quantile,0.8,6,2026-11-07
2026-10-24,wk inc flu hosp,2,50,quantile,0.85,8,2026-11-07
2026-10-24,wk inc flu hosp,2,50,quantile,0.9,10,2026-11-07
2026-10-24,wk inc flu hosp,2,50,quantile,0.95,13,2026-11-07
2026-10-24,wk inc flu hosp,2,50,quantile,0.975,15,2026-11-07
2026-10-24,wk inc flu hosp,2,50,quantile,0.99,16,2026-11-07
2026-10-24,wk inc flu hosp,2,51,quantile,0.01,5,2026-11-07
2026-10-24,wk inc flu hosp,2,51,quantile,0.025,6,2026-11-07
2026-10-24,wk inc flu hosp,2,51,quantile,0.05,8,2026-11-07
2026-10-24,wk inc flu hosp,2,51,quantile,0.1,11,2026-11-07
2026-10-24,wk inc flu hosp,2,51,quantile,0.15,14,2026-11-07
2026-10-24,wk inc flu hosp,2,51,quantile,0.2,15,2026-11-07
2026-10-24,wk inc flu hosp,2,51,quantile,0.25,17,2026-11-07
2026-10-24,wk inc flu hosp,2,51,quantile,0.3,18,2026-11-07
2026-10-24,wk inc flu hosp,2,51,quantile,0.35,20,2026-11-07
2026-10-24,wk inc flu hosp,2,51,quantile,0.4,22,2026-11-07
2026-10-24,wk inc flu hosp,2,51,quantile,0.45,25,2026-11-07
2026-10-24,wk inc flu hosp,2,51,quantile,0.5,26,2026-11-07
2026-10-24,wk inc flu hosp,2,51,quantile,0.55,28,2026-11-07
2026-10-24,wk inc flu hosp,2,51,quantile,0.6,30,2026-11-07
2026-10-24,wk inc flu hosp,2,51,quantile,0.65,32,2026-11-07
2026-10-24,wk inc flu hosp,2,51,quantile,0.7,34,2026-11-07
2026-10-24,wk inc flu hosp,2,51,quantile,0.75,36,2026-11-07
2026-10-24,wk inc flu hosp,2,51,quantile,0.8,39,2026-11-07
2026-10-24,wk inc flu hosp,2,51,quantile,0.85,41,2026-11-07
2026-10-24,wk inc flu hosp,2,51,quantile,0.9,47,2026-11-07
2026-10-24,wk inc flu hosp,2,51,quantile,0.95,55,2026-11-07
2026-10-24,wk inc flu hosp,2,51,quantile,0.975,58,2026-11-07
2026-10-24,wk inc flu hosp,2,51,quantile,0.99,60,2026-11-07
2026-10-24,wk inc flu hosp,2,53,quantile,0.01,0,2026-11-07
2026-10-24,wk inc flu hosp,2,53,quantile,0.025,0,2026-11-07
2026-10-24,wk inc flu hosp,2,53,quantile,0.05,0,2026-11-07
2026-10-24,wk inc flu hosp,2,53,quantile,0.1,0,2026-11-07
2026-10-24,wk inc flu hosp,2,53,quantile,0.15,2,2026-11-07
2026-10-24,wk inc flu hosp,2,53,quantile,0.2,2,2026-11-07
2026-10-24,wk inc flu hosp,2,53,quantile,0.25,4,2026-11-07
2026-10-24,wk inc flu hosp,2,53,quantile,0.3,5,2026-11-07
2026-10-24,wk inc flu hosp,2,53,quantile,0.35,6,2026-11-07
2026-10-24,wk inc flu hosp,2,53,quantile,0.4,7,2026-11-07
2026-10-24,wk inc flu hosp,2,53,quantile,0.45,8,2026-11-07
2026-10-24,wk inc flu hosp,2,53,quantile,0.5,9,2026-11-07
2026-10-24,wk inc flu hosp,2,53,quantile,0.55,10,2026-11-07
2026-10-24,wk inc flu hosp,2,53,quantile,0.6,11,2026-11-07
2026-10-24,wk inc flu hosp,2,53,quantile,0.65,12,2026-11-07
2026-10-24,wk inc flu hosp,2,53,quantile,0.7,13,2026-11-07
2026-10-24,wk inc flu hosp,2,53,quantile,0.75,15,2026-11-07
2026-10-24,wk inc flu hosp,2,53,quantile,0.8,16,2026-11-07
2026-10-24,wk inc flu hosp,2,53,quantile,0.85,20,2026-11-07
2026-10-24,wk inc flu hosp,2,53,quantile,0.9,25,2026-11-07
2026-10-24,wk inc flu hosp,2,53,quantile,0.95,29,2026-11-07
2026-10-24,wk inc flu hosp,2,53,quantile,0.975,33,2026-11-07
2026-10-24,wk inc flu hosp,2,53,quantile,0.99,33,2026-11-07
2026-10-24,wk inc flu hosp,2,54,quantile,0.01,0,2026-11-07
2026-10-24,wk inc flu hosp,2,54,quantile,0.025,0,2026-11-07
2026-10-24,wk inc flu hosp,2,54,quantile,0.05,0,2026-11-07
2026-10-24,wk inc flu hosp,2,54,quantile,0.1,0,2026-11-07
2026-10-24,wk inc flu hosp,2,54,quantile,0.15,0,2026-11-07
2026-10-24,wk inc flu hosp,2,54,quantile,0.2,0,2026-11-07
2026-10-24,wk inc flu hosp,2,54,quantile,0.25,1,2026-11-07
2026-10-24,wk inc flu hosp,2,54,quantile,0.3,1,2026-11-07
2026-10-24,wk inc flu hosp,2,54,quantile,0.35,2,2026-11-07
2026-10-24,wk inc flu hosp,2,54,quantile,0.4,2,2026-11-07
2026-10-24,wk inc flu hosp,2,54,quantile,0.45,3,2026-11-07
2026-10-24,wk inc flu hosp,2,54,quantile,0.5,4,2026-11-07
2026-10-24,wk inc flu hosp,2,54,quantile,0.55,5,2026-11-07
2026-10-24,wk inc flu hosp,2,54,quantile,0.6,5,2026-11-07
2026-10-24,wk inc flu hosp,2,54,quantile,0.65,6,2026-11-07
2026-10-24,wk inc flu hosp,2,54,quantile,0.7,7,2026-11-07
2026-10-24,wk inc flu hosp,2,54,quantile,0.75,8,2026-11-07
2026-10-24,wk inc flu hosp,2,54,quantile,0.8,9,2026-11-07
2026-10-24,wk inc flu hosp,2,54,quantile,0.85,10,2026-11-07
2026-10-24,wk inc flu hosp,2,54,quantile,0.9,11,2026-11-07
2026-10-24,wk inc flu hosp,2,54,quantile,0.95,13,2026-11-07
2026-10-24,wk inc flu hosp,2,54,quantile,0.975,15,2026-11-07
2026-10-24,wk inc flu hosp,2,54,quantile,0.99,18,2026-11-07
2026-10-24,wk inc flu hosp,2,55,quantile,0.01,0,2026-11-07
2026-10-24,wk inc flu hosp,2,55,quantile,0.025,1,2026-11-07
2026-10-24,wk inc flu hosp,2,55,quantile,0.05,2,2026-11-07
2026-10-24,wk inc flu hosp,2,55,quantile,0.1,3,2026-11-07
2026-10-24,wk inc flu hosp,2,55,quantile,0.15,4,2026-11-07
2026-10-24,wk inc flu hosp,2,55,quantile,0.2,4,2026-11-07
2026-10-24,wk inc flu hosp,2,55,quantile,0.25,5,2026-11-07
2026-10-24,wk inc flu hosp,2,55,quantile,0.3,6,2026-11-07
2026-10-24,wk inc flu hosp,2,55,quantile,0.35,6,2026-11-07
2026-10-24,wk inc flu hosp,2,55,quantile,0.4,8,2026-11-07
2026-10-24,wk inc flu hosp,2,55,quantile,0.45,8,2026-11-07
2026-10-24,wk inc flu hosp,2,55,quantile,0.5,9,2026-11-07
2026-10-24,wk inc flu hosp,2,55,quantile,0.55,10,2026-11-07
2026-10-24,wk inc flu hosp,2,55,quantile,0.6,11,2026-11-07
2026-10-24,wk inc flu hosp,2,55,quantile,0.65,12,2026-11-07
2026-10-24,wk inc flu hosp,2,55,quantile,0.7,13,2026-11-07
2026-10-24,wk inc flu hosp,2,55,quantile,0.75,15,2026-11-07
2026-10-24,wk inc flu hosp,2,55,quantile,0.8,16,2026-11-07
2026-10-24,wk inc flu hosp,2,55,quantile,0.85,17,2026-11-07
2026-10-24,wk inc flu hosp,2,55,quantile,0.9,19,2026-11-07
2026-10-24,wk inc flu hosp,2,55,quantile,0.95,22,2026-11-07
2026-10-24,wk inc flu hosp,2,55,quantile,0.975,25,2026-11-07
2026-10-24,wk inc flu hosp,2,55,quantile,0.99,33,2026-11-07
2026-10-24,wk inc flu hosp,2,56,quantile,0.01,0,2026-11-07
2026-10-24,wk inc flu hosp,2,56,quantile,0.025,0,2026-11-07
2026-10-24,wk inc flu hosp,2,56,quantile,0.05,0,2026-11-07
2026-10-24,wk inc flu hosp,2,56,quantile,0.1,0,2026-11-07
2026-10-24,wk inc flu hosp,2,56,quantile,0.15,0,2026-11-07
2026-10-24,wk inc flu hosp,2,56,quantile,0.2,1,2026-11-07
2026-10-24,wk inc flu hosp,2,56,quantile,0.25,2,2026-11-07
2026-10-24,wk inc flu hosp,2,56,quantile,0.3,4,2026-11-07
2026-10-24,wk inc flu hosp,2,56,quantile,0.35,6,2026-11-07
2026-10-24,wk inc flu hosp,2,56,quantile,0.4,6,2026-11-07
2026-10-24,wk inc flu hosp,2,56,quantile,0.45,7,2026-11-07
2026-10-24,wk inc flu hosp,2,56,quantile,0.5,8,2026-11-07
2026-10-24,wk inc flu hosp,2,56,quantile,0.55,9,2026-11-07
2026-10-24,wk inc flu hosp,2,56,quantile,0.6,10,2026-11-07
2026-10-24,wk inc flu hosp,2,56,quantile,0.65,12,2026-11-07
2026-10-24,wk inc flu hosp,2,56,quantile,0.7,14,2026-11-07
2026-10-24,wk inc flu hosp,2,56,quantile,0.75,15,2026-11-07
2026-10-24,wk inc flu hosp,2,56,quantile,0.8,17,2026-11-07
2026-10-24,wk inc flu hosp,2,56,quantile,0.85,18,2026-11-07
2026-10-24,wk inc flu hosp,2,56,quantile,0.9,22,2026-11-07
2026-10-24,wk inc flu hosp,2,56,quantile,0.95,28,2026-11-07
2026-10-24,wk inc flu hosp,2,56,quantile,0.975,34,2026-11-07
2026-10-24,wk inc flu hosp,2,56,quantile,0.99,42,2026-11-07
2026-10-24,wk inc flu hosp,2,72,quantile,0.01,5,2026-11-07
2026-10-24,wk inc flu hosp,2,72,quantile,0.025,9,2026-11-07
2026-10-24,wk inc flu hosp,2,72,quantile,0.05,13,2026-11-07
2026-10-24,wk inc flu hosp,2,72,quantile,0.1,19,2026-11-07
2026-10-24,wk inc flu hosp,2,72,quantile,0.15,21,2026-11-07
2026-10-24,wk inc flu hosp,2,72,quantile,0.2,26,2026-11-07
2026-10-24,wk inc flu hosp,2,72,quantile,0.25,30,2026-11-07
2026-10-24,wk inc flu hosp,2,72,quantile,0.3,34,2026-11-07
2026-10-24,wk inc flu hosp,2,72,quantile,0.35,36,2026-11-07
2026-10-24,wk inc flu hosp,2,72,quantile,0.4,40,2026-11-07
2026-10-24,wk inc flu hosp,2,72,quantile,0.45,44,2026-11-07
2026-10-24,wk inc flu hosp,2,72,quantile,0.5,50,2026-11-07
2026-10-24,wk inc flu hosp,2,72,quantile,0.55,57,2026-11-07
2026-10-24,wk inc flu hosp,2,72,quantile,0.6,65,2026-11-07
2026-10-24,wk inc flu hosp,2,72,quantile,0.65,74,2026-11-07
2026-10-24,wk inc flu hosp,2,72,quantile,0.7,85,2026-11-07
2026-10-24,wk inc flu hosp,2,72,quantile,0.75,93,2026-11-07
2026-10-24,wk inc flu hosp,2,72,quantile,0.8,104,2026-11-07
2026-10-24,wk inc flu hosp,2,72,quantile,0.85,115,2026-11-07
2026-10-24,wk inc flu hosp,2,72,quantile,0.9,132,2026-11-07
2026-10-24,wk inc flu hosp,2,72,quantile,0.95,181,2026-11-07
2026-10-24,wk inc flu hosp,2,72,quantile,0.975,238,2026-11-07
2026-10-24,wk inc flu hosp,2,72,quantile,0.99,332,2026-11-07
2026-10-24,wk inc flu hosp,2,USA,quantile,0.01,994,2026-11-07
2026-10-24,wk inc flu hosp,2,USA,quantile,0.025,1058,2026-11-07
2026-10-24,wk inc flu hosp,2,USA,quantile,0.05,1074,2026-11-07
2026-10-24,wk inc flu hosp,2,USA,quantile,0.1,1127,2026-11-07
2026-10-24,wk inc flu hosp,2,USA,quantile,0.15,1194,2026-11-07
2026-10-24,wk inc flu hosp,2,USA,quantile,0.2,1227,2026-11-07
2026-10-24,wk inc flu hosp,2,USA,quantile,0.25,1270,2026-11-07
2026-10-24,wk inc flu hosp,2,USA,quantile,0.3,1314,2026-11-07
2026-10-24,wk inc flu hosp,2,USA,quantile,0.35,1325,2026-11-07
2026-10-24,wk inc flu hosp,2,USA,quantile,0.4,1366,2026-11-07
2026-10-24,wk inc flu hosp,2,USA,quantile,0.45,1413,2026-11-07
2026-10-24,wk inc flu hosp,2,USA,quantile,0.5,1439,2026-11-07
2026-10-24,wk inc flu hosp,2,USA,quantile,0.55,1478,2026-11-07
2026-10-24,wk inc flu hosp,2,USA,quantile,0.6,1537,2026-11-07
2026-10-24,wk inc flu hosp,2,USA,quantile,0.65,1573,2026-11-07
2026-10-24,wk inc flu hosp,2,USA,quantile,0.7,1628,2026-11-07
2026-10-24,wk inc flu hosp,2,USA,quantile,0.75,1662,2026-11-07
2026-10-24,wk inc flu hosp,2,USA,quantile,0.8,1705,2026-11-07
2026-10-24,wk inc flu hosp,2,USA,quantile,0.85,1737,2026-11-07
2026-10-24,wk inc flu hosp,2,USA,quantile,0.9,1857,2026-11-07
2026-10-24,wk inc flu hosp,2,USA,quantile,0.95,1974,2026-11-07
2026-10-24,wk inc flu hosp,2,USA,quantile,0.975,2026,2026-11-07
2026-10-24,wk inc flu hosp,2,USA,quantile,0.99,2055,2026-11-07
2026-10-24,wk inc flu hosp,3,01,quantile,0.01,4,2026-11-14
2026-10-24,wk inc flu hosp,3,01,quantile,0.025,6,2026-11-14
2026-10-24,wk inc flu hosp,3,01,quantile,0.05,8,2026-11-14
2026-10-24,wk inc flu hosp,3,01,quantile,0.1,10,2026-11-14
2026-10-24,wk inc flu hosp,3,01,quantile,0.15,13,2026-11-14
2026-10-24,wk inc flu hosp,3,01,quantile,0.2,16,2026-11-14
2026-10-24,wk inc flu hosp,3,01,quantile,0.25,17,2026-11-14
2026-10-24,wk inc flu hosp,3,01,quantile,0.3,18,2026-11-14
2026-10-24,wk inc flu hosp,3,01,quantile,0.35,21,2026-11-14
2026-10-24,wk inc flu hosp,3,01,quantile,0.4,23,2026-11-14
2026-10-24,wk inc flu hosp,3,01,quantile,0.45,24,2026-11-14
2026-10-24,wk inc flu hosp,3,01,quantile,0.5,28,2026-11-14
2026-10-24,wk inc flu hosp,3,01,quantile,0.55,31,2026-11-14
2026-10-24,wk inc flu hosp,3,01,quantile,0.6,33,2026-11-14
2026-10-24,wk inc flu hosp,3,01,quantile,0.65,35,2026-11-14
2026-10-24,wk inc flu hosp,3,01,quantile,0.7,39,2026-11-14
2026-10-24,wk inc flu hosp,3,01,quantile,0.75,42,2026-11-14
2026-10-24,wk inc flu hosp,3,01,quantile,0.8,48,2026-11-14
2026-10-24,wk inc flu hosp,3,01,quantile,0.85,60,2026-11-14
2026-10-24,wk inc flu hosp,3,01,quantile,0.9,71,2026-11-14
2026-10-24,wk inc flu hosp,3,01,quantile,0.95,86,2026-11-14
2026-10-24,wk inc flu hosp,3,01,quantile,0.975,93,2026-11-14
2026-10-24,wk inc flu hosp,3,01,quantile,0.99,115,2026-11-14
2026-10-24,wk inc flu hosp,3,02,quantile,0.01,0,2026-11-14
2026-10-24,wk inc flu hosp,3,02,quantile,0.025,0,2026-11-14
2026-10-24,wk inc flu hosp,3,02,quantile,0.05,0,2026-11-14
2026-10-24,wk inc flu hosp,3,02,quantile,0.1,0,2026-11-14
2026-10-24,wk inc flu hosp,3,02,quantile,0.15,2,2026-11-14
2026-10-24,wk inc flu hosp,3,02,quantile,0.2,3,2026-11-14
2026-10-24,wk inc flu hosp,3,02,quantile,0.25,4,2026-11-14
2026-10-24,wk inc flu hosp,3,02,quantile,0.3,6,2026-11-14
2026-10-24,wk inc flu hosp,3,02,quantile,0.35,8,2026-11-14
2026-10-24,wk inc flu hosp,3,02,quantile,0.4,10,2026-11-14
2026-10-24,wk inc flu hosp,3,02,quantile,0.45,11,2026-11-14
2026-10-24,wk inc flu hosp,3,02,quantile,0.5,14,2026-11-14
2026-10-24,wk inc flu hosp,3,02,quantile,0.55,16,2026-11-14
2026-10-24,wk inc flu hosp,3,02,quantile,0.6,19,2026-11-14
2026-10-24,wk inc flu hosp,3,02,quantile,0.65,22,2026-11-14
2026-10-24,wk inc flu hosp,3,02,quantile,0.7,24,2026-11-14
2026-10-24,wk inc flu hosp,3,02,quantile,0.75,29,2026-11-14
2026-10-24,wk inc flu hosp,3,02,quantile,0.8,34,2026-11-14
2026-10-24,wk inc flu hosp,3,02,quantile,0.85,40,2026-11-14
2026-10-24,wk inc flu hosp,3,02,quantile,0.9,51,2026-11-14
2026-10-24,wk inc flu hosp,3,02,quantile,0.95,68,2026-11-14
2026-10-24,wk inc flu hosp,3,02,quantile,0.975,82,2026-11-14
2026-10-24,wk inc flu hosp,3,02,quantile,0.99,88,2026-11-14
2026-10-24,wk inc flu hosp,3,04,quantile,0.01,12,2026-11-14
2026-10-24,wk inc flu hosp,3,04,quantile,0.025,14,2026-11-14
2026-10-24,wk inc flu hosp,3,04,quantile,0.05,20,2026-11-14
2026-10-24,wk inc flu hosp,3,04,quantile,0.1,27,2026-11-14
2026-10-24,wk inc flu hosp,3,04,quantile,0.15,30,2026-11-14
2026-10-24,wk inc flu hosp,3,04,quantile,0.2,33,2026-11-14
2026-10-24,wk inc flu hosp,3,04,quantile,0.25,38,2026-11-14
2026-10-24,wk inc flu hosp,3,04,quantile,0.3,41,2026-11-14
2026-10-24,wk inc flu hosp,3,04,quantile,0.35,44,2026-11-14
2026-10-24,wk inc flu hosp,3,04,quantile,0.4,46,2026-11-14
2026-10-24,wk inc flu hosp,3,04,quantile,0.45,51,2026-11-14
2026-10-24,wk inc flu hosp,3,04,quantile,0.5,54,2026-11-14
2026-10-24,wk inc flu hosp,3,04,quantile,0.55,58,2026-11-14
2026-10-24,wk inc flu hosp,3,04,quantile,0.6,60,2026-11-14
2026-10-24,wk inc flu hosp,3,04,quantile,0.65,64,2026-11-14
2026-10-24,wk inc flu hosp,3,04,quantile,0.7,71,2026-11-14
2026-10-24,wk inc flu hosp,3,04,quantile,0.75,77,2026-11-14
2026-10-24,wk inc flu hosp,3,04,quantile,0.8,80,2026-11-14
2026-10-24,wk inc flu hosp,3,04,quantile,0.85,95,2026-11-14
2026-10-24,wk inc flu hosp,3,04,quantile,0.9,105,2026-11-14
2026-10-24,wk inc flu hosp,3,04,quantile,0.95,142,2026-11-14
2026-10-24,wk inc flu hosp,3,04,quantile,0.975,158,2026-11-14
2026-10-24,wk inc flu hosp,3,04,quantile,0.99,196,2026-11-14
2026-10-24,wk inc flu hosp,3,05,quantile,0.01,0,2026-11-14
2026-10-24,wk inc flu hosp,3,05,quantile,0.025,0,2026-11-14
2026-10-24,wk inc flu hosp,3,05,quantile,0.05,0,2026-11-14
2026-10-24,wk inc flu hosp,3,05,quantile,0.1,1,2026-11-14
2026-10-24,wk inc flu hosp,3,05,quantile,0.15,3,2026-11-14
2026-10-24,wk inc flu hosp,3,05,quantile,0.2,5,2026-11-14
2026-10-24,wk inc flu hosp,3,05,quantile,0.25,6,2026-11-14
2026-10-24,wk inc flu hosp,3,05,quantile,0.3,7,2026-11-14
2026-10-24,wk inc flu hosp,3,05,quantile,0.35,8,2026-11-14
2026-10-24,wk inc flu hosp,3,05,quantile,0.4,9,2026-11-14
2026-10-24,wk inc flu hosp,3,05,quantile,0.45,11,2026-11-14
2026-10-24,wk inc flu hosp,3,05,quantile,0.5,12,2026-11-14
2026-10-24,wk inc flu hosp,3,05,quantile,0.55,13,2026-11-14
2026-10-24,wk inc flu hosp,3,05,quantile,0.6,15,2026-11-14
2026-10-24,wk inc flu hosp,3,05,quantile,0.65,16,2026-11-14
2026-10-24,wk inc flu hosp,3,05,quantile,0.7,17,2026-11-14
2026-10-24,wk inc flu hosp,3,05,quantile,0.75,20,2026-11-14
2026-10-24,wk inc flu hosp,3,05,quantile,0.8,22,2026-11-14
2026-10-24,wk inc flu hosp,3,05,quantile,0.85,26,2026-11-14
2026-10-24,wk inc flu hosp,3,05,quantile,0.9,32,2026-11-14
2026-10-24,wk inc flu hosp,3,05,quantile,0.95,38,2026-11-14
2026-10-24,wk inc flu hosp,3,05,quantile,0.975,48,2026-11-14
2026-10-24,wk inc flu hosp,3,05,quantile,0.99,67,2026-11-14
2026-10-24,wk inc flu hosp,3,06,quantile,0.01,41,2026-11-14
2026-10-24,wk inc flu hosp,3,06,quantile,0.025,56,2026-11-14
2026-10-24,wk inc flu hosp,3,06,quantile,0.05,59,2026-11-14
2026-10-24,wk inc flu hosp,3,06,quantile,0.1,71,2026-11-14
2026-10-24,wk inc flu hosp,3,06,quantile,0.15,78,2026-11-14
2026-10-24,wk inc flu hosp,3,06,quantile,0.2,88,2026-11-14
2026-10-24,wk inc flu hosp,3,06,quantile,0.25,97,2026-11-14
2026-10-24,wk inc flu hosp,3,06,quantile,0.3,107,2026-11-14
2026-10-24,wk inc flu hosp,3,06,quantile,0.35,119,2026-11-14
2026-10-24,wk inc flu hosp,3,06,quantile,0.4,124,2026-11-14
2026-10-24,wk inc flu hosp,3,06,quantile,0.45,133,2026-11-14
2026-10-24,wk inc flu hosp,3,06,quantile,0.5,144,2026-11-14
2026-10-24,wk inc flu hosp,3,06,quantile,0.55,145,2026-11-14
2026-10-24,wk inc flu hosp,3,06,quantile,0.6,153,2026-11-14
2026-10-24,wk inc flu hosp,3,06,quantile,0.65,160,2026-11-14
2026-10-24,wk inc flu hosp,3,06,quantile,0.7,173,2026-11-14
2026-10-24,wk inc flu hosp,3,06,quantile,0.75,186,2026-11-14
2026-10-24,wk inc flu hosp,3,06,quantile,0.8,200,2026-11-14
2026-10-24,wk inc flu hosp,3,06,quantile,0.85,213,2026-11-14
2026-10-24,wk inc flu hosp,3,06,quantile,0.9,254,2026-11-14
2026-10-24,wk inc flu hosp,3,06,quantile,0.95,298,2026-11-14
2026-10-24,wk inc flu hosp,3,06,quantile,0.975,330,2026-11-14
2026-10-24,wk inc flu hosp,3,06,quantile,0.99,369,2026-11-14
2026-10-24,wk inc flu hosp,3,08,quantile,0.01,2,2026-11-14
2026-10-24,wk inc flu hosp,3,08,quantile,0.025,4,2026-11-14
2026-10-24,wk inc flu hosp,3,08,quantile,0.05,5,2026-11-14
2026-10-24,wk inc flu hosp,3,08,quantile,0.1,8,2026-11-14
2026-10-24,wk inc flu hosp,3,08,quantile,0.15,11,2026-11-14
2026-10-24,wk inc flu hosp,3,08,quantile,0.2,12,2026-11-14
2026-10-24,wk inc flu hosp,3,08,quantile,0.25,14,2026-11-14
2026-10-24,wk inc flu hosp,3,08,quantile,0.3,17,2026-11-14
2026-10-24,wk inc flu hosp,3,08,quantile,0.35,18,2026-11-14
2026-10-24,wk inc flu hosp,3,08,quantile,0.4,21,2026-11-14
2026-10-24,wk inc flu hosp,3,08,quantile,0.45,21,2026-11-14
2026-10-24,wk inc flu hosp,3,08,quantile,0.5,22,2026-11-14
2026-10-24,wk inc flu hosp,3,08,quantile,0.55,24,2026-11-14
2026-10-24,wk inc flu hosp,3,08,quantile,0.6,26,2026-11-14
2026-10-24,wk inc flu hosp,3,08,quantile,0.65,27,2026-11-14
2026-10-24,wk inc flu hosp,3,08,quantile,0.7,29,2026-11-14
2026-10-24,wk inc flu hosp,3,08,quantile,0.75,31,2026-11-14
2026-10-24,wk inc flu hosp,3,08,quantile,0.8,34,2026-11-14
2026-10-24,wk inc flu hosp,3,08,quantile,0.85,36,2026-11-14
2026-10-24,wk inc flu hosp,3,08,quantile,0.9,40,2026-11-14
2026-10-24,wk inc flu hosp,3,08,quantile,0.95,45,2026-11-14
2026-10-24,wk inc flu hosp,3,08,quantile,0.975,53,2026-11-14
2026-10-24,wk inc flu hosp,3,08,quantile,0.99,62,2026-11-14
2026-10-24,wk inc flu hosp,3,09,quantile,0.01,0,2026-11-14
2026-10-24,wk inc flu hosp,3,09,quantile,0.025,0,2026-11-14
2026-10-24,wk inc flu hosp,3,09,quantile,0.05,0,2026-11-14
2026-10-24,wk inc flu hosp,3,09,quantile,0.1,0,2026-11-14
2026-10-24,wk inc flu hosp,3,09,quantile,0.15,2,2026-11-14
2026-10-24,wk inc flu hosp,3,09,quantile,0.2,3,2026-11-14
2026-10-24,wk inc flu hosp,3,09,quantile,0.25,5,2026-11-14
2026-10-24,wk inc flu hosp,3,09,quantile,0.3,5,2026-11-14
2026-10-24,wk inc flu hosp,3,09,quantile,0.35,6,2026-11-14
2026-10-24,wk inc flu hosp,3,09,quantile,0.4,7,2026-11-14
2026-10-24,wk inc flu hosp,3,09,quantile,0.45,7,2026-11-14
2026-10-24,wk inc flu hosp,3,09,quantile,0.5,9,2026-11-14
2026-10-24,wk inc flu hosp,3,09,quantile,0.55,9,2026-11-14
2026-10-24,wk inc flu hosp,3,09,quantile,0.6,10,2026-11-14
2026-10-24,wk inc flu hosp,3,09,quantile,0.65,11,2026-11-14
2026-10-24,wk inc flu hosp,3,09,quantile,0.7,12,2026-11-14
2026-10-24,wk inc flu hosp,3,09,quantile,0.75,14,2026-11-14
2026-10-24,wk inc flu hosp,3,09,quantile,0.8,16,2026-11-14
2026-10-24,wk inc flu hosp,3,09,quantile,0.85,18,2026-11-14
2026-10-24,wk inc flu hosp,3,09,quantile,0.9,18,2026-11-14
2026-10-24,wk inc flu hosp,3,09,quantile,0.95,27,2026-11-14
2026-10-24,wk inc flu hosp,3,09,quantile,0.975,31,2026-11-14
2026-10-24,wk inc flu hosp,3,09,quantile,0.99,42,2026-11-14
2026-10-24,wk inc flu hosp,3,10,quantile,0.01,0,2026-11-14
2026-10-24,wk inc flu hosp,3,10,quantile,0.025,0,2026-11-14
2026-10-24,wk inc flu hosp,3,10,quantile,0.05,0,2026-11-14
2026-10-24,wk inc flu hosp,3,10,quantile,0.1,0,2026-11-14
2026-10-24,wk inc flu hosp,3,10,quantile,0.15,0,2026-11-14
2026-10-24,wk inc flu hosp,3,10,quantile,0.2,0,2026-11-14
2026-10-24,wk inc flu hosp,3,10,quantile,0.25,0,2026-11-14
2026-10-24,wk inc flu hosp,3,10,quantile,0.3,0,2026-11-14
2026-10-24,wk inc flu hosp,3,10,quantile,0.35,0,2026-11-14
2026-10-24,wk inc flu hosp,3,10,quantile,0.4,0,2026-11-14
2026-10-24,wk inc flu hosp,3,10,quantile,0.45,1,2026-11-14
2026-10-24,wk inc flu hosp,3,10,quantile,0.5,1,2026-11-14
2026-10-24,wk inc flu hosp,3,10,quantile,0.55,1,2026-11-14
2026-10-24,wk inc flu hosp,3,10,quantile,0.6,2,2026-11-14
2026-10-24,wk inc flu hosp,3,10,quantile,0.65,3,2026-11-14
2026-10-24,wk inc flu hosp,3,10,quantile,0.7,4,2026-11-14
2026-10-24,wk inc flu hosp,3,10,quantile,0.75,5,2026-11-14
2026-10-24,wk inc flu hosp,3,10,quantile,0.8,6,2026-11-14
2026-10-24,wk inc flu hosp,3,10,quantile,0.85,8,2026-11-14
2026-10-24,wk inc flu hosp,3,10,quantile,0.9,9,2026-11-14
2026-10-24,wk inc flu hosp,3,10,quantile,0.95,15,2026-11-14
2026-10-24,wk inc flu hosp,3,10,quantile,0.975,17,2026-11-14
2026-10-24,wk inc flu hosp,3,10,quantile,0.99,19,2026-11-14
2026-10-24,wk inc flu hosp,3,11,quantile,0.01,0,2026-11-14
2026-10-24,wk inc flu hosp,3,11,quantile,0.025,0,2026-11-14
2026-10-24,wk inc flu hosp,3,11,quantile,0.05,0,2026-11-14
2026-10-24,wk inc flu hosp,3,11,quantile,0.1,0,2026-11-14
2026-10-24,wk inc flu hosp,3,11,quantile,0.15,0,2026-11-14
2026-10-24,wk inc flu hosp,3,11,quantile,0.2,0,2026-11-14
2026-10-24,wk inc flu hosp,3,11,quantile,0.25,0,2026-11-14
2026-10-24,wk inc flu hosp,3,11,quantile,0.3,0,2026-11-14
2026-10-24,wk inc flu hosp,3,11,quantile,0.35,0,2026-11-14
2026-10-24,wk inc flu hosp,3,11,quantile,0.4,0,2026-11-14
2026-10-24,wk inc flu hosp,3,11,quantile,0.45,1,2026-11-14
2026-10-24,wk inc flu hosp,3,11,quantile,0.5,1,2026-11-14
2026-10-24,wk inc flu hosp,3,11,quantile,0.55,1,2026-11-14
2026-10-24,wk inc flu hosp,3,11,quantile,0.6,2,2026-11-14
2026-10-24,wk inc flu hosp,3,11,quantile,0.65,3,2026-11-14
2026-10-24,wk inc flu hosp,3,11,quantile,0.7,4,2026-11-14
2026-10-24,wk inc flu hosp,3,11,quantile,0.75,7,2026-11-14
2026-10-24,wk inc flu hosp,3,11,quantile,0.8,8,2026-11-14
2026-10-24,wk inc flu hosp,3,11,quantile,0.85,11,2026-11-14
2026-10-24,wk inc flu hosp,3,11,quantile,0.9,14,2026-11-14
2026-10-24,wk inc flu hosp,3,11,quantile,0.95,18,2026-11-14
2026-10-24,wk inc flu hosp,3,11,quantile,0.975,21,2026-11-14
2026-10-24,wk inc flu hosp,3,11,quantile,0.99,28,2026-11-14
2026-10-24,wk inc flu hosp,3,12,quantile,0.01,123,2026-11-14
2026-10-24,wk inc flu hosp,3,12,quantile,0.025,135,2026-11-14
2026-10-24,wk inc flu hosp,3,12,quantile,0.05,150,2026-11-14
2026-10-24,wk inc flu hosp,3,12,quantile,0.1,189,2026-11-14
2026-10-24,wk inc flu hosp,3,12,quantile,0.15,199,2026-11-14
2026-10-24,wk inc flu hosp,3,12,quantile,0.2,215,2026-11-14
2026-10-24,wk inc flu hosp,3,12,quantile,0.25,228,2026-11-14
2026-10-24,wk inc flu hosp,3,12,quantile,0.3,237,2026-11-14
2026-10-24,wk inc flu hosp,3,12,quantile,0.35,261,2026-11-14
2026-10-24,wk inc flu hosp,3,12,quantile,0.4,294,2026-11-14
2026-10-24,wk inc flu hosp,3,12,quantile,0.45,301,2026-11-14
2026-10-24,wk inc flu hosp,3,12,quantile,0.5,316,2026-11-14
2026-10-24,wk inc flu hosp,3,12,quantile,0.55,324,2026-11-14
2026-10-24,wk inc flu hosp,3,12,quantile,0.6,348,2026-11-14
2026-10-24,wk inc flu hosp,3,12,quantile,0.65,368,2026-11-14
2026-10-24,wk inc flu hosp,3,12,quantile,0.7,394,2026-11-14
2026-10-24,wk inc flu hosp,3,12,quantile,0.75,417,2026-11-14
2026-10-24,wk inc flu hosp,3,12,quantile,0.8,450,2026-11-14
2026-10-24,wk inc flu hosp,3,12,quantile,0.85,489,2026-11-14
2026-10-24,wk inc flu hosp,3,12,quantile,0.9,525,2026-11-14
2026-10-24,wk inc flu hosp,3,12,quantile,0.95,602,2026-11-14
2026-10-24,wk inc flu hosp,3,12,quantile,0.975,786,2026-11-14
2026-10-24,wk inc flu hosp,3,12,quantile,0.99,865,2026-11-14
2026-10-24,wk inc flu hosp,3,13,quantile,0.01,6,2026-11-14
2026-10-24,wk inc flu hosp,3,13,quantile,0.025,7,2026-11-14
2026-10-24,wk inc flu hosp,3,13,quantile,0.05,8,2026-11-14
2026-10-24,wk inc flu hosp,3,13,quantile,0.1,15,2026-11-14
2026-10-24,wk inc flu hosp,3,13,quantile,0.15,17,2026-11-14
2026-10-24,wk inc flu hosp,3,13,quantile,0.2,20,2026-11-14
2026-10-24,wk inc flu hosp,3,13,quantile,0.25,24,2026-11-14
2026-10-24,wk inc flu hosp,3,13,quantile,0.3,26,2026-11-14
2026-10-24,wk inc flu hosp,3,13,quantile,0.35,28,2026-11-14
2026-10-24,wk inc flu hosp,3,13,quantile,0.4,30,2026-11-14
2026-10-24,wk inc flu hosp,3,13,quantile,0.45,31,2026-11-14
2026-10-24,wk inc flu hosp,3,13,quantile,0.5,34,2026-11-14
2026-10-24,wk inc flu hosp,3,13,quantile,0.55,37,2026-11-14
2026-10-24,wk inc flu hosp,3,13,quantile,0.6,41,2026-11-14
2026-10-24,wk inc flu hosp,3,13,quantile,0.65,45,2026-11-14
2026-10-24,wk inc flu hosp,3,13,quantile,0.7,49,2026-11-14
2026-10-24,wk inc flu hosp,3,13,quantile,0.75,53,2026-11-14
2026-10-24,wk inc flu hosp,3,13,quantile,0.8,59,2026-11-14
2026-10-24,wk inc flu hosp,3,13,quantile,0.85,68,2026-11-14
2026-10-24,wk inc flu hosp,3,13,quantile,0.9,81,2026-11-14
2026-10-24,wk inc flu hosp,3,13,quantile,0.95,98,2026-11-14
2026-10-24,wk inc flu hosp,3,13,quantile,0.975,107,2026-11-14
2026-10-24,wk inc flu hosp,3,13,quantile,0.99,139,2026-11-14
2026-10-24,wk inc flu hosp,3,15,quantile,0.01,0,2026-11-14
2026-10-24,wk inc flu hosp,3,15,quantile,0.025,0,2026-11-14
2026-10-24,wk inc flu hosp,3,15,quantile,0.05,1,2026-11-14
2026-10-24,wk inc flu hosp,3,15,quantile,0.1,2,2026-11-14
2026-10-24,wk inc flu hosp,3,15,quantile,0.15,3,2026-11-14
2026-10-24,wk inc flu hosp,3,15,quantile,0.2,5,2026-11-14
2026-10-24,wk inc flu hosp,3,15,quantile,0.25,6,2026-11-14
2026-10-24,wk inc flu hosp,3,15,quantile,0.3,8,2026-11-14
2026-10-24,wk inc flu hosp,3,15,quantile,0.35,9,2026-11-14
2026-10-24,wk inc flu hosp,3,15,quantile,0.4,11,2026-11-14
2026-10-24,wk inc flu hosp,3,15,quantile,0.45,13,2026-11-14
2026-10-24,wk inc flu hosp,3,15,quantile,0.5,14,2026-11-14
2026-10-24,wk inc flu hosp,3,15,quantile,0.55,15,2026-11-14
2026-10-24,wk inc flu hosp,3,15,quantile,0.6,18,2026-11-14
2026-10-24,wk inc flu hosp,3,15,quantile,0.65,19,2026-11-14
2026-10-24,wk inc flu hosp,3,15,quantile,0.7,21,2026-11-14
2026-10-24,wk inc flu hosp,3,15,quantile,0.75,23,2026-11-14
2026-10-24,wk inc flu hosp,3,15,quantile,0.8,24,2026-11-14
2026-10-24,wk inc flu hosp,3,15,quantile,0.85,29,2026-11-14
2026-10-24,wk inc flu hosp,3,15,quantile,0.9,36,2026-11-14
2026-10-24,wk inc flu hosp,3,15,quantile,0.95,49,2026-11-14
2026-10-24,wk inc flu hosp,3,15,quantile,0.975,55,2026-11-14
2026-10-24,wk inc flu hosp,3,15,quantile,0.99,67,2026-11-14
2026-10-24,wk inc flu hosp,3,16,quantile,0.01,0,2026-11-14
2026-10-24,wk inc flu hosp,3,16,quantile,0.025,0,2026-11-14
2026-10-24,wk inc flu hosp,3,16,quantile,0.05,0,2026-11-14
2026-10-24,wk inc flu hosp,3,16,quantile,0.1,0,2026-11-14
2026-10-24,wk inc flu hosp,3,16,quantile,0.15,1,2026-11-14
2026-10-24,wk inc flu hosp,3,16,quantile,0.2,1,2026-11-14
2026-10-24,wk inc flu hosp,3,16,quantile,0.25,2,2026-11-14
2026-10-24,wk inc flu hosp,3,16,quantile,0.3,3,2026-11-14
2026-10-24,wk inc flu hosp,3,16,quantile,0.35,4,2026-11-14
2026-10-24,wk inc flu hosp,3,16,quantile,0.4,4,2026-11-14
2026-10-24,wk inc flu hosp,3,16,quantile,0.45,6,2026-11-14
2026-10-24,wk inc flu hosp,3,16,quantile,0.5,6,2026-11-14
2026-10-24,wk inc flu hosp,3,16,quantile,0.55,8,2026-11-14
2026-10-24,wk inc flu hosp,3,16,quantile,0.6,8,2026-11-14
2026-10-24,wk inc flu hosp,3,16,quantile,0.65,9,2026-11-14
2026-10-24,wk inc flu hosp,3,16,quantile,0.7,10,2026-11-14
2026-10-24,wk inc flu hosp,3,16,quantile,0.75,11,2026-11-14
2026-10-24,wk inc flu hosp,3,16,quantile,0.8,13,2026-11-14
2026-10-24,wk inc flu hosp,3,16,quantile,0.85,15,2026-11-14
2026-10-24,wk inc flu hosp,3,16,quantile,0.9,17,2026-11-14
2026-10-24,wk inc flu hosp,3,16,quantile,0.95,20,2026-11-14
2026-10-24,wk inc flu hosp,3,16,quantile,0.975,27,2026-11-14
2026-10-24,wk inc flu hosp,3,16,quantile,0.99,30,2026-11-14
2026-10-24,wk inc flu hosp,3,17,quantile,0.01,3,2026-11-14
2026-10-24,wk inc flu hosp,3,17,quantile,0.025,5,2026-11-14
2026-10-24,wk inc flu hosp,3,17,quantile,0.05,6,2026-11-14
2026-10-24,wk inc flu hosp,3,17,quantile,0.1,10,2026-11-14
2026-10-24,wk inc flu hosp,3,17,quantile,0.15,11,2026-11-14
2026-10-24,wk inc flu hosp,3,17,quantile,0.2,14,2026-11-14
2026-10-24,wk inc flu hosp,3,17,quantile,0.25,15,2026-11-14
2026-10-24,wk inc flu hosp,3,17,quantile,0.3,16,2026-11-14
2026-10-24,wk inc flu hosp,3,17,quantile,0.35,18,2026-11-14
2026-10-24,wk inc flu hosp,3,17,quantile,0.4,18,2026-11-14
2026-10-24,wk inc flu hosp,3,17,quantile,0.45,20,2026-11-14
2026-10-24,wk inc flu hosp,3,17,quantile,0.5,21,2026-11-14
2026-10-24,wk inc flu hosp,3,17,quantile,0.55,22,2026-11-14
2026-10-24,wk inc flu hosp,3,17,quantile,0.6,24,2026-11-14
2026-10-24,wk inc flu hosp,3,17,quantile,0.65,26,2026-11-14
2026-10-24,wk inc flu hosp,3,17,quantile,0.7,27,2026-11-14
2026-10-24,wk inc flu hosp,3,17,quantile,0.75,29,2026-11-14
2026-10-24,wk inc flu hosp,3,17,quantile,0.8,32,2026-11-14
2026-10-24,wk inc flu hosp,3,17,quantile,0.85,37,2026-11-14
2026-10-24,wk inc flu hosp,3,17,quantile,0.9,44,2026-11-14
2026-10-24,wk inc flu hosp,3,17,quantile,0.95,50,2026-11-14
2026-10-24,wk inc flu hosp,3,17,quantile,0.975,63,2026-11-14
2026-10-24,wk inc flu hosp,3,17,quantile,0.99,66,2026-11-14
2026-10-24,wk inc flu hosp,3,18,quantile,0.01,0,2026-11-14
2026-10-24,wk inc flu hosp,3,18,quantile,0.025,2,2026-11-14
2026-10-24,wk inc flu hosp,3,18,quantile,0.05,5,2026-11-14
2026-10-24,wk inc flu hosp,3,18,quantile,0.1,8,2026-11-14
2026-10-24,wk inc flu hosp,3,18,quantile,0.15,10,2026-11-14
2026-10-24,wk inc flu hosp,3,18,quantile,0.2,12,2026-11-14
2026-10-24,wk inc flu hosp,3,18,quantile,0.25,13,2026-11-14
2026-10-24,wk inc flu hosp,3,18,quantile,0.3,15,2026-11-14
2026-10-24,wk inc flu hosp,3,18,quantile,0.35,16,2026-11-14
2026-10-24,wk inc flu hosp,3,18,quantile,0.4,17,2026-11-14
2026-10-24,wk inc flu hosp,3,18,quantile,0.45,18,2026-11-14
2026-10-24,wk inc flu hosp,3,18,quantile,0.5,19,2026-11-14
2026-10-24,wk inc flu hosp,3,18,quantile,0.55,20,2026-11-14
2026-10-24,wk inc flu hosp,3,18,quantile,0.6,21,2026-11-14
2026-10-24,wk inc flu hosp,3,18,quantile,0.65,24,2026-11-14
2026-10-24,wk inc flu hosp,3,18,quantile,0.7,26,2026-11-14
2026-10-24,wk inc flu hosp,3,18,quantile,0.75,29,2026-11-14
2026-10-24,wk inc flu hosp,3,18,quantile,0.8,32,2026-11-14
2026-10-24,wk inc flu hosp,3,18,quantile,0.85,34,2026-11-14
2026-10-24,wk inc flu hosp,3,18,quantile,0.9,39,2026-11-14
2026-10-24,wk inc flu hosp,3,18,quantile,0.95,43,2026-11-14
2026-10-24,wk inc flu hosp,3,18,quantile,0.975,46,2026-11-14
2026-10-24,wk inc flu hosp,3,18,quantile,0.99,56,2026-11-14
2026-10-24,wk inc flu hosp,3,19,quantile,0.01,0,2026-11-14
2026-10-24,wk inc flu hosp,3,19,quantile,0.025,0,2026-11-14
2026-10-24,wk inc flu hosp,3,19,quantile,0.05,0,2026-11-14
2026-10-24,wk inc flu hosp,3,19,quantile,0.1,0,2026-11-14
2026-10-24,wk inc flu hosp,3,19,quantile,0.15,0,2026-11-14
2026-10-24,wk inc flu hosp,3,19,quantile,0.2,1,2026-11-14
2026-10-24,wk inc flu hosp,3,19,quantile,0.25,2,2026-11-14
2026-10-24,wk inc flu hosp,3,19,quantile,0.3,3,2026-11-14
2026-10-24,wk inc flu hosp,3,19,quantile,0.35,3,2026-11-14
2026-10-24,wk inc flu hosp,3,19,quantile,0.4,4,2026-11-14
2026-10-24,wk inc flu hosp,3,19,quantile,0.45,5,2026-11-14
2026-10-24,wk inc flu hosp,3,19,quantile,0.5,6,2026-11-14
2026-10-24,wk inc flu hosp,3,19,quantile,0.55,7,2026-11-14
2026-10-24,wk inc flu hosp,3,19,quantile,0.6,8,2026-11-14
2026-10-24,wk inc flu hosp,3,19,quantile,0.65,9,2026-11-14
2026-10-24,wk inc flu hosp,3,19,quantile,0.7,10,2026-11-14
2026-10-24,wk inc flu hosp,3,19,quantile,0.75,11,2026-11-14
2026-10-24,wk inc flu hosp,3,19,quantile,0.8,12,2026-11-14
2026-10-24,wk inc flu hosp,3,19,quantile,0.85,16,2026-11-14
2026-10-24,wk inc flu hosp,3,19,quantile,0.9,19,2026-11-14
2026-10-24,wk inc flu hosp,3,19,quantile,0.95,22,2026-11-14
2026-10-24,wk inc flu hosp,3,19,quantile,0.975,28,2026-11-14
2026-10-24,wk inc flu hosp,3,19,quantile,0.99,31,2026-11-14
2026-10-24,wk inc flu hosp,3,20,quantile,0.01,0,2026-11-14
2026-10-24,wk inc flu hosp,3,20,quantile,0.025,0,2026-11-14
2026-10-24,wk inc flu hosp,3,20,quantile,0.05,0,2026-11-14
2026-10-24,wk inc flu hosp,3,20,quantile,0.1,1,2026-11-14
2026-10-24,wk inc flu hosp,3,20,quantile,0.15,2,2026-11-14
2026-10-24,wk inc flu hosp,3,20,quantile,0.2,2,2026-11-14
2026-10-24,wk inc flu hosp,3,20,quantile,0.25,3,2026-11-14
2026-10-24,wk inc flu hosp,3,20,quantile,0.3,4,2026-11-14
2026-10-24,wk inc flu hosp,3,20,quantile,0.35,5,2026-11-14
2026-10-24,wk inc flu hosp,3,20,quantile,0.4,6,2026-11-14
2026-10-24,wk inc flu hosp,3,20,quantile,0.45,7,2026-11-14
2026-10-24,wk inc flu hosp,3,20,quantile,0.5,8,2026-11-14
2026-10-24,wk inc flu hosp,3,20,quantile,0.55,8,2026-11-14
2026-10-24,wk inc flu hosp,3,20,quantile,0.6,9,2026-11-14
2026-10-24,wk inc flu hosp,3,20,quantile,0.65,10,2026-11-14
2026-10-24,wk inc flu hosp,3,20,quantile,0.7,11,2026-11-14
2026-10-24,wk inc flu hosp,3,20,quantile,0.75,12,2026-11-14
2026-10-24,wk inc flu hosp,3,20,quantile,0.8,14,2026-11-14
2026-10-24,wk inc flu hosp,3,20,quantile,0.85,17,2026-11-14
2026-10-24,wk inc flu hosp,3,20,quantile,0.9,20,2026-11-14
2026-10-24,wk inc flu hosp,3,20,quantile,0.95,28,2026-11-14
2026-10-24,wk inc flu hosp,3,20,quantile,0.975,32,2026-11-14
2026-10-24,wk inc flu hosp,3,20,quantile,0.99,36,2026-11-14
2026-10-24,wk inc flu hosp,3,21,quantile,0.01,0,2026-11-14
2026-10-24,wk inc flu hosp,3,21,quantile,0.025,1,2026-11-14
2026-10-24,wk inc flu hosp,3,21,quantile,0.05,1,2026-11-14
2026-10-24,wk inc flu hosp,3,21,quantile,0.1,3,2026-11-14
2026-10-24,wk inc flu hosp,3,21,quantile,0.15,6,2026-11-14
2026-10-24,wk inc flu hosp,3,21,quantile,0.2,7,2026-11-14
2026-10-24,wk inc flu hosp,3,21,quantile,0.25,9,2026-11-14
2026-10-24,wk inc flu hosp,3,21,quantile,0.3,10,2026-11-14
2026-10-24,wk inc flu hosp,3,21,quantile,0.35,10,2026-11-14
2026-10-24,wk inc flu hosp,3,21,quantile,0.4,12,2026-11-14
2026-10-24,wk inc flu hosp,3,21,quantile,0.45,13,2026-11-14
2026-10-24,wk inc flu hosp,3,21,quantile,0.5,14,2026-11-14
2026-10-24,wk inc flu hosp,3,21,quantile,0.55,15,2026-11-14
2026-10-24,wk inc flu hosp,3,21,quantile,0.6,17,2026-11-14
2026-10-24,wk inc flu hosp,3,21,quantile,0.65,19,2026-11-14
2026-10-24,wk inc flu hosp,3,21,quantile,0.7,20,2026-11-14
2026-10-24,wk inc flu hosp,3,21,quantile,0.75,21,2026-11-14
2026-10-24,wk inc flu hosp,3,21,quantile,0.8,23,2026-11-14
2026-10-24,wk inc flu hosp,3,21,quantile,0.85,24,2026-11-14
2026-10-24,wk inc flu hosp,3,21,quantile,0.9,27,2026-11-14
2026-10-24,wk inc flu hosp,3,21,quantile,0.95,32,2026-11-14
2026-10-24,wk inc flu hosp,3,21,quantile,0.975,39,2026-11-14
2026-10-24,wk inc flu hosp,3,21,quantile,0.99,43,2026-11-14
2026-10-24,wk inc flu hosp,3,22,quantile,0.01,10,2026-11-14
2026-10-24,wk inc flu hosp,3,22,quantile,0.025,14,2026-11-14
2026-10-24,wk inc flu hosp,3,22,quantile,0.05,16,2026-11-14
2026-10-24,wk inc flu hosp,3,22,quantile,0.1,20,2026-11-14
2026-10-24,wk inc flu hosp,3,22,quantile,0.15,23,2026-11-14
2026-10-24,wk inc flu hosp,3,22,quantile,0.2,27,2026-11-14
2026-10-24,wk inc flu hosp,3,22,quantile,0.25,30,2026-11-14
2026-10-24,wk inc flu hosp,3,22,quantile,0.3,33,2026-11-14
2026-10-24,wk inc flu hosp,3,22,quantile,0.35,35,2026-11-14
2026-10-24,wk inc flu hosp,3,22,quantile,0.4,40,2026-11-14
2026-10-24,wk inc flu hosp,3,22,quantile,0.45,46,2026-11-14
2026-10-24,wk inc flu hosp,3,22,quantile,0.5,48,2026-11-14
2026-10-24,wk inc flu hosp,3,22,quantile,0.55,50,2026-11-14
2026-10-24,wk inc flu hosp,3,22,quantile,0.6,53,2026-11-14
2026-10-24,wk inc flu hosp,3,22,quantile,0.65,57,2026-11-14
2026-10-24,wk inc flu hosp,3,22,quantile,0.7,60,2026-11-14
2026-10-24,wk inc flu hosp,3,22,quantile,0.75,68,2026-11-14
2026-10-24,wk inc flu hosp,3,22,quantile,0.8,75,2026-11-14
2026-10-24,wk inc flu hosp,3,22,quantile,0.85,91,2026-11-14
2026-10-24,wk inc flu hosp,3,22,quantile,0.9,118,2026-11-14
2026-10-24,wk inc flu hosp,3,22,quantile,0.95,151,2026-11-14
2026-10-24,wk inc flu hosp,3,22,quantile,0.975,219,2026-11-14
2026-10-24,wk inc flu hosp,3,22,quantile,0.99,262,2026-11-14
2026-10-24,wk inc flu hosp,3,23,quantile,0.01,0,2026-11-14
2026-10-24,wk inc flu hosp,3,23,quantile,0.025,0,2026-11-14
2026-10-24,wk inc flu hosp,3,23,quantile,0.05,0,2026-11-14
2026-10-24,wk inc flu hosp,3,23,quantile,0.1,0,2026-11-14
2026-10-24,wk inc flu hosp,3,23,quantile,0.15,0,2026-11-14
2026-10-24,wk inc flu hosp,3,23,quantile,0.2,0,2026-11-14
2026-10-24,wk inc flu hosp,3,23,quantile,0.25,0,2026-11-14
2026-10-24,wk inc flu hosp,3,23,quantile,0.3,1,2026-11-14
2026-10-24,wk inc flu hosp,3,23,quantile,0.35,1,2026-11-14
2026-10-24,wk inc flu hosp,3,23,quantile,0.4,2,2026-11-14
2026-10-24,wk inc flu hosp,3,23,quantile,0.45,2,2026-11-14
2026-10-24,wk inc flu hosp,3,23,quantile,0.5,2,2026-11-14
2026-10-24,wk inc flu hosp,3,23,quantile,0.55,3,2026-11-14
2026-10-24,wk inc flu hosp,3,23,quantile,0.6,3,2026-11-14
2026-10-24,wk inc flu hosp,3,23,quantile,0.65,4,2026-11-14
2026-10-24,wk inc flu hosp,3,23,quantile,0.7,6,2026-11-14
2026-10-24,wk inc flu hosp,3,23,quantile,0.75,7,2026-11-14
2026-10-24,wk inc flu hosp,3,23,quantile,0.8,8,2026-11-14
2026-10-24,wk inc flu hosp,3,23,quantile,0.85,11,2026-11-14
2026-10-24,wk inc flu hosp,3,23,quantile,0.9,13,2026-11-14
2026-10-24,wk inc flu hosp,3,23,quantile,0.95,16,2026-11-14
2026-10-24,wk inc flu hosp,3,23,quantile,0.975,17,2026-11-14
2026-10-24,wk inc flu hosp,3,23,quantile,0.99,23,2026-11-14
2026-10-24,wk inc flu hosp,3,24,quantile,0.01,1,2026-11-14
2026-10-24,wk inc flu hosp,3,24,quantile,0.025,1,2026-11-14
2026-10-24,wk inc flu hosp,3,24,quantile,0.05,3,2026-11-14
2026-10-24,wk inc flu hosp,3,24,quantile,0.1,5,2026-11-14
2026-10-24,wk inc flu hosp,3,24,quantile,0.15,7,2026-11-14
2026-10-24,wk inc flu hosp,3,24,quantile,0.2,9,2026-11-14
2026-10-24,wk inc flu hosp,3,24,quantile,0.25,9,2026-11-14
2026-10-24,wk inc flu hosp,3,24,quantile,0.3,11,2026-11-14
2026-10-24,wk inc flu hosp,3,24,quantile,0.35,12,2026-11-14
2026-10-24,wk inc flu hosp,3,24,quantile,0.4,14,2026-11-14
2026-10-24,wk inc flu hosp,3,24,quantile,0.45,15,2026-11-14
2026-10-24,wk inc flu hosp,3,24,quantile,0.5,16,2026-11-14
2026-10-24,wk inc flu hosp,3,24,quantile,0.55,17,2026-11-14
2026-10-24,wk inc flu hosp,3,24,quantile,0.6,19,2026-11-14
2026-10-24,wk inc flu hosp,3,24,quantile,0.65,20,2026-11-14
2026-10-24,wk inc flu hosp,3,24,quantile,0.7,22,2026-11-14
2026-10-24,wk inc flu hosp,3,24,quantile,0.75,25,2026-11-14
2026-10-24,wk inc flu hosp,3,24,quantile,0.8,28,2026-11-14
2026-10-24,wk inc flu hosp,3,24,quantile,0.85,31,2026-11-14
2026-10-24,wk inc flu hosp,3,24,quantile,0.9,35,2026-11-14
2026-10-24,wk inc flu hosp,3,24,quantile,0.95,42,2026-11-14
2026-10-24,wk inc flu hosp,3,24,quantile,0.975,44,2026-11-14
2026-10-24,wk inc flu hosp,3,24,quantile,0.99,55,2026-11-14
2026-10-24,wk inc flu hosp,3,25,quantile,0.01,0,2026-11-14
2026-10-24,wk inc flu hosp,3,25,quantile,0.025,0,2026-11-14
2026-10-24,wk inc flu hosp,3,25,quantile,0.05,1,2026-11-14
2026-10-24,wk inc flu hosp,3,25,quantile,0.1,3,2026-11-14
2026-10-24,wk inc flu hosp,3,25,quantile,0.15,4,2026-11-14
2026-10-24,wk inc flu hosp,3,25,quantile,0.2,5,2026-11-14
2026-10-24,wk inc flu hosp,3,25,quantile,0.25,7,2026-11-14
2026-10-24,wk inc flu hosp,3,25,quantile,0.3,10,2026-11-14
2026-10-24,wk inc flu hosp,3,25,quantile,0.35,11,2026-11-14
2026-10-24,wk inc flu hosp,3,25,quantile,0.4,12,2026-11-14
2026-10-24,wk inc flu hosp,3,25,quantile,0.45,14,2026-11-14
2026-10-24,wk inc flu hosp,3,25,quantile,0.5,15,2026-11-14
2026-10-24,wk inc flu hosp,3,25,quantile,0.55,16,2026-11-14
2026-10-24,wk inc flu hosp,3,25,quantile,0.6,18,2026-11-14
2026-10-24,wk inc flu hosp,3,25,quantile,0.65,20,2026-11-14
2026-10-24,wk inc flu hosp,3,25,quantile,0.7,22,2026-11-14
2026-10-24,wk inc flu hosp,3,25,quantile,0.75,24,2026-11-14
2026-10-24,wk inc flu hosp,3,25,quantile,0.8,27,2026-11-14
2026-10-24,wk inc flu hosp,3,25,quantile,0.85,30,2026-11-14
2026-10-24,wk inc flu hosp,3,25,quantile,0.9,37,2026-11-14
2026-10-24,wk inc flu hosp,3,25,quantile,0.95,47,2026-11-14
2026-10-24,wk inc flu hosp,3,25,quantile,0.975,58,2026-11-14
2026-10-24,wk inc flu hosp,3,25,quantile,0.99,65,2026-11-14
2026-10-24,wk inc flu hosp,3,26,quantile,0.01,3,2026-11-14
2026-10-24,wk inc flu hosp,3,26,quantile,0.025,6,2026-11-14
2026-10-24,wk inc flu hosp,3,26,quantile,0.05,7,2026-11-14
2026-10-24,wk inc flu hosp,3,26,quantile,0.1,10,2026-11-14
2026-10-24,wk inc flu hosp,3,26,quantile,0.15,12,2026-11-14
2026-10-24,wk inc flu hosp,3,26,quantile,0.2,14,2026-11-14
2026-10-24,wk inc flu hosp,3,26,quantile,0.25,16,2026-11-14
2026-10-24,wk inc flu hosp,3,26,quantile,0.3,17,2026-11-14
2026-10-24,wk inc flu hosp,3,26,quantile,0.35,19,2026-11-14
2026-10-24,wk inc flu hosp,3,26,quantile,0.4,20,2026-11-14
2026-10-24,wk inc flu hosp,3,26,quantile,0.45,22,2026-11-14
2026-10-24,wk inc flu hosp,3,26,quantile,0.5,23,2026-11-14
2026-10-24,wk inc flu hosp,3,26,quantile,0.55,25,2026-11-14
2026-10-24,wk inc flu hosp,3,26,quantile,0.6,26,2026-11-14
2026-10-24,wk inc flu hosp,3,26,quantile,0.65,30,2026-11-14
2026-10-24,wk inc flu hosp,3,26,quantile,0.7,32,2026-11-14
2026-10-24,wk inc flu hosp,3,26,quantile,0.75,36,2026-11-14
2026-10-24,wk inc flu hosp,3,26,quantile,0.8,40,2026-11-14
2026-10-24,wk inc flu hosp,3,26,quantile,0.85,42,2026-11-14
2026-10-24,wk inc flu hosp,3,26,quantile,0.9,49,2026-11-14
2026-10-24,wk inc flu hosp,3,26,quantile,0.95,58,2026-11-14
2026-10-24,wk inc flu hosp,3,26,quantile,0.975,64,2026-11-14
2026-10-24,wk inc flu hosp,3,26,quantile,0.99,85,2026-11-14
2026-10-24,wk inc flu hosp,3,27,quantile,0.01,5,2026-11-14
2026-10-24,wk inc flu hosp,3,27,quantile,0.025,8,2026-11-14
2026-10-24,wk inc flu hosp,3,27,quantile,0.05,10,2026-11-14
2026-10-24,wk inc flu hosp,3,27,quantile,0.1,13,2026-11-14
2026-10-24,wk inc flu hosp,3,27,quantile,0.15,16,2026-11-14
2026-10-24,wk inc flu hosp,3,27,quantile,0.2,18,2026-11-14
2026-10-24,wk inc flu hosp,3,27,quantile,0.25,20,2026-11-14
2026-10-24,wk inc flu hosp,3,27,quantile,0.3,22,2026-11-14
2026-10-24,wk inc flu hosp,3,27,quantile,0.35,25,2026-11-14
2026-10-24,wk inc flu hosp,3,27,quantile,0.4,28,2026-11-14
2026-10-24,wk inc flu hosp,3,27,quantile,0.45,31,2026-11-14
2026-10-24,wk inc flu hosp,3,27,quantile,0.5,32,2026-11-14
2026-10-24,wk inc flu hosp,3,27,quantile,0.55,34,2026-11-14
2026-10-24,wk inc flu hosp,3,27,quantile,0.6,36,2026-11-14
2026-10-24,wk inc flu hosp,3,27,quantile,0.65,40,2026-11-14
2026-10-24,wk inc flu hosp,3,27,quantile,0.7,46,2026-11-14
2026-10-24,wk inc flu hosp,3,27,quantile,0.75,51,2026-11-14
2026-10-24,wk inc flu hosp,3,27,quantile,0.8,56,2026-11-14
2026-10-24,wk inc flu hosp,3,27,quantile,0.85,63,2026-11-14
2026-10-24,wk inc flu hosp,3,27,quantile,0.9,69,2026-11-14
2026-10-24,wk inc flu hosp,3,27,quantile,0.95,78,2026-11-14
2026-10-24,wk inc flu hosp,3,27,quantile,0.975,94,2026-11-14
2026-10-24,wk inc flu hosp,3,27,quantile,0.99,100,2026-11-14
2026-10-24,wk inc flu hosp,3,28,quantile,0.01,0,2026-11-14
2026-10-24,wk inc flu hosp,3,28,quantile,0.025,0,2026-11-14
2026-10-24,wk inc flu hosp,3,28,quantile,0.05,3,2026-11-14
2026-10-24,wk inc flu hosp,3,28,quantile,0.1,5,2026-11-14
2026-10-24,wk inc flu hosp,3,28,quantile,0.15,8,2026-11-14
2026-10-24,wk inc flu hosp,3,28,quantile,0.2,10,2026-11-14
2026-10-24,wk inc flu hosp,3,28,quantile,0.25,12,2026-11-14
2026-10-24,wk inc flu hosp,3,28,quantile,0.3,14,2026-11-14
2026-10-24,wk inc flu hosp,3,28,quantile,0.35,17,2026-11-14
2026-10-24,wk inc flu hosp,3,28,quantile,0.4,18,2026-11-14
2026-10-24,wk inc flu hosp,3,28,quantile,0.45,19,2026-11-14
2026-10-24,wk inc flu hosp,3,28,quantile,0.5,20,2026-11-14
2026-10-24,wk inc flu hosp,3,28,quantile,0.55,22,2026-11-14
2026-10-24,wk inc flu hosp,3,28,quantile,0.6,24,2026-11-14
2026-10-24,wk inc flu hosp,3,28,quantile,0.65,26,2026-11-14
2026-10-24,wk inc flu hosp,3,28,quantile,0.7,28,2026-11-14
2026-10-24,wk inc flu hosp,3,28,quantile,0.75,30,2026-11-14
2026-10-24,wk inc flu hosp,3,28,quantile,0.8,33,2026-11-14
2026-10-24,wk inc flu hosp,3,28,quantile,0.85,38,2026-11-14
2026-10-24,wk inc flu hosp,3,28,quantile,0.9,44,2026-11-14
2026-10-24,wk inc flu hosp,3,28,quantile,0.95,56,2026-11-14
2026-10-24,wk inc flu hosp,3,28,quantile,0.975,72,2026-11-14
2026-10-24,wk inc flu hosp,3,28,quantile,0.99,95,2026-11-14
2026-10-24,wk inc flu hosp,3,29,quantile,0.01,3,2026-11-14
2026-10-24,wk inc flu hosp,3,29,quantile,0.025,5,2026-11-14
2026-10-24,wk inc flu hosp,3,29,quantile,0.05,5,2026-11-14
2026-10-24,wk inc flu hosp,3,29,quantile,0.1,7,2026-11-14
2026-10-24,wk inc flu hosp,3,29,quantile,0.15,9,2026-11-14
2026-10-24,wk inc flu hosp,3,29,quantile,0.2,11,2026-11-14
2026-10-24,wk inc flu hosp,3,29,quantile,0.25,12,2026-11-14
2026-10-24,wk inc flu hosp,3,29,quantile,0.3,13,2026-11-14
2026-10-24,wk inc flu hosp,3,29,quantile,0.35,15,2026-11-14
2026-10-24,wk inc flu hosp,3,29,quantile,0.4,16,2026-11-14
2026-10-24,wk inc flu hosp,3,29,quantile,0.45,17,2026-11-14
2026-10-24,wk inc flu hosp,3,29,quantile,0.5,18,2026-11-14
2026-10-24,wk inc flu hosp,3,29,quantile,0.55,20,2026-11-14
2026-10-24,wk inc flu hosp,3,29,quantile,0.6,22,2026-11-14
2026-10-24,wk inc flu hosp,3,29,quantile,0.65,23,2026-11-14
2026-10-24,wk inc flu hosp,3,29,quantile,0.7,26,2026-11-14
2026-10-24,wk inc flu hosp,3,29,quantile,0.75,27,2026-11-14
2026-10-24,wk inc flu hosp,3,29,quantile,0.8,29,2026-11-14
2026-10-24,wk inc flu hosp,3,29,quantile,0.85,34,2026-11-14
2026-10-24,wk inc flu hosp,3,29,quantile,0.9,40,2026-11-14
2026-10-24,wk inc flu hosp,3,29,quantile,0.95,45,2026-11-14
2026-10-24,wk inc flu hosp,3,29,quantile,0.975,49,2026-11-14
2026-10-24,wk inc flu hosp,3,29,quantile,0.99,60,2026-11-14
2026-10-24,wk inc flu hosp,3,30,quantile,0.01,0,2026-11-14
2026-10-24,wk inc flu hosp,3,30,quantile,0.025,0,2026-11-14
2026-10-24,wk inc flu hosp,3,30,quantile,0.05,0,2026-11-14
2026-10-24,wk inc flu hosp,3,30,quantile,0.1,0,2026-11-14
2026-10-24,wk inc flu hosp,3,30,quantile,0.15,0,2026-11-14
2026-10-24,wk inc flu hosp,3,30,quantile,0.2,0,2026-11-14
2026-10-24,wk inc flu hosp,3,30,quantile,0.25,1,2026-11-14
2026-10-24,wk inc flu hosp,3,30,quantile,0.3,1,2026-11-14
2026-10-24,wk inc flu hosp,3,30,quantile,0.35,2,2026-11-14
2026-10-24,wk inc flu hosp,3,30,quantile,0.4,3,2026-11-14
2026-10-24,wk inc flu hosp,3,30,quantile,0.45,4,2026-11-14
2026-10-24,wk inc flu hosp,3,30,quantile,0.5,4,2026-11-14
2026-10-24,wk inc flu hosp,3,30,quantile,0.55,6,2026-11-14
2026-10-24,wk inc flu hosp,3,30,quantile,0.6,6,2026-11-14
2026-10-24,wk inc flu hosp,3,30,quantile,0.65,8,2026-11-14
2026-10-24,wk inc flu hosp,3,30,quantile,0.7,10,2026-11-14
2026-10-24,wk inc flu hosp,3,30,quantile,0.75,14,2026-11-14
2026-10-24,wk inc flu hosp,3,30,quantile,0.8,15,2026-11-14
2026-10-24,wk inc flu hosp,3,30,quantile,0.85,16,2026-11-14
2026-10-24,wk inc flu hosp,3,30,quantile,0.9,19,2026-11-14
2026-10-24,wk inc flu hosp,3,30,quantile,0.95,31,2026-11-14
2026-10-24,wk inc flu hosp,3,30,quantile,0.975,34,2026-11-14
2026-10-24,wk inc flu hosp,3,30,quantile,0.99,37,2026-11-14
2026-10-24,wk inc flu hosp,3,31,quantile,0.01,0,2026-11-14
2026-10-24,wk inc flu hosp,3,31,quantile,0.025,0,2026-11-14
2026-10-24,wk inc flu hosp,3,31,quantile,0.05,0,2026-11-14
2026-10-24,wk inc flu hosp,3,31,quantile,0.1,0,2026-11-14
2026-10-24,wk inc flu hosp,3,31,quantile,0.15,0,2026-11-14
2026-10-24,wk inc flu hosp,3,31,quantile,0.2,0,2026-11-14
2026-10-24,wk inc flu hosp,3,31,quantile,0.25,0,2026-11-14
2026-10-24,wk inc flu hosp,3,31,quantile,0.3,1,2026-11-14
2026-10-24,wk inc flu hosp,3,31,quantile,0.35,1,2026-11-14
2026-10-24,wk inc flu hosp,3,31,quantile,0.4,1,2026-11-14
2026-10-24,wk inc flu hosp,3,31,quantile,0.45,2,2026-11-14
2026-10-24,wk inc flu hosp,3,31,quantile,0.5,2,2026-11-14
2026-10-24,wk inc flu hosp,3,31,quantile,0.55,3,2026-11-14
2026-10-24,wk inc flu hosp,3,31,quantile,0.6,4,2026-11-14
2026-10-24,wk inc flu hosp,3,31,quantile,0.65,4,2026-11-14
2026-10-24,wk inc flu hosp,3,31,quantile,0.7,5,2026-11-14
2026-10-24,wk inc flu hosp,3,31,quantile,0.75,6,2026-11-14
2026-10-24,wk inc flu hosp,3,31,quantile,0.8,8,2026-11-14
2026-10-24,wk inc flu hosp,3,31,quantile,0.85,9,2026-11-14
2026-10-24,wk inc flu hosp,3,31,quantile,0.9,11,2026-11-14
2026-10-24,wk inc flu hosp,3,31,quantile,0.95,14,2026-11-14
2026-10-24,wk inc flu hosp,3,31,quantile,0.975,20,2026-11-14
2026-10-24,wk inc flu hosp,3,31,quantile,0.99,22,2026-11-14
2026-10-24,wk inc flu hosp,3,32,quantile,0.01,0,2026-11-14
2026-10-24,wk inc flu hosp,3,32,quantile,0.025,1,2026-11-14
2026-10-24,wk inc flu hosp,3,32,quantile,0.05,2,2026-11-14
2026-10-24,wk inc flu hosp,3,32,quantile,0.1,4,2026-11-14
2026-10-24,wk inc flu hosp,3,32,quantile,0.15,6,2026-11-14
2026-10-24,wk inc flu hosp,3,32,quantile,0.2,7,2026-11-14
2026-10-24,wk inc flu hosp,3,32,quantile,0.25,8,2026-11-14
2026-10-24,wk inc flu hosp,3,32,quantile,0.3,8,2026-11-14
2026-10-24,wk inc flu hosp,3,32,quantile,0.35,10,2026-11-14
2026-10-24,wk inc flu hosp,3,32,quantile,0.4,11,2026-11-14
2026-10-24,wk inc flu hosp,3,32,quantile,0.45,13,2026-11-14
2026-10-24,wk inc flu hosp,3,32,quantile,0.5,14,2026-11-14
2026-10-24,wk inc flu hosp,3,32,quantile,0.55,14,2026-11-14
2026-10-24,wk inc flu hosp,3,32,quantile,0.6,15,2026-11-14
2026-10-24,wk inc flu hosp,3,32,quantile,0.65,17,2026-11-14
2026-10-24,wk inc flu hosp,3,32,quantile,0.7,18,2026-11-14
2026-10-24,wk inc flu hosp,3,32,quantile,0.75,20,2026-11-14
2026-10-24,wk inc flu hosp,3,32,quantile,0.8,24,2026-11-14
2026-10-24,wk inc flu hosp,3,32,quantile,0.85,26,2026-11-14
2026-10-24,wk inc flu hosp,3,32,quantile,0.9,29,2026-11-14
2026-10-24,wk inc flu hosp,3,32,quantile,0.95,33,2026-11-14
2026-10-24,wk inc flu hosp,3,32,quantile,0.975,39,2026-11-14
2026-10-24,wk inc flu hosp,3,32,quantile,0.99,49,2026-11-14
2026-10-24,wk inc flu hosp,3,33,quantile,0.01,0,2026-11-14
2026-10-24,wk inc flu hosp,3,33,quantile,0.025,0,2026-11-14
2026-10-24,wk inc flu hosp,3,33,quantile,0.05,0,2026-11-14
2026-10-24,wk inc flu hosp,3,33,quantile,0.1,0,2026-11-14
2026-10-24,wk inc flu hosp,3,33,quantile,0.15,0,2026-11-14
2026-10-24,wk inc flu hosp,3,33,quantile,0.2,0,2026-11-14
2026-10-24,wk inc flu hosp,3,33,quantile,0.25,0,2026-11-14
2026-10-24,wk inc flu hosp,3,33,quantile,0.3,0,2026-11-14
2026-10-24,wk inc flu hosp,3,33,quantile,0.35,0,2026-11-14
2026-10-24,wk inc flu hosp,3,33,quantile,0.4,0,2026-11-14
2026-10-24,wk inc flu hosp,3,33,quantile,0.45,0,2026-11-14
2026-10-24,wk inc flu hosp,3,33,quantile,0.5,0,2026-11-14
2026-10-24,wk inc flu hosp,3,33,quantile,0.55,1,2026-11-14
2026-10-24,wk inc flu hosp,3,33,quantile,0.6,1,2026-11-14
2026-10-24,wk inc flu hosp,3,33,quantile,0.65,2,2026-11-14
2026-10-24,wk inc flu hosp,3,33,quantile,0.7,3,2026-11-14
2026-10-24,wk inc flu hosp,3,33,quantile,0.75,4,2026-11-14
2026-10-24,wk inc flu hosp,3,33,quantile,0.8,6,2026-11-14
2026-10-24,wk inc flu hosp,3,33,quantile,0.85,8,2026-11-14
2026-10-24,wk inc flu hosp,3,33,quantile,0.9,10,2026-11-14
2026-10-24,wk inc flu hosp,3,33,quantile,0.95,14,2026-11-14
2026-10-24,wk inc flu hosp,3,33,quantile,0.975,15,2026-11-14
2026-10-24,wk inc flu hosp,3,33,quantile,0.99,16,2026-11-14
2026-10-24,wk inc flu hosp,3,34,quantile,0.01,5,2026-11-14
2026-10-24,wk inc flu hosp,3,34,quantile,0.025,8,2026-11-14
2026-10-24,wk inc flu hosp,3,34,quantile,0.05,10,2026-11-14
2026-10-24,wk inc flu hosp,3,34,quantile,0.1,15,2026-11-14
2026-10-24,wk inc flu hosp,3,34,quantile,0.15,17,2026-11-14
2026-10-24,wk inc flu hosp,3,34,quantile,0.2,19,2026-11-14
2026-10-24,wk inc flu hosp,3,34,quantile,0.25,21,2026-11-14
2026-10-24,wk inc flu hosp,3,34,quantile,0.3,23,2026-11-14
2026-10-24,wk inc flu hosp,3,34,quantile,0.35,27,2026-11-14
2026-10-24,wk inc flu hosp,3,34,quantile,0.4,30,2026-11-14
2026-10-24,wk inc flu hosp,3,34,quantile,0.45,32,2026-11-14
2026-10-24,wk inc flu hosp,3,34,quantile,0.5,33,2026-11-14
2026-10-24,wk inc flu hosp,3,34,quantile,0.55,36,2026-11-14
2026-10-24,wk inc flu hosp,3,34,quantile,0.6,40,2026-11-14
2026-10-24,wk inc flu hosp,3,34,quantile,0.65,44,2026-11-14
2026-10-24,wk inc flu hosp,3,34,quantile,0.7,48,2026-11-14
2026-10-24,wk inc flu hosp,3,34,quantile,0.75,51,2026-11-14
2026-10-24,wk inc flu hosp,3,34,quantile,0.8,56,2026-11-14
2026-10-24,wk inc flu hosp,3,34,quantile,0.85,66,2026-11-14
2026-10-24,wk inc flu hosp,3,34,quantile,0.9,82,2026-11-14
2026-10-24,wk inc flu hosp,3,34,quantile,0.95,103,2026-11-14
2026-10-24,wk inc flu hosp,3,34,quantile,0.975,145,2026-11-14
2026-10-24,wk inc flu hosp,3,34,quantile,0.99,169,2026-11-14
2026-10-24,wk inc flu hosp,3,35,quantile,0.01,0,2026-11-14
2026-10-24,wk inc flu hosp,3,35,quantile,0.025,0,2026-11-14
2026-10-24,wk inc flu hosp,3,35,quantile,0.05,0,2026-11-14
2026-10-24,wk inc flu hosp,3,35,quantile,0.1,0,2026-11-14
2026-10-24,wk inc flu hosp,3,35,quantile,0.15,0,2026-11-14
2026-10-24,wk inc flu hosp,3,35,quantile,0.2,0,2026-11-14
2026-10-24,wk inc flu hosp,3,35,quantile,0.25,1,2026-11-14
2026-10-24,wk inc flu hosp,3,35,quantile,0.3,1,2026-11-14
2026-10-24,wk inc flu hosp,3,35,quantile,0.35,2,2026-11-14
2026-10-24,wk inc flu hosp,3,35,quantile,0.4,3,2026-11-14
2026-10-24,wk inc flu hosp,3,35,quantile,0.45,4,2026-11-14
2026-10-24,wk inc flu hosp,3,35,quantile,0.5,4,2026-11-14
2026-10-24,wk inc flu hosp,3,35,quantile,0.55,6,2026-11-14
2026-10-24,wk inc flu hosp,3,35,quantile,0.6,6,2026-11-14
2026-10-24,wk inc flu hosp,3,35,quantile,0.65,7,2026-11-14
2026-10-24,wk inc flu hosp,3,35,quantile,0.7,8,2026-11-14
2026-10-24,wk inc flu hosp,3,35,quantile,0.75,10,2026-11-14
2026-10-24,wk inc flu hosp,3,35,quantile,0.8,12,2026-11-14
2026-10-24,wk inc flu hosp,3,35,quantile,0.85,13,2026-11-14
2026-10-24,wk inc flu hosp,3,35,quantile,0.9,16,2026-11-14
2026-10-24,wk inc flu hosp,3,35,quantile,0.95,24,2026-11-14
2026-10-24,wk inc flu hosp,3,35,quantile,0.975,30,2026-11-14
2026-10-24,wk inc flu hosp,3,35,quantile,0.99,39,2026-11-14
2026-10-24,wk inc flu hosp,3,36,quantile,0.01,12,2026-11-14
2026-10-24,wk inc flu hosp,3,36,quantile,0.025,13,2026-11-14
2026-10-24,wk inc flu hosp,3,36,quantile,0.05,16,2026-11-14
2026-10-24,wk inc flu hosp,3,36,quantile,0.1,21,2026-11-14
2026-10-24,wk inc flu hosp,3,36,quantile,0.15,23,2026-11-14
2026-10-24,wk inc flu hosp,3,36,quantile,0.2,28,2026-11-14
2026-10-24,wk inc flu hosp,3,36,quantile,0.25,31,2026-11-14
2026-10-24,wk inc flu hosp,3,36,quantile,0.3,36,2026-11-14
2026-10-24,wk inc flu hosp,3,36,quantile,0.35,40,2026-11-14
2026-10-24,wk inc flu hosp,3,36,quantile,0.4,43,2026-11-14
2026-10-24,wk inc flu hosp,3,36,quantile,0.45,45,2026-11-14
2026-10-24,wk inc flu hosp,3,36,quantile,0.5,47,2026-11-14
2026-10-24,wk inc flu hosp,3,36,quantile,0.55,51,2026-11-14
2026-10-24,wk inc flu hosp,3,36,quantile,0.6,55,2026-11-14
2026-10-24,wk inc flu hosp,3,36,quantile,0.65,58,2026-11-14
2026-10-24,wk inc flu hosp,3,36,quantile,0.7,62,2026-11-14
2026-10-24,wk inc flu hosp,3,36,quantile,0.75,68,2026-11-14
2026-10-24,wk inc flu hosp,3,36,quantile,0.8,73,2026-11-14
2026-10-24,wk inc flu hosp,3,36,quantile,0.85,77,2026-11-14
2026-10-24,wk inc flu hosp,3,36,quantile,0.9,89,2026-11-14
2026-10-24,wk inc flu hosp,3,36,quantile,0.95,100,2026-11-14
2026-10-24,wk inc flu hosp,3,36,quantile,0.975,126,2026-11-14
2026-10-24,wk inc flu hosp,3,36,quantile,0.99,145,2026-11-14
2026-10-24,wk inc flu hosp,3,37,quantile,0.01,7,2026-11-14
2026-10-24,wk inc flu hosp,3,37,quantile,0.025,8,2026-11-14
2026-10-24,wk inc flu hosp,3,37,quantile,0.05,11,2026-11-14
2026-10-24,wk inc flu hosp,3,37,quantile,0.1,13,2026-11-14
2026-10-24,wk inc flu hosp,3,37,quantile,0.15,17,2026-11-14
2026-10-24,wk inc flu hosp,3,37,quantile,0.2,19,2026-11-14
2026-10-24,wk inc flu hosp,3,37,quantile,0.25,21,2026-11-14
2026-10-24,wk inc flu hosp,3,37,quantile,0.3,24,2026-11-14
2026-10-24,wk inc flu hosp,3,37,quantile,0.35,25,2026-11-14
2026-10-24,wk inc flu hosp,3,37,quantile,0.4,27,2026-11-14
2026-10-24,wk inc flu hosp,3,37,quantile,0.45,30,2026-11-14
2026-10-24,wk inc flu hosp,3,37,quantile,0.5,32,2026-11-14
2026-10-24,wk inc flu hosp,3,37,quantile,0.55,35,2026-11-14
2026-10-24,wk inc flu hosp,3,37,quantile,0.6,39,2026-11-14
2026-10-24,wk inc flu hosp,3,37,quantile,0.65,44,2026-11-14
2026-10-24,wk inc flu hosp,3,37,quantile,0.7,47,2026-11-14
2026-10-24,wk inc flu hosp,3,37,quantile,0.75,53,2026-11-14
2026-10-24,wk inc flu hosp,3,37,quantile,0.8,57,2026-11-14
2026-10-24,wk inc flu hosp,3,37,quantile,0.85,64,2026-11-14
2026-10-24,wk inc flu hosp,3,37,quantile,0.9,67,2026-11-14
2026-10-24,wk inc flu hosp,3,37,quantile,0.95,91,2026-11-14
2026-10-24,wk inc flu hosp,3,37,quantile,0.975,122,2026-11-14
2026-10-24,wk inc flu hosp,3,37,quantile,0.99,144,2026-11-14
2026-10-24,wk inc flu hosp,3,38,quantile,0.01,0,2026-11-14
2026-10-24,wk inc flu hosp,3,38,quantile,0.025,0,2026-11-14
2026-10-24,wk inc flu hosp,3,38,quantile,0.05,0,2026-11-14
2026-10-24,wk inc flu hosp,3,38,quantile,0.1,0,2026-11-14
2026-10-24,wk inc flu hosp,3,38,quantile,0.15,0,2026-11-14
2026-10-24,wk inc flu hosp,3,38,quantile,0.2,0,2026-11-14
2026-10-24,wk inc flu hosp,3,38,quantile,0.25,0,2026-11-14
2026-10-24,wk inc flu hosp,3,38,quantile,0.3,1,2026-11-14
2026-10-24,wk inc flu hosp,3,38,quantile,0.35,1,2026-11-14
2026-10-24,wk inc flu hosp,3,38,quantile,0.4,1,2026-11-14
2026-10-24,wk inc flu hosp,3,38,quantile,0.45,2,2026-11-14
2026-10-24,wk inc flu hosp,3,38,quantile,0.5,3,2026-11-14
2026-10-24,wk inc flu hosp,3,38,quantile,0.55,3,2026-11-14
2026-10-24,wk inc flu hosp,3,38,quantile,0.6,4,2026-11-14
2026-10-24,wk inc flu hosp,3,38,quantile,0.65,5,2026-11-14
2026-10-24,wk inc flu hosp,3,38,quantile,0.7,5,2026-11-14
2026-10-24,wk inc flu hosp,3,38,quantile,0.75,6,2026-11-14
2026-10-24,wk inc flu hosp,3,38,quantile,0.8,8,2026-11-14
2026-10-24,wk inc flu hosp,3,38,quantile,0.85,10,2026-11-14
2026-10-24,wk inc flu hosp,3,38,quantile,0.9,13,2026-11-14
2026-10-24,wk inc flu hosp,3,38,quantile,0.95,17,2026-11-14
2026-10-24,wk inc flu hosp,3,38,quantile,0.975,23,2026-11-14
2026-10-24,wk inc flu hosp,3,38,quantile,0.99,24,2026-11-14
2026-10-24,wk inc flu hosp,3,39,quantile,0.01,2,2026-11-14
2026-10-24,wk inc flu hosp,3,39,quantile,0.025,4,2026-11-14
2026-10-24,wk inc flu hosp,3,39,quantile,0.05,7,2026-11-14
2026-10-24,wk inc flu hosp,3,39,quantile,0.1,9,2026-11-14
2026-10-24,wk inc flu hosp,3,39,quantile,0.15,12,2026-11-14
2026-10-24,wk inc flu hosp,3,39,quantile,0.2,14,2026-11-14
2026-10-24,wk inc flu hosp,3,39,quantile,0.25,16,2026-11-14
2026-10-24,wk inc flu hosp,3,39,quantile,0.3,18,2026-11-14
2026-10-24,wk inc flu hosp,3,39,quantile,0.35,19,2026-11-14
2026-10-24,wk inc flu hosp,3,39,quantile,0.4,20,2026-11-14
2026-10-24,wk inc flu hosp,3,39,quantile,0.45,23,2026-11-14
2026-10-24,wk inc flu hosp,3,39,quantile,0.5,24,2026-11-14
2026-10-24,wk inc flu hosp,3,39,quantile,0.55,25,2026-11-14
2026-10-24,wk inc flu hosp,3,39,quantile,0.6,26,2026-11-14
2026-10-24,wk inc flu hosp,3,39,quantile,0.65,27,2026-11-14
2026-10-24,wk inc flu hosp,3,39,quantile,0.7,29,2026-11-14
2026-10-24,wk inc flu hosp,3,39,quantile,0.75,30,2026-11-14
2026-10-24,wk inc flu hosp,3,39,quantile,0.8,32,2026-11-14
2026-10-24,wk inc flu hosp,3,39,quantile,0.85,37,2026-11-14
2026-10-24,wk inc flu hosp,3,39,quantile,0.9,42,2026-11-14
2026-10-24,wk inc flu hosp,3,39,quantile,0.95,53,2026-11-14
2026-10-24,wk inc flu hosp,3,39,quantile,0.975,56,2026-11-14
2026-10-24,wk inc flu hosp,3,39,quantile,0.99,61,2026-11-14
2026-10-24,wk inc flu hosp,3,40,quantile,0.01,0,2026-11-14
2026-10-24,wk inc flu hosp,3,40,quantile,0.025,0,2026-11-14
2026-10-24,wk inc flu hosp,3,40,quantile,0.05,0,2026-11-14
2026-10-24,wk inc flu hosp,3,40,quantile,0.1,2,2026-11-14
2026-10-24,wk inc flu hosp,3,40,quantile,0.15,3,2026-11-14
2026-10-24,wk inc flu hosp,3,40,quantile,0.2,5,2026-11-14
2026-10-24,wk inc flu hosp,3,40,quantile,0.25,6,2026-11-14
2026-10-24,wk inc flu hosp,3,40,quantile,0.3,7,2026-11-14
2026-10-24,wk inc flu hosp,3,40,quantile,0.35,8,2026-11-14
2026-10-24,wk inc flu hosp,3,40,quantile,0.4,8,2026-11-14
2026-10-24,wk inc flu hosp,3,40,quantile,0.45,10,2026-11-14
2026-10-24,wk inc flu hosp,3,40,quantile,0.5,11,2026-11-14
2026-10-24,wk inc flu hosp,3,40,quantile,0.55,13,2026-11-14
2026-10-24,wk inc flu hosp,3,40,quantile,0.6,14,2026-11-14
2026-10-24,wk inc flu hosp,3,40,quantile,0.65,16,2026-11-14
2026-10-24,wk inc flu hosp,3,40,quantile,0.7,17,2026-11-14
2026-10-24,wk inc flu hosp,3,40,quantile,0.75,20,2026-11-14
2026-10-24,wk inc flu hosp,3,40,quantile,0.8,24,2026-11-14
2026-10-24,wk inc flu hosp,3,40,quantile,0.85,27,2026-11-14
2026-10-24,wk inc flu hosp,3,40,quantile,0.9,31,2026-11-14
2026-10-24,wk inc flu hosp,3,40,quantile,0.95,38,2026-11-14
2026-10-24,wk inc flu hosp,3,40,quantile,0.975,44,2026-11-14
2026-10-24,wk inc flu hosp,3,40,quantile,0.99,93,2026-11-14
2026-10-24,wk inc flu hosp,3,41,quantile,0.01,0,2026-11-14
2026-10-24,wk inc flu hosp,3,41,quantile,0.025,0,2026-11-14
2026-10-24,wk inc flu hosp,3,41,quantile,0.05,0,2026-11-14
2026-10-24,wk inc flu hosp,3,41,quantile,0.1,1,2026-11-14
2026-10-24,wk inc flu hosp,3,41,quantile,0.15,2,2026-11-14
2026-10-24,wk inc flu hosp,3,41,quantile,0.2,3,2026-11-14
2026-10-24,wk inc flu hosp,3,41,quantile,0.25,5,2026-11-14
2026-10-24,wk inc flu hosp,3,41,quantile,0.3,6,2026-11-14
2026-10-24,wk inc flu hosp,3,41,quantile,0.35,7,2026-11-14
2026-10-24,wk inc flu hosp,3,41,quantile,0.4,7,2026-11-14
2026-10-24,wk inc flu hosp,3,41,quantile,0.45,8,2026-11-14
2026-10-24,wk inc flu hosp,3,41,quantile,0.5,8,2026-11-14
2026-10-24,wk inc flu hosp,3,41,quantile,0.55,9,2026-11-14
2026-10-24,wk inc flu hosp,3,41,quantile,0.6,11,2026-11-14
2026-10-24,wk inc flu hosp,3,41,quantile,0.65,12,2026-11-14
2026-10-24,wk inc flu hosp,3,41,quantile,0.7,13,2026-11-14
2026-10-24,wk inc flu hosp,3,41,quantile,0.75,16,2026-11-14
2026-10-24,wk inc flu hosp,3,41,quantile,0.8,20,2026-11-14
2026-10-24,wk inc flu hosp,3,41,quantile,0.85,23,2026-11-14
2026-10-24,wk inc flu hosp,3,41,quantile,0.9,29,2026-11-14
2026-10-24,wk inc flu hosp,3,41,quantile,0.95,34,2026-11-14
2026-10-24,wk inc flu hosp,3,41,quantile,0.975,42,2026-11-14
2026-10-24,wk inc flu hosp,3,41,quantile,0.99,47,2026-11-14
2026-10-24,wk inc flu hosp,3,42,quantile,0.01,24,2026-11-14
2026-10-24,wk inc flu hosp,3,42,quantile,0.025,28,2026-11-14
2026-10-24,wk inc flu hosp,3,42,quantile,0.05,30,2026-11-14
2026-10-24,wk inc flu hosp,3,42,quantile,0.1,36,2026-11-14
2026-10-24,wk inc flu hosp,3,42,quantile,0.15,43,2026-11-14
2026-10-24,wk inc flu hosp,3,42,quantile,0.2,46,2026-11-14
2026-10-24,wk inc flu hosp,3,42,quantile,0.25,51,2026-11-14
2026-10-24,wk inc flu hosp,3,42,quantile,0.3,56,2026-11-14
2026-10-24,wk inc flu hosp,3,42,quantile,0.35,62,2026-11-14
2026-10-24,wk inc flu hosp,3,42,quantile,0.4,67,2026-11-14
2026-10-24,wk inc flu hosp,3,42,quantile,0.45,73,2026-11-14
2026-10-24,wk inc flu hosp,3,42,quantile,0.5,80,2026-11-14
2026-10-24,wk inc flu hosp,3,42,quantile,0.55,84,2026-11-14
2026-10-24,wk inc flu hosp,3,42,quantile,0.6,89,2026-11-14
2026-10-24,wk inc flu hosp,3,42,quantile,0.65,98,2026-11-14
2026-10-24,wk inc flu hosp,3,42,quantile,0.7,104,2026-11-14
2026-10-24,wk inc flu hosp,3,42,quantile,0.75,118,2026-11-14
2026-10-24,wk inc flu hosp,3,42,quantile,0.8,131,2026-11-14
2026-10-24,wk inc flu hosp,3,42,quantile,0.85,147,2026-11-14
2026-10-24,wk inc flu hosp,3,42,quantile,0.9,175,2026-11-14
2026-10-24,wk inc flu hosp,3,42,quantile,0.95,199,2026-11-14
2026-10-24,wk inc flu hosp,3,42,quantile,0.975,213,2026-11-14
2026-10-24,wk inc flu hosp,3,42,quantile,0.99,256,2026-11-14
2026-10-24,wk inc flu hosp,3,44,quantile,0.01,0,2026-11-14
2026-10-24,wk inc flu hosp,3,44,quantile,0.025,0,2026-11-14
2026-10-24,wk inc flu hosp,3,44,quantile,0.05,0,2026-11-14
2026-10-24,wk inc flu hosp,3,44,quantile,0.1,0,2026-11-14
2026-10-24,wk inc flu hosp,3,44,quantile,0.15,0,2026-11-14
2026-10-24,wk inc flu hosp,3,44,quantile,0.2,0,2026-11-14
2026-10-24,wk inc flu hosp,3,44,quantile,0.25,0,2026-11-14
2026-10-24,wk inc flu hosp,3,44,quantile,0.3,1,2026-11-14
2026-10-24,wk inc flu hosp,3,44,quantile,0.35,1,2026-11-14
2026-10-24,wk inc flu hosp,3,44,quantile,0.4,2,2026-11-14
2026-10-24,wk inc flu hosp,3,44,quantile,0.45,2,2026-11-14
2026-10-24,wk inc flu hosp,3,44,quantile,0.5,3,2026-11-14
2026-10-24,wk inc flu hosp,3,44,quantile,0.55,4,2026-11-14
2026-10-24,wk inc flu hosp,3,44,quantile,0.6,5,2026-11-14
2026-10-24,wk inc flu hosp,3,44,quantile,0.65,5,2026-11-14
2026-10-24,wk inc flu hosp,3,44,quantile,0.7,6,2026-11-14
2026-10-24,wk inc flu hosp,3,44,quantile,0.75,8,2026-11-14
2026-10-24,wk inc flu hosp,3,44,quantile,0.8,9,2026-11-14
2026-10-24,wk inc flu hosp,3,44,quantile,0.85,11,2026-11-14
2026-10-24,wk inc flu hosp,3,44,quantile,0.9,13,2026-11-14
2026-10-24,wk inc flu hosp,3,44,quantile,0.95,15,2026-11-14
2026-10-24,wk inc flu hosp,3,44,quantile,0.975,20,2026-11-14
2026-10-24,wk inc flu hosp,3,44,quantile,0.99,28,2026-11-14
2026-10-24,wk inc flu hosp,3,45,quantile,0.01,0,2026-11-14
2026-10-24,wk inc flu hosp,3,45,quantile,0.025,0,2026-11-14
2026-10-24,wk inc flu hosp,3,45,quantile,0.05,1,2026-11-14
2026-10-24,wk inc flu hosp,3,45,quantile,0.1,2,2026-11-14
2026-10-24,wk inc flu hosp,3,45,quantile,0.15,4,2026-11-14
2026-10-24,wk inc flu hosp,3,45,quantile,0.2,5,2026-11-14
2026-10-24,wk inc flu hosp,3,45,quantile,0.25,6,2026-11-14
2026-10-24,wk inc flu hosp,3,45,quantile,0.3,7,2026-11-14
2026-10-24,wk inc flu hosp,3,45,quantile,0.35,8,2026-11-14
2026-10-24,wk inc flu hosp,3,45,quantile,0.4,9,2026-11-14
2026-10-24,wk inc flu hosp,3,45,quantile,0.45,11,2026-11-14
2026-10-24,wk inc flu hosp,3,45,quantile,0.5,12,2026-11-14
2026-10-24,wk inc flu hosp,3,45,quantile,0.55,14,2026-11-14
2026-10-24,wk inc flu hosp,3,45,quantile,0.6,17,2026-11-14
2026-10-24,wk inc flu hosp,3,45,quantile,0.65,19,2026-11-14
2026-10-24,wk inc flu hosp,3,45,quantile,0.7,20,2026-11-14
2026-10-24,wk inc flu hosp,3,45,quantile,0.75,23,2026-11-14
2026-10-24,wk inc flu hosp,3,45,quantile,0.8,29,2026-11-14
2026-10-24,wk inc flu hosp,3,45,quantile,0.85,32,2026-11-14
2026-10-24,wk inc flu hosp,3,45,quantile,0.9,39,2026-11-14
2026-10-24,wk inc flu hosp,3,45,quantile,0.95,57,2026-11-14
2026-10-24,wk inc flu hosp,3,45,quantile,0.975,65,2026-11-14
2026-10-24,wk inc flu hosp,3,45,quantile,0.99,74,2026-11-14
2026-10-24,wk inc flu hosp,3,46,quantile,0.01,0,2026-11-14
2026-10-24,wk inc flu hosp,3,46,quantile,0.025,0,2026-11-14
2026-10-24,wk inc flu hosp,3,46,quantile,0.05,0,2026-11-14
2026-10-24,wk inc flu hosp,3,46,quantile,0.1,0,2026-11-14
2026-10-24,wk inc flu hosp,3,46,quantile,0.15,0,2026-11-14
2026-10-24,wk inc flu hosp,3,46,quantile,0.2,0,2026-11-14
2026-10-24,wk inc flu hosp,3,46,quantile,0.25,0,2026-11-14
2026-10-24,wk inc flu hosp,3,46,quantile,0.3,0,2026-11-14
2026-10-24,wk inc flu hosp,3,46,quantile,0.35,0,2026-11-14
2026-10-24,wk inc flu hosp,3,46,quantile,0.4,1,2026-11-14
2026-10-24,wk inc flu hosp,3,46,quantile,0.45,1,2026-11-14
2026-10-24,wk inc flu hosp,3,46,quantile,0.5,2,2026-11-14
2026-10-24,wk inc flu hosp,3,46,quantile,0.55,2,2026-11-14
2026-10-24,wk inc flu hosp,3,46,quantile,0.6,2,2026-11-14
2026-10-24,wk inc flu hosp,3,46,quantile,0.65,3,2026-11-14
2026-10-24,wk inc flu hosp,3,46,quantile,0.7,4,2026-11-14
2026-10-24,wk inc flu hosp,3,46,quantile,0.75,5,2026-11-14
2026-10-24,wk inc flu hosp,3,46,quantile,0.8,7,2026-11-14
2026-10-24,wk inc flu hosp,3,46,quantile,0.85,8,2026-11-14
2026-10-24,wk inc flu hosp,3,46,quantile,0.9,10,2026-11-14
2026-10-24,wk inc flu hosp,3,46,quantile,0.95,16,2026-11-14
2026-10-24,wk inc flu hosp,3,46,quantile,0.975,26,2026-11-14
2026-10-24,wk inc flu hosp,3,46,quantile,0.99,32,2026-11-14
2026-10-24,wk inc flu hosp,3,47,quantile,0.01,9,2026-11-14
2026-10-24,wk inc flu hosp,3,47,quantile,0.025,12,2026-11-14
2026-10-24,wk inc flu hosp,3,47,quantile,0.05,13,2026-11-14
2026-10-24,wk inc flu hosp,3,47,quantile,0.1,18,2026-11-14
2026-10-24,wk inc flu hosp,3,47,quantile,0.15,20,2026-11-14
2026-10-24,wk inc flu hosp,3,47,quantile,0.2,22,2026-11-14
2026-10-24,wk inc flu hosp,3,47,quantile,0.25,25,2026-11-14
2026-10-24,wk inc flu hosp,3,47,quantile,0.3,27,2026-11-14
2026-10-24,wk inc flu hosp,3,47,quantile,0.35,29,2026-11-14
2026-10-24,wk inc flu hosp,3,47,quantile,0.4,29,2026-11-14
2026-10-24,wk inc flu hosp,3,47,quantile,0.45,32,2026-11-14
2026-10-24,wk inc flu hosp,3,47,quantile,0.5,33,2026-11-14
2026-10-24,wk inc flu hosp,3,47,quantile,0.55,35,2026-11-14
2026-10-24,wk inc flu hosp,3,47,quantile,0.6,37,2026-11-14
2026-10-24,wk inc flu hosp,3,47,quantile,0.65,40,2026-11-14
2026-10-24,wk inc flu hosp,3,47,quantile,0.7,42,2026-11-14
2026-10-24,wk inc flu hosp,3,47,quantile,0.75,44,2026-11-14
2026-10-24,wk inc flu hosp,3,47,quantile,0.8,47,2026-11-14
2026-10-24,wk inc flu hosp,3,47,quantile,0.85,53,2026-11-14
2026-10-24,wk inc flu hosp,3,47,quantile,0.9,59,2026-11-14
2026-10-24,wk inc flu hosp,3,47,quantile,0.95,67,2026-11-14
2026-10-24,wk inc flu hosp,3,47,quantile,0.975,87,2026-11-14
2026-10-24,wk inc flu hosp,3,47,quantile,0.99,93,2026-11-14
2026-10-24,wk inc flu hosp,3,48,quantile,0.01,62,2026-11-14
2026-10-24,wk inc flu hosp,3,48,quantile,0.025,66,2026-11-14
2026-10-24,wk inc flu hosp,3,48,quantile,0.05,69,2026-11-14
2026-10-24,wk inc flu hosp,3,48,quantile,0.1,94,2026-11-14
2026-10-24,wk inc flu hosp,3,48,quantile,0.15,110,2026-11-14
2026-10-24,wk inc flu hosp,3,48,quantile,0.2,122,2026-11-14
2026-10-24,wk inc flu hosp,3,48,quantile,0.25,138,2026-11-14
2026-10-24,wk inc flu hosp,3,48,quantile,0.3,155,2026-11-14
2026-10-24,wk inc flu hosp,3,48,quantile,0.35,170,2026-11-14
2026-10-24,wk inc flu hosp,3,48,quantile,0.4,189,2026-11-14
2026-10-24,wk inc flu hosp,3,48,quantile,0.45,205,2026-11-14
2026-10-24,wk inc flu hosp,3,48,quantile,0.5,225,2026-11-14
2026-10-24,wk inc flu hosp,3,48,quantile,0.55,245,2026-11-14
2026-10-24,wk inc flu hosp,3,48,quantile,0.6,267,2026-11-14
2026-10-24,wk inc flu hosp,3,48,quantile,0.65,285,2026-11-14
2026-10-24,wk inc flu hosp,3,48,quantile,0.7,305,2026-11-14
2026-10-24,wk inc flu hosp,3,48,quantile,0.75,327,2026-11-14
2026-10-24,wk inc flu hosp,3,48,quantile,0.8,364,2026-11-14
2026-10-24,wk inc flu hosp,3,48,quantile,0.85,407,2026-11-14
2026-10-24,wk inc flu hosp,3,48,quantile,0.9,474,2026-11-14
2026-10-24,wk inc flu hosp,3,48,quantile,0.95,663,2026-11-14
2026-10-24,wk inc flu hosp,3,48,quantile,0.975,1130,2026-11-14
2026-10-24,wk inc flu hosp,3,48,quantile,0.99,1162,2026-11-14
2026-10-24,wk inc flu hosp,3,49,quantile,0.01,0,2026-11-14
2026-10-24,wk inc flu hosp,3,49,quantile,0.025,0,2026-11-14
2026-10-24,wk inc flu hosp,3,49,quantile,0.05,0,2026-11-14
2026-10-24,wk inc flu hosp,3,49,quantile,0.1,1,2026-11-14
2026-10-24,wk inc flu hosp,3,49,quantile,0.15,1,2026-11-14
2026-10-24,wk inc flu hosp,3,49,quantile,0.2,2,2026-11-14
2026-10-24,wk inc flu hosp,3,49,quantile,0.25,2,2026-11-14
2026-10-24,wk inc flu hosp,3,49,quantile,0.3,3,2026-11-14
2026-10-24,wk inc flu hosp,3,49,quantile,0.35,4,2026-11-14
2026-10-24,wk inc flu hosp,3,49,quantile,0.4,5,2026-11-14
2026-10-24,wk inc flu hosp,3,49,quantile,0.45,5,2026-11-14
2026-10-24,wk inc flu hosp,3,49,quantile,0.5,5,2026-11-14
2026-10-24,wk inc flu hosp,3,49,quantile,0.55,6,2026-11-14
2026-10-24,wk inc flu hosp,3,49,quantile,0.6,7,2026-11-14
2026-10-24,wk inc flu hosp,3,49,quantile,0.65,7,2026-11-14
2026-10-24,wk inc flu hosp,3,49,quantile,0.7,8,2026-11-14
2026-10-24,wk inc flu hosp,3,49,quantile,0.75,9,2026-11-14
2026-10-24,wk inc flu hosp,3,49,quantile,0.8,10,2026-11-14
2026-10-24,wk inc flu hosp,3,49,quantile,0.85,11,2026-11-14
2026-10-24,wk inc flu hosp,3,49,quantile,0.9,14,2026-11-14
2026-10-24,wk inc flu hosp,3,49,quantile,0.95,17,2026-11-14
2026-10-24,wk inc flu hosp,3,49,quantile,0.975,23,2026-11-14
2026-10-24,wk inc flu hosp,3,49,quantile,0.99,29,2026-11-14
2026-10-24,wk inc flu hosp,3,50,quantile,0.01,0,2026-11-14
2026-10-24,wk inc flu hosp,3,50,quantile,0.025,0,2026-11-14
2026-10-24,wk inc flu hosp,3,50,quantile,0.05,0,2026-11-14
2026-10-24,wk inc flu hosp,3,50,quantile,0.1,0,2026-11-14
2026-10-24,wk inc flu hosp,3,50,quantile,0.15,0,2026-11-14
2026-10-24,wk inc flu hosp,3,50,quantile,0.2,0,2026-11-14
2026-10-24,wk inc flu hosp,3,50,quantile,0.25,1,2026-11-14
2026-10-24,wk inc flu hosp,3,50,quantile,0.3,1,2026-11-14
2026-10-24,wk inc flu hosp,3,50,quantile,0.35,3,2026-11-14
2026-10-24,wk inc flu hosp,3,50,quantile,0.4,4,2026-11-14
2026-10-24,wk inc flu hosp,3,50,quantile,0.45,5,2026-11-14
2026-10-24,wk inc flu hosp,3,50,quantile,0.5,6,2026-11-14
2026-10-24,wk inc flu hosp,3,50,quantile,0.55,6,2026-11-14
2026-10-24,wk inc flu hosp,3,50,quantile,0.6,7,2026-11-14
2026-10-24,wk inc flu hosp,3,50,quantile,0.65,8,2026-11-14
2026-10-24,wk inc flu hosp,3,50,quantile,0.7,10,2026-11-14
2026-10-24,wk inc flu hosp,3,50,quantile,0.75,11,2026-11-14
2026-10-24,wk inc flu hosp,3,50,quantile,0.8,13,2026-11-14
2026-10-24,wk inc flu hosp,3,50,quantile,0.85,14,2026-11-14
2026-10-24,wk inc flu hosp,3,50,quantile,0.9,16,2026-11-14
2026-10-24,wk inc flu hosp,3,50,quantile,0.95,23,2026-11-14
2026-10-24,wk inc flu hosp,3,50,quantile,0.975,26,2026-11-14
2026-10-24,wk inc flu hosp,3,50,quantile,0.99,37,2026-11-14
2026-10-24,wk inc flu hosp,3,51,quantile,0.01,5,2026-11-14
2026-10-24,wk inc flu hosp,3,51,quantile,0.025,8,2026-11-14
2026-10-24,wk inc flu hosp,3,51,quantile,0.05,10,2026-11-14
2026-10-24,wk inc flu hosp,3,51,quantile,0.1,13,2026-11-14
2026-10-24,wk inc flu hosp,3,51,quantile,0.15,15,2026-11-14
2026-10-24,wk inc flu hosp,3,51,quantile,0.2,19,2026-11-14
2026-10-24,wk inc flu hosp,3,51,quantile,0.25,22,2026-11-14
2026-10-24,wk inc flu hosp,3,51,quantile,0.3,23,2026-11-14
2026-10-24,wk inc flu hosp,3,51,quantile,0.35,25,2026-11-14
2026-10-24,wk inc flu hosp,3,51,quantile,0.4,30,2026-11-14
2026-10-24,wk inc flu hosp,3,51,quantile,0.45,34,2026-11-14
2026-10-24,wk inc flu hosp,3,51,quantile,0.5,36,2026-11-14
2026-10-24,wk inc flu hosp,3,51,quantile,0.55,39,2026-11-14
2026-10-24,wk inc flu hosp,3,51,quantile,0.6,41,2026-11-14
2026-10-24,wk inc flu hosp,3,51,quantile,0.65,43,2026-11-14
2026-10-24,wk inc flu hosp,3,51,quantile,0.7,46,2026-11-14
2026-10-24,wk inc flu hosp,3,51,quantile,0.75,49,2026-11-14
2026-10-24,wk inc flu hosp,3,51,quantile,0.8,54,2026-11-14
2026-10-24,wk inc flu hosp,3,51,quantile,0.85,56,2026-11-14
2026-10-24,wk inc flu hosp,3,51,quantile,0.9,65,2026-11-14
2026-10-24,wk inc flu hosp,3,51,quantile,0.95,71,2026-11-14
2026-10-24,wk inc flu hosp,3,51,quantile,0.975,81,2026-11-14
2026-10-24,wk inc flu hosp,3,51,quantile,0.99,84,2026-11-14
2026-10-24,wk inc flu hosp,3,53,quantile,0.01,0,2026-11-14
2026-10-24,wk inc flu hosp,3,53,quantile,0.025,0,2026-11-14
2026-10-24,wk inc flu hosp,3,53,quantile,0.05,0,2026-11-14
2026-10-24,wk inc flu hosp,3,53,quantile,0.1,1,2026-11-14
2026-10-24,wk inc flu hosp,3,53,quantile,0.15,2,2026-11-14
2026-10-24,wk inc flu hosp,3,53,quantile,0.2,3,2026-11-14
2026-10-24,wk inc flu hosp,3,53,quantile,0.25,5,2026-11-14
2026-10-24,wk inc flu hosp,3,53,quantile,0.3,6,2026-11-14
2026-10-24,wk inc flu hosp,3,53,quantile,0.35,8,2026-11-14
2026-10-24,wk inc flu hosp,3,53,quantile,0.4,8,2026-11-14
2026-10-24,wk inc flu hosp,3,53,quantile,0.45,9,2026-11-14
2026-10-24,wk inc flu hosp,3,53,quantile,0.5,11,2026-11-14
2026-10-24,wk inc flu hosp,3,53,quantile,0.55,12,2026-11-14
2026-10-24,wk inc flu hosp,3,53,quantile,0.6,14,2026-11-14
2026-10-24,wk inc flu hosp,3,53,quantile,0.65,15,2026-11-14
2026-10-24,wk inc flu hosp,3,53,quantile,0.7,17,2026-11-14
2026-10-24,wk inc flu hosp,3,53,quantile,0.75,19,2026-11-14
2026-10-24,wk inc flu hosp,3,53,quantile,0.8,21,2026-11-14
2026-10-24,wk inc flu hosp,3,53,quantile,0.85,24,2026-11-14
2026-10-24,wk inc flu hosp,3,53,quantile,0.9,31,2026-11-14
2026-10-24,wk inc flu hosp,3,53,quantile,0.95,37,2026-11-14
2026-10-24,wk inc flu hosp,3,53,quantile,0.975,44,2026-11-14
2026-10-24,wk inc flu hosp,3,53,quantile,0.99,47,2026-11-14
2026-10-24,wk inc flu hosp,3,54,quantile,0.01,0,2026-11-14
2026-10-24,wk inc flu hosp,3,54,quantile,0.025,0,2026-11-14
2026-10-24,wk inc flu hosp,3,54,quantile,0.05,0,2026-11-14
2026-10-24,wk inc flu hosp,3,54,quantile,0.1,0,2026-11-14
2026-10-24,wk inc flu hosp,3,54,quantile,0.15,0,2026-11-14
2026-10-24,wk inc flu hosp,3,54,quantile,0.2,1,2026-11-14
2026-10-24,wk inc flu hosp,3,54,quantile,0.25,2,2026-11-14
2026-10-24,wk inc flu hosp,3,54,quantile,0.3,2,2026-11-14
2026-10-24,wk inc flu hosp,3,54,quantile,0.35,3,2026-11-14
2026-10-24,wk inc flu hosp,3,54,quantile,0.4,4,2026-11-14
2026-10-24,wk inc flu hosp,3,54,quantile,0.45,5,2026-11-14
2026-10-24,wk inc flu hosp,3,54,quantile,0.5,6,2026-11-14
2026-10-24,wk inc flu hosp,3,54,quantile,0.55,7,2026-11-14
2026-10-24,wk inc flu hosp,3,54,quantile,0.6,7,2026-11-14
2026-10-24,wk inc flu hosp,3,54,quantile,0.65,8,2026-11-14
2026-10-24,wk inc flu hosp,3,54,quantile,0.7,9,2026-11-14
2026-10-24,wk inc flu hosp,3,54,quantile,0.75,11,2026-11-14
2026-10-24,wk inc flu hosp,3,54,quantile,0.8,12,2026-11-14
2026-10-24,wk inc flu hosp,3,54,quantile,0.85,13,2026-11-14
2026-10-24,wk inc flu hosp,3,54,quantile,0.9,14,2026-11-14
2026-10-24,wk inc flu hosp,3,54,quantile,0.95,18,2026-11-14
2026-10-24,wk inc flu hosp,3,54,quantile,0.975,22,2026-11-14
2026-10-24,wk inc flu hosp,3,54,quantile,0.99,31,2026-11-14
2026-10-24,wk inc flu hosp,3,55,quantile,0.01,0,2026-11-14
2026-10-24,wk inc flu hosp,3,55,quantile,0.025,0,2026-11-14
2026-10-24,wk inc flu hosp,3,55,quantile,0.05,1,2026-11-14
2026-10-24,wk inc flu hosp,3,55,quantile,0.1,3,2026-11-14
2026-10-24,wk inc flu hosp,3,55,quantile,0.15,4,2026-11-14
2026-10-24,wk inc flu hosp,3,55,quantile,0.2,5,2026-11-14
2026-10-24,wk inc flu hosp,3,55,quantile,0.25,7,2026-11-14
2026-10-24,wk inc flu hosp,3,55,quantile,0.3,7,2026-11-14
2026-10-24,wk inc flu hosp,3,55,quantile,0.35,9,2026-11-14
2026-10-24,wk inc flu hosp,3,55,quantile,0.4,10,2026-11-14
2026-10-24,wk inc flu hosp,3,55,quantile,0.45,11,2026-11-14
2026-10-24,wk inc flu hosp,3,55,quantile,0.5,12,2026-11-14
2026-10-24,wk inc flu hosp,3,55,quantile,0.55,13,2026-11-14
2026-10-24,wk inc flu hosp,3,55,quantile,0.6,14,2026-11-14
2026-10-24,wk inc flu hosp,3,55,quantile,0.65,15,2026-11-14
2026-10-24,wk inc flu hosp,3,55,quantile,0.7,16,2026-11-14
2026-10-24,wk inc flu hosp,3,55,quantile,0.75,18,2026-11-14
2026-10-24,wk inc flu hosp,3,55,quantile,0.8,19,2026-11-14
2026-10-24,wk inc flu hosp,3,55,quantile,0.85,21,2026-11-14
2026-10-24,wk inc flu hosp,3,55,quantile,0.9,24,2026-11-14
2026-10-24,wk inc flu hosp,3,55,quantile,0.95,30,2026-11-14
2026-10-24,wk inc flu hosp,3,55,quantile,0.975,33,2026-11-14
2026-10-24,wk inc flu hosp,3,55,quantile,0.99,36,2026-11-14
2026-10-24,wk inc flu hosp,3,56,quantile,0.01,0,2026-11-14
2026-10-24,wk inc flu hosp,3,56,quantile,0.025,0,2026-11-14
2026-10-24,wk inc flu hosp,3,56,quantile,0.05,0,2026-11-14
2026-10-24,wk inc flu hosp,3,56,quantile,0.1,0,2026-11-14
2026-10-24,wk inc flu hosp,3,56,quantile,0.15,1,2026-11-14
2026-10-24,wk inc flu hosp,3,56,quantile,0.2,3,2026-11-14
2026-10-24,wk inc flu hosp,3,56,quantile,0.25,7,2026-11-14
2026-10-24,wk inc flu hosp,3,56,quantile,0.3,8,2026-11-14
2026-10-24,wk inc flu hosp,3,56,quantile,0.35,9,2026-11-14
2026-10-24,wk inc flu hosp,3,56,quantile,0.4,11,2026-11-14
2026-10-24,wk inc flu hosp,3,56,quantile,0.45,12,2026-11-14
2026-10-24,wk inc flu hosp,3,56,quantile,0.5,13,2026-11-14
2026-10-24,wk inc flu hosp,3,56,quantile,0.55,14,2026-11-14
2026-10-24,wk inc flu hosp,3,56,quantile,0.6,16,2026-11-14
2026-10-24,wk inc flu hosp,3,56,quantile,0.65,19,2026-11-14
2026-10-24,wk inc flu hosp,3,56,quantile,0.7,21,2026-11-14
2026-10-24,wk inc flu hosp,3,56,quantile,0.75,23,2026-11-14
2026-10-24,wk inc flu hosp,3,56,quantile,0.8,26,2026-11-14
2026-10-24,wk inc flu hosp,3,56,quantile,0.85,31,2026-11-14
2026-10-24,wk inc flu hosp,3,56,quantile,0.9,40,2026-11-14
2026-10-24,wk inc flu hosp,3,56,quantile,0.95,56,2026-11-14
2026-10-24,wk inc flu hosp,3,56,quantile,0.975,59,2026-11-14
2026-10-24,wk inc flu hosp,3,56,quantile,0.99,67,2026-11-14
2026-10-24,wk inc flu hosp,3,72,quantile,0.01,5,2026-11-14
2026-10-24,wk inc flu hosp,3,72,quantile,0.025,7,2026-11-14
2026-10-24,wk inc flu hosp,3,72,quantile,0.05,10,2026-11-14
2026-10-24,wk inc flu hosp,3,72,quantile,0.1,17,2026-11-14
2026-10-24,wk inc flu hosp,3,72,quantile,0.15,22,2026-11-14
2026-10-24,wk inc flu hosp,3,72,quantile,0.2,29,2026-11-14
2026-10-24,wk inc flu hosp,3,72,quantile,0.25,34,2026-11-14
2026-10-24,wk inc flu hosp,3,72,quantile,0.3,41,2026-11-14
2026-10-24,wk inc flu hosp,3,72,quantile,0.35,45,2026-11-14
2026-10-24,wk inc flu hosp,3,72,quantile,0.4,48,2026-11-14
2026-10-24,wk inc flu hosp,3,72,quantile,0.45,56,2026-11-14
2026-10-24,wk inc flu hosp,3,72,quantile,0.5,63,2026-11-14
2026-10-24,wk inc flu hosp,3,72,quantile,0.55,77,2026-11-14
2026-10-24,wk inc flu hosp,3,72,quantile,0.6,85,2026-11-14
2026-10-24,wk inc flu hosp,3,72,quantile,0.65,100,2026-11-14
2026-10-24,wk inc flu hosp,3,72,quantile,0.7,117,2026-11-14
2026-10-24,wk inc flu hosp,3,72,quantile,0.75,138,2026-11-14
2026-10-24,wk inc flu hosp,3,72,quantile,0.8,161,2026-11-14
2026-10-24,wk inc flu hosp,3,72,quantile,0.85,173,2026-11-14
2026-10-24,wk inc flu hosp,3,72,quantile,0.9,206,2026-11-14
2026-10-24,wk inc flu hosp,3,72,quantile,0.95,264,2026-11-14
2026-10-24,wk inc flu hosp,3,72,quantile,0.975,444,2026-11-14
2026-10-24,wk inc flu hosp,3,72,quantile,0.99,513,2026-11-14
2026-10-24,wk inc flu hosp,3,USA,quantile,0.01,1161,2026-11-14
2026-10-24,wk inc flu hosp,3,USA,quantile,0.025,1235,2026-11-14
2026-10-24,wk inc flu hosp,3,USA,quantile,0.05,1297,2026-11-14
2026-10-24,wk inc flu hosp,3,USA,quantile,0.1,1379,2026-11-14
2026-10-24,wk inc flu hosp,3,USA,quantile,0.15,1460,2026-11-14
2026-10-24,wk inc flu hosp,3,USA,quantile,0.2,1518,2026-11-14
2026-10-24,wk inc flu hosp,3,USA,quantile,0.25,1567,2026-11-14
2026-10-24,wk inc flu hosp,3,USA,quantile,0.3,1607,2026-11-14
2026-10-24,wk inc flu hosp,3,USA,quantile,0.35,1677,2026-11-14
2026-10-24,wk inc flu hosp,3,USA,quantile,0.4,1706,2026-11-14
2026-10-24,wk inc flu hosp,3,USA,quantile,0.45,1780,2026-11-14
2026-10-24,wk inc flu hosp,3,USA,quantile,0.5,1861,2026-11-14
2026-10-24,wk inc flu hosp,3,USA,quantile,0.55,1914,2026-11-14
2026-10-24,wk inc flu hosp,3,USA,quantile,0.6,1978,2026-11-14
2026-10-24,wk inc flu hosp,3,USA,quantile,0.65,2035,2026-11-14
2026-10-24,wk inc flu hosp,3,USA,quantile,0.7,2069,2026-11-14
2026-10-24,wk inc flu hosp,3,USA,quantile,0.75,2119,2026-11-14
2026-10-24,wk inc flu hosp,3,USA,quantile,0.8,2182,2026-11-14
2026-10-24,wk inc flu hosp,3,USA,quantile,0.85,2348,2026-11-14
2026-10-24,wk inc flu hosp,3,USA,quantile,0.9,2481,2026-11-14
2026-10-24,wk inc flu hosp,3,USA,quantile,0.95,2782,2026-11-14
2026-10-24,wk inc flu hosp,3,USA,quantile,0.975,2951,2026-11-14
2026-10-24,wk inc flu hosp,3,USA,quantile,0.99,3041,2026-11-14
