reference_date,target,horizon,location,output_type,output_type_id,value,target_end_date
2027-01-30,wk inc flu hosp,0,01,quantile,0.01,315,2027-01-30
2027-01-30,wk inc flu hosp,0,01,quantile,0.025,318,2027-01-30
2027-01-30,wk inc flu hosp,0,01,quantile,0.05,332,2027-01-30
2027-01-30,wk inc flu hosp,0,01,quantile,0.1,341,2027-01-30
2027-01-30,wk inc flu hosp,0,01,quantile,0.15,352,2027-01-30
2027-01-30,wk inc flu hosp,0,01,quantile,0.2,365,2027-01-30
2027-01-30,wk inc flu hosp,0,01,quantile,0.25,373,2027-01-30
2027-01-30,wk inc flu hosp,0,01,quantile,0.3,377,2027-01-30
2027-01-30,wk inc flu hosp,0,01,quantile,0.35,384,2027-01-30
2027-01-30,wk inc flu hosp,0,01,quantile,0.4,389,2027-01-30
2027-01-30,wk inc flu hosp,0,01,quantile,0.45,395,2027-01-30
2027-01-30,wk inc flu hosp,0,01,quantile,0.5,402,2027-01-30
2027-01-30,wk inc flu hosp,0,01,quantile,0.55,411,2027-01-30
2027-01-30,wk inc flu hosp,0,01,quantile,0.6,415,2027-01-30
2027-01-30,wk inc flu hosp,0,01,quantile,0.65,425,2027-01-30
2027-01-30,wk inc flu hosp,0,01,quantile,0.7,434,2027-01-30
2027-01-30,wk inc flu hosp,0,01,quantile,0.75,444,2027-01-30
2027-01-30,wk inc flu hosp,0,01,quantile,0.8,456,2027-01-30
2027-01-30,wk inc flu hosp,0,01,quantile,0.85,468,2027-01-30
2027-01-30,wk inc flu hosp,0,01,quantile,0.9,487,2027-01-30
2027-01-30,wk inc flu hosp,0,01,quantile,0.95,508,2027-01-30
2027-01-30,wk inc flu hosp,0,01,quantile,0.975,536,2027-01-30
2027-01-30,wk inc flu hosp,0,01,quantile,0.99,577,2027-01-30
2027-01-30,wk inc flu hosp,0,02,quantile,0.01,9,2027-01-30
2027-01-30,wk inc flu hosp,0,02,quantile,0.025,10,2027-01-30
2027-01-30,wk inc flu hosp,0,02,quantile,0.05,11,2027-01-30
2027-01-30,wk inc flu hosp,0,02,quantile,0.1,13,2027-01-30
2027-01-30,wk inc flu hosp,0,02,quantile,0.15,14,2027-01-30
2027-01-30,wk inc flu hosp,0,02,quantile,0.2,16,2027-01-30
2027-01-30,wk inc flu hosp,0,02,quantile,0.25,16,2027-01-30
2027-01-30,wk inc flu hosp,0,02,quantile,0.3,17,2027-01-30
2027-01-30,wk inc flu hosp,0,02,quantile,0.35,18,2027-01-30
2027-01-30,wk inc flu hosp,0,02,quantile,0.4,19,2027-01-30
2027-01-30,wk inc flu hosp,0,02,quantile,0.45,19,2027-01-30
2027-01-30,wk inc flu hosp,0,02,quantile,0.5,21,2027-01-30
2027-01-30,wk inc flu hosp,0,02,quantile,0.55,22,2027-01-30
2027-01-30,wk inc flu hosp,0,02,quantile,0.6,23,2027-01-30
2027-01-30,wk inc flu hosp,0,02,quantile,0.65,24,2027-01-30
2027-01-30,wk inc flu hosp,0,02,quantile,0.7,24,2027-01-30
2027-01-30,wk inc flu hosp,0,02,quantile,0.75,26,2027-01-30
2027-01-30,wk inc flu hosp,0,02,quantile,0.8,27,2027-01-30
2027-01-30,wk inc flu hosp,0,02,quantile,0.85,28,2027-01-30
2027-01-30,wk inc flu hosp,0,02,quantile,0.9,29,2027-01-30
2027-01-30,wk inc flu hosp,0,02,quantile,0.95,31,2027-01-30
2027-01-30,wk inc flu hosp,0,02,quantile,0.975,34,2027-01-30
2027-01-30,wk inc flu hosp,0,02,quantile,0.99,40,2027-01-30
2027-01-30,wk inc flu hosp,0,04,quantile,0.01,370,2027-01-30
2027-01-30,wk inc flu hosp,0,04,quantile,0.025,410,2027-01-30
2027-01-30,wk inc flu hosp,0,04,quantile,0.05,429,2027-01-30
2027-01-30,wk inc flu hosp,0,04,quantile,0.1,444,2027-01-30
2027-01-30,wk inc flu hosp,0,04,quantile,0.15,459,2027-01-30
2027-01-30,wk inc flu hosp,0,04,quantile,0.2,475,2027-01-30
2027-01-30,wk inc flu hosp,0,04,quantile,0.25,482,2027-01-30
2027-01-30,wk inc flu hosp,0,04,quantile,0.3,489,2027-01-30
2027-01-30,wk inc flu hosp,0,04,quantile,0.35,502,2027-01-30
2027-01-30,wk inc flu hosp,0,04,quantile,0.4,505,2027-01-30
2027-01-30,wk inc flu hosp,0,04,quantile,0.45,518,2027-01-30
2027-01-30,wk inc flu hosp,0,04,quantile,0.5,527,2027-01-30
2027-01-30,wk inc flu hosp,0,04,quantile,0.55,532,2027-01-30
2027-01-30,wk inc flu hosp,0,04,quantile,0.6,546,2027-01-30
2027-01-30,wk inc flu hosp,0,04,quantile,0.65,554,2027-01-30
2027-01-30,wk inc flu hosp,0,04,quantile,0.7,562,2027-01-30
2027-01-30,wk inc flu hosp,0,04,quantile,0.75,571,2027-01-30
2027-01-30,wk inc flu hosp,0,04,quantile,0.8,593,2027-01-30
2027-01-30,wk inc flu hosp,0,04,quantile,0.85,620,2027-01-30
2027-01-30,wk inc flu hosp,0,04,quantile,0.9,651,2027-01-30
2027-01-30,wk inc flu hosp,0,04,quantile,0.95,665,2027-01-30
2027-01-30,wk inc flu hosp,0,04,quantile,0.975,694,2027-01-30
2027-01-30,wk inc flu hosp,0,04,quantile,0.99,738,2027-01-30
2027-01-30,wk inc flu hosp,0,05,quantile,0.01,289,2027-01-30
2027-01-30,wk inc flu hosp,0,05,quantile,0.025,310,2027-01-30
2027-01-30,wk inc flu hosp,0,05,quantile,0.05,323,2027-01-30
2027-01-30,wk inc flu hosp,0,05,quantile,0.1,335,2027-01-30
2027-01-30,wk inc flu hosp,0,05,quantile,0.15,346,2027-01-30
2027-01-30,wk inc flu hosp,0,05,quantile,0.2,350,2027-01-30
2027-01-30,wk inc flu hosp,0,05,quantile,0.25,357,2027-01-30
2027-01-30,wk inc flu hosp,0,05,quantile,0.3,363,2027-01-30
2027-01-30,wk inc flu hosp,0,05,quantile,0.35,370,2027-01-30
2027-01-30,wk inc flu hosp,0,05,quantile,0.4,376,2027-01-30
2027-01-30,wk inc flu hosp,0,05,quantile,0.45,381,2027-01-30
2027-01-30,wk inc flu hosp,0,05,quantile,0.5,385,2027-01-30
2027-01-30,wk inc flu hosp,0,05,quantile,0.55,390,2027-01-30
2027-01-30,wk inc flu hosp,0,05,quantile,0.6,396,2027-01-30
2027-01-30,wk inc flu hosp,0,05,quantile,0.65,406,2027-01-30
2027-01-30,wk inc flu hosp,0,05,quantile,0.7,414,2027-01-30
2027-01-30,wk inc flu hosp,0,05,quantile,0.75,422,2027-01-30
2027-01-30,wk inc flu hosp,0,05,quantile,0.8,435,2027-01-30
2027-01-30,wk inc flu hosp,0,05,quantile,0.85,443,2027-01-30
2027-01-30,wk inc flu hosp,0,05,quantile,0.9,456,2027-01-30
2027-01-30,wk inc flu hosp,0,05,quantile,0.95,482,2027-01-30
2027-01-30,wk inc flu hosp,0,05,quantile,0.975,498,2027-01-30
2027-01-30,wk inc flu hosp,0,05,quantile,0.99,515,2027-01-30
2027-01-30,wk inc flu hosp,0,06,quantile,0.01,1564,2027-01-30
2027-01-30,wk inc flu hosp,0,06,quantile,0.025,1628,2027-01-30
2027-01-30,wk inc flu hosp,0,06,quantile,0.05,1683,2027-01-30
2027-01-30,wk inc flu hosp,0,06,quantile,0.1,1770,2027-01-30
2027-01-30,wk inc flu hosp,0,06,quantile,0.15,1889,2027-01-30
2027-01-30,wk inc flu hosp,0,06,quantile,0.2,1923,2027-01-30
2027-01-30,wk inc flu hosp,0,06,quantile,0.25,1972,2027-01-30
2027-01-30,wk inc flu hosp,0,06,quantile,0.3,2012,2027-01-30
2027-01-30,wk inc flu hosp,0,06,quantile,0.35,2047,2027-01-30
2027-01-30,wk inc flu hosp,0,06,quantile,0.4,2082,2027-01-30
2027-01-30,wk inc flu hosp,0,06,quantile,0.45,2138,2027-01-30
2027-01-30,wk inc flu hosp,0,06,quantile,0.5,2168,2027-01-30
2027-01-30,wk inc flu hosp,0,06,quantile,0.55,2207,2027-01-30
2027-01-30,wk inc flu hosp,0,06,quantile,0.6,2297,2027-01-30
2027-01-30,wk inc flu hosp,0,06,quantile,0.65,2350,2027-01-30
2027-01-30,wk inc flu hosp,0,06,quantile,0.7,2397,2027-01-30
2027-01-30,wk inc flu hosp,0,06,quantile,0.75,2459,2027-01-30
2027-01-30,wk inc flu hosp,0,06,quantile,0.8,2552,2027-01-30
2027-01-30,wk inc flu hosp,0,06,quantile,0.85,2621,2027-01-30
2027-01-30,wk inc flu hosp,0,06,quantile,0.9,2698,2027-01-30
2027-01-30,wk inc flu hosp,0,06,quantile,0.95,2913,2027-01-30
2027-01-30,wk inc flu hosp,0,06,quantile,0.975,2964,2027-01-30
2027-01-30,wk inc flu hosp,0,06,quantile,0.99,3009,2027-01-30
2027-01-30,wk inc flu hosp,0,08,quantile,0.01,182,2027-01-30
2027-01-30,wk inc flu hosp,0,08,quantile,0.025,194,2027-01-30
2027-01-30,wk inc flu hosp,0,08,quantile,0.05,207,2027-01-30
2027-01-30,wk inc flu hosp,0,08,quantile,0.1,223,2027-01-30
2027-01-30,wk inc flu hosp,0,08,quantile,0.15,228,2027-01-30
2027-01-30,wk inc flu hosp,0,08,quantile,0.2,234,2027-01-30
2027-01-30,wk inc flu hosp,0,08,quantile,0.25,242,2027-01-30
2027-01-30,wk inc flu hosp,0,08,quantile,0.3,248,2027-01-30
2027-01-30,wk inc flu hosp,0,08,quantile,0.35,255,2027-01-30
2027-01-30,wk inc flu hosp,0,08,quantile,0.4,261,2027-01-30
2027-01-30,wk inc flu hosp,0,08,quantile,0.45,266,2027-01-30
2027-01-30,wk inc flu hosp,0,08,quantile,0.5,271,2027-01-30
2027-01-30,wk inc flu hosp,0,08,quantile,0.55,276,2027-01-30
2027-01-30,wk inc flu hosp,0,08,quantile,0.6,280,2027-01-30
2027-01-30,wk inc flu hosp,0,08,quantile,0.65,286,2027-01-30
2027-01-30,wk inc flu hosp,0,08,quantile,0.7,294,2027-01-30
2027-01-30,wk inc flu hosp,0,08,quantile,0.75,298,2027-01-30
2027-01-30,wk inc flu hosp,0,08,quantile,0.8,304,2027-01-30
2027-01-30,wk inc flu hosp,0,08,quantile,0.85,312,2027-01-30
2027-01-30,wk inc flu hosp,0,08,quantile,0.9,321,2027-01-30
2027-01-30,wk inc flu hosp,0,08,quantile,0.95,333,2027-01-30
2027-01-30,wk inc flu hosp,0,08,quantile,0.975,341,2027-01-30
2027-01-30,wk inc flu hosp,0,08,quantile,0.99,369,2027-01-30
2027-01-30,wk inc flu hosp,0,09,quantile,0.01,164,2027-01-30
2027-01-30,wk inc flu hosp,0,09,quantile,0.025,171,2027-01-30
2027-01-30,wk inc flu hosp,0,09,quantile,0.05,175,2027-01-30
2027-01-30,wk inc flu hosp,0,09,quantile,0.1,185,2027-01-30
2027-01-30,wk inc flu hosp,0,09,quantile,0.15,191,2027-01-30
2027-01-30,wk inc flu hosp,0,09,quantile,0.2,200,2027-01-30
2027-01-30,wk inc flu hosp,0,09,quantile,0.25,204,2027-01-30
2027-01-30,wk inc flu hosp,0,09,quantile,0.3,208,2027-01-30
2027-01-30,wk inc flu hosp,0,09,quantile,0.35,211,2027-01-30
2027-01-30,wk inc flu hosp,0,09,quantile,0.4,213,2027-01-30
2027-01-30,wk inc flu hosp,0,09,quantile,0.45,220,2027-01-30
2027-01-30,wk inc flu hosp,0,09,quantile,0.5,224,2027-01-30
2027-01-30,wk inc flu hosp,0,09,quantile,0.55,229,2027-01-30
2027-01-30,wk inc flu hosp,0,09,quantile,0.6,234,2027-01-30
2027-01-30,wk inc flu hosp,0,09,quantile,0.65,237,2027-01-30
2027-01-30,wk inc flu hosp,0,09,quantile,0.7,242,2027-01-30
2027-01-30,wk inc flu hosp,0,09,quantile,0.75,245,2027-01-30
2027-01-30,wk inc flu hosp,0,09,quantile,0.8,252,2027-01-30
2027-01-30,wk inc flu hosp,0,09,quantile,0.85,258,2027-01-30
2027-01-30,wk inc flu hosp,0,09,quantile,0.9,267,2027-01-30
2027-01-30,wk inc flu hosp,0,09,quantile,0.95,298,2027-01-30
2027-01-30,wk inc flu hosp,0,09,quantile,0.975,320,2027-01-30
2027-01-30,wk inc flu hosp,0,09,quantile,0.99,326,2027-01-30
2027-01-30,wk inc flu hosp,0,10,quantile,0.01,55,2027-01-30
2027-01-30,wk inc flu hosp,0,10,quantile,0.025,69,2027-01-30
2027-01-30,wk inc flu hosp,0,10,quantile,0.05,75,2027-01-30
2027-01-30,wk inc flu hosp,0,10,quantile,0.1,78,2027-01-30
2027-01-30,wk inc flu hosp,0,10,quantile,0.15,81,2027-01-30
2027-01-30,wk inc flu hosp,0,10,quantile,0.2,83,2027-01-30
2027-01-30,wk inc flu hosp,0,10,quantile,0.25,87,2027-01-30
2027-01-30,wk inc flu hosp,0,10,quantile,0.3,88,2027-01-30
2027-01-30,wk inc flu hosp,0,10,quantile,0.35,90,2027-01-30
2027-01-30,wk inc flu hosp,0,10,quantile,0.4,91,2027-01-30
2027-01-30,wk inc flu hosp,0,10,quantile,0.45,93,2027-01-30
2027-01-30,wk inc flu hosp,0,10,quantile,0.5,95,2027-01-30
2027-01-30,wk inc flu hosp,0,10,quantile,0.55,97,2027-01-30
2027-01-30,wk inc flu hosp,0,10,quantile,0.6,99,2027-01-30
2027-01-30,wk inc flu hosp,0,10,quantile,0.65,101,2027-01-30
2027-01-30,wk inc flu hosp,0,10,quantile,0.7,105,2027-01-30
2027-01-30,wk inc flu hosp,0,10,quantile,0.75,108,2027-01-30
2027-01-30,wk inc flu hosp,0,10,quantile,0.8,111,2027-01-30
2027-01-30,wk inc flu hosp,0,10,quantile,0.85,114,2027-01-30
2027-01-30,wk inc flu hosp,0,10,quantile,0.9,118,2027-01-30
2027-01-30,wk inc flu hosp,0,10,quantile,0.95,124,2027-01-30
2027-01-30,wk inc flu hosp,0,10,quantile,0.975,130,2027-01-30
2027-01-30,wk inc flu hosp,0,10,quantile,0.99,144,2027-01-30
2027-01-30,wk inc flu hosp,0,11,quantile,0.01,39,2027-01-30
2027-01-30,wk inc flu hosp,0,11,quantile,0.025,44,2027-01-30
2027-01-30,wk inc flu hosp,0,11,quantile,0.05,49,2027-01-30
2027-01-30,wk inc flu hosp,0,11,quantile,0.1,52,2027-01-30
2027-01-30,wk inc flu hosp,0,11,quantile,0.15,57,2027-01-30
2027-01-30,wk inc flu hosp,0,11,quantile,0.2,60,2027-01-30
2027-01-30,wk inc flu hosp,0,11,quantile,0.25,62,2027-01-30
2027-01-30,wk inc flu hosp,0,11,quantile,0.3,64,2027-01-30
2027-01-30,wk inc flu hosp,0,11,quantile,0.35,65,2027-01-30
2027-01-30,wk inc flu hosp,0,11,quantile,0.4,67,2027-01-30
2027-01-30,wk inc flu hosp,0,11,quantile,0.45,69,2027-01-30
2027-01-30,wk inc flu hosp,0,11,quantile,0.5,72,2027-01-30
2027-01-30,wk inc flu hosp,0,11,quantile,0.55,73,2027-01-30
2027-01-30,wk inc flu hosp,0,11,quantile,0.6,77,2027-01-30
2027-01-30,wk inc flu hosp,0,11,quantile,0.65,80,2027-01-30
2027-01-30,wk inc flu hosp,0,11,quantile,0.7,82,2027-01-30
2027-01-30,wk inc flu hosp,0,11,quantile,0.75,85,2027-01-30
2027-01-30,wk inc flu hosp,0,11,quantile,0.8,88,2027-01-30
2027-01-30,wk inc flu hosp,0,11,quantile,0.85,95,2027-01-30
2027-01-30,wk inc flu hosp,0,11,quantile,0.9,100,2027-01-30
2027-01-30,wk inc flu hosp,0,11,quantile,0.95,110,2027-01-30
2027-01-30,wk inc flu hosp,0,11,quantile,0.975,113,2027-01-30
2027-01-30,wk inc flu hosp,0,11,quantile,0.99,121,2027-01-30
2027-01-30,wk inc flu hosp,0,12,quantile,0.01,1340,2027-01-30
2027-01-30,wk inc flu hosp,0,12,quantile,0.025,1451,2027-01-30
2027-01-30,wk inc flu hosp,0,12,quantile,0.05,1509,2027-01-30
2027-01-30,wk inc flu hosp,0,12,quantile,0.1,1579,2027-01-30
2027-01-30,wk inc flu hosp,0,12,quantile,0.15,1642,2027-01-30
2027-01-30,wk inc flu hosp,0,12,quantile,0.2,1677,2027-01-30
2027-01-30,wk inc flu hosp,0,12,quantile,0.25,1738,2027-01-30
2027-01-30,wk inc flu hosp,0,12,quantile,0.3,1783,2027-01-30
2027-01-30,wk inc flu hosp,0,12,quantile,0.35,1825,2027-01-30
2027-01-30,wk inc flu hosp,0,12,quantile,0.4,1854,2027-01-30
2027-01-30,wk inc flu hosp,0,12,quantile,0.45,1892,2027-01-30
2027-01-30,wk inc flu hosp,0,12,quantile,0.5,1922,2027-01-30
2027-01-30,wk inc flu hosp,0,12,quantile,0.55,1960,2027-01-30
2027-01-30,wk inc flu hosp,0,12,quantile,0.6,1993,2027-01-30
2027-01-30,wk inc flu hosp,0,12,quantile,0.65,2018,2027-01-30
2027-01-30,wk inc flu hosp,0,12,quantile,0.7,2046,2027-01-30
2027-01-30,wk inc flu hosp,0,12,quantile,0.75,2067,2027-01-30
2027-01-30,wk inc flu hosp,0,12,quantile,0.8,2137,2027-01-30
2027-01-30,wk inc flu hosp,0,12,quantile,0.85,2183,2027-01-30
2027-01-30,wk inc flu hosp,0,12,quantile,0.9,2223,2027-01-30
2027-01-30,wk inc flu hosp,0,12,quantile,0.95,2401,2027-01-30
2027-01-30,wk inc flu hosp,0,12,quantile,0.975,2559,2027-01-30
2027-01-30,wk inc flu hosp,0,12,quantile,0.99,2623,2027-01-30
2027-01-30,wk inc flu hosp,0,13,quantile,0.01,460,2027-01-30
2027-01-30,wk inc flu hosp,0,13,quantile,0.025,528,2027-01-30
2027-01-30,wk inc flu hosp,0,13,quantile,0.05,599,2027-01-30
2027-01-30,wk inc flu hosp,0,13,quantile,0.1,638,2027-01-30
2027-01-30,wk inc flu hosp,0,13,quantile,0.15,665,2027-01-30
2027-01-30,wk inc flu hosp,0,13,quantile,0.2,673,2027-01-30
2027-01-30,wk inc flu hosp,0,13,quantile,0.25,687,2027-01-30
2027-01-30,wk inc flu hosp,0,13,quantile,0.3,704,2027-01-30
2027-01-30,wk inc flu hosp,0,13,quantile,0.35,726,2027-01-30
2027-01-30,wk inc flu hosp,0,13,quantile,0.4,751,2027-01-30
2027-01-30,wk inc flu hosp,0,13,quantile,0.45,763,2027-01-30
2027-01-30,wk inc flu hosp,0,13,quantile,0.5,789,2027-01-30
2027-01-30,wk inc flu hosp,0,13,quantile,0.55,797,2027-01-30
2027-01-30,wk inc flu hosp,0,13,quantile,0.6,807,2027-01-30
2027-01-30,wk inc flu hosp,0,13,quantile,0.65,821,2027-01-30
2027-01-30,wk inc flu hosp,0,13,quantile,0.7,852,2027-01-30
2027-01-30,wk inc flu hosp,0,13,quantile,0.75,874,2027-01-30
2027-01-30,wk inc flu hosp,0,13,quantile,0.8,895,2027-01-30
2027-01-30,wk inc flu hosp,0,13,quantile,0.85,907,2027-01-30
2027-01-30,wk inc flu hosp,0,13,quantile,0.9,947,2027-01-30
2027-01-30,wk inc flu hosp,0,13,quantile,0.95,999,2027-01-30
2027-01-30,wk inc flu hosp,0,13,quantile,0.975,1011,2027-01-30
2027-01-30,wk inc flu hosp,0,13,quantile,0.99,1078,2027-01-30
2027-01-30,wk inc flu hosp,0,15,quantile,0.01,12,2027-01-30
2027-01-30,wk inc flu hosp,0,15,quantile,0.025,15,2027-01-30
2027-01-30,wk inc flu hosp,0,15,quantile,0.05,18,2027-01-30
2027-01-30,wk inc flu hosp,0,15,quantile,0.1,20,2027-01-30
2027-01-30,wk inc flu hosp,0,15,quantile,0.15,22,2027-01-30
2027-01-30,wk inc flu hosp,0,15,quantile,0.2,25,2027-01-30
2027-01-30,wk inc flu hosp,0,15,quantile,0.25,26,2027-01-30
2027-01-30,wk inc flu hosp,0,15,quantile,0.3,26,2027-01-30
2027-01-30,wk inc flu hosp,0,15,quantile,0.35,27,2027-01-30
2027-01-30,wk inc flu hosp,0,15,quantile,0.4,28,2027-01-30
2027-01-30,wk inc flu hosp,0,15,quantile,0.45,29,2027-01-30
2027-01-30,wk inc flu hosp,0,15,quantile,0.5,30,2027-01-30
2027-01-30,wk inc flu hosp,0,15,quantile,0.55,30,2027-01-30
2027-01-30,wk inc flu hosp,0,15,quantile,0.6,32,2027-01-30
2027-01-30,wk inc flu hosp,0,15,quantile,0.65,33,2027-01-30
2027-01-30,wk inc flu hosp,0,15,quantile,0.7,35,2027-01-30
2027-01-30,wk inc flu hosp,0,15,quantile,0.75,36,2027-01-30
2027-01-30,wk inc flu hosp,0,15,quantile,0.8,38,2027-01-30
2027-01-30,wk inc flu hosp,0,15,quantile,0.85,40,2027-01-30
2027-01-30,wk inc flu hosp,0,15,quantile,0.9,43,2027-01-30
2027-01-30,wk inc flu hosp,0,15,quantile,0.95,48,2027-01-30
2027-01-30,wk inc flu hosp,0,15,quantile,0.975,52,2027-01-30
2027-01-30,wk inc flu hosp,0,15,quantile,0.99,56,2027-01-30
2027-01-30,wk inc flu hosp,0,16,quantile,0.01,71,2027-01-30
2027-01-30,wk inc flu hosp,0,16,quantile,0.025,78,2027-01-30
2027-01-30,wk inc flu hosp,0,16,quantile,0.05,80,2027-01-30
2027-01-30,wk inc flu hosp,0,16,quantile,0.1,86,2027-01-30
2027-01-30,wk inc flu hosp,0,16,quantile,0.15,89,2027-01-30
2027-01-30,wk inc flu hosp,0,16,quantile,0.2,92,2027-01-30
2027-01-30,wk inc flu hosp,0,16,quantile,0.25,95,2027-01-30
2027-01-30,wk inc flu hosp,0,16,quantile,0.3,98,2027-01-30
2027-01-30,wk inc flu hosp,0,16,quantile,0.35,101,2027-01-30
2027-01-30,wk inc flu hosp,0,16,quantile,0.4,105,2027-01-30
2027-01-30,wk inc flu hosp,0,16,quantile,0.45,107,2027-01-30
2027-01-30,wk inc flu hosp,0,16,quantile,0.5,109,2027-01-30
2027-01-30,wk inc flu hosp,0,16,quantile,0.55,110,2027-01-30
2027-01-30,wk inc flu hosp,0,16,quantile,0.6,112,2027-01-30
2027-01-30,wk inc flu hosp,0,16,quantile,0.65,114,2027-01-30
2027-01-30,wk inc flu hosp,0,16,quantile,0.7,117,2027-01-30
2027-01-30,wk inc flu hosp,0,16,quantile,0.75,120,2027-01-30
2027-01-30,wk inc flu hosp,0,16,quantile,0.8,123,2027-01-30
2027-01-30,wk inc flu hosp,0,16,quantile,0.85,127,2027-01-30
2027-01-30,wk inc flu hosp,0,16,quantile,0.9,131,2027-01-30
2027-01-30,wk inc flu hosp,0,16,quantile,0.95,138,2027-01-30
2027-01-30,wk inc flu hosp,0,16,quantile,0.975,142,2027-01-30
2027-01-30,wk inc flu hosp,0,16,quantile,0.99,158,2027-01-30
2027-01-30,wk inc flu hosp,0,17,quantile,0.01,740,2027-01-30
2027-01-30,wk inc flu hosp,0,17,quantile,0.025,792,2027-01-30
2027-01-30,wk inc flu hosp,0,17,quantile,0.05,824,2027-01-30
2027-01-30,wk inc flu hosp,0,17,quantile,0.1,852,2027-01-30
2027-01-30,wk inc flu hosp,0,17,quantile,0.15,872,2027-01-30
2027-01-30,wk inc flu hosp,0,17,quantile,0.2,883,2027-01-30
2027-01-30,wk inc flu hosp,0,17,quantile,0.25,893,2027-01-30
2027-01-30,wk inc flu hosp,0,17,quantile,0.3,909,2027-01-30
2027-01-30,wk inc flu hosp,0,17,quantile,0.35,930,2027-01-30
2027-01-30,wk inc flu hosp,0,17,quantile,0.4,944,2027-01-30
2027-01-30,wk inc flu hosp,0,17,quantile,0.45,968,2027-01-30
2027-01-30,wk inc flu hosp,0,17,quantile,0.5,982,2027-01-30
2027-01-30,wk inc flu hosp,0,17,quantile,0.55,993,2027-01-30
2027-01-30,wk inc flu hosp,0,17,quantile,0.6,1016,2027-01-30
2027-01-30,wk inc flu hosp,0,17,quantile,0.65,1034,2027-01-30
2027-01-30,wk inc flu hosp,0,17,quantile,0.7,1053,2027-01-30
2027-01-30,wk inc flu hosp,0,17,quantile,0.75,1064,2027-01-30
2027-01-30,wk inc flu hosp,0,17,quantile,0.8,1084,2027-01-30
2027-01-30,wk inc flu hosp,0,17,quantile,0.85,1124,2027-01-30
2027-01-30,wk inc flu hosp,0,17,quantile,0.9,1152,2027-01-30
2027-01-30,wk inc flu hosp,0,17,quantile,0.95,1191,2027-01-30
2027-01-30,wk inc flu hosp,0,17,quantile,0.975,1211,2027-01-30
2027-01-30,wk inc flu hosp,0,17,quantile,0.99,1255,2027-01-30
2027-01-30,wk inc flu hosp,0,18,quantile,0.01,620,2027-01-30
2027-01-30,wk inc flu hosp,0,18,quantile,0.025,653,2027-01-30
2027-01-30,wk inc flu hosp,0,18,quantile,0.05,672,2027-01-30
2027-01-30,wk inc flu hosp,0,18,quantile,0.1,720,2027-01-30
2027-01-30,wk inc flu hosp,0,18,quantile,0.15,740,2027-01-30
2027-01-30,wk inc flu hosp,0,18,quantile,0.2,759,2027-01-30
2027-01-30,wk inc flu hosp,0,18,quantile,0.25,772,2027-01-30
2027-01-30,wk inc flu hosp,0,18,quantile,0.3,784,2027-01-30
2027-01-30,wk inc flu hosp,0,18,quantile,0.35,793,2027-01-30
2027-01-30,wk inc flu hosp,0,18,quantile,0.4,804,2027-01-30
2027-01-30,wk inc flu hosp,0,18,quantile,0.45,820,2027-01-30
2027-01-30,wk inc flu hosp,0,18,quantile,0.5,838,2027-01-30
2027-01-30,wk inc flu hosp,0,18,quantile,0.55,849,2027-01-30
2027-01-30,wk inc flu hosp,0,18,quantile,0.6,859,2027-01-30
2027-01-30,wk inc flu hosp,0,18,quantile,0.65,871,2027-01-30
2027-01-30,wk inc flu hosp,0,18,quantile,0.7,887,2027-01-30
2027-01-30,wk inc flu hosp,0,18,quantile,0.75,909,2027-01-30
2027-01-30,wk inc flu hosp,0,18,quantile,0.8,929,2027-01-30
2027-01-30,wk inc flu hosp,0,18,quantile,0.85,945,2027-01-30
2027-01-30,wk inc flu hosp,0,18,quantile,0.9,960,2027-01-30
2027-01-30,wk inc flu hosp,0,18,quantile,0.95,1006,2027-01-30
2027-01-30,wk inc flu hosp,0,18,quantile,0.975,1010,2027-01-30
2027-01-30,wk inc flu hosp,0,18,quantile,0.99,1050,2027-01-30
2027-01-30,wk inc flu hosp,0,19,quantile,0.01,188,2027-01-30
2027-01-30,wk inc flu hosp,0,19,quantile,0.025,200,2027-01-30
2027-01-30,wk inc flu hosp,0,19,quantile,0.05,211,2027-01-30
2027-01-30,wk inc flu hosp,0,19,quantile,0.1,218,2027-01-30
2027-01-30,wk inc flu hosp,0,19,quantile,0.15,228,2027-01-30
2027-01-30,wk inc flu hosp,0,19,quantile,0.2,236,2027-01-30
2027-01-30,wk inc flu hosp,0,19,quantile,0.25,239,2027-01-30
2027-01-30,wk inc flu hosp,0,19,quantile,0.3,242,2027-01-30
2027-01-30,wk inc flu hosp,0,19,quantile,0.35,249,2027-01-30
2027-01-30,wk inc flu hosp,0,19,quantile,0.4,252,2027-01-30
2027-01-30,wk inc flu hosp,0,19,quantile,0.45,256,2027-01-30
2027-01-30,wk inc flu hosp,0,19,quantile,0.5,259,2027-01-30
2027-01-30,wk inc flu hosp,0,19,quantile,0.55,264,2027-01-30
2027-01-30,wk inc flu hosp,0,19,quantile,0.6,270,2027-01-30
2027-01-30,wk inc flu hosp,0,19,quantile,0.65,274,2027-01-30
2027-01-30,wk inc flu hosp,0,19,quantile,0.7,282,2027-01-30
2027-01-30,wk inc flu hosp,0,19,quantile,0.75,288,2027-01-30
2027-01-30,wk inc flu hosp,0,19,quantile,0.8,298,2027-01-30
2027-01-30,wk inc flu hosp,0,19,quantile,0.85,311,2027-01-30
2027-01-30,wk inc flu hosp,0,19,quantile,0.9,316,2027-01-30
2027-01-30,wk inc flu hosp,0,19,quantile,0.95,331,2027-01-30
2027-01-30,wk inc flu hosp,0,19,quantile,0.975,344,2027-01-30
2027-01-30,wk inc flu hosp,0,19,quantile,0.99,372,2027-01-30
2027-01-30,wk inc flu hosp,0,20,quantile,0.01,193,2027-01-30
2027-01-30,wk inc flu hosp,0,20,quantile,0.025,210,2027-01-30
2027-01-30,wk inc flu hosp,0,20,quantile,0.05,223,2027-01-30
2027-01-30,wk inc flu hosp,0,20,quantile,0.1,238,2027-01-30
2027-01-30,wk inc flu hosp,0,20,quantile,0.15,245,2027-01-30
2027-01-30,wk inc flu hosp,0,20,quantile,0.2,257,2027-01-30
2027-01-30,wk inc flu hosp,0,20,quantile,0.25,262,2027-01-30
2027-01-30,wk inc flu hosp,0,20,quantile,0.3,266,2027-01-30
2027-01-30,wk inc flu hosp,0,20,quantile,0.35,269,2027-01-30
2027-01-30,wk inc flu hosp,0,20,quantile,0.4,275,2027-01-30
2027-01-30,wk inc flu hosp,0,20,quantile,0.45,278,2027-01-30
2027-01-30,wk inc flu hosp,0,20,quantile,0.5,284,2027-01-30
2027-01-30,wk inc flu hosp,0,20,quantile,0.55,288,2027-01-30
2027-01-30,wk inc flu hosp,0,20,quantile,0.6,291,2027-01-30
2027-01-30,wk inc flu hosp,0,20,quantile,0.65,296,2027-01-30
2027-01-30,wk inc flu hosp,0,20,quantile,0.7,303,2027-01-30
2027-01-30,wk inc flu hosp,0,20,quantile,0.75,309,2027-01-30
2027-01-30,wk inc flu hosp,0,20,quantile,0.8,313,2027-01-30
2027-01-30,wk inc flu hosp,0,20,quantile,0.85,322,2027-01-30
2027-01-30,wk inc flu hosp,0,20,quantile,0.9,332,2027-01-30
2027-01-30,wk inc flu hosp,0,20,quantile,0.95,363,2027-01-30
2027-01-30,wk inc flu hosp,0,20,quantile,0.975,377,2027-01-30
2027-01-30,wk inc flu hosp,0,20,quantile,0.99,406,2027-01-30
2027-01-30,wk inc flu hosp,0,21,quantile,0.01,368,2027-01-30
2027-01-30,wk inc flu hosp,0,21,quantile,0.025,369,2027-01-30
2027-01-30,wk inc flu hosp,0,21,quantile,0.05,383,2027-01-30
2027-01-30,wk inc flu hosp,0,21,quantile,0.1,406,2027-01-30
2027-01-30,wk inc flu hosp,0,21,quantile,0.15,433,2027-01-30
2027-01-30,wk inc flu hosp,0,21,quantile,0.2,442,2027-01-30
2027-01-30,wk inc flu hosp,0,21,quantile,0.25,451,2027-01-30
2027-01-30,wk inc flu hosp,0,21,quantile,0.3,458,2027-01-30
2027-01-30,wk inc flu hosp,0,21,quantile,0.35,464,2027-01-30
2027-01-30,wk inc flu hosp,0,21,quantile,0.4,469,2027-01-30
2027-01-30,wk inc flu hosp,0,21,quantile,0.45,476,2027-01-30
2027-01-30,wk inc flu hosp,0,21,quantile,0.5,480,2027-01-30
2027-01-30,wk inc flu hosp,0,21,quantile,0.55,484,2027-01-30
2027-01-30,wk inc flu hosp,0,21,quantile,0.6,488,2027-01-30
2027-01-30,wk inc flu hosp,0,21,quantile,0.65,500,2027-01-30
2027-01-30,wk inc flu hosp,0,21,quantile,0.7,517,2027-01-30
2027-01-30,wk inc flu hosp,0,21,quantile,0.75,522,2027-01-30
2027-01-30,wk inc flu hosp,0,21,quantile,0.8,533,2027-01-30
2027-01-30,wk inc flu hosp,0,21,quantile,0.85,544,2027-01-30
2027-01-30,wk inc flu hosp,0,21,quantile,0.9,558,2027-01-30
2027-01-30,wk inc flu hosp,0,21,quantile,0.95,582,2027-01-30
2027-01-30,wk inc flu hosp,0,21,quantile,0.975,603,2027-01-30
2027-01-30,wk inc flu hosp,0,21,quantile,0.99,642,2027-01-30
2027-01-30,wk inc flu hosp,0,22,quantile,0.01,232,2027-01-30
2027-01-30,wk inc flu hosp,0,22,quantile,0.025,252,2027-01-30
2027-01-30,wk inc flu hosp,0,22,quantile,0.05,259,2027-01-30
2027-01-30,wk inc flu hosp,0,22,quantile,0.1,274,2027-01-30
2027-01-30,wk inc flu hosp,0,22,quantile,0.15,294,2027-01-30
2027-01-30,wk inc flu hosp,0,22,quantile,0.2,303,2027-01-30
2027-01-30,wk inc flu hosp,0,22,quantile,0.25,309,2027-01-30
2027-01-30,wk inc flu hosp,0,22,quantile,0.3,315,2027-01-30
2027-01-30,wk inc flu hosp,0,22,quantile,0.35,325,2027-01-30
2027-01-30,wk inc flu hosp,0,22,quantile,0.4,332,2027-01-30
2027-01-30,wk inc flu hosp,0,22,quantile,0.45,341,2027-01-30
2027-01-30,wk inc flu hosp,0,22,quantile,0.5,347,2027-01-30
2027-01-30,wk inc flu hosp,0,22,quantile,0.55,353,2027-01-30
2027-01-30,wk inc flu hosp,0,22,quantile,0.6,358,2027-01-30
2027-01-30,wk inc flu hosp,0,22,quantile,0.65,367,2027-01-30
2027-01-30,wk inc flu hosp,0,22,quantile,0.7,371,2027-01-30
2027-01-30,wk inc flu hosp,0,22,quantile,0.75,378,2027-01-30
2027-01-30,wk inc flu hosp,0,22,quantile,0.8,387,2027-01-30
2027-01-30,wk inc flu hosp,0,22,quantile,0.85,402,2027-01-30
2027-01-30,wk inc flu hosp,0,22,quantile,0.9,414,2027-01-30
2027-01-30,wk inc flu hosp,0,22,quantile,0.95,443,2027-01-30
2027-01-30,wk inc flu hosp,0,22,quantile,0.975,454,2027-01-30
2027-01-30,wk inc flu hosp,0,22,quantile,0.99,488,2027-01-30
2027-01-30,wk inc flu hosp,0,23,quantile,0.01,54,2027-01-30
2027-01-30,wk inc flu hosp,0,23,quantile,0.025,58,2027-01-30
2027-01-30,wk inc flu hosp,0,23,quantile,0.05,61,2027-01-30
2027-01-30,wk inc flu hosp,0,23,quantile,0.1,64,2027-01-30
2027-01-30,wk inc flu hosp,0,23,quantile,0.15,68,2027-01-30
2027-01-30,wk inc flu hosp,0,23,quantile,0.2,71,2027-01-30
2027-01-30,wk inc flu hosp,0,23,quantile,0.25,73,2027-01-30
2027-01-30,wk inc flu hosp,0,23,quantile,0.3,75,2027-01-30
2027-01-30,wk inc flu hosp,0,23,quantile,0.35,76,2027-01-30
2027-01-30,wk inc flu hosp,0,23,quantile,0.4,78,2027-01-30
2027-01-30,wk inc flu hosp,0,23,quantile,0.45,80,2027-01-30
2027-01-30,wk inc flu hosp,0,23,quantile,0.5,81,2027-01-30
2027-01-30,wk inc flu hosp,0,23,quantile,0.55,83,2027-01-30
2027-01-30,wk inc flu hosp,0,23,quantile,0.6,85,2027-01-30
2027-01-30,wk inc flu hosp,0,23,quantile,0.65,86,2027-01-30
2027-01-30,wk inc flu hosp,0,23,quantile,0.7,89,2027-01-30
2027-01-30,wk inc flu hosp,0,23,quantile,0.75,91,2027-01-30
2027-01-30,wk inc flu hosp,0,23,quantile,0.8,93,2027-01-30
2027-01-30,wk inc flu hosp,0,23,quantile,0.85,99,2027-01-30
2027-01-30,wk inc flu hosp,0,23,quantile,0.9,106,2027-01-30
2027-01-30,wk inc flu hosp,0,23,quantile,0.95,110,2027-01-30
2027-01-30,wk inc flu hosp,0,23,quantile,0.975,115,2027-01-30
2027-01-30,wk inc flu hosp,0,23,quantile,0.99,121,2027-01-30
2027-01-30,wk inc flu hosp,0,24,quantile,0.01,215,2027-01-30
2027-01-30,wk inc flu hosp,0,24,quantile,0.025,232,2027-01-30
2027-01-30,wk inc flu hosp,0,24,quantile,0.05,256,2027-01-30
2027-01-30,wk inc flu hosp,0,24,quantile,0.1,266,2027-01-30
2027-01-30,wk inc flu hosp,0,24,quantile,0.15,273,2027-01-30
2027-01-30,wk inc flu hosp,0,24,quantile,0.2,279,2027-01-30
2027-01-30,wk inc flu hosp,0,24,quantile,0.25,284,2027-01-30
2027-01-30,wk inc flu hosp,0,24,quantile,0.3,292,2027-01-30
2027-01-30,wk inc flu hosp,0,24,quantile,0.35,295,2027-01-30
2027-01-30,wk inc flu hosp,0,24,quantile,0.4,302,2027-01-30
2027-01-30,wk inc flu hosp,0,24,quantile,0.45,308,2027-01-30
2027-01-30,wk inc flu hosp,0,24,quantile,0.5,319,2027-01-30
2027-01-30,wk inc flu hosp,0,24,quantile,0.55,322,2027-01-30
2027-01-30,wk inc flu hosp,0,24,quantile,0.6,327,2027-01-30
2027-01-30,wk inc flu hosp,0,24,quantile,0.65,338,2027-01-30
2027-01-30,wk inc flu hosp,0,24,quantile,0.7,348,2027-01-30
2027-01-30,wk inc flu hosp,0,24,quantile,0.75,363,2027-01-30
2027-01-30,wk inc flu hosp,0,24,quantile,0.8,371,2027-01-30
2027-01-30,wk inc flu hosp,0,24,quantile,0.85,376,2027-01-30
2027-01-30,wk inc flu hosp,0,24,quantile,0.9,382,2027-01-30
2027-01-30,wk inc flu hosp,0,24,quantile,0.95,408,2027-01-30
2027-01-30,wk inc flu hosp,0,24,quantile,0.975,419,2027-01-30
2027-01-30,wk inc flu hosp,0,24,quantile,0.99,426,2027-01-30
2027-01-30,wk inc flu hosp,0,25,quantile,0.01,494,2027-01-30
2027-01-30,wk inc flu hosp,0,25,quantile,0.025,508,2027-01-30
2027-01-30,wk inc flu hosp,0,25,quantile,0.05,544,2027-01-30
2027-01-30,wk inc flu hosp,0,25,quantile,0.1,569,2027-01-30
2027-01-30,wk inc flu hosp,0,25,quantile,0.15,593,2027-01-30
2027-01-30,wk inc flu hosp,0,25,quantile,0.2,606,2027-01-30
2027-01-30,wk inc flu hosp,0,25,quantile,0.25,619,2027-01-30
2027-01-30,wk inc flu hosp,0,25,quantile,0.3,630,2027-01-30
2027-01-30,wk inc flu hosp,0,25,quantile,0.35,642,2027-01-30
2027-01-30,wk inc flu hosp,0,25,quantile,0.4,647,2027-01-30
2027-01-30,wk inc flu hosp,0,25,quantile,0.45,655,2027-01-30
2027-01-30,wk inc flu hosp,0,25,quantile,0.5,665,2027-01-30
2027-01-30,wk inc flu hosp,0,25,quantile,0.55,679,2027-01-30
2027-01-30,wk inc flu hosp,0,25,quantile,0.6,694,2027-01-30
2027-01-30,wk inc flu hosp,0,25,quantile,0.65,705,2027-01-30
2027-01-30,wk inc flu hosp,0,25,quantile,0.7,718,2027-01-30
2027-01-30,wk inc flu hosp,0,25,quantile,0.75,734,2027-01-30
2027-01-30,wk inc flu hosp,0,25,quantile,0.8,760,2027-01-30
2027-01-30,wk inc flu hosp,0,25,quantile,0.85,788,2027-01-30
2027-01-30,wk inc flu hosp,0,25,quantile,0.9,817,2027-01-30
2027-01-30,wk inc flu hosp,0,25,quantile,0.95,897,2027-01-30
2027-01-30,wk inc flu hosp,0,25,quantile,0.975,956,2027-01-30
2027-01-30,wk inc flu hosp,0,25,quantile,0.99,1000,2027-01-30
2027-01-30,wk inc flu hosp,0,26,quantile,0.01,538,2027-01-30
2027-01-30,wk inc flu hosp,0,26,quantile,0.025,548,2027-01-30
2027-01-30,wk inc flu hosp,0,26,quantile,0.05,629,2027-01-30
2027-01-30,wk inc flu hosp,0,26,quantile,0.1,665,2027-01-30
2027-01-30,wk inc flu hosp,0,26,quantile,0.15,678,2027-01-30
2027-01-30,wk inc flu hosp,0,26,quantile,0.2,701,2027-01-30
2027-01-30,wk inc flu hosp,0,26,quantile,0.25,707,2027-01-30
2027-01-30,wk inc flu hosp,0,26,quantile,0.3,727,2027-01-30
2027-01-30,wk inc flu hosp,0,26,quantile,0.35,735,2027-01-30
2027-01-30,wk inc flu hosp,0,26,quantile,0.4,750,2027-01-30
2027-01-30,wk inc flu hosp,0,26,quantile,0.45,760,2027-01-30
2027-01-30,wk inc flu hosp,0,26,quantile,0.5,770,2027-01-30
2027-01-30,wk inc flu hosp,0,26,quantile,0.55,785,2027-01-30
2027-01-30,wk inc flu hosp,0,26,quantile,0.6,799,2027-01-30
2027-01-30,wk inc flu hosp,0,26,quantile,0.65,819,2027-01-30
2027-01-30,wk inc flu hosp,0,26,quantile,0.7,834,2027-01-30
2027-01-30,wk inc flu hosp,0,26,quantile,0.75,848,2027-01-30
2027-01-30,wk inc flu hosp,0,26,quantile,0.8,858,2027-01-30
2027-01-30,wk inc flu hosp,0,26,quantile,0.85,876,2027-01-30
2027-01-30,wk inc flu hosp,0,26,quantile,0.9,908,2027-01-30
2027-01-30,wk inc flu hosp,0,26,quantile,0.95,927,2027-01-30
2027-01-30,wk inc flu hosp,0,26,quantile,0.975,990,2027-01-30
2027-01-30,wk inc flu hosp,0,26,quantile,0.99,1077,2027-01-30
2027-01-30,wk inc flu hosp,0,27,quantile,0.01,252,2027-01-30
2027-01-30,wk inc flu hosp,0,27,quantile,0.025,265,2027-01-30
2027-01-30,wk inc flu hosp,0,27,quantile,0.05,286,2027-01-30
2027-01-30,wk inc flu hosp,0,27,quantile,0.1,298,2027-01-30
2027-01-30,wk inc flu hosp,0,27,quantile,0.15,306,2027-01-30
2027-01-30,wk inc flu hosp,0,27,quantile,0.2,319,2027-01-30
2027-01-30,wk inc flu hosp,0,27,quantile,0.25,333,2027-01-30
2027-01-30,wk inc flu hosp,0,27,quantile,0.3,338,2027-01-30
2027-01-30,wk inc flu hosp,0,27,quantile,0.35,343,2027-01-30
2027-01-30,wk inc flu hosp,0,27,quantile,0.4,346,2027-01-30
2027-01-30,wk inc flu hosp,0,27,quantile,0.45,355,2027-01-30
2027-01-30,wk inc flu hosp,0,27,quantile,0.5,366,2027-01-30
2027-01-30,wk inc flu hosp,0,27,quantile,0.55,371,2027-01-30
2027-01-30,wk inc flu hosp,0,27,quantile,0.6,379,2027-01-30
2027-01-30,wk inc flu hosp,0,27,quantile,0.65,383,2027-01-30
2027-01-30,wk inc flu hosp,0,27,quantile,0.7,387,2027-01-30
2027-01-30,wk inc flu hosp,0,27,quantile,0.75,394,2027-01-30
2027-01-30,wk inc flu hosp,0,27,quantile,0.8,411,2027-01-30
2027-01-30,wk inc flu hosp,0,27,quantile,0.85,421,2027-01-30
2027-01-30,wk inc flu hosp,0,27,quantile,0.9,425,2027-01-30
2027-01-30,wk inc flu hosp,0,27,quantile,0.95,439,2027-01-30
2027-01-30,wk inc flu hosp,0,27,quantile,0.975,453,2027-01-30
2027-01-30,wk inc flu hosp,0,27,quantile,0.99,460,2027-01-30
2027-01-30,wk inc flu hosp,0,28,quantile,0.01,249,2027-01-30
2027-01-30,wk inc flu hosp,0,28,quantile,0.025,254,2027-01-30
2027-01-30,wk inc flu hosp,0,28,quantile,0.05,271,2027-01-30
2027-01-30,wk inc flu hosp,0,28,quantile,0.1,281,2027-01-30
2027-01-30,wk inc flu hosp,0,28,quantile,0.15,293,2027-01-30
2027-01-30,wk inc flu hosp,0,28,quantile,0.2,305,2027-01-30
2027-01-30,wk inc flu hosp,0,28,quantile,0.25,312,2027-01-30
2027-01-30,wk inc flu hosp,0,28,quantile,0.3,321,2027-01-30
2027-01-30,wk inc flu hosp,0,28,quantile,0.35,330,2027-01-30
2027-01-30,wk inc flu hosp,0,28,quantile,0.4,337,2027-01-30
2027-01-30,wk inc flu hosp,0,28,quantile,0.45,342,2027-01-30
2027-01-30,wk inc flu hosp,0,28,quantile,0.5,348,2027-01-30
2027-01-30,wk inc flu hosp,0,28,quantile,0.55,352,2027-01-30
2027-01-30,wk inc flu hosp,0,28,quantile,0.6,356,2027-01-30
2027-01-30,wk inc flu hosp,0,28,quantile,0.65,360,2027-01-30
2027-01-30,wk inc flu hosp,0,28,quantile,0.7,367,2027-01-30
2027-01-30,wk inc flu hosp,0,28,quantile,0.75,372,2027-01-30
2027-01-30,wk inc flu hosp,0,28,quantile,0.8,379,2027-01-30
2027-01-30,wk inc flu hosp,0,28,quantile,0.85,386,2027-01-30
2027-01-30,wk inc flu hosp,0,28,quantile,0.9,397,2027-01-30
2027-01-30,wk inc flu hosp,0,28,quantile,0.95,418,2027-01-30
2027-01-30,wk inc flu hosp,0,28,quantile,0.975,437,2027-01-30
2027-01-30,wk inc flu hosp,0,28,quantile,0.99,475,2027-01-30
2027-01-30,wk inc flu hosp,0,29,quantile,0.01,497,2027-01-30
2027-01-30,wk inc flu hosp,0,29,quantile,0.025,511,2027-01-30
2027-01-30,wk inc flu hosp,0,29,quantile,0.05,532,2027-01-30
2027-01-30,wk inc flu hosp,0,29,quantile,0.1,547,2027-01-30
2027-01-30,wk inc flu hosp,0,29,quantile,0.15,562,2027-01-30
2027-01-30,wk inc flu hosp,0,29,quantile,0.2,574,2027-01-30
2027-01-30,wk inc flu hosp,0,29,quantile,0.25,586,2027-01-30
2027-01-30,wk inc flu hosp,0,29,quantile,0.3,598,2027-01-30
2027-01-30,wk inc flu hosp,0,29,quantile,0.35,612,2027-01-30
2027-01-30,wk inc flu hosp,0,29,quantile,0.4,622,2027-01-30
2027-01-30,wk inc flu hosp,0,29,quantile,0.45,630,2027-01-30
2027-01-30,wk inc flu hosp,0,29,quantile,0.5,644,2027-01-30
2027-01-30,wk inc flu hosp,0,29,quantile,0.55,655,2027-01-30
2027-01-30,wk inc flu hosp,0,29,quantile,0.6,658,2027-01-30
2027-01-30,wk inc flu hosp,0,29,quantile,0.65,664,2027-01-30
2027-01-30,wk inc flu hosp,0,29,quantile,0.7,675,2027-01-30
2027-01-30,wk inc flu hosp,0,29,quantile,0.75,694,2027-01-30
2027-01-30,wk inc flu hosp,0,29,quantile,0.8,709,2027-01-30
2027-01-30,wk inc flu hosp,0,29,quantile,0.85,716,2027-01-30
2027-01-30,wk inc flu hosp,0,29,quantile,0.9,744,2027-01-30
2027-01-30,wk inc flu hosp,0,29,quantile,0.95,772,2027-01-30
2027-01-30,wk inc flu hosp,0,29,quantile,0.975,793,2027-01-30
2027-01-30,wk inc flu hosp,0,29,quantile,0.99,807,2027-01-30
2027-01-30,wk inc flu hosp,0,30,quantile,0.01,75,2027-01-30
2027-01-30,wk inc flu hosp,0,30,quantile,0.025,77,2027-01-30
2027-01-30,wk inc flu hosp,0,30,quantile,0.05,81,2027-01-30
2027-01-30,wk inc flu hosp,0,30,quantile,0.1,91,2027-01-30
2027-01-30,wk inc flu hosp,0,30,quantile,0.15,94,2027-01-30
2027-01-30,wk inc flu hosp,0,30,quantile,0.2,96,2027-01-30
2027-01-30,wk inc flu hosp,0,30,quantile,0.25,98,2027-01-30
2027-01-30,wk inc flu hosp,0,30,quantile,0.3,102,2027-01-30
2027-01-30,wk inc flu hosp,0,30,quantile,0.35,103,2027-01-30
2027-01-30,wk inc flu hosp,0,30,quantile,0.4,105,2027-01-30
2027-01-30,wk inc flu hosp,0,30,quantile,0.45,107,2027-01-30
2027-01-30,wk inc flu hosp,0,30,quantile,0.5,108,2027-01-30
2027-01-30,wk inc flu hosp,0,30,quantile,0.55,110,2027-01-30
2027-01-30,wk inc flu hosp,0,30,quantile,0.6,112,2027-01-30
2027-01-30,wk inc flu hosp,0,30,quantile,0.65,116,2027-01-30
2027-01-30,wk inc flu hosp,0,30,quantile,0.7,119,2027-01-30
2027-01-30,wk inc flu hosp,0,30,quantile,0.75,122,2027-01-30
2027-01-30,wk inc flu hosp,0,30,quantile,0.8,126,2027-01-30
2027-01-30,wk inc flu hosp,0,30,quantile,0.85,130,2027-01-30
2027-01-30,wk inc flu hosp,0,30,quantile,0.9,133,2027-01-30
2027-01-30,wk inc flu hosp,0,30,quantile,0.95,145,2027-01-30
2027-01-30,wk inc flu hosp,0,30,quantile,0.975,150,2027-01-30
2027-01-30,wk inc flu hosp,0,30,quantile,0.99,156,2027-01-30
2027-01-30,wk inc flu hosp,0,31,quantile,0.01,144,2027-01-30
2027-01-30,wk inc flu hosp,0,31,quantile,0.025,151,2027-01-30
2027-01-30,wk inc flu hosp,0,31,quantile,0.05,154,2027-01-30
2027-01-30,wk inc flu hosp,0,31,quantile,0.1,162,2027-01-30
2027-01-30,wk inc flu hosp,0,31,quantile,0.15,169,2027-01-30
2027-01-30,wk inc flu hosp,0,31,quantile,0.2,176,2027-01-30
2027-01-30,wk inc flu hosp,0,31,quantile,0.25,182,2027-01-30
2027-01-30,wk inc flu hosp,0,31,quantile,0.3,184,2027-01-30
2027-01-30,wk inc flu hosp,0,31,quantile,0.35,185,2027-01-30
2027-01-30,wk inc flu hosp,0,31,quantile,0.4,190,2027-01-30
2027-01-30,wk inc flu hosp,0,31,quantile,0.45,192,2027-01-30
2027-01-30,wk inc flu hosp,0,31,quantile,0.5,198,2027-01-30
2027-01-30,wk inc flu hosp,0,31,quantile,0.55,201,2027-01-30
2027-01-30,wk inc flu hosp,0,31,quantile,0.6,202,2027-01-30
2027-01-30,wk inc flu hosp,0,31,quantile,0.65,205,2027-01-30
2027-01-30,wk inc flu hosp,0,31,quantile,0.7,208,2027-01-30
2027-01-30,wk inc flu hosp,0,31,quantile,0.75,212,2027-01-30
2027-01-30,wk inc flu hosp,0,31,quantile,0.8,216,2027-01-30
2027-01-30,wk inc flu hosp,0,31,quantile,0.85,225,2027-01-30
2027-01-30,wk inc flu hosp,0,31,quantile,0.9,236,2027-01-30
2027-01-30,wk inc flu hosp,0,31,quantile,0.95,248,2027-01-30
2027-01-30,wk inc flu hosp,0,31,quantile,0.975,260,2027-01-30
2027-01-30,wk inc flu hosp,0,31,quantile,0.99,291,2027-01-30
2027-01-30,wk inc flu hosp,0,32,quantile,0.01,78,2027-01-30
2027-01-30,wk inc flu hosp,0,32,quantile,0.025,81,2027-01-30
2027-01-30,wk inc flu hosp,0,32,quantile,0.05,83,2027-01-30
2027-01-30,wk inc flu hosp,0,32,quantile,0.1,88,2027-01-30
2027-01-30,wk inc flu hosp,0,32,quantile,0.15,92,2027-01-30
2027-01-30,wk inc flu hosp,0,32,quantile,0.2,97,2027-01-30
2027-01-30,wk inc flu hosp,0,32,quantile,0.25,99,2027-01-30
2027-01-30,wk inc flu hosp,0,32,quantile,0.3,101,2027-01-30
2027-01-30,wk inc flu hosp,0,32,quantile,0.35,104,2027-01-30
2027-01-30,wk inc flu hosp,0,32,quantile,0.4,105,2027-01-30
2027-01-30,wk inc flu hosp,0,32,quantile,0.45,107,2027-01-30
2027-01-30,wk inc flu hosp,0,32,quantile,0.5,111,2027-01-30
2027-01-30,wk inc flu hosp,0,32,quantile,0.55,114,2027-01-30
2027-01-30,wk inc flu hosp,0,32,quantile,0.6,117,2027-01-30
2027-01-30,wk inc flu hosp,0,32,quantile,0.65,120,2027-01-30
2027-01-30,wk inc flu hosp,0,32,quantile,0.7,121,2027-01-30
2027-01-30,wk inc flu hosp,0,32,quantile,0.75,124,2027-01-30
2027-01-30,wk inc flu hosp,0,32,quantile,0.8,126,2027-01-30
2027-01-30,wk inc flu hosp,0,32,quantile,0.85,131,2027-01-30
2027-01-30,wk inc flu hosp,0,32,quantile,0.9,136,2027-01-30
2027-01-30,wk inc flu hosp,0,32,quantile,0.95,143,2027-01-30
2027-01-30,wk inc flu hosp,0,32,quantile,0.975,148,2027-01-30
2027-01-30,wk inc flu hosp,0,32,quantile,0.99,158,2027-01-30
2027-01-30,wk inc flu hosp,0,33,quantile,0.01,48,2027-01-30
2027-01-30,wk inc flu hosp,0,33,quantile,0.025,52,2027-01-30
2027-01-30,wk inc flu hosp,0,33,quantile,0.05,56,2027-01-30
2027-01-30,wk inc flu hosp,0,33,quantile,0.1,62,2027-01-30
2027-01-30,wk inc flu hosp,0,33,quantile,0.15,66,2027-01-30
2027-01-30,wk inc flu hosp,0,33,quantile,0.2,68,2027-01-30
2027-01-30,wk inc flu hosp,0,33,quantile,0.25,70,2027-01-30
2027-01-30,wk inc flu hosp,0,33,quantile,0.3,72,2027-01-30
2027-01-30,wk inc flu hosp,0,33,quantile,0.35,73,2027-01-30
2027-01-30,wk inc flu hosp,0,33,quantile,0.4,76,2027-01-30
2027-01-30,wk inc flu hosp,0,33,quantile,0.45,78,2027-01-30
2027-01-30,wk inc flu hosp,0,33,quantile,0.5,79,2027-01-30
2027-01-30,wk inc flu hosp,0,33,quantile,0.55,80,2027-01-30
2027-01-30,wk inc flu hosp,0,33,quantile,0.6,82,2027-01-30
2027-01-30,wk inc flu hosp,0,33,quantile,0.65,85,2027-01-30
2027-01-30,wk inc flu hosp,0,33,quantile,0.7,88,2027-01-30
2027-01-30,wk inc flu hosp,0,33,quantile,0.75,90,2027-01-30
2027-01-30,wk inc flu hosp,0,33,quantile,0.8,93,2027-01-30
2027-01-30,wk inc flu hosp,0,33,quantile,0.85,95,2027-01-30
2027-01-30,wk inc flu hosp,0,33,quantile,0.9,99,2027-01-30
2027-01-30,wk inc flu hosp,0,33,quantile,0.95,103,2027-01-30
2027-01-30,wk inc flu hosp,0,33,quantile,0.975,105,2027-01-30
2027-01-30,wk inc flu hosp,0,33,quantile,0.99,114,2027-01-30
2027-01-30,wk inc flu hosp,0,34,quantile,0.01,457,2027-01-30
2027-01-30,wk inc flu hosp,0,34,quantile,0.025,513,2027-01-30
2027-01-30,wk inc flu hosp,0,34,quantile,0.05,556,2027-01-30
2027-01-30,wk inc flu hosp,0,34,quantile,0.1,579,2027-01-30
2027-01-30,wk inc flu hosp,0,34,quantile,0.15,596,2027-01-30
2027-01-30,wk inc flu hosp,0,34,quantile,0.2,618,2027-01-30
2027-01-30,wk inc flu hosp,0,34,quantile,0.25,631,2027-01-30
2027-01-30,wk inc flu hosp,0,34,quantile,0.3,642,2027-01-30
2027-01-30,wk inc flu hosp,0,34,quantile,0.35,654,2027-01-30
2027-01-30,wk inc flu hosp,0,34,quantile,0.4,674,2027-01-30
2027-01-30,wk inc flu hosp,0,34,quantile,0.45,689,2027-01-30
2027-01-30,wk inc flu hosp,0,34,quantile,0.5,698,2027-01-30
2027-01-30,wk inc flu hosp,0,34,quantile,0.55,711,2027-01-30
2027-01-30,wk inc flu hosp,0,34,quantile,0.6,721,2027-01-30
2027-01-30,wk inc flu hosp,0,34,quantile,0.65,736,2027-01-30
2027-01-30,wk inc flu hosp,0,34,quantile,0.7,746,2027-01-30
2027-01-30,wk inc flu hosp,0,34,quantile,0.75,756,2027-01-30
2027-01-30,wk inc flu hosp,0,34,quantile,0.8,778,2027-01-30
2027-01-30,wk inc flu hosp,0,34,quantile,0.85,829,2027-01-30
2027-01-30,wk inc flu hosp,0,34,quantile,0.9,860,2027-01-30
2027-01-30,wk inc flu hosp,0,34,quantile,0.95,893,2027-01-30
2027-01-30,wk inc flu hosp,0,34,quantile,0.975,909,2027-01-30
2027-01-30,wk inc flu hosp,0,34,quantile,0.99,926,2027-01-30
2027-01-30,wk inc flu hosp,0,35,quantile,0.01,86,2027-01-30
2027-01-30,wk inc flu hosp,0,35,quantile,0.025,87,2027-01-30
2027-01-30,wk inc flu hosp,0,35,quantile,0.05,89,2027-01-30
2027-01-30,wk inc flu hosp,0,35,quantile,0.1,96,2027-01-30
2027-01-30,wk inc flu hosp,0,35,quantile,0.15,101,2027-01-30
2027-01-30,wk inc flu hosp,0,35,quantile,0.2,106,2027-01-30
2027-01-30,wk inc flu hosp,0,35,quantile,0.25,107,2027-01-30
2027-01-30,wk inc flu hosp,0,35,quantile,0.3,109,2027-01-30
2027-01-30,wk inc flu hosp,0,35,quantile,0.35,113,2027-01-30
2027-01-30,wk inc flu hosp,0,35,quantile,0.4,114,2027-01-30
2027-01-30,wk inc flu hosp,0,35,quantile,0.45,116,2027-01-30
2027-01-30,wk inc flu hosp,0,35,quantile,0.5,118,2027-01-30
2027-01-30,wk inc flu hosp,0,35,quantile,0.55,122,2027-01-30
2027-01-30,wk inc flu hosp,0,35,quantile,0.6,124,2027-01-30
2027-01-30,wk inc flu hosp,0,35,quantile,0.65,126,2027-01-30
2027-01-30,wk inc flu hosp,0,35,quantile,0.7,130,2027-01-30
2027-01-30,wk inc flu hosp,0,35,quantile,0.75,134,2027-01-30
2027-01-30,wk inc flu hosp,0,35,quantile,0.8,136,2027-01-30
2027-01-30,wk inc flu hosp,0,35,quantile,0.85,140,2027-01-30
2027-01-30,wk inc flu hosp,0,35,quantile,0.9,148,2027-01-30
2027-01-30,wk inc flu hosp,0,35,quantile,0.95,157,2027-01-30
2027-01-30,wk inc flu hosp,0,35,quantile,0.975,170,2027-01-30
2027-01-30,wk inc flu hosp,0,35,quantile,0.99,187,2027-01-30
2027-01-30,wk inc flu hosp,0,36,quantile,0.01,910,2027-01-30
2027-01-30,wk inc flu hosp,0,36,quantile,0.025,963,2027-01-30
2027-01-30,wk inc flu hosp,0,36,quantile,0.05,992,2027-01-30
2027-01-30,wk inc flu hosp,0,36,quantile,0.1,1031,2027-01-30
2027-01-30,wk inc flu hosp,0,36,quantile,0.15,1069,2027-01-30
2027-01-30,wk inc flu hosp,0,36,quantile,0.2,1114,2027-01-30
2027-01-30,wk inc flu hosp,0,36,quantile,0.25,1152,2027-01-30
2027-01-30,wk inc flu hosp,0,36,quantile,0.3,1173,2027-01-30
2027-01-30,wk inc flu hosp,0,36,quantile,0.35,1182,2027-01-30
2027-01-30,wk inc flu hosp,0,36,quantile,0.4,1219,2027-01-30
2027-01-30,wk inc flu hosp,0,36,quantile,0.45,1240,2027-01-30
2027-01-30,wk inc flu hosp,0,36,quantile,0.5,1274,2027-01-30
2027-01-30,wk inc flu hosp,0,36,quantile,0.55,1292,2027-01-30
2027-01-30,wk inc flu hosp,0,36,quantile,0.6,1308,2027-01-30
2027-01-30,wk inc flu hosp,0,36,quantile,0.65,1344,2027-01-30
2027-01-30,wk inc flu hosp,0,36,quantile,0.7,1372,2027-01-30
2027-01-30,wk inc flu hosp,0,36,quantile,0.75,1425,2027-01-30
2027-01-30,wk inc flu hosp,0,36,quantile,0.8,1466,2027-01-30
2027-01-30,wk inc flu hosp,0,36,quantile,0.85,1509,2027-01-30
2027-01-30,wk inc flu hosp,0,36,quantile,0.9,1567,2027-01-30
2027-01-30,wk inc flu hosp,0,36,quantile,0.95,1613,2027-01-30
2027-01-30,wk inc flu hosp,0,36,quantile,0.975,1663,2027-01-30
2027-01-30,wk inc flu hosp,0,36,quantile,0.99,1674,2027-01-30
2027-01-30,wk inc flu hosp,0,37,quantile,0.01,808,2027-01-30
2027-01-30,wk inc flu hosp,0,37,quantile,0.025,836,2027-01-30
2027-01-30,wk inc flu hosp,0,37,quantile,0.05,853,2027-01-30
2027-01-30,wk inc flu hosp,0,37,quantile,0.1,886,2027-01-30
2027-01-30,wk inc flu hosp,0,37,quantile,0.15,932,2027-01-30
2027-01-30,wk inc flu hosp,0,37,quantile,0.2,955,2027-01-30
2027-01-30,wk inc flu hosp,0,37,quantile,0.25,978,2027-01-30
2027-01-30,wk inc flu hosp,0,37,quantile,0.3,999,2027-01-30
2027-01-30,wk inc flu hosp,0,37,quantile,0.35,1030,2027-01-30
2027-01-30,wk inc flu hosp,0,37,quantile,0.4,1048,2027-01-30
2027-01-30,wk inc flu hosp,0,37,quantile,0.45,1060,2027-01-30
2027-01-30,wk inc flu hosp,0,37,quantile,0.5,1074,2027-01-30
2027-01-30,wk inc flu hosp,0,37,quantile,0.55,1090,2027-01-30
2027-01-30,wk inc flu hosp,0,37,quantile,0.6,1104,2027-01-30
2027-01-30,wk inc flu hosp,0,37,quantile,0.65,1125,2027-01-30
2027-01-30,wk inc flu hosp,0,37,quantile,0.7,1148,2027-01-30
2027-01-30,wk inc flu hosp,0,37,quantile,0.75,1174,2027-01-30
2027-01-30,wk inc flu hosp,0,37,quantile,0.8,1220,2027-01-30
2027-01-30,wk inc flu hosp,0,37,quantile,0.85,1263,2027-01-30
2027-01-30,wk inc flu hosp,0,37,quantile,0.9,1327,2027-01-30
2027-01-30,wk inc flu hosp,0,37,quantile,0.95,1390,2027-01-30
2027-01-30,wk inc flu hosp,0,37,quantile,0.975,1519,2027-01-30
2027-01-30,wk inc flu hosp,0,37,quantile,0.99,1546,2027-01-30
2027-01-30,wk inc flu hosp,0,38,quantile,0.01,38,2027-01-30
2027-01-30,wk inc flu hosp,0,38,quantile,0.025,40,2027-01-30
2027-01-30,wk inc flu hosp,0,38,quantile,0.05,44,2027-01-30
2027-01-30,wk inc flu hosp,0,38,quantile,0.1,46,2027-01-30
2027-01-30,wk inc flu hosp,0,38,quantile,0.15,49,2027-01-30
2027-01-30,wk inc flu hosp,0,38,quantile,0.2,52,2027-01-30
2027-01-30,wk inc flu hosp,0,38,quantile,0.25,54,2027-01-30
2027-01-30,wk inc flu hosp,0,38,quantile,0.3,56,2027-01-30
2027-01-30,wk inc flu hosp,0,38,quantile,0.35,58,2027-01-30
2027-01-30,wk inc flu hosp,0,38,quantile,0.4,59,2027-01-30
2027-01-30,wk inc flu hosp,0,38,quantile,0.45,60,2027-01-30
2027-01-30,wk inc flu hosp,0,38,quantile,0.5,62,2027-01-30
2027-01-30,wk inc flu hosp,0,38,quantile,0.55,63,2027-01-30
2027-01-30,wk inc flu hosp,0,38,quantile,0.6,64,2027-01-30
2027-01-30,wk inc flu hosp,0,38,quantile,0.65,66,2027-01-30
2027-01-30,wk inc flu hosp,0,38,quantile,0.7,68,2027-01-30
2027-01-30,wk inc flu hosp,0,38,quantile,0.75,69,2027-01-30
2027-01-30,wk inc flu hosp,0,38,quantile,0.8,72,2027-01-30
2027-01-30,wk inc flu hosp,0,38,quantile,0.85,76,2027-01-30
2027-01-30,wk inc flu hosp,0,38,quantile,0.9,82,2027-01-30
2027-01-30,wk inc flu hosp,0,38,quantile,0.95,87,2027-01-30
2027-01-30,wk inc flu hosp,0,38,quantile,0.975,93,2027-01-30
2027-01-30,wk inc flu hosp,0,38,quantile,0.99,97,2027-01-30
2027-01-30,wk inc flu hosp,0,39,quantile,0.01,1036,2027-01-30
2027-01-30,wk inc flu hosp,0,39,quantile,0.025,1061,2027-01-30
2027-01-30,wk inc flu hosp,0,39,quantile,0.05,1113,2027-01-30
2027-01-30,wk inc flu hosp,0,39,quantile,0.1,1172,2027-01-30
2027-01-30,wk inc flu hosp,0,39,quantile,0.15,1221,2027-01-30
2027-01-30,wk inc flu hosp,0,39,quantile,0.2,1261,2027-01-30
2027-01-30,wk inc flu hosp,0,39,quantile,0.25,1282,2027-01-30
2027-01-30,wk inc flu hosp,0,39,quantile,0.3,1314,2027-01-30
2027-01-30,wk inc flu hosp,0,39,quantile,0.35,1347,2027-01-30
2027-01-30,wk inc flu hosp,0,39,quantile,0.4,1373,2027-01-30
2027-01-30,wk inc flu hosp,0,39,quantile,0.45,1394,2027-01-30
2027-01-30,wk inc flu hosp,0,39,quantile,0.5,1412,2027-01-30
2027-01-30,wk inc flu hosp,0,39,quantile,0.55,1436,2027-01-30
2027-01-30,wk inc flu hosp,0,39,quantile,0.6,1464,2027-01-30
2027-01-30,wk inc flu hosp,0,39,quantile,0.65,1485,2027-01-30
2027-01-30,wk inc flu hosp,0,39,quantile,0.7,1522,2027-01-30
2027-01-30,wk inc flu hosp,0,39,quantile,0.75,1546,2027-01-30
2027-01-30,wk inc flu hosp,0,39,quantile,0.8,1596,2027-01-30
2027-01-30,wk inc flu hosp,0,39,quantile,0.85,1624,2027-01-30
2027-01-30,wk inc flu hosp,0,39,quantile,0.9,1653,2027-01-30
2027-01-30,wk inc flu hosp,0,39,quantile,0.95,1733,2027-01-30
2027-01-30,wk inc flu hosp,0,39,quantile,0.975,1819,2027-01-30
2027-01-30,wk inc flu hosp,0,39,quantile,0.99,1903,2027-01-30
2027-01-30,wk inc flu hosp,0,40,quantile,0.01,503,2027-01-30
2027-01-30,wk inc flu hosp,0,40,quantile,0.025,523,2027-01-30
2027-01-30,wk inc flu hosp,0,40,quantile,0.05,541,2027-01-30
2027-01-30,wk inc flu hosp,0,40,quantile,0.1,607,2027-01-30
2027-01-30,wk inc flu hosp,0,40,quantile,0.15,630,2027-01-30
2027-01-30,wk inc flu hosp,0,40,quantile,0.2,648,2027-01-30
2027-01-30,wk inc flu hosp,0,40,quantile,0.25,661,2027-01-30
2027-01-30,wk inc flu hosp,0,40,quantile,0.3,672,2027-01-30
2027-01-30,wk inc flu hosp,0,40,quantile,0.35,682,2027-01-30
2027-01-30,wk inc flu hosp,0,40,quantile,0.4,693,2027-01-30
2027-01-30,wk inc flu hosp,0,40,quantile,0.45,702,2027-01-30
2027-01-30,wk inc flu hosp,0,40,quantile,0.5,714,2027-01-30
2027-01-30,wk inc flu hosp,0,40,quantile,0.55,722,2027-01-30
2027-01-30,wk inc flu hosp,0,40,quantile,0.6,751,2027-01-30
2027-01-30,wk inc flu hosp,0,40,quantile,0.65,759,2027-01-30
2027-01-30,wk inc flu hosp,0,40,quantile,0.7,783,2027-01-30
2027-01-30,wk inc flu hosp,0,40,quantile,0.75,804,2027-01-30
2027-01-30,wk inc flu hosp,0,40,quantile,0.8,818,2027-01-30
2027-01-30,wk inc flu hosp,0,40,quantile,0.85,840,2027-01-30
2027-01-30,wk inc flu hosp,0,40,quantile,0.9,855,2027-01-30
2027-01-30,wk inc flu hosp,0,40,quantile,0.95,882,2027-01-30
2027-01-30,wk inc flu hosp,0,40,quantile,0.975,904,2027-01-30
2027-01-30,wk inc flu hosp,0,40,quantile,0.99,965,2027-01-30
2027-01-30,wk inc flu hosp,0,41,quantile,0.01,327,2027-01-30
2027-01-30,wk inc flu hosp,0,41,quantile,0.025,348,2027-01-30
2027-01-30,wk inc flu hosp,0,41,quantile,0.05,369,2027-01-30
2027-01-30,wk inc flu hosp,0,41,quantile,0.1,391,2027-01-30
2027-01-30,wk inc flu hosp,0,41,quantile,0.15,399,2027-01-30
2027-01-30,wk inc flu hosp,0,41,quantile,0.2,408,2027-01-30
2027-01-30,wk inc flu hosp,0,41,quantile,0.25,416,2027-01-30
2027-01-30,wk inc flu hosp,0,41,quantile,0.3,431,2027-01-30
2027-01-30,wk inc flu hosp,0,41,quantile,0.35,440,2027-01-30
2027-01-30,wk inc flu hosp,0,41,quantile,0.4,446,2027-01-30
2027-01-30,wk inc flu hosp,0,41,quantile,0.45,454,2027-01-30
2027-01-30,wk inc flu hosp,0,41,quantile,0.5,460,2027-01-30
2027-01-30,wk inc flu hosp,0,41,quantile,0.55,465,2027-01-30
2027-01-30,wk inc flu hosp,0,41,quantile,0.6,472,2027-01-30
2027-01-30,wk inc flu hosp,0,41,quantile,0.65,482,2027-01-30
2027-01-30,wk inc flu hosp,0,41,quantile,0.7,486,2027-01-30
2027-01-30,wk inc flu hosp,0,41,quantile,0.75,495,2027-01-30
2027-01-30,wk inc flu hosp,0,41,quantile,0.8,503,2027-01-30
2027-01-30,wk inc flu hosp,0,41,quantile,0.85,518,2027-01-30
2027-01-30,wk inc flu hosp,0,41,quantile,0.9,531,2027-01-30
2027-01-30,wk inc flu hosp,0,41,quantile,0.95,567,2027-01-30
2027-01-30,wk inc flu hosp,0,41,quantile,0.975,592,2027-01-30
2027-01-30,wk inc flu hosp,0,41,quantile,0.99,622,2027-01-30
2027-01-30,wk inc flu hosp,0,42,quantile,0.01,1269,2027-01-30
2027-01-30,wk inc flu hosp,0,42,quantile,0.025,1298,2027-01-30
2027-01-30,wk inc flu hosp,0,42,quantile,0.05,1344,2027-01-30
2027-01-30,wk inc flu hosp,0,42,quantile,0.1,1388,2027-01-30
2027-01-30,wk inc flu hosp,0,42,quantile,0.15,1427,2027-01-30
2027-01-30,wk inc flu hosp,0,42,quantile,0.2,1487,2027-01-30
2027-01-30,wk inc flu hosp,0,42,quantile,0.25,1511,2027-01-30
2027-01-30,wk inc flu hosp,0,42,quantile,0.3,1529,2027-01-30
2027-01-30,wk inc flu hosp,0,42,quantile,0.35,1548,2027-01-30
2027-01-30,wk inc flu hosp,0,42,quantile,0.4,1580,2027-01-30
2027-01-30,wk inc flu hosp,0,42,quantile,0.45,1626,2027-01-30
2027-01-30,wk inc flu hosp,0,42,quantile,0.5,1652,2027-01-30
2027-01-30,wk inc flu hosp,0,42,quantile,0.55,1681,2027-01-30
2027-01-30,wk inc flu hosp,0,42,quantile,0.6,1722,2027-01-30
2027-01-30,wk inc flu hosp,0,42,quantile,0.65,1743,2027-01-30
2027-01-30,wk inc flu hosp,0,42,quantile,0.7,1793,2027-01-30
2027-01-30,wk inc flu hosp,0,42,quantile,0.75,1820,2027-01-30
2027-01-30,wk inc flu hosp,0,42,quantile,0.8,1875,2027-01-30
2027-01-30,wk inc flu hosp,0,42,quantile,0.85,1916,2027-01-30
2027-01-30,wk inc flu hosp,0,42,quantile,0.9,2013,2027-01-30
2027-01-30,wk inc flu hosp,0,42,quantile,0.95,2120,2027-01-30
2027-01-30,wk inc flu hosp,0,42,quantile,0.975,2177,2027-01-30
2027-01-30,wk inc flu hosp,0,42,quantile,0.99,2264,2027-01-30
2027-01-30,wk inc flu hosp,0,44,quantile,0.01,36,2027-01-30
2027-01-30,wk inc flu hosp,0,44,quantile,0.025,38,2027-01-30
2027-01-30,wk inc flu hosp,0,44,quantile,0.05,42,2027-01-30
2027-01-30,wk inc flu hosp,0,44,quantile,0.1,44,2027-01-30
2027-01-30,wk inc flu hosp,0,44,quantile,0.15,46,2027-01-30
2027-01-30,wk inc flu hosp,0,44,quantile,0.2,50,2027-01-30
2027-01-30,wk inc flu hosp,0,44,quantile,0.25,51,2027-01-30
2027-01-30,wk inc flu hosp,0,44,quantile,0.3,53,2027-01-30
2027-01-30,wk inc flu hosp,0,44,quantile,0.35,56,2027-01-30
2027-01-30,wk inc flu hosp,0,44,quantile,0.4,57,2027-01-30
2027-01-30,wk inc flu hosp,0,44,quantile,0.45,59,2027-01-30
2027-01-30,wk inc flu hosp,0,44,quantile,0.5,61,2027-01-30
2027-01-30,wk inc flu hosp,0,44,quantile,0.55,63,2027-01-30
2027-01-30,wk inc flu hosp,0,44,quantile,0.6,64,2027-01-30
2027-01-30,wk inc flu hosp,0,44,quantile,0.65,66,2027-01-30
2027-01-30,wk inc flu hosp,0,44,quantile,0.7,67,2027-01-30
2027-01-30,wk inc flu hosp,0,44,quantile,0.75,69,2027-01-30
2027-01-30,wk inc flu hosp,0,44,quantile,0.8,72,2027-01-30
2027-01-30,wk inc flu hosp,0,44,quantile,0.85,74,2027-01-30
2027-01-30,wk inc flu hosp,0,44,quantile,0.9,75,2027-01-30
2027-01-30,wk inc flu hosp,0,44,quantile,0.95,81,2027-01-30
2027-01-30,wk inc flu hosp,0,44,quantile,0.975,84,2027-01-30
2027-01-30,wk inc flu hosp,0,44,quantile,0.99,96,2027-01-30
2027-01-30,wk inc flu hosp,0,45,quantile,0.01,519,2027-01-30
2027-01-30,wk inc flu hosp,0,45,quantile,0.025,537,2027-01-30
2027-01-30,wk inc flu hosp,0,45,quantile,0.05,566,2027-01-30
2027-01-30,wk inc flu hosp,0,45,quantile,0.1,591,2027-01-30
2027-01-30,wk inc flu hosp,0,45,quantile,0.15,610,2027-01-30
2027-01-30,wk inc flu hosp,0,45,quantile,0.2,631,2027-01-30
2027-01-30,wk inc flu hosp,0,45,quantile,0.25,664,2027-01-30
2027-01-30,wk inc flu hosp,0,45,quantile,0.3,679,2027-01-30
2027-01-30,wk inc flu hosp,0,45,quantile,0.35,695,2027-01-30
2027-01-30,wk inc flu hosp,0,45,quantile,0.4,707,2027-01-30
2027-01-30,wk inc flu hosp,0,45,quantile,0.45,724,2027-01-30
2027-01-30,wk inc flu hosp,0,45,quantile,0.5,738,2027-01-30
2027-01-30,wk inc flu hosp,0,45,quantile,0.55,752,2027-01-30
2027-01-30,wk inc flu hosp,0,45,quantile,0.6,758,2027-01-30
2027-01-30,wk inc flu hosp,0,45,quantile,0.65,782,2027-01-30
2027-01-30,wk inc flu hosp,0,45,quantile,0.7,796,2027-01-30
2027-01-30,wk inc flu hosp,0,45,quantile,0.75,802,2027-01-30
2027-01-30,wk inc flu hosp,0,45,quantile,0.8,826,2027-01-30
2027-01-30,wk inc flu hosp,0,45,quantile,0.85,848,2027-01-30
2027-01-30,wk inc flu hosp,0,45,quantile,0.9,888,2027-01-30
2027-01-30,wk inc flu hosp,0,45,quantile,0.95,936,2027-01-30
2027-01-30,wk inc flu hosp,0,45,quantile,0.975,979,2027-01-30
2027-01-30,wk inc flu hosp,0,45,quantile,0.99,1023,2027-01-30
2027-01-30,wk inc flu hosp,0,46,quantile,0.01,48,2027-01-30
2027-01-30,wk inc flu hosp,0,46,quantile,0.025,52,2027-01-30
2027-01-30,wk inc flu hosp,0,46,quantile,0.05,55,2027-01-30
2027-01-30,wk inc flu hosp,0,46,quantile,0.1,60,2027-01-30
2027-01-30,wk inc flu hosp,0,46,quantile,0.15,63,2027-01-30
2027-01-30,wk inc flu hosp,0,46,quantile,0.2,65,2027-01-30
2027-01-30,wk inc flu hosp,0,46,quantile,0.25,68,2027-01-30
2027-01-30,wk inc flu hosp,0,46,quantile,0.3,70,2027-01-30
2027-01-30,wk inc flu hosp,0,46,quantile,0.35,72,2027-01-30
2027-01-30,wk inc flu hosp,0,46,quantile,0.4,74,2027-01-30
2027-01-30,wk inc flu hosp,0,46,quantile,0.45,76,2027-01-30
2027-01-30,wk inc flu hosp,0,46,quantile,0.5,77,2027-01-30
2027-01-30,wk inc flu hosp,0,46,quantile,0.55,79,2027-01-30
2027-01-30,wk inc flu hosp,0,46,quantile,0.6,81,2027-01-30
2027-01-30,wk inc flu hosp,0,46,quantile,0.65,84,2027-01-30
2027-01-30,wk inc flu hosp,0,46,quantile,0.7,85,2027-01-30
2027-01-30,wk inc flu hosp,0,46,quantile,0.75,86,2027-01-30
2027-01-30,wk inc flu hosp,0,46,quantile,0.8,90,2027-01-30
2027-01-30,wk inc flu hosp,0,46,quantile,0.85,93,2027-01-30
2027-01-30,wk inc flu hosp,0,46,quantile,0.9,96,2027-01-30
2027-01-30,wk inc flu hosp,0,46,quantile,0.95,103,2027-01-30
2027-01-30,wk inc flu hosp,0,46,quantile,0.975,107,2027-01-30
2027-01-30,wk inc flu hosp,0,46,quantile,0.99,121,2027-01-30
2027-01-30,wk inc flu hosp,0,47,quantile,0.01,436,2027-01-30
2027-01-30,wk inc flu hosp,0,47,quantile,0.025,458,2027-01-30
2027-01-30,wk inc flu hosp,0,47,quantile,0.05,481,2027-01-30
2027-01-30,wk inc flu hosp,0,47,quantile,0.1,496,2027-01-30
2027-01-30,wk inc flu hosp,0,47,quantile,0.15,514,2027-01-30
2027-01-30,wk inc flu hosp,0,47,quantile,0.2,531,2027-01-30
2027-01-30,wk inc flu hosp,0,47,quantile,0.25,544,2027-01-30
2027-01-30,wk inc flu hosp,0,47,quantile,0.3,552,2027-01-30
2027-01-30,wk inc flu hosp,0,47,quantile,0.35,565,2027-01-30
2027-01-30,wk inc flu hosp,0,47,quantile,0.4,576,2027-01-30
2027-01-30,wk inc flu hosp,0,47,quantile,0.45,587,2027-01-30
2027-01-30,wk inc flu hosp,0,47,quantile,0.5,596,2027-01-30
2027-01-30,wk inc flu hosp,0,47,quantile,0.55,607,2027-01-30
2027-01-30,wk inc flu hosp,0,47,quantile,0.6,615,2027-01-30
2027-01-30,wk inc flu hosp,0,47,quantile,0.65,624,2027-01-30
2027-01-30,wk inc flu hosp,0,47,quantile,0.7,640,2027-01-30
2027-01-30,wk inc flu hosp,0,47,quantile,0.75,652,2027-01-30
2027-01-30,wk inc flu hosp,0,47,quantile,0.8,671,2027-01-30
2027-01-30,wk inc flu hosp,0,47,quantile,0.85,681,2027-01-30
2027-01-30,wk inc flu hosp,0,47,quantile,0.9,694,2027-01-30
2027-01-30,wk inc flu hosp,0,47,quantile,0.95,715,2027-01-30
2027-01-30,wk inc flu hosp,0,47,quantile,0.975,734,2027-01-30
2027-01-30,wk inc flu hosp,0,47,quantile,0.99,812,2027-01-30
2027-01-30,wk inc flu hosp,0,48,quantile,0.01,2253,2027-01-30
2027-01-30,wk inc flu hosp,0,48,quantile,0.025,2336,2027-01-30
2027-01-30,wk inc flu hosp,0,48,quantile,0.05,2401,2027-01-30
2027-01-30,wk inc flu hosp,0,48,quantile,0.1,2518,2027-01-30
2027-01-30,wk inc flu hosp,0,48,quantile,0.15,2580,2027-01-30
2027-01-30,wk inc flu hosp,0,48,quantile,0.2,2652,2027-01-30
2027-01-30,wk inc flu hosp,0,48,quantile,0.25,2722,2027-01-30
2027-01-30,wk inc flu hosp,0,48,quantile,0.3,2809,2027-01-30
2027-01-30,wk inc flu hosp,0,48,quantile,0.35,2850,2027-01-30
2027-01-30,wk inc flu hosp,0,48,quantile,0.4,2875,2027-01-30
2027-01-30,wk inc flu hosp,0,48,quantile,0.45,2904,2027-01-30
2027-01-30,wk inc flu hosp,0,48,quantile,0.5,2931,2027-01-30
2027-01-30,wk inc flu hosp,0,48,quantile,0.55,2989,2027-01-30
2027-01-30,wk inc flu hosp,0,48,quantile,0.6,3029,2027-01-30
2027-01-30,wk inc flu hosp,0,48,quantile,0.65,3070,2027-01-30
2027-01-30,wk inc flu hosp,0,48,quantile,0.7,3108,2027-01-30
2027-01-30,wk inc flu hosp,0,48,quantile,0.75,3216,2027-01-30
2027-01-30,wk inc flu hosp,0,48,quantile,0.8,3289,2027-01-30
2027-01-30,wk inc flu hosp,0,48,quantile,0.85,3451,2027-01-30
2027-01-30,wk inc flu hosp,0,48,quantile,0.9,3601,2027-01-30
2027-01-30,wk inc flu hosp,0,48,quantile,0.95,3856,2027-01-30
2027-01-30,wk inc flu hosp,0,48,quantile,0.975,3945,2027-01-30
2027-01-30,wk inc flu hosp,0,48,quantile,0.99,4202,2027-01-30
2027-01-30,wk inc flu hosp,0,49,quantile,0.01,67,2027-01-30
2027-01-30,wk inc flu hosp,0,49,quantile,0.025,70,2027-01-30
2027-01-30,wk inc flu hosp,0,49,quantile,0.05,73,2027-01-30
2027-01-30,wk inc flu hosp,0,49,quantile,0.1,79,2027-01-30
2027-01-30,wk inc flu hosp,0,49,quantile,0.15,81,2027-01-30
2027-01-30,wk inc flu hosp,0,49,quantile,0.2,83,2027-01-30
2027-01-30,wk inc flu hosp,0,49,quantile,0.25,85,2027-01-30
2027-01-30,wk inc flu hosp,0,49,quantile,0.3,88,2027-01-30
2027-01-30,wk inc flu hosp,0,49,quantile,0.35,90,2027-01-30
2027-01-30,wk inc flu hosp,0,49,quantile,0.4,91,2027-01-30
2027-01-30,wk inc flu hosp,0,49,quantile,0.45,94,2027-01-30
2027-01-30,wk inc flu hosp,0,49,quantile,0.5,96,2027-01-30
2027-01-30,wk inc flu hosp,0,49,quantile,0.55,97,2027-01-30
2027-01-30,wk inc flu hosp,0,49,quantile,0.6,99,2027-01-30
2027-01-30,wk inc flu hosp,0,49,quantile,0.65,101,2027-01-30
2027-01-30,wk inc flu hosp,0,49,quantile,0.7,104,2027-01-30
2027-01-30,wk inc flu hosp,0,49,quantile,0.75,107,2027-01-30
2027-01-30,wk inc flu hosp,0,49,quantile,0.8,110,2027-01-30
2027-01-30,wk inc flu hosp,0,49,quantile,0.85,114,2027-01-30
2027-01-30,wk inc flu hosp,0,49,quantile,0.9,118,2027-01-30
2027-01-30,wk inc flu hosp,0,49,quantile,0.95,126,2027-01-30
2027-01-30,wk inc flu hosp,0,49,quantile,0.975,131,2027-01-30
2027-01-30,wk inc flu hosp,0,49,quantile,0.99,136,2027-01-30
2027-01-30,wk inc flu hosp,0,50,quantile,0.01,23,2027-01-30
2027-01-30,wk inc flu hosp,0,50,quantile,0.025,29,2027-01-30
2027-01-30,wk inc flu hosp,0,50,quantile,0.05,31,2027-01-30
2027-01-30,wk inc flu hosp,0,50,quantile,0.1,32,2027-01-30
2027-01-30,wk inc flu hosp,0,50,quantile,0.15,34,2027-01-30
2027-01-30,wk inc flu hosp,0,50,quantile,0.2,36,2027-01-30
2027-01-30,wk inc flu hosp,0,50,quantile,0.25,37,2027-01-30
2027-01-30,wk inc flu hosp,0,50,quantile,0.3,39,2027-01-30
2027-01-30,wk inc flu hosp,0,50,quantile,0.35,40,2027-01-30
2027-01-30,wk inc flu hosp,0,50,quantile,0.4,41,2027-01-30
2027-01-30,wk inc flu hosp,0,50,quantile,0.45,43,2027-01-30
2027-01-30,wk inc flu hosp,0,50,quantile,0.5,44,2027-01-30
2027-01-30,wk inc flu hosp,0,50,quantile,0.55,44,2027-01-30
2027-01-30,wk inc flu hosp,0,50,quantile,0.6,45,2027-01-30
2027-01-30,wk inc flu hosp,0,50,quantile,0.65,46,2027-01-30
2027-01-30,wk inc flu hosp,0,50,quantile,0.7,47,2027-01-30
2027-01-30,wk inc flu hosp,0,50,quantile,0.75,48,2027-01-30
2027-01-30,wk inc flu hosp,0,50,quantile,0.8,50,2027-01-30
2027-01-30,wk inc flu hosp,0,50,quantile,0.85,52,2027-01-30
2027-01-30,wk inc flu hosp,0,50,quantile,0.9,54,2027-01-30
2027-01-30,wk inc flu hosp,0,50,quantile,0.95,57,2027-01-30
2027-01-30,wk inc flu hosp,0,50,quantile,0.975,60,2027-01-30
2027-01-30,wk inc flu hosp,0,50,quantile,0.99,68,2027-01-30
2027-01-30,wk inc flu hosp,0,51,quantile,0.01,489,2027-01-30
2027-01-30,wk inc flu hosp,0,51,quantile,0.025,510,2027-01-30
2027-01-30,wk inc flu hosp,0,51,quantile,0.05,527,2027-01-30
2027-01-30,wk inc flu hosp,0,51,quantile,0.1,541,2027-01-30
2027-01-30,wk inc flu hosp,0,51,quantile,0.15,551,2027-01-30
2027-01-30,wk inc flu hosp,0,51,quantile,0.2,562,2027-01-30
2027-01-30,wk inc flu hosp,0,51,quantile,0.25,592,2027-01-30
2027-01-30,wk inc flu hosp,0,51,quantile,0.3,600,2027-01-30
2027-01-30,wk inc flu hosp,0,51,quantile,0.35,613,2027-01-30
2027-01-30,wk inc flu hosp,0,51,quantile,0.4,622,2027-01-30
2027-01-30,wk inc flu hosp,0,51,quantile,0.45,638,2027-01-30
2027-01-30,wk inc flu hosp,0,51,quantile,0.5,652,2027-01-30
2027-01-30,wk inc flu hosp,0,51,quantile,0.55,664,2027-01-30
2027-01-30,wk inc flu hosp,0,51,quantile,0.6,677,2027-01-30
2027-01-30,wk inc flu hosp,0,51,quantile,0.65,688,2027-01-30
2027-01-30,wk inc flu hosp,0,51,quantile,0.7,702,2027-01-30
2027-01-30,wk inc flu hosp,0,51,quantile,0.75,711,2027-01-30
2027-01-30,wk inc flu hosp,0,51,quantile,0.8,733,2027-01-30
2027-01-30,wk inc flu hosp,0,51,quantile,0.85,760,2027-01-30
2027-01-30,wk inc flu hosp,0,51,quantile,0.9,787,2027-01-30
2027-01-30,wk inc flu hosp,0,51,quantile,0.95,829,2027-01-30
2027-01-30,wk inc flu hosp,0,51,quantile,0.975,865,2027-01-30
2027-01-30,wk inc flu hosp,0,51,quantile,0.99,938,2027-01-30
2027-01-30,wk inc flu hosp,0,53,quantile,0.01,280,2027-01-30
2027-01-30,wk inc flu hosp,0,53,quantile,0.025,290,2027-01-30
2027-01-30,wk inc flu hosp,0,53,quantile,0.05,317,2027-01-30
2027-01-30,wk inc flu hosp,0,53,quantile,0.1,337,2027-01-30
2027-01-30,wk inc flu hosp,0,53,quantile,0.15,345,2027-01-30
2027-01-30,wk inc flu hosp,0,53,quantile,0.2,354,2027-01-30
2027-01-30,wk inc flu hosp,0,53,quantile,0.25,361,2027-01-30
2027-01-30,wk inc flu hosp,0,53,quantile,0.3,369,2027-01-30
2027-01-30,wk inc flu hosp,0,53,quantile,0.35,380,2027-01-30
2027-01-30,wk inc flu hosp,0,53,quantile,0.4,386,2027-01-30
2027-01-30,wk inc flu hosp,0,53,quantile,0.45,392,2027-01-30
2027-01-30,wk inc flu hosp,0,53,quantile,0.5,398,2027-01-30
2027-01-30,wk inc flu hosp,0,53,quantile,0.55,404,2027-01-30
2027-01-30,wk inc flu hosp,0,53,quantile,0.6,410,2027-01-30
2027-01-30,wk inc flu hosp,0,53,quantile,0.65,418,2027-01-30
2027-01-30,wk inc flu hosp,0,53,quantile,0.7,426,2027-01-30
2027-01-30,wk inc flu hosp,0,53,quantile,0.75,436,2027-01-30
2027-01-30,wk inc flu hosp,0,53,quantile,0.8,445,2027-01-30
2027-01-30,wk inc flu hosp,0,53,quantile,0.85,463,2027-01-30
2027-01-30,wk inc flu hosp,0,53,quantile,0.9,491,2027-01-30
2027-01-30,wk inc flu hosp,0,53,quantile,0.95,516,2027-01-30
2027-01-30,wk inc flu hosp,0,53,quantile,0.975,531,2027-01-30
2027-01-30,wk inc flu hosp,0,53,quantile,0.99,571,2027-01-30
2027-01-30,wk inc flu hosp,0,54,quantile,0.01,184,2027-01-30
2027-01-30,wk inc flu hosp,0,54,quantile,0.025,191,2027-01-30
2027-01-30,wk inc flu hosp,0,54,quantile,0.05,196,2027-01-30
2027-01-30,wk inc flu hosp,0,54,quantile,0.1,208,2027-01-30
2027-01-30,wk inc flu hosp,0,54,quantile,0.15,211,2027-01-30
2027-01-30,wk inc flu hosp,0,54,quantile,0.2,218,2027-01-30
2027-01-30,wk inc flu hosp,0,54,quantile,0.25,222,2027-01-30
2027-01-30,wk inc flu hosp,0,54,quantile,0.3,226,2027-01-30
2027-01-30,wk inc flu hosp,0,54,quantile,0.35,232,2027-01-30
2027-01-30,wk inc flu hosp,0,54,quantile,0.4,239,2027-01-30
2027-01-30,wk inc flu hosp,0,54,quantile,0.45,245,2027-01-30
2027-01-30,wk inc flu hosp,0,54,quantile,0.5,248,2027-01-30
2027-01-30,wk inc flu hosp,0,54,quantile,0.55,250,2027-01-30
2027-01-30,wk inc flu hosp,0,54,quantile,0.6,254,2027-01-30
2027-01-30,wk inc flu hosp,0,54,quantile,0.65,259,2027-01-30
2027-01-30,wk inc flu hosp,0,54,quantile,0.7,262,2027-01-30
2027-01-30,wk inc flu hosp,0,54,quantile,0.75,269,2027-01-30
2027-01-30,wk inc flu hosp,0,54,quantile,0.8,274,2027-01-30
2027-01-30,wk inc flu hosp,0,54,quantile,0.85,282,2027-01-30
2027-01-30,wk inc flu hosp,0,54,quantile,0.9,288,2027-01-30
2027-01-30,wk inc flu hosp,0,54,quantile,0.95,308,2027-01-30
2027-01-30,wk inc flu hosp,0,54,quantile,0.975,315,2027-01-30
2027-01-30,wk inc flu hosp,0,54,quantile,0.99,317,2027-01-30
2027-01-30,wk inc flu hosp,0,55,quantile,0.01,357,2027-01-30
2027-01-30,wk inc flu hosp,0,55,quantile,0.025,364,2027-01-30
2027-01-30,wk inc flu hosp,0,55,quantile,0.05,375,2027-01-30
2027-01-30,wk inc flu hosp,0,55,quantile,0.1,402,2027-01-30
2027-01-30,wk inc flu hosp,0,55,quantile,0.15,411,2027-01-30
2027-01-30,wk inc flu hosp,0,55,quantile,0.2,429,2027-01-30
2027-01-30,wk inc flu hosp,0,55,quantile,0.25,438,2027-01-30
2027-01-30,wk inc flu hosp,0,55,quantile,0.3,450,2027-01-30
2027-01-30,wk inc flu hosp,0,55,quantile,0.35,458,2027-01-30
2027-01-30,wk inc flu hosp,0,55,quantile,0.4,468,2027-01-30
2027-01-30,wk inc flu hosp,0,55,quantile,0.45,482,2027-01-30
2027-01-30,wk inc flu hosp,0,55,quantile,0.5,494,2027-01-30
2027-01-30,wk inc flu hosp,0,55,quantile,0.55,499,2027-01-30
2027-01-30,wk inc flu hosp,0,55,quantile,0.6,505,2027-01-30
2027-01-30,wk inc flu hosp,0,55,quantile,0.65,514,2027-01-30
2027-01-30,wk inc flu hosp,0,55,quantile,0.7,521,2027-01-30
2027-01-30,wk inc flu hosp,0,55,quantile,0.75,528,2027-01-30
2027-01-30,wk inc flu hosp,0,55,quantile,0.8,539,2027-01-30
2027-01-30,wk inc flu hosp,0,55,quantile,0.85,551,2027-01-30
2027-01-30,wk inc flu hosp,0,55,quantile,0.9,562,2027-01-30
2027-01-30,wk inc flu hosp,0,55,quantile,0.95,584,2027-01-30
2027-01-30,wk inc flu hosp,0,55,quantile,0.975,604,2027-01-30
2027-01-30,wk inc flu hosp,0,55,quantile,0.99,621,2027-01-30
2027-01-30,wk inc flu hosp,0,56,quantile,0.01,28,2027-01-30
2027-01-30,wk inc flu hosp,0,56,quantile,0.025,32,2027-01-30
2027-01-30,wk inc flu hosp,0,56,quantile,0.05,35,2027-01-30
2027-01-30,wk inc flu hosp,0,56,quantile,0.1,37,2027-01-30
2027-01-30,wk inc flu hosp,0,56,quantile,0.15,40,2027-01-30
2027-01-30,wk inc flu hosp,0,56,quantile,0.2,42,2027-01-30
2027-01-30,wk inc flu hosp,0,56,quantile,0.25,45,2027-01-30
2027-01-30,wk inc flu hosp,0,56,quantile,0.3,46,2027-01-30
2027-01-30,wk inc flu hosp,0,56,quantile,0.35,48,2027-01-30
2027-01-30,wk inc flu hosp,0,56,quantile,0.4,50,2027-01-30
2027-01-30,wk inc flu hosp,0,56,quantile,0.45,51,2027-01-30
2027-01-30,wk inc flu hosp,0,56,quantile,0.5,53,2027-01-30
2027-01-30,wk inc flu hosp,0,56,quantile,0.55,54,2027-01-30
2027-01-30,wk inc flu hosp,0,56,quantile,0.6,56,2027-01-30
2027-01-30,wk inc flu hosp,0,56,quantile,0.65,57,2027-01-30
2027-01-30,wk inc flu hosp,0,56,quantile,0.7,60,2027-01-30
2027-01-30,wk inc flu hosp,0,56,quantile,0.75,62,2027-01-30
2027-01-30,wk inc flu hosp,0,56,quantile,0.8,64,2027-01-30
2027-01-30,wk inc flu hosp,0,56,quantile,0.85,67,2027-01-30
2027-01-30,wk inc flu hosp,0,56,quantile,0.9,72,2027-01-30
2027-01-30,wk inc flu hosp,0,56,quantile,0.95,76,2027-01-30
2027-01-30,wk inc flu hosp,0,56,quantile,0.975,81,2027-01-30
2027-01-30,wk inc flu hosp,0,56,quantile,0.99,85,2027-01-30
2027-01-30,wk inc flu hosp,0,72,quantile,0.01,72,2027-01-30
2027-01-30,wk inc flu hosp,0,72,quantile,0.025,93,2027-01-30
2027-01-30,wk inc flu hosp,0,72,quantile,0.05,96,2027-01-30
2027-01-30,wk inc flu hosp,0,72,quantile,0.1,105,2027-01-30
2027-01-30,wk inc flu hosp,0,72,quantile,0.15,110,2027-01-30
2027-01-30,wk inc flu hosp,0,72,quantile,0.2,114,2027-01-30
2027-01-30,wk inc flu hosp,0,72,quantile,0.25,120,2027-01-30
2027-01-30,wk inc flu hosp,0,72,quantile,0.3,121,2027-01-30
2027-01-30,wk inc flu hosp,0,72,quantile,0.35,126,2027-01-30
2027-01-30,wk inc flu hosp,0,72,quantile,0.4,130,2027-01-30
2027-01-30,wk inc flu hosp,0,72,quantile,0.45,132,2027-01-30
2027-01-30,wk inc flu hosp,0,72,quantile,0.5,136,2027-01-30
2027-01-30,wk inc flu hosp,0,72,quantile,0.55,138,2027-01-30
2027-01-30,wk inc flu hosp,0,72,quantile,0.6,142,2027-01-30
2027-01-30,wk inc flu hosp,0,72,quantile,0.65,146,2027-01-30
2027-01-30,wk inc flu hosp,0,72,quantile,0.7,150,2027-01-30
2027-01-30,wk inc flu hosp,0,72,quantile,0.75,154,2027-01-30
2027-01-30,wk inc flu hosp,0,72,quantile,0.8,163,2027-01-30
2027-01-30,wk inc flu hosp,0,72,quantile,0.85,166,2027-01-30
2027-01-30,wk inc flu hosp,0,72,quantile,0.9,172,2027-01-30
2027-01-30,wk inc flu hosp,0,72,quantile,0.95,187,2027-01-30
2027-01-30,wk inc flu hosp,0,72,quantile,0.975,202,2027-01-30
2027-01-30,wk inc flu hosp,0,72,quantile,0.99,205,2027-01-30
2027-01-30,wk inc flu hosp,0,USA,quantile,0.01,25399,2027-01-30
2027-01-30,wk inc flu hosp,0,USA,quantile,0.025,26223,2027-01-30
2027-01-30,wk inc flu hosp,0,USA,quantile,0.05,26550,2027-01-30
2027-01-30,wk inc flu hosp,0,USA,quantile,0.1,26842,2027-01-30
2027-01-30,wk inc flu hosp,0,USA,quantile,0.15,27117,2027-01-30
2027-01-30,wk inc flu hosp,0,USA,quantile,0.2,27246,2027-01-30
2027-01-30,wk inc flu hosp,0,USA,quantile,0.25,27504,2027-01-30
2027-01-30,wk inc flu hosp,0,USA,quantile,0.3,27583,2027-01-30
2027-01-30,wk inc flu hosp,0,USA,quantile,0.35,27710,2027-01-30
2027-01-30,wk inc flu hosp,0,USA,quantile,0.4,27860,2027-01-30
2027-01-30,wk inc flu hosp,0,USA,quantile,0.45,28009,2027-01-30
2027-01-30,wk inc flu hosp,0,USA,quantile,0.5,28096,2027-01-30
2027-01-30,wk inc flu hosp,0,USA,quantile,0.55,28236,2027-01-30
2027-01-30,wk inc flu hosp,0,USA,quantile,0.6,28451,2027-01-30
2027-01-30,wk inc flu hosp,0,USA,quantile,0.65,28614,2027-01-30
2027-01-30,wk inc flu hosp,0,USA,quantile,0.7,28853,2027-01-30
2027-01-30,wk inc flu hosp,0,USA,quantile,0.75,29031,2027-01-30
2027-01-30,wk inc flu hosp,0,USA,quantile,0.8,29176,2027-01-30
2027-01-30,wk inc flu hosp,0,USA,quantile,0.85,29361,2027-01-30
2027-01-30,wk inc flu hosp,0,USA,quantile,0.9,29548,2027-01-30
2027-01-30,wk inc flu hosp,0,USA,quantile,0.95,29856,2027-01-30
2027-01-30,wk inc flu hosp,0,USA,quantile,0.975,30191,2027-01-30
2027-01-30,wk inc flu hosp,0,USA,quantile,0.99,30301,2027-01-30
2027-01-30,wk inc flu hosp,1,01,quantile,0.01,323,2027-02-06
2027-01-30,wk inc flu hosp,1,01,quantile,0.025,342,2027-02-06
2027-01-30,wk inc flu hosp,1,01,quantile,0.05,350,2027-02-06
2027-01-30,wk inc flu hosp,1,01,quantile,0.1,373,2027-02-06
2027-01-30,wk inc flu hosp,1,01,quantile,0.15,401,2027-02-06
2027-01-30,wk inc flu hosp,1,01,quantile,0.2,423,2027-02-06
2027-01-30,wk inc flu hosp,1,01,quantile,0.25,433,2027-02-06
2027-01-30,wk inc flu hosp,1,01,quantile,0.3,457,2027-02-06
2027-01-30,wk inc flu hosp,1,01,quantile,0.35,476,2027-02-06
2027-01-30,wk inc flu hosp,1,01,quantile,0.4,489,2027-02-06
2027-01-30,wk inc flu hosp,1,01,quantile,0.45,497,2027-02-06
2027-01-30,wk inc flu hosp,1,01,quantile,0.5,510,2027-02-06
2027-01-30,wk inc flu hosp,1,01,quantile,0.55,523,2027-02-06
2027-01-30,wk inc flu hosp,1,01,quantile,0.6,543,2027-02-06
2027-01-30,wk inc flu hosp,1,01,quantile,0.65,555,2027-02-06
2027-01-30,wk inc flu hosp,1,01,quantile,0.7,575,2027-02-06
2027-01-30,wk inc flu hosp,1,01,quantile,0.75,601,2027-02-06
2027-01-30,wk inc flu hosp,1,01,quantile,0.8,623,2027-02-06
2027-01-30,wk inc flu hosp,1,01,quantile,0.85,672,2027-02-06
2027-01-30,wk inc flu hosp,1,01,quantile,0.9,726,2027-02-06
2027-01-30,wk inc flu hosp,1,01,quantile,0.95,802,2027-02-06
2027-01-30,wk inc flu hosp,1,01,quantile,0.975,820,2027-02-06
2027-01-30,wk inc flu hosp,1,01,quantile,0.99,902,2027-02-06
2027-01-30,wk inc flu hosp,1,02,quantile,0.01,6,2027-02-06
2027-01-30,wk inc flu hosp,1,02,quantile,0.025,9,2027-02-06
2027-01-30,wk inc flu hosp,1,02,quantile,0.05,10,2027-02-06
2027-01-30,wk inc flu hosp,1,02,quantile,0.1,13,2027-02-06
2027-01-30,wk inc flu hosp,1,02,quantile,0.15,14,2027-02-06
2027-01-30,wk inc flu hosp,1,02,quantile,0.2,16,2027-02-06
2027-01-30,wk inc flu hosp,1,02,quantile,0.25,17,2027-02-06
2027-01-30,wk inc flu hosp,1,02,quantile,0.3,18,2027-02-06
2027-01-30,wk inc flu hosp,1,02,quantile,0.35,20,2027-02-06
2027-01-30,wk inc flu hosp,1,02,quantile,0.4,21,2027-02-06
2027-01-30,wk inc flu hosp,1,02,quantile,0.45,23,2027-02-06
2027-01-30,wk inc flu hosp,1,02,quantile,0.5,24,2027-02-06
2027-01-30,wk inc flu hosp,1,02,quantile,0.55,26,2027-02-06
2027-01-30,wk inc flu hosp,1,02,quantile,0.6,26,2027-02-06
2027-01-30,wk inc flu hosp,1,02,quantile,0.65,27,2027-02-06
2027-01-30,wk inc flu hosp,1,02,quantile,0.7,28,2027-02-06
2027-01-30,wk inc flu hosp,1,02,quantile,0.75,30,2027-02-06
2027-01-30,wk inc flu hosp,1,02,quantile,0.8,33,2027-02-06
2027-01-30,wk inc flu hosp,1,02,quantile,0.85,35,2027-02-06
2027-01-30,wk inc flu hosp,1,02,quantile,0.9,37,2027-02-06
2027-01-30,wk inc flu hosp,1,02,quantile,0.95,43,2027-02-06
2027-01-30,wk inc flu hosp,1,02,quantile,0.975,49,2027-02-06
2027-01-30,wk inc flu hosp,1,02,quantile,0.99,50,2027-02-06
2027-01-30,wk inc flu hosp,1,04,quantile,0.01,302,2027-02-06
2027-01-30,wk inc flu hosp,1,04,quantile,0.025,308,2027-02-06
2027-01-30,wk inc flu hosp,1,04,quantile,0.05,347,2027-02-06
2027-01-30,wk inc flu hosp,1,04,quantile,0.1,403,2027-02-06
2027-01-30,wk inc flu hosp,1,04,quantile,0.15,423,2027-02-06
2027-01-30,wk inc flu hosp,1,04,quantile,0.2,459,2027-02-06
2027-01-30,wk inc flu hosp,1,04,quantile,0.25,474,2027-02-06
2027-01-30,wk inc flu hosp,1,04,quantile,0.3,487,2027-02-06
2027-01-30,wk inc flu hosp,1,04,quantile,0.35,494,2027-02-06
2027-01-30,wk inc flu hosp,1,04,quantile,0.4,510,2027-02-06
2027-01-30,wk inc flu hosp,1,04,quantile,0.45,524,2027-02-06
2027-01-30,wk inc flu hosp,1,04,quantile,0.5,537,2027-02-06
2027-01-30,wk inc flu hosp,1,04,quantile,0.55,555,2027-02-06
2027-01-30,wk inc flu hosp,1,04,quantile,0.6,563,2027-02-06
2027-01-30,wk inc flu hosp,1,04,quantile,0.65,584,2027-02-06
2027-01-30,wk inc flu hosp,1,04,quantile,0.7,593,2027-02-06
2027-01-30,wk inc flu hosp,1,04,quantile,0.75,610,2027-02-06
2027-01-30,wk inc flu hosp,1,04,quantile,0.8,638,2027-02-06
2027-01-30,wk inc flu hosp,1,04,quantile,0.85,667,2027-02-06
2027-01-30,wk inc flu hosp,1,04,quantile,0.9,699,2027-02-06
2027-01-30,wk inc flu hosp,1,04,quantile,0.95,790,2027-02-06
2027-01-30,wk inc flu hosp,1,04,quantile,0.975,834,2027-02-06
2027-01-30,wk inc flu hosp,1,04,quantile,0.99,862,2027-02-06
2027-01-30,wk inc flu hosp,1,05,quantile,0.01,327,2027-02-06
2027-01-30,wk inc flu hosp,1,05,quantile,0.025,347,2027-02-06
2027-01-30,wk inc flu hosp,1,05,quantile,0.05,360,2027-02-06
2027-01-30,wk inc flu hosp,1,05,quantile,0.1,388,2027-02-06
2027-01-30,wk inc flu hosp,1,05,quantile,0.15,404,2027-02-06
2027-01-30,wk inc flu hosp,1,05,quantile,0.2,421,2027-02-06
2027-01-30,wk inc flu hosp,1,05,quantile,0.25,428,2027-02-06
2027-01-30,wk inc flu hosp,1,05,quantile,0.3,442,2027-02-06
2027-01-30,wk inc flu hosp,1,05,quantile,0.35,448,2027-02-06
2027-01-30,wk inc flu hosp,1,05,quantile,0.4,456,2027-02-06
2027-01-30,wk inc flu hosp,1,05,quantile,0.45,465,2027-02-06
2027-01-30,wk inc flu hosp,1,05,quantile,0.5,478,2027-02-06
2027-01-30,wk inc flu hosp,1,05,quantile,0.55,487,2027-02-06
2027-01-30,wk inc flu hosp,1,05,quantile,0.6,501,2027-02-06
2027-01-30,wk inc flu hosp,1,05,quantile,0.65,516,2027-02-06
2027-01-30,wk inc flu hosp,1,05,quantile,0.7,533,2027-02-06
2027-01-30,wk inc flu hosp,1,05,quantile,0.75,562,2027-02-06
2027-01-30,wk inc flu hosp,1,05,quantile,0.8,576,2027-02-06
2027-01-30,wk inc flu hosp,1,05,quantile,0.85,590,2027-02-06
2027-01-30,wk inc flu hosp,1,05,quantile,0.9,620,2027-02-06
2027-01-30,wk inc flu hosp,1,05,quantile,0.95,659,2027-02-06
2027-01-30,wk inc flu hosp,1,05,quantile,0.975,689,2027-02-06
2027-01-30,wk inc flu hosp,1,05,quantile,0.99,731,2027-02-06
2027-01-30,wk inc flu hosp,1,06,quantile,0.01,1502,2027-02-06
2027-01-30,wk inc flu hosp,1,06,quantile,0.025,1661,2027-02-06
2027-01-30,wk inc flu hosp,1,06,quantile,0.05,1737,2027-02-06
2027-01-30,wk inc flu hosp,1,06,quantile,0.1,1850,2027-02-06
2027-01-30,wk inc flu hosp,1,06,quantile,0.15,1985,2027-02-06
2027-01-30,wk inc flu hosp,1,06,quantile,0.2,2072,2027-02-06
2027-01-30,wk inc flu hosp,1,06,quantile,0.25,2156,2027-02-06
2027-01-30,wk inc flu hosp,1,06,quantile,0.3,2239,2027-02-06
2027-01-30,wk inc flu hosp,1,06,quantile,0.35,2291,2027-02-06
2027-01-30,wk inc flu hosp,1,06,quantile,0.4,2374,2027-02-06
2027-01-30,wk inc flu hosp,1,06,quantile,0.45,2457,2027-02-06
2027-01-30,wk inc flu hosp,1,06,quantile,0.5,2514,2027-02-06
2027-01-30,wk inc flu hosp,1,06,quantile,0.55,2613,2027-02-06
2027-01-30,wk inc flu hosp,1,06,quantile,0.6,2655,2027-02-06
2027-01-30,wk inc flu hosp,1,06,quantile,0.65,2716,2027-02-06
2027-01-30,wk inc flu hosp,1,06,quantile,0.7,2807,2027-02-06
2027-01-30,wk inc flu hosp,1,06,quantile,0.75,2900,2027-02-06
2027-01-30,wk inc flu hosp,1,06,quantile,0.8,3020,2027-02-06
2027-01-30,wk inc flu hosp,1,06,quantile,0.85,3111,2027-02-06
2027-01-30,wk inc flu hosp,1,06,quantile,0.9,3242,2027-02-06
2027-01-30,wk inc flu hosp,1,06,quantile,0.95,3474,2027-02-06
2027-01-30,wk inc flu hosp,1,06,quantile,0.975,3740,2027-02-06
2027-01-30,wk inc flu hosp,1,06,quantile,0.99,3914,2027-02-06
2027-01-30,wk inc flu hosp,1,08,quantile,0.01,163,2027-02-06
2027-01-30,wk inc flu hosp,1,08,quantile,0.025,175,2027-02-06
2027-01-30,wk inc flu hosp,1,08,quantile,0.05,214,2027-02-06
2027-01-30,wk inc flu hosp,1,08,quantile,0.1,226,2027-02-06
2027-01-30,wk inc flu hosp,1,08,quantile,0.15,251,2027-02-06
2027-01-30,wk inc flu hosp,1,08,quantile,0.2,268,2027-02-06
2027-01-30,wk inc flu hosp,1,08,quantile,0.25,278,2027-02-06
2027-01-30,wk inc flu hosp,1,08,quantile,0.3,283,2027-02-06
2027-01-30,wk inc flu hosp,1,08,quantile,0.35,289,2027-02-06
2027-01-30,wk inc flu hosp,1,08,quantile,0.4,295,2027-02-06
2027-01-30,wk inc flu hosp,1,08,quantile,0.45,303,2027-02-06
2027-01-30,wk inc flu hosp,1,08,quantile,0.5,314,2027-02-06
2027-01-30,wk inc flu hosp,1,08,quantile,0.55,323,2027-02-06
2027-01-30,wk inc flu hosp,1,08,quantile,0.6,328,2027-02-06
2027-01-30,wk inc flu hosp,1,08,quantile,0.65,337,2027-02-06
2027-01-30,wk inc flu hosp,1,08,quantile,0.7,345,2027-02-06
2027-01-30,wk inc flu hosp,1,08,quantile,0.75,349,2027-02-06
2027-01-30,wk inc flu hosp,1,08,quantile,0.8,369,2027-02-06
2027-01-30,wk inc flu hosp,1,08,quantile,0.85,374,2027-02-06
2027-01-30,wk inc flu hosp,1,08,quantile,0.9,392,2027-02-06
2027-01-30,wk inc flu hosp,1,08,quantile,0.95,427,2027-02-06
2027-01-30,wk inc flu hosp,1,08,quantile,0.975,450,2027-02-06
2027-01-30,wk inc flu hosp,1,08,quantile,0.99,481,2027-02-06
2027-01-30,wk inc flu hosp,1,09,quantile,0.01,133,2027-02-06
2027-01-30,wk inc flu hosp,1,09,quantile,0.025,158,2027-02-06
2027-01-30,wk inc flu hosp,1,09,quantile,0.05,167,2027-02-06
2027-01-30,wk inc flu hosp,1,09,quantile,0.1,173,2027-02-06
2027-01-30,wk inc flu hosp,1,09,quantile,0.15,185,2027-02-06
2027-01-30,wk inc flu hosp,1,09,quantile,0.2,193,2027-02-06
2027-01-30,wk inc flu hosp,1,09,quantile,0.25,197,2027-02-06
2027-01-30,wk inc flu hosp,1,09,quantile,0.3,206,2027-02-06
2027-01-30,wk inc flu hosp,1,09,quantile,0.35,212,2027-02-06
2027-01-30,wk inc flu hosp,1,09,quantile,0.4,221,2027-02-06
2027-01-30,wk inc flu hosp,1,09,quantile,0.45,229,2027-02-06
2027-01-30,wk inc flu hosp,1,09,quantile,0.5,234,2027-02-06
2027-01-30,wk inc flu hosp,1,09,quantile,0.55,242,2027-02-06
2027-01-30,wk inc flu hosp,1,09,quantile,0.6,247,2027-02-06
2027-01-30,wk inc flu hosp,1,09,quantile,0.65,254,2027-02-06
2027-01-30,wk inc flu hosp,1,09,quantile,0.7,270,2027-02-06
2027-01-30,wk inc flu hosp,1,09,quantile,0.75,283,2027-02-06
2027-01-30,wk inc flu hosp,1,09,quantile,0.8,295,2027-02-06
2027-01-30,wk inc flu hosp,1,09,quantile,0.85,308,2027-02-06
2027-01-30,wk inc flu hosp,1,09,quantile,0.9,342,2027-02-06
2027-01-30,wk inc flu hosp,1,09,quantile,0.95,384,2027-02-06
2027-01-30,wk inc flu hosp,1,09,quantile,0.975,435,2027-02-06
2027-01-30,wk inc flu hosp,1,09,quantile,0.99,474,2027-02-06
2027-01-30,wk inc flu hosp,1,10,quantile,0.01,59,2027-02-06
2027-01-30,wk inc flu hosp,1,10,quantile,0.025,63,2027-02-06
2027-01-30,wk inc flu hosp,1,10,quantile,0.05,67,2027-02-06
2027-01-30,wk inc flu hosp,1,10,quantile,0.1,80,2027-02-06
2027-01-30,wk inc flu hosp,1,10,quantile,0.15,86,2027-02-06
2027-01-30,wk inc flu hosp,1,10,quantile,0.2,90,2027-02-06
2027-01-30,wk inc flu hosp,1,10,quantile,0.25,93,2027-02-06
2027-01-30,wk inc flu hosp,1,10,quantile,0.3,96,2027-02-06
2027-01-30,wk inc flu hosp,1,10,quantile,0.35,99,2027-02-06
2027-01-30,wk inc flu hosp,1,10,quantile,0.4,102,2027-02-06
2027-01-30,wk inc flu hosp,1,10,quantile,0.45,104,2027-02-06
2027-01-30,wk inc flu hosp,1,10,quantile,0.5,107,2027-02-06
2027-01-30,wk inc flu hosp,1,10,quantile,0.55,111,2027-02-06
2027-01-30,wk inc flu hosp,1,10,quantile,0.6,117,2027-02-06
2027-01-30,wk inc flu hosp,1,10,quantile,0.65,120,2027-02-06
2027-01-30,wk inc flu hosp,1,10,quantile,0.7,123,2027-02-06
2027-01-30,wk inc flu hosp,1,10,quantile,0.75,134,2027-02-06
2027-01-30,wk inc flu hosp,1,10,quantile,0.8,139,2027-02-06
2027-01-30,wk inc flu hosp,1,10,quantile,0.85,141,2027-02-06
2027-01-30,wk inc flu hosp,1,10,quantile,0.9,149,2027-02-06
2027-01-30,wk inc flu hosp,1,10,quantile,0.95,158,2027-02-06
2027-01-30,wk inc flu hosp,1,10,quantile,0.975,180,2027-02-06
2027-01-30,wk inc flu hosp,1,10,quantile,0.99,183,2027-02-06
2027-01-30,wk inc flu hosp,1,11,quantile,0.01,25,2027-02-06
2027-01-30,wk inc flu hosp,1,11,quantile,0.025,31,2027-02-06
2027-01-30,wk inc flu hosp,1,11,quantile,0.05,34,2027-02-06
2027-01-30,wk inc flu hosp,1,11,quantile,0.1,40,2027-02-06
2027-01-30,wk inc flu hosp,1,11,quantile,0.15,46,2027-02-06
2027-01-30,wk inc flu hosp,1,11,quantile,0.2,54,2027-02-06
2027-01-30,wk inc flu hosp,1,11,quantile,0.25,58,2027-02-06
2027-01-30,wk inc flu hosp,1,11,quantile,0.3,63,2027-02-06
2027-01-30,wk inc flu hosp,1,11,quantile,0.35,66,2027-02-06
2027-01-30,wk inc flu hosp,1,11,quantile,0.4,69,2027-02-06
2027-01-30,wk inc flu hosp,1,11,quantile,0.45,72,2027-02-06
2027-01-30,wk inc flu hosp,1,11,quantile,0.5,74,2027-02-06
2027-01-30,wk inc flu hosp,1,11,quantile,0.55,78,2027-02-06
2027-01-30,wk inc flu hosp,1,11,quantile,0.6,83,2027-02-06
2027-01-30,wk inc flu hosp,1,11,quantile,0.65,86,2027-02-06
2027-01-30,wk inc flu hosp,1,11,quantile,0.7,92,2027-02-06
2027-01-30,wk inc flu hosp,1,11,quantile,0.75,98,2027-02-06
2027-01-30,wk inc flu hosp,1,11,quantile,0.8,102,2027-02-06
2027-01-30,wk inc flu hosp,1,11,quantile,0.85,108,2027-02-06
2027-01-30,wk inc flu hosp,1,11,quantile,0.9,117,2027-02-06
2027-01-30,wk inc flu hosp,1,11,quantile,0.95,129,2027-02-06
2027-01-30,wk inc flu hosp,1,11,quantile,0.975,150,2027-02-06
2027-01-30,wk inc flu hosp,1,11,quantile,0.99,166,2027-02-06
2027-01-30,wk inc flu hosp,1,12,quantile,0.01,1511,2027-02-06
2027-01-30,wk inc flu hosp,1,12,quantile,0.025,1570,2027-02-06
2027-01-30,wk inc flu hosp,1,12,quantile,0.05,1624,2027-02-06
2027-01-30,wk inc flu hosp,1,12,quantile,0.1,1730,2027-02-06
2027-01-30,wk inc flu hosp,1,12,quantile,0.15,1843,2027-02-06
2027-01-30,wk inc flu hosp,1,12,quantile,0.2,1968,2027-02-06
2027-01-30,wk inc flu hosp,1,12,quantile,0.25,2038,2027-02-06
2027-01-30,wk inc flu hosp,1,12,quantile,0.3,2108,2027-02-06
2027-01-30,wk inc flu hosp,1,12,quantile,0.35,2150,2027-02-06
2027-01-30,wk inc flu hosp,1,12,quantile,0.4,2192,2027-02-06
2027-01-30,wk inc flu hosp,1,12,quantile,0.45,2231,2027-02-06
2027-01-30,wk inc flu hosp,1,12,quantile,0.5,2267,2027-02-06
2027-01-30,wk inc flu hosp,1,12,quantile,0.55,2321,2027-02-06
2027-01-30,wk inc flu hosp,1,12,quantile,0.6,2393,2027-02-06
2027-01-30,wk inc flu hosp,1,12,quantile,0.65,2491,2027-02-06
2027-01-30,wk inc flu hosp,1,12,quantile,0.7,2542,2027-02-06
2027-01-30,wk inc flu hosp,1,12,quantile,0.75,2583,2027-02-06
2027-01-30,wk inc flu hosp,1,12,quantile,0.8,2679,2027-02-06
2027-01-30,wk inc flu hosp,1,12,quantile,0.85,2790,2027-02-06
2027-01-30,wk inc flu hosp,1,12,quantile,0.9,2900,2027-02-06
2027-01-30,wk inc flu hosp,1,12,quantile,0.95,3031,2027-02-06
2027-01-30,wk inc flu hosp,1,12,quantile,0.975,3215,2027-02-06
2027-01-30,wk inc flu hosp,1,12,quantile,0.99,3625,2027-02-06
2027-01-30,wk inc flu hosp,1,13,quantile,0.01,503,2027-02-06
2027-01-30,wk inc flu hosp,1,13,quantile,0.025,559,2027-02-06
2027-01-30,wk inc flu hosp,1,13,quantile,0.05,607,2027-02-06
2027-01-30,wk inc flu hosp,1,13,quantile,0.1,672,2027-02-06
2027-01-30,wk inc flu hosp,1,13,quantile,0.15,717,2027-02-06
2027-01-30,wk inc flu hosp,1,13,quantile,0.2,746,2027-02-06
2027-01-30,wk inc flu hosp,1,13,quantile,0.25,778,2027-02-06
2027-01-30,wk inc flu hosp,1,13,quantile,0.3,802,2027-02-06
2027-01-30,wk inc flu hosp,1,13,quantile,0.35,837,2027-02-06
2027-01-30,wk inc flu hosp,1,13,quantile,0.4,863,2027-02-06
2027-01-30,wk inc flu hosp,1,13,quantile,0.45,903,2027-02-06
2027-01-30,wk inc flu hosp,1,13,quantile,0.5,924,2027-02-06
2027-01-30,wk inc flu hosp,1,13,quantile,0.55,943,2027-02-06
2027-01-30,wk inc flu hosp,1,13,quantile,0.6,960,2027-02-06
2027-01-30,wk inc flu hosp,1,13,quantile,0.65,995,2027-02-06
2027-01-30,wk inc flu hosp,1,13,quantile,0.7,1055,2027-02-06
2027-01-30,wk inc flu hosp,1,13,quantile,0.75,1102,2027-02-06
2027-01-30,wk inc flu hosp,1,13,quantile,0.8,1132,2027-02-06
2027-01-30,wk inc flu hosp,1,13,quantile,0.85,1214,2027-02-06
2027-01-30,wk inc flu hosp,1,13,quantile,0.9,1299,2027-02-06
2027-01-30,wk inc flu hosp,1,13,quantile,0.95,1441,2027-02-06
2027-01-30,wk inc flu hosp,1,13,quantile,0.975,1534,2027-02-06
2027-01-30,wk inc flu hosp,1,13,quantile,0.99,1641,2027-02-06
2027-01-30,wk inc flu hosp,1,15,quantile,0.01,10,2027-02-06
2027-01-30,wk inc flu hosp,1,15,quantile,0.025,12,2027-02-06
2027-01-30,wk inc flu hosp,1,15,quantile,0.05,15,2027-02-06
2027-01-30,wk inc flu hosp,1,15,quantile,0.1,17,2027-02-06
2027-01-30,wk inc flu hosp,1,15,quantile,0.15,20,2027-02-06
2027-01-30,wk inc flu hosp,1,15,quantile,0.2,22,2027-02-06
2027-01-30,wk inc flu hosp,1,15,quantile,0.25,23,2027-02-06
2027-01-30,wk inc flu hosp,1,15,quantile,0.3,24,2027-02-06
2027-01-30,wk inc flu hosp,1,15,quantile,0.35,25,2027-02-06
2027-01-30,wk inc flu hosp,1,15,quantile,0.4,28,2027-02-06
2027-01-30,wk inc flu hosp,1,15,quantile,0.45,29,2027-02-06
2027-01-30,wk inc flu hosp,1,15,quantile,0.5,30,2027-02-06
2027-01-30,wk inc flu hosp,1,15,quantile,0.55,32,2027-02-06
2027-01-30,wk inc flu hosp,1,15,quantile,0.6,33,2027-02-06
2027-01-30,wk inc flu hosp,1,15,quantile,0.65,34,2027-02-06
2027-01-30,wk inc flu hosp,1,15,quantile,0.7,37,2027-02-06
2027-01-30,wk inc flu hosp,1,15,quantile,0.75,38,2027-02-06
2027-01-30,wk inc flu hosp,1,15,quantile,0.8,41,2027-02-06
2027-01-30,wk inc flu hosp,1,15,quantile,0.85,44,2027-02-06
2027-01-30,wk inc flu hosp,1,15,quantile,0.9,47,2027-02-06
2027-01-30,wk inc flu hosp,1,15,quantile,0.95,52,2027-02-06
2027-01-30,wk inc flu hosp,1,15,quantile,0.975,66,2027-02-06
2027-01-30,wk inc flu hosp,1,15,quantile,0.99,70,2027-02-06
2027-01-30,wk inc flu hosp,1,16,quantile,0.01,85,2027-02-06
2027-01-30,wk inc flu hosp,1,16,quantile,0.025,87,2027-02-06
2027-01-30,wk inc flu hosp,1,16,quantile,0.05,95,2027-02-06
2027-01-30,wk inc flu hosp,1,16,quantile,0.1,101,2027-02-06
2027-01-30,wk inc flu hosp,1,16,quantile,0.15,111,2027-02-06
2027-01-30,wk inc flu hosp,1,16,quantile,0.2,118,2027-02-06
2027-01-30,wk inc flu hosp,1,16,quantile,0.25,121,2027-02-06
2027-01-30,wk inc flu hosp,1,16,quantile,0.3,125,2027-02-06
2027-01-30,wk inc flu hosp,1,16,quantile,0.35,128,2027-02-06
2027-01-30,wk inc flu hosp,1,16,quantile,0.4,130,2027-02-06
2027-01-30,wk inc flu hosp,1,16,quantile,0.45,134,2027-02-06
2027-01-30,wk inc flu hosp,1,16,quantile,0.5,138,2027-02-06
2027-01-30,wk inc flu hosp,1,16,quantile,0.55,140,2027-02-06
2027-01-30,wk inc flu hosp,1,16,quantile,0.6,143,2027-02-06
2027-01-30,wk inc flu hosp,1,16,quantile,0.65,147,2027-02-06
2027-01-30,wk inc flu hosp,1,16,quantile,0.7,152,2027-02-06
2027-01-30,wk inc flu hosp,1,16,quantile,0.75,158,2027-02-06
2027-01-30,wk inc flu hosp,1,16,quantile,0.8,163,2027-02-06
2027-01-30,wk inc flu hosp,1,16,quantile,0.85,173,2027-02-06
2027-01-30,wk inc flu hosp,1,16,quantile,0.9,187,2027-02-06
2027-01-30,wk inc flu hosp,1,16,quantile,0.95,207,2027-02-06
2027-01-30,wk inc flu hosp,1,16,quantile,0.975,220,2027-02-06
2027-01-30,wk inc flu hosp,1,16,quantile,0.99,231,2027-02-06
2027-01-30,wk inc flu hosp,1,17,quantile,0.01,823,2027-02-06
2027-01-30,wk inc flu hosp,1,17,quantile,0.025,841,2027-02-06
2027-01-30,wk inc flu hosp,1,17,quantile,0.05,853,2027-02-06
2027-01-30,wk inc flu hosp,1,17,quantile,0.1,903,2027-02-06
2027-01-30,wk inc flu hosp,1,17,quantile,0.15,940,2027-02-06
2027-01-30,wk inc flu hosp,1,17,quantile,0.2,971,2027-02-06
2027-01-30,wk inc flu hosp,1,17,quantile,0.25,993,2027-02-06
2027-01-30,wk inc flu hosp,1,17,quantile,0.3,1021,2027-02-06
2027-01-30,wk inc flu hosp,1,17,quantile,0.35,1037,2027-02-06
2027-01-30,wk inc flu hosp,1,17,quantile,0.4,1056,2027-02-06
2027-01-30,wk inc flu hosp,1,17,quantile,0.45,1077,2027-02-06
2027-01-30,wk inc flu hosp,1,17,quantile,0.5,1100,2027-02-06
2027-01-30,wk inc flu hosp,1,17,quantile,0.55,1118,2027-02-06
2027-01-30,wk inc flu hosp,1,17,quantile,0.6,1144,2027-02-06
2027-01-30,wk inc flu hosp,1,17,quantile,0.65,1179,2027-02-06
2027-01-30,wk inc flu hosp,1,17,quantile,0.7,1210,2027-02-06
2027-01-30,wk inc flu hosp,1,17,quantile,0.75,1248,2027-02-06
2027-01-30,wk inc flu hosp,1,17,quantile,0.8,1289,2027-02-06
2027-01-30,wk inc flu hosp,1,17,quantile,0.85,1343,2027-02-06
2027-01-30,wk inc flu hosp,1,17,quantile,0.9,1410,2027-02-06
2027-01-30,wk inc flu hosp,1,17,quantile,0.95,1558,2027-02-06
2027-01-30,wk inc flu hosp,1,17,quantile,0.975,1627,2027-02-06
2027-01-30,wk inc flu hosp,1,17,quantile,0.99,1672,2027-02-06
2027-01-30,wk inc flu hosp,1,18,quantile,0.01,775,2027-02-06
2027-01-30,wk inc flu hosp,1,18,quantile,0.025,842,2027-02-06
2027-01-30,wk inc flu hosp,1,18,quantile,0.05,892,2027-02-06
2027-01-30,wk inc flu hosp,1,18,quantile,0.1,944,2027-02-06
2027-01-30,wk inc flu hosp,1,18,quantile,0.15,991,2027-02-06
2027-01-30,wk inc flu hosp,1,18,quantile,0.2,1017,2027-02-06
2027-01-30,wk inc flu hosp,1,18,quantile,0.25,1042,2027-02-06
2027-01-30,wk inc flu hosp,1,18,quantile,0.3,1055,2027-02-06
2027-01-30,wk inc flu hosp,1,18,quantile,0.35,1083,2027-02-06
2027-01-30,wk inc flu hosp,1,18,quantile,0.4,1115,2027-02-06
2027-01-30,wk inc flu hosp,1,18,quantile,0.45,1150,2027-02-06
2027-01-30,wk inc flu hosp,1,18,quantile,0.5,1183,2027-02-06
2027-01-30,wk inc flu hosp,1,18,quantile,0.55,1221,2027-02-06
2027-01-30,wk inc flu hosp,1,18,quantile,0.6,1260,2027-02-06
2027-01-30,wk inc flu hosp,1,18,quantile,0.65,1286,2027-02-06
2027-01-30,wk inc flu hosp,1,18,quantile,0.7,1321,2027-02-06
2027-01-30,wk inc flu hosp,1,18,quantile,0.75,1372,2027-02-06
2027-01-30,wk inc flu hosp,1,18,quantile,0.8,1407,2027-02-06
2027-01-30,wk inc flu hosp,1,18,quantile,0.85,1447,2027-02-06
2027-01-30,wk inc flu hosp,1,18,quantile,0.9,1559,2027-02-06
2027-01-30,wk inc flu hosp,1,18,quantile,0.95,1645,2027-02-06
2027-01-30,wk inc flu hosp,1,18,quantile,0.975,1759,2027-02-06
2027-01-30,wk inc flu hosp,1,18,quantile,0.99,1961,2027-02-06
2027-01-30,wk inc flu hosp,1,19,quantile,0.01,225,2027-02-06
2027-01-30,wk inc flu hosp,1,19,quantile,0.025,243,2027-02-06
2027-01-30,wk inc flu hosp,1,19,quantile,0.05,249,2027-02-06
2027-01-30,wk inc flu hosp,1,19,quantile,0.1,265,2027-02-06
2027-01-30,wk inc flu hosp,1,19,quantile,0.15,276,2027-02-06
2027-01-30,wk inc flu hosp,1,19,quantile,0.2,287,2027-02-06
2027-01-30,wk inc flu hosp,1,19,quantile,0.25,301,2027-02-06
2027-01-30,wk inc flu hosp,1,19,quantile,0.3,308,2027-02-06
2027-01-30,wk inc flu hosp,1,19,quantile,0.35,325,2027-02-06
2027-01-30,wk inc flu hosp,1,19,quantile,0.4,329,2027-02-06
2027-01-30,wk inc flu hosp,1,19,quantile,0.45,340,2027-02-06
2027-01-30,wk inc flu hosp,1,19,quantile,0.5,350,2027-02-06
2027-01-30,wk inc flu hosp,1,19,quantile,0.55,364,2027-02-06
2027-01-30,wk inc flu hosp,1,19,quantile,0.6,370,2027-02-06
2027-01-30,wk inc flu hosp,1,19,quantile,0.65,379,2027-02-06
2027-01-30,wk inc flu hosp,1,19,quantile,0.7,390,2027-02-06
2027-01-30,wk inc flu hosp,1,19,quantile,0.75,413,2027-02-06
2027-01-30,wk inc flu hosp,1,19,quantile,0.8,427,2027-02-06
2027-01-30,wk inc flu hosp,1,19,quantile,0.85,442,2027-02-06
2027-01-30,wk inc flu hosp,1,19,quantile,0.9,471,2027-02-06
2027-01-30,wk inc flu hosp,1,19,quantile,0.95,513,2027-02-06
2027-01-30,wk inc flu hosp,1,19,quantile,0.975,554,2027-02-06
2027-01-30,wk inc flu hosp,1,19,quantile,0.99,590,2027-02-06
2027-01-30,wk inc flu hosp,1,20,quantile,0.01,237,2027-02-06
2027-01-30,wk inc flu hosp,1,20,quantile,0.025,285,2027-02-06
2027-01-30,wk inc flu hosp,1,20,quantile,0.05,307,2027-02-06
2027-01-30,wk inc flu hosp,1,20,quantile,0.1,328,2027-02-06
2027-01-30,wk inc flu hosp,1,20,quantile,0.15,351,2027-02-06
2027-01-30,wk inc flu hosp,1,20,quantile,0.2,374,2027-02-06
2027-01-30,wk inc flu hosp,1,20,quantile,0.25,383,2027-02-06
2027-01-30,wk inc flu hosp,1,20,quantile,0.3,392,2027-02-06
2027-01-30,wk inc flu hosp,1,20,quantile,0.35,404,2027-02-06
2027-01-30,wk inc flu hosp,1,20,quantile,0.4,415,2027-02-06
2027-01-30,wk inc flu hosp,1,20,quantile,0.45,430,2027-02-06
2027-01-30,wk inc flu hosp,1,20,quantile,0.5,438,2027-02-06
2027-01-30,wk inc flu hosp,1,20,quantile,0.55,454,2027-02-06
2027-01-30,wk inc flu hosp,1,20,quantile,0.6,471,2027-02-06
2027-01-30,wk inc flu hosp,1,20,quantile,0.65,485,2027-02-06
2027-01-30,wk inc flu hosp,1,20,quantile,0.7,499,2027-02-06
2027-01-30,wk inc flu hosp,1,20,quantile,0.75,514,2027-02-06
2027-01-30,wk inc flu hosp,1,20,quantile,0.8,527,2027-02-06
2027-01-30,wk inc flu hosp,1,20,quantile,0.85,545,2027-02-06
2027-01-30,wk inc flu hosp,1,20,quantile,0.9,566,2027-02-06
2027-01-30,wk inc flu hosp,1,20,quantile,0.95,624,2027-02-06
2027-01-30,wk inc flu hosp,1,20,quantile,0.975,666,2027-02-06
2027-01-30,wk inc flu hosp,1,20,quantile,0.99,732,2027-02-06
2027-01-30,wk inc flu hosp,1,21,quantile,0.01,475,2027-02-06
2027-01-30,wk inc flu hosp,1,21,quantile,0.025,486,2027-02-06
2027-01-30,wk inc flu hosp,1,21,quantile,0.05,515,2027-02-06
2027-01-30,wk inc flu hosp,1,21,quantile,0.1,545,2027-02-06
2027-01-30,wk inc flu hosp,1,21,quantile,0.15,579,2027-02-06
2027-01-30,wk inc flu hosp,1,21,quantile,0.2,603,2027-02-06
2027-01-30,wk inc flu hosp,1,21,quantile,0.25,612,2027-02-06
2027-01-30,wk inc flu hosp,1,21,quantile,0.3,625,2027-02-06
2027-01-30,wk inc flu hosp,1,21,quantile,0.35,638,2027-02-06
2027-01-30,wk inc flu hosp,1,21,quantile,0.4,648,2027-02-06
2027-01-30,wk inc flu hosp,1,21,quantile,0.45,657,2027-02-06
2027-01-30,wk inc flu hosp,1,21,quantile,0.5,672,2027-02-06
2027-01-30,wk inc flu hosp,1,21,quantile,0.55,689,2027-02-06
2027-01-30,wk inc flu hosp,1,21,quantile,0.6,707,2027-02-06
2027-01-30,wk inc flu hosp,1,21,quantile,0.65,730,2027-02-06
2027-01-30,wk inc flu hosp,1,21,quantile,0.7,741,2027-02-06
2027-01-30,wk inc flu hosp,1,21,quantile,0.75,755,2027-02-06
2027-01-30,wk inc flu hosp,1,21,quantile,0.8,779,2027-02-06
2027-01-30,wk inc flu hosp,1,21,quantile,0.85,808,2027-02-06
2027-01-30,wk inc flu hosp,1,21,quantile,0.9,834,2027-02-06
2027-01-30,wk inc flu hosp,1,21,quantile,0.95,882,2027-02-06
2027-01-30,wk inc flu hosp,1,21,quantile,0.975,905,2027-02-06
2027-01-30,wk inc flu hosp,1,21,quantile,0.99,985,2027-02-06
2027-01-30,wk inc flu hosp,1,22,quantile,0.01,205,2027-02-06
2027-01-30,wk inc flu hosp,1,22,quantile,0.025,222,2027-02-06
2027-01-30,wk inc flu hosp,1,22,quantile,0.05,238,2027-02-06
2027-01-30,wk inc flu hosp,1,22,quantile,0.1,264,2027-02-06
2027-01-30,wk inc flu hosp,1,22,quantile,0.15,290,2027-02-06
2027-01-30,wk inc flu hosp,1,22,quantile,0.2,300,2027-02-06
2027-01-30,wk inc flu hosp,1,22,quantile,0.25,314,2027-02-06
2027-01-30,wk inc flu hosp,1,22,quantile,0.3,332,2027-02-06
2027-01-30,wk inc flu hosp,1,22,quantile,0.35,345,2027-02-06
2027-01-30,wk inc flu hosp,1,22,quantile,0.4,355,2027-02-06
2027-01-30,wk inc flu hosp,1,22,quantile,0.45,364,2027-02-06
2027-01-30,wk inc flu hosp,1,22,quantile,0.5,374,2027-02-06
2027-01-30,wk inc flu hosp,1,22,quantile,0.55,380,2027-02-06
2027-01-30,wk inc flu hosp,1,22,quantile,0.6,386,2027-02-06
2027-01-30,wk inc flu hosp,1,22,quantile,0.65,402,2027-02-06
2027-01-30,wk inc flu hosp,1,22,quantile,0.7,409,2027-02-06
2027-01-30,wk inc flu hosp,1,22,quantile,0.75,416,2027-02-06
2027-01-30,wk inc flu hosp,1,22,quantile,0.8,449,2027-02-06
2027-01-30,wk inc flu hosp,1,22,quantile,0.85,487,2027-02-06
2027-01-30,wk inc flu hosp,1,22,quantile,0.9,503,2027-02-06
2027-01-30,wk inc flu hosp,1,22,quantile,0.95,549,2027-02-06
2027-01-30,wk inc flu hosp,1,22,quantile,0.975,562,2027-02-06
2027-01-30,wk inc flu hosp,1,22,quantile,0.99,589,2027-02-06
2027-01-30,wk inc flu hosp,1,23,quantile,0.01,70,2027-02-06
2027-01-30,wk inc flu hosp,1,23,quantile,0.025,76,2027-02-06
2027-01-30,wk inc flu hosp,1,23,quantile,0.05,78,2027-02-06
2027-01-30,wk inc flu hosp,1,23,quantile,0.1,83,2027-02-06
2027-01-30,wk inc flu hosp,1,23,quantile,0.15,88,2027-02-06
2027-01-30,wk inc flu hosp,1,23,quantile,0.2,91,2027-02-06
2027-01-30,wk inc flu hosp,1,23,quantile,0.25,94,2027-02-06
2027-01-30,wk inc flu hosp,1,23,quantile,0.3,98,2027-02-06
2027-01-30,wk inc flu hosp,1,23,quantile,0.35,102,2027-02-06
2027-01-30,wk inc flu hosp,1,23,quantile,0.4,107,2027-02-06
2027-01-30,wk inc flu hosp,1,23,quantile,0.45,110,2027-02-06
2027-01-30,wk inc flu hosp,1,23,quantile,0.5,113,2027-02-06
2027-01-30,wk inc flu hosp,1,23,quantile,0.55,117,2027-02-06
2027-01-30,wk inc flu hosp,1,23,quantile,0.6,121,2027-02-06
2027-01-30,wk inc flu hosp,1,23,quantile,0.65,123,2027-02-06
2027-01-30,wk inc flu hosp,1,23,quantile,0.7,127,2027-02-06
2027-01-30,wk inc flu hosp,1,23,quantile,0.75,130,2027-02-06
2027-01-30,wk inc flu hosp,1,23,quantile,0.8,136,2027-02-06
2027-01-30,wk inc flu hosp,1,23,quantile,0.85,142,2027-02-06
2027-01-30,wk inc flu hosp,1,23,quantile,0.9,154,2027-02-06
2027-01-30,wk inc flu hosp,1,23,quantile,0.95,161,2027-02-06
2027-01-30,wk inc flu hosp,1,23,quantile,0.975,174,2027-02-06
2027-01-30,wk inc flu hosp,1,23,quantile,0.99,193,2027-02-06
2027-01-30,wk inc flu hosp,1,24,quantile,0.01,202,2027-02-06
2027-01-30,wk inc flu hosp,1,24,quantile,0.025,235,2027-02-06
2027-01-30,wk inc flu hosp,1,24,quantile,0.05,248,2027-02-06
2027-01-30,wk inc flu hosp,1,24,quantile,0.1,272,2027-02-06
2027-01-30,wk inc flu hosp,1,24,quantile,0.15,289,2027-02-06
2027-01-30,wk inc flu hosp,1,24,quantile,0.2,301,2027-02-06
2027-01-30,wk inc flu hosp,1,24,quantile,0.25,312,2027-02-06
2027-01-30,wk inc flu hosp,1,24,quantile,0.3,316,2027-02-06
2027-01-30,wk inc flu hosp,1,24,quantile,0.35,327,2027-02-06
2027-01-30,wk inc flu hosp,1,24,quantile,0.4,336,2027-02-06
2027-01-30,wk inc flu hosp,1,24,quantile,0.45,353,2027-02-06
2027-01-30,wk inc flu hosp,1,24,quantile,0.5,364,2027-02-06
2027-01-30,wk inc flu hosp,1,24,quantile,0.55,372,2027-02-06
2027-01-30,wk inc flu hosp,1,24,quantile,0.6,384,2027-02-06
2027-01-30,wk inc flu hosp,1,24,quantile,0.65,395,2027-02-06
2027-01-30,wk inc flu hosp,1,24,quantile,0.7,407,2027-02-06
2027-01-30,wk inc flu hosp,1,24,quantile,0.75,432,2027-02-06
2027-01-30,wk inc flu hosp,1,24,quantile,0.8,458,2027-02-06
2027-01-30,wk inc flu hosp,1,24,quantile,0.85,477,2027-02-06
2027-01-30,wk inc flu hosp,1,24,quantile,0.9,519,2027-02-06
2027-01-30,wk inc flu hosp,1,24,quantile,0.95,540,2027-02-06
2027-01-30,wk inc flu hosp,1,24,quantile,0.975,565,2027-02-06
2027-01-30,wk inc flu hosp,1,24,quantile,0.99,619,2027-02-06
2027-01-30,wk inc flu hosp,1,25,quantile,0.01,510,2027-02-06
2027-01-30,wk inc flu hosp,1,25,quantile,0.025,525,2027-02-06
2027-01-30,wk inc flu hosp,1,25,quantile,0.05,579,2027-02-06
2027-01-30,wk inc flu hosp,1,25,quantile,0.1,610,2027-02-06
2027-01-30,wk inc flu hosp,1,25,quantile,0.15,620,2027-02-06
2027-01-30,wk inc flu hosp,1,25,quantile,0.2,660,2027-02-06
2027-01-30,wk inc flu hosp,1,25,quantile,0.25,694,2027-02-06
2027-01-30,wk inc flu hosp,1,25,quantile,0.3,729,2027-02-06
2027-01-30,wk inc flu hosp,1,25,quantile,0.35,755,2027-02-06
2027-01-30,wk inc flu hosp,1,25,quantile,0.4,776,2027-02-06
2027-01-30,wk inc flu hosp,1,25,quantile,0.45,802,2027-02-06
2027-01-30,wk inc flu hosp,1,25,quantile,0.5,831,2027-02-06
2027-01-30,wk inc flu hosp,1,25,quantile,0.55,858,2027-02-06
2027-01-30,wk inc flu hosp,1,25,quantile,0.6,881,2027-02-06
2027-01-30,wk inc flu hosp,1,25,quantile,0.65,918,2027-02-06
2027-01-30,wk inc flu hosp,1,25,quantile,0.7,948,2027-02-06
2027-01-30,wk inc flu hosp,1,25,quantile,0.75,980,2027-02-06
2027-01-30,wk inc flu hosp,1,25,quantile,0.8,1035,2027-02-06
2027-01-30,wk inc flu hosp,1,25,quantile,0.85,1065,2027-02-06
2027-01-30,wk inc flu hosp,1,25,quantile,0.9,1110,2027-02-06
2027-01-30,wk inc flu hosp,1,25,quantile,0.95,1199,2027-02-06
2027-01-30,wk inc flu hosp,1,25,quantile,0.975,1290,2027-02-06
2027-01-30,wk inc flu hosp,1,25,quantile,0.99,1483,2027-02-06
2027-01-30,wk inc flu hosp,1,26,quantile,0.01,535,2027-02-06
2027-01-30,wk inc flu hosp,1,26,quantile,0.025,581,2027-02-06
2027-01-30,wk inc flu hosp,1,26,quantile,0.05,648,2027-02-06
2027-01-30,wk inc flu hosp,1,26,quantile,0.1,734,2027-02-06
2027-01-30,wk inc flu hosp,1,26,quantile,0.15,802,2027-02-06
2027-01-30,wk inc flu hosp,1,26,quantile,0.2,847,2027-02-06
2027-01-30,wk inc flu hosp,1,26,quantile,0.25,876,2027-02-06
2027-01-30,wk inc flu hosp,1,26,quantile,0.3,917,2027-02-06
2027-01-30,wk inc flu hosp,1,26,quantile,0.35,958,2027-02-06
2027-01-30,wk inc flu hosp,1,26,quantile,0.4,988,2027-02-06
2027-01-30,wk inc flu hosp,1,26,quantile,0.45,1002,2027-02-06
2027-01-30,wk inc flu hosp,1,26,quantile,0.5,1022,2027-02-06
2027-01-30,wk inc flu hosp,1,26,quantile,0.55,1065,2027-02-06
2027-01-30,wk inc flu hosp,1,26,quantile,0.6,1088,2027-02-06
2027-01-30,wk inc flu hosp,1,26,quantile,0.65,1119,2027-02-06
2027-01-30,wk inc flu hosp,1,26,quantile,0.7,1175,2027-02-06
2027-01-30,wk inc flu hosp,1,26,quantile,0.75,1200,2027-02-06
2027-01-30,wk inc flu hosp,1,26,quantile,0.8,1223,2027-02-06
2027-01-30,wk inc flu hosp,1,26,quantile,0.85,1263,2027-02-06
2027-01-30,wk inc flu hosp,1,26,quantile,0.9,1367,2027-02-06
2027-01-30,wk inc flu hosp,1,26,quantile,0.95,1449,2027-02-06
2027-01-30,wk inc flu hosp,1,26,quantile,0.975,1486,2027-02-06
2027-01-30,wk inc flu hosp,1,26,quantile,0.99,1663,2027-02-06
2027-01-30,wk inc flu hosp,1,27,quantile,0.01,233,2027-02-06
2027-01-30,wk inc flu hosp,1,27,quantile,0.025,250,2027-02-06
2027-01-30,wk inc flu hosp,1,27,quantile,0.05,271,2027-02-06
2027-01-30,wk inc flu hosp,1,27,quantile,0.1,300,2027-02-06
2027-01-30,wk inc flu hosp,1,27,quantile,0.15,322,2027-02-06
2027-01-30,wk inc flu hosp,1,27,quantile,0.2,332,2027-02-06
2027-01-30,wk inc flu hosp,1,27,quantile,0.25,341,2027-02-06
2027-01-30,wk inc flu hosp,1,27,quantile,0.3,357,2027-02-06
2027-01-30,wk inc flu hosp,1,27,quantile,0.35,367,2027-02-06
2027-01-30,wk inc flu hosp,1,27,quantile,0.4,376,2027-02-06
2027-01-30,wk inc flu hosp,1,27,quantile,0.45,388,2027-02-06
2027-01-30,wk inc flu hosp,1,27,quantile,0.5,396,2027-02-06
2027-01-30,wk inc flu hosp,1,27,quantile,0.55,404,2027-02-06
2027-01-30,wk inc flu hosp,1,27,quantile,0.6,412,2027-02-06
2027-01-30,wk inc flu hosp,1,27,quantile,0.65,421,2027-02-06
2027-01-30,wk inc flu hosp,1,27,quantile,0.7,429,2027-02-06
2027-01-30,wk inc flu hosp,1,27,quantile,0.75,440,2027-02-06
2027-01-30,wk inc flu hosp,1,27,quantile,0.8,453,2027-02-06
2027-01-30,wk inc flu hosp,1,27,quantile,0.85,479,2027-02-06
2027-01-30,wk inc flu hosp,1,27,quantile,0.9,503,2027-02-06
2027-01-30,wk inc flu hosp,1,27,quantile,0.95,546,2027-02-06
2027-01-30,wk inc flu hosp,1,27,quantile,0.975,561,2027-02-06
2027-01-30,wk inc flu hosp,1,27,quantile,0.99,621,2027-02-06
2027-01-30,wk inc flu hosp,1,28,quantile,0.01,265,2027-02-06
2027-01-30,wk inc flu hosp,1,28,quantile,0.025,274,2027-02-06
2027-01-30,wk inc flu hosp,1,28,quantile,0.05,288,2027-02-06
2027-01-30,wk inc flu hosp,1,28,quantile,0.1,314,2027-02-06
2027-01-30,wk inc flu hosp,1,28,quantile,0.15,334,2027-02-06
2027-01-30,wk inc flu hosp,1,28,quantile,0.2,349,2027-02-06
2027-01-30,wk inc flu hosp,1,28,quantile,0.25,361,2027-02-06
2027-01-30,wk inc flu hosp,1,28,quantile,0.3,378,2027-02-06
2027-01-30,wk inc flu hosp,1,28,quantile,0.35,386,2027-02-06
2027-01-30,wk inc flu hosp,1,28,quantile,0.4,395,2027-02-06
2027-01-30,wk inc flu hosp,1,28,quantile,0.45,409,2027-02-06
2027-01-30,wk inc flu hosp,1,28,quantile,0.5,426,2027-02-06
2027-01-30,wk inc flu hosp,1,28,quantile,0.55,433,2027-02-06
2027-01-30,wk inc flu hosp,1,28,quantile,0.6,451,2027-02-06
2027-01-30,wk inc flu hosp,1,28,quantile,0.65,459,2027-02-06
2027-01-30,wk inc flu hosp,1,28,quantile,0.7,475,2027-02-06
2027-01-30,wk inc flu hosp,1,28,quantile,0.75,488,2027-02-06
2027-01-30,wk inc flu hosp,1,28,quantile,0.8,515,2027-02-06
2027-01-30,wk inc flu hosp,1,28,quantile,0.85,547,2027-02-06
2027-01-30,wk inc flu hosp,1,28,quantile,0.9,562,2027-02-06
2027-01-30,wk inc flu hosp,1,28,quantile,0.95,580,2027-02-06
2027-01-30,wk inc flu hosp,1,28,quantile,0.975,620,2027-02-06
2027-01-30,wk inc flu hosp,1,28,quantile,0.99,646,2027-02-06
2027-01-30,wk inc flu hosp,1,29,quantile,0.01,658,2027-02-06
2027-01-30,wk inc flu hosp,1,29,quantile,0.025,667,2027-02-06
2027-01-30,wk inc flu hosp,1,29,quantile,0.05,699,2027-02-06
2027-01-30,wk inc flu hosp,1,29,quantile,0.1,730,2027-02-06
2027-01-30,wk inc flu hosp,1,29,quantile,0.15,760,2027-02-06
2027-01-30,wk inc flu hosp,1,29,quantile,0.2,783,2027-02-06
2027-01-30,wk inc flu hosp,1,29,quantile,0.25,809,2027-02-06
2027-01-30,wk inc flu hosp,1,29,quantile,0.3,830,2027-02-06
2027-01-30,wk inc flu hosp,1,29,quantile,0.35,842,2027-02-06
2027-01-30,wk inc flu hosp,1,29,quantile,0.4,877,2027-02-06
2027-01-30,wk inc flu hosp,1,29,quantile,0.45,895,2027-02-06
2027-01-30,wk inc flu hosp,1,29,quantile,0.5,917,2027-02-06
2027-01-30,wk inc flu hosp,1,29,quantile,0.55,931,2027-02-06
2027-01-30,wk inc flu hosp,1,29,quantile,0.6,939,2027-02-06
2027-01-30,wk inc flu hosp,1,29,quantile,0.65,964,2027-02-06
2027-01-30,wk inc flu hosp,1,29,quantile,0.7,994,2027-02-06
2027-01-30,wk inc flu hosp,1,29,quantile,0.75,1024,2027-02-06
2027-01-30,wk inc flu hosp,1,29,quantile,0.8,1062,2027-02-06
2027-01-30,wk inc flu hosp,1,29,quantile,0.85,1083,2027-02-06
2027-01-30,wk inc flu hosp,1,29,quantile,0.9,1141,2027-02-06
2027-01-30,wk inc flu hosp,1,29,quantile,0.95,1202,2027-02-06
2027-01-30,wk inc flu hosp,1,29,quantile,0.975,1220,2027-02-06
2027-01-30,wk inc flu hosp,1,29,quantile,0.99,1250,2027-02-06
2027-01-30,wk inc flu hosp,1,30,quantile,0.01,87,2027-02-06
2027-01-30,wk inc flu hosp,1,30,quantile,0.025,92,2027-02-06
2027-01-30,wk inc flu hosp,1,30,quantile,0.05,98,2027-02-06
2027-01-30,wk inc flu hosp,1,30,quantile,0.1,107,2027-02-06
2027-01-30,wk inc flu hosp,1,30,quantile,0.15,121,2027-02-06
2027-01-30,wk inc flu hosp,1,30,quantile,0.2,131,2027-02-06
2027-01-30,wk inc flu hosp,1,30,quantile,0.25,135,2027-02-06
2027-01-30,wk inc flu hosp,1,30,quantile,0.3,140,2027-02-06
2027-01-30,wk inc flu hosp,1,30,quantile,0.35,144,2027-02-06
2027-01-30,wk inc flu hosp,1,30,quantile,0.4,148,2027-02-06
2027-01-30,wk inc flu hosp,1,30,quantile,0.45,152,2027-02-06
2027-01-30,wk inc flu hosp,1,30,quantile,0.5,154,2027-02-06
2027-01-30,wk inc flu hosp,1,30,quantile,0.55,158,2027-02-06
2027-01-30,wk inc flu hosp,1,30,quantile,0.6,163,2027-02-06
2027-01-30,wk inc flu hosp,1,30,quantile,0.65,173,2027-02-06
2027-01-30,wk inc flu hosp,1,30,quantile,0.7,179,2027-02-06
2027-01-30,wk inc flu hosp,1,30,quantile,0.75,187,2027-02-06
2027-01-30,wk inc flu hosp,1,30,quantile,0.8,198,2027-02-06
2027-01-30,wk inc flu hosp,1,30,quantile,0.85,209,2027-02-06
2027-01-30,wk inc flu hosp,1,30,quantile,0.9,219,2027-02-06
2027-01-30,wk inc flu hosp,1,30,quantile,0.95,240,2027-02-06
2027-01-30,wk inc flu hosp,1,30,quantile,0.975,267,2027-02-06
2027-01-30,wk inc flu hosp,1,30,quantile,0.99,272,2027-02-06
2027-01-30,wk inc flu hosp,1,31,quantile,0.01,164,2027-02-06
2027-01-30,wk inc flu hosp,1,31,quantile,0.025,172,2027-02-06
2027-01-30,wk inc flu hosp,1,31,quantile,0.05,177,2027-02-06
2027-01-30,wk inc flu hosp,1,31,quantile,0.1,191,2027-02-06
2027-01-30,wk inc flu hosp,1,31,quantile,0.15,202,2027-02-06
2027-01-30,wk inc flu hosp,1,31,quantile,0.2,214,2027-02-06
2027-01-30,wk inc flu hosp,1,31,quantile,0.25,224,2027-02-06
2027-01-30,wk inc flu hosp,1,31,quantile,0.3,227,2027-02-06
2027-01-30,wk inc flu hosp,1,31,quantile,0.35,233,2027-02-06
2027-01-30,wk inc flu hosp,1,31,quantile,0.4,240,2027-02-06
2027-01-30,wk inc flu hosp,1,31,quantile,0.45,247,2027-02-06
2027-01-30,wk inc flu hosp,1,31,quantile,0.5,254,2027-02-06
2027-01-30,wk inc flu hosp,1,31,quantile,0.55,260,2027-02-06
2027-01-30,wk inc flu hosp,1,31,quantile,0.6,264,2027-02-06
2027-01-30,wk inc flu hosp,1,31,quantile,0.65,276,2027-02-06
2027-01-30,wk inc flu hosp,1,31,quantile,0.7,282,2027-02-06
2027-01-30,wk inc flu hosp,1,31,quantile,0.75,299,2027-02-06
2027-01-30,wk inc flu hosp,1,31,quantile,0.8,312,2027-02-06
2027-01-30,wk inc flu hosp,1,31,quantile,0.85,319,2027-02-06
2027-01-30,wk inc flu hosp,1,31,quantile,0.9,330,2027-02-06
2027-01-30,wk inc flu hosp,1,31,quantile,0.95,373,2027-02-06
2027-01-30,wk inc flu hosp,1,31,quantile,0.975,394,2027-02-06
2027-01-30,wk inc flu hosp,1,31,quantile,0.99,441,2027-02-06
2027-01-30,wk inc flu hosp,1,32,quantile,0.01,77,2027-02-06
2027-01-30,wk inc flu hosp,1,32,quantile,0.025,78,2027-02-06
2027-01-30,wk inc flu hosp,1,32,quantile,0.05,78,2027-02-06
2027-01-30,wk inc flu hosp,1,32,quantile,0.1,87,2027-02-06
2027-01-30,wk inc flu hosp,1,32,quantile,0.15,94,2027-02-06
2027-01-30,wk inc flu hosp,1,32,quantile,0.2,100,2027-02-06
2027-01-30,wk inc flu hosp,1,32,quantile,0.25,106,2027-02-06
2027-01-30,wk inc flu hosp,1,32,quantile,0.3,109,2027-02-06
2027-01-30,wk inc flu hosp,1,32,quantile,0.35,115,2027-02-06
2027-01-30,wk inc flu hosp,1,32,quantile,0.4,120,2027-02-06
2027-01-30,wk inc flu hosp,1,32,quantile,0.45,123,2027-02-06
2027-01-30,wk inc flu hosp,1,32,quantile,0.5,126,2027-02-06
2027-01-30,wk inc flu hosp,1,32,quantile,0.55,129,2027-02-06
2027-01-30,wk inc flu hosp,1,32,quantile,0.6,135,2027-02-06
2027-01-30,wk inc flu hosp,1,32,quantile,0.65,141,2027-02-06
2027-01-30,wk inc flu hosp,1,32,quantile,0.7,145,2027-02-06
2027-01-30,wk inc flu hosp,1,32,quantile,0.75,151,2027-02-06
2027-01-30,wk inc flu hosp,1,32,quantile,0.8,158,2027-02-06
2027-01-30,wk inc flu hosp,1,32,quantile,0.85,164,2027-02-06
2027-01-30,wk inc flu hosp,1,32,quantile,0.9,176,2027-02-06
2027-01-30,wk inc flu hosp,1,32,quantile,0.95,185,2027-02-06
2027-01-30,wk inc flu hosp,1,32,quantile,0.975,194,2027-02-06
2027-01-30,wk inc flu hosp,1,32,quantile,0.99,202,2027-02-06
2027-01-30,wk inc flu hosp,1,33,quantile,0.01,47,2027-02-06
2027-01-30,wk inc flu hosp,1,33,quantile,0.025,56,2027-02-06
2027-01-30,wk inc flu hosp,1,33,quantile,0.05,62,2027-02-06
2027-01-30,wk inc flu hosp,1,33,quantile,0.1,67,2027-02-06
2027-01-30,wk inc flu hosp,1,33,quantile,0.15,72,2027-02-06
2027-01-30,wk inc flu hosp,1,33,quantile,0.2,76,2027-02-06
2027-01-30,wk inc flu hosp,1,33,quantile,0.25,80,2027-02-06
2027-01-30,wk inc flu hosp,1,33,quantile,0.3,83,2027-02-06
2027-01-30,wk inc flu hosp,1,33,quantile,0.35,84,2027-02-06
2027-01-30,wk inc flu hosp,1,33,quantile,0.4,87,2027-02-06
2027-01-30,wk inc flu hosp,1,33,quantile,0.45,89,2027-02-06
2027-01-30,wk inc flu hosp,1,33,quantile,0.5,92,2027-02-06
2027-01-30,wk inc flu hosp,1,33,quantile,0.55,95,2027-02-06
2027-01-30,wk inc flu hosp,1,33,quantile,0.6,97,2027-02-06
2027-01-30,wk inc flu hosp,1,33,quantile,0.65,99,2027-02-06
2027-01-30,wk inc flu hosp,1,33,quantile,0.7,102,2027-02-06
2027-01-30,wk inc flu hosp,1,33,quantile,0.75,104,2027-02-06
2027-01-30,wk inc flu hosp,1,33,quantile,0.8,108,2027-02-06
2027-01-30,wk inc flu hosp,1,33,quantile,0.85,113,2027-02-06
2027-01-30,wk inc flu hosp,1,33,quantile,0.9,116,2027-02-06
2027-01-30,wk inc flu hosp,1,33,quantile,0.95,128,2027-02-06
2027-01-30,wk inc flu hosp,1,33,quantile,0.975,150,2027-02-06
2027-01-30,wk inc flu hosp,1,33,quantile,0.99,153,2027-02-06
2027-01-30,wk inc flu hosp,1,34,quantile,0.01,439,2027-02-06
2027-01-30,wk inc flu hosp,1,34,quantile,0.025,478,2027-02-06
2027-01-30,wk inc flu hosp,1,34,quantile,0.05,504,2027-02-06
2027-01-30,wk inc flu hosp,1,34,quantile,0.1,538,2027-02-06
2027-01-30,wk inc flu hosp,1,34,quantile,0.15,551,2027-02-06
2027-01-30,wk inc flu hosp,1,34,quantile,0.2,571,2027-02-06
2027-01-30,wk inc flu hosp,1,34,quantile,0.25,604,2027-02-06
2027-01-30,wk inc flu hosp,1,34,quantile,0.3,626,2027-02-06
2027-01-30,wk inc flu hosp,1,34,quantile,0.35,644,2027-02-06
2027-01-30,wk inc flu hosp,1,34,quantile,0.4,686,2027-02-06
2027-01-30,wk inc flu hosp,1,34,quantile,0.45,707,2027-02-06
2027-01-30,wk inc flu hosp,1,34,quantile,0.5,732,2027-02-06
2027-01-30,wk inc flu hosp,1,34,quantile,0.55,748,2027-02-06
2027-01-30,wk inc flu hosp,1,34,quantile,0.6,778,2027-02-06
2027-01-30,wk inc flu hosp,1,34,quantile,0.65,797,2027-02-06
2027-01-30,wk inc flu hosp,1,34,quantile,0.7,818,2027-02-06
2027-01-30,wk inc flu hosp,1,34,quantile,0.75,837,2027-02-06
2027-01-30,wk inc flu hosp,1,34,quantile,0.8,876,2027-02-06
2027-01-30,wk inc flu hosp,1,34,quantile,0.85,933,2027-02-06
2027-01-30,wk inc flu hosp,1,34,quantile,0.9,1011,2027-02-06
2027-01-30,wk inc flu hosp,1,34,quantile,0.95,1069,2027-02-06
2027-01-30,wk inc flu hosp,1,34,quantile,0.975,1105,2027-02-06
2027-01-30,wk inc flu hosp,1,34,quantile,0.99,1164,2027-02-06
2027-01-30,wk inc flu hosp,1,35,quantile,0.01,83,2027-02-06
2027-01-30,wk inc flu hosp,1,35,quantile,0.025,86,2027-02-06
2027-01-30,wk inc flu hosp,1,35,quantile,0.05,94,2027-02-06
2027-01-30,wk inc flu hosp,1,35,quantile,0.1,105,2027-02-06
2027-01-30,wk inc flu hosp,1,35,quantile,0.15,110,2027-02-06
2027-01-30,wk inc flu hosp,1,35,quantile,0.2,119,2027-02-06
2027-01-30,wk inc flu hosp,1,35,quantile,0.25,123,2027-02-06
2027-01-30,wk inc flu hosp,1,35,quantile,0.3,129,2027-02-06
2027-01-30,wk inc flu hosp,1,35,quantile,0.35,132,2027-02-06
2027-01-30,wk inc flu hosp,1,35,quantile,0.4,137,2027-02-06
2027-01-30,wk inc flu hosp,1,35,quantile,0.45,140,2027-02-06
2027-01-30,wk inc flu hosp,1,35,quantile,0.5,145,2027-02-06
2027-01-30,wk inc flu hosp,1,35,quantile,0.55,147,2027-02-06
2027-01-30,wk inc flu hosp,1,35,quantile,0.6,152,2027-02-06
2027-01-30,wk inc flu hosp,1,35,quantile,0.65,156,2027-02-06
2027-01-30,wk inc flu hosp,1,35,quantile,0.7,162,2027-02-06
2027-01-30,wk inc flu hosp,1,35,quantile,0.75,167,2027-02-06
2027-01-30,wk inc flu hosp,1,35,quantile,0.8,175,2027-02-06
2027-01-30,wk inc flu hosp,1,35,quantile,0.85,183,2027-02-06
2027-01-30,wk inc flu hosp,1,35,quantile,0.9,191,2027-02-06
2027-01-30,wk inc flu hosp,1,35,quantile,0.95,209,2027-02-06
2027-01-30,wk inc flu hosp,1,35,quantile,0.975,214,2027-02-06
2027-01-30,wk inc flu hosp,1,35,quantile,0.99,227,2027-02-06
2027-01-30,wk inc flu hosp,1,36,quantile,0.01,733,2027-02-06
2027-01-30,wk inc flu hosp,1,36,quantile,0.025,840,2027-02-06
2027-01-30,wk inc flu hosp,1,36,quantile,0.05,922,2027-02-06
2027-01-30,wk inc flu hosp,1,36,quantile,0.1,976,2027-02-06
2027-01-30,wk inc flu hosp,1,36,quantile,0.15,1042,2027-02-06
2027-01-30,wk inc flu hosp,1,36,quantile,0.2,1074,2027-02-06
2027-01-30,wk inc flu hosp,1,36,quantile,0.25,1112,2027-02-06
2027-01-30,wk inc flu hosp,1,36,quantile,0.3,1145,2027-02-06
2027-01-30,wk inc flu hosp,1,36,quantile,0.35,1173,2027-02-06
2027-01-30,wk inc flu hosp,1,36,quantile,0.4,1197,2027-02-06
2027-01-30,wk inc flu hosp,1,36,quantile,0.45,1233,2027-02-06
2027-01-30,wk inc flu hosp,1,36,quantile,0.5,1262,2027-02-06
2027-01-30,wk inc flu hosp,1,36,quantile,0.55,1320,2027-02-06
2027-01-30,wk inc flu hosp,1,36,quantile,0.6,1342,2027-02-06
2027-01-30,wk inc flu hosp,1,36,quantile,0.65,1379,2027-02-06
2027-01-30,wk inc flu hosp,1,36,quantile,0.7,1436,2027-02-06
2027-01-30,wk inc flu hosp,1,36,quantile,0.75,1486,2027-02-06
2027-01-30,wk inc flu hosp,1,36,quantile,0.8,1578,2027-02-06
2027-01-30,wk inc flu hosp,1,36,quantile,0.85,1634,2027-02-06
2027-01-30,wk inc flu hosp,1,36,quantile,0.9,1714,2027-02-06
2027-01-30,wk inc flu hosp,1,36,quantile,0.95,1853,2027-02-06
2027-01-30,wk inc flu hosp,1,36,quantile,0.975,1897,2027-02-06
2027-01-30,wk inc flu hosp,1,36,quantile,0.99,2208,2027-02-06
2027-01-30,wk inc flu hosp,1,37,quantile,0.01,573,2027-02-06
2027-01-30,wk inc flu hosp,1,37,quantile,0.025,705,2027-02-06
2027-01-30,wk inc flu hosp,1,37,quantile,0.05,774,2027-02-06
2027-01-30,wk inc flu hosp,1,37,quantile,0.1,882,2027-02-06
2027-01-30,wk inc flu hosp,1,37,quantile,0.15,946,2027-02-06
2027-01-30,wk inc flu hosp,1,37,quantile,0.2,989,2027-02-06
2027-01-30,wk inc flu hosp,1,37,quantile,0.25,1044,2027-02-06
2027-01-30,wk inc flu hosp,1,37,quantile,0.3,1066,2027-02-06
2027-01-30,wk inc flu hosp,1,37,quantile,0.35,1100,2027-02-06
2027-01-30,wk inc flu hosp,1,37,quantile,0.4,1162,2027-02-06
2027-01-30,wk inc flu hosp,1,37,quantile,0.45,1200,2027-02-06
2027-01-30,wk inc flu hosp,1,37,quantile,0.5,1236,2027-02-06
2027-01-30,wk inc flu hosp,1,37,quantile,0.55,1269,2027-02-06
2027-01-30,wk inc flu hosp,1,37,quantile,0.6,1300,2027-02-06
2027-01-30,wk inc flu hosp,1,37,quantile,0.65,1343,2027-02-06
2027-01-30,wk inc flu hosp,1,37,quantile,0.7,1377,2027-02-06
2027-01-30,wk inc flu hosp,1,37,quantile,0.75,1440,2027-02-06
2027-01-30,wk inc flu hosp,1,37,quantile,0.8,1504,2027-02-06
2027-01-30,wk inc flu hosp,1,37,quantile,0.85,1563,2027-02-06
2027-01-30,wk inc flu hosp,1,37,quantile,0.9,1714,2027-02-06
2027-01-30,wk inc flu hosp,1,37,quantile,0.95,1855,2027-02-06
2027-01-30,wk inc flu hosp,1,37,quantile,0.975,1986,2027-02-06
2027-01-30,wk inc flu hosp,1,37,quantile,0.99,2226,2027-02-06
2027-01-30,wk inc flu hosp,1,38,quantile,0.01,33,2027-02-06
2027-01-30,wk inc flu hosp,1,38,quantile,0.025,36,2027-02-06
2027-01-30,wk inc flu hosp,1,38,quantile,0.05,39,2027-02-06
2027-01-30,wk inc flu hosp,1,38,quantile,0.1,42,2027-02-06
2027-01-30,wk inc flu hosp,1,38,quantile,0.15,46,2027-02-06
2027-01-30,wk inc flu hosp,1,38,quantile,0.2,50,2027-02-06
2027-01-30,wk inc flu hosp,1,38,quantile,0.25,53,2027-02-06
2027-01-30,wk inc flu hosp,1,38,quantile,0.3,55,2027-02-06
2027-01-30,wk inc flu hosp,1,38,quantile,0.35,57,2027-02-06
2027-01-30,wk inc flu hosp,1,38,quantile,0.4,60,2027-02-06
2027-01-30,wk inc flu hosp,1,38,quantile,0.45,62,2027-02-06
2027-01-30,wk inc flu hosp,1,38,quantile,0.5,63,2027-02-06
2027-01-30,wk inc flu hosp,1,38,quantile,0.55,64,2027-02-06
2027-01-30,wk inc flu hosp,1,38,quantile,0.6,67,2027-02-06
2027-01-30,wk inc flu hosp,1,38,quantile,0.65,69,2027-02-06
2027-01-30,wk inc flu hosp,1,38,quantile,0.7,70,2027-02-06
2027-01-30,wk inc flu hosp,1,38,quantile,0.75,74,2027-02-06
2027-01-30,wk inc flu hosp,1,38,quantile,0.8,78,2027-02-06
2027-01-30,wk inc flu hosp,1,38,quantile,0.85,85,2027-02-06
2027-01-30,wk inc flu hosp,1,38,quantile,0.9,89,2027-02-06
2027-01-30,wk inc flu hosp,1,38,quantile,0.95,94,2027-02-06
2027-01-30,wk inc flu hosp,1,38,quantile,0.975,98,2027-02-06
2027-01-30,wk inc flu hosp,1,38,quantile,0.99,106,2027-02-06
2027-01-30,wk inc flu hosp,1,39,quantile,0.01,1063,2027-02-06
2027-01-30,wk inc flu hosp,1,39,quantile,0.025,1083,2027-02-06
2027-01-30,wk inc flu hosp,1,39,quantile,0.05,1190,2027-02-06
2027-01-30,wk inc flu hosp,1,39,quantile,0.1,1297,2027-02-06
2027-01-30,wk inc flu hosp,1,39,quantile,0.15,1380,2027-02-06
2027-01-30,wk inc flu hosp,1,39,quantile,0.2,1449,2027-02-06
2027-01-30,wk inc flu hosp,1,39,quantile,0.25,1483,2027-02-06
2027-01-30,wk inc flu hosp,1,39,quantile,0.3,1537,2027-02-06
2027-01-30,wk inc flu hosp,1,39,quantile,0.35,1581,2027-02-06
2027-01-30,wk inc flu hosp,1,39,quantile,0.4,1626,2027-02-06
2027-01-30,wk inc flu hosp,1,39,quantile,0.45,1668,2027-02-06
2027-01-30,wk inc flu hosp,1,39,quantile,0.5,1699,2027-02-06
2027-01-30,wk inc flu hosp,1,39,quantile,0.55,1750,2027-02-06
2027-01-30,wk inc flu hosp,1,39,quantile,0.6,1801,2027-02-06
2027-01-30,wk inc flu hosp,1,39,quantile,0.65,1838,2027-02-06
2027-01-30,wk inc flu hosp,1,39,quantile,0.7,1869,2027-02-06
2027-01-30,wk inc flu hosp,1,39,quantile,0.75,1925,2027-02-06
2027-01-30,wk inc flu hosp,1,39,quantile,0.8,1994,2027-02-06
2027-01-30,wk inc flu hosp,1,39,quantile,0.85,2075,2027-02-06
2027-01-30,wk inc flu hosp,1,39,quantile,0.9,2230,2027-02-06
2027-01-30,wk inc flu hosp,1,39,quantile,0.95,2371,2027-02-06
2027-01-30,wk inc flu hosp,1,39,quantile,0.975,2619,2027-02-06
2027-01-30,wk inc flu hosp,1,39,quantile,0.99,2977,2027-02-06
2027-01-30,wk inc flu hosp,1,40,quantile,0.01,570,2027-02-06
2027-01-30,wk inc flu hosp,1,40,quantile,0.025,591,2027-02-06
2027-01-30,wk inc flu hosp,1,40,quantile,0.05,643,2027-02-06
2027-01-30,wk inc flu hosp,1,40,quantile,0.1,698,2027-02-06
2027-01-30,wk inc flu hosp,1,40,quantile,0.15,725,2027-02-06
2027-01-30,wk inc flu hosp,1,40,quantile,0.2,780,2027-02-06
2027-01-30,wk inc flu hosp,1,40,quantile,0.25,804,2027-02-06
2027-01-30,wk inc flu hosp,1,40,quantile,0.3,823,2027-02-06
2027-01-30,wk inc flu hosp,1,40,quantile,0.35,864,2027-02-06
2027-01-30,wk inc flu hosp,1,40,quantile,0.4,877,2027-02-06
2027-01-30,wk inc flu hosp,1,40,quantile,0.45,908,2027-02-06
2027-01-30,wk inc flu hosp,1,40,quantile,0.5,934,2027-02-06
2027-01-30,wk inc flu hosp,1,40,quantile,0.55,954,2027-02-06
2027-01-30,wk inc flu hosp,1,40,quantile,0.6,973,2027-02-06
2027-01-30,wk inc flu hosp,1,40,quantile,0.65,999,2027-02-06
2027-01-30,wk inc flu hosp,1,40,quantile,0.7,1020,2027-02-06
2027-01-30,wk inc flu hosp,1,40,quantile,0.75,1058,2027-02-06
2027-01-30,wk inc flu hosp,1,40,quantile,0.8,1105,2027-02-06
2027-01-30,wk inc flu hosp,1,40,quantile,0.85,1156,2027-02-06
2027-01-30,wk inc flu hosp,1,40,quantile,0.9,1237,2027-02-06
2027-01-30,wk inc flu hosp,1,40,quantile,0.95,1389,2027-02-06
2027-01-30,wk inc flu hosp,1,40,quantile,0.975,1463,2027-02-06
2027-01-30,wk inc flu hosp,1,40,quantile,0.99,1506,2027-02-06
2027-01-30,wk inc flu hosp,1,41,quantile,0.01,423,2027-02-06
2027-01-30,wk inc flu hosp,1,41,quantile,0.025,454,2027-02-06
2027-01-30,wk inc flu hosp,1,41,quantile,0.05,486,2027-02-06
2027-01-30,wk inc flu hosp,1,41,quantile,0.1,522,2027-02-06
2027-01-30,wk inc flu hosp,1,41,quantile,0.15,551,2027-02-06
2027-01-30,wk inc flu hosp,1,41,quantile,0.2,575,2027-02-06
2027-01-30,wk inc flu hosp,1,41,quantile,0.25,598,2027-02-06
2027-01-30,wk inc flu hosp,1,41,quantile,0.3,610,2027-02-06
2027-01-30,wk inc flu hosp,1,41,quantile,0.35,627,2027-02-06
2027-01-30,wk inc flu hosp,1,41,quantile,0.4,645,2027-02-06
2027-01-30,wk inc flu hosp,1,41,quantile,0.45,667,2027-02-06
2027-01-30,wk inc flu hosp,1,41,quantile,0.5,681,2027-02-06
2027-01-30,wk inc flu hosp,1,41,quantile,0.55,698,2027-02-06
2027-01-30,wk inc flu hosp,1,41,quantile,0.6,715,2027-02-06
2027-01-30,wk inc flu hosp,1,41,quantile,0.65,731,2027-02-06
2027-01-30,wk inc flu hosp,1,41,quantile,0.7,744,2027-02-06
2027-01-30,wk inc flu hosp,1,41,quantile,0.75,762,2027-02-06
2027-01-30,wk inc flu hosp,1,41,quantile,0.8,787,2027-02-06
2027-01-30,wk inc flu hosp,1,41,quantile,0.85,825,2027-02-06
2027-01-30,wk inc flu hosp,1,41,quantile,0.9,866,2027-02-06
2027-01-30,wk inc flu hosp,1,41,quantile,0.95,909,2027-02-06
2027-01-30,wk inc flu hosp,1,41,quantile,0.975,971,2027-02-06
2027-01-30,wk inc flu hosp,1,41,quantile,0.99,1119,2027-02-06
2027-01-30,wk inc flu hosp,1,42,quantile,0.01,1099,2027-02-06
2027-01-30,wk inc flu hosp,1,42,quantile,0.025,1231,2027-02-06
2027-01-30,wk inc flu hosp,1,42,quantile,0.05,1338,2027-02-06
2027-01-30,wk inc flu hosp,1,42,quantile,0.1,1396,2027-02-06
2027-01-30,wk inc flu hosp,1,42,quantile,0.15,1471,2027-02-06
2027-01-30,wk inc flu hosp,1,42,quantile,0.2,1530,2027-02-06
2027-01-30,wk inc flu hosp,1,42,quantile,0.25,1560,2027-02-06
2027-01-30,wk inc flu hosp,1,42,quantile,0.3,1632,2027-02-06
2027-01-30,wk inc flu hosp,1,42,quantile,0.35,1656,2027-02-06
2027-01-30,wk inc flu hosp,1,42,quantile,0.4,1714,2027-02-06
2027-01-30,wk inc flu hosp,1,42,quantile,0.45,1768,2027-02-06
2027-01-30,wk inc flu hosp,1,42,quantile,0.5,1832,2027-02-06
2027-01-30,wk inc flu hosp,1,42,quantile,0.55,1891,2027-02-06
2027-01-30,wk inc flu hosp,1,42,quantile,0.6,1930,2027-02-06
2027-01-30,wk inc flu hosp,1,42,quantile,0.65,1964,2027-02-06
2027-01-30,wk inc flu hosp,1,42,quantile,0.7,2009,2027-02-06
2027-01-30,wk inc flu hosp,1,42,quantile,0.75,2073,2027-02-06
2027-01-30,wk inc flu hosp,1,42,quantile,0.8,2192,2027-02-06
2027-01-30,wk inc flu hosp,1,42,quantile,0.85,2288,2027-02-06
2027-01-30,wk inc flu hosp,1,42,quantile,0.9,2351,2027-02-06
2027-01-30,wk inc flu hosp,1,42,quantile,0.95,2496,2027-02-06
2027-01-30,wk inc flu hosp,1,42,quantile,0.975,2629,2027-02-06
2027-01-30,wk inc flu hosp,1,42,quantile,0.99,2686,2027-02-06
2027-01-30,wk inc flu hosp,1,44,quantile,0.01,32,2027-02-06
2027-01-30,wk inc flu hosp,1,44,quantile,0.025,37,2027-02-06
2027-01-30,wk inc flu hosp,1,44,quantile,0.05,42,2027-02-06
2027-01-30,wk inc flu hosp,1,44,quantile,0.1,47,2027-02-06
2027-01-30,wk inc flu hosp,1,44,quantile,0.15,49,2027-02-06
2027-01-30,wk inc flu hosp,1,44,quantile,0.2,53,2027-02-06
2027-01-30,wk inc flu hosp,1,44,quantile,0.25,55,2027-02-06
2027-01-30,wk inc flu hosp,1,44,quantile,0.3,57,2027-02-06
2027-01-30,wk inc flu hosp,1,44,quantile,0.35,60,2027-02-06
2027-01-30,wk inc flu hosp,1,44,quantile,0.4,62,2027-02-06
2027-01-30,wk inc flu hosp,1,44,quantile,0.45,64,2027-02-06
2027-01-30,wk inc flu hosp,1,44,quantile,0.5,67,2027-02-06
2027-01-30,wk inc flu hosp,1,44,quantile,0.55,71,2027-02-06
2027-01-30,wk inc flu hosp,1,44,quantile,0.6,74,2027-02-06
2027-01-30,wk inc flu hosp,1,44,quantile,0.65,76,2027-02-06
2027-01-30,wk inc flu hosp,1,44,quantile,0.7,78,2027-02-06
2027-01-30,wk inc flu hosp,1,44,quantile,0.75,81,2027-02-06
2027-01-30,wk inc flu hosp,1,44,quantile,0.8,84,2027-02-06
2027-01-30,wk inc flu hosp,1,44,quantile,0.85,88,2027-02-06
2027-01-30,wk inc flu hosp,1,44,quantile,0.9,93,2027-02-06
2027-01-30,wk inc flu hosp,1,44,quantile,0.95,104,2027-02-06
2027-01-30,wk inc flu hosp,1,44,quantile,0.975,111,2027-02-06
2027-01-30,wk inc flu hosp,1,44,quantile,0.99,114,2027-02-06
2027-01-30,wk inc flu hosp,1,45,quantile,0.01,545,2027-02-06
2027-01-30,wk inc flu hosp,1,45,quantile,0.025,559,2027-02-06
2027-01-30,wk inc flu hosp,1,45,quantile,0.05,588,2027-02-06
2027-01-30,wk inc flu hosp,1,45,quantile,0.1,645,2027-02-06
2027-01-30,wk inc flu hosp,1,45,quantile,0.15,716,2027-02-06
2027-01-30,wk inc flu hosp,1,45,quantile,0.2,744,2027-02-06
2027-01-30,wk inc flu hosp,1,45,quantile,0.25,769,2027-02-06
2027-01-30,wk inc flu hosp,1,45,quantile,0.3,783,2027-02-06
2027-01-30,wk inc flu hosp,1,45,quantile,0.35,823,2027-02-06
2027-01-30,wk inc flu hosp,1,45,quantile,0.4,854,2027-02-06
2027-01-30,wk inc flu hosp,1,45,quantile,0.45,869,2027-02-06
2027-01-30,wk inc flu hosp,1,45,quantile,0.5,902,2027-02-06
2027-01-30,wk inc flu hosp,1,45,quantile,0.55,921,2027-02-06
2027-01-30,wk inc flu hosp,1,45,quantile,0.6,948,2027-02-06
2027-01-30,wk inc flu hosp,1,45,quantile,0.65,977,2027-02-06
2027-01-30,wk inc flu hosp,1,45,quantile,0.7,1003,2027-02-06
2027-01-30,wk inc flu hosp,1,45,quantile,0.75,1030,2027-02-06
2027-01-30,wk inc flu hosp,1,45,quantile,0.8,1054,2027-02-06
2027-01-30,wk inc flu hosp,1,45,quantile,0.85,1132,2027-02-06
2027-01-30,wk inc flu hosp,1,45,quantile,0.9,1211,2027-02-06
2027-01-30,wk inc flu hosp,1,45,quantile,0.95,1452,2027-02-06
2027-01-30,wk inc flu hosp,1,45,quantile,0.975,1483,2027-02-06
2027-01-30,wk inc flu hosp,1,45,quantile,0.99,1555,2027-02-06
2027-01-30,wk inc flu hosp,1,46,quantile,0.01,46,2027-02-06
2027-01-30,wk inc flu hosp,1,46,quantile,0.025,55,2027-02-06
2027-01-30,wk inc flu hosp,1,46,quantile,0.05,60,2027-02-06
2027-01-30,wk inc flu hosp,1,46,quantile,0.1,65,2027-02-06
2027-01-30,wk inc flu hosp,1,46,quantile,0.15,71,2027-02-06
2027-01-30,wk inc flu hosp,1,46,quantile,0.2,73,2027-02-06
2027-01-30,wk inc flu hosp,1,46,quantile,0.25,77,2027-02-06
2027-01-30,wk inc flu hosp,1,46,quantile,0.3,81,2027-02-06
2027-01-30,wk inc flu hosp,1,46,quantile,0.35,83,2027-02-06
2027-01-30,wk inc flu hosp,1,46,quantile,0.4,85,2027-02-06
2027-01-30,wk inc flu hosp,1,46,quantile,0.45,88,2027-02-06
2027-01-30,wk inc flu hosp,1,46,quantile,0.5,91,2027-02-06
2027-01-30,wk inc flu hosp,1,46,quantile,0.55,93,2027-02-06
2027-01-30,wk inc flu hosp,1,46,quantile,0.6,96,2027-02-06
2027-01-30,wk inc flu hosp,1,46,quantile,0.65,100,2027-02-06
2027-01-30,wk inc flu hosp,1,46,quantile,0.7,103,2027-02-06
2027-01-30,wk inc flu hosp,1,46,quantile,0.75,106,2027-02-06
2027-01-30,wk inc flu hosp,1,46,quantile,0.8,111,2027-02-06
2027-01-30,wk inc flu hosp,1,46,quantile,0.85,117,2027-02-06
2027-01-30,wk inc flu hosp,1,46,quantile,0.9,129,2027-02-06
2027-01-30,wk inc flu hosp,1,46,quantile,0.95,144,2027-02-06
2027-01-30,wk inc flu hosp,1,46,quantile,0.975,155,2027-02-06
2027-01-30,wk inc flu hosp,1,46,quantile,0.99,174,2027-02-06
2027-01-30,wk inc flu hosp,1,47,quantile,0.01,463,2027-02-06
2027-01-30,wk inc flu hosp,1,47,quantile,0.025,486,2027-02-06
2027-01-30,wk inc flu hosp,1,47,quantile,0.05,528,2027-02-06
2027-01-30,wk inc flu hosp,1,47,quantile,0.1,564,2027-02-06
2027-01-30,wk inc flu hosp,1,47,quantile,0.15,599,2027-02-06
2027-01-30,wk inc flu hosp,1,47,quantile,0.2,631,2027-02-06
2027-01-30,wk inc flu hosp,1,47,quantile,0.25,651,2027-02-06
2027-01-30,wk inc flu hosp,1,47,quantile,0.3,672,2027-02-06
2027-01-30,wk inc flu hosp,1,47,quantile,0.35,688,2027-02-06
2027-01-30,wk inc flu hosp,1,47,quantile,0.4,708,2027-02-06
2027-01-30,wk inc flu hosp,1,47,quantile,0.45,722,2027-02-06
2027-01-30,wk inc flu hosp,1,47,quantile,0.5,738,2027-02-06
2027-01-30,wk inc flu hosp,1,47,quantile,0.55,754,2027-02-06
2027-01-30,wk inc flu hosp,1,47,quantile,0.6,770,2027-02-06
2027-01-30,wk inc flu hosp,1,47,quantile,0.65,781,2027-02-06
2027-01-30,wk inc flu hosp,1,47,quantile,0.7,806,2027-02-06
2027-01-30,wk inc flu hosp,1,47,quantile,0.75,827,2027-02-06
2027-01-30,wk inc flu hosp,1,47,quantile,0.8,846,2027-02-06
2027-01-30,wk inc flu hosp,1,47,quantile,0.85,881,2027-02-06
2027-01-30,wk inc flu hosp,1,47,quantile,0.9,929,2027-02-06
2027-01-30,wk inc flu hosp,1,47,quantile,0.95,960,2027-02-06
2027-01-30,wk inc flu hosp,1,47,quantile,0.975,1085,2027-02-06
2027-01-30,wk inc flu hosp,1,47,quantile,0.99,1130,2027-02-06
2027-01-30,wk inc flu hosp,1,48,quantile,0.01,2214,2027-02-06
2027-01-30,wk inc flu hosp,1,48,quantile,0.025,2362,2027-02-06
2027-01-30,wk inc flu hosp,1,48,quantile,0.05,2586,2027-02-06
2027-01-30,wk inc flu hosp,1,48,quantile,0.1,2777,2027-02-06
2027-01-30,wk inc flu hosp,1,48,quantile,0.15,2912,2027-02-06
2027-01-30,wk inc flu hosp,1,48,quantile,0.2,2982,2027-02-06
2027-01-30,wk inc flu hosp,1,48,quantile,0.25,3049,2027-02-06
2027-01-30,wk inc flu hosp,1,48,quantile,0.3,3092,2027-02-06
2027-01-30,wk inc flu hosp,1,48,quantile,0.35,3182,2027-02-06
2027-01-30,wk inc flu hosp,1,48,quantile,0.4,3284,2027-02-06
2027-01-30,wk inc flu hosp,1,48,quantile,0.45,3364,2027-02-06
2027-01-30,wk inc flu hosp,1,48,quantile,0.5,3513,2027-02-06
2027-01-30,wk inc flu hosp,1,48,quantile,0.55,3572,2027-02-06
2027-01-30,wk inc flu hosp,1,48,quantile,0.6,3654,2027-02-06
2027-01-30,wk inc flu hosp,1,48,quantile,0.65,3711,2027-02-06
2027-01-30,wk inc flu hosp,1,48,quantile,0.7,3827,2027-02-06
2027-01-30,wk inc flu hosp,1,48,quantile,0.75,4048,2027-02-06
2027-01-30,wk inc flu hosp,1,48,quantile,0.8,4157,2027-02-06
2027-01-30,wk inc flu hosp,1,48,quantile,0.85,4328,2027-02-06
2027-01-30,wk inc flu hosp,1,48,quantile,0.9,4582,2027-02-06
2027-01-30,wk inc flu hosp,1,48,quantile,0.95,5153,2027-02-06
2027-01-30,wk inc flu hosp,1,48,quantile,0.975,5580,2027-02-06
2027-01-30,wk inc flu hosp,1,48,quantile,0.99,6227,2027-02-06
2027-01-30,wk inc flu hosp,1,49,quantile,0.01,71,2027-02-06
2027-01-30,wk inc flu hosp,1,49,quantile,0.025,72,2027-02-06
2027-01-30,wk inc flu hosp,1,49,quantile,0.05,76,2027-02-06
2027-01-30,wk inc flu hosp,1,49,quantile,0.1,85,2027-02-06
2027-01-30,wk inc flu hosp,1,49,quantile,0.15,90,2027-02-06
2027-01-30,wk inc flu hosp,1,49,quantile,0.2,95,2027-02-06
2027-01-30,wk inc flu hosp,1,49,quantile,0.25,98,2027-02-06
2027-01-30,wk inc flu hosp,1,49,quantile,0.3,100,2027-02-06
2027-01-30,wk inc flu hosp,1,49,quantile,0.35,102,2027-02-06
2027-01-30,wk inc flu hosp,1,49,quantile,0.4,104,2027-02-06
2027-01-30,wk inc flu hosp,1,49,quantile,0.45,106,2027-02-06
2027-01-30,wk inc flu hosp,1,49,quantile,0.5,109,2027-02-06
2027-01-30,wk inc flu hosp,1,49,quantile,0.55,113,2027-02-06
2027-01-30,wk inc flu hosp,1,49,quantile,0.6,115,2027-02-06
2027-01-30,wk inc flu hosp,1,49,quantile,0.65,119,2027-02-06
2027-01-30,wk inc flu hosp,1,49,quantile,0.7,125,2027-02-06
2027-01-30,wk inc flu hosp,1,49,quantile,0.75,129,2027-02-06
2027-01-30,wk inc flu hosp,1,49,quantile,0.8,132,2027-02-06
2027-01-30,wk inc flu hosp,1,49,quantile,0.85,141,2027-02-06
2027-01-30,wk inc flu hosp,1,49,quantile,0.9,150,2027-02-06
2027-01-30,wk inc flu hosp,1,49,quantile,0.95,162,2027-02-06
2027-01-30,wk inc flu hosp,1,49,quantile,0.975,172,2027-02-06
2027-01-30,wk inc flu hosp,1,49,quantile,0.99,184,2027-02-06
2027-01-30,wk inc flu hosp,1,50,quantile,0.01,28,2027-02-06
2027-01-30,wk inc flu hosp,1,50,quantile,0.025,31,2027-02-06
2027-01-30,wk inc flu hosp,1,50,quantile,0.05,33,2027-02-06
2027-01-30,wk inc flu hosp,1,50,quantile,0.1,39,2027-02-06
2027-01-30,wk inc flu hosp,1,50,quantile,0.15,41,2027-02-06
2027-01-30,wk inc flu hosp,1,50,quantile,0.2,44,2027-02-06
2027-01-30,wk inc flu hosp,1,50,quantile,0.25,45,2027-02-06
2027-01-30,wk inc flu hosp,1,50,quantile,0.3,47,2027-02-06
2027-01-30,wk inc flu hosp,1,50,quantile,0.35,49,2027-02-06
2027-01-30,wk inc flu hosp,1,50,quantile,0.4,52,2027-02-06
2027-01-30,wk inc flu hosp,1,50,quantile,0.45,55,2027-02-06
2027-01-30,wk inc flu hosp,1,50,quantile,0.5,56,2027-02-06
2027-01-30,wk inc flu hosp,1,50,quantile,0.55,56,2027-02-06
2027-01-30,wk inc flu hosp,1,50,quantile,0.6,58,2027-02-06
2027-01-30,wk inc flu hosp,1,50,quantile,0.65,61,2027-02-06
2027-01-30,wk inc flu hosp,1,50,quantile,0.7,64,2027-02-06
2027-01-30,wk inc flu hosp,1,50,quantile,0.75,68,2027-02-06
2027-01-30,wk inc flu hosp,1,50,quantile,0.8,69,2027-02-06
2027-01-30,wk inc flu hosp,1,50,quantile,0.85,73,2027-02-06
2027-01-30,wk inc flu hosp,1,50,quantile,0.9,77,2027-02-06
2027-01-30,wk inc flu hosp,1,50,quantile,0.95,86,2027-02-06
2027-01-30,wk inc flu hosp,1,50,quantile,0.975,93,2027-02-06
2027-01-30,wk inc flu hosp,1,50,quantile,0.99,106,2027-02-06
2027-01-30,wk inc flu hosp,1,51,quantile,0.01,411,2027-02-06
2027-01-30,wk inc flu hosp,1,51,quantile,0.025,437,2027-02-06
2027-01-30,wk inc flu hosp,1,51,quantile,0.05,478,2027-02-06
2027-01-30,wk inc flu hosp,1,51,quantile,0.1,507,2027-02-06
2027-01-30,wk inc flu hosp,1,51,quantile,0.15,537,2027-02-06
2027-01-30,wk inc flu hosp,1,51,quantile,0.2,557,2027-02-06
2027-01-30,wk inc flu hosp,1,51,quantile,0.25,597,2027-02-06
2027-01-30,wk inc flu hosp,1,51,quantile,0.3,611,2027-02-06
2027-01-30,wk inc flu hosp,1,51,quantile,0.35,635,2027-02-06
2027-01-30,wk inc flu hosp,1,51,quantile,0.4,646,2027-02-06
2027-01-30,wk inc flu hosp,1,51,quantile,0.45,674,2027-02-06
2027-01-30,wk inc flu hosp,1,51,quantile,0.5,697,2027-02-06
2027-01-30,wk inc flu hosp,1,51,quantile,0.55,733,2027-02-06
2027-01-30,wk inc flu hosp,1,51,quantile,0.6,749,2027-02-06
2027-01-30,wk inc flu hosp,1,51,quantile,0.65,765,2027-02-06
2027-01-30,wk inc flu hosp,1,51,quantile,0.7,787,2027-02-06
2027-01-30,wk inc flu hosp,1,51,quantile,0.75,814,2027-02-06
2027-01-30,wk inc flu hosp,1,51,quantile,0.8,881,2027-02-06
2027-01-30,wk inc flu hosp,1,51,quantile,0.85,908,2027-02-06
2027-01-30,wk inc flu hosp,1,51,quantile,0.9,968,2027-02-06
2027-01-30,wk inc flu hosp,1,51,quantile,0.95,1053,2027-02-06
2027-01-30,wk inc flu hosp,1,51,quantile,0.975,1080,2027-02-06
2027-01-30,wk inc flu hosp,1,51,quantile,0.99,1121,2027-02-06
2027-01-30,wk inc flu hosp,1,53,quantile,0.01,354,2027-02-06
2027-01-30,wk inc flu hosp,1,53,quantile,0.025,364,2027-02-06
2027-01-30,wk inc flu hosp,1,53,quantile,0.05,386,2027-02-06
2027-01-30,wk inc flu hosp,1,53,quantile,0.1,419,2027-02-06
2027-01-30,wk inc flu hosp,1,53,quantile,0.15,439,2027-02-06
2027-01-30,wk inc flu hosp,1,53,quantile,0.2,469,2027-02-06
2027-01-30,wk inc flu hosp,1,53,quantile,0.25,475,2027-02-06
2027-01-30,wk inc flu hosp,1,53,quantile,0.3,487,2027-02-06
2027-01-30,wk inc flu hosp,1,53,quantile,0.35,500,2027-02-06
2027-01-30,wk inc flu hosp,1,53,quantile,0.4,511,2027-02-06
2027-01-30,wk inc flu hosp,1,53,quantile,0.45,529,2027-02-06
2027-01-30,wk inc flu hosp,1,53,quantile,0.5,551,2027-02-06
2027-01-30,wk inc flu hosp,1,53,quantile,0.55,558,2027-02-06
2027-01-30,wk inc flu hosp,1,53,quantile,0.6,575,2027-02-06
2027-01-30,wk inc flu hosp,1,53,quantile,0.65,590,2027-02-06
2027-01-30,wk inc flu hosp,1,53,quantile,0.7,608,2027-02-06
2027-01-30,wk inc flu hosp,1,53,quantile,0.75,636,2027-02-06
2027-01-30,wk inc flu hosp,1,53,quantile,0.8,674,2027-02-06
2027-01-30,wk inc flu hosp,1,53,quantile,0.85,699,2027-02-06
2027-01-30,wk inc flu hosp,1,53,quantile,0.9,778,2027-02-06
2027-01-30,wk inc flu hosp,1,53,quantile,0.95,876,2027-02-06
2027-01-30,wk inc flu hosp,1,53,quantile,0.975,903,2027-02-06
2027-01-30,wk inc flu hosp,1,53,quantile,0.99,946,2027-02-06
2027-01-30,wk inc flu hosp,1,54,quantile,0.01,200,2027-02-06
2027-01-30,wk inc flu hosp,1,54,quantile,0.025,208,2027-02-06
2027-01-30,wk inc flu hosp,1,54,quantile,0.05,214,2027-02-06
2027-01-30,wk inc flu hosp,1,54,quantile,0.1,228,2027-02-06
2027-01-30,wk inc flu hosp,1,54,quantile,0.15,250,2027-02-06
2027-01-30,wk inc flu hosp,1,54,quantile,0.2,264,2027-02-06
2027-01-30,wk inc flu hosp,1,54,quantile,0.25,274,2027-02-06
2027-01-30,wk inc flu hosp,1,54,quantile,0.3,285,2027-02-06
2027-01-30,wk inc flu hosp,1,54,quantile,0.35,294,2027-02-06
2027-01-30,wk inc flu hosp,1,54,quantile,0.4,302,2027-02-06
2027-01-30,wk inc flu hosp,1,54,quantile,0.45,312,2027-02-06
2027-01-30,wk inc flu hosp,1,54,quantile,0.5,319,2027-02-06
2027-01-30,wk inc flu hosp,1,54,quantile,0.55,325,2027-02-06
2027-01-30,wk inc flu hosp,1,54,quantile,0.6,331,2027-02-06
2027-01-30,wk inc flu hosp,1,54,quantile,0.65,339,2027-02-06
2027-01-30,wk inc flu hosp,1,54,quantile,0.7,351,2027-02-06
2027-01-30,wk inc flu hosp,1,54,quantile,0.75,362,2027-02-06
2027-01-30,wk inc flu hosp,1,54,quantile,0.8,371,2027-02-06
2027-01-30,wk inc flu hosp,1,54,quantile,0.85,388,2027-02-06
2027-01-30,wk inc flu hosp,1,54,quantile,0.9,398,2027-02-06
2027-01-30,wk inc flu hosp,1,54,quantile,0.95,419,2027-02-06
2027-01-30,wk inc flu hosp,1,54,quantile,0.975,440,2027-02-06
2027-01-30,wk inc flu hosp,1,54,quantile,0.99,487,2027-02-06
2027-01-30,wk inc flu hosp,1,55,quantile,0.01,357,2027-02-06
2027-01-30,wk inc flu hosp,1,55,quantile,0.025,361,2027-02-06
2027-01-30,wk inc flu hosp,1,55,quantile,0.05,403,2027-02-06
2027-01-30,wk inc flu hosp,1,55,quantile,0.1,422,2027-02-06
2027-01-30,wk inc flu hosp,1,55,quantile,0.15,460,2027-02-06
2027-01-30,wk inc flu hosp,1,55,quantile,0.2,479,2027-02-06
2027-01-30,wk inc flu hosp,1,55,quantile,0.25,499,2027-02-06
2027-01-30,wk inc flu hosp,1,55,quantile,0.3,516,2027-02-06
2027-01-30,wk inc flu hosp,1,55,quantile,0.35,531,2027-02-06
2027-01-30,wk inc flu hosp,1,55,quantile,0.4,541,2027-02-06
2027-01-30,wk inc flu hosp,1,55,quantile,0.45,558,2027-02-06
2027-01-30,wk inc flu hosp,1,55,quantile,0.5,572,2027-02-06
2027-01-30,wk inc flu hosp,1,55,quantile,0.55,591,2027-02-06
2027-01-30,wk inc flu hosp,1,55,quantile,0.6,615,2027-02-06
2027-01-30,wk inc flu hosp,1,55,quantile,0.65,635,2027-02-06
2027-01-30,wk inc flu hosp,1,55,quantile,0.7,640,2027-02-06
2027-01-30,wk inc flu hosp,1,55,quantile,0.75,665,2027-02-06
2027-01-30,wk inc flu hosp,1,55,quantile,0.8,690,2027-02-06
2027-01-30,wk inc flu hosp,1,55,quantile,0.85,712,2027-02-06
2027-01-30,wk inc flu hosp,1,55,quantile,0.9,761,2027-02-06
2027-01-30,wk inc flu hosp,1,55,quantile,0.95,798,2027-02-06
2027-01-30,wk inc flu hosp,1,55,quantile,0.975,811,2027-02-06
2027-01-30,wk inc flu hosp,1,55,quantile,0.99,846,2027-02-06
2027-01-30,wk inc flu hosp,1,56,quantile,0.01,32,2027-02-06
2027-01-30,wk inc flu hosp,1,56,quantile,0.025,34,2027-02-06
2027-01-30,wk inc flu hosp,1,56,quantile,0.05,37,2027-02-06
2027-01-30,wk inc flu hosp,1,56,quantile,0.1,43,2027-02-06
2027-01-30,wk inc flu hosp,1,56,quantile,0.15,45,2027-02-06
2027-01-30,wk inc flu hosp,1,56,quantile,0.2,47,2027-02-06
2027-01-30,wk inc flu hosp,1,56,quantile,0.25,50,2027-02-06
2027-01-30,wk inc flu hosp,1,56,quantile,0.3,55,2027-02-06
2027-01-30,wk inc flu hosp,1,56,quantile,0.35,57,2027-02-06
2027-01-30,wk inc flu hosp,1,56,quantile,0.4,60,2027-02-06
2027-01-30,wk inc flu hosp,1,56,quantile,0.45,62,2027-02-06
2027-01-30,wk inc flu hosp,1,56,quantile,0.5,67,2027-02-06
2027-01-30,wk inc flu hosp,1,56,quantile,0.55,70,2027-02-06
2027-01-30,wk inc flu hosp,1,56,quantile,0.6,75,2027-02-06
2027-01-30,wk inc flu hosp,1,56,quantile,0.65,78,2027-02-06
2027-01-30,wk inc flu hosp,1,56,quantile,0.7,84,2027-02-06
2027-01-30,wk inc flu hosp,1,56,quantile,0.75,90,2027-02-06
2027-01-30,wk inc flu hosp,1,56,quantile,0.8,100,2027-02-06
2027-01-30,wk inc flu hosp,1,56,quantile,0.85,109,2027-02-06
2027-01-30,wk inc flu hosp,1,56,quantile,0.9,118,2027-02-06
2027-01-30,wk inc flu hosp,1,56,quantile,0.95,126,2027-02-06
2027-01-30,wk inc flu hosp,1,56,quantile,0.975,133,2027-02-06
2027-01-30,wk inc flu hosp,1,56,quantile,0.99,148,2027-02-06
2027-01-30,wk inc flu hosp,1,72,quantile,0.01,61,2027-02-06
2027-01-30,wk inc flu hosp,1,72,quantile,0.025,65,2027-02-06
2027-01-30,wk inc flu hosp,1,72,quantile,0.05,70,2027-02-06
2027-01-30,wk inc flu hosp,1,72,quantile,0.1,81,2027-02-06
2027-01-30,wk inc flu hosp,1,72,quantile,0.15,92,2027-02-06
2027-01-30,wk inc flu hosp,1,72,quantile,0.2,100,2027-02-06
2027-01-30,wk inc flu hosp,1,72,quantile,0.25,108,2027-02-06
2027-01-30,wk inc flu hosp,1,72,quantile,0.3,112,2027-02-06
2027-01-30,wk inc flu hosp,1,72,quantile,0.35,119,2027-02-06
2027-01-30,wk inc flu hosp,1,72,quantile,0.4,125,2027-02-06
2027-01-30,wk inc flu hosp,1,72,quantile,0.45,129,2027-02-06
2027-01-30,wk inc flu hosp,1,72,quantile,0.5,132,2027-02-06
2027-01-30,wk inc flu hosp,1,72,quantile,0.55,140,2027-02-06
2027-01-30,wk inc flu hosp,1,72,quantile,0.6,148,2027-02-06
2027-01-30,wk inc flu hosp,1,72,quantile,0.65,151,2027-02-06
2027-01-30,wk inc flu hosp,1,72,quantile,0.7,162,2027-02-06
2027-01-30,wk inc flu hosp,1,72,quantile,0.75,176,2027-02-06
2027-01-30,wk inc flu hosp,1,72,quantile,0.8,182,2027-02-06
2027-01-30,wk inc flu hosp,1,72,quantile,0.85,199,2027-02-06
2027-01-30,wk inc flu hosp,1,72,quantile,0.9,217,2027-02-06
2027-01-30,wk inc flu hosp,1,72,quantile,0.95,247,2027-02-06
2027-01-30,wk inc flu hosp,1,72,quantile,0.975,262,2027-02-06
2027-01-30,wk inc flu hosp,1,72,quantile,0.99,291,2027-02-06
2027-01-30,wk inc flu hosp,1,USA,quantile,0.01,29169,2027-02-06
2027-01-30,wk inc flu hosp,1,USA,quantile,0.025,29543,2027-02-06
2027-01-30,wk inc flu hosp,1,USA,quantile,0.05,31019,2027-02-06
2027-01-30,wk inc flu hosp,1,USA,quantile,0.1,31667,2027-02-06
2027-01-30,wk inc flu hosp,1,USA,quantile,0.15,32027,2027-02-06
2027-01-30,wk inc flu hosp,1,USA,quantile,0.2,32464,2027-02-06
2027-01-30,wk inc flu hosp,1,USA,quantile,0.25,32751,2027-02-06
2027-01-30,wk inc flu hosp,1,USA,quantile,0.3,33140,2027-02-06
2027-01-30,wk inc flu hosp,1,USA,quantile,0.35,33427,2027-02-06
2027-01-30,wk inc flu hosp,1,USA,quantile,0.4,33756,2027-02-06
2027-01-30,wk inc flu hosp,1,USA,quantile,0.45,34002,2027-02-06
2027-01-30,wk inc flu hosp,1,USA,quantile,0.5,34120,2027-02-06
2027-01-30,wk inc flu hosp,1,USA,quantile,0.55,34338,2027-02-06
2027-01-30,wk inc flu hosp,1,USA,quantile,0.6,34542,2027-02-06
2027-01-30,wk inc flu hosp,1,USA,quantile,0.65,34801,2027-02-06
2027-01-30,wk inc flu hosp,1,USA,quantile,0.7,35144,2027-02-06
2027-01-30,wk inc flu hosp,1,USA,quantile,0.75,35468,2027-02-06
2027-01-30,wk inc flu hosp,1,USA,quantile,0.8,35949,2027-02-06
2027-01-30,wk inc flu hosp,1,USA,quantile,0.85,36198,2027-02-06
2027-01-30,wk inc flu hosp,1,USA,quantile,0.9,36603,2027-02-06
2027-01-30,wk inc flu hosp,1,USA,quantile,0.95,37879,2027-02-06
2027-01-30,wk inc flu hosp,1,USA,quantile,0.975,38086,2027-02-06
2027-01-30,wk inc flu hosp,1,USA,quantile,0.99,38906,2027-02-06
2027-01-30,wk inc flu hosp,2,01,quantile,0.01,314,2027-02-13
2027-01-30,wk inc flu hosp,2,01,quantile,0.025,334,2027-02-13
2027-01-30,wk inc flu hosp,2,01,quantile,0.05,352,2027-02-13
2027-01-30,wk inc flu hosp,2,01,quantile,0.1,406,2027-02-13
2027-01-30,wk inc flu hosp,2,01,quantile,0.15,433,2027-02-13
2027-01-30,wk inc flu hosp,2,01,quantile,0.2,461,2027-02-13
2027-01-30,wk inc flu hosp,2,01,quantile,0.25,486,2027-02-13
2027-01-30,wk inc flu hosp,2,01,quantile,0.3,504,2027-02-13
2027-01-30,wk inc flu hosp,2,01,quantile,0.35,533,2027-02-13
2027-01-30,wk inc flu hosp,2,01,quantile,0.4,560,2027-02-13
2027-01-30,wk inc flu hosp,2,01,quantile,0.45,597,2027-02-13
2027-01-30,wk inc flu hosp,2,01,quantile,0.5,640,2027-02-13
2027-01-30,wk inc flu hosp,2,01,quantile,0.55,662,2027-02-13
2027-01-30,wk inc flu hosp,2,01,quantile,0.6,680,2027-02-13
2027-01-30,wk inc flu hosp,2,01,quantile,0.65,700,2027-02-13
2027-01-30,wk inc flu hosp,2,01,quantile,0.7,736,2027-02-13
2027-01-30,wk inc flu hosp,2,01,quantile,0.75,758,2027-02-13
2027-01-30,wk inc flu hosp,2,01,quantile,0.8,829,2027-02-13
2027-01-30,wk inc flu hosp,2,01,quantile,0.85,910,2027-02-13
2027-01-30,wk inc flu hosp,2,01,quantile,0.9,991,2027-02-13
2027-01-30,wk inc flu hosp,2,01,quantile,0.95,1075,2027-02-13
2027-01-30,wk inc flu hosp,2,01,quantile,0.975,1216,2027-02-13
2027-01-30,wk inc flu hosp,2,01,quantile,0.99,1362,2027-02-13
2027-01-30,wk inc flu hosp,2,02,quantile,0.01,4,2027-02-13
2027-01-30,wk inc flu hosp,2,02,quantile,0.025,7,2027-02-13
2027-01-30,wk inc flu hosp,2,02,quantile,0.05,9,2027-02-13
2027-01-30,wk inc flu hosp,2,02,quantile,0.1,11,2027-02-13
2027-01-30,wk inc flu hosp,2,02,quantile,0.15,14,2027-02-13
2027-01-30,wk inc flu hosp,2,02,quantile,0.2,16,2027-02-13
2027-01-30,wk inc flu hosp,2,02,quantile,0.25,18,2027-02-13
2027-01-30,wk inc flu hosp,2,02,quantile,0.3,20,2027-02-13
2027-01-30,wk inc flu hosp,2,02,quantile,0.35,21,2027-02-13
2027-01-30,wk inc flu hosp,2,02,quantile,0.4,23,2027-02-13
2027-01-30,wk inc flu hosp,2,02,quantile,0.45,24,2027-02-13
2027-01-30,wk inc flu hosp,2,02,quantile,0.5,26,2027-02-13
2027-01-30,wk inc flu hosp,2,02,quantile,0.55,28,2027-02-13
2027-01-30,wk inc flu hosp,2,02,quantile,0.6,30,2027-02-13
2027-01-30,wk inc flu hosp,2,02,quantile,0.65,31,2027-02-13
2027-01-30,wk inc flu hosp,2,02,quantile,0.7,34,2027-02-13
2027-01-30,wk inc flu hosp,2,02,quantile,0.75,37,2027-02-13
2027-01-30,wk inc flu hosp,2,02,quantile,0.8,39,2027-02-13
2027-01-30,wk inc flu hosp,2,02,quantile,0.85,43,2027-02-13
2027-01-30,wk inc flu hosp,2,02,quantile,0.9,48,2027-02-13
2027-01-30,wk inc flu hosp,2,02,quantile,0.95,55,2027-02-13
2027-01-30,wk inc flu hosp,2,02,quantile,0.975,63,2027-02-13
2027-01-30,wk inc flu hosp,2,02,quantile,0.99,80,2027-02-13
2027-01-30,wk inc flu hosp,2,04,quantile,0.01,281,2027-02-13
2027-01-30,wk inc flu hosp,2,04,quantile,0.025,296,2027-02-13
2027-01-30,wk inc flu hosp,2,04,quantile,0.05,310,2027-02-13
2027-01-30,wk inc flu hosp,2,04,quantile,0.1,372,2027-02-13
2027-01-30,wk inc flu hosp,2,04,quantile,0.15,411,2027-02-13
2027-01-30,wk inc flu hosp,2,04,quantile,0.2,454,2027-02-13
2027-01-30,wk inc flu hosp,2,04,quantile,0.25,468,2027-02-13
2027-01-30,wk inc flu hosp,2,04,quantile,0.3,484,2027-02-13
2027-01-30,wk inc flu hosp,2,04,quantile,0.35,496,2027-02-13
2027-01-30,wk inc flu hosp,2,04,quantile,0.4,532,2027-02-13
2027-01-30,wk inc flu hosp,2,04,quantile,0.45,541,2027-02-13
2027-01-30,wk inc flu hosp,2,04,quantile,0.5,563,2027-02-13
2027-01-30,wk inc flu hosp,2,04,quantile,0.55,587,2027-02-13
2027-01-30,wk inc flu hosp,2,04,quantile,0.6,611,2027-02-13
2027-01-30,wk inc flu hosp,2,04,quantile,0.65,625,2027-02-13
2027-01-30,wk inc flu hosp,2,04,quantile,0.7,652,2027-02-13
2027-01-30,wk inc flu hosp,2,04,quantile,0.75,670,2027-02-13
2027-01-30,wk inc flu hosp,2,04,quantile,0.8,705,2027-02-13
2027-01-30,wk inc flu hosp,2,04,quantile,0.85,758,2027-02-13
2027-01-30,wk inc flu hosp,2,04,quantile,0.9,816,2027-02-13
2027-01-30,wk inc flu hosp,2,04,quantile,0.95,874,2027-02-13
2027-01-30,wk inc flu hosp,2,04,quantile,0.975,1025,2027-02-13
2027-01-30,wk inc flu hosp,2,04,quantile,0.99,1056,2027-02-13
2027-01-30,wk inc flu hosp,2,05,quantile,0.01,332,2027-02-13
2027-01-30,wk inc flu hosp,2,05,quantile,0.025,351,2027-02-13
2027-01-30,wk inc flu hosp,2,05,quantile,0.05,365,2027-02-13
2027-01-30,wk inc flu hosp,2,05,quantile,0.1,411,2027-02-13
2027-01-30,wk inc flu hosp,2,05,quantile,0.15,429,2027-02-13
2027-01-30,wk inc flu hosp,2,05,quantile,0.2,444,2027-02-13
2027-01-30,wk inc flu hosp,2,05,quantile,0.25,459,2027-02-13
2027-01-30,wk inc flu hosp,2,05,quantile,0.3,478,2027-02-13
2027-01-30,wk inc flu hosp,2,05,quantile,0.35,495,2027-02-13
2027-01-30,wk inc flu hosp,2,05,quantile,0.4,509,2027-02-13
2027-01-30,wk inc flu hosp,2,05,quantile,0.45,533,2027-02-13
2027-01-30,wk inc flu hosp,2,05,quantile,0.5,546,2027-02-13
2027-01-30,wk inc flu hosp,2,05,quantile,0.55,558,2027-02-13
2027-01-30,wk inc flu hosp,2,05,quantile,0.6,574,2027-02-13
2027-01-30,wk inc flu hosp,2,05,quantile,0.65,598,2027-02-13
2027-01-30,wk inc flu hosp,2,05,quantile,0.7,612,2027-02-13
2027-01-30,wk inc flu hosp,2,05,quantile,0.75,635,2027-02-13
2027-01-30,wk inc flu hosp,2,05,quantile,0.8,657,2027-02-13
2027-01-30,wk inc flu hosp,2,05,quantile,0.85,681,2027-02-13
2027-01-30,wk inc flu hosp,2,05,quantile,0.9,716,2027-02-13
2027-01-30,wk inc flu hosp,2,05,quantile,0.95,771,2027-02-13
2027-01-30,wk inc flu hosp,2,05,quantile,0.975,850,2027-02-13
2027-01-30,wk inc flu hosp,2,05,quantile,0.99,932,2027-02-13
2027-01-30,wk inc flu hosp,2,06,quantile,0.01,1329,2027-02-13
2027-01-30,wk inc flu hosp,2,06,quantile,0.025,1429,2027-02-13
2027-01-30,wk inc flu hosp,2,06,quantile,0.05,1530,2027-02-13
2027-01-30,wk inc flu hosp,2,06,quantile,0.1,1778,2027-02-13
2027-01-30,wk inc flu hosp,2,06,quantile,0.15,1985,2027-02-13
2027-01-30,wk inc flu hosp,2,06,quantile,0.2,2102,2027-02-13
2027-01-30,wk inc flu hosp,2,06,quantile,0.25,2232,2027-02-13
2027-01-30,wk inc flu hosp,2,06,quantile,0.3,2317,2027-02-13
2027-01-30,wk inc flu hosp,2,06,quantile,0.35,2435,2027-02-13
2027-01-30,wk inc flu hosp,2,06,quantile,0.4,2534,2027-02-13
2027-01-30,wk inc flu hosp,2,06,quantile,0.45,2632,2027-02-13
2027-01-30,wk inc flu hosp,2,06,quantile,0.5,2770,2027-02-13
2027-01-30,wk inc flu hosp,2,06,quantile,0.55,2889,2027-02-13
2027-01-30,wk inc flu hosp,2,06,quantile,0.6,2981,2027-02-13
2027-01-30,wk inc flu hosp,2,06,quantile,0.65,3050,2027-02-13
2027-01-30,wk inc flu hosp,2,06,quantile,0.7,3122,2027-02-13
2027-01-30,wk inc flu hosp,2,06,quantile,0.75,3169,2027-02-13
2027-01-30,wk inc flu hosp,2,06,quantile,0.8,3502,2027-02-13
2027-01-30,wk inc flu hosp,2,06,quantile,0.85,3612,2027-02-13
2027-01-30,wk inc flu hosp,2,06,quantile,0.9,3784,2027-02-13
2027-01-30,wk inc flu hosp,2,06,quantile,0.95,4053,2027-02-13
2027-01-30,wk inc flu hosp,2,06,quantile,0.975,4250,2027-02-13
2027-01-30,wk inc flu hosp,2,06,quantile,0.99,4499,2027-02-13
2027-01-30,wk inc flu hosp,2,08,quantile,0.01,152,2027-02-13
2027-01-30,wk inc flu hosp,2,08,quantile,0.025,202,2027-02-13
2027-01-30,wk inc flu hosp,2,08,quantile,0.05,214,2027-02-13
2027-01-30,wk inc flu hosp,2,08,quantile,0.1,246,2027-02-13
2027-01-30,wk inc flu hosp,2,08,quantile,0.15,261,2027-02-13
2027-01-30,wk inc flu hosp,2,08,quantile,0.2,271,2027-02-13
2027-01-30,wk inc flu hosp,2,08,quantile,0.25,284,2027-02-13
2027-01-30,wk inc flu hosp,2,08,quantile,0.3,298,2027-02-13
2027-01-30,wk inc flu hosp,2,08,quantile,0.35,313,2027-02-13
2027-01-30,wk inc flu hosp,2,08,quantile,0.4,318,2027-02-13
2027-01-30,wk inc flu hosp,2,08,quantile,0.45,325,2027-02-13
2027-01-30,wk inc flu hosp,2,08,quantile,0.5,338,2027-02-13
2027-01-30,wk inc flu hosp,2,08,quantile,0.55,345,2027-02-13
2027-01-30,wk inc flu hosp,2,08,quantile,0.6,363,2027-02-13
2027-01-30,wk inc flu hosp,2,08,quantile,0.65,373,2027-02-13
2027-01-30,wk inc flu hosp,2,08,quantile,0.7,380,2027-02-13
2027-01-30,wk inc flu hosp,2,08,quantile,0.75,395,2027-02-13
2027-01-30,wk inc flu hosp,2,08,quantile,0.8,406,2027-02-13
2027-01-30,wk inc flu hosp,2,08,quantile,0.85,426,2027-02-13
2027-01-30,wk inc flu hosp,2,08,quantile,0.9,451,2027-02-13
2027-01-30,wk inc flu hosp,2,08,quantile,0.95,486,2027-02-13
2027-01-30,wk inc flu hosp,2,08,quantile,0.975,604,2027-02-13
2027-01-30,wk inc flu hosp,2,08,quantile,0.99,624,2027-02-13
2027-01-30,wk inc flu hosp,2,09,quantile,0.01,113,2027-02-13
2027-01-30,wk inc flu hosp,2,09,quantile,0.025,123,2027-02-13
2027-01-30,wk inc flu hosp,2,09,quantile,0.05,139,2027-02-13
2027-01-30,wk inc flu hosp,2,09,quantile,0.1,155,2027-02-13
2027-01-30,wk inc flu hosp,2,09,quantile,0.15,170,2027-02-13
2027-01-30,wk inc flu hosp,2,09,quantile,0.2,177,2027-02-13
2027-01-30,wk inc flu hosp,2,09,quantile,0.25,188,2027-02-13
2027-01-30,wk inc flu hosp,2,09,quantile,0.3,196,2027-02-13
2027-01-30,wk inc flu hosp,2,09,quantile,0.35,208,2027-02-13
2027-01-30,wk inc flu hosp,2,09,quantile,0.4,215,2027-02-13
2027-01-30,wk inc flu hosp,2,09,quantile,0.45,223,2027-02-13
2027-01-30,wk inc flu hosp,2,09,quantile,0.5,232,2027-02-13
2027-01-30,wk inc flu hosp,2,09,quantile,0.55,242,2027-02-13
2027-01-30,wk inc flu hosp,2,09,quantile,0.6,261,2027-02-13
2027-01-30,wk inc flu hosp,2,09,quantile,0.65,277,2027-02-13
2027-01-30,wk inc flu hosp,2,09,quantile,0.7,294,2027-02-13
2027-01-30,wk inc flu hosp,2,09,quantile,0.75,313,2027-02-13
2027-01-30,wk inc flu hosp,2,09,quantile,0.8,344,2027-02-13
2027-01-30,wk inc flu hosp,2,09,quantile,0.85,370,2027-02-13
2027-01-30,wk inc flu hosp,2,09,quantile,0.9,406,2027-02-13
2027-01-30,wk inc flu hosp,2,09,quantile,0.95,514,2027-02-13
2027-01-30,wk inc flu hosp,2,09,quantile,0.975,571,2027-02-13
2027-01-30,wk inc flu hosp,2,09,quantile,0.99,652,2027-02-13
2027-01-30,wk inc flu hosp,2,10,quantile,0.01,57,2027-02-13
2027-01-30,wk inc flu hosp,2,10,quantile,0.025,65,2027-02-13
2027-01-30,wk inc flu hosp,2,10,quantile,0.05,73,2027-02-13
2027-01-30,wk inc flu hosp,2,10,quantile,0.1,83,2027-02-13
2027-01-30,wk inc flu hosp,2,10,quantile,0.15,93,2027-02-13
2027-01-30,wk inc flu hosp,2,10,quantile,0.2,95,2027-02-13
2027-01-30,wk inc flu hosp,2,10,quantile,0.25,101,2027-02-13
2027-01-30,wk inc flu hosp,2,10,quantile,0.3,110,2027-02-13
2027-01-30,wk inc flu hosp,2,10,quantile,0.35,115,2027-02-13
2027-01-30,wk inc flu hosp,2,10,quantile,0.4,123,2027-02-13
2027-01-30,wk inc flu hosp,2,10,quantile,0.45,128,2027-02-13
2027-01-30,wk inc flu hosp,2,10,quantile,0.5,132,2027-02-13
2027-01-30,wk inc flu hosp,2,10,quantile,0.55,136,2027-02-13
2027-01-30,wk inc flu hosp,2,10,quantile,0.6,141,2027-02-13
2027-01-30,wk inc flu hosp,2,10,quantile,0.65,148,2027-02-13
2027-01-30,wk inc flu hosp,2,10,quantile,0.7,155,2027-02-13
2027-01-30,wk inc flu hosp,2,10,quantile,0.75,161,2027-02-13
2027-01-30,wk inc flu hosp,2,10,quantile,0.8,170,2027-02-13
2027-01-30,wk inc flu hosp,2,10,quantile,0.85,183,2027-02-13
2027-01-30,wk inc flu hosp,2,10,quantile,0.9,197,2027-02-13
2027-01-30,wk inc flu hosp,2,10,quantile,0.95,213,2027-02-13
2027-01-30,wk inc flu hosp,2,10,quantile,0.975,238,2027-02-13
2027-01-30,wk inc flu hosp,2,10,quantile,0.99,260,2027-02-13
2027-01-30,wk inc flu hosp,2,11,quantile,0.01,9,2027-02-13
2027-01-30,wk inc flu hosp,2,11,quantile,0.025,19,2027-02-13
2027-01-30,wk inc flu hosp,2,11,quantile,0.05,23,2027-02-13
2027-01-30,wk inc flu hosp,2,11,quantile,0.1,30,2027-02-13
2027-01-30,wk inc flu hosp,2,11,quantile,0.15,38,2027-02-13
2027-01-30,wk inc flu hosp,2,11,quantile,0.2,42,2027-02-13
2027-01-30,wk inc flu hosp,2,11,quantile,0.25,48,2027-02-13
2027-01-30,wk inc flu hosp,2,11,quantile,0.3,51,2027-02-13
2027-01-30,wk inc flu hosp,2,11,quantile,0.35,55,2027-02-13
2027-01-30,wk inc flu hosp,2,11,quantile,0.4,58,2027-02-13
2027-01-30,wk inc flu hosp,2,11,quantile,0.45,62,2027-02-13
2027-01-30,wk inc flu hosp,2,11,quantile,0.5,65,2027-02-13
2027-01-30,wk inc flu hosp,2,11,quantile,0.55,70,2027-02-13
2027-01-30,wk inc flu hosp,2,11,quantile,0.6,76,2027-02-13
2027-01-30,wk inc flu hosp,2,11,quantile,0.65,85,2027-02-13
2027-01-30,wk inc flu hosp,2,11,quantile,0.7,91,2027-02-13
2027-01-30,wk inc flu hosp,2,11,quantile,0.75,99,2027-02-13
2027-01-30,wk inc flu hosp,2,11,quantile,0.8,104,2027-02-13
2027-01-30,wk inc flu hosp,2,11,quantile,0.85,111,2027-02-13
2027-01-30,wk inc flu hosp,2,11,quantile,0.9,130,2027-02-13
2027-01-30,wk inc flu hosp,2,11,quantile,0.95,158,2027-02-13
2027-01-30,wk inc flu hosp,2,11,quantile,0.975,171,2027-02-13
2027-01-30,wk inc flu hosp,2,11,quantile,0.99,228,2027-02-13
2027-01-30,wk inc flu hosp,2,12,quantile,0.01,1410,2027-02-13
2027-01-30,wk inc flu hosp,2,12,quantile,0.025,1486,2027-02-13
2027-01-30,wk inc flu hosp,2,12,quantile,0.05,1571,2027-02-13
2027-01-30,wk inc flu hosp,2,12,quantile,0.1,1800,2027-02-13
2027-01-30,wk inc flu hosp,2,12,quantile,0.15,1917,2027-02-13
2027-01-30,wk inc flu hosp,2,12,quantile,0.2,2089,2027-02-13
2027-01-30,wk inc flu hosp,2,12,quantile,0.25,2166,2027-02-13
2027-01-30,wk inc flu hosp,2,12,quantile,0.3,2245,2027-02-13
2027-01-30,wk inc flu hosp,2,12,quantile,0.35,2361,2027-02-13
2027-01-30,wk inc flu hosp,2,12,quantile,0.4,2415,2027-02-13
2027-01-30,wk inc flu hosp,2,12,quantile,0.45,2477,2027-02-13
2027-01-30,wk inc flu hosp,2,12,quantile,0.5,2570,2027-02-13
2027-01-30,wk inc flu hosp,2,12,quantile,0.55,2606,2027-02-13
2027-01-30,wk inc flu hosp,2,12,quantile,0.6,2687,2027-02-13
2027-01-30,wk inc flu hosp,2,12,quantile,0.65,2755,2027-02-13
2027-01-30,wk inc flu hosp,2,12,quantile,0.7,2832,2027-02-13
2027-01-30,wk inc flu hosp,2,12,quantile,0.75,2927,2027-02-13
2027-01-30,wk inc flu hosp,2,12,quantile,0.8,3069,2027-02-13
2027-01-30,wk inc flu hosp,2,12,quantile,0.85,3149,2027-02-13
2027-01-30,wk inc flu hosp,2,12,quantile,0.9,3346,2027-02-13
2027-01-30,wk inc flu hosp,2,12,quantile,0.95,3594,2027-02-13
2027-01-30,wk inc flu hosp,2,12,quantile,0.975,4017,2027-02-13
2027-01-30,wk inc flu hosp,2,12,quantile,0.99,4340,2027-02-13
2027-01-30,wk inc flu hosp,2,13,quantile,0.01,484,2027-02-13
2027-01-30,wk inc flu hosp,2,13,quantile,0.025,525,2027-02-13
2027-01-30,wk inc flu hosp,2,13,quantile,0.05,582,2027-02-13
2027-01-30,wk inc flu hosp,2,13,quantile,0.1,613,2027-02-13
2027-01-30,wk inc flu hosp,2,13,quantile,0.15,669,2027-02-13
2027-01-30,wk inc flu hosp,2,13,quantile,0.2,749,2027-02-13
2027-01-30,wk inc flu hosp,2,13,quantile,0.25,779,2027-02-13
2027-01-30,wk inc flu hosp,2,13,quantile,0.3,826,2027-02-13
2027-01-30,wk inc flu hosp,2,13,quantile,0.35,870,2027-02-13
2027-01-30,wk inc flu hosp,2,13,quantile,0.4,908,2027-02-13
2027-01-30,wk inc flu hosp,2,13,quantile,0.45,968,2027-02-13
2027-01-30,wk inc flu hosp,2,13,quantile,0.5,1010,2027-02-13
2027-01-30,wk inc flu hosp,2,13,quantile,0.55,1036,2027-02-13
2027-01-30,wk inc flu hosp,2,13,quantile,0.6,1074,2027-02-13
2027-01-30,wk inc flu hosp,2,13,quantile,0.65,1132,2027-02-13
2027-01-30,wk inc flu hosp,2,13,quantile,0.7,1174,2027-02-13
2027-01-30,wk inc flu hosp,2,13,quantile,0.75,1250,2027-02-13
2027-01-30,wk inc flu hosp,2,13,quantile,0.8,1302,2027-02-13
2027-01-30,wk inc flu hosp,2,13,quantile,0.85,1386,2027-02-13
2027-01-30,wk inc flu hosp,2,13,quantile,0.9,1545,2027-02-13
2027-01-30,wk inc flu hosp,2,13,quantile,0.95,1734,2027-02-13
2027-01-30,wk inc flu hosp,2,13,quantile,0.975,1955,2027-02-13
2027-01-30,wk inc flu hosp,2,13,quantile,0.99,2230,2027-02-13
2027-01-30,wk inc flu hosp,2,15,quantile,0.01,9,2027-02-13
2027-01-30,wk inc flu hosp,2,15,quantile,0.025,10,2027-02-13
2027-01-30,wk inc flu hosp,2,15,quantile,0.05,15,2027-02-13
2027-01-30,wk inc flu hosp,2,15,quantile,0.1,17,2027-02-13
2027-01-30,wk inc flu hosp,2,15,quantile,0.15,20,2027-02-13
2027-01-30,wk inc flu hosp,2,15,quantile,0.2,21,2027-02-13
2027-01-30,wk inc flu hosp,2,15,quantile,0.25,23,2027-02-13
2027-01-30,wk inc flu hosp,2,15,quantile,0.3,26,2027-02-13
2027-01-30,wk inc flu hosp,2,15,quantile,0.35,27,2027-02-13
2027-01-30,wk inc flu hosp,2,15,quantile,0.4,29,2027-02-13
2027-01-30,wk inc flu hosp,2,15,quantile,0.45,31,2027-02-13
2027-01-30,wk inc flu hosp,2,15,quantile,0.5,32,2027-02-13
2027-01-30,wk inc flu hosp,2,15,quantile,0.55,34,2027-02-13
2027-01-30,wk inc flu hosp,2,15,quantile,0.6,35,2027-02-13
2027-01-30,wk inc flu hosp,2,15,quantile,0.65,36,2027-02-13
2027-01-30,wk inc flu hosp,2,15,quantile,0.7,39,2027-02-13
2027-01-30,wk inc flu hosp,2,15,quantile,0.75,40,2027-02-13
2027-01-30,wk inc flu hosp,2,15,quantile,0.8,43,2027-02-13
2027-01-30,wk inc flu hosp,2,15,quantile,0.85,46,2027-02-13
2027-01-30,wk inc flu hosp,2,15,quantile,0.9,52,2027-02-13
2027-01-30,wk inc flu hosp,2,15,quantile,0.95,59,2027-02-13
2027-01-30,wk inc flu hosp,2,15,quantile,0.975,64,2027-02-13
2027-01-30,wk inc flu hosp,2,15,quantile,0.99,74,2027-02-13
2027-01-30,wk inc flu hosp,2,16,quantile,0.01,89,2027-02-13
2027-01-30,wk inc flu hosp,2,16,quantile,0.025,96,2027-02-13
2027-01-30,wk inc flu hosp,2,16,quantile,0.05,103,2027-02-13
2027-01-30,wk inc flu hosp,2,16,quantile,0.1,115,2027-02-13
2027-01-30,wk inc flu hosp,2,16,quantile,0.15,122,2027-02-13
2027-01-30,wk inc flu hosp,2,16,quantile,0.2,125,2027-02-13
2027-01-30,wk inc flu hosp,2,16,quantile,0.25,128,2027-02-13
2027-01-30,wk inc flu hosp,2,16,quantile,0.3,133,2027-02-13
2027-01-30,wk inc flu hosp,2,16,quantile,0.35,136,2027-02-13
2027-01-30,wk inc flu hosp,2,16,quantile,0.4,141,2027-02-13
2027-01-30,wk inc flu hosp,2,16,quantile,0.45,145,2027-02-13
2027-01-30,wk inc flu hosp,2,16,quantile,0.5,148,2027-02-13
2027-01-30,wk inc flu hosp,2,16,quantile,0.55,157,2027-02-13
2027-01-30,wk inc flu hosp,2,16,quantile,0.6,161,2027-02-13
2027-01-30,wk inc flu hosp,2,16,quantile,0.65,164,2027-02-13
2027-01-30,wk inc flu hosp,2,16,quantile,0.7,172,2027-02-13
2027-01-30,wk inc flu hosp,2,16,quantile,0.75,184,2027-02-13
2027-01-30,wk inc flu hosp,2,16,quantile,0.8,194,2027-02-13
2027-01-30,wk inc flu hosp,2,16,quantile,0.85,201,2027-02-13
2027-01-30,wk inc flu hosp,2,16,quantile,0.9,221,2027-02-13
2027-01-30,wk inc flu hosp,2,16,quantile,0.95,257,2027-02-13
2027-01-30,wk inc flu hosp,2,16,quantile,0.975,271,2027-02-13
2027-01-30,wk inc flu hosp,2,16,quantile,0.99,294,2027-02-13
2027-01-30,wk inc flu hosp,2,17,quantile,0.01,838,2027-02-13
2027-01-30,wk inc flu hosp,2,17,quantile,0.025,859,2027-02-13
2027-01-30,wk inc flu hosp,2,17,quantile,0.05,908,2027-02-13
2027-01-30,wk inc flu hosp,2,17,quantile,0.1,962,2027-02-13
2027-01-30,wk inc flu hosp,2,17,quantile,0.15,999,2027-02-13
2027-01-30,wk inc flu hosp,2,17,quantile,0.2,1027,2027-02-13
2027-01-30,wk inc flu hosp,2,17,quantile,0.25,1043,2027-02-13
2027-01-30,wk inc flu hosp,2,17,quantile,0.3,1072,2027-02-13
2027-01-30,wk inc flu hosp,2,17,quantile,0.35,1087,2027-02-13
2027-01-30,wk inc flu hosp,2,17,quantile,0.4,1102,2027-02-13
2027-01-30,wk inc flu hosp,2,17,quantile,0.45,1143,2027-02-13
2027-01-30,wk inc flu hosp,2,17,quantile,0.5,1199,2027-02-13
2027-01-30,wk inc flu hosp,2,17,quantile,0.55,1238,2027-02-13
2027-01-30,wk inc flu hosp,2,17,quantile,0.6,1280,2027-02-13
2027-01-30,wk inc flu hosp,2,17,quantile,0.65,1328,2027-02-13
2027-01-30,wk inc flu hosp,2,17,quantile,0.7,1360,2027-02-13
2027-01-30,wk inc flu hosp,2,17,quantile,0.75,1394,2027-02-13
2027-01-30,wk inc flu hosp,2,17,quantile,0.8,1475,2027-02-13
2027-01-30,wk inc flu hosp,2,17,quantile,0.85,1565,2027-02-13
2027-01-30,wk inc flu hosp,2,17,quantile,0.9,1698,2027-02-13
2027-01-30,wk inc flu hosp,2,17,quantile,0.95,1915,2027-02-13
2027-01-30,wk inc flu hosp,2,17,quantile,0.975,1962,2027-02-13
2027-01-30,wk inc flu hosp,2,17,quantile,0.99,2021,2027-02-13
2027-01-30,wk inc flu hosp,2,18,quantile,0.01,807,2027-02-13
2027-01-30,wk inc flu hosp,2,18,quantile,0.025,832,2027-02-13
2027-01-30,wk inc flu hosp,2,18,quantile,0.05,883,2027-02-13
2027-01-30,wk inc flu hosp,2,18,quantile,0.1,992,2027-02-13
2027-01-30,wk inc flu hosp,2,18,quantile,0.15,1078,2027-02-13
2027-01-30,wk inc flu hosp,2,18,quantile,0.2,1121,2027-02-13
2027-01-30,wk inc flu hosp,2,18,quantile,0.25,1158,2027-02-13
2027-01-30,wk inc flu hosp,2,18,quantile,0.3,1184,2027-02-13
2027-01-30,wk inc flu hosp,2,18,quantile,0.35,1223,2027-02-13
2027-01-30,wk inc flu hosp,2,18,quantile,0.4,1258,2027-02-13
2027-01-30,wk inc flu hosp,2,18,quantile,0.45,1304,2027-02-13
2027-01-30,wk inc flu hosp,2,18,quantile,0.5,1336,2027-02-13
2027-01-30,wk inc flu hosp,2,18,quantile,0.55,1391,2027-02-13
2027-01-30,wk inc flu hosp,2,18,quantile,0.6,1430,2027-02-13
2027-01-30,wk inc flu hosp,2,18,quantile,0.65,1468,2027-02-13
2027-01-30,wk inc flu hosp,2,18,quantile,0.7,1536,2027-02-13
2027-01-30,wk inc flu hosp,2,18,quantile,0.75,1646,2027-02-13
2027-01-30,wk inc flu hosp,2,18,quantile,0.8,1697,2027-02-13
2027-01-30,wk inc flu hosp,2,18,quantile,0.85,1757,2027-02-13
2027-01-30,wk inc flu hosp,2,18,quantile,0.9,1936,2027-02-13
2027-01-30,wk inc flu hosp,2,18,quantile,0.95,2190,2027-02-13
2027-01-30,wk inc flu hosp,2,18,quantile,0.975,2490,2027-02-13
2027-01-30,wk inc flu hosp,2,18,quantile,0.99,2570,2027-02-13
2027-01-30,wk inc flu hosp,2,19,quantile,0.01,201,2027-02-13
2027-01-30,wk inc flu hosp,2,19,quantile,0.025,218,2027-02-13
2027-01-30,wk inc flu hosp,2,19,quantile,0.05,238,2027-02-13
2027-01-30,wk inc flu hosp,2,19,quantile,0.1,258,2027-02-13
2027-01-30,wk inc flu hosp,2,19,quantile,0.15,281,2027-02-13
2027-01-30,wk inc flu hosp,2,19,quantile,0.2,297,2027-02-13
2027-01-30,wk inc flu hosp,2,19,quantile,0.25,318,2027-02-13
2027-01-30,wk inc flu hosp,2,19,quantile,0.3,329,2027-02-13
2027-01-30,wk inc flu hosp,2,19,quantile,0.35,341,2027-02-13
2027-01-30,wk inc flu hosp,2,19,quantile,0.4,361,2027-02-13
2027-01-30,wk inc flu hosp,2,19,quantile,0.45,375,2027-02-13
2027-01-30,wk inc flu hosp,2,19,quantile,0.5,394,2027-02-13
2027-01-30,wk inc flu hosp,2,19,quantile,0.55,417,2027-02-13
2027-01-30,wk inc flu hosp,2,19,quantile,0.6,433,2027-02-13
2027-01-30,wk inc flu hosp,2,19,quantile,0.65,447,2027-02-13
2027-01-30,wk inc flu hosp,2,19,quantile,0.7,455,2027-02-13
2027-01-30,wk inc flu hosp,2,19,quantile,0.75,475,2027-02-13
2027-01-30,wk inc flu hosp,2,19,quantile,0.8,506,2027-02-13
2027-01-30,wk inc flu hosp,2,19,quantile,0.85,548,2027-02-13
2027-01-30,wk inc flu hosp,2,19,quantile,0.9,595,2027-02-13
2027-01-30,wk inc flu hosp,2,19,quantile,0.95,635,2027-02-13
2027-01-30,wk inc flu hosp,2,19,quantile,0.975,719,2027-02-13
2027-01-30,wk inc flu hosp,2,19,quantile,0.99,771,2027-02-13
2027-01-30,wk inc flu hosp,2,20,quantile,0.01,216,2027-02-13
2027-01-30,wk inc flu hosp,2,20,quantile,0.025,276,2027-02-13
2027-01-30,wk inc flu hosp,2,20,quantile,0.05,323,2027-02-13
2027-01-30,wk inc flu hosp,2,20,quantile,0.1,353,2027-02-13
2027-01-30,wk inc flu hosp,2,20,quantile,0.15,372,2027-02-13
2027-01-30,wk inc flu hosp,2,20,quantile,0.2,406,2027-02-13
2027-01-30,wk inc flu hosp,2,20,quantile,0.25,427,2027-02-13
2027-01-30,wk inc flu hosp,2,20,quantile,0.3,445,2027-02-13
2027-01-30,wk inc flu hosp,2,20,quantile,0.35,455,2027-02-13
2027-01-30,wk inc flu hosp,2,20,quantile,0.4,479,2027-02-13
2027-01-30,wk inc flu hosp,2,20,quantile,0.45,501,2027-02-13
2027-01-30,wk inc flu hosp,2,20,quantile,0.5,528,2027-02-13
2027-01-30,wk inc flu hosp,2,20,quantile,0.55,548,2027-02-13
2027-01-30,wk inc flu hosp,2,20,quantile,0.6,571,2027-02-13
2027-01-30,wk inc flu hosp,2,20,quantile,0.65,592,2027-02-13
2027-01-30,wk inc flu hosp,2,20,quantile,0.7,622,2027-02-13
2027-01-30,wk inc flu hosp,2,20,quantile,0.75,664,2027-02-13
2027-01-30,wk inc flu hosp,2,20,quantile,0.8,699,2027-02-13
2027-01-30,wk inc flu hosp,2,20,quantile,0.85,765,2027-02-13
2027-01-30,wk inc flu hosp,2,20,quantile,0.9,784,2027-02-13
2027-01-30,wk inc flu hosp,2,20,quantile,0.95,899,2027-02-13
2027-01-30,wk inc flu hosp,2,20,quantile,0.975,944,2027-02-13
2027-01-30,wk inc flu hosp,2,20,quantile,0.99,1055,2027-02-13
2027-01-30,wk inc flu hosp,2,21,quantile,0.01,511,2027-02-13
2027-01-30,wk inc flu hosp,2,21,quantile,0.025,526,2027-02-13
2027-01-30,wk inc flu hosp,2,21,quantile,0.05,555,2027-02-13
2027-01-30,wk inc flu hosp,2,21,quantile,0.1,615,2027-02-13
2027-01-30,wk inc flu hosp,2,21,quantile,0.15,649,2027-02-13
2027-01-30,wk inc flu hosp,2,21,quantile,0.2,666,2027-02-13
2027-01-30,wk inc flu hosp,2,21,quantile,0.25,690,2027-02-13
2027-01-30,wk inc flu hosp,2,21,quantile,0.3,706,2027-02-13
2027-01-30,wk inc flu hosp,2,21,quantile,0.35,719,2027-02-13
2027-01-30,wk inc flu hosp,2,21,quantile,0.4,739,2027-02-13
2027-01-30,wk inc flu hosp,2,21,quantile,0.45,756,2027-02-13
2027-01-30,wk inc flu hosp,2,21,quantile,0.5,772,2027-02-13
2027-01-30,wk inc flu hosp,2,21,quantile,0.55,796,2027-02-13
2027-01-30,wk inc flu hosp,2,21,quantile,0.6,826,2027-02-13
2027-01-30,wk inc flu hosp,2,21,quantile,0.65,848,2027-02-13
2027-01-30,wk inc flu hosp,2,21,quantile,0.7,890,2027-02-13
2027-01-30,wk inc flu hosp,2,21,quantile,0.75,920,2027-02-13
2027-01-30,wk inc flu hosp,2,21,quantile,0.8,976,2027-02-13
2027-01-30,wk inc flu hosp,2,21,quantile,0.85,1005,2027-02-13
2027-01-30,wk inc flu hosp,2,21,quantile,0.9,1055,2027-02-13
2027-01-30,wk inc flu hosp,2,21,quantile,0.95,1144,2027-02-13
2027-01-30,wk inc flu hosp,2,21,quantile,0.975,1207,2027-02-13
2027-01-30,wk inc flu hosp,2,21,quantile,0.99,1237,2027-02-13
2027-01-30,wk inc flu hosp,2,22,quantile,0.01,170,2027-02-13
2027-01-30,wk inc flu hosp,2,22,quantile,0.025,211,2027-02-13
2027-01-30,wk inc flu hosp,2,22,quantile,0.05,230,2027-02-13
2027-01-30,wk inc flu hosp,2,22,quantile,0.1,259,2027-02-13
2027-01-30,wk inc flu hosp,2,22,quantile,0.15,270,2027-02-13
2027-01-30,wk inc flu hosp,2,22,quantile,0.2,314,2027-02-13
2027-01-30,wk inc flu hosp,2,22,quantile,0.25,326,2027-02-13
2027-01-30,wk inc flu hosp,2,22,quantile,0.3,337,2027-02-13
2027-01-30,wk inc flu hosp,2,22,quantile,0.35,355,2027-02-13
2027-01-30,wk inc flu hosp,2,22,quantile,0.4,373,2027-02-13
2027-01-30,wk inc flu hosp,2,22,quantile,0.45,388,2027-02-13
2027-01-30,wk inc flu hosp,2,22,quantile,0.5,399,2027-02-13
2027-01-30,wk inc flu hosp,2,22,quantile,0.55,421,2027-02-13
2027-01-30,wk inc flu hosp,2,22,quantile,0.6,440,2027-02-13
2027-01-30,wk inc flu hosp,2,22,quantile,0.65,457,2027-02-13
2027-01-30,wk inc flu hosp,2,22,quantile,0.7,482,2027-02-13
2027-01-30,wk inc flu hosp,2,22,quantile,0.75,503,2027-02-13
2027-01-30,wk inc flu hosp,2,22,quantile,0.8,532,2027-02-13
2027-01-30,wk inc flu hosp,2,22,quantile,0.85,570,2027-02-13
2027-01-30,wk inc flu hosp,2,22,quantile,0.9,596,2027-02-13
2027-01-30,wk inc flu hosp,2,22,quantile,0.95,661,2027-02-13
2027-01-30,wk inc flu hosp,2,22,quantile,0.975,734,2027-02-13
2027-01-30,wk inc flu hosp,2,22,quantile,0.99,821,2027-02-13
2027-01-30,wk inc flu hosp,2,23,quantile,0.01,69,2027-02-13
2027-01-30,wk inc flu hosp,2,23,quantile,0.025,78,2027-02-13
2027-01-30,wk inc flu hosp,2,23,quantile,0.05,85,2027-02-13
2027-01-30,wk inc flu hosp,2,23,quantile,0.1,97,2027-02-13
2027-01-30,wk inc flu hosp,2,23,quantile,0.15,105,2027-02-13
2027-01-30,wk inc flu hosp,2,23,quantile,0.2,112,2027-02-13
2027-01-30,wk inc flu hosp,2,23,quantile,0.25,117,2027-02-13
2027-01-30,wk inc flu hosp,2,23,quantile,0.3,121,2027-02-13
2027-01-30,wk inc flu hosp,2,23,quantile,0.35,127,2027-02-13
2027-01-30,wk inc flu hosp,2,23,quantile,0.4,133,2027-02-13
2027-01-30,wk inc flu hosp,2,23,quantile,0.45,138,2027-02-13
2027-01-30,wk inc flu hosp,2,23,quantile,0.5,142,2027-02-13
2027-01-30,wk inc flu hosp,2,23,quantile,0.55,147,2027-02-13
2027-01-30,wk inc flu hosp,2,23,quantile,0.6,152,2027-02-13
2027-01-30,wk inc flu hosp,2,23,quantile,0.65,160,2027-02-13
2027-01-30,wk inc flu hosp,2,23,quantile,0.7,166,2027-02-13
2027-01-30,wk inc flu hosp,2,23,quantile,0.75,175,2027-02-13
2027-01-30,wk inc flu hosp,2,23,quantile,0.8,182,2027-02-13
2027-01-30,wk inc flu hosp,2,23,quantile,0.85,191,2027-02-13
2027-01-30,wk inc flu hosp,2,23,quantile,0.9,205,2027-02-13
2027-01-30,wk inc flu hosp,2,23,quantile,0.95,224,2027-02-13
2027-01-30,wk inc flu hosp,2,23,quantile,0.975,259,2027-02-13
2027-01-30,wk inc flu hosp,2,23,quantile,0.99,310,2027-02-13
2027-01-30,wk inc flu hosp,2,24,quantile,0.01,211,2027-02-13
2027-01-30,wk inc flu hosp,2,24,quantile,0.025,219,2027-02-13
2027-01-30,wk inc flu hosp,2,24,quantile,0.05,245,2027-02-13
2027-01-30,wk inc flu hosp,2,24,quantile,0.1,286,2027-02-13
2027-01-30,wk inc flu hosp,2,24,quantile,0.15,312,2027-02-13
2027-01-30,wk inc flu hosp,2,24,quantile,0.2,341,2027-02-13
2027-01-30,wk inc flu hosp,2,24,quantile,0.25,354,2027-02-13
2027-01-30,wk inc flu hosp,2,24,quantile,0.3,372,2027-02-13
2027-01-30,wk inc flu hosp,2,24,quantile,0.35,390,2027-02-13
2027-01-30,wk inc flu hosp,2,24,quantile,0.4,409,2027-02-13
2027-01-30,wk inc flu hosp,2,24,quantile,0.45,418,2027-02-13
2027-01-30,wk inc flu hosp,2,24,quantile,0.5,438,2027-02-13
2027-01-30,wk inc flu hosp,2,24,quantile,0.55,460,2027-02-13
2027-01-30,wk inc flu hosp,2,24,quantile,0.6,483,2027-02-13
2027-01-30,wk inc flu hosp,2,24,quantile,0.65,505,2027-02-13
2027-01-30,wk inc flu hosp,2,24,quantile,0.7,531,2027-02-13
2027-01-30,wk inc flu hosp,2,24,quantile,0.75,553,2027-02-13
2027-01-30,wk inc flu hosp,2,24,quantile,0.8,580,2027-02-13
2027-01-30,wk inc flu hosp,2,24,quantile,0.85,617,2027-02-13
2027-01-30,wk inc flu hosp,2,24,quantile,0.9,675,2027-02-13
2027-01-30,wk inc flu hosp,2,24,quantile,0.95,699,2027-02-13
2027-01-30,wk inc flu hosp,2,24,quantile,0.975,800,2027-02-13
2027-01-30,wk inc flu hosp,2,24,quantile,0.99,824,2027-02-13
2027-01-30,wk inc flu hosp,2,25,quantile,0.01,503,2027-02-13
2027-01-30,wk inc flu hosp,2,25,quantile,0.025,530,2027-02-13
2027-01-30,wk inc flu hosp,2,25,quantile,0.05,597,2027-02-13
2027-01-30,wk inc flu hosp,2,25,quantile,0.1,622,2027-02-13
2027-01-30,wk inc flu hosp,2,25,quantile,0.15,656,2027-02-13
2027-01-30,wk inc flu hosp,2,25,quantile,0.2,694,2027-02-13
2027-01-30,wk inc flu hosp,2,25,quantile,0.25,716,2027-02-13
2027-01-30,wk inc flu hosp,2,25,quantile,0.3,771,2027-02-13
2027-01-30,wk inc flu hosp,2,25,quantile,0.35,804,2027-02-13
2027-01-30,wk inc flu hosp,2,25,quantile,0.4,846,2027-02-13
2027-01-30,wk inc flu hosp,2,25,quantile,0.45,897,2027-02-13
2027-01-30,wk inc flu hosp,2,25,quantile,0.5,926,2027-02-13
2027-01-30,wk inc flu hosp,2,25,quantile,0.55,947,2027-02-13
2027-01-30,wk inc flu hosp,2,25,quantile,0.6,987,2027-02-13
2027-01-30,wk inc flu hosp,2,25,quantile,0.65,1033,2027-02-13
2027-01-30,wk inc flu hosp,2,25,quantile,0.7,1074,2027-02-13
2027-01-30,wk inc flu hosp,2,25,quantile,0.75,1113,2027-02-13
2027-01-30,wk inc flu hosp,2,25,quantile,0.8,1177,2027-02-13
2027-01-30,wk inc flu hosp,2,25,quantile,0.85,1203,2027-02-13
2027-01-30,wk inc flu hosp,2,25,quantile,0.9,1294,2027-02-13
2027-01-30,wk inc flu hosp,2,25,quantile,0.95,1519,2027-02-13
2027-01-30,wk inc flu hosp,2,25,quantile,0.975,1612,2027-02-13
2027-01-30,wk inc flu hosp,2,25,quantile,0.99,1708,2027-02-13
2027-01-30,wk inc flu hosp,2,26,quantile,0.01,480,2027-02-13
2027-01-30,wk inc flu hosp,2,26,quantile,0.025,554,2027-02-13
2027-01-30,wk inc flu hosp,2,26,quantile,0.05,655,2027-02-13
2027-01-30,wk inc flu hosp,2,26,quantile,0.1,763,2027-02-13
2027-01-30,wk inc flu hosp,2,26,quantile,0.15,855,2027-02-13
2027-01-30,wk inc flu hosp,2,26,quantile,0.2,953,2027-02-13
2027-01-30,wk inc flu hosp,2,26,quantile,0.25,1001,2027-02-13
2027-01-30,wk inc flu hosp,2,26,quantile,0.3,1061,2027-02-13
2027-01-30,wk inc flu hosp,2,26,quantile,0.35,1086,2027-02-13
2027-01-30,wk inc flu hosp,2,26,quantile,0.4,1170,2027-02-13
2027-01-30,wk inc flu hosp,2,26,quantile,0.45,1222,2027-02-13
2027-01-30,wk inc flu hosp,2,26,quantile,0.5,1258,2027-02-13
2027-01-30,wk inc flu hosp,2,26,quantile,0.55,1310,2027-02-13
2027-01-30,wk inc flu hosp,2,26,quantile,0.6,1370,2027-02-13
2027-01-30,wk inc flu hosp,2,26,quantile,0.65,1418,2027-02-13
2027-01-30,wk inc flu hosp,2,26,quantile,0.7,1461,2027-02-13
2027-01-30,wk inc flu hosp,2,26,quantile,0.75,1526,2027-02-13
2027-01-30,wk inc flu hosp,2,26,quantile,0.8,1596,2027-02-13
2027-01-30,wk inc flu hosp,2,26,quantile,0.85,1680,2027-02-13
2027-01-30,wk inc flu hosp,2,26,quantile,0.9,1865,2027-02-13
2027-01-30,wk inc flu hosp,2,26,quantile,0.95,2018,2027-02-13
2027-01-30,wk inc flu hosp,2,26,quantile,0.975,2070,2027-02-13
2027-01-30,wk inc flu hosp,2,26,quantile,0.99,2187,2027-02-13
2027-01-30,wk inc flu hosp,2,27,quantile,0.01,238,2027-02-13
2027-01-30,wk inc flu hosp,2,27,quantile,0.025,252,2027-02-13
2027-01-30,wk inc flu hosp,2,27,quantile,0.05,262,2027-02-13
2027-01-30,wk inc flu hosp,2,27,quantile,0.1,299,2027-02-13
2027-01-30,wk inc flu hosp,2,27,quantile,0.15,324,2027-02-13
2027-01-30,wk inc flu hosp,2,27,quantile,0.2,338,2027-02-13
2027-01-30,wk inc flu hosp,2,27,quantile,0.25,361,2027-02-13
2027-01-30,wk inc flu hosp,2,27,quantile,0.3,379,2027-02-13
2027-01-30,wk inc flu hosp,2,27,quantile,0.35,394,2027-02-13
2027-01-30,wk inc flu hosp,2,27,quantile,0.4,404,2027-02-13
2027-01-30,wk inc flu hosp,2,27,quantile,0.45,425,2027-02-13
2027-01-30,wk inc flu hosp,2,27,quantile,0.5,432,2027-02-13
2027-01-30,wk inc flu hosp,2,27,quantile,0.55,442,2027-02-13
2027-01-30,wk inc flu hosp,2,27,quantile,0.6,456,2027-02-13
2027-01-30,wk inc flu hosp,2,27,quantile,0.65,478,2027-02-13
2027-01-30,wk inc flu hosp,2,27,quantile,0.7,502,2027-02-13
2027-01-30,wk inc flu hosp,2,27,quantile,0.75,523,2027-02-13
2027-01-30,wk inc flu hosp,2,27,quantile,0.8,544,2027-02-13
2027-01-30,wk inc flu hosp,2,27,quantile,0.85,566,2027-02-13
2027-01-30,wk inc flu hosp,2,27,quantile,0.9,618,2027-02-13
2027-01-30,wk inc flu hosp,2,27,quantile,0.95,671,2027-02-13
2027-01-30,wk inc flu hosp,2,27,quantile,0.975,738,2027-02-13
2027-01-30,wk inc flu hosp,2,27,quantile,0.99,824,2027-02-13
2027-01-30,wk inc flu hosp,2,28,quantile,0.01,247,2027-02-13
2027-01-30,wk inc flu hosp,2,28,quantile,0.025,260,2027-02-13
2027-01-30,wk inc flu hosp,2,28,quantile,0.05,270,2027-02-13
2027-01-30,wk inc flu hosp,2,28,quantile,0.1,294,2027-02-13
2027-01-30,wk inc flu hosp,2,28,quantile,0.15,319,2027-02-13
2027-01-30,wk inc flu hosp,2,28,quantile,0.2,343,2027-02-13
2027-01-30,wk inc flu hosp,2,28,quantile,0.25,366,2027-02-13
2027-01-30,wk inc flu hosp,2,28,quantile,0.3,376,2027-02-13
2027-01-30,wk inc flu hosp,2,28,quantile,0.35,384,2027-02-13
2027-01-30,wk inc flu hosp,2,28,quantile,0.4,400,2027-02-13
2027-01-30,wk inc flu hosp,2,28,quantile,0.45,427,2027-02-13
2027-01-30,wk inc flu hosp,2,28,quantile,0.5,448,2027-02-13
2027-01-30,wk inc flu hosp,2,28,quantile,0.55,460,2027-02-13
2027-01-30,wk inc flu hosp,2,28,quantile,0.6,482,2027-02-13
2027-01-30,wk inc flu hosp,2,28,quantile,0.65,503,2027-02-13
2027-01-30,wk inc flu hosp,2,28,quantile,0.7,546,2027-02-13
2027-01-30,wk inc flu hosp,2,28,quantile,0.75,571,2027-02-13
2027-01-30,wk inc flu hosp,2,28,quantile,0.8,585,2027-02-13
2027-01-30,wk inc flu hosp,2,28,quantile,0.85,611,2027-02-13
2027-01-30,wk inc flu hosp,2,28,quantile,0.9,647,2027-02-13
2027-01-30,wk inc flu hosp,2,28,quantile,0.95,705,2027-02-13
2027-01-30,wk inc flu hosp,2,28,quantile,0.975,800,2027-02-13
2027-01-30,wk inc flu hosp,2,28,quantile,0.99,840,2027-02-13
2027-01-30,wk inc flu hosp,2,29,quantile,0.01,763,2027-02-13
2027-01-30,wk inc flu hosp,2,29,quantile,0.025,785,2027-02-13
2027-01-30,wk inc flu hosp,2,29,quantile,0.05,828,2027-02-13
2027-01-30,wk inc flu hosp,2,29,quantile,0.1,885,2027-02-13
2027-01-30,wk inc flu hosp,2,29,quantile,0.15,938,2027-02-13
2027-01-30,wk inc flu hosp,2,29,quantile,0.2,965,2027-02-13
2027-01-30,wk inc flu hosp,2,29,quantile,0.25,1005,2027-02-13
2027-01-30,wk inc flu hosp,2,29,quantile,0.3,1042,2027-02-13
2027-01-30,wk inc flu hosp,2,29,quantile,0.35,1069,2027-02-13
2027-01-30,wk inc flu hosp,2,29,quantile,0.4,1081,2027-02-13
2027-01-30,wk inc flu hosp,2,29,quantile,0.45,1120,2027-02-13
2027-01-30,wk inc flu hosp,2,29,quantile,0.5,1138,2027-02-13
2027-01-30,wk inc flu hosp,2,29,quantile,0.55,1175,2027-02-13
2027-01-30,wk inc flu hosp,2,29,quantile,0.6,1221,2027-02-13
2027-01-30,wk inc flu hosp,2,29,quantile,0.65,1262,2027-02-13
2027-01-30,wk inc flu hosp,2,29,quantile,0.7,1303,2027-02-13
2027-01-30,wk inc flu hosp,2,29,quantile,0.75,1330,2027-02-13
2027-01-30,wk inc flu hosp,2,29,quantile,0.8,1361,2027-02-13
2027-01-30,wk inc flu hosp,2,29,quantile,0.85,1429,2027-02-13
2027-01-30,wk inc flu hosp,2,29,quantile,0.9,1495,2027-02-13
2027-01-30,wk inc flu hosp,2,29,quantile,0.95,1621,2027-02-13
2027-01-30,wk inc flu hosp,2,29,quantile,0.975,1672,2027-02-13
2027-01-30,wk inc flu hosp,2,29,quantile,0.99,1728,2027-02-13
2027-01-30,wk inc flu hosp,2,30,quantile,0.01,78,2027-02-13
2027-01-30,wk inc flu hosp,2,30,quantile,0.025,82,2027-02-13
2027-01-30,wk inc flu hosp,2,30,quantile,0.05,90,2027-02-13
2027-01-30,wk inc flu hosp,2,30,quantile,0.1,108,2027-02-13
2027-01-30,wk inc flu hosp,2,30,quantile,0.15,114,2027-02-13
2027-01-30,wk inc flu hosp,2,30,quantile,0.2,118,2027-02-13
2027-01-30,wk inc flu hosp,2,30,quantile,0.25,125,2027-02-13
2027-01-30,wk inc flu hosp,2,30,quantile,0.3,134,2027-02-13
2027-01-30,wk inc flu hosp,2,30,quantile,0.35,140,2027-02-13
2027-01-30,wk inc flu hosp,2,30,quantile,0.4,148,2027-02-13
2027-01-30,wk inc flu hosp,2,30,quantile,0.45,158,2027-02-13
2027-01-30,wk inc flu hosp,2,30,quantile,0.5,165,2027-02-13
2027-01-30,wk inc flu hosp,2,30,quantile,0.55,170,2027-02-13
2027-01-30,wk inc flu hosp,2,30,quantile,0.6,177,2027-02-13
2027-01-30,wk inc flu hosp,2,30,quantile,0.65,189,2027-02-13
2027-01-30,wk inc flu hosp,2,30,quantile,0.7,203,2027-02-13
2027-01-30,wk inc flu hosp,2,30,quantile,0.75,216,2027-02-13
2027-01-30,wk inc flu hosp,2,30,quantile,0.8,232,2027-02-13
2027-01-30,wk inc flu hosp,2,30,quantile,0.85,253,2027-02-13
2027-01-30,wk inc flu hosp,2,30,quantile,0.9,270,2027-02-13
2027-01-30,wk inc flu hosp,2,30,quantile,0.95,290,2027-02-13
2027-01-30,wk inc flu hosp,2,30,quantile,0.975,329,2027-02-13
2027-01-30,wk inc flu hosp,2,30,quantile,0.99,363,2027-02-13
2027-01-30,wk inc flu hosp,2,31,quantile,0.01,156,2027-02-13
2027-01-30,wk inc flu hosp,2,31,quantile,0.025,172,2027-02-13
2027-01-30,wk inc flu hosp,2,31,quantile,0.05,180,2027-02-13
2027-01-30,wk inc flu hosp,2,31,quantile,0.1,197,2027-02-13
2027-01-30,wk inc flu hosp,2,31,quantile,0.15,215,2027-02-13
2027-01-30,wk inc flu hosp,2,31,quantile,0.2,230,2027-02-13
2027-01-30,wk inc flu hosp,2,31,quantile,0.25,244,2027-02-13
2027-01-30,wk inc flu hosp,2,31,quantile,0.3,259,2027-02-13
2027-01-30,wk inc flu hosp,2,31,quantile,0.35,267,2027-02-13
2027-01-30,wk inc flu hosp,2,31,quantile,0.4,281,2027-02-13
2027-01-30,wk inc flu hosp,2,31,quantile,0.45,293,2027-02-13
2027-01-30,wk inc flu hosp,2,31,quantile,0.5,306,2027-02-13
2027-01-30,wk inc flu hosp,2,31,quantile,0.55,312,2027-02-13
2027-01-30,wk inc flu hosp,2,31,quantile,0.6,324,2027-02-13
2027-01-30,wk inc flu hosp,2,31,quantile,0.65,344,2027-02-13
2027-01-30,wk inc flu hosp,2,31,quantile,0.7,367,2027-02-13
2027-01-30,wk inc flu hosp,2,31,quantile,0.75,376,2027-02-13
2027-01-30,wk inc flu hosp,2,31,quantile,0.8,389,2027-02-13
2027-01-30,wk inc flu hosp,2,31,quantile,0.85,405,2027-02-13
2027-01-30,wk inc flu hosp,2,31,quantile,0.9,438,2027-02-13
2027-01-30,wk inc flu hosp,2,31,quantile,0.95,479,2027-02-13
2027-01-30,wk inc flu hosp,2,31,quantile,0.975,514,2027-02-13
2027-01-30,wk inc flu hosp,2,31,quantile,0.99,596,2027-02-13
2027-01-30,wk inc flu hosp,2,32,quantile,0.01,65,2027-02-13
2027-01-30,wk inc flu hosp,2,32,quantile,0.025,69,2027-02-13
2027-01-30,wk inc flu hosp,2,32,quantile,0.05,76,2027-02-13
2027-01-30,wk inc flu hosp,2,32,quantile,0.1,85,2027-02-13
2027-01-30,wk inc flu hosp,2,32,quantile,0.15,94,2027-02-13
2027-01-30,wk inc flu hosp,2,32,quantile,0.2,101,2027-02-13
2027-01-30,wk inc flu hosp,2,32,quantile,0.25,106,2027-02-13
2027-01-30,wk inc flu hosp,2,32,quantile,0.3,111,2027-02-13
2027-01-30,wk inc flu hosp,2,32,quantile,0.35,119,2027-02-13
2027-01-30,wk inc flu hosp,2,32,quantile,0.4,124,2027-02-13
2027-01-30,wk inc flu hosp,2,32,quantile,0.45,132,2027-02-13
2027-01-30,wk inc flu hosp,2,32,quantile,0.5,138,2027-02-13
2027-01-30,wk inc flu hosp,2,32,quantile,0.55,145,2027-02-13
2027-01-30,wk inc flu hosp,2,32,quantile,0.6,150,2027-02-13
2027-01-30,wk inc flu hosp,2,32,quantile,0.65,155,2027-02-13
2027-01-30,wk inc flu hosp,2,32,quantile,0.7,162,2027-02-13
2027-01-30,wk inc flu hosp,2,32,quantile,0.75,172,2027-02-13
2027-01-30,wk inc flu hosp,2,32,quantile,0.8,182,2027-02-13
2027-01-30,wk inc flu hosp,2,32,quantile,0.85,201,2027-02-13
2027-01-30,wk inc flu hosp,2,32,quantile,0.9,217,2027-02-13
2027-01-30,wk inc flu hosp,2,32,quantile,0.95,233,2027-02-13
2027-01-30,wk inc flu hosp,2,32,quantile,0.975,242,2027-02-13
2027-01-30,wk inc flu hosp,2,32,quantile,0.99,263,2027-02-13
2027-01-30,wk inc flu hosp,2,33,quantile,0.01,43,2027-02-13
2027-01-30,wk inc flu hosp,2,33,quantile,0.025,53,2027-02-13
2027-01-30,wk inc flu hosp,2,33,quantile,0.05,55,2027-02-13
2027-01-30,wk inc flu hosp,2,33,quantile,0.1,63,2027-02-13
2027-01-30,wk inc flu hosp,2,33,quantile,0.15,70,2027-02-13
2027-01-30,wk inc flu hosp,2,33,quantile,0.2,74,2027-02-13
2027-01-30,wk inc flu hosp,2,33,quantile,0.25,79,2027-02-13
2027-01-30,wk inc flu hosp,2,33,quantile,0.3,86,2027-02-13
2027-01-30,wk inc flu hosp,2,33,quantile,0.35,91,2027-02-13
2027-01-30,wk inc flu hosp,2,33,quantile,0.4,95,2027-02-13
2027-01-30,wk inc flu hosp,2,33,quantile,0.45,100,2027-02-13
2027-01-30,wk inc flu hosp,2,33,quantile,0.5,101,2027-02-13
2027-01-30,wk inc flu hosp,2,33,quantile,0.55,104,2027-02-13
2027-01-30,wk inc flu hosp,2,33,quantile,0.6,107,2027-02-13
2027-01-30,wk inc flu hosp,2,33,quantile,0.65,113,2027-02-13
2027-01-30,wk inc flu hosp,2,33,quantile,0.7,119,2027-02-13
2027-01-30,wk inc flu hosp,2,33,quantile,0.75,122,2027-02-13
2027-01-30,wk inc flu hosp,2,33,quantile,0.8,126,2027-02-13
2027-01-30,wk inc flu hosp,2,33,quantile,0.85,137,2027-02-13
2027-01-30,wk inc flu hosp,2,33,quantile,0.9,147,2027-02-13
2027-01-30,wk inc flu hosp,2,33,quantile,0.95,161,2027-02-13
2027-01-30,wk inc flu hosp,2,33,quantile,0.975,166,2027-02-13
2027-01-30,wk inc flu hosp,2,33,quantile,0.99,202,2027-02-13
2027-01-30,wk inc flu hosp,2,34,quantile,0.01,416,2027-02-13
2027-01-30,wk inc flu hosp,2,34,quantile,0.025,429,2027-02-13
2027-01-30,wk inc flu hosp,2,34,quantile,0.05,461,2027-02-13
2027-01-30,wk inc flu hosp,2,34,quantile,0.1,498,2027-02-13
2027-01-30,wk inc flu hosp,2,34,quantile,0.15,533,2027-02-13
2027-01-30,wk inc flu hosp,2,34,quantile,0.2,550,2027-02-13
2027-01-30,wk inc flu hosp,2,34,quantile,0.25,608,2027-02-13
2027-01-30,wk inc flu hosp,2,34,quantile,0.3,645,2027-02-13
2027-01-30,wk inc flu hosp,2,34,quantile,0.35,682,2027-02-13
2027-01-30,wk inc flu hosp,2,34,quantile,0.4,717,2027-02-13
2027-01-30,wk inc flu hosp,2,34,quantile,0.45,755,2027-02-13
2027-01-30,wk inc flu hosp,2,34,quantile,0.5,806,2027-02-13
2027-01-30,wk inc flu hosp,2,34,quantile,0.55,835,2027-02-13
2027-01-30,wk inc flu hosp,2,34,quantile,0.6,892,2027-02-13
2027-01-30,wk inc flu hosp,2,34,quantile,0.65,916,2027-02-13
2027-01-30,wk inc flu hosp,2,34,quantile,0.7,961,2027-02-13
2027-01-30,wk inc flu hosp,2,34,quantile,0.75,996,2027-02-13
2027-01-30,wk inc flu hosp,2,34,quantile,0.8,1036,2027-02-13
2027-01-30,wk inc flu hosp,2,34,quantile,0.85,1136,2027-02-13
2027-01-30,wk inc flu hosp,2,34,quantile,0.9,1214,2027-02-13
2027-01-30,wk inc flu hosp,2,34,quantile,0.95,1278,2027-02-13
2027-01-30,wk inc flu hosp,2,34,quantile,0.975,1345,2027-02-13
2027-01-30,wk inc flu hosp,2,34,quantile,0.99,1404,2027-02-13
2027-01-30,wk inc flu hosp,2,35,quantile,0.01,59,2027-02-13
2027-01-30,wk inc flu hosp,2,35,quantile,0.025,80,2027-02-13
2027-01-30,wk inc flu hosp,2,35,quantile,0.05,89,2027-02-13
2027-01-30,wk inc flu hosp,2,35,quantile,0.1,94,2027-02-13
2027-01-30,wk inc flu hosp,2,35,quantile,0.15,109,2027-02-13
2027-01-30,wk inc flu hosp,2,35,quantile,0.2,115,2027-02-13
2027-01-30,wk inc flu hosp,2,35,quantile,0.25,122,2027-02-13
2027-01-30,wk inc flu hosp,2,35,quantile,0.3,127,2027-02-13
2027-01-30,wk inc flu hosp,2,35,quantile,0.35,137,2027-02-13
2027-01-30,wk inc flu hosp,2,35,quantile,0.4,141,2027-02-13
2027-01-30,wk inc flu hosp,2,35,quantile,0.45,146,2027-02-13
2027-01-30,wk inc flu hosp,2,35,quantile,0.5,154,2027-02-13
2027-01-30,wk inc flu hosp,2,35,quantile,0.55,160,2027-02-13
2027-01-30,wk inc flu hosp,2,35,quantile,0.6,167,2027-02-13
2027-01-30,wk inc flu hosp,2,35,quantile,0.65,173,2027-02-13
2027-01-30,wk inc flu hosp,2,35,quantile,0.7,176,2027-02-13
2027-01-30,wk inc flu hosp,2,35,quantile,0.75,187,2027-02-13
2027-01-30,wk inc flu hosp,2,35,quantile,0.8,198,2027-02-13
2027-01-30,wk inc flu hosp,2,35,quantile,0.85,207,2027-02-13
2027-01-30,wk inc flu hosp,2,35,quantile,0.9,224,2027-02-13
2027-01-30,wk inc flu hosp,2,35,quantile,0.95,249,2027-02-13
2027-01-30,wk inc flu hosp,2,35,quantile,0.975,266,2027-02-13
2027-01-30,wk inc flu hosp,2,35,quantile,0.99,285,2027-02-13
2027-01-30,wk inc flu hosp,2,36,quantile,0.01,700,2027-02-13
2027-01-30,wk inc flu hosp,2,36,quantile,0.025,744,2027-02-13
2027-01-30,wk inc flu hosp,2,36,quantile,0.05,811,2027-02-13
2027-01-30,wk inc flu hosp,2,36,quantile,0.1,958,2027-02-13
2027-01-30,wk inc flu hosp,2,36,quantile,0.15,1018,2027-02-13
2027-01-30,wk inc flu hosp,2,36,quantile,0.2,1100,2027-02-13
2027-01-30,wk inc flu hosp,2,36,quantile,0.25,1141,2027-02-13
2027-01-30,wk inc flu hosp,2,36,quantile,0.3,1192,2027-02-13
2027-01-30,wk inc flu hosp,2,36,quantile,0.35,1245,2027-02-13
2027-01-30,wk inc flu hosp,2,36,quantile,0.4,1275,2027-02-13
2027-01-30,wk inc flu hosp,2,36,quantile,0.45,1321,2027-02-13
2027-01-30,wk inc flu hosp,2,36,quantile,0.5,1374,2027-02-13
2027-01-30,wk inc flu hosp,2,36,quantile,0.55,1467,2027-02-13
2027-01-30,wk inc flu hosp,2,36,quantile,0.6,1512,2027-02-13
2027-01-30,wk inc flu hosp,2,36,quantile,0.65,1551,2027-02-13
2027-01-30,wk inc flu hosp,2,36,quantile,0.7,1600,2027-02-13
2027-01-30,wk inc flu hosp,2,36,quantile,0.75,1667,2027-02-13
2027-01-30,wk inc flu hosp,2,36,quantile,0.8,1730,2027-02-13
2027-01-30,wk inc flu hosp,2,36,quantile,0.85,1868,2027-02-13
2027-01-30,wk inc flu hosp,2,36,quantile,0.9,1977,2027-02-13
2027-01-30,wk inc flu hosp,2,36,quantile,0.95,2133,2027-02-13
2027-01-30,wk inc flu hosp,2,36,quantile,0.975,2569,2027-02-13
2027-01-30,wk inc flu hosp,2,36,quantile,0.99,2648,2027-02-13
2027-01-30,wk inc flu hosp,2,37,quantile,0.01,440,2027-02-13
2027-01-30,wk inc flu hosp,2,37,quantile,0.025,558,2027-02-13
2027-01-30,wk inc flu hosp,2,37,quantile,0.05,625,2027-02-13
2027-01-30,wk inc flu hosp,2,37,quantile,0.1,774,2027-02-13
2027-01-30,wk inc flu hosp,2,37,quantile,0.15,868,2027-02-13
2027-01-30,wk inc flu hosp,2,37,quantile,0.2,958,2027-02-13
2027-01-30,wk inc flu hosp,2,37,quantile,0.25,992,2027-02-13
2027-01-30,wk inc flu hosp,2,37,quantile,0.3,1030,2027-02-13
2027-01-30,wk inc flu hosp,2,37,quantile,0.35,1090,2027-02-13
2027-01-30,wk inc flu hosp,2,37,quantile,0.4,1142,2027-02-13
2027-01-30,wk inc flu hosp,2,37,quantile,0.45,1169,2027-02-13
2027-01-30,wk inc flu hosp,2,37,quantile,0.5,1217,2027-02-13
2027-01-30,wk inc flu hosp,2,37,quantile,0.55,1261,2027-02-13
2027-01-30,wk inc flu hosp,2,37,quantile,0.6,1305,2027-02-13
2027-01-30,wk inc flu hosp,2,37,quantile,0.65,1357,2027-02-13
2027-01-30,wk inc flu hosp,2,37,quantile,0.7,1440,2027-02-13
2027-01-30,wk inc flu hosp,2,37,quantile,0.75,1558,2027-02-13
2027-01-30,wk inc flu hosp,2,37,quantile,0.8,1668,2027-02-13
2027-01-30,wk inc flu hosp,2,37,quantile,0.85,1746,2027-02-13
2027-01-30,wk inc flu hosp,2,37,quantile,0.9,1955,2027-02-13
2027-01-30,wk inc flu hosp,2,37,quantile,0.95,2171,2027-02-13
2027-01-30,wk inc flu hosp,2,37,quantile,0.975,2415,2027-02-13
2027-01-30,wk inc flu hosp,2,37,quantile,0.99,2844,2027-02-13
2027-01-30,wk inc flu hosp,2,38,quantile,0.01,23,2027-02-13
2027-01-30,wk inc flu hosp,2,38,quantile,0.025,25,2027-02-13
2027-01-30,wk inc flu hosp,2,38,quantile,0.05,30,2027-02-13
2027-01-30,wk inc flu hosp,2,38,quantile,0.1,35,2027-02-13
2027-01-30,wk inc flu hosp,2,38,quantile,0.15,37,2027-02-13
2027-01-30,wk inc flu hosp,2,38,quantile,0.2,42,2027-02-13
2027-01-30,wk inc flu hosp,2,38,quantile,0.25,44,2027-02-13
2027-01-30,wk inc flu hosp,2,38,quantile,0.3,46,2027-02-13
2027-01-30,wk inc flu hosp,2,38,quantile,0.35,49,2027-02-13
2027-01-30,wk inc flu hosp,2,38,quantile,0.4,51,2027-02-13
2027-01-30,wk inc flu hosp,2,38,quantile,0.45,54,2027-02-13
2027-01-30,wk inc flu hosp,2,38,quantile,0.5,56,2027-02-13
2027-01-30,wk inc flu hosp,2,38,quantile,0.55,58,2027-02-13
2027-01-30,wk inc flu hosp,2,38,quantile,0.6,60,2027-02-13
2027-01-30,wk inc flu hosp,2,38,quantile,0.65,63,2027-02-13
2027-01-30,wk inc flu hosp,2,38,quantile,0.7,67,2027-02-13
2027-01-30,wk inc flu hosp,2,38,quantile,0.75,70,2027-02-13
2027-01-30,wk inc flu hosp,2,38,quantile,0.8,73,2027-02-13
2027-01-30,wk inc flu hosp,2,38,quantile,0.85,76,2027-02-13
2027-01-30,wk inc flu hosp,2,38,quantile,0.9,82,2027-02-13
2027-01-30,wk inc flu hosp,2,38,quantile,0.95,94,2027-02-13
2027-01-30,wk inc flu hosp,2,38,quantile,0.975,103,2027-02-13
2027-01-30,wk inc flu hosp,2,38,quantile,0.99,106,2027-02-13
2027-01-30,wk inc flu hosp,2,39,quantile,0.01,1091,2027-02-13
2027-01-30,wk inc flu hosp,2,39,quantile,0.025,1121,2027-02-13
2027-01-30,wk inc flu hosp,2,39,quantile,0.05,1307,2027-02-13
2027-01-30,wk inc flu hosp,2,39,quantile,0.1,1424,2027-02-13
2027-01-30,wk inc flu hosp,2,39,quantile,0.15,1517,2027-02-13
2027-01-30,wk inc flu hosp,2,39,quantile,0.2,1612,2027-02-13
2027-01-30,wk inc flu hosp,2,39,quantile,0.25,1655,2027-02-13
2027-01-30,wk inc flu hosp,2,39,quantile,0.3,1744,2027-02-13
2027-01-30,wk inc flu hosp,2,39,quantile,0.35,1822,2027-02-13
2027-01-30,wk inc flu hosp,2,39,quantile,0.4,1857,2027-02-13
2027-01-30,wk inc flu hosp,2,39,quantile,0.45,1929,2027-02-13
2027-01-30,wk inc flu hosp,2,39,quantile,0.5,1956,2027-02-13
2027-01-30,wk inc flu hosp,2,39,quantile,0.55,1999,2027-02-13
2027-01-30,wk inc flu hosp,2,39,quantile,0.6,2056,2027-02-13
2027-01-30,wk inc flu hosp,2,39,quantile,0.65,2150,2027-02-13
2027-01-30,wk inc flu hosp,2,39,quantile,0.7,2210,2027-02-13
2027-01-30,wk inc flu hosp,2,39,quantile,0.75,2264,2027-02-13
2027-01-30,wk inc flu hosp,2,39,quantile,0.8,2380,2027-02-13
2027-01-30,wk inc flu hosp,2,39,quantile,0.85,2514,2027-02-13
2027-01-30,wk inc flu hosp,2,39,quantile,0.9,2620,2027-02-13
2027-01-30,wk inc flu hosp,2,39,quantile,0.95,3129,2027-02-13
2027-01-30,wk inc flu hosp,2,39,quantile,0.975,3394,2027-02-13
2027-01-30,wk inc flu hosp,2,39,quantile,0.99,4353,2027-02-13
2027-01-30,wk inc flu hosp,2,40,quantile,0.01,538,2027-02-13
2027-01-30,wk inc flu hosp,2,40,quantile,0.025,584,2027-02-13
2027-01-30,wk inc flu hosp,2,40,quantile,0.05,655,2027-02-13
2027-01-30,wk inc flu hosp,2,40,quantile,0.1,716,2027-02-13
2027-01-30,wk inc flu hosp,2,40,quantile,0.15,771,2027-02-13
2027-01-30,wk inc flu hosp,2,40,quantile,0.2,805,2027-02-13
2027-01-30,wk inc flu hosp,2,40,quantile,0.25,839,2027-02-13
2027-01-30,wk inc flu hosp,2,40,quantile,0.3,870,2027-02-13
2027-01-30,wk inc flu hosp,2,40,quantile,0.35,909,2027-02-13
2027-01-30,wk inc flu hosp,2,40,quantile,0.4,936,2027-02-13
2027-01-30,wk inc flu hosp,2,40,quantile,0.45,978,2027-02-13
2027-01-30,wk inc flu hosp,2,40,quantile,0.5,1010,2027-02-13
2027-01-30,wk inc flu hosp,2,40,quantile,0.55,1063,2027-02-13
2027-01-30,wk inc flu hosp,2,40,quantile,0.6,1088,2027-02-13
2027-01-30,wk inc flu hosp,2,40,quantile,0.65,1134,2027-02-13
2027-01-30,wk inc flu hosp,2,40,quantile,0.7,1182,2027-02-13
2027-01-30,wk inc flu hosp,2,40,quantile,0.75,1220,2027-02-13
2027-01-30,wk inc flu hosp,2,40,quantile,0.8,1278,2027-02-13
2027-01-30,wk inc flu hosp,2,40,quantile,0.85,1364,2027-02-13
2027-01-30,wk inc flu hosp,2,40,quantile,0.9,1418,2027-02-13
2027-01-30,wk inc flu hosp,2,40,quantile,0.95,1599,2027-02-13
2027-01-30,wk inc flu hosp,2,40,quantile,0.975,1910,2027-02-13
2027-01-30,wk inc flu hosp,2,40,quantile,0.99,2012,2027-02-13
2027-01-30,wk inc flu hosp,2,41,quantile,0.01,350,2027-02-13
2027-01-30,wk inc flu hosp,2,41,quantile,0.025,372,2027-02-13
2027-01-30,wk inc flu hosp,2,41,quantile,0.05,410,2027-02-13
2027-01-30,wk inc flu hosp,2,41,quantile,0.1,444,2027-02-13
2027-01-30,wk inc flu hosp,2,41,quantile,0.15,481,2027-02-13
2027-01-30,wk inc flu hosp,2,41,quantile,0.2,504,2027-02-13
2027-01-30,wk inc flu hosp,2,41,quantile,0.25,533,2027-02-13
2027-01-30,wk inc flu hosp,2,41,quantile,0.3,555,2027-02-13
2027-01-30,wk inc flu hosp,2,41,quantile,0.35,571,2027-02-13
2027-01-30,wk inc flu hosp,2,41,quantile,0.4,587,2027-02-13
2027-01-30,wk inc flu hosp,2,41,quantile,0.45,608,2027-02-13
2027-01-30,wk inc flu hosp,2,41,quantile,0.5,626,2027-02-13
2027-01-30,wk inc flu hosp,2,41,quantile,0.55,641,2027-02-13
2027-01-30,wk inc flu hosp,2,41,quantile,0.6,670,2027-02-13
2027-01-30,wk inc flu hosp,2,41,quantile,0.65,695,2027-02-13
2027-01-30,wk inc flu hosp,2,41,quantile,0.7,719,2027-02-13
2027-01-30,wk inc flu hosp,2,41,quantile,0.75,752,2027-02-13
2027-01-30,wk inc flu hosp,2,41,quantile,0.8,776,2027-02-13
2027-01-30,wk inc flu hosp,2,41,quantile,0.85,803,2027-02-13
2027-01-30,wk inc flu hosp,2,41,quantile,0.9,838,2027-02-13
2027-01-30,wk inc flu hosp,2,41,quantile,0.95,929,2027-02-13
2027-01-30,wk inc flu hosp,2,41,quantile,0.975,1044,2027-02-13
2027-01-30,wk inc flu hosp,2,41,quantile,0.99,1182,2027-02-13
2027-01-30,wk inc flu hosp,2,42,quantile,0.01,1036,2027-02-13
2027-01-30,wk inc flu hosp,2,42,quantile,0.025,1234,2027-02-13
2027-01-30,wk inc flu hosp,2,42,quantile,0.05,1305,2027-02-13
2027-01-30,wk inc flu hosp,2,42,quantile,0.1,1410,2027-02-13
2027-01-30,wk inc flu hosp,2,42,quantile,0.15,1500,2027-02-13
2027-01-30,wk inc flu hosp,2,42,quantile,0.2,1590,2027-02-13
2027-01-30,wk inc flu hosp,2,42,quantile,0.25,1664,2027-02-13
2027-01-30,wk inc flu hosp,2,42,quantile,0.3,1751,2027-02-13
2027-01-30,wk inc flu hosp,2,42,quantile,0.35,1805,2027-02-13
2027-01-30,wk inc flu hosp,2,42,quantile,0.4,1874,2027-02-13
2027-01-30,wk inc flu hosp,2,42,quantile,0.45,1956,2027-02-13
2027-01-30,wk inc flu hosp,2,42,quantile,0.5,1994,2027-02-13
2027-01-30,wk inc flu hosp,2,42,quantile,0.55,2040,2027-02-13
2027-01-30,wk inc flu hosp,2,42,quantile,0.6,2145,2027-02-13
2027-01-30,wk inc flu hosp,2,42,quantile,0.65,2216,2027-02-13
2027-01-30,wk inc flu hosp,2,42,quantile,0.7,2290,2027-02-13
2027-01-30,wk inc flu hosp,2,42,quantile,0.75,2399,2027-02-13
2027-01-30,wk inc flu hosp,2,42,quantile,0.8,2453,2027-02-13
2027-01-30,wk inc flu hosp,2,42,quantile,0.85,2523,2027-02-13
2027-01-30,wk inc flu hosp,2,42,quantile,0.9,2680,2027-02-13
2027-01-30,wk inc flu hosp,2,42,quantile,0.95,2981,2027-02-13
2027-01-30,wk inc flu hosp,2,42,quantile,0.975,3118,2027-02-13
2027-01-30,wk inc flu hosp,2,42,quantile,0.99,3313,2027-02-13
2027-01-30,wk inc flu hosp,2,44,quantile,0.01,38,2027-02-13
2027-01-30,wk inc flu hosp,2,44,quantile,0.025,39,2027-02-13
2027-01-30,wk inc flu hosp,2,44,quantile,0.05,45,2027-02-13
2027-01-30,wk inc flu hosp,2,44,quantile,0.1,50,2027-02-13
2027-01-30,wk inc flu hosp,2,44,quantile,0.15,56,2027-02-13
2027-01-30,wk inc flu hosp,2,44,quantile,0.2,59,2027-02-13
2027-01-30,wk inc flu hosp,2,44,quantile,0.25,63,2027-02-13
2027-01-30,wk inc flu hosp,2,44,quantile,0.3,66,2027-02-13
2027-01-30,wk inc flu hosp,2,44,quantile,0.35,70,2027-02-13
2027-01-30,wk inc flu hosp,2,44,quantile,0.4,71,2027-02-13
2027-01-30,wk inc flu hosp,2,44,quantile,0.45,74,2027-02-13
2027-01-30,wk inc flu hosp,2,44,quantile,0.5,78,2027-02-13
2027-01-30,wk inc flu hosp,2,44,quantile,0.55,80,2027-02-13
2027-01-30,wk inc flu hosp,2,44,quantile,0.6,83,2027-02-13
2027-01-30,wk inc flu hosp,2,44,quantile,0.65,87,2027-02-13
2027-01-30,wk inc flu hosp,2,44,quantile,0.7,91,2027-02-13
2027-01-30,wk inc flu hosp,2,44,quantile,0.75,98,2027-02-13
2027-01-30,wk inc flu hosp,2,44,quantile,0.8,104,2027-02-13
2027-01-30,wk inc flu hosp,2,44,quantile,0.85,111,2027-02-13
2027-01-30,wk inc flu hosp,2,44,quantile,0.9,119,2027-02-13
2027-01-30,wk inc flu hosp,2,44,quantile,0.95,123,2027-02-13
2027-01-30,wk inc flu hosp,2,44,quantile,0.975,137,2027-02-13
2027-01-30,wk inc flu hosp,2,44,quantile,0.99,155,2027-02-13
2027-01-30,wk inc flu hosp,2,45,quantile,0.01,413,2027-02-13
2027-01-30,wk inc flu hosp,2,45,quantile,0.025,421,2027-02-13
2027-01-30,wk inc flu hosp,2,45,quantile,0.05,465,2027-02-13
2027-01-30,wk inc flu hosp,2,45,quantile,0.1,512,2027-02-13
2027-01-30,wk inc flu hosp,2,45,quantile,0.15,583,2027-02-13
2027-01-30,wk inc flu hosp,2,45,quantile,0.2,605,2027-02-13
2027-01-30,wk inc flu hosp,2,45,quantile,0.25,624,2027-02-13
2027-01-30,wk inc flu hosp,2,45,quantile,0.3,659,2027-02-13
2027-01-30,wk inc flu hosp,2,45,quantile,0.35,708,2027-02-13
2027-01-30,wk inc flu hosp,2,45,quantile,0.4,758,2027-02-13
2027-01-30,wk inc flu hosp,2,45,quantile,0.45,797,2027-02-13
2027-01-30,wk inc flu hosp,2,45,quantile,0.5,818,2027-02-13
2027-01-30,wk inc flu hosp,2,45,quantile,0.55,848,2027-02-13
2027-01-30,wk inc flu hosp,2,45,quantile,0.6,873,2027-02-13
2027-01-30,wk inc flu hosp,2,45,quantile,0.65,922,2027-02-13
2027-01-30,wk inc flu hosp,2,45,quantile,0.7,942,2027-02-13
2027-01-30,wk inc flu hosp,2,45,quantile,0.75,970,2027-02-13
2027-01-30,wk inc flu hosp,2,45,quantile,0.8,1011,2027-02-13
2027-01-30,wk inc flu hosp,2,45,quantile,0.85,1073,2027-02-13
2027-01-30,wk inc flu hosp,2,45,quantile,0.9,1263,2027-02-13
2027-01-30,wk inc flu hosp,2,45,quantile,0.95,1497,2027-02-13
2027-01-30,wk inc flu hosp,2,45,quantile,0.975,1613,2027-02-13
2027-01-30,wk inc flu hosp,2,45,quantile,0.99,1733,2027-02-13
2027-01-30,wk inc flu hosp,2,46,quantile,0.01,49,2027-02-13
2027-01-30,wk inc flu hosp,2,46,quantile,0.025,53,2027-02-13
2027-01-30,wk inc flu hosp,2,46,quantile,0.05,57,2027-02-13
2027-01-30,wk inc flu hosp,2,46,quantile,0.1,64,2027-02-13
2027-01-30,wk inc flu hosp,2,46,quantile,0.15,68,2027-02-13
2027-01-30,wk inc flu hosp,2,46,quantile,0.2,73,2027-02-13
2027-01-30,wk inc flu hosp,2,46,quantile,0.25,80,2027-02-13
2027-01-30,wk inc flu hosp,2,46,quantile,0.3,84,2027-02-13
2027-01-30,wk inc flu hosp,2,46,quantile,0.35,89,2027-02-13
2027-01-30,wk inc flu hosp,2,46,quantile,0.4,93,2027-02-13
2027-01-30,wk inc flu hosp,2,46,quantile,0.45,96,2027-02-13
2027-01-30,wk inc flu hosp,2,46,quantile,0.5,99,2027-02-13
2027-01-30,wk inc flu hosp,2,46,quantile,0.55,101,2027-02-13
2027-01-30,wk inc flu hosp,2,46,quantile,0.6,106,2027-02-13
2027-01-30,wk inc flu hosp,2,46,quantile,0.65,111,2027-02-13
2027-01-30,wk inc flu hosp,2,46,quantile,0.7,117,2027-02-13
2027-01-30,wk inc flu hosp,2,46,quantile,0.75,120,2027-02-13
2027-01-30,wk inc flu hosp,2,46,quantile,0.8,127,2027-02-13
2027-01-30,wk inc flu hosp,2,46,quantile,0.85,139,2027-02-13
2027-01-30,wk inc flu hosp,2,46,quantile,0.9,148,2027-02-13
2027-01-30,wk inc flu hosp,2,46,quantile,0.95,174,2027-02-13
2027-01-30,wk inc flu hosp,2,46,quantile,0.975,211,2027-02-13
2027-01-30,wk inc flu hosp,2,46,quantile,0.99,242,2027-02-13
2027-01-30,wk inc flu hosp,2,47,quantile,0.01,460,2027-02-13
2027-01-30,wk inc flu hosp,2,47,quantile,0.025,483,2027-02-13
2027-01-30,wk inc flu hosp,2,47,quantile,0.05,516,2027-02-13
2027-01-30,wk inc flu hosp,2,47,quantile,0.1,563,2027-02-13
2027-01-30,wk inc flu hosp,2,47,quantile,0.15,602,2027-02-13
2027-01-30,wk inc flu hosp,2,47,quantile,0.2,636,2027-02-13
2027-01-30,wk inc flu hosp,2,47,quantile,0.25,655,2027-02-13
2027-01-30,wk inc flu hosp,2,47,quantile,0.3,668,2027-02-13
2027-01-30,wk inc flu hosp,2,47,quantile,0.35,700,2027-02-13
2027-01-30,wk inc flu hosp,2,47,quantile,0.4,720,2027-02-13
2027-01-30,wk inc flu hosp,2,47,quantile,0.45,730,2027-02-13
2027-01-30,wk inc flu hosp,2,47,quantile,0.5,746,2027-02-13
2027-01-30,wk inc flu hosp,2,47,quantile,0.55,765,2027-02-13
2027-01-30,wk inc flu hosp,2,47,quantile,0.6,788,2027-02-13
2027-01-30,wk inc flu hosp,2,47,quantile,0.65,823,2027-02-13
2027-01-30,wk inc flu hosp,2,47,quantile,0.7,847,2027-02-13
2027-01-30,wk inc flu hosp,2,47,quantile,0.75,881,2027-02-13
2027-01-30,wk inc flu hosp,2,47,quantile,0.8,895,2027-02-13
2027-01-30,wk inc flu hosp,2,47,quantile,0.85,939,2027-02-13
2027-01-30,wk inc flu hosp,2,47,quantile,0.9,1002,2027-02-13
2027-01-30,wk inc flu hosp,2,47,quantile,0.95,1088,2027-02-13
2027-01-30,wk inc flu hosp,2,47,quantile,0.975,1209,2027-02-13
2027-01-30,wk inc flu hosp,2,47,quantile,0.99,1400,2027-02-13
2027-01-30,wk inc flu hosp,2,48,quantile,0.01,1758,2027-02-13
2027-01-30,wk inc flu hosp,2,48,quantile,0.025,1892,2027-02-13
2027-01-30,wk inc flu hosp,2,48,quantile,0.05,2165,2027-02-13
2027-01-30,wk inc flu hosp,2,48,quantile,0.1,2359,2027-02-13
2027-01-30,wk inc flu hosp,2,48,quantile,0.15,2458,2027-02-13
2027-01-30,wk inc flu hosp,2,48,quantile,0.2,2625,2027-02-13
2027-01-30,wk inc flu hosp,2,48,quantile,0.25,2803,2027-02-13
2027-01-30,wk inc flu hosp,2,48,quantile,0.3,2917,2027-02-13
2027-01-30,wk inc flu hosp,2,48,quantile,0.35,2993,2027-02-13
2027-01-30,wk inc flu hosp,2,48,quantile,0.4,3083,2027-02-13
2027-01-30,wk inc flu hosp,2,48,quantile,0.45,3151,2027-02-13
2027-01-30,wk inc flu hosp,2,48,quantile,0.5,3242,2027-02-13
2027-01-30,wk inc flu hosp,2,48,quantile,0.55,3370,2027-02-13
2027-01-30,wk inc flu hosp,2,48,quantile,0.6,3462,2027-02-13
2027-01-30,wk inc flu hosp,2,48,quantile,0.65,3609,2027-02-13
2027-01-30,wk inc flu hosp,2,48,quantile,0.7,3771,2027-02-13
2027-01-30,wk inc flu hosp,2,48,quantile,0.75,3970,2027-02-13
2027-01-30,wk inc flu hosp,2,48,quantile,0.8,4173,2027-02-13
2027-01-30,wk inc flu hosp,2,48,quantile,0.85,4829,2027-02-13
2027-01-30,wk inc flu hosp,2,48,quantile,0.9,5147,2027-02-13
2027-01-30,wk inc flu hosp,2,48,quantile,0.95,5579,2027-02-13
2027-01-30,wk inc flu hosp,2,48,quantile,0.975,6109,2027-02-13
2027-01-30,wk inc flu hosp,2,48,quantile,0.99,6788,2027-02-13
2027-01-30,wk inc flu hosp,2,49,quantile,0.01,69,2027-02-13
2027-01-30,wk inc flu hosp,2,49,quantile,0.025,73,2027-02-13
2027-01-30,wk inc flu hosp,2,49,quantile,0.05,76,2027-02-13
2027-01-30,wk inc flu hosp,2,49,quantile,0.1,88,2027-02-13
2027-01-30,wk inc flu hosp,2,49,quantile,0.15,94,2027-02-13
2027-01-30,wk inc flu hosp,2,49,quantile,0.2,97,2027-02-13
2027-01-30,wk inc flu hosp,2,49,quantile,0.25,102,2027-02-13
2027-01-30,wk inc flu hosp,2,49,quantile,0.3,108,2027-02-13
2027-01-30,wk inc flu hosp,2,49,quantile,0.35,111,2027-02-13
2027-01-30,wk inc flu hosp,2,49,quantile,0.4,117,2027-02-13
2027-01-30,wk inc flu hosp,2,49,quantile,0.45,121,2027-02-13
2027-01-30,wk inc flu hosp,2,49,quantile,0.5,128,2027-02-13
2027-01-30,wk inc flu hosp,2,49,quantile,0.55,131,2027-02-13
2027-01-30,wk inc flu hosp,2,49,quantile,0.6,135,2027-02-13
2027-01-30,wk inc flu hosp,2,49,quantile,0.65,139,2027-02-13
2027-01-30,wk inc flu hosp,2,49,quantile,0.7,142,2027-02-13
2027-01-30,wk inc flu hosp,2,49,quantile,0.75,147,2027-02-13
2027-01-30,wk inc flu hosp,2,49,quantile,0.8,155,2027-02-13
2027-01-30,wk inc flu hosp,2,49,quantile,0.85,165,2027-02-13
2027-01-30,wk inc flu hosp,2,49,quantile,0.9,175,2027-02-13
2027-01-30,wk inc flu hosp,2,49,quantile,0.95,206,2027-02-13
2027-01-30,wk inc flu hosp,2,49,quantile,0.975,226,2027-02-13
2027-01-30,wk inc flu hosp,2,49,quantile,0.99,254,2027-02-13
2027-01-30,wk inc flu hosp,2,50,quantile,0.01,29,2027-02-13
2027-01-30,wk inc flu hosp,2,50,quantile,0.025,31,2027-02-13
2027-01-30,wk inc flu hosp,2,50,quantile,0.05,32,2027-02-13
2027-01-30,wk inc flu hosp,2,50,quantile,0.1,37,2027-02-13
2027-01-30,wk inc flu hosp,2,50,quantile,0.15,39,2027-02-13
2027-01-30,wk inc flu hosp,2,50,quantile,0.2,42,2027-02-13
2027-01-30,wk inc flu hosp,2,50,quantile,0.25,45,2027-02-13
2027-01-30,wk inc flu hosp,2,50,quantile,0.3,47,2027-02-13
2027-01-30,wk inc flu hosp,2,50,quantile,0.35,49,2027-02-13
2027-01-30,wk inc flu hosp,2,50,quantile,0.4,52,2027-02-13
2027-01-30,wk inc flu hosp,2,50,quantile,0.45,54,2027-02-13
2027-01-30,wk inc flu hosp,2,50,quantile,0.5,58,2027-02-13
2027-01-30,wk inc flu hosp,2,50,quantile,0.55,59,2027-02-13
2027-01-30,wk inc flu hosp,2,50,quantile,0.6,61,2027-02-13
2027-01-30,wk inc flu hosp,2,50,quantile,0.65,64,2027-02-13
2027-01-30,wk inc flu hosp,2,50,quantile,0.7,67,2027-02-13
2027-01-30,wk inc flu hosp,2,50,quantile,0.75,70,2027-02-13
2027-01-30,wk inc flu hosp,2,50,quantile,0.8,73,2027-02-13
2027-01-30,wk inc flu hosp,2,50,quantile,0.85,81,2027-02-13
2027-01-30,wk inc flu hosp,2,50,quantile,0.9,88,2027-02-13
2027-01-30,wk inc flu hosp,2,50,quantile,0.95,95,2027-02-13
2027-01-30,wk inc flu hosp,2,50,quantile,0.975,110,2027-02-13
2027-01-30,wk inc flu hosp,2,50,quantile,0.99,134,2027-02-13
2027-01-30,wk inc flu hosp,2,51,quantile,0.01,353,2027-02-13
2027-01-30,wk inc flu hosp,2,51,quantile,0.025,386,2027-02-13
2027-01-30,wk inc flu hosp,2,51,quantile,0.05,441,2027-02-13
2027-01-30,wk inc flu hosp,2,51,quantile,0.1,476,2027-02-13
2027-01-30,wk inc flu hosp,2,51,quantile,0.15,511,2027-02-13
2027-01-30,wk inc flu hosp,2,51,quantile,0.2,572,2027-02-13
2027-01-30,wk inc flu hosp,2,51,quantile,0.25,600,2027-02-13
2027-01-30,wk inc flu hosp,2,51,quantile,0.3,632,2027-02-13
2027-01-30,wk inc flu hosp,2,51,quantile,0.35,648,2027-02-13
2027-01-30,wk inc flu hosp,2,51,quantile,0.4,683,2027-02-13
2027-01-30,wk inc flu hosp,2,51,quantile,0.45,710,2027-02-13
2027-01-30,wk inc flu hosp,2,51,quantile,0.5,726,2027-02-13
2027-01-30,wk inc flu hosp,2,51,quantile,0.55,755,2027-02-13
2027-01-30,wk inc flu hosp,2,51,quantile,0.6,778,2027-02-13
2027-01-30,wk inc flu hosp,2,51,quantile,0.65,817,2027-02-13
2027-01-30,wk inc flu hosp,2,51,quantile,0.7,873,2027-02-13
2027-01-30,wk inc flu hosp,2,51,quantile,0.75,900,2027-02-13
2027-01-30,wk inc flu hosp,2,51,quantile,0.8,985,2027-02-13
2027-01-30,wk inc flu hosp,2,51,quantile,0.85,1034,2027-02-13
2027-01-30,wk inc flu hosp,2,51,quantile,0.9,1114,2027-02-13
2027-01-30,wk inc flu hosp,2,51,quantile,0.95,1278,2027-02-13
2027-01-30,wk inc flu hosp,2,51,quantile,0.975,1342,2027-02-13
2027-01-30,wk inc flu hosp,2,51,quantile,0.99,1451,2027-02-13
2027-01-30,wk inc flu hosp,2,53,quantile,0.01,303,2027-02-13
2027-01-30,wk inc flu hosp,2,53,quantile,0.025,320,2027-02-13
2027-01-30,wk inc flu hosp,2,53,quantile,0.05,342,2027-02-13
2027-01-30,wk inc flu hosp,2,53,quantile,0.1,371,2027-02-13
2027-01-30,wk inc flu hosp,2,53,quantile,0.15,408,2027-02-13
2027-01-30,wk inc flu hosp,2,53,quantile,0.2,439,2027-02-13
2027-01-30,wk inc flu hosp,2,53,quantile,0.25,462,2027-02-13
2027-01-30,wk inc flu hosp,2,53,quantile,0.3,477,2027-02-13
2027-01-30,wk inc flu hosp,2,53,quantile,0.35,497,2027-02-13
2027-01-30,wk inc flu hosp,2,53,quantile,0.4,518,2027-02-13
2027-01-30,wk inc flu hosp,2,53,quantile,0.45,542,2027-02-13
2027-01-30,wk inc flu hosp,2,53,quantile,0.5,564,2027-02-13
2027-01-30,wk inc flu hosp,2,53,quantile,0.55,585,2027-02-13
2027-01-30,wk inc flu hosp,2,53,quantile,0.6,604,2027-02-13
2027-01-30,wk inc flu hosp,2,53,quantile,0.65,624,2027-02-13
2027-01-30,wk inc flu hosp,2,53,quantile,0.7,647,2027-02-13
2027-01-30,wk inc flu hosp,2,53,quantile,0.75,663,2027-02-13
2027-01-30,wk inc flu hosp,2,53,quantile,0.8,728,2027-02-13
2027-01-30,wk inc flu hosp,2,53,quantile,0.85,850,2027-02-13
2027-01-30,wk inc flu hosp,2,53,quantile,0.9,963,2027-02-13
2027-01-30,wk inc flu hosp,2,53,quantile,0.95,1059,2027-02-13
2027-01-30,wk inc flu hosp,2,53,quantile,0.975,1079,2027-02-13
2027-01-30,wk inc flu hosp,2,53,quantile,0.99,1194,2027-02-13
2027-01-30,wk inc flu hosp,2,54,quantile,0.01,212,2027-02-13
2027-01-30,wk inc flu hosp,2,54,quantile,0.025,230,2027-02-13
2027-01-30,wk inc flu hosp,2,54,quantile,0.05,244,2027-02-13
2027-01-30,wk inc flu hosp,2,54,quantile,0.1,271,2027-02-13
2027-01-30,wk inc flu hosp,2,54,quantile,0.15,294,2027-02-13
2027-01-30,wk inc flu hosp,2,54,quantile,0.2,319,2027-02-13
2027-01-30,wk inc flu hosp,2,54,quantile,0.25,332,2027-02-13
2027-01-30,wk inc flu hosp,2,54,quantile,0.3,342,2027-02-13
2027-01-30,wk inc flu hosp,2,54,quantile,0.35,353,2027-02-13
2027-01-30,wk inc flu hosp,2,54,quantile,0.4,375,2027-02-13
2027-01-30,wk inc flu hosp,2,54,quantile,0.45,387,2027-02-13
2027-01-30,wk inc flu hosp,2,54,quantile,0.5,402,2027-02-13
2027-01-30,wk inc flu hosp,2,54,quantile,0.55,412,2027-02-13
2027-01-30,wk inc flu hosp,2,54,quantile,0.6,424,2027-02-13
2027-01-30,wk inc flu hosp,2,54,quantile,0.65,433,2027-02-13
2027-01-30,wk inc flu hosp,2,54,quantile,0.7,461,2027-02-13
2027-01-30,wk inc flu hosp,2,54,quantile,0.75,486,2027-02-13
2027-01-30,wk inc flu hosp,2,54,quantile,0.8,505,2027-02-13
2027-01-30,wk inc flu hosp,2,54,quantile,0.85,533,2027-02-13
2027-01-30,wk inc flu hosp,2,54,quantile,0.9,552,2027-02-13
2027-01-30,wk inc flu hosp,2,54,quantile,0.95,587,2027-02-13
2027-01-30,wk inc flu hosp,2,54,quantile,0.975,602,2027-02-13
2027-01-30,wk inc flu hosp,2,54,quantile,0.99,646,2027-02-13
2027-01-30,wk inc flu hosp,2,55,quantile,0.01,364,2027-02-13
2027-01-30,wk inc flu hosp,2,55,quantile,0.025,377,2027-02-13
2027-01-30,wk inc flu hosp,2,55,quantile,0.05,424,2027-02-13
2027-01-30,wk inc flu hosp,2,55,quantile,0.1,464,2027-02-13
2027-01-30,wk inc flu hosp,2,55,quantile,0.15,503,2027-02-13
2027-01-30,wk inc flu hosp,2,55,quantile,0.2,537,2027-02-13
2027-01-30,wk inc flu hosp,2,55,quantile,0.25,558,2027-02-13
2027-01-30,wk inc flu hosp,2,55,quantile,0.3,579,2027-02-13
2027-01-30,wk inc flu hosp,2,55,quantile,0.35,608,2027-02-13
2027-01-30,wk inc flu hosp,2,55,quantile,0.4,622,2027-02-13
2027-01-30,wk inc flu hosp,2,55,quantile,0.45,637,2027-02-13
2027-01-30,wk inc flu hosp,2,55,quantile,0.5,659,2027-02-13
2027-01-30,wk inc flu hosp,2,55,quantile,0.55,684,2027-02-13
2027-01-30,wk inc flu hosp,2,55,quantile,0.6,703,2027-02-13
2027-01-30,wk inc flu hosp,2,55,quantile,0.65,749,2027-02-13
2027-01-30,wk inc flu hosp,2,55,quantile,0.7,778,2027-02-13
2027-01-30,wk inc flu hosp,2,55,quantile,0.75,801,2027-02-13
2027-01-30,wk inc flu hosp,2,55,quantile,0.8,851,2027-02-13
2027-01-30,wk inc flu hosp,2,55,quantile,0.85,882,2027-02-13
2027-01-30,wk inc flu hosp,2,55,quantile,0.9,931,2027-02-13
2027-01-30,wk inc flu hosp,2,55,quantile,0.95,1006,2027-02-13
2027-01-30,wk inc flu hosp,2,55,quantile,0.975,1119,2027-02-13
2027-01-30,wk inc flu hosp,2,55,quantile,0.99,1254,2027-02-13
2027-01-30,wk inc flu hosp,2,56,quantile,0.01,26,2027-02-13
2027-01-30,wk inc flu hosp,2,56,quantile,0.025,30,2027-02-13
2027-01-30,wk inc flu hosp,2,56,quantile,0.05,34,2027-02-13
2027-01-30,wk inc flu hosp,2,56,quantile,0.1,39,2027-02-13
2027-01-30,wk inc flu hosp,2,56,quantile,0.15,48,2027-02-13
2027-01-30,wk inc flu hosp,2,56,quantile,0.2,53,2027-02-13
2027-01-30,wk inc flu hosp,2,56,quantile,0.25,57,2027-02-13
2027-01-30,wk inc flu hosp,2,56,quantile,0.3,66,2027-02-13
2027-01-30,wk inc flu hosp,2,56,quantile,0.35,72,2027-02-13
2027-01-30,wk inc flu hosp,2,56,quantile,0.4,76,2027-02-13
2027-01-30,wk inc flu hosp,2,56,quantile,0.45,81,2027-02-13
2027-01-30,wk inc flu hosp,2,56,quantile,0.5,86,2027-02-13
2027-01-30,wk inc flu hosp,2,56,quantile,0.55,91,2027-02-13
2027-01-30,wk inc flu hosp,2,56,quantile,0.6,97,2027-02-13
2027-01-30,wk inc flu hosp,2,56,quantile,0.65,104,2027-02-13
2027-01-30,wk inc flu hosp,2,56,quantile,0.7,112,2027-02-13
2027-01-30,wk inc flu hosp,2,56,quantile,0.75,124,2027-02-13
2027-01-30,wk inc flu hosp,2,56,quantile,0.8,138,2027-02-13
2027-01-30,wk inc flu hosp,2,56,quantile,0.85,153,2027-02-13
2027-01-30,wk inc flu hosp,2,56,quantile,0.9,175,2027-02-13
2027-01-30,wk inc flu hosp,2,56,quantile,0.95,189,2027-02-13
2027-01-30,wk inc flu hosp,2,56,quantile,0.975,220,2027-02-13
2027-01-30,wk inc flu hosp,2,56,quantile,0.99,240,2027-02-13
2027-01-30,wk inc flu hosp,2,72,quantile,0.01,51,2027-02-13
2027-01-30,wk inc flu hosp,2,72,quantile,0.025,62,2027-02-13
2027-01-30,wk inc flu hosp,2,72,quantile,0.05,69,2027-02-13
2027-01-30,wk inc flu hosp,2,72,quantile,0.1,84,2027-02-13
2027-01-30,wk inc flu hosp,2,72,quantile,0.15,94,2027-02-13
2027-01-30,wk inc flu hosp,2,72,quantile,0.2,103,2027-02-13
2027-01-30,wk inc flu hosp,2,72,quantile,0.25,109,2027-02-13
2027-01-30,wk inc flu hosp,2,72,quantile,0.3,116,2027-02-13
2027-01-30,wk inc flu hosp,2,72,quantile,0.35,124,2027-02-13
2027-01-30,wk inc flu hosp,2,72,quantile,0.4,140,2027-02-13
2027-01-30,wk inc flu hosp,2,72,quantile,0.45,149,2027-02-13
2027-01-30,wk inc flu hosp,2,72,quantile,0.5,159,2027-02-13
2027-01-30,wk inc flu hosp,2,72,quantile,0.55,171,2027-02-13
2027-01-30,wk inc flu hosp,2,72,quantile,0.6,193,2027-02-13
2027-01-30,wk inc flu hosp,2,72,quantile,0.65,206,2027-02-13
2027-01-30,wk inc flu hosp,2,72,quantile,0.7,222,2027-02-13
2027-01-30,wk inc flu hosp,2,72,quantile,0.75,232,2027-02-13
2027-01-30,wk inc flu hosp,2,72,quantile,0.8,249,2027-02-13
2027-01-30,wk inc flu hosp,2,72,quantile,0.85,264,2027-02-13
2027-01-30,wk inc flu hosp,2,72,quantile,0.9,289,2027-02-13
2027-01-30,wk inc flu hosp,2,72,quantile,0.95,330,2027-02-13
2027-01-30,wk inc flu hosp,2,72,quantile,0.975,419,2027-02-13
2027-01-30,wk inc flu hosp,2,72,quantile,0.99,487,2027-02-13
2027-01-30,wk inc flu hosp,2,USA,quantile,0.01,30372,2027-02-13
2027-01-30,wk inc flu hosp,2,USA,quantile,0.025,31353,2027-02-13
2027-01-30,wk inc flu hosp,2,USA,quantile,0.05,32485,2027-02-13
2027-01-30,wk inc flu hosp,2,USA,quantile,0.1,33311,2027-02-13
2027-01-30,wk inc flu hosp,2,USA,quantile,0.15,34217,2027-02-13
2027-01-30,wk inc flu hosp,2,USA,quantile,0.2,34886,2027-02-13
2027-01-30,wk inc flu hosp,2,USA,quantile,0.25,35663,2027-02-13
2027-01-30,wk inc flu hosp,2,USA,quantile,0.3,36028,2027-02-13
2027-01-30,wk inc flu hosp,2,USA,quantile,0.35,36395,2027-02-13
2027-01-30,wk inc flu hosp,2,USA,quantile,0.4,36722,2027-02-13
2027-01-30,wk inc flu hosp,2,USA,quantile,0.45,37495,2027-02-13
2027-01-30,wk inc flu hosp,2,USA,quantile,0.5,37781,2027-02-13
2027-01-30,wk inc flu hosp,2,USA,quantile,0.55,38065,2027-02-13
2027-01-30,wk inc flu hosp,2,USA,quantile,0.6,38361,2027-02-13
2027-01-30,wk inc flu hosp,2,USA,quantile,0.65,38715,2027-02-13
2027-01-30,wk inc flu hosp,2,USA,quantile,0.7,39147,2027-02-13
2027-01-30,wk inc flu hosp,2,USA,quantile,0.75,39580,2027-02-13
2027-01-30,wk inc flu hosp,2,USA,quantile,0.8,40285,2027-02-13
2027-01-30,wk inc flu hosp,2,USA,quantile,0.85,41073,2027-02-13
2027-01-30,wk inc flu hosp,2,USA,quantile,0.9,41903,2027-02-13
2027-01-30,wk inc flu hosp,2,USA,quantile,0.95,44127,2027-02-13
2027-01-30,wk inc flu hosp,2,USA,quantile,0.975,44563,2027-02-13
2027-01-30,wk inc flu hosp,2,USA,quantile,0.99,44972,2027-02-13
2027-01-30,wk inc flu hosp,3,01,quantile,0.01,291,2027-02-20
2027-01-30,wk inc flu hosp,3,01,quantile,0.025,297,2027-02-20
2027-01-30,wk inc flu hosp,3,01,quantile,0.05,319,2027-02-20
2027-01-30,wk inc flu hosp,3,01,quantile,0.1,374,2027-02-20
2027-01-30,wk inc flu hosp,3,01,quantile,0.15,403,2027-02-20
2027-01-30,wk inc flu hosp,3,01,quantile,0.2,425,2027-02-20
2027-01-30,wk inc flu hosp,3,01,quantile,0.25,443,2027-02-20
2027-01-30,wk inc flu hosp,3,01,quantile,0.3,475,2027-02-20
2027-01-30,wk inc flu hosp,3,01,quantile,0.35,506,2027-02-20
2027-01-30,wk inc flu hosp,3,01,quantile,0.4,532,2027-02-20
2027-01-30,wk inc flu hosp,3,01,quantile,0.45,571,2027-02-20
2027-01-30,wk inc flu hosp,3,01,quantile,0.5,590,2027-02-20
2027-01-30,wk inc flu hosp,3,01,quantile,0.55,621,2027-02-20
2027-01-30,wk inc flu hosp,3,01,quantile,0.6,649,2027-02-20
2027-01-30,wk inc flu hosp,3,01,quantile,0.65,669,2027-02-20
2027-01-30,wk inc flu hosp,3,01,quantile,0.7,725,2027-02-20
2027-01-30,wk inc flu hosp,3,01,quantile,0.75,760,2027-02-20
2027-01-30,wk inc flu hosp,3,01,quantile,0.8,825,2027-02-20
2027-01-30,wk inc flu hosp,3,01,quantile,0.85,927,2027-02-20
2027-01-30,wk inc flu hosp,3,01,quantile,0.9,1026,2027-02-20
2027-01-30,wk inc flu hosp,3,01,quantile,0.95,1112,2027-02-20
2027-01-30,wk inc flu hosp,3,01,quantile,0.975,1250,2027-02-20
2027-01-30,wk inc flu hosp,3,01,quantile,0.99,1531,2027-02-20
2027-01-30,wk inc flu hosp,3,02,quantile,0.01,4,2027-02-20
2027-01-30,wk inc flu hosp,3,02,quantile,0.025,6,2027-02-20
2027-01-30,wk inc flu hosp,3,02,quantile,0.05,8,2027-02-20
2027-01-30,wk inc flu hosp,3,02,quantile,0.1,11,2027-02-20
2027-01-30,wk inc flu hosp,3,02,quantile,0.15,14,2027-02-20
2027-01-30,wk inc flu hosp,3,02,quantile,0.2,15,2027-02-20
2027-01-30,wk inc flu hosp,3,02,quantile,0.25,17,2027-02-20
2027-01-30,wk inc flu hosp,3,02,quantile,0.3,18,2027-02-20
2027-01-30,wk inc flu hosp,3,02,quantile,0.35,20,2027-02-20
2027-01-30,wk inc flu hosp,3,02,quantile,0.4,21,2027-02-20
2027-01-30,wk inc flu hosp,3,02,quantile,0.45,24,2027-02-20
2027-01-30,wk inc flu hosp,3,02,quantile,0.5,26,2027-02-20
2027-01-30,wk inc flu hosp,3,02,quantile,0.55,28,2027-02-20
2027-01-30,wk inc flu hosp,3,02,quantile,0.6,30,2027-02-20
2027-01-30,wk inc flu hosp,3,02,quantile,0.65,32,2027-02-20
2027-01-30,wk inc flu hosp,3,02,quantile,0.7,35,2027-02-20
2027-01-30,wk inc flu hosp,3,02,quantile,0.75,38,2027-02-20
2027-01-30,wk inc flu hosp,3,02,quantile,0.8,41,2027-02-20
2027-01-30,wk inc flu hosp,3,02,quantile,0.85,44,2027-02-20
2027-01-30,wk inc flu hosp,3,02,quantile,0.9,49,2027-02-20
2027-01-30,wk inc flu hosp,3,02,quantile,0.95,62,2027-02-20
2027-01-30,wk inc flu hosp,3,02,quantile,0.975,74,2027-02-20
2027-01-30,wk inc flu hosp,3,02,quantile,0.99,90,2027-02-20
2027-01-30,wk inc flu hosp,3,04,quantile,0.01,287,2027-02-20
2027-01-30,wk inc flu hosp,3,04,quantile,0.025,305,2027-02-20
2027-01-30,wk inc flu hosp,3,04,quantile,0.05,323,2027-02-20
2027-01-30,wk inc flu hosp,3,04,quantile,0.1,382,2027-02-20
2027-01-30,wk inc flu hosp,3,04,quantile,0.15,430,2027-02-20
2027-01-30,wk inc flu hosp,3,04,quantile,0.2,455,2027-02-20
2027-01-30,wk inc flu hosp,3,04,quantile,0.25,477,2027-02-20
2027-01-30,wk inc flu hosp,3,04,quantile,0.3,490,2027-02-20
2027-01-30,wk inc flu hosp,3,04,quantile,0.35,527,2027-02-20
2027-01-30,wk inc flu hosp,3,04,quantile,0.4,547,2027-02-20
2027-01-30,wk inc flu hosp,3,04,quantile,0.45,578,2027-02-20
2027-01-30,wk inc flu hosp,3,04,quantile,0.5,605,2027-02-20
2027-01-30,wk inc flu hosp,3,04,quantile,0.55,641,2027-02-20
2027-01-30,wk inc flu hosp,3,04,quantile,0.6,666,2027-02-20
2027-01-30,wk inc flu hosp,3,04,quantile,0.65,678,2027-02-20
2027-01-30,wk inc flu hosp,3,04,quantile,0.7,695,2027-02-20
2027-01-30,wk inc flu hosp,3,04,quantile,0.75,731,2027-02-20
2027-01-30,wk inc flu hosp,3,04,quantile,0.8,764,2027-02-20
2027-01-30,wk inc flu hosp,3,04,quantile,0.85,813,2027-02-20
2027-01-30,wk inc flu hosp,3,04,quantile,0.9,905,2027-02-20
2027-01-30,wk inc flu hosp,3,04,quantile,0.95,1025,2027-02-20
2027-01-30,wk inc flu hosp,3,04,quantile,0.975,1157,2027-02-20
2027-01-30,wk inc flu hosp,3,04,quantile,0.99,1250,2027-02-20
2027-01-30,wk inc flu hosp,3,05,quantile,0.01,269,2027-02-20
2027-01-30,wk inc flu hosp,3,05,quantile,0.025,296,2027-02-20
2027-01-30,wk inc flu hosp,3,05,quantile,0.05,330,2027-02-20
2027-01-30,wk inc flu hosp,3,05,quantile,0.1,355,2027-02-20
2027-01-30,wk inc flu hosp,3,05,quantile,0.15,372,2027-02-20
2027-01-30,wk inc flu hosp,3,05,quantile,0.2,402,2027-02-20
2027-01-30,wk inc flu hosp,3,05,quantile,0.25,425,2027-02-20
2027-01-30,wk inc flu hosp,3,05,quantile,0.3,439,2027-02-20
2027-01-30,wk inc flu hosp,3,05,quantile,0.35,457,2027-02-20
2027-01-30,wk inc flu hosp,3,05,quantile,0.4,472,2027-02-20
2027-01-30,wk inc flu hosp,3,05,quantile,0.45,491,2027-02-20
2027-01-30,wk inc flu hosp,3,05,quantile,0.5,508,2027-02-20
2027-01-30,wk inc flu hosp,3,05,quantile,0.55,525,2027-02-20
2027-01-30,wk inc flu hosp,3,05,quantile,0.6,548,2027-02-20
2027-01-30,wk inc flu hosp,3,05,quantile,0.65,576,2027-02-20
2027-01-30,wk inc flu hosp,3,05,quantile,0.7,591,2027-02-20
2027-01-30,wk inc flu hosp,3,05,quantile,0.75,618,2027-02-20
2027-01-30,wk inc flu hosp,3,05,quantile,0.8,637,2027-02-20
2027-01-30,wk inc flu hosp,3,05,quantile,0.85,647,2027-02-20
2027-01-30,wk inc flu hosp,3,05,quantile,0.9,680,2027-02-20
2027-01-30,wk inc flu hosp,3,05,quantile,0.95,741,2027-02-20
2027-01-30,wk inc flu hosp,3,05,quantile,0.975,794,2027-02-20
2027-01-30,wk inc flu hosp,3,05,quantile,0.99,821,2027-02-20
2027-01-30,wk inc flu hosp,3,06,quantile,0.01,1213,2027-02-20
2027-01-30,wk inc flu hosp,3,06,quantile,0.025,1251,2027-02-20
2027-01-30,wk inc flu hosp,3,06,quantile,0.05,1359,2027-02-20
2027-01-30,wk inc flu hosp,3,06,quantile,0.1,1521,2027-02-20
2027-01-30,wk inc flu hosp,3,06,quantile,0.15,1841,2027-02-20
2027-01-30,wk inc flu hosp,3,06,quantile,0.2,1997,2027-02-20
2027-01-30,wk inc flu hosp,3,06,quantile,0.25,2100,2027-02-20
2027-01-30,wk inc flu hosp,3,06,quantile,0.3,2142,2027-02-20
2027-01-30,wk inc flu hosp,3,06,quantile,0.35,2281,2027-02-20
2027-01-30,wk inc flu hosp,3,06,quantile,0.4,2398,2027-02-20
2027-01-30,wk inc flu hosp,3,06,quantile,0.45,2523,2027-02-20
2027-01-30,wk inc flu hosp,3,06,quantile,0.5,2637,2027-02-20
2027-01-30,wk inc flu hosp,3,06,quantile,0.55,2736,2027-02-20
2027-01-30,wk inc flu hosp,3,06,quantile,0.6,2861,2027-02-20
2027-01-30,wk inc flu hosp,3,06,quantile,0.65,3063,2027-02-20
2027-01-30,wk inc flu hosp,3,06,quantile,0.7,3212,2027-02-20
2027-01-30,wk inc flu hosp,3,06,quantile,0.75,3368,2027-02-20
2027-01-30,wk inc flu hosp,3,06,quantile,0.8,3450,2027-02-20
2027-01-30,wk inc flu hosp,3,06,quantile,0.85,3661,2027-02-20
2027-01-30,wk inc flu hosp,3,06,quantile,0.9,4054,2027-02-20
2027-01-30,wk inc flu hosp,3,06,quantile,0.95,4274,2027-02-20
2027-01-30,wk inc flu hosp,3,06,quantile,0.975,4574,2027-02-20
2027-01-30,wk inc flu hosp,3,06,quantile,0.99,4689,2027-02-20
2027-01-30,wk inc flu hosp,3,08,quantile,0.01,156,2027-02-20
2027-01-30,wk inc flu hosp,3,08,quantile,0.025,189,2027-02-20
2027-01-30,wk inc flu hosp,3,08,quantile,0.05,216,2027-02-20
2027-01-30,wk inc flu hosp,3,08,quantile,0.1,235,2027-02-20
2027-01-30,wk inc flu hosp,3,08,quantile,0.15,257,2027-02-20
2027-01-30,wk inc flu hosp,3,08,quantile,0.2,270,2027-02-20
2027-01-30,wk inc flu hosp,3,08,quantile,0.25,291,2027-02-20
2027-01-30,wk inc flu hosp,3,08,quantile,0.3,297,2027-02-20
2027-01-30,wk inc flu hosp,3,08,quantile,0.35,316,2027-02-20
2027-01-30,wk inc flu hosp,3,08,quantile,0.4,328,2027-02-20
2027-01-30,wk inc flu hosp,3,08,quantile,0.45,336,2027-02-20
2027-01-30,wk inc flu hosp,3,08,quantile,0.5,344,2027-02-20
2027-01-30,wk inc flu hosp,3,08,quantile,0.55,354,2027-02-20
2027-01-30,wk inc flu hosp,3,08,quantile,0.6,373,2027-02-20
2027-01-30,wk inc flu hosp,3,08,quantile,0.65,384,2027-02-20
2027-01-30,wk inc flu hosp,3,08,quantile,0.7,397,2027-02-20
2027-01-30,wk inc flu hosp,3,08,quantile,0.75,418,2027-02-20
2027-01-30,wk inc flu hosp,3,08,quantile,0.8,436,2027-02-20
2027-01-30,wk inc flu hosp,3,08,quantile,0.85,455,2027-02-20
2027-01-30,wk inc flu hosp,3,08,quantile,0.9,489,2027-02-20
2027-01-30,wk inc flu hosp,3,08,quantile,0.95,544,2027-02-20
2027-01-30,wk inc flu hosp,3,08,quantile,0.975,607,2027-02-20
2027-01-30,wk inc flu hosp,3,08,quantile,0.99,660,2027-02-20
2027-01-30,wk inc flu hosp,3,09,quantile,0.01,96,2027-02-20
2027-01-30,wk inc flu hosp,3,09,quantile,0.025,120,2027-02-20
2027-01-30,wk inc flu hosp,3,09,quantile,0.05,132,2027-02-20
2027-01-30,wk inc flu hosp,3,09,quantile,0.1,142,2027-02-20
2027-01-30,wk inc flu hosp,3,09,quantile,0.15,156,2027-02-20
2027-01-30,wk inc flu hosp,3,09,quantile,0.2,163,2027-02-20
2027-01-30,wk inc flu hosp,3,09,quantile,0.25,177,2027-02-20
2027-01-30,wk inc flu hosp,3,09,quantile,0.3,190,2027-02-20
2027-01-30,wk inc flu hosp,3,09,quantile,0.35,203,2027-02-20
2027-01-30,wk inc flu hosp,3,09,quantile,0.4,220,2027-02-20
2027-01-30,wk inc flu hosp,3,09,quantile,0.45,235,2027-02-20
2027-01-30,wk inc flu hosp,3,09,quantile,0.5,246,2027-02-20
2027-01-30,wk inc flu hosp,3,09,quantile,0.55,258,2027-02-20
2027-01-30,wk inc flu hosp,3,09,quantile,0.6,274,2027-02-20
2027-01-30,wk inc flu hosp,3,09,quantile,0.65,291,2027-02-20
2027-01-30,wk inc flu hosp,3,09,quantile,0.7,311,2027-02-20
2027-01-30,wk inc flu hosp,3,09,quantile,0.75,348,2027-02-20
2027-01-30,wk inc flu hosp,3,09,quantile,0.8,371,2027-02-20
2027-01-30,wk inc flu hosp,3,09,quantile,0.85,404,2027-02-20
2027-01-30,wk inc flu hosp,3,09,quantile,0.9,445,2027-02-20
2027-01-30,wk inc flu hosp,3,09,quantile,0.95,687,2027-02-20
2027-01-30,wk inc flu hosp,3,09,quantile,0.975,710,2027-02-20
2027-01-30,wk inc flu hosp,3,09,quantile,0.99,784,2027-02-20
2027-01-30,wk inc flu hosp,3,10,quantile,0.01,54,2027-02-20
2027-01-30,wk inc flu hosp,3,10,quantile,0.025,68,2027-02-20
2027-01-30,wk inc flu hosp,3,10,quantile,0.05,72,2027-02-20
2027-01-30,wk inc flu hosp,3,10,quantile,0.1,78,2027-02-20
2027-01-30,wk inc flu hosp,3,10,quantile,0.15,87,2027-02-20
2027-01-30,wk inc flu hosp,3,10,quantile,0.2,100,2027-02-20
2027-01-30,wk inc flu hosp,3,10,quantile,0.25,110,2027-02-20
2027-01-30,wk inc flu hosp,3,10,quantile,0.3,118,2027-02-20
2027-01-30,wk inc flu hosp,3,10,quantile,0.35,127,2027-02-20
2027-01-30,wk inc flu hosp,3,10,quantile,0.4,135,2027-02-20
2027-01-30,wk inc flu hosp,3,10,quantile,0.45,138,2027-02-20
2027-01-30,wk inc flu hosp,3,10,quantile,0.5,145,2027-02-20
2027-01-30,wk inc flu hosp,3,10,quantile,0.55,153,2027-02-20
2027-01-30,wk inc flu hosp,3,10,quantile,0.6,159,2027-02-20
2027-01-30,wk inc flu hosp,3,10,quantile,0.65,168,2027-02-20
2027-01-30,wk inc flu hosp,3,10,quantile,0.7,176,2027-02-20
2027-01-30,wk inc flu hosp,3,10,quantile,0.75,186,2027-02-20
2027-01-30,wk inc flu hosp,3,10,quantile,0.8,195,2027-02-20
2027-01-30,wk inc flu hosp,3,10,quantile,0.85,206,2027-02-20
2027-01-30,wk inc flu hosp,3,10,quantile,0.9,215,2027-02-20
2027-01-30,wk inc flu hosp,3,10,quantile,0.95,245,2027-02-20
2027-01-30,wk inc flu hosp,3,10,quantile,0.975,265,2027-02-20
2027-01-30,wk inc flu hosp,3,10,quantile,0.99,319,2027-02-20
2027-01-30,wk inc flu hosp,3,11,quantile,0.01,5,2027-02-20
2027-01-30,wk inc flu hosp,3,11,quantile,0.025,11,2027-02-20
2027-01-30,wk inc flu hosp,3,11,quantile,0.05,19,2027-02-20
2027-01-30,wk inc flu hosp,3,11,quantile,0.1,25,2027-02-20
2027-01-30,wk inc flu hosp,3,11,quantile,0.15,31,2027-02-20
2027-01-30,wk inc flu hosp,3,11,quantile,0.2,35,2027-02-20
2027-01-30,wk inc flu hosp,3,11,quantile,0.25,38,2027-02-20
2027-01-30,wk inc flu hosp,3,11,quantile,0.3,41,2027-02-20
2027-01-30,wk inc flu hosp,3,11,quantile,0.35,46,2027-02-20
2027-01-30,wk inc flu hosp,3,11,quantile,0.4,48,2027-02-20
2027-01-30,wk inc flu hosp,3,11,quantile,0.45,55,2027-02-20
2027-01-30,wk inc flu hosp,3,11,quantile,0.5,60,2027-02-20
2027-01-30,wk inc flu hosp,3,11,quantile,0.55,66,2027-02-20
2027-01-30,wk inc flu hosp,3,11,quantile,0.6,69,2027-02-20
2027-01-30,wk inc flu hosp,3,11,quantile,0.65,78,2027-02-20
2027-01-30,wk inc flu hosp,3,11,quantile,0.7,83,2027-02-20
2027-01-30,wk inc flu hosp,3,11,quantile,0.75,86,2027-02-20
2027-01-30,wk inc flu hosp,3,11,quantile,0.8,98,2027-02-20
2027-01-30,wk inc flu hosp,3,11,quantile,0.85,109,2027-02-20
2027-01-30,wk inc flu hosp,3,11,quantile,0.9,134,2027-02-20
2027-01-30,wk inc flu hosp,3,11,quantile,0.95,160,2027-02-20
2027-01-30,wk inc flu hosp,3,11,quantile,0.975,189,2027-02-20
2027-01-30,wk inc flu hosp,3,11,quantile,0.99,289,2027-02-20
2027-01-30,wk inc flu hosp,3,12,quantile,0.01,1218,2027-02-20
2027-01-30,wk inc flu hosp,3,12,quantile,0.025,1315,2027-02-20
2027-01-30,wk inc flu hosp,3,12,quantile,0.05,1435,2027-02-20
2027-01-30,wk inc flu hosp,3,12,quantile,0.1,1631,2027-02-20
2027-01-30,wk inc flu hosp,3,12,quantile,0.15,1796,2027-02-20
2027-01-30,wk inc flu hosp,3,12,quantile,0.2,1994,2027-02-20
2027-01-30,wk inc flu hosp,3,12,quantile,0.25,2075,2027-02-20
2027-01-30,wk inc flu hosp,3,12,quantile,0.3,2148,2027-02-20
2027-01-30,wk inc flu hosp,3,12,quantile,0.35,2223,2027-02-20
2027-01-30,wk inc flu hosp,3,12,quantile,0.4,2312,2027-02-20
2027-01-30,wk inc flu hosp,3,12,quantile,0.45,2372,2027-02-20
2027-01-30,wk inc flu hosp,3,12,quantile,0.5,2465,2027-02-20
2027-01-30,wk inc flu hosp,3,12,quantile,0.55,2515,2027-02-20
2027-01-30,wk inc flu hosp,3,12,quantile,0.6,2604,2027-02-20
2027-01-30,wk inc flu hosp,3,12,quantile,0.65,2745,2027-02-20
2027-01-30,wk inc flu hosp,3,12,quantile,0.7,2861,2027-02-20
2027-01-30,wk inc flu hosp,3,12,quantile,0.75,2967,2027-02-20
2027-01-30,wk inc flu hosp,3,12,quantile,0.8,3093,2027-02-20
2027-01-30,wk inc flu hosp,3,12,quantile,0.85,3222,2027-02-20
2027-01-30,wk inc flu hosp,3,12,quantile,0.9,3352,2027-02-20
2027-01-30,wk inc flu hosp,3,12,quantile,0.95,3812,2027-02-20
2027-01-30,wk inc flu hosp,3,12,quantile,0.975,4013,2027-02-20
2027-01-30,wk inc flu hosp,3,12,quantile,0.99,4643,2027-02-20
2027-01-30,wk inc flu hosp,3,13,quantile,0.01,453,2027-02-20
2027-01-30,wk inc flu hosp,3,13,quantile,0.025,496,2027-02-20
2027-01-30,wk inc flu hosp,3,13,quantile,0.05,515,2027-02-20
2027-01-30,wk inc flu hosp,3,13,quantile,0.1,572,2027-02-20
2027-01-30,wk inc flu hosp,3,13,quantile,0.15,604,2027-02-20
2027-01-30,wk inc flu hosp,3,13,quantile,0.2,654,2027-02-20
2027-01-30,wk inc flu hosp,3,13,quantile,0.25,692,2027-02-20
2027-01-30,wk inc flu hosp,3,13,quantile,0.3,758,2027-02-20
2027-01-30,wk inc flu hosp,3,13,quantile,0.35,813,2027-02-20
2027-01-30,wk inc flu hosp,3,13,quantile,0.4,847,2027-02-20
2027-01-30,wk inc flu hosp,3,13,quantile,0.45,865,2027-02-20
2027-01-30,wk inc flu hosp,3,13,quantile,0.5,904,2027-02-20
2027-01-30,wk inc flu hosp,3,13,quantile,0.55,962,2027-02-20
2027-01-30,wk inc flu hosp,3,13,quantile,0.6,1018,2027-02-20
2027-01-30,wk inc flu hosp,3,13,quantile,0.65,1064,2027-02-20
2027-01-30,wk inc flu hosp,3,13,quantile,0.7,1122,2027-02-20
2027-01-30,wk inc flu hosp,3,13,quantile,0.75,1220,2027-02-20
2027-01-30,wk inc flu hosp,3,13,quantile,0.8,1273,2027-02-20
2027-01-30,wk inc flu hosp,3,13,quantile,0.85,1336,2027-02-20
2027-01-30,wk inc flu hosp,3,13,quantile,0.9,1454,2027-02-20
2027-01-30,wk inc flu hosp,3,13,quantile,0.95,1783,2027-02-20
2027-01-30,wk inc flu hosp,3,13,quantile,0.975,1910,2027-02-20
2027-01-30,wk inc flu hosp,3,13,quantile,0.99,2327,2027-02-20
2027-01-30,wk inc flu hosp,3,15,quantile,0.01,5,2027-02-20
2027-01-30,wk inc flu hosp,3,15,quantile,0.025,10,2027-02-20
2027-01-30,wk inc flu hosp,3,15,quantile,0.05,12,2027-02-20
2027-01-30,wk inc flu hosp,3,15,quantile,0.1,14,2027-02-20
2027-01-30,wk inc flu hosp,3,15,quantile,0.15,18,2027-02-20
2027-01-30,wk inc flu hosp,3,15,quantile,0.2,20,2027-02-20
2027-01-30,wk inc flu hosp,3,15,quantile,0.25,22,2027-02-20
2027-01-30,wk inc flu hosp,3,15,quantile,0.3,24,2027-02-20
2027-01-30,wk inc flu hosp,3,15,quantile,0.35,25,2027-02-20
2027-01-30,wk inc flu hosp,3,15,quantile,0.4,27,2027-02-20
2027-01-30,wk inc flu hosp,3,15,quantile,0.45,29,2027-02-20
2027-01-30,wk inc flu hosp,3,15,quantile,0.5,31,2027-02-20
2027-01-30,wk inc flu hosp,3,15,quantile,0.55,34,2027-02-20
2027-01-30,wk inc flu hosp,3,15,quantile,0.6,36,2027-02-20
2027-01-30,wk inc flu hosp,3,15,quantile,0.65,38,2027-02-20
2027-01-30,wk inc flu hosp,3,15,quantile,0.7,40,2027-02-20
2027-01-30,wk inc flu hosp,3,15,quantile,0.75,43,2027-02-20
2027-01-30,wk inc flu hosp,3,15,quantile,0.8,44,2027-02-20
2027-01-30,wk inc flu hosp,3,15,quantile,0.85,47,2027-02-20
2027-01-30,wk inc flu hosp,3,15,quantile,0.9,52,2027-02-20
2027-01-30,wk inc flu hosp,3,15,quantile,0.95,60,2027-02-20
2027-01-30,wk inc flu hosp,3,15,quantile,0.975,68,2027-02-20
2027-01-30,wk inc flu hosp,3,15,quantile,0.99,84,2027-02-20
2027-01-30,wk inc flu hosp,3,16,quantile,0.01,81,2027-02-20
2027-01-30,wk inc flu hosp,3,16,quantile,0.025,101,2027-02-20
2027-01-30,wk inc flu hosp,3,16,quantile,0.05,114,2027-02-20
2027-01-30,wk inc flu hosp,3,16,quantile,0.1,126,2027-02-20
2027-01-30,wk inc flu hosp,3,16,quantile,0.15,132,2027-02-20
2027-01-30,wk inc flu hosp,3,16,quantile,0.2,139,2027-02-20
2027-01-30,wk inc flu hosp,3,16,quantile,0.25,143,2027-02-20
2027-01-30,wk inc flu hosp,3,16,quantile,0.3,147,2027-02-20
2027-01-30,wk inc flu hosp,3,16,quantile,0.35,150,2027-02-20
2027-01-30,wk inc flu hosp,3,16,quantile,0.4,159,2027-02-20
2027-01-30,wk inc flu hosp,3,16,quantile,0.45,167,2027-02-20
2027-01-30,wk inc flu hosp,3,16,quantile,0.5,171,2027-02-20
2027-01-30,wk inc flu hosp,3,16,quantile,0.55,178,2027-02-20
2027-01-30,wk inc flu hosp,3,16,quantile,0.6,187,2027-02-20
2027-01-30,wk inc flu hosp,3,16,quantile,0.65,192,2027-02-20
2027-01-30,wk inc flu hosp,3,16,quantile,0.7,205,2027-02-20
2027-01-30,wk inc flu hosp,3,16,quantile,0.75,213,2027-02-20
2027-01-30,wk inc flu hosp,3,16,quantile,0.8,227,2027-02-20
2027-01-30,wk inc flu hosp,3,16,quantile,0.85,244,2027-02-20
2027-01-30,wk inc flu hosp,3,16,quantile,0.9,273,2027-02-20
2027-01-30,wk inc flu hosp,3,16,quantile,0.95,337,2027-02-20
2027-01-30,wk inc flu hosp,3,16,quantile,0.975,347,2027-02-20
2027-01-30,wk inc flu hosp,3,16,quantile,0.99,362,2027-02-20
2027-01-30,wk inc flu hosp,3,17,quantile,0.01,824,2027-02-20
2027-01-30,wk inc flu hosp,3,17,quantile,0.025,865,2027-02-20
2027-01-30,wk inc flu hosp,3,17,quantile,0.05,917,2027-02-20
2027-01-30,wk inc flu hosp,3,17,quantile,0.1,976,2027-02-20
2027-01-30,wk inc flu hosp,3,17,quantile,0.15,1002,2027-02-20
2027-01-30,wk inc flu hosp,3,17,quantile,0.2,1039,2027-02-20
2027-01-30,wk inc flu hosp,3,17,quantile,0.25,1092,2027-02-20
2027-01-30,wk inc flu hosp,3,17,quantile,0.3,1121,2027-02-20
2027-01-30,wk inc flu hosp,3,17,quantile,0.35,1154,2027-02-20
2027-01-30,wk inc flu hosp,3,17,quantile,0.4,1177,2027-02-20
2027-01-30,wk inc flu hosp,3,17,quantile,0.45,1205,2027-02-20
2027-01-30,wk inc flu hosp,3,17,quantile,0.5,1256,2027-02-20
2027-01-30,wk inc flu hosp,3,17,quantile,0.55,1295,2027-02-20
2027-01-30,wk inc flu hosp,3,17,quantile,0.6,1353,2027-02-20
2027-01-30,wk inc flu hosp,3,17,quantile,0.65,1389,2027-02-20
2027-01-30,wk inc flu hosp,3,17,quantile,0.7,1467,2027-02-20
2027-01-30,wk inc flu hosp,3,17,quantile,0.75,1534,2027-02-20
2027-01-30,wk inc flu hosp,3,17,quantile,0.8,1626,2027-02-20
2027-01-30,wk inc flu hosp,3,17,quantile,0.85,1719,2027-02-20
2027-01-30,wk inc flu hosp,3,17,quantile,0.9,1848,2027-02-20
2027-01-30,wk inc flu hosp,3,17,quantile,0.95,2141,2027-02-20
2027-01-30,wk inc flu hosp,3,17,quantile,0.975,2195,2027-02-20
2027-01-30,wk inc flu hosp,3,17,quantile,0.99,2367,2027-02-20
2027-01-30,wk inc flu hosp,3,18,quantile,0.01,738,2027-02-20
2027-01-30,wk inc flu hosp,3,18,quantile,0.025,790,2027-02-20
2027-01-30,wk inc flu hosp,3,18,quantile,0.05,870,2027-02-20
2027-01-30,wk inc flu hosp,3,18,quantile,0.1,1009,2027-02-20
2027-01-30,wk inc flu hosp,3,18,quantile,0.15,1109,2027-02-20
2027-01-30,wk inc flu hosp,3,18,quantile,0.2,1159,2027-02-20
2027-01-30,wk inc flu hosp,3,18,quantile,0.25,1224,2027-02-20
2027-01-30,wk inc flu hosp,3,18,quantile,0.3,1274,2027-02-20
2027-01-30,wk inc flu hosp,3,18,quantile,0.35,1305,2027-02-20
2027-01-30,wk inc flu hosp,3,18,quantile,0.4,1328,2027-02-20
2027-01-30,wk inc flu hosp,3,18,quantile,0.45,1389,2027-02-20
2027-01-30,wk inc flu hosp,3,18,quantile,0.5,1424,2027-02-20
2027-01-30,wk inc flu hosp,3,18,quantile,0.55,1491,2027-02-20
2027-01-30,wk inc flu hosp,3,18,quantile,0.6,1544,2027-02-20
2027-01-30,wk inc flu hosp,3,18,quantile,0.65,1581,2027-02-20
2027-01-30,wk inc flu hosp,3,18,quantile,0.7,1636,2027-02-20
2027-01-30,wk inc flu hosp,3,18,quantile,0.75,1689,2027-02-20
2027-01-30,wk inc flu hosp,3,18,quantile,0.8,1774,2027-02-20
2027-01-30,wk inc flu hosp,3,18,quantile,0.85,1918,2027-02-20
2027-01-30,wk inc flu hosp,3,18,quantile,0.9,2090,2027-02-20
2027-01-30,wk inc flu hosp,3,18,quantile,0.95,2585,2027-02-20
2027-01-30,wk inc flu hosp,3,18,quantile,0.975,2774,2027-02-20
2027-01-30,wk inc flu hosp,3,18,quantile,0.99,2938,2027-02-20
2027-01-30,wk inc flu hosp,3,19,quantile,0.01,153,2027-02-20
2027-01-30,wk inc flu hosp,3,19,quantile,0.025,195,2027-02-20
2027-01-30,wk inc flu hosp,3,19,quantile,0.05,226,2027-02-20
2027-01-30,wk inc flu hosp,3,19,quantile,0.1,239,2027-02-20
2027-01-30,wk inc flu hosp,3,19,quantile,0.15,275,2027-02-20
2027-01-30,wk inc flu hosp,3,19,quantile,0.2,292,2027-02-20
2027-01-30,wk inc flu hosp,3,19,quantile,0.25,310,2027-02-20
2027-01-30,wk inc flu hosp,3,19,quantile,0.3,322,2027-02-20
2027-01-30,wk inc flu hosp,3,19,quantile,0.35,341,2027-02-20
2027-01-30,wk inc flu hosp,3,19,quantile,0.4,359,2027-02-20
2027-01-30,wk inc flu hosp,3,19,quantile,0.45,371,2027-02-20
2027-01-30,wk inc flu hosp,3,19,quantile,0.5,390,2027-02-20
2027-01-30,wk inc flu hosp,3,19,quantile,0.55,403,2027-02-20
2027-01-30,wk inc flu hosp,3,19,quantile,0.6,425,2027-02-20
2027-01-30,wk inc flu hosp,3,19,quantile,0.65,454,2027-02-20
2027-01-30,wk inc flu hosp,3,19,quantile,0.7,493,2027-02-20
2027-01-30,wk inc flu hosp,3,19,quantile,0.75,520,2027-02-20
2027-01-30,wk inc flu hosp,3,19,quantile,0.8,543,2027-02-20
2027-01-30,wk inc flu hosp,3,19,quantile,0.85,566,2027-02-20
2027-01-30,wk inc flu hosp,3,19,quantile,0.9,607,2027-02-20
2027-01-30,wk inc flu hosp,3,19,quantile,0.95,717,2027-02-20
2027-01-30,wk inc flu hosp,3,19,quantile,0.975,759,2027-02-20
2027-01-30,wk inc flu hosp,3,19,quantile,0.99,772,2027-02-20
2027-01-30,wk inc flu hosp,3,20,quantile,0.01,228,2027-02-20
2027-01-30,wk inc flu hosp,3,20,quantile,0.025,251,2027-02-20
2027-01-30,wk inc flu hosp,3,20,quantile,0.05,300,2027-02-20
2027-01-30,wk inc flu hosp,3,20,quantile,0.1,323,2027-02-20
2027-01-30,wk inc flu hosp,3,20,quantile,0.15,346,2027-02-20
2027-01-30,wk inc flu hosp,3,20,quantile,0.2,384,2027-02-20
2027-01-30,wk inc flu hosp,3,20,quantile,0.25,405,2027-02-20
2027-01-30,wk inc flu hosp,3,20,quantile,0.3,430,2027-02-20
2027-01-30,wk inc flu hosp,3,20,quantile,0.35,450,2027-02-20
2027-01-30,wk inc flu hosp,3,20,quantile,0.4,467,2027-02-20
2027-01-30,wk inc flu hosp,3,20,quantile,0.45,482,2027-02-20
2027-01-30,wk inc flu hosp,3,20,quantile,0.5,508,2027-02-20
2027-01-30,wk inc flu hosp,3,20,quantile,0.55,543,2027-02-20
2027-01-30,wk inc flu hosp,3,20,quantile,0.6,569,2027-02-20
2027-01-30,wk inc flu hosp,3,20,quantile,0.65,605,2027-02-20
2027-01-30,wk inc flu hosp,3,20,quantile,0.7,634,2027-02-20
2027-01-30,wk inc flu hosp,3,20,quantile,0.75,726,2027-02-20
2027-01-30,wk inc flu hosp,3,20,quantile,0.8,766,2027-02-20
2027-01-30,wk inc flu hosp,3,20,quantile,0.85,846,2027-02-20
2027-01-30,wk inc flu hosp,3,20,quantile,0.9,904,2027-02-20
2027-01-30,wk inc flu hosp,3,20,quantile,0.95,1003,2027-02-20
2027-01-30,wk inc flu hosp,3,20,quantile,0.975,1159,2027-02-20
2027-01-30,wk inc flu hosp,3,20,quantile,0.99,1186,2027-02-20
2027-01-30,wk inc flu hosp,3,21,quantile,0.01,490,2027-02-20
2027-01-30,wk inc flu hosp,3,21,quantile,0.025,511,2027-02-20
2027-01-30,wk inc flu hosp,3,21,quantile,0.05,532,2027-02-20
2027-01-30,wk inc flu hosp,3,21,quantile,0.1,575,2027-02-20
2027-01-30,wk inc flu hosp,3,21,quantile,0.15,613,2027-02-20
2027-01-30,wk inc flu hosp,3,21,quantile,0.2,637,2027-02-20
2027-01-30,wk inc flu hosp,3,21,quantile,0.25,650,2027-02-20
2027-01-30,wk inc flu hosp,3,21,quantile,0.3,690,2027-02-20
2027-01-30,wk inc flu hosp,3,21,quantile,0.35,724,2027-02-20
2027-01-30,wk inc flu hosp,3,21,quantile,0.4,742,2027-02-20
2027-01-30,wk inc flu hosp,3,21,quantile,0.45,770,2027-02-20
2027-01-30,wk inc flu hosp,3,21,quantile,0.5,790,2027-02-20
2027-01-30,wk inc flu hosp,3,21,quantile,0.55,813,2027-02-20
2027-01-30,wk inc flu hosp,3,21,quantile,0.6,847,2027-02-20
2027-01-30,wk inc flu hosp,3,21,quantile,0.65,883,2027-02-20
2027-01-30,wk inc flu hosp,3,21,quantile,0.7,900,2027-02-20
2027-01-30,wk inc flu hosp,3,21,quantile,0.75,934,2027-02-20
2027-01-30,wk inc flu hosp,3,21,quantile,0.8,999,2027-02-20
2027-01-30,wk inc flu hosp,3,21,quantile,0.85,1102,2027-02-20
2027-01-30,wk inc flu hosp,3,21,quantile,0.9,1168,2027-02-20
2027-01-30,wk inc flu hosp,3,21,quantile,0.95,1290,2027-02-20
2027-01-30,wk inc flu hosp,3,21,quantile,0.975,1331,2027-02-20
2027-01-30,wk inc flu hosp,3,21,quantile,0.99,1340,2027-02-20
2027-01-30,wk inc flu hosp,3,22,quantile,0.01,171,2027-02-20
2027-01-30,wk inc flu hosp,3,22,quantile,0.025,213,2027-02-20
2027-01-30,wk inc flu hosp,3,22,quantile,0.05,222,2027-02-20
2027-01-30,wk inc flu hosp,3,22,quantile,0.1,256,2027-02-20
2027-01-30,wk inc flu hosp,3,22,quantile,0.15,280,2027-02-20
2027-01-30,wk inc flu hosp,3,22,quantile,0.2,308,2027-02-20
2027-01-30,wk inc flu hosp,3,22,quantile,0.25,344,2027-02-20
2027-01-30,wk inc flu hosp,3,22,quantile,0.3,358,2027-02-20
2027-01-30,wk inc flu hosp,3,22,quantile,0.35,387,2027-02-20
2027-01-30,wk inc flu hosp,3,22,quantile,0.4,402,2027-02-20
2027-01-30,wk inc flu hosp,3,22,quantile,0.45,424,2027-02-20
2027-01-30,wk inc flu hosp,3,22,quantile,0.5,443,2027-02-20
2027-01-30,wk inc flu hosp,3,22,quantile,0.55,466,2027-02-20
2027-01-30,wk inc flu hosp,3,22,quantile,0.6,495,2027-02-20
2027-01-30,wk inc flu hosp,3,22,quantile,0.65,520,2027-02-20
2027-01-30,wk inc flu hosp,3,22,quantile,0.7,538,2027-02-20
2027-01-30,wk inc flu hosp,3,22,quantile,0.75,572,2027-02-20
2027-01-30,wk inc flu hosp,3,22,quantile,0.8,598,2027-02-20
2027-01-30,wk inc flu hosp,3,22,quantile,0.85,624,2027-02-20
2027-01-30,wk inc flu hosp,3,22,quantile,0.9,702,2027-02-20
2027-01-30,wk inc flu hosp,3,22,quantile,0.95,838,2027-02-20
2027-01-30,wk inc flu hosp,3,22,quantile,0.975,910,2027-02-20
2027-01-30,wk inc flu hosp,3,22,quantile,0.99,994,2027-02-20
2027-01-30,wk inc flu hosp,3,23,quantile,0.01,75,2027-02-20
2027-01-30,wk inc flu hosp,3,23,quantile,0.025,80,2027-02-20
2027-01-30,wk inc flu hosp,3,23,quantile,0.05,88,2027-02-20
2027-01-30,wk inc flu hosp,3,23,quantile,0.1,99,2027-02-20
2027-01-30,wk inc flu hosp,3,23,quantile,0.15,106,2027-02-20
2027-01-30,wk inc flu hosp,3,23,quantile,0.2,115,2027-02-20
2027-01-30,wk inc flu hosp,3,23,quantile,0.25,122,2027-02-20
2027-01-30,wk inc flu hosp,3,23,quantile,0.3,124,2027-02-20
2027-01-30,wk inc flu hosp,3,23,quantile,0.35,133,2027-02-20
2027-01-30,wk inc flu hosp,3,23,quantile,0.4,142,2027-02-20
2027-01-30,wk inc flu hosp,3,23,quantile,0.45,150,2027-02-20
2027-01-30,wk inc flu hosp,3,23,quantile,0.5,158,2027-02-20
2027-01-30,wk inc flu hosp,3,23,quantile,0.55,162,2027-02-20
2027-01-30,wk inc flu hosp,3,23,quantile,0.6,166,2027-02-20
2027-01-30,wk inc flu hosp,3,23,quantile,0.65,173,2027-02-20
2027-01-30,wk inc flu hosp,3,23,quantile,0.7,183,2027-02-20
2027-01-30,wk inc flu hosp,3,23,quantile,0.75,196,2027-02-20
2027-01-30,wk inc flu hosp,3,23,quantile,0.8,208,2027-02-20
2027-01-30,wk inc flu hosp,3,23,quantile,0.85,217,2027-02-20
2027-01-30,wk inc flu hosp,3,23,quantile,0.9,238,2027-02-20
2027-01-30,wk inc flu hosp,3,23,quantile,0.95,271,2027-02-20
2027-01-30,wk inc flu hosp,3,23,quantile,0.975,325,2027-02-20
2027-01-30,wk inc flu hosp,3,23,quantile,0.99,404,2027-02-20
2027-01-30,wk inc flu hosp,3,24,quantile,0.01,215,2027-02-20
2027-01-30,wk inc flu hosp,3,24,quantile,0.025,223,2027-02-20
2027-01-30,wk inc flu hosp,3,24,quantile,0.05,256,2027-02-20
2027-01-30,wk inc flu hosp,3,24,quantile,0.1,293,2027-02-20
2027-01-30,wk inc flu hosp,3,24,quantile,0.15,329,2027-02-20
2027-01-30,wk inc flu hosp,3,24,quantile,0.2,345,2027-02-20
2027-01-30,wk inc flu hosp,3,24,quantile,0.25,367,2027-02-20
2027-01-30,wk inc flu hosp,3,24,quantile,0.3,379,2027-02-20
2027-01-30,wk inc flu hosp,3,24,quantile,0.35,400,2027-02-20
2027-01-30,wk inc flu hosp,3,24,quantile,0.4,415,2027-02-20
2027-01-30,wk inc flu hosp,3,24,quantile,0.45,444,2027-02-20
2027-01-30,wk inc flu hosp,3,24,quantile,0.5,476,2027-02-20
2027-01-30,wk inc flu hosp,3,24,quantile,0.55,491,2027-02-20
2027-01-30,wk inc flu hosp,3,24,quantile,0.6,543,2027-02-20
2027-01-30,wk inc flu hosp,3,24,quantile,0.65,567,2027-02-20
2027-01-30,wk inc flu hosp,3,24,quantile,0.7,594,2027-02-20
2027-01-30,wk inc flu hosp,3,24,quantile,0.75,634,2027-02-20
2027-01-30,wk inc flu hosp,3,24,quantile,0.8,662,2027-02-20
2027-01-30,wk inc flu hosp,3,24,quantile,0.85,684,2027-02-20
2027-01-30,wk inc flu hosp,3,24,quantile,0.9,755,2027-02-20
2027-01-30,wk inc flu hosp,3,24,quantile,0.95,803,2027-02-20
2027-01-30,wk inc flu hosp,3,24,quantile,0.975,905,2027-02-20
2027-01-30,wk inc flu hosp,3,24,quantile,0.99,940,2027-02-20
2027-01-30,wk inc flu hosp,3,25,quantile,0.01,446,2027-02-20
2027-01-30,wk inc flu hosp,3,25,quantile,0.025,495,2027-02-20
2027-01-30,wk inc flu hosp,3,25,quantile,0.05,565,2027-02-20
2027-01-30,wk inc flu hosp,3,25,quantile,0.1,620,2027-02-20
2027-01-30,wk inc flu hosp,3,25,quantile,0.15,670,2027-02-20
2027-01-30,wk inc flu hosp,3,25,quantile,0.2,707,2027-02-20
2027-01-30,wk inc flu hosp,3,25,quantile,0.25,768,2027-02-20
2027-01-30,wk inc flu hosp,3,25,quantile,0.3,800,2027-02-20
2027-01-30,wk inc flu hosp,3,25,quantile,0.35,834,2027-02-20
2027-01-30,wk inc flu hosp,3,25,quantile,0.4,907,2027-02-20
2027-01-30,wk inc flu hosp,3,25,quantile,0.45,937,2027-02-20
2027-01-30,wk inc flu hosp,3,25,quantile,0.5,1010,2027-02-20
2027-01-30,wk inc flu hosp,3,25,quantile,0.55,1038,2027-02-20
2027-01-30,wk inc flu hosp,3,25,quantile,0.6,1079,2027-02-20
2027-01-30,wk inc flu hosp,3,25,quantile,0.65,1124,2027-02-20
2027-01-30,wk inc flu hosp,3,25,quantile,0.7,1185,2027-02-20
2027-01-30,wk inc flu hosp,3,25,quantile,0.75,1263,2027-02-20
2027-01-30,wk inc flu hosp,3,25,quantile,0.8,1343,2027-02-20
2027-01-30,wk inc flu hosp,3,25,quantile,0.85,1422,2027-02-20
2027-01-30,wk inc flu hosp,3,25,quantile,0.9,1540,2027-02-20
2027-01-30,wk inc flu hosp,3,25,quantile,0.95,1758,2027-02-20
2027-01-30,wk inc flu hosp,3,25,quantile,0.975,1944,2027-02-20
2027-01-30,wk inc flu hosp,3,25,quantile,0.99,2025,2027-02-20
2027-01-30,wk inc flu hosp,3,26,quantile,0.01,485,2027-02-20
2027-01-30,wk inc flu hosp,3,26,quantile,0.025,579,2027-02-20
2027-01-30,wk inc flu hosp,3,26,quantile,0.05,708,2027-02-20
2027-01-30,wk inc flu hosp,3,26,quantile,0.1,817,2027-02-20
2027-01-30,wk inc flu hosp,3,26,quantile,0.15,880,2027-02-20
2027-01-30,wk inc flu hosp,3,26,quantile,0.2,993,2027-02-20
2027-01-30,wk inc flu hosp,3,26,quantile,0.25,1054,2027-02-20
2027-01-30,wk inc flu hosp,3,26,quantile,0.3,1125,2027-02-20
2027-01-30,wk inc flu hosp,3,26,quantile,0.35,1211,2027-02-20
2027-01-30,wk inc flu hosp,3,26,quantile,0.4,1271,2027-02-20
2027-01-30,wk inc flu hosp,3,26,quantile,0.45,1345,2027-02-20
2027-01-30,wk inc flu hosp,3,26,quantile,0.5,1412,2027-02-20
2027-01-30,wk inc flu hosp,3,26,quantile,0.55,1469,2027-02-20
2027-01-30,wk inc flu hosp,3,26,quantile,0.6,1523,2027-02-20
2027-01-30,wk inc flu hosp,3,26,quantile,0.65,1576,2027-02-20
2027-01-30,wk inc flu hosp,3,26,quantile,0.7,1629,2027-02-20
2027-01-30,wk inc flu hosp,3,26,quantile,0.75,1802,2027-02-20
2027-01-30,wk inc flu hosp,3,26,quantile,0.8,1912,2027-02-20
2027-01-30,wk inc flu hosp,3,26,quantile,0.85,1957,2027-02-20
2027-01-30,wk inc flu hosp,3,26,quantile,0.9,2003,2027-02-20
2027-01-30,wk inc flu hosp,3,26,quantile,0.95,2073,2027-02-20
2027-01-30,wk inc flu hosp,3,26,quantile,0.975,2262,2027-02-20
2027-01-30,wk inc flu hosp,3,26,quantile,0.99,2642,2027-02-20
2027-01-30,wk inc flu hosp,3,27,quantile,0.01,205,2027-02-20
2027-01-30,wk inc flu hosp,3,27,quantile,0.025,239,2027-02-20
2027-01-30,wk inc flu hosp,3,27,quantile,0.05,272,2027-02-20
2027-01-30,wk inc flu hosp,3,27,quantile,0.1,301,2027-02-20
2027-01-30,wk inc flu hosp,3,27,quantile,0.15,323,2027-02-20
2027-01-30,wk inc flu hosp,3,27,quantile,0.2,344,2027-02-20
2027-01-30,wk inc flu hosp,3,27,quantile,0.25,366,2027-02-20
2027-01-30,wk inc flu hosp,3,27,quantile,0.3,392,2027-02-20
2027-01-30,wk inc flu hosp,3,27,quantile,0.35,402,2027-02-20
2027-01-30,wk inc flu hosp,3,27,quantile,0.4,422,2027-02-20
2027-01-30,wk inc flu hosp,3,27,quantile,0.45,435,2027-02-20
2027-01-30,wk inc flu hosp,3,27,quantile,0.5,450,2027-02-20
2027-01-30,wk inc flu hosp,3,27,quantile,0.55,460,2027-02-20
2027-01-30,wk inc flu hosp,3,27,quantile,0.6,479,2027-02-20
2027-01-30,wk inc flu hosp,3,27,quantile,0.65,494,2027-02-20
2027-01-30,wk inc flu hosp,3,27,quantile,0.7,532,2027-02-20
2027-01-30,wk inc flu hosp,3,27,quantile,0.75,550,2027-02-20
2027-01-30,wk inc flu hosp,3,27,quantile,0.8,580,2027-02-20
2027-01-30,wk inc flu hosp,3,27,quantile,0.85,648,2027-02-20
2027-01-30,wk inc flu hosp,3,27,quantile,0.9,717,2027-02-20
2027-01-30,wk inc flu hosp,3,27,quantile,0.95,810,2027-02-20
2027-01-30,wk inc flu hosp,3,27,quantile,0.975,861,2027-02-20
2027-01-30,wk inc flu hosp,3,27,quantile,0.99,987,2027-02-20
2027-01-30,wk inc flu hosp,3,28,quantile,0.01,223,2027-02-20
2027-01-30,wk inc flu hosp,3,28,quantile,0.025,235,2027-02-20
2027-01-30,wk inc flu hosp,3,28,quantile,0.05,249,2027-02-20
2027-01-30,wk inc flu hosp,3,28,quantile,0.1,276,2027-02-20
2027-01-30,wk inc flu hosp,3,28,quantile,0.15,304,2027-02-20
2027-01-30,wk inc flu hosp,3,28,quantile,0.2,317,2027-02-20
2027-01-30,wk inc flu hosp,3,28,quantile,0.25,346,2027-02-20
2027-01-30,wk inc flu hosp,3,28,quantile,0.3,359,2027-02-20
2027-01-30,wk inc flu hosp,3,28,quantile,0.35,372,2027-02-20
2027-01-30,wk inc flu hosp,3,28,quantile,0.4,403,2027-02-20
2027-01-30,wk inc flu hosp,3,28,quantile,0.45,425,2027-02-20
2027-01-30,wk inc flu hosp,3,28,quantile,0.5,443,2027-02-20
2027-01-30,wk inc flu hosp,3,28,quantile,0.55,455,2027-02-20
2027-01-30,wk inc flu hosp,3,28,quantile,0.6,478,2027-02-20
2027-01-30,wk inc flu hosp,3,28,quantile,0.65,523,2027-02-20
2027-01-30,wk inc flu hosp,3,28,quantile,0.7,557,2027-02-20
2027-01-30,wk inc flu hosp,3,28,quantile,0.75,575,2027-02-20
2027-01-30,wk inc flu hosp,3,28,quantile,0.8,591,2027-02-20
2027-01-30,wk inc flu hosp,3,28,quantile,0.85,627,2027-02-20
2027-01-30,wk inc flu hosp,3,28,quantile,0.9,698,2027-02-20
2027-01-30,wk inc flu hosp,3,28,quantile,0.95,716,2027-02-20
2027-01-30,wk inc flu hosp,3,28,quantile,0.975,819,2027-02-20
2027-01-30,wk inc flu hosp,3,28,quantile,0.99,980,2027-02-20
2027-01-30,wk inc flu hosp,3,29,quantile,0.01,745,2027-02-20
2027-01-30,wk inc flu hosp,3,29,quantile,0.025,792,2027-02-20
2027-01-30,wk inc flu hosp,3,29,quantile,0.05,827,2027-02-20
2027-01-30,wk inc flu hosp,3,29,quantile,0.1,944,2027-02-20
2027-01-30,wk inc flu hosp,3,29,quantile,0.15,970,2027-02-20
2027-01-30,wk inc flu hosp,3,29,quantile,0.2,1009,2027-02-20
2027-01-30,wk inc flu hosp,3,29,quantile,0.25,1048,2027-02-20
2027-01-30,wk inc flu hosp,3,29,quantile,0.3,1106,2027-02-20
2027-01-30,wk inc flu hosp,3,29,quantile,0.35,1154,2027-02-20
2027-01-30,wk inc flu hosp,3,29,quantile,0.4,1178,2027-02-20
2027-01-30,wk inc flu hosp,3,29,quantile,0.45,1210,2027-02-20
2027-01-30,wk inc flu hosp,3,29,quantile,0.5,1252,2027-02-20
2027-01-30,wk inc flu hosp,3,29,quantile,0.55,1293,2027-02-20
2027-01-30,wk inc flu hosp,3,29,quantile,0.6,1318,2027-02-20
2027-01-30,wk inc flu hosp,3,29,quantile,0.65,1354,2027-02-20
2027-01-30,wk inc flu hosp,3,29,quantile,0.7,1413,2027-02-20
2027-01-30,wk inc flu hosp,3,29,quantile,0.75,1489,2027-02-20
2027-01-30,wk inc flu hosp,3,29,quantile,0.8,1551,2027-02-20
2027-01-30,wk inc flu hosp,3,29,quantile,0.85,1620,2027-02-20
2027-01-30,wk inc flu hosp,3,29,quantile,0.9,1701,2027-02-20
2027-01-30,wk inc flu hosp,3,29,quantile,0.95,1854,2027-02-20
2027-01-30,wk inc flu hosp,3,29,quantile,0.975,1936,2027-02-20
2027-01-30,wk inc flu hosp,3,29,quantile,0.99,2143,2027-02-20
2027-01-30,wk inc flu hosp,3,30,quantile,0.01,72,2027-02-20
2027-01-30,wk inc flu hosp,3,30,quantile,0.025,76,2027-02-20
2027-01-30,wk inc flu hosp,3,30,quantile,0.05,84,2027-02-20
2027-01-30,wk inc flu hosp,3,30,quantile,0.1,88,2027-02-20
2027-01-30,wk inc flu hosp,3,30,quantile,0.15,92,2027-02-20
2027-01-30,wk inc flu hosp,3,30,quantile,0.2,105,2027-02-20
2027-01-30,wk inc flu hosp,3,30,quantile,0.25,112,2027-02-20
2027-01-30,wk inc flu hosp,3,30,quantile,0.3,116,2027-02-20
2027-01-30,wk inc flu hosp,3,30,quantile,0.35,126,2027-02-20
2027-01-30,wk inc flu hosp,3,30,quantile,0.4,130,2027-02-20
2027-01-30,wk inc flu hosp,3,30,quantile,0.45,135,2027-02-20
2027-01-30,wk inc flu hosp,3,30,quantile,0.5,145,2027-02-20
2027-01-30,wk inc flu hosp,3,30,quantile,0.55,150,2027-02-20
2027-01-30,wk inc flu hosp,3,30,quantile,0.6,166,2027-02-20
2027-01-30,wk inc flu hosp,3,30,quantile,0.65,171,2027-02-20
2027-01-30,wk inc flu hosp,3,30,quantile,0.7,188,2027-02-20
2027-01-30,wk inc flu hosp,3,30,quantile,0.75,210,2027-02-20
2027-01-30,wk inc flu hosp,3,30,quantile,0.8,225,2027-02-20
2027-01-30,wk inc flu hosp,3,30,quantile,0.85,241,2027-02-20
2027-01-30,wk inc flu hosp,3,30,quantile,0.9,262,2027-02-20
2027-01-30,wk inc flu hosp,3,30,quantile,0.95,278,2027-02-20
2027-01-30,wk inc flu hosp,3,30,quantile,0.975,319,2027-02-20
2027-01-30,wk inc flu hosp,3,30,quantile,0.99,359,2027-02-20
2027-01-30,wk inc flu hosp,3,31,quantile,0.01,163,2027-02-20
2027-01-30,wk inc flu hosp,3,31,quantile,0.025,168,2027-02-20
2027-01-30,wk inc flu hosp,3,31,quantile,0.05,177,2027-02-20
2027-01-30,wk inc flu hosp,3,31,quantile,0.1,203,2027-02-20
2027-01-30,wk inc flu hosp,3,31,quantile,0.15,232,2027-02-20
2027-01-30,wk inc flu hosp,3,31,quantile,0.2,253,2027-02-20
2027-01-30,wk inc flu hosp,3,31,quantile,0.25,259,2027-02-20
2027-01-30,wk inc flu hosp,3,31,quantile,0.3,270,2027-02-20
2027-01-30,wk inc flu hosp,3,31,quantile,0.35,282,2027-02-20
2027-01-30,wk inc flu hosp,3,31,quantile,0.4,304,2027-02-20
2027-01-30,wk inc flu hosp,3,31,quantile,0.45,313,2027-02-20
2027-01-30,wk inc flu hosp,3,31,quantile,0.5,327,2027-02-20
2027-01-30,wk inc flu hosp,3,31,quantile,0.55,352,2027-02-20
2027-01-30,wk inc flu hosp,3,31,quantile,0.6,364,2027-02-20
2027-01-30,wk inc flu hosp,3,31,quantile,0.65,385,2027-02-20
2027-01-30,wk inc flu hosp,3,31,quantile,0.7,408,2027-02-20
2027-01-30,wk inc flu hosp,3,31,quantile,0.75,421,2027-02-20
2027-01-30,wk inc flu hosp,3,31,quantile,0.8,442,2027-02-20
2027-01-30,wk inc flu hosp,3,31,quantile,0.85,456,2027-02-20
2027-01-30,wk inc flu hosp,3,31,quantile,0.9,482,2027-02-20
2027-01-30,wk inc flu hosp,3,31,quantile,0.95,556,2027-02-20
2027-01-30,wk inc flu hosp,3,31,quantile,0.975,605,2027-02-20
2027-01-30,wk inc flu hosp,3,31,quantile,0.99,716,2027-02-20
2027-01-30,wk inc flu hosp,3,32,quantile,0.01,58,2027-02-20
2027-01-30,wk inc flu hosp,3,32,quantile,0.025,62,2027-02-20
2027-01-30,wk inc flu hosp,3,32,quantile,0.05,72,2027-02-20
2027-01-30,wk inc flu hosp,3,32,quantile,0.1,86,2027-02-20
2027-01-30,wk inc flu hosp,3,32,quantile,0.15,91,2027-02-20
2027-01-30,wk inc flu hosp,3,32,quantile,0.2,100,2027-02-20
2027-01-30,wk inc flu hosp,3,32,quantile,0.25,107,2027-02-20
2027-01-30,wk inc flu hosp,3,32,quantile,0.3,114,2027-02-20
2027-01-30,wk inc flu hosp,3,32,quantile,0.35,123,2027-02-20
2027-01-30,wk inc flu hosp,3,32,quantile,0.4,128,2027-02-20
2027-01-30,wk inc flu hosp,3,32,quantile,0.45,132,2027-02-20
2027-01-30,wk inc flu hosp,3,32,quantile,0.5,137,2027-02-20
2027-01-30,wk inc flu hosp,3,32,quantile,0.55,139,2027-02-20
2027-01-30,wk inc flu hosp,3,32,quantile,0.6,149,2027-02-20
2027-01-30,wk inc flu hosp,3,32,quantile,0.65,158,2027-02-20
2027-01-30,wk inc flu hosp,3,32,quantile,0.7,167,2027-02-20
2027-01-30,wk inc flu hosp,3,32,quantile,0.75,181,2027-02-20
2027-01-30,wk inc flu hosp,3,32,quantile,0.8,202,2027-02-20
2027-01-30,wk inc flu hosp,3,32,quantile,0.85,216,2027-02-20
2027-01-30,wk inc flu hosp,3,32,quantile,0.9,235,2027-02-20
2027-01-30,wk inc flu hosp,3,32,quantile,0.95,256,2027-02-20
2027-01-30,wk inc flu hosp,3,32,quantile,0.975,271,2027-02-20
2027-01-30,wk inc flu hosp,3,32,quantile,0.99,298,2027-02-20
2027-01-30,wk inc flu hosp,3,33,quantile,0.01,39,2027-02-20
2027-01-30,wk inc flu hosp,3,33,quantile,0.025,46,2027-02-20
2027-01-30,wk inc flu hosp,3,33,quantile,0.05,53,2027-02-20
2027-01-30,wk inc flu hosp,3,33,quantile,0.1,63,2027-02-20
2027-01-30,wk inc flu hosp,3,33,quantile,0.15,71,2027-02-20
2027-01-30,wk inc flu hosp,3,33,quantile,0.2,75,2027-02-20
2027-01-30,wk inc flu hosp,3,33,quantile,0.25,78,2027-02-20
2027-01-30,wk inc flu hosp,3,33,quantile,0.3,83,2027-02-20
2027-01-30,wk inc flu hosp,3,33,quantile,0.35,88,2027-02-20
2027-01-30,wk inc flu hosp,3,33,quantile,0.4,91,2027-02-20
2027-01-30,wk inc flu hosp,3,33,quantile,0.45,95,2027-02-20
2027-01-30,wk inc flu hosp,3,33,quantile,0.5,101,2027-02-20
2027-01-30,wk inc flu hosp,3,33,quantile,0.55,105,2027-02-20
2027-01-30,wk inc flu hosp,3,33,quantile,0.6,110,2027-02-20
2027-01-30,wk inc flu hosp,3,33,quantile,0.65,112,2027-02-20
2027-01-30,wk inc flu hosp,3,33,quantile,0.7,117,2027-02-20
2027-01-30,wk inc flu hosp,3,33,quantile,0.75,124,2027-02-20
2027-01-30,wk inc flu hosp,3,33,quantile,0.8,136,2027-02-20
2027-01-30,wk inc flu hosp,3,33,quantile,0.85,142,2027-02-20
2027-01-30,wk inc flu hosp,3,33,quantile,0.9,157,2027-02-20
2027-01-30,wk inc flu hosp,3,33,quantile,0.95,165,2027-02-20
2027-01-30,wk inc flu hosp,3,33,quantile,0.975,193,2027-02-20
2027-01-30,wk inc flu hosp,3,33,quantile,0.99,229,2027-02-20
2027-01-30,wk inc flu hosp,3,34,quantile,0.01,414,2027-02-20
2027-01-30,wk inc flu hosp,3,34,quantile,0.025,432,2027-02-20
2027-01-30,wk inc flu hosp,3,34,quantile,0.05,449,2027-02-20
2027-01-30,wk inc flu hosp,3,34,quantile,0.1,511,2027-02-20
2027-01-30,wk inc flu hosp,3,34,quantile,0.15,545,2027-02-20
2027-01-30,wk inc flu hosp,3,34,quantile,0.2,580,2027-02-20
2027-01-30,wk inc flu hosp,3,34,quantile,0.25,634,2027-02-20
2027-01-30,wk inc flu hosp,3,34,quantile,0.3,660,2027-02-20
2027-01-30,wk inc flu hosp,3,34,quantile,0.35,707,2027-02-20
2027-01-30,wk inc flu hosp,3,34,quantile,0.4,755,2027-02-20
2027-01-30,wk inc flu hosp,3,34,quantile,0.45,806,2027-02-20
2027-01-30,wk inc flu hosp,3,34,quantile,0.5,864,2027-02-20
2027-01-30,wk inc flu hosp,3,34,quantile,0.55,942,2027-02-20
2027-01-30,wk inc flu hosp,3,34,quantile,0.6,1018,2027-02-20
2027-01-30,wk inc flu hosp,3,34,quantile,0.65,1039,2027-02-20
2027-01-30,wk inc flu hosp,3,34,quantile,0.7,1100,2027-02-20
2027-01-30,wk inc flu hosp,3,34,quantile,0.75,1133,2027-02-20
2027-01-30,wk inc flu hosp,3,34,quantile,0.8,1189,2027-02-20
2027-01-30,wk inc flu hosp,3,34,quantile,0.85,1250,2027-02-20
2027-01-30,wk inc flu hosp,3,34,quantile,0.9,1378,2027-02-20
2027-01-30,wk inc flu hosp,3,34,quantile,0.95,1472,2027-02-20
2027-01-30,wk inc flu hosp,3,34,quantile,0.975,1634,2027-02-20
2027-01-30,wk inc flu hosp,3,34,quantile,0.99,1795,2027-02-20
2027-01-30,wk inc flu hosp,3,35,quantile,0.01,58,2027-02-20
2027-01-30,wk inc flu hosp,3,35,quantile,0.025,63,2027-02-20
2027-01-30,wk inc flu hosp,3,35,quantile,0.05,78,2027-02-20
2027-01-30,wk inc flu hosp,3,35,quantile,0.1,92,2027-02-20
2027-01-30,wk inc flu hosp,3,35,quantile,0.15,104,2027-02-20
2027-01-30,wk inc flu hosp,3,35,quantile,0.2,114,2027-02-20
2027-01-30,wk inc flu hosp,3,35,quantile,0.25,121,2027-02-20
2027-01-30,wk inc flu hosp,3,35,quantile,0.3,125,2027-02-20
2027-01-30,wk inc flu hosp,3,35,quantile,0.35,132,2027-02-20
2027-01-30,wk inc flu hosp,3,35,quantile,0.4,141,2027-02-20
2027-01-30,wk inc flu hosp,3,35,quantile,0.45,145,2027-02-20
2027-01-30,wk inc flu hosp,3,35,quantile,0.5,152,2027-02-20
2027-01-30,wk inc flu hosp,3,35,quantile,0.55,159,2027-02-20
2027-01-30,wk inc flu hosp,3,35,quantile,0.6,166,2027-02-20
2027-01-30,wk inc flu hosp,3,35,quantile,0.65,177,2027-02-20
2027-01-30,wk inc flu hosp,3,35,quantile,0.7,189,2027-02-20
2027-01-30,wk inc flu hosp,3,35,quantile,0.75,194,2027-02-20
2027-01-30,wk inc flu hosp,3,35,quantile,0.8,199,2027-02-20
2027-01-30,wk inc flu hosp,3,35,quantile,0.85,221,2027-02-20
2027-01-30,wk inc flu hosp,3,35,quantile,0.9,245,2027-02-20
2027-01-30,wk inc flu hosp,3,35,quantile,0.95,271,2027-02-20
2027-01-30,wk inc flu hosp,3,35,quantile,0.975,305,2027-02-20
2027-01-30,wk inc flu hosp,3,35,quantile,0.99,332,2027-02-20
2027-01-30,wk inc flu hosp,3,36,quantile,0.01,666,2027-02-20
2027-01-30,wk inc flu hosp,3,36,quantile,0.025,704,2027-02-20
2027-01-30,wk inc flu hosp,3,36,quantile,0.05,759,2027-02-20
2027-01-30,wk inc flu hosp,3,36,quantile,0.1,979,2027-02-20
2027-01-30,wk inc flu hosp,3,36,quantile,0.15,1064,2027-02-20
2027-01-30,wk inc flu hosp,3,36,quantile,0.2,1129,2027-02-20
2027-01-30,wk inc flu hosp,3,36,quantile,0.25,1208,2027-02-20
2027-01-30,wk inc flu hosp,3,36,quantile,0.3,1260,2027-02-20
2027-01-30,wk inc flu hosp,3,36,quantile,0.35,1315,2027-02-20
2027-01-30,wk inc flu hosp,3,36,quantile,0.4,1362,2027-02-20
2027-01-30,wk inc flu hosp,3,36,quantile,0.45,1431,2027-02-20
2027-01-30,wk inc flu hosp,3,36,quantile,0.5,1502,2027-02-20
2027-01-30,wk inc flu hosp,3,36,quantile,0.55,1581,2027-02-20
2027-01-30,wk inc flu hosp,3,36,quantile,0.6,1653,2027-02-20
2027-01-30,wk inc flu hosp,3,36,quantile,0.65,1714,2027-02-20
2027-01-30,wk inc flu hosp,3,36,quantile,0.7,1784,2027-02-20
2027-01-30,wk inc flu hosp,3,36,quantile,0.75,1842,2027-02-20
2027-01-30,wk inc flu hosp,3,36,quantile,0.8,1997,2027-02-20
2027-01-30,wk inc flu hosp,3,36,quantile,0.85,2170,2027-02-20
2027-01-30,wk inc flu hosp,3,36,quantile,0.9,2331,2027-02-20
2027-01-30,wk inc flu hosp,3,36,quantile,0.95,2522,2027-02-20
2027-01-30,wk inc flu hosp,3,36,quantile,0.975,3113,2027-02-20
2027-01-30,wk inc flu hosp,3,36,quantile,0.99,3275,2027-02-20
2027-01-30,wk inc flu hosp,3,37,quantile,0.01,387,2027-02-20
2027-01-30,wk inc flu hosp,3,37,quantile,0.025,442,2027-02-20
2027-01-30,wk inc flu hosp,3,37,quantile,0.05,586,2027-02-20
2027-01-30,wk inc flu hosp,3,37,quantile,0.1,731,2027-02-20
2027-01-30,wk inc flu hosp,3,37,quantile,0.15,779,2027-02-20
2027-01-30,wk inc flu hosp,3,37,quantile,0.2,850,2027-02-20
2027-01-30,wk inc flu hosp,3,37,quantile,0.25,923,2027-02-20
2027-01-30,wk inc flu hosp,3,37,quantile,0.3,952,2027-02-20
2027-01-30,wk inc flu hosp,3,37,quantile,0.35,989,2027-02-20
2027-01-30,wk inc flu hosp,3,37,quantile,0.4,1058,2027-02-20
2027-01-30,wk inc flu hosp,3,37,quantile,0.45,1097,2027-02-20
2027-01-30,wk inc flu hosp,3,37,quantile,0.5,1172,2027-02-20
2027-01-30,wk inc flu hosp,3,37,quantile,0.55,1234,2027-02-20
2027-01-30,wk inc flu hosp,3,37,quantile,0.6,1317,2027-02-20
2027-01-30,wk inc flu hosp,3,37,quantile,0.65,1379,2027-02-20
2027-01-30,wk inc flu hosp,3,37,quantile,0.7,1457,2027-02-20
2027-01-30,wk inc flu hosp,3,37,quantile,0.75,1546,2027-02-20
2027-01-30,wk inc flu hosp,3,37,quantile,0.8,1672,2027-02-20
2027-01-30,wk inc flu hosp,3,37,quantile,0.85,1741,2027-02-20
2027-01-30,wk inc flu hosp,3,37,quantile,0.9,2022,2027-02-20
2027-01-30,wk inc flu hosp,3,37,quantile,0.95,2364,2027-02-20
2027-01-30,wk inc flu hosp,3,37,quantile,0.975,2763,2027-02-20
2027-01-30,wk inc flu hosp,3,37,quantile,0.99,2914,2027-02-20
2027-01-30,wk inc flu hosp,3,38,quantile,0.01,20,2027-02-20
2027-01-30,wk inc flu hosp,3,38,quantile,0.025,21,2027-02-20
2027-01-30,wk inc flu hosp,3,38,quantile,0.05,24,2027-02-20
2027-01-30,wk inc flu hosp,3,38,quantile,0.1,28,2027-02-20
2027-01-30,wk inc flu hosp,3,38,quantile,0.15,31,2027-02-20
2027-01-30,wk inc flu hosp,3,38,quantile,0.2,33,2027-02-20
2027-01-30,wk inc flu hosp,3,38,quantile,0.25,37,2027-02-20
2027-01-30,wk inc flu hosp,3,38,quantile,0.3,39,2027-02-20
2027-01-30,wk inc flu hosp,3,38,quantile,0.35,43,2027-02-20
2027-01-30,wk inc flu hosp,3,38,quantile,0.4,45,2027-02-20
2027-01-30,wk inc flu hosp,3,38,quantile,0.45,48,2027-02-20
2027-01-30,wk inc flu hosp,3,38,quantile,0.5,50,2027-02-20
2027-01-30,wk inc flu hosp,3,38,quantile,0.55,53,2027-02-20
2027-01-30,wk inc flu hosp,3,38,quantile,0.6,57,2027-02-20
2027-01-30,wk inc flu hosp,3,38,quantile,0.65,59,2027-02-20
2027-01-30,wk inc flu hosp,3,38,quantile,0.7,61,2027-02-20
2027-01-30,wk inc flu hosp,3,38,quantile,0.75,64,2027-02-20
2027-01-30,wk inc flu hosp,3,38,quantile,0.8,67,2027-02-20
2027-01-30,wk inc flu hosp,3,38,quantile,0.85,73,2027-02-20
2027-01-30,wk inc flu hosp,3,38,quantile,0.9,80,2027-02-20
2027-01-30,wk inc flu hosp,3,38,quantile,0.95,91,2027-02-20
2027-01-30,wk inc flu hosp,3,38,quantile,0.975,99,2027-02-20
2027-01-30,wk inc flu hosp,3,38,quantile,0.99,117,2027-02-20
2027-01-30,wk inc flu hosp,3,39,quantile,0.01,1162,2027-02-20
2027-01-30,wk inc flu hosp,3,39,quantile,0.025,1244,2027-02-20
2027-01-30,wk inc flu hosp,3,39,quantile,0.05,1331,2027-02-20
2027-01-30,wk inc flu hosp,3,39,quantile,0.1,1544,2027-02-20
2027-01-30,wk inc flu hosp,3,39,quantile,0.15,1664,2027-02-20
2027-01-30,wk inc flu hosp,3,39,quantile,0.2,1735,2027-02-20
2027-01-30,wk inc flu hosp,3,39,quantile,0.25,1808,2027-02-20
2027-01-30,wk inc flu hosp,3,39,quantile,0.3,1870,2027-02-20
2027-01-30,wk inc flu hosp,3,39,quantile,0.35,1947,2027-02-20
2027-01-30,wk inc flu hosp,3,39,quantile,0.4,1994,2027-02-20
2027-01-30,wk inc flu hosp,3,39,quantile,0.45,2066,2027-02-20
2027-01-30,wk inc flu hosp,3,39,quantile,0.5,2110,2027-02-20
2027-01-30,wk inc flu hosp,3,39,quantile,0.55,2211,2027-02-20
2027-01-30,wk inc flu hosp,3,39,quantile,0.6,2371,2027-02-20
2027-01-30,wk inc flu hosp,3,39,quantile,0.65,2438,2027-02-20
2027-01-30,wk inc flu hosp,3,39,quantile,0.7,2546,2027-02-20
2027-01-30,wk inc flu hosp,3,39,quantile,0.75,2609,2027-02-20
2027-01-30,wk inc flu hosp,3,39,quantile,0.8,2747,2027-02-20
2027-01-30,wk inc flu hosp,3,39,quantile,0.85,2906,2027-02-20
2027-01-30,wk inc flu hosp,3,39,quantile,0.9,3053,2027-02-20
2027-01-30,wk inc flu hosp,3,39,quantile,0.95,3561,2027-02-20
2027-01-30,wk inc flu hosp,3,39,quantile,0.975,3798,2027-02-20
2027-01-30,wk inc flu hosp,3,39,quantile,0.99,4719,2027-02-20
2027-01-30,wk inc flu hosp,3,40,quantile,0.01,458,2027-02-20
2027-01-30,wk inc flu hosp,3,40,quantile,0.025,485,2027-02-20
2027-01-30,wk inc flu hosp,3,40,quantile,0.05,548,2027-02-20
2027-01-30,wk inc flu hosp,3,40,quantile,0.1,626,2027-02-20
2027-01-30,wk inc flu hosp,3,40,quantile,0.15,659,2027-02-20
2027-01-30,wk inc flu hosp,3,40,quantile,0.2,685,2027-02-20
2027-01-30,wk inc flu hosp,3,40,quantile,0.25,718,2027-02-20
2027-01-30,wk inc flu hosp,3,40,quantile,0.3,767,2027-02-20
2027-01-30,wk inc flu hosp,3,40,quantile,0.35,811,2027-02-20
2027-01-30,wk inc flu hosp,3,40,quantile,0.4,847,2027-02-20
2027-01-30,wk inc flu hosp,3,40,quantile,0.45,885,2027-02-20
2027-01-30,wk inc flu hosp,3,40,quantile,0.5,916,2027-02-20
2027-01-30,wk inc flu hosp,3,40,quantile,0.55,970,2027-02-20
2027-01-30,wk inc flu hosp,3,40,quantile,0.6,1001,2027-02-20
2027-01-30,wk inc flu hosp,3,40,quantile,0.65,1076,2027-02-20
2027-01-30,wk inc flu hosp,3,40,quantile,0.7,1115,2027-02-20
2027-01-30,wk inc flu hosp,3,40,quantile,0.75,1150,2027-02-20
2027-01-30,wk inc flu hosp,3,40,quantile,0.8,1231,2027-02-20
2027-01-30,wk inc flu hosp,3,40,quantile,0.85,1313,2027-02-20
2027-01-30,wk inc flu hosp,3,40,quantile,0.9,1392,2027-02-20
2027-01-30,wk inc flu hosp,3,40,quantile,0.95,1521,2027-02-20
2027-01-30,wk inc flu hosp,3,40,quantile,0.975,1783,2027-02-20
2027-01-30,wk inc flu hosp,3,40,quantile,0.99,1940,2027-02-20
2027-01-30,wk inc flu hosp,3,41,quantile,0.01,335,2027-02-20
2027-01-30,wk inc flu hosp,3,41,quantile,0.025,344,2027-02-20
2027-01-30,wk inc flu hosp,3,41,quantile,0.05,356,2027-02-20
2027-01-30,wk inc flu hosp,3,41,quantile,0.1,384,2027-02-20
2027-01-30,wk inc flu hosp,3,41,quantile,0.15,428,2027-02-20
2027-01-30,wk inc flu hosp,3,41,quantile,0.2,453,2027-02-20
2027-01-30,wk inc flu hosp,3,41,quantile,0.25,475,2027-02-20
2027-01-30,wk inc flu hosp,3,41,quantile,0.3,498,2027-02-20
2027-01-30,wk inc flu hosp,3,41,quantile,0.35,519,2027-02-20
2027-01-30,wk inc flu hosp,3,41,quantile,0.4,527,2027-02-20
2027-01-30,wk inc flu hosp,3,41,quantile,0.45,555,2027-02-20
2027-01-30,wk inc flu hosp,3,41,quantile,0.5,571,2027-02-20
2027-01-30,wk inc flu hosp,3,41,quantile,0.55,590,2027-02-20
2027-01-30,wk inc flu hosp,3,41,quantile,0.6,617,2027-02-20
2027-01-30,wk inc flu hosp,3,41,quantile,0.65,629,2027-02-20
2027-01-30,wk inc flu hosp,3,41,quantile,0.7,649,2027-02-20
2027-01-30,wk inc flu hosp,3,41,quantile,0.75,682,2027-02-20
2027-01-30,wk inc flu hosp,3,41,quantile,0.8,712,2027-02-20
2027-01-30,wk inc flu hosp,3,41,quantile,0.85,743,2027-02-20
2027-01-30,wk inc flu hosp,3,41,quantile,0.9,798,2027-02-20
2027-01-30,wk inc flu hosp,3,41,quantile,0.95,860,2027-02-20
2027-01-30,wk inc flu hosp,3,41,quantile,0.975,994,2027-02-20
2027-01-30,wk inc flu hosp,3,41,quantile,0.99,1090,2027-02-20
2027-01-30,wk inc flu hosp,3,42,quantile,0.01,960,2027-02-20
2027-01-30,wk inc flu hosp,3,42,quantile,0.025,1221,2027-02-20
2027-01-30,wk inc flu hosp,3,42,quantile,0.05,1353,2027-02-20
2027-01-30,wk inc flu hosp,3,42,quantile,0.1,1480,2027-02-20
2027-01-30,wk inc flu hosp,3,42,quantile,0.15,1592,2027-02-20
2027-01-30,wk inc flu hosp,3,42,quantile,0.2,1704,2027-02-20
2027-01-30,wk inc flu hosp,3,42,quantile,0.25,1738,2027-02-20
2027-01-30,wk inc flu hosp,3,42,quantile,0.3,1814,2027-02-20
2027-01-30,wk inc flu hosp,3,42,quantile,0.35,1860,2027-02-20
2027-01-30,wk inc flu hosp,3,42,quantile,0.4,1965,2027-02-20
2027-01-30,wk inc flu hosp,3,42,quantile,0.45,2017,2027-02-20
2027-01-30,wk inc flu hosp,3,42,quantile,0.5,2142,2027-02-20
2027-01-30,wk inc flu hosp,3,42,quantile,0.55,2208,2027-02-20
2027-01-30,wk inc flu hosp,3,42,quantile,0.6,2331,2027-02-20
2027-01-30,wk inc flu hosp,3,42,quantile,0.65,2400,2027-02-20
2027-01-30,wk inc flu hosp,3,42,quantile,0.7,2537,2027-02-20
2027-01-30,wk inc flu hosp,3,42,quantile,0.75,2656,2027-02-20
2027-01-30,wk inc flu hosp,3,42,quantile,0.8,2807,2027-02-20
2027-01-30,wk inc flu hosp,3,42,quantile,0.85,2929,2027-02-20
2027-01-30,wk inc flu hosp,3,42,quantile,0.9,3119,2027-02-20
2027-01-30,wk inc flu hosp,3,42,quantile,0.95,3433,2027-02-20
2027-01-30,wk inc flu hosp,3,42,quantile,0.975,3741,2027-02-20
2027-01-30,wk inc flu hosp,3,42,quantile,0.99,3820,2027-02-20
2027-01-30,wk inc flu hosp,3,44,quantile,0.01,42,2027-02-20
2027-01-30,wk inc flu hosp,3,44,quantile,0.025,42,2027-02-20
2027-01-30,wk inc flu hosp,3,44,quantile,0.05,48,2027-02-20
2027-01-30,wk inc flu hosp,3,44,quantile,0.1,58,2027-02-20
2027-01-30,wk inc flu hosp,3,44,quantile,0.15,61,2027-02-20
2027-01-30,wk inc flu hosp,3,44,quantile,0.2,65,2027-02-20
2027-01-30,wk inc flu hosp,3,44,quantile,0.25,68,2027-02-20
2027-01-30,wk inc flu hosp,3,44,quantile,0.3,71,2027-02-20
2027-01-30,wk inc flu hosp,3,44,quantile,0.35,75,2027-02-20
2027-01-30,wk inc flu hosp,3,44,quantile,0.4,81,2027-02-20
2027-01-30,wk inc flu hosp,3,44,quantile,0.45,84,2027-02-20
2027-01-30,wk inc flu hosp,3,44,quantile,0.5,87,2027-02-20
2027-01-30,wk inc flu hosp,3,44,quantile,0.55,91,2027-02-20
2027-01-30,wk inc flu hosp,3,44,quantile,0.6,96,2027-02-20
2027-01-30,wk inc flu hosp,3,44,quantile,0.65,101,2027-02-20
2027-01-30,wk inc flu hosp,3,44,quantile,0.7,104,2027-02-20
2027-01-30,wk inc flu hosp,3,44,quantile,0.75,115,2027-02-20
2027-01-30,wk inc flu hosp,3,44,quantile,0.8,124,2027-02-20
2027-01-30,wk inc flu hosp,3,44,quantile,0.85,131,2027-02-20
2027-01-30,wk inc flu hosp,3,44,quantile,0.9,145,2027-02-20
2027-01-30,wk inc flu hosp,3,44,quantile,0.95,161,2027-02-20
2027-01-30,wk inc flu hosp,3,44,quantile,0.975,168,2027-02-20
2027-01-30,wk inc flu hosp,3,44,quantile,0.99,193,2027-02-20
2027-01-30,wk inc flu hosp,3,45,quantile,0.01,347,2027-02-20
2027-01-30,wk inc flu hosp,3,45,quantile,0.025,364,2027-02-20
2027-01-30,wk inc flu hosp,3,45,quantile,0.05,420,2027-02-20
2027-01-30,wk inc flu hosp,3,45,quantile,0.1,465,2027-02-20
2027-01-30,wk inc flu hosp,3,45,quantile,0.15,518,2027-02-20
2027-01-30,wk inc flu hosp,3,45,quantile,0.2,538,2027-02-20
2027-01-30,wk inc flu hosp,3,45,quantile,0.25,565,2027-02-20
2027-01-30,wk inc flu hosp,3,45,quantile,0.3,609,2027-02-20
2027-01-30,wk inc flu hosp,3,45,quantile,0.35,638,2027-02-20
2027-01-30,wk inc flu hosp,3,45,quantile,0.4,693,2027-02-20
2027-01-30,wk inc flu hosp,3,45,quantile,0.45,740,2027-02-20
2027-01-30,wk inc flu hosp,3,45,quantile,0.5,777,2027-02-20
2027-01-30,wk inc flu hosp,3,45,quantile,0.55,809,2027-02-20
2027-01-30,wk inc flu hosp,3,45,quantile,0.6,835,2027-02-20
2027-01-30,wk inc flu hosp,3,45,quantile,0.65,854,2027-02-20
2027-01-30,wk inc flu hosp,3,45,quantile,0.7,901,2027-02-20
2027-01-30,wk inc flu hosp,3,45,quantile,0.75,918,2027-02-20
2027-01-30,wk inc flu hosp,3,45,quantile,0.8,988,2027-02-20
2027-01-30,wk inc flu hosp,3,45,quantile,0.85,1087,2027-02-20
2027-01-30,wk inc flu hosp,3,45,quantile,0.9,1244,2027-02-20
2027-01-30,wk inc flu hosp,3,45,quantile,0.95,1455,2027-02-20
2027-01-30,wk inc flu hosp,3,45,quantile,0.975,1679,2027-02-20
2027-01-30,wk inc flu hosp,3,45,quantile,0.99,1923,2027-02-20
2027-01-30,wk inc flu hosp,3,46,quantile,0.01,40,2027-02-20
2027-01-30,wk inc flu hosp,3,46,quantile,0.025,45,2027-02-20
2027-01-30,wk inc flu hosp,3,46,quantile,0.05,53,2027-02-20
2027-01-30,wk inc flu hosp,3,46,quantile,0.1,63,2027-02-20
2027-01-30,wk inc flu hosp,3,46,quantile,0.15,73,2027-02-20
2027-01-30,wk inc flu hosp,3,46,quantile,0.2,78,2027-02-20
2027-01-30,wk inc flu hosp,3,46,quantile,0.25,82,2027-02-20
2027-01-30,wk inc flu hosp,3,46,quantile,0.3,87,2027-02-20
2027-01-30,wk inc flu hosp,3,46,quantile,0.35,90,2027-02-20
2027-01-30,wk inc flu hosp,3,46,quantile,0.4,93,2027-02-20
2027-01-30,wk inc flu hosp,3,46,quantile,0.45,96,2027-02-20
2027-01-30,wk inc flu hosp,3,46,quantile,0.5,100,2027-02-20
2027-01-30,wk inc flu hosp,3,46,quantile,0.55,105,2027-02-20
2027-01-30,wk inc flu hosp,3,46,quantile,0.6,110,2027-02-20
2027-01-30,wk inc flu hosp,3,46,quantile,0.65,115,2027-02-20
2027-01-30,wk inc flu hosp,3,46,quantile,0.7,125,2027-02-20
2027-01-30,wk inc flu hosp,3,46,quantile,0.75,134,2027-02-20
2027-01-30,wk inc flu hosp,3,46,quantile,0.8,138,2027-02-20
2027-01-30,wk inc flu hosp,3,46,quantile,0.85,150,2027-02-20
2027-01-30,wk inc flu hosp,3,46,quantile,0.9,164,2027-02-20
2027-01-30,wk inc flu hosp,3,46,quantile,0.95,185,2027-02-20
2027-01-30,wk inc flu hosp,3,46,quantile,0.975,234,2027-02-20
2027-01-30,wk inc flu hosp,3,46,quantile,0.99,267,2027-02-20
2027-01-30,wk inc flu hosp,3,47,quantile,0.01,422,2027-02-20
2027-01-30,wk inc flu hosp,3,47,quantile,0.025,457,2027-02-20
2027-01-30,wk inc flu hosp,3,47,quantile,0.05,512,2027-02-20
2027-01-30,wk inc flu hosp,3,47,quantile,0.1,562,2027-02-20
2027-01-30,wk inc flu hosp,3,47,quantile,0.15,592,2027-02-20
2027-01-30,wk inc flu hosp,3,47,quantile,0.2,643,2027-02-20
2027-01-30,wk inc flu hosp,3,47,quantile,0.25,658,2027-02-20
2027-01-30,wk inc flu hosp,3,47,quantile,0.3,678,2027-02-20
2027-01-30,wk inc flu hosp,3,47,quantile,0.35,698,2027-02-20
2027-01-30,wk inc flu hosp,3,47,quantile,0.4,722,2027-02-20
2027-01-30,wk inc flu hosp,3,47,quantile,0.45,743,2027-02-20
2027-01-30,wk inc flu hosp,3,47,quantile,0.5,762,2027-02-20
2027-01-30,wk inc flu hosp,3,47,quantile,0.55,783,2027-02-20
2027-01-30,wk inc flu hosp,3,47,quantile,0.6,815,2027-02-20
2027-01-30,wk inc flu hosp,3,47,quantile,0.65,829,2027-02-20
2027-01-30,wk inc flu hosp,3,47,quantile,0.7,848,2027-02-20
2027-01-30,wk inc flu hosp,3,47,quantile,0.75,886,2027-02-20
2027-01-30,wk inc flu hosp,3,47,quantile,0.8,936,2027-02-20
2027-01-30,wk inc flu hosp,3,47,quantile,0.85,971,2027-02-20
2027-01-30,wk inc flu hosp,3,47,quantile,0.9,1052,2027-02-20
2027-01-30,wk inc flu hosp,3,47,quantile,0.95,1168,2027-02-20
2027-01-30,wk inc flu hosp,3,47,quantile,0.975,1289,2027-02-20
2027-01-30,wk inc flu hosp,3,47,quantile,0.99,1382,2027-02-20
2027-01-30,wk inc flu hosp,3,48,quantile,0.01,1478,2027-02-20
2027-01-30,wk inc flu hosp,3,48,quantile,0.025,1628,2027-02-20
2027-01-30,wk inc flu hosp,3,48,quantile,0.05,1736,2027-02-20
2027-01-30,wk inc flu hosp,3,48,quantile,0.1,2056,2027-02-20
2027-01-30,wk inc flu hosp,3,48,quantile,0.15,2184,2027-02-20
2027-01-30,wk inc flu hosp,3,48,quantile,0.2,2340,2027-02-20
2027-01-30,wk inc flu hosp,3,48,quantile,0.25,2454,2027-02-20
2027-01-30,wk inc flu hosp,3,48,quantile,0.3,2618,2027-02-20
2027-01-30,wk inc flu hosp,3,48,quantile,0.35,2739,2027-02-20
2027-01-30,wk inc flu hosp,3,48,quantile,0.4,2817,2027-02-20
2027-01-30,wk inc flu hosp,3,48,quantile,0.45,2906,2027-02-20
2027-01-30,wk inc flu hosp,3,48,quantile,0.5,2986,2027-02-20
2027-01-30,wk inc flu hosp,3,48,quantile,0.55,3053,2027-02-20
2027-01-30,wk inc flu hosp,3,48,quantile,0.6,3202,2027-02-20
2027-01-30,wk inc flu hosp,3,48,quantile,0.65,3336,2027-02-20
2027-01-30,wk inc flu hosp,3,48,quantile,0.7,3514,2027-02-20
2027-01-30,wk inc flu hosp,3,48,quantile,0.75,3666,2027-02-20
2027-01-30,wk inc flu hosp,3,48,quantile,0.8,4096,2027-02-20
2027-01-30,wk inc flu hosp,3,48,quantile,0.85,4518,2027-02-20
2027-01-30,wk inc flu hosp,3,48,quantile,0.9,4982,2027-02-20
2027-01-30,wk inc flu hosp,3,48,quantile,0.95,5548,2027-02-20
2027-01-30,wk inc flu hosp,3,48,quantile,0.975,6292,2027-02-20
2027-01-30,wk inc flu hosp,3,48,quantile,0.99,6891,2027-02-20
2027-01-30,wk inc flu hosp,3,49,quantile,0.01,60,2027-02-20
2027-01-30,wk inc flu hosp,3,49,quantile,0.025,70,2027-02-20
2027-01-30,wk inc flu hosp,3,49,quantile,0.05,75,2027-02-20
2027-01-30,wk inc flu hosp,3,49,quantile,0.1,83,2027-02-20
2027-01-30,wk inc flu hosp,3,49,quantile,0.15,89,2027-02-20
2027-01-30,wk inc flu hosp,3,49,quantile,0.2,97,2027-02-20
2027-01-30,wk inc flu hosp,3,49,quantile,0.25,105,2027-02-20
2027-01-30,wk inc flu hosp,3,49,quantile,0.3,109,2027-02-20
2027-01-30,wk inc flu hosp,3,49,quantile,0.35,113,2027-02-20
2027-01-30,wk inc flu hosp,3,49,quantile,0.4,115,2027-02-20
2027-01-30,wk inc flu hosp,3,49,quantile,0.45,120,2027-02-20
2027-01-30,wk inc flu hosp,3,49,quantile,0.5,126,2027-02-20
2027-01-30,wk inc flu hosp,3,49,quantile,0.55,131,2027-02-20
2027-01-30,wk inc flu hosp,3,49,quantile,0.6,139,2027-02-20
2027-01-30,wk inc flu hosp,3,49,quantile,0.65,145,2027-02-20
2027-01-30,wk inc flu hosp,3,49,quantile,0.7,149,2027-02-20
2027-01-30,wk inc flu hosp,3,49,quantile,0.75,156,2027-02-20
2027-01-30,wk inc flu hosp,3,49,quantile,0.8,164,2027-02-20
2027-01-30,wk inc flu hosp,3,49,quantile,0.85,172,2027-02-20
2027-01-30,wk inc flu hosp,3,49,quantile,0.9,192,2027-02-20
2027-01-30,wk inc flu hosp,3,49,quantile,0.95,203,2027-02-20
2027-01-30,wk inc flu hosp,3,49,quantile,0.975,231,2027-02-20
2027-01-30,wk inc flu hosp,3,49,quantile,0.99,254,2027-02-20
2027-01-30,wk inc flu hosp,3,50,quantile,0.01,25,2027-02-20
2027-01-30,wk inc flu hosp,3,50,quantile,0.025,26,2027-02-20
2027-01-30,wk inc flu hosp,3,50,quantile,0.05,30,2027-02-20
2027-01-30,wk inc flu hosp,3,50,quantile,0.1,36,2027-02-20
2027-01-30,wk inc flu hosp,3,50,quantile,0.15,39,2027-02-20
2027-01-30,wk inc flu hosp,3,50,quantile,0.2,43,2027-02-20
2027-01-30,wk inc flu hosp,3,50,quantile,0.25,46,2027-02-20
2027-01-30,wk inc flu hosp,3,50,quantile,0.3,47,2027-02-20
2027-01-30,wk inc flu hosp,3,50,quantile,0.35,49,2027-02-20
2027-01-30,wk inc flu hosp,3,50,quantile,0.4,51,2027-02-20
2027-01-30,wk inc flu hosp,3,50,quantile,0.45,55,2027-02-20
2027-01-30,wk inc flu hosp,3,50,quantile,0.5,58,2027-02-20
2027-01-30,wk inc flu hosp,3,50,quantile,0.55,60,2027-02-20
2027-01-30,wk inc flu hosp,3,50,quantile,0.6,62,2027-02-20
2027-01-30,wk inc flu hosp,3,50,quantile,0.65,64,2027-02-20
2027-01-30,wk inc flu hosp,3,50,quantile,0.7,69,2027-02-20
2027-01-30,wk inc flu hosp,3,50,quantile,0.75,74,2027-02-20
2027-01-30,wk inc flu hosp,3,50,quantile,0.8,82,2027-02-20
2027-01-30,wk inc flu hosp,3,50,quantile,0.85,87,2027-02-20
2027-01-30,wk inc flu hosp,3,50,quantile,0.9,92,2027-02-20
2027-01-30,wk inc flu hosp,3,50,quantile,0.95,104,2027-02-20
2027-01-30,wk inc flu hosp,3,50,quantile,0.975,130,2027-02-20
2027-01-30,wk inc flu hosp,3,50,quantile,0.99,145,2027-02-20
2027-01-30,wk inc flu hosp,3,51,quantile,0.01,357,2027-02-20
2027-01-30,wk inc flu hosp,3,51,quantile,0.025,392,2027-02-20
2027-01-30,wk inc flu hosp,3,51,quantile,0.05,447,2027-02-20
2027-01-30,wk inc flu hosp,3,51,quantile,0.1,502,2027-02-20
2027-01-30,wk inc flu hosp,3,51,quantile,0.15,546,2027-02-20
2027-01-30,wk inc flu hosp,3,51,quantile,0.2,601,2027-02-20
2027-01-30,wk inc flu hosp,3,51,quantile,0.25,640,2027-02-20
2027-01-30,wk inc flu hosp,3,51,quantile,0.3,676,2027-02-20
2027-01-30,wk inc flu hosp,3,51,quantile,0.35,710,2027-02-20
2027-01-30,wk inc flu hosp,3,51,quantile,0.4,748,2027-02-20
2027-01-30,wk inc flu hosp,3,51,quantile,0.45,784,2027-02-20
2027-01-30,wk inc flu hosp,3,51,quantile,0.5,818,2027-02-20
2027-01-30,wk inc flu hosp,3,51,quantile,0.55,844,2027-02-20
2027-01-30,wk inc flu hosp,3,51,quantile,0.6,884,2027-02-20
2027-01-30,wk inc flu hosp,3,51,quantile,0.65,920,2027-02-20
2027-01-30,wk inc flu hosp,3,51,quantile,0.7,970,2027-02-20
2027-01-30,wk inc flu hosp,3,51,quantile,0.75,1032,2027-02-20
2027-01-30,wk inc flu hosp,3,51,quantile,0.8,1113,2027-02-20
2027-01-30,wk inc flu hosp,3,51,quantile,0.85,1170,2027-02-20
2027-01-30,wk inc flu hosp,3,51,quantile,0.9,1271,2027-02-20
2027-01-30,wk inc flu hosp,3,51,quantile,0.95,1666,2027-02-20
2027-01-30,wk inc flu hosp,3,51,quantile,0.975,1716,2027-02-20
2027-01-30,wk inc flu hosp,3,51,quantile,0.99,1776,2027-02-20
2027-01-30,wk inc flu hosp,3,53,quantile,0.01,251,2027-02-20
2027-01-30,wk inc flu hosp,3,53,quantile,0.025,295,2027-02-20
2027-01-30,wk inc flu hosp,3,53,quantile,0.05,327,2027-02-20
2027-01-30,wk inc flu hosp,3,53,quantile,0.1,351,2027-02-20
2027-01-30,wk inc flu hosp,3,53,quantile,0.15,389,2027-02-20
2027-01-30,wk inc flu hosp,3,53,quantile,0.2,426,2027-02-20
2027-01-30,wk inc flu hosp,3,53,quantile,0.25,440,2027-02-20
2027-01-30,wk inc flu hosp,3,53,quantile,0.3,457,2027-02-20
2027-01-30,wk inc flu hosp,3,53,quantile,0.35,473,2027-02-20
2027-01-30,wk inc flu hosp,3,53,quantile,0.4,511,2027-02-20
2027-01-30,wk inc flu hosp,3,53,quantile,0.45,530,2027-02-20
2027-01-30,wk inc flu hosp,3,53,quantile,0.5,546,2027-02-20
2027-01-30,wk inc flu hosp,3,53,quantile,0.55,570,2027-02-20
2027-01-30,wk inc flu hosp,3,53,quantile,0.6,610,2027-02-20
2027-01-30,wk inc flu hosp,3,53,quantile,0.65,639,2027-02-20
2027-01-30,wk inc flu hosp,3,53,quantile,0.7,668,2027-02-20
2027-01-30,wk inc flu hosp,3,53,quantile,0.75,722,2027-02-20
2027-01-30,wk inc flu hosp,3,53,quantile,0.8,790,2027-02-20
2027-01-30,wk inc flu hosp,3,53,quantile,0.85,878,2027-02-20
2027-01-30,wk inc flu hosp,3,53,quantile,0.9,1005,2027-02-20
2027-01-30,wk inc flu hosp,3,53,quantile,0.95,1138,2027-02-20
2027-01-30,wk inc flu hosp,3,53,quantile,0.975,1193,2027-02-20
2027-01-30,wk inc flu hosp,3,53,quantile,0.99,1297,2027-02-20
2027-01-30,wk inc flu hosp,3,54,quantile,0.01,246,2027-02-20
2027-01-30,wk inc flu hosp,3,54,quantile,0.025,264,2027-02-20
2027-01-30,wk inc flu hosp,3,54,quantile,0.05,282,2027-02-20
2027-01-30,wk inc flu hosp,3,54,quantile,0.1,312,2027-02-20
2027-01-30,wk inc flu hosp,3,54,quantile,0.15,344,2027-02-20
2027-01-30,wk inc flu hosp,3,54,quantile,0.2,371,2027-02-20
2027-01-30,wk inc flu hosp,3,54,quantile,0.25,386,2027-02-20
2027-01-30,wk inc flu hosp,3,54,quantile,0.3,412,2027-02-20
2027-01-30,wk inc flu hosp,3,54,quantile,0.35,433,2027-02-20
2027-01-30,wk inc flu hosp,3,54,quantile,0.4,449,2027-02-20
2027-01-30,wk inc flu hosp,3,54,quantile,0.45,462,2027-02-20
2027-01-30,wk inc flu hosp,3,54,quantile,0.5,472,2027-02-20
2027-01-30,wk inc flu hosp,3,54,quantile,0.55,485,2027-02-20
2027-01-30,wk inc flu hosp,3,54,quantile,0.6,503,2027-02-20
2027-01-30,wk inc flu hosp,3,54,quantile,0.65,526,2027-02-20
2027-01-30,wk inc flu hosp,3,54,quantile,0.7,541,2027-02-20
2027-01-30,wk inc flu hosp,3,54,quantile,0.75,576,2027-02-20
2027-01-30,wk inc flu hosp,3,54,quantile,0.8,605,2027-02-20
2027-01-30,wk inc flu hosp,3,54,quantile,0.85,635,2027-02-20
2027-01-30,wk inc flu hosp,3,54,quantile,0.9,656,2027-02-20
2027-01-30,wk inc flu hosp,3,54,quantile,0.95,715,2027-02-20
2027-01-30,wk inc flu hosp,3,54,quantile,0.975,762,2027-02-20
2027-01-30,wk inc flu hosp,3,54,quantile,0.99,795,2027-02-20
2027-01-30,wk inc flu hosp,3,55,quantile,0.01,372,2027-02-20
2027-01-30,wk inc flu hosp,3,55,quantile,0.025,403,2027-02-20
2027-01-30,wk inc flu hosp,3,55,quantile,0.05,441,2027-02-20
2027-01-30,wk inc flu hosp,3,55,quantile,0.1,478,2027-02-20
2027-01-30,wk inc flu hosp,3,55,quantile,0.15,522,2027-02-20
2027-01-30,wk inc flu hosp,3,55,quantile,0.2,554,2027-02-20
2027-01-30,wk inc flu hosp,3,55,quantile,0.25,568,2027-02-20
2027-01-30,wk inc flu hosp,3,55,quantile,0.3,587,2027-02-20
2027-01-30,wk inc flu hosp,3,55,quantile,0.35,619,2027-02-20
2027-01-30,wk inc flu hosp,3,55,quantile,0.4,658,2027-02-20
2027-01-30,wk inc flu hosp,3,55,quantile,0.45,692,2027-02-20
2027-01-30,wk inc flu hosp,3,55,quantile,0.5,710,2027-02-20
2027-01-30,wk inc flu hosp,3,55,quantile,0.55,735,2027-02-20
2027-01-30,wk inc flu hosp,3,55,quantile,0.6,756,2027-02-20
2027-01-30,wk inc flu hosp,3,55,quantile,0.65,813,2027-02-20
2027-01-30,wk inc flu hosp,3,55,quantile,0.7,864,2027-02-20
2027-01-30,wk inc flu hosp,3,55,quantile,0.75,890,2027-02-20
2027-01-30,wk inc flu hosp,3,55,quantile,0.8,925,2027-02-20
2027-01-30,wk inc flu hosp,3,55,quantile,0.85,960,2027-02-20
2027-01-30,wk inc flu hosp,3,55,quantile,0.9,1009,2027-02-20
2027-01-30,wk inc flu hosp,3,55,quantile,0.95,1085,2027-02-20
2027-01-30,wk inc flu hosp,3,55,quantile,0.975,1374,2027-02-20
2027-01-30,wk inc flu hosp,3,55,quantile,0.99,1507,2027-02-20
2027-01-30,wk inc flu hosp,3,56,quantile,0.01,28,2027-02-20
2027-01-30,wk inc flu hosp,3,56,quantile,0.025,32,2027-02-20
2027-01-30,wk inc flu hosp,3,56,quantile,0.05,36,2027-02-20
2027-01-30,wk inc flu hosp,3,56,quantile,0.1,42,2027-02-20
2027-01-30,wk inc flu hosp,3,56,quantile,0.15,45,2027-02-20
2027-01-30,wk inc flu hosp,3,56,quantile,0.2,49,2027-02-20
2027-01-30,wk inc flu hosp,3,56,quantile,0.25,54,2027-02-20
2027-01-30,wk inc flu hosp,3,56,quantile,0.3,62,2027-02-20
2027-01-30,wk inc flu hosp,3,56,quantile,0.35,68,2027-02-20
2027-01-30,wk inc flu hosp,3,56,quantile,0.4,73,2027-02-20
2027-01-30,wk inc flu hosp,3,56,quantile,0.45,78,2027-02-20
2027-01-30,wk inc flu hosp,3,56,quantile,0.5,86,2027-02-20
2027-01-30,wk inc flu hosp,3,56,quantile,0.55,96,2027-02-20
2027-01-30,wk inc flu hosp,3,56,quantile,0.6,105,2027-02-20
2027-01-30,wk inc flu hosp,3,56,quantile,0.65,114,2027-02-20
2027-01-30,wk inc flu hosp,3,56,quantile,0.7,124,2027-02-20
2027-01-30,wk inc flu hosp,3,56,quantile,0.75,132,2027-02-20
2027-01-30,wk inc flu hosp,3,56,quantile,0.8,146,2027-02-20
2027-01-30,wk inc flu hosp,3,56,quantile,0.85,158,2027-02-20
2027-01-30,wk inc flu hosp,3,56,quantile,0.9,187,2027-02-20
2027-01-30,wk inc flu hosp,3,56,quantile,0.95,221,2027-02-20
2027-01-30,wk inc flu hosp,3,56,quantile,0.975,240,2027-02-20
2027-01-30,wk inc flu hosp,3,56,quantile,0.99,295,2027-02-20
2027-01-30,wk inc flu hosp,3,72,quantile,0.01,42,2027-02-20
2027-01-30,wk inc flu hosp,3,72,quantile,0.025,54,2027-02-20
2027-01-30,wk inc flu hosp,3,72,quantile,0.05,64,2027-02-20
2027-01-30,wk inc flu hosp,3,72,quantile,0.1,77,2027-02-20
2027-01-30,wk inc flu hosp,3,72,quantile,0.15,88,2027-02-20
2027-01-30,wk inc flu hosp,3,72,quantile,0.2,103,2027-02-20
2027-01-30,wk inc flu hosp,3,72,quantile,0.25,111,2027-02-20
2027-01-30,wk inc flu hosp,3,72,quantile,0.3,118,2027-02-20
2027-01-30,wk inc flu hosp,3,72,quantile,0.35,127,2027-02-20
2027-01-30,wk inc flu hosp,3,72,quantile,0.4,140,2027-02-20
2027-01-30,wk inc flu hosp,3,72,quantile,0.45,153,2027-02-20
2027-01-30,wk inc flu hosp,3,72,quantile,0.5,172,2027-02-20
2027-01-30,wk inc flu hosp,3,72,quantile,0.55,196,2027-02-20
2027-01-30,wk inc flu hosp,3,72,quantile,0.6,207,2027-02-20
2027-01-30,wk inc flu hosp,3,72,quantile,0.65,226,2027-02-20
2027-01-30,wk inc flu hosp,3,72,quantile,0.7,245,2027-02-20
2027-01-30,wk inc flu hosp,3,72,quantile,0.75,268,2027-02-20
2027-01-30,wk inc flu hosp,3,72,quantile,0.8,284,2027-02-20
2027-01-30,wk inc flu hosp,3,72,quantile,0.85,305,2027-02-20
2027-01-30,wk inc flu hosp,3,72,quantile,0.9,336,2027-02-20
2027-01-30,wk inc flu hosp,3,72,quantile,0.95,386,2027-02-20
2027-01-30,wk inc flu hosp,3,72,quantile,0.975,476,2027-02-20
2027-01-30,wk inc flu hosp,3,72,quantile,0.99,719,2027-02-20
2027-01-30,wk inc flu hosp,3,USA,quantile,0.01,29289,2027-02-20
2027-01-30,wk inc flu hosp,3,USA,quantile,0.025,31614,2027-02-20
2027-01-30,wk inc flu hosp,3,USA,quantile,0.05,32040,2027-02-20
2027-01-30,wk inc flu hosp,3,USA,quantile,0.1,33410,2027-02-20
2027-01-30,wk inc flu hosp,3,USA,quantile,0.15,34144,2027-02-20
2027-01-30,wk inc flu hosp,3,USA,quantile,0.2,35110,2027-02-20
2027-01-30,wk inc flu hosp,3,USA,quantile,0.25,35776,2027-02-20
2027-01-30,wk inc flu hosp,3,USA,quantile,0.3,36389,2027-02-20
2027-01-30,wk inc flu hosp,3,USA,quantile,0.35,37051,2027-02-20
2027-01-30,wk inc flu hosp,3,USA,quantile,0.4,37685,2027-02-20
2027-01-30,wk inc flu hosp,3,USA,quantile,0.45,38444,2027-02-20
2027-01-30,wk inc flu hosp,3,USA,quantile,0.5,38990,2027-02-20
2027-01-30,wk inc flu hosp,3,USA,quantile,0.55,39564,2027-02-20
2027-01-30,wk inc flu hosp,3,USA,quantile,0.6,40043,2027-02-20
2027-01-30,wk inc flu hosp,3,USA,quantile,0.65,40520,2027-02-20
2027-01-30,wk inc flu hosp,3,USA,quantile,0.7,40958,2027-02-20
2027-01-30,wk inc flu hosp,3,USA,quantile,0.75,41272,2027-02-20
2027-01-30,wk inc flu hosp,3,USA,quantile,0.8,42155,2027-02-20
2027-01-30,wk inc flu hosp,3,USA,quantile,0.85,42942,2027-02-20
2027-01-30,wk inc flu hosp,3,USA,quantile,0.9,44214,2027-02-20
2027-01-30,wk inc flu hosp,3,USA,quantile,0.95,45521,2027-02-20
2027-01-30,wk inc flu hosp,3,USA,quantile,0.975,46672,2027-02-20
2027-01-30,wk inc flu hosp,3,USA,quantile,0.99,48041,2027-02-20
