reference_date,target,horizon,location,output_type,output_type_id,value,target_end_date
2027-02-27,wk inc flu hosp,0,01,quantile,0.01,173,2027-02-27
2027-02-27,wk inc flu hosp,0,01,quantile,0.025,189,2027-02-27
2027-02-27,wk inc flu hosp,0,01,quantile,0.05,193,2027-02-27
2027-02-27,wk inc flu hosp,0,01,quantile,0.1,210,2027-02-27
2027-02-27,wk inc flu hosp,0,01,quantile,0.15,225,2027-02-27
2027-02-27,wk inc flu hosp,0,01,quantile,0.2,231,2027-02-27
2027-02-27,wk inc flu hosp,0,01,quantile,0.25,236,2027-02-27
2027-02-27,wk inc flu hosp,0,01,quantile,0.3,240,2027-02-27
2027-02-27,wk inc flu hosp,0,01,quantile,0.35,244,2027-02-27
2027-02-27,wk inc flu hosp,0,01,quantile,0.4,248,2027-02-27
2027-02-27,wk inc flu hosp,0,01,quantile,0.45,254,2027-02-27
2027-02-27,wk inc flu hosp,0,01,quantile,0.5,261,2027-02-27
2027-02-27,wk inc flu hosp,0,01,quantile,0.55,265,2027-02-27
2027-02-27,wk inc flu hosp,0,01,quantile,0.6,271,2027-02-27
2027-02-27,wk inc flu hosp,0,01,quantile,0.65,276,2027-02-27
2027-02-27,wk inc flu hosp,0,01,quantile,0.7,277,2027-02-27
2027-02-27,wk inc flu hosp,0,01,quantile,0.75,282,2027-02-27
2027-02-27,wk inc flu hosp,0,01,quantile,0.8,287,2027-02-27
2027-02-27,wk inc flu hosp,0,01,quantile,0.85,294,2027-02-27
2027-02-27,wk inc flu hosp,0,01,quantile,0.9,301,2027-02-27
2027-02-27,wk inc flu hosp,0,01,quantile,0.95,320,2027-02-27
2027-02-27,wk inc flu hosp,0,01,quantile,0.975,327,2027-02-27
2027-02-27,wk inc flu hosp,0,01,quantile,0.99,349,2027-02-27
2027-02-27,wk inc flu hosp,0,02,quantile,0.01,22,2027-02-27
2027-02-27,wk inc flu hosp,0,02,quantile,0.025,24,2027-02-27
2027-02-27,wk inc flu hosp,0,02,quantile,0.05,25,2027-02-27
2027-02-27,wk inc flu hosp,0,02,quantile,0.1,28,2027-02-27
2027-02-27,wk inc flu hosp,0,02,quantile,0.15,30,2027-02-27
2027-02-27,wk inc flu hosp,0,02,quantile,0.2,32,2027-02-27
2027-02-27,wk inc flu hosp,0,02,quantile,0.25,33,2027-02-27
2027-02-27,wk inc flu hosp,0,02,quantile,0.3,34,2027-02-27
2027-02-27,wk inc flu hosp,0,02,quantile,0.35,35,2027-02-27
2027-02-27,wk inc flu hosp,0,02,quantile,0.4,37,2027-02-27
2027-02-27,wk inc flu hosp,0,02,quantile,0.45,38,2027-02-27
2027-02-27,wk inc flu hosp,0,02,quantile,0.5,39,2027-02-27
2027-02-27,wk inc flu hosp,0,02,quantile,0.55,41,2027-02-27
2027-02-27,wk inc flu hosp,0,02,quantile,0.6,42,2027-02-27
2027-02-27,wk inc flu hosp,0,02,quantile,0.65,43,2027-02-27
2027-02-27,wk inc flu hosp,0,02,quantile,0.7,44,2027-02-27
2027-02-27,wk inc flu hosp,0,02,quantile,0.75,46,2027-02-27
2027-02-27,wk inc flu hosp,0,02,quantile,0.8,49,2027-02-27
2027-02-27,wk inc flu hosp,0,02,quantile,0.85,51,2027-02-27
2027-02-27,wk inc flu hosp,0,02,quantile,0.9,55,2027-02-27
2027-02-27,wk inc flu hosp,0,02,quantile,0.95,61,2027-02-27
2027-02-27,wk inc flu hosp,0,02,quantile,0.975,63,2027-02-27
2027-02-27,wk inc flu hosp,0,02,quantile,0.99,73,2027-02-27
2027-02-27,wk inc flu hosp,0,04,quantile,0.01,395,2027-02-27
2027-02-27,wk inc flu hosp,0,04,quantile,0.025,415,2027-02-27
2027-02-27,wk inc flu hosp,0,04,quantile,0.05,437,2027-02-27
2027-02-27,wk inc flu hosp,0,04,quantile,0.1,471,2027-02-27
2027-02-27,wk inc flu hosp,0,04,quantile,0.15,500,2027-02-27
2027-02-27,wk inc flu hosp,0,04,quantile,0.2,516,2027-02-27
2027-02-27,wk inc flu hosp,0,04,quantile,0.25,526,2027-02-27
2027-02-27,wk inc flu hosp,0,04,quantile,0.3,535,2027-02-27
2027-02-27,wk inc flu hosp,0,04,quantile,0.35,539,2027-02-27
2027-02-27,wk inc flu hosp,0,04,quantile,0.4,549,2027-02-27
2027-02-27,wk inc flu hosp,0,04,quantile,0.45,558,2027-02-27
2027-02-27,wk inc flu hosp,0,04,quantile,0.5,568,2027-02-27
2027-02-27,wk inc flu hosp,0,04,quantile,0.55,586,2027-02-27
2027-02-27,wk inc flu hosp,0,04,quantile,0.6,591,2027-02-27
2027-02-27,wk inc flu hosp,0,04,quantile,0.65,598,2027-02-27
2027-02-27,wk inc flu hosp,0,04,quantile,0.7,612,2027-02-27
2027-02-27,wk inc flu hosp,0,04,quantile,0.75,625,2027-02-27
2027-02-27,wk inc flu hosp,0,04,quantile,0.8,640,2027-02-27
2027-02-27,wk inc flu hosp,0,04,quantile,0.85,648,2027-02-27
2027-02-27,wk inc flu hosp,0,04,quantile,0.9,671,2027-02-27
2027-02-27,wk inc flu hosp,0,04,quantile,0.95,712,2027-02-27
2027-02-27,wk inc flu hosp,0,04,quantile,0.975,731,2027-02-27
2027-02-27,wk inc flu hosp,0,04,quantile,0.99,771,2027-02-27
2027-02-27,wk inc flu hosp,0,05,quantile,0.01,265,2027-02-27
2027-02-27,wk inc flu hosp,0,05,quantile,0.025,277,2027-02-27
2027-02-27,wk inc flu hosp,0,05,quantile,0.05,282,2027-02-27
2027-02-27,wk inc flu hosp,0,05,quantile,0.1,294,2027-02-27
2027-02-27,wk inc flu hosp,0,05,quantile,0.15,304,2027-02-27
2027-02-27,wk inc flu hosp,0,05,quantile,0.2,313,2027-02-27
2027-02-27,wk inc flu hosp,0,05,quantile,0.25,320,2027-02-27
2027-02-27,wk inc flu hosp,0,05,quantile,0.3,324,2027-02-27
2027-02-27,wk inc flu hosp,0,05,quantile,0.35,336,2027-02-27
2027-02-27,wk inc flu hosp,0,05,quantile,0.4,344,2027-02-27
2027-02-27,wk inc flu hosp,0,05,quantile,0.45,348,2027-02-27
2027-02-27,wk inc flu hosp,0,05,quantile,0.5,352,2027-02-27
2027-02-27,wk inc flu hosp,0,05,quantile,0.55,358,2027-02-27
2027-02-27,wk inc flu hosp,0,05,quantile,0.6,363,2027-02-27
2027-02-27,wk inc flu hosp,0,05,quantile,0.65,371,2027-02-27
2027-02-27,wk inc flu hosp,0,05,quantile,0.7,377,2027-02-27
2027-02-27,wk inc flu hosp,0,05,quantile,0.75,386,2027-02-27
2027-02-27,wk inc flu hosp,0,05,quantile,0.8,397,2027-02-27
2027-02-27,wk inc flu hosp,0,05,quantile,0.85,408,2027-02-27
2027-02-27,wk inc flu hosp,0,05,quantile,0.9,421,2027-02-27
2027-02-27,wk inc flu hosp,0,05,quantile,0.95,439,2027-02-27
2027-02-27,wk inc flu hosp,0,05,quantile,0.975,454,2027-02-27
2027-02-27,wk inc flu hosp,0,05,quantile,0.99,463,2027-02-27
2027-02-27,wk inc flu hosp,0,06,quantile,0.01,1040,2027-02-27
2027-02-27,wk inc flu hosp,0,06,quantile,0.025,1044,2027-02-27
2027-02-27,wk inc flu hosp,0,06,quantile,0.05,1071,2027-02-27
2027-02-27,wk inc flu hosp,0,06,quantile,0.1,1144,2027-02-27
2027-02-27,wk inc flu hosp,0,06,quantile,0.15,1176,2027-02-27
2027-02-27,wk inc flu hosp,0,06,quantile,0.2,1214,2027-02-27
2027-02-27,wk inc flu hosp,0,06,quantile,0.25,1237,2027-02-27
2027-02-27,wk inc flu hosp,0,06,quantile,0.3,1258,2027-02-27
2027-02-27,wk inc flu hosp,0,06,quantile,0.35,1291,2027-02-27
2027-02-27,wk inc flu hosp,0,06,quantile,0.4,1301,2027-02-27
2027-02-27,wk inc flu hosp,0,06,quantile,0.45,1323,2027-02-27
2027-02-27,wk inc flu hosp,0,06,quantile,0.5,1340,2027-02-27
2027-02-27,wk inc flu hosp,0,06,quantile,0.55,1367,2027-02-27
2027-02-27,wk inc flu hosp,0,06,quantile,0.6,1385,2027-02-27
2027-02-27,wk inc flu hosp,0,06,quantile,0.65,1394,2027-02-27
2027-02-27,wk inc flu hosp,0,06,quantile,0.7,1419,2027-02-27
2027-02-27,wk inc flu hosp,0,06,quantile,0.75,1435,2027-02-27
2027-02-27,wk inc flu hosp,0,06,quantile,0.8,1478,2027-02-27
2027-02-27,wk inc flu hosp,0,06,quantile,0.85,1525,2027-02-27
2027-02-27,wk inc flu hosp,0,06,quantile,0.9,1581,2027-02-27
2027-02-27,wk inc flu hosp,0,06,quantile,0.95,1659,2027-02-27
2027-02-27,wk inc flu hosp,0,06,quantile,0.975,1754,2027-02-27
2027-02-27,wk inc flu hosp,0,06,quantile,0.99,1812,2027-02-27
2027-02-27,wk inc flu hosp,0,08,quantile,0.01,214,2027-02-27
2027-02-27,wk inc flu hosp,0,08,quantile,0.025,223,2027-02-27
2027-02-27,wk inc flu hosp,0,08,quantile,0.05,240,2027-02-27
2027-02-27,wk inc flu hosp,0,08,quantile,0.1,248,2027-02-27
2027-02-27,wk inc flu hosp,0,08,quantile,0.15,254,2027-02-27
2027-02-27,wk inc flu hosp,0,08,quantile,0.2,261,2027-02-27
2027-02-27,wk inc flu hosp,0,08,quantile,0.25,265,2027-02-27
2027-02-27,wk inc flu hosp,0,08,quantile,0.3,273,2027-02-27
2027-02-27,wk inc flu hosp,0,08,quantile,0.35,275,2027-02-27
2027-02-27,wk inc flu hosp,0,08,quantile,0.4,282,2027-02-27
2027-02-27,wk inc flu hosp,0,08,quantile,0.45,285,2027-02-27
2027-02-27,wk inc flu hosp,0,08,quantile,0.5,290,2027-02-27
2027-02-27,wk inc flu hosp,0,08,quantile,0.55,294,2027-02-27
2027-02-27,wk inc flu hosp,0,08,quantile,0.6,302,2027-02-27
2027-02-27,wk inc flu hosp,0,08,quantile,0.65,306,2027-02-27
2027-02-27,wk inc flu hosp,0,08,quantile,0.7,311,2027-02-27
2027-02-27,wk inc flu hosp,0,08,quantile,0.75,315,2027-02-27
2027-02-27,wk inc flu hosp,0,08,quantile,0.8,321,2027-02-27
2027-02-27,wk inc flu hosp,0,08,quantile,0.85,329,2027-02-27
2027-02-27,wk inc flu hosp,0,08,quantile,0.9,337,2027-02-27
2027-02-27,wk inc flu hosp,0,08,quantile,0.95,352,2027-02-27
2027-02-27,wk inc flu hosp,0,08,quantile,0.975,355,2027-02-27
2027-02-27,wk inc flu hosp,0,08,quantile,0.99,379,2027-02-27
2027-02-27,wk inc flu hosp,0,09,quantile,0.01,181,2027-02-27
2027-02-27,wk inc flu hosp,0,09,quantile,0.025,208,2027-02-27
2027-02-27,wk inc flu hosp,0,09,quantile,0.05,216,2027-02-27
2027-02-27,wk inc flu hosp,0,09,quantile,0.1,228,2027-02-27
2027-02-27,wk inc flu hosp,0,09,quantile,0.15,239,2027-02-27
2027-02-27,wk inc flu hosp,0,09,quantile,0.2,248,2027-02-27
2027-02-27,wk inc flu hosp,0,09,quantile,0.25,253,2027-02-27
2027-02-27,wk inc flu hosp,0,09,quantile,0.3,257,2027-02-27
2027-02-27,wk inc flu hosp,0,09,quantile,0.35,260,2027-02-27
2027-02-27,wk inc flu hosp,0,09,quantile,0.4,266,2027-02-27
2027-02-27,wk inc flu hosp,0,09,quantile,0.45,269,2027-02-27
2027-02-27,wk inc flu hosp,0,09,quantile,0.5,273,2027-02-27
2027-02-27,wk inc flu hosp,0,09,quantile,0.55,282,2027-02-27
2027-02-27,wk inc flu hosp,0,09,quantile,0.6,287,2027-02-27
2027-02-27,wk inc flu hosp,0,09,quantile,0.65,293,2027-02-27
2027-02-27,wk inc flu hosp,0,09,quantile,0.7,299,2027-02-27
2027-02-27,wk inc flu hosp,0,09,quantile,0.75,305,2027-02-27
2027-02-27,wk inc flu hosp,0,09,quantile,0.8,312,2027-02-27
2027-02-27,wk inc flu hosp,0,09,quantile,0.85,330,2027-02-27
2027-02-27,wk inc flu hosp,0,09,quantile,0.9,339,2027-02-27
2027-02-27,wk inc flu hosp,0,09,quantile,0.95,366,2027-02-27
2027-02-27,wk inc flu hosp,0,09,quantile,0.975,371,2027-02-27
2027-02-27,wk inc flu hosp,0,09,quantile,0.99,383,2027-02-27
2027-02-27,wk inc flu hosp,0,10,quantile,0.01,51,2027-02-27
2027-02-27,wk inc flu hosp,0,10,quantile,0.025,55,2027-02-27
2027-02-27,wk inc flu hosp,0,10,quantile,0.05,61,2027-02-27
2027-02-27,wk inc flu hosp,0,10,quantile,0.1,67,2027-02-27
2027-02-27,wk inc flu hosp,0,10,quantile,0.15,69,2027-02-27
2027-02-27,wk inc flu hosp,0,10,quantile,0.2,71,2027-02-27
2027-02-27,wk inc flu hosp,0,10,quantile,0.25,73,2027-02-27
2027-02-27,wk inc flu hosp,0,10,quantile,0.3,75,2027-02-27
2027-02-27,wk inc flu hosp,0,10,quantile,0.35,77,2027-02-27
2027-02-27,wk inc flu hosp,0,10,quantile,0.4,78,2027-02-27
2027-02-27,wk inc flu hosp,0,10,quantile,0.45,81,2027-02-27
2027-02-27,wk inc flu hosp,0,10,quantile,0.5,83,2027-02-27
2027-02-27,wk inc flu hosp,0,10,quantile,0.55,85,2027-02-27
2027-02-27,wk inc flu hosp,0,10,quantile,0.6,86,2027-02-27
2027-02-27,wk inc flu hosp,0,10,quantile,0.65,88,2027-02-27
2027-02-27,wk inc flu hosp,0,10,quantile,0.7,89,2027-02-27
2027-02-27,wk inc flu hosp,0,10,quantile,0.75,91,2027-02-27
2027-02-27,wk inc flu hosp,0,10,quantile,0.8,95,2027-02-27
2027-02-27,wk inc flu hosp,0,10,quantile,0.85,98,2027-02-27
2027-02-27,wk inc flu hosp,0,10,quantile,0.9,103,2027-02-27
2027-02-27,wk inc flu hosp,0,10,quantile,0.95,109,2027-02-27
2027-02-27,wk inc flu hosp,0,10,quantile,0.975,115,2027-02-27
2027-02-27,wk inc flu hosp,0,10,quantile,0.99,119,2027-02-27
2027-02-27,wk inc flu hosp,0,11,quantile,0.01,60,2027-02-27
2027-02-27,wk inc flu hosp,0,11,quantile,0.025,63,2027-02-27
2027-02-27,wk inc flu hosp,0,11,quantile,0.05,64,2027-02-27
2027-02-27,wk inc flu hosp,0,11,quantile,0.1,70,2027-02-27
2027-02-27,wk inc flu hosp,0,11,quantile,0.15,75,2027-02-27
2027-02-27,wk inc flu hosp,0,11,quantile,0.2,79,2027-02-27
2027-02-27,wk inc flu hosp,0,11,quantile,0.25,82,2027-02-27
2027-02-27,wk inc flu hosp,0,11,quantile,0.3,84,2027-02-27
2027-02-27,wk inc flu hosp,0,11,quantile,0.35,87,2027-02-27
2027-02-27,wk inc flu hosp,0,11,quantile,0.4,89,2027-02-27
2027-02-27,wk inc flu hosp,0,11,quantile,0.45,90,2027-02-27
2027-02-27,wk inc flu hosp,0,11,quantile,0.5,92,2027-02-27
2027-02-27,wk inc flu hosp,0,11,quantile,0.55,95,2027-02-27
2027-02-27,wk inc flu hosp,0,11,quantile,0.6,98,2027-02-27
2027-02-27,wk inc flu hosp,0,11,quantile,0.65,102,2027-02-27
2027-02-27,wk inc flu hosp,0,11,quantile,0.7,106,2027-02-27
2027-02-27,wk inc flu hosp,0,11,quantile,0.75,109,2027-02-27
2027-02-27,wk inc flu hosp,0,11,quantile,0.8,113,2027-02-27
2027-02-27,wk inc flu hosp,0,11,quantile,0.85,120,2027-02-27
2027-02-27,wk inc flu hosp,0,11,quantile,0.9,126,2027-02-27
2027-02-27,wk inc flu hosp,0,11,quantile,0.95,133,2027-02-27
2027-02-27,wk inc flu hosp,0,11,quantile,0.975,139,2027-02-27
2027-02-27,wk inc flu hosp,0,11,quantile,0.99,152,2027-02-27
2027-02-27,wk inc flu hosp,0,12,quantile,0.01,1121,2027-02-27
2027-02-27,wk inc flu hosp,0,12,quantile,0.025,1185,2027-02-27
2027-02-27,wk inc flu hosp,0,12,quantile,0.05,1192,2027-02-27
2027-02-27,wk inc flu hosp,0,12,quantile,0.1,1245,2027-02-27
2027-02-27,wk inc flu hosp,0,12,quantile,0.15,1284,2027-02-27
2027-02-27,wk inc flu hosp,0,12,quantile,0.2,1332,2027-02-27
2027-02-27,wk inc flu hosp,0,12,quantile,0.25,1364,2027-02-27
2027-02-27,wk inc flu hosp,0,12,quantile,0.3,1399,2027-02-27
2027-02-27,wk inc flu hosp,0,12,quantile,0.35,1444,2027-02-27
2027-02-27,wk inc flu hosp,0,12,quantile,0.4,1468,2027-02-27
2027-02-27,wk inc flu hosp,0,12,quantile,0.45,1490,2027-02-27
2027-02-27,wk inc flu hosp,0,12,quantile,0.5,1515,2027-02-27
2027-02-27,wk inc flu hosp,0,12,quantile,0.55,1548,2027-02-27
2027-02-27,wk inc flu hosp,0,12,quantile,0.6,1569,2027-02-27
2027-02-27,wk inc flu hosp,0,12,quantile,0.65,1586,2027-02-27
2027-02-27,wk inc flu hosp,0,12,quantile,0.7,1625,2027-02-27
2027-02-27,wk inc flu hosp,0,12,quantile,0.75,1662,2027-02-27
2027-02-27,wk inc flu hosp,0,12,quantile,0.8,1684,2027-02-27
2027-02-27,wk inc flu hosp,0,12,quantile,0.85,1729,2027-02-27
2027-02-27,wk inc flu hosp,0,12,quantile,0.9,1775,2027-02-27
2027-02-27,wk inc flu hosp,0,12,quantile,0.95,1877,2027-02-27
2027-02-27,wk inc flu hosp,0,12,quantile,0.975,1904,2027-02-27
2027-02-27,wk inc flu hosp,0,12,quantile,0.99,2033,2027-02-27
2027-02-27,wk inc flu hosp,0,13,quantile,0.01,293,2027-02-27
2027-02-27,wk inc flu hosp,0,13,quantile,0.025,300,2027-02-27
2027-02-27,wk inc flu hosp,0,13,quantile,0.05,313,2027-02-27
2027-02-27,wk inc flu hosp,0,13,quantile,0.1,329,2027-02-27
2027-02-27,wk inc flu hosp,0,13,quantile,0.15,335,2027-02-27
2027-02-27,wk inc flu hosp,0,13,quantile,0.2,341,2027-02-27
2027-02-27,wk inc flu hosp,0,13,quantile,0.25,352,2027-02-27
2027-02-27,wk inc flu hosp,0,13,quantile,0.3,366,2027-02-27
2027-02-27,wk inc flu hosp,0,13,quantile,0.35,375,2027-02-27
2027-02-27,wk inc flu hosp,0,13,quantile,0.4,380,2027-02-27
2027-02-27,wk inc flu hosp,0,13,quantile,0.45,393,2027-02-27
2027-02-27,wk inc flu hosp,0,13,quantile,0.5,397,2027-02-27
2027-02-27,wk inc flu hosp,0,13,quantile,0.55,401,2027-02-27
2027-02-27,wk inc flu hosp,0,13,quantile,0.6,409,2027-02-27
2027-02-27,wk inc flu hosp,0,13,quantile,0.65,417,2027-02-27
2027-02-27,wk inc flu hosp,0,13,quantile,0.7,426,2027-02-27
2027-02-27,wk inc flu hosp,0,13,quantile,0.75,442,2027-02-27
2027-02-27,wk inc flu hosp,0,13,quantile,0.8,453,2027-02-27
2027-02-27,wk inc flu hosp,0,13,quantile,0.85,466,2027-02-27
2027-02-27,wk inc flu hosp,0,13,quantile,0.9,476,2027-02-27
2027-02-27,wk inc flu hosp,0,13,quantile,0.95,494,2027-02-27
2027-02-27,wk inc flu hosp,0,13,quantile,0.975,513,2027-02-27
2027-02-27,wk inc flu hosp,0,13,quantile,0.99,566,2027-02-27
2027-02-27,wk inc flu hosp,0,15,quantile,0.01,21,2027-02-27
2027-02-27,wk inc flu hosp,0,15,quantile,0.025,27,2027-02-27
2027-02-27,wk inc flu hosp,0,15,quantile,0.05,31,2027-02-27
2027-02-27,wk inc flu hosp,0,15,quantile,0.1,34,2027-02-27
2027-02-27,wk inc flu hosp,0,15,quantile,0.15,37,2027-02-27
2027-02-27,wk inc flu hosp,0,15,quantile,0.2,38,2027-02-27
2027-02-27,wk inc flu hosp,0,15,quantile,0.25,40,2027-02-27
2027-02-27,wk inc flu hosp,0,15,quantile,0.3,41,2027-02-27
2027-02-27,wk inc flu hosp,0,15,quantile,0.35,42,2027-02-27
2027-02-27,wk inc flu hosp,0,15,quantile,0.4,43,2027-02-27
2027-02-27,wk inc flu hosp,0,15,quantile,0.45,45,2027-02-27
2027-02-27,wk inc flu hosp,0,15,quantile,0.5,46,2027-02-27
2027-02-27,wk inc flu hosp,0,15,quantile,0.55,49,2027-02-27
2027-02-27,wk inc flu hosp,0,15,quantile,0.6,50,2027-02-27
2027-02-27,wk inc flu hosp,0,15,quantile,0.65,52,2027-02-27
2027-02-27,wk inc flu hosp,0,15,quantile,0.7,52,2027-02-27
2027-02-27,wk inc flu hosp,0,15,quantile,0.75,54,2027-02-27
2027-02-27,wk inc flu hosp,0,15,quantile,0.8,58,2027-02-27
2027-02-27,wk inc flu hosp,0,15,quantile,0.85,62,2027-02-27
2027-02-27,wk inc flu hosp,0,15,quantile,0.9,67,2027-02-27
2027-02-27,wk inc flu hosp,0,15,quantile,0.95,73,2027-02-27
2027-02-27,wk inc flu hosp,0,15,quantile,0.975,78,2027-02-27
2027-02-27,wk inc flu hosp,0,15,quantile,0.99,82,2027-02-27
2027-02-27,wk inc flu hosp,0,16,quantile,0.01,113,2027-02-27
2027-02-27,wk inc flu hosp,0,16,quantile,0.025,116,2027-02-27
2027-02-27,wk inc flu hosp,0,16,quantile,0.05,119,2027-02-27
2027-02-27,wk inc flu hosp,0,16,quantile,0.1,128,2027-02-27
2027-02-27,wk inc flu hosp,0,16,quantile,0.15,136,2027-02-27
2027-02-27,wk inc flu hosp,0,16,quantile,0.2,141,2027-02-27
2027-02-27,wk inc flu hosp,0,16,quantile,0.25,144,2027-02-27
2027-02-27,wk inc flu hosp,0,16,quantile,0.3,146,2027-02-27
2027-02-27,wk inc flu hosp,0,16,quantile,0.35,150,2027-02-27
2027-02-27,wk inc flu hosp,0,16,quantile,0.4,153,2027-02-27
2027-02-27,wk inc flu hosp,0,16,quantile,0.45,155,2027-02-27
2027-02-27,wk inc flu hosp,0,16,quantile,0.5,157,2027-02-27
2027-02-27,wk inc flu hosp,0,16,quantile,0.55,160,2027-02-27
2027-02-27,wk inc flu hosp,0,16,quantile,0.6,165,2027-02-27
2027-02-27,wk inc flu hosp,0,16,quantile,0.65,167,2027-02-27
2027-02-27,wk inc flu hosp,0,16,quantile,0.7,170,2027-02-27
2027-02-27,wk inc flu hosp,0,16,quantile,0.75,174,2027-02-27
2027-02-27,wk inc flu hosp,0,16,quantile,0.8,178,2027-02-27
2027-02-27,wk inc flu hosp,0,16,quantile,0.85,185,2027-02-27
2027-02-27,wk inc flu hosp,0,16,quantile,0.9,189,2027-02-27
2027-02-27,wk inc flu hosp,0,16,quantile,0.95,197,2027-02-27
2027-02-27,wk inc flu hosp,0,16,quantile,0.975,209,2027-02-27
2027-02-27,wk inc flu hosp,0,16,quantile,0.99,218,2027-02-27
2027-02-27,wk inc flu hosp,0,17,quantile,0.01,757,2027-02-27
2027-02-27,wk inc flu hosp,0,17,quantile,0.025,775,2027-02-27
2027-02-27,wk inc flu hosp,0,17,quantile,0.05,793,2027-02-27
2027-02-27,wk inc flu hosp,0,17,quantile,0.1,834,2027-02-27
2027-02-27,wk inc flu hosp,0,17,quantile,0.15,844,2027-02-27
2027-02-27,wk inc flu hosp,0,17,quantile,0.2,864,2027-02-27
2027-02-27,wk inc flu hosp,0,17,quantile,0.25,867,2027-02-27
2027-02-27,wk inc flu hosp,0,17,quantile,0.3,886,2027-02-27
2027-02-27,wk inc flu hosp,0,17,quantile,0.35,898,2027-02-27
2027-02-27,wk inc flu hosp,0,17,quantile,0.4,922,2027-02-27
2027-02-27,wk inc flu hosp,0,17,quantile,0.45,936,2027-02-27
2027-02-27,wk inc flu hosp,0,17,quantile,0.5,954,2027-02-27
2027-02-27,wk inc flu hosp,0,17,quantile,0.55,958,2027-02-27
2027-02-27,wk inc flu hosp,0,17,quantile,0.6,972,2027-02-27
2027-02-27,wk inc flu hosp,0,17,quantile,0.65,994,2027-02-27
2027-02-27,wk inc flu hosp,0,17,quantile,0.7,1014,2027-02-27
2027-02-27,wk inc flu hosp,0,17,quantile,0.75,1027,2027-02-27
2027-02-27,wk inc flu hosp,0,17,quantile,0.8,1047,2027-02-27
2027-02-27,wk inc flu hosp,0,17,quantile,0.85,1073,2027-02-27
2027-02-27,wk inc flu hosp,0,17,quantile,0.9,1099,2027-02-27
2027-02-27,wk inc flu hosp,0,17,quantile,0.95,1124,2027-02-27
2027-02-27,wk inc flu hosp,0,17,quantile,0.975,1177,2027-02-27
2027-02-27,wk inc flu hosp,0,17,quantile,0.99,1246,2027-02-27
2027-02-27,wk inc flu hosp,0,18,quantile,0.01,757,2027-02-27
2027-02-27,wk inc flu hosp,0,18,quantile,0.025,778,2027-02-27
2027-02-27,wk inc flu hosp,0,18,quantile,0.05,790,2027-02-27
2027-02-27,wk inc flu hosp,0,18,quantile,0.1,823,2027-02-27
2027-02-27,wk inc flu hosp,0,18,quantile,0.15,835,2027-02-27
2027-02-27,wk inc flu hosp,0,18,quantile,0.2,852,2027-02-27
2027-02-27,wk inc flu hosp,0,18,quantile,0.25,873,2027-02-27
2027-02-27,wk inc flu hosp,0,18,quantile,0.3,883,2027-02-27
2027-02-27,wk inc flu hosp,0,18,quantile,0.35,891,2027-02-27
2027-02-27,wk inc flu hosp,0,18,quantile,0.4,903,2027-02-27
2027-02-27,wk inc flu hosp,0,18,quantile,0.45,922,2027-02-27
2027-02-27,wk inc flu hosp,0,18,quantile,0.5,934,2027-02-27
2027-02-27,wk inc flu hosp,0,18,quantile,0.55,947,2027-02-27
2027-02-27,wk inc flu hosp,0,18,quantile,0.6,963,2027-02-27
2027-02-27,wk inc flu hosp,0,18,quantile,0.65,971,2027-02-27
2027-02-27,wk inc flu hosp,0,18,quantile,0.7,982,2027-02-27
2027-02-27,wk inc flu hosp,0,18,quantile,0.75,999,2027-02-27
2027-02-27,wk inc flu hosp,0,18,quantile,0.8,1016,2027-02-27
2027-02-27,wk inc flu hosp,0,18,quantile,0.85,1040,2027-02-27
2027-02-27,wk inc flu hosp,0,18,quantile,0.9,1068,2027-02-27
2027-02-27,wk inc flu hosp,0,18,quantile,0.95,1116,2027-02-27
2027-02-27,wk inc flu hosp,0,18,quantile,0.975,1134,2027-02-27
2027-02-27,wk inc flu hosp,0,18,quantile,0.99,1217,2027-02-27
2027-02-27,wk inc flu hosp,0,19,quantile,0.01,203,2027-02-27
2027-02-27,wk inc flu hosp,0,19,quantile,0.025,213,2027-02-27
2027-02-27,wk inc flu hosp,0,19,quantile,0.05,236,2027-02-27
2027-02-27,wk inc flu hosp,0,19,quantile,0.1,246,2027-02-27
2027-02-27,wk inc flu hosp,0,19,quantile,0.15,256,2027-02-27
2027-02-27,wk inc flu hosp,0,19,quantile,0.2,266,2027-02-27
2027-02-27,wk inc flu hosp,0,19,quantile,0.25,270,2027-02-27
2027-02-27,wk inc flu hosp,0,19,quantile,0.3,275,2027-02-27
2027-02-27,wk inc flu hosp,0,19,quantile,0.35,279,2027-02-27
2027-02-27,wk inc flu hosp,0,19,quantile,0.4,283,2027-02-27
2027-02-27,wk inc flu hosp,0,19,quantile,0.45,290,2027-02-27
2027-02-27,wk inc flu hosp,0,19,quantile,0.5,293,2027-02-27
2027-02-27,wk inc flu hosp,0,19,quantile,0.55,296,2027-02-27
2027-02-27,wk inc flu hosp,0,19,quantile,0.6,300,2027-02-27
2027-02-27,wk inc flu hosp,0,19,quantile,0.65,306,2027-02-27
2027-02-27,wk inc flu hosp,0,19,quantile,0.7,310,2027-02-27
2027-02-27,wk inc flu hosp,0,19,quantile,0.75,316,2027-02-27
2027-02-27,wk inc flu hosp,0,19,quantile,0.8,327,2027-02-27
2027-02-27,wk inc flu hosp,0,19,quantile,0.85,332,2027-02-27
2027-02-27,wk inc flu hosp,0,19,quantile,0.9,343,2027-02-27
2027-02-27,wk inc flu hosp,0,19,quantile,0.95,366,2027-02-27
2027-02-27,wk inc flu hosp,0,19,quantile,0.975,391,2027-02-27
2027-02-27,wk inc flu hosp,0,19,quantile,0.99,402,2027-02-27
2027-02-27,wk inc flu hosp,0,20,quantile,0.01,140,2027-02-27
2027-02-27,wk inc flu hosp,0,20,quantile,0.025,151,2027-02-27
2027-02-27,wk inc flu hosp,0,20,quantile,0.05,160,2027-02-27
2027-02-27,wk inc flu hosp,0,20,quantile,0.1,171,2027-02-27
2027-02-27,wk inc flu hosp,0,20,quantile,0.15,178,2027-02-27
2027-02-27,wk inc flu hosp,0,20,quantile,0.2,182,2027-02-27
2027-02-27,wk inc flu hosp,0,20,quantile,0.25,186,2027-02-27
2027-02-27,wk inc flu hosp,0,20,quantile,0.3,195,2027-02-27
2027-02-27,wk inc flu hosp,0,20,quantile,0.35,197,2027-02-27
2027-02-27,wk inc flu hosp,0,20,quantile,0.4,200,2027-02-27
2027-02-27,wk inc flu hosp,0,20,quantile,0.45,205,2027-02-27
2027-02-27,wk inc flu hosp,0,20,quantile,0.5,208,2027-02-27
2027-02-27,wk inc flu hosp,0,20,quantile,0.55,210,2027-02-27
2027-02-27,wk inc flu hosp,0,20,quantile,0.6,215,2027-02-27
2027-02-27,wk inc flu hosp,0,20,quantile,0.65,219,2027-02-27
2027-02-27,wk inc flu hosp,0,20,quantile,0.7,222,2027-02-27
2027-02-27,wk inc flu hosp,0,20,quantile,0.75,228,2027-02-27
2027-02-27,wk inc flu hosp,0,20,quantile,0.8,231,2027-02-27
2027-02-27,wk inc flu hosp,0,20,quantile,0.85,236,2027-02-27
2027-02-27,wk inc flu hosp,0,20,quantile,0.9,245,2027-02-27
2027-02-27,wk inc flu hosp,0,20,quantile,0.95,264,2027-02-27
2027-02-27,wk inc flu hosp,0,20,quantile,0.975,267,2027-02-27
2027-02-27,wk inc flu hosp,0,20,quantile,0.99,288,2027-02-27
2027-02-27,wk inc flu hosp,0,21,quantile,0.01,457,2027-02-27
2027-02-27,wk inc flu hosp,0,21,quantile,0.025,465,2027-02-27
2027-02-27,wk inc flu hosp,0,21,quantile,0.05,482,2027-02-27
2027-02-27,wk inc flu hosp,0,21,quantile,0.1,510,2027-02-27
2027-02-27,wk inc flu hosp,0,21,quantile,0.15,527,2027-02-27
2027-02-27,wk inc flu hosp,0,21,quantile,0.2,540,2027-02-27
2027-02-27,wk inc flu hosp,0,21,quantile,0.25,551,2027-02-27
2027-02-27,wk inc flu hosp,0,21,quantile,0.3,560,2027-02-27
2027-02-27,wk inc flu hosp,0,21,quantile,0.35,566,2027-02-27
2027-02-27,wk inc flu hosp,0,21,quantile,0.4,576,2027-02-27
2027-02-27,wk inc flu hosp,0,21,quantile,0.45,587,2027-02-27
2027-02-27,wk inc flu hosp,0,21,quantile,0.5,598,2027-02-27
2027-02-27,wk inc flu hosp,0,21,quantile,0.55,606,2027-02-27
2027-02-27,wk inc flu hosp,0,21,quantile,0.6,614,2027-02-27
2027-02-27,wk inc flu hosp,0,21,quantile,0.65,632,2027-02-27
2027-02-27,wk inc flu hosp,0,21,quantile,0.7,639,2027-02-27
2027-02-27,wk inc flu hosp,0,21,quantile,0.75,648,2027-02-27
2027-02-27,wk inc flu hosp,0,21,quantile,0.8,660,2027-02-27
2027-02-27,wk inc flu hosp,0,21,quantile,0.85,678,2027-02-27
2027-02-27,wk inc flu hosp,0,21,quantile,0.9,698,2027-02-27
2027-02-27,wk inc flu hosp,0,21,quantile,0.95,729,2027-02-27
2027-02-27,wk inc flu hosp,0,21,quantile,0.975,762,2027-02-27
2027-02-27,wk inc flu hosp,0,21,quantile,0.99,799,2027-02-27
2027-02-27,wk inc flu hosp,0,22,quantile,0.01,248,2027-02-27
2027-02-27,wk inc flu hosp,0,22,quantile,0.025,254,2027-02-27
2027-02-27,wk inc flu hosp,0,22,quantile,0.05,262,2027-02-27
2027-02-27,wk inc flu hosp,0,22,quantile,0.1,272,2027-02-27
2027-02-27,wk inc flu hosp,0,22,quantile,0.15,285,2027-02-27
2027-02-27,wk inc flu hosp,0,22,quantile,0.2,292,2027-02-27
2027-02-27,wk inc flu hosp,0,22,quantile,0.25,302,2027-02-27
2027-02-27,wk inc flu hosp,0,22,quantile,0.3,305,2027-02-27
2027-02-27,wk inc flu hosp,0,22,quantile,0.35,314,2027-02-27
2027-02-27,wk inc flu hosp,0,22,quantile,0.4,322,2027-02-27
2027-02-27,wk inc flu hosp,0,22,quantile,0.45,331,2027-02-27
2027-02-27,wk inc flu hosp,0,22,quantile,0.5,337,2027-02-27
2027-02-27,wk inc flu hosp,0,22,quantile,0.55,341,2027-02-27
2027-02-27,wk inc flu hosp,0,22,quantile,0.6,346,2027-02-27
2027-02-27,wk inc flu hosp,0,22,quantile,0.65,352,2027-02-27
2027-02-27,wk inc flu hosp,0,22,quantile,0.7,357,2027-02-27
2027-02-27,wk inc flu hosp,0,22,quantile,0.75,366,2027-02-27
2027-02-27,wk inc flu hosp,0,22,quantile,0.8,377,2027-02-27
2027-02-27,wk inc flu hosp,0,22,quantile,0.85,382,2027-02-27
2027-02-27,wk inc flu hosp,0,22,quantile,0.9,393,2027-02-27
2027-02-27,wk inc flu hosp,0,22,quantile,0.95,407,2027-02-27
2027-02-27,wk inc flu hosp,0,22,quantile,0.975,422,2027-02-27
2027-02-27,wk inc flu hosp,0,22,quantile,0.99,430,2027-02-27
2027-02-27,wk inc flu hosp,0,23,quantile,0.01,95,2027-02-27
2027-02-27,wk inc flu hosp,0,23,quantile,0.025,99,2027-02-27
2027-02-27,wk inc flu hosp,0,23,quantile,0.05,108,2027-02-27
2027-02-27,wk inc flu hosp,0,23,quantile,0.1,114,2027-02-27
2027-02-27,wk inc flu hosp,0,23,quantile,0.15,119,2027-02-27
2027-02-27,wk inc flu hosp,0,23,quantile,0.2,124,2027-02-27
2027-02-27,wk inc flu hosp,0,23,quantile,0.25,126,2027-02-27
2027-02-27,wk inc flu hosp,0,23,quantile,0.3,129,2027-02-27
2027-02-27,wk inc flu hosp,0,23,quantile,0.35,130,2027-02-27
2027-02-27,wk inc flu hosp,0,23,quantile,0.4,133,2027-02-27
2027-02-27,wk inc flu hosp,0,23,quantile,0.45,136,2027-02-27
2027-02-27,wk inc flu hosp,0,23,quantile,0.5,140,2027-02-27
2027-02-27,wk inc flu hosp,0,23,quantile,0.55,143,2027-02-27
2027-02-27,wk inc flu hosp,0,23,quantile,0.6,147,2027-02-27
2027-02-27,wk inc flu hosp,0,23,quantile,0.65,151,2027-02-27
2027-02-27,wk inc flu hosp,0,23,quantile,0.7,155,2027-02-27
2027-02-27,wk inc flu hosp,0,23,quantile,0.75,157,2027-02-27
2027-02-27,wk inc flu hosp,0,23,quantile,0.8,159,2027-02-27
2027-02-27,wk inc flu hosp,0,23,quantile,0.85,162,2027-02-27
2027-02-27,wk inc flu hosp,0,23,quantile,0.9,167,2027-02-27
2027-02-27,wk inc flu hosp,0,23,quantile,0.95,175,2027-02-27
2027-02-27,wk inc flu hosp,0,23,quantile,0.975,182,2027-02-27
2027-02-27,wk inc flu hosp,0,23,quantile,0.99,185,2027-02-27
2027-02-27,wk inc flu hosp,0,24,quantile,0.01,242,2027-02-27
2027-02-27,wk inc flu hosp,0,24,quantile,0.025,257,2027-02-27
2027-02-27,wk inc flu hosp,0,24,quantile,0.05,263,2027-02-27
2027-02-27,wk inc flu hosp,0,24,quantile,0.1,272,2027-02-27
2027-02-27,wk inc flu hosp,0,24,quantile,0.15,287,2027-02-27
2027-02-27,wk inc flu hosp,0,24,quantile,0.2,296,2027-02-27
2027-02-27,wk inc flu hosp,0,24,quantile,0.25,300,2027-02-27
2027-02-27,wk inc flu hosp,0,24,quantile,0.3,305,2027-02-27
2027-02-27,wk inc flu hosp,0,24,quantile,0.35,309,2027-02-27
2027-02-27,wk inc flu hosp,0,24,quantile,0.4,312,2027-02-27
2027-02-27,wk inc flu hosp,0,24,quantile,0.45,319,2027-02-27
2027-02-27,wk inc flu hosp,0,24,quantile,0.5,324,2027-02-27
2027-02-27,wk inc flu hosp,0,24,quantile,0.55,327,2027-02-27
2027-02-27,wk inc flu hosp,0,24,quantile,0.6,337,2027-02-27
2027-02-27,wk inc flu hosp,0,24,quantile,0.65,346,2027-02-27
2027-02-27,wk inc flu hosp,0,24,quantile,0.7,350,2027-02-27
2027-02-27,wk inc flu hosp,0,24,quantile,0.75,362,2027-02-27
2027-02-27,wk inc flu hosp,0,24,quantile,0.8,371,2027-02-27
2027-02-27,wk inc flu hosp,0,24,quantile,0.85,381,2027-02-27
2027-02-27,wk inc flu hosp,0,24,quantile,0.9,397,2027-02-27
2027-02-27,wk inc flu hosp,0,24,quantile,0.95,429,2027-02-27
2027-02-27,wk inc flu hosp,0,24,quantile,0.975,456,2027-02-27
2027-02-27,wk inc flu hosp,0,24,quantile,0.99,466,2027-02-27
2027-02-27,wk inc flu hosp,0,25,quantile,0.01,746,2027-02-27
2027-02-27,wk inc flu hosp,0,25,quantile,0.025,785,2027-02-27
2027-02-27,wk inc flu hosp,0,25,quantile,0.05,803,2027-02-27
2027-02-27,wk inc flu hosp,0,25,quantile,0.1,837,2027-02-27
2027-02-27,wk inc flu hosp,0,25,quantile,0.15,863,2027-02-27
2027-02-27,wk inc flu hosp,0,25,quantile,0.2,896,2027-02-27
2027-02-27,wk inc flu hosp,0,25,quantile,0.25,917,2027-02-27
2027-02-27,wk inc flu hosp,0,25,quantile,0.3,936,2027-02-27
2027-02-27,wk inc flu hosp,0,25,quantile,0.35,959,2027-02-27
2027-02-27,wk inc flu hosp,0,25,quantile,0.4,974,2027-02-27
2027-02-27,wk inc flu hosp,0,25,quantile,0.45,986,2027-02-27
2027-02-27,wk inc flu hosp,0,25,quantile,0.5,997,2027-02-27
2027-02-27,wk inc flu hosp,0,25,quantile,0.55,1015,2027-02-27
2027-02-27,wk inc flu hosp,0,25,quantile,0.6,1033,2027-02-27
2027-02-27,wk inc flu hosp,0,25,quantile,0.65,1048,2027-02-27
2027-02-27,wk inc flu hosp,0,25,quantile,0.7,1080,2027-02-27
2027-02-27,wk inc flu hosp,0,25,quantile,0.75,1098,2027-02-27
2027-02-27,wk inc flu hosp,0,25,quantile,0.8,1124,2027-02-27
2027-02-27,wk inc flu hosp,0,25,quantile,0.85,1160,2027-02-27
2027-02-27,wk inc flu hosp,0,25,quantile,0.9,1184,2027-02-27
2027-02-27,wk inc flu hosp,0,25,quantile,0.95,1252,2027-02-27
2027-02-27,wk inc flu hosp,0,25,quantile,0.975,1313,2027-02-27
2027-02-27,wk inc flu hosp,0,25,quantile,0.99,1390,2027-02-27
2027-02-27,wk inc flu hosp,0,26,quantile,0.01,1106,2027-02-27
2027-02-27,wk inc flu hosp,0,26,quantile,0.025,1181,2027-02-27
2027-02-27,wk inc flu hosp,0,26,quantile,0.05,1301,2027-02-27
2027-02-27,wk inc flu hosp,0,26,quantile,0.1,1395,2027-02-27
2027-02-27,wk inc flu hosp,0,26,quantile,0.15,1443,2027-02-27
2027-02-27,wk inc flu hosp,0,26,quantile,0.2,1461,2027-02-27
2027-02-27,wk inc flu hosp,0,26,quantile,0.25,1491,2027-02-27
2027-02-27,wk inc flu hosp,0,26,quantile,0.3,1537,2027-02-27
2027-02-27,wk inc flu hosp,0,26,quantile,0.35,1549,2027-02-27
2027-02-27,wk inc flu hosp,0,26,quantile,0.4,1565,2027-02-27
2027-02-27,wk inc flu hosp,0,26,quantile,0.45,1587,2027-02-27
2027-02-27,wk inc flu hosp,0,26,quantile,0.5,1604,2027-02-27
2027-02-27,wk inc flu hosp,0,26,quantile,0.55,1622,2027-02-27
2027-02-27,wk inc flu hosp,0,26,quantile,0.6,1641,2027-02-27
2027-02-27,wk inc flu hosp,0,26,quantile,0.65,1676,2027-02-27
2027-02-27,wk inc flu hosp,0,26,quantile,0.7,1695,2027-02-27
2027-02-27,wk inc flu hosp,0,26,quantile,0.75,1759,2027-02-27
2027-02-27,wk inc flu hosp,0,26,quantile,0.8,1778,2027-02-27
2027-02-27,wk inc flu hosp,0,26,quantile,0.85,1832,2027-02-27
2027-02-27,wk inc flu hosp,0,26,quantile,0.9,1881,2027-02-27
2027-02-27,wk inc flu hosp,0,26,quantile,0.95,1948,2027-02-27
2027-02-27,wk inc flu hosp,0,26,quantile,0.975,1995,2027-02-27
2027-02-27,wk inc flu hosp,0,26,quantile,0.99,2141,2027-02-27
2027-02-27,wk inc flu hosp,0,27,quantile,0.01,199,2027-02-27
2027-02-27,wk inc flu hosp,0,27,quantile,0.025,205,2027-02-27
2027-02-27,wk inc flu hosp,0,27,quantile,0.05,219,2027-02-27
2027-02-27,wk inc flu hosp,0,27,quantile,0.1,230,2027-02-27
2027-02-27,wk inc flu hosp,0,27,quantile,0.15,242,2027-02-27
2027-02-27,wk inc flu hosp,0,27,quantile,0.2,255,2027-02-27
2027-02-27,wk inc flu hosp,0,27,quantile,0.25,262,2027-02-27
2027-02-27,wk inc flu hosp,0,27,quantile,0.3,267,2027-02-27
2027-02-27,wk inc flu hosp,0,27,quantile,0.35,270,2027-02-27
2027-02-27,wk inc flu hosp,0,27,quantile,0.4,277,2027-02-27
2027-02-27,wk inc flu hosp,0,27,quantile,0.45,282,2027-02-27
2027-02-27,wk inc flu hosp,0,27,quantile,0.5,290,2027-02-27
2027-02-27,wk inc flu hosp,0,27,quantile,0.55,292,2027-02-27
2027-02-27,wk inc flu hosp,0,27,quantile,0.6,295,2027-02-27
2027-02-27,wk inc flu hosp,0,27,quantile,0.65,301,2027-02-27
2027-02-27,wk inc flu hosp,0,27,quantile,0.7,309,2027-02-27
2027-02-27,wk inc flu hosp,0,27,quantile,0.75,313,2027-02-27
2027-02-27,wk inc flu hosp,0,27,quantile,0.8,320,2027-02-27
2027-02-27,wk inc flu hosp,0,27,quantile,0.85,331,2027-02-27
2027-02-27,wk inc flu hosp,0,27,quantile,0.9,350,2027-02-27
2027-02-27,wk inc flu hosp,0,27,quantile,0.95,375,2027-02-27
2027-02-27,wk inc flu hosp,0,27,quantile,0.975,379,2027-02-27
2027-02-27,wk inc flu hosp,0,27,quantile,0.99,428,2027-02-27
2027-02-27,wk inc flu hosp,0,28,quantile,0.01,140,2027-02-27
2027-02-27,wk inc flu hosp,0,28,quantile,0.025,143,2027-02-27
2027-02-27,wk inc flu hosp,0,28,quantile,0.05,159,2027-02-27
2027-02-27,wk inc flu hosp,0,28,quantile,0.1,168,2027-02-27
2027-02-27,wk inc flu hosp,0,28,quantile,0.15,175,2027-02-27
2027-02-27,wk inc flu hosp,0,28,quantile,0.2,184,2027-02-27
2027-02-27,wk inc flu hosp,0,28,quantile,0.25,188,2027-02-27
2027-02-27,wk inc flu hosp,0,28,quantile,0.3,193,2027-02-27
2027-02-27,wk inc flu hosp,0,28,quantile,0.35,195,2027-02-27
2027-02-27,wk inc flu hosp,0,28,quantile,0.4,199,2027-02-27
2027-02-27,wk inc flu hosp,0,28,quantile,0.45,204,2027-02-27
2027-02-27,wk inc flu hosp,0,28,quantile,0.5,208,2027-02-27
2027-02-27,wk inc flu hosp,0,28,quantile,0.55,211,2027-02-27
2027-02-27,wk inc flu hosp,0,28,quantile,0.6,215,2027-02-27
2027-02-27,wk inc flu hosp,0,28,quantile,0.65,220,2027-02-27
2027-02-27,wk inc flu hosp,0,28,quantile,0.7,226,2027-02-27
2027-02-27,wk inc flu hosp,0,28,quantile,0.75,234,2027-02-27
2027-02-27,wk inc flu hosp,0,28,quantile,0.8,241,2027-02-27
2027-02-27,wk inc flu hosp,0,28,quantile,0.85,246,2027-02-27
2027-02-27,wk inc flu hosp,0,28,quantile,0.9,255,2027-02-27
2027-02-27,wk inc flu hosp,0,28,quantile,0.95,267,2027-02-27
2027-02-27,wk inc flu hosp,0,28,quantile,0.975,283,2027-02-27
2027-02-27,wk inc flu hosp,0,28,quantile,0.99,296,2027-02-27
2027-02-27,wk inc flu hosp,0,29,quantile,0.01,575,2027-02-27
2027-02-27,wk inc flu hosp,0,29,quantile,0.025,584,2027-02-27
2027-02-27,wk inc flu hosp,0,29,quantile,0.05,612,2027-02-27
2027-02-27,wk inc flu hosp,0,29,quantile,0.1,632,2027-02-27
2027-02-27,wk inc flu hosp,0,29,quantile,0.15,646,2027-02-27
2027-02-27,wk inc flu hosp,0,29,quantile,0.2,663,2027-02-27
2027-02-27,wk inc flu hosp,0,29,quantile,0.25,674,2027-02-27
2027-02-27,wk inc flu hosp,0,29,quantile,0.3,690,2027-02-27
2027-02-27,wk inc flu hosp,0,29,quantile,0.35,702,2027-02-27
2027-02-27,wk inc flu hosp,0,29,quantile,0.4,711,2027-02-27
2027-02-27,wk inc flu hosp,0,29,quantile,0.45,722,2027-02-27
2027-02-27,wk inc flu hosp,0,29,quantile,0.5,736,2027-02-27
2027-02-27,wk inc flu hosp,0,29,quantile,0.55,749,2027-02-27
2027-02-27,wk inc flu hosp,0,29,quantile,0.6,760,2027-02-27
2027-02-27,wk inc flu hosp,0,29,quantile,0.65,770,2027-02-27
2027-02-27,wk inc flu hosp,0,29,quantile,0.7,779,2027-02-27
2027-02-27,wk inc flu hosp,0,29,quantile,0.75,785,2027-02-27
2027-02-27,wk inc flu hosp,0,29,quantile,0.8,800,2027-02-27
2027-02-27,wk inc flu hosp,0,29,quantile,0.85,807,2027-02-27
2027-02-27,wk inc flu hosp,0,29,quantile,0.9,826,2027-02-27
2027-02-27,wk inc flu hosp,0,29,quantile,0.95,880,2027-02-27
2027-02-27,wk inc flu hosp,0,29,quantile,0.975,902,2027-02-27
2027-02-27,wk inc flu hosp,0,29,quantile,0.99,928,2027-02-27
2027-02-27,wk inc flu hosp,0,30,quantile,0.01,94,2027-02-27
2027-02-27,wk inc flu hosp,0,30,quantile,0.025,103,2027-02-27
2027-02-27,wk inc flu hosp,0,30,quantile,0.05,109,2027-02-27
2027-02-27,wk inc flu hosp,0,30,quantile,0.1,116,2027-02-27
2027-02-27,wk inc flu hosp,0,30,quantile,0.15,121,2027-02-27
2027-02-27,wk inc flu hosp,0,30,quantile,0.2,124,2027-02-27
2027-02-27,wk inc flu hosp,0,30,quantile,0.25,129,2027-02-27
2027-02-27,wk inc flu hosp,0,30,quantile,0.3,133,2027-02-27
2027-02-27,wk inc flu hosp,0,30,quantile,0.35,137,2027-02-27
2027-02-27,wk inc flu hosp,0,30,quantile,0.4,141,2027-02-27
2027-02-27,wk inc flu hosp,0,30,quantile,0.45,144,2027-02-27
2027-02-27,wk inc flu hosp,0,30,quantile,0.5,149,2027-02-27
2027-02-27,wk inc flu hosp,0,30,quantile,0.55,152,2027-02-27
2027-02-27,wk inc flu hosp,0,30,quantile,0.6,154,2027-02-27
2027-02-27,wk inc flu hosp,0,30,quantile,0.65,158,2027-02-27
2027-02-27,wk inc flu hosp,0,30,quantile,0.7,161,2027-02-27
2027-02-27,wk inc flu hosp,0,30,quantile,0.75,165,2027-02-27
2027-02-27,wk inc flu hosp,0,30,quantile,0.8,170,2027-02-27
2027-02-27,wk inc flu hosp,0,30,quantile,0.85,173,2027-02-27
2027-02-27,wk inc flu hosp,0,30,quantile,0.9,178,2027-02-27
2027-02-27,wk inc flu hosp,0,30,quantile,0.95,188,2027-02-27
2027-02-27,wk inc flu hosp,0,30,quantile,0.975,197,2027-02-27
2027-02-27,wk inc flu hosp,0,30,quantile,0.99,201,2027-02-27
2027-02-27,wk inc flu hosp,0,31,quantile,0.01,108,2027-02-27
2027-02-27,wk inc flu hosp,0,31,quantile,0.025,112,2027-02-27
2027-02-27,wk inc flu hosp,0,31,quantile,0.05,117,2027-02-27
2027-02-27,wk inc flu hosp,0,31,quantile,0.1,124,2027-02-27
2027-02-27,wk inc flu hosp,0,31,quantile,0.15,129,2027-02-27
2027-02-27,wk inc flu hosp,0,31,quantile,0.2,133,2027-02-27
2027-02-27,wk inc flu hosp,0,31,quantile,0.25,137,2027-02-27
2027-02-27,wk inc flu hosp,0,31,quantile,0.3,139,2027-02-27
2027-02-27,wk inc flu hosp,0,31,quantile,0.35,142,2027-02-27
2027-02-27,wk inc flu hosp,0,31,quantile,0.4,143,2027-02-27
2027-02-27,wk inc flu hosp,0,31,quantile,0.45,148,2027-02-27
2027-02-27,wk inc flu hosp,0,31,quantile,0.5,150,2027-02-27
2027-02-27,wk inc flu hosp,0,31,quantile,0.55,153,2027-02-27
2027-02-27,wk inc flu hosp,0,31,quantile,0.6,156,2027-02-27
2027-02-27,wk inc flu hosp,0,31,quantile,0.65,161,2027-02-27
2027-02-27,wk inc flu hosp,0,31,quantile,0.7,163,2027-02-27
2027-02-27,wk inc flu hosp,0,31,quantile,0.75,168,2027-02-27
2027-02-27,wk inc flu hosp,0,31,quantile,0.8,171,2027-02-27
2027-02-27,wk inc flu hosp,0,31,quantile,0.85,177,2027-02-27
2027-02-27,wk inc flu hosp,0,31,quantile,0.9,189,2027-02-27
2027-02-27,wk inc flu hosp,0,31,quantile,0.95,199,2027-02-27
2027-02-27,wk inc flu hosp,0,31,quantile,0.975,204,2027-02-27
2027-02-27,wk inc flu hosp,0,31,quantile,0.99,224,2027-02-27
2027-02-27,wk inc flu hosp,0,32,quantile,0.01,66,2027-02-27
2027-02-27,wk inc flu hosp,0,32,quantile,0.025,74,2027-02-27
2027-02-27,wk inc flu hosp,0,32,quantile,0.05,80,2027-02-27
2027-02-27,wk inc flu hosp,0,32,quantile,0.1,82,2027-02-27
2027-02-27,wk inc flu hosp,0,32,quantile,0.15,85,2027-02-27
2027-02-27,wk inc flu hosp,0,32,quantile,0.2,89,2027-02-27
2027-02-27,wk inc flu hosp,0,32,quantile,0.25,92,2027-02-27
2027-02-27,wk inc flu hosp,0,32,quantile,0.3,94,2027-02-27
2027-02-27,wk inc flu hosp,0,32,quantile,0.35,96,2027-02-27
2027-02-27,wk inc flu hosp,0,32,quantile,0.4,99,2027-02-27
2027-02-27,wk inc flu hosp,0,32,quantile,0.45,102,2027-02-27
2027-02-27,wk inc flu hosp,0,32,quantile,0.5,104,2027-02-27
2027-02-27,wk inc flu hosp,0,32,quantile,0.55,107,2027-02-27
2027-02-27,wk inc flu hosp,0,32,quantile,0.6,110,2027-02-27
2027-02-27,wk inc flu hosp,0,32,quantile,0.65,113,2027-02-27
2027-02-27,wk inc flu hosp,0,32,quantile,0.7,117,2027-02-27
2027-02-27,wk inc flu hosp,0,32,quantile,0.75,118,2027-02-27
2027-02-27,wk inc flu hosp,0,32,quantile,0.8,121,2027-02-27
2027-02-27,wk inc flu hosp,0,32,quantile,0.85,125,2027-02-27
2027-02-27,wk inc flu hosp,0,32,quantile,0.9,130,2027-02-27
2027-02-27,wk inc flu hosp,0,32,quantile,0.95,135,2027-02-27
2027-02-27,wk inc flu hosp,0,32,quantile,0.975,141,2027-02-27
2027-02-27,wk inc flu hosp,0,32,quantile,0.99,165,2027-02-27
2027-02-27,wk inc flu hosp,0,33,quantile,0.01,85,2027-02-27
2027-02-27,wk inc flu hosp,0,33,quantile,0.025,87,2027-02-27
2027-02-27,wk inc flu hosp,0,33,quantile,0.05,89,2027-02-27
2027-02-27,wk inc flu hosp,0,33,quantile,0.1,98,2027-02-27
2027-02-27,wk inc flu hosp,0,33,quantile,0.15,103,2027-02-27
2027-02-27,wk inc flu hosp,0,33,quantile,0.2,107,2027-02-27
2027-02-27,wk inc flu hosp,0,33,quantile,0.25,110,2027-02-27
2027-02-27,wk inc flu hosp,0,33,quantile,0.3,112,2027-02-27
2027-02-27,wk inc flu hosp,0,33,quantile,0.35,117,2027-02-27
2027-02-27,wk inc flu hosp,0,33,quantile,0.4,120,2027-02-27
2027-02-27,wk inc flu hosp,0,33,quantile,0.45,122,2027-02-27
2027-02-27,wk inc flu hosp,0,33,quantile,0.5,124,2027-02-27
2027-02-27,wk inc flu hosp,0,33,quantile,0.55,128,2027-02-27
2027-02-27,wk inc flu hosp,0,33,quantile,0.6,133,2027-02-27
2027-02-27,wk inc flu hosp,0,33,quantile,0.65,136,2027-02-27
2027-02-27,wk inc flu hosp,0,33,quantile,0.7,139,2027-02-27
2027-02-27,wk inc flu hosp,0,33,quantile,0.75,141,2027-02-27
2027-02-27,wk inc flu hosp,0,33,quantile,0.8,145,2027-02-27
2027-02-27,wk inc flu hosp,0,33,quantile,0.85,151,2027-02-27
2027-02-27,wk inc flu hosp,0,33,quantile,0.9,158,2027-02-27
2027-02-27,wk inc flu hosp,0,33,quantile,0.95,163,2027-02-27
2027-02-27,wk inc flu hosp,0,33,quantile,0.975,169,2027-02-27
2027-02-27,wk inc flu hosp,0,33,quantile,0.99,178,2027-02-27
2027-02-27,wk inc flu hosp,0,34,quantile,0.01,510,2027-02-27
2027-02-27,wk inc flu hosp,0,34,quantile,0.025,523,2027-02-27
2027-02-27,wk inc flu hosp,0,34,quantile,0.05,560,2027-02-27
2027-02-27,wk inc flu hosp,0,34,quantile,0.1,584,2027-02-27
2027-02-27,wk inc flu hosp,0,34,quantile,0.15,608,2027-02-27
2027-02-27,wk inc flu hosp,0,34,quantile,0.2,631,2027-02-27
2027-02-27,wk inc flu hosp,0,34,quantile,0.25,644,2027-02-27
2027-02-27,wk inc flu hosp,0,34,quantile,0.3,651,2027-02-27
2027-02-27,wk inc flu hosp,0,34,quantile,0.35,665,2027-02-27
2027-02-27,wk inc flu hosp,0,34,quantile,0.4,676,2027-02-27
2027-02-27,wk inc flu hosp,0,34,quantile,0.45,689,2027-02-27
2027-02-27,wk inc flu hosp,0,34,quantile,0.5,710,2027-02-27
2027-02-27,wk inc flu hosp,0,34,quantile,0.55,731,2027-02-27
2027-02-27,wk inc flu hosp,0,34,quantile,0.6,737,2027-02-27
2027-02-27,wk inc flu hosp,0,34,quantile,0.65,746,2027-02-27
2027-02-27,wk inc flu hosp,0,34,quantile,0.7,761,2027-02-27
2027-02-27,wk inc flu hosp,0,34,quantile,0.75,770,2027-02-27
2027-02-27,wk inc flu hosp,0,34,quantile,0.8,779,2027-02-27
2027-02-27,wk inc flu hosp,0,34,quantile,0.85,802,2027-02-27
2027-02-27,wk inc flu hosp,0,34,quantile,0.9,820,2027-02-27
2027-02-27,wk inc flu hosp,0,34,quantile,0.95,845,2027-02-27
2027-02-27,wk inc flu hosp,0,34,quantile,0.975,861,2027-02-27
2027-02-27,wk inc flu hosp,0,34,quantile,0.99,900,2027-02-27
2027-02-27,wk inc flu hosp,0,35,quantile,0.01,127,2027-02-27
2027-02-27,wk inc flu hosp,0,35,quantile,0.025,131,2027-02-27
2027-02-27,wk inc flu hosp,0,35,quantile,0.05,141,2027-02-27
2027-02-27,wk inc flu hosp,0,35,quantile,0.1,145,2027-02-27
2027-02-27,wk inc flu hosp,0,35,quantile,0.15,150,2027-02-27
2027-02-27,wk inc flu hosp,0,35,quantile,0.2,152,2027-02-27
2027-02-27,wk inc flu hosp,0,35,quantile,0.25,156,2027-02-27
2027-02-27,wk inc flu hosp,0,35,quantile,0.3,160,2027-02-27
2027-02-27,wk inc flu hosp,0,35,quantile,0.35,165,2027-02-27
2027-02-27,wk inc flu hosp,0,35,quantile,0.4,167,2027-02-27
2027-02-27,wk inc flu hosp,0,35,quantile,0.45,170,2027-02-27
2027-02-27,wk inc flu hosp,0,35,quantile,0.5,174,2027-02-27
2027-02-27,wk inc flu hosp,0,35,quantile,0.55,176,2027-02-27
2027-02-27,wk inc flu hosp,0,35,quantile,0.6,179,2027-02-27
2027-02-27,wk inc flu hosp,0,35,quantile,0.65,184,2027-02-27
2027-02-27,wk inc flu hosp,0,35,quantile,0.7,188,2027-02-27
2027-02-27,wk inc flu hosp,0,35,quantile,0.75,192,2027-02-27
2027-02-27,wk inc flu hosp,0,35,quantile,0.8,199,2027-02-27
2027-02-27,wk inc flu hosp,0,35,quantile,0.85,205,2027-02-27
2027-02-27,wk inc flu hosp,0,35,quantile,0.9,216,2027-02-27
2027-02-27,wk inc flu hosp,0,35,quantile,0.95,227,2027-02-27
2027-02-27,wk inc flu hosp,0,35,quantile,0.975,238,2027-02-27
2027-02-27,wk inc flu hosp,0,35,quantile,0.99,244,2027-02-27
2027-02-27,wk inc flu hosp,0,36,quantile,0.01,1110,2027-02-27
2027-02-27,wk inc flu hosp,0,36,quantile,0.025,1133,2027-02-27
2027-02-27,wk inc flu hosp,0,36,quantile,0.05,1161,2027-02-27
2027-02-27,wk inc flu hosp,0,36,quantile,0.1,1191,2027-02-27
2027-02-27,wk inc flu hosp,0,36,quantile,0.15,1227,2027-02-27
2027-02-27,wk inc flu hosp,0,36,quantile,0.2,1258,2027-02-27
2027-02-27,wk inc flu hosp,0,36,quantile,0.25,1268,2027-02-27
2027-02-27,wk inc flu hosp,0,36,quantile,0.3,1298,2027-02-27
2027-02-27,wk inc flu hosp,0,36,quantile,0.35,1316,2027-02-27
2027-02-27,wk inc flu hosp,0,36,quantile,0.4,1342,2027-02-27
2027-02-27,wk inc flu hosp,0,36,quantile,0.45,1358,2027-02-27
2027-02-27,wk inc flu hosp,0,36,quantile,0.5,1374,2027-02-27
2027-02-27,wk inc flu hosp,0,36,quantile,0.55,1395,2027-02-27
2027-02-27,wk inc flu hosp,0,36,quantile,0.6,1434,2027-02-27
2027-02-27,wk inc flu hosp,0,36,quantile,0.65,1475,2027-02-27
2027-02-27,wk inc flu hosp,0,36,quantile,0.7,1502,2027-02-27
2027-02-27,wk inc flu hosp,0,36,quantile,0.75,1527,2027-02-27
2027-02-27,wk inc flu hosp,0,36,quantile,0.8,1557,2027-02-27
2027-02-27,wk inc flu hosp,0,36,quantile,0.85,1601,2027-02-27
2027-02-27,wk inc flu hosp,0,36,quantile,0.9,1648,2027-02-27
2027-02-27,wk inc flu hosp,0,36,quantile,0.95,1757,2027-02-27
2027-02-27,wk inc flu hosp,0,36,quantile,0.975,1806,2027-02-27
2027-02-27,wk inc flu hosp,0,36,quantile,0.99,1843,2027-02-27
2027-02-27,wk inc flu hosp,0,37,quantile,0.01,445,2027-02-27
2027-02-27,wk inc flu hosp,0,37,quantile,0.025,470,2027-02-27
2027-02-27,wk inc flu hosp,0,37,quantile,0.05,501,2027-02-27
2027-02-27,wk inc flu hosp,0,37,quantile,0.1,537,2027-02-27
2027-02-27,wk inc flu hosp,0,37,quantile,0.15,558,2027-02-27
2027-02-27,wk inc flu hosp,0,37,quantile,0.2,565,2027-02-27
2027-02-27,wk inc flu hosp,0,37,quantile,0.25,574,2027-02-27
2027-02-27,wk inc flu hosp,0,37,quantile,0.3,587,2027-02-27
2027-02-27,wk inc flu hosp,0,37,quantile,0.35,604,2027-02-27
2027-02-27,wk inc flu hosp,0,37,quantile,0.4,614,2027-02-27
2027-02-27,wk inc flu hosp,0,37,quantile,0.45,628,2027-02-27
2027-02-27,wk inc flu hosp,0,37,quantile,0.5,640,2027-02-27
2027-02-27,wk inc flu hosp,0,37,quantile,0.55,648,2027-02-27
2027-02-27,wk inc flu hosp,0,37,quantile,0.6,662,2027-02-27
2027-02-27,wk inc flu hosp,0,37,quantile,0.65,675,2027-02-27
2027-02-27,wk inc flu hosp,0,37,quantile,0.7,693,2027-02-27
2027-02-27,wk inc flu hosp,0,37,quantile,0.75,717,2027-02-27
2027-02-27,wk inc flu hosp,0,37,quantile,0.8,721,2027-02-27
2027-02-27,wk inc flu hosp,0,37,quantile,0.85,743,2027-02-27
2027-02-27,wk inc flu hosp,0,37,quantile,0.9,781,2027-02-27
2027-02-27,wk inc flu hosp,0,37,quantile,0.95,806,2027-02-27
2027-02-27,wk inc flu hosp,0,37,quantile,0.975,827,2027-02-27
2027-02-27,wk inc flu hosp,0,37,quantile,0.99,896,2027-02-27
2027-02-27,wk inc flu hosp,0,38,quantile,0.01,23,2027-02-27
2027-02-27,wk inc flu hosp,0,38,quantile,0.025,25,2027-02-27
2027-02-27,wk inc flu hosp,0,38,quantile,0.05,29,2027-02-27
2027-02-27,wk inc flu hosp,0,38,quantile,0.1,30,2027-02-27
2027-02-27,wk inc flu hosp,0,38,quantile,0.15,33,2027-02-27
2027-02-27,wk inc flu hosp,0,38,quantile,0.2,34,2027-02-27
2027-02-27,wk inc flu hosp,0,38,quantile,0.25,36,2027-02-27
2027-02-27,wk inc flu hosp,0,38,quantile,0.3,37,2027-02-27
2027-02-27,wk inc flu hosp,0,38,quantile,0.35,38,2027-02-27
2027-02-27,wk inc flu hosp,0,38,quantile,0.4,39,2027-02-27
2027-02-27,wk inc flu hosp,0,38,quantile,0.45,41,2027-02-27
2027-02-27,wk inc flu hosp,0,38,quantile,0.5,42,2027-02-27
2027-02-27,wk inc flu hosp,0,38,quantile,0.55,42,2027-02-27
2027-02-27,wk inc flu hosp,0,38,quantile,0.6,44,2027-02-27
2027-02-27,wk inc flu hosp,0,38,quantile,0.65,45,2027-02-27
2027-02-27,wk inc flu hosp,0,38,quantile,0.7,46,2027-02-27
2027-02-27,wk inc flu hosp,0,38,quantile,0.75,49,2027-02-27
2027-02-27,wk inc flu hosp,0,38,quantile,0.8,51,2027-02-27
2027-02-27,wk inc flu hosp,0,38,quantile,0.85,53,2027-02-27
2027-02-27,wk inc flu hosp,0,38,quantile,0.9,56,2027-02-27
2027-02-27,wk inc flu hosp,0,38,quantile,0.95,61,2027-02-27
2027-02-27,wk inc flu hosp,0,38,quantile,0.975,62,2027-02-27
2027-02-27,wk inc flu hosp,0,38,quantile,0.99,66,2027-02-27
2027-02-27,wk inc flu hosp,0,39,quantile,0.01,1391,2027-02-27
2027-02-27,wk inc flu hosp,0,39,quantile,0.025,1414,2027-02-27
2027-02-27,wk inc flu hosp,0,39,quantile,0.05,1481,2027-02-27
2027-02-27,wk inc flu hosp,0,39,quantile,0.1,1559,2027-02-27
2027-02-27,wk inc flu hosp,0,39,quantile,0.15,1589,2027-02-27
2027-02-27,wk inc flu hosp,0,39,quantile,0.2,1636,2027-02-27
2027-02-27,wk inc flu hosp,0,39,quantile,0.25,1683,2027-02-27
2027-02-27,wk inc flu hosp,0,39,quantile,0.3,1720,2027-02-27
2027-02-27,wk inc flu hosp,0,39,quantile,0.35,1741,2027-02-27
2027-02-27,wk inc flu hosp,0,39,quantile,0.4,1767,2027-02-27
2027-02-27,wk inc flu hosp,0,39,quantile,0.45,1786,2027-02-27
2027-02-27,wk inc flu hosp,0,39,quantile,0.5,1808,2027-02-27
2027-02-27,wk inc flu hosp,0,39,quantile,0.55,1841,2027-02-27
2027-02-27,wk inc flu hosp,0,39,quantile,0.6,1865,2027-02-27
2027-02-27,wk inc flu hosp,0,39,quantile,0.65,1892,2027-02-27
2027-02-27,wk inc flu hosp,0,39,quantile,0.7,1914,2027-02-27
2027-02-27,wk inc flu hosp,0,39,quantile,0.75,1942,2027-02-27
2027-02-27,wk inc flu hosp,0,39,quantile,0.8,2053,2027-02-27
2027-02-27,wk inc flu hosp,0,39,quantile,0.85,2102,2027-02-27
2027-02-27,wk inc flu hosp,0,39,quantile,0.9,2157,2027-02-27
2027-02-27,wk inc flu hosp,0,39,quantile,0.95,2298,2027-02-27
2027-02-27,wk inc flu hosp,0,39,quantile,0.975,2379,2027-02-27
2027-02-27,wk inc flu hosp,0,39,quantile,0.99,2527,2027-02-27
2027-02-27,wk inc flu hosp,0,40,quantile,0.01,182,2027-02-27
2027-02-27,wk inc flu hosp,0,40,quantile,0.025,187,2027-02-27
2027-02-27,wk inc flu hosp,0,40,quantile,0.05,195,2027-02-27
2027-02-27,wk inc flu hosp,0,40,quantile,0.1,203,2027-02-27
2027-02-27,wk inc flu hosp,0,40,quantile,0.15,214,2027-02-27
2027-02-27,wk inc flu hosp,0,40,quantile,0.2,219,2027-02-27
2027-02-27,wk inc flu hosp,0,40,quantile,0.25,221,2027-02-27
2027-02-27,wk inc flu hosp,0,40,quantile,0.3,227,2027-02-27
2027-02-27,wk inc flu hosp,0,40,quantile,0.35,229,2027-02-27
2027-02-27,wk inc flu hosp,0,40,quantile,0.4,231,2027-02-27
2027-02-27,wk inc flu hosp,0,40,quantile,0.45,234,2027-02-27
2027-02-27,wk inc flu hosp,0,40,quantile,0.5,238,2027-02-27
2027-02-27,wk inc flu hosp,0,40,quantile,0.55,242,2027-02-27
2027-02-27,wk inc flu hosp,0,40,quantile,0.6,247,2027-02-27
2027-02-27,wk inc flu hosp,0,40,quantile,0.65,251,2027-02-27
2027-02-27,wk inc flu hosp,0,40,quantile,0.7,255,2027-02-27
2027-02-27,wk inc flu hosp,0,40,quantile,0.75,262,2027-02-27
2027-02-27,wk inc flu hosp,0,40,quantile,0.8,269,2027-02-27
2027-02-27,wk inc flu hosp,0,40,quantile,0.85,283,2027-02-27
2027-02-27,wk inc flu hosp,0,40,quantile,0.9,293,2027-02-27
2027-02-27,wk inc flu hosp,0,40,quantile,0.95,312,2027-02-27
2027-02-27,wk inc flu hosp,0,40,quantile,0.975,326,2027-02-27
2027-02-27,wk inc flu hosp,0,40,quantile,0.99,347,2027-02-27
2027-02-27,wk inc flu hosp,0,41,quantile,0.01,193,2027-02-27
2027-02-27,wk inc flu hosp,0,41,quantile,0.025,197,2027-02-27
2027-02-27,wk inc flu hosp,0,41,quantile,0.05,201,2027-02-27
2027-02-27,wk inc flu hosp,0,41,quantile,0.1,213,2027-02-27
2027-02-27,wk inc flu hosp,0,41,quantile,0.15,221,2027-02-27
2027-02-27,wk inc flu hosp,0,41,quantile,0.2,227,2027-02-27
2027-02-27,wk inc flu hosp,0,41,quantile,0.25,232,2027-02-27
2027-02-27,wk inc flu hosp,0,41,quantile,0.3,236,2027-02-27
2027-02-27,wk inc flu hosp,0,41,quantile,0.35,244,2027-02-27
2027-02-27,wk inc flu hosp,0,41,quantile,0.4,249,2027-02-27
2027-02-27,wk inc flu hosp,0,41,quantile,0.45,256,2027-02-27
2027-02-27,wk inc flu hosp,0,41,quantile,0.5,258,2027-02-27
2027-02-27,wk inc flu hosp,0,41,quantile,0.55,264,2027-02-27
2027-02-27,wk inc flu hosp,0,41,quantile,0.6,269,2027-02-27
2027-02-27,wk inc flu hosp,0,41,quantile,0.65,272,2027-02-27
2027-02-27,wk inc flu hosp,0,41,quantile,0.7,276,2027-02-27
2027-02-27,wk inc flu hosp,0,41,quantile,0.75,282,2027-02-27
2027-02-27,wk inc flu hosp,0,41,quantile,0.8,287,2027-02-27
2027-02-27,wk inc flu hosp,0,41,quantile,0.85,293,2027-02-27
2027-02-27,wk inc flu hosp,0,41,quantile,0.9,303,2027-02-27
2027-02-27,wk inc flu hosp,0,41,quantile,0.95,311,2027-02-27
2027-02-27,wk inc flu hosp,0,41,quantile,0.975,321,2027-02-27
2027-02-27,wk inc flu hosp,0,41,quantile,0.99,342,2027-02-27
2027-02-27,wk inc flu hosp,0,42,quantile,0.01,1471,2027-02-27
2027-02-27,wk inc flu hosp,0,42,quantile,0.025,1495,2027-02-27
2027-02-27,wk inc flu hosp,0,42,quantile,0.05,1593,2027-02-27
2027-02-27,wk inc flu hosp,0,42,quantile,0.1,1729,2027-02-27
2027-02-27,wk inc flu hosp,0,42,quantile,0.15,1826,2027-02-27
2027-02-27,wk inc flu hosp,0,42,quantile,0.2,1870,2027-02-27
2027-02-27,wk inc flu hosp,0,42,quantile,0.25,1915,2027-02-27
2027-02-27,wk inc flu hosp,0,42,quantile,0.3,1954,2027-02-27
2027-02-27,wk inc flu hosp,0,42,quantile,0.35,2022,2027-02-27
2027-02-27,wk inc flu hosp,0,42,quantile,0.4,2075,2027-02-27
2027-02-27,wk inc flu hosp,0,42,quantile,0.45,2099,2027-02-27
2027-02-27,wk inc flu hosp,0,42,quantile,0.5,2156,2027-02-27
2027-02-27,wk inc flu hosp,0,42,quantile,0.55,2185,2027-02-27
2027-02-27,wk inc flu hosp,0,42,quantile,0.6,2207,2027-02-27
2027-02-27,wk inc flu hosp,0,42,quantile,0.65,2290,2027-02-27
2027-02-27,wk inc flu hosp,0,42,quantile,0.7,2307,2027-02-27
2027-02-27,wk inc flu hosp,0,42,quantile,0.75,2358,2027-02-27
2027-02-27,wk inc flu hosp,0,42,quantile,0.8,2383,2027-02-27
2027-02-27,wk inc flu hosp,0,42,quantile,0.85,2415,2027-02-27
2027-02-27,wk inc flu hosp,0,42,quantile,0.9,2465,2027-02-27
2027-02-27,wk inc flu hosp,0,42,quantile,0.95,2601,2027-02-27
2027-02-27,wk inc flu hosp,0,42,quantile,0.975,2638,2027-02-27
2027-02-27,wk inc flu hosp,0,42,quantile,0.99,2658,2027-02-27
2027-02-27,wk inc flu hosp,0,44,quantile,0.01,55,2027-02-27
2027-02-27,wk inc flu hosp,0,44,quantile,0.025,59,2027-02-27
2027-02-27,wk inc flu hosp,0,44,quantile,0.05,60,2027-02-27
2027-02-27,wk inc flu hosp,0,44,quantile,0.1,64,2027-02-27
2027-02-27,wk inc flu hosp,0,44,quantile,0.15,70,2027-02-27
2027-02-27,wk inc flu hosp,0,44,quantile,0.2,72,2027-02-27
2027-02-27,wk inc flu hosp,0,44,quantile,0.25,73,2027-02-27
2027-02-27,wk inc flu hosp,0,44,quantile,0.3,76,2027-02-27
2027-02-27,wk inc flu hosp,0,44,quantile,0.35,78,2027-02-27
2027-02-27,wk inc flu hosp,0,44,quantile,0.4,80,2027-02-27
2027-02-27,wk inc flu hosp,0,44,quantile,0.45,82,2027-02-27
2027-02-27,wk inc flu hosp,0,44,quantile,0.5,84,2027-02-27
2027-02-27,wk inc flu hosp,0,44,quantile,0.55,86,2027-02-27
2027-02-27,wk inc flu hosp,0,44,quantile,0.6,89,2027-02-27
2027-02-27,wk inc flu hosp,0,44,quantile,0.65,91,2027-02-27
2027-02-27,wk inc flu hosp,0,44,quantile,0.7,93,2027-02-27
2027-02-27,wk inc flu hosp,0,44,quantile,0.75,95,2027-02-27
2027-02-27,wk inc flu hosp,0,44,quantile,0.8,97,2027-02-27
2027-02-27,wk inc flu hosp,0,44,quantile,0.85,99,2027-02-27
2027-02-27,wk inc flu hosp,0,44,quantile,0.9,102,2027-02-27
2027-02-27,wk inc flu hosp,0,44,quantile,0.95,109,2027-02-27
2027-02-27,wk inc flu hosp,0,44,quantile,0.975,119,2027-02-27
2027-02-27,wk inc flu hosp,0,44,quantile,0.99,121,2027-02-27
2027-02-27,wk inc flu hosp,0,45,quantile,0.01,236,2027-02-27
2027-02-27,wk inc flu hosp,0,45,quantile,0.025,253,2027-02-27
2027-02-27,wk inc flu hosp,0,45,quantile,0.05,274,2027-02-27
2027-02-27,wk inc flu hosp,0,45,quantile,0.1,299,2027-02-27
2027-02-27,wk inc flu hosp,0,45,quantile,0.15,312,2027-02-27
2027-02-27,wk inc flu hosp,0,45,quantile,0.2,317,2027-02-27
2027-02-27,wk inc flu hosp,0,45,quantile,0.25,326,2027-02-27
2027-02-27,wk inc flu hosp,0,45,quantile,0.3,333,2027-02-27
2027-02-27,wk inc flu hosp,0,45,quantile,0.35,342,2027-02-27
2027-02-27,wk inc flu hosp,0,45,quantile,0.4,345,2027-02-27
2027-02-27,wk inc flu hosp,0,45,quantile,0.45,351,2027-02-27
2027-02-27,wk inc flu hosp,0,45,quantile,0.5,358,2027-02-27
2027-02-27,wk inc flu hosp,0,45,quantile,0.55,368,2027-02-27
2027-02-27,wk inc flu hosp,0,45,quantile,0.6,377,2027-02-27
2027-02-27,wk inc flu hosp,0,45,quantile,0.65,382,2027-02-27
2027-02-27,wk inc flu hosp,0,45,quantile,0.7,387,2027-02-27
2027-02-27,wk inc flu hosp,0,45,quantile,0.75,392,2027-02-27
2027-02-27,wk inc flu hosp,0,45,quantile,0.8,404,2027-02-27
2027-02-27,wk inc flu hosp,0,45,quantile,0.85,412,2027-02-27
2027-02-27,wk inc flu hosp,0,45,quantile,0.9,426,2027-02-27
2027-02-27,wk inc flu hosp,0,45,quantile,0.95,467,2027-02-27
2027-02-27,wk inc flu hosp,0,45,quantile,0.975,488,2027-02-27
2027-02-27,wk inc flu hosp,0,45,quantile,0.99,520,2027-02-27
2027-02-27,wk inc flu hosp,0,46,quantile,0.01,59,2027-02-27
2027-02-27,wk inc flu hosp,0,46,quantile,0.025,66,2027-02-27
2027-02-27,wk inc flu hosp,0,46,quantile,0.05,68,2027-02-27
2027-02-27,wk inc flu hosp,0,46,quantile,0.1,75,2027-02-27
2027-02-27,wk inc flu hosp,0,46,quantile,0.15,78,2027-02-27
2027-02-27,wk inc flu hosp,0,46,quantile,0.2,81,2027-02-27
2027-02-27,wk inc flu hosp,0,46,quantile,0.25,82,2027-02-27
2027-02-27,wk inc flu hosp,0,46,quantile,0.3,84,2027-02-27
2027-02-27,wk inc flu hosp,0,46,quantile,0.35,85,2027-02-27
2027-02-27,wk inc flu hosp,0,46,quantile,0.4,87,2027-02-27
2027-02-27,wk inc flu hosp,0,46,quantile,0.45,89,2027-02-27
2027-02-27,wk inc flu hosp,0,46,quantile,0.5,91,2027-02-27
2027-02-27,wk inc flu hosp,0,46,quantile,0.55,94,2027-02-27
2027-02-27,wk inc flu hosp,0,46,quantile,0.6,96,2027-02-27
2027-02-27,wk inc flu hosp,0,46,quantile,0.65,97,2027-02-27
2027-02-27,wk inc flu hosp,0,46,quantile,0.7,99,2027-02-27
2027-02-27,wk inc flu hosp,0,46,quantile,0.75,102,2027-02-27
2027-02-27,wk inc flu hosp,0,46,quantile,0.8,104,2027-02-27
2027-02-27,wk inc flu hosp,0,46,quantile,0.85,109,2027-02-27
2027-02-27,wk inc flu hosp,0,46,quantile,0.9,112,2027-02-27
2027-02-27,wk inc flu hosp,0,46,quantile,0.95,119,2027-02-27
2027-02-27,wk inc flu hosp,0,46,quantile,0.975,124,2027-02-27
2027-02-27,wk inc flu hosp,0,46,quantile,0.99,134,2027-02-27
2027-02-27,wk inc flu hosp,0,47,quantile,0.01,387,2027-02-27
2027-02-27,wk inc flu hosp,0,47,quantile,0.025,391,2027-02-27
2027-02-27,wk inc flu hosp,0,47,quantile,0.05,422,2027-02-27
2027-02-27,wk inc flu hosp,0,47,quantile,0.1,438,2027-02-27
2027-02-27,wk inc flu hosp,0,47,quantile,0.15,449,2027-02-27
2027-02-27,wk inc flu hosp,0,47,quantile,0.2,457,2027-02-27
2027-02-27,wk inc flu hosp,0,47,quantile,0.25,470,2027-02-27
2027-02-27,wk inc flu hosp,0,47,quantile,0.3,477,2027-02-27
2027-02-27,wk inc flu hosp,0,47,quantile,0.35,484,2027-02-27
2027-02-27,wk inc flu hosp,0,47,quantile,0.4,492,2027-02-27
2027-02-27,wk inc flu hosp,0,47,quantile,0.45,496,2027-02-27
2027-02-27,wk inc flu hosp,0,47,quantile,0.5,500,2027-02-27
2027-02-27,wk inc flu hosp,0,47,quantile,0.55,509,2027-02-27
2027-02-27,wk inc flu hosp,0,47,quantile,0.6,516,2027-02-27
2027-02-27,wk inc flu hosp,0,47,quantile,0.65,522,2027-02-27
2027-02-27,wk inc flu hosp,0,47,quantile,0.7,532,2027-02-27
2027-02-27,wk inc flu hosp,0,47,quantile,0.75,543,2027-02-27
2027-02-27,wk inc flu hosp,0,47,quantile,0.8,554,2027-02-27
2027-02-27,wk inc flu hosp,0,47,quantile,0.85,561,2027-02-27
2027-02-27,wk inc flu hosp,0,47,quantile,0.9,582,2027-02-27
2027-02-27,wk inc flu hosp,0,47,quantile,0.95,599,2027-02-27
2027-02-27,wk inc flu hosp,0,47,quantile,0.975,622,2027-02-27
2027-02-27,wk inc flu hosp,0,47,quantile,0.99,653,2027-02-27
2027-02-27,wk inc flu hosp,0,48,quantile,0.01,1006,2027-02-27
2027-02-27,wk inc flu hosp,0,48,quantile,0.025,1088,2027-02-27
2027-02-27,wk inc flu hosp,0,48,quantile,0.05,1127,2027-02-27
2027-02-27,wk inc flu hosp,0,48,quantile,0.1,1192,2027-02-27
2027-02-27,wk inc flu hosp,0,48,quantile,0.15,1245,2027-02-27
2027-02-27,wk inc flu hosp,0,48,quantile,0.2,1308,2027-02-27
2027-02-27,wk inc flu hosp,0,48,quantile,0.25,1343,2027-02-27
2027-02-27,wk inc flu hosp,0,48,quantile,0.3,1364,2027-02-27
2027-02-27,wk inc flu hosp,0,48,quantile,0.35,1430,2027-02-27
2027-02-27,wk inc flu hosp,0,48,quantile,0.4,1458,2027-02-27
2027-02-27,wk inc flu hosp,0,48,quantile,0.45,1501,2027-02-27
2027-02-27,wk inc flu hosp,0,48,quantile,0.5,1520,2027-02-27
2027-02-27,wk inc flu hosp,0,48,quantile,0.55,1571,2027-02-27
2027-02-27,wk inc flu hosp,0,48,quantile,0.6,1606,2027-02-27
2027-02-27,wk inc flu hosp,0,48,quantile,0.65,1628,2027-02-27
2027-02-27,wk inc flu hosp,0,48,quantile,0.7,1666,2027-02-27
2027-02-27,wk inc flu hosp,0,48,quantile,0.75,1702,2027-02-27
2027-02-27,wk inc flu hosp,0,48,quantile,0.8,1731,2027-02-27
2027-02-27,wk inc flu hosp,0,48,quantile,0.85,1791,2027-02-27
2027-02-27,wk inc flu hosp,0,48,quantile,0.9,1888,2027-02-27
2027-02-27,wk inc flu hosp,0,48,quantile,0.95,2084,2027-02-27
2027-02-27,wk inc flu hosp,0,48,quantile,0.975,2125,2027-02-27
2027-02-27,wk inc flu hosp,0,48,quantile,0.99,2167,2027-02-27
2027-02-27,wk inc flu hosp,0,49,quantile,0.01,46,2027-02-27
2027-02-27,wk inc flu hosp,0,49,quantile,0.025,54,2027-02-27
2027-02-27,wk inc flu hosp,0,49,quantile,0.05,59,2027-02-27
2027-02-27,wk inc flu hosp,0,49,quantile,0.1,61,2027-02-27
2027-02-27,wk inc flu hosp,0,49,quantile,0.15,64,2027-02-27
2027-02-27,wk inc flu hosp,0,49,quantile,0.2,67,2027-02-27
2027-02-27,wk inc flu hosp,0,49,quantile,0.25,69,2027-02-27
2027-02-27,wk inc flu hosp,0,49,quantile,0.3,72,2027-02-27
2027-02-27,wk inc flu hosp,0,49,quantile,0.35,74,2027-02-27
2027-02-27,wk inc flu hosp,0,49,quantile,0.4,75,2027-02-27
2027-02-27,wk inc flu hosp,0,49,quantile,0.45,77,2027-02-27
2027-02-27,wk inc flu hosp,0,49,quantile,0.5,78,2027-02-27
2027-02-27,wk inc flu hosp,0,49,quantile,0.55,80,2027-02-27
2027-02-27,wk inc flu hosp,0,49,quantile,0.6,82,2027-02-27
2027-02-27,wk inc flu hosp,0,49,quantile,0.65,84,2027-02-27
2027-02-27,wk inc flu hosp,0,49,quantile,0.7,85,2027-02-27
2027-02-27,wk inc flu hosp,0,49,quantile,0.75,87,2027-02-27
2027-02-27,wk inc flu hosp,0,49,quantile,0.8,89,2027-02-27
2027-02-27,wk inc flu hosp,0,49,quantile,0.85,91,2027-02-27
2027-02-27,wk inc flu hosp,0,49,quantile,0.9,95,2027-02-27
2027-02-27,wk inc flu hosp,0,49,quantile,0.95,103,2027-02-27
2027-02-27,wk inc flu hosp,0,49,quantile,0.975,107,2027-02-27
2027-02-27,wk inc flu hosp,0,49,quantile,0.99,112,2027-02-27
2027-02-27,wk inc flu hosp,0,50,quantile,0.01,28,2027-02-27
2027-02-27,wk inc flu hosp,0,50,quantile,0.025,31,2027-02-27
2027-02-27,wk inc flu hosp,0,50,quantile,0.05,34,2027-02-27
2027-02-27,wk inc flu hosp,0,50,quantile,0.1,36,2027-02-27
2027-02-27,wk inc flu hosp,0,50,quantile,0.15,38,2027-02-27
2027-02-27,wk inc flu hosp,0,50,quantile,0.2,40,2027-02-27
2027-02-27,wk inc flu hosp,0,50,quantile,0.25,41,2027-02-27
2027-02-27,wk inc flu hosp,0,50,quantile,0.3,44,2027-02-27
2027-02-27,wk inc flu hosp,0,50,quantile,0.35,46,2027-02-27
2027-02-27,wk inc flu hosp,0,50,quantile,0.4,47,2027-02-27
2027-02-27,wk inc flu hosp,0,50,quantile,0.45,48,2027-02-27
2027-02-27,wk inc flu hosp,0,50,quantile,0.5,49,2027-02-27
2027-02-27,wk inc flu hosp,0,50,quantile,0.55,50,2027-02-27
2027-02-27,wk inc flu hosp,0,50,quantile,0.6,52,2027-02-27
2027-02-27,wk inc flu hosp,0,50,quantile,0.65,53,2027-02-27
2027-02-27,wk inc flu hosp,0,50,quantile,0.7,54,2027-02-27
2027-02-27,wk inc flu hosp,0,50,quantile,0.75,56,2027-02-27
2027-02-27,wk inc flu hosp,0,50,quantile,0.8,59,2027-02-27
2027-02-27,wk inc flu hosp,0,50,quantile,0.85,61,2027-02-27
2027-02-27,wk inc flu hosp,0,50,quantile,0.9,63,2027-02-27
2027-02-27,wk inc flu hosp,0,50,quantile,0.95,70,2027-02-27
2027-02-27,wk inc flu hosp,0,50,quantile,0.975,74,2027-02-27
2027-02-27,wk inc flu hosp,0,50,quantile,0.99,83,2027-02-27
2027-02-27,wk inc flu hosp,0,51,quantile,0.01,454,2027-02-27
2027-02-27,wk inc flu hosp,0,51,quantile,0.025,474,2027-02-27
2027-02-27,wk inc flu hosp,0,51,quantile,0.05,494,2027-02-27
2027-02-27,wk inc flu hosp,0,51,quantile,0.1,518,2027-02-27
2027-02-27,wk inc flu hosp,0,51,quantile,0.15,535,2027-02-27
2027-02-27,wk inc flu hosp,0,51,quantile,0.2,548,2027-02-27
2027-02-27,wk inc flu hosp,0,51,quantile,0.25,554,2027-02-27
2027-02-27,wk inc flu hosp,0,51,quantile,0.3,574,2027-02-27
2027-02-27,wk inc flu hosp,0,51,quantile,0.35,583,2027-02-27
2027-02-27,wk inc flu hosp,0,51,quantile,0.4,594,2027-02-27
2027-02-27,wk inc flu hosp,0,51,quantile,0.45,609,2027-02-27
2027-02-27,wk inc flu hosp,0,51,quantile,0.5,618,2027-02-27
2027-02-27,wk inc flu hosp,0,51,quantile,0.55,629,2027-02-27
2027-02-27,wk inc flu hosp,0,51,quantile,0.6,645,2027-02-27
2027-02-27,wk inc flu hosp,0,51,quantile,0.65,654,2027-02-27
2027-02-27,wk inc flu hosp,0,51,quantile,0.7,658,2027-02-27
2027-02-27,wk inc flu hosp,0,51,quantile,0.75,668,2027-02-27
2027-02-27,wk inc flu hosp,0,51,quantile,0.8,686,2027-02-27
2027-02-27,wk inc flu hosp,0,51,quantile,0.85,707,2027-02-27
2027-02-27,wk inc flu hosp,0,51,quantile,0.9,739,2027-02-27
2027-02-27,wk inc flu hosp,0,51,quantile,0.95,763,2027-02-27
2027-02-27,wk inc flu hosp,0,51,quantile,0.975,794,2027-02-27
2027-02-27,wk inc flu hosp,0,51,quantile,0.99,805,2027-02-27
2027-02-27,wk inc flu hosp,0,53,quantile,0.01,247,2027-02-27
2027-02-27,wk inc flu hosp,0,53,quantile,0.025,251,2027-02-27
2027-02-27,wk inc flu hosp,0,53,quantile,0.05,261,2027-02-27
2027-02-27,wk inc flu hosp,0,53,quantile,0.1,280,2027-02-27
2027-02-27,wk inc flu hosp,0,53,quantile,0.15,285,2027-02-27
2027-02-27,wk inc flu hosp,0,53,quantile,0.2,301,2027-02-27
2027-02-27,wk inc flu hosp,0,53,quantile,0.25,304,2027-02-27
2027-02-27,wk inc flu hosp,0,53,quantile,0.3,310,2027-02-27
2027-02-27,wk inc flu hosp,0,53,quantile,0.35,319,2027-02-27
2027-02-27,wk inc flu hosp,0,53,quantile,0.4,324,2027-02-27
2027-02-27,wk inc flu hosp,0,53,quantile,0.45,331,2027-02-27
2027-02-27,wk inc flu hosp,0,53,quantile,0.5,336,2027-02-27
2027-02-27,wk inc flu hosp,0,53,quantile,0.55,342,2027-02-27
2027-02-27,wk inc flu hosp,0,53,quantile,0.6,351,2027-02-27
2027-02-27,wk inc flu hosp,0,53,quantile,0.65,358,2027-02-27
2027-02-27,wk inc flu hosp,0,53,quantile,0.7,365,2027-02-27
2027-02-27,wk inc flu hosp,0,53,quantile,0.75,373,2027-02-27
2027-02-27,wk inc flu hosp,0,53,quantile,0.8,378,2027-02-27
2027-02-27,wk inc flu hosp,0,53,quantile,0.85,386,2027-02-27
2027-02-27,wk inc flu hosp,0,53,quantile,0.9,398,2027-02-27
2027-02-27,wk inc flu hosp,0,53,quantile,0.95,417,2027-02-27
2027-02-27,wk inc flu hosp,0,53,quantile,0.975,442,2027-02-27
2027-02-27,wk inc flu hosp,0,53,quantile,0.99,447,2027-02-27
2027-02-27,wk inc flu hosp,0,54,quantile,0.01,280,2027-02-27
2027-02-27,wk inc flu hosp,0,54,quantile,0.025,288,2027-02-27
2027-02-27,wk inc flu hosp,0,54,quantile,0.05,304,2027-02-27
2027-02-27,wk inc flu hosp,0,54,quantile,0.1,326,2027-02-27
2027-02-27,wk inc flu hosp,0,54,quantile,0.15,334,2027-02-27
2027-02-27,wk inc flu hosp,0,54,quantile,0.2,348,2027-02-27
2027-02-27,wk inc flu hosp,0,54,quantile,0.25,354,2027-02-27
2027-02-27,wk inc flu hosp,0,54,quantile,0.3,360,2027-02-27
2027-02-27,wk inc flu hosp,0,54,quantile,0.35,366,2027-02-27
2027-02-27,wk inc flu hosp,0,54,quantile,0.4,373,2027-02-27
2027-02-27,wk inc flu hosp,0,54,quantile,0.45,379,2027-02-27
2027-02-27,wk inc flu hosp,0,54,quantile,0.5,384,2027-02-27
2027-02-27,wk inc flu hosp,0,54,quantile,0.55,389,2027-02-27
2027-02-27,wk inc flu hosp,0,54,quantile,0.6,395,2027-02-27
2027-02-27,wk inc flu hosp,0,54,quantile,0.65,399,2027-02-27
2027-02-27,wk inc flu hosp,0,54,quantile,0.7,407,2027-02-27
2027-02-27,wk inc flu hosp,0,54,quantile,0.75,416,2027-02-27
2027-02-27,wk inc flu hosp,0,54,quantile,0.8,421,2027-02-27
2027-02-27,wk inc flu hosp,0,54,quantile,0.85,427,2027-02-27
2027-02-27,wk inc flu hosp,0,54,quantile,0.9,433,2027-02-27
2027-02-27,wk inc flu hosp,0,54,quantile,0.95,454,2027-02-27
2027-02-27,wk inc flu hosp,0,54,quantile,0.975,480,2027-02-27
2027-02-27,wk inc flu hosp,0,54,quantile,0.99,533,2027-02-27
2027-02-27,wk inc flu hosp,0,55,quantile,0.01,468,2027-02-27
2027-02-27,wk inc flu hosp,0,55,quantile,0.025,482,2027-02-27
2027-02-27,wk inc flu hosp,0,55,quantile,0.05,490,2027-02-27
2027-02-27,wk inc flu hosp,0,55,quantile,0.1,526,2027-02-27
2027-02-27,wk inc flu hosp,0,55,quantile,0.15,542,2027-02-27
2027-02-27,wk inc flu hosp,0,55,quantile,0.2,550,2027-02-27
2027-02-27,wk inc flu hosp,0,55,quantile,0.25,554,2027-02-27
2027-02-27,wk inc flu hosp,0,55,quantile,0.3,568,2027-02-27
2027-02-27,wk inc flu hosp,0,55,quantile,0.35,579,2027-02-27
2027-02-27,wk inc flu hosp,0,55,quantile,0.4,581,2027-02-27
2027-02-27,wk inc flu hosp,0,55,quantile,0.45,591,2027-02-27
2027-02-27,wk inc flu hosp,0,55,quantile,0.5,598,2027-02-27
2027-02-27,wk inc flu hosp,0,55,quantile,0.55,616,2027-02-27
2027-02-27,wk inc flu hosp,0,55,quantile,0.6,628,2027-02-27
2027-02-27,wk inc flu hosp,0,55,quantile,0.65,632,2027-02-27
2027-02-27,wk inc flu hosp,0,55,quantile,0.7,645,2027-02-27
2027-02-27,wk inc flu hosp,0,55,quantile,0.75,656,2027-02-27
2027-02-27,wk inc flu hosp,0,55,quantile,0.8,670,2027-02-27
2027-02-27,wk inc flu hosp,0,55,quantile,0.85,684,2027-02-27
2027-02-27,wk inc flu hosp,0,55,quantile,0.9,700,2027-02-27
2027-02-27,wk inc flu hosp,0,55,quantile,0.95,721,2027-02-27
2027-02-27,wk inc flu hosp,0,55,quantile,0.975,735,2027-02-27
2027-02-27,wk inc flu hosp,0,55,quantile,0.99,807,2027-02-27
2027-02-27,wk inc flu hosp,0,56,quantile,0.01,23,2027-02-27
2027-02-27,wk inc flu hosp,0,56,quantile,0.025,28,2027-02-27
2027-02-27,wk inc flu hosp,0,56,quantile,0.05,30,2027-02-27
2027-02-27,wk inc flu hosp,0,56,quantile,0.1,33,2027-02-27
2027-02-27,wk inc flu hosp,0,56,quantile,0.15,35,2027-02-27
2027-02-27,wk inc flu hosp,0,56,quantile,0.2,37,2027-02-27
2027-02-27,wk inc flu hosp,0,56,quantile,0.25,38,2027-02-27
2027-02-27,wk inc flu hosp,0,56,quantile,0.3,40,2027-02-27
2027-02-27,wk inc flu hosp,0,56,quantile,0.35,41,2027-02-27
2027-02-27,wk inc flu hosp,0,56,quantile,0.4,42,2027-02-27
2027-02-27,wk inc flu hosp,0,56,quantile,0.45,43,2027-02-27
2027-02-27,wk inc flu hosp,0,56,quantile,0.5,45,2027-02-27
2027-02-27,wk inc flu hosp,0,56,quantile,0.55,46,2027-02-27
2027-02-27,wk inc flu hosp,0,56,quantile,0.6,48,2027-02-27
2027-02-27,wk inc flu hosp,0,56,quantile,0.65,49,2027-02-27
2027-02-27,wk inc flu hosp,0,56,quantile,0.7,51,2027-02-27
2027-02-27,wk inc flu hosp,0,56,quantile,0.75,52,2027-02-27
2027-02-27,wk inc flu hosp,0,56,quantile,0.8,53,2027-02-27
2027-02-27,wk inc flu hosp,0,56,quantile,0.85,57,2027-02-27
2027-02-27,wk inc flu hosp,0,56,quantile,0.9,60,2027-02-27
2027-02-27,wk inc flu hosp,0,56,quantile,0.95,65,2027-02-27
2027-02-27,wk inc flu hosp,0,56,quantile,0.975,68,2027-02-27
2027-02-27,wk inc flu hosp,0,56,quantile,0.99,77,2027-02-27
2027-02-27,wk inc flu hosp,0,72,quantile,0.01,148,2027-02-27
2027-02-27,wk inc flu hosp,0,72,quantile,0.025,150,2027-02-27
2027-02-27,wk inc flu hosp,0,72,quantile,0.05,161,2027-02-27
2027-02-27,wk inc flu hosp,0,72,quantile,0.1,177,2027-02-27
2027-02-27,wk inc flu hosp,0,72,quantile,0.15,190,2027-02-27
2027-02-27,wk inc flu hosp,0,72,quantile,0.2,197,2027-02-27
2027-02-27,wk inc flu hosp,0,72,quantile,0.25,204,2027-02-27
2027-02-27,wk inc flu hosp,0,72,quantile,0.3,209,2027-02-27
2027-02-27,wk inc flu hosp,0,72,quantile,0.35,215,2027-02-27
2027-02-27,wk inc flu hosp,0,72,quantile,0.4,219,2027-02-27
2027-02-27,wk inc flu hosp,0,72,quantile,0.45,224,2027-02-27
2027-02-27,wk inc flu hosp,0,72,quantile,0.5,228,2027-02-27
2027-02-27,wk inc flu hosp,0,72,quantile,0.55,234,2027-02-27
2027-02-27,wk inc flu hosp,0,72,quantile,0.6,241,2027-02-27
2027-02-27,wk inc flu hosp,0,72,quantile,0.65,248,2027-02-27
2027-02-27,wk inc flu hosp,0,72,quantile,0.7,253,2027-02-27
2027-02-27,wk inc flu hosp,0,72,quantile,0.75,258,2027-02-27
2027-02-27,wk inc flu hosp,0,72,quantile,0.8,267,2027-02-27
2027-02-27,wk inc flu hosp,0,72,quantile,0.85,285,2027-02-27
2027-02-27,wk inc flu hosp,0,72,quantile,0.9,304,2027-02-27
2027-02-27,wk inc flu hosp,0,72,quantile,0.95,317,2027-02-27
2027-02-27,wk inc flu hosp,0,72,quantile,0.975,326,2027-02-27
2027-02-27,wk inc flu hosp,0,72,quantile,0.99,341,2027-02-27
2027-02-27,wk inc flu hosp,0,USA,quantile,0.01,24130,2027-02-27
2027-02-27,wk inc flu hosp,0,USA,quantile,0.025,24430,2027-02-27
2027-02-27,wk inc flu hosp,0,USA,quantile,0.05,24655,2027-02-27
2027-02-27,wk inc flu hosp,0,USA,quantile,0.1,24885,2027-02-27
2027-02-27,wk inc flu hosp,0,USA,quantile,0.15,25104,2027-02-27
2027-02-27,wk inc flu hosp,0,USA,quantile,0.2,25237,2027-02-27
2027-02-27,wk inc flu hosp,0,USA,quantile,0.25,25404,2027-02-27
2027-02-27,wk inc flu hosp,0,USA,quantile,0.3,25502,2027-02-27
2027-02-27,wk inc flu hosp,0,USA,quantile,0.35,25585,2027-02-27
2027-02-27,wk inc flu hosp,0,USA,quantile,0.4,25674,2027-02-27
2027-02-27,wk inc flu hosp,0,USA,quantile,0.45,25880,2027-02-27
2027-02-27,wk inc flu hosp,0,USA,quantile,0.5,25948,2027-02-27
2027-02-27,wk inc flu hosp,0,USA,quantile,0.55,26067,2027-02-27
2027-02-27,wk inc flu hosp,0,USA,quantile,0.6,26162,2027-02-27
2027-02-27,wk inc flu hosp,0,USA,quantile,0.65,26294,2027-02-27
2027-02-27,wk inc flu hosp,0,USA,quantile,0.7,26387,2027-02-27
2027-02-27,wk inc flu hosp,0,USA,quantile,0.75,26514,2027-02-27
2027-02-27,wk inc flu hosp,0,USA,quantile,0.8,26683,2027-02-27
2027-02-27,wk inc flu hosp,0,USA,quantile,0.85,26829,2027-02-27
2027-02-27,wk inc flu hosp,0,USA,quantile,0.9,27283,2027-02-27
2027-02-27,wk inc flu hosp,0,USA,quantile,0.95,27492,2027-02-27
2027-02-27,wk inc flu hosp,0,USA,quantile,0.975,28383,2027-02-27
2027-02-27,wk inc flu hosp,0,USA,quantile,0.99,29255,2027-02-27
2027-02-27,wk inc flu hosp,1,01,quantile,0.01,148,2027-03-06
2027-02-27,wk inc flu hosp,1,01,quantile,0.025,173,2027-03-06
2027-02-27,wk inc flu hosp,1,01,quantile,0.05,184,2027-03-06
2027-02-27,wk inc flu hosp,1,01,quantile,0.1,197,2027-03-06
2027-02-27,wk inc flu hosp,1,01,quantile,0.15,206,2027-03-06
2027-02-27,wk inc flu hosp,1,01,quantile,0.2,222,2027-03-06
2027-02-27,wk inc flu hosp,1,01,quantile,0.25,232,2027-03-06
2027-02-27,wk inc flu hosp,1,01,quantile,0.3,238,2027-03-06
2027-02-27,wk inc flu hosp,1,01,quantile,0.35,247,2027-03-06
2027-02-27,wk inc flu hosp,1,01,quantile,0.4,252,2027-03-06
2027-02-27,wk inc flu hosp,1,01,quantile,0.45,259,2027-03-06
2027-02-27,wk inc flu hosp,1,01,quantile,0.5,265,2027-03-06
2027-02-27,wk inc flu hosp,1,01,quantile,0.55,270,2027-03-06
2027-02-27,wk inc flu hosp,1,01,quantile,0.6,276,2027-03-06
2027-02-27,wk inc flu hosp,1,01,quantile,0.65,279,2027-03-06
2027-02-27,wk inc flu hosp,1,01,quantile,0.7,288,2027-03-06
2027-02-27,wk inc flu hosp,1,01,quantile,0.75,299,2027-03-06
2027-02-27,wk inc flu hosp,1,01,quantile,0.8,316,2027-03-06
2027-02-27,wk inc flu hosp,1,01,quantile,0.85,329,2027-03-06
2027-02-27,wk inc flu hosp,1,01,quantile,0.9,357,2027-03-06
2027-02-27,wk inc flu hosp,1,01,quantile,0.95,377,2027-03-06
2027-02-27,wk inc flu hosp,1,01,quantile,0.975,417,2027-03-06
2027-02-27,wk inc flu hosp,1,01,quantile,0.99,449,2027-03-06
2027-02-27,wk inc flu hosp,1,02,quantile,0.01,18,2027-03-06
2027-02-27,wk inc flu hosp,1,02,quantile,0.025,24,2027-03-06
2027-02-27,wk inc flu hosp,1,02,quantile,0.05,26,2027-03-06
2027-02-27,wk inc flu hosp,1,02,quantile,0.1,30,2027-03-06
2027-02-27,wk inc flu hosp,1,02,quantile,0.15,33,2027-03-06
2027-02-27,wk inc flu hosp,1,02,quantile,0.2,37,2027-03-06
2027-02-27,wk inc flu hosp,1,02,quantile,0.25,41,2027-03-06
2027-02-27,wk inc flu hosp,1,02,quantile,0.3,46,2027-03-06
2027-02-27,wk inc flu hosp,1,02,quantile,0.35,50,2027-03-06
2027-02-27,wk inc flu hosp,1,02,quantile,0.4,52,2027-03-06
2027-02-27,wk inc flu hosp,1,02,quantile,0.45,54,2027-03-06
2027-02-27,wk inc flu hosp,1,02,quantile,0.5,55,2027-03-06
2027-02-27,wk inc flu hosp,1,02,quantile,0.55,60,2027-03-06
2027-02-27,wk inc flu hosp,1,02,quantile,0.6,62,2027-03-06
2027-02-27,wk inc flu hosp,1,02,quantile,0.65,66,2027-03-06
2027-02-27,wk inc flu hosp,1,02,quantile,0.7,69,2027-03-06
2027-02-27,wk inc flu hosp,1,02,quantile,0.75,74,2027-03-06
2027-02-27,wk inc flu hosp,1,02,quantile,0.8,80,2027-03-06
2027-02-27,wk inc flu hosp,1,02,quantile,0.85,88,2027-03-06
2027-02-27,wk inc flu hosp,1,02,quantile,0.9,93,2027-03-06
2027-02-27,wk inc flu hosp,1,02,quantile,0.95,113,2027-03-06
2027-02-27,wk inc flu hosp,1,02,quantile,0.975,127,2027-03-06
2027-02-27,wk inc flu hosp,1,02,quantile,0.99,146,2027-03-06
2027-02-27,wk inc flu hosp,1,04,quantile,0.01,307,2027-03-06
2027-02-27,wk inc flu hosp,1,04,quantile,0.025,317,2027-03-06
2027-02-27,wk inc flu hosp,1,04,quantile,0.05,346,2027-03-06
2027-02-27,wk inc flu hosp,1,04,quantile,0.1,389,2027-03-06
2027-02-27,wk inc flu hosp,1,04,quantile,0.15,425,2027-03-06
2027-02-27,wk inc flu hosp,1,04,quantile,0.2,455,2027-03-06
2027-02-27,wk inc flu hosp,1,04,quantile,0.25,463,2027-03-06
2027-02-27,wk inc flu hosp,1,04,quantile,0.3,470,2027-03-06
2027-02-27,wk inc flu hosp,1,04,quantile,0.35,497,2027-03-06
2027-02-27,wk inc flu hosp,1,04,quantile,0.4,511,2027-03-06
2027-02-27,wk inc flu hosp,1,04,quantile,0.45,518,2027-03-06
2027-02-27,wk inc flu hosp,1,04,quantile,0.5,532,2027-03-06
2027-02-27,wk inc flu hosp,1,04,quantile,0.55,546,2027-03-06
2027-02-27,wk inc flu hosp,1,04,quantile,0.6,563,2027-03-06
2027-02-27,wk inc flu hosp,1,04,quantile,0.65,585,2027-03-06
2027-02-27,wk inc flu hosp,1,04,quantile,0.7,595,2027-03-06
2027-02-27,wk inc flu hosp,1,04,quantile,0.75,616,2027-03-06
2027-02-27,wk inc flu hosp,1,04,quantile,0.8,623,2027-03-06
2027-02-27,wk inc flu hosp,1,04,quantile,0.85,652,2027-03-06
2027-02-27,wk inc flu hosp,1,04,quantile,0.9,682,2027-03-06
2027-02-27,wk inc flu hosp,1,04,quantile,0.95,747,2027-03-06
2027-02-27,wk inc flu hosp,1,04,quantile,0.975,787,2027-03-06
2027-02-27,wk inc flu hosp,1,04,quantile,0.99,842,2027-03-06
2027-02-27,wk inc flu hosp,1,05,quantile,0.01,252,2027-03-06
2027-02-27,wk inc flu hosp,1,05,quantile,0.025,259,2027-03-06
2027-02-27,wk inc flu hosp,1,05,quantile,0.05,272,2027-03-06
2027-02-27,wk inc flu hosp,1,05,quantile,0.1,281,2027-03-06
2027-02-27,wk inc flu hosp,1,05,quantile,0.15,303,2027-03-06
2027-02-27,wk inc flu hosp,1,05,quantile,0.2,313,2027-03-06
2027-02-27,wk inc flu hosp,1,05,quantile,0.25,318,2027-03-06
2027-02-27,wk inc flu hosp,1,05,quantile,0.3,321,2027-03-06
2027-02-27,wk inc flu hosp,1,05,quantile,0.35,331,2027-03-06
2027-02-27,wk inc flu hosp,1,05,quantile,0.4,341,2027-03-06
2027-02-27,wk inc flu hosp,1,05,quantile,0.45,349,2027-03-06
2027-02-27,wk inc flu hosp,1,05,quantile,0.5,358,2027-03-06
2027-02-27,wk inc flu hosp,1,05,quantile,0.55,364,2027-03-06
2027-02-27,wk inc flu hosp,1,05,quantile,0.6,373,2027-03-06
2027-02-27,wk inc flu hosp,1,05,quantile,0.65,388,2027-03-06
2027-02-27,wk inc flu hosp,1,05,quantile,0.7,402,2027-03-06
2027-02-27,wk inc flu hosp,1,05,quantile,0.75,413,2027-03-06
2027-02-27,wk inc flu hosp,1,05,quantile,0.8,428,2027-03-06
2027-02-27,wk inc flu hosp,1,05,quantile,0.85,441,2027-03-06
2027-02-27,wk inc flu hosp,1,05,quantile,0.9,478,2027-03-06
2027-02-27,wk inc flu hosp,1,05,quantile,0.95,499,2027-03-06
2027-02-27,wk inc flu hosp,1,05,quantile,0.975,547,2027-03-06
2027-02-27,wk inc flu hosp,1,05,quantile,0.99,576,2027-03-06
2027-02-27,wk inc flu hosp,1,06,quantile,0.01,765,2027-03-06
2027-02-27,wk inc flu hosp,1,06,quantile,0.025,798,2027-03-06
2027-02-27,wk inc flu hosp,1,06,quantile,0.05,872,2027-03-06
2027-02-27,wk inc flu hosp,1,06,quantile,0.1,957,2027-03-06
2027-02-27,wk inc flu hosp,1,06,quantile,0.15,992,2027-03-06
2027-02-27,wk inc flu hosp,1,06,quantile,0.2,1037,2027-03-06
2027-02-27,wk inc flu hosp,1,06,quantile,0.25,1070,2027-03-06
2027-02-27,wk inc flu hosp,1,06,quantile,0.3,1106,2027-03-06
2027-02-27,wk inc flu hosp,1,06,quantile,0.35,1135,2027-03-06
2027-02-27,wk inc flu hosp,1,06,quantile,0.4,1150,2027-03-06
2027-02-27,wk inc flu hosp,1,06,quantile,0.45,1163,2027-03-06
2027-02-27,wk inc flu hosp,1,06,quantile,0.5,1182,2027-03-06
2027-02-27,wk inc flu hosp,1,06,quantile,0.55,1195,2027-03-06
2027-02-27,wk inc flu hosp,1,06,quantile,0.6,1222,2027-03-06
2027-02-27,wk inc flu hosp,1,06,quantile,0.65,1270,2027-03-06
2027-02-27,wk inc flu hosp,1,06,quantile,0.7,1295,2027-03-06
2027-02-27,wk inc flu hosp,1,06,quantile,0.75,1323,2027-03-06
2027-02-27,wk inc flu hosp,1,06,quantile,0.8,1366,2027-03-06
2027-02-27,wk inc flu hosp,1,06,quantile,0.85,1418,2027-03-06
2027-02-27,wk inc flu hosp,1,06,quantile,0.9,1503,2027-03-06
2027-02-27,wk inc flu hosp,1,06,quantile,0.95,1593,2027-03-06
2027-02-27,wk inc flu hosp,1,06,quantile,0.975,1728,2027-03-06
2027-02-27,wk inc flu hosp,1,06,quantile,0.99,1769,2027-03-06
2027-02-27,wk inc flu hosp,1,08,quantile,0.01,202,2027-03-06
2027-02-27,wk inc flu hosp,1,08,quantile,0.025,206,2027-03-06
2027-02-27,wk inc flu hosp,1,08,quantile,0.05,221,2027-03-06
2027-02-27,wk inc flu hosp,1,08,quantile,0.1,232,2027-03-06
2027-02-27,wk inc flu hosp,1,08,quantile,0.15,239,2027-03-06
2027-02-27,wk inc flu hosp,1,08,quantile,0.2,251,2027-03-06
2027-02-27,wk inc flu hosp,1,08,quantile,0.25,260,2027-03-06
2027-02-27,wk inc flu hosp,1,08,quantile,0.3,263,2027-03-06
2027-02-27,wk inc flu hosp,1,08,quantile,0.35,272,2027-03-06
2027-02-27,wk inc flu hosp,1,08,quantile,0.4,278,2027-03-06
2027-02-27,wk inc flu hosp,1,08,quantile,0.45,281,2027-03-06
2027-02-27,wk inc flu hosp,1,08,quantile,0.5,288,2027-03-06
2027-02-27,wk inc flu hosp,1,08,quantile,0.55,292,2027-03-06
2027-02-27,wk inc flu hosp,1,08,quantile,0.6,299,2027-03-06
2027-02-27,wk inc flu hosp,1,08,quantile,0.65,304,2027-03-06
2027-02-27,wk inc flu hosp,1,08,quantile,0.7,310,2027-03-06
2027-02-27,wk inc flu hosp,1,08,quantile,0.75,317,2027-03-06
2027-02-27,wk inc flu hosp,1,08,quantile,0.8,324,2027-03-06
2027-02-27,wk inc flu hosp,1,08,quantile,0.85,330,2027-03-06
2027-02-27,wk inc flu hosp,1,08,quantile,0.9,344,2027-03-06
2027-02-27,wk inc flu hosp,1,08,quantile,0.95,378,2027-03-06
2027-02-27,wk inc flu hosp,1,08,quantile,0.975,405,2027-03-06
2027-02-27,wk inc flu hosp,1,08,quantile,0.99,415,2027-03-06
2027-02-27,wk inc flu hosp,1,09,quantile,0.01,145,2027-03-06
2027-02-27,wk inc flu hosp,1,09,quantile,0.025,174,2027-03-06
2027-02-27,wk inc flu hosp,1,09,quantile,0.05,183,2027-03-06
2027-02-27,wk inc flu hosp,1,09,quantile,0.1,195,2027-03-06
2027-02-27,wk inc flu hosp,1,09,quantile,0.15,212,2027-03-06
2027-02-27,wk inc flu hosp,1,09,quantile,0.2,221,2027-03-06
2027-02-27,wk inc flu hosp,1,09,quantile,0.25,228,2027-03-06
2027-02-27,wk inc flu hosp,1,09,quantile,0.3,236,2027-03-06
2027-02-27,wk inc flu hosp,1,09,quantile,0.35,246,2027-03-06
2027-02-27,wk inc flu hosp,1,09,quantile,0.4,252,2027-03-06
2027-02-27,wk inc flu hosp,1,09,quantile,0.45,258,2027-03-06
2027-02-27,wk inc flu hosp,1,09,quantile,0.5,264,2027-03-06
2027-02-27,wk inc flu hosp,1,09,quantile,0.55,275,2027-03-06
2027-02-27,wk inc flu hosp,1,09,quantile,0.6,285,2027-03-06
2027-02-27,wk inc flu hosp,1,09,quantile,0.65,294,2027-03-06
2027-02-27,wk inc flu hosp,1,09,quantile,0.7,301,2027-03-06
2027-02-27,wk inc flu hosp,1,09,quantile,0.75,310,2027-03-06
2027-02-27,wk inc flu hosp,1,09,quantile,0.8,322,2027-03-06
2027-02-27,wk inc flu hosp,1,09,quantile,0.85,344,2027-03-06
2027-02-27,wk inc flu hosp,1,09,quantile,0.9,360,2027-03-06
2027-02-27,wk inc flu hosp,1,09,quantile,0.95,391,2027-03-06
2027-02-27,wk inc flu hosp,1,09,quantile,0.975,418,2027-03-06
2027-02-27,wk inc flu hosp,1,09,quantile,0.99,446,2027-03-06
2027-02-27,wk inc flu hosp,1,10,quantile,0.01,33,2027-03-06
2027-02-27,wk inc flu hosp,1,10,quantile,0.025,41,2027-03-06
2027-02-27,wk inc flu hosp,1,10,quantile,0.05,47,2027-03-06
2027-02-27,wk inc flu hosp,1,10,quantile,0.1,52,2027-03-06
2027-02-27,wk inc flu hosp,1,10,quantile,0.15,56,2027-03-06
2027-02-27,wk inc flu hosp,1,10,quantile,0.2,59,2027-03-06
2027-02-27,wk inc flu hosp,1,10,quantile,0.25,64,2027-03-06
2027-02-27,wk inc flu hosp,1,10,quantile,0.3,66,2027-03-06
2027-02-27,wk inc flu hosp,1,10,quantile,0.35,70,2027-03-06
2027-02-27,wk inc flu hosp,1,10,quantile,0.4,72,2027-03-06
2027-02-27,wk inc flu hosp,1,10,quantile,0.45,75,2027-03-06
2027-02-27,wk inc flu hosp,1,10,quantile,0.5,78,2027-03-06
2027-02-27,wk inc flu hosp,1,10,quantile,0.55,81,2027-03-06
2027-02-27,wk inc flu hosp,1,10,quantile,0.6,83,2027-03-06
2027-02-27,wk inc flu hosp,1,10,quantile,0.65,85,2027-03-06
2027-02-27,wk inc flu hosp,1,10,quantile,0.7,87,2027-03-06
2027-02-27,wk inc flu hosp,1,10,quantile,0.75,92,2027-03-06
2027-02-27,wk inc flu hosp,1,10,quantile,0.8,98,2027-03-06
2027-02-27,wk inc flu hosp,1,10,quantile,0.85,100,2027-03-06
2027-02-27,wk inc flu hosp,1,10,quantile,0.9,104,2027-03-06
2027-02-27,wk inc flu hosp,1,10,quantile,0.95,112,2027-03-06
2027-02-27,wk inc flu hosp,1,10,quantile,0.975,120,2027-03-06
2027-02-27,wk inc flu hosp,1,10,quantile,0.99,124,2027-03-06
2027-02-27,wk inc flu hosp,1,11,quantile,0.01,59,2027-03-06
2027-02-27,wk inc flu hosp,1,11,quantile,0.025,64,2027-03-06
2027-02-27,wk inc flu hosp,1,11,quantile,0.05,69,2027-03-06
2027-02-27,wk inc flu hosp,1,11,quantile,0.1,80,2027-03-06
2027-02-27,wk inc flu hosp,1,11,quantile,0.15,86,2027-03-06
2027-02-27,wk inc flu hosp,1,11,quantile,0.2,90,2027-03-06
2027-02-27,wk inc flu hosp,1,11,quantile,0.25,94,2027-03-06
2027-02-27,wk inc flu hosp,1,11,quantile,0.3,98,2027-03-06
2027-02-27,wk inc flu hosp,1,11,quantile,0.35,103,2027-03-06
2027-02-27,wk inc flu hosp,1,11,quantile,0.4,108,2027-03-06
2027-02-27,wk inc flu hosp,1,11,quantile,0.45,112,2027-03-06
2027-02-27,wk inc flu hosp,1,11,quantile,0.5,118,2027-03-06
2027-02-27,wk inc flu hosp,1,11,quantile,0.55,123,2027-03-06
2027-02-27,wk inc flu hosp,1,11,quantile,0.6,129,2027-03-06
2027-02-27,wk inc flu hosp,1,11,quantile,0.65,137,2027-03-06
2027-02-27,wk inc flu hosp,1,11,quantile,0.7,149,2027-03-06
2027-02-27,wk inc flu hosp,1,11,quantile,0.75,155,2027-03-06
2027-02-27,wk inc flu hosp,1,11,quantile,0.8,169,2027-03-06
2027-02-27,wk inc flu hosp,1,11,quantile,0.85,186,2027-03-06
2027-02-27,wk inc flu hosp,1,11,quantile,0.9,213,2027-03-06
2027-02-27,wk inc flu hosp,1,11,quantile,0.95,232,2027-03-06
2027-02-27,wk inc flu hosp,1,11,quantile,0.975,253,2027-03-06
2027-02-27,wk inc flu hosp,1,11,quantile,0.99,260,2027-03-06
2027-02-27,wk inc flu hosp,1,12,quantile,0.01,898,2027-03-06
2027-02-27,wk inc flu hosp,1,12,quantile,0.025,918,2027-03-06
2027-02-27,wk inc flu hosp,1,12,quantile,0.05,977,2027-03-06
2027-02-27,wk inc flu hosp,1,12,quantile,0.1,1042,2027-03-06
2027-02-27,wk inc flu hosp,1,12,quantile,0.15,1112,2027-03-06
2027-02-27,wk inc flu hosp,1,12,quantile,0.2,1162,2027-03-06
2027-02-27,wk inc flu hosp,1,12,quantile,0.25,1210,2027-03-06
2027-02-27,wk inc flu hosp,1,12,quantile,0.3,1229,2027-03-06
2027-02-27,wk inc flu hosp,1,12,quantile,0.35,1253,2027-03-06
2027-02-27,wk inc flu hosp,1,12,quantile,0.4,1288,2027-03-06
2027-02-27,wk inc flu hosp,1,12,quantile,0.45,1312,2027-03-06
2027-02-27,wk inc flu hosp,1,12,quantile,0.5,1340,2027-03-06
2027-02-27,wk inc flu hosp,1,12,quantile,0.55,1360,2027-03-06
2027-02-27,wk inc flu hosp,1,12,quantile,0.6,1388,2027-03-06
2027-02-27,wk inc flu hosp,1,12,quantile,0.65,1432,2027-03-06
2027-02-27,wk inc flu hosp,1,12,quantile,0.7,1465,2027-03-06
2027-02-27,wk inc flu hosp,1,12,quantile,0.75,1505,2027-03-06
2027-02-27,wk inc flu hosp,1,12,quantile,0.8,1538,2027-03-06
2027-02-27,wk inc flu hosp,1,12,quantile,0.85,1609,2027-03-06
2027-02-27,wk inc flu hosp,1,12,quantile,0.9,1680,2027-03-06
2027-02-27,wk inc flu hosp,1,12,quantile,0.95,1749,2027-03-06
2027-02-27,wk inc flu hosp,1,12,quantile,0.975,1858,2027-03-06
2027-02-27,wk inc flu hosp,1,12,quantile,0.99,2034,2027-03-06
2027-02-27,wk inc flu hosp,1,13,quantile,0.01,254,2027-03-06
2027-02-27,wk inc flu hosp,1,13,quantile,0.025,262,2027-03-06
2027-02-27,wk inc flu hosp,1,13,quantile,0.05,279,2027-03-06
2027-02-27,wk inc flu hosp,1,13,quantile,0.1,311,2027-03-06
2027-02-27,wk inc flu hosp,1,13,quantile,0.15,326,2027-03-06
2027-02-27,wk inc flu hosp,1,13,quantile,0.2,336,2027-03-06
2027-02-27,wk inc flu hosp,1,13,quantile,0.25,344,2027-03-06
2027-02-27,wk inc flu hosp,1,13,quantile,0.3,359,2027-03-06
2027-02-27,wk inc flu hosp,1,13,quantile,0.35,368,2027-03-06
2027-02-27,wk inc flu hosp,1,13,quantile,0.4,384,2027-03-06
2027-02-27,wk inc flu hosp,1,13,quantile,0.45,396,2027-03-06
2027-02-27,wk inc flu hosp,1,13,quantile,0.5,415,2027-03-06
2027-02-27,wk inc flu hosp,1,13,quantile,0.55,431,2027-03-06
2027-02-27,wk inc flu hosp,1,13,quantile,0.6,440,2027-03-06
2027-02-27,wk inc flu hosp,1,13,quantile,0.65,449,2027-03-06
2027-02-27,wk inc flu hosp,1,13,quantile,0.7,461,2027-03-06
2027-02-27,wk inc flu hosp,1,13,quantile,0.75,472,2027-03-06
2027-02-27,wk inc flu hosp,1,13,quantile,0.8,491,2027-03-06
2027-02-27,wk inc flu hosp,1,13,quantile,0.85,531,2027-03-06
2027-02-27,wk inc flu hosp,1,13,quantile,0.9,565,2027-03-06
2027-02-27,wk inc flu hosp,1,13,quantile,0.95,603,2027-03-06
2027-02-27,wk inc flu hosp,1,13,quantile,0.975,626,2027-03-06
2027-02-27,wk inc flu hosp,1,13,quantile,0.99,674,2027-03-06
2027-02-27,wk inc flu hosp,1,15,quantile,0.01,18,2027-03-06
2027-02-27,wk inc flu hosp,1,15,quantile,0.025,20,2027-03-06
2027-02-27,wk inc flu hosp,1,15,quantile,0.05,24,2027-03-06
2027-02-27,wk inc flu hosp,1,15,quantile,0.1,30,2027-03-06
2027-02-27,wk inc flu hosp,1,15,quantile,0.15,32,2027-03-06
2027-02-27,wk inc flu hosp,1,15,quantile,0.2,36,2027-03-06
2027-02-27,wk inc flu hosp,1,15,quantile,0.25,39,2027-03-06
2027-02-27,wk inc flu hosp,1,15,quantile,0.3,40,2027-03-06
2027-02-27,wk inc flu hosp,1,15,quantile,0.35,42,2027-03-06
2027-02-27,wk inc flu hosp,1,15,quantile,0.4,43,2027-03-06
2027-02-27,wk inc flu hosp,1,15,quantile,0.45,45,2027-03-06
2027-02-27,wk inc flu hosp,1,15,quantile,0.5,48,2027-03-06
2027-02-27,wk inc flu hosp,1,15,quantile,0.55,50,2027-03-06
2027-02-27,wk inc flu hosp,1,15,quantile,0.6,52,2027-03-06
2027-02-27,wk inc flu hosp,1,15,quantile,0.65,54,2027-03-06
2027-02-27,wk inc flu hosp,1,15,quantile,0.7,57,2027-03-06
2027-02-27,wk inc flu hosp,1,15,quantile,0.75,60,2027-03-06
2027-02-27,wk inc flu hosp,1,15,quantile,0.8,66,2027-03-06
2027-02-27,wk inc flu hosp,1,15,quantile,0.85,70,2027-03-06
2027-02-27,wk inc flu hosp,1,15,quantile,0.9,74,2027-03-06
2027-02-27,wk inc flu hosp,1,15,quantile,0.95,84,2027-03-06
2027-02-27,wk inc flu hosp,1,15,quantile,0.975,94,2027-03-06
2027-02-27,wk inc flu hosp,1,15,quantile,0.99,105,2027-03-06
2027-02-27,wk inc flu hosp,1,16,quantile,0.01,89,2027-03-06
2027-02-27,wk inc flu hosp,1,16,quantile,0.025,92,2027-03-06
2027-02-27,wk inc flu hosp,1,16,quantile,0.05,97,2027-03-06
2027-02-27,wk inc flu hosp,1,16,quantile,0.1,103,2027-03-06
2027-02-27,wk inc flu hosp,1,16,quantile,0.15,106,2027-03-06
2027-02-27,wk inc flu hosp,1,16,quantile,0.2,110,2027-03-06
2027-02-27,wk inc flu hosp,1,16,quantile,0.25,116,2027-03-06
2027-02-27,wk inc flu hosp,1,16,quantile,0.3,118,2027-03-06
2027-02-27,wk inc flu hosp,1,16,quantile,0.35,122,2027-03-06
2027-02-27,wk inc flu hosp,1,16,quantile,0.4,126,2027-03-06
2027-02-27,wk inc flu hosp,1,16,quantile,0.45,130,2027-03-06
2027-02-27,wk inc flu hosp,1,16,quantile,0.5,134,2027-03-06
2027-02-27,wk inc flu hosp,1,16,quantile,0.55,139,2027-03-06
2027-02-27,wk inc flu hosp,1,16,quantile,0.6,142,2027-03-06
2027-02-27,wk inc flu hosp,1,16,quantile,0.65,145,2027-03-06
2027-02-27,wk inc flu hosp,1,16,quantile,0.7,149,2027-03-06
2027-02-27,wk inc flu hosp,1,16,quantile,0.75,152,2027-03-06
2027-02-27,wk inc flu hosp,1,16,quantile,0.8,155,2027-03-06
2027-02-27,wk inc flu hosp,1,16,quantile,0.85,162,2027-03-06
2027-02-27,wk inc flu hosp,1,16,quantile,0.9,171,2027-03-06
2027-02-27,wk inc flu hosp,1,16,quantile,0.95,191,2027-03-06
2027-02-27,wk inc flu hosp,1,16,quantile,0.975,199,2027-03-06
2027-02-27,wk inc flu hosp,1,16,quantile,0.99,205,2027-03-06
2027-02-27,wk inc flu hosp,1,17,quantile,0.01,620,2027-03-06
2027-02-27,wk inc flu hosp,1,17,quantile,0.025,635,2027-03-06
2027-02-27,wk inc flu hosp,1,17,quantile,0.05,643,2027-03-06
2027-02-27,wk inc flu hosp,1,17,quantile,0.1,680,2027-03-06
2027-02-27,wk inc flu hosp,1,17,quantile,0.15,700,2027-03-06
2027-02-27,wk inc flu hosp,1,17,quantile,0.2,719,2027-03-06
2027-02-27,wk inc flu hosp,1,17,quantile,0.25,750,2027-03-06
2027-02-27,wk inc flu hosp,1,17,quantile,0.3,769,2027-03-06
2027-02-27,wk inc flu hosp,1,17,quantile,0.35,791,2027-03-06
2027-02-27,wk inc flu hosp,1,17,quantile,0.4,808,2027-03-06
2027-02-27,wk inc flu hosp,1,17,quantile,0.45,829,2027-03-06
2027-02-27,wk inc flu hosp,1,17,quantile,0.5,854,2027-03-06
2027-02-27,wk inc flu hosp,1,17,quantile,0.55,873,2027-03-06
2027-02-27,wk inc flu hosp,1,17,quantile,0.6,895,2027-03-06
2027-02-27,wk inc flu hosp,1,17,quantile,0.65,914,2027-03-06
2027-02-27,wk inc flu hosp,1,17,quantile,0.7,952,2027-03-06
2027-02-27,wk inc flu hosp,1,17,quantile,0.75,971,2027-03-06
2027-02-27,wk inc flu hosp,1,17,quantile,0.8,998,2027-03-06
2027-02-27,wk inc flu hosp,1,17,quantile,0.85,1025,2027-03-06
2027-02-27,wk inc flu hosp,1,17,quantile,0.9,1051,2027-03-06
2027-02-27,wk inc flu hosp,1,17,quantile,0.95,1107,2027-03-06
2027-02-27,wk inc flu hosp,1,17,quantile,0.975,1141,2027-03-06
2027-02-27,wk inc flu hosp,1,17,quantile,0.99,1226,2027-03-06
2027-02-27,wk inc flu hosp,1,18,quantile,0.01,631,2027-03-06
2027-02-27,wk inc flu hosp,1,18,quantile,0.025,648,2027-03-06
2027-02-27,wk inc flu hosp,1,18,quantile,0.05,665,2027-03-06
2027-02-27,wk inc flu hosp,1,18,quantile,0.1,688,2027-03-06
2027-02-27,wk inc flu hosp,1,18,quantile,0.15,703,2027-03-06
2027-02-27,wk inc flu hosp,1,18,quantile,0.2,736,2027-03-06
2027-02-27,wk inc flu hosp,1,18,quantile,0.25,761,2027-03-06
2027-02-27,wk inc flu hosp,1,18,quantile,0.3,770,2027-03-06
2027-02-27,wk inc flu hosp,1,18,quantile,0.35,785,2027-03-06
2027-02-27,wk inc flu hosp,1,18,quantile,0.4,812,2027-03-06
2027-02-27,wk inc flu hosp,1,18,quantile,0.45,828,2027-03-06
2027-02-27,wk inc flu hosp,1,18,quantile,0.5,846,2027-03-06
2027-02-27,wk inc flu hosp,1,18,quantile,0.55,858,2027-03-06
2027-02-27,wk inc flu hosp,1,18,quantile,0.6,874,2027-03-06
2027-02-27,wk inc flu hosp,1,18,quantile,0.65,898,2027-03-06
2027-02-27,wk inc flu hosp,1,18,quantile,0.7,918,2027-03-06
2027-02-27,wk inc flu hosp,1,18,quantile,0.75,943,2027-03-06
2027-02-27,wk inc flu hosp,1,18,quantile,0.8,976,2027-03-06
2027-02-27,wk inc flu hosp,1,18,quantile,0.85,1006,2027-03-06
2027-02-27,wk inc flu hosp,1,18,quantile,0.9,1072,2027-03-06
2027-02-27,wk inc flu hosp,1,18,quantile,0.95,1104,2027-03-06
2027-02-27,wk inc flu hosp,1,18,quantile,0.975,1175,2027-03-06
2027-02-27,wk inc flu hosp,1,18,quantile,0.99,1224,2027-03-06
2027-02-27,wk inc flu hosp,1,19,quantile,0.01,151,2027-03-06
2027-02-27,wk inc flu hosp,1,19,quantile,0.025,175,2027-03-06
2027-02-27,wk inc flu hosp,1,19,quantile,0.05,197,2027-03-06
2027-02-27,wk inc flu hosp,1,19,quantile,0.1,210,2027-03-06
2027-02-27,wk inc flu hosp,1,19,quantile,0.15,221,2027-03-06
2027-02-27,wk inc flu hosp,1,19,quantile,0.2,232,2027-03-06
2027-02-27,wk inc flu hosp,1,19,quantile,0.25,240,2027-03-06
2027-02-27,wk inc flu hosp,1,19,quantile,0.3,246,2027-03-06
2027-02-27,wk inc flu hosp,1,19,quantile,0.35,250,2027-03-06
2027-02-27,wk inc flu hosp,1,19,quantile,0.4,262,2027-03-06
2027-02-27,wk inc flu hosp,1,19,quantile,0.45,267,2027-03-06
2027-02-27,wk inc flu hosp,1,19,quantile,0.5,274,2027-03-06
2027-02-27,wk inc flu hosp,1,19,quantile,0.55,287,2027-03-06
2027-02-27,wk inc flu hosp,1,19,quantile,0.6,294,2027-03-06
2027-02-27,wk inc flu hosp,1,19,quantile,0.65,301,2027-03-06
2027-02-27,wk inc flu hosp,1,19,quantile,0.7,312,2027-03-06
2027-02-27,wk inc flu hosp,1,19,quantile,0.75,318,2027-03-06
2027-02-27,wk inc flu hosp,1,19,quantile,0.8,326,2027-03-06
2027-02-27,wk inc flu hosp,1,19,quantile,0.85,346,2027-03-06
2027-02-27,wk inc flu hosp,1,19,quantile,0.9,355,2027-03-06
2027-02-27,wk inc flu hosp,1,19,quantile,0.95,384,2027-03-06
2027-02-27,wk inc flu hosp,1,19,quantile,0.975,390,2027-03-06
2027-02-27,wk inc flu hosp,1,19,quantile,0.99,450,2027-03-06
2027-02-27,wk inc flu hosp,1,20,quantile,0.01,101,2027-03-06
2027-02-27,wk inc flu hosp,1,20,quantile,0.025,115,2027-03-06
2027-02-27,wk inc flu hosp,1,20,quantile,0.05,117,2027-03-06
2027-02-27,wk inc flu hosp,1,20,quantile,0.1,137,2027-03-06
2027-02-27,wk inc flu hosp,1,20,quantile,0.15,145,2027-03-06
2027-02-27,wk inc flu hosp,1,20,quantile,0.2,151,2027-03-06
2027-02-27,wk inc flu hosp,1,20,quantile,0.25,161,2027-03-06
2027-02-27,wk inc flu hosp,1,20,quantile,0.3,167,2027-03-06
2027-02-27,wk inc flu hosp,1,20,quantile,0.35,173,2027-03-06
2027-02-27,wk inc flu hosp,1,20,quantile,0.4,178,2027-03-06
2027-02-27,wk inc flu hosp,1,20,quantile,0.45,184,2027-03-06
2027-02-27,wk inc flu hosp,1,20,quantile,0.5,189,2027-03-06
2027-02-27,wk inc flu hosp,1,20,quantile,0.55,196,2027-03-06
2027-02-27,wk inc flu hosp,1,20,quantile,0.6,199,2027-03-06
2027-02-27,wk inc flu hosp,1,20,quantile,0.65,206,2027-03-06
2027-02-27,wk inc flu hosp,1,20,quantile,0.7,210,2027-03-06
2027-02-27,wk inc flu hosp,1,20,quantile,0.75,218,2027-03-06
2027-02-27,wk inc flu hosp,1,20,quantile,0.8,222,2027-03-06
2027-02-27,wk inc flu hosp,1,20,quantile,0.85,231,2027-03-06
2027-02-27,wk inc flu hosp,1,20,quantile,0.9,234,2027-03-06
2027-02-27,wk inc flu hosp,1,20,quantile,0.95,246,2027-03-06
2027-02-27,wk inc flu hosp,1,20,quantile,0.975,264,2027-03-06
2027-02-27,wk inc flu hosp,1,20,quantile,0.99,282,2027-03-06
2027-02-27,wk inc flu hosp,1,21,quantile,0.01,390,2027-03-06
2027-02-27,wk inc flu hosp,1,21,quantile,0.025,410,2027-03-06
2027-02-27,wk inc flu hosp,1,21,quantile,0.05,446,2027-03-06
2027-02-27,wk inc flu hosp,1,21,quantile,0.1,474,2027-03-06
2027-02-27,wk inc flu hosp,1,21,quantile,0.15,499,2027-03-06
2027-02-27,wk inc flu hosp,1,21,quantile,0.2,512,2027-03-06
2027-02-27,wk inc flu hosp,1,21,quantile,0.25,520,2027-03-06
2027-02-27,wk inc flu hosp,1,21,quantile,0.3,530,2027-03-06
2027-02-27,wk inc flu hosp,1,21,quantile,0.35,541,2027-03-06
2027-02-27,wk inc flu hosp,1,21,quantile,0.4,551,2027-03-06
2027-02-27,wk inc flu hosp,1,21,quantile,0.45,565,2027-03-06
2027-02-27,wk inc flu hosp,1,21,quantile,0.5,571,2027-03-06
2027-02-27,wk inc flu hosp,1,21,quantile,0.55,593,2027-03-06
2027-02-27,wk inc flu hosp,1,21,quantile,0.6,605,2027-03-06
2027-02-27,wk inc flu hosp,1,21,quantile,0.65,623,2027-03-06
2027-02-27,wk inc flu hosp,1,21,quantile,0.7,632,2027-03-06
2027-02-27,wk inc flu hosp,1,21,quantile,0.75,651,2027-03-06
2027-02-27,wk inc flu hosp,1,21,quantile,0.8,673,2027-03-06
2027-02-27,wk inc flu hosp,1,21,quantile,0.85,695,2027-03-06
2027-02-27,wk inc flu hosp,1,21,quantile,0.9,732,2027-03-06
2027-02-27,wk inc flu hosp,1,21,quantile,0.95,791,2027-03-06
2027-02-27,wk inc flu hosp,1,21,quantile,0.975,836,2027-03-06
2027-02-27,wk inc flu hosp,1,21,quantile,0.99,899,2027-03-06
2027-02-27,wk inc flu hosp,1,22,quantile,0.01,230,2027-03-06
2027-02-27,wk inc flu hosp,1,22,quantile,0.025,239,2027-03-06
2027-02-27,wk inc flu hosp,1,22,quantile,0.05,257,2027-03-06
2027-02-27,wk inc flu hosp,1,22,quantile,0.1,269,2027-03-06
2027-02-27,wk inc flu hosp,1,22,quantile,0.15,282,2027-03-06
2027-02-27,wk inc flu hosp,1,22,quantile,0.2,292,2027-03-06
2027-02-27,wk inc flu hosp,1,22,quantile,0.25,299,2027-03-06
2027-02-27,wk inc flu hosp,1,22,quantile,0.3,315,2027-03-06
2027-02-27,wk inc flu hosp,1,22,quantile,0.35,327,2027-03-06
2027-02-27,wk inc flu hosp,1,22,quantile,0.4,337,2027-03-06
2027-02-27,wk inc flu hosp,1,22,quantile,0.45,343,2027-03-06
2027-02-27,wk inc flu hosp,1,22,quantile,0.5,350,2027-03-06
2027-02-27,wk inc flu hosp,1,22,quantile,0.55,358,2027-03-06
2027-02-27,wk inc flu hosp,1,22,quantile,0.6,375,2027-03-06
2027-02-27,wk inc flu hosp,1,22,quantile,0.65,383,2027-03-06
2027-02-27,wk inc flu hosp,1,22,quantile,0.7,395,2027-03-06
2027-02-27,wk inc flu hosp,1,22,quantile,0.75,405,2027-03-06
2027-02-27,wk inc flu hosp,1,22,quantile,0.8,412,2027-03-06
2027-02-27,wk inc flu hosp,1,22,quantile,0.85,420,2027-03-06
2027-02-27,wk inc flu hosp,1,22,quantile,0.9,436,2027-03-06
2027-02-27,wk inc flu hosp,1,22,quantile,0.95,460,2027-03-06
2027-02-27,wk inc flu hosp,1,22,quantile,0.975,485,2027-03-06
2027-02-27,wk inc flu hosp,1,22,quantile,0.99,537,2027-03-06
2027-02-27,wk inc flu hosp,1,23,quantile,0.01,74,2027-03-06
2027-02-27,wk inc flu hosp,1,23,quantile,0.025,75,2027-03-06
2027-02-27,wk inc flu hosp,1,23,quantile,0.05,82,2027-03-06
2027-02-27,wk inc flu hosp,1,23,quantile,0.1,87,2027-03-06
2027-02-27,wk inc flu hosp,1,23,quantile,0.15,92,2027-03-06
2027-02-27,wk inc flu hosp,1,23,quantile,0.2,99,2027-03-06
2027-02-27,wk inc flu hosp,1,23,quantile,0.25,102,2027-03-06
2027-02-27,wk inc flu hosp,1,23,quantile,0.3,104,2027-03-06
2027-02-27,wk inc flu hosp,1,23,quantile,0.35,107,2027-03-06
2027-02-27,wk inc flu hosp,1,23,quantile,0.4,110,2027-03-06
2027-02-27,wk inc flu hosp,1,23,quantile,0.45,114,2027-03-06
2027-02-27,wk inc flu hosp,1,23,quantile,0.5,117,2027-03-06
2027-02-27,wk inc flu hosp,1,23,quantile,0.55,122,2027-03-06
2027-02-27,wk inc flu hosp,1,23,quantile,0.6,127,2027-03-06
2027-02-27,wk inc flu hosp,1,23,quantile,0.65,132,2027-03-06
2027-02-27,wk inc flu hosp,1,23,quantile,0.7,136,2027-03-06
2027-02-27,wk inc flu hosp,1,23,quantile,0.75,141,2027-03-06
2027-02-27,wk inc flu hosp,1,23,quantile,0.8,146,2027-03-06
2027-02-27,wk inc flu hosp,1,23,quantile,0.85,154,2027-03-06
2027-02-27,wk inc flu hosp,1,23,quantile,0.9,164,2027-03-06
2027-02-27,wk inc flu hosp,1,23,quantile,0.95,172,2027-03-06
2027-02-27,wk inc flu hosp,1,23,quantile,0.975,181,2027-03-06
2027-02-27,wk inc flu hosp,1,23,quantile,0.99,198,2027-03-06
2027-02-27,wk inc flu hosp,1,24,quantile,0.01,208,2027-03-06
2027-02-27,wk inc flu hosp,1,24,quantile,0.025,219,2027-03-06
2027-02-27,wk inc flu hosp,1,24,quantile,0.05,243,2027-03-06
2027-02-27,wk inc flu hosp,1,24,quantile,0.1,257,2027-03-06
2027-02-27,wk inc flu hosp,1,24,quantile,0.15,275,2027-03-06
2027-02-27,wk inc flu hosp,1,24,quantile,0.2,278,2027-03-06
2027-02-27,wk inc flu hosp,1,24,quantile,0.25,289,2027-03-06
2027-02-27,wk inc flu hosp,1,24,quantile,0.3,295,2027-03-06
2027-02-27,wk inc flu hosp,1,24,quantile,0.35,303,2027-03-06
2027-02-27,wk inc flu hosp,1,24,quantile,0.4,317,2027-03-06
2027-02-27,wk inc flu hosp,1,24,quantile,0.45,330,2027-03-06
2027-02-27,wk inc flu hosp,1,24,quantile,0.5,335,2027-03-06
2027-02-27,wk inc flu hosp,1,24,quantile,0.55,350,2027-03-06
2027-02-27,wk inc flu hosp,1,24,quantile,0.6,364,2027-03-06
2027-02-27,wk inc flu hosp,1,24,quantile,0.65,373,2027-03-06
2027-02-27,wk inc flu hosp,1,24,quantile,0.7,382,2027-03-06
2027-02-27,wk inc flu hosp,1,24,quantile,0.75,392,2027-03-06
2027-02-27,wk inc flu hosp,1,24,quantile,0.8,403,2027-03-06
2027-02-27,wk inc flu hosp,1,24,quantile,0.85,431,2027-03-06
2027-02-27,wk inc flu hosp,1,24,quantile,0.9,455,2027-03-06
2027-02-27,wk inc flu hosp,1,24,quantile,0.95,511,2027-03-06
2027-02-27,wk inc flu hosp,1,24,quantile,0.975,543,2027-03-06
2027-02-27,wk inc flu hosp,1,24,quantile,0.99,593,2027-03-06
2027-02-27,wk inc flu hosp,1,25,quantile,0.01,618,2027-03-06
2027-02-27,wk inc flu hosp,1,25,quantile,0.025,648,2027-03-06
2027-02-27,wk inc flu hosp,1,25,quantile,0.05,656,2027-03-06
2027-02-27,wk inc flu hosp,1,25,quantile,0.1,693,2027-03-06
2027-02-27,wk inc flu hosp,1,25,quantile,0.15,717,2027-03-06
2027-02-27,wk inc flu hosp,1,25,quantile,0.2,737,2027-03-06
2027-02-27,wk inc flu hosp,1,25,quantile,0.25,780,2027-03-06
2027-02-27,wk inc flu hosp,1,25,quantile,0.3,806,2027-03-06
2027-02-27,wk inc flu hosp,1,25,quantile,0.35,837,2027-03-06
2027-02-27,wk inc flu hosp,1,25,quantile,0.4,864,2027-03-06
2027-02-27,wk inc flu hosp,1,25,quantile,0.45,885,2027-03-06
2027-02-27,wk inc flu hosp,1,25,quantile,0.5,915,2027-03-06
2027-02-27,wk inc flu hosp,1,25,quantile,0.55,950,2027-03-06
2027-02-27,wk inc flu hosp,1,25,quantile,0.6,984,2027-03-06
2027-02-27,wk inc flu hosp,1,25,quantile,0.65,1014,2027-03-06
2027-02-27,wk inc flu hosp,1,25,quantile,0.7,1034,2027-03-06
2027-02-27,wk inc flu hosp,1,25,quantile,0.75,1059,2027-03-06
2027-02-27,wk inc flu hosp,1,25,quantile,0.8,1081,2027-03-06
2027-02-27,wk inc flu hosp,1,25,quantile,0.85,1131,2027-03-06
2027-02-27,wk inc flu hosp,1,25,quantile,0.9,1201,2027-03-06
2027-02-27,wk inc flu hosp,1,25,quantile,0.95,1311,2027-03-06
2027-02-27,wk inc flu hosp,1,25,quantile,0.975,1401,2027-03-06
2027-02-27,wk inc flu hosp,1,25,quantile,0.99,1470,2027-03-06
2027-02-27,wk inc flu hosp,1,26,quantile,0.01,849,2027-03-06
2027-02-27,wk inc flu hosp,1,26,quantile,0.025,1040,2027-03-06
2027-02-27,wk inc flu hosp,1,26,quantile,0.05,1137,2027-03-06
2027-02-27,wk inc flu hosp,1,26,quantile,0.1,1201,2027-03-06
2027-02-27,wk inc flu hosp,1,26,quantile,0.15,1273,2027-03-06
2027-02-27,wk inc flu hosp,1,26,quantile,0.2,1325,2027-03-06
2027-02-27,wk inc flu hosp,1,26,quantile,0.25,1356,2027-03-06
2027-02-27,wk inc flu hosp,1,26,quantile,0.3,1395,2027-03-06
2027-02-27,wk inc flu hosp,1,26,quantile,0.35,1440,2027-03-06
2027-02-27,wk inc flu hosp,1,26,quantile,0.4,1470,2027-03-06
2027-02-27,wk inc flu hosp,1,26,quantile,0.45,1498,2027-03-06
2027-02-27,wk inc flu hosp,1,26,quantile,0.5,1537,2027-03-06
2027-02-27,wk inc flu hosp,1,26,quantile,0.55,1579,2027-03-06
2027-02-27,wk inc flu hosp,1,26,quantile,0.6,1597,2027-03-06
2027-02-27,wk inc flu hosp,1,26,quantile,0.65,1642,2027-03-06
2027-02-27,wk inc flu hosp,1,26,quantile,0.7,1694,2027-03-06
2027-02-27,wk inc flu hosp,1,26,quantile,0.75,1754,2027-03-06
2027-02-27,wk inc flu hosp,1,26,quantile,0.8,1810,2027-03-06
2027-02-27,wk inc flu hosp,1,26,quantile,0.85,1869,2027-03-06
2027-02-27,wk inc flu hosp,1,26,quantile,0.9,1943,2027-03-06
2027-02-27,wk inc flu hosp,1,26,quantile,0.95,1998,2027-03-06
2027-02-27,wk inc flu hosp,1,26,quantile,0.975,2171,2027-03-06
2027-02-27,wk inc flu hosp,1,26,quantile,0.99,2339,2027-03-06
2027-02-27,wk inc flu hosp,1,27,quantile,0.01,155,2027-03-06
2027-02-27,wk inc flu hosp,1,27,quantile,0.025,177,2027-03-06
2027-02-27,wk inc flu hosp,1,27,quantile,0.05,181,2027-03-06
2027-02-27,wk inc flu hosp,1,27,quantile,0.1,193,2027-03-06
2027-02-27,wk inc flu hosp,1,27,quantile,0.15,215,2027-03-06
2027-02-27,wk inc flu hosp,1,27,quantile,0.2,223,2027-03-06
2027-02-27,wk inc flu hosp,1,27,quantile,0.25,231,2027-03-06
2027-02-27,wk inc flu hosp,1,27,quantile,0.3,238,2027-03-06
2027-02-27,wk inc flu hosp,1,27,quantile,0.35,249,2027-03-06
2027-02-27,wk inc flu hosp,1,27,quantile,0.4,255,2027-03-06
2027-02-27,wk inc flu hosp,1,27,quantile,0.45,264,2027-03-06
2027-02-27,wk inc flu hosp,1,27,quantile,0.5,272,2027-03-06
2027-02-27,wk inc flu hosp,1,27,quantile,0.55,279,2027-03-06
2027-02-27,wk inc flu hosp,1,27,quantile,0.6,287,2027-03-06
2027-02-27,wk inc flu hosp,1,27,quantile,0.65,295,2027-03-06
2027-02-27,wk inc flu hosp,1,27,quantile,0.7,300,2027-03-06
2027-02-27,wk inc flu hosp,1,27,quantile,0.75,309,2027-03-06
2027-02-27,wk inc flu hosp,1,27,quantile,0.8,322,2027-03-06
2027-02-27,wk inc flu hosp,1,27,quantile,0.85,337,2027-03-06
2027-02-27,wk inc flu hosp,1,27,quantile,0.9,357,2027-03-06
2027-02-27,wk inc flu hosp,1,27,quantile,0.95,389,2027-03-06
2027-02-27,wk inc flu hosp,1,27,quantile,0.975,424,2027-03-06
2027-02-27,wk inc flu hosp,1,27,quantile,0.99,476,2027-03-06
2027-02-27,wk inc flu hosp,1,28,quantile,0.01,117,2027-03-06
2027-02-27,wk inc flu hosp,1,28,quantile,0.025,120,2027-03-06
2027-02-27,wk inc flu hosp,1,28,quantile,0.05,135,2027-03-06
2027-02-27,wk inc flu hosp,1,28,quantile,0.1,153,2027-03-06
2027-02-27,wk inc flu hosp,1,28,quantile,0.15,165,2027-03-06
2027-02-27,wk inc flu hosp,1,28,quantile,0.2,181,2027-03-06
2027-02-27,wk inc flu hosp,1,28,quantile,0.25,184,2027-03-06
2027-02-27,wk inc flu hosp,1,28,quantile,0.3,191,2027-03-06
2027-02-27,wk inc flu hosp,1,28,quantile,0.35,200,2027-03-06
2027-02-27,wk inc flu hosp,1,28,quantile,0.4,205,2027-03-06
2027-02-27,wk inc flu hosp,1,28,quantile,0.45,212,2027-03-06
2027-02-27,wk inc flu hosp,1,28,quantile,0.5,219,2027-03-06
2027-02-27,wk inc flu hosp,1,28,quantile,0.55,227,2027-03-06
2027-02-27,wk inc flu hosp,1,28,quantile,0.6,234,2027-03-06
2027-02-27,wk inc flu hosp,1,28,quantile,0.65,241,2027-03-06
2027-02-27,wk inc flu hosp,1,28,quantile,0.7,247,2027-03-06
2027-02-27,wk inc flu hosp,1,28,quantile,0.75,259,2027-03-06
2027-02-27,wk inc flu hosp,1,28,quantile,0.8,267,2027-03-06
2027-02-27,wk inc flu hosp,1,28,quantile,0.85,281,2027-03-06
2027-02-27,wk inc flu hosp,1,28,quantile,0.9,293,2027-03-06
2027-02-27,wk inc flu hosp,1,28,quantile,0.95,302,2027-03-06
2027-02-27,wk inc flu hosp,1,28,quantile,0.975,311,2027-03-06
2027-02-27,wk inc flu hosp,1,28,quantile,0.99,340,2027-03-06
2027-02-27,wk inc flu hosp,1,29,quantile,0.01,428,2027-03-06
2027-02-27,wk inc flu hosp,1,29,quantile,0.025,444,2027-03-06
2027-02-27,wk inc flu hosp,1,29,quantile,0.05,482,2027-03-06
2027-02-27,wk inc flu hosp,1,29,quantile,0.1,517,2027-03-06
2027-02-27,wk inc flu hosp,1,29,quantile,0.15,529,2027-03-06
2027-02-27,wk inc flu hosp,1,29,quantile,0.2,547,2027-03-06
2027-02-27,wk inc flu hosp,1,29,quantile,0.25,562,2027-03-06
2027-02-27,wk inc flu hosp,1,29,quantile,0.3,577,2027-03-06
2027-02-27,wk inc flu hosp,1,29,quantile,0.35,588,2027-03-06
2027-02-27,wk inc flu hosp,1,29,quantile,0.4,613,2027-03-06
2027-02-27,wk inc flu hosp,1,29,quantile,0.45,633,2027-03-06
2027-02-27,wk inc flu hosp,1,29,quantile,0.5,647,2027-03-06
2027-02-27,wk inc flu hosp,1,29,quantile,0.55,658,2027-03-06
2027-02-27,wk inc flu hosp,1,29,quantile,0.6,671,2027-03-06
2027-02-27,wk inc flu hosp,1,29,quantile,0.65,692,2027-03-06
2027-02-27,wk inc flu hosp,1,29,quantile,0.7,700,2027-03-06
2027-02-27,wk inc flu hosp,1,29,quantile,0.75,720,2027-03-06
2027-02-27,wk inc flu hosp,1,29,quantile,0.8,731,2027-03-06
2027-02-27,wk inc flu hosp,1,29,quantile,0.85,743,2027-03-06
2027-02-27,wk inc flu hosp,1,29,quantile,0.9,764,2027-03-06
2027-02-27,wk inc flu hosp,1,29,quantile,0.95,810,2027-03-06
2027-02-27,wk inc flu hosp,1,29,quantile,0.975,846,2027-03-06
2027-02-27,wk inc flu hosp,1,29,quantile,0.99,860,2027-03-06
2027-02-27,wk inc flu hosp,1,30,quantile,0.01,86,2027-03-06
2027-02-27,wk inc flu hosp,1,30,quantile,0.025,95,2027-03-06
2027-02-27,wk inc flu hosp,1,30,quantile,0.05,109,2027-03-06
2027-02-27,wk inc flu hosp,1,30,quantile,0.1,123,2027-03-06
2027-02-27,wk inc flu hosp,1,30,quantile,0.15,129,2027-03-06
2027-02-27,wk inc flu hosp,1,30,quantile,0.2,134,2027-03-06
2027-02-27,wk inc flu hosp,1,30,quantile,0.25,140,2027-03-06
2027-02-27,wk inc flu hosp,1,30,quantile,0.3,145,2027-03-06
2027-02-27,wk inc flu hosp,1,30,quantile,0.35,148,2027-03-06
2027-02-27,wk inc flu hosp,1,30,quantile,0.4,153,2027-03-06
2027-02-27,wk inc flu hosp,1,30,quantile,0.45,156,2027-03-06
2027-02-27,wk inc flu hosp,1,30,quantile,0.5,162,2027-03-06
2027-02-27,wk inc flu hosp,1,30,quantile,0.55,167,2027-03-06
2027-02-27,wk inc flu hosp,1,30,quantile,0.6,171,2027-03-06
2027-02-27,wk inc flu hosp,1,30,quantile,0.65,173,2027-03-06
2027-02-27,wk inc flu hosp,1,30,quantile,0.7,180,2027-03-06
2027-02-27,wk inc flu hosp,1,30,quantile,0.75,186,2027-03-06
2027-02-27,wk inc flu hosp,1,30,quantile,0.8,195,2027-03-06
2027-02-27,wk inc flu hosp,1,30,quantile,0.85,208,2027-03-06
2027-02-27,wk inc flu hosp,1,30,quantile,0.9,221,2027-03-06
2027-02-27,wk inc flu hosp,1,30,quantile,0.95,231,2027-03-06
2027-02-27,wk inc flu hosp,1,30,quantile,0.975,262,2027-03-06
2027-02-27,wk inc flu hosp,1,30,quantile,0.99,285,2027-03-06
2027-02-27,wk inc flu hosp,1,31,quantile,0.01,64,2027-03-06
2027-02-27,wk inc flu hosp,1,31,quantile,0.025,73,2027-03-06
2027-02-27,wk inc flu hosp,1,31,quantile,0.05,77,2027-03-06
2027-02-27,wk inc flu hosp,1,31,quantile,0.1,93,2027-03-06
2027-02-27,wk inc flu hosp,1,31,quantile,0.15,96,2027-03-06
2027-02-27,wk inc flu hosp,1,31,quantile,0.2,103,2027-03-06
2027-02-27,wk inc flu hosp,1,31,quantile,0.25,108,2027-03-06
2027-02-27,wk inc flu hosp,1,31,quantile,0.3,110,2027-03-06
2027-02-27,wk inc flu hosp,1,31,quantile,0.35,113,2027-03-06
2027-02-27,wk inc flu hosp,1,31,quantile,0.4,115,2027-03-06
2027-02-27,wk inc flu hosp,1,31,quantile,0.45,117,2027-03-06
2027-02-27,wk inc flu hosp,1,31,quantile,0.5,120,2027-03-06
2027-02-27,wk inc flu hosp,1,31,quantile,0.55,123,2027-03-06
2027-02-27,wk inc flu hosp,1,31,quantile,0.6,126,2027-03-06
2027-02-27,wk inc flu hosp,1,31,quantile,0.65,129,2027-03-06
2027-02-27,wk inc flu hosp,1,31,quantile,0.7,135,2027-03-06
2027-02-27,wk inc flu hosp,1,31,quantile,0.75,140,2027-03-06
2027-02-27,wk inc flu hosp,1,31,quantile,0.8,143,2027-03-06
2027-02-27,wk inc flu hosp,1,31,quantile,0.85,151,2027-03-06
2027-02-27,wk inc flu hosp,1,31,quantile,0.9,163,2027-03-06
2027-02-27,wk inc flu hosp,1,31,quantile,0.95,174,2027-03-06
2027-02-27,wk inc flu hosp,1,31,quantile,0.975,184,2027-03-06
2027-02-27,wk inc flu hosp,1,31,quantile,0.99,199,2027-03-06
2027-02-27,wk inc flu hosp,1,32,quantile,0.01,59,2027-03-06
2027-02-27,wk inc flu hosp,1,32,quantile,0.025,65,2027-03-06
2027-02-27,wk inc flu hosp,1,32,quantile,0.05,70,2027-03-06
2027-02-27,wk inc flu hosp,1,32,quantile,0.1,73,2027-03-06
2027-02-27,wk inc flu hosp,1,32,quantile,0.15,79,2027-03-06
2027-02-27,wk inc flu hosp,1,32,quantile,0.2,83,2027-03-06
2027-02-27,wk inc flu hosp,1,32,quantile,0.25,86,2027-03-06
2027-02-27,wk inc flu hosp,1,32,quantile,0.3,90,2027-03-06
2027-02-27,wk inc flu hosp,1,32,quantile,0.35,94,2027-03-06
2027-02-27,wk inc flu hosp,1,32,quantile,0.4,101,2027-03-06
2027-02-27,wk inc flu hosp,1,32,quantile,0.45,103,2027-03-06
2027-02-27,wk inc flu hosp,1,32,quantile,0.5,106,2027-03-06
2027-02-27,wk inc flu hosp,1,32,quantile,0.55,110,2027-03-06
2027-02-27,wk inc flu hosp,1,32,quantile,0.6,113,2027-03-06
2027-02-27,wk inc flu hosp,1,32,quantile,0.65,117,2027-03-06
2027-02-27,wk inc flu hosp,1,32,quantile,0.7,122,2027-03-06
2027-02-27,wk inc flu hosp,1,32,quantile,0.75,127,2027-03-06
2027-02-27,wk inc flu hosp,1,32,quantile,0.8,129,2027-03-06
2027-02-27,wk inc flu hosp,1,32,quantile,0.85,133,2027-03-06
2027-02-27,wk inc flu hosp,1,32,quantile,0.9,138,2027-03-06
2027-02-27,wk inc flu hosp,1,32,quantile,0.95,143,2027-03-06
2027-02-27,wk inc flu hosp,1,32,quantile,0.975,161,2027-03-06
2027-02-27,wk inc flu hosp,1,32,quantile,0.99,165,2027-03-06
2027-02-27,wk inc flu hosp,1,33,quantile,0.01,62,2027-03-06
2027-02-27,wk inc flu hosp,1,33,quantile,0.025,67,2027-03-06
2027-02-27,wk inc flu hosp,1,33,quantile,0.05,68,2027-03-06
2027-02-27,wk inc flu hosp,1,33,quantile,0.1,84,2027-03-06
2027-02-27,wk inc flu hosp,1,33,quantile,0.15,91,2027-03-06
2027-02-27,wk inc flu hosp,1,33,quantile,0.2,96,2027-03-06
2027-02-27,wk inc flu hosp,1,33,quantile,0.25,100,2027-03-06
2027-02-27,wk inc flu hosp,1,33,quantile,0.3,103,2027-03-06
2027-02-27,wk inc flu hosp,1,33,quantile,0.35,106,2027-03-06
2027-02-27,wk inc flu hosp,1,33,quantile,0.4,111,2027-03-06
2027-02-27,wk inc flu hosp,1,33,quantile,0.45,115,2027-03-06
2027-02-27,wk inc flu hosp,1,33,quantile,0.5,119,2027-03-06
2027-02-27,wk inc flu hosp,1,33,quantile,0.55,123,2027-03-06
2027-02-27,wk inc flu hosp,1,33,quantile,0.6,125,2027-03-06
2027-02-27,wk inc flu hosp,1,33,quantile,0.65,131,2027-03-06
2027-02-27,wk inc flu hosp,1,33,quantile,0.7,135,2027-03-06
2027-02-27,wk inc flu hosp,1,33,quantile,0.75,140,2027-03-06
2027-02-27,wk inc flu hosp,1,33,quantile,0.8,146,2027-03-06
2027-02-27,wk inc flu hosp,1,33,quantile,0.85,153,2027-03-06
2027-02-27,wk inc flu hosp,1,33,quantile,0.9,168,2027-03-06
2027-02-27,wk inc flu hosp,1,33,quantile,0.95,180,2027-03-06
2027-02-27,wk inc flu hosp,1,33,quantile,0.975,197,2027-03-06
2027-02-27,wk inc flu hosp,1,33,quantile,0.99,211,2027-03-06
2027-02-27,wk inc flu hosp,1,34,quantile,0.01,400,2027-03-06
2027-02-27,wk inc flu hosp,1,34,quantile,0.025,418,2027-03-06
2027-02-27,wk inc flu hosp,1,34,quantile,0.05,449,2027-03-06
2027-02-27,wk inc flu hosp,1,34,quantile,0.1,481,2027-03-06
2027-02-27,wk inc flu hosp,1,34,quantile,0.15,521,2027-03-06
2027-02-27,wk inc flu hosp,1,34,quantile,0.2,535,2027-03-06
2027-02-27,wk inc flu hosp,1,34,quantile,0.25,550,2027-03-06
2027-02-27,wk inc flu hosp,1,34,quantile,0.3,568,2027-03-06
2027-02-27,wk inc flu hosp,1,34,quantile,0.35,583,2027-03-06
2027-02-27,wk inc flu hosp,1,34,quantile,0.4,596,2027-03-06
2027-02-27,wk inc flu hosp,1,34,quantile,0.45,607,2027-03-06
2027-02-27,wk inc flu hosp,1,34,quantile,0.5,622,2027-03-06
2027-02-27,wk inc flu hosp,1,34,quantile,0.55,645,2027-03-06
2027-02-27,wk inc flu hosp,1,34,quantile,0.6,654,2027-03-06
2027-02-27,wk inc flu hosp,1,34,quantile,0.65,669,2027-03-06
2027-02-27,wk inc flu hosp,1,34,quantile,0.7,693,2027-03-06
2027-02-27,wk inc flu hosp,1,34,quantile,0.75,709,2027-03-06
2027-02-27,wk inc flu hosp,1,34,quantile,0.8,735,2027-03-06
2027-02-27,wk inc flu hosp,1,34,quantile,0.85,772,2027-03-06
2027-02-27,wk inc flu hosp,1,34,quantile,0.9,822,2027-03-06
2027-02-27,wk inc flu hosp,1,34,quantile,0.95,849,2027-03-06
2027-02-27,wk inc flu hosp,1,34,quantile,0.975,872,2027-03-06
2027-02-27,wk inc flu hosp,1,34,quantile,0.99,939,2027-03-06
2027-02-27,wk inc flu hosp,1,35,quantile,0.01,104,2027-03-06
2027-02-27,wk inc flu hosp,1,35,quantile,0.025,113,2027-03-06
2027-02-27,wk inc flu hosp,1,35,quantile,0.05,125,2027-03-06
2027-02-27,wk inc flu hosp,1,35,quantile,0.1,133,2027-03-06
2027-02-27,wk inc flu hosp,1,35,quantile,0.15,142,2027-03-06
2027-02-27,wk inc flu hosp,1,35,quantile,0.2,150,2027-03-06
2027-02-27,wk inc flu hosp,1,35,quantile,0.25,153,2027-03-06
2027-02-27,wk inc flu hosp,1,35,quantile,0.3,159,2027-03-06
2027-02-27,wk inc flu hosp,1,35,quantile,0.35,163,2027-03-06
2027-02-27,wk inc flu hosp,1,35,quantile,0.4,168,2027-03-06
2027-02-27,wk inc flu hosp,1,35,quantile,0.45,172,2027-03-06
2027-02-27,wk inc flu hosp,1,35,quantile,0.5,176,2027-03-06
2027-02-27,wk inc flu hosp,1,35,quantile,0.55,179,2027-03-06
2027-02-27,wk inc flu hosp,1,35,quantile,0.6,183,2027-03-06
2027-02-27,wk inc flu hosp,1,35,quantile,0.65,191,2027-03-06
2027-02-27,wk inc flu hosp,1,35,quantile,0.7,198,2027-03-06
2027-02-27,wk inc flu hosp,1,35,quantile,0.75,204,2027-03-06
2027-02-27,wk inc flu hosp,1,35,quantile,0.8,212,2027-03-06
2027-02-27,wk inc flu hosp,1,35,quantile,0.85,223,2027-03-06
2027-02-27,wk inc flu hosp,1,35,quantile,0.9,244,2027-03-06
2027-02-27,wk inc flu hosp,1,35,quantile,0.95,264,2027-03-06
2027-02-27,wk inc flu hosp,1,35,quantile,0.975,285,2027-03-06
2027-02-27,wk inc flu hosp,1,35,quantile,0.99,312,2027-03-06
2027-02-27,wk inc flu hosp,1,36,quantile,0.01,903,2027-03-06
2027-02-27,wk inc flu hosp,1,36,quantile,0.025,932,2027-03-06
2027-02-27,wk inc flu hosp,1,36,quantile,0.05,972,2027-03-06
2027-02-27,wk inc flu hosp,1,36,quantile,0.1,1018,2027-03-06
2027-02-27,wk inc flu hosp,1,36,quantile,0.15,1072,2027-03-06
2027-02-27,wk inc flu hosp,1,36,quantile,0.2,1094,2027-03-06
2027-02-27,wk inc flu hosp,1,36,quantile,0.25,1136,2027-03-06
2027-02-27,wk inc flu hosp,1,36,quantile,0.3,1160,2027-03-06
2027-02-27,wk inc flu hosp,1,36,quantile,0.35,1192,2027-03-06
2027-02-27,wk inc flu hosp,1,36,quantile,0.4,1220,2027-03-06
2027-02-27,wk inc flu hosp,1,36,quantile,0.45,1253,2027-03-06
2027-02-27,wk inc flu hosp,1,36,quantile,0.5,1282,2027-03-06
2027-02-27,wk inc flu hosp,1,36,quantile,0.55,1316,2027-03-06
2027-02-27,wk inc flu hosp,1,36,quantile,0.6,1366,2027-03-06
2027-02-27,wk inc flu hosp,1,36,quantile,0.65,1425,2027-03-06
2027-02-27,wk inc flu hosp,1,36,quantile,0.7,1450,2027-03-06
2027-02-27,wk inc flu hosp,1,36,quantile,0.75,1494,2027-03-06
2027-02-27,wk inc flu hosp,1,36,quantile,0.8,1511,2027-03-06
2027-02-27,wk inc flu hosp,1,36,quantile,0.85,1553,2027-03-06
2027-02-27,wk inc flu hosp,1,36,quantile,0.9,1638,2027-03-06
2027-02-27,wk inc flu hosp,1,36,quantile,0.95,1727,2027-03-06
2027-02-27,wk inc flu hosp,1,36,quantile,0.975,1884,2027-03-06
2027-02-27,wk inc flu hosp,1,36,quantile,0.99,1979,2027-03-06
2027-02-27,wk inc flu hosp,1,37,quantile,0.01,353,2027-03-06
2027-02-27,wk inc flu hosp,1,37,quantile,0.025,383,2027-03-06
2027-02-27,wk inc flu hosp,1,37,quantile,0.05,411,2027-03-06
2027-02-27,wk inc flu hosp,1,37,quantile,0.1,432,2027-03-06
2027-02-27,wk inc flu hosp,1,37,quantile,0.15,467,2027-03-06
2027-02-27,wk inc flu hosp,1,37,quantile,0.2,490,2027-03-06
2027-02-27,wk inc flu hosp,1,37,quantile,0.25,503,2027-03-06
2027-02-27,wk inc flu hosp,1,37,quantile,0.3,529,2027-03-06
2027-02-27,wk inc flu hosp,1,37,quantile,0.35,545,2027-03-06
2027-02-27,wk inc flu hosp,1,37,quantile,0.4,566,2027-03-06
2027-02-27,wk inc flu hosp,1,37,quantile,0.45,581,2027-03-06
2027-02-27,wk inc flu hosp,1,37,quantile,0.5,602,2027-03-06
2027-02-27,wk inc flu hosp,1,37,quantile,0.55,618,2027-03-06
2027-02-27,wk inc flu hosp,1,37,quantile,0.6,645,2027-03-06
2027-02-27,wk inc flu hosp,1,37,quantile,0.65,662,2027-03-06
2027-02-27,wk inc flu hosp,1,37,quantile,0.7,679,2027-03-06
2027-02-27,wk inc flu hosp,1,37,quantile,0.75,704,2027-03-06
2027-02-27,wk inc flu hosp,1,37,quantile,0.8,734,2027-03-06
2027-02-27,wk inc flu hosp,1,37,quantile,0.85,754,2027-03-06
2027-02-27,wk inc flu hosp,1,37,quantile,0.9,782,2027-03-06
2027-02-27,wk inc flu hosp,1,37,quantile,0.95,894,2027-03-06
2027-02-27,wk inc flu hosp,1,37,quantile,0.975,914,2027-03-06
2027-02-27,wk inc flu hosp,1,37,quantile,0.99,968,2027-03-06
2027-02-27,wk inc flu hosp,1,38,quantile,0.01,22,2027-03-06
2027-02-27,wk inc flu hosp,1,38,quantile,0.025,24,2027-03-06
2027-02-27,wk inc flu hosp,1,38,quantile,0.05,28,2027-03-06
2027-02-27,wk inc flu hosp,1,38,quantile,0.1,31,2027-03-06
2027-02-27,wk inc flu hosp,1,38,quantile,0.15,34,2027-03-06
2027-02-27,wk inc flu hosp,1,38,quantile,0.2,36,2027-03-06
2027-02-27,wk inc flu hosp,1,38,quantile,0.25,37,2027-03-06
2027-02-27,wk inc flu hosp,1,38,quantile,0.3,39,2027-03-06
2027-02-27,wk inc flu hosp,1,38,quantile,0.35,40,2027-03-06
2027-02-27,wk inc flu hosp,1,38,quantile,0.4,42,2027-03-06
2027-02-27,wk inc flu hosp,1,38,quantile,0.45,43,2027-03-06
2027-02-27,wk inc flu hosp,1,38,quantile,0.5,44,2027-03-06
2027-02-27,wk inc flu hosp,1,38,quantile,0.55,46,2027-03-06
2027-02-27,wk inc flu hosp,1,38,quantile,0.6,47,2027-03-06
2027-02-27,wk inc flu hosp,1,38,quantile,0.65,49,2027-03-06
2027-02-27,wk inc flu hosp,1,38,quantile,0.7,52,2027-03-06
2027-02-27,wk inc flu hosp,1,38,quantile,0.75,54,2027-03-06
2027-02-27,wk inc flu hosp,1,38,quantile,0.8,56,2027-03-06
2027-02-27,wk inc flu hosp,1,38,quantile,0.85,59,2027-03-06
2027-02-27,wk inc flu hosp,1,38,quantile,0.9,61,2027-03-06
2027-02-27,wk inc flu hosp,1,38,quantile,0.95,68,2027-03-06
2027-02-27,wk inc flu hosp,1,38,quantile,0.975,77,2027-03-06
2027-02-27,wk inc flu hosp,1,38,quantile,0.99,93,2027-03-06
2027-02-27,wk inc flu hosp,1,39,quantile,0.01,1118,2027-03-06
2027-02-27,wk inc flu hosp,1,39,quantile,0.025,1143,2027-03-06
2027-02-27,wk inc flu hosp,1,39,quantile,0.05,1195,2027-03-06
2027-02-27,wk inc flu hosp,1,39,quantile,0.1,1350,2027-03-06
2027-02-27,wk inc flu hosp,1,39,quantile,0.15,1424,2027-03-06
2027-02-27,wk inc flu hosp,1,39,quantile,0.2,1486,2027-03-06
2027-02-27,wk inc flu hosp,1,39,quantile,0.25,1519,2027-03-06
2027-02-27,wk inc flu hosp,1,39,quantile,0.3,1559,2027-03-06
2027-02-27,wk inc flu hosp,1,39,quantile,0.35,1587,2027-03-06
2027-02-27,wk inc flu hosp,1,39,quantile,0.4,1626,2027-03-06
2027-02-27,wk inc flu hosp,1,39,quantile,0.45,1656,2027-03-06
2027-02-27,wk inc flu hosp,1,39,quantile,0.5,1692,2027-03-06
2027-02-27,wk inc flu hosp,1,39,quantile,0.55,1735,2027-03-06
2027-02-27,wk inc flu hosp,1,39,quantile,0.6,1800,2027-03-06
2027-02-27,wk inc flu hosp,1,39,quantile,0.65,1858,2027-03-06
2027-02-27,wk inc flu hosp,1,39,quantile,0.7,1908,2027-03-06
2027-02-27,wk inc flu hosp,1,39,quantile,0.75,1930,2027-03-06
2027-02-27,wk inc flu hosp,1,39,quantile,0.8,2000,2027-03-06
2027-02-27,wk inc flu hosp,1,39,quantile,0.85,2075,2027-03-06
2027-02-27,wk inc flu hosp,1,39,quantile,0.9,2140,2027-03-06
2027-02-27,wk inc flu hosp,1,39,quantile,0.95,2282,2027-03-06
2027-02-27,wk inc flu hosp,1,39,quantile,0.975,2459,2027-03-06
2027-02-27,wk inc flu hosp,1,39,quantile,0.99,2618,2027-03-06
2027-02-27,wk inc flu hosp,1,40,quantile,0.01,126,2027-03-06
2027-02-27,wk inc flu hosp,1,40,quantile,0.025,147,2027-03-06
2027-02-27,wk inc flu hosp,1,40,quantile,0.05,156,2027-03-06
2027-02-27,wk inc flu hosp,1,40,quantile,0.1,170,2027-03-06
2027-02-27,wk inc flu hosp,1,40,quantile,0.15,177,2027-03-06
2027-02-27,wk inc flu hosp,1,40,quantile,0.2,188,2027-03-06
2027-02-27,wk inc flu hosp,1,40,quantile,0.25,194,2027-03-06
2027-02-27,wk inc flu hosp,1,40,quantile,0.3,198,2027-03-06
2027-02-27,wk inc flu hosp,1,40,quantile,0.35,205,2027-03-06
2027-02-27,wk inc flu hosp,1,40,quantile,0.4,210,2027-03-06
2027-02-27,wk inc flu hosp,1,40,quantile,0.45,213,2027-03-06
2027-02-27,wk inc flu hosp,1,40,quantile,0.5,218,2027-03-06
2027-02-27,wk inc flu hosp,1,40,quantile,0.55,223,2027-03-06
2027-02-27,wk inc flu hosp,1,40,quantile,0.6,228,2027-03-06
2027-02-27,wk inc flu hosp,1,40,quantile,0.65,234,2027-03-06
2027-02-27,wk inc flu hosp,1,40,quantile,0.7,244,2027-03-06
2027-02-27,wk inc flu hosp,1,40,quantile,0.75,252,2027-03-06
2027-02-27,wk inc flu hosp,1,40,quantile,0.8,258,2027-03-06
2027-02-27,wk inc flu hosp,1,40,quantile,0.85,266,2027-03-06
2027-02-27,wk inc flu hosp,1,40,quantile,0.9,283,2027-03-06
2027-02-27,wk inc flu hosp,1,40,quantile,0.95,325,2027-03-06
2027-02-27,wk inc flu hosp,1,40,quantile,0.975,367,2027-03-06
2027-02-27,wk inc flu hosp,1,40,quantile,0.99,406,2027-03-06
2027-02-27,wk inc flu hosp,1,41,quantile,0.01,139,2027-03-06
2027-02-27,wk inc flu hosp,1,41,quantile,0.025,150,2027-03-06
2027-02-27,wk inc flu hosp,1,41,quantile,0.05,157,2027-03-06
2027-02-27,wk inc flu hosp,1,41,quantile,0.1,164,2027-03-06
2027-02-27,wk inc flu hosp,1,41,quantile,0.15,171,2027-03-06
2027-02-27,wk inc flu hosp,1,41,quantile,0.2,177,2027-03-06
2027-02-27,wk inc flu hosp,1,41,quantile,0.25,180,2027-03-06
2027-02-27,wk inc flu hosp,1,41,quantile,0.3,186,2027-03-06
2027-02-27,wk inc flu hosp,1,41,quantile,0.35,193,2027-03-06
2027-02-27,wk inc flu hosp,1,41,quantile,0.4,197,2027-03-06
2027-02-27,wk inc flu hosp,1,41,quantile,0.45,202,2027-03-06
2027-02-27,wk inc flu hosp,1,41,quantile,0.5,207,2027-03-06
2027-02-27,wk inc flu hosp,1,41,quantile,0.55,213,2027-03-06
2027-02-27,wk inc flu hosp,1,41,quantile,0.6,218,2027-03-06
2027-02-27,wk inc flu hosp,1,41,quantile,0.65,221,2027-03-06
2027-02-27,wk inc flu hosp,1,41,quantile,0.7,234,2027-03-06
2027-02-27,wk inc flu hosp,1,41,quantile,0.75,248,2027-03-06
2027-02-27,wk inc flu hosp,1,41,quantile,0.8,254,2027-03-06
2027-02-27,wk inc flu hosp,1,41,quantile,0.85,260,2027-03-06
2027-02-27,wk inc flu hosp,1,41,quantile,0.9,272,2027-03-06
2027-02-27,wk inc flu hosp,1,41,quantile,0.95,292,2027-03-06
2027-02-27,wk inc flu hosp,1,41,quantile,0.975,308,2027-03-06
2027-02-27,wk inc flu hosp,1,41,quantile,0.99,344,2027-03-06
2027-02-27,wk inc flu hosp,1,42,quantile,0.01,1038,2027-03-06
2027-02-27,wk inc flu hosp,1,42,quantile,0.025,1413,2027-03-06
2027-02-27,wk inc flu hosp,1,42,quantile,0.05,1500,2027-03-06
2027-02-27,wk inc flu hosp,1,42,quantile,0.1,1610,2027-03-06
2027-02-27,wk inc flu hosp,1,42,quantile,0.15,1690,2027-03-06
2027-02-27,wk inc flu hosp,1,42,quantile,0.2,1734,2027-03-06
2027-02-27,wk inc flu hosp,1,42,quantile,0.25,1789,2027-03-06
2027-02-27,wk inc flu hosp,1,42,quantile,0.3,1862,2027-03-06
2027-02-27,wk inc flu hosp,1,42,quantile,0.35,1972,2027-03-06
2027-02-27,wk inc flu hosp,1,42,quantile,0.4,2012,2027-03-06
2027-02-27,wk inc flu hosp,1,42,quantile,0.45,2077,2027-03-06
2027-02-27,wk inc flu hosp,1,42,quantile,0.5,2122,2027-03-06
2027-02-27,wk inc flu hosp,1,42,quantile,0.55,2167,2027-03-06
2027-02-27,wk inc flu hosp,1,42,quantile,0.6,2228,2027-03-06
2027-02-27,wk inc flu hosp,1,42,quantile,0.65,2317,2027-03-06
2027-02-27,wk inc flu hosp,1,42,quantile,0.7,2365,2027-03-06
2027-02-27,wk inc flu hosp,1,42,quantile,0.75,2419,2027-03-06
2027-02-27,wk inc flu hosp,1,42,quantile,0.8,2462,2027-03-06
2027-02-27,wk inc flu hosp,1,42,quantile,0.85,2564,2027-03-06
2027-02-27,wk inc flu hosp,1,42,quantile,0.9,2690,2027-03-06
2027-02-27,wk inc flu hosp,1,42,quantile,0.95,2924,2027-03-06
2027-02-27,wk inc flu hosp,1,42,quantile,0.975,3023,2027-03-06
2027-02-27,wk inc flu hosp,1,42,quantile,0.99,3053,2027-03-06
2027-02-27,wk inc flu hosp,1,44,quantile,0.01,37,2027-03-06
2027-02-27,wk inc flu hosp,1,44,quantile,0.025,40,2027-03-06
2027-02-27,wk inc flu hosp,1,44,quantile,0.05,40,2027-03-06
2027-02-27,wk inc flu hosp,1,44,quantile,0.1,49,2027-03-06
2027-02-27,wk inc flu hosp,1,44,quantile,0.15,53,2027-03-06
2027-02-27,wk inc flu hosp,1,44,quantile,0.2,56,2027-03-06
2027-02-27,wk inc flu hosp,1,44,quantile,0.25,58,2027-03-06
2027-02-27,wk inc flu hosp,1,44,quantile,0.3,59,2027-03-06
2027-02-27,wk inc flu hosp,1,44,quantile,0.35,64,2027-03-06
2027-02-27,wk inc flu hosp,1,44,quantile,0.4,66,2027-03-06
2027-02-27,wk inc flu hosp,1,44,quantile,0.45,67,2027-03-06
2027-02-27,wk inc flu hosp,1,44,quantile,0.5,70,2027-03-06
2027-02-27,wk inc flu hosp,1,44,quantile,0.55,72,2027-03-06
2027-02-27,wk inc flu hosp,1,44,quantile,0.6,74,2027-03-06
2027-02-27,wk inc flu hosp,1,44,quantile,0.65,78,2027-03-06
2027-02-27,wk inc flu hosp,1,44,quantile,0.7,81,2027-03-06
2027-02-27,wk inc flu hosp,1,44,quantile,0.75,83,2027-03-06
2027-02-27,wk inc flu hosp,1,44,quantile,0.8,86,2027-03-06
2027-02-27,wk inc flu hosp,1,44,quantile,0.85,90,2027-03-06
2027-02-27,wk inc flu hosp,1,44,quantile,0.9,93,2027-03-06
2027-02-27,wk inc flu hosp,1,44,quantile,0.95,100,2027-03-06
2027-02-27,wk inc flu hosp,1,44,quantile,0.975,106,2027-03-06
2027-02-27,wk inc flu hosp,1,44,quantile,0.99,131,2027-03-06
2027-02-27,wk inc flu hosp,1,45,quantile,0.01,156,2027-03-06
2027-02-27,wk inc flu hosp,1,45,quantile,0.025,172,2027-03-06
2027-02-27,wk inc flu hosp,1,45,quantile,0.05,197,2027-03-06
2027-02-27,wk inc flu hosp,1,45,quantile,0.1,237,2027-03-06
2027-02-27,wk inc flu hosp,1,45,quantile,0.15,255,2027-03-06
2027-02-27,wk inc flu hosp,1,45,quantile,0.2,269,2027-03-06
2027-02-27,wk inc flu hosp,1,45,quantile,0.25,274,2027-03-06
2027-02-27,wk inc flu hosp,1,45,quantile,0.3,283,2027-03-06
2027-02-27,wk inc flu hosp,1,45,quantile,0.35,300,2027-03-06
2027-02-27,wk inc flu hosp,1,45,quantile,0.4,309,2027-03-06
2027-02-27,wk inc flu hosp,1,45,quantile,0.45,317,2027-03-06
2027-02-27,wk inc flu hosp,1,45,quantile,0.5,330,2027-03-06
2027-02-27,wk inc flu hosp,1,45,quantile,0.55,339,2027-03-06
2027-02-27,wk inc flu hosp,1,45,quantile,0.6,348,2027-03-06
2027-02-27,wk inc flu hosp,1,45,quantile,0.65,360,2027-03-06
2027-02-27,wk inc flu hosp,1,45,quantile,0.7,368,2027-03-06
2027-02-27,wk inc flu hosp,1,45,quantile,0.75,384,2027-03-06
2027-02-27,wk inc flu hosp,1,45,quantile,0.8,401,2027-03-06
2027-02-27,wk inc flu hosp,1,45,quantile,0.85,417,2027-03-06
2027-02-27,wk inc flu hosp,1,45,quantile,0.9,444,2027-03-06
2027-02-27,wk inc flu hosp,1,45,quantile,0.95,479,2027-03-06
2027-02-27,wk inc flu hosp,1,45,quantile,0.975,515,2027-03-06
2027-02-27,wk inc flu hosp,1,45,quantile,0.99,548,2027-03-06
2027-02-27,wk inc flu hosp,1,46,quantile,0.01,44,2027-03-06
2027-02-27,wk inc flu hosp,1,46,quantile,0.025,49,2027-03-06
2027-02-27,wk inc flu hosp,1,46,quantile,0.05,51,2027-03-06
2027-02-27,wk inc flu hosp,1,46,quantile,0.1,56,2027-03-06
2027-02-27,wk inc flu hosp,1,46,quantile,0.15,60,2027-03-06
2027-02-27,wk inc flu hosp,1,46,quantile,0.2,66,2027-03-06
2027-02-27,wk inc flu hosp,1,46,quantile,0.25,70,2027-03-06
2027-02-27,wk inc flu hosp,1,46,quantile,0.3,72,2027-03-06
2027-02-27,wk inc flu hosp,1,46,quantile,0.35,77,2027-03-06
2027-02-27,wk inc flu hosp,1,46,quantile,0.4,79,2027-03-06
2027-02-27,wk inc flu hosp,1,46,quantile,0.45,83,2027-03-06
2027-02-27,wk inc flu hosp,1,46,quantile,0.5,84,2027-03-06
2027-02-27,wk inc flu hosp,1,46,quantile,0.55,86,2027-03-06
2027-02-27,wk inc flu hosp,1,46,quantile,0.6,88,2027-03-06
2027-02-27,wk inc flu hosp,1,46,quantile,0.65,92,2027-03-06
2027-02-27,wk inc flu hosp,1,46,quantile,0.7,96,2027-03-06
2027-02-27,wk inc flu hosp,1,46,quantile,0.75,100,2027-03-06
2027-02-27,wk inc flu hosp,1,46,quantile,0.8,102,2027-03-06
2027-02-27,wk inc flu hosp,1,46,quantile,0.85,107,2027-03-06
2027-02-27,wk inc flu hosp,1,46,quantile,0.9,113,2027-03-06
2027-02-27,wk inc flu hosp,1,46,quantile,0.95,123,2027-03-06
2027-02-27,wk inc flu hosp,1,46,quantile,0.975,132,2027-03-06
2027-02-27,wk inc flu hosp,1,46,quantile,0.99,139,2027-03-06
2027-02-27,wk inc flu hosp,1,47,quantile,0.01,321,2027-03-06
2027-02-27,wk inc flu hosp,1,47,quantile,0.025,374,2027-03-06
2027-02-27,wk inc flu hosp,1,47,quantile,0.05,397,2027-03-06
2027-02-27,wk inc flu hosp,1,47,quantile,0.1,422,2027-03-06
2027-02-27,wk inc flu hosp,1,47,quantile,0.15,436,2027-03-06
2027-02-27,wk inc flu hosp,1,47,quantile,0.2,456,2027-03-06
2027-02-27,wk inc flu hosp,1,47,quantile,0.25,466,2027-03-06
2027-02-27,wk inc flu hosp,1,47,quantile,0.3,475,2027-03-06
2027-02-27,wk inc flu hosp,1,47,quantile,0.35,485,2027-03-06
2027-02-27,wk inc flu hosp,1,47,quantile,0.4,498,2027-03-06
2027-02-27,wk inc flu hosp,1,47,quantile,0.45,504,2027-03-06
2027-02-27,wk inc flu hosp,1,47,quantile,0.5,524,2027-03-06
2027-02-27,wk inc flu hosp,1,47,quantile,0.55,533,2027-03-06
2027-02-27,wk inc flu hosp,1,47,quantile,0.6,541,2027-03-06
2027-02-27,wk inc flu hosp,1,47,quantile,0.65,549,2027-03-06
2027-02-27,wk inc flu hosp,1,47,quantile,0.7,560,2027-03-06
2027-02-27,wk inc flu hosp,1,47,quantile,0.75,578,2027-03-06
2027-02-27,wk inc flu hosp,1,47,quantile,0.8,592,2027-03-06
2027-02-27,wk inc flu hosp,1,47,quantile,0.85,605,2027-03-06
2027-02-27,wk inc flu hosp,1,47,quantile,0.9,623,2027-03-06
2027-02-27,wk inc flu hosp,1,47,quantile,0.95,641,2027-03-06
2027-02-27,wk inc flu hosp,1,47,quantile,0.975,660,2027-03-06
2027-02-27,wk inc flu hosp,1,47,quantile,0.99,704,2027-03-06
2027-02-27,wk inc flu hosp,1,48,quantile,0.01,712,2027-03-06
2027-02-27,wk inc flu hosp,1,48,quantile,0.025,817,2027-03-06
2027-02-27,wk inc flu hosp,1,48,quantile,0.05,856,2027-03-06
2027-02-27,wk inc flu hosp,1,48,quantile,0.1,1014,2027-03-06
2027-02-27,wk inc flu hosp,1,48,quantile,0.15,1136,2027-03-06
2027-02-27,wk inc flu hosp,1,48,quantile,0.2,1191,2027-03-06
2027-02-27,wk inc flu hosp,1,48,quantile,0.25,1261,2027-03-06
2027-02-27,wk inc flu hosp,1,48,quantile,0.3,1298,2027-03-06
2027-02-27,wk inc flu hosp,1,48,quantile,0.35,1345,2027-03-06
2027-02-27,wk inc flu hosp,1,48,quantile,0.4,1393,2027-03-06
2027-02-27,wk inc flu hosp,1,48,quantile,0.45,1442,2027-03-06
2027-02-27,wk inc flu hosp,1,48,quantile,0.5,1498,2027-03-06
2027-02-27,wk inc flu hosp,1,48,quantile,0.55,1542,2027-03-06
2027-02-27,wk inc flu hosp,1,48,quantile,0.6,1573,2027-03-06
2027-02-27,wk inc flu hosp,1,48,quantile,0.65,1611,2027-03-06
2027-02-27,wk inc flu hosp,1,48,quantile,0.7,1662,2027-03-06
2027-02-27,wk inc flu hosp,1,48,quantile,0.75,1704,2027-03-06
2027-02-27,wk inc flu hosp,1,48,quantile,0.8,1741,2027-03-06
2027-02-27,wk inc flu hosp,1,48,quantile,0.85,1836,2027-03-06
2027-02-27,wk inc flu hosp,1,48,quantile,0.9,1899,2027-03-06
2027-02-27,wk inc flu hosp,1,48,quantile,0.95,2093,2027-03-06
2027-02-27,wk inc flu hosp,1,48,quantile,0.975,2290,2027-03-06
2027-02-27,wk inc flu hosp,1,48,quantile,0.99,2386,2027-03-06
2027-02-27,wk inc flu hosp,1,49,quantile,0.01,36,2027-03-06
2027-02-27,wk inc flu hosp,1,49,quantile,0.025,41,2027-03-06
2027-02-27,wk inc flu hosp,1,49,quantile,0.05,44,2027-03-06
2027-02-27,wk inc flu hosp,1,49,quantile,0.1,52,2027-03-06
2027-02-27,wk inc flu hosp,1,49,quantile,0.15,55,2027-03-06
2027-02-27,wk inc flu hosp,1,49,quantile,0.2,58,2027-03-06
2027-02-27,wk inc flu hosp,1,49,quantile,0.25,61,2027-03-06
2027-02-27,wk inc flu hosp,1,49,quantile,0.3,63,2027-03-06
2027-02-27,wk inc flu hosp,1,49,quantile,0.35,64,2027-03-06
2027-02-27,wk inc flu hosp,1,49,quantile,0.4,67,2027-03-06
2027-02-27,wk inc flu hosp,1,49,quantile,0.45,69,2027-03-06
2027-02-27,wk inc flu hosp,1,49,quantile,0.5,72,2027-03-06
2027-02-27,wk inc flu hosp,1,49,quantile,0.55,73,2027-03-06
2027-02-27,wk inc flu hosp,1,49,quantile,0.6,76,2027-03-06
2027-02-27,wk inc flu hosp,1,49,quantile,0.65,79,2027-03-06
2027-02-27,wk inc flu hosp,1,49,quantile,0.7,81,2027-03-06
2027-02-27,wk inc flu hosp,1,49,quantile,0.75,82,2027-03-06
2027-02-27,wk inc flu hosp,1,49,quantile,0.8,85,2027-03-06
2027-02-27,wk inc flu hosp,1,49,quantile,0.85,90,2027-03-06
2027-02-27,wk inc flu hosp,1,49,quantile,0.9,94,2027-03-06
2027-02-27,wk inc flu hosp,1,49,quantile,0.95,96,2027-03-06
2027-02-27,wk inc flu hosp,1,49,quantile,0.975,101,2027-03-06
2027-02-27,wk inc flu hosp,1,49,quantile,0.99,112,2027-03-06
2027-02-27,wk inc flu hosp,1,50,quantile,0.01,22,2027-03-06
2027-02-27,wk inc flu hosp,1,50,quantile,0.025,25,2027-03-06
2027-02-27,wk inc flu hosp,1,50,quantile,0.05,27,2027-03-06
2027-02-27,wk inc flu hosp,1,50,quantile,0.1,30,2027-03-06
2027-02-27,wk inc flu hosp,1,50,quantile,0.15,32,2027-03-06
2027-02-27,wk inc flu hosp,1,50,quantile,0.2,35,2027-03-06
2027-02-27,wk inc flu hosp,1,50,quantile,0.25,36,2027-03-06
2027-02-27,wk inc flu hosp,1,50,quantile,0.3,38,2027-03-06
2027-02-27,wk inc flu hosp,1,50,quantile,0.35,40,2027-03-06
2027-02-27,wk inc flu hosp,1,50,quantile,0.4,41,2027-03-06
2027-02-27,wk inc flu hosp,1,50,quantile,0.45,42,2027-03-06
2027-02-27,wk inc flu hosp,1,50,quantile,0.5,43,2027-03-06
2027-02-27,wk inc flu hosp,1,50,quantile,0.55,45,2027-03-06
2027-02-27,wk inc flu hosp,1,50,quantile,0.6,47,2027-03-06
2027-02-27,wk inc flu hosp,1,50,quantile,0.65,49,2027-03-06
2027-02-27,wk inc flu hosp,1,50,quantile,0.7,50,2027-03-06
2027-02-27,wk inc flu hosp,1,50,quantile,0.75,55,2027-03-06
2027-02-27,wk inc flu hosp,1,50,quantile,0.8,56,2027-03-06
2027-02-27,wk inc flu hosp,1,50,quantile,0.85,58,2027-03-06
2027-02-27,wk inc flu hosp,1,50,quantile,0.9,62,2027-03-06
2027-02-27,wk inc flu hosp,1,50,quantile,0.95,69,2027-03-06
2027-02-27,wk inc flu hosp,1,50,quantile,0.975,73,2027-03-06
2027-02-27,wk inc flu hosp,1,50,quantile,0.99,79,2027-03-06
2027-02-27,wk inc flu hosp,1,51,quantile,0.01,359,2027-03-06
2027-02-27,wk inc flu hosp,1,51,quantile,0.025,375,2027-03-06
2027-02-27,wk inc flu hosp,1,51,quantile,0.05,389,2027-03-06
2027-02-27,wk inc flu hosp,1,51,quantile,0.1,438,2027-03-06
2027-02-27,wk inc flu hosp,1,51,quantile,0.15,457,2027-03-06
2027-02-27,wk inc flu hosp,1,51,quantile,0.2,483,2027-03-06
2027-02-27,wk inc flu hosp,1,51,quantile,0.25,506,2027-03-06
2027-02-27,wk inc flu hosp,1,51,quantile,0.3,531,2027-03-06
2027-02-27,wk inc flu hosp,1,51,quantile,0.35,545,2027-03-06
2027-02-27,wk inc flu hosp,1,51,quantile,0.4,563,2027-03-06
2027-02-27,wk inc flu hosp,1,51,quantile,0.45,574,2027-03-06
2027-02-27,wk inc flu hosp,1,51,quantile,0.5,592,2027-03-06
2027-02-27,wk inc flu hosp,1,51,quantile,0.55,618,2027-03-06
2027-02-27,wk inc flu hosp,1,51,quantile,0.6,639,2027-03-06
2027-02-27,wk inc flu hosp,1,51,quantile,0.65,659,2027-03-06
2027-02-27,wk inc flu hosp,1,51,quantile,0.7,672,2027-03-06
2027-02-27,wk inc flu hosp,1,51,quantile,0.75,703,2027-03-06
2027-02-27,wk inc flu hosp,1,51,quantile,0.8,717,2027-03-06
2027-02-27,wk inc flu hosp,1,51,quantile,0.85,733,2027-03-06
2027-02-27,wk inc flu hosp,1,51,quantile,0.9,776,2027-03-06
2027-02-27,wk inc flu hosp,1,51,quantile,0.95,852,2027-03-06
2027-02-27,wk inc flu hosp,1,51,quantile,0.975,894,2027-03-06
2027-02-27,wk inc flu hosp,1,51,quantile,0.99,915,2027-03-06
2027-02-27,wk inc flu hosp,1,53,quantile,0.01,142,2027-03-06
2027-02-27,wk inc flu hosp,1,53,quantile,0.025,157,2027-03-06
2027-02-27,wk inc flu hosp,1,53,quantile,0.05,168,2027-03-06
2027-02-27,wk inc flu hosp,1,53,quantile,0.1,184,2027-03-06
2027-02-27,wk inc flu hosp,1,53,quantile,0.15,197,2027-03-06
2027-02-27,wk inc flu hosp,1,53,quantile,0.2,205,2027-03-06
2027-02-27,wk inc flu hosp,1,53,quantile,0.25,212,2027-03-06
2027-02-27,wk inc flu hosp,1,53,quantile,0.3,222,2027-03-06
2027-02-27,wk inc flu hosp,1,53,quantile,0.35,233,2027-03-06
2027-02-27,wk inc flu hosp,1,53,quantile,0.4,245,2027-03-06
2027-02-27,wk inc flu hosp,1,53,quantile,0.45,251,2027-03-06
2027-02-27,wk inc flu hosp,1,53,quantile,0.5,260,2027-03-06
2027-02-27,wk inc flu hosp,1,53,quantile,0.55,267,2027-03-06
2027-02-27,wk inc flu hosp,1,53,quantile,0.6,273,2027-03-06
2027-02-27,wk inc flu hosp,1,53,quantile,0.65,277,2027-03-06
2027-02-27,wk inc flu hosp,1,53,quantile,0.7,285,2027-03-06
2027-02-27,wk inc flu hosp,1,53,quantile,0.75,301,2027-03-06
2027-02-27,wk inc flu hosp,1,53,quantile,0.8,307,2027-03-06
2027-02-27,wk inc flu hosp,1,53,quantile,0.85,318,2027-03-06
2027-02-27,wk inc flu hosp,1,53,quantile,0.9,338,2027-03-06
2027-02-27,wk inc flu hosp,1,53,quantile,0.95,367,2027-03-06
2027-02-27,wk inc flu hosp,1,53,quantile,0.975,379,2027-03-06
2027-02-27,wk inc flu hosp,1,53,quantile,0.99,392,2027-03-06
2027-02-27,wk inc flu hosp,1,54,quantile,0.01,231,2027-03-06
2027-02-27,wk inc flu hosp,1,54,quantile,0.025,244,2027-03-06
2027-02-27,wk inc flu hosp,1,54,quantile,0.05,258,2027-03-06
2027-02-27,wk inc flu hosp,1,54,quantile,0.1,275,2027-03-06
2027-02-27,wk inc flu hosp,1,54,quantile,0.15,294,2027-03-06
2027-02-27,wk inc flu hosp,1,54,quantile,0.2,301,2027-03-06
2027-02-27,wk inc flu hosp,1,54,quantile,0.25,309,2027-03-06
2027-02-27,wk inc flu hosp,1,54,quantile,0.3,315,2027-03-06
2027-02-27,wk inc flu hosp,1,54,quantile,0.35,326,2027-03-06
2027-02-27,wk inc flu hosp,1,54,quantile,0.4,332,2027-03-06
2027-02-27,wk inc flu hosp,1,54,quantile,0.45,338,2027-03-06
2027-02-27,wk inc flu hosp,1,54,quantile,0.5,346,2027-03-06
2027-02-27,wk inc flu hosp,1,54,quantile,0.55,352,2027-03-06
2027-02-27,wk inc flu hosp,1,54,quantile,0.6,358,2027-03-06
2027-02-27,wk inc flu hosp,1,54,quantile,0.65,368,2027-03-06
2027-02-27,wk inc flu hosp,1,54,quantile,0.7,383,2027-03-06
2027-02-27,wk inc flu hosp,1,54,quantile,0.75,394,2027-03-06
2027-02-27,wk inc flu hosp,1,54,quantile,0.8,405,2027-03-06
2027-02-27,wk inc flu hosp,1,54,quantile,0.85,415,2027-03-06
2027-02-27,wk inc flu hosp,1,54,quantile,0.9,434,2027-03-06
2027-02-27,wk inc flu hosp,1,54,quantile,0.95,456,2027-03-06
2027-02-27,wk inc flu hosp,1,54,quantile,0.975,488,2027-03-06
2027-02-27,wk inc flu hosp,1,54,quantile,0.99,535,2027-03-06
2027-02-27,wk inc flu hosp,1,55,quantile,0.01,374,2027-03-06
2027-02-27,wk inc flu hosp,1,55,quantile,0.025,399,2027-03-06
2027-02-27,wk inc flu hosp,1,55,quantile,0.05,428,2027-03-06
2027-02-27,wk inc flu hosp,1,55,quantile,0.1,458,2027-03-06
2027-02-27,wk inc flu hosp,1,55,quantile,0.15,464,2027-03-06
2027-02-27,wk inc flu hosp,1,55,quantile,0.2,480,2027-03-06
2027-02-27,wk inc flu hosp,1,55,quantile,0.25,495,2027-03-06
2027-02-27,wk inc flu hosp,1,55,quantile,0.3,518,2027-03-06
2027-02-27,wk inc flu hosp,1,55,quantile,0.35,529,2027-03-06
2027-02-27,wk inc flu hosp,1,55,quantile,0.4,545,2027-03-06
2027-02-27,wk inc flu hosp,1,55,quantile,0.45,555,2027-03-06
2027-02-27,wk inc flu hosp,1,55,quantile,0.5,566,2027-03-06
2027-02-27,wk inc flu hosp,1,55,quantile,0.55,579,2027-03-06
2027-02-27,wk inc flu hosp,1,55,quantile,0.6,594,2027-03-06
2027-02-27,wk inc flu hosp,1,55,quantile,0.65,604,2027-03-06
2027-02-27,wk inc flu hosp,1,55,quantile,0.7,621,2027-03-06
2027-02-27,wk inc flu hosp,1,55,quantile,0.75,632,2027-03-06
2027-02-27,wk inc flu hosp,1,55,quantile,0.8,642,2027-03-06
2027-02-27,wk inc flu hosp,1,55,quantile,0.85,663,2027-03-06
2027-02-27,wk inc flu hosp,1,55,quantile,0.9,698,2027-03-06
2027-02-27,wk inc flu hosp,1,55,quantile,0.95,768,2027-03-06
2027-02-27,wk inc flu hosp,1,55,quantile,0.975,802,2027-03-06
2027-02-27,wk inc flu hosp,1,55,quantile,0.99,823,2027-03-06
2027-02-27,wk inc flu hosp,1,56,quantile,0.01,15,2027-03-06
2027-02-27,wk inc flu hosp,1,56,quantile,0.025,18,2027-03-06
2027-02-27,wk inc flu hosp,1,56,quantile,0.05,19,2027-03-06
2027-02-27,wk inc flu hosp,1,56,quantile,0.1,21,2027-03-06
2027-02-27,wk inc flu hosp,1,56,quantile,0.15,24,2027-03-06
2027-02-27,wk inc flu hosp,1,56,quantile,0.2,26,2027-03-06
2027-02-27,wk inc flu hosp,1,56,quantile,0.25,27,2027-03-06
2027-02-27,wk inc flu hosp,1,56,quantile,0.3,28,2027-03-06
2027-02-27,wk inc flu hosp,1,56,quantile,0.35,29,2027-03-06
2027-02-27,wk inc flu hosp,1,56,quantile,0.4,32,2027-03-06
2027-02-27,wk inc flu hosp,1,56,quantile,0.45,33,2027-03-06
2027-02-27,wk inc flu hosp,1,56,quantile,0.5,34,2027-03-06
2027-02-27,wk inc flu hosp,1,56,quantile,0.55,36,2027-03-06
2027-02-27,wk inc flu hosp,1,56,quantile,0.6,38,2027-03-06
2027-02-27,wk inc flu hosp,1,56,quantile,0.65,40,2027-03-06
2027-02-27,wk inc flu hosp,1,56,quantile,0.7,42,2027-03-06
2027-02-27,wk inc flu hosp,1,56,quantile,0.75,44,2027-03-06
2027-02-27,wk inc flu hosp,1,56,quantile,0.8,48,2027-03-06
2027-02-27,wk inc flu hosp,1,56,quantile,0.85,52,2027-03-06
2027-02-27,wk inc flu hosp,1,56,quantile,0.9,55,2027-03-06
2027-02-27,wk inc flu hosp,1,56,quantile,0.95,62,2027-03-06
2027-02-27,wk inc flu hosp,1,56,quantile,0.975,67,2027-03-06
2027-02-27,wk inc flu hosp,1,56,quantile,0.99,72,2027-03-06
2027-02-27,wk inc flu hosp,1,72,quantile,0.01,99,2027-03-06
2027-02-27,wk inc flu hosp,1,72,quantile,0.025,118,2027-03-06
2027-02-27,wk inc flu hosp,1,72,quantile,0.05,124,2027-03-06
2027-02-27,wk inc flu hosp,1,72,quantile,0.1,146,2027-03-06
2027-02-27,wk inc flu hosp,1,72,quantile,0.15,157,2027-03-06
2027-02-27,wk inc flu hosp,1,72,quantile,0.2,167,2027-03-06
2027-02-27,wk inc flu hosp,1,72,quantile,0.25,178,2027-03-06
2027-02-27,wk inc flu hosp,1,72,quantile,0.3,183,2027-03-06
2027-02-27,wk inc flu hosp,1,72,quantile,0.35,193,2027-03-06
2027-02-27,wk inc flu hosp,1,72,quantile,0.4,199,2027-03-06
2027-02-27,wk inc flu hosp,1,72,quantile,0.45,209,2027-03-06
2027-02-27,wk inc flu hosp,1,72,quantile,0.5,216,2027-03-06
2027-02-27,wk inc flu hosp,1,72,quantile,0.55,228,2027-03-06
2027-02-27,wk inc flu hosp,1,72,quantile,0.6,236,2027-03-06
2027-02-27,wk inc flu hosp,1,72,quantile,0.65,245,2027-03-06
2027-02-27,wk inc flu hosp,1,72,quantile,0.7,253,2027-03-06
2027-02-27,wk inc flu hosp,1,72,quantile,0.75,287,2027-03-06
2027-02-27,wk inc flu hosp,1,72,quantile,0.8,295,2027-03-06
2027-02-27,wk inc flu hosp,1,72,quantile,0.85,325,2027-03-06
2027-02-27,wk inc flu hosp,1,72,quantile,0.9,342,2027-03-06
2027-02-27,wk inc flu hosp,1,72,quantile,0.95,376,2027-03-06
2027-02-27,wk inc flu hosp,1,72,quantile,0.975,390,2027-03-06
2027-02-27,wk inc flu hosp,1,72,quantile,0.99,403,2027-03-06
2027-02-27,wk inc flu hosp,1,USA,quantile,0.01,21630,2027-03-06
2027-02-27,wk inc flu hosp,1,USA,quantile,0.025,22264,2027-03-06
2027-02-27,wk inc flu hosp,1,USA,quantile,0.05,22569,2027-03-06
2027-02-27,wk inc flu hosp,1,USA,quantile,0.1,22806,2027-03-06
2027-02-27,wk inc flu hosp,1,USA,quantile,0.15,23172,2027-03-06
2027-02-27,wk inc flu hosp,1,USA,quantile,0.2,23389,2027-03-06
2027-02-27,wk inc flu hosp,1,USA,quantile,0.25,23651,2027-03-06
2027-02-27,wk inc flu hosp,1,USA,quantile,0.3,23790,2027-03-06
2027-02-27,wk inc flu hosp,1,USA,quantile,0.35,24028,2027-03-06
2027-02-27,wk inc flu hosp,1,USA,quantile,0.4,24178,2027-03-06
2027-02-27,wk inc flu hosp,1,USA,quantile,0.45,24382,2027-03-06
2027-02-27,wk inc flu hosp,1,USA,quantile,0.5,24576,2027-03-06
2027-02-27,wk inc flu hosp,1,USA,quantile,0.55,24757,2027-03-06
2027-02-27,wk inc flu hosp,1,USA,quantile,0.6,25053,2027-03-06
2027-02-27,wk inc flu hosp,1,USA,quantile,0.65,25145,2027-03-06
2027-02-27,wk inc flu hosp,1,USA,quantile,0.7,25358,2027-03-06
2027-02-27,wk inc flu hosp,1,USA,quantile,0.75,25562,2027-03-06
2027-02-27,wk inc flu hosp,1,USA,quantile,0.8,25915,2027-03-06
2027-02-27,wk inc flu hosp,1,USA,quantile,0.85,26078,2027-03-06
2027-02-27,wk inc flu hosp,1,USA,quantile,0.9,26634,2027-03-06
2027-02-27,wk inc flu hosp,1,USA,quantile,0.95,27247,2027-03-06
2027-02-27,wk inc flu hosp,1,USA,quantile,0.975,28130,2027-03-06
2027-02-27,wk inc flu hosp,1,USA,quantile,0.99,29348,2027-03-06
2027-02-27,wk inc flu hosp,2,01,quantile,0.01,111,2027-03-13
2027-02-27,wk inc flu hosp,2,01,quantile,0.025,126,2027-03-13
2027-02-27,wk inc flu hosp,2,01,quantile,0.05,159,2027-03-13
2027-02-27,wk inc flu hosp,2,01,quantile,0.1,173,2027-03-13
2027-02-27,wk inc flu hosp,2,01,quantile,0.15,190,2027-03-13
2027-02-27,wk inc flu hosp,2,01,quantile,0.2,205,2027-03-13
2027-02-27,wk inc flu hosp,2,01,quantile,0.25,210,2027-03-13
2027-02-27,wk inc flu hosp,2,01,quantile,0.3,217,2027-03-13
2027-02-27,wk inc flu hosp,2,01,quantile,0.35,226,2027-03-13
2027-02-27,wk inc flu hosp,2,01,quantile,0.4,232,2027-03-13
2027-02-27,wk inc flu hosp,2,01,quantile,0.45,241,2027-03-13
2027-02-27,wk inc flu hosp,2,01,quantile,0.5,251,2027-03-13
2027-02-27,wk inc flu hosp,2,01,quantile,0.55,262,2027-03-13
2027-02-27,wk inc flu hosp,2,01,quantile,0.6,267,2027-03-13
2027-02-27,wk inc flu hosp,2,01,quantile,0.65,283,2027-03-13
2027-02-27,wk inc flu hosp,2,01,quantile,0.7,301,2027-03-13
2027-02-27,wk inc flu hosp,2,01,quantile,0.75,319,2027-03-13
2027-02-27,wk inc flu hosp,2,01,quantile,0.8,352,2027-03-13
2027-02-27,wk inc flu hosp,2,01,quantile,0.85,376,2027-03-13
2027-02-27,wk inc flu hosp,2,01,quantile,0.9,406,2027-03-13
2027-02-27,wk inc flu hosp,2,01,quantile,0.95,448,2027-03-13
2027-02-27,wk inc flu hosp,2,01,quantile,0.975,472,2027-03-13
2027-02-27,wk inc flu hosp,2,01,quantile,0.99,518,2027-03-13
2027-02-27,wk inc flu hosp,2,02,quantile,0.01,16,2027-03-13
2027-02-27,wk inc flu hosp,2,02,quantile,0.025,17,2027-03-13
2027-02-27,wk inc flu hosp,2,02,quantile,0.05,22,2027-03-13
2027-02-27,wk inc flu hosp,2,02,quantile,0.1,28,2027-03-13
2027-02-27,wk inc flu hosp,2,02,quantile,0.15,33,2027-03-13
2027-02-27,wk inc flu hosp,2,02,quantile,0.2,37,2027-03-13
2027-02-27,wk inc flu hosp,2,02,quantile,0.25,40,2027-03-13
2027-02-27,wk inc flu hosp,2,02,quantile,0.3,43,2027-03-13
2027-02-27,wk inc flu hosp,2,02,quantile,0.35,47,2027-03-13
2027-02-27,wk inc flu hosp,2,02,quantile,0.4,50,2027-03-13
2027-02-27,wk inc flu hosp,2,02,quantile,0.45,53,2027-03-13
2027-02-27,wk inc flu hosp,2,02,quantile,0.5,58,2027-03-13
2027-02-27,wk inc flu hosp,2,02,quantile,0.55,63,2027-03-13
2027-02-27,wk inc flu hosp,2,02,quantile,0.6,68,2027-03-13
2027-02-27,wk inc flu hosp,2,02,quantile,0.65,73,2027-03-13
2027-02-27,wk inc flu hosp,2,02,quantile,0.7,79,2027-03-13
2027-02-27,wk inc flu hosp,2,02,quantile,0.75,90,2027-03-13
2027-02-27,wk inc flu hosp,2,02,quantile,0.8,99,2027-03-13
2027-02-27,wk inc flu hosp,2,02,quantile,0.85,111,2027-03-13
2027-02-27,wk inc flu hosp,2,02,quantile,0.9,127,2027-03-13
2027-02-27,wk inc flu hosp,2,02,quantile,0.95,158,2027-03-13
2027-02-27,wk inc flu hosp,2,02,quantile,0.975,200,2027-03-13
2027-02-27,wk inc flu hosp,2,02,quantile,0.99,249,2027-03-13
2027-02-27,wk inc flu hosp,2,04,quantile,0.01,255,2027-03-13
2027-02-27,wk inc flu hosp,2,04,quantile,0.025,260,2027-03-13
2027-02-27,wk inc flu hosp,2,04,quantile,0.05,273,2027-03-13
2027-02-27,wk inc flu hosp,2,04,quantile,0.1,344,2027-03-13
2027-02-27,wk inc flu hosp,2,04,quantile,0.15,364,2027-03-13
2027-02-27,wk inc flu hosp,2,04,quantile,0.2,385,2027-03-13
2027-02-27,wk inc flu hosp,2,04,quantile,0.25,404,2027-03-13
2027-02-27,wk inc flu hosp,2,04,quantile,0.3,425,2027-03-13
2027-02-27,wk inc flu hosp,2,04,quantile,0.35,451,2027-03-13
2027-02-27,wk inc flu hosp,2,04,quantile,0.4,474,2027-03-13
2027-02-27,wk inc flu hosp,2,04,quantile,0.45,491,2027-03-13
2027-02-27,wk inc flu hosp,2,04,quantile,0.5,500,2027-03-13
2027-02-27,wk inc flu hosp,2,04,quantile,0.55,513,2027-03-13
2027-02-27,wk inc flu hosp,2,04,quantile,0.6,537,2027-03-13
2027-02-27,wk inc flu hosp,2,04,quantile,0.65,566,2027-03-13
2027-02-27,wk inc flu hosp,2,04,quantile,0.7,581,2027-03-13
2027-02-27,wk inc flu hosp,2,04,quantile,0.75,597,2027-03-13
2027-02-27,wk inc flu hosp,2,04,quantile,0.8,618,2027-03-13
2027-02-27,wk inc flu hosp,2,04,quantile,0.85,671,2027-03-13
2027-02-27,wk inc flu hosp,2,04,quantile,0.9,703,2027-03-13
2027-02-27,wk inc flu hosp,2,04,quantile,0.95,769,2027-03-13
2027-02-27,wk inc flu hosp,2,04,quantile,0.975,790,2027-03-13
2027-02-27,wk inc flu hosp,2,04,quantile,0.99,930,2027-03-13
2027-02-27,wk inc flu hosp,2,05,quantile,0.01,178,2027-03-13
2027-02-27,wk inc flu hosp,2,05,quantile,0.025,200,2027-03-13
2027-02-27,wk inc flu hosp,2,05,quantile,0.05,213,2027-03-13
2027-02-27,wk inc flu hosp,2,05,quantile,0.1,234,2027-03-13
2027-02-27,wk inc flu hosp,2,05,quantile,0.15,250,2027-03-13
2027-02-27,wk inc flu hosp,2,05,quantile,0.2,262,2027-03-13
2027-02-27,wk inc flu hosp,2,05,quantile,0.25,272,2027-03-13
2027-02-27,wk inc flu hosp,2,05,quantile,0.3,281,2027-03-13
2027-02-27,wk inc flu hosp,2,05,quantile,0.35,287,2027-03-13
2027-02-27,wk inc flu hosp,2,05,quantile,0.4,291,2027-03-13
2027-02-27,wk inc flu hosp,2,05,quantile,0.45,298,2027-03-13
2027-02-27,wk inc flu hosp,2,05,quantile,0.5,313,2027-03-13
2027-02-27,wk inc flu hosp,2,05,quantile,0.55,324,2027-03-13
2027-02-27,wk inc flu hosp,2,05,quantile,0.6,334,2027-03-13
2027-02-27,wk inc flu hosp,2,05,quantile,0.65,348,2027-03-13
2027-02-27,wk inc flu hosp,2,05,quantile,0.7,365,2027-03-13
2027-02-27,wk inc flu hosp,2,05,quantile,0.75,381,2027-03-13
2027-02-27,wk inc flu hosp,2,05,quantile,0.8,398,2027-03-13
2027-02-27,wk inc flu hosp,2,05,quantile,0.85,414,2027-03-13
2027-02-27,wk inc flu hosp,2,05,quantile,0.9,444,2027-03-13
2027-02-27,wk inc flu hosp,2,05,quantile,0.95,493,2027-03-13
2027-02-27,wk inc flu hosp,2,05,quantile,0.975,507,2027-03-13
2027-02-27,wk inc flu hosp,2,05,quantile,0.99,602,2027-03-13
2027-02-27,wk inc flu hosp,2,06,quantile,0.01,593,2027-03-13
2027-02-27,wk inc flu hosp,2,06,quantile,0.025,668,2027-03-13
2027-02-27,wk inc flu hosp,2,06,quantile,0.05,696,2027-03-13
2027-02-27,wk inc flu hosp,2,06,quantile,0.1,782,2027-03-13
2027-02-27,wk inc flu hosp,2,06,quantile,0.15,845,2027-03-13
2027-02-27,wk inc flu hosp,2,06,quantile,0.2,881,2027-03-13
2027-02-27,wk inc flu hosp,2,06,quantile,0.25,916,2027-03-13
2027-02-27,wk inc flu hosp,2,06,quantile,0.3,930,2027-03-13
2027-02-27,wk inc flu hosp,2,06,quantile,0.35,955,2027-03-13
2027-02-27,wk inc flu hosp,2,06,quantile,0.4,972,2027-03-13
2027-02-27,wk inc flu hosp,2,06,quantile,0.45,991,2027-03-13
2027-02-27,wk inc flu hosp,2,06,quantile,0.5,1021,2027-03-13
2027-02-27,wk inc flu hosp,2,06,quantile,0.55,1042,2027-03-13
2027-02-27,wk inc flu hosp,2,06,quantile,0.6,1067,2027-03-13
2027-02-27,wk inc flu hosp,2,06,quantile,0.65,1122,2027-03-13
2027-02-27,wk inc flu hosp,2,06,quantile,0.7,1147,2027-03-13
2027-02-27,wk inc flu hosp,2,06,quantile,0.75,1191,2027-03-13
2027-02-27,wk inc flu hosp,2,06,quantile,0.8,1267,2027-03-13
2027-02-27,wk inc flu hosp,2,06,quantile,0.85,1289,2027-03-13
2027-02-27,wk inc flu hosp,2,06,quantile,0.9,1344,2027-03-13
2027-02-27,wk inc flu hosp,2,06,quantile,0.95,1413,2027-03-13
2027-02-27,wk inc flu hosp,2,06,quantile,0.975,1496,2027-03-13
2027-02-27,wk inc flu hosp,2,06,quantile,0.99,1618,2027-03-13
2027-02-27,wk inc flu hosp,2,08,quantile,0.01,189,2027-03-13
2027-02-27,wk inc flu hosp,2,08,quantile,0.025,198,2027-03-13
2027-02-27,wk inc flu hosp,2,08,quantile,0.05,208,2027-03-13
2027-02-27,wk inc flu hosp,2,08,quantile,0.1,224,2027-03-13
2027-02-27,wk inc flu hosp,2,08,quantile,0.15,234,2027-03-13
2027-02-27,wk inc flu hosp,2,08,quantile,0.2,243,2027-03-13
2027-02-27,wk inc flu hosp,2,08,quantile,0.25,250,2027-03-13
2027-02-27,wk inc flu hosp,2,08,quantile,0.3,258,2027-03-13
2027-02-27,wk inc flu hosp,2,08,quantile,0.35,264,2027-03-13
2027-02-27,wk inc flu hosp,2,08,quantile,0.4,274,2027-03-13
2027-02-27,wk inc flu hosp,2,08,quantile,0.45,282,2027-03-13
2027-02-27,wk inc flu hosp,2,08,quantile,0.5,289,2027-03-13
2027-02-27,wk inc flu hosp,2,08,quantile,0.55,296,2027-03-13
2027-02-27,wk inc flu hosp,2,08,quantile,0.6,301,2027-03-13
2027-02-27,wk inc flu hosp,2,08,quantile,0.65,316,2027-03-13
2027-02-27,wk inc flu hosp,2,08,quantile,0.7,323,2027-03-13
2027-02-27,wk inc flu hosp,2,08,quantile,0.75,331,2027-03-13
2027-02-27,wk inc flu hosp,2,08,quantile,0.8,344,2027-03-13
2027-02-27,wk inc flu hosp,2,08,quantile,0.85,354,2027-03-13
2027-02-27,wk inc flu hosp,2,08,quantile,0.9,391,2027-03-13
2027-02-27,wk inc flu hosp,2,08,quantile,0.95,419,2027-03-13
2027-02-27,wk inc flu hosp,2,08,quantile,0.975,434,2027-03-13
2027-02-27,wk inc flu hosp,2,08,quantile,0.99,460,2027-03-13
2027-02-27,wk inc flu hosp,2,09,quantile,0.01,99,2027-03-13
2027-02-27,wk inc flu hosp,2,09,quantile,0.025,123,2027-03-13
2027-02-27,wk inc flu hosp,2,09,quantile,0.05,132,2027-03-13
2027-02-27,wk inc flu hosp,2,09,quantile,0.1,150,2027-03-13
2027-02-27,wk inc flu hosp,2,09,quantile,0.15,161,2027-03-13
2027-02-27,wk inc flu hosp,2,09,quantile,0.2,169,2027-03-13
2027-02-27,wk inc flu hosp,2,09,quantile,0.25,176,2027-03-13
2027-02-27,wk inc flu hosp,2,09,quantile,0.3,185,2027-03-13
2027-02-27,wk inc flu hosp,2,09,quantile,0.35,192,2027-03-13
2027-02-27,wk inc flu hosp,2,09,quantile,0.4,196,2027-03-13
2027-02-27,wk inc flu hosp,2,09,quantile,0.45,204,2027-03-13
2027-02-27,wk inc flu hosp,2,09,quantile,0.5,213,2027-03-13
2027-02-27,wk inc flu hosp,2,09,quantile,0.55,220,2027-03-13
2027-02-27,wk inc flu hosp,2,09,quantile,0.6,234,2027-03-13
2027-02-27,wk inc flu hosp,2,09,quantile,0.65,241,2027-03-13
2027-02-27,wk inc flu hosp,2,09,quantile,0.7,254,2027-03-13
2027-02-27,wk inc flu hosp,2,09,quantile,0.75,266,2027-03-13
2027-02-27,wk inc flu hosp,2,09,quantile,0.8,279,2027-03-13
2027-02-27,wk inc flu hosp,2,09,quantile,0.85,294,2027-03-13
2027-02-27,wk inc flu hosp,2,09,quantile,0.9,304,2027-03-13
2027-02-27,wk inc flu hosp,2,09,quantile,0.95,363,2027-03-13
2027-02-27,wk inc flu hosp,2,09,quantile,0.975,383,2027-03-13
2027-02-27,wk inc flu hosp,2,09,quantile,0.99,427,2027-03-13
2027-02-27,wk inc flu hosp,2,10,quantile,0.01,25,2027-03-13
2027-02-27,wk inc flu hosp,2,10,quantile,0.025,34,2027-03-13
2027-02-27,wk inc flu hosp,2,10,quantile,0.05,37,2027-03-13
2027-02-27,wk inc flu hosp,2,10,quantile,0.1,43,2027-03-13
2027-02-27,wk inc flu hosp,2,10,quantile,0.15,51,2027-03-13
2027-02-27,wk inc flu hosp,2,10,quantile,0.2,55,2027-03-13
2027-02-27,wk inc flu hosp,2,10,quantile,0.25,58,2027-03-13
2027-02-27,wk inc flu hosp,2,10,quantile,0.3,59,2027-03-13
2027-02-27,wk inc flu hosp,2,10,quantile,0.35,61,2027-03-13
2027-02-27,wk inc flu hosp,2,10,quantile,0.4,63,2027-03-13
2027-02-27,wk inc flu hosp,2,10,quantile,0.45,66,2027-03-13
2027-02-27,wk inc flu hosp,2,10,quantile,0.5,69,2027-03-13
2027-02-27,wk inc flu hosp,2,10,quantile,0.55,71,2027-03-13
2027-02-27,wk inc flu hosp,2,10,quantile,0.6,76,2027-03-13
2027-02-27,wk inc flu hosp,2,10,quantile,0.65,79,2027-03-13
2027-02-27,wk inc flu hosp,2,10,quantile,0.7,85,2027-03-13
2027-02-27,wk inc flu hosp,2,10,quantile,0.75,88,2027-03-13
2027-02-27,wk inc flu hosp,2,10,quantile,0.8,94,2027-03-13
2027-02-27,wk inc flu hosp,2,10,quantile,0.85,96,2027-03-13
2027-02-27,wk inc flu hosp,2,10,quantile,0.9,101,2027-03-13
2027-02-27,wk inc flu hosp,2,10,quantile,0.95,110,2027-03-13
2027-02-27,wk inc flu hosp,2,10,quantile,0.975,117,2027-03-13
2027-02-27,wk inc flu hosp,2,10,quantile,0.99,128,2027-03-13
2027-02-27,wk inc flu hosp,2,11,quantile,0.01,52,2027-03-13
2027-02-27,wk inc flu hosp,2,11,quantile,0.025,56,2027-03-13
2027-02-27,wk inc flu hosp,2,11,quantile,0.05,62,2027-03-13
2027-02-27,wk inc flu hosp,2,11,quantile,0.1,71,2027-03-13
2027-02-27,wk inc flu hosp,2,11,quantile,0.15,79,2027-03-13
2027-02-27,wk inc flu hosp,2,11,quantile,0.2,83,2027-03-13
2027-02-27,wk inc flu hosp,2,11,quantile,0.25,89,2027-03-13
2027-02-27,wk inc flu hosp,2,11,quantile,0.3,95,2027-03-13
2027-02-27,wk inc flu hosp,2,11,quantile,0.35,100,2027-03-13
2027-02-27,wk inc flu hosp,2,11,quantile,0.4,109,2027-03-13
2027-02-27,wk inc flu hosp,2,11,quantile,0.45,117,2027-03-13
2027-02-27,wk inc flu hosp,2,11,quantile,0.5,124,2027-03-13
2027-02-27,wk inc flu hosp,2,11,quantile,0.55,134,2027-03-13
2027-02-27,wk inc flu hosp,2,11,quantile,0.6,146,2027-03-13
2027-02-27,wk inc flu hosp,2,11,quantile,0.65,154,2027-03-13
2027-02-27,wk inc flu hosp,2,11,quantile,0.7,169,2027-03-13
2027-02-27,wk inc flu hosp,2,11,quantile,0.75,179,2027-03-13
2027-02-27,wk inc flu hosp,2,11,quantile,0.8,205,2027-03-13
2027-02-27,wk inc flu hosp,2,11,quantile,0.85,217,2027-03-13
2027-02-27,wk inc flu hosp,2,11,quantile,0.9,243,2027-03-13
2027-02-27,wk inc flu hosp,2,11,quantile,0.95,292,2027-03-13
2027-02-27,wk inc flu hosp,2,11,quantile,0.975,327,2027-03-13
2027-02-27,wk inc flu hosp,2,11,quantile,0.99,370,2027-03-13
2027-02-27,wk inc flu hosp,2,12,quantile,0.01,771,2027-03-13
2027-02-27,wk inc flu hosp,2,12,quantile,0.025,833,2027-03-13
2027-02-27,wk inc flu hosp,2,12,quantile,0.05,915,2027-03-13
2027-02-27,wk inc flu hosp,2,12,quantile,0.1,943,2027-03-13
2027-02-27,wk inc flu hosp,2,12,quantile,0.15,1016,2027-03-13
2027-02-27,wk inc flu hosp,2,12,quantile,0.2,1050,2027-03-13
2027-02-27,wk inc flu hosp,2,12,quantile,0.25,1091,2027-03-13
2027-02-27,wk inc flu hosp,2,12,quantile,0.3,1135,2027-03-13
2027-02-27,wk inc flu hosp,2,12,quantile,0.35,1152,2027-03-13
2027-02-27,wk inc flu hosp,2,12,quantile,0.4,1191,2027-03-13
2027-02-27,wk inc flu hosp,2,12,quantile,0.45,1222,2027-03-13
2027-02-27,wk inc flu hosp,2,12,quantile,0.5,1240,2027-03-13
2027-02-27,wk inc flu hosp,2,12,quantile,0.55,1274,2027-03-13
2027-02-27,wk inc flu hosp,2,12,quantile,0.6,1300,2027-03-13
2027-02-27,wk inc flu hosp,2,12,quantile,0.65,1322,2027-03-13
2027-02-27,wk inc flu hosp,2,12,quantile,0.7,1376,2027-03-13
2027-02-27,wk inc flu hosp,2,12,quantile,0.75,1452,2027-03-13
2027-02-27,wk inc flu hosp,2,12,quantile,0.8,1504,2027-03-13
2027-02-27,wk inc flu hosp,2,12,quantile,0.85,1611,2027-03-13
2027-02-27,wk inc flu hosp,2,12,quantile,0.9,1687,2027-03-13
2027-02-27,wk inc flu hosp,2,12,quantile,0.95,1874,2027-03-13
2027-02-27,wk inc flu hosp,2,12,quantile,0.975,1935,2027-03-13
2027-02-27,wk inc flu hosp,2,12,quantile,0.99,2023,2027-03-13
2027-02-27,wk inc flu hosp,2,13,quantile,0.01,175,2027-03-13
2027-02-27,wk inc flu hosp,2,13,quantile,0.025,201,2027-03-13
2027-02-27,wk inc flu hosp,2,13,quantile,0.05,221,2027-03-13
2027-02-27,wk inc flu hosp,2,13,quantile,0.1,239,2027-03-13
2027-02-27,wk inc flu hosp,2,13,quantile,0.15,271,2027-03-13
2027-02-27,wk inc flu hosp,2,13,quantile,0.2,289,2027-03-13
2027-02-27,wk inc flu hosp,2,13,quantile,0.25,301,2027-03-13
2027-02-27,wk inc flu hosp,2,13,quantile,0.3,311,2027-03-13
2027-02-27,wk inc flu hosp,2,13,quantile,0.35,332,2027-03-13
2027-02-27,wk inc flu hosp,2,13,quantile,0.4,346,2027-03-13
2027-02-27,wk inc flu hosp,2,13,quantile,0.45,355,2027-03-13
2027-02-27,wk inc flu hosp,2,13,quantile,0.5,379,2027-03-13
2027-02-27,wk inc flu hosp,2,13,quantile,0.55,403,2027-03-13
2027-02-27,wk inc flu hosp,2,13,quantile,0.6,413,2027-03-13
2027-02-27,wk inc flu hosp,2,13,quantile,0.65,437,2027-03-13
2027-02-27,wk inc flu hosp,2,13,quantile,0.7,456,2027-03-13
2027-02-27,wk inc flu hosp,2,13,quantile,0.75,474,2027-03-13
2027-02-27,wk inc flu hosp,2,13,quantile,0.8,495,2027-03-13
2027-02-27,wk inc flu hosp,2,13,quantile,0.85,524,2027-03-13
2027-02-27,wk inc flu hosp,2,13,quantile,0.9,562,2027-03-13
2027-02-27,wk inc flu hosp,2,13,quantile,0.95,630,2027-03-13
2027-02-27,wk inc flu hosp,2,13,quantile,0.975,694,2027-03-13
2027-02-27,wk inc flu hosp,2,13,quantile,0.99,734,2027-03-13
2027-02-27,wk inc flu hosp,2,15,quantile,0.01,19,2027-03-13
2027-02-27,wk inc flu hosp,2,15,quantile,0.025,22,2027-03-13
2027-02-27,wk inc flu hosp,2,15,quantile,0.05,32,2027-03-13
2027-02-27,wk inc flu hosp,2,15,quantile,0.1,35,2027-03-13
2027-02-27,wk inc flu hosp,2,15,quantile,0.15,38,2027-03-13
2027-02-27,wk inc flu hosp,2,15,quantile,0.2,41,2027-03-13
2027-02-27,wk inc flu hosp,2,15,quantile,0.25,43,2027-03-13
2027-02-27,wk inc flu hosp,2,15,quantile,0.3,48,2027-03-13
2027-02-27,wk inc flu hosp,2,15,quantile,0.35,50,2027-03-13
2027-02-27,wk inc flu hosp,2,15,quantile,0.4,51,2027-03-13
2027-02-27,wk inc flu hosp,2,15,quantile,0.45,54,2027-03-13
2027-02-27,wk inc flu hosp,2,15,quantile,0.5,58,2027-03-13
2027-02-27,wk inc flu hosp,2,15,quantile,0.55,60,2027-03-13
2027-02-27,wk inc flu hosp,2,15,quantile,0.6,63,2027-03-13
2027-02-27,wk inc flu hosp,2,15,quantile,0.65,67,2027-03-13
2027-02-27,wk inc flu hosp,2,15,quantile,0.7,70,2027-03-13
2027-02-27,wk inc flu hosp,2,15,quantile,0.75,73,2027-03-13
2027-02-27,wk inc flu hosp,2,15,quantile,0.8,76,2027-03-13
2027-02-27,wk inc flu hosp,2,15,quantile,0.85,81,2027-03-13
2027-02-27,wk inc flu hosp,2,15,quantile,0.9,90,2027-03-13
2027-02-27,wk inc flu hosp,2,15,quantile,0.95,103,2027-03-13
2027-02-27,wk inc flu hosp,2,15,quantile,0.975,108,2027-03-13
2027-02-27,wk inc flu hosp,2,15,quantile,0.99,140,2027-03-13
2027-02-27,wk inc flu hosp,2,16,quantile,0.01,73,2027-03-13
2027-02-27,wk inc flu hosp,2,16,quantile,0.025,84,2027-03-13
2027-02-27,wk inc flu hosp,2,16,quantile,0.05,89,2027-03-13
2027-02-27,wk inc flu hosp,2,16,quantile,0.1,95,2027-03-13
2027-02-27,wk inc flu hosp,2,16,quantile,0.15,99,2027-03-13
2027-02-27,wk inc flu hosp,2,16,quantile,0.2,107,2027-03-13
2027-02-27,wk inc flu hosp,2,16,quantile,0.25,110,2027-03-13
2027-02-27,wk inc flu hosp,2,16,quantile,0.3,116,2027-03-13
2027-02-27,wk inc flu hosp,2,16,quantile,0.35,119,2027-03-13
2027-02-27,wk inc flu hosp,2,16,quantile,0.4,125,2027-03-13
2027-02-27,wk inc flu hosp,2,16,quantile,0.45,128,2027-03-13
2027-02-27,wk inc flu hosp,2,16,quantile,0.5,136,2027-03-13
2027-02-27,wk inc flu hosp,2,16,quantile,0.55,140,2027-03-13
2027-02-27,wk inc flu hosp,2,16,quantile,0.6,143,2027-03-13
2027-02-27,wk inc flu hosp,2,16,quantile,0.65,146,2027-03-13
2027-02-27,wk inc flu hosp,2,16,quantile,0.7,152,2027-03-13
2027-02-27,wk inc flu hosp,2,16,quantile,0.75,160,2027-03-13
2027-02-27,wk inc flu hosp,2,16,quantile,0.8,164,2027-03-13
2027-02-27,wk inc flu hosp,2,16,quantile,0.85,171,2027-03-13
2027-02-27,wk inc flu hosp,2,16,quantile,0.9,185,2027-03-13
2027-02-27,wk inc flu hosp,2,16,quantile,0.95,192,2027-03-13
2027-02-27,wk inc flu hosp,2,16,quantile,0.975,211,2027-03-13
2027-02-27,wk inc flu hosp,2,16,quantile,0.99,233,2027-03-13
2027-02-27,wk inc flu hosp,2,17,quantile,0.01,450,2027-03-13
2027-02-27,wk inc flu hosp,2,17,quantile,0.025,465,2027-03-13
2027-02-27,wk inc flu hosp,2,17,quantile,0.05,494,2027-03-13
2027-02-27,wk inc flu hosp,2,17,quantile,0.1,538,2027-03-13
2027-02-27,wk inc flu hosp,2,17,quantile,0.15,552,2027-03-13
2027-02-27,wk inc flu hosp,2,17,quantile,0.2,576,2027-03-13
2027-02-27,wk inc flu hosp,2,17,quantile,0.25,602,2027-03-13
2027-02-27,wk inc flu hosp,2,17,quantile,0.3,628,2027-03-13
2027-02-27,wk inc flu hosp,2,17,quantile,0.35,650,2027-03-13
2027-02-27,wk inc flu hosp,2,17,quantile,0.4,659,2027-03-13
2027-02-27,wk inc flu hosp,2,17,quantile,0.45,680,2027-03-13
2027-02-27,wk inc flu hosp,2,17,quantile,0.5,711,2027-03-13
2027-02-27,wk inc flu hosp,2,17,quantile,0.55,727,2027-03-13
2027-02-27,wk inc flu hosp,2,17,quantile,0.6,749,2027-03-13
2027-02-27,wk inc flu hosp,2,17,quantile,0.65,765,2027-03-13
2027-02-27,wk inc flu hosp,2,17,quantile,0.7,788,2027-03-13
2027-02-27,wk inc flu hosp,2,17,quantile,0.75,807,2027-03-13
2027-02-27,wk inc flu hosp,2,17,quantile,0.8,851,2027-03-13
2027-02-27,wk inc flu hosp,2,17,quantile,0.85,896,2027-03-13
2027-02-27,wk inc flu hosp,2,17,quantile,0.9,936,2027-03-13
2027-02-27,wk inc flu hosp,2,17,quantile,0.95,993,2027-03-13
2027-02-27,wk inc flu hosp,2,17,quantile,0.975,1162,2027-03-13
2027-02-27,wk inc flu hosp,2,17,quantile,0.99,1202,2027-03-13
2027-02-27,wk inc flu hosp,2,18,quantile,0.01,459,2027-03-13
2027-02-27,wk inc flu hosp,2,18,quantile,0.025,476,2027-03-13
2027-02-27,wk inc flu hosp,2,18,quantile,0.05,512,2027-03-13
2027-02-27,wk inc flu hosp,2,18,quantile,0.1,535,2027-03-13
2027-02-27,wk inc flu hosp,2,18,quantile,0.15,561,2027-03-13
2027-02-27,wk inc flu hosp,2,18,quantile,0.2,583,2027-03-13
2027-02-27,wk inc flu hosp,2,18,quantile,0.25,605,2027-03-13
2027-02-27,wk inc flu hosp,2,18,quantile,0.3,627,2027-03-13
2027-02-27,wk inc flu hosp,2,18,quantile,0.35,647,2027-03-13
2027-02-27,wk inc flu hosp,2,18,quantile,0.4,672,2027-03-13
2027-02-27,wk inc flu hosp,2,18,quantile,0.45,695,2027-03-13
2027-02-27,wk inc flu hosp,2,18,quantile,0.5,720,2027-03-13
2027-02-27,wk inc flu hosp,2,18,quantile,0.55,733,2027-03-13
2027-02-27,wk inc flu hosp,2,18,quantile,0.6,755,2027-03-13
2027-02-27,wk inc flu hosp,2,18,quantile,0.65,784,2027-03-13
2027-02-27,wk inc flu hosp,2,18,quantile,0.7,802,2027-03-13
2027-02-27,wk inc flu hosp,2,18,quantile,0.75,832,2027-03-13
2027-02-27,wk inc flu hosp,2,18,quantile,0.8,860,2027-03-13
2027-02-27,wk inc flu hosp,2,18,quantile,0.85,918,2027-03-13
2027-02-27,wk inc flu hosp,2,18,quantile,0.9,977,2027-03-13
2027-02-27,wk inc flu hosp,2,18,quantile,0.95,1088,2027-03-13
2027-02-27,wk inc flu hosp,2,18,quantile,0.975,1188,2027-03-13
2027-02-27,wk inc flu hosp,2,18,quantile,0.99,1322,2027-03-13
2027-02-27,wk inc flu hosp,2,19,quantile,0.01,115,2027-03-13
2027-02-27,wk inc flu hosp,2,19,quantile,0.025,139,2027-03-13
2027-02-27,wk inc flu hosp,2,19,quantile,0.05,145,2027-03-13
2027-02-27,wk inc flu hosp,2,19,quantile,0.1,166,2027-03-13
2027-02-27,wk inc flu hosp,2,19,quantile,0.15,188,2027-03-13
2027-02-27,wk inc flu hosp,2,19,quantile,0.2,200,2027-03-13
2027-02-27,wk inc flu hosp,2,19,quantile,0.25,206,2027-03-13
2027-02-27,wk inc flu hosp,2,19,quantile,0.3,213,2027-03-13
2027-02-27,wk inc flu hosp,2,19,quantile,0.35,224,2027-03-13
2027-02-27,wk inc flu hosp,2,19,quantile,0.4,232,2027-03-13
2027-02-27,wk inc flu hosp,2,19,quantile,0.45,244,2027-03-13
2027-02-27,wk inc flu hosp,2,19,quantile,0.5,254,2027-03-13
2027-02-27,wk inc flu hosp,2,19,quantile,0.55,262,2027-03-13
2027-02-27,wk inc flu hosp,2,19,quantile,0.6,269,2027-03-13
2027-02-27,wk inc flu hosp,2,19,quantile,0.65,272,2027-03-13
2027-02-27,wk inc flu hosp,2,19,quantile,0.7,288,2027-03-13
2027-02-27,wk inc flu hosp,2,19,quantile,0.75,297,2027-03-13
2027-02-27,wk inc flu hosp,2,19,quantile,0.8,307,2027-03-13
2027-02-27,wk inc flu hosp,2,19,quantile,0.85,319,2027-03-13
2027-02-27,wk inc flu hosp,2,19,quantile,0.9,332,2027-03-13
2027-02-27,wk inc flu hosp,2,19,quantile,0.95,386,2027-03-13
2027-02-27,wk inc flu hosp,2,19,quantile,0.975,409,2027-03-13
2027-02-27,wk inc flu hosp,2,19,quantile,0.99,421,2027-03-13
2027-02-27,wk inc flu hosp,2,20,quantile,0.01,72,2027-03-13
2027-02-27,wk inc flu hosp,2,20,quantile,0.025,84,2027-03-13
2027-02-27,wk inc flu hosp,2,20,quantile,0.05,92,2027-03-13
2027-02-27,wk inc flu hosp,2,20,quantile,0.1,114,2027-03-13
2027-02-27,wk inc flu hosp,2,20,quantile,0.15,124,2027-03-13
2027-02-27,wk inc flu hosp,2,20,quantile,0.2,130,2027-03-13
2027-02-27,wk inc flu hosp,2,20,quantile,0.25,137,2027-03-13
2027-02-27,wk inc flu hosp,2,20,quantile,0.3,146,2027-03-13
2027-02-27,wk inc flu hosp,2,20,quantile,0.35,152,2027-03-13
2027-02-27,wk inc flu hosp,2,20,quantile,0.4,160,2027-03-13
2027-02-27,wk inc flu hosp,2,20,quantile,0.45,172,2027-03-13
2027-02-27,wk inc flu hosp,2,20,quantile,0.5,176,2027-03-13
2027-02-27,wk inc flu hosp,2,20,quantile,0.55,179,2027-03-13
2027-02-27,wk inc flu hosp,2,20,quantile,0.6,186,2027-03-13
2027-02-27,wk inc flu hosp,2,20,quantile,0.65,190,2027-03-13
2027-02-27,wk inc flu hosp,2,20,quantile,0.7,195,2027-03-13
2027-02-27,wk inc flu hosp,2,20,quantile,0.75,202,2027-03-13
2027-02-27,wk inc flu hosp,2,20,quantile,0.8,213,2027-03-13
2027-02-27,wk inc flu hosp,2,20,quantile,0.85,223,2027-03-13
2027-02-27,wk inc flu hosp,2,20,quantile,0.9,235,2027-03-13
2027-02-27,wk inc flu hosp,2,20,quantile,0.95,254,2027-03-13
2027-02-27,wk inc flu hosp,2,20,quantile,0.975,278,2027-03-13
2027-02-27,wk inc flu hosp,2,20,quantile,0.99,304,2027-03-13
2027-02-27,wk inc flu hosp,2,21,quantile,0.01,321,2027-03-13
2027-02-27,wk inc flu hosp,2,21,quantile,0.025,335,2027-03-13
2027-02-27,wk inc flu hosp,2,21,quantile,0.05,367,2027-03-13
2027-02-27,wk inc flu hosp,2,21,quantile,0.1,393,2027-03-13
2027-02-27,wk inc flu hosp,2,21,quantile,0.15,411,2027-03-13
2027-02-27,wk inc flu hosp,2,21,quantile,0.2,429,2027-03-13
2027-02-27,wk inc flu hosp,2,21,quantile,0.25,448,2027-03-13
2027-02-27,wk inc flu hosp,2,21,quantile,0.3,458,2027-03-13
2027-02-27,wk inc flu hosp,2,21,quantile,0.35,475,2027-03-13
2027-02-27,wk inc flu hosp,2,21,quantile,0.4,492,2027-03-13
2027-02-27,wk inc flu hosp,2,21,quantile,0.45,499,2027-03-13
2027-02-27,wk inc flu hosp,2,21,quantile,0.5,520,2027-03-13
2027-02-27,wk inc flu hosp,2,21,quantile,0.55,530,2027-03-13
2027-02-27,wk inc flu hosp,2,21,quantile,0.6,548,2027-03-13
2027-02-27,wk inc flu hosp,2,21,quantile,0.65,563,2027-03-13
2027-02-27,wk inc flu hosp,2,21,quantile,0.7,594,2027-03-13
2027-02-27,wk inc flu hosp,2,21,quantile,0.75,618,2027-03-13
2027-02-27,wk inc flu hosp,2,21,quantile,0.8,631,2027-03-13
2027-02-27,wk inc flu hosp,2,21,quantile,0.85,650,2027-03-13
2027-02-27,wk inc flu hosp,2,21,quantile,0.9,697,2027-03-13
2027-02-27,wk inc flu hosp,2,21,quantile,0.95,765,2027-03-13
2027-02-27,wk inc flu hosp,2,21,quantile,0.975,861,2027-03-13
2027-02-27,wk inc flu hosp,2,21,quantile,0.99,934,2027-03-13
2027-02-27,wk inc flu hosp,2,22,quantile,0.01,188,2027-03-13
2027-02-27,wk inc flu hosp,2,22,quantile,0.025,207,2027-03-13
2027-02-27,wk inc flu hosp,2,22,quantile,0.05,218,2027-03-13
2027-02-27,wk inc flu hosp,2,22,quantile,0.1,234,2027-03-13
2027-02-27,wk inc flu hosp,2,22,quantile,0.15,242,2027-03-13
2027-02-27,wk inc flu hosp,2,22,quantile,0.2,249,2027-03-13
2027-02-27,wk inc flu hosp,2,22,quantile,0.25,262,2027-03-13
2027-02-27,wk inc flu hosp,2,22,quantile,0.3,272,2027-03-13
2027-02-27,wk inc flu hosp,2,22,quantile,0.35,279,2027-03-13
2027-02-27,wk inc flu hosp,2,22,quantile,0.4,290,2027-03-13
2027-02-27,wk inc flu hosp,2,22,quantile,0.45,298,2027-03-13
2027-02-27,wk inc flu hosp,2,22,quantile,0.5,312,2027-03-13
2027-02-27,wk inc flu hosp,2,22,quantile,0.55,321,2027-03-13
2027-02-27,wk inc flu hosp,2,22,quantile,0.6,345,2027-03-13
2027-02-27,wk inc flu hosp,2,22,quantile,0.65,368,2027-03-13
2027-02-27,wk inc flu hosp,2,22,quantile,0.7,381,2027-03-13
2027-02-27,wk inc flu hosp,2,22,quantile,0.75,406,2027-03-13
2027-02-27,wk inc flu hosp,2,22,quantile,0.8,420,2027-03-13
2027-02-27,wk inc flu hosp,2,22,quantile,0.85,436,2027-03-13
2027-02-27,wk inc flu hosp,2,22,quantile,0.9,461,2027-03-13
2027-02-27,wk inc flu hosp,2,22,quantile,0.95,497,2027-03-13
2027-02-27,wk inc flu hosp,2,22,quantile,0.975,541,2027-03-13
2027-02-27,wk inc flu hosp,2,22,quantile,0.99,611,2027-03-13
2027-02-27,wk inc flu hosp,2,23,quantile,0.01,46,2027-03-13
2027-02-27,wk inc flu hosp,2,23,quantile,0.025,50,2027-03-13
2027-02-27,wk inc flu hosp,2,23,quantile,0.05,51,2027-03-13
2027-02-27,wk inc flu hosp,2,23,quantile,0.1,60,2027-03-13
2027-02-27,wk inc flu hosp,2,23,quantile,0.15,66,2027-03-13
2027-02-27,wk inc flu hosp,2,23,quantile,0.2,71,2027-03-13
2027-02-27,wk inc flu hosp,2,23,quantile,0.25,76,2027-03-13
2027-02-27,wk inc flu hosp,2,23,quantile,0.3,78,2027-03-13
2027-02-27,wk inc flu hosp,2,23,quantile,0.35,83,2027-03-13
2027-02-27,wk inc flu hosp,2,23,quantile,0.4,88,2027-03-13
2027-02-27,wk inc flu hosp,2,23,quantile,0.45,93,2027-03-13
2027-02-27,wk inc flu hosp,2,23,quantile,0.5,98,2027-03-13
2027-02-27,wk inc flu hosp,2,23,quantile,0.55,103,2027-03-13
2027-02-27,wk inc flu hosp,2,23,quantile,0.6,106,2027-03-13
2027-02-27,wk inc flu hosp,2,23,quantile,0.65,109,2027-03-13
2027-02-27,wk inc flu hosp,2,23,quantile,0.7,114,2027-03-13
2027-02-27,wk inc flu hosp,2,23,quantile,0.75,123,2027-03-13
2027-02-27,wk inc flu hosp,2,23,quantile,0.8,127,2027-03-13
2027-02-27,wk inc flu hosp,2,23,quantile,0.85,132,2027-03-13
2027-02-27,wk inc flu hosp,2,23,quantile,0.9,141,2027-03-13
2027-02-27,wk inc flu hosp,2,23,quantile,0.95,154,2027-03-13
2027-02-27,wk inc flu hosp,2,23,quantile,0.975,159,2027-03-13
2027-02-27,wk inc flu hosp,2,23,quantile,0.99,170,2027-03-13
2027-02-27,wk inc flu hosp,2,24,quantile,0.01,157,2027-03-13
2027-02-27,wk inc flu hosp,2,24,quantile,0.025,169,2027-03-13
2027-02-27,wk inc flu hosp,2,24,quantile,0.05,178,2027-03-13
2027-02-27,wk inc flu hosp,2,24,quantile,0.1,212,2027-03-13
2027-02-27,wk inc flu hosp,2,24,quantile,0.15,225,2027-03-13
2027-02-27,wk inc flu hosp,2,24,quantile,0.2,234,2027-03-13
2027-02-27,wk inc flu hosp,2,24,quantile,0.25,245,2027-03-13
2027-02-27,wk inc flu hosp,2,24,quantile,0.3,252,2027-03-13
2027-02-27,wk inc flu hosp,2,24,quantile,0.35,270,2027-03-13
2027-02-27,wk inc flu hosp,2,24,quantile,0.4,282,2027-03-13
2027-02-27,wk inc flu hosp,2,24,quantile,0.45,292,2027-03-13
2027-02-27,wk inc flu hosp,2,24,quantile,0.5,308,2027-03-13
2027-02-27,wk inc flu hosp,2,24,quantile,0.55,316,2027-03-13
2027-02-27,wk inc flu hosp,2,24,quantile,0.6,332,2027-03-13
2027-02-27,wk inc flu hosp,2,24,quantile,0.65,338,2027-03-13
2027-02-27,wk inc flu hosp,2,24,quantile,0.7,363,2027-03-13
2027-02-27,wk inc flu hosp,2,24,quantile,0.75,382,2027-03-13
2027-02-27,wk inc flu hosp,2,24,quantile,0.8,403,2027-03-13
2027-02-27,wk inc flu hosp,2,24,quantile,0.85,427,2027-03-13
2027-02-27,wk inc flu hosp,2,24,quantile,0.9,465,2027-03-13
2027-02-27,wk inc flu hosp,2,24,quantile,0.95,508,2027-03-13
2027-02-27,wk inc flu hosp,2,24,quantile,0.975,546,2027-03-13
2027-02-27,wk inc flu hosp,2,24,quantile,0.99,683,2027-03-13
2027-02-27,wk inc flu hosp,2,25,quantile,0.01,389,2027-03-13
2027-02-27,wk inc flu hosp,2,25,quantile,0.025,422,2027-03-13
2027-02-27,wk inc flu hosp,2,25,quantile,0.05,435,2027-03-13
2027-02-27,wk inc flu hosp,2,25,quantile,0.1,480,2027-03-13
2027-02-27,wk inc flu hosp,2,25,quantile,0.15,493,2027-03-13
2027-02-27,wk inc flu hosp,2,25,quantile,0.2,512,2027-03-13
2027-02-27,wk inc flu hosp,2,25,quantile,0.25,541,2027-03-13
2027-02-27,wk inc flu hosp,2,25,quantile,0.3,567,2027-03-13
2027-02-27,wk inc flu hosp,2,25,quantile,0.35,613,2027-03-13
2027-02-27,wk inc flu hosp,2,25,quantile,0.4,636,2027-03-13
2027-02-27,wk inc flu hosp,2,25,quantile,0.45,657,2027-03-13
2027-02-27,wk inc flu hosp,2,25,quantile,0.5,686,2027-03-13
2027-02-27,wk inc flu hosp,2,25,quantile,0.55,706,2027-03-13
2027-02-27,wk inc flu hosp,2,25,quantile,0.6,732,2027-03-13
2027-02-27,wk inc flu hosp,2,25,quantile,0.65,752,2027-03-13
2027-02-27,wk inc flu hosp,2,25,quantile,0.7,778,2027-03-13
2027-02-27,wk inc flu hosp,2,25,quantile,0.75,807,2027-03-13
2027-02-27,wk inc flu hosp,2,25,quantile,0.8,837,2027-03-13
2027-02-27,wk inc flu hosp,2,25,quantile,0.85,913,2027-03-13
2027-02-27,wk inc flu hosp,2,25,quantile,0.9,987,2027-03-13
2027-02-27,wk inc flu hosp,2,25,quantile,0.95,1104,2027-03-13
2027-02-27,wk inc flu hosp,2,25,quantile,0.975,1185,2027-03-13
2027-02-27,wk inc flu hosp,2,25,quantile,0.99,1228,2027-03-13
2027-02-27,wk inc flu hosp,2,26,quantile,0.01,628,2027-03-13
2027-02-27,wk inc flu hosp,2,26,quantile,0.025,641,2027-03-13
2027-02-27,wk inc flu hosp,2,26,quantile,0.05,870,2027-03-13
2027-02-27,wk inc flu hosp,2,26,quantile,0.1,974,2027-03-13
2027-02-27,wk inc flu hosp,2,26,quantile,0.15,1017,2027-03-13
2027-02-27,wk inc flu hosp,2,26,quantile,0.2,1041,2027-03-13
2027-02-27,wk inc flu hosp,2,26,quantile,0.25,1088,2027-03-13
2027-02-27,wk inc flu hosp,2,26,quantile,0.3,1125,2027-03-13
2027-02-27,wk inc flu hosp,2,26,quantile,0.35,1152,2027-03-13
2027-02-27,wk inc flu hosp,2,26,quantile,0.4,1191,2027-03-13
2027-02-27,wk inc flu hosp,2,26,quantile,0.45,1207,2027-03-13
2027-02-27,wk inc flu hosp,2,26,quantile,0.5,1240,2027-03-13
2027-02-27,wk inc flu hosp,2,26,quantile,0.55,1300,2027-03-13
2027-02-27,wk inc flu hosp,2,26,quantile,0.6,1324,2027-03-13
2027-02-27,wk inc flu hosp,2,26,quantile,0.65,1366,2027-03-13
2027-02-27,wk inc flu hosp,2,26,quantile,0.7,1411,2027-03-13
2027-02-27,wk inc flu hosp,2,26,quantile,0.75,1477,2027-03-13
2027-02-27,wk inc flu hosp,2,26,quantile,0.8,1555,2027-03-13
2027-02-27,wk inc flu hosp,2,26,quantile,0.85,1618,2027-03-13
2027-02-27,wk inc flu hosp,2,26,quantile,0.9,1720,2027-03-13
2027-02-27,wk inc flu hosp,2,26,quantile,0.95,1973,2027-03-13
2027-02-27,wk inc flu hosp,2,26,quantile,0.975,2167,2027-03-13
2027-02-27,wk inc flu hosp,2,26,quantile,0.99,2319,2027-03-13
2027-02-27,wk inc flu hosp,2,27,quantile,0.01,118,2027-03-13
2027-02-27,wk inc flu hosp,2,27,quantile,0.025,130,2027-03-13
2027-02-27,wk inc flu hosp,2,27,quantile,0.05,141,2027-03-13
2027-02-27,wk inc flu hosp,2,27,quantile,0.1,167,2027-03-13
2027-02-27,wk inc flu hosp,2,27,quantile,0.15,173,2027-03-13
2027-02-27,wk inc flu hosp,2,27,quantile,0.2,194,2027-03-13
2027-02-27,wk inc flu hosp,2,27,quantile,0.25,203,2027-03-13
2027-02-27,wk inc flu hosp,2,27,quantile,0.3,214,2027-03-13
2027-02-27,wk inc flu hosp,2,27,quantile,0.35,225,2027-03-13
2027-02-27,wk inc flu hosp,2,27,quantile,0.4,238,2027-03-13
2027-02-27,wk inc flu hosp,2,27,quantile,0.45,248,2027-03-13
2027-02-27,wk inc flu hosp,2,27,quantile,0.5,261,2027-03-13
2027-02-27,wk inc flu hosp,2,27,quantile,0.55,269,2027-03-13
2027-02-27,wk inc flu hosp,2,27,quantile,0.6,281,2027-03-13
2027-02-27,wk inc flu hosp,2,27,quantile,0.65,293,2027-03-13
2027-02-27,wk inc flu hosp,2,27,quantile,0.7,303,2027-03-13
2027-02-27,wk inc flu hosp,2,27,quantile,0.75,315,2027-03-13
2027-02-27,wk inc flu hosp,2,27,quantile,0.8,333,2027-03-13
2027-02-27,wk inc flu hosp,2,27,quantile,0.85,346,2027-03-13
2027-02-27,wk inc flu hosp,2,27,quantile,0.9,368,2027-03-13
2027-02-27,wk inc flu hosp,2,27,quantile,0.95,419,2027-03-13
2027-02-27,wk inc flu hosp,2,27,quantile,0.975,437,2027-03-13
2027-02-27,wk inc flu hosp,2,27,quantile,0.99,503,2027-03-13
2027-02-27,wk inc flu hosp,2,28,quantile,0.01,90,2027-03-13
2027-02-27,wk inc flu hosp,2,28,quantile,0.025,98,2027-03-13
2027-02-27,wk inc flu hosp,2,28,quantile,0.05,111,2027-03-13
2027-02-27,wk inc flu hosp,2,28,quantile,0.1,134,2027-03-13
2027-02-27,wk inc flu hosp,2,28,quantile,0.15,157,2027-03-13
2027-02-27,wk inc flu hosp,2,28,quantile,0.2,175,2027-03-13
2027-02-27,wk inc flu hosp,2,28,quantile,0.25,182,2027-03-13
2027-02-27,wk inc flu hosp,2,28,quantile,0.3,196,2027-03-13
2027-02-27,wk inc flu hosp,2,28,quantile,0.35,205,2027-03-13
2027-02-27,wk inc flu hosp,2,28,quantile,0.4,213,2027-03-13
2027-02-27,wk inc flu hosp,2,28,quantile,0.45,222,2027-03-13
2027-02-27,wk inc flu hosp,2,28,quantile,0.5,230,2027-03-13
2027-02-27,wk inc flu hosp,2,28,quantile,0.55,236,2027-03-13
2027-02-27,wk inc flu hosp,2,28,quantile,0.6,241,2027-03-13
2027-02-27,wk inc flu hosp,2,28,quantile,0.65,256,2027-03-13
2027-02-27,wk inc flu hosp,2,28,quantile,0.7,276,2027-03-13
2027-02-27,wk inc flu hosp,2,28,quantile,0.75,286,2027-03-13
2027-02-27,wk inc flu hosp,2,28,quantile,0.8,300,2027-03-13
2027-02-27,wk inc flu hosp,2,28,quantile,0.85,309,2027-03-13
2027-02-27,wk inc flu hosp,2,28,quantile,0.9,334,2027-03-13
2027-02-27,wk inc flu hosp,2,28,quantile,0.95,351,2027-03-13
2027-02-27,wk inc flu hosp,2,28,quantile,0.975,364,2027-03-13
2027-02-27,wk inc flu hosp,2,28,quantile,0.99,380,2027-03-13
2027-02-27,wk inc flu hosp,2,29,quantile,0.01,302,2027-03-13
2027-02-27,wk inc flu hosp,2,29,quantile,0.025,319,2027-03-13
2027-02-27,wk inc flu hosp,2,29,quantile,0.05,352,2027-03-13
2027-02-27,wk inc flu hosp,2,29,quantile,0.1,398,2027-03-13
2027-02-27,wk inc flu hosp,2,29,quantile,0.15,421,2027-03-13
2027-02-27,wk inc flu hosp,2,29,quantile,0.2,444,2027-03-13
2027-02-27,wk inc flu hosp,2,29,quantile,0.25,456,2027-03-13
2027-02-27,wk inc flu hosp,2,29,quantile,0.3,474,2027-03-13
2027-02-27,wk inc flu hosp,2,29,quantile,0.35,488,2027-03-13
2027-02-27,wk inc flu hosp,2,29,quantile,0.4,501,2027-03-13
2027-02-27,wk inc flu hosp,2,29,quantile,0.45,506,2027-03-13
2027-02-27,wk inc flu hosp,2,29,quantile,0.5,518,2027-03-13
2027-02-27,wk inc flu hosp,2,29,quantile,0.55,538,2027-03-13
2027-02-27,wk inc flu hosp,2,29,quantile,0.6,546,2027-03-13
2027-02-27,wk inc flu hosp,2,29,quantile,0.65,555,2027-03-13
2027-02-27,wk inc flu hosp,2,29,quantile,0.7,569,2027-03-13
2027-02-27,wk inc flu hosp,2,29,quantile,0.75,600,2027-03-13
2027-02-27,wk inc flu hosp,2,29,quantile,0.8,611,2027-03-13
2027-02-27,wk inc flu hosp,2,29,quantile,0.85,636,2027-03-13
2027-02-27,wk inc flu hosp,2,29,quantile,0.9,681,2027-03-13
2027-02-27,wk inc flu hosp,2,29,quantile,0.95,737,2027-03-13
2027-02-27,wk inc flu hosp,2,29,quantile,0.975,792,2027-03-13
2027-02-27,wk inc flu hosp,2,29,quantile,0.99,869,2027-03-13
2027-02-27,wk inc flu hosp,2,30,quantile,0.01,90,2027-03-13
2027-02-27,wk inc flu hosp,2,30,quantile,0.025,108,2027-03-13
2027-02-27,wk inc flu hosp,2,30,quantile,0.05,119,2027-03-13
2027-02-27,wk inc flu hosp,2,30,quantile,0.1,125,2027-03-13
2027-02-27,wk inc flu hosp,2,30,quantile,0.15,139,2027-03-13
2027-02-27,wk inc flu hosp,2,30,quantile,0.2,149,2027-03-13
2027-02-27,wk inc flu hosp,2,30,quantile,0.25,159,2027-03-13
2027-02-27,wk inc flu hosp,2,30,quantile,0.3,165,2027-03-13
2027-02-27,wk inc flu hosp,2,30,quantile,0.35,173,2027-03-13
2027-02-27,wk inc flu hosp,2,30,quantile,0.4,177,2027-03-13
2027-02-27,wk inc flu hosp,2,30,quantile,0.45,183,2027-03-13
2027-02-27,wk inc flu hosp,2,30,quantile,0.5,190,2027-03-13
2027-02-27,wk inc flu hosp,2,30,quantile,0.55,195,2027-03-13
2027-02-27,wk inc flu hosp,2,30,quantile,0.6,203,2027-03-13
2027-02-27,wk inc flu hosp,2,30,quantile,0.65,208,2027-03-13
2027-02-27,wk inc flu hosp,2,30,quantile,0.7,221,2027-03-13
2027-02-27,wk inc flu hosp,2,30,quantile,0.75,229,2027-03-13
2027-02-27,wk inc flu hosp,2,30,quantile,0.8,237,2027-03-13
2027-02-27,wk inc flu hosp,2,30,quantile,0.85,256,2027-03-13
2027-02-27,wk inc flu hosp,2,30,quantile,0.9,287,2027-03-13
2027-02-27,wk inc flu hosp,2,30,quantile,0.95,343,2027-03-13
2027-02-27,wk inc flu hosp,2,30,quantile,0.975,379,2027-03-13
2027-02-27,wk inc flu hosp,2,30,quantile,0.99,397,2027-03-13
2027-02-27,wk inc flu hosp,2,31,quantile,0.01,45,2027-03-13
2027-02-27,wk inc flu hosp,2,31,quantile,0.025,50,2027-03-13
2027-02-27,wk inc flu hosp,2,31,quantile,0.05,54,2027-03-13
2027-02-27,wk inc flu hosp,2,31,quantile,0.1,65,2027-03-13
2027-02-27,wk inc flu hosp,2,31,quantile,0.15,67,2027-03-13
2027-02-27,wk inc flu hosp,2,31,quantile,0.2,74,2027-03-13
2027-02-27,wk inc flu hosp,2,31,quantile,0.25,79,2027-03-13
2027-02-27,wk inc flu hosp,2,31,quantile,0.3,81,2027-03-13
2027-02-27,wk inc flu hosp,2,31,quantile,0.35,86,2027-03-13
2027-02-27,wk inc flu hosp,2,31,quantile,0.4,90,2027-03-13
2027-02-27,wk inc flu hosp,2,31,quantile,0.45,93,2027-03-13
2027-02-27,wk inc flu hosp,2,31,quantile,0.5,96,2027-03-13
2027-02-27,wk inc flu hosp,2,31,quantile,0.55,101,2027-03-13
2027-02-27,wk inc flu hosp,2,31,quantile,0.6,103,2027-03-13
2027-02-27,wk inc flu hosp,2,31,quantile,0.65,106,2027-03-13
2027-02-27,wk inc flu hosp,2,31,quantile,0.7,112,2027-03-13
2027-02-27,wk inc flu hosp,2,31,quantile,0.75,116,2027-03-13
2027-02-27,wk inc flu hosp,2,31,quantile,0.8,121,2027-03-13
2027-02-27,wk inc flu hosp,2,31,quantile,0.85,125,2027-03-13
2027-02-27,wk inc flu hosp,2,31,quantile,0.9,132,2027-03-13
2027-02-27,wk inc flu hosp,2,31,quantile,0.95,140,2027-03-13
2027-02-27,wk inc flu hosp,2,31,quantile,0.975,155,2027-03-13
2027-02-27,wk inc flu hosp,2,31,quantile,0.99,166,2027-03-13
2027-02-27,wk inc flu hosp,2,32,quantile,0.01,54,2027-03-13
2027-02-27,wk inc flu hosp,2,32,quantile,0.025,59,2027-03-13
2027-02-27,wk inc flu hosp,2,32,quantile,0.05,60,2027-03-13
2027-02-27,wk inc flu hosp,2,32,quantile,0.1,66,2027-03-13
2027-02-27,wk inc flu hosp,2,32,quantile,0.15,73,2027-03-13
2027-02-27,wk inc flu hosp,2,32,quantile,0.2,76,2027-03-13
2027-02-27,wk inc flu hosp,2,32,quantile,0.25,79,2027-03-13
2027-02-27,wk inc flu hosp,2,32,quantile,0.3,82,2027-03-13
2027-02-27,wk inc flu hosp,2,32,quantile,0.35,86,2027-03-13
2027-02-27,wk inc flu hosp,2,32,quantile,0.4,90,2027-03-13
2027-02-27,wk inc flu hosp,2,32,quantile,0.45,93,2027-03-13
2027-02-27,wk inc flu hosp,2,32,quantile,0.5,98,2027-03-13
2027-02-27,wk inc flu hosp,2,32,quantile,0.55,102,2027-03-13
2027-02-27,wk inc flu hosp,2,32,quantile,0.6,106,2027-03-13
2027-02-27,wk inc flu hosp,2,32,quantile,0.65,114,2027-03-13
2027-02-27,wk inc flu hosp,2,32,quantile,0.7,122,2027-03-13
2027-02-27,wk inc flu hosp,2,32,quantile,0.75,125,2027-03-13
2027-02-27,wk inc flu hosp,2,32,quantile,0.8,132,2027-03-13
2027-02-27,wk inc flu hosp,2,32,quantile,0.85,138,2027-03-13
2027-02-27,wk inc flu hosp,2,32,quantile,0.9,147,2027-03-13
2027-02-27,wk inc flu hosp,2,32,quantile,0.95,156,2027-03-13
2027-02-27,wk inc flu hosp,2,32,quantile,0.975,166,2027-03-13
2027-02-27,wk inc flu hosp,2,32,quantile,0.99,180,2027-03-13
2027-02-27,wk inc flu hosp,2,33,quantile,0.01,45,2027-03-13
2027-02-27,wk inc flu hosp,2,33,quantile,0.025,50,2027-03-13
2027-02-27,wk inc flu hosp,2,33,quantile,0.05,52,2027-03-13
2027-02-27,wk inc flu hosp,2,33,quantile,0.1,57,2027-03-13
2027-02-27,wk inc flu hosp,2,33,quantile,0.15,66,2027-03-13
2027-02-27,wk inc flu hosp,2,33,quantile,0.2,73,2027-03-13
2027-02-27,wk inc flu hosp,2,33,quantile,0.25,78,2027-03-13
2027-02-27,wk inc flu hosp,2,33,quantile,0.3,81,2027-03-13
2027-02-27,wk inc flu hosp,2,33,quantile,0.35,84,2027-03-13
2027-02-27,wk inc flu hosp,2,33,quantile,0.4,90,2027-03-13
2027-02-27,wk inc flu hosp,2,33,quantile,0.45,92,2027-03-13
2027-02-27,wk inc flu hosp,2,33,quantile,0.5,95,2027-03-13
2027-02-27,wk inc flu hosp,2,33,quantile,0.55,99,2027-03-13
2027-02-27,wk inc flu hosp,2,33,quantile,0.6,105,2027-03-13
2027-02-27,wk inc flu hosp,2,33,quantile,0.65,109,2027-03-13
2027-02-27,wk inc flu hosp,2,33,quantile,0.7,116,2027-03-13
2027-02-27,wk inc flu hosp,2,33,quantile,0.75,119,2027-03-13
2027-02-27,wk inc flu hosp,2,33,quantile,0.8,128,2027-03-13
2027-02-27,wk inc flu hosp,2,33,quantile,0.85,134,2027-03-13
2027-02-27,wk inc flu hosp,2,33,quantile,0.9,142,2027-03-13
2027-02-27,wk inc flu hosp,2,33,quantile,0.95,147,2027-03-13
2027-02-27,wk inc flu hosp,2,33,quantile,0.975,151,2027-03-13
2027-02-27,wk inc flu hosp,2,33,quantile,0.99,181,2027-03-13
2027-02-27,wk inc flu hosp,2,34,quantile,0.01,318,2027-03-13
2027-02-27,wk inc flu hosp,2,34,quantile,0.025,333,2027-03-13
2027-02-27,wk inc flu hosp,2,34,quantile,0.05,345,2027-03-13
2027-02-27,wk inc flu hosp,2,34,quantile,0.1,394,2027-03-13
2027-02-27,wk inc flu hosp,2,34,quantile,0.15,420,2027-03-13
2027-02-27,wk inc flu hosp,2,34,quantile,0.2,437,2027-03-13
2027-02-27,wk inc flu hosp,2,34,quantile,0.25,452,2027-03-13
2027-02-27,wk inc flu hosp,2,34,quantile,0.3,466,2027-03-13
2027-02-27,wk inc flu hosp,2,34,quantile,0.35,486,2027-03-13
2027-02-27,wk inc flu hosp,2,34,quantile,0.4,502,2027-03-13
2027-02-27,wk inc flu hosp,2,34,quantile,0.45,522,2027-03-13
2027-02-27,wk inc flu hosp,2,34,quantile,0.5,536,2027-03-13
2027-02-27,wk inc flu hosp,2,34,quantile,0.55,549,2027-03-13
2027-02-27,wk inc flu hosp,2,34,quantile,0.6,564,2027-03-13
2027-02-27,wk inc flu hosp,2,34,quantile,0.65,590,2027-03-13
2027-02-27,wk inc flu hosp,2,34,quantile,0.7,625,2027-03-13
2027-02-27,wk inc flu hosp,2,34,quantile,0.75,645,2027-03-13
2027-02-27,wk inc flu hosp,2,34,quantile,0.8,681,2027-03-13
2027-02-27,wk inc flu hosp,2,34,quantile,0.85,718,2027-03-13
2027-02-27,wk inc flu hosp,2,34,quantile,0.9,773,2027-03-13
2027-02-27,wk inc flu hosp,2,34,quantile,0.95,822,2027-03-13
2027-02-27,wk inc flu hosp,2,34,quantile,0.975,844,2027-03-13
2027-02-27,wk inc flu hosp,2,34,quantile,0.99,894,2027-03-13
2027-02-27,wk inc flu hosp,2,35,quantile,0.01,81,2027-03-13
2027-02-27,wk inc flu hosp,2,35,quantile,0.025,91,2027-03-13
2027-02-27,wk inc flu hosp,2,35,quantile,0.05,106,2027-03-13
2027-02-27,wk inc flu hosp,2,35,quantile,0.1,119,2027-03-13
2027-02-27,wk inc flu hosp,2,35,quantile,0.15,124,2027-03-13
2027-02-27,wk inc flu hosp,2,35,quantile,0.2,132,2027-03-13
2027-02-27,wk inc flu hosp,2,35,quantile,0.25,141,2027-03-13
2027-02-27,wk inc flu hosp,2,35,quantile,0.3,147,2027-03-13
2027-02-27,wk inc flu hosp,2,35,quantile,0.35,152,2027-03-13
2027-02-27,wk inc flu hosp,2,35,quantile,0.4,158,2027-03-13
2027-02-27,wk inc flu hosp,2,35,quantile,0.45,163,2027-03-13
2027-02-27,wk inc flu hosp,2,35,quantile,0.5,168,2027-03-13
2027-02-27,wk inc flu hosp,2,35,quantile,0.55,173,2027-03-13
2027-02-27,wk inc flu hosp,2,35,quantile,0.6,178,2027-03-13
2027-02-27,wk inc flu hosp,2,35,quantile,0.65,182,2027-03-13
2027-02-27,wk inc flu hosp,2,35,quantile,0.7,194,2027-03-13
2027-02-27,wk inc flu hosp,2,35,quantile,0.75,204,2027-03-13
2027-02-27,wk inc flu hosp,2,35,quantile,0.8,212,2027-03-13
2027-02-27,wk inc flu hosp,2,35,quantile,0.85,227,2027-03-13
2027-02-27,wk inc flu hosp,2,35,quantile,0.9,243,2027-03-13
2027-02-27,wk inc flu hosp,2,35,quantile,0.95,268,2027-03-13
2027-02-27,wk inc flu hosp,2,35,quantile,0.975,280,2027-03-13
2027-02-27,wk inc flu hosp,2,35,quantile,0.99,348,2027-03-13
2027-02-27,wk inc flu hosp,2,36,quantile,0.01,751,2027-03-13
2027-02-27,wk inc flu hosp,2,36,quantile,0.025,780,2027-03-13
2027-02-27,wk inc flu hosp,2,36,quantile,0.05,809,2027-03-13
2027-02-27,wk inc flu hosp,2,36,quantile,0.1,852,2027-03-13
2027-02-27,wk inc flu hosp,2,36,quantile,0.15,883,2027-03-13
2027-02-27,wk inc flu hosp,2,36,quantile,0.2,929,2027-03-13
2027-02-27,wk inc flu hosp,2,36,quantile,0.25,1000,2027-03-13
2027-02-27,wk inc flu hosp,2,36,quantile,0.3,1037,2027-03-13
2027-02-27,wk inc flu hosp,2,36,quantile,0.35,1066,2027-03-13
2027-02-27,wk inc flu hosp,2,36,quantile,0.4,1098,2027-03-13
2027-02-27,wk inc flu hosp,2,36,quantile,0.45,1121,2027-03-13
2027-02-27,wk inc flu hosp,2,36,quantile,0.5,1148,2027-03-13
2027-02-27,wk inc flu hosp,2,36,quantile,0.55,1170,2027-03-13
2027-02-27,wk inc flu hosp,2,36,quantile,0.6,1207,2027-03-13
2027-02-27,wk inc flu hosp,2,36,quantile,0.65,1246,2027-03-13
2027-02-27,wk inc flu hosp,2,36,quantile,0.7,1319,2027-03-13
2027-02-27,wk inc flu hosp,2,36,quantile,0.75,1378,2027-03-13
2027-02-27,wk inc flu hosp,2,36,quantile,0.8,1426,2027-03-13
2027-02-27,wk inc flu hosp,2,36,quantile,0.85,1478,2027-03-13
2027-02-27,wk inc flu hosp,2,36,quantile,0.9,1533,2027-03-13
2027-02-27,wk inc flu hosp,2,36,quantile,0.95,1572,2027-03-13
2027-02-27,wk inc flu hosp,2,36,quantile,0.975,1735,2027-03-13
2027-02-27,wk inc flu hosp,2,36,quantile,0.99,1973,2027-03-13
2027-02-27,wk inc flu hosp,2,37,quantile,0.01,225,2027-03-13
2027-02-27,wk inc flu hosp,2,37,quantile,0.025,275,2027-03-13
2027-02-27,wk inc flu hosp,2,37,quantile,0.05,296,2027-03-13
2027-02-27,wk inc flu hosp,2,37,quantile,0.1,329,2027-03-13
2027-02-27,wk inc flu hosp,2,37,quantile,0.15,375,2027-03-13
2027-02-27,wk inc flu hosp,2,37,quantile,0.2,395,2027-03-13
2027-02-27,wk inc flu hosp,2,37,quantile,0.25,419,2027-03-13
2027-02-27,wk inc flu hosp,2,37,quantile,0.3,444,2027-03-13
2027-02-27,wk inc flu hosp,2,37,quantile,0.35,458,2027-03-13
2027-02-27,wk inc flu hosp,2,37,quantile,0.4,473,2027-03-13
2027-02-27,wk inc flu hosp,2,37,quantile,0.45,500,2027-03-13
2027-02-27,wk inc flu hosp,2,37,quantile,0.5,523,2027-03-13
2027-02-27,wk inc flu hosp,2,37,quantile,0.55,558,2027-03-13
2027-02-27,wk inc flu hosp,2,37,quantile,0.6,573,2027-03-13
2027-02-27,wk inc flu hosp,2,37,quantile,0.65,595,2027-03-13
2027-02-27,wk inc flu hosp,2,37,quantile,0.7,613,2027-03-13
2027-02-27,wk inc flu hosp,2,37,quantile,0.75,666,2027-03-13
2027-02-27,wk inc flu hosp,2,37,quantile,0.8,698,2027-03-13
2027-02-27,wk inc flu hosp,2,37,quantile,0.85,719,2027-03-13
2027-02-27,wk inc flu hosp,2,37,quantile,0.9,768,2027-03-13
2027-02-27,wk inc flu hosp,2,37,quantile,0.95,807,2027-03-13
2027-02-27,wk inc flu hosp,2,37,quantile,0.975,932,2027-03-13
2027-02-27,wk inc flu hosp,2,37,quantile,0.99,981,2027-03-13
2027-02-27,wk inc flu hosp,2,38,quantile,0.01,26,2027-03-13
2027-02-27,wk inc flu hosp,2,38,quantile,0.025,29,2027-03-13
2027-02-27,wk inc flu hosp,2,38,quantile,0.05,31,2027-03-13
2027-02-27,wk inc flu hosp,2,38,quantile,0.1,34,2027-03-13
2027-02-27,wk inc flu hosp,2,38,quantile,0.15,37,2027-03-13
2027-02-27,wk inc flu hosp,2,38,quantile,0.2,40,2027-03-13
2027-02-27,wk inc flu hosp,2,38,quantile,0.25,42,2027-03-13
2027-02-27,wk inc flu hosp,2,38,quantile,0.3,45,2027-03-13
2027-02-27,wk inc flu hosp,2,38,quantile,0.35,47,2027-03-13
2027-02-27,wk inc flu hosp,2,38,quantile,0.4,49,2027-03-13
2027-02-27,wk inc flu hosp,2,38,quantile,0.45,50,2027-03-13
2027-02-27,wk inc flu hosp,2,38,quantile,0.5,52,2027-03-13
2027-02-27,wk inc flu hosp,2,38,quantile,0.55,54,2027-03-13
2027-02-27,wk inc flu hosp,2,38,quantile,0.6,57,2027-03-13
2027-02-27,wk inc flu hosp,2,38,quantile,0.65,58,2027-03-13
2027-02-27,wk inc flu hosp,2,38,quantile,0.7,62,2027-03-13
2027-02-27,wk inc flu hosp,2,38,quantile,0.75,66,2027-03-13
2027-02-27,wk inc flu hosp,2,38,quantile,0.8,70,2027-03-13
2027-02-27,wk inc flu hosp,2,38,quantile,0.85,76,2027-03-13
2027-02-27,wk inc flu hosp,2,38,quantile,0.9,84,2027-03-13
2027-02-27,wk inc flu hosp,2,38,quantile,0.95,93,2027-03-13
2027-02-27,wk inc flu hosp,2,38,quantile,0.975,97,2027-03-13
2027-02-27,wk inc flu hosp,2,38,quantile,0.99,118,2027-03-13
2027-02-27,wk inc flu hosp,2,39,quantile,0.01,855,2027-03-13
2027-02-27,wk inc flu hosp,2,39,quantile,0.025,906,2027-03-13
2027-02-27,wk inc flu hosp,2,39,quantile,0.05,951,2027-03-13
2027-02-27,wk inc flu hosp,2,39,quantile,0.1,1039,2027-03-13
2027-02-27,wk inc flu hosp,2,39,quantile,0.15,1111,2027-03-13
2027-02-27,wk inc flu hosp,2,39,quantile,0.2,1171,2027-03-13
2027-02-27,wk inc flu hosp,2,39,quantile,0.25,1215,2027-03-13
2027-02-27,wk inc flu hosp,2,39,quantile,0.3,1252,2027-03-13
2027-02-27,wk inc flu hosp,2,39,quantile,0.35,1273,2027-03-13
2027-02-27,wk inc flu hosp,2,39,quantile,0.4,1319,2027-03-13
2027-02-27,wk inc flu hosp,2,39,quantile,0.45,1368,2027-03-13
2027-02-27,wk inc flu hosp,2,39,quantile,0.5,1380,2027-03-13
2027-02-27,wk inc flu hosp,2,39,quantile,0.55,1411,2027-03-13
2027-02-27,wk inc flu hosp,2,39,quantile,0.6,1458,2027-03-13
2027-02-27,wk inc flu hosp,2,39,quantile,0.65,1526,2027-03-13
2027-02-27,wk inc flu hosp,2,39,quantile,0.7,1603,2027-03-13
2027-02-27,wk inc flu hosp,2,39,quantile,0.75,1644,2027-03-13
2027-02-27,wk inc flu hosp,2,39,quantile,0.8,1713,2027-03-13
2027-02-27,wk inc flu hosp,2,39,quantile,0.85,1806,2027-03-13
2027-02-27,wk inc flu hosp,2,39,quantile,0.9,1915,2027-03-13
2027-02-27,wk inc flu hosp,2,39,quantile,0.95,2052,2027-03-13
2027-02-27,wk inc flu hosp,2,39,quantile,0.975,2380,2027-03-13
2027-02-27,wk inc flu hosp,2,39,quantile,0.99,2578,2027-03-13
2027-02-27,wk inc flu hosp,2,40,quantile,0.01,103,2027-03-13
2027-02-27,wk inc flu hosp,2,40,quantile,0.025,107,2027-03-13
2027-02-27,wk inc flu hosp,2,40,quantile,0.05,118,2027-03-13
2027-02-27,wk inc flu hosp,2,40,quantile,0.1,133,2027-03-13
2027-02-27,wk inc flu hosp,2,40,quantile,0.15,148,2027-03-13
2027-02-27,wk inc flu hosp,2,40,quantile,0.2,155,2027-03-13
2027-02-27,wk inc flu hosp,2,40,quantile,0.25,165,2027-03-13
2027-02-27,wk inc flu hosp,2,40,quantile,0.3,174,2027-03-13
2027-02-27,wk inc flu hosp,2,40,quantile,0.35,179,2027-03-13
2027-02-27,wk inc flu hosp,2,40,quantile,0.4,183,2027-03-13
2027-02-27,wk inc flu hosp,2,40,quantile,0.45,188,2027-03-13
2027-02-27,wk inc flu hosp,2,40,quantile,0.5,192,2027-03-13
2027-02-27,wk inc flu hosp,2,40,quantile,0.55,195,2027-03-13
2027-02-27,wk inc flu hosp,2,40,quantile,0.6,200,2027-03-13
2027-02-27,wk inc flu hosp,2,40,quantile,0.65,209,2027-03-13
2027-02-27,wk inc flu hosp,2,40,quantile,0.7,216,2027-03-13
2027-02-27,wk inc flu hosp,2,40,quantile,0.75,227,2027-03-13
2027-02-27,wk inc flu hosp,2,40,quantile,0.8,242,2027-03-13
2027-02-27,wk inc flu hosp,2,40,quantile,0.85,252,2027-03-13
2027-02-27,wk inc flu hosp,2,40,quantile,0.9,286,2027-03-13
2027-02-27,wk inc flu hosp,2,40,quantile,0.95,314,2027-03-13
2027-02-27,wk inc flu hosp,2,40,quantile,0.975,363,2027-03-13
2027-02-27,wk inc flu hosp,2,40,quantile,0.99,405,2027-03-13
2027-02-27,wk inc flu hosp,2,41,quantile,0.01,110,2027-03-13
2027-02-27,wk inc flu hosp,2,41,quantile,0.025,116,2027-03-13
2027-02-27,wk inc flu hosp,2,41,quantile,0.05,119,2027-03-13
2027-02-27,wk inc flu hosp,2,41,quantile,0.1,137,2027-03-13
2027-02-27,wk inc flu hosp,2,41,quantile,0.15,140,2027-03-13
2027-02-27,wk inc flu hosp,2,41,quantile,0.2,145,2027-03-13
2027-02-27,wk inc flu hosp,2,41,quantile,0.25,149,2027-03-13
2027-02-27,wk inc flu hosp,2,41,quantile,0.3,152,2027-03-13
2027-02-27,wk inc flu hosp,2,41,quantile,0.35,158,2027-03-13
2027-02-27,wk inc flu hosp,2,41,quantile,0.4,167,2027-03-13
2027-02-27,wk inc flu hosp,2,41,quantile,0.45,174,2027-03-13
2027-02-27,wk inc flu hosp,2,41,quantile,0.5,178,2027-03-13
2027-02-27,wk inc flu hosp,2,41,quantile,0.55,185,2027-03-13
2027-02-27,wk inc flu hosp,2,41,quantile,0.6,194,2027-03-13
2027-02-27,wk inc flu hosp,2,41,quantile,0.65,202,2027-03-13
2027-02-27,wk inc flu hosp,2,41,quantile,0.7,213,2027-03-13
2027-02-27,wk inc flu hosp,2,41,quantile,0.75,224,2027-03-13
2027-02-27,wk inc flu hosp,2,41,quantile,0.8,232,2027-03-13
2027-02-27,wk inc flu hosp,2,41,quantile,0.85,251,2027-03-13
2027-02-27,wk inc flu hosp,2,41,quantile,0.9,268,2027-03-13
2027-02-27,wk inc flu hosp,2,41,quantile,0.95,292,2027-03-13
2027-02-27,wk inc flu hosp,2,41,quantile,0.975,304,2027-03-13
2027-02-27,wk inc flu hosp,2,41,quantile,0.99,342,2027-03-13
2027-02-27,wk inc flu hosp,2,42,quantile,0.01,786,2027-03-13
2027-02-27,wk inc flu hosp,2,42,quantile,0.025,1117,2027-03-13
2027-02-27,wk inc flu hosp,2,42,quantile,0.05,1196,2027-03-13
2027-02-27,wk inc flu hosp,2,42,quantile,0.1,1286,2027-03-13
2027-02-27,wk inc flu hosp,2,42,quantile,0.15,1339,2027-03-13
2027-02-27,wk inc flu hosp,2,42,quantile,0.2,1419,2027-03-13
2027-02-27,wk inc flu hosp,2,42,quantile,0.25,1472,2027-03-13
2027-02-27,wk inc flu hosp,2,42,quantile,0.3,1565,2027-03-13
2027-02-27,wk inc flu hosp,2,42,quantile,0.35,1616,2027-03-13
2027-02-27,wk inc flu hosp,2,42,quantile,0.4,1677,2027-03-13
2027-02-27,wk inc flu hosp,2,42,quantile,0.45,1751,2027-03-13
2027-02-27,wk inc flu hosp,2,42,quantile,0.5,1807,2027-03-13
2027-02-27,wk inc flu hosp,2,42,quantile,0.55,1887,2027-03-13
2027-02-27,wk inc flu hosp,2,42,quantile,0.6,1954,2027-03-13
2027-02-27,wk inc flu hosp,2,42,quantile,0.65,1997,2027-03-13
2027-02-27,wk inc flu hosp,2,42,quantile,0.7,2110,2027-03-13
2027-02-27,wk inc flu hosp,2,42,quantile,0.75,2157,2027-03-13
2027-02-27,wk inc flu hosp,2,42,quantile,0.8,2216,2027-03-13
2027-02-27,wk inc flu hosp,2,42,quantile,0.85,2352,2027-03-13
2027-02-27,wk inc flu hosp,2,42,quantile,0.9,2442,2027-03-13
2027-02-27,wk inc flu hosp,2,42,quantile,0.95,2625,2027-03-13
2027-02-27,wk inc flu hosp,2,42,quantile,0.975,2809,2027-03-13
2027-02-27,wk inc flu hosp,2,42,quantile,0.99,2953,2027-03-13
2027-02-27,wk inc flu hosp,2,44,quantile,0.01,35,2027-03-13
2027-02-27,wk inc flu hosp,2,44,quantile,0.025,36,2027-03-13
2027-02-27,wk inc flu hosp,2,44,quantile,0.05,39,2027-03-13
2027-02-27,wk inc flu hosp,2,44,quantile,0.1,41,2027-03-13
2027-02-27,wk inc flu hosp,2,44,quantile,0.15,47,2027-03-13
2027-02-27,wk inc flu hosp,2,44,quantile,0.2,49,2027-03-13
2027-02-27,wk inc flu hosp,2,44,quantile,0.25,52,2027-03-13
2027-02-27,wk inc flu hosp,2,44,quantile,0.3,54,2027-03-13
2027-02-27,wk inc flu hosp,2,44,quantile,0.35,57,2027-03-13
2027-02-27,wk inc flu hosp,2,44,quantile,0.4,62,2027-03-13
2027-02-27,wk inc flu hosp,2,44,quantile,0.45,64,2027-03-13
2027-02-27,wk inc flu hosp,2,44,quantile,0.5,70,2027-03-13
2027-02-27,wk inc flu hosp,2,44,quantile,0.55,72,2027-03-13
2027-02-27,wk inc flu hosp,2,44,quantile,0.6,74,2027-03-13
2027-02-27,wk inc flu hosp,2,44,quantile,0.65,78,2027-03-13
2027-02-27,wk inc flu hosp,2,44,quantile,0.7,81,2027-03-13
2027-02-27,wk inc flu hosp,2,44,quantile,0.75,85,2027-03-13
2027-02-27,wk inc flu hosp,2,44,quantile,0.8,89,2027-03-13
2027-02-27,wk inc flu hosp,2,44,quantile,0.85,95,2027-03-13
2027-02-27,wk inc flu hosp,2,44,quantile,0.9,101,2027-03-13
2027-02-27,wk inc flu hosp,2,44,quantile,0.95,106,2027-03-13
2027-02-27,wk inc flu hosp,2,44,quantile,0.975,113,2027-03-13
2027-02-27,wk inc flu hosp,2,44,quantile,0.99,120,2027-03-13
2027-02-27,wk inc flu hosp,2,45,quantile,0.01,93,2027-03-13
2027-02-27,wk inc flu hosp,2,45,quantile,0.025,110,2027-03-13
2027-02-27,wk inc flu hosp,2,45,quantile,0.05,142,2027-03-13
2027-02-27,wk inc flu hosp,2,45,quantile,0.1,172,2027-03-13
2027-02-27,wk inc flu hosp,2,45,quantile,0.15,199,2027-03-13
2027-02-27,wk inc flu hosp,2,45,quantile,0.2,214,2027-03-13
2027-02-27,wk inc flu hosp,2,45,quantile,0.25,226,2027-03-13
2027-02-27,wk inc flu hosp,2,45,quantile,0.3,236,2027-03-13
2027-02-27,wk inc flu hosp,2,45,quantile,0.35,244,2027-03-13
2027-02-27,wk inc flu hosp,2,45,quantile,0.4,255,2027-03-13
2027-02-27,wk inc flu hosp,2,45,quantile,0.45,268,2027-03-13
2027-02-27,wk inc flu hosp,2,45,quantile,0.5,280,2027-03-13
2027-02-27,wk inc flu hosp,2,45,quantile,0.55,287,2027-03-13
2027-02-27,wk inc flu hosp,2,45,quantile,0.6,293,2027-03-13
2027-02-27,wk inc flu hosp,2,45,quantile,0.65,304,2027-03-13
2027-02-27,wk inc flu hosp,2,45,quantile,0.7,317,2027-03-13
2027-02-27,wk inc flu hosp,2,45,quantile,0.75,340,2027-03-13
2027-02-27,wk inc flu hosp,2,45,quantile,0.8,367,2027-03-13
2027-02-27,wk inc flu hosp,2,45,quantile,0.85,386,2027-03-13
2027-02-27,wk inc flu hosp,2,45,quantile,0.9,407,2027-03-13
2027-02-27,wk inc flu hosp,2,45,quantile,0.95,444,2027-03-13
2027-02-27,wk inc flu hosp,2,45,quantile,0.975,489,2027-03-13
2027-02-27,wk inc flu hosp,2,45,quantile,0.99,532,2027-03-13
2027-02-27,wk inc flu hosp,2,46,quantile,0.01,25,2027-03-13
2027-02-27,wk inc flu hosp,2,46,quantile,0.025,28,2027-03-13
2027-02-27,wk inc flu hosp,2,46,quantile,0.05,32,2027-03-13
2027-02-27,wk inc flu hosp,2,46,quantile,0.1,37,2027-03-13
2027-02-27,wk inc flu hosp,2,46,quantile,0.15,41,2027-03-13
2027-02-27,wk inc flu hosp,2,46,quantile,0.2,46,2027-03-13
2027-02-27,wk inc flu hosp,2,46,quantile,0.25,49,2027-03-13
2027-02-27,wk inc flu hosp,2,46,quantile,0.3,53,2027-03-13
2027-02-27,wk inc flu hosp,2,46,quantile,0.35,54,2027-03-13
2027-02-27,wk inc flu hosp,2,46,quantile,0.4,59,2027-03-13
2027-02-27,wk inc flu hosp,2,46,quantile,0.45,60,2027-03-13
2027-02-27,wk inc flu hosp,2,46,quantile,0.5,62,2027-03-13
2027-02-27,wk inc flu hosp,2,46,quantile,0.55,64,2027-03-13
2027-02-27,wk inc flu hosp,2,46,quantile,0.6,69,2027-03-13
2027-02-27,wk inc flu hosp,2,46,quantile,0.65,73,2027-03-13
2027-02-27,wk inc flu hosp,2,46,quantile,0.7,77,2027-03-13
2027-02-27,wk inc flu hosp,2,46,quantile,0.75,78,2027-03-13
2027-02-27,wk inc flu hosp,2,46,quantile,0.8,83,2027-03-13
2027-02-27,wk inc flu hosp,2,46,quantile,0.85,88,2027-03-13
2027-02-27,wk inc flu hosp,2,46,quantile,0.9,96,2027-03-13
2027-02-27,wk inc flu hosp,2,46,quantile,0.95,107,2027-03-13
2027-02-27,wk inc flu hosp,2,46,quantile,0.975,118,2027-03-13
2027-02-27,wk inc flu hosp,2,46,quantile,0.99,122,2027-03-13
2027-02-27,wk inc flu hosp,2,47,quantile,0.01,274,2027-03-13
2027-02-27,wk inc flu hosp,2,47,quantile,0.025,318,2027-03-13
2027-02-27,wk inc flu hosp,2,47,quantile,0.05,337,2027-03-13
2027-02-27,wk inc flu hosp,2,47,quantile,0.1,370,2027-03-13
2027-02-27,wk inc flu hosp,2,47,quantile,0.15,385,2027-03-13
2027-02-27,wk inc flu hosp,2,47,quantile,0.2,393,2027-03-13
2027-02-27,wk inc flu hosp,2,47,quantile,0.25,415,2027-03-13
2027-02-27,wk inc flu hosp,2,47,quantile,0.3,440,2027-03-13
2027-02-27,wk inc flu hosp,2,47,quantile,0.35,449,2027-03-13
2027-02-27,wk inc flu hosp,2,47,quantile,0.4,464,2027-03-13
2027-02-27,wk inc flu hosp,2,47,quantile,0.45,476,2027-03-13
2027-02-27,wk inc flu hosp,2,47,quantile,0.5,484,2027-03-13
2027-02-27,wk inc flu hosp,2,47,quantile,0.55,491,2027-03-13
2027-02-27,wk inc flu hosp,2,47,quantile,0.6,504,2027-03-13
2027-02-27,wk inc flu hosp,2,47,quantile,0.65,516,2027-03-13
2027-02-27,wk inc flu hosp,2,47,quantile,0.7,524,2027-03-13
2027-02-27,wk inc flu hosp,2,47,quantile,0.75,536,2027-03-13
2027-02-27,wk inc flu hosp,2,47,quantile,0.8,555,2027-03-13
2027-02-27,wk inc flu hosp,2,47,quantile,0.85,583,2027-03-13
2027-02-27,wk inc flu hosp,2,47,quantile,0.9,606,2027-03-13
2027-02-27,wk inc flu hosp,2,47,quantile,0.95,641,2027-03-13
2027-02-27,wk inc flu hosp,2,47,quantile,0.975,676,2027-03-13
2027-02-27,wk inc flu hosp,2,47,quantile,0.99,730,2027-03-13
2027-02-27,wk inc flu hosp,2,48,quantile,0.01,458,2027-03-13
2027-02-27,wk inc flu hosp,2,48,quantile,0.025,503,2027-03-13
2027-02-27,wk inc flu hosp,2,48,quantile,0.05,576,2027-03-13
2027-02-27,wk inc flu hosp,2,48,quantile,0.1,731,2027-03-13
2027-02-27,wk inc flu hosp,2,48,quantile,0.15,834,2027-03-13
2027-02-27,wk inc flu hosp,2,48,quantile,0.2,943,2027-03-13
2027-02-27,wk inc flu hosp,2,48,quantile,0.25,1005,2027-03-13
2027-02-27,wk inc flu hosp,2,48,quantile,0.3,1044,2027-03-13
2027-02-27,wk inc flu hosp,2,48,quantile,0.35,1083,2027-03-13
2027-02-27,wk inc flu hosp,2,48,quantile,0.4,1136,2027-03-13
2027-02-27,wk inc flu hosp,2,48,quantile,0.45,1231,2027-03-13
2027-02-27,wk inc flu hosp,2,48,quantile,0.5,1278,2027-03-13
2027-02-27,wk inc flu hosp,2,48,quantile,0.55,1338,2027-03-13
2027-02-27,wk inc flu hosp,2,48,quantile,0.6,1381,2027-03-13
2027-02-27,wk inc flu hosp,2,48,quantile,0.65,1419,2027-03-13
2027-02-27,wk inc flu hosp,2,48,quantile,0.7,1478,2027-03-13
2027-02-27,wk inc flu hosp,2,48,quantile,0.75,1516,2027-03-13
2027-02-27,wk inc flu hosp,2,48,quantile,0.8,1610,2027-03-13
2027-02-27,wk inc flu hosp,2,48,quantile,0.85,1704,2027-03-13
2027-02-27,wk inc flu hosp,2,48,quantile,0.9,1818,2027-03-13
2027-02-27,wk inc flu hosp,2,48,quantile,0.95,2066,2027-03-13
2027-02-27,wk inc flu hosp,2,48,quantile,0.975,2162,2027-03-13
2027-02-27,wk inc flu hosp,2,48,quantile,0.99,2396,2027-03-13
2027-02-27,wk inc flu hosp,2,49,quantile,0.01,37,2027-03-13
2027-02-27,wk inc flu hosp,2,49,quantile,0.025,39,2027-03-13
2027-02-27,wk inc flu hosp,2,49,quantile,0.05,41,2027-03-13
2027-02-27,wk inc flu hosp,2,49,quantile,0.1,47,2027-03-13
2027-02-27,wk inc flu hosp,2,49,quantile,0.15,49,2027-03-13
2027-02-27,wk inc flu hosp,2,49,quantile,0.2,52,2027-03-13
2027-02-27,wk inc flu hosp,2,49,quantile,0.25,55,2027-03-13
2027-02-27,wk inc flu hosp,2,49,quantile,0.3,57,2027-03-13
2027-02-27,wk inc flu hosp,2,49,quantile,0.35,59,2027-03-13
2027-02-27,wk inc flu hosp,2,49,quantile,0.4,63,2027-03-13
2027-02-27,wk inc flu hosp,2,49,quantile,0.45,66,2027-03-13
2027-02-27,wk inc flu hosp,2,49,quantile,0.5,70,2027-03-13
2027-02-27,wk inc flu hosp,2,49,quantile,0.55,73,2027-03-13
2027-02-27,wk inc flu hosp,2,49,quantile,0.6,74,2027-03-13
2027-02-27,wk inc flu hosp,2,49,quantile,0.65,76,2027-03-13
2027-02-27,wk inc flu hosp,2,49,quantile,0.7,78,2027-03-13
2027-02-27,wk inc flu hosp,2,49,quantile,0.75,80,2027-03-13
2027-02-27,wk inc flu hosp,2,49,quantile,0.8,84,2027-03-13
2027-02-27,wk inc flu hosp,2,49,quantile,0.85,90,2027-03-13
2027-02-27,wk inc flu hosp,2,49,quantile,0.9,95,2027-03-13
2027-02-27,wk inc flu hosp,2,49,quantile,0.95,103,2027-03-13
2027-02-27,wk inc flu hosp,2,49,quantile,0.975,113,2027-03-13
2027-02-27,wk inc flu hosp,2,49,quantile,0.99,125,2027-03-13
2027-02-27,wk inc flu hosp,2,50,quantile,0.01,15,2027-03-13
2027-02-27,wk inc flu hosp,2,50,quantile,0.025,17,2027-03-13
2027-02-27,wk inc flu hosp,2,50,quantile,0.05,21,2027-03-13
2027-02-27,wk inc flu hosp,2,50,quantile,0.1,24,2027-03-13
2027-02-27,wk inc flu hosp,2,50,quantile,0.15,26,2027-03-13
2027-02-27,wk inc flu hosp,2,50,quantile,0.2,27,2027-03-13
2027-02-27,wk inc flu hosp,2,50,quantile,0.25,28,2027-03-13
2027-02-27,wk inc flu hosp,2,50,quantile,0.3,31,2027-03-13
2027-02-27,wk inc flu hosp,2,50,quantile,0.35,34,2027-03-13
2027-02-27,wk inc flu hosp,2,50,quantile,0.4,36,2027-03-13
2027-02-27,wk inc flu hosp,2,50,quantile,0.45,37,2027-03-13
2027-02-27,wk inc flu hosp,2,50,quantile,0.5,38,2027-03-13
2027-02-27,wk inc flu hosp,2,50,quantile,0.55,40,2027-03-13
2027-02-27,wk inc flu hosp,2,50,quantile,0.6,42,2027-03-13
2027-02-27,wk inc flu hosp,2,50,quantile,0.65,44,2027-03-13
2027-02-27,wk inc flu hosp,2,50,quantile,0.7,46,2027-03-13
2027-02-27,wk inc flu hosp,2,50,quantile,0.75,49,2027-03-13
2027-02-27,wk inc flu hosp,2,50,quantile,0.8,51,2027-03-13
2027-02-27,wk inc flu hosp,2,50,quantile,0.85,55,2027-03-13
2027-02-27,wk inc flu hosp,2,50,quantile,0.9,58,2027-03-13
2027-02-27,wk inc flu hosp,2,50,quantile,0.95,60,2027-03-13
2027-02-27,wk inc flu hosp,2,50,quantile,0.975,64,2027-03-13
2027-02-27,wk inc flu hosp,2,50,quantile,0.99,68,2027-03-13
2027-02-27,wk inc flu hosp,2,51,quantile,0.01,253,2027-03-13
2027-02-27,wk inc flu hosp,2,51,quantile,0.025,272,2027-03-13
2027-02-27,wk inc flu hosp,2,51,quantile,0.05,290,2027-03-13
2027-02-27,wk inc flu hosp,2,51,quantile,0.1,342,2027-03-13
2027-02-27,wk inc flu hosp,2,51,quantile,0.15,363,2027-03-13
2027-02-27,wk inc flu hosp,2,51,quantile,0.2,390,2027-03-13
2027-02-27,wk inc flu hosp,2,51,quantile,0.25,426,2027-03-13
2027-02-27,wk inc flu hosp,2,51,quantile,0.3,453,2027-03-13
2027-02-27,wk inc flu hosp,2,51,quantile,0.35,465,2027-03-13
2027-02-27,wk inc flu hosp,2,51,quantile,0.4,483,2027-03-13
2027-02-27,wk inc flu hosp,2,51,quantile,0.45,504,2027-03-13
2027-02-27,wk inc flu hosp,2,51,quantile,0.5,544,2027-03-13
2027-02-27,wk inc flu hosp,2,51,quantile,0.55,568,2027-03-13
2027-02-27,wk inc flu hosp,2,51,quantile,0.6,590,2027-03-13
2027-02-27,wk inc flu hosp,2,51,quantile,0.65,615,2027-03-13
2027-02-27,wk inc flu hosp,2,51,quantile,0.7,639,2027-03-13
2027-02-27,wk inc flu hosp,2,51,quantile,0.75,662,2027-03-13
2027-02-27,wk inc flu hosp,2,51,quantile,0.8,689,2027-03-13
2027-02-27,wk inc flu hosp,2,51,quantile,0.85,722,2027-03-13
2027-02-27,wk inc flu hosp,2,51,quantile,0.9,766,2027-03-13
2027-02-27,wk inc flu hosp,2,51,quantile,0.95,838,2027-03-13
2027-02-27,wk inc flu hosp,2,51,quantile,0.975,934,2027-03-13
2027-02-27,wk inc flu hosp,2,51,quantile,0.99,991,2027-03-13
2027-02-27,wk inc flu hosp,2,53,quantile,0.01,97,2027-03-13
2027-02-27,wk inc flu hosp,2,53,quantile,0.025,109,2027-03-13
2027-02-27,wk inc flu hosp,2,53,quantile,0.05,127,2027-03-13
2027-02-27,wk inc flu hosp,2,53,quantile,0.1,138,2027-03-13
2027-02-27,wk inc flu hosp,2,53,quantile,0.15,143,2027-03-13
2027-02-27,wk inc flu hosp,2,53,quantile,0.2,157,2027-03-13
2027-02-27,wk inc flu hosp,2,53,quantile,0.25,167,2027-03-13
2027-02-27,wk inc flu hosp,2,53,quantile,0.3,175,2027-03-13
2027-02-27,wk inc flu hosp,2,53,quantile,0.35,182,2027-03-13
2027-02-27,wk inc flu hosp,2,53,quantile,0.4,192,2027-03-13
2027-02-27,wk inc flu hosp,2,53,quantile,0.45,198,2027-03-13
2027-02-27,wk inc flu hosp,2,53,quantile,0.5,210,2027-03-13
2027-02-27,wk inc flu hosp,2,53,quantile,0.55,223,2027-03-13
2027-02-27,wk inc flu hosp,2,53,quantile,0.6,235,2027-03-13
2027-02-27,wk inc flu hosp,2,53,quantile,0.65,245,2027-03-13
2027-02-27,wk inc flu hosp,2,53,quantile,0.7,251,2027-03-13
2027-02-27,wk inc flu hosp,2,53,quantile,0.75,256,2027-03-13
2027-02-27,wk inc flu hosp,2,53,quantile,0.8,265,2027-03-13
2027-02-27,wk inc flu hosp,2,53,quantile,0.85,283,2027-03-13
2027-02-27,wk inc flu hosp,2,53,quantile,0.9,310,2027-03-13
2027-02-27,wk inc flu hosp,2,53,quantile,0.95,334,2027-03-13
2027-02-27,wk inc flu hosp,2,53,quantile,0.975,356,2027-03-13
2027-02-27,wk inc flu hosp,2,53,quantile,0.99,389,2027-03-13
2027-02-27,wk inc flu hosp,2,54,quantile,0.01,193,2027-03-13
2027-02-27,wk inc flu hosp,2,54,quantile,0.025,204,2027-03-13
2027-02-27,wk inc flu hosp,2,54,quantile,0.05,215,2027-03-13
2027-02-27,wk inc flu hosp,2,54,quantile,0.1,227,2027-03-13
2027-02-27,wk inc flu hosp,2,54,quantile,0.15,237,2027-03-13
2027-02-27,wk inc flu hosp,2,54,quantile,0.2,251,2027-03-13
2027-02-27,wk inc flu hosp,2,54,quantile,0.25,256,2027-03-13
2027-02-27,wk inc flu hosp,2,54,quantile,0.3,269,2027-03-13
2027-02-27,wk inc flu hosp,2,54,quantile,0.35,277,2027-03-13
2027-02-27,wk inc flu hosp,2,54,quantile,0.4,281,2027-03-13
2027-02-27,wk inc flu hosp,2,54,quantile,0.45,286,2027-03-13
2027-02-27,wk inc flu hosp,2,54,quantile,0.5,298,2027-03-13
2027-02-27,wk inc flu hosp,2,54,quantile,0.55,305,2027-03-13
2027-02-27,wk inc flu hosp,2,54,quantile,0.6,316,2027-03-13
2027-02-27,wk inc flu hosp,2,54,quantile,0.65,324,2027-03-13
2027-02-27,wk inc flu hosp,2,54,quantile,0.7,332,2027-03-13
2027-02-27,wk inc flu hosp,2,54,quantile,0.75,343,2027-03-13
2027-02-27,wk inc flu hosp,2,54,quantile,0.8,366,2027-03-13
2027-02-27,wk inc flu hosp,2,54,quantile,0.85,381,2027-03-13
2027-02-27,wk inc flu hosp,2,54,quantile,0.9,405,2027-03-13
2027-02-27,wk inc flu hosp,2,54,quantile,0.95,453,2027-03-13
2027-02-27,wk inc flu hosp,2,54,quantile,0.975,467,2027-03-13
2027-02-27,wk inc flu hosp,2,54,quantile,0.99,557,2027-03-13
2027-02-27,wk inc flu hosp,2,55,quantile,0.01,294,2027-03-13
2027-02-27,wk inc flu hosp,2,55,quantile,0.025,303,2027-03-13
2027-02-27,wk inc flu hosp,2,55,quantile,0.05,329,2027-03-13
2027-02-27,wk inc flu hosp,2,55,quantile,0.1,376,2027-03-13
2027-02-27,wk inc flu hosp,2,55,quantile,0.15,412,2027-03-13
2027-02-27,wk inc flu hosp,2,55,quantile,0.2,436,2027-03-13
2027-02-27,wk inc flu hosp,2,55,quantile,0.25,450,2027-03-13
2027-02-27,wk inc flu hosp,2,55,quantile,0.3,462,2027-03-13
2027-02-27,wk inc flu hosp,2,55,quantile,0.35,468,2027-03-13
2027-02-27,wk inc flu hosp,2,55,quantile,0.4,477,2027-03-13
2027-02-27,wk inc flu hosp,2,55,quantile,0.45,499,2027-03-13
2027-02-27,wk inc flu hosp,2,55,quantile,0.5,507,2027-03-13
2027-02-27,wk inc flu hosp,2,55,quantile,0.55,522,2027-03-13
2027-02-27,wk inc flu hosp,2,55,quantile,0.6,540,2027-03-13
2027-02-27,wk inc flu hosp,2,55,quantile,0.65,550,2027-03-13
2027-02-27,wk inc flu hosp,2,55,quantile,0.7,565,2027-03-13
2027-02-27,wk inc flu hosp,2,55,quantile,0.75,583,2027-03-13
2027-02-27,wk inc flu hosp,2,55,quantile,0.8,607,2027-03-13
2027-02-27,wk inc flu hosp,2,55,quantile,0.85,659,2027-03-13
2027-02-27,wk inc flu hosp,2,55,quantile,0.9,706,2027-03-13
2027-02-27,wk inc flu hosp,2,55,quantile,0.95,745,2027-03-13
2027-02-27,wk inc flu hosp,2,55,quantile,0.975,806,2027-03-13
2027-02-27,wk inc flu hosp,2,55,quantile,0.99,857,2027-03-13
2027-02-27,wk inc flu hosp,2,56,quantile,0.01,11,2027-03-13
2027-02-27,wk inc flu hosp,2,56,quantile,0.025,14,2027-03-13
2027-02-27,wk inc flu hosp,2,56,quantile,0.05,15,2027-03-13
2027-02-27,wk inc flu hosp,2,56,quantile,0.1,18,2027-03-13
2027-02-27,wk inc flu hosp,2,56,quantile,0.15,21,2027-03-13
2027-02-27,wk inc flu hosp,2,56,quantile,0.2,23,2027-03-13
2027-02-27,wk inc flu hosp,2,56,quantile,0.25,25,2027-03-13
2027-02-27,wk inc flu hosp,2,56,quantile,0.3,27,2027-03-13
2027-02-27,wk inc flu hosp,2,56,quantile,0.35,30,2027-03-13
2027-02-27,wk inc flu hosp,2,56,quantile,0.4,31,2027-03-13
2027-02-27,wk inc flu hosp,2,56,quantile,0.45,33,2027-03-13
2027-02-27,wk inc flu hosp,2,56,quantile,0.5,35,2027-03-13
2027-02-27,wk inc flu hosp,2,56,quantile,0.55,36,2027-03-13
2027-02-27,wk inc flu hosp,2,56,quantile,0.6,38,2027-03-13
2027-02-27,wk inc flu hosp,2,56,quantile,0.65,40,2027-03-13
2027-02-27,wk inc flu hosp,2,56,quantile,0.7,41,2027-03-13
2027-02-27,wk inc flu hosp,2,56,quantile,0.75,45,2027-03-13
2027-02-27,wk inc flu hosp,2,56,quantile,0.8,50,2027-03-13
2027-02-27,wk inc flu hosp,2,56,quantile,0.85,54,2027-03-13
2027-02-27,wk inc flu hosp,2,56,quantile,0.9,60,2027-03-13
2027-02-27,wk inc flu hosp,2,56,quantile,0.95,65,2027-03-13
2027-02-27,wk inc flu hosp,2,56,quantile,0.975,74,2027-03-13
2027-02-27,wk inc flu hosp,2,56,quantile,0.99,86,2027-03-13
2027-02-27,wk inc flu hosp,2,72,quantile,0.01,92,2027-03-13
2027-02-27,wk inc flu hosp,2,72,quantile,0.025,108,2027-03-13
2027-02-27,wk inc flu hosp,2,72,quantile,0.05,130,2027-03-13
2027-02-27,wk inc flu hosp,2,72,quantile,0.1,148,2027-03-13
2027-02-27,wk inc flu hosp,2,72,quantile,0.15,162,2027-03-13
2027-02-27,wk inc flu hosp,2,72,quantile,0.2,174,2027-03-13
2027-02-27,wk inc flu hosp,2,72,quantile,0.25,189,2027-03-13
2027-02-27,wk inc flu hosp,2,72,quantile,0.3,205,2027-03-13
2027-02-27,wk inc flu hosp,2,72,quantile,0.35,221,2027-03-13
2027-02-27,wk inc flu hosp,2,72,quantile,0.4,235,2027-03-13
2027-02-27,wk inc flu hosp,2,72,quantile,0.45,241,2027-03-13
2027-02-27,wk inc flu hosp,2,72,quantile,0.5,257,2027-03-13
2027-02-27,wk inc flu hosp,2,72,quantile,0.55,277,2027-03-13
2027-02-27,wk inc flu hosp,2,72,quantile,0.6,293,2027-03-13
2027-02-27,wk inc flu hosp,2,72,quantile,0.65,308,2027-03-13
2027-02-27,wk inc flu hosp,2,72,quantile,0.7,335,2027-03-13
2027-02-27,wk inc flu hosp,2,72,quantile,0.75,349,2027-03-13
2027-02-27,wk inc flu hosp,2,72,quantile,0.8,381,2027-03-13
2027-02-27,wk inc flu hosp,2,72,quantile,0.85,427,2027-03-13
2027-02-27,wk inc flu hosp,2,72,quantile,0.9,470,2027-03-13
2027-02-27,wk inc flu hosp,2,72,quantile,0.95,536,2027-03-13
2027-02-27,wk inc flu hosp,2,72,quantile,0.975,603,2027-03-13
2027-02-27,wk inc flu hosp,2,72,quantile,0.99,663,2027-03-13
2027-02-27,wk inc flu hosp,2,USA,quantile,0.01,18244,2027-03-13
2027-02-27,wk inc flu hosp,2,USA,quantile,0.025,18769,2027-03-13
2027-02-27,wk inc flu hosp,2,USA,quantile,0.05,19127,2027-03-13
2027-02-27,wk inc flu hosp,2,USA,quantile,0.1,19630,2027-03-13
2027-02-27,wk inc flu hosp,2,USA,quantile,0.15,19893,2027-03-13
2027-02-27,wk inc flu hosp,2,USA,quantile,0.2,20295,2027-03-13
2027-02-27,wk inc flu hosp,2,USA,quantile,0.25,20580,2027-03-13
2027-02-27,wk inc flu hosp,2,USA,quantile,0.3,20722,2027-03-13
2027-02-27,wk inc flu hosp,2,USA,quantile,0.35,21002,2027-03-13
2027-02-27,wk inc flu hosp,2,USA,quantile,0.4,21206,2027-03-13
2027-02-27,wk inc flu hosp,2,USA,quantile,0.45,21540,2027-03-13
2027-02-27,wk inc flu hosp,2,USA,quantile,0.5,21686,2027-03-13
2027-02-27,wk inc flu hosp,2,USA,quantile,0.55,22046,2027-03-13
2027-02-27,wk inc flu hosp,2,USA,quantile,0.6,22344,2027-03-13
2027-02-27,wk inc flu hosp,2,USA,quantile,0.65,22539,2027-03-13
2027-02-27,wk inc flu hosp,2,USA,quantile,0.7,22819,2027-03-13
2027-02-27,wk inc flu hosp,2,USA,quantile,0.75,23239,2027-03-13
2027-02-27,wk inc flu hosp,2,USA,quantile,0.8,23448,2027-03-13
2027-02-27,wk inc flu hosp,2,USA,quantile,0.85,23631,2027-03-13
2027-02-27,wk inc flu hosp,2,USA,quantile,0.9,24330,2027-03-13
2027-02-27,wk inc flu hosp,2,USA,quantile,0.95,25843,2027-03-13
2027-02-27,wk inc flu hosp,2,USA,quantile,0.975,26922,2027-03-13
2027-02-27,wk inc flu hosp,2,USA,quantile,0.99,28511,2027-03-13
2027-02-27,wk inc flu hosp,3,01,quantile,0.01,93,2027-03-20
2027-02-27,wk inc flu hosp,3,01,quantile,0.025,107,2027-03-20
2027-02-27,wk inc flu hosp,3,01,quantile,0.05,119,2027-03-20
2027-02-27,wk inc flu hosp,3,01,quantile,0.1,141,2027-03-20
2027-02-27,wk inc flu hosp,3,01,quantile,0.15,154,2027-03-20
2027-02-27,wk inc flu hosp,3,01,quantile,0.2,162,2027-03-20
2027-02-27,wk inc flu hosp,3,01,quantile,0.25,176,2027-03-20
2027-02-27,wk inc flu hosp,3,01,quantile,0.3,185,2027-03-20
2027-02-27,wk inc flu hosp,3,01,quantile,0.35,196,2027-03-20
2027-02-27,wk inc flu hosp,3,01,quantile,0.4,203,2027-03-20
2027-02-27,wk inc flu hosp,3,01,quantile,0.45,209,2027-03-20
2027-02-27,wk inc flu hosp,3,01,quantile,0.5,218,2027-03-20
2027-02-27,wk inc flu hosp,3,01,quantile,0.55,224,2027-03-20
2027-02-27,wk inc flu hosp,3,01,quantile,0.6,238,2027-03-20
2027-02-27,wk inc flu hosp,3,01,quantile,0.65,254,2027-03-20
2027-02-27,wk inc flu hosp,3,01,quantile,0.7,265,2027-03-20
2027-02-27,wk inc flu hosp,3,01,quantile,0.75,294,2027-03-20
2027-02-27,wk inc flu hosp,3,01,quantile,0.8,321,2027-03-20
2027-02-27,wk inc flu hosp,3,01,quantile,0.85,360,2027-03-20
2027-02-27,wk inc flu hosp,3,01,quantile,0.9,390,2027-03-20
2027-02-27,wk inc flu hosp,3,01,quantile,0.95,431,2027-03-20
2027-02-27,wk inc flu hosp,3,01,quantile,0.975,488,2027-03-20
2027-02-27,wk inc flu hosp,3,01,quantile,0.99,547,2027-03-20
2027-02-27,wk inc flu hosp,3,02,quantile,0.01,12,2027-03-20
2027-02-27,wk inc flu hosp,3,02,quantile,0.025,14,2027-03-20
2027-02-27,wk inc flu hosp,3,02,quantile,0.05,16,2027-03-20
2027-02-27,wk inc flu hosp,3,02,quantile,0.1,20,2027-03-20
2027-02-27,wk inc flu hosp,3,02,quantile,0.15,27,2027-03-20
2027-02-27,wk inc flu hosp,3,02,quantile,0.2,31,2027-03-20
2027-02-27,wk inc flu hosp,3,02,quantile,0.25,35,2027-03-20
2027-02-27,wk inc flu hosp,3,02,quantile,0.3,39,2027-03-20
2027-02-27,wk inc flu hosp,3,02,quantile,0.35,44,2027-03-20
2027-02-27,wk inc flu hosp,3,02,quantile,0.4,48,2027-03-20
2027-02-27,wk inc flu hosp,3,02,quantile,0.45,51,2027-03-20
2027-02-27,wk inc flu hosp,3,02,quantile,0.5,56,2027-03-20
2027-02-27,wk inc flu hosp,3,02,quantile,0.55,64,2027-03-20
2027-02-27,wk inc flu hosp,3,02,quantile,0.6,68,2027-03-20
2027-02-27,wk inc flu hosp,3,02,quantile,0.65,75,2027-03-20
2027-02-27,wk inc flu hosp,3,02,quantile,0.7,81,2027-03-20
2027-02-27,wk inc flu hosp,3,02,quantile,0.75,92,2027-03-20
2027-02-27,wk inc flu hosp,3,02,quantile,0.8,105,2027-03-20
2027-02-27,wk inc flu hosp,3,02,quantile,0.85,121,2027-03-20
2027-02-27,wk inc flu hosp,3,02,quantile,0.9,136,2027-03-20
2027-02-27,wk inc flu hosp,3,02,quantile,0.95,208,2027-03-20
2027-02-27,wk inc flu hosp,3,02,quantile,0.975,226,2027-03-20
2027-02-27,wk inc flu hosp,3,02,quantile,0.99,265,2027-03-20
2027-02-27,wk inc flu hosp,3,04,quantile,0.01,238,2027-03-20
2027-02-27,wk inc flu hosp,3,04,quantile,0.025,247,2027-03-20
2027-02-27,wk inc flu hosp,3,04,quantile,0.05,278,2027-03-20
2027-02-27,wk inc flu hosp,3,04,quantile,0.1,298,2027-03-20
2027-02-27,wk inc flu hosp,3,04,quantile,0.15,340,2027-03-20
2027-02-27,wk inc flu hosp,3,04,quantile,0.2,373,2027-03-20
2027-02-27,wk inc flu hosp,3,04,quantile,0.25,391,2027-03-20
2027-02-27,wk inc flu hosp,3,04,quantile,0.3,428,2027-03-20
2027-02-27,wk inc flu hosp,3,04,quantile,0.35,445,2027-03-20
2027-02-27,wk inc flu hosp,3,04,quantile,0.4,454,2027-03-20
2027-02-27,wk inc flu hosp,3,04,quantile,0.45,467,2027-03-20
2027-02-27,wk inc flu hosp,3,04,quantile,0.5,496,2027-03-20
2027-02-27,wk inc flu hosp,3,04,quantile,0.55,517,2027-03-20
2027-02-27,wk inc flu hosp,3,04,quantile,0.6,528,2027-03-20
2027-02-27,wk inc flu hosp,3,04,quantile,0.65,546,2027-03-20
2027-02-27,wk inc flu hosp,3,04,quantile,0.7,573,2027-03-20
2027-02-27,wk inc flu hosp,3,04,quantile,0.75,614,2027-03-20
2027-02-27,wk inc flu hosp,3,04,quantile,0.8,653,2027-03-20
2027-02-27,wk inc flu hosp,3,04,quantile,0.85,707,2027-03-20
2027-02-27,wk inc flu hosp,3,04,quantile,0.9,733,2027-03-20
2027-02-27,wk inc flu hosp,3,04,quantile,0.95,835,2027-03-20
2027-02-27,wk inc flu hosp,3,04,quantile,0.975,944,2027-03-20
2027-02-27,wk inc flu hosp,3,04,quantile,0.99,998,2027-03-20
2027-02-27,wk inc flu hosp,3,05,quantile,0.01,138,2027-03-20
2027-02-27,wk inc flu hosp,3,05,quantile,0.025,151,2027-03-20
2027-02-27,wk inc flu hosp,3,05,quantile,0.05,158,2027-03-20
2027-02-27,wk inc flu hosp,3,05,quantile,0.1,167,2027-03-20
2027-02-27,wk inc flu hosp,3,05,quantile,0.15,181,2027-03-20
2027-02-27,wk inc flu hosp,3,05,quantile,0.2,196,2027-03-20
2027-02-27,wk inc flu hosp,3,05,quantile,0.25,204,2027-03-20
2027-02-27,wk inc flu hosp,3,05,quantile,0.3,218,2027-03-20
2027-02-27,wk inc flu hosp,3,05,quantile,0.35,232,2027-03-20
2027-02-27,wk inc flu hosp,3,05,quantile,0.4,237,2027-03-20
2027-02-27,wk inc flu hosp,3,05,quantile,0.45,247,2027-03-20
2027-02-27,wk inc flu hosp,3,05,quantile,0.5,257,2027-03-20
2027-02-27,wk inc flu hosp,3,05,quantile,0.55,263,2027-03-20
2027-02-27,wk inc flu hosp,3,05,quantile,0.6,274,2027-03-20
2027-02-27,wk inc flu hosp,3,05,quantile,0.65,287,2027-03-20
2027-02-27,wk inc flu hosp,3,05,quantile,0.7,304,2027-03-20
2027-02-27,wk inc flu hosp,3,05,quantile,0.75,318,2027-03-20
2027-02-27,wk inc flu hosp,3,05,quantile,0.8,335,2027-03-20
2027-02-27,wk inc flu hosp,3,05,quantile,0.85,356,2027-03-20
2027-02-27,wk inc flu hosp,3,05,quantile,0.9,377,2027-03-20
2027-02-27,wk inc flu hosp,3,05,quantile,0.95,419,2027-03-20
2027-02-27,wk inc flu hosp,3,05,quantile,0.975,448,2027-03-20
2027-02-27,wk inc flu hosp,3,05,quantile,0.99,539,2027-03-20
2027-02-27,wk inc flu hosp,3,06,quantile,0.01,518,2027-03-20
2027-02-27,wk inc flu hosp,3,06,quantile,0.025,552,2027-03-20
2027-02-27,wk inc flu hosp,3,06,quantile,0.05,638,2027-03-20
2027-02-27,wk inc flu hosp,3,06,quantile,0.1,694,2027-03-20
2027-02-27,wk inc flu hosp,3,06,quantile,0.15,740,2027-03-20
2027-02-27,wk inc flu hosp,3,06,quantile,0.2,761,2027-03-20
2027-02-27,wk inc flu hosp,3,06,quantile,0.25,812,2027-03-20
2027-02-27,wk inc flu hosp,3,06,quantile,0.3,846,2027-03-20
2027-02-27,wk inc flu hosp,3,06,quantile,0.35,891,2027-03-20
2027-02-27,wk inc flu hosp,3,06,quantile,0.4,913,2027-03-20
2027-02-27,wk inc flu hosp,3,06,quantile,0.45,938,2027-03-20
2027-02-27,wk inc flu hosp,3,06,quantile,0.5,961,2027-03-20
2027-02-27,wk inc flu hosp,3,06,quantile,0.55,990,2027-03-20
2027-02-27,wk inc flu hosp,3,06,quantile,0.6,1010,2027-03-20
2027-02-27,wk inc flu hosp,3,06,quantile,0.65,1040,2027-03-20
2027-02-27,wk inc flu hosp,3,06,quantile,0.7,1126,2027-03-20
2027-02-27,wk inc flu hosp,3,06,quantile,0.75,1166,2027-03-20
2027-02-27,wk inc flu hosp,3,06,quantile,0.8,1223,2027-03-20
2027-02-27,wk inc flu hosp,3,06,quantile,0.85,1294,2027-03-20
2027-02-27,wk inc flu hosp,3,06,quantile,0.9,1382,2027-03-20
2027-02-27,wk inc flu hosp,3,06,quantile,0.95,1476,2027-03-20
2027-02-27,wk inc flu hosp,3,06,quantile,0.975,1625,2027-03-20
2027-02-27,wk inc flu hosp,3,06,quantile,0.99,1675,2027-03-20
2027-02-27,wk inc flu hosp,3,08,quantile,0.01,172,2027-03-20
2027-02-27,wk inc flu hosp,3,08,quantile,0.025,188,2027-03-20
2027-02-27,wk inc flu hosp,3,08,quantile,0.05,208,2027-03-20
2027-02-27,wk inc flu hosp,3,08,quantile,0.1,213,2027-03-20
2027-02-27,wk inc flu hosp,3,08,quantile,0.15,221,2027-03-20
2027-02-27,wk inc flu hosp,3,08,quantile,0.2,226,2027-03-20
2027-02-27,wk inc flu hosp,3,08,quantile,0.25,235,2027-03-20
2027-02-27,wk inc flu hosp,3,08,quantile,0.3,243,2027-03-20
2027-02-27,wk inc flu hosp,3,08,quantile,0.35,254,2027-03-20
2027-02-27,wk inc flu hosp,3,08,quantile,0.4,266,2027-03-20
2027-02-27,wk inc flu hosp,3,08,quantile,0.45,274,2027-03-20
2027-02-27,wk inc flu hosp,3,08,quantile,0.5,286,2027-03-20
2027-02-27,wk inc flu hosp,3,08,quantile,0.55,294,2027-03-20
2027-02-27,wk inc flu hosp,3,08,quantile,0.6,301,2027-03-20
2027-02-27,wk inc flu hosp,3,08,quantile,0.65,315,2027-03-20
2027-02-27,wk inc flu hosp,3,08,quantile,0.7,322,2027-03-20
2027-02-27,wk inc flu hosp,3,08,quantile,0.75,334,2027-03-20
2027-02-27,wk inc flu hosp,3,08,quantile,0.8,350,2027-03-20
2027-02-27,wk inc flu hosp,3,08,quantile,0.85,371,2027-03-20
2027-02-27,wk inc flu hosp,3,08,quantile,0.9,386,2027-03-20
2027-02-27,wk inc flu hosp,3,08,quantile,0.95,432,2027-03-20
2027-02-27,wk inc flu hosp,3,08,quantile,0.975,478,2027-03-20
2027-02-27,wk inc flu hosp,3,08,quantile,0.99,524,2027-03-20
2027-02-27,wk inc flu hosp,3,09,quantile,0.01,75,2027-03-20
2027-02-27,wk inc flu hosp,3,09,quantile,0.025,92,2027-03-20
2027-02-27,wk inc flu hosp,3,09,quantile,0.05,101,2027-03-20
2027-02-27,wk inc flu hosp,3,09,quantile,0.1,118,2027-03-20
2027-02-27,wk inc flu hosp,3,09,quantile,0.15,125,2027-03-20
2027-02-27,wk inc flu hosp,3,09,quantile,0.2,137,2027-03-20
2027-02-27,wk inc flu hosp,3,09,quantile,0.25,143,2027-03-20
2027-02-27,wk inc flu hosp,3,09,quantile,0.3,150,2027-03-20
2027-02-27,wk inc flu hosp,3,09,quantile,0.35,156,2027-03-20
2027-02-27,wk inc flu hosp,3,09,quantile,0.4,159,2027-03-20
2027-02-27,wk inc flu hosp,3,09,quantile,0.45,171,2027-03-20
2027-02-27,wk inc flu hosp,3,09,quantile,0.5,179,2027-03-20
2027-02-27,wk inc flu hosp,3,09,quantile,0.55,189,2027-03-20
2027-02-27,wk inc flu hosp,3,09,quantile,0.6,199,2027-03-20
2027-02-27,wk inc flu hosp,3,09,quantile,0.65,204,2027-03-20
2027-02-27,wk inc flu hosp,3,09,quantile,0.7,213,2027-03-20
2027-02-27,wk inc flu hosp,3,09,quantile,0.75,223,2027-03-20
2027-02-27,wk inc flu hosp,3,09,quantile,0.8,239,2027-03-20
2027-02-27,wk inc flu hosp,3,09,quantile,0.85,253,2027-03-20
2027-02-27,wk inc flu hosp,3,09,quantile,0.9,274,2027-03-20
2027-02-27,wk inc flu hosp,3,09,quantile,0.95,308,2027-03-20
2027-02-27,wk inc flu hosp,3,09,quantile,0.975,325,2027-03-20
2027-02-27,wk inc flu hosp,3,09,quantile,0.99,413,2027-03-20
2027-02-27,wk inc flu hosp,3,10,quantile,0.01,22,2027-03-20
2027-02-27,wk inc flu hosp,3,10,quantile,0.025,25,2027-03-20
2027-02-27,wk inc flu hosp,3,10,quantile,0.05,30,2027-03-20
2027-02-27,wk inc flu hosp,3,10,quantile,0.1,37,2027-03-20
2027-02-27,wk inc flu hosp,3,10,quantile,0.15,41,2027-03-20
2027-02-27,wk inc flu hosp,3,10,quantile,0.2,44,2027-03-20
2027-02-27,wk inc flu hosp,3,10,quantile,0.25,48,2027-03-20
2027-02-27,wk inc flu hosp,3,10,quantile,0.3,50,2027-03-20
2027-02-27,wk inc flu hosp,3,10,quantile,0.35,53,2027-03-20
2027-02-27,wk inc flu hosp,3,10,quantile,0.4,56,2027-03-20
2027-02-27,wk inc flu hosp,3,10,quantile,0.45,59,2027-03-20
2027-02-27,wk inc flu hosp,3,10,quantile,0.5,62,2027-03-20
2027-02-27,wk inc flu hosp,3,10,quantile,0.55,65,2027-03-20
2027-02-27,wk inc flu hosp,3,10,quantile,0.6,67,2027-03-20
2027-02-27,wk inc flu hosp,3,10,quantile,0.65,70,2027-03-20
2027-02-27,wk inc flu hosp,3,10,quantile,0.7,76,2027-03-20
2027-02-27,wk inc flu hosp,3,10,quantile,0.75,81,2027-03-20
2027-02-27,wk inc flu hosp,3,10,quantile,0.8,85,2027-03-20
2027-02-27,wk inc flu hosp,3,10,quantile,0.85,90,2027-03-20
2027-02-27,wk inc flu hosp,3,10,quantile,0.9,97,2027-03-20
2027-02-27,wk inc flu hosp,3,10,quantile,0.95,110,2027-03-20
2027-02-27,wk inc flu hosp,3,10,quantile,0.975,119,2027-03-20
2027-02-27,wk inc flu hosp,3,10,quantile,0.99,136,2027-03-20
2027-02-27,wk inc flu hosp,3,11,quantile,0.01,38,2027-03-20
2027-02-27,wk inc flu hosp,3,11,quantile,0.025,43,2027-03-20
2027-02-27,wk inc flu hosp,3,11,quantile,0.05,50,2027-03-20
2027-02-27,wk inc flu hosp,3,11,quantile,0.1,55,2027-03-20
2027-02-27,wk inc flu hosp,3,11,quantile,0.15,62,2027-03-20
2027-02-27,wk inc flu hosp,3,11,quantile,0.2,69,2027-03-20
2027-02-27,wk inc flu hosp,3,11,quantile,0.25,73,2027-03-20
2027-02-27,wk inc flu hosp,3,11,quantile,0.3,77,2027-03-20
2027-02-27,wk inc flu hosp,3,11,quantile,0.35,83,2027-03-20
2027-02-27,wk inc flu hosp,3,11,quantile,0.4,88,2027-03-20
2027-02-27,wk inc flu hosp,3,11,quantile,0.45,98,2027-03-20
2027-02-27,wk inc flu hosp,3,11,quantile,0.5,104,2027-03-20
2027-02-27,wk inc flu hosp,3,11,quantile,0.55,113,2027-03-20
2027-02-27,wk inc flu hosp,3,11,quantile,0.6,122,2027-03-20
2027-02-27,wk inc flu hosp,3,11,quantile,0.65,140,2027-03-20
2027-02-27,wk inc flu hosp,3,11,quantile,0.7,156,2027-03-20
2027-02-27,wk inc flu hosp,3,11,quantile,0.75,168,2027-03-20
2027-02-27,wk inc flu hosp,3,11,quantile,0.8,184,2027-03-20
2027-02-27,wk inc flu hosp,3,11,quantile,0.85,208,2027-03-20
2027-02-27,wk inc flu hosp,3,11,quantile,0.9,234,2027-03-20
2027-02-27,wk inc flu hosp,3,11,quantile,0.95,277,2027-03-20
2027-02-27,wk inc flu hosp,3,11,quantile,0.975,309,2027-03-20
2027-02-27,wk inc flu hosp,3,11,quantile,0.99,362,2027-03-20
2027-02-27,wk inc flu hosp,3,12,quantile,0.01,619,2027-03-20
2027-02-27,wk inc flu hosp,3,12,quantile,0.025,711,2027-03-20
2027-02-27,wk inc flu hosp,3,12,quantile,0.05,742,2027-03-20
2027-02-27,wk inc flu hosp,3,12,quantile,0.1,828,2027-03-20
2027-02-27,wk inc flu hosp,3,12,quantile,0.15,875,2027-03-20
2027-02-27,wk inc flu hosp,3,12,quantile,0.2,910,2027-03-20
2027-02-27,wk inc flu hosp,3,12,quantile,0.25,941,2027-03-20
2027-02-27,wk inc flu hosp,3,12,quantile,0.3,979,2027-03-20
2027-02-27,wk inc flu hosp,3,12,quantile,0.35,1014,2027-03-20
2027-02-27,wk inc flu hosp,3,12,quantile,0.4,1048,2027-03-20
2027-02-27,wk inc flu hosp,3,12,quantile,0.45,1080,2027-03-20
2027-02-27,wk inc flu hosp,3,12,quantile,0.5,1112,2027-03-20
2027-02-27,wk inc flu hosp,3,12,quantile,0.55,1151,2027-03-20
2027-02-27,wk inc flu hosp,3,12,quantile,0.6,1182,2027-03-20
2027-02-27,wk inc flu hosp,3,12,quantile,0.65,1212,2027-03-20
2027-02-27,wk inc flu hosp,3,12,quantile,0.7,1257,2027-03-20
2027-02-27,wk inc flu hosp,3,12,quantile,0.75,1301,2027-03-20
2027-02-27,wk inc flu hosp,3,12,quantile,0.8,1385,2027-03-20
2027-02-27,wk inc flu hosp,3,12,quantile,0.85,1506,2027-03-20
2027-02-27,wk inc flu hosp,3,12,quantile,0.9,1594,2027-03-20
2027-02-27,wk inc flu hosp,3,12,quantile,0.95,1653,2027-03-20
2027-02-27,wk inc flu hosp,3,12,quantile,0.975,1904,2027-03-20
2027-02-27,wk inc flu hosp,3,12,quantile,0.99,1982,2027-03-20
2027-02-27,wk inc flu hosp,3,13,quantile,0.01,119,2027-03-20
2027-02-27,wk inc flu hosp,3,13,quantile,0.025,142,2027-03-20
2027-02-27,wk inc flu hosp,3,13,quantile,0.05,151,2027-03-20
2027-02-27,wk inc flu hosp,3,13,quantile,0.1,194,2027-03-20
2027-02-27,wk inc flu hosp,3,13,quantile,0.15,218,2027-03-20
2027-02-27,wk inc flu hosp,3,13,quantile,0.2,234,2027-03-20
2027-02-27,wk inc flu hosp,3,13,quantile,0.25,246,2027-03-20
2027-02-27,wk inc flu hosp,3,13,quantile,0.3,267,2027-03-20
2027-02-27,wk inc flu hosp,3,13,quantile,0.35,277,2027-03-20
2027-02-27,wk inc flu hosp,3,13,quantile,0.4,286,2027-03-20
2027-02-27,wk inc flu hosp,3,13,quantile,0.45,307,2027-03-20
2027-02-27,wk inc flu hosp,3,13,quantile,0.5,321,2027-03-20
2027-02-27,wk inc flu hosp,3,13,quantile,0.55,338,2027-03-20
2027-02-27,wk inc flu hosp,3,13,quantile,0.6,355,2027-03-20
2027-02-27,wk inc flu hosp,3,13,quantile,0.65,369,2027-03-20
2027-02-27,wk inc flu hosp,3,13,quantile,0.7,409,2027-03-20
2027-02-27,wk inc flu hosp,3,13,quantile,0.75,421,2027-03-20
2027-02-27,wk inc flu hosp,3,13,quantile,0.8,445,2027-03-20
2027-02-27,wk inc flu hosp,3,13,quantile,0.85,469,2027-03-20
2027-02-27,wk inc flu hosp,3,13,quantile,0.9,518,2027-03-20
2027-02-27,wk inc flu hosp,3,13,quantile,0.95,611,2027-03-20
2027-02-27,wk inc flu hosp,3,13,quantile,0.975,629,2027-03-20
2027-02-27,wk inc flu hosp,3,13,quantile,0.99,650,2027-03-20
2027-02-27,wk inc flu hosp,3,15,quantile,0.01,20,2027-03-20
2027-02-27,wk inc flu hosp,3,15,quantile,0.025,23,2027-03-20
2027-02-27,wk inc flu hosp,3,15,quantile,0.05,28,2027-03-20
2027-02-27,wk inc flu hosp,3,15,quantile,0.1,31,2027-03-20
2027-02-27,wk inc flu hosp,3,15,quantile,0.15,34,2027-03-20
2027-02-27,wk inc flu hosp,3,15,quantile,0.2,39,2027-03-20
2027-02-27,wk inc flu hosp,3,15,quantile,0.25,43,2027-03-20
2027-02-27,wk inc flu hosp,3,15,quantile,0.3,46,2027-03-20
2027-02-27,wk inc flu hosp,3,15,quantile,0.35,50,2027-03-20
2027-02-27,wk inc flu hosp,3,15,quantile,0.4,52,2027-03-20
2027-02-27,wk inc flu hosp,3,15,quantile,0.45,54,2027-03-20
2027-02-27,wk inc flu hosp,3,15,quantile,0.5,58,2027-03-20
2027-02-27,wk inc flu hosp,3,15,quantile,0.55,60,2027-03-20
2027-02-27,wk inc flu hosp,3,15,quantile,0.6,64,2027-03-20
2027-02-27,wk inc flu hosp,3,15,quantile,0.65,68,2027-03-20
2027-02-27,wk inc flu hosp,3,15,quantile,0.7,74,2027-03-20
2027-02-27,wk inc flu hosp,3,15,quantile,0.75,77,2027-03-20
2027-02-27,wk inc flu hosp,3,15,quantile,0.8,82,2027-03-20
2027-02-27,wk inc flu hosp,3,15,quantile,0.85,89,2027-03-20
2027-02-27,wk inc flu hosp,3,15,quantile,0.9,103,2027-03-20
2027-02-27,wk inc flu hosp,3,15,quantile,0.95,116,2027-03-20
2027-02-27,wk inc flu hosp,3,15,quantile,0.975,137,2027-03-20
2027-02-27,wk inc flu hosp,3,15,quantile,0.99,169,2027-03-20
2027-02-27,wk inc flu hosp,3,16,quantile,0.01,74,2027-03-20
2027-02-27,wk inc flu hosp,3,16,quantile,0.025,75,2027-03-20
2027-02-27,wk inc flu hosp,3,16,quantile,0.05,79,2027-03-20
2027-02-27,wk inc flu hosp,3,16,quantile,0.1,90,2027-03-20
2027-02-27,wk inc flu hosp,3,16,quantile,0.15,94,2027-03-20
2027-02-27,wk inc flu hosp,3,16,quantile,0.2,100,2027-03-20
2027-02-27,wk inc flu hosp,3,16,quantile,0.25,101,2027-03-20
2027-02-27,wk inc flu hosp,3,16,quantile,0.3,106,2027-03-20
2027-02-27,wk inc flu hosp,3,16,quantile,0.35,113,2027-03-20
2027-02-27,wk inc flu hosp,3,16,quantile,0.4,118,2027-03-20
2027-02-27,wk inc flu hosp,3,16,quantile,0.45,120,2027-03-20
2027-02-27,wk inc flu hosp,3,16,quantile,0.5,129,2027-03-20
2027-02-27,wk inc flu hosp,3,16,quantile,0.55,134,2027-03-20
2027-02-27,wk inc flu hosp,3,16,quantile,0.6,141,2027-03-20
2027-02-27,wk inc flu hosp,3,16,quantile,0.65,148,2027-03-20
2027-02-27,wk inc flu hosp,3,16,quantile,0.7,153,2027-03-20
2027-02-27,wk inc flu hosp,3,16,quantile,0.75,160,2027-03-20
2027-02-27,wk inc flu hosp,3,16,quantile,0.8,168,2027-03-20
2027-02-27,wk inc flu hosp,3,16,quantile,0.85,178,2027-03-20
2027-02-27,wk inc flu hosp,3,16,quantile,0.9,189,2027-03-20
2027-02-27,wk inc flu hosp,3,16,quantile,0.95,206,2027-03-20
2027-02-27,wk inc flu hosp,3,16,quantile,0.975,227,2027-03-20
2027-02-27,wk inc flu hosp,3,16,quantile,0.99,239,2027-03-20
2027-02-27,wk inc flu hosp,3,17,quantile,0.01,350,2027-03-20
2027-02-27,wk inc flu hosp,3,17,quantile,0.025,366,2027-03-20
2027-02-27,wk inc flu hosp,3,17,quantile,0.05,389,2027-03-20
2027-02-27,wk inc flu hosp,3,17,quantile,0.1,429,2027-03-20
2027-02-27,wk inc flu hosp,3,17,quantile,0.15,461,2027-03-20
2027-02-27,wk inc flu hosp,3,17,quantile,0.2,479,2027-03-20
2027-02-27,wk inc flu hosp,3,17,quantile,0.25,488,2027-03-20
2027-02-27,wk inc flu hosp,3,17,quantile,0.3,501,2027-03-20
2027-02-27,wk inc flu hosp,3,17,quantile,0.35,519,2027-03-20
2027-02-27,wk inc flu hosp,3,17,quantile,0.4,532,2027-03-20
2027-02-27,wk inc flu hosp,3,17,quantile,0.45,550,2027-03-20
2027-02-27,wk inc flu hosp,3,17,quantile,0.5,576,2027-03-20
2027-02-27,wk inc flu hosp,3,17,quantile,0.55,599,2027-03-20
2027-02-27,wk inc flu hosp,3,17,quantile,0.6,612,2027-03-20
2027-02-27,wk inc flu hosp,3,17,quantile,0.65,624,2027-03-20
2027-02-27,wk inc flu hosp,3,17,quantile,0.7,633,2027-03-20
2027-02-27,wk inc flu hosp,3,17,quantile,0.75,654,2027-03-20
2027-02-27,wk inc flu hosp,3,17,quantile,0.8,700,2027-03-20
2027-02-27,wk inc flu hosp,3,17,quantile,0.85,749,2027-03-20
2027-02-27,wk inc flu hosp,3,17,quantile,0.9,778,2027-03-20
2027-02-27,wk inc flu hosp,3,17,quantile,0.95,864,2027-03-20
2027-02-27,wk inc flu hosp,3,17,quantile,0.975,1026,2027-03-20
2027-02-27,wk inc flu hosp,3,17,quantile,0.99,1051,2027-03-20
2027-02-27,wk inc flu hosp,3,18,quantile,0.01,329,2027-03-20
2027-02-27,wk inc flu hosp,3,18,quantile,0.025,344,2027-03-20
2027-02-27,wk inc flu hosp,3,18,quantile,0.05,353,2027-03-20
2027-02-27,wk inc flu hosp,3,18,quantile,0.1,373,2027-03-20
2027-02-27,wk inc flu hosp,3,18,quantile,0.15,394,2027-03-20
2027-02-27,wk inc flu hosp,3,18,quantile,0.2,415,2027-03-20
2027-02-27,wk inc flu hosp,3,18,quantile,0.25,424,2027-03-20
2027-02-27,wk inc flu hosp,3,18,quantile,0.3,445,2027-03-20
2027-02-27,wk inc flu hosp,3,18,quantile,0.35,471,2027-03-20
2027-02-27,wk inc flu hosp,3,18,quantile,0.4,489,2027-03-20
2027-02-27,wk inc flu hosp,3,18,quantile,0.45,509,2027-03-20
2027-02-27,wk inc flu hosp,3,18,quantile,0.5,528,2027-03-20
2027-02-27,wk inc flu hosp,3,18,quantile,0.55,542,2027-03-20
2027-02-27,wk inc flu hosp,3,18,quantile,0.6,556,2027-03-20
2027-02-27,wk inc flu hosp,3,18,quantile,0.65,574,2027-03-20
2027-02-27,wk inc flu hosp,3,18,quantile,0.7,600,2027-03-20
2027-02-27,wk inc flu hosp,3,18,quantile,0.75,637,2027-03-20
2027-02-27,wk inc flu hosp,3,18,quantile,0.8,655,2027-03-20
2027-02-27,wk inc flu hosp,3,18,quantile,0.85,704,2027-03-20
2027-02-27,wk inc flu hosp,3,18,quantile,0.9,748,2027-03-20
2027-02-27,wk inc flu hosp,3,18,quantile,0.95,948,2027-03-20
2027-02-27,wk inc flu hosp,3,18,quantile,0.975,1028,2027-03-20
2027-02-27,wk inc flu hosp,3,18,quantile,0.99,1045,2027-03-20
2027-02-27,wk inc flu hosp,3,19,quantile,0.01,95,2027-03-20
2027-02-27,wk inc flu hosp,3,19,quantile,0.025,105,2027-03-20
2027-02-27,wk inc flu hosp,3,19,quantile,0.05,113,2027-03-20
2027-02-27,wk inc flu hosp,3,19,quantile,0.1,129,2027-03-20
2027-02-27,wk inc flu hosp,3,19,quantile,0.15,136,2027-03-20
2027-02-27,wk inc flu hosp,3,19,quantile,0.2,143,2027-03-20
2027-02-27,wk inc flu hosp,3,19,quantile,0.25,150,2027-03-20
2027-02-27,wk inc flu hosp,3,19,quantile,0.3,165,2027-03-20
2027-02-27,wk inc flu hosp,3,19,quantile,0.35,182,2027-03-20
2027-02-27,wk inc flu hosp,3,19,quantile,0.4,188,2027-03-20
2027-02-27,wk inc flu hosp,3,19,quantile,0.45,196,2027-03-20
2027-02-27,wk inc flu hosp,3,19,quantile,0.5,207,2027-03-20
2027-02-27,wk inc flu hosp,3,19,quantile,0.55,214,2027-03-20
2027-02-27,wk inc flu hosp,3,19,quantile,0.6,220,2027-03-20
2027-02-27,wk inc flu hosp,3,19,quantile,0.65,230,2027-03-20
2027-02-27,wk inc flu hosp,3,19,quantile,0.7,237,2027-03-20
2027-02-27,wk inc flu hosp,3,19,quantile,0.75,244,2027-03-20
2027-02-27,wk inc flu hosp,3,19,quantile,0.8,261,2027-03-20
2027-02-27,wk inc flu hosp,3,19,quantile,0.85,271,2027-03-20
2027-02-27,wk inc flu hosp,3,19,quantile,0.9,287,2027-03-20
2027-02-27,wk inc flu hosp,3,19,quantile,0.95,320,2027-03-20
2027-02-27,wk inc flu hosp,3,19,quantile,0.975,336,2027-03-20
2027-02-27,wk inc flu hosp,3,19,quantile,0.99,347,2027-03-20
2027-02-27,wk inc flu hosp,3,20,quantile,0.01,57,2027-03-20
2027-02-27,wk inc flu hosp,3,20,quantile,0.025,69,2027-03-20
2027-02-27,wk inc flu hosp,3,20,quantile,0.05,78,2027-03-20
2027-02-27,wk inc flu hosp,3,20,quantile,0.1,92,2027-03-20
2027-02-27,wk inc flu hosp,3,20,quantile,0.15,101,2027-03-20
2027-02-27,wk inc flu hosp,3,20,quantile,0.2,107,2027-03-20
2027-02-27,wk inc flu hosp,3,20,quantile,0.25,116,2027-03-20
2027-02-27,wk inc flu hosp,3,20,quantile,0.3,124,2027-03-20
2027-02-27,wk inc flu hosp,3,20,quantile,0.35,136,2027-03-20
2027-02-27,wk inc flu hosp,3,20,quantile,0.4,143,2027-03-20
2027-02-27,wk inc flu hosp,3,20,quantile,0.45,149,2027-03-20
2027-02-27,wk inc flu hosp,3,20,quantile,0.5,156,2027-03-20
2027-02-27,wk inc flu hosp,3,20,quantile,0.55,161,2027-03-20
2027-02-27,wk inc flu hosp,3,20,quantile,0.6,166,2027-03-20
2027-02-27,wk inc flu hosp,3,20,quantile,0.65,171,2027-03-20
2027-02-27,wk inc flu hosp,3,20,quantile,0.7,175,2027-03-20
2027-02-27,wk inc flu hosp,3,20,quantile,0.75,184,2027-03-20
2027-02-27,wk inc flu hosp,3,20,quantile,0.8,192,2027-03-20
2027-02-27,wk inc flu hosp,3,20,quantile,0.85,202,2027-03-20
2027-02-27,wk inc flu hosp,3,20,quantile,0.9,223,2027-03-20
2027-02-27,wk inc flu hosp,3,20,quantile,0.95,252,2027-03-20
2027-02-27,wk inc flu hosp,3,20,quantile,0.975,269,2027-03-20
2027-02-27,wk inc flu hosp,3,20,quantile,0.99,303,2027-03-20
2027-02-27,wk inc flu hosp,3,21,quantile,0.01,243,2027-03-20
2027-02-27,wk inc flu hosp,3,21,quantile,0.025,263,2027-03-20
2027-02-27,wk inc flu hosp,3,21,quantile,0.05,284,2027-03-20
2027-02-27,wk inc flu hosp,3,21,quantile,0.1,314,2027-03-20
2027-02-27,wk inc flu hosp,3,21,quantile,0.15,335,2027-03-20
2027-02-27,wk inc flu hosp,3,21,quantile,0.2,345,2027-03-20
2027-02-27,wk inc flu hosp,3,21,quantile,0.25,355,2027-03-20
2027-02-27,wk inc flu hosp,3,21,quantile,0.3,385,2027-03-20
2027-02-27,wk inc flu hosp,3,21,quantile,0.35,400,2027-03-20
2027-02-27,wk inc flu hosp,3,21,quantile,0.4,410,2027-03-20
2027-02-27,wk inc flu hosp,3,21,quantile,0.45,427,2027-03-20
2027-02-27,wk inc flu hosp,3,21,quantile,0.5,438,2027-03-20
2027-02-27,wk inc flu hosp,3,21,quantile,0.55,453,2027-03-20
2027-02-27,wk inc flu hosp,3,21,quantile,0.6,465,2027-03-20
2027-02-27,wk inc flu hosp,3,21,quantile,0.65,478,2027-03-20
2027-02-27,wk inc flu hosp,3,21,quantile,0.7,503,2027-03-20
2027-02-27,wk inc flu hosp,3,21,quantile,0.75,516,2027-03-20
2027-02-27,wk inc flu hosp,3,21,quantile,0.8,533,2027-03-20
2027-02-27,wk inc flu hosp,3,21,quantile,0.85,569,2027-03-20
2027-02-27,wk inc flu hosp,3,21,quantile,0.9,660,2027-03-20
2027-02-27,wk inc flu hosp,3,21,quantile,0.95,705,2027-03-20
2027-02-27,wk inc flu hosp,3,21,quantile,0.975,784,2027-03-20
2027-02-27,wk inc flu hosp,3,21,quantile,0.99,870,2027-03-20
2027-02-27,wk inc flu hosp,3,22,quantile,0.01,155,2027-03-20
2027-02-27,wk inc flu hosp,3,22,quantile,0.025,160,2027-03-20
2027-02-27,wk inc flu hosp,3,22,quantile,0.05,166,2027-03-20
2027-02-27,wk inc flu hosp,3,22,quantile,0.1,187,2027-03-20
2027-02-27,wk inc flu hosp,3,22,quantile,0.15,194,2027-03-20
2027-02-27,wk inc flu hosp,3,22,quantile,0.2,204,2027-03-20
2027-02-27,wk inc flu hosp,3,22,quantile,0.25,214,2027-03-20
2027-02-27,wk inc flu hosp,3,22,quantile,0.3,226,2027-03-20
2027-02-27,wk inc flu hosp,3,22,quantile,0.35,242,2027-03-20
2027-02-27,wk inc flu hosp,3,22,quantile,0.4,252,2027-03-20
2027-02-27,wk inc flu hosp,3,22,quantile,0.45,272,2027-03-20
2027-02-27,wk inc flu hosp,3,22,quantile,0.5,280,2027-03-20
2027-02-27,wk inc flu hosp,3,22,quantile,0.55,295,2027-03-20
2027-02-27,wk inc flu hosp,3,22,quantile,0.6,303,2027-03-20
2027-02-27,wk inc flu hosp,3,22,quantile,0.65,317,2027-03-20
2027-02-27,wk inc flu hosp,3,22,quantile,0.7,336,2027-03-20
2027-02-27,wk inc flu hosp,3,22,quantile,0.75,353,2027-03-20
2027-02-27,wk inc flu hosp,3,22,quantile,0.8,365,2027-03-20
2027-02-27,wk inc flu hosp,3,22,quantile,0.85,391,2027-03-20
2027-02-27,wk inc flu hosp,3,22,quantile,0.9,426,2027-03-20
2027-02-27,wk inc flu hosp,3,22,quantile,0.95,478,2027-03-20
2027-02-27,wk inc flu hosp,3,22,quantile,0.975,499,2027-03-20
2027-02-27,wk inc flu hosp,3,22,quantile,0.99,553,2027-03-20
2027-02-27,wk inc flu hosp,3,23,quantile,0.01,30,2027-03-20
2027-02-27,wk inc flu hosp,3,23,quantile,0.025,32,2027-03-20
2027-02-27,wk inc flu hosp,3,23,quantile,0.05,38,2027-03-20
2027-02-27,wk inc flu hosp,3,23,quantile,0.1,44,2027-03-20
2027-02-27,wk inc flu hosp,3,23,quantile,0.15,51,2027-03-20
2027-02-27,wk inc flu hosp,3,23,quantile,0.2,57,2027-03-20
2027-02-27,wk inc flu hosp,3,23,quantile,0.25,59,2027-03-20
2027-02-27,wk inc flu hosp,3,23,quantile,0.3,63,2027-03-20
2027-02-27,wk inc flu hosp,3,23,quantile,0.35,68,2027-03-20
2027-02-27,wk inc flu hosp,3,23,quantile,0.4,71,2027-03-20
2027-02-27,wk inc flu hosp,3,23,quantile,0.45,75,2027-03-20
2027-02-27,wk inc flu hosp,3,23,quantile,0.5,76,2027-03-20
2027-02-27,wk inc flu hosp,3,23,quantile,0.55,80,2027-03-20
2027-02-27,wk inc flu hosp,3,23,quantile,0.6,85,2027-03-20
2027-02-27,wk inc flu hosp,3,23,quantile,0.65,89,2027-03-20
2027-02-27,wk inc flu hosp,3,23,quantile,0.7,93,2027-03-20
2027-02-27,wk inc flu hosp,3,23,quantile,0.75,99,2027-03-20
2027-02-27,wk inc flu hosp,3,23,quantile,0.8,102,2027-03-20
2027-02-27,wk inc flu hosp,3,23,quantile,0.85,108,2027-03-20
2027-02-27,wk inc flu hosp,3,23,quantile,0.9,115,2027-03-20
2027-02-27,wk inc flu hosp,3,23,quantile,0.95,131,2027-03-20
2027-02-27,wk inc flu hosp,3,23,quantile,0.975,149,2027-03-20
2027-02-27,wk inc flu hosp,3,23,quantile,0.99,158,2027-03-20
2027-02-27,wk inc flu hosp,3,24,quantile,0.01,114,2027-03-20
2027-02-27,wk inc flu hosp,3,24,quantile,0.025,120,2027-03-20
2027-02-27,wk inc flu hosp,3,24,quantile,0.05,143,2027-03-20
2027-02-27,wk inc flu hosp,3,24,quantile,0.1,161,2027-03-20
2027-02-27,wk inc flu hosp,3,24,quantile,0.15,172,2027-03-20
2027-02-27,wk inc flu hosp,3,24,quantile,0.2,187,2027-03-20
2027-02-27,wk inc flu hosp,3,24,quantile,0.25,195,2027-03-20
2027-02-27,wk inc flu hosp,3,24,quantile,0.3,202,2027-03-20
2027-02-27,wk inc flu hosp,3,24,quantile,0.35,218,2027-03-20
2027-02-27,wk inc flu hosp,3,24,quantile,0.4,229,2027-03-20
2027-02-27,wk inc flu hosp,3,24,quantile,0.45,241,2027-03-20
2027-02-27,wk inc flu hosp,3,24,quantile,0.5,246,2027-03-20
2027-02-27,wk inc flu hosp,3,24,quantile,0.55,267,2027-03-20
2027-02-27,wk inc flu hosp,3,24,quantile,0.6,281,2027-03-20
2027-02-27,wk inc flu hosp,3,24,quantile,0.65,291,2027-03-20
2027-02-27,wk inc flu hosp,3,24,quantile,0.7,299,2027-03-20
2027-02-27,wk inc flu hosp,3,24,quantile,0.75,318,2027-03-20
2027-02-27,wk inc flu hosp,3,24,quantile,0.8,350,2027-03-20
2027-02-27,wk inc flu hosp,3,24,quantile,0.85,385,2027-03-20
2027-02-27,wk inc flu hosp,3,24,quantile,0.9,400,2027-03-20
2027-02-27,wk inc flu hosp,3,24,quantile,0.95,452,2027-03-20
2027-02-27,wk inc flu hosp,3,24,quantile,0.975,512,2027-03-20
2027-02-27,wk inc flu hosp,3,24,quantile,0.99,533,2027-03-20
2027-02-27,wk inc flu hosp,3,25,quantile,0.01,268,2027-03-20
2027-02-27,wk inc flu hosp,3,25,quantile,0.025,284,2027-03-20
2027-02-27,wk inc flu hosp,3,25,quantile,0.05,296,2027-03-20
2027-02-27,wk inc flu hosp,3,25,quantile,0.1,341,2027-03-20
2027-02-27,wk inc flu hosp,3,25,quantile,0.15,361,2027-03-20
2027-02-27,wk inc flu hosp,3,25,quantile,0.2,379,2027-03-20
2027-02-27,wk inc flu hosp,3,25,quantile,0.25,398,2027-03-20
2027-02-27,wk inc flu hosp,3,25,quantile,0.3,428,2027-03-20
2027-02-27,wk inc flu hosp,3,25,quantile,0.35,442,2027-03-20
2027-02-27,wk inc flu hosp,3,25,quantile,0.4,454,2027-03-20
2027-02-27,wk inc flu hosp,3,25,quantile,0.45,482,2027-03-20
2027-02-27,wk inc flu hosp,3,25,quantile,0.5,506,2027-03-20
2027-02-27,wk inc flu hosp,3,25,quantile,0.55,526,2027-03-20
2027-02-27,wk inc flu hosp,3,25,quantile,0.6,546,2027-03-20
2027-02-27,wk inc flu hosp,3,25,quantile,0.65,571,2027-03-20
2027-02-27,wk inc flu hosp,3,25,quantile,0.7,600,2027-03-20
2027-02-27,wk inc flu hosp,3,25,quantile,0.75,624,2027-03-20
2027-02-27,wk inc flu hosp,3,25,quantile,0.8,655,2027-03-20
2027-02-27,wk inc flu hosp,3,25,quantile,0.85,696,2027-03-20
2027-02-27,wk inc flu hosp,3,25,quantile,0.9,743,2027-03-20
2027-02-27,wk inc flu hosp,3,25,quantile,0.95,825,2027-03-20
2027-02-27,wk inc flu hosp,3,25,quantile,0.975,920,2027-03-20
2027-02-27,wk inc flu hosp,3,25,quantile,0.99,1028,2027-03-20
2027-02-27,wk inc flu hosp,3,26,quantile,0.01,460,2027-03-20
2027-02-27,wk inc flu hosp,3,26,quantile,0.025,497,2027-03-20
2027-02-27,wk inc flu hosp,3,26,quantile,0.05,666,2027-03-20
2027-02-27,wk inc flu hosp,3,26,quantile,0.1,749,2027-03-20
2027-02-27,wk inc flu hosp,3,26,quantile,0.15,792,2027-03-20
2027-02-27,wk inc flu hosp,3,26,quantile,0.2,830,2027-03-20
2027-02-27,wk inc flu hosp,3,26,quantile,0.25,870,2027-03-20
2027-02-27,wk inc flu hosp,3,26,quantile,0.3,885,2027-03-20
2027-02-27,wk inc flu hosp,3,26,quantile,0.35,916,2027-03-20
2027-02-27,wk inc flu hosp,3,26,quantile,0.4,951,2027-03-20
2027-02-27,wk inc flu hosp,3,26,quantile,0.45,987,2027-03-20
2027-02-27,wk inc flu hosp,3,26,quantile,0.5,1014,2027-03-20
2027-02-27,wk inc flu hosp,3,26,quantile,0.55,1054,2027-03-20
2027-02-27,wk inc flu hosp,3,26,quantile,0.6,1093,2027-03-20
2027-02-27,wk inc flu hosp,3,26,quantile,0.65,1145,2027-03-20
2027-02-27,wk inc flu hosp,3,26,quantile,0.7,1183,2027-03-20
2027-02-27,wk inc flu hosp,3,26,quantile,0.75,1219,2027-03-20
2027-02-27,wk inc flu hosp,3,26,quantile,0.8,1270,2027-03-20
2027-02-27,wk inc flu hosp,3,26,quantile,0.85,1376,2027-03-20
2027-02-27,wk inc flu hosp,3,26,quantile,0.9,1480,2027-03-20
2027-02-27,wk inc flu hosp,3,26,quantile,0.95,1732,2027-03-20
2027-02-27,wk inc flu hosp,3,26,quantile,0.975,2047,2027-03-20
2027-02-27,wk inc flu hosp,3,26,quantile,0.99,2140,2027-03-20
2027-02-27,wk inc flu hosp,3,27,quantile,0.01,87,2027-03-20
2027-02-27,wk inc flu hosp,3,27,quantile,0.025,109,2027-03-20
2027-02-27,wk inc flu hosp,3,27,quantile,0.05,118,2027-03-20
2027-02-27,wk inc flu hosp,3,27,quantile,0.1,139,2027-03-20
2027-02-27,wk inc flu hosp,3,27,quantile,0.15,155,2027-03-20
2027-02-27,wk inc flu hosp,3,27,quantile,0.2,163,2027-03-20
2027-02-27,wk inc flu hosp,3,27,quantile,0.25,173,2027-03-20
2027-02-27,wk inc flu hosp,3,27,quantile,0.3,187,2027-03-20
2027-02-27,wk inc flu hosp,3,27,quantile,0.35,195,2027-03-20
2027-02-27,wk inc flu hosp,3,27,quantile,0.4,203,2027-03-20
2027-02-27,wk inc flu hosp,3,27,quantile,0.45,219,2027-03-20
2027-02-27,wk inc flu hosp,3,27,quantile,0.5,239,2027-03-20
2027-02-27,wk inc flu hosp,3,27,quantile,0.55,248,2027-03-20
2027-02-27,wk inc flu hosp,3,27,quantile,0.6,259,2027-03-20
2027-02-27,wk inc flu hosp,3,27,quantile,0.65,275,2027-03-20
2027-02-27,wk inc flu hosp,3,27,quantile,0.7,283,2027-03-20
2027-02-27,wk inc flu hosp,3,27,quantile,0.75,302,2027-03-20
2027-02-27,wk inc flu hosp,3,27,quantile,0.8,316,2027-03-20
2027-02-27,wk inc flu hosp,3,27,quantile,0.85,342,2027-03-20
2027-02-27,wk inc flu hosp,3,27,quantile,0.9,370,2027-03-20
2027-02-27,wk inc flu hosp,3,27,quantile,0.95,436,2027-03-20
2027-02-27,wk inc flu hosp,3,27,quantile,0.975,452,2027-03-20
2027-02-27,wk inc flu hosp,3,27,quantile,0.99,459,2027-03-20
2027-02-27,wk inc flu hosp,3,28,quantile,0.01,69,2027-03-20
2027-02-27,wk inc flu hosp,3,28,quantile,0.025,80,2027-03-20
2027-02-27,wk inc flu hosp,3,28,quantile,0.05,86,2027-03-20
2027-02-27,wk inc flu hosp,3,28,quantile,0.1,110,2027-03-20
2027-02-27,wk inc flu hosp,3,28,quantile,0.15,131,2027-03-20
2027-02-27,wk inc flu hosp,3,28,quantile,0.2,144,2027-03-20
2027-02-27,wk inc flu hosp,3,28,quantile,0.25,151,2027-03-20
2027-02-27,wk inc flu hosp,3,28,quantile,0.3,163,2027-03-20
2027-02-27,wk inc flu hosp,3,28,quantile,0.35,177,2027-03-20
2027-02-27,wk inc flu hosp,3,28,quantile,0.4,189,2027-03-20
2027-02-27,wk inc flu hosp,3,28,quantile,0.45,199,2027-03-20
2027-02-27,wk inc flu hosp,3,28,quantile,0.5,208,2027-03-20
2027-02-27,wk inc flu hosp,3,28,quantile,0.55,213,2027-03-20
2027-02-27,wk inc flu hosp,3,28,quantile,0.6,225,2027-03-20
2027-02-27,wk inc flu hosp,3,28,quantile,0.65,233,2027-03-20
2027-02-27,wk inc flu hosp,3,28,quantile,0.7,245,2027-03-20
2027-02-27,wk inc flu hosp,3,28,quantile,0.75,261,2027-03-20
2027-02-27,wk inc flu hosp,3,28,quantile,0.8,277,2027-03-20
2027-02-27,wk inc flu hosp,3,28,quantile,0.85,288,2027-03-20
2027-02-27,wk inc flu hosp,3,28,quantile,0.9,327,2027-03-20
2027-02-27,wk inc flu hosp,3,28,quantile,0.95,367,2027-03-20
2027-02-27,wk inc flu hosp,3,28,quantile,0.975,397,2027-03-20
2027-02-27,wk inc flu hosp,3,28,quantile,0.99,421,2027-03-20
2027-02-27,wk inc flu hosp,3,29,quantile,0.01,226,2027-03-20
2027-02-27,wk inc flu hosp,3,29,quantile,0.025,249,2027-03-20
2027-02-27,wk inc flu hosp,3,29,quantile,0.05,272,2027-03-20
2027-02-27,wk inc flu hosp,3,29,quantile,0.1,299,2027-03-20
2027-02-27,wk inc flu hosp,3,29,quantile,0.15,318,2027-03-20
2027-02-27,wk inc flu hosp,3,29,quantile,0.2,338,2027-03-20
2027-02-27,wk inc flu hosp,3,29,quantile,0.25,347,2027-03-20
2027-02-27,wk inc flu hosp,3,29,quantile,0.3,354,2027-03-20
2027-02-27,wk inc flu hosp,3,29,quantile,0.35,367,2027-03-20
2027-02-27,wk inc flu hosp,3,29,quantile,0.4,378,2027-03-20
2027-02-27,wk inc flu hosp,3,29,quantile,0.45,392,2027-03-20
2027-02-27,wk inc flu hosp,3,29,quantile,0.5,404,2027-03-20
2027-02-27,wk inc flu hosp,3,29,quantile,0.55,411,2027-03-20
2027-02-27,wk inc flu hosp,3,29,quantile,0.6,415,2027-03-20
2027-02-27,wk inc flu hosp,3,29,quantile,0.65,426,2027-03-20
2027-02-27,wk inc flu hosp,3,29,quantile,0.7,449,2027-03-20
2027-02-27,wk inc flu hosp,3,29,quantile,0.75,464,2027-03-20
2027-02-27,wk inc flu hosp,3,29,quantile,0.8,488,2027-03-20
2027-02-27,wk inc flu hosp,3,29,quantile,0.85,521,2027-03-20
2027-02-27,wk inc flu hosp,3,29,quantile,0.9,543,2027-03-20
2027-02-27,wk inc flu hosp,3,29,quantile,0.95,599,2027-03-20
2027-02-27,wk inc flu hosp,3,29,quantile,0.975,655,2027-03-20
2027-02-27,wk inc flu hosp,3,29,quantile,0.99,748,2027-03-20
2027-02-27,wk inc flu hosp,3,30,quantile,0.01,83,2027-03-20
2027-02-27,wk inc flu hosp,3,30,quantile,0.025,93,2027-03-20
2027-02-27,wk inc flu hosp,3,30,quantile,0.05,102,2027-03-20
2027-02-27,wk inc flu hosp,3,30,quantile,0.1,124,2027-03-20
2027-02-27,wk inc flu hosp,3,30,quantile,0.15,138,2027-03-20
2027-02-27,wk inc flu hosp,3,30,quantile,0.2,145,2027-03-20
2027-02-27,wk inc flu hosp,3,30,quantile,0.25,152,2027-03-20
2027-02-27,wk inc flu hosp,3,30,quantile,0.3,159,2027-03-20
2027-02-27,wk inc flu hosp,3,30,quantile,0.35,165,2027-03-20
2027-02-27,wk inc flu hosp,3,30,quantile,0.4,170,2027-03-20
2027-02-27,wk inc flu hosp,3,30,quantile,0.45,180,2027-03-20
2027-02-27,wk inc flu hosp,3,30,quantile,0.5,187,2027-03-20
2027-02-27,wk inc flu hosp,3,30,quantile,0.55,196,2027-03-20
2027-02-27,wk inc flu hosp,3,30,quantile,0.6,205,2027-03-20
2027-02-27,wk inc flu hosp,3,30,quantile,0.65,210,2027-03-20
2027-02-27,wk inc flu hosp,3,30,quantile,0.7,218,2027-03-20
2027-02-27,wk inc flu hosp,3,30,quantile,0.75,236,2027-03-20
2027-02-27,wk inc flu hosp,3,30,quantile,0.8,254,2027-03-20
2027-02-27,wk inc flu hosp,3,30,quantile,0.85,283,2027-03-20
2027-02-27,wk inc flu hosp,3,30,quantile,0.9,316,2027-03-20
2027-02-27,wk inc flu hosp,3,30,quantile,0.95,354,2027-03-20
2027-02-27,wk inc flu hosp,3,30,quantile,0.975,393,2027-03-20
2027-02-27,wk inc flu hosp,3,30,quantile,0.99,446,2027-03-20
2027-02-27,wk inc flu hosp,3,31,quantile,0.01,34,2027-03-20
2027-02-27,wk inc flu hosp,3,31,quantile,0.025,36,2027-03-20
2027-02-27,wk inc flu hosp,3,31,quantile,0.05,41,2027-03-20
2027-02-27,wk inc flu hosp,3,31,quantile,0.1,50,2027-03-20
2027-02-27,wk inc flu hosp,3,31,quantile,0.15,55,2027-03-20
2027-02-27,wk inc flu hosp,3,31,quantile,0.2,58,2027-03-20
2027-02-27,wk inc flu hosp,3,31,quantile,0.25,61,2027-03-20
2027-02-27,wk inc flu hosp,3,31,quantile,0.3,64,2027-03-20
2027-02-27,wk inc flu hosp,3,31,quantile,0.35,67,2027-03-20
2027-02-27,wk inc flu hosp,3,31,quantile,0.4,69,2027-03-20
2027-02-27,wk inc flu hosp,3,31,quantile,0.45,70,2027-03-20
2027-02-27,wk inc flu hosp,3,31,quantile,0.5,74,2027-03-20
2027-02-27,wk inc flu hosp,3,31,quantile,0.55,76,2027-03-20
2027-02-27,wk inc flu hosp,3,31,quantile,0.6,78,2027-03-20
2027-02-27,wk inc flu hosp,3,31,quantile,0.65,84,2027-03-20
2027-02-27,wk inc flu hosp,3,31,quantile,0.7,87,2027-03-20
2027-02-27,wk inc flu hosp,3,31,quantile,0.75,93,2027-03-20
2027-02-27,wk inc flu hosp,3,31,quantile,0.8,95,2027-03-20
2027-02-27,wk inc flu hosp,3,31,quantile,0.85,104,2027-03-20
2027-02-27,wk inc flu hosp,3,31,quantile,0.9,109,2027-03-20
2027-02-27,wk inc flu hosp,3,31,quantile,0.95,123,2027-03-20
2027-02-27,wk inc flu hosp,3,31,quantile,0.975,135,2027-03-20
2027-02-27,wk inc flu hosp,3,31,quantile,0.99,146,2027-03-20
2027-02-27,wk inc flu hosp,3,32,quantile,0.01,49,2027-03-20
2027-02-27,wk inc flu hosp,3,32,quantile,0.025,50,2027-03-20
2027-02-27,wk inc flu hosp,3,32,quantile,0.05,57,2027-03-20
2027-02-27,wk inc flu hosp,3,32,quantile,0.1,64,2027-03-20
2027-02-27,wk inc flu hosp,3,32,quantile,0.15,71,2027-03-20
2027-02-27,wk inc flu hosp,3,32,quantile,0.2,73,2027-03-20
2027-02-27,wk inc flu hosp,3,32,quantile,0.25,77,2027-03-20
2027-02-27,wk inc flu hosp,3,32,quantile,0.3,82,2027-03-20
2027-02-27,wk inc flu hosp,3,32,quantile,0.35,86,2027-03-20
2027-02-27,wk inc flu hosp,3,32,quantile,0.4,88,2027-03-20
2027-02-27,wk inc flu hosp,3,32,quantile,0.45,95,2027-03-20
2027-02-27,wk inc flu hosp,3,32,quantile,0.5,102,2027-03-20
2027-02-27,wk inc flu hosp,3,32,quantile,0.55,112,2027-03-20
2027-02-27,wk inc flu hosp,3,32,quantile,0.6,119,2027-03-20
2027-02-27,wk inc flu hosp,3,32,quantile,0.65,123,2027-03-20
2027-02-27,wk inc flu hosp,3,32,quantile,0.7,130,2027-03-20
2027-02-27,wk inc flu hosp,3,32,quantile,0.75,135,2027-03-20
2027-02-27,wk inc flu hosp,3,32,quantile,0.8,144,2027-03-20
2027-02-27,wk inc flu hosp,3,32,quantile,0.85,151,2027-03-20
2027-02-27,wk inc flu hosp,3,32,quantile,0.9,161,2027-03-20
2027-02-27,wk inc flu hosp,3,32,quantile,0.95,175,2027-03-20
2027-02-27,wk inc flu hosp,3,32,quantile,0.975,190,2027-03-20
2027-02-27,wk inc flu hosp,3,32,quantile,0.99,206,2027-03-20
2027-02-27,wk inc flu hosp,3,33,quantile,0.01,37,2027-03-20
2027-02-27,wk inc flu hosp,3,33,quantile,0.025,39,2027-03-20
2027-02-27,wk inc flu hosp,3,33,quantile,0.05,45,2027-03-20
2027-02-27,wk inc flu hosp,3,33,quantile,0.1,51,2027-03-20
2027-02-27,wk inc flu hosp,3,33,quantile,0.15,54,2027-03-20
2027-02-27,wk inc flu hosp,3,33,quantile,0.2,59,2027-03-20
2027-02-27,wk inc flu hosp,3,33,quantile,0.25,62,2027-03-20
2027-02-27,wk inc flu hosp,3,33,quantile,0.3,65,2027-03-20
2027-02-27,wk inc flu hosp,3,33,quantile,0.35,71,2027-03-20
2027-02-27,wk inc flu hosp,3,33,quantile,0.4,76,2027-03-20
2027-02-27,wk inc flu hosp,3,33,quantile,0.45,79,2027-03-20
2027-02-27,wk inc flu hosp,3,33,quantile,0.5,82,2027-03-20
2027-02-27,wk inc flu hosp,3,33,quantile,0.55,86,2027-03-20
2027-02-27,wk inc flu hosp,3,33,quantile,0.6,88,2027-03-20
2027-02-27,wk inc flu hosp,3,33,quantile,0.65,93,2027-03-20
2027-02-27,wk inc flu hosp,3,33,quantile,0.7,99,2027-03-20
2027-02-27,wk inc flu hosp,3,33,quantile,0.75,105,2027-03-20
2027-02-27,wk inc flu hosp,3,33,quantile,0.8,109,2027-03-20
2027-02-27,wk inc flu hosp,3,33,quantile,0.85,115,2027-03-20
2027-02-27,wk inc flu hosp,3,33,quantile,0.9,123,2027-03-20
2027-02-27,wk inc flu hosp,3,33,quantile,0.95,134,2027-03-20
2027-02-27,wk inc flu hosp,3,33,quantile,0.975,148,2027-03-20
2027-02-27,wk inc flu hosp,3,33,quantile,0.99,160,2027-03-20
2027-02-27,wk inc flu hosp,3,34,quantile,0.01,261,2027-03-20
2027-02-27,wk inc flu hosp,3,34,quantile,0.025,292,2027-03-20
2027-02-27,wk inc flu hosp,3,34,quantile,0.05,311,2027-03-20
2027-02-27,wk inc flu hosp,3,34,quantile,0.1,328,2027-03-20
2027-02-27,wk inc flu hosp,3,34,quantile,0.15,349,2027-03-20
2027-02-27,wk inc flu hosp,3,34,quantile,0.2,370,2027-03-20
2027-02-27,wk inc flu hosp,3,34,quantile,0.25,386,2027-03-20
2027-02-27,wk inc flu hosp,3,34,quantile,0.3,395,2027-03-20
2027-02-27,wk inc flu hosp,3,34,quantile,0.35,415,2027-03-20
2027-02-27,wk inc flu hosp,3,34,quantile,0.4,438,2027-03-20
2027-02-27,wk inc flu hosp,3,34,quantile,0.45,448,2027-03-20
2027-02-27,wk inc flu hosp,3,34,quantile,0.5,461,2027-03-20
2027-02-27,wk inc flu hosp,3,34,quantile,0.55,481,2027-03-20
2027-02-27,wk inc flu hosp,3,34,quantile,0.6,497,2027-03-20
2027-02-27,wk inc flu hosp,3,34,quantile,0.65,528,2027-03-20
2027-02-27,wk inc flu hosp,3,34,quantile,0.7,540,2027-03-20
2027-02-27,wk inc flu hosp,3,34,quantile,0.75,556,2027-03-20
2027-02-27,wk inc flu hosp,3,34,quantile,0.8,597,2027-03-20
2027-02-27,wk inc flu hosp,3,34,quantile,0.85,659,2027-03-20
2027-02-27,wk inc flu hosp,3,34,quantile,0.9,719,2027-03-20
2027-02-27,wk inc flu hosp,3,34,quantile,0.95,781,2027-03-20
2027-02-27,wk inc flu hosp,3,34,quantile,0.975,821,2027-03-20
2027-02-27,wk inc flu hosp,3,34,quantile,0.99,893,2027-03-20
2027-02-27,wk inc flu hosp,3,35,quantile,0.01,73,2027-03-20
2027-02-27,wk inc flu hosp,3,35,quantile,0.025,78,2027-03-20
2027-02-27,wk inc flu hosp,3,35,quantile,0.05,91,2027-03-20
2027-02-27,wk inc flu hosp,3,35,quantile,0.1,101,2027-03-20
2027-02-27,wk inc flu hosp,3,35,quantile,0.15,111,2027-03-20
2027-02-27,wk inc flu hosp,3,35,quantile,0.2,115,2027-03-20
2027-02-27,wk inc flu hosp,3,35,quantile,0.25,122,2027-03-20
2027-02-27,wk inc flu hosp,3,35,quantile,0.3,126,2027-03-20
2027-02-27,wk inc flu hosp,3,35,quantile,0.35,130,2027-03-20
2027-02-27,wk inc flu hosp,3,35,quantile,0.4,135,2027-03-20
2027-02-27,wk inc flu hosp,3,35,quantile,0.45,138,2027-03-20
2027-02-27,wk inc flu hosp,3,35,quantile,0.5,143,2027-03-20
2027-02-27,wk inc flu hosp,3,35,quantile,0.55,148,2027-03-20
2027-02-27,wk inc flu hosp,3,35,quantile,0.6,153,2027-03-20
2027-02-27,wk inc flu hosp,3,35,quantile,0.65,161,2027-03-20
2027-02-27,wk inc flu hosp,3,35,quantile,0.7,165,2027-03-20
2027-02-27,wk inc flu hosp,3,35,quantile,0.75,174,2027-03-20
2027-02-27,wk inc flu hosp,3,35,quantile,0.8,185,2027-03-20
2027-02-27,wk inc flu hosp,3,35,quantile,0.85,203,2027-03-20
2027-02-27,wk inc flu hosp,3,35,quantile,0.9,215,2027-03-20
2027-02-27,wk inc flu hosp,3,35,quantile,0.95,244,2027-03-20
2027-02-27,wk inc flu hosp,3,35,quantile,0.975,282,2027-03-20
2027-02-27,wk inc flu hosp,3,35,quantile,0.99,327,2027-03-20
2027-02-27,wk inc flu hosp,3,36,quantile,0.01,564,2027-03-20
2027-02-27,wk inc flu hosp,3,36,quantile,0.025,578,2027-03-20
2027-02-27,wk inc flu hosp,3,36,quantile,0.05,626,2027-03-20
2027-02-27,wk inc flu hosp,3,36,quantile,0.1,689,2027-03-20
2027-02-27,wk inc flu hosp,3,36,quantile,0.15,731,2027-03-20
2027-02-27,wk inc flu hosp,3,36,quantile,0.2,772,2027-03-20
2027-02-27,wk inc flu hosp,3,36,quantile,0.25,800,2027-03-20
2027-02-27,wk inc flu hosp,3,36,quantile,0.3,845,2027-03-20
2027-02-27,wk inc flu hosp,3,36,quantile,0.35,910,2027-03-20
2027-02-27,wk inc flu hosp,3,36,quantile,0.4,933,2027-03-20
2027-02-27,wk inc flu hosp,3,36,quantile,0.45,961,2027-03-20
2027-02-27,wk inc flu hosp,3,36,quantile,0.5,984,2027-03-20
2027-02-27,wk inc flu hosp,3,36,quantile,0.55,1007,2027-03-20
2027-02-27,wk inc flu hosp,3,36,quantile,0.6,1044,2027-03-20
2027-02-27,wk inc flu hosp,3,36,quantile,0.65,1092,2027-03-20
2027-02-27,wk inc flu hosp,3,36,quantile,0.7,1152,2027-03-20
2027-02-27,wk inc flu hosp,3,36,quantile,0.75,1204,2027-03-20
2027-02-27,wk inc flu hosp,3,36,quantile,0.8,1265,2027-03-20
2027-02-27,wk inc flu hosp,3,36,quantile,0.85,1326,2027-03-20
2027-02-27,wk inc flu hosp,3,36,quantile,0.9,1399,2027-03-20
2027-02-27,wk inc flu hosp,3,36,quantile,0.95,1493,2027-03-20
2027-02-27,wk inc flu hosp,3,36,quantile,0.975,1660,2027-03-20
2027-02-27,wk inc flu hosp,3,36,quantile,0.99,1862,2027-03-20
2027-02-27,wk inc flu hosp,3,37,quantile,0.01,181,2027-03-20
2027-02-27,wk inc flu hosp,3,37,quantile,0.025,195,2027-03-20
2027-02-27,wk inc flu hosp,3,37,quantile,0.05,216,2027-03-20
2027-02-27,wk inc flu hosp,3,37,quantile,0.1,269,2027-03-20
2027-02-27,wk inc flu hosp,3,37,quantile,0.15,282,2027-03-20
2027-02-27,wk inc flu hosp,3,37,quantile,0.2,319,2027-03-20
2027-02-27,wk inc flu hosp,3,37,quantile,0.25,346,2027-03-20
2027-02-27,wk inc flu hosp,3,37,quantile,0.3,368,2027-03-20
2027-02-27,wk inc flu hosp,3,37,quantile,0.35,380,2027-03-20
2027-02-27,wk inc flu hosp,3,37,quantile,0.4,392,2027-03-20
2027-02-27,wk inc flu hosp,3,37,quantile,0.45,406,2027-03-20
2027-02-27,wk inc flu hosp,3,37,quantile,0.5,424,2027-03-20
2027-02-27,wk inc flu hosp,3,37,quantile,0.55,452,2027-03-20
2027-02-27,wk inc flu hosp,3,37,quantile,0.6,471,2027-03-20
2027-02-27,wk inc flu hosp,3,37,quantile,0.65,505,2027-03-20
2027-02-27,wk inc flu hosp,3,37,quantile,0.7,522,2027-03-20
2027-02-27,wk inc flu hosp,3,37,quantile,0.75,541,2027-03-20
2027-02-27,wk inc flu hosp,3,37,quantile,0.8,575,2027-03-20
2027-02-27,wk inc flu hosp,3,37,quantile,0.85,619,2027-03-20
2027-02-27,wk inc flu hosp,3,37,quantile,0.9,672,2027-03-20
2027-02-27,wk inc flu hosp,3,37,quantile,0.95,750,2027-03-20
2027-02-27,wk inc flu hosp,3,37,quantile,0.975,873,2027-03-20
2027-02-27,wk inc flu hosp,3,37,quantile,0.99,921,2027-03-20
2027-02-27,wk inc flu hosp,3,38,quantile,0.01,23,2027-03-20
2027-02-27,wk inc flu hosp,3,38,quantile,0.025,26,2027-03-20
2027-02-27,wk inc flu hosp,3,38,quantile,0.05,29,2027-03-20
2027-02-27,wk inc flu hosp,3,38,quantile,0.1,34,2027-03-20
2027-02-27,wk inc flu hosp,3,38,quantile,0.15,36,2027-03-20
2027-02-27,wk inc flu hosp,3,38,quantile,0.2,40,2027-03-20
2027-02-27,wk inc flu hosp,3,38,quantile,0.25,42,2027-03-20
2027-02-27,wk inc flu hosp,3,38,quantile,0.3,44,2027-03-20
2027-02-27,wk inc flu hosp,3,38,quantile,0.35,48,2027-03-20
2027-02-27,wk inc flu hosp,3,38,quantile,0.4,51,2027-03-20
2027-02-27,wk inc flu hosp,3,38,quantile,0.45,54,2027-03-20
2027-02-27,wk inc flu hosp,3,38,quantile,0.5,56,2027-03-20
2027-02-27,wk inc flu hosp,3,38,quantile,0.55,60,2027-03-20
2027-02-27,wk inc flu hosp,3,38,quantile,0.6,64,2027-03-20
2027-02-27,wk inc flu hosp,3,38,quantile,0.65,68,2027-03-20
2027-02-27,wk inc flu hosp,3,38,quantile,0.7,73,2027-03-20
2027-02-27,wk inc flu hosp,3,38,quantile,0.75,77,2027-03-20
2027-02-27,wk inc flu hosp,3,38,quantile,0.8,80,2027-03-20
2027-02-27,wk inc flu hosp,3,38,quantile,0.85,84,2027-03-20
2027-02-27,wk inc flu hosp,3,38,quantile,0.9,90,2027-03-20
2027-02-27,wk inc flu hosp,3,38,quantile,0.95,104,2027-03-20
2027-02-27,wk inc flu hosp,3,38,quantile,0.975,131,2027-03-20
2027-02-27,wk inc flu hosp,3,38,quantile,0.99,138,2027-03-20
2027-02-27,wk inc flu hosp,3,39,quantile,0.01,513,2027-03-20
2027-02-27,wk inc flu hosp,3,39,quantile,0.025,580,2027-03-20
2027-02-27,wk inc flu hosp,3,39,quantile,0.05,612,2027-03-20
2027-02-27,wk inc flu hosp,3,39,quantile,0.1,667,2027-03-20
2027-02-27,wk inc flu hosp,3,39,quantile,0.15,702,2027-03-20
2027-02-27,wk inc flu hosp,3,39,quantile,0.2,750,2027-03-20
2027-02-27,wk inc flu hosp,3,39,quantile,0.25,787,2027-03-20
2027-02-27,wk inc flu hosp,3,39,quantile,0.3,809,2027-03-20
2027-02-27,wk inc flu hosp,3,39,quantile,0.35,852,2027-03-20
2027-02-27,wk inc flu hosp,3,39,quantile,0.4,887,2027-03-20
2027-02-27,wk inc flu hosp,3,39,quantile,0.45,927,2027-03-20
2027-02-27,wk inc flu hosp,3,39,quantile,0.5,944,2027-03-20
2027-02-27,wk inc flu hosp,3,39,quantile,0.55,962,2027-03-20
2027-02-27,wk inc flu hosp,3,39,quantile,0.6,990,2027-03-20
2027-02-27,wk inc flu hosp,3,39,quantile,0.65,1042,2027-03-20
2027-02-27,wk inc flu hosp,3,39,quantile,0.7,1113,2027-03-20
2027-02-27,wk inc flu hosp,3,39,quantile,0.75,1150,2027-03-20
2027-02-27,wk inc flu hosp,3,39,quantile,0.8,1221,2027-03-20
2027-02-27,wk inc flu hosp,3,39,quantile,0.85,1322,2027-03-20
2027-02-27,wk inc flu hosp,3,39,quantile,0.9,1395,2027-03-20
2027-02-27,wk inc flu hosp,3,39,quantile,0.95,1587,2027-03-20
2027-02-27,wk inc flu hosp,3,39,quantile,0.975,1677,2027-03-20
2027-02-27,wk inc flu hosp,3,39,quantile,0.99,2037,2027-03-20
2027-02-27,wk inc flu hosp,3,40,quantile,0.01,73,2027-03-20
2027-02-27,wk inc flu hosp,3,40,quantile,0.025,84,2027-03-20
2027-02-27,wk inc flu hosp,3,40,quantile,0.05,87,2027-03-20
2027-02-27,wk inc flu hosp,3,40,quantile,0.1,102,2027-03-20
2027-02-27,wk inc flu hosp,3,40,quantile,0.15,109,2027-03-20
2027-02-27,wk inc flu hosp,3,40,quantile,0.2,115,2027-03-20
2027-02-27,wk inc flu hosp,3,40,quantile,0.25,122,2027-03-20
2027-02-27,wk inc flu hosp,3,40,quantile,0.3,128,2027-03-20
2027-02-27,wk inc flu hosp,3,40,quantile,0.35,135,2027-03-20
2027-02-27,wk inc flu hosp,3,40,quantile,0.4,140,2027-03-20
2027-02-27,wk inc flu hosp,3,40,quantile,0.45,147,2027-03-20
2027-02-27,wk inc flu hosp,3,40,quantile,0.5,152,2027-03-20
2027-02-27,wk inc flu hosp,3,40,quantile,0.55,159,2027-03-20
2027-02-27,wk inc flu hosp,3,40,quantile,0.6,163,2027-03-20
2027-02-27,wk inc flu hosp,3,40,quantile,0.65,169,2027-03-20
2027-02-27,wk inc flu hosp,3,40,quantile,0.7,178,2027-03-20
2027-02-27,wk inc flu hosp,3,40,quantile,0.75,185,2027-03-20
2027-02-27,wk inc flu hosp,3,40,quantile,0.8,194,2027-03-20
2027-02-27,wk inc flu hosp,3,40,quantile,0.85,210,2027-03-20
2027-02-27,wk inc flu hosp,3,40,quantile,0.9,243,2027-03-20
2027-02-27,wk inc flu hosp,3,40,quantile,0.95,279,2027-03-20
2027-02-27,wk inc flu hosp,3,40,quantile,0.975,323,2027-03-20
2027-02-27,wk inc flu hosp,3,40,quantile,0.99,359,2027-03-20
2027-02-27,wk inc flu hosp,3,41,quantile,0.01,76,2027-03-20
2027-02-27,wk inc flu hosp,3,41,quantile,0.025,83,2027-03-20
2027-02-27,wk inc flu hosp,3,41,quantile,0.05,96,2027-03-20
2027-02-27,wk inc flu hosp,3,41,quantile,0.1,106,2027-03-20
2027-02-27,wk inc flu hosp,3,41,quantile,0.15,117,2027-03-20
2027-02-27,wk inc flu hosp,3,41,quantile,0.2,123,2027-03-20
2027-02-27,wk inc flu hosp,3,41,quantile,0.25,127,2027-03-20
2027-02-27,wk inc flu hosp,3,41,quantile,0.3,130,2027-03-20
2027-02-27,wk inc flu hosp,3,41,quantile,0.35,136,2027-03-20
2027-02-27,wk inc flu hosp,3,41,quantile,0.4,140,2027-03-20
2027-02-27,wk inc flu hosp,3,41,quantile,0.45,147,2027-03-20
2027-02-27,wk inc flu hosp,3,41,quantile,0.5,153,2027-03-20
2027-02-27,wk inc flu hosp,3,41,quantile,0.55,162,2027-03-20
2027-02-27,wk inc flu hosp,3,41,quantile,0.6,166,2027-03-20
2027-02-27,wk inc flu hosp,3,41,quantile,0.65,173,2027-03-20
2027-02-27,wk inc flu hosp,3,41,quantile,0.7,182,2027-03-20
2027-02-27,wk inc flu hosp,3,41,quantile,0.75,193,2027-03-20
2027-02-27,wk inc flu hosp,3,41,quantile,0.8,209,2027-03-20
2027-02-27,wk inc flu hosp,3,41,quantile,0.85,228,2027-03-20
2027-02-27,wk inc flu hosp,3,41,quantile,0.9,243,2027-03-20
2027-02-27,wk inc flu hosp,3,41,quantile,0.95,272,2027-03-20
2027-02-27,wk inc flu hosp,3,41,quantile,0.975,300,2027-03-20
2027-02-27,wk inc flu hosp,3,41,quantile,0.99,320,2027-03-20
2027-02-27,wk inc flu hosp,3,42,quantile,0.01,544,2027-03-20
2027-02-27,wk inc flu hosp,3,42,quantile,0.025,848,2027-03-20
2027-02-27,wk inc flu hosp,3,42,quantile,0.05,951,2027-03-20
2027-02-27,wk inc flu hosp,3,42,quantile,0.1,1042,2027-03-20
2027-02-27,wk inc flu hosp,3,42,quantile,0.15,1151,2027-03-20
2027-02-27,wk inc flu hosp,3,42,quantile,0.2,1204,2027-03-20
2027-02-27,wk inc flu hosp,3,42,quantile,0.25,1263,2027-03-20
2027-02-27,wk inc flu hosp,3,42,quantile,0.3,1317,2027-03-20
2027-02-27,wk inc flu hosp,3,42,quantile,0.35,1363,2027-03-20
2027-02-27,wk inc flu hosp,3,42,quantile,0.4,1387,2027-03-20
2027-02-27,wk inc flu hosp,3,42,quantile,0.45,1451,2027-03-20
2027-02-27,wk inc flu hosp,3,42,quantile,0.5,1514,2027-03-20
2027-02-27,wk inc flu hosp,3,42,quantile,0.55,1570,2027-03-20
2027-02-27,wk inc flu hosp,3,42,quantile,0.6,1657,2027-03-20
2027-02-27,wk inc flu hosp,3,42,quantile,0.65,1718,2027-03-20
2027-02-27,wk inc flu hosp,3,42,quantile,0.7,1791,2027-03-20
2027-02-27,wk inc flu hosp,3,42,quantile,0.75,1888,2027-03-20
2027-02-27,wk inc flu hosp,3,42,quantile,0.8,1978,2027-03-20
2027-02-27,wk inc flu hosp,3,42,quantile,0.85,2054,2027-03-20
2027-02-27,wk inc flu hosp,3,42,quantile,0.9,2135,2027-03-20
2027-02-27,wk inc flu hosp,3,42,quantile,0.95,2261,2027-03-20
2027-02-27,wk inc flu hosp,3,42,quantile,0.975,2396,2027-03-20
2027-02-27,wk inc flu hosp,3,42,quantile,0.99,2792,2027-03-20
2027-02-27,wk inc flu hosp,3,44,quantile,0.01,27,2027-03-20
2027-02-27,wk inc flu hosp,3,44,quantile,0.025,28,2027-03-20
2027-02-27,wk inc flu hosp,3,44,quantile,0.05,30,2027-03-20
2027-02-27,wk inc flu hosp,3,44,quantile,0.1,35,2027-03-20
2027-02-27,wk inc flu hosp,3,44,quantile,0.15,39,2027-03-20
2027-02-27,wk inc flu hosp,3,44,quantile,0.2,42,2027-03-20
2027-02-27,wk inc flu hosp,3,44,quantile,0.25,44,2027-03-20
2027-02-27,wk inc flu hosp,3,44,quantile,0.3,45,2027-03-20
2027-02-27,wk inc flu hosp,3,44,quantile,0.35,47,2027-03-20
2027-02-27,wk inc flu hosp,3,44,quantile,0.4,49,2027-03-20
2027-02-27,wk inc flu hosp,3,44,quantile,0.45,53,2027-03-20
2027-02-27,wk inc flu hosp,3,44,quantile,0.5,57,2027-03-20
2027-02-27,wk inc flu hosp,3,44,quantile,0.55,60,2027-03-20
2027-02-27,wk inc flu hosp,3,44,quantile,0.6,63,2027-03-20
2027-02-27,wk inc flu hosp,3,44,quantile,0.65,65,2027-03-20
2027-02-27,wk inc flu hosp,3,44,quantile,0.7,69,2027-03-20
2027-02-27,wk inc flu hosp,3,44,quantile,0.75,72,2027-03-20
2027-02-27,wk inc flu hosp,3,44,quantile,0.8,80,2027-03-20
2027-02-27,wk inc flu hosp,3,44,quantile,0.85,85,2027-03-20
2027-02-27,wk inc flu hosp,3,44,quantile,0.9,89,2027-03-20
2027-02-27,wk inc flu hosp,3,44,quantile,0.95,96,2027-03-20
2027-02-27,wk inc flu hosp,3,44,quantile,0.975,103,2027-03-20
2027-02-27,wk inc flu hosp,3,44,quantile,0.99,114,2027-03-20
2027-02-27,wk inc flu hosp,3,45,quantile,0.01,75,2027-03-20
2027-02-27,wk inc flu hosp,3,45,quantile,0.025,86,2027-03-20
2027-02-27,wk inc flu hosp,3,45,quantile,0.05,100,2027-03-20
2027-02-27,wk inc flu hosp,3,45,quantile,0.1,130,2027-03-20
2027-02-27,wk inc flu hosp,3,45,quantile,0.15,161,2027-03-20
2027-02-27,wk inc flu hosp,3,45,quantile,0.2,179,2027-03-20
2027-02-27,wk inc flu hosp,3,45,quantile,0.25,190,2027-03-20
2027-02-27,wk inc flu hosp,3,45,quantile,0.3,198,2027-03-20
2027-02-27,wk inc flu hosp,3,45,quantile,0.35,209,2027-03-20
2027-02-27,wk inc flu hosp,3,45,quantile,0.4,221,2027-03-20
2027-02-27,wk inc flu hosp,3,45,quantile,0.45,226,2027-03-20
2027-02-27,wk inc flu hosp,3,45,quantile,0.5,238,2027-03-20
2027-02-27,wk inc flu hosp,3,45,quantile,0.55,244,2027-03-20
2027-02-27,wk inc flu hosp,3,45,quantile,0.6,258,2027-03-20
2027-02-27,wk inc flu hosp,3,45,quantile,0.65,273,2027-03-20
2027-02-27,wk inc flu hosp,3,45,quantile,0.7,284,2027-03-20
2027-02-27,wk inc flu hosp,3,45,quantile,0.75,300,2027-03-20
2027-02-27,wk inc flu hosp,3,45,quantile,0.8,315,2027-03-20
2027-02-27,wk inc flu hosp,3,45,quantile,0.85,334,2027-03-20
2027-02-27,wk inc flu hosp,3,45,quantile,0.9,354,2027-03-20
2027-02-27,wk inc flu hosp,3,45,quantile,0.95,418,2027-03-20
2027-02-27,wk inc flu hosp,3,45,quantile,0.975,429,2027-03-20
2027-02-27,wk inc flu hosp,3,45,quantile,0.99,513,2027-03-20
2027-02-27,wk inc flu hosp,3,46,quantile,0.01,24,2027-03-20
2027-02-27,wk inc flu hosp,3,46,quantile,0.025,25,2027-03-20
2027-02-27,wk inc flu hosp,3,46,quantile,0.05,28,2027-03-20
2027-02-27,wk inc flu hosp,3,46,quantile,0.1,32,2027-03-20
2027-02-27,wk inc flu hosp,3,46,quantile,0.15,38,2027-03-20
2027-02-27,wk inc flu hosp,3,46,quantile,0.2,41,2027-03-20
2027-02-27,wk inc flu hosp,3,46,quantile,0.25,43,2027-03-20
2027-02-27,wk inc flu hosp,3,46,quantile,0.3,45,2027-03-20
2027-02-27,wk inc flu hosp,3,46,quantile,0.35,48,2027-03-20
2027-02-27,wk inc flu hosp,3,46,quantile,0.4,51,2027-03-20
2027-02-27,wk inc flu hosp,3,46,quantile,0.45,53,2027-03-20
2027-02-27,wk inc flu hosp,3,46,quantile,0.5,55,2027-03-20
2027-02-27,wk inc flu hosp,3,46,quantile,0.55,57,2027-03-20
2027-02-27,wk inc flu hosp,3,46,quantile,0.6,60,2027-03-20
2027-02-27,wk inc flu hosp,3,46,quantile,0.65,64,2027-03-20
2027-02-27,wk inc flu hosp,3,46,quantile,0.7,67,2027-03-20
2027-02-27,wk inc flu hosp,3,46,quantile,0.75,72,2027-03-20
2027-02-27,wk inc flu hosp,3,46,quantile,0.8,76,2027-03-20
2027-02-27,wk inc flu hosp,3,46,quantile,0.85,81,2027-03-20
2027-02-27,wk inc flu hosp,3,46,quantile,0.9,90,2027-03-20
2027-02-27,wk inc flu hosp,3,46,quantile,0.95,105,2027-03-20
2027-02-27,wk inc flu hosp,3,46,quantile,0.975,116,2027-03-20
2027-02-27,wk inc flu hosp,3,46,quantile,0.99,119,2027-03-20
2027-02-27,wk inc flu hosp,3,47,quantile,0.01,244,2027-03-20
2027-02-27,wk inc flu hosp,3,47,quantile,0.025,264,2027-03-20
2027-02-27,wk inc flu hosp,3,47,quantile,0.05,288,2027-03-20
2027-02-27,wk inc flu hosp,3,47,quantile,0.1,313,2027-03-20
2027-02-27,wk inc flu hosp,3,47,quantile,0.15,332,2027-03-20
2027-02-27,wk inc flu hosp,3,47,quantile,0.2,359,2027-03-20
2027-02-27,wk inc flu hosp,3,47,quantile,0.25,370,2027-03-20
2027-02-27,wk inc flu hosp,3,47,quantile,0.3,383,2027-03-20
2027-02-27,wk inc flu hosp,3,47,quantile,0.35,398,2027-03-20
2027-02-27,wk inc flu hosp,3,47,quantile,0.4,412,2027-03-20
2027-02-27,wk inc flu hosp,3,47,quantile,0.45,420,2027-03-20
2027-02-27,wk inc flu hosp,3,47,quantile,0.5,440,2027-03-20
2027-02-27,wk inc flu hosp,3,47,quantile,0.55,449,2027-03-20
2027-02-27,wk inc flu hosp,3,47,quantile,0.6,457,2027-03-20
2027-02-27,wk inc flu hosp,3,47,quantile,0.65,464,2027-03-20
2027-02-27,wk inc flu hosp,3,47,quantile,0.7,490,2027-03-20
2027-02-27,wk inc flu hosp,3,47,quantile,0.75,506,2027-03-20
2027-02-27,wk inc flu hosp,3,47,quantile,0.8,531,2027-03-20
2027-02-27,wk inc flu hosp,3,47,quantile,0.85,546,2027-03-20
2027-02-27,wk inc flu hosp,3,47,quantile,0.9,565,2027-03-20
2027-02-27,wk inc flu hosp,3,47,quantile,0.95,599,2027-03-20
2027-02-27,wk inc flu hosp,3,47,quantile,0.975,620,2027-03-20
2027-02-27,wk inc flu hosp,3,47,quantile,0.99,718,2027-03-20
2027-02-27,wk inc flu hosp,3,48,quantile,0.01,336,2027-03-20
2027-02-27,wk inc flu hosp,3,48,quantile,0.025,375,2027-03-20
2027-02-27,wk inc flu hosp,3,48,quantile,0.05,424,2027-03-20
2027-02-27,wk inc flu hosp,3,48,quantile,0.1,542,2027-03-20
2027-02-27,wk inc flu hosp,3,48,quantile,0.15,666,2027-03-20
2027-02-27,wk inc flu hosp,3,48,quantile,0.2,730,2027-03-20
2027-02-27,wk inc flu hosp,3,48,quantile,0.25,784,2027-03-20
2027-02-27,wk inc flu hosp,3,48,quantile,0.3,845,2027-03-20
2027-02-27,wk inc flu hosp,3,48,quantile,0.35,921,2027-03-20
2027-02-27,wk inc flu hosp,3,48,quantile,0.4,969,2027-03-20
2027-02-27,wk inc flu hosp,3,48,quantile,0.45,1010,2027-03-20
2027-02-27,wk inc flu hosp,3,48,quantile,0.5,1096,2027-03-20
2027-02-27,wk inc flu hosp,3,48,quantile,0.55,1156,2027-03-20
2027-02-27,wk inc flu hosp,3,48,quantile,0.6,1189,2027-03-20
2027-02-27,wk inc flu hosp,3,48,quantile,0.65,1237,2027-03-20
2027-02-27,wk inc flu hosp,3,48,quantile,0.7,1256,2027-03-20
2027-02-27,wk inc flu hosp,3,48,quantile,0.75,1298,2027-03-20
2027-02-27,wk inc flu hosp,3,48,quantile,0.8,1340,2027-03-20
2027-02-27,wk inc flu hosp,3,48,quantile,0.85,1458,2027-03-20
2027-02-27,wk inc flu hosp,3,48,quantile,0.9,1553,2027-03-20
2027-02-27,wk inc flu hosp,3,48,quantile,0.95,1755,2027-03-20
2027-02-27,wk inc flu hosp,3,48,quantile,0.975,2025,2027-03-20
2027-02-27,wk inc flu hosp,3,48,quantile,0.99,2206,2027-03-20
2027-02-27,wk inc flu hosp,3,49,quantile,0.01,31,2027-03-20
2027-02-27,wk inc flu hosp,3,49,quantile,0.025,37,2027-03-20
2027-02-27,wk inc flu hosp,3,49,quantile,0.05,41,2027-03-20
2027-02-27,wk inc flu hosp,3,49,quantile,0.1,43,2027-03-20
2027-02-27,wk inc flu hosp,3,49,quantile,0.15,48,2027-03-20
2027-02-27,wk inc flu hosp,3,49,quantile,0.2,50,2027-03-20
2027-02-27,wk inc flu hosp,3,49,quantile,0.25,53,2027-03-20
2027-02-27,wk inc flu hosp,3,49,quantile,0.3,55,2027-03-20
2027-02-27,wk inc flu hosp,3,49,quantile,0.35,57,2027-03-20
2027-02-27,wk inc flu hosp,3,49,quantile,0.4,61,2027-03-20
2027-02-27,wk inc flu hosp,3,49,quantile,0.45,65,2027-03-20
2027-02-27,wk inc flu hosp,3,49,quantile,0.5,67,2027-03-20
2027-02-27,wk inc flu hosp,3,49,quantile,0.55,69,2027-03-20
2027-02-27,wk inc flu hosp,3,49,quantile,0.6,71,2027-03-20
2027-02-27,wk inc flu hosp,3,49,quantile,0.65,74,2027-03-20
2027-02-27,wk inc flu hosp,3,49,quantile,0.7,76,2027-03-20
2027-02-27,wk inc flu hosp,3,49,quantile,0.75,78,2027-03-20
2027-02-27,wk inc flu hosp,3,49,quantile,0.8,83,2027-03-20
2027-02-27,wk inc flu hosp,3,49,quantile,0.85,86,2027-03-20
2027-02-27,wk inc flu hosp,3,49,quantile,0.9,92,2027-03-20
2027-02-27,wk inc flu hosp,3,49,quantile,0.95,104,2027-03-20
2027-02-27,wk inc flu hosp,3,49,quantile,0.975,119,2027-03-20
2027-02-27,wk inc flu hosp,3,49,quantile,0.99,144,2027-03-20
2027-02-27,wk inc flu hosp,3,50,quantile,0.01,8,2027-03-20
2027-02-27,wk inc flu hosp,3,50,quantile,0.025,11,2027-03-20
2027-02-27,wk inc flu hosp,3,50,quantile,0.05,19,2027-03-20
2027-02-27,wk inc flu hosp,3,50,quantile,0.1,21,2027-03-20
2027-02-27,wk inc flu hosp,3,50,quantile,0.15,22,2027-03-20
2027-02-27,wk inc flu hosp,3,50,quantile,0.2,24,2027-03-20
2027-02-27,wk inc flu hosp,3,50,quantile,0.25,27,2027-03-20
2027-02-27,wk inc flu hosp,3,50,quantile,0.3,29,2027-03-20
2027-02-27,wk inc flu hosp,3,50,quantile,0.35,31,2027-03-20
2027-02-27,wk inc flu hosp,3,50,quantile,0.4,33,2027-03-20
2027-02-27,wk inc flu hosp,3,50,quantile,0.45,34,2027-03-20
2027-02-27,wk inc flu hosp,3,50,quantile,0.5,36,2027-03-20
2027-02-27,wk inc flu hosp,3,50,quantile,0.55,39,2027-03-20
2027-02-27,wk inc flu hosp,3,50,quantile,0.6,40,2027-03-20
2027-02-27,wk inc flu hosp,3,50,quantile,0.65,42,2027-03-20
2027-02-27,wk inc flu hosp,3,50,quantile,0.7,44,2027-03-20
2027-02-27,wk inc flu hosp,3,50,quantile,0.75,47,2027-03-20
2027-02-27,wk inc flu hosp,3,50,quantile,0.8,48,2027-03-20
2027-02-27,wk inc flu hosp,3,50,quantile,0.85,52,2027-03-20
2027-02-27,wk inc flu hosp,3,50,quantile,0.9,55,2027-03-20
2027-02-27,wk inc flu hosp,3,50,quantile,0.95,60,2027-03-20
2027-02-27,wk inc flu hosp,3,50,quantile,0.975,65,2027-03-20
2027-02-27,wk inc flu hosp,3,50,quantile,0.99,65,2027-03-20
2027-02-27,wk inc flu hosp,3,51,quantile,0.01,205,2027-03-20
2027-02-27,wk inc flu hosp,3,51,quantile,0.025,218,2027-03-20
2027-02-27,wk inc flu hosp,3,51,quantile,0.05,261,2027-03-20
2027-02-27,wk inc flu hosp,3,51,quantile,0.1,279,2027-03-20
2027-02-27,wk inc flu hosp,3,51,quantile,0.15,301,2027-03-20
2027-02-27,wk inc flu hosp,3,51,quantile,0.2,328,2027-03-20
2027-02-27,wk inc flu hosp,3,51,quantile,0.25,356,2027-03-20
2027-02-27,wk inc flu hosp,3,51,quantile,0.3,384,2027-03-20
2027-02-27,wk inc flu hosp,3,51,quantile,0.35,402,2027-03-20
2027-02-27,wk inc flu hosp,3,51,quantile,0.4,427,2027-03-20
2027-02-27,wk inc flu hosp,3,51,quantile,0.45,445,2027-03-20
2027-02-27,wk inc flu hosp,3,51,quantile,0.5,472,2027-03-20
2027-02-27,wk inc flu hosp,3,51,quantile,0.55,489,2027-03-20
2027-02-27,wk inc flu hosp,3,51,quantile,0.6,507,2027-03-20
2027-02-27,wk inc flu hosp,3,51,quantile,0.65,532,2027-03-20
2027-02-27,wk inc flu hosp,3,51,quantile,0.7,560,2027-03-20
2027-02-27,wk inc flu hosp,3,51,quantile,0.75,589,2027-03-20
2027-02-27,wk inc flu hosp,3,51,quantile,0.8,616,2027-03-20
2027-02-27,wk inc flu hosp,3,51,quantile,0.85,668,2027-03-20
2027-02-27,wk inc flu hosp,3,51,quantile,0.9,714,2027-03-20
2027-02-27,wk inc flu hosp,3,51,quantile,0.95,779,2027-03-20
2027-02-27,wk inc flu hosp,3,51,quantile,0.975,898,2027-03-20
2027-02-27,wk inc flu hosp,3,51,quantile,0.99,946,2027-03-20
2027-02-27,wk inc flu hosp,3,53,quantile,0.01,89,2027-03-20
2027-02-27,wk inc flu hosp,3,53,quantile,0.025,95,2027-03-20
2027-02-27,wk inc flu hosp,3,53,quantile,0.05,111,2027-03-20
2027-02-27,wk inc flu hosp,3,53,quantile,0.1,119,2027-03-20
2027-02-27,wk inc flu hosp,3,53,quantile,0.15,125,2027-03-20
2027-02-27,wk inc flu hosp,3,53,quantile,0.2,140,2027-03-20
2027-02-27,wk inc flu hosp,3,53,quantile,0.25,148,2027-03-20
2027-02-27,wk inc flu hosp,3,53,quantile,0.3,155,2027-03-20
2027-02-27,wk inc flu hosp,3,53,quantile,0.35,164,2027-03-20
2027-02-27,wk inc flu hosp,3,53,quantile,0.4,175,2027-03-20
2027-02-27,wk inc flu hosp,3,53,quantile,0.45,183,2027-03-20
2027-02-27,wk inc flu hosp,3,53,quantile,0.5,190,2027-03-20
2027-02-27,wk inc flu hosp,3,53,quantile,0.55,206,2027-03-20
2027-02-27,wk inc flu hosp,3,53,quantile,0.6,216,2027-03-20
2027-02-27,wk inc flu hosp,3,53,quantile,0.65,228,2027-03-20
2027-02-27,wk inc flu hosp,3,53,quantile,0.7,235,2027-03-20
2027-02-27,wk inc flu hosp,3,53,quantile,0.75,250,2027-03-20
2027-02-27,wk inc flu hosp,3,53,quantile,0.8,271,2027-03-20
2027-02-27,wk inc flu hosp,3,53,quantile,0.85,290,2027-03-20
2027-02-27,wk inc flu hosp,3,53,quantile,0.9,315,2027-03-20
2027-02-27,wk inc flu hosp,3,53,quantile,0.95,349,2027-03-20
2027-02-27,wk inc flu hosp,3,53,quantile,0.975,370,2027-03-20
2027-02-27,wk inc flu hosp,3,53,quantile,0.99,400,2027-03-20
2027-02-27,wk inc flu hosp,3,54,quantile,0.01,132,2027-03-20
2027-02-27,wk inc flu hosp,3,54,quantile,0.025,137,2027-03-20
2027-02-27,wk inc flu hosp,3,54,quantile,0.05,162,2027-03-20
2027-02-27,wk inc flu hosp,3,54,quantile,0.1,183,2027-03-20
2027-02-27,wk inc flu hosp,3,54,quantile,0.15,193,2027-03-20
2027-02-27,wk inc flu hosp,3,54,quantile,0.2,200,2027-03-20
2027-02-27,wk inc flu hosp,3,54,quantile,0.25,208,2027-03-20
2027-02-27,wk inc flu hosp,3,54,quantile,0.3,215,2027-03-20
2027-02-27,wk inc flu hosp,3,54,quantile,0.35,223,2027-03-20
2027-02-27,wk inc flu hosp,3,54,quantile,0.4,227,2027-03-20
2027-02-27,wk inc flu hosp,3,54,quantile,0.45,232,2027-03-20
2027-02-27,wk inc flu hosp,3,54,quantile,0.5,242,2027-03-20
2027-02-27,wk inc flu hosp,3,54,quantile,0.55,248,2027-03-20
2027-02-27,wk inc flu hosp,3,54,quantile,0.6,255,2027-03-20
2027-02-27,wk inc flu hosp,3,54,quantile,0.65,263,2027-03-20
2027-02-27,wk inc flu hosp,3,54,quantile,0.7,268,2027-03-20
2027-02-27,wk inc flu hosp,3,54,quantile,0.75,282,2027-03-20
2027-02-27,wk inc flu hosp,3,54,quantile,0.8,298,2027-03-20
2027-02-27,wk inc flu hosp,3,54,quantile,0.85,327,2027-03-20
2027-02-27,wk inc flu hosp,3,54,quantile,0.9,344,2027-03-20
2027-02-27,wk inc flu hosp,3,54,quantile,0.95,398,2027-03-20
2027-02-27,wk inc flu hosp,3,54,quantile,0.975,436,2027-03-20
2027-02-27,wk inc flu hosp,3,54,quantile,0.99,477,2027-03-20
2027-02-27,wk inc flu hosp,3,55,quantile,0.01,221,2027-03-20
2027-02-27,wk inc flu hosp,3,55,quantile,0.025,240,2027-03-20
2027-02-27,wk inc flu hosp,3,55,quantile,0.05,276,2027-03-20
2027-02-27,wk inc flu hosp,3,55,quantile,0.1,300,2027-03-20
2027-02-27,wk inc flu hosp,3,55,quantile,0.15,318,2027-03-20
2027-02-27,wk inc flu hosp,3,55,quantile,0.2,344,2027-03-20
2027-02-27,wk inc flu hosp,3,55,quantile,0.25,361,2027-03-20
2027-02-27,wk inc flu hosp,3,55,quantile,0.3,371,2027-03-20
2027-02-27,wk inc flu hosp,3,55,quantile,0.35,381,2027-03-20
2027-02-27,wk inc flu hosp,3,55,quantile,0.4,397,2027-03-20
2027-02-27,wk inc flu hosp,3,55,quantile,0.45,412,2027-03-20
2027-02-27,wk inc flu hosp,3,55,quantile,0.5,424,2027-03-20
2027-02-27,wk inc flu hosp,3,55,quantile,0.55,443,2027-03-20
2027-02-27,wk inc flu hosp,3,55,quantile,0.6,457,2027-03-20
2027-02-27,wk inc flu hosp,3,55,quantile,0.65,470,2027-03-20
2027-02-27,wk inc flu hosp,3,55,quantile,0.7,494,2027-03-20
2027-02-27,wk inc flu hosp,3,55,quantile,0.75,529,2027-03-20
2027-02-27,wk inc flu hosp,3,55,quantile,0.8,542,2027-03-20
2027-02-27,wk inc flu hosp,3,55,quantile,0.85,560,2027-03-20
2027-02-27,wk inc flu hosp,3,55,quantile,0.9,626,2027-03-20
2027-02-27,wk inc flu hosp,3,55,quantile,0.95,698,2027-03-20
2027-02-27,wk inc flu hosp,3,55,quantile,0.975,785,2027-03-20
2027-02-27,wk inc flu hosp,3,55,quantile,0.99,819,2027-03-20
2027-02-27,wk inc flu hosp,3,56,quantile,0.01,7,2027-03-20
2027-02-27,wk inc flu hosp,3,56,quantile,0.025,9,2027-03-20
2027-02-27,wk inc flu hosp,3,56,quantile,0.05,11,2027-03-20
2027-02-27,wk inc flu hosp,3,56,quantile,0.1,14,2027-03-20
2027-02-27,wk inc flu hosp,3,56,quantile,0.15,17,2027-03-20
2027-02-27,wk inc flu hosp,3,56,quantile,0.2,19,2027-03-20
2027-02-27,wk inc flu hosp,3,56,quantile,0.25,21,2027-03-20
2027-02-27,wk inc flu hosp,3,56,quantile,0.3,24,2027-03-20
2027-02-27,wk inc flu hosp,3,56,quantile,0.35,27,2027-03-20
2027-02-27,wk inc flu hosp,3,56,quantile,0.4,30,2027-03-20
2027-02-27,wk inc flu hosp,3,56,quantile,0.45,32,2027-03-20
2027-02-27,wk inc flu hosp,3,56,quantile,0.5,34,2027-03-20
2027-02-27,wk inc flu hosp,3,56,quantile,0.55,36,2027-03-20
2027-02-27,wk inc flu hosp,3,56,quantile,0.6,38,2027-03-20
2027-02-27,wk inc flu hosp,3,56,quantile,0.65,40,2027-03-20
2027-02-27,wk inc flu hosp,3,56,quantile,0.7,42,2027-03-20
2027-02-27,wk inc flu hosp,3,56,quantile,0.75,46,2027-03-20
2027-02-27,wk inc flu hosp,3,56,quantile,0.8,50,2027-03-20
2027-02-27,wk inc flu hosp,3,56,quantile,0.85,56,2027-03-20
2027-02-27,wk inc flu hosp,3,56,quantile,0.9,61,2027-03-20
2027-02-27,wk inc flu hosp,3,56,quantile,0.95,76,2027-03-20
2027-02-27,wk inc flu hosp,3,56,quantile,0.975,79,2027-03-20
2027-02-27,wk inc flu hosp,3,56,quantile,0.99,95,2027-03-20
2027-02-27,wk inc flu hosp,3,72,quantile,0.01,94,2027-03-20
2027-02-27,wk inc flu hosp,3,72,quantile,0.025,111,2027-03-20
2027-02-27,wk inc flu hosp,3,72,quantile,0.05,131,2027-03-20
2027-02-27,wk inc flu hosp,3,72,quantile,0.1,150,2027-03-20
2027-02-27,wk inc flu hosp,3,72,quantile,0.15,172,2027-03-20
2027-02-27,wk inc flu hosp,3,72,quantile,0.2,199,2027-03-20
2027-02-27,wk inc flu hosp,3,72,quantile,0.25,211,2027-03-20
2027-02-27,wk inc flu hosp,3,72,quantile,0.3,219,2027-03-20
2027-02-27,wk inc flu hosp,3,72,quantile,0.35,232,2027-03-20
2027-02-27,wk inc flu hosp,3,72,quantile,0.4,252,2027-03-20
2027-02-27,wk inc flu hosp,3,72,quantile,0.45,264,2027-03-20
2027-02-27,wk inc flu hosp,3,72,quantile,0.5,288,2027-03-20
2027-02-27,wk inc flu hosp,3,72,quantile,0.55,306,2027-03-20
2027-02-27,wk inc flu hosp,3,72,quantile,0.6,335,2027-03-20
2027-02-27,wk inc flu hosp,3,72,quantile,0.65,354,2027-03-20
2027-02-27,wk inc flu hosp,3,72,quantile,0.7,394,2027-03-20
2027-02-27,wk inc flu hosp,3,72,quantile,0.75,413,2027-03-20
2027-02-27,wk inc flu hosp,3,72,quantile,0.8,462,2027-03-20
2027-02-27,wk inc flu hosp,3,72,quantile,0.85,487,2027-03-20
2027-02-27,wk inc flu hosp,3,72,quantile,0.9,557,2027-03-20
2027-02-27,wk inc flu hosp,3,72,quantile,0.95,678,2027-03-20
2027-02-27,wk inc flu hosp,3,72,quantile,0.975,803,2027-03-20
2027-02-27,wk inc flu hosp,3,72,quantile,0.99,976,2027-03-20
2027-02-27,wk inc flu hosp,3,USA,quantile,0.01,14713,2027-03-20
2027-02-27,wk inc flu hosp,3,USA,quantile,0.025,15096,2027-03-20
2027-02-27,wk inc flu hosp,3,USA,quantile,0.05,15555,2027-03-20
2027-02-27,wk inc flu hosp,3,USA,quantile,0.1,16104,2027-03-20
2027-02-27,wk inc flu hosp,3,USA,quantile,0.15,16388,2027-03-20
2027-02-27,wk inc flu hosp,3,USA,quantile,0.2,16982,2027-03-20
2027-02-27,wk inc flu hosp,3,USA,quantile,0.25,17156,2027-03-20
2027-02-27,wk inc flu hosp,3,USA,quantile,0.3,17394,2027-03-20
2027-02-27,wk inc flu hosp,3,USA,quantile,0.35,17690,2027-03-20
2027-02-27,wk inc flu hosp,3,USA,quantile,0.4,18076,2027-03-20
2027-02-27,wk inc flu hosp,3,USA,quantile,0.45,18265,2027-03-20
2027-02-27,wk inc flu hosp,3,USA,quantile,0.5,18477,2027-03-20
2027-02-27,wk inc flu hosp,3,USA,quantile,0.55,18720,2027-03-20
2027-02-27,wk inc flu hosp,3,USA,quantile,0.6,19001,2027-03-20
2027-02-27,wk inc flu hosp,3,USA,quantile,0.65,19444,2027-03-20
2027-02-27,wk inc flu hosp,3,USA,quantile,0.7,19769,2027-03-20
2027-02-27,wk inc flu hosp,3,USA,quantile,0.75,20114,2027-03-20
2027-02-27,wk inc flu hosp,3,USA,quantile,0.8,20425,2027-03-20
2027-02-27,wk inc flu hosp,3,USA,quantile,0.85,21022,2027-03-20
2027-02-27,wk inc flu hosp,3,USA,quantile,0.9,21734,2027-03-20
2027-02-27,wk inc flu hosp,3,USA,quantile,0.95,23308,2027-03-20
2027-02-27,wk inc flu hosp,3,USA,quantile,0.975,24978,2027-03-20
2027-02-27,wk inc flu hosp,3,USA,quantile,0.99,27386,2027-03-20
