reference_date,target,horizon,location,output_type,output_type_id,value,target_end_date
2027-04-17,wk inc flu hosp,0,01,quantile,0.01,10,2027-04-17
2027-04-17,wk inc flu hosp,0,01,quantile,0.025,10,2027-04-17
2027-04-17,wk inc flu hosp,0,01,quantile,0.05,12,2027-04-17
2027-04-17,wk inc flu hosp,0,01,quantile,0.1,14,2027-04-17
2027-04-17,wk inc flu hosp,0,01,quantile,0.15,16,2027-04-17
2027-04-17,wk inc flu hosp,0,01,quantile,0.2,16,2027-04-17
2027-04-17,wk inc flu hosp,0,01,quantile,0.25,17,2027-04-17
2027-04-17,wk inc flu hosp,0,01,quantile,0.3,17,2027-04-17
2027-04-17,wk inc flu hosp,0,01,quantile,0.35,18,2027-04-17
2027-04-17,wk inc flu hosp,0,01,quantile,0.4,19,2027-04-17
2027-04-17,wk inc flu hosp,0,01,quantile,0.45,20,2027-04-17
2027-04-17,wk inc flu hosp,0,01,quantile,0.5,21,2027-04-17
2027-04-17,wk inc flu hosp,0,01,quantile,0.55,21,2027-04-17
2027-04-17,wk inc flu hosp,0,01,quantile,0.6,22,2027-04-17
2027-04-17,wk inc flu hosp,0,01,quantile,0.65,23,2027-04-17
2027-04-17,wk inc flu hosp,0,01,quantile,0.7,24,2027-04-17
2027-04-17,wk inc flu hosp,0,01,quantile,0.75,24,2027-04-17
2027-04-17,wk inc flu hosp,0,01,quantile,0.8,25,2027-04-17
2027-04-17,wk inc flu hosp,0,01,quantile,0.85,26,2027-04-17
2027-04-17,wk inc flu hosp,0,01,quantile,0.9,27,2027-04-17
2027-04-17,wk inc flu hosp,0,01,quantile,0.95,29,2027-04-17
2027-04-17,wk inc flu hosp,0,01,quantile,0.975,32,2027-04-17
2027-04-17,wk inc flu hosp,0,01,quantile,0.99,34,2027-04-17
2027-04-17,wk inc flu hosp,0,02,quantile,0.01,0,2027-04-17
2027-04-17,wk inc flu hosp,0,02,quantile,0.025,0,2027-04-17
2027-04-17,wk inc flu hosp,0,02,quantile,0.05,0,2027-04-17
2027-04-17,wk inc flu hosp,0,02,quantile,0.1,0,2027-04-17
2027-04-17,wk inc flu hosp,0,02,quantile,0.15,0,2027-04-17
2027-04-17,wk inc flu hosp,0,02,quantile,0.2,1,2027-04-17
2027-04-17,wk inc flu hosp,0,02,quantile,0.25,1,2027-04-17
2027-04-17,wk inc flu hosp,0,02,quantile,0.3,1,2027-04-17
2027-04-17,wk inc flu hosp,0,02,quantile,0.35,2,2027-04-17
2027-04-17,wk inc flu hosp,0,02,quantile,0.4,2,2027-04-17
2027-04-17,wk inc flu hosp,0,02,quantile,0.45,2,2027-04-17
2027-04-17,wk inc flu hosp,0,02,quantile,0.5,3,2027-04-17
2027-04-17,wk inc flu hosp,0,02,quantile,0.55,3,2027-04-17
2027-04-17,wk inc flu hosp,0,02,quantile,0.6,3,2027-04-17
2027-04-17,wk inc flu hosp,0,02,quantile,0.65,4,2027-04-17
2027-04-17,wk inc flu hosp,0,02,quantile,0.7,4,2027-04-17
2027-04-17,wk inc flu hosp,0,02,quantile,0.75,5,2027-04-17
2027-04-17,wk inc flu hosp,0,02,quantile,0.8,5,2027-04-17
2027-04-17,wk inc flu hosp,0,02,quantile,0.85,6,2027-04-17
2027-04-17,wk inc flu hosp,0,02,quantile,0.9,7,2027-04-17
2027-04-17,wk inc flu hosp,0,02,quantile,0.95,9,2027-04-17
2027-04-17,wk inc flu hosp,0,02,quantile,0.975,10,2027-04-17
2027-04-17,wk inc flu hosp,0,02,quantile,0.99,11,2027-04-17
2027-04-17,wk inc flu hosp,0,04,quantile,0.01,35,2027-04-17
2027-04-17,wk inc flu hosp,0,04,quantile,0.025,39,2027-04-17
2027-04-17,wk inc flu hosp,0,04,quantile,0.05,42,2027-04-17
2027-04-17,wk inc flu hosp,0,04,quantile,0.1,46,2027-04-17
2027-04-17,wk inc flu hosp,0,04,quantile,0.15,48,2027-04-17
2027-04-17,wk inc flu hosp,0,04,quantile,0.2,50,2027-04-17
2027-04-17,wk inc flu hosp,0,04,quantile,0.25,52,2027-04-17
2027-04-17,wk inc flu hosp,0,04,quantile,0.3,55,2027-04-17
2027-04-17,wk inc flu hosp,0,04,quantile,0.35,58,2027-04-17
2027-04-17,wk inc flu hosp,0,04,quantile,0.4,59,2027-04-17
2027-04-17,wk inc flu hosp,0,04,quantile,0.45,60,2027-04-17
2027-04-17,wk inc flu hosp,0,04,quantile,0.5,62,2027-04-17
2027-04-17,wk inc flu hosp,0,04,quantile,0.55,64,2027-04-17
2027-04-17,wk inc flu hosp,0,04,quantile,0.6,66,2027-04-17
2027-04-17,wk inc flu hosp,0,04,quantile,0.65,67,2027-04-17
2027-04-17,wk inc flu hosp,0,04,quantile,0.7,69,2027-04-17
2027-04-17,wk inc flu hosp,0,04,quantile,0.75,72,2027-04-17
2027-04-17,wk inc flu hosp,0,04,quantile,0.8,74,2027-04-17
2027-04-17,wk inc flu hosp,0,04,quantile,0.85,78,2027-04-17
2027-04-17,wk inc flu hosp,0,04,quantile,0.9,82,2027-04-17
2027-04-17,wk inc flu hosp,0,04,quantile,0.95,91,2027-04-17
2027-04-17,wk inc flu hosp,0,04,quantile,0.975,96,2027-04-17
2027-04-17,wk inc flu hosp,0,04,quantile,0.99,102,2027-04-17
2027-04-17,wk inc flu hosp,0,05,quantile,0.01,8,2027-04-17
2027-04-17,wk inc flu hosp,0,05,quantile,0.025,8,2027-04-17
2027-04-17,wk inc flu hosp,0,05,quantile,0.05,8,2027-04-17
2027-04-17,wk inc flu hosp,0,05,quantile,0.1,10,2027-04-17
2027-04-17,wk inc flu hosp,0,05,quantile,0.15,11,2027-04-17
2027-04-17,wk inc flu hosp,0,05,quantile,0.2,12,2027-04-17
2027-04-17,wk inc flu hosp,0,05,quantile,0.25,12,2027-04-17
2027-04-17,wk inc flu hosp,0,05,quantile,0.3,13,2027-04-17
2027-04-17,wk inc flu hosp,0,05,quantile,0.35,14,2027-04-17
2027-04-17,wk inc flu hosp,0,05,quantile,0.4,15,2027-04-17
2027-04-17,wk inc flu hosp,0,05,quantile,0.45,16,2027-04-17
2027-04-17,wk inc flu hosp,0,05,quantile,0.5,16,2027-04-17
2027-04-17,wk inc flu hosp,0,05,quantile,0.55,18,2027-04-17
2027-04-17,wk inc flu hosp,0,05,quantile,0.6,18,2027-04-17
2027-04-17,wk inc flu hosp,0,05,quantile,0.65,19,2027-04-17
2027-04-17,wk inc flu hosp,0,05,quantile,0.7,19,2027-04-17
2027-04-17,wk inc flu hosp,0,05,quantile,0.75,20,2027-04-17
2027-04-17,wk inc flu hosp,0,05,quantile,0.8,21,2027-04-17
2027-04-17,wk inc flu hosp,0,05,quantile,0.85,23,2027-04-17
2027-04-17,wk inc flu hosp,0,05,quantile,0.9,25,2027-04-17
2027-04-17,wk inc flu hosp,0,05,quantile,0.95,27,2027-04-17
2027-04-17,wk inc flu hosp,0,05,quantile,0.975,31,2027-04-17
2027-04-17,wk inc flu hosp,0,05,quantile,0.99,35,2027-04-17
2027-04-17,wk inc flu hosp,0,06,quantile,0.01,127,2027-04-17
2027-04-17,wk inc flu hosp,0,06,quantile,0.025,139,2027-04-17
2027-04-17,wk inc flu hosp,0,06,quantile,0.05,154,2027-04-17
2027-04-17,wk inc flu hosp,0,06,quantile,0.1,164,2027-04-17
2027-04-17,wk inc flu hosp,0,06,quantile,0.15,167,2027-04-17
2027-04-17,wk inc flu hosp,0,06,quantile,0.2,177,2027-04-17
2027-04-17,wk inc flu hosp,0,06,quantile,0.25,181,2027-04-17
2027-04-17,wk inc flu hosp,0,06,quantile,0.3,185,2027-04-17
2027-04-17,wk inc flu hosp,0,06,quantile,0.35,189,2027-04-17
2027-04-17,wk inc flu hosp,0,06,quantile,0.4,193,2027-04-17
2027-04-17,wk inc flu hosp,0,06,quantile,0.45,202,2027-04-17
2027-04-17,wk inc flu hosp,0,06,quantile,0.5,205,2027-04-17
2027-04-17,wk inc flu hosp,0,06,quantile,0.55,208,2027-04-17
2027-04-17,wk inc flu hosp,0,06,quantile,0.6,212,2027-04-17
2027-04-17,wk inc flu hosp,0,06,quantile,0.65,214,2027-04-17
2027-04-17,wk inc flu hosp,0,06,quantile,0.7,219,2027-04-17
2027-04-17,wk inc flu hosp,0,06,quantile,0.75,225,2027-04-17
2027-04-17,wk inc flu hosp,0,06,quantile,0.8,230,2027-04-17
2027-04-17,wk inc flu hosp,0,06,quantile,0.85,237,2027-04-17
2027-04-17,wk inc flu hosp,0,06,quantile,0.9,256,2027-04-17
2027-04-17,wk inc flu hosp,0,06,quantile,0.95,269,2027-04-17
2027-04-17,wk inc flu hosp,0,06,quantile,0.975,288,2027-04-17
2027-04-17,wk inc flu hosp,0,06,quantile,0.99,296,2027-04-17
2027-04-17,wk inc flu hosp,0,08,quantile,0.01,14,2027-04-17
2027-04-17,wk inc flu hosp,0,08,quantile,0.025,16,2027-04-17
2027-04-17,wk inc flu hosp,0,08,quantile,0.05,18,2027-04-17
2027-04-17,wk inc flu hosp,0,08,quantile,0.1,20,2027-04-17
2027-04-17,wk inc flu hosp,0,08,quantile,0.15,21,2027-04-17
2027-04-17,wk inc flu hosp,0,08,quantile,0.2,22,2027-04-17
2027-04-17,wk inc flu hosp,0,08,quantile,0.25,23,2027-04-17
2027-04-17,wk inc flu hosp,0,08,quantile,0.3,24,2027-04-17
2027-04-17,wk inc flu hosp,0,08,quantile,0.35,25,2027-04-17
2027-04-17,wk inc flu hosp,0,08,quantile,0.4,27,2027-04-17
2027-04-17,wk inc flu hosp,0,08,quantile,0.45,28,2027-04-17
2027-04-17,wk inc flu hosp,0,08,quantile,0.5,29,2027-04-17
2027-04-17,wk inc flu hosp,0,08,quantile,0.55,29,2027-04-17
2027-04-17,wk inc flu hosp,0,08,quantile,0.6,30,2027-04-17
2027-04-17,wk inc flu hosp,0,08,quantile,0.65,31,2027-04-17
2027-04-17,wk inc flu hosp,0,08,quantile,0.7,32,2027-04-17
2027-04-17,wk inc flu hosp,0,08,quantile,0.75,34,2027-04-17
2027-04-17,wk inc flu hosp,0,08,quantile,0.8,35,2027-04-17
2027-04-17,wk inc flu hosp,0,08,quantile,0.85,37,2027-04-17
2027-04-17,wk inc flu hosp,0,08,quantile,0.9,39,2027-04-17
2027-04-17,wk inc flu hosp,0,08,quantile,0.95,41,2027-04-17
2027-04-17,wk inc flu hosp,0,08,quantile,0.975,44,2027-04-17
2027-04-17,wk inc flu hosp,0,08,quantile,0.99,46,2027-04-17
2027-04-17,wk inc flu hosp,0,09,quantile,0.01,16,2027-04-17
2027-04-17,wk inc flu hosp,0,09,quantile,0.025,18,2027-04-17
2027-04-17,wk inc flu hosp,0,09,quantile,0.05,19,2027-04-17
2027-04-17,wk inc flu hosp,0,09,quantile,0.1,21,2027-04-17
2027-04-17,wk inc flu hosp,0,09,quantile,0.15,22,2027-04-17
2027-04-17,wk inc flu hosp,0,09,quantile,0.2,24,2027-04-17
2027-04-17,wk inc flu hosp,0,09,quantile,0.25,25,2027-04-17
2027-04-17,wk inc flu hosp,0,09,quantile,0.3,26,2027-04-17
2027-04-17,wk inc flu hosp,0,09,quantile,0.35,27,2027-04-17
2027-04-17,wk inc flu hosp,0,09,quantile,0.4,28,2027-04-17
2027-04-17,wk inc flu hosp,0,09,quantile,0.45,29,2027-04-17
2027-04-17,wk inc flu hosp,0,09,quantile,0.5,30,2027-04-17
2027-04-17,wk inc flu hosp,0,09,quantile,0.55,30,2027-04-17
2027-04-17,wk inc flu hosp,0,09,quantile,0.6,31,2027-04-17
2027-04-17,wk inc flu hosp,0,09,quantile,0.65,32,2027-04-17
2027-04-17,wk inc flu hosp,0,09,quantile,0.7,33,2027-04-17
2027-04-17,wk inc flu hosp,0,09,quantile,0.75,34,2027-04-17
2027-04-17,wk inc flu hosp,0,09,quantile,0.8,35,2027-04-17
2027-04-17,wk inc flu hosp,0,09,quantile,0.85,37,2027-04-17
2027-04-17,wk inc flu hosp,0,09,quantile,0.9,40,2027-04-17
2027-04-17,wk inc flu hosp,0,09,quantile,0.95,43,2027-04-17
2027-04-17,wk inc flu hosp,0,09,quantile,0.975,45,2027-04-17
2027-04-17,wk inc flu hosp,0,09,quantile,0.99,46,2027-04-17
2027-04-17,wk inc flu hosp,0,10,quantile,0.01,0,2027-04-17
2027-04-17,wk inc flu hosp,0,10,quantile,0.025,0,2027-04-17
2027-04-17,wk inc flu hosp,0,10,quantile,0.05,0,2027-04-17
2027-04-17,wk inc flu hosp,0,10,quantile,0.1,0,2027-04-17
2027-04-17,wk inc flu hosp,0,10,quantile,0.15,1,2027-04-17
2027-04-17,wk inc flu hosp,0,10,quantile,0.2,1,2027-04-17
2027-04-17,wk inc flu hosp,0,10,quantile,0.25,2,2027-04-17
2027-04-17,wk inc flu hosp,0,10,quantile,0.3,2,2027-04-17
2027-04-17,wk inc flu hosp,0,10,quantile,0.35,2,2027-04-17
2027-04-17,wk inc flu hosp,0,10,quantile,0.4,2,2027-04-17
2027-04-17,wk inc flu hosp,0,10,quantile,0.45,3,2027-04-17
2027-04-17,wk inc flu hosp,0,10,quantile,0.5,3,2027-04-17
2027-04-17,wk inc flu hosp,0,10,quantile,0.55,4,2027-04-17
2027-04-17,wk inc flu hosp,0,10,quantile,0.6,4,2027-04-17
2027-04-17,wk inc flu hosp,0,10,quantile,0.65,4,2027-04-17
2027-04-17,wk inc flu hosp,0,10,quantile,0.7,5,2027-04-17
2027-04-17,wk inc flu hosp,0,10,quantile,0.75,5,2027-04-17
2027-04-17,wk inc flu hosp,0,10,quantile,0.8,5,2027-04-17
2027-04-17,wk inc flu hosp,0,10,quantile,0.85,6,2027-04-17
2027-04-17,wk inc flu hosp,0,10,quantile,0.9,7,2027-04-17
2027-04-17,wk inc flu hosp,0,10,quantile,0.95,8,2027-04-17
2027-04-17,wk inc flu hosp,0,10,quantile,0.975,9,2027-04-17
2027-04-17,wk inc flu hosp,0,10,quantile,0.99,9,2027-04-17
2027-04-17,wk inc flu hosp,0,11,quantile,0.01,1,2027-04-17
2027-04-17,wk inc flu hosp,0,11,quantile,0.025,1,2027-04-17
2027-04-17,wk inc flu hosp,0,11,quantile,0.05,1,2027-04-17
2027-04-17,wk inc flu hosp,0,11,quantile,0.1,2,2027-04-17
2027-04-17,wk inc flu hosp,0,11,quantile,0.15,2,2027-04-17
2027-04-17,wk inc flu hosp,0,11,quantile,0.2,3,2027-04-17
2027-04-17,wk inc flu hosp,0,11,quantile,0.25,3,2027-04-17
2027-04-17,wk inc flu hosp,0,11,quantile,0.3,4,2027-04-17
2027-04-17,wk inc flu hosp,0,11,quantile,0.35,4,2027-04-17
2027-04-17,wk inc flu hosp,0,11,quantile,0.4,5,2027-04-17
2027-04-17,wk inc flu hosp,0,11,quantile,0.45,5,2027-04-17
2027-04-17,wk inc flu hosp,0,11,quantile,0.5,6,2027-04-17
2027-04-17,wk inc flu hosp,0,11,quantile,0.55,6,2027-04-17
2027-04-17,wk inc flu hosp,0,11,quantile,0.6,7,2027-04-17
2027-04-17,wk inc flu hosp,0,11,quantile,0.65,7,2027-04-17
2027-04-17,wk inc flu hosp,0,11,quantile,0.7,8,2027-04-17
2027-04-17,wk inc flu hosp,0,11,quantile,0.75,8,2027-04-17
2027-04-17,wk inc flu hosp,0,11,quantile,0.8,9,2027-04-17
2027-04-17,wk inc flu hosp,0,11,quantile,0.85,10,2027-04-17
2027-04-17,wk inc flu hosp,0,11,quantile,0.9,11,2027-04-17
2027-04-17,wk inc flu hosp,0,11,quantile,0.95,13,2027-04-17
2027-04-17,wk inc flu hosp,0,11,quantile,0.975,14,2027-04-17
2027-04-17,wk inc flu hosp,0,11,quantile,0.99,15,2027-04-17
2027-04-17,wk inc flu hosp,0,12,quantile,0.01,128,2027-04-17
2027-04-17,wk inc flu hosp,0,12,quantile,0.025,158,2027-04-17
2027-04-17,wk inc flu hosp,0,12,quantile,0.05,166,2027-04-17
2027-04-17,wk inc flu hosp,0,12,quantile,0.1,172,2027-04-17
2027-04-17,wk inc flu hosp,0,12,quantile,0.15,184,2027-04-17
2027-04-17,wk inc flu hosp,0,12,quantile,0.2,190,2027-04-17
2027-04-17,wk inc flu hosp,0,12,quantile,0.25,198,2027-04-17
2027-04-17,wk inc flu hosp,0,12,quantile,0.3,203,2027-04-17
2027-04-17,wk inc flu hosp,0,12,quantile,0.35,210,2027-04-17
2027-04-17,wk inc flu hosp,0,12,quantile,0.4,215,2027-04-17
2027-04-17,wk inc flu hosp,0,12,quantile,0.45,220,2027-04-17
2027-04-17,wk inc flu hosp,0,12,quantile,0.5,223,2027-04-17
2027-04-17,wk inc flu hosp,0,12,quantile,0.55,225,2027-04-17
2027-04-17,wk inc flu hosp,0,12,quantile,0.6,229,2027-04-17
2027-04-17,wk inc flu hosp,0,12,quantile,0.65,233,2027-04-17
2027-04-17,wk inc flu hosp,0,12,quantile,0.7,241,2027-04-17
2027-04-17,wk inc flu hosp,0,12,quantile,0.75,250,2027-04-17
2027-04-17,wk inc flu hosp,0,12,quantile,0.8,255,2027-04-17
2027-04-17,wk inc flu hosp,0,12,quantile,0.85,259,2027-04-17
2027-04-17,wk inc flu hosp,0,12,quantile,0.9,266,2027-04-17
2027-04-17,wk inc flu hosp,0,12,quantile,0.95,278,2027-04-17
2027-04-17,wk inc flu hosp,0,12,quantile,0.975,297,2027-04-17
2027-04-17,wk inc flu hosp,0,12,quantile,0.99,314,2027-04-17
2027-04-17,wk inc flu hosp,0,13,quantile,0.01,21,2027-04-17
2027-04-17,wk inc flu hosp,0,13,quantile,0.025,24,2027-04-17
2027-04-17,wk inc flu hosp,0,13,quantile,0.05,25,2027-04-17
2027-04-17,wk inc flu hosp,0,13,quantile,0.1,27,2027-04-17
2027-04-17,wk inc flu hosp,0,13,quantile,0.15,30,2027-04-17
2027-04-17,wk inc flu hosp,0,13,quantile,0.2,31,2027-04-17
2027-04-17,wk inc flu hosp,0,13,quantile,0.25,32,2027-04-17
2027-04-17,wk inc flu hosp,0,13,quantile,0.3,33,2027-04-17
2027-04-17,wk inc flu hosp,0,13,quantile,0.35,33,2027-04-17
2027-04-17,wk inc flu hosp,0,13,quantile,0.4,35,2027-04-17
2027-04-17,wk inc flu hosp,0,13,quantile,0.45,37,2027-04-17
2027-04-17,wk inc flu hosp,0,13,quantile,0.5,37,2027-04-17
2027-04-17,wk inc flu hosp,0,13,quantile,0.55,39,2027-04-17
2027-04-17,wk inc flu hosp,0,13,quantile,0.6,40,2027-04-17
2027-04-17,wk inc flu hosp,0,13,quantile,0.65,41,2027-04-17
2027-04-17,wk inc flu hosp,0,13,quantile,0.7,43,2027-04-17
2027-04-17,wk inc flu hosp,0,13,quantile,0.75,45,2027-04-17
2027-04-17,wk inc flu hosp,0,13,quantile,0.8,47,2027-04-17
2027-04-17,wk inc flu hosp,0,13,quantile,0.85,50,2027-04-17
2027-04-17,wk inc flu hosp,0,13,quantile,0.9,54,2027-04-17
2027-04-17,wk inc flu hosp,0,13,quantile,0.95,56,2027-04-17
2027-04-17,wk inc flu hosp,0,13,quantile,0.975,58,2027-04-17
2027-04-17,wk inc flu hosp,0,13,quantile,0.99,59,2027-04-17
2027-04-17,wk inc flu hosp,0,15,quantile,0.01,4,2027-04-17
2027-04-17,wk inc flu hosp,0,15,quantile,0.025,4,2027-04-17
2027-04-17,wk inc flu hosp,0,15,quantile,0.05,4,2027-04-17
2027-04-17,wk inc flu hosp,0,15,quantile,0.1,6,2027-04-17
2027-04-17,wk inc flu hosp,0,15,quantile,0.15,6,2027-04-17
2027-04-17,wk inc flu hosp,0,15,quantile,0.2,7,2027-04-17
2027-04-17,wk inc flu hosp,0,15,quantile,0.25,7,2027-04-17
2027-04-17,wk inc flu hosp,0,15,quantile,0.3,7,2027-04-17
2027-04-17,wk inc flu hosp,0,15,quantile,0.35,8,2027-04-17
2027-04-17,wk inc flu hosp,0,15,quantile,0.4,8,2027-04-17
2027-04-17,wk inc flu hosp,0,15,quantile,0.45,9,2027-04-17
2027-04-17,wk inc flu hosp,0,15,quantile,0.5,9,2027-04-17
2027-04-17,wk inc flu hosp,0,15,quantile,0.55,10,2027-04-17
2027-04-17,wk inc flu hosp,0,15,quantile,0.6,11,2027-04-17
2027-04-17,wk inc flu hosp,0,15,quantile,0.65,11,2027-04-17
2027-04-17,wk inc flu hosp,0,15,quantile,0.7,12,2027-04-17
2027-04-17,wk inc flu hosp,0,15,quantile,0.75,13,2027-04-17
2027-04-17,wk inc flu hosp,0,15,quantile,0.8,14,2027-04-17
2027-04-17,wk inc flu hosp,0,15,quantile,0.85,15,2027-04-17
2027-04-17,wk inc flu hosp,0,15,quantile,0.9,16,2027-04-17
2027-04-17,wk inc flu hosp,0,15,quantile,0.95,18,2027-04-17
2027-04-17,wk inc flu hosp,0,15,quantile,0.975,19,2027-04-17
2027-04-17,wk inc flu hosp,0,15,quantile,0.99,21,2027-04-17
2027-04-17,wk inc flu hosp,0,16,quantile,0.01,2,2027-04-17
2027-04-17,wk inc flu hosp,0,16,quantile,0.025,2,2027-04-17
2027-04-17,wk inc flu hosp,0,16,quantile,0.05,3,2027-04-17
2027-04-17,wk inc flu hosp,0,16,quantile,0.1,4,2027-04-17
2027-04-17,wk inc flu hosp,0,16,quantile,0.15,5,2027-04-17
2027-04-17,wk inc flu hosp,0,16,quantile,0.2,5,2027-04-17
2027-04-17,wk inc flu hosp,0,16,quantile,0.25,6,2027-04-17
2027-04-17,wk inc flu hosp,0,16,quantile,0.3,6,2027-04-17
2027-04-17,wk inc flu hosp,0,16,quantile,0.35,6,2027-04-17
2027-04-17,wk inc flu hosp,0,16,quantile,0.4,7,2027-04-17
2027-04-17,wk inc flu hosp,0,16,quantile,0.45,7,2027-04-17
2027-04-17,wk inc flu hosp,0,16,quantile,0.5,8,2027-04-17
2027-04-17,wk inc flu hosp,0,16,quantile,0.55,8,2027-04-17
2027-04-17,wk inc flu hosp,0,16,quantile,0.6,8,2027-04-17
2027-04-17,wk inc flu hosp,0,16,quantile,0.65,9,2027-04-17
2027-04-17,wk inc flu hosp,0,16,quantile,0.7,9,2027-04-17
2027-04-17,wk inc flu hosp,0,16,quantile,0.75,10,2027-04-17
2027-04-17,wk inc flu hosp,0,16,quantile,0.8,11,2027-04-17
2027-04-17,wk inc flu hosp,0,16,quantile,0.85,11,2027-04-17
2027-04-17,wk inc flu hosp,0,16,quantile,0.9,12,2027-04-17
2027-04-17,wk inc flu hosp,0,16,quantile,0.95,15,2027-04-17
2027-04-17,wk inc flu hosp,0,16,quantile,0.975,16,2027-04-17
2027-04-17,wk inc flu hosp,0,16,quantile,0.99,18,2027-04-17
2027-04-17,wk inc flu hosp,0,17,quantile,0.01,71,2027-04-17
2027-04-17,wk inc flu hosp,0,17,quantile,0.025,75,2027-04-17
2027-04-17,wk inc flu hosp,0,17,quantile,0.05,78,2027-04-17
2027-04-17,wk inc flu hosp,0,17,quantile,0.1,83,2027-04-17
2027-04-17,wk inc flu hosp,0,17,quantile,0.15,85,2027-04-17
2027-04-17,wk inc flu hosp,0,17,quantile,0.2,88,2027-04-17
2027-04-17,wk inc flu hosp,0,17,quantile,0.25,91,2027-04-17
2027-04-17,wk inc flu hosp,0,17,quantile,0.3,93,2027-04-17
2027-04-17,wk inc flu hosp,0,17,quantile,0.35,95,2027-04-17
2027-04-17,wk inc flu hosp,0,17,quantile,0.4,98,2027-04-17
2027-04-17,wk inc flu hosp,0,17,quantile,0.45,99,2027-04-17
2027-04-17,wk inc flu hosp,0,17,quantile,0.5,102,2027-04-17
2027-04-17,wk inc flu hosp,0,17,quantile,0.55,103,2027-04-17
2027-04-17,wk inc flu hosp,0,17,quantile,0.6,106,2027-04-17
2027-04-17,wk inc flu hosp,0,17,quantile,0.65,110,2027-04-17
2027-04-17,wk inc flu hosp,0,17,quantile,0.7,111,2027-04-17
2027-04-17,wk inc flu hosp,0,17,quantile,0.75,114,2027-04-17
2027-04-17,wk inc flu hosp,0,17,quantile,0.8,118,2027-04-17
2027-04-17,wk inc flu hosp,0,17,quantile,0.85,121,2027-04-17
2027-04-17,wk inc flu hosp,0,17,quantile,0.9,124,2027-04-17
2027-04-17,wk inc flu hosp,0,17,quantile,0.95,134,2027-04-17
2027-04-17,wk inc flu hosp,0,17,quantile,0.975,137,2027-04-17
2027-04-17,wk inc flu hosp,0,17,quantile,0.99,144,2027-04-17
2027-04-17,wk inc flu hosp,0,18,quantile,0.01,24,2027-04-17
2027-04-17,wk inc flu hosp,0,18,quantile,0.025,26,2027-04-17
2027-04-17,wk inc flu hosp,0,18,quantile,0.05,28,2027-04-17
2027-04-17,wk inc flu hosp,0,18,quantile,0.1,31,2027-04-17
2027-04-17,wk inc flu hosp,0,18,quantile,0.15,32,2027-04-17
2027-04-17,wk inc flu hosp,0,18,quantile,0.2,34,2027-04-17
2027-04-17,wk inc flu hosp,0,18,quantile,0.25,36,2027-04-17
2027-04-17,wk inc flu hosp,0,18,quantile,0.3,37,2027-04-17
2027-04-17,wk inc flu hosp,0,18,quantile,0.35,39,2027-04-17
2027-04-17,wk inc flu hosp,0,18,quantile,0.4,40,2027-04-17
2027-04-17,wk inc flu hosp,0,18,quantile,0.45,41,2027-04-17
2027-04-17,wk inc flu hosp,0,18,quantile,0.5,42,2027-04-17
2027-04-17,wk inc flu hosp,0,18,quantile,0.55,43,2027-04-17
2027-04-17,wk inc flu hosp,0,18,quantile,0.6,44,2027-04-17
2027-04-17,wk inc flu hosp,0,18,quantile,0.65,45,2027-04-17
2027-04-17,wk inc flu hosp,0,18,quantile,0.7,47,2027-04-17
2027-04-17,wk inc flu hosp,0,18,quantile,0.75,48,2027-04-17
2027-04-17,wk inc flu hosp,0,18,quantile,0.8,49,2027-04-17
2027-04-17,wk inc flu hosp,0,18,quantile,0.85,51,2027-04-17
2027-04-17,wk inc flu hosp,0,18,quantile,0.9,54,2027-04-17
2027-04-17,wk inc flu hosp,0,18,quantile,0.95,58,2027-04-17
2027-04-17,wk inc flu hosp,0,18,quantile,0.975,62,2027-04-17
2027-04-17,wk inc flu hosp,0,18,quantile,0.99,66,2027-04-17
2027-04-17,wk inc flu hosp,0,19,quantile,0.01,10,2027-04-17
2027-04-17,wk inc flu hosp,0,19,quantile,0.025,11,2027-04-17
2027-04-17,wk inc flu hosp,0,19,quantile,0.05,12,2027-04-17
2027-04-17,wk inc flu hosp,0,19,quantile,0.1,13,2027-04-17
2027-04-17,wk inc flu hosp,0,19,quantile,0.15,14,2027-04-17
2027-04-17,wk inc flu hosp,0,19,quantile,0.2,14,2027-04-17
2027-04-17,wk inc flu hosp,0,19,quantile,0.25,16,2027-04-17
2027-04-17,wk inc flu hosp,0,19,quantile,0.3,17,2027-04-17
2027-04-17,wk inc flu hosp,0,19,quantile,0.35,18,2027-04-17
2027-04-17,wk inc flu hosp,0,19,quantile,0.4,19,2027-04-17
2027-04-17,wk inc flu hosp,0,19,quantile,0.45,20,2027-04-17
2027-04-17,wk inc flu hosp,0,19,quantile,0.5,20,2027-04-17
2027-04-17,wk inc flu hosp,0,19,quantile,0.55,21,2027-04-17
2027-04-17,wk inc flu hosp,0,19,quantile,0.6,22,2027-04-17
2027-04-17,wk inc flu hosp,0,19,quantile,0.65,23,2027-04-17
2027-04-17,wk inc flu hosp,0,19,quantile,0.7,24,2027-04-17
2027-04-17,wk inc flu hosp,0,19,quantile,0.75,24,2027-04-17
2027-04-17,wk inc flu hosp,0,19,quantile,0.8,25,2027-04-17
2027-04-17,wk inc flu hosp,0,19,quantile,0.85,26,2027-04-17
2027-04-17,wk inc flu hosp,0,19,quantile,0.9,27,2027-04-17
2027-04-17,wk inc flu hosp,0,19,quantile,0.95,30,2027-04-17
2027-04-17,wk inc flu hosp,0,19,quantile,0.975,32,2027-04-17
2027-04-17,wk inc flu hosp,0,19,quantile,0.99,33,2027-04-17
2027-04-17,wk inc flu hosp,0,20,quantile,0.01,6,2027-04-17
2027-04-17,wk inc flu hosp,0,20,quantile,0.025,8,2027-04-17
2027-04-17,wk inc flu hosp,0,20,quantile,0.05,9,2027-04-17
2027-04-17,wk inc flu hosp,0,20,quantile,0.1,11,2027-04-17
2027-04-17,wk inc flu hosp,0,20,quantile,0.15,12,2027-04-17
2027-04-17,wk inc flu hosp,0,20,quantile,0.2,13,2027-04-17
2027-04-17,wk inc flu hosp,0,20,quantile,0.25,14,2027-04-17
2027-04-17,wk inc flu hosp,0,20,quantile,0.3,15,2027-04-17
2027-04-17,wk inc flu hosp,0,20,quantile,0.35,15,2027-04-17
2027-04-17,wk inc flu hosp,0,20,quantile,0.4,16,2027-04-17
2027-04-17,wk inc flu hosp,0,20,quantile,0.45,17,2027-04-17
2027-04-17,wk inc flu hosp,0,20,quantile,0.5,18,2027-04-17
2027-04-17,wk inc flu hosp,0,20,quantile,0.55,19,2027-04-17
2027-04-17,wk inc flu hosp,0,20,quantile,0.6,20,2027-04-17
2027-04-17,wk inc flu hosp,0,20,quantile,0.65,21,2027-04-17
2027-04-17,wk inc flu hosp,0,20,quantile,0.7,22,2027-04-17
2027-04-17,wk inc flu hosp,0,20,quantile,0.75,22,2027-04-17
2027-04-17,wk inc flu hosp,0,20,quantile,0.8,24,2027-04-17
2027-04-17,wk inc flu hosp,0,20,quantile,0.85,25,2027-04-17
2027-04-17,wk inc flu hosp,0,20,quantile,0.9,26,2027-04-17
2027-04-17,wk inc flu hosp,0,20,quantile,0.95,29,2027-04-17
2027-04-17,wk inc flu hosp,0,20,quantile,0.975,31,2027-04-17
2027-04-17,wk inc flu hosp,0,20,quantile,0.99,32,2027-04-17
2027-04-17,wk inc flu hosp,0,21,quantile,0.01,22,2027-04-17
2027-04-17,wk inc flu hosp,0,21,quantile,0.025,23,2027-04-17
2027-04-17,wk inc flu hosp,0,21,quantile,0.05,24,2027-04-17
2027-04-17,wk inc flu hosp,0,21,quantile,0.1,27,2027-04-17
2027-04-17,wk inc flu hosp,0,21,quantile,0.15,28,2027-04-17
2027-04-17,wk inc flu hosp,0,21,quantile,0.2,30,2027-04-17
2027-04-17,wk inc flu hosp,0,21,quantile,0.25,31,2027-04-17
2027-04-17,wk inc flu hosp,0,21,quantile,0.3,33,2027-04-17
2027-04-17,wk inc flu hosp,0,21,quantile,0.35,34,2027-04-17
2027-04-17,wk inc flu hosp,0,21,quantile,0.4,35,2027-04-17
2027-04-17,wk inc flu hosp,0,21,quantile,0.45,36,2027-04-17
2027-04-17,wk inc flu hosp,0,21,quantile,0.5,36,2027-04-17
2027-04-17,wk inc flu hosp,0,21,quantile,0.55,37,2027-04-17
2027-04-17,wk inc flu hosp,0,21,quantile,0.6,39,2027-04-17
2027-04-17,wk inc flu hosp,0,21,quantile,0.65,39,2027-04-17
2027-04-17,wk inc flu hosp,0,21,quantile,0.7,40,2027-04-17
2027-04-17,wk inc flu hosp,0,21,quantile,0.75,42,2027-04-17
2027-04-17,wk inc flu hosp,0,21,quantile,0.8,44,2027-04-17
2027-04-17,wk inc flu hosp,0,21,quantile,0.85,46,2027-04-17
2027-04-17,wk inc flu hosp,0,21,quantile,0.9,48,2027-04-17
2027-04-17,wk inc flu hosp,0,21,quantile,0.95,54,2027-04-17
2027-04-17,wk inc flu hosp,0,21,quantile,0.975,57,2027-04-17
2027-04-17,wk inc flu hosp,0,21,quantile,0.99,64,2027-04-17
2027-04-17,wk inc flu hosp,0,22,quantile,0.01,16,2027-04-17
2027-04-17,wk inc flu hosp,0,22,quantile,0.025,17,2027-04-17
2027-04-17,wk inc flu hosp,0,22,quantile,0.05,19,2027-04-17
2027-04-17,wk inc flu hosp,0,22,quantile,0.1,21,2027-04-17
2027-04-17,wk inc flu hosp,0,22,quantile,0.15,23,2027-04-17
2027-04-17,wk inc flu hosp,0,22,quantile,0.2,24,2027-04-17
2027-04-17,wk inc flu hosp,0,22,quantile,0.25,25,2027-04-17
2027-04-17,wk inc flu hosp,0,22,quantile,0.3,27,2027-04-17
2027-04-17,wk inc flu hosp,0,22,quantile,0.35,27,2027-04-17
2027-04-17,wk inc flu hosp,0,22,quantile,0.4,28,2027-04-17
2027-04-17,wk inc flu hosp,0,22,quantile,0.45,29,2027-04-17
2027-04-17,wk inc flu hosp,0,22,quantile,0.5,30,2027-04-17
2027-04-17,wk inc flu hosp,0,22,quantile,0.55,30,2027-04-17
2027-04-17,wk inc flu hosp,0,22,quantile,0.6,31,2027-04-17
2027-04-17,wk inc flu hosp,0,22,quantile,0.65,32,2027-04-17
2027-04-17,wk inc flu hosp,0,22,quantile,0.7,33,2027-04-17
2027-04-17,wk inc flu hosp,0,22,quantile,0.75,34,2027-04-17
2027-04-17,wk inc flu hosp,0,22,quantile,0.8,36,2027-04-17
2027-04-17,wk inc flu hosp,0,22,quantile,0.85,37,2027-04-17
2027-04-17,wk inc flu hosp,0,22,quantile,0.9,40,2027-04-17
2027-04-17,wk inc flu hosp,0,22,quantile,0.95,48,2027-04-17
2027-04-17,wk inc flu hosp,0,22,quantile,0.975,54,2027-04-17
2027-04-17,wk inc flu hosp,0,22,quantile,0.99,58,2027-04-17
2027-04-17,wk inc flu hosp,0,23,quantile,0.01,3,2027-04-17
2027-04-17,wk inc flu hosp,0,23,quantile,0.025,4,2027-04-17
2027-04-17,wk inc flu hosp,0,23,quantile,0.05,5,2027-04-17
2027-04-17,wk inc flu hosp,0,23,quantile,0.1,5,2027-04-17
2027-04-17,wk inc flu hosp,0,23,quantile,0.15,6,2027-04-17
2027-04-17,wk inc flu hosp,0,23,quantile,0.2,7,2027-04-17
2027-04-17,wk inc flu hosp,0,23,quantile,0.25,8,2027-04-17
2027-04-17,wk inc flu hosp,0,23,quantile,0.3,8,2027-04-17
2027-04-17,wk inc flu hosp,0,23,quantile,0.35,9,2027-04-17
2027-04-17,wk inc flu hosp,0,23,quantile,0.4,10,2027-04-17
2027-04-17,wk inc flu hosp,0,23,quantile,0.45,10,2027-04-17
2027-04-17,wk inc flu hosp,0,23,quantile,0.5,11,2027-04-17
2027-04-17,wk inc flu hosp,0,23,quantile,0.55,11,2027-04-17
2027-04-17,wk inc flu hosp,0,23,quantile,0.6,12,2027-04-17
2027-04-17,wk inc flu hosp,0,23,quantile,0.65,13,2027-04-17
2027-04-17,wk inc flu hosp,0,23,quantile,0.7,13,2027-04-17
2027-04-17,wk inc flu hosp,0,23,quantile,0.75,15,2027-04-17
2027-04-17,wk inc flu hosp,0,23,quantile,0.8,16,2027-04-17
2027-04-17,wk inc flu hosp,0,23,quantile,0.85,16,2027-04-17
2027-04-17,wk inc flu hosp,0,23,quantile,0.9,18,2027-04-17
2027-04-17,wk inc flu hosp,0,23,quantile,0.95,20,2027-04-17
2027-04-17,wk inc flu hosp,0,23,quantile,0.975,21,2027-04-17
2027-04-17,wk inc flu hosp,0,23,quantile,0.99,23,2027-04-17
2027-04-17,wk inc flu hosp,0,24,quantile,0.01,15,2027-04-17
2027-04-17,wk inc flu hosp,0,24,quantile,0.025,18,2027-04-17
2027-04-17,wk inc flu hosp,0,24,quantile,0.05,18,2027-04-17
2027-04-17,wk inc flu hosp,0,24,quantile,0.1,21,2027-04-17
2027-04-17,wk inc flu hosp,0,24,quantile,0.15,23,2027-04-17
2027-04-17,wk inc flu hosp,0,24,quantile,0.2,25,2027-04-17
2027-04-17,wk inc flu hosp,0,24,quantile,0.25,26,2027-04-17
2027-04-17,wk inc flu hosp,0,24,quantile,0.3,26,2027-04-17
2027-04-17,wk inc flu hosp,0,24,quantile,0.35,27,2027-04-17
2027-04-17,wk inc flu hosp,0,24,quantile,0.4,28,2027-04-17
2027-04-17,wk inc flu hosp,0,24,quantile,0.45,29,2027-04-17
2027-04-17,wk inc flu hosp,0,24,quantile,0.5,30,2027-04-17
2027-04-17,wk inc flu hosp,0,24,quantile,0.55,31,2027-04-17
2027-04-17,wk inc flu hosp,0,24,quantile,0.6,32,2027-04-17
2027-04-17,wk inc flu hosp,0,24,quantile,0.65,33,2027-04-17
2027-04-17,wk inc flu hosp,0,24,quantile,0.7,34,2027-04-17
2027-04-17,wk inc flu hosp,0,24,quantile,0.75,36,2027-04-17
2027-04-17,wk inc flu hosp,0,24,quantile,0.8,37,2027-04-17
2027-04-17,wk inc flu hosp,0,24,quantile,0.85,38,2027-04-17
2027-04-17,wk inc flu hosp,0,24,quantile,0.9,41,2027-04-17
2027-04-17,wk inc flu hosp,0,24,quantile,0.95,46,2027-04-17
2027-04-17,wk inc flu hosp,0,24,quantile,0.975,47,2027-04-17
2027-04-17,wk inc flu hosp,0,24,quantile,0.99,52,2027-04-17
2027-04-17,wk inc flu hosp,0,25,quantile,0.01,40,2027-04-17
2027-04-17,wk inc flu hosp,0,25,quantile,0.025,45,2027-04-17
2027-04-17,wk inc flu hosp,0,25,quantile,0.05,48,2027-04-17
2027-04-17,wk inc flu hosp,0,25,quantile,0.1,54,2027-04-17
2027-04-17,wk inc flu hosp,0,25,quantile,0.15,59,2027-04-17
2027-04-17,wk inc flu hosp,0,25,quantile,0.2,61,2027-04-17
2027-04-17,wk inc flu hosp,0,25,quantile,0.25,63,2027-04-17
2027-04-17,wk inc flu hosp,0,25,quantile,0.3,65,2027-04-17
2027-04-17,wk inc flu hosp,0,25,quantile,0.35,67,2027-04-17
2027-04-17,wk inc flu hosp,0,25,quantile,0.4,69,2027-04-17
2027-04-17,wk inc flu hosp,0,25,quantile,0.45,70,2027-04-17
2027-04-17,wk inc flu hosp,0,25,quantile,0.5,71,2027-04-17
2027-04-17,wk inc flu hosp,0,25,quantile,0.55,72,2027-04-17
2027-04-17,wk inc flu hosp,0,25,quantile,0.6,76,2027-04-17
2027-04-17,wk inc flu hosp,0,25,quantile,0.65,78,2027-04-17
2027-04-17,wk inc flu hosp,0,25,quantile,0.7,79,2027-04-17
2027-04-17,wk inc flu hosp,0,25,quantile,0.75,83,2027-04-17
2027-04-17,wk inc flu hosp,0,25,quantile,0.8,85,2027-04-17
2027-04-17,wk inc flu hosp,0,25,quantile,0.85,89,2027-04-17
2027-04-17,wk inc flu hosp,0,25,quantile,0.9,93,2027-04-17
2027-04-17,wk inc flu hosp,0,25,quantile,0.95,100,2027-04-17
2027-04-17,wk inc flu hosp,0,25,quantile,0.975,102,2027-04-17
2027-04-17,wk inc flu hosp,0,25,quantile,0.99,109,2027-04-17
2027-04-17,wk inc flu hosp,0,26,quantile,0.01,76,2027-04-17
2027-04-17,wk inc flu hosp,0,26,quantile,0.025,83,2027-04-17
2027-04-17,wk inc flu hosp,0,26,quantile,0.05,89,2027-04-17
2027-04-17,wk inc flu hosp,0,26,quantile,0.1,97,2027-04-17
2027-04-17,wk inc flu hosp,0,26,quantile,0.15,100,2027-04-17
2027-04-17,wk inc flu hosp,0,26,quantile,0.2,104,2027-04-17
2027-04-17,wk inc flu hosp,0,26,quantile,0.25,106,2027-04-17
2027-04-17,wk inc flu hosp,0,26,quantile,0.3,109,2027-04-17
2027-04-17,wk inc flu hosp,0,26,quantile,0.35,113,2027-04-17
2027-04-17,wk inc flu hosp,0,26,quantile,0.4,116,2027-04-17
2027-04-17,wk inc flu hosp,0,26,quantile,0.45,119,2027-04-17
2027-04-17,wk inc flu hosp,0,26,quantile,0.5,122,2027-04-17
2027-04-17,wk inc flu hosp,0,26,quantile,0.55,125,2027-04-17
2027-04-17,wk inc flu hosp,0,26,quantile,0.6,128,2027-04-17
2027-04-17,wk inc flu hosp,0,26,quantile,0.65,131,2027-04-17
2027-04-17,wk inc flu hosp,0,26,quantile,0.7,135,2027-04-17
2027-04-17,wk inc flu hosp,0,26,quantile,0.75,140,2027-04-17
2027-04-17,wk inc flu hosp,0,26,quantile,0.8,146,2027-04-17
2027-04-17,wk inc flu hosp,0,26,quantile,0.85,152,2027-04-17
2027-04-17,wk inc flu hosp,0,26,quantile,0.9,156,2027-04-17
2027-04-17,wk inc flu hosp,0,26,quantile,0.95,162,2027-04-17
2027-04-17,wk inc flu hosp,0,26,quantile,0.975,167,2027-04-17
2027-04-17,wk inc flu hosp,0,26,quantile,0.99,174,2027-04-17
2027-04-17,wk inc flu hosp,0,27,quantile,0.01,13,2027-04-17
2027-04-17,wk inc flu hosp,0,27,quantile,0.025,18,2027-04-17
2027-04-17,wk inc flu hosp,0,27,quantile,0.05,19,2027-04-17
2027-04-17,wk inc flu hosp,0,27,quantile,0.1,21,2027-04-17
2027-04-17,wk inc flu hosp,0,27,quantile,0.15,23,2027-04-17
2027-04-17,wk inc flu hosp,0,27,quantile,0.2,24,2027-04-17
2027-04-17,wk inc flu hosp,0,27,quantile,0.25,25,2027-04-17
2027-04-17,wk inc flu hosp,0,27,quantile,0.3,26,2027-04-17
2027-04-17,wk inc flu hosp,0,27,quantile,0.35,28,2027-04-17
2027-04-17,wk inc flu hosp,0,27,quantile,0.4,28,2027-04-17
2027-04-17,wk inc flu hosp,0,27,quantile,0.45,29,2027-04-17
2027-04-17,wk inc flu hosp,0,27,quantile,0.5,30,2027-04-17
2027-04-17,wk inc flu hosp,0,27,quantile,0.55,31,2027-04-17
2027-04-17,wk inc flu hosp,0,27,quantile,0.6,32,2027-04-17
2027-04-17,wk inc flu hosp,0,27,quantile,0.65,34,2027-04-17
2027-04-17,wk inc flu hosp,0,27,quantile,0.7,35,2027-04-17
2027-04-17,wk inc flu hosp,0,27,quantile,0.75,36,2027-04-17
2027-04-17,wk inc flu hosp,0,27,quantile,0.8,38,2027-04-17
2027-04-17,wk inc flu hosp,0,27,quantile,0.85,40,2027-04-17
2027-04-17,wk inc flu hosp,0,27,quantile,0.9,43,2027-04-17
2027-04-17,wk inc flu hosp,0,27,quantile,0.95,47,2027-04-17
2027-04-17,wk inc flu hosp,0,27,quantile,0.975,50,2027-04-17
2027-04-17,wk inc flu hosp,0,27,quantile,0.99,54,2027-04-17
2027-04-17,wk inc flu hosp,0,28,quantile,0.01,10,2027-04-17
2027-04-17,wk inc flu hosp,0,28,quantile,0.025,11,2027-04-17
2027-04-17,wk inc flu hosp,0,28,quantile,0.05,13,2027-04-17
2027-04-17,wk inc flu hosp,0,28,quantile,0.1,15,2027-04-17
2027-04-17,wk inc flu hosp,0,28,quantile,0.15,16,2027-04-17
2027-04-17,wk inc flu hosp,0,28,quantile,0.2,17,2027-04-17
2027-04-17,wk inc flu hosp,0,28,quantile,0.25,17,2027-04-17
2027-04-17,wk inc flu hosp,0,28,quantile,0.3,18,2027-04-17
2027-04-17,wk inc flu hosp,0,28,quantile,0.35,19,2027-04-17
2027-04-17,wk inc flu hosp,0,28,quantile,0.4,20,2027-04-17
2027-04-17,wk inc flu hosp,0,28,quantile,0.45,20,2027-04-17
2027-04-17,wk inc flu hosp,0,28,quantile,0.5,21,2027-04-17
2027-04-17,wk inc flu hosp,0,28,quantile,0.55,21,2027-04-17
2027-04-17,wk inc flu hosp,0,28,quantile,0.6,22,2027-04-17
2027-04-17,wk inc flu hosp,0,28,quantile,0.65,24,2027-04-17
2027-04-17,wk inc flu hosp,0,28,quantile,0.7,25,2027-04-17
2027-04-17,wk inc flu hosp,0,28,quantile,0.75,26,2027-04-17
2027-04-17,wk inc flu hosp,0,28,quantile,0.8,27,2027-04-17
2027-04-17,wk inc flu hosp,0,28,quantile,0.85,28,2027-04-17
2027-04-17,wk inc flu hosp,0,28,quantile,0.9,29,2027-04-17
2027-04-17,wk inc flu hosp,0,28,quantile,0.95,32,2027-04-17
2027-04-17,wk inc flu hosp,0,28,quantile,0.975,35,2027-04-17
2027-04-17,wk inc flu hosp,0,28,quantile,0.99,38,2027-04-17
2027-04-17,wk inc flu hosp,0,29,quantile,0.01,34,2027-04-17
2027-04-17,wk inc flu hosp,0,29,quantile,0.025,36,2027-04-17
2027-04-17,wk inc flu hosp,0,29,quantile,0.05,37,2027-04-17
2027-04-17,wk inc flu hosp,0,29,quantile,0.1,39,2027-04-17
2027-04-17,wk inc flu hosp,0,29,quantile,0.15,42,2027-04-17
2027-04-17,wk inc flu hosp,0,29,quantile,0.2,44,2027-04-17
2027-04-17,wk inc flu hosp,0,29,quantile,0.25,46,2027-04-17
2027-04-17,wk inc flu hosp,0,29,quantile,0.3,47,2027-04-17
2027-04-17,wk inc flu hosp,0,29,quantile,0.35,48,2027-04-17
2027-04-17,wk inc flu hosp,0,29,quantile,0.4,50,2027-04-17
2027-04-17,wk inc flu hosp,0,29,quantile,0.45,51,2027-04-17
2027-04-17,wk inc flu hosp,0,29,quantile,0.5,52,2027-04-17
2027-04-17,wk inc flu hosp,0,29,quantile,0.55,53,2027-04-17
2027-04-17,wk inc flu hosp,0,29,quantile,0.6,54,2027-04-17
2027-04-17,wk inc flu hosp,0,29,quantile,0.65,55,2027-04-17
2027-04-17,wk inc flu hosp,0,29,quantile,0.7,57,2027-04-17
2027-04-17,wk inc flu hosp,0,29,quantile,0.75,58,2027-04-17
2027-04-17,wk inc flu hosp,0,29,quantile,0.8,60,2027-04-17
2027-04-17,wk inc flu hosp,0,29,quantile,0.85,62,2027-04-17
2027-04-17,wk inc flu hosp,0,29,quantile,0.9,67,2027-04-17
2027-04-17,wk inc flu hosp,0,29,quantile,0.95,72,2027-04-17
2027-04-17,wk inc flu hosp,0,29,quantile,0.975,74,2027-04-17
2027-04-17,wk inc flu hosp,0,29,quantile,0.99,76,2027-04-17
2027-04-17,wk inc flu hosp,0,30,quantile,0.01,1,2027-04-17
2027-04-17,wk inc flu hosp,0,30,quantile,0.025,2,2027-04-17
2027-04-17,wk inc flu hosp,0,30,quantile,0.05,3,2027-04-17
2027-04-17,wk inc flu hosp,0,30,quantile,0.1,4,2027-04-17
2027-04-17,wk inc flu hosp,0,30,quantile,0.15,4,2027-04-17
2027-04-17,wk inc flu hosp,0,30,quantile,0.2,5,2027-04-17
2027-04-17,wk inc flu hosp,0,30,quantile,0.25,5,2027-04-17
2027-04-17,wk inc flu hosp,0,30,quantile,0.3,6,2027-04-17
2027-04-17,wk inc flu hosp,0,30,quantile,0.35,6,2027-04-17
2027-04-17,wk inc flu hosp,0,30,quantile,0.4,7,2027-04-17
2027-04-17,wk inc flu hosp,0,30,quantile,0.45,8,2027-04-17
2027-04-17,wk inc flu hosp,0,30,quantile,0.5,8,2027-04-17
2027-04-17,wk inc flu hosp,0,30,quantile,0.55,9,2027-04-17
2027-04-17,wk inc flu hosp,0,30,quantile,0.6,9,2027-04-17
2027-04-17,wk inc flu hosp,0,30,quantile,0.65,10,2027-04-17
2027-04-17,wk inc flu hosp,0,30,quantile,0.7,10,2027-04-17
2027-04-17,wk inc flu hosp,0,30,quantile,0.75,11,2027-04-17
2027-04-17,wk inc flu hosp,0,30,quantile,0.8,12,2027-04-17
2027-04-17,wk inc flu hosp,0,30,quantile,0.85,12,2027-04-17
2027-04-17,wk inc flu hosp,0,30,quantile,0.9,14,2027-04-17
2027-04-17,wk inc flu hosp,0,30,quantile,0.95,16,2027-04-17
2027-04-17,wk inc flu hosp,0,30,quantile,0.975,19,2027-04-17
2027-04-17,wk inc flu hosp,0,30,quantile,0.99,22,2027-04-17
2027-04-17,wk inc flu hosp,0,31,quantile,0.01,5,2027-04-17
2027-04-17,wk inc flu hosp,0,31,quantile,0.025,5,2027-04-17
2027-04-17,wk inc flu hosp,0,31,quantile,0.05,6,2027-04-17
2027-04-17,wk inc flu hosp,0,31,quantile,0.1,8,2027-04-17
2027-04-17,wk inc flu hosp,0,31,quantile,0.15,8,2027-04-17
2027-04-17,wk inc flu hosp,0,31,quantile,0.2,10,2027-04-17
2027-04-17,wk inc flu hosp,0,31,quantile,0.25,11,2027-04-17
2027-04-17,wk inc flu hosp,0,31,quantile,0.3,11,2027-04-17
2027-04-17,wk inc flu hosp,0,31,quantile,0.35,12,2027-04-17
2027-04-17,wk inc flu hosp,0,31,quantile,0.4,13,2027-04-17
2027-04-17,wk inc flu hosp,0,31,quantile,0.45,13,2027-04-17
2027-04-17,wk inc flu hosp,0,31,quantile,0.5,14,2027-04-17
2027-04-17,wk inc flu hosp,0,31,quantile,0.55,14,2027-04-17
2027-04-17,wk inc flu hosp,0,31,quantile,0.6,14,2027-04-17
2027-04-17,wk inc flu hosp,0,31,quantile,0.65,15,2027-04-17
2027-04-17,wk inc flu hosp,0,31,quantile,0.7,16,2027-04-17
2027-04-17,wk inc flu hosp,0,31,quantile,0.75,17,2027-04-17
2027-04-17,wk inc flu hosp,0,31,quantile,0.8,18,2027-04-17
2027-04-17,wk inc flu hosp,0,31,quantile,0.85,19,2027-04-17
2027-04-17,wk inc flu hosp,0,31,quantile,0.9,21,2027-04-17
2027-04-17,wk inc flu hosp,0,31,quantile,0.95,22,2027-04-17
2027-04-17,wk inc flu hosp,0,31,quantile,0.975,27,2027-04-17
2027-04-17,wk inc flu hosp,0,31,quantile,0.99,27,2027-04-17
2027-04-17,wk inc flu hosp,0,32,quantile,0.01,9,2027-04-17
2027-04-17,wk inc flu hosp,0,32,quantile,0.025,12,2027-04-17
2027-04-17,wk inc flu hosp,0,32,quantile,0.05,14,2027-04-17
2027-04-17,wk inc flu hosp,0,32,quantile,0.1,15,2027-04-17
2027-04-17,wk inc flu hosp,0,32,quantile,0.15,16,2027-04-17
2027-04-17,wk inc flu hosp,0,32,quantile,0.2,18,2027-04-17
2027-04-17,wk inc flu hosp,0,32,quantile,0.25,19,2027-04-17
2027-04-17,wk inc flu hosp,0,32,quantile,0.3,19,2027-04-17
2027-04-17,wk inc flu hosp,0,32,quantile,0.35,20,2027-04-17
2027-04-17,wk inc flu hosp,0,32,quantile,0.4,21,2027-04-17
2027-04-17,wk inc flu hosp,0,32,quantile,0.45,22,2027-04-17
2027-04-17,wk inc flu hosp,0,32,quantile,0.5,23,2027-04-17
2027-04-17,wk inc flu hosp,0,32,quantile,0.55,24,2027-04-17
2027-04-17,wk inc flu hosp,0,32,quantile,0.6,24,2027-04-17
2027-04-17,wk inc flu hosp,0,32,quantile,0.65,25,2027-04-17
2027-04-17,wk inc flu hosp,0,32,quantile,0.7,26,2027-04-17
2027-04-17,wk inc flu hosp,0,32,quantile,0.75,28,2027-04-17
2027-04-17,wk inc flu hosp,0,32,quantile,0.8,29,2027-04-17
2027-04-17,wk inc flu hosp,0,32,quantile,0.85,31,2027-04-17
2027-04-17,wk inc flu hosp,0,32,quantile,0.9,32,2027-04-17
2027-04-17,wk inc flu hosp,0,32,quantile,0.95,34,2027-04-17
2027-04-17,wk inc flu hosp,0,32,quantile,0.975,36,2027-04-17
2027-04-17,wk inc flu hosp,0,32,quantile,0.99,39,2027-04-17
2027-04-17,wk inc flu hosp,0,33,quantile,0.01,3,2027-04-17
2027-04-17,wk inc flu hosp,0,33,quantile,0.025,3,2027-04-17
2027-04-17,wk inc flu hosp,0,33,quantile,0.05,4,2027-04-17
2027-04-17,wk inc flu hosp,0,33,quantile,0.1,5,2027-04-17
2027-04-17,wk inc flu hosp,0,33,quantile,0.15,6,2027-04-17
2027-04-17,wk inc flu hosp,0,33,quantile,0.2,6,2027-04-17
2027-04-17,wk inc flu hosp,0,33,quantile,0.25,7,2027-04-17
2027-04-17,wk inc flu hosp,0,33,quantile,0.3,8,2027-04-17
2027-04-17,wk inc flu hosp,0,33,quantile,0.35,9,2027-04-17
2027-04-17,wk inc flu hosp,0,33,quantile,0.4,9,2027-04-17
2027-04-17,wk inc flu hosp,0,33,quantile,0.45,10,2027-04-17
2027-04-17,wk inc flu hosp,0,33,quantile,0.5,10,2027-04-17
2027-04-17,wk inc flu hosp,0,33,quantile,0.55,10,2027-04-17
2027-04-17,wk inc flu hosp,0,33,quantile,0.6,11,2027-04-17
2027-04-17,wk inc flu hosp,0,33,quantile,0.65,12,2027-04-17
2027-04-17,wk inc flu hosp,0,33,quantile,0.7,13,2027-04-17
2027-04-17,wk inc flu hosp,0,33,quantile,0.75,13,2027-04-17
2027-04-17,wk inc flu hosp,0,33,quantile,0.8,14,2027-04-17
2027-04-17,wk inc flu hosp,0,33,quantile,0.85,15,2027-04-17
2027-04-17,wk inc flu hosp,0,33,quantile,0.9,16,2027-04-17
2027-04-17,wk inc flu hosp,0,33,quantile,0.95,17,2027-04-17
2027-04-17,wk inc flu hosp,0,33,quantile,0.975,21,2027-04-17
2027-04-17,wk inc flu hosp,0,33,quantile,0.99,21,2027-04-17
2027-04-17,wk inc flu hosp,0,34,quantile,0.01,40,2027-04-17
2027-04-17,wk inc flu hosp,0,34,quantile,0.025,43,2027-04-17
2027-04-17,wk inc flu hosp,0,34,quantile,0.05,47,2027-04-17
2027-04-17,wk inc flu hosp,0,34,quantile,0.1,50,2027-04-17
2027-04-17,wk inc flu hosp,0,34,quantile,0.15,52,2027-04-17
2027-04-17,wk inc flu hosp,0,34,quantile,0.2,53,2027-04-17
2027-04-17,wk inc flu hosp,0,34,quantile,0.25,55,2027-04-17
2027-04-17,wk inc flu hosp,0,34,quantile,0.3,57,2027-04-17
2027-04-17,wk inc flu hosp,0,34,quantile,0.35,59,2027-04-17
2027-04-17,wk inc flu hosp,0,34,quantile,0.4,61,2027-04-17
2027-04-17,wk inc flu hosp,0,34,quantile,0.45,63,2027-04-17
2027-04-17,wk inc flu hosp,0,34,quantile,0.5,65,2027-04-17
2027-04-17,wk inc flu hosp,0,34,quantile,0.55,67,2027-04-17
2027-04-17,wk inc flu hosp,0,34,quantile,0.6,68,2027-04-17
2027-04-17,wk inc flu hosp,0,34,quantile,0.65,72,2027-04-17
2027-04-17,wk inc flu hosp,0,34,quantile,0.7,74,2027-04-17
2027-04-17,wk inc flu hosp,0,34,quantile,0.75,75,2027-04-17
2027-04-17,wk inc flu hosp,0,34,quantile,0.8,77,2027-04-17
2027-04-17,wk inc flu hosp,0,34,quantile,0.85,79,2027-04-17
2027-04-17,wk inc flu hosp,0,34,quantile,0.9,86,2027-04-17
2027-04-17,wk inc flu hosp,0,34,quantile,0.95,93,2027-04-17
2027-04-17,wk inc flu hosp,0,34,quantile,0.975,97,2027-04-17
2027-04-17,wk inc flu hosp,0,34,quantile,0.99,106,2027-04-17
2027-04-17,wk inc flu hosp,0,35,quantile,0.01,9,2027-04-17
2027-04-17,wk inc flu hosp,0,35,quantile,0.025,10,2027-04-17
2027-04-17,wk inc flu hosp,0,35,quantile,0.05,10,2027-04-17
2027-04-17,wk inc flu hosp,0,35,quantile,0.1,11,2027-04-17
2027-04-17,wk inc flu hosp,0,35,quantile,0.15,11,2027-04-17
2027-04-17,wk inc flu hosp,0,35,quantile,0.2,12,2027-04-17
2027-04-17,wk inc flu hosp,0,35,quantile,0.25,13,2027-04-17
2027-04-17,wk inc flu hosp,0,35,quantile,0.3,14,2027-04-17
2027-04-17,wk inc flu hosp,0,35,quantile,0.35,14,2027-04-17
2027-04-17,wk inc flu hosp,0,35,quantile,0.4,15,2027-04-17
2027-04-17,wk inc flu hosp,0,35,quantile,0.45,16,2027-04-17
2027-04-17,wk inc flu hosp,0,35,quantile,0.5,16,2027-04-17
2027-04-17,wk inc flu hosp,0,35,quantile,0.55,17,2027-04-17
2027-04-17,wk inc flu hosp,0,35,quantile,0.6,18,2027-04-17
2027-04-17,wk inc flu hosp,0,35,quantile,0.65,19,2027-04-17
2027-04-17,wk inc flu hosp,0,35,quantile,0.7,19,2027-04-17
2027-04-17,wk inc flu hosp,0,35,quantile,0.75,20,2027-04-17
2027-04-17,wk inc flu hosp,0,35,quantile,0.8,21,2027-04-17
2027-04-17,wk inc flu hosp,0,35,quantile,0.85,23,2027-04-17
2027-04-17,wk inc flu hosp,0,35,quantile,0.9,24,2027-04-17
2027-04-17,wk inc flu hosp,0,35,quantile,0.95,25,2027-04-17
2027-04-17,wk inc flu hosp,0,35,quantile,0.975,27,2027-04-17
2027-04-17,wk inc flu hosp,0,35,quantile,0.99,28,2027-04-17
2027-04-17,wk inc flu hosp,0,36,quantile,0.01,117,2027-04-17
2027-04-17,wk inc flu hosp,0,36,quantile,0.025,132,2027-04-17
2027-04-17,wk inc flu hosp,0,36,quantile,0.05,135,2027-04-17
2027-04-17,wk inc flu hosp,0,36,quantile,0.1,143,2027-04-17
2027-04-17,wk inc flu hosp,0,36,quantile,0.15,149,2027-04-17
2027-04-17,wk inc flu hosp,0,36,quantile,0.2,155,2027-04-17
2027-04-17,wk inc flu hosp,0,36,quantile,0.25,159,2027-04-17
2027-04-17,wk inc flu hosp,0,36,quantile,0.3,166,2027-04-17
2027-04-17,wk inc flu hosp,0,36,quantile,0.35,170,2027-04-17
2027-04-17,wk inc flu hosp,0,36,quantile,0.4,174,2027-04-17
2027-04-17,wk inc flu hosp,0,36,quantile,0.45,177,2027-04-17
2027-04-17,wk inc flu hosp,0,36,quantile,0.5,181,2027-04-17
2027-04-17,wk inc flu hosp,0,36,quantile,0.55,183,2027-04-17
2027-04-17,wk inc flu hosp,0,36,quantile,0.6,188,2027-04-17
2027-04-17,wk inc flu hosp,0,36,quantile,0.65,192,2027-04-17
2027-04-17,wk inc flu hosp,0,36,quantile,0.7,194,2027-04-17
2027-04-17,wk inc flu hosp,0,36,quantile,0.75,200,2027-04-17
2027-04-17,wk inc flu hosp,0,36,quantile,0.8,207,2027-04-17
2027-04-17,wk inc flu hosp,0,36,quantile,0.85,214,2027-04-17
2027-04-17,wk inc flu hosp,0,36,quantile,0.9,220,2027-04-17
2027-04-17,wk inc flu hosp,0,36,quantile,0.95,228,2027-04-17
2027-04-17,wk inc flu hosp,0,36,quantile,0.975,242,2027-04-17
2027-04-17,wk inc flu hosp,0,36,quantile,0.99,254,2027-04-17
2027-04-17,wk inc flu hosp,0,37,quantile,0.01,15,2027-04-17
2027-04-17,wk inc flu hosp,0,37,quantile,0.025,16,2027-04-17
2027-04-17,wk inc flu hosp,0,37,quantile,0.05,19,2027-04-17
2027-04-17,wk inc flu hosp,0,37,quantile,0.1,20,2027-04-17
2027-04-17,wk inc flu hosp,0,37,quantile,0.15,22,2027-04-17
2027-04-17,wk inc flu hosp,0,37,quantile,0.2,23,2027-04-17
2027-04-17,wk inc flu hosp,0,37,quantile,0.25,25,2027-04-17
2027-04-17,wk inc flu hosp,0,37,quantile,0.3,26,2027-04-17
2027-04-17,wk inc flu hosp,0,37,quantile,0.35,26,2027-04-17
2027-04-17,wk inc flu hosp,0,37,quantile,0.4,28,2027-04-17
2027-04-17,wk inc flu hosp,0,37,quantile,0.45,29,2027-04-17
2027-04-17,wk inc flu hosp,0,37,quantile,0.5,31,2027-04-17
2027-04-17,wk inc flu hosp,0,37,quantile,0.55,31,2027-04-17
2027-04-17,wk inc flu hosp,0,37,quantile,0.6,32,2027-04-17
2027-04-17,wk inc flu hosp,0,37,quantile,0.65,33,2027-04-17
2027-04-17,wk inc flu hosp,0,37,quantile,0.7,34,2027-04-17
2027-04-17,wk inc flu hosp,0,37,quantile,0.75,35,2027-04-17
2027-04-17,wk inc flu hosp,0,37,quantile,0.8,36,2027-04-17
2027-04-17,wk inc flu hosp,0,37,quantile,0.85,37,2027-04-17
2027-04-17,wk inc flu hosp,0,37,quantile,0.9,39,2027-04-17
2027-04-17,wk inc flu hosp,0,37,quantile,0.95,43,2027-04-17
2027-04-17,wk inc flu hosp,0,37,quantile,0.975,51,2027-04-17
2027-04-17,wk inc flu hosp,0,37,quantile,0.99,53,2027-04-17
2027-04-17,wk inc flu hosp,0,38,quantile,0.01,3,2027-04-17
2027-04-17,wk inc flu hosp,0,38,quantile,0.025,3,2027-04-17
2027-04-17,wk inc flu hosp,0,38,quantile,0.05,6,2027-04-17
2027-04-17,wk inc flu hosp,0,38,quantile,0.1,6,2027-04-17
2027-04-17,wk inc flu hosp,0,38,quantile,0.15,7,2027-04-17
2027-04-17,wk inc flu hosp,0,38,quantile,0.2,7,2027-04-17
2027-04-17,wk inc flu hosp,0,38,quantile,0.25,8,2027-04-17
2027-04-17,wk inc flu hosp,0,38,quantile,0.3,8,2027-04-17
2027-04-17,wk inc flu hosp,0,38,quantile,0.35,9,2027-04-17
2027-04-17,wk inc flu hosp,0,38,quantile,0.4,10,2027-04-17
2027-04-17,wk inc flu hosp,0,38,quantile,0.45,10,2027-04-17
2027-04-17,wk inc flu hosp,0,38,quantile,0.5,10,2027-04-17
2027-04-17,wk inc flu hosp,0,38,quantile,0.55,11,2027-04-17
2027-04-17,wk inc flu hosp,0,38,quantile,0.6,12,2027-04-17
2027-04-17,wk inc flu hosp,0,38,quantile,0.65,12,2027-04-17
2027-04-17,wk inc flu hosp,0,38,quantile,0.7,13,2027-04-17
2027-04-17,wk inc flu hosp,0,38,quantile,0.75,13,2027-04-17
2027-04-17,wk inc flu hosp,0,38,quantile,0.8,14,2027-04-17
2027-04-17,wk inc flu hosp,0,38,quantile,0.85,15,2027-04-17
2027-04-17,wk inc flu hosp,0,38,quantile,0.9,17,2027-04-17
2027-04-17,wk inc flu hosp,0,38,quantile,0.95,20,2027-04-17
2027-04-17,wk inc flu hosp,0,38,quantile,0.975,22,2027-04-17
2027-04-17,wk inc flu hosp,0,38,quantile,0.99,23,2027-04-17
2027-04-17,wk inc flu hosp,0,39,quantile,0.01,34,2027-04-17
2027-04-17,wk inc flu hosp,0,39,quantile,0.025,40,2027-04-17
2027-04-17,wk inc flu hosp,0,39,quantile,0.05,41,2027-04-17
2027-04-17,wk inc flu hosp,0,39,quantile,0.1,44,2027-04-17
2027-04-17,wk inc flu hosp,0,39,quantile,0.15,48,2027-04-17
2027-04-17,wk inc flu hosp,0,39,quantile,0.2,50,2027-04-17
2027-04-17,wk inc flu hosp,0,39,quantile,0.25,52,2027-04-17
2027-04-17,wk inc flu hosp,0,39,quantile,0.3,53,2027-04-17
2027-04-17,wk inc flu hosp,0,39,quantile,0.35,55,2027-04-17
2027-04-17,wk inc flu hosp,0,39,quantile,0.4,57,2027-04-17
2027-04-17,wk inc flu hosp,0,39,quantile,0.45,60,2027-04-17
2027-04-17,wk inc flu hosp,0,39,quantile,0.5,61,2027-04-17
2027-04-17,wk inc flu hosp,0,39,quantile,0.55,62,2027-04-17
2027-04-17,wk inc flu hosp,0,39,quantile,0.6,63,2027-04-17
2027-04-17,wk inc flu hosp,0,39,quantile,0.65,65,2027-04-17
2027-04-17,wk inc flu hosp,0,39,quantile,0.7,67,2027-04-17
2027-04-17,wk inc flu hosp,0,39,quantile,0.75,70,2027-04-17
2027-04-17,wk inc flu hosp,0,39,quantile,0.8,74,2027-04-17
2027-04-17,wk inc flu hosp,0,39,quantile,0.85,77,2027-04-17
2027-04-17,wk inc flu hosp,0,39,quantile,0.9,81,2027-04-17
2027-04-17,wk inc flu hosp,0,39,quantile,0.95,86,2027-04-17
2027-04-17,wk inc flu hosp,0,39,quantile,0.975,94,2027-04-17
2027-04-17,wk inc flu hosp,0,39,quantile,0.99,97,2027-04-17
2027-04-17,wk inc flu hosp,0,40,quantile,0.01,7,2027-04-17
2027-04-17,wk inc flu hosp,0,40,quantile,0.025,7,2027-04-17
2027-04-17,wk inc flu hosp,0,40,quantile,0.05,9,2027-04-17
2027-04-17,wk inc flu hosp,0,40,quantile,0.1,9,2027-04-17
2027-04-17,wk inc flu hosp,0,40,quantile,0.15,10,2027-04-17
2027-04-17,wk inc flu hosp,0,40,quantile,0.2,11,2027-04-17
2027-04-17,wk inc flu hosp,0,40,quantile,0.25,12,2027-04-17
2027-04-17,wk inc flu hosp,0,40,quantile,0.3,12,2027-04-17
2027-04-17,wk inc flu hosp,0,40,quantile,0.35,13,2027-04-17
2027-04-17,wk inc flu hosp,0,40,quantile,0.4,14,2027-04-17
2027-04-17,wk inc flu hosp,0,40,quantile,0.45,14,2027-04-17
2027-04-17,wk inc flu hosp,0,40,quantile,0.5,15,2027-04-17
2027-04-17,wk inc flu hosp,0,40,quantile,0.55,15,2027-04-17
2027-04-17,wk inc flu hosp,0,40,quantile,0.6,16,2027-04-17
2027-04-17,wk inc flu hosp,0,40,quantile,0.65,17,2027-04-17
2027-04-17,wk inc flu hosp,0,40,quantile,0.7,18,2027-04-17
2027-04-17,wk inc flu hosp,0,40,quantile,0.75,18,2027-04-17
2027-04-17,wk inc flu hosp,0,40,quantile,0.8,19,2027-04-17
2027-04-17,wk inc flu hosp,0,40,quantile,0.85,20,2027-04-17
2027-04-17,wk inc flu hosp,0,40,quantile,0.9,22,2027-04-17
2027-04-17,wk inc flu hosp,0,40,quantile,0.95,24,2027-04-17
2027-04-17,wk inc flu hosp,0,40,quantile,0.975,24,2027-04-17
2027-04-17,wk inc flu hosp,0,40,quantile,0.99,26,2027-04-17
2027-04-17,wk inc flu hosp,0,41,quantile,0.01,8,2027-04-17
2027-04-17,wk inc flu hosp,0,41,quantile,0.025,9,2027-04-17
2027-04-17,wk inc flu hosp,0,41,quantile,0.05,10,2027-04-17
2027-04-17,wk inc flu hosp,0,41,quantile,0.1,12,2027-04-17
2027-04-17,wk inc flu hosp,0,41,quantile,0.15,13,2027-04-17
2027-04-17,wk inc flu hosp,0,41,quantile,0.2,14,2027-04-17
2027-04-17,wk inc flu hosp,0,41,quantile,0.25,15,2027-04-17
2027-04-17,wk inc flu hosp,0,41,quantile,0.3,16,2027-04-17
2027-04-17,wk inc flu hosp,0,41,quantile,0.35,16,2027-04-17
2027-04-17,wk inc flu hosp,0,41,quantile,0.4,17,2027-04-17
2027-04-17,wk inc flu hosp,0,41,quantile,0.45,17,2027-04-17
2027-04-17,wk inc flu hosp,0,41,quantile,0.5,18,2027-04-17
2027-04-17,wk inc flu hosp,0,41,quantile,0.55,18,2027-04-17
2027-04-17,wk inc flu hosp,0,41,quantile,0.6,19,2027-04-17
2027-04-17,wk inc flu hosp,0,41,quantile,0.65,20,2027-04-17
2027-04-17,wk inc flu hosp,0,41,quantile,0.7,21,2027-04-17
2027-04-17,wk inc flu hosp,0,41,quantile,0.75,21,2027-04-17
2027-04-17,wk inc flu hosp,0,41,quantile,0.8,23,2027-04-17
2027-04-17,wk inc flu hosp,0,41,quantile,0.85,25,2027-04-17
2027-04-17,wk inc flu hosp,0,41,quantile,0.9,26,2027-04-17
2027-04-17,wk inc flu hosp,0,41,quantile,0.95,28,2027-04-17
2027-04-17,wk inc flu hosp,0,41,quantile,0.975,30,2027-04-17
2027-04-17,wk inc flu hosp,0,41,quantile,0.99,36,2027-04-17
2027-04-17,wk inc flu hosp,0,42,quantile,0.01,132,2027-04-17
2027-04-17,wk inc flu hosp,0,42,quantile,0.025,147,2027-04-17
2027-04-17,wk inc flu hosp,0,42,quantile,0.05,156,2027-04-17
2027-04-17,wk inc flu hosp,0,42,quantile,0.1,167,2027-04-17
2027-04-17,wk inc flu hosp,0,42,quantile,0.15,175,2027-04-17
2027-04-17,wk inc flu hosp,0,42,quantile,0.2,182,2027-04-17
2027-04-17,wk inc flu hosp,0,42,quantile,0.25,185,2027-04-17
2027-04-17,wk inc flu hosp,0,42,quantile,0.3,191,2027-04-17
2027-04-17,wk inc flu hosp,0,42,quantile,0.35,196,2027-04-17
2027-04-17,wk inc flu hosp,0,42,quantile,0.4,198,2027-04-17
2027-04-17,wk inc flu hosp,0,42,quantile,0.45,200,2027-04-17
2027-04-17,wk inc flu hosp,0,42,quantile,0.5,206,2027-04-17
2027-04-17,wk inc flu hosp,0,42,quantile,0.55,209,2027-04-17
2027-04-17,wk inc flu hosp,0,42,quantile,0.6,213,2027-04-17
2027-04-17,wk inc flu hosp,0,42,quantile,0.65,216,2027-04-17
2027-04-17,wk inc flu hosp,0,42,quantile,0.7,221,2027-04-17
2027-04-17,wk inc flu hosp,0,42,quantile,0.75,230,2027-04-17
2027-04-17,wk inc flu hosp,0,42,quantile,0.8,237,2027-04-17
2027-04-17,wk inc flu hosp,0,42,quantile,0.85,245,2027-04-17
2027-04-17,wk inc flu hosp,0,42,quantile,0.9,251,2027-04-17
2027-04-17,wk inc flu hosp,0,42,quantile,0.95,269,2027-04-17
2027-04-17,wk inc flu hosp,0,42,quantile,0.975,280,2027-04-17
2027-04-17,wk inc flu hosp,0,42,quantile,0.99,287,2027-04-17
2027-04-17,wk inc flu hosp,0,44,quantile,0.01,4,2027-04-17
2027-04-17,wk inc flu hosp,0,44,quantile,0.025,4,2027-04-17
2027-04-17,wk inc flu hosp,0,44,quantile,0.05,5,2027-04-17
2027-04-17,wk inc flu hosp,0,44,quantile,0.1,6,2027-04-17
2027-04-17,wk inc flu hosp,0,44,quantile,0.15,7,2027-04-17
2027-04-17,wk inc flu hosp,0,44,quantile,0.2,8,2027-04-17
2027-04-17,wk inc flu hosp,0,44,quantile,0.25,8,2027-04-17
2027-04-17,wk inc flu hosp,0,44,quantile,0.3,9,2027-04-17
2027-04-17,wk inc flu hosp,0,44,quantile,0.35,10,2027-04-17
2027-04-17,wk inc flu hosp,0,44,quantile,0.4,10,2027-04-17
2027-04-17,wk inc flu hosp,0,44,quantile,0.45,11,2027-04-17
2027-04-17,wk inc flu hosp,0,44,quantile,0.5,11,2027-04-17
2027-04-17,wk inc flu hosp,0,44,quantile,0.55,12,2027-04-17
2027-04-17,wk inc flu hosp,0,44,quantile,0.6,13,2027-04-17
2027-04-17,wk inc flu hosp,0,44,quantile,0.65,13,2027-04-17
2027-04-17,wk inc flu hosp,0,44,quantile,0.7,14,2027-04-17
2027-04-17,wk inc flu hosp,0,44,quantile,0.75,15,2027-04-17
2027-04-17,wk inc flu hosp,0,44,quantile,0.8,15,2027-04-17
2027-04-17,wk inc flu hosp,0,44,quantile,0.85,16,2027-04-17
2027-04-17,wk inc flu hosp,0,44,quantile,0.9,18,2027-04-17
2027-04-17,wk inc flu hosp,0,44,quantile,0.95,20,2027-04-17
2027-04-17,wk inc flu hosp,0,44,quantile,0.975,22,2027-04-17
2027-04-17,wk inc flu hosp,0,44,quantile,0.99,24,2027-04-17
2027-04-17,wk inc flu hosp,0,45,quantile,0.01,11,2027-04-17
2027-04-17,wk inc flu hosp,0,45,quantile,0.025,13,2027-04-17
2027-04-17,wk inc flu hosp,0,45,quantile,0.05,14,2027-04-17
2027-04-17,wk inc flu hosp,0,45,quantile,0.1,16,2027-04-17
2027-04-17,wk inc flu hosp,0,45,quantile,0.15,17,2027-04-17
2027-04-17,wk inc flu hosp,0,45,quantile,0.2,19,2027-04-17
2027-04-17,wk inc flu hosp,0,45,quantile,0.25,20,2027-04-17
2027-04-17,wk inc flu hosp,0,45,quantile,0.3,21,2027-04-17
2027-04-17,wk inc flu hosp,0,45,quantile,0.35,21,2027-04-17
2027-04-17,wk inc flu hosp,0,45,quantile,0.4,22,2027-04-17
2027-04-17,wk inc flu hosp,0,45,quantile,0.45,23,2027-04-17
2027-04-17,wk inc flu hosp,0,45,quantile,0.5,24,2027-04-17
2027-04-17,wk inc flu hosp,0,45,quantile,0.55,25,2027-04-17
2027-04-17,wk inc flu hosp,0,45,quantile,0.6,26,2027-04-17
2027-04-17,wk inc flu hosp,0,45,quantile,0.65,27,2027-04-17
2027-04-17,wk inc flu hosp,0,45,quantile,0.7,28,2027-04-17
2027-04-17,wk inc flu hosp,0,45,quantile,0.75,29,2027-04-17
2027-04-17,wk inc flu hosp,0,45,quantile,0.8,30,2027-04-17
2027-04-17,wk inc flu hosp,0,45,quantile,0.85,32,2027-04-17
2027-04-17,wk inc flu hosp,0,45,quantile,0.9,33,2027-04-17
2027-04-17,wk inc flu hosp,0,45,quantile,0.95,36,2027-04-17
2027-04-17,wk inc flu hosp,0,45,quantile,0.975,38,2027-04-17
2027-04-17,wk inc flu hosp,0,45,quantile,0.99,42,2027-04-17
2027-04-17,wk inc flu hosp,0,46,quantile,0.01,3,2027-04-17
2027-04-17,wk inc flu hosp,0,46,quantile,0.025,3,2027-04-17
2027-04-17,wk inc flu hosp,0,46,quantile,0.05,4,2027-04-17
2027-04-17,wk inc flu hosp,0,46,quantile,0.1,4,2027-04-17
2027-04-17,wk inc flu hosp,0,46,quantile,0.15,5,2027-04-17
2027-04-17,wk inc flu hosp,0,46,quantile,0.2,6,2027-04-17
2027-04-17,wk inc flu hosp,0,46,quantile,0.25,6,2027-04-17
2027-04-17,wk inc flu hosp,0,46,quantile,0.3,7,2027-04-17
2027-04-17,wk inc flu hosp,0,46,quantile,0.35,8,2027-04-17
2027-04-17,wk inc flu hosp,0,46,quantile,0.4,8,2027-04-17
2027-04-17,wk inc flu hosp,0,46,quantile,0.45,8,2027-04-17
2027-04-17,wk inc flu hosp,0,46,quantile,0.5,9,2027-04-17
2027-04-17,wk inc flu hosp,0,46,quantile,0.55,10,2027-04-17
2027-04-17,wk inc flu hosp,0,46,quantile,0.6,10,2027-04-17
2027-04-17,wk inc flu hosp,0,46,quantile,0.65,11,2027-04-17
2027-04-17,wk inc flu hosp,0,46,quantile,0.7,12,2027-04-17
2027-04-17,wk inc flu hosp,0,46,quantile,0.75,12,2027-04-17
2027-04-17,wk inc flu hosp,0,46,quantile,0.8,13,2027-04-17
2027-04-17,wk inc flu hosp,0,46,quantile,0.85,14,2027-04-17
2027-04-17,wk inc flu hosp,0,46,quantile,0.9,14,2027-04-17
2027-04-17,wk inc flu hosp,0,46,quantile,0.95,15,2027-04-17
2027-04-17,wk inc flu hosp,0,46,quantile,0.975,17,2027-04-17
2027-04-17,wk inc flu hosp,0,46,quantile,0.99,20,2027-04-17
2027-04-17,wk inc flu hosp,0,47,quantile,0.01,23,2027-04-17
2027-04-17,wk inc flu hosp,0,47,quantile,0.025,30,2027-04-17
2027-04-17,wk inc flu hosp,0,47,quantile,0.05,31,2027-04-17
2027-04-17,wk inc flu hosp,0,47,quantile,0.1,32,2027-04-17
2027-04-17,wk inc flu hosp,0,47,quantile,0.15,35,2027-04-17
2027-04-17,wk inc flu hosp,0,47,quantile,0.2,36,2027-04-17
2027-04-17,wk inc flu hosp,0,47,quantile,0.25,38,2027-04-17
2027-04-17,wk inc flu hosp,0,47,quantile,0.3,40,2027-04-17
2027-04-17,wk inc flu hosp,0,47,quantile,0.35,41,2027-04-17
2027-04-17,wk inc flu hosp,0,47,quantile,0.4,43,2027-04-17
2027-04-17,wk inc flu hosp,0,47,quantile,0.45,44,2027-04-17
2027-04-17,wk inc flu hosp,0,47,quantile,0.5,45,2027-04-17
2027-04-17,wk inc flu hosp,0,47,quantile,0.55,46,2027-04-17
2027-04-17,wk inc flu hosp,0,47,quantile,0.6,48,2027-04-17
2027-04-17,wk inc flu hosp,0,47,quantile,0.65,49,2027-04-17
2027-04-17,wk inc flu hosp,0,47,quantile,0.7,52,2027-04-17
2027-04-17,wk inc flu hosp,0,47,quantile,0.75,52,2027-04-17
2027-04-17,wk inc flu hosp,0,47,quantile,0.8,55,2027-04-17
2027-04-17,wk inc flu hosp,0,47,quantile,0.85,57,2027-04-17
2027-04-17,wk inc flu hosp,0,47,quantile,0.9,60,2027-04-17
2027-04-17,wk inc flu hosp,0,47,quantile,0.95,63,2027-04-17
2027-04-17,wk inc flu hosp,0,47,quantile,0.975,64,2027-04-17
2027-04-17,wk inc flu hosp,0,47,quantile,0.99,67,2027-04-17
2027-04-17,wk inc flu hosp,0,48,quantile,0.01,115,2027-04-17
2027-04-17,wk inc flu hosp,0,48,quantile,0.025,123,2027-04-17
2027-04-17,wk inc flu hosp,0,48,quantile,0.05,130,2027-04-17
2027-04-17,wk inc flu hosp,0,48,quantile,0.1,138,2027-04-17
2027-04-17,wk inc flu hosp,0,48,quantile,0.15,145,2027-04-17
2027-04-17,wk inc flu hosp,0,48,quantile,0.2,149,2027-04-17
2027-04-17,wk inc flu hosp,0,48,quantile,0.25,154,2027-04-17
2027-04-17,wk inc flu hosp,0,48,quantile,0.3,157,2027-04-17
2027-04-17,wk inc flu hosp,0,48,quantile,0.35,159,2027-04-17
2027-04-17,wk inc flu hosp,0,48,quantile,0.4,163,2027-04-17
2027-04-17,wk inc flu hosp,0,48,quantile,0.45,167,2027-04-17
2027-04-17,wk inc flu hosp,0,48,quantile,0.5,172,2027-04-17
2027-04-17,wk inc flu hosp,0,48,quantile,0.55,177,2027-04-17
2027-04-17,wk inc flu hosp,0,48,quantile,0.6,183,2027-04-17
2027-04-17,wk inc flu hosp,0,48,quantile,0.65,190,2027-04-17
2027-04-17,wk inc flu hosp,0,48,quantile,0.7,197,2027-04-17
2027-04-17,wk inc flu hosp,0,48,quantile,0.75,202,2027-04-17
2027-04-17,wk inc flu hosp,0,48,quantile,0.8,208,2027-04-17
2027-04-17,wk inc flu hosp,0,48,quantile,0.85,215,2027-04-17
2027-04-17,wk inc flu hosp,0,48,quantile,0.9,223,2027-04-17
2027-04-17,wk inc flu hosp,0,48,quantile,0.95,249,2027-04-17
2027-04-17,wk inc flu hosp,0,48,quantile,0.975,256,2027-04-17
2027-04-17,wk inc flu hosp,0,48,quantile,0.99,273,2027-04-17
2027-04-17,wk inc flu hosp,0,49,quantile,0.01,4,2027-04-17
2027-04-17,wk inc flu hosp,0,49,quantile,0.025,4,2027-04-17
2027-04-17,wk inc flu hosp,0,49,quantile,0.05,4,2027-04-17
2027-04-17,wk inc flu hosp,0,49,quantile,0.1,6,2027-04-17
2027-04-17,wk inc flu hosp,0,49,quantile,0.15,6,2027-04-17
2027-04-17,wk inc flu hosp,0,49,quantile,0.2,7,2027-04-17
2027-04-17,wk inc flu hosp,0,49,quantile,0.25,7,2027-04-17
2027-04-17,wk inc flu hosp,0,49,quantile,0.3,8,2027-04-17
2027-04-17,wk inc flu hosp,0,49,quantile,0.35,9,2027-04-17
2027-04-17,wk inc flu hosp,0,49,quantile,0.4,9,2027-04-17
2027-04-17,wk inc flu hosp,0,49,quantile,0.45,10,2027-04-17
2027-04-17,wk inc flu hosp,0,49,quantile,0.5,10,2027-04-17
2027-04-17,wk inc flu hosp,0,49,quantile,0.55,10,2027-04-17
2027-04-17,wk inc flu hosp,0,49,quantile,0.6,10,2027-04-17
2027-04-17,wk inc flu hosp,0,49,quantile,0.65,11,2027-04-17
2027-04-17,wk inc flu hosp,0,49,quantile,0.7,12,2027-04-17
2027-04-17,wk inc flu hosp,0,49,quantile,0.75,12,2027-04-17
2027-04-17,wk inc flu hosp,0,49,quantile,0.8,13,2027-04-17
2027-04-17,wk inc flu hosp,0,49,quantile,0.85,14,2027-04-17
2027-04-17,wk inc flu hosp,0,49,quantile,0.9,14,2027-04-17
2027-04-17,wk inc flu hosp,0,49,quantile,0.95,16,2027-04-17
2027-04-17,wk inc flu hosp,0,49,quantile,0.975,16,2027-04-17
2027-04-17,wk inc flu hosp,0,49,quantile,0.99,18,2027-04-17
2027-04-17,wk inc flu hosp,0,50,quantile,0.01,1,2027-04-17
2027-04-17,wk inc flu hosp,0,50,quantile,0.025,1,2027-04-17
2027-04-17,wk inc flu hosp,0,50,quantile,0.05,2,2027-04-17
2027-04-17,wk inc flu hosp,0,50,quantile,0.1,3,2027-04-17
2027-04-17,wk inc flu hosp,0,50,quantile,0.15,4,2027-04-17
2027-04-17,wk inc flu hosp,0,50,quantile,0.2,4,2027-04-17
2027-04-17,wk inc flu hosp,0,50,quantile,0.25,5,2027-04-17
2027-04-17,wk inc flu hosp,0,50,quantile,0.3,5,2027-04-17
2027-04-17,wk inc flu hosp,0,50,quantile,0.35,6,2027-04-17
2027-04-17,wk inc flu hosp,0,50,quantile,0.4,6,2027-04-17
2027-04-17,wk inc flu hosp,0,50,quantile,0.45,7,2027-04-17
2027-04-17,wk inc flu hosp,0,50,quantile,0.5,7,2027-04-17
2027-04-17,wk inc flu hosp,0,50,quantile,0.55,7,2027-04-17
2027-04-17,wk inc flu hosp,0,50,quantile,0.6,8,2027-04-17
2027-04-17,wk inc flu hosp,0,50,quantile,0.65,8,2027-04-17
2027-04-17,wk inc flu hosp,0,50,quantile,0.7,9,2027-04-17
2027-04-17,wk inc flu hosp,0,50,quantile,0.75,9,2027-04-17
2027-04-17,wk inc flu hosp,0,50,quantile,0.8,10,2027-04-17
2027-04-17,wk inc flu hosp,0,50,quantile,0.85,11,2027-04-17
2027-04-17,wk inc flu hosp,0,50,quantile,0.9,12,2027-04-17
2027-04-17,wk inc flu hosp,0,50,quantile,0.95,15,2027-04-17
2027-04-17,wk inc flu hosp,0,50,quantile,0.975,18,2027-04-17
2027-04-17,wk inc flu hosp,0,50,quantile,0.99,20,2027-04-17
2027-04-17,wk inc flu hosp,0,51,quantile,0.01,22,2027-04-17
2027-04-17,wk inc flu hosp,0,51,quantile,0.025,22,2027-04-17
2027-04-17,wk inc flu hosp,0,51,quantile,0.05,25,2027-04-17
2027-04-17,wk inc flu hosp,0,51,quantile,0.1,30,2027-04-17
2027-04-17,wk inc flu hosp,0,51,quantile,0.15,31,2027-04-17
2027-04-17,wk inc flu hosp,0,51,quantile,0.2,33,2027-04-17
2027-04-17,wk inc flu hosp,0,51,quantile,0.25,35,2027-04-17
2027-04-17,wk inc flu hosp,0,51,quantile,0.3,37,2027-04-17
2027-04-17,wk inc flu hosp,0,51,quantile,0.35,39,2027-04-17
2027-04-17,wk inc flu hosp,0,51,quantile,0.4,40,2027-04-17
2027-04-17,wk inc flu hosp,0,51,quantile,0.45,41,2027-04-17
2027-04-17,wk inc flu hosp,0,51,quantile,0.5,43,2027-04-17
2027-04-17,wk inc flu hosp,0,51,quantile,0.55,44,2027-04-17
2027-04-17,wk inc flu hosp,0,51,quantile,0.6,45,2027-04-17
2027-04-17,wk inc flu hosp,0,51,quantile,0.65,46,2027-04-17
2027-04-17,wk inc flu hosp,0,51,quantile,0.7,48,2027-04-17
2027-04-17,wk inc flu hosp,0,51,quantile,0.75,50,2027-04-17
2027-04-17,wk inc flu hosp,0,51,quantile,0.8,52,2027-04-17
2027-04-17,wk inc flu hosp,0,51,quantile,0.85,55,2027-04-17
2027-04-17,wk inc flu hosp,0,51,quantile,0.9,57,2027-04-17
2027-04-17,wk inc flu hosp,0,51,quantile,0.95,60,2027-04-17
2027-04-17,wk inc flu hosp,0,51,quantile,0.975,64,2027-04-17
2027-04-17,wk inc flu hosp,0,51,quantile,0.99,69,2027-04-17
2027-04-17,wk inc flu hosp,0,53,quantile,0.01,13,2027-04-17
2027-04-17,wk inc flu hosp,0,53,quantile,0.025,16,2027-04-17
2027-04-17,wk inc flu hosp,0,53,quantile,0.05,17,2027-04-17
2027-04-17,wk inc flu hosp,0,53,quantile,0.1,19,2027-04-17
2027-04-17,wk inc flu hosp,0,53,quantile,0.15,20,2027-04-17
2027-04-17,wk inc flu hosp,0,53,quantile,0.2,21,2027-04-17
2027-04-17,wk inc flu hosp,0,53,quantile,0.25,23,2027-04-17
2027-04-17,wk inc flu hosp,0,53,quantile,0.3,24,2027-04-17
2027-04-17,wk inc flu hosp,0,53,quantile,0.35,25,2027-04-17
2027-04-17,wk inc flu hosp,0,53,quantile,0.4,26,2027-04-17
2027-04-17,wk inc flu hosp,0,53,quantile,0.45,27,2027-04-17
2027-04-17,wk inc flu hosp,0,53,quantile,0.5,28,2027-04-17
2027-04-17,wk inc flu hosp,0,53,quantile,0.55,28,2027-04-17
2027-04-17,wk inc flu hosp,0,53,quantile,0.6,29,2027-04-17
2027-04-17,wk inc flu hosp,0,53,quantile,0.65,31,2027-04-17
2027-04-17,wk inc flu hosp,0,53,quantile,0.7,32,2027-04-17
2027-04-17,wk inc flu hosp,0,53,quantile,0.75,33,2027-04-17
2027-04-17,wk inc flu hosp,0,53,quantile,0.8,35,2027-04-17
2027-04-17,wk inc flu hosp,0,53,quantile,0.85,36,2027-04-17
2027-04-17,wk inc flu hosp,0,53,quantile,0.9,38,2027-04-17
2027-04-17,wk inc flu hosp,0,53,quantile,0.95,43,2027-04-17
2027-04-17,wk inc flu hosp,0,53,quantile,0.975,50,2027-04-17
2027-04-17,wk inc flu hosp,0,53,quantile,0.99,52,2027-04-17
2027-04-17,wk inc flu hosp,0,54,quantile,0.01,5,2027-04-17
2027-04-17,wk inc flu hosp,0,54,quantile,0.025,5,2027-04-17
2027-04-17,wk inc flu hosp,0,54,quantile,0.05,6,2027-04-17
2027-04-17,wk inc flu hosp,0,54,quantile,0.1,7,2027-04-17
2027-04-17,wk inc flu hosp,0,54,quantile,0.15,7,2027-04-17
2027-04-17,wk inc flu hosp,0,54,quantile,0.2,8,2027-04-17
2027-04-17,wk inc flu hosp,0,54,quantile,0.25,9,2027-04-17
2027-04-17,wk inc flu hosp,0,54,quantile,0.3,9,2027-04-17
2027-04-17,wk inc flu hosp,0,54,quantile,0.35,10,2027-04-17
2027-04-17,wk inc flu hosp,0,54,quantile,0.4,11,2027-04-17
2027-04-17,wk inc flu hosp,0,54,quantile,0.45,11,2027-04-17
2027-04-17,wk inc flu hosp,0,54,quantile,0.5,12,2027-04-17
2027-04-17,wk inc flu hosp,0,54,quantile,0.55,12,2027-04-17
2027-04-17,wk inc flu hosp,0,54,quantile,0.6,12,2027-04-17
2027-04-17,wk inc flu hosp,0,54,quantile,0.65,13,2027-04-17
2027-04-17,wk inc flu hosp,0,54,quantile,0.7,14,2027-04-17
2027-04-17,wk inc flu hosp,0,54,quantile,0.75,15,2027-04-17
2027-04-17,wk inc flu hosp,0,54,quantile,0.8,16,2027-04-17
2027-04-17,wk inc flu hosp,0,54,quantile,0.85,16,2027-04-17
2027-04-17,wk inc flu hosp,0,54,quantile,0.9,18,2027-04-17
2027-04-17,wk inc flu hosp,0,54,quantile,0.95,19,2027-04-17
2027-04-17,wk inc flu hosp,0,54,quantile,0.975,21,2027-04-17
2027-04-17,wk inc flu hosp,0,54,quantile,0.99,22,2027-04-17
2027-04-17,wk inc flu hosp,0,55,quantile,0.01,20,2027-04-17
2027-04-17,wk inc flu hosp,0,55,quantile,0.025,21,2027-04-17
2027-04-17,wk inc flu hosp,0,55,quantile,0.05,25,2027-04-17
2027-04-17,wk inc flu hosp,0,55,quantile,0.1,27,2027-04-17
2027-04-17,wk inc flu hosp,0,55,quantile,0.15,29,2027-04-17
2027-04-17,wk inc flu hosp,0,55,quantile,0.2,30,2027-04-17
2027-04-17,wk inc flu hosp,0,55,quantile,0.25,31,2027-04-17
2027-04-17,wk inc flu hosp,0,55,quantile,0.3,32,2027-04-17
2027-04-17,wk inc flu hosp,0,55,quantile,0.35,33,2027-04-17
2027-04-17,wk inc flu hosp,0,55,quantile,0.4,34,2027-04-17
2027-04-17,wk inc flu hosp,0,55,quantile,0.45,36,2027-04-17
2027-04-17,wk inc flu hosp,0,55,quantile,0.5,36,2027-04-17
2027-04-17,wk inc flu hosp,0,55,quantile,0.55,37,2027-04-17
2027-04-17,wk inc flu hosp,0,55,quantile,0.6,38,2027-04-17
2027-04-17,wk inc flu hosp,0,55,quantile,0.65,39,2027-04-17
2027-04-17,wk inc flu hosp,0,55,quantile,0.7,41,2027-04-17
2027-04-17,wk inc flu hosp,0,55,quantile,0.75,43,2027-04-17
2027-04-17,wk inc flu hosp,0,55,quantile,0.8,45,2027-04-17
2027-04-17,wk inc flu hosp,0,55,quantile,0.85,46,2027-04-17
2027-04-17,wk inc flu hosp,0,55,quantile,0.9,49,2027-04-17
2027-04-17,wk inc flu hosp,0,55,quantile,0.95,52,2027-04-17
2027-04-17,wk inc flu hosp,0,55,quantile,0.975,53,2027-04-17
2027-04-17,wk inc flu hosp,0,55,quantile,0.99,55,2027-04-17
2027-04-17,wk inc flu hosp,0,56,quantile,0.01,0,2027-04-17
2027-04-17,wk inc flu hosp,0,56,quantile,0.025,0,2027-04-17
2027-04-17,wk inc flu hosp,0,56,quantile,0.05,0,2027-04-17
2027-04-17,wk inc flu hosp,0,56,quantile,0.1,0,2027-04-17
2027-04-17,wk inc flu hosp,0,56,quantile,0.15,0,2027-04-17
2027-04-17,wk inc flu hosp,0,56,quantile,0.2,0,2027-04-17
2027-04-17,wk inc flu hosp,0,56,quantile,0.25,1,2027-04-17
2027-04-17,wk inc flu hosp,0,56,quantile,0.3,1,2027-04-17
2027-04-17,wk inc flu hosp,0,56,quantile,0.35,1,2027-04-17
2027-04-17,wk inc flu hosp,0,56,quantile,0.4,1,2027-04-17
2027-04-17,wk inc flu hosp,0,56,quantile,0.45,2,2027-04-17
2027-04-17,wk inc flu hosp,0,56,quantile,0.5,2,2027-04-17
2027-04-17,wk inc flu hosp,0,56,quantile,0.55,2,2027-04-17
2027-04-17,wk inc flu hosp,0,56,quantile,0.6,2,2027-04-17
2027-04-17,wk inc flu hosp,0,56,quantile,0.65,3,2027-04-17
2027-04-17,wk inc flu hosp,0,56,quantile,0.7,3,2027-04-17
2027-04-17,wk inc flu hosp,0,56,quantile,0.75,4,2027-04-17
2027-04-17,wk inc flu hosp,0,56,quantile,0.8,4,2027-04-17
2027-04-17,wk inc flu hosp,0,56,quantile,0.85,5,2027-04-17
2027-04-17,wk inc flu hosp,0,56,quantile,0.9,6,2027-04-17
2027-04-17,wk inc flu hosp,0,56,quantile,0.95,9,2027-04-17
2027-04-17,wk inc flu hosp,0,56,quantile,0.975,11,2027-04-17
2027-04-17,wk inc flu hosp,0,56,quantile,0.99,12,2027-04-17
2027-04-17,wk inc flu hosp,0,72,quantile,0.01,50,2027-04-17
2027-04-17,wk inc flu hosp,0,72,quantile,0.025,56,2027-04-17
2027-04-17,wk inc flu hosp,0,72,quantile,0.05,61,2027-04-17
2027-04-17,wk inc flu hosp,0,72,quantile,0.1,67,2027-04-17
2027-04-17,wk inc flu hosp,0,72,quantile,0.15,72,2027-04-17
2027-04-17,wk inc flu hosp,0,72,quantile,0.2,74,2027-04-17
2027-04-17,wk inc flu hosp,0,72,quantile,0.25,77,2027-04-17
2027-04-17,wk inc flu hosp,0,72,quantile,0.3,80,2027-04-17
2027-04-17,wk inc flu hosp,0,72,quantile,0.35,86,2027-04-17
2027-04-17,wk inc flu hosp,0,72,quantile,0.4,88,2027-04-17
2027-04-17,wk inc flu hosp,0,72,quantile,0.45,90,2027-04-17
2027-04-17,wk inc flu hosp,0,72,quantile,0.5,94,2027-04-17
2027-04-17,wk inc flu hosp,0,72,quantile,0.55,95,2027-04-17
2027-04-17,wk inc flu hosp,0,72,quantile,0.6,100,2027-04-17
2027-04-17,wk inc flu hosp,0,72,quantile,0.65,103,2027-04-17
2027-04-17,wk inc flu hosp,0,72,quantile,0.7,109,2027-04-17
2027-04-17,wk inc flu hosp,0,72,quantile,0.75,113,2027-04-17
2027-04-17,wk inc flu hosp,0,72,quantile,0.8,117,2027-04-17
2027-04-17,wk inc flu hosp,0,72,quantile,0.85,120,2027-04-17
2027-04-17,wk inc flu hosp,0,72,quantile,0.9,123,2027-04-17
2027-04-17,wk inc flu hosp,0,72,quantile,0.95,133,2027-04-17
2027-04-17,wk inc flu hosp,0,72,quantile,0.975,138,2027-04-17
2027-04-17,wk inc flu hosp,0,72,quantile,0.99,158,2027-04-17
2027-04-17,wk inc flu hosp,0,USA,quantile,0.01,2087,2027-04-17
2027-04-17,wk inc flu hosp,0,USA,quantile,0.025,2100,2027-04-17
2027-04-17,wk inc flu hosp,0,USA,quantile,0.05,2218,2027-04-17
2027-04-17,wk inc flu hosp,0,USA,quantile,0.1,2259,2027-04-17
2027-04-17,wk inc flu hosp,0,USA,quantile,0.15,2297,2027-04-17
2027-04-17,wk inc flu hosp,0,USA,quantile,0.2,2318,2027-04-17
2027-04-17,wk inc flu hosp,0,USA,quantile,0.25,2335,2027-04-17
2027-04-17,wk inc flu hosp,0,USA,quantile,0.3,2358,2027-04-17
2027-04-17,wk inc flu hosp,0,USA,quantile,0.35,2374,2027-04-17
2027-04-17,wk inc flu hosp,0,USA,quantile,0.4,2386,2027-04-17
2027-04-17,wk inc flu hosp,0,USA,quantile,0.45,2395,2027-04-17
2027-04-17,wk inc flu hosp,0,USA,quantile,0.5,2418,2027-04-17
2027-04-17,wk inc flu hosp,0,USA,quantile,0.55,2436,2027-04-17
2027-04-17,wk inc flu hosp,0,USA,quantile,0.6,2450,2027-04-17
2027-04-17,wk inc flu hosp,0,USA,quantile,0.65,2458,2027-04-17
2027-04-17,wk inc flu hosp,0,USA,quantile,0.7,2478,2027-04-17
2027-04-17,wk inc flu hosp,0,USA,quantile,0.75,2496,2027-04-17
2027-04-17,wk inc flu hosp,0,USA,quantile,0.8,2518,2027-04-17
2027-04-17,wk inc flu hosp,0,USA,quantile,0.85,2554,2027-04-17
2027-04-17,wk inc flu hosp,0,USA,quantile,0.9,2597,2027-04-17
2027-04-17,wk inc flu hosp,0,USA,quantile,0.95,2664,2027-04-17
2027-04-17,wk inc flu hosp,0,USA,quantile,0.975,2704,2027-04-17
2027-04-17,wk inc flu hosp,0,USA,quantile,0.99,2787,2027-04-17
2027-04-17,wk inc flu hosp,1,01,quantile,0.01,6,2027-04-24
2027-04-17,wk inc flu hosp,1,01,quantile,0.025,7,2027-04-24
2027-04-17,wk inc flu hosp,1,01,quantile,0.05,9,2027-04-24
2027-04-17,wk inc flu hosp,1,01,quantile,0.1,10,2027-04-24
2027-04-17,wk inc flu hosp,1,01,quantile,0.15,11,2027-04-24
2027-04-17,wk inc flu hosp,1,01,quantile,0.2,12,2027-04-24
2027-04-17,wk inc flu hosp,1,01,quantile,0.25,13,2027-04-24
2027-04-17,wk inc flu hosp,1,01,quantile,0.3,14,2027-04-24
2027-04-17,wk inc flu hosp,1,01,quantile,0.35,15,2027-04-24
2027-04-17,wk inc flu hosp,1,01,quantile,0.4,15,2027-04-24
2027-04-17,wk inc flu hosp,1,01,quantile,0.45,16,2027-04-24
2027-04-17,wk inc flu hosp,1,01,quantile,0.5,16,2027-04-24
2027-04-17,wk inc flu hosp,1,01,quantile,0.55,17,2027-04-24
2027-04-17,wk inc flu hosp,1,01,quantile,0.6,18,2027-04-24
2027-04-17,wk inc flu hosp,1,01,quantile,0.65,19,2027-04-24
2027-04-17,wk inc flu hosp,1,01,quantile,0.7,19,2027-04-24
2027-04-17,wk inc flu hosp,1,01,quantile,0.75,21,2027-04-24
2027-04-17,wk inc flu hosp,1,01,quantile,0.8,23,2027-04-24
2027-04-17,wk inc flu hosp,1,01,quantile,0.85,24,2027-04-24
2027-04-17,wk inc flu hosp,1,01,quantile,0.9,26,2027-04-24
2027-04-17,wk inc flu hosp,1,01,quantile,0.95,30,2027-04-24
2027-04-17,wk inc flu hosp,1,01,quantile,0.975,32,2027-04-24
2027-04-17,wk inc flu hosp,1,01,quantile,0.99,33,2027-04-24
2027-04-17,wk inc flu hosp,1,02,quantile,0.01,0,2027-04-24
2027-04-17,wk inc flu hosp,1,02,quantile,0.025,0,2027-04-24
2027-04-17,wk inc flu hosp,1,02,quantile,0.05,0,2027-04-24
2027-04-17,wk inc flu hosp,1,02,quantile,0.1,0,2027-04-24
2027-04-17,wk inc flu hosp,1,02,quantile,0.15,0,2027-04-24
2027-04-17,wk inc flu hosp,1,02,quantile,0.2,0,2027-04-24
2027-04-17,wk inc flu hosp,1,02,quantile,0.25,0,2027-04-24
2027-04-17,wk inc flu hosp,1,02,quantile,0.3,0,2027-04-24
2027-04-17,wk inc flu hosp,1,02,quantile,0.35,0,2027-04-24
2027-04-17,wk inc flu hosp,1,02,quantile,0.4,1,2027-04-24
2027-04-17,wk inc flu hosp,1,02,quantile,0.45,1,2027-04-24
2027-04-17,wk inc flu hosp,1,02,quantile,0.5,1,2027-04-24
2027-04-17,wk inc flu hosp,1,02,quantile,0.55,2,2027-04-24
2027-04-17,wk inc flu hosp,1,02,quantile,0.6,3,2027-04-24
2027-04-17,wk inc flu hosp,1,02,quantile,0.65,3,2027-04-24
2027-04-17,wk inc flu hosp,1,02,quantile,0.7,4,2027-04-24
2027-04-17,wk inc flu hosp,1,02,quantile,0.75,4,2027-04-24
2027-04-17,wk inc flu hosp,1,02,quantile,0.8,5,2027-04-24
2027-04-17,wk inc flu hosp,1,02,quantile,0.85,6,2027-04-24
2027-04-17,wk inc flu hosp,1,02,quantile,0.9,7,2027-04-24
2027-04-17,wk inc flu hosp,1,02,quantile,0.95,10,2027-04-24
2027-04-17,wk inc flu hosp,1,02,quantile,0.975,10,2027-04-24
2027-04-17,wk inc flu hosp,1,02,quantile,0.99,14,2027-04-24
2027-04-17,wk inc flu hosp,1,04,quantile,0.01,34,2027-04-24
2027-04-17,wk inc flu hosp,1,04,quantile,0.025,36,2027-04-24
2027-04-17,wk inc flu hosp,1,04,quantile,0.05,40,2027-04-24
2027-04-17,wk inc flu hosp,1,04,quantile,0.1,44,2027-04-24
2027-04-17,wk inc flu hosp,1,04,quantile,0.15,46,2027-04-24
2027-04-17,wk inc flu hosp,1,04,quantile,0.2,49,2027-04-24
2027-04-17,wk inc flu hosp,1,04,quantile,0.25,51,2027-04-24
2027-04-17,wk inc flu hosp,1,04,quantile,0.3,54,2027-04-24
2027-04-17,wk inc flu hosp,1,04,quantile,0.35,57,2027-04-24
2027-04-17,wk inc flu hosp,1,04,quantile,0.4,58,2027-04-24
2027-04-17,wk inc flu hosp,1,04,quantile,0.45,60,2027-04-24
2027-04-17,wk inc flu hosp,1,04,quantile,0.5,63,2027-04-24
2027-04-17,wk inc flu hosp,1,04,quantile,0.55,64,2027-04-24
2027-04-17,wk inc flu hosp,1,04,quantile,0.6,67,2027-04-24
2027-04-17,wk inc flu hosp,1,04,quantile,0.65,69,2027-04-24
2027-04-17,wk inc flu hosp,1,04,quantile,0.7,73,2027-04-24
2027-04-17,wk inc flu hosp,1,04,quantile,0.75,75,2027-04-24
2027-04-17,wk inc flu hosp,1,04,quantile,0.8,77,2027-04-24
2027-04-17,wk inc flu hosp,1,04,quantile,0.85,78,2027-04-24
2027-04-17,wk inc flu hosp,1,04,quantile,0.9,85,2027-04-24
2027-04-17,wk inc flu hosp,1,04,quantile,0.95,92,2027-04-24
2027-04-17,wk inc flu hosp,1,04,quantile,0.975,95,2027-04-24
2027-04-17,wk inc flu hosp,1,04,quantile,0.99,109,2027-04-24
2027-04-17,wk inc flu hosp,1,05,quantile,0.01,4,2027-04-24
2027-04-17,wk inc flu hosp,1,05,quantile,0.025,4,2027-04-24
2027-04-17,wk inc flu hosp,1,05,quantile,0.05,5,2027-04-24
2027-04-17,wk inc flu hosp,1,05,quantile,0.1,7,2027-04-24
2027-04-17,wk inc flu hosp,1,05,quantile,0.15,8,2027-04-24
2027-04-17,wk inc flu hosp,1,05,quantile,0.2,8,2027-04-24
2027-04-17,wk inc flu hosp,1,05,quantile,0.25,9,2027-04-24
2027-04-17,wk inc flu hosp,1,05,quantile,0.3,10,2027-04-24
2027-04-17,wk inc flu hosp,1,05,quantile,0.35,11,2027-04-24
2027-04-17,wk inc flu hosp,1,05,quantile,0.4,12,2027-04-24
2027-04-17,wk inc flu hosp,1,05,quantile,0.45,13,2027-04-24
2027-04-17,wk inc flu hosp,1,05,quantile,0.5,13,2027-04-24
2027-04-17,wk inc flu hosp,1,05,quantile,0.55,14,2027-04-24
2027-04-17,wk inc flu hosp,1,05,quantile,0.6,15,2027-04-24
2027-04-17,wk inc flu hosp,1,05,quantile,0.65,16,2027-04-24
2027-04-17,wk inc flu hosp,1,05,quantile,0.7,16,2027-04-24
2027-04-17,wk inc flu hosp,1,05,quantile,0.75,17,2027-04-24
2027-04-17,wk inc flu hosp,1,05,quantile,0.8,19,2027-04-24
2027-04-17,wk inc flu hosp,1,05,quantile,0.85,20,2027-04-24
2027-04-17,wk inc flu hosp,1,05,quantile,0.9,21,2027-04-24
2027-04-17,wk inc flu hosp,1,05,quantile,0.95,24,2027-04-24
2027-04-17,wk inc flu hosp,1,05,quantile,0.975,27,2027-04-24
2027-04-17,wk inc flu hosp,1,05,quantile,0.99,28,2027-04-24
2027-04-17,wk inc flu hosp,1,06,quantile,0.01,88,2027-04-24
2027-04-17,wk inc flu hosp,1,06,quantile,0.025,110,2027-04-24
2027-04-17,wk inc flu hosp,1,06,quantile,0.05,122,2027-04-24
2027-04-17,wk inc flu hosp,1,06,quantile,0.1,134,2027-04-24
2027-04-17,wk inc flu hosp,1,06,quantile,0.15,141,2027-04-24
2027-04-17,wk inc flu hosp,1,06,quantile,0.2,154,2027-04-24
2027-04-17,wk inc flu hosp,1,06,quantile,0.25,157,2027-04-24
2027-04-17,wk inc flu hosp,1,06,quantile,0.3,163,2027-04-24
2027-04-17,wk inc flu hosp,1,06,quantile,0.35,171,2027-04-24
2027-04-17,wk inc flu hosp,1,06,quantile,0.4,175,2027-04-24
2027-04-17,wk inc flu hosp,1,06,quantile,0.45,179,2027-04-24
2027-04-17,wk inc flu hosp,1,06,quantile,0.5,181,2027-04-24
2027-04-17,wk inc flu hosp,1,06,quantile,0.55,185,2027-04-24
2027-04-17,wk inc flu hosp,1,06,quantile,0.6,191,2027-04-24
2027-04-17,wk inc flu hosp,1,06,quantile,0.65,195,2027-04-24
2027-04-17,wk inc flu hosp,1,06,quantile,0.7,202,2027-04-24
2027-04-17,wk inc flu hosp,1,06,quantile,0.75,212,2027-04-24
2027-04-17,wk inc flu hosp,1,06,quantile,0.8,222,2027-04-24
2027-04-17,wk inc flu hosp,1,06,quantile,0.85,231,2027-04-24
2027-04-17,wk inc flu hosp,1,06,quantile,0.9,247,2027-04-24
2027-04-17,wk inc flu hosp,1,06,quantile,0.95,263,2027-04-24
2027-04-17,wk inc flu hosp,1,06,quantile,0.975,280,2027-04-24
2027-04-17,wk inc flu hosp,1,06,quantile,0.99,320,2027-04-24
2027-04-17,wk inc flu hosp,1,08,quantile,0.01,12,2027-04-24
2027-04-17,wk inc flu hosp,1,08,quantile,0.025,13,2027-04-24
2027-04-17,wk inc flu hosp,1,08,quantile,0.05,14,2027-04-24
2027-04-17,wk inc flu hosp,1,08,quantile,0.1,15,2027-04-24
2027-04-17,wk inc flu hosp,1,08,quantile,0.15,16,2027-04-24
2027-04-17,wk inc flu hosp,1,08,quantile,0.2,17,2027-04-24
2027-04-17,wk inc flu hosp,1,08,quantile,0.25,19,2027-04-24
2027-04-17,wk inc flu hosp,1,08,quantile,0.3,19,2027-04-24
2027-04-17,wk inc flu hosp,1,08,quantile,0.35,20,2027-04-24
2027-04-17,wk inc flu hosp,1,08,quantile,0.4,21,2027-04-24
2027-04-17,wk inc flu hosp,1,08,quantile,0.45,21,2027-04-24
2027-04-17,wk inc flu hosp,1,08,quantile,0.5,22,2027-04-24
2027-04-17,wk inc flu hosp,1,08,quantile,0.55,23,2027-04-24
2027-04-17,wk inc flu hosp,1,08,quantile,0.6,24,2027-04-24
2027-04-17,wk inc flu hosp,1,08,quantile,0.65,25,2027-04-24
2027-04-17,wk inc flu hosp,1,08,quantile,0.7,26,2027-04-24
2027-04-17,wk inc flu hosp,1,08,quantile,0.75,27,2027-04-24
2027-04-17,wk inc flu hosp,1,08,quantile,0.8,28,2027-04-24
2027-04-17,wk inc flu hosp,1,08,quantile,0.85,30,2027-04-24
2027-04-17,wk inc flu hosp,1,08,quantile,0.9,32,2027-04-24
2027-04-17,wk inc flu hosp,1,08,quantile,0.95,36,2027-04-24
2027-04-17,wk inc flu hosp,1,08,quantile,0.975,39,2027-04-24
2027-04-17,wk inc flu hosp,1,08,quantile,0.99,41,2027-04-24
2027-04-17,wk inc flu hosp,1,09,quantile,0.01,13,2027-04-24
2027-04-17,wk inc flu hosp,1,09,quantile,0.025,13,2027-04-24
2027-04-17,wk inc flu hosp,1,09,quantile,0.05,15,2027-04-24
2027-04-17,wk inc flu hosp,1,09,quantile,0.1,17,2027-04-24
2027-04-17,wk inc flu hosp,1,09,quantile,0.15,18,2027-04-24
2027-04-17,wk inc flu hosp,1,09,quantile,0.2,19,2027-04-24
2027-04-17,wk inc flu hosp,1,09,quantile,0.25,21,2027-04-24
2027-04-17,wk inc flu hosp,1,09,quantile,0.3,22,2027-04-24
2027-04-17,wk inc flu hosp,1,09,quantile,0.35,23,2027-04-24
2027-04-17,wk inc flu hosp,1,09,quantile,0.4,24,2027-04-24
2027-04-17,wk inc flu hosp,1,09,quantile,0.45,25,2027-04-24
2027-04-17,wk inc flu hosp,1,09,quantile,0.5,26,2027-04-24
2027-04-17,wk inc flu hosp,1,09,quantile,0.55,27,2027-04-24
2027-04-17,wk inc flu hosp,1,09,quantile,0.6,28,2027-04-24
2027-04-17,wk inc flu hosp,1,09,quantile,0.65,29,2027-04-24
2027-04-17,wk inc flu hosp,1,09,quantile,0.7,29,2027-04-24
2027-04-17,wk inc flu hosp,1,09,quantile,0.75,32,2027-04-24
2027-04-17,wk inc flu hosp,1,09,quantile,0.8,33,2027-04-24
2027-04-17,wk inc flu hosp,1,09,quantile,0.85,35,2027-04-24
2027-04-17,wk inc flu hosp,1,09,quantile,0.9,38,2027-04-24
2027-04-17,wk inc flu hosp,1,09,quantile,0.95,41,2027-04-24
2027-04-17,wk inc flu hosp,1,09,quantile,0.975,46,2027-04-24
2027-04-17,wk inc flu hosp,1,09,quantile,0.99,53,2027-04-24
2027-04-17,wk inc flu hosp,1,10,quantile,0.01,0,2027-04-24
2027-04-17,wk inc flu hosp,1,10,quantile,0.025,0,2027-04-24
2027-04-17,wk inc flu hosp,1,10,quantile,0.05,0,2027-04-24
2027-04-17,wk inc flu hosp,1,10,quantile,0.1,0,2027-04-24
2027-04-17,wk inc flu hosp,1,10,quantile,0.15,0,2027-04-24
2027-04-17,wk inc flu hosp,1,10,quantile,0.2,0,2027-04-24
2027-04-17,wk inc flu hosp,1,10,quantile,0.25,0,2027-04-24
2027-04-17,wk inc flu hosp,1,10,quantile,0.3,0,2027-04-24
2027-04-17,wk inc flu hosp,1,10,quantile,0.35,0,2027-04-24
2027-04-17,wk inc flu hosp,1,10,quantile,0.4,0,2027-04-24
2027-04-17,wk inc flu hosp,1,10,quantile,0.45,1,2027-04-24
2027-04-17,wk inc flu hosp,1,10,quantile,0.5,1,2027-04-24
2027-04-17,wk inc flu hosp,1,10,quantile,0.55,1,2027-04-24
2027-04-17,wk inc flu hosp,1,10,quantile,0.6,1,2027-04-24
2027-04-17,wk inc flu hosp,1,10,quantile,0.65,1,2027-04-24
2027-04-17,wk inc flu hosp,1,10,quantile,0.7,2,2027-04-24
2027-04-17,wk inc flu hosp,1,10,quantile,0.75,2,2027-04-24
2027-04-17,wk inc flu hosp,1,10,quantile,0.8,2,2027-04-24
2027-04-17,wk inc flu hosp,1,10,quantile,0.85,3,2027-04-24
2027-04-17,wk inc flu hosp,1,10,quantile,0.9,3,2027-04-24
2027-04-17,wk inc flu hosp,1,10,quantile,0.95,5,2027-04-24
2027-04-17,wk inc flu hosp,1,10,quantile,0.975,7,2027-04-24
2027-04-17,wk inc flu hosp,1,10,quantile,0.99,8,2027-04-24
2027-04-17,wk inc flu hosp,1,11,quantile,0.01,0,2027-04-24
2027-04-17,wk inc flu hosp,1,11,quantile,0.025,0,2027-04-24
2027-04-17,wk inc flu hosp,1,11,quantile,0.05,0,2027-04-24
2027-04-17,wk inc flu hosp,1,11,quantile,0.1,0,2027-04-24
2027-04-17,wk inc flu hosp,1,11,quantile,0.15,0,2027-04-24
2027-04-17,wk inc flu hosp,1,11,quantile,0.2,1,2027-04-24
2027-04-17,wk inc flu hosp,1,11,quantile,0.25,1,2027-04-24
2027-04-17,wk inc flu hosp,1,11,quantile,0.3,1,2027-04-24
2027-04-17,wk inc flu hosp,1,11,quantile,0.35,2,2027-04-24
2027-04-17,wk inc flu hosp,1,11,quantile,0.4,2,2027-04-24
2027-04-17,wk inc flu hosp,1,11,quantile,0.45,3,2027-04-24
2027-04-17,wk inc flu hosp,1,11,quantile,0.5,3,2027-04-24
2027-04-17,wk inc flu hosp,1,11,quantile,0.55,3,2027-04-24
2027-04-17,wk inc flu hosp,1,11,quantile,0.6,4,2027-04-24
2027-04-17,wk inc flu hosp,1,11,quantile,0.65,5,2027-04-24
2027-04-17,wk inc flu hosp,1,11,quantile,0.7,5,2027-04-24
2027-04-17,wk inc flu hosp,1,11,quantile,0.75,6,2027-04-24
2027-04-17,wk inc flu hosp,1,11,quantile,0.8,7,2027-04-24
2027-04-17,wk inc flu hosp,1,11,quantile,0.85,8,2027-04-24
2027-04-17,wk inc flu hosp,1,11,quantile,0.9,10,2027-04-24
2027-04-17,wk inc flu hosp,1,11,quantile,0.95,12,2027-04-24
2027-04-17,wk inc flu hosp,1,11,quantile,0.975,14,2027-04-24
2027-04-17,wk inc flu hosp,1,11,quantile,0.99,17,2027-04-24
2027-04-17,wk inc flu hosp,1,12,quantile,0.01,112,2027-04-24
2027-04-17,wk inc flu hosp,1,12,quantile,0.025,129,2027-04-24
2027-04-17,wk inc flu hosp,1,12,quantile,0.05,134,2027-04-24
2027-04-17,wk inc flu hosp,1,12,quantile,0.1,148,2027-04-24
2027-04-17,wk inc flu hosp,1,12,quantile,0.15,157,2027-04-24
2027-04-17,wk inc flu hosp,1,12,quantile,0.2,165,2027-04-24
2027-04-17,wk inc flu hosp,1,12,quantile,0.25,168,2027-04-24
2027-04-17,wk inc flu hosp,1,12,quantile,0.3,171,2027-04-24
2027-04-17,wk inc flu hosp,1,12,quantile,0.35,182,2027-04-24
2027-04-17,wk inc flu hosp,1,12,quantile,0.4,187,2027-04-24
2027-04-17,wk inc flu hosp,1,12,quantile,0.45,189,2027-04-24
2027-04-17,wk inc flu hosp,1,12,quantile,0.5,194,2027-04-24
2027-04-17,wk inc flu hosp,1,12,quantile,0.55,202,2027-04-24
2027-04-17,wk inc flu hosp,1,12,quantile,0.6,207,2027-04-24
2027-04-17,wk inc flu hosp,1,12,quantile,0.65,215,2027-04-24
2027-04-17,wk inc flu hosp,1,12,quantile,0.7,218,2027-04-24
2027-04-17,wk inc flu hosp,1,12,quantile,0.75,226,2027-04-24
2027-04-17,wk inc flu hosp,1,12,quantile,0.8,234,2027-04-24
2027-04-17,wk inc flu hosp,1,12,quantile,0.85,242,2027-04-24
2027-04-17,wk inc flu hosp,1,12,quantile,0.9,254,2027-04-24
2027-04-17,wk inc flu hosp,1,12,quantile,0.95,272,2027-04-24
2027-04-17,wk inc flu hosp,1,12,quantile,0.975,295,2027-04-24
2027-04-17,wk inc flu hosp,1,12,quantile,0.99,320,2027-04-24
2027-04-17,wk inc flu hosp,1,13,quantile,0.01,15,2027-04-24
2027-04-17,wk inc flu hosp,1,13,quantile,0.025,18,2027-04-24
2027-04-17,wk inc flu hosp,1,13,quantile,0.05,19,2027-04-24
2027-04-17,wk inc flu hosp,1,13,quantile,0.1,21,2027-04-24
2027-04-17,wk inc flu hosp,1,13,quantile,0.15,22,2027-04-24
2027-04-17,wk inc flu hosp,1,13,quantile,0.2,23,2027-04-24
2027-04-17,wk inc flu hosp,1,13,quantile,0.25,25,2027-04-24
2027-04-17,wk inc flu hosp,1,13,quantile,0.3,26,2027-04-24
2027-04-17,wk inc flu hosp,1,13,quantile,0.35,28,2027-04-24
2027-04-17,wk inc flu hosp,1,13,quantile,0.4,29,2027-04-24
2027-04-17,wk inc flu hosp,1,13,quantile,0.45,29,2027-04-24
2027-04-17,wk inc flu hosp,1,13,quantile,0.5,31,2027-04-24
2027-04-17,wk inc flu hosp,1,13,quantile,0.55,32,2027-04-24
2027-04-17,wk inc flu hosp,1,13,quantile,0.6,33,2027-04-24
2027-04-17,wk inc flu hosp,1,13,quantile,0.65,35,2027-04-24
2027-04-17,wk inc flu hosp,1,13,quantile,0.7,36,2027-04-24
2027-04-17,wk inc flu hosp,1,13,quantile,0.75,38,2027-04-24
2027-04-17,wk inc flu hosp,1,13,quantile,0.8,40,2027-04-24
2027-04-17,wk inc flu hosp,1,13,quantile,0.85,42,2027-04-24
2027-04-17,wk inc flu hosp,1,13,quantile,0.9,44,2027-04-24
2027-04-17,wk inc flu hosp,1,13,quantile,0.95,49,2027-04-24
2027-04-17,wk inc flu hosp,1,13,quantile,0.975,52,2027-04-24
2027-04-17,wk inc flu hosp,1,13,quantile,0.99,62,2027-04-24
2027-04-17,wk inc flu hosp,1,15,quantile,0.01,2,2027-04-24
2027-04-17,wk inc flu hosp,1,15,quantile,0.025,4,2027-04-24
2027-04-17,wk inc flu hosp,1,15,quantile,0.05,5,2027-04-24
2027-04-17,wk inc flu hosp,1,15,quantile,0.1,6,2027-04-24
2027-04-17,wk inc flu hosp,1,15,quantile,0.15,8,2027-04-24
2027-04-17,wk inc flu hosp,1,15,quantile,0.2,8,2027-04-24
2027-04-17,wk inc flu hosp,1,15,quantile,0.25,9,2027-04-24
2027-04-17,wk inc flu hosp,1,15,quantile,0.3,9,2027-04-24
2027-04-17,wk inc flu hosp,1,15,quantile,0.35,10,2027-04-24
2027-04-17,wk inc flu hosp,1,15,quantile,0.4,10,2027-04-24
2027-04-17,wk inc flu hosp,1,15,quantile,0.45,11,2027-04-24
2027-04-17,wk inc flu hosp,1,15,quantile,0.5,11,2027-04-24
2027-04-17,wk inc flu hosp,1,15,quantile,0.55,12,2027-04-24
2027-04-17,wk inc flu hosp,1,15,quantile,0.6,12,2027-04-24
2027-04-17,wk inc flu hosp,1,15,quantile,0.65,13,2027-04-24
2027-04-17,wk inc flu hosp,1,15,quantile,0.7,14,2027-04-24
2027-04-17,wk inc flu hosp,1,15,quantile,0.75,16,2027-04-24
2027-04-17,wk inc flu hosp,1,15,quantile,0.8,17,2027-04-24
2027-04-17,wk inc flu hosp,1,15,quantile,0.85,19,2027-04-24
2027-04-17,wk inc flu hosp,1,15,quantile,0.9,20,2027-04-24
2027-04-17,wk inc flu hosp,1,15,quantile,0.95,24,2027-04-24
2027-04-17,wk inc flu hosp,1,15,quantile,0.975,26,2027-04-24
2027-04-17,wk inc flu hosp,1,15,quantile,0.99,28,2027-04-24
2027-04-17,wk inc flu hosp,1,16,quantile,0.01,0,2027-04-24
2027-04-17,wk inc flu hosp,1,16,quantile,0.025,0,2027-04-24
2027-04-17,wk inc flu hosp,1,16,quantile,0.05,1,2027-04-24
2027-04-17,wk inc flu hosp,1,16,quantile,0.1,2,2027-04-24
2027-04-17,wk inc flu hosp,1,16,quantile,0.15,2,2027-04-24
2027-04-17,wk inc flu hosp,1,16,quantile,0.2,3,2027-04-24
2027-04-17,wk inc flu hosp,1,16,quantile,0.25,3,2027-04-24
2027-04-17,wk inc flu hosp,1,16,quantile,0.3,3,2027-04-24
2027-04-17,wk inc flu hosp,1,16,quantile,0.35,4,2027-04-24
2027-04-17,wk inc flu hosp,1,16,quantile,0.4,4,2027-04-24
2027-04-17,wk inc flu hosp,1,16,quantile,0.45,5,2027-04-24
2027-04-17,wk inc flu hosp,1,16,quantile,0.5,5,2027-04-24
2027-04-17,wk inc flu hosp,1,16,quantile,0.55,6,2027-04-24
2027-04-17,wk inc flu hosp,1,16,quantile,0.6,6,2027-04-24
2027-04-17,wk inc flu hosp,1,16,quantile,0.65,7,2027-04-24
2027-04-17,wk inc flu hosp,1,16,quantile,0.7,7,2027-04-24
2027-04-17,wk inc flu hosp,1,16,quantile,0.75,8,2027-04-24
2027-04-17,wk inc flu hosp,1,16,quantile,0.8,9,2027-04-24
2027-04-17,wk inc flu hosp,1,16,quantile,0.85,10,2027-04-24
2027-04-17,wk inc flu hosp,1,16,quantile,0.9,12,2027-04-24
2027-04-17,wk inc flu hosp,1,16,quantile,0.95,14,2027-04-24
2027-04-17,wk inc flu hosp,1,16,quantile,0.975,16,2027-04-24
2027-04-17,wk inc flu hosp,1,16,quantile,0.99,18,2027-04-24
2027-04-17,wk inc flu hosp,1,17,quantile,0.01,46,2027-04-24
2027-04-17,wk inc flu hosp,1,17,quantile,0.025,49,2027-04-24
2027-04-17,wk inc flu hosp,1,17,quantile,0.05,54,2027-04-24
2027-04-17,wk inc flu hosp,1,17,quantile,0.1,60,2027-04-24
2027-04-17,wk inc flu hosp,1,17,quantile,0.15,62,2027-04-24
2027-04-17,wk inc flu hosp,1,17,quantile,0.2,65,2027-04-24
2027-04-17,wk inc flu hosp,1,17,quantile,0.25,66,2027-04-24
2027-04-17,wk inc flu hosp,1,17,quantile,0.3,67,2027-04-24
2027-04-17,wk inc flu hosp,1,17,quantile,0.35,69,2027-04-24
2027-04-17,wk inc flu hosp,1,17,quantile,0.4,72,2027-04-24
2027-04-17,wk inc flu hosp,1,17,quantile,0.45,73,2027-04-24
2027-04-17,wk inc flu hosp,1,17,quantile,0.5,76,2027-04-24
2027-04-17,wk inc flu hosp,1,17,quantile,0.55,79,2027-04-24
2027-04-17,wk inc flu hosp,1,17,quantile,0.6,82,2027-04-24
2027-04-17,wk inc flu hosp,1,17,quantile,0.65,86,2027-04-24
2027-04-17,wk inc flu hosp,1,17,quantile,0.7,89,2027-04-24
2027-04-17,wk inc flu hosp,1,17,quantile,0.75,92,2027-04-24
2027-04-17,wk inc flu hosp,1,17,quantile,0.8,96,2027-04-24
2027-04-17,wk inc flu hosp,1,17,quantile,0.85,99,2027-04-24
2027-04-17,wk inc flu hosp,1,17,quantile,0.9,102,2027-04-24
2027-04-17,wk inc flu hosp,1,17,quantile,0.95,107,2027-04-24
2027-04-17,wk inc flu hosp,1,17,quantile,0.975,121,2027-04-24
2027-04-17,wk inc flu hosp,1,17,quantile,0.99,131,2027-04-24
2027-04-17,wk inc flu hosp,1,18,quantile,0.01,13,2027-04-24
2027-04-17,wk inc flu hosp,1,18,quantile,0.025,14,2027-04-24
2027-04-17,wk inc flu hosp,1,18,quantile,0.05,17,2027-04-24
2027-04-17,wk inc flu hosp,1,18,quantile,0.1,19,2027-04-24
2027-04-17,wk inc flu hosp,1,18,quantile,0.15,20,2027-04-24
2027-04-17,wk inc flu hosp,1,18,quantile,0.2,22,2027-04-24
2027-04-17,wk inc flu hosp,1,18,quantile,0.25,25,2027-04-24
2027-04-17,wk inc flu hosp,1,18,quantile,0.3,25,2027-04-24
2027-04-17,wk inc flu hosp,1,18,quantile,0.35,26,2027-04-24
2027-04-17,wk inc flu hosp,1,18,quantile,0.4,27,2027-04-24
2027-04-17,wk inc flu hosp,1,18,quantile,0.45,27,2027-04-24
2027-04-17,wk inc flu hosp,1,18,quantile,0.5,28,2027-04-24
2027-04-17,wk inc flu hosp,1,18,quantile,0.55,30,2027-04-24
2027-04-17,wk inc flu hosp,1,18,quantile,0.6,31,2027-04-24
2027-04-17,wk inc flu hosp,1,18,quantile,0.65,32,2027-04-24
2027-04-17,wk inc flu hosp,1,18,quantile,0.7,33,2027-04-24
2027-04-17,wk inc flu hosp,1,18,quantile,0.75,34,2027-04-24
2027-04-17,wk inc flu hosp,1,18,quantile,0.8,36,2027-04-24
2027-04-17,wk inc flu hosp,1,18,quantile,0.85,38,2027-04-24
2027-04-17,wk inc flu hosp,1,18,quantile,0.9,40,2027-04-24
2027-04-17,wk inc flu hosp,1,18,quantile,0.95,43,2027-04-24
2027-04-17,wk inc flu hosp,1,18,quantile,0.975,45,2027-04-24
2027-04-17,wk inc flu hosp,1,18,quantile,0.99,48,2027-04-24
2027-04-17,wk inc flu hosp,1,19,quantile,0.01,5,2027-04-24
2027-04-17,wk inc flu hosp,1,19,quantile,0.025,5,2027-04-24
2027-04-17,wk inc flu hosp,1,19,quantile,0.05,5,2027-04-24
2027-04-17,wk inc flu hosp,1,19,quantile,0.1,8,2027-04-24
2027-04-17,wk inc flu hosp,1,19,quantile,0.15,10,2027-04-24
2027-04-17,wk inc flu hosp,1,19,quantile,0.2,10,2027-04-24
2027-04-17,wk inc flu hosp,1,19,quantile,0.25,11,2027-04-24
2027-04-17,wk inc flu hosp,1,19,quantile,0.3,11,2027-04-24
2027-04-17,wk inc flu hosp,1,19,quantile,0.35,12,2027-04-24
2027-04-17,wk inc flu hosp,1,19,quantile,0.4,13,2027-04-24
2027-04-17,wk inc flu hosp,1,19,quantile,0.45,13,2027-04-24
2027-04-17,wk inc flu hosp,1,19,quantile,0.5,14,2027-04-24
2027-04-17,wk inc flu hosp,1,19,quantile,0.55,14,2027-04-24
2027-04-17,wk inc flu hosp,1,19,quantile,0.6,15,2027-04-24
2027-04-17,wk inc flu hosp,1,19,quantile,0.65,16,2027-04-24
2027-04-17,wk inc flu hosp,1,19,quantile,0.7,17,2027-04-24
2027-04-17,wk inc flu hosp,1,19,quantile,0.75,18,2027-04-24
2027-04-17,wk inc flu hosp,1,19,quantile,0.8,18,2027-04-24
2027-04-17,wk inc flu hosp,1,19,quantile,0.85,19,2027-04-24
2027-04-17,wk inc flu hosp,1,19,quantile,0.9,22,2027-04-24
2027-04-17,wk inc flu hosp,1,19,quantile,0.95,23,2027-04-24
2027-04-17,wk inc flu hosp,1,19,quantile,0.975,25,2027-04-24
2027-04-17,wk inc flu hosp,1,19,quantile,0.99,26,2027-04-24
2027-04-17,wk inc flu hosp,1,20,quantile,0.01,6,2027-04-24
2027-04-17,wk inc flu hosp,1,20,quantile,0.025,7,2027-04-24
2027-04-17,wk inc flu hosp,1,20,quantile,0.05,8,2027-04-24
2027-04-17,wk inc flu hosp,1,20,quantile,0.1,9,2027-04-24
2027-04-17,wk inc flu hosp,1,20,quantile,0.15,10,2027-04-24
2027-04-17,wk inc flu hosp,1,20,quantile,0.2,12,2027-04-24
2027-04-17,wk inc flu hosp,1,20,quantile,0.25,13,2027-04-24
2027-04-17,wk inc flu hosp,1,20,quantile,0.3,14,2027-04-24
2027-04-17,wk inc flu hosp,1,20,quantile,0.35,15,2027-04-24
2027-04-17,wk inc flu hosp,1,20,quantile,0.4,16,2027-04-24
2027-04-17,wk inc flu hosp,1,20,quantile,0.45,17,2027-04-24
2027-04-17,wk inc flu hosp,1,20,quantile,0.5,17,2027-04-24
2027-04-17,wk inc flu hosp,1,20,quantile,0.55,18,2027-04-24
2027-04-17,wk inc flu hosp,1,20,quantile,0.6,18,2027-04-24
2027-04-17,wk inc flu hosp,1,20,quantile,0.65,19,2027-04-24
2027-04-17,wk inc flu hosp,1,20,quantile,0.7,20,2027-04-24
2027-04-17,wk inc flu hosp,1,20,quantile,0.75,21,2027-04-24
2027-04-17,wk inc flu hosp,1,20,quantile,0.8,23,2027-04-24
2027-04-17,wk inc flu hosp,1,20,quantile,0.85,25,2027-04-24
2027-04-17,wk inc flu hosp,1,20,quantile,0.9,26,2027-04-24
2027-04-17,wk inc flu hosp,1,20,quantile,0.95,30,2027-04-24
2027-04-17,wk inc flu hosp,1,20,quantile,0.975,32,2027-04-24
2027-04-17,wk inc flu hosp,1,20,quantile,0.99,37,2027-04-24
2027-04-17,wk inc flu hosp,1,21,quantile,0.01,11,2027-04-24
2027-04-17,wk inc flu hosp,1,21,quantile,0.025,13,2027-04-24
2027-04-17,wk inc flu hosp,1,21,quantile,0.05,15,2027-04-24
2027-04-17,wk inc flu hosp,1,21,quantile,0.1,16,2027-04-24
2027-04-17,wk inc flu hosp,1,21,quantile,0.15,19,2027-04-24
2027-04-17,wk inc flu hosp,1,21,quantile,0.2,21,2027-04-24
2027-04-17,wk inc flu hosp,1,21,quantile,0.25,22,2027-04-24
2027-04-17,wk inc flu hosp,1,21,quantile,0.3,23,2027-04-24
2027-04-17,wk inc flu hosp,1,21,quantile,0.35,23,2027-04-24
2027-04-17,wk inc flu hosp,1,21,quantile,0.4,25,2027-04-24
2027-04-17,wk inc flu hosp,1,21,quantile,0.45,26,2027-04-24
2027-04-17,wk inc flu hosp,1,21,quantile,0.5,27,2027-04-24
2027-04-17,wk inc flu hosp,1,21,quantile,0.55,27,2027-04-24
2027-04-17,wk inc flu hosp,1,21,quantile,0.6,28,2027-04-24
2027-04-17,wk inc flu hosp,1,21,quantile,0.65,29,2027-04-24
2027-04-17,wk inc flu hosp,1,21,quantile,0.7,30,2027-04-24
2027-04-17,wk inc flu hosp,1,21,quantile,0.75,31,2027-04-24
2027-04-17,wk inc flu hosp,1,21,quantile,0.8,33,2027-04-24
2027-04-17,wk inc flu hosp,1,21,quantile,0.85,34,2027-04-24
2027-04-17,wk inc flu hosp,1,21,quantile,0.9,36,2027-04-24
2027-04-17,wk inc flu hosp,1,21,quantile,0.95,38,2027-04-24
2027-04-17,wk inc flu hosp,1,21,quantile,0.975,43,2027-04-24
2027-04-17,wk inc flu hosp,1,21,quantile,0.99,48,2027-04-24
2027-04-17,wk inc flu hosp,1,22,quantile,0.01,13,2027-04-24
2027-04-17,wk inc flu hosp,1,22,quantile,0.025,14,2027-04-24
2027-04-17,wk inc flu hosp,1,22,quantile,0.05,17,2027-04-24
2027-04-17,wk inc flu hosp,1,22,quantile,0.1,19,2027-04-24
2027-04-17,wk inc flu hosp,1,22,quantile,0.15,20,2027-04-24
2027-04-17,wk inc flu hosp,1,22,quantile,0.2,21,2027-04-24
2027-04-17,wk inc flu hosp,1,22,quantile,0.25,22,2027-04-24
2027-04-17,wk inc flu hosp,1,22,quantile,0.3,23,2027-04-24
2027-04-17,wk inc flu hosp,1,22,quantile,0.35,25,2027-04-24
2027-04-17,wk inc flu hosp,1,22,quantile,0.4,26,2027-04-24
2027-04-17,wk inc flu hosp,1,22,quantile,0.45,27,2027-04-24
2027-04-17,wk inc flu hosp,1,22,quantile,0.5,28,2027-04-24
2027-04-17,wk inc flu hosp,1,22,quantile,0.55,29,2027-04-24
2027-04-17,wk inc flu hosp,1,22,quantile,0.6,30,2027-04-24
2027-04-17,wk inc flu hosp,1,22,quantile,0.65,31,2027-04-24
2027-04-17,wk inc flu hosp,1,22,quantile,0.7,32,2027-04-24
2027-04-17,wk inc flu hosp,1,22,quantile,0.75,34,2027-04-24
2027-04-17,wk inc flu hosp,1,22,quantile,0.8,35,2027-04-24
2027-04-17,wk inc flu hosp,1,22,quantile,0.85,37,2027-04-24
2027-04-17,wk inc flu hosp,1,22,quantile,0.9,38,2027-04-24
2027-04-17,wk inc flu hosp,1,22,quantile,0.95,44,2027-04-24
2027-04-17,wk inc flu hosp,1,22,quantile,0.975,53,2027-04-24
2027-04-17,wk inc flu hosp,1,22,quantile,0.99,58,2027-04-24
2027-04-17,wk inc flu hosp,1,23,quantile,0.01,1,2027-04-24
2027-04-17,wk inc flu hosp,1,23,quantile,0.025,2,2027-04-24
2027-04-17,wk inc flu hosp,1,23,quantile,0.05,3,2027-04-24
2027-04-17,wk inc flu hosp,1,23,quantile,0.1,3,2027-04-24
2027-04-17,wk inc flu hosp,1,23,quantile,0.15,4,2027-04-24
2027-04-17,wk inc flu hosp,1,23,quantile,0.2,5,2027-04-24
2027-04-17,wk inc flu hosp,1,23,quantile,0.25,5,2027-04-24
2027-04-17,wk inc flu hosp,1,23,quantile,0.3,6,2027-04-24
2027-04-17,wk inc flu hosp,1,23,quantile,0.35,7,2027-04-24
2027-04-17,wk inc flu hosp,1,23,quantile,0.4,8,2027-04-24
2027-04-17,wk inc flu hosp,1,23,quantile,0.45,9,2027-04-24
2027-04-17,wk inc flu hosp,1,23,quantile,0.5,9,2027-04-24
2027-04-17,wk inc flu hosp,1,23,quantile,0.55,9,2027-04-24
2027-04-17,wk inc flu hosp,1,23,quantile,0.6,10,2027-04-24
2027-04-17,wk inc flu hosp,1,23,quantile,0.65,10,2027-04-24
2027-04-17,wk inc flu hosp,1,23,quantile,0.7,12,2027-04-24
2027-04-17,wk inc flu hosp,1,23,quantile,0.75,12,2027-04-24
2027-04-17,wk inc flu hosp,1,23,quantile,0.8,13,2027-04-24
2027-04-17,wk inc flu hosp,1,23,quantile,0.85,15,2027-04-24
2027-04-17,wk inc flu hosp,1,23,quantile,0.9,17,2027-04-24
2027-04-17,wk inc flu hosp,1,23,quantile,0.95,19,2027-04-24
2027-04-17,wk inc flu hosp,1,23,quantile,0.975,21,2027-04-24
2027-04-17,wk inc flu hosp,1,23,quantile,0.99,22,2027-04-24
2027-04-17,wk inc flu hosp,1,24,quantile,0.01,9,2027-04-24
2027-04-17,wk inc flu hosp,1,24,quantile,0.025,10,2027-04-24
2027-04-17,wk inc flu hosp,1,24,quantile,0.05,11,2027-04-24
2027-04-17,wk inc flu hosp,1,24,quantile,0.1,15,2027-04-24
2027-04-17,wk inc flu hosp,1,24,quantile,0.15,17,2027-04-24
2027-04-17,wk inc flu hosp,1,24,quantile,0.2,17,2027-04-24
2027-04-17,wk inc flu hosp,1,24,quantile,0.25,19,2027-04-24
2027-04-17,wk inc flu hosp,1,24,quantile,0.3,19,2027-04-24
2027-04-17,wk inc flu hosp,1,24,quantile,0.35,20,2027-04-24
2027-04-17,wk inc flu hosp,1,24,quantile,0.4,21,2027-04-24
2027-04-17,wk inc flu hosp,1,24,quantile,0.45,22,2027-04-24
2027-04-17,wk inc flu hosp,1,24,quantile,0.5,23,2027-04-24
2027-04-17,wk inc flu hosp,1,24,quantile,0.55,24,2027-04-24
2027-04-17,wk inc flu hosp,1,24,quantile,0.6,25,2027-04-24
2027-04-17,wk inc flu hosp,1,24,quantile,0.65,26,2027-04-24
2027-04-17,wk inc flu hosp,1,24,quantile,0.7,27,2027-04-24
2027-04-17,wk inc flu hosp,1,24,quantile,0.75,28,2027-04-24
2027-04-17,wk inc flu hosp,1,24,quantile,0.8,30,2027-04-24
2027-04-17,wk inc flu hosp,1,24,quantile,0.85,31,2027-04-24
2027-04-17,wk inc flu hosp,1,24,quantile,0.9,34,2027-04-24
2027-04-17,wk inc flu hosp,1,24,quantile,0.95,36,2027-04-24
2027-04-17,wk inc flu hosp,1,24,quantile,0.975,43,2027-04-24
2027-04-17,wk inc flu hosp,1,24,quantile,0.99,43,2027-04-24
2027-04-17,wk inc flu hosp,1,25,quantile,0.01,21,2027-04-24
2027-04-17,wk inc flu hosp,1,25,quantile,0.025,24,2027-04-24
2027-04-17,wk inc flu hosp,1,25,quantile,0.05,27,2027-04-24
2027-04-17,wk inc flu hosp,1,25,quantile,0.1,32,2027-04-24
2027-04-17,wk inc flu hosp,1,25,quantile,0.15,34,2027-04-24
2027-04-17,wk inc flu hosp,1,25,quantile,0.2,37,2027-04-24
2027-04-17,wk inc flu hosp,1,25,quantile,0.25,38,2027-04-24
2027-04-17,wk inc flu hosp,1,25,quantile,0.3,40,2027-04-24
2027-04-17,wk inc flu hosp,1,25,quantile,0.35,42,2027-04-24
2027-04-17,wk inc flu hosp,1,25,quantile,0.4,42,2027-04-24
2027-04-17,wk inc flu hosp,1,25,quantile,0.45,44,2027-04-24
2027-04-17,wk inc flu hosp,1,25,quantile,0.5,45,2027-04-24
2027-04-17,wk inc flu hosp,1,25,quantile,0.55,47,2027-04-24
2027-04-17,wk inc flu hosp,1,25,quantile,0.6,49,2027-04-24
2027-04-17,wk inc flu hosp,1,25,quantile,0.65,51,2027-04-24
2027-04-17,wk inc flu hosp,1,25,quantile,0.7,52,2027-04-24
2027-04-17,wk inc flu hosp,1,25,quantile,0.75,54,2027-04-24
2027-04-17,wk inc flu hosp,1,25,quantile,0.8,55,2027-04-24
2027-04-17,wk inc flu hosp,1,25,quantile,0.85,59,2027-04-24
2027-04-17,wk inc flu hosp,1,25,quantile,0.9,63,2027-04-24
2027-04-17,wk inc flu hosp,1,25,quantile,0.95,68,2027-04-24
2027-04-17,wk inc flu hosp,1,25,quantile,0.975,72,2027-04-24
2027-04-17,wk inc flu hosp,1,25,quantile,0.99,82,2027-04-24
2027-04-17,wk inc flu hosp,1,26,quantile,0.01,43,2027-04-24
2027-04-17,wk inc flu hosp,1,26,quantile,0.025,46,2027-04-24
2027-04-17,wk inc flu hosp,1,26,quantile,0.05,47,2027-04-24
2027-04-17,wk inc flu hosp,1,26,quantile,0.1,51,2027-04-24
2027-04-17,wk inc flu hosp,1,26,quantile,0.15,54,2027-04-24
2027-04-17,wk inc flu hosp,1,26,quantile,0.2,56,2027-04-24
2027-04-17,wk inc flu hosp,1,26,quantile,0.25,59,2027-04-24
2027-04-17,wk inc flu hosp,1,26,quantile,0.3,64,2027-04-24
2027-04-17,wk inc flu hosp,1,26,quantile,0.35,66,2027-04-24
2027-04-17,wk inc flu hosp,1,26,quantile,0.4,68,2027-04-24
2027-04-17,wk inc flu hosp,1,26,quantile,0.45,69,2027-04-24
2027-04-17,wk inc flu hosp,1,26,quantile,0.5,71,2027-04-24
2027-04-17,wk inc flu hosp,1,26,quantile,0.55,73,2027-04-24
2027-04-17,wk inc flu hosp,1,26,quantile,0.6,75,2027-04-24
2027-04-17,wk inc flu hosp,1,26,quantile,0.65,77,2027-04-24
2027-04-17,wk inc flu hosp,1,26,quantile,0.7,80,2027-04-24
2027-04-17,wk inc flu hosp,1,26,quantile,0.75,84,2027-04-24
2027-04-17,wk inc flu hosp,1,26,quantile,0.8,86,2027-04-24
2027-04-17,wk inc flu hosp,1,26,quantile,0.85,93,2027-04-24
2027-04-17,wk inc flu hosp,1,26,quantile,0.9,99,2027-04-24
2027-04-17,wk inc flu hosp,1,26,quantile,0.95,103,2027-04-24
2027-04-17,wk inc flu hosp,1,26,quantile,0.975,109,2027-04-24
2027-04-17,wk inc flu hosp,1,26,quantile,0.99,112,2027-04-24
2027-04-17,wk inc flu hosp,1,27,quantile,0.01,8,2027-04-24
2027-04-17,wk inc flu hosp,1,27,quantile,0.025,11,2027-04-24
2027-04-17,wk inc flu hosp,1,27,quantile,0.05,13,2027-04-24
2027-04-17,wk inc flu hosp,1,27,quantile,0.1,15,2027-04-24
2027-04-17,wk inc flu hosp,1,27,quantile,0.15,16,2027-04-24
2027-04-17,wk inc flu hosp,1,27,quantile,0.2,18,2027-04-24
2027-04-17,wk inc flu hosp,1,27,quantile,0.25,19,2027-04-24
2027-04-17,wk inc flu hosp,1,27,quantile,0.3,20,2027-04-24
2027-04-17,wk inc flu hosp,1,27,quantile,0.35,21,2027-04-24
2027-04-17,wk inc flu hosp,1,27,quantile,0.4,22,2027-04-24
2027-04-17,wk inc flu hosp,1,27,quantile,0.45,23,2027-04-24
2027-04-17,wk inc flu hosp,1,27,quantile,0.5,24,2027-04-24
2027-04-17,wk inc flu hosp,1,27,quantile,0.55,25,2027-04-24
2027-04-17,wk inc flu hosp,1,27,quantile,0.6,26,2027-04-24
2027-04-17,wk inc flu hosp,1,27,quantile,0.65,28,2027-04-24
2027-04-17,wk inc flu hosp,1,27,quantile,0.7,29,2027-04-24
2027-04-17,wk inc flu hosp,1,27,quantile,0.75,30,2027-04-24
2027-04-17,wk inc flu hosp,1,27,quantile,0.8,32,2027-04-24
2027-04-17,wk inc flu hosp,1,27,quantile,0.85,33,2027-04-24
2027-04-17,wk inc flu hosp,1,27,quantile,0.9,34,2027-04-24
2027-04-17,wk inc flu hosp,1,27,quantile,0.95,37,2027-04-24
2027-04-17,wk inc flu hosp,1,27,quantile,0.975,40,2027-04-24
2027-04-17,wk inc flu hosp,1,27,quantile,0.99,43,2027-04-24
2027-04-17,wk inc flu hosp,1,28,quantile,0.01,5,2027-04-24
2027-04-17,wk inc flu hosp,1,28,quantile,0.025,8,2027-04-24
2027-04-17,wk inc flu hosp,1,28,quantile,0.05,9,2027-04-24
2027-04-17,wk inc flu hosp,1,28,quantile,0.1,10,2027-04-24
2027-04-17,wk inc flu hosp,1,28,quantile,0.15,12,2027-04-24
2027-04-17,wk inc flu hosp,1,28,quantile,0.2,13,2027-04-24
2027-04-17,wk inc flu hosp,1,28,quantile,0.25,14,2027-04-24
2027-04-17,wk inc flu hosp,1,28,quantile,0.3,15,2027-04-24
2027-04-17,wk inc flu hosp,1,28,quantile,0.35,16,2027-04-24
2027-04-17,wk inc flu hosp,1,28,quantile,0.4,18,2027-04-24
2027-04-17,wk inc flu hosp,1,28,quantile,0.45,18,2027-04-24
2027-04-17,wk inc flu hosp,1,28,quantile,0.5,20,2027-04-24
2027-04-17,wk inc flu hosp,1,28,quantile,0.55,20,2027-04-24
2027-04-17,wk inc flu hosp,1,28,quantile,0.6,22,2027-04-24
2027-04-17,wk inc flu hosp,1,28,quantile,0.65,23,2027-04-24
2027-04-17,wk inc flu hosp,1,28,quantile,0.7,23,2027-04-24
2027-04-17,wk inc flu hosp,1,28,quantile,0.75,24,2027-04-24
2027-04-17,wk inc flu hosp,1,28,quantile,0.8,25,2027-04-24
2027-04-17,wk inc flu hosp,1,28,quantile,0.85,27,2027-04-24
2027-04-17,wk inc flu hosp,1,28,quantile,0.9,28,2027-04-24
2027-04-17,wk inc flu hosp,1,28,quantile,0.95,32,2027-04-24
2027-04-17,wk inc flu hosp,1,28,quantile,0.975,34,2027-04-24
2027-04-17,wk inc flu hosp,1,28,quantile,0.99,37,2027-04-24
2027-04-17,wk inc flu hosp,1,29,quantile,0.01,22,2027-04-24
2027-04-17,wk inc flu hosp,1,29,quantile,0.025,24,2027-04-24
2027-04-17,wk inc flu hosp,1,29,quantile,0.05,26,2027-04-24
2027-04-17,wk inc flu hosp,1,29,quantile,0.1,28,2027-04-24
2027-04-17,wk inc flu hosp,1,29,quantile,0.15,29,2027-04-24
2027-04-17,wk inc flu hosp,1,29,quantile,0.2,30,2027-04-24
2027-04-17,wk inc flu hosp,1,29,quantile,0.25,31,2027-04-24
2027-04-17,wk inc flu hosp,1,29,quantile,0.3,32,2027-04-24
2027-04-17,wk inc flu hosp,1,29,quantile,0.35,35,2027-04-24
2027-04-17,wk inc flu hosp,1,29,quantile,0.4,36,2027-04-24
2027-04-17,wk inc flu hosp,1,29,quantile,0.45,37,2027-04-24
2027-04-17,wk inc flu hosp,1,29,quantile,0.5,38,2027-04-24
2027-04-17,wk inc flu hosp,1,29,quantile,0.55,39,2027-04-24
2027-04-17,wk inc flu hosp,1,29,quantile,0.6,40,2027-04-24
2027-04-17,wk inc flu hosp,1,29,quantile,0.65,42,2027-04-24
2027-04-17,wk inc flu hosp,1,29,quantile,0.7,44,2027-04-24
2027-04-17,wk inc flu hosp,1,29,quantile,0.75,45,2027-04-24
2027-04-17,wk inc flu hosp,1,29,quantile,0.8,47,2027-04-24
2027-04-17,wk inc flu hosp,1,29,quantile,0.85,49,2027-04-24
2027-04-17,wk inc flu hosp,1,29,quantile,0.9,53,2027-04-24
2027-04-17,wk inc flu hosp,1,29,quantile,0.95,58,2027-04-24
2027-04-17,wk inc flu hosp,1,29,quantile,0.975,63,2027-04-24
2027-04-17,wk inc flu hosp,1,29,quantile,0.99,70,2027-04-24
2027-04-17,wk inc flu hosp,1,30,quantile,0.01,0,2027-04-24
2027-04-17,wk inc flu hosp,1,30,quantile,0.025,0,2027-04-24
2027-04-17,wk inc flu hosp,1,30,quantile,0.05,0,2027-04-24
2027-04-17,wk inc flu hosp,1,30,quantile,0.1,1,2027-04-24
2027-04-17,wk inc flu hosp,1,30,quantile,0.15,1,2027-04-24
2027-04-17,wk inc flu hosp,1,30,quantile,0.2,1,2027-04-24
2027-04-17,wk inc flu hosp,1,30,quantile,0.25,2,2027-04-24
2027-04-17,wk inc flu hosp,1,30,quantile,0.3,2,2027-04-24
2027-04-17,wk inc flu hosp,1,30,quantile,0.35,3,2027-04-24
2027-04-17,wk inc flu hosp,1,30,quantile,0.4,4,2027-04-24
2027-04-17,wk inc flu hosp,1,30,quantile,0.45,4,2027-04-24
2027-04-17,wk inc flu hosp,1,30,quantile,0.5,5,2027-04-24
2027-04-17,wk inc flu hosp,1,30,quantile,0.55,5,2027-04-24
2027-04-17,wk inc flu hosp,1,30,quantile,0.6,5,2027-04-24
2027-04-17,wk inc flu hosp,1,30,quantile,0.65,6,2027-04-24
2027-04-17,wk inc flu hosp,1,30,quantile,0.7,7,2027-04-24
2027-04-17,wk inc flu hosp,1,30,quantile,0.75,7,2027-04-24
2027-04-17,wk inc flu hosp,1,30,quantile,0.8,8,2027-04-24
2027-04-17,wk inc flu hosp,1,30,quantile,0.85,10,2027-04-24
2027-04-17,wk inc flu hosp,1,30,quantile,0.9,10,2027-04-24
2027-04-17,wk inc flu hosp,1,30,quantile,0.95,12,2027-04-24
2027-04-17,wk inc flu hosp,1,30,quantile,0.975,15,2027-04-24
2027-04-17,wk inc flu hosp,1,30,quantile,0.99,15,2027-04-24
2027-04-17,wk inc flu hosp,1,31,quantile,0.01,2,2027-04-24
2027-04-17,wk inc flu hosp,1,31,quantile,0.025,2,2027-04-24
2027-04-17,wk inc flu hosp,1,31,quantile,0.05,3,2027-04-24
2027-04-17,wk inc flu hosp,1,31,quantile,0.1,4,2027-04-24
2027-04-17,wk inc flu hosp,1,31,quantile,0.15,5,2027-04-24
2027-04-17,wk inc flu hosp,1,31,quantile,0.2,6,2027-04-24
2027-04-17,wk inc flu hosp,1,31,quantile,0.25,6,2027-04-24
2027-04-17,wk inc flu hosp,1,31,quantile,0.3,7,2027-04-24
2027-04-17,wk inc flu hosp,1,31,quantile,0.35,7,2027-04-24
2027-04-17,wk inc flu hosp,1,31,quantile,0.4,8,2027-04-24
2027-04-17,wk inc flu hosp,1,31,quantile,0.45,8,2027-04-24
2027-04-17,wk inc flu hosp,1,31,quantile,0.5,9,2027-04-24
2027-04-17,wk inc flu hosp,1,31,quantile,0.55,9,2027-04-24
2027-04-17,wk inc flu hosp,1,31,quantile,0.6,10,2027-04-24
2027-04-17,wk inc flu hosp,1,31,quantile,0.65,10,2027-04-24
2027-04-17,wk inc flu hosp,1,31,quantile,0.7,11,2027-04-24
2027-04-17,wk inc flu hosp,1,31,quantile,0.75,12,2027-04-24
2027-04-17,wk inc flu hosp,1,31,quantile,0.8,13,2027-04-24
2027-04-17,wk inc flu hosp,1,31,quantile,0.85,14,2027-04-24
2027-04-17,wk inc flu hosp,1,31,quantile,0.9,16,2027-04-24
2027-04-17,wk inc flu hosp,1,31,quantile,0.95,18,2027-04-24
2027-04-17,wk inc flu hosp,1,31,quantile,0.975,19,2027-04-24
2027-04-17,wk inc flu hosp,1,31,quantile,0.99,24,2027-04-24
2027-04-17,wk inc flu hosp,1,32,quantile,0.01,8,2027-04-24
2027-04-17,wk inc flu hosp,1,32,quantile,0.025,9,2027-04-24
2027-04-17,wk inc flu hosp,1,32,quantile,0.05,11,2027-04-24
2027-04-17,wk inc flu hosp,1,32,quantile,0.1,13,2027-04-24
2027-04-17,wk inc flu hosp,1,32,quantile,0.15,13,2027-04-24
2027-04-17,wk inc flu hosp,1,32,quantile,0.2,15,2027-04-24
2027-04-17,wk inc flu hosp,1,32,quantile,0.25,15,2027-04-24
2027-04-17,wk inc flu hosp,1,32,quantile,0.3,16,2027-04-24
2027-04-17,wk inc flu hosp,1,32,quantile,0.35,17,2027-04-24
2027-04-17,wk inc flu hosp,1,32,quantile,0.4,19,2027-04-24
2027-04-17,wk inc flu hosp,1,32,quantile,0.45,19,2027-04-24
2027-04-17,wk inc flu hosp,1,32,quantile,0.5,20,2027-04-24
2027-04-17,wk inc flu hosp,1,32,quantile,0.55,22,2027-04-24
2027-04-17,wk inc flu hosp,1,32,quantile,0.6,22,2027-04-24
2027-04-17,wk inc flu hosp,1,32,quantile,0.65,24,2027-04-24
2027-04-17,wk inc flu hosp,1,32,quantile,0.7,25,2027-04-24
2027-04-17,wk inc flu hosp,1,32,quantile,0.75,25,2027-04-24
2027-04-17,wk inc flu hosp,1,32,quantile,0.8,27,2027-04-24
2027-04-17,wk inc flu hosp,1,32,quantile,0.85,30,2027-04-24
2027-04-17,wk inc flu hosp,1,32,quantile,0.9,31,2027-04-24
2027-04-17,wk inc flu hosp,1,32,quantile,0.95,35,2027-04-24
2027-04-17,wk inc flu hosp,1,32,quantile,0.975,41,2027-04-24
2027-04-17,wk inc flu hosp,1,32,quantile,0.99,47,2027-04-24
2027-04-17,wk inc flu hosp,1,33,quantile,0.01,0,2027-04-24
2027-04-17,wk inc flu hosp,1,33,quantile,0.025,0,2027-04-24
2027-04-17,wk inc flu hosp,1,33,quantile,0.05,1,2027-04-24
2027-04-17,wk inc flu hosp,1,33,quantile,0.1,1,2027-04-24
2027-04-17,wk inc flu hosp,1,33,quantile,0.15,2,2027-04-24
2027-04-17,wk inc flu hosp,1,33,quantile,0.2,2,2027-04-24
2027-04-17,wk inc flu hosp,1,33,quantile,0.25,3,2027-04-24
2027-04-17,wk inc flu hosp,1,33,quantile,0.3,3,2027-04-24
2027-04-17,wk inc flu hosp,1,33,quantile,0.35,4,2027-04-24
2027-04-17,wk inc flu hosp,1,33,quantile,0.4,4,2027-04-24
2027-04-17,wk inc flu hosp,1,33,quantile,0.45,4,2027-04-24
2027-04-17,wk inc flu hosp,1,33,quantile,0.5,5,2027-04-24
2027-04-17,wk inc flu hosp,1,33,quantile,0.55,5,2027-04-24
2027-04-17,wk inc flu hosp,1,33,quantile,0.6,6,2027-04-24
2027-04-17,wk inc flu hosp,1,33,quantile,0.65,7,2027-04-24
2027-04-17,wk inc flu hosp,1,33,quantile,0.7,8,2027-04-24
2027-04-17,wk inc flu hosp,1,33,quantile,0.75,8,2027-04-24
2027-04-17,wk inc flu hosp,1,33,quantile,0.8,9,2027-04-24
2027-04-17,wk inc flu hosp,1,33,quantile,0.85,10,2027-04-24
2027-04-17,wk inc flu hosp,1,33,quantile,0.9,12,2027-04-24
2027-04-17,wk inc flu hosp,1,33,quantile,0.95,14,2027-04-24
2027-04-17,wk inc flu hosp,1,33,quantile,0.975,16,2027-04-24
2027-04-17,wk inc flu hosp,1,33,quantile,0.99,20,2027-04-24
2027-04-17,wk inc flu hosp,1,34,quantile,0.01,20,2027-04-24
2027-04-17,wk inc flu hosp,1,34,quantile,0.025,24,2027-04-24
2027-04-17,wk inc flu hosp,1,34,quantile,0.05,27,2027-04-24
2027-04-17,wk inc flu hosp,1,34,quantile,0.1,31,2027-04-24
2027-04-17,wk inc flu hosp,1,34,quantile,0.15,34,2027-04-24
2027-04-17,wk inc flu hosp,1,34,quantile,0.2,36,2027-04-24
2027-04-17,wk inc flu hosp,1,34,quantile,0.25,38,2027-04-24
2027-04-17,wk inc flu hosp,1,34,quantile,0.3,40,2027-04-24
2027-04-17,wk inc flu hosp,1,34,quantile,0.35,41,2027-04-24
2027-04-17,wk inc flu hosp,1,34,quantile,0.4,43,2027-04-24
2027-04-17,wk inc flu hosp,1,34,quantile,0.45,44,2027-04-24
2027-04-17,wk inc flu hosp,1,34,quantile,0.5,46,2027-04-24
2027-04-17,wk inc flu hosp,1,34,quantile,0.55,48,2027-04-24
2027-04-17,wk inc flu hosp,1,34,quantile,0.6,50,2027-04-24
2027-04-17,wk inc flu hosp,1,34,quantile,0.65,51,2027-04-24
2027-04-17,wk inc flu hosp,1,34,quantile,0.7,52,2027-04-24
2027-04-17,wk inc flu hosp,1,34,quantile,0.75,55,2027-04-24
2027-04-17,wk inc flu hosp,1,34,quantile,0.8,57,2027-04-24
2027-04-17,wk inc flu hosp,1,34,quantile,0.85,59,2027-04-24
2027-04-17,wk inc flu hosp,1,34,quantile,0.9,64,2027-04-24
2027-04-17,wk inc flu hosp,1,34,quantile,0.95,71,2027-04-24
2027-04-17,wk inc flu hosp,1,34,quantile,0.975,74,2027-04-24
2027-04-17,wk inc flu hosp,1,34,quantile,0.99,77,2027-04-24
2027-04-17,wk inc flu hosp,1,35,quantile,0.01,8,2027-04-24
2027-04-17,wk inc flu hosp,1,35,quantile,0.025,9,2027-04-24
2027-04-17,wk inc flu hosp,1,35,quantile,0.05,9,2027-04-24
2027-04-17,wk inc flu hosp,1,35,quantile,0.1,12,2027-04-24
2027-04-17,wk inc flu hosp,1,35,quantile,0.15,12,2027-04-24
2027-04-17,wk inc flu hosp,1,35,quantile,0.2,13,2027-04-24
2027-04-17,wk inc flu hosp,1,35,quantile,0.25,14,2027-04-24
2027-04-17,wk inc flu hosp,1,35,quantile,0.3,14,2027-04-24
2027-04-17,wk inc flu hosp,1,35,quantile,0.35,15,2027-04-24
2027-04-17,wk inc flu hosp,1,35,quantile,0.4,16,2027-04-24
2027-04-17,wk inc flu hosp,1,35,quantile,0.45,16,2027-04-24
2027-04-17,wk inc flu hosp,1,35,quantile,0.5,17,2027-04-24
2027-04-17,wk inc flu hosp,1,35,quantile,0.55,18,2027-04-24
2027-04-17,wk inc flu hosp,1,35,quantile,0.6,19,2027-04-24
2027-04-17,wk inc flu hosp,1,35,quantile,0.65,19,2027-04-24
2027-04-17,wk inc flu hosp,1,35,quantile,0.7,20,2027-04-24
2027-04-17,wk inc flu hosp,1,35,quantile,0.75,21,2027-04-24
2027-04-17,wk inc flu hosp,1,35,quantile,0.8,21,2027-04-24
2027-04-17,wk inc flu hosp,1,35,quantile,0.85,23,2027-04-24
2027-04-17,wk inc flu hosp,1,35,quantile,0.9,24,2027-04-24
2027-04-17,wk inc flu hosp,1,35,quantile,0.95,26,2027-04-24
2027-04-17,wk inc flu hosp,1,35,quantile,0.975,32,2027-04-24
2027-04-17,wk inc flu hosp,1,35,quantile,0.99,35,2027-04-24
2027-04-17,wk inc flu hosp,1,36,quantile,0.01,70,2027-04-24
2027-04-17,wk inc flu hosp,1,36,quantile,0.025,74,2027-04-24
2027-04-17,wk inc flu hosp,1,36,quantile,0.05,81,2027-04-24
2027-04-17,wk inc flu hosp,1,36,quantile,0.1,87,2027-04-24
2027-04-17,wk inc flu hosp,1,36,quantile,0.15,91,2027-04-24
2027-04-17,wk inc flu hosp,1,36,quantile,0.2,94,2027-04-24
2027-04-17,wk inc flu hosp,1,36,quantile,0.25,98,2027-04-24
2027-04-17,wk inc flu hosp,1,36,quantile,0.3,101,2027-04-24
2027-04-17,wk inc flu hosp,1,36,quantile,0.35,104,2027-04-24
2027-04-17,wk inc flu hosp,1,36,quantile,0.4,107,2027-04-24
2027-04-17,wk inc flu hosp,1,36,quantile,0.45,110,2027-04-24
2027-04-17,wk inc flu hosp,1,36,quantile,0.5,114,2027-04-24
2027-04-17,wk inc flu hosp,1,36,quantile,0.55,115,2027-04-24
2027-04-17,wk inc flu hosp,1,36,quantile,0.6,120,2027-04-24
2027-04-17,wk inc flu hosp,1,36,quantile,0.65,125,2027-04-24
2027-04-17,wk inc flu hosp,1,36,quantile,0.7,127,2027-04-24
2027-04-17,wk inc flu hosp,1,36,quantile,0.75,130,2027-04-24
2027-04-17,wk inc flu hosp,1,36,quantile,0.8,133,2027-04-24
2027-04-17,wk inc flu hosp,1,36,quantile,0.85,138,2027-04-24
2027-04-17,wk inc flu hosp,1,36,quantile,0.9,143,2027-04-24
2027-04-17,wk inc flu hosp,1,36,quantile,0.95,158,2027-04-24
2027-04-17,wk inc flu hosp,1,36,quantile,0.975,172,2027-04-24
2027-04-17,wk inc flu hosp,1,36,quantile,0.99,182,2027-04-24
2027-04-17,wk inc flu hosp,1,37,quantile,0.01,8,2027-04-24
2027-04-17,wk inc flu hosp,1,37,quantile,0.025,9,2027-04-24
2027-04-17,wk inc flu hosp,1,37,quantile,0.05,10,2027-04-24
2027-04-17,wk inc flu hosp,1,37,quantile,0.1,10,2027-04-24
2027-04-17,wk inc flu hosp,1,37,quantile,0.15,11,2027-04-24
2027-04-17,wk inc flu hosp,1,37,quantile,0.2,13,2027-04-24
2027-04-17,wk inc flu hosp,1,37,quantile,0.25,14,2027-04-24
2027-04-17,wk inc flu hosp,1,37,quantile,0.3,15,2027-04-24
2027-04-17,wk inc flu hosp,1,37,quantile,0.35,16,2027-04-24
2027-04-17,wk inc flu hosp,1,37,quantile,0.4,16,2027-04-24
2027-04-17,wk inc flu hosp,1,37,quantile,0.45,17,2027-04-24
2027-04-17,wk inc flu hosp,1,37,quantile,0.5,18,2027-04-24
2027-04-17,wk inc flu hosp,1,37,quantile,0.55,19,2027-04-24
2027-04-17,wk inc flu hosp,1,37,quantile,0.6,21,2027-04-24
2027-04-17,wk inc flu hosp,1,37,quantile,0.65,22,2027-04-24
2027-04-17,wk inc flu hosp,1,37,quantile,0.7,23,2027-04-24
2027-04-17,wk inc flu hosp,1,37,quantile,0.75,24,2027-04-24
2027-04-17,wk inc flu hosp,1,37,quantile,0.8,25,2027-04-24
2027-04-17,wk inc flu hosp,1,37,quantile,0.85,26,2027-04-24
2027-04-17,wk inc flu hosp,1,37,quantile,0.9,28,2027-04-24
2027-04-17,wk inc flu hosp,1,37,quantile,0.95,34,2027-04-24
2027-04-17,wk inc flu hosp,1,37,quantile,0.975,39,2027-04-24
2027-04-17,wk inc flu hosp,1,37,quantile,0.99,42,2027-04-24
2027-04-17,wk inc flu hosp,1,38,quantile,0.01,1,2027-04-24
2027-04-17,wk inc flu hosp,1,38,quantile,0.025,1,2027-04-24
2027-04-17,wk inc flu hosp,1,38,quantile,0.05,2,2027-04-24
2027-04-17,wk inc flu hosp,1,38,quantile,0.1,3,2027-04-24
2027-04-17,wk inc flu hosp,1,38,quantile,0.15,4,2027-04-24
2027-04-17,wk inc flu hosp,1,38,quantile,0.2,5,2027-04-24
2027-04-17,wk inc flu hosp,1,38,quantile,0.25,5,2027-04-24
2027-04-17,wk inc flu hosp,1,38,quantile,0.3,5,2027-04-24
2027-04-17,wk inc flu hosp,1,38,quantile,0.35,6,2027-04-24
2027-04-17,wk inc flu hosp,1,38,quantile,0.4,6,2027-04-24
2027-04-17,wk inc flu hosp,1,38,quantile,0.45,7,2027-04-24
2027-04-17,wk inc flu hosp,1,38,quantile,0.5,8,2027-04-24
2027-04-17,wk inc flu hosp,1,38,quantile,0.55,8,2027-04-24
2027-04-17,wk inc flu hosp,1,38,quantile,0.6,9,2027-04-24
2027-04-17,wk inc flu hosp,1,38,quantile,0.65,9,2027-04-24
2027-04-17,wk inc flu hosp,1,38,quantile,0.7,10,2027-04-24
2027-04-17,wk inc flu hosp,1,38,quantile,0.75,11,2027-04-24
2027-04-17,wk inc flu hosp,1,38,quantile,0.8,12,2027-04-24
2027-04-17,wk inc flu hosp,1,38,quantile,0.85,13,2027-04-24
2027-04-17,wk inc flu hosp,1,38,quantile,0.9,14,2027-04-24
2027-04-17,wk inc flu hosp,1,38,quantile,0.95,16,2027-04-24
2027-04-17,wk inc flu hosp,1,38,quantile,0.975,18,2027-04-24
2027-04-17,wk inc flu hosp,1,38,quantile,0.99,18,2027-04-24
2027-04-17,wk inc flu hosp,1,39,quantile,0.01,21,2027-04-24
2027-04-17,wk inc flu hosp,1,39,quantile,0.025,22,2027-04-24
2027-04-17,wk inc flu hosp,1,39,quantile,0.05,25,2027-04-24
2027-04-17,wk inc flu hosp,1,39,quantile,0.1,27,2027-04-24
2027-04-17,wk inc flu hosp,1,39,quantile,0.15,29,2027-04-24
2027-04-17,wk inc flu hosp,1,39,quantile,0.2,30,2027-04-24
2027-04-17,wk inc flu hosp,1,39,quantile,0.25,32,2027-04-24
2027-04-17,wk inc flu hosp,1,39,quantile,0.3,35,2027-04-24
2027-04-17,wk inc flu hosp,1,39,quantile,0.35,36,2027-04-24
2027-04-17,wk inc flu hosp,1,39,quantile,0.4,37,2027-04-24
2027-04-17,wk inc flu hosp,1,39,quantile,0.45,39,2027-04-24
2027-04-17,wk inc flu hosp,1,39,quantile,0.5,40,2027-04-24
2027-04-17,wk inc flu hosp,1,39,quantile,0.55,41,2027-04-24
2027-04-17,wk inc flu hosp,1,39,quantile,0.6,44,2027-04-24
2027-04-17,wk inc flu hosp,1,39,quantile,0.65,46,2027-04-24
2027-04-17,wk inc flu hosp,1,39,quantile,0.7,47,2027-04-24
2027-04-17,wk inc flu hosp,1,39,quantile,0.75,49,2027-04-24
2027-04-17,wk inc flu hosp,1,39,quantile,0.8,50,2027-04-24
2027-04-17,wk inc flu hosp,1,39,quantile,0.85,52,2027-04-24
2027-04-17,wk inc flu hosp,1,39,quantile,0.9,53,2027-04-24
2027-04-17,wk inc flu hosp,1,39,quantile,0.95,60,2027-04-24
2027-04-17,wk inc flu hosp,1,39,quantile,0.975,70,2027-04-24
2027-04-17,wk inc flu hosp,1,39,quantile,0.99,74,2027-04-24
2027-04-17,wk inc flu hosp,1,40,quantile,0.01,4,2027-04-24
2027-04-17,wk inc flu hosp,1,40,quantile,0.025,6,2027-04-24
2027-04-17,wk inc flu hosp,1,40,quantile,0.05,6,2027-04-24
2027-04-17,wk inc flu hosp,1,40,quantile,0.1,7,2027-04-24
2027-04-17,wk inc flu hosp,1,40,quantile,0.15,9,2027-04-24
2027-04-17,wk inc flu hosp,1,40,quantile,0.2,10,2027-04-24
2027-04-17,wk inc flu hosp,1,40,quantile,0.25,10,2027-04-24
2027-04-17,wk inc flu hosp,1,40,quantile,0.3,12,2027-04-24
2027-04-17,wk inc flu hosp,1,40,quantile,0.35,12,2027-04-24
2027-04-17,wk inc flu hosp,1,40,quantile,0.4,13,2027-04-24
2027-04-17,wk inc flu hosp,1,40,quantile,0.45,14,2027-04-24
2027-04-17,wk inc flu hosp,1,40,quantile,0.5,14,2027-04-24
2027-04-17,wk inc flu hosp,1,40,quantile,0.55,15,2027-04-24
2027-04-17,wk inc flu hosp,1,40,quantile,0.6,16,2027-04-24
2027-04-17,wk inc flu hosp,1,40,quantile,0.65,17,2027-04-24
2027-04-17,wk inc flu hosp,1,40,quantile,0.7,17,2027-04-24
2027-04-17,wk inc flu hosp,1,40,quantile,0.75,18,2027-04-24
2027-04-17,wk inc flu hosp,1,40,quantile,0.8,19,2027-04-24
2027-04-17,wk inc flu hosp,1,40,quantile,0.85,20,2027-04-24
2027-04-17,wk inc flu hosp,1,40,quantile,0.9,22,2027-04-24
2027-04-17,wk inc flu hosp,1,40,quantile,0.95,24,2027-04-24
2027-04-17,wk inc flu hosp,1,40,quantile,0.975,24,2027-04-24
2027-04-17,wk inc flu hosp,1,40,quantile,0.99,30,2027-04-24
2027-04-17,wk inc flu hosp,1,41,quantile,0.01,5,2027-04-24
2027-04-17,wk inc flu hosp,1,41,quantile,0.025,5,2027-04-24
2027-04-17,wk inc flu hosp,1,41,quantile,0.05,7,2027-04-24
2027-04-17,wk inc flu hosp,1,41,quantile,0.1,9,2027-04-24
2027-04-17,wk inc flu hosp,1,41,quantile,0.15,10,2027-04-24
2027-04-17,wk inc flu hosp,1,41,quantile,0.2,11,2027-04-24
2027-04-17,wk inc flu hosp,1,41,quantile,0.25,12,2027-04-24
2027-04-17,wk inc flu hosp,1,41,quantile,0.3,12,2027-04-24
2027-04-17,wk inc flu hosp,1,41,quantile,0.35,14,2027-04-24
2027-04-17,wk inc flu hosp,1,41,quantile,0.4,15,2027-04-24
2027-04-17,wk inc flu hosp,1,41,quantile,0.45,15,2027-04-24
2027-04-17,wk inc flu hosp,1,41,quantile,0.5,16,2027-04-24
2027-04-17,wk inc flu hosp,1,41,quantile,0.55,17,2027-04-24
2027-04-17,wk inc flu hosp,1,41,quantile,0.6,18,2027-04-24
2027-04-17,wk inc flu hosp,1,41,quantile,0.65,18,2027-04-24
2027-04-17,wk inc flu hosp,1,41,quantile,0.7,19,2027-04-24
2027-04-17,wk inc flu hosp,1,41,quantile,0.75,20,2027-04-24
2027-04-17,wk inc flu hosp,1,41,quantile,0.8,21,2027-04-24
2027-04-17,wk inc flu hosp,1,41,quantile,0.85,23,2027-04-24
2027-04-17,wk inc flu hosp,1,41,quantile,0.9,25,2027-04-24
2027-04-17,wk inc flu hosp,1,41,quantile,0.95,28,2027-04-24
2027-04-17,wk inc flu hosp,1,41,quantile,0.975,35,2027-04-24
2027-04-17,wk inc flu hosp,1,41,quantile,0.99,37,2027-04-24
2027-04-17,wk inc flu hosp,1,42,quantile,0.01,91,2027-04-24
2027-04-17,wk inc flu hosp,1,42,quantile,0.025,98,2027-04-24
2027-04-17,wk inc flu hosp,1,42,quantile,0.05,110,2027-04-24
2027-04-17,wk inc flu hosp,1,42,quantile,0.1,120,2027-04-24
2027-04-17,wk inc flu hosp,1,42,quantile,0.15,129,2027-04-24
2027-04-17,wk inc flu hosp,1,42,quantile,0.2,133,2027-04-24
2027-04-17,wk inc flu hosp,1,42,quantile,0.25,139,2027-04-24
2027-04-17,wk inc flu hosp,1,42,quantile,0.3,143,2027-04-24
2027-04-17,wk inc flu hosp,1,42,quantile,0.35,145,2027-04-24
2027-04-17,wk inc flu hosp,1,42,quantile,0.4,151,2027-04-24
2027-04-17,wk inc flu hosp,1,42,quantile,0.45,156,2027-04-24
2027-04-17,wk inc flu hosp,1,42,quantile,0.5,160,2027-04-24
2027-04-17,wk inc flu hosp,1,42,quantile,0.55,164,2027-04-24
2027-04-17,wk inc flu hosp,1,42,quantile,0.6,170,2027-04-24
2027-04-17,wk inc flu hosp,1,42,quantile,0.65,173,2027-04-24
2027-04-17,wk inc flu hosp,1,42,quantile,0.7,176,2027-04-24
2027-04-17,wk inc flu hosp,1,42,quantile,0.75,184,2027-04-24
2027-04-17,wk inc flu hosp,1,42,quantile,0.8,196,2027-04-24
2027-04-17,wk inc flu hosp,1,42,quantile,0.85,208,2027-04-24
2027-04-17,wk inc flu hosp,1,42,quantile,0.9,220,2027-04-24
2027-04-17,wk inc flu hosp,1,42,quantile,0.95,235,2027-04-24
2027-04-17,wk inc flu hosp,1,42,quantile,0.975,250,2027-04-24
2027-04-17,wk inc flu hosp,1,42,quantile,0.99,256,2027-04-24
2027-04-17,wk inc flu hosp,1,44,quantile,0.01,0,2027-04-24
2027-04-17,wk inc flu hosp,1,44,quantile,0.025,1,2027-04-24
2027-04-17,wk inc flu hosp,1,44,quantile,0.05,2,2027-04-24
2027-04-17,wk inc flu hosp,1,44,quantile,0.1,2,2027-04-24
2027-04-17,wk inc flu hosp,1,44,quantile,0.15,3,2027-04-24
2027-04-17,wk inc flu hosp,1,44,quantile,0.2,3,2027-04-24
2027-04-17,wk inc flu hosp,1,44,quantile,0.25,4,2027-04-24
2027-04-17,wk inc flu hosp,1,44,quantile,0.3,4,2027-04-24
2027-04-17,wk inc flu hosp,1,44,quantile,0.35,5,2027-04-24
2027-04-17,wk inc flu hosp,1,44,quantile,0.4,5,2027-04-24
2027-04-17,wk inc flu hosp,1,44,quantile,0.45,5,2027-04-24
2027-04-17,wk inc flu hosp,1,44,quantile,0.5,6,2027-04-24
2027-04-17,wk inc flu hosp,1,44,quantile,0.55,6,2027-04-24
2027-04-17,wk inc flu hosp,1,44,quantile,0.6,7,2027-04-24
2027-04-17,wk inc flu hosp,1,44,quantile,0.65,7,2027-04-24
2027-04-17,wk inc flu hosp,1,44,quantile,0.7,9,2027-04-24
2027-04-17,wk inc flu hosp,1,44,quantile,0.75,9,2027-04-24
2027-04-17,wk inc flu hosp,1,44,quantile,0.8,9,2027-04-24
2027-04-17,wk inc flu hosp,1,44,quantile,0.85,10,2027-04-24
2027-04-17,wk inc flu hosp,1,44,quantile,0.9,12,2027-04-24
2027-04-17,wk inc flu hosp,1,44,quantile,0.95,14,2027-04-24
2027-04-17,wk inc flu hosp,1,44,quantile,0.975,16,2027-04-24
2027-04-17,wk inc flu hosp,1,44,quantile,0.99,21,2027-04-24
2027-04-17,wk inc flu hosp,1,45,quantile,0.01,7,2027-04-24
2027-04-17,wk inc flu hosp,1,45,quantile,0.025,8,2027-04-24
2027-04-17,wk inc flu hosp,1,45,quantile,0.05,9,2027-04-24
2027-04-17,wk inc flu hosp,1,45,quantile,0.1,11,2027-04-24
2027-04-17,wk inc flu hosp,1,45,quantile,0.15,13,2027-04-24
2027-04-17,wk inc flu hosp,1,45,quantile,0.2,14,2027-04-24
2027-04-17,wk inc flu hosp,1,45,quantile,0.25,15,2027-04-24
2027-04-17,wk inc flu hosp,1,45,quantile,0.3,16,2027-04-24
2027-04-17,wk inc flu hosp,1,45,quantile,0.35,16,2027-04-24
2027-04-17,wk inc flu hosp,1,45,quantile,0.4,17,2027-04-24
2027-04-17,wk inc flu hosp,1,45,quantile,0.45,19,2027-04-24
2027-04-17,wk inc flu hosp,1,45,quantile,0.5,20,2027-04-24
2027-04-17,wk inc flu hosp,1,45,quantile,0.55,20,2027-04-24
2027-04-17,wk inc flu hosp,1,45,quantile,0.6,23,2027-04-24
2027-04-17,wk inc flu hosp,1,45,quantile,0.65,24,2027-04-24
2027-04-17,wk inc flu hosp,1,45,quantile,0.7,25,2027-04-24
2027-04-17,wk inc flu hosp,1,45,quantile,0.75,26,2027-04-24
2027-04-17,wk inc flu hosp,1,45,quantile,0.8,27,2027-04-24
2027-04-17,wk inc flu hosp,1,45,quantile,0.85,29,2027-04-24
2027-04-17,wk inc flu hosp,1,45,quantile,0.9,31,2027-04-24
2027-04-17,wk inc flu hosp,1,45,quantile,0.95,35,2027-04-24
2027-04-17,wk inc flu hosp,1,45,quantile,0.975,36,2027-04-24
2027-04-17,wk inc flu hosp,1,45,quantile,0.99,39,2027-04-24
2027-04-17,wk inc flu hosp,1,46,quantile,0.01,1,2027-04-24
2027-04-17,wk inc flu hosp,1,46,quantile,0.025,1,2027-04-24
2027-04-17,wk inc flu hosp,1,46,quantile,0.05,2,2027-04-24
2027-04-17,wk inc flu hosp,1,46,quantile,0.1,3,2027-04-24
2027-04-17,wk inc flu hosp,1,46,quantile,0.15,4,2027-04-24
2027-04-17,wk inc flu hosp,1,46,quantile,0.2,4,2027-04-24
2027-04-17,wk inc flu hosp,1,46,quantile,0.25,5,2027-04-24
2027-04-17,wk inc flu hosp,1,46,quantile,0.3,6,2027-04-24
2027-04-17,wk inc flu hosp,1,46,quantile,0.35,7,2027-04-24
2027-04-17,wk inc flu hosp,1,46,quantile,0.4,7,2027-04-24
2027-04-17,wk inc flu hosp,1,46,quantile,0.45,8,2027-04-24
2027-04-17,wk inc flu hosp,1,46,quantile,0.5,8,2027-04-24
2027-04-17,wk inc flu hosp,1,46,quantile,0.55,9,2027-04-24
2027-04-17,wk inc flu hosp,1,46,quantile,0.6,10,2027-04-24
2027-04-17,wk inc flu hosp,1,46,quantile,0.65,11,2027-04-24
2027-04-17,wk inc flu hosp,1,46,quantile,0.7,12,2027-04-24
2027-04-17,wk inc flu hosp,1,46,quantile,0.75,12,2027-04-24
2027-04-17,wk inc flu hosp,1,46,quantile,0.8,14,2027-04-24
2027-04-17,wk inc flu hosp,1,46,quantile,0.85,14,2027-04-24
2027-04-17,wk inc flu hosp,1,46,quantile,0.9,16,2027-04-24
2027-04-17,wk inc flu hosp,1,46,quantile,0.95,18,2027-04-24
2027-04-17,wk inc flu hosp,1,46,quantile,0.975,19,2027-04-24
2027-04-17,wk inc flu hosp,1,46,quantile,0.99,21,2027-04-24
2027-04-17,wk inc flu hosp,1,47,quantile,0.01,19,2027-04-24
2027-04-17,wk inc flu hosp,1,47,quantile,0.025,21,2027-04-24
2027-04-17,wk inc flu hosp,1,47,quantile,0.05,23,2027-04-24
2027-04-17,wk inc flu hosp,1,47,quantile,0.1,26,2027-04-24
2027-04-17,wk inc flu hosp,1,47,quantile,0.15,28,2027-04-24
2027-04-17,wk inc flu hosp,1,47,quantile,0.2,31,2027-04-24
2027-04-17,wk inc flu hosp,1,47,quantile,0.25,33,2027-04-24
2027-04-17,wk inc flu hosp,1,47,quantile,0.3,34,2027-04-24
2027-04-17,wk inc flu hosp,1,47,quantile,0.35,35,2027-04-24
2027-04-17,wk inc flu hosp,1,47,quantile,0.4,36,2027-04-24
2027-04-17,wk inc flu hosp,1,47,quantile,0.45,38,2027-04-24
2027-04-17,wk inc flu hosp,1,47,quantile,0.5,39,2027-04-24
2027-04-17,wk inc flu hosp,1,47,quantile,0.55,40,2027-04-24
2027-04-17,wk inc flu hosp,1,47,quantile,0.6,41,2027-04-24
2027-04-17,wk inc flu hosp,1,47,quantile,0.65,43,2027-04-24
2027-04-17,wk inc flu hosp,1,47,quantile,0.7,44,2027-04-24
2027-04-17,wk inc flu hosp,1,47,quantile,0.75,47,2027-04-24
2027-04-17,wk inc flu hosp,1,47,quantile,0.8,49,2027-04-24
2027-04-17,wk inc flu hosp,1,47,quantile,0.85,51,2027-04-24
2027-04-17,wk inc flu hosp,1,47,quantile,0.9,54,2027-04-24
2027-04-17,wk inc flu hosp,1,47,quantile,0.95,58,2027-04-24
2027-04-17,wk inc flu hosp,1,47,quantile,0.975,62,2027-04-24
2027-04-17,wk inc flu hosp,1,47,quantile,0.99,65,2027-04-24
2027-04-17,wk inc flu hosp,1,48,quantile,0.01,95,2027-04-24
2027-04-17,wk inc flu hosp,1,48,quantile,0.025,98,2027-04-24
2027-04-17,wk inc flu hosp,1,48,quantile,0.05,101,2027-04-24
2027-04-17,wk inc flu hosp,1,48,quantile,0.1,112,2027-04-24
2027-04-17,wk inc flu hosp,1,48,quantile,0.15,119,2027-04-24
2027-04-17,wk inc flu hosp,1,48,quantile,0.2,128,2027-04-24
2027-04-17,wk inc flu hosp,1,48,quantile,0.25,133,2027-04-24
2027-04-17,wk inc flu hosp,1,48,quantile,0.3,138,2027-04-24
2027-04-17,wk inc flu hosp,1,48,quantile,0.35,142,2027-04-24
2027-04-17,wk inc flu hosp,1,48,quantile,0.4,146,2027-04-24
2027-04-17,wk inc flu hosp,1,48,quantile,0.45,155,2027-04-24
2027-04-17,wk inc flu hosp,1,48,quantile,0.5,158,2027-04-24
2027-04-17,wk inc flu hosp,1,48,quantile,0.55,162,2027-04-24
2027-04-17,wk inc flu hosp,1,48,quantile,0.6,167,2027-04-24
2027-04-17,wk inc flu hosp,1,48,quantile,0.65,172,2027-04-24
2027-04-17,wk inc flu hosp,1,48,quantile,0.7,175,2027-04-24
2027-04-17,wk inc flu hosp,1,48,quantile,0.75,180,2027-04-24
2027-04-17,wk inc flu hosp,1,48,quantile,0.8,191,2027-04-24
2027-04-17,wk inc flu hosp,1,48,quantile,0.85,202,2027-04-24
2027-04-17,wk inc flu hosp,1,48,quantile,0.9,221,2027-04-24
2027-04-17,wk inc flu hosp,1,48,quantile,0.95,245,2027-04-24
2027-04-17,wk inc flu hosp,1,48,quantile,0.975,262,2027-04-24
2027-04-17,wk inc flu hosp,1,48,quantile,0.99,299,2027-04-24
2027-04-17,wk inc flu hosp,1,49,quantile,0.01,4,2027-04-24
2027-04-17,wk inc flu hosp,1,49,quantile,0.025,5,2027-04-24
2027-04-17,wk inc flu hosp,1,49,quantile,0.05,5,2027-04-24
2027-04-17,wk inc flu hosp,1,49,quantile,0.1,6,2027-04-24
2027-04-17,wk inc flu hosp,1,49,quantile,0.15,7,2027-04-24
2027-04-17,wk inc flu hosp,1,49,quantile,0.2,8,2027-04-24
2027-04-17,wk inc flu hosp,1,49,quantile,0.25,9,2027-04-24
2027-04-17,wk inc flu hosp,1,49,quantile,0.3,9,2027-04-24
2027-04-17,wk inc flu hosp,1,49,quantile,0.35,10,2027-04-24
2027-04-17,wk inc flu hosp,1,49,quantile,0.4,10,2027-04-24
2027-04-17,wk inc flu hosp,1,49,quantile,0.45,11,2027-04-24
2027-04-17,wk inc flu hosp,1,49,quantile,0.5,11,2027-04-24
2027-04-17,wk inc flu hosp,1,49,quantile,0.55,12,2027-04-24
2027-04-17,wk inc flu hosp,1,49,quantile,0.6,13,2027-04-24
2027-04-17,wk inc flu hosp,1,49,quantile,0.65,14,2027-04-24
2027-04-17,wk inc flu hosp,1,49,quantile,0.7,15,2027-04-24
2027-04-17,wk inc flu hosp,1,49,quantile,0.75,16,2027-04-24
2027-04-17,wk inc flu hosp,1,49,quantile,0.8,16,2027-04-24
2027-04-17,wk inc flu hosp,1,49,quantile,0.85,17,2027-04-24
2027-04-17,wk inc flu hosp,1,49,quantile,0.9,18,2027-04-24
2027-04-17,wk inc flu hosp,1,49,quantile,0.95,22,2027-04-24
2027-04-17,wk inc flu hosp,1,49,quantile,0.975,23,2027-04-24
2027-04-17,wk inc flu hosp,1,49,quantile,0.99,25,2027-04-24
2027-04-17,wk inc flu hosp,1,50,quantile,0.01,0,2027-04-24
2027-04-17,wk inc flu hosp,1,50,quantile,0.025,0,2027-04-24
2027-04-17,wk inc flu hosp,1,50,quantile,0.05,0,2027-04-24
2027-04-17,wk inc flu hosp,1,50,quantile,0.1,0,2027-04-24
2027-04-17,wk inc flu hosp,1,50,quantile,0.15,1,2027-04-24
2027-04-17,wk inc flu hosp,1,50,quantile,0.2,1,2027-04-24
2027-04-17,wk inc flu hosp,1,50,quantile,0.25,2,2027-04-24
2027-04-17,wk inc flu hosp,1,50,quantile,0.3,2,2027-04-24
2027-04-17,wk inc flu hosp,1,50,quantile,0.35,3,2027-04-24
2027-04-17,wk inc flu hosp,1,50,quantile,0.4,3,2027-04-24
2027-04-17,wk inc flu hosp,1,50,quantile,0.45,4,2027-04-24
2027-04-17,wk inc flu hosp,1,50,quantile,0.5,4,2027-04-24
2027-04-17,wk inc flu hosp,1,50,quantile,0.55,5,2027-04-24
2027-04-17,wk inc flu hosp,1,50,quantile,0.6,5,2027-04-24
2027-04-17,wk inc flu hosp,1,50,quantile,0.65,5,2027-04-24
2027-04-17,wk inc flu hosp,1,50,quantile,0.7,6,2027-04-24
2027-04-17,wk inc flu hosp,1,50,quantile,0.75,7,2027-04-24
2027-04-17,wk inc flu hosp,1,50,quantile,0.8,8,2027-04-24
2027-04-17,wk inc flu hosp,1,50,quantile,0.85,8,2027-04-24
2027-04-17,wk inc flu hosp,1,50,quantile,0.9,10,2027-04-24
2027-04-17,wk inc flu hosp,1,50,quantile,0.95,12,2027-04-24
2027-04-17,wk inc flu hosp,1,50,quantile,0.975,14,2027-04-24
2027-04-17,wk inc flu hosp,1,50,quantile,0.99,18,2027-04-24
2027-04-17,wk inc flu hosp,1,51,quantile,0.01,15,2027-04-24
2027-04-17,wk inc flu hosp,1,51,quantile,0.025,17,2027-04-24
2027-04-17,wk inc flu hosp,1,51,quantile,0.05,19,2027-04-24
2027-04-17,wk inc flu hosp,1,51,quantile,0.1,22,2027-04-24
2027-04-17,wk inc flu hosp,1,51,quantile,0.15,24,2027-04-24
2027-04-17,wk inc flu hosp,1,51,quantile,0.2,26,2027-04-24
2027-04-17,wk inc flu hosp,1,51,quantile,0.25,28,2027-04-24
2027-04-17,wk inc flu hosp,1,51,quantile,0.3,29,2027-04-24
2027-04-17,wk inc flu hosp,1,51,quantile,0.35,31,2027-04-24
2027-04-17,wk inc flu hosp,1,51,quantile,0.4,32,2027-04-24
2027-04-17,wk inc flu hosp,1,51,quantile,0.45,33,2027-04-24
2027-04-17,wk inc flu hosp,1,51,quantile,0.5,34,2027-04-24
2027-04-17,wk inc flu hosp,1,51,quantile,0.55,35,2027-04-24
2027-04-17,wk inc flu hosp,1,51,quantile,0.6,37,2027-04-24
2027-04-17,wk inc flu hosp,1,51,quantile,0.65,38,2027-04-24
2027-04-17,wk inc flu hosp,1,51,quantile,0.7,40,2027-04-24
2027-04-17,wk inc flu hosp,1,51,quantile,0.75,42,2027-04-24
2027-04-17,wk inc flu hosp,1,51,quantile,0.8,44,2027-04-24
2027-04-17,wk inc flu hosp,1,51,quantile,0.85,47,2027-04-24
2027-04-17,wk inc flu hosp,1,51,quantile,0.9,53,2027-04-24
2027-04-17,wk inc flu hosp,1,51,quantile,0.95,57,2027-04-24
2027-04-17,wk inc flu hosp,1,51,quantile,0.975,59,2027-04-24
2027-04-17,wk inc flu hosp,1,51,quantile,0.99,71,2027-04-24
2027-04-17,wk inc flu hosp,1,53,quantile,0.01,12,2027-04-24
2027-04-17,wk inc flu hosp,1,53,quantile,0.025,13,2027-04-24
2027-04-17,wk inc flu hosp,1,53,quantile,0.05,13,2027-04-24
2027-04-17,wk inc flu hosp,1,53,quantile,0.1,14,2027-04-24
2027-04-17,wk inc flu hosp,1,53,quantile,0.15,16,2027-04-24
2027-04-17,wk inc flu hosp,1,53,quantile,0.2,17,2027-04-24
2027-04-17,wk inc flu hosp,1,53,quantile,0.25,18,2027-04-24
2027-04-17,wk inc flu hosp,1,53,quantile,0.3,20,2027-04-24
2027-04-17,wk inc flu hosp,1,53,quantile,0.35,20,2027-04-24
2027-04-17,wk inc flu hosp,1,53,quantile,0.4,22,2027-04-24
2027-04-17,wk inc flu hosp,1,53,quantile,0.45,23,2027-04-24
2027-04-17,wk inc flu hosp,1,53,quantile,0.5,24,2027-04-24
2027-04-17,wk inc flu hosp,1,53,quantile,0.55,25,2027-04-24
2027-04-17,wk inc flu hosp,1,53,quantile,0.6,26,2027-04-24
2027-04-17,wk inc flu hosp,1,53,quantile,0.65,27,2027-04-24
2027-04-17,wk inc flu hosp,1,53,quantile,0.7,28,2027-04-24
2027-04-17,wk inc flu hosp,1,53,quantile,0.75,31,2027-04-24
2027-04-17,wk inc flu hosp,1,53,quantile,0.8,32,2027-04-24
2027-04-17,wk inc flu hosp,1,53,quantile,0.85,34,2027-04-24
2027-04-17,wk inc flu hosp,1,53,quantile,0.9,36,2027-04-24
2027-04-17,wk inc flu hosp,1,53,quantile,0.95,39,2027-04-24
2027-04-17,wk inc flu hosp,1,53,quantile,0.975,42,2027-04-24
2027-04-17,wk inc flu hosp,1,53,quantile,0.99,47,2027-04-24
2027-04-17,wk inc flu hosp,1,54,quantile,0.01,0,2027-04-24
2027-04-17,wk inc flu hosp,1,54,quantile,0.025,1,2027-04-24
2027-04-17,wk inc flu hosp,1,54,quantile,0.05,1,2027-04-24
2027-04-17,wk inc flu hosp,1,54,quantile,0.1,3,2027-04-24
2027-04-17,wk inc flu hosp,1,54,quantile,0.15,4,2027-04-24
2027-04-17,wk inc flu hosp,1,54,quantile,0.2,4,2027-04-24
2027-04-17,wk inc flu hosp,1,54,quantile,0.25,5,2027-04-24
2027-04-17,wk inc flu hosp,1,54,quantile,0.3,6,2027-04-24
2027-04-17,wk inc flu hosp,1,54,quantile,0.35,6,2027-04-24
2027-04-17,wk inc flu hosp,1,54,quantile,0.4,6,2027-04-24
2027-04-17,wk inc flu hosp,1,54,quantile,0.45,7,2027-04-24
2027-04-17,wk inc flu hosp,1,54,quantile,0.5,7,2027-04-24
2027-04-17,wk inc flu hosp,1,54,quantile,0.55,7,2027-04-24
2027-04-17,wk inc flu hosp,1,54,quantile,0.6,8,2027-04-24
2027-04-17,wk inc flu hosp,1,54,quantile,0.65,9,2027-04-24
2027-04-17,wk inc flu hosp,1,54,quantile,0.7,9,2027-04-24
2027-04-17,wk inc flu hosp,1,54,quantile,0.75,10,2027-04-24
2027-04-17,wk inc flu hosp,1,54,quantile,0.8,10,2027-04-24
2027-04-17,wk inc flu hosp,1,54,quantile,0.85,11,2027-04-24
2027-04-17,wk inc flu hosp,1,54,quantile,0.9,12,2027-04-24
2027-04-17,wk inc flu hosp,1,54,quantile,0.95,13,2027-04-24
2027-04-17,wk inc flu hosp,1,54,quantile,0.975,15,2027-04-24
2027-04-17,wk inc flu hosp,1,54,quantile,0.99,18,2027-04-24
2027-04-17,wk inc flu hosp,1,55,quantile,0.01,13,2027-04-24
2027-04-17,wk inc flu hosp,1,55,quantile,0.025,14,2027-04-24
2027-04-17,wk inc flu hosp,1,55,quantile,0.05,15,2027-04-24
2027-04-17,wk inc flu hosp,1,55,quantile,0.1,17,2027-04-24
2027-04-17,wk inc flu hosp,1,55,quantile,0.15,18,2027-04-24
2027-04-17,wk inc flu hosp,1,55,quantile,0.2,20,2027-04-24
2027-04-17,wk inc flu hosp,1,55,quantile,0.25,21,2027-04-24
2027-04-17,wk inc flu hosp,1,55,quantile,0.3,22,2027-04-24
2027-04-17,wk inc flu hosp,1,55,quantile,0.35,24,2027-04-24
2027-04-17,wk inc flu hosp,1,55,quantile,0.4,25,2027-04-24
2027-04-17,wk inc flu hosp,1,55,quantile,0.45,26,2027-04-24
2027-04-17,wk inc flu hosp,1,55,quantile,0.5,27,2027-04-24
2027-04-17,wk inc flu hosp,1,55,quantile,0.55,28,2027-04-24
2027-04-17,wk inc flu hosp,1,55,quantile,0.6,29,2027-04-24
2027-04-17,wk inc flu hosp,1,55,quantile,0.65,30,2027-04-24
2027-04-17,wk inc flu hosp,1,55,quantile,0.7,32,2027-04-24
2027-04-17,wk inc flu hosp,1,55,quantile,0.75,33,2027-04-24
2027-04-17,wk inc flu hosp,1,55,quantile,0.8,33,2027-04-24
2027-04-17,wk inc flu hosp,1,55,quantile,0.85,36,2027-04-24
2027-04-17,wk inc flu hosp,1,55,quantile,0.9,38,2027-04-24
2027-04-17,wk inc flu hosp,1,55,quantile,0.95,40,2027-04-24
2027-04-17,wk inc flu hosp,1,55,quantile,0.975,41,2027-04-24
2027-04-17,wk inc flu hosp,1,55,quantile,0.99,45,2027-04-24
2027-04-17,wk inc flu hosp,1,56,quantile,0.01,0,2027-04-24
2027-04-17,wk inc flu hosp,1,56,quantile,0.025,0,2027-04-24
2027-04-17,wk inc flu hosp,1,56,quantile,0.05,0,2027-04-24
2027-04-17,wk inc flu hosp,1,56,quantile,0.1,0,2027-04-24
2027-04-17,wk inc flu hosp,1,56,quantile,0.15,0,2027-04-24
2027-04-17,wk inc flu hosp,1,56,quantile,0.2,0,2027-04-24
2027-04-17,wk inc flu hosp,1,56,quantile,0.25,0,2027-04-24
2027-04-17,wk inc flu hosp,1,56,quantile,0.3,0,2027-04-24
2027-04-17,wk inc flu hosp,1,56,quantile,0.35,0,2027-04-24
2027-04-17,wk inc flu hosp,1,56,quantile,0.4,1,2027-04-24
2027-04-17,wk inc flu hosp,1,56,quantile,0.45,1,2027-04-24
2027-04-17,wk inc flu hosp,1,56,quantile,0.5,1,2027-04-24
2027-04-17,wk inc flu hosp,1,56,quantile,0.55,2,2027-04-24
2027-04-17,wk inc flu hosp,1,56,quantile,0.6,2,2027-04-24
2027-04-17,wk inc flu hosp,1,56,quantile,0.65,2,2027-04-24
2027-04-17,wk inc flu hosp,1,56,quantile,0.7,3,2027-04-24
2027-04-17,wk inc flu hosp,1,56,quantile,0.75,3,2027-04-24
2027-04-17,wk inc flu hosp,1,56,quantile,0.8,4,2027-04-24
2027-04-17,wk inc flu hosp,1,56,quantile,0.85,5,2027-04-24
2027-04-17,wk inc flu hosp,1,56,quantile,0.9,7,2027-04-24
2027-04-17,wk inc flu hosp,1,56,quantile,0.95,9,2027-04-24
2027-04-17,wk inc flu hosp,1,56,quantile,0.975,12,2027-04-24
2027-04-17,wk inc flu hosp,1,56,quantile,0.99,15,2027-04-24
2027-04-17,wk inc flu hosp,1,72,quantile,0.01,38,2027-04-24
2027-04-17,wk inc flu hosp,1,72,quantile,0.025,46,2027-04-24
2027-04-17,wk inc flu hosp,1,72,quantile,0.05,50,2027-04-24
2027-04-17,wk inc flu hosp,1,72,quantile,0.1,57,2027-04-24
2027-04-17,wk inc flu hosp,1,72,quantile,0.15,62,2027-04-24
2027-04-17,wk inc flu hosp,1,72,quantile,0.2,67,2027-04-24
2027-04-17,wk inc flu hosp,1,72,quantile,0.25,70,2027-04-24
2027-04-17,wk inc flu hosp,1,72,quantile,0.3,74,2027-04-24
2027-04-17,wk inc flu hosp,1,72,quantile,0.35,79,2027-04-24
2027-04-17,wk inc flu hosp,1,72,quantile,0.4,84,2027-04-24
2027-04-17,wk inc flu hosp,1,72,quantile,0.45,86,2027-04-24
2027-04-17,wk inc flu hosp,1,72,quantile,0.5,88,2027-04-24
2027-04-17,wk inc flu hosp,1,72,quantile,0.55,89,2027-04-24
2027-04-17,wk inc flu hosp,1,72,quantile,0.6,94,2027-04-24
2027-04-17,wk inc flu hosp,1,72,quantile,0.65,98,2027-04-24
2027-04-17,wk inc flu hosp,1,72,quantile,0.7,101,2027-04-24
2027-04-17,wk inc flu hosp,1,72,quantile,0.75,106,2027-04-24
2027-04-17,wk inc flu hosp,1,72,quantile,0.8,112,2027-04-24
2027-04-17,wk inc flu hosp,1,72,quantile,0.85,121,2027-04-24
2027-04-17,wk inc flu hosp,1,72,quantile,0.9,133,2027-04-24
2027-04-17,wk inc flu hosp,1,72,quantile,0.95,140,2027-04-24
2027-04-17,wk inc flu hosp,1,72,quantile,0.975,145,2027-04-24
2027-04-17,wk inc flu hosp,1,72,quantile,0.99,159,2027-04-24
2027-04-17,wk inc flu hosp,1,USA,quantile,0.01,1616,2027-04-24
2027-04-17,wk inc flu hosp,1,USA,quantile,0.025,1634,2027-04-24
2027-04-17,wk inc flu hosp,1,USA,quantile,0.05,1702,2027-04-24
2027-04-17,wk inc flu hosp,1,USA,quantile,0.1,1780,2027-04-24
2027-04-17,wk inc flu hosp,1,USA,quantile,0.15,1796,2027-04-24
2027-04-17,wk inc flu hosp,1,USA,quantile,0.2,1831,2027-04-24
2027-04-17,wk inc flu hosp,1,USA,quantile,0.25,1852,2027-04-24
2027-04-17,wk inc flu hosp,1,USA,quantile,0.3,1874,2027-04-24
2027-04-17,wk inc flu hosp,1,USA,quantile,0.35,1882,2027-04-24
2027-04-17,wk inc flu hosp,1,USA,quantile,0.4,1907,2027-04-24
2027-04-17,wk inc flu hosp,1,USA,quantile,0.45,1924,2027-04-24
2027-04-17,wk inc flu hosp,1,USA,quantile,0.5,1939,2027-04-24
2027-04-17,wk inc flu hosp,1,USA,quantile,0.55,1959,2027-04-24
2027-04-17,wk inc flu hosp,1,USA,quantile,0.6,1982,2027-04-24
2027-04-17,wk inc flu hosp,1,USA,quantile,0.65,2007,2027-04-24
2027-04-17,wk inc flu hosp,1,USA,quantile,0.7,2023,2027-04-24
2027-04-17,wk inc flu hosp,1,USA,quantile,0.75,2048,2027-04-24
2027-04-17,wk inc flu hosp,1,USA,quantile,0.8,2065,2027-04-24
2027-04-17,wk inc flu hosp,1,USA,quantile,0.85,2095,2027-04-24
2027-04-17,wk inc flu hosp,1,USA,quantile,0.9,2139,2027-04-24
2027-04-17,wk inc flu hosp,1,USA,quantile,0.95,2205,2027-04-24
2027-04-17,wk inc flu hosp,1,USA,quantile,0.975,2243,2027-04-24
2027-04-17,wk inc flu hosp,1,USA,quantile,0.99,2325,2027-04-24
2027-04-17,wk inc flu hosp,2,01,quantile,0.01,2,2027-05-01
2027-04-17,wk inc flu hosp,2,01,quantile,0.025,3,2027-05-01
2027-04-17,wk inc flu hosp,2,01,quantile,0.05,5,2027-05-01
2027-04-17,wk inc flu hosp,2,01,quantile,0.1,6,2027-05-01
2027-04-17,wk inc flu hosp,2,01,quantile,0.15,7,2027-05-01
2027-04-17,wk inc flu hosp,2,01,quantile,0.2,8,2027-05-01
2027-04-17,wk inc flu hosp,2,01,quantile,0.25,8,2027-05-01
2027-04-17,wk inc flu hosp,2,01,quantile,0.3,9,2027-05-01
2027-04-17,wk inc flu hosp,2,01,quantile,0.35,10,2027-05-01
2027-04-17,wk inc flu hosp,2,01,quantile,0.4,11,2027-05-01
2027-04-17,wk inc flu hosp,2,01,quantile,0.45,12,2027-05-01
2027-04-17,wk inc flu hosp,2,01,quantile,0.5,13,2027-05-01
2027-04-17,wk inc flu hosp,2,01,quantile,0.55,13,2027-05-01
2027-04-17,wk inc flu hosp,2,01,quantile,0.6,14,2027-05-01
2027-04-17,wk inc flu hosp,2,01,quantile,0.65,16,2027-05-01
2027-04-17,wk inc flu hosp,2,01,quantile,0.7,17,2027-05-01
2027-04-17,wk inc flu hosp,2,01,quantile,0.75,17,2027-05-01
2027-04-17,wk inc flu hosp,2,01,quantile,0.8,19,2027-05-01
2027-04-17,wk inc flu hosp,2,01,quantile,0.85,20,2027-05-01
2027-04-17,wk inc flu hosp,2,01,quantile,0.9,22,2027-05-01
2027-04-17,wk inc flu hosp,2,01,quantile,0.95,26,2027-05-01
2027-04-17,wk inc flu hosp,2,01,quantile,0.975,28,2027-05-01
2027-04-17,wk inc flu hosp,2,01,quantile,0.99,31,2027-05-01
2027-04-17,wk inc flu hosp,2,02,quantile,0.01,0,2027-05-01
2027-04-17,wk inc flu hosp,2,02,quantile,0.025,0,2027-05-01
2027-04-17,wk inc flu hosp,2,02,quantile,0.05,0,2027-05-01
2027-04-17,wk inc flu hosp,2,02,quantile,0.1,0,2027-05-01
2027-04-17,wk inc flu hosp,2,02,quantile,0.15,0,2027-05-01
2027-04-17,wk inc flu hosp,2,02,quantile,0.2,0,2027-05-01
2027-04-17,wk inc flu hosp,2,02,quantile,0.25,0,2027-05-01
2027-04-17,wk inc flu hosp,2,02,quantile,0.3,0,2027-05-01
2027-04-17,wk inc flu hosp,2,02,quantile,0.35,0,2027-05-01
2027-04-17,wk inc flu hosp,2,02,quantile,0.4,0,2027-05-01
2027-04-17,wk inc flu hosp,2,02,quantile,0.45,1,2027-05-01
2027-04-17,wk inc flu hosp,2,02,quantile,0.5,1,2027-05-01
2027-04-17,wk inc flu hosp,2,02,quantile,0.55,1,2027-05-01
2027-04-17,wk inc flu hosp,2,02,quantile,0.6,2,2027-05-01
2027-04-17,wk inc flu hosp,2,02,quantile,0.65,2,2027-05-01
2027-04-17,wk inc flu hosp,2,02,quantile,0.7,3,2027-05-01
2027-04-17,wk inc flu hosp,2,02,quantile,0.75,4,2027-05-01
2027-04-17,wk inc flu hosp,2,02,quantile,0.8,5,2027-05-01
2027-04-17,wk inc flu hosp,2,02,quantile,0.85,7,2027-05-01
2027-04-17,wk inc flu hosp,2,02,quantile,0.9,8,2027-05-01
2027-04-17,wk inc flu hosp,2,02,quantile,0.95,10,2027-05-01
2027-04-17,wk inc flu hosp,2,02,quantile,0.975,14,2027-05-01
2027-04-17,wk inc flu hosp,2,02,quantile,0.99,14,2027-05-01
2027-04-17,wk inc flu hosp,2,04,quantile,0.01,28,2027-05-01
2027-04-17,wk inc flu hosp,2,04,quantile,0.025,31,2027-05-01
2027-04-17,wk inc flu hosp,2,04,quantile,0.05,34,2027-05-01
2027-04-17,wk inc flu hosp,2,04,quantile,0.1,37,2027-05-01
2027-04-17,wk inc flu hosp,2,04,quantile,0.15,38,2027-05-01
2027-04-17,wk inc flu hosp,2,04,quantile,0.2,42,2027-05-01
2027-04-17,wk inc flu hosp,2,04,quantile,0.25,44,2027-05-01
2027-04-17,wk inc flu hosp,2,04,quantile,0.3,47,2027-05-01
2027-04-17,wk inc flu hosp,2,04,quantile,0.35,49,2027-05-01
2027-04-17,wk inc flu hosp,2,04,quantile,0.4,51,2027-05-01
2027-04-17,wk inc flu hosp,2,04,quantile,0.45,54,2027-05-01
2027-04-17,wk inc flu hosp,2,04,quantile,0.5,57,2027-05-01
2027-04-17,wk inc flu hosp,2,04,quantile,0.55,61,2027-05-01
2027-04-17,wk inc flu hosp,2,04,quantile,0.6,63,2027-05-01
2027-04-17,wk inc flu hosp,2,04,quantile,0.65,65,2027-05-01
2027-04-17,wk inc flu hosp,2,04,quantile,0.7,67,2027-05-01
2027-04-17,wk inc flu hosp,2,04,quantile,0.75,70,2027-05-01
2027-04-17,wk inc flu hosp,2,04,quantile,0.8,75,2027-05-01
2027-04-17,wk inc flu hosp,2,04,quantile,0.85,78,2027-05-01
2027-04-17,wk inc flu hosp,2,04,quantile,0.9,86,2027-05-01
2027-04-17,wk inc flu hosp,2,04,quantile,0.95,94,2027-05-01
2027-04-17,wk inc flu hosp,2,04,quantile,0.975,113,2027-05-01
2027-04-17,wk inc flu hosp,2,04,quantile,0.99,120,2027-05-01
2027-04-17,wk inc flu hosp,2,05,quantile,0.01,1,2027-05-01
2027-04-17,wk inc flu hosp,2,05,quantile,0.025,2,2027-05-01
2027-04-17,wk inc flu hosp,2,05,quantile,0.05,2,2027-05-01
2027-04-17,wk inc flu hosp,2,05,quantile,0.1,3,2027-05-01
2027-04-17,wk inc flu hosp,2,05,quantile,0.15,5,2027-05-01
2027-04-17,wk inc flu hosp,2,05,quantile,0.2,5,2027-05-01
2027-04-17,wk inc flu hosp,2,05,quantile,0.25,6,2027-05-01
2027-04-17,wk inc flu hosp,2,05,quantile,0.3,7,2027-05-01
2027-04-17,wk inc flu hosp,2,05,quantile,0.35,8,2027-05-01
2027-04-17,wk inc flu hosp,2,05,quantile,0.4,8,2027-05-01
2027-04-17,wk inc flu hosp,2,05,quantile,0.45,9,2027-05-01
2027-04-17,wk inc flu hosp,2,05,quantile,0.5,10,2027-05-01
2027-04-17,wk inc flu hosp,2,05,quantile,0.55,10,2027-05-01
2027-04-17,wk inc flu hosp,2,05,quantile,0.6,11,2027-05-01
2027-04-17,wk inc flu hosp,2,05,quantile,0.65,12,2027-05-01
2027-04-17,wk inc flu hosp,2,05,quantile,0.7,13,2027-05-01
2027-04-17,wk inc flu hosp,2,05,quantile,0.75,14,2027-05-01
2027-04-17,wk inc flu hosp,2,05,quantile,0.8,15,2027-05-01
2027-04-17,wk inc flu hosp,2,05,quantile,0.85,17,2027-05-01
2027-04-17,wk inc flu hosp,2,05,quantile,0.9,19,2027-05-01
2027-04-17,wk inc flu hosp,2,05,quantile,0.95,21,2027-05-01
2027-04-17,wk inc flu hosp,2,05,quantile,0.975,21,2027-05-01
2027-04-17,wk inc flu hosp,2,05,quantile,0.99,26,2027-05-01
2027-04-17,wk inc flu hosp,2,06,quantile,0.01,57,2027-05-01
2027-04-17,wk inc flu hosp,2,06,quantile,0.025,63,2027-05-01
2027-04-17,wk inc flu hosp,2,06,quantile,0.05,91,2027-05-01
2027-04-17,wk inc flu hosp,2,06,quantile,0.1,101,2027-05-01
2027-04-17,wk inc flu hosp,2,06,quantile,0.15,108,2027-05-01
2027-04-17,wk inc flu hosp,2,06,quantile,0.2,118,2027-05-01
2027-04-17,wk inc flu hosp,2,06,quantile,0.25,129,2027-05-01
2027-04-17,wk inc flu hosp,2,06,quantile,0.3,136,2027-05-01
2027-04-17,wk inc flu hosp,2,06,quantile,0.35,142,2027-05-01
2027-04-17,wk inc flu hosp,2,06,quantile,0.4,149,2027-05-01
2027-04-17,wk inc flu hosp,2,06,quantile,0.45,157,2027-05-01
2027-04-17,wk inc flu hosp,2,06,quantile,0.5,163,2027-05-01
2027-04-17,wk inc flu hosp,2,06,quantile,0.55,168,2027-05-01
2027-04-17,wk inc flu hosp,2,06,quantile,0.6,170,2027-05-01
2027-04-17,wk inc flu hosp,2,06,quantile,0.65,176,2027-05-01
2027-04-17,wk inc flu hosp,2,06,quantile,0.7,180,2027-05-01
2027-04-17,wk inc flu hosp,2,06,quantile,0.75,188,2027-05-01
2027-04-17,wk inc flu hosp,2,06,quantile,0.8,196,2027-05-01
2027-04-17,wk inc flu hosp,2,06,quantile,0.85,210,2027-05-01
2027-04-17,wk inc flu hosp,2,06,quantile,0.9,222,2027-05-01
2027-04-17,wk inc flu hosp,2,06,quantile,0.95,238,2027-05-01
2027-04-17,wk inc flu hosp,2,06,quantile,0.975,271,2027-05-01
2027-04-17,wk inc flu hosp,2,06,quantile,0.99,287,2027-05-01
2027-04-17,wk inc flu hosp,2,08,quantile,0.01,8,2027-05-01
2027-04-17,wk inc flu hosp,2,08,quantile,0.025,9,2027-05-01
2027-04-17,wk inc flu hosp,2,08,quantile,0.05,10,2027-05-01
2027-04-17,wk inc flu hosp,2,08,quantile,0.1,12,2027-05-01
2027-04-17,wk inc flu hosp,2,08,quantile,0.15,13,2027-05-01
2027-04-17,wk inc flu hosp,2,08,quantile,0.2,14,2027-05-01
2027-04-17,wk inc flu hosp,2,08,quantile,0.25,15,2027-05-01
2027-04-17,wk inc flu hosp,2,08,quantile,0.3,16,2027-05-01
2027-04-17,wk inc flu hosp,2,08,quantile,0.35,17,2027-05-01
2027-04-17,wk inc flu hosp,2,08,quantile,0.4,18,2027-05-01
2027-04-17,wk inc flu hosp,2,08,quantile,0.45,19,2027-05-01
2027-04-17,wk inc flu hosp,2,08,quantile,0.5,19,2027-05-01
2027-04-17,wk inc flu hosp,2,08,quantile,0.55,19,2027-05-01
2027-04-17,wk inc flu hosp,2,08,quantile,0.6,20,2027-05-01
2027-04-17,wk inc flu hosp,2,08,quantile,0.65,21,2027-05-01
2027-04-17,wk inc flu hosp,2,08,quantile,0.7,22,2027-05-01
2027-04-17,wk inc flu hosp,2,08,quantile,0.75,22,2027-05-01
2027-04-17,wk inc flu hosp,2,08,quantile,0.8,24,2027-05-01
2027-04-17,wk inc flu hosp,2,08,quantile,0.85,25,2027-05-01
2027-04-17,wk inc flu hosp,2,08,quantile,0.9,27,2027-05-01
2027-04-17,wk inc flu hosp,2,08,quantile,0.95,30,2027-05-01
2027-04-17,wk inc flu hosp,2,08,quantile,0.975,32,2027-05-01
2027-04-17,wk inc flu hosp,2,08,quantile,0.99,42,2027-05-01
2027-04-17,wk inc flu hosp,2,09,quantile,0.01,7,2027-05-01
2027-04-17,wk inc flu hosp,2,09,quantile,0.025,8,2027-05-01
2027-04-17,wk inc flu hosp,2,09,quantile,0.05,9,2027-05-01
2027-04-17,wk inc flu hosp,2,09,quantile,0.1,10,2027-05-01
2027-04-17,wk inc flu hosp,2,09,quantile,0.15,11,2027-05-01
2027-04-17,wk inc flu hosp,2,09,quantile,0.2,13,2027-05-01
2027-04-17,wk inc flu hosp,2,09,quantile,0.25,14,2027-05-01
2027-04-17,wk inc flu hosp,2,09,quantile,0.3,14,2027-05-01
2027-04-17,wk inc flu hosp,2,09,quantile,0.35,15,2027-05-01
2027-04-17,wk inc flu hosp,2,09,quantile,0.4,16,2027-05-01
2027-04-17,wk inc flu hosp,2,09,quantile,0.45,17,2027-05-01
2027-04-17,wk inc flu hosp,2,09,quantile,0.5,18,2027-05-01
2027-04-17,wk inc flu hosp,2,09,quantile,0.55,19,2027-05-01
2027-04-17,wk inc flu hosp,2,09,quantile,0.6,20,2027-05-01
2027-04-17,wk inc flu hosp,2,09,quantile,0.65,21,2027-05-01
2027-04-17,wk inc flu hosp,2,09,quantile,0.7,22,2027-05-01
2027-04-17,wk inc flu hosp,2,09,quantile,0.75,24,2027-05-01
2027-04-17,wk inc flu hosp,2,09,quantile,0.8,25,2027-05-01
2027-04-17,wk inc flu hosp,2,09,quantile,0.85,26,2027-05-01
2027-04-17,wk inc flu hosp,2,09,quantile,0.9,29,2027-05-01
2027-04-17,wk inc flu hosp,2,09,quantile,0.95,33,2027-05-01
2027-04-17,wk inc flu hosp,2,09,quantile,0.975,35,2027-05-01
2027-04-17,wk inc flu hosp,2,09,quantile,0.99,37,2027-05-01
2027-04-17,wk inc flu hosp,2,10,quantile,0.01,0,2027-05-01
2027-04-17,wk inc flu hosp,2,10,quantile,0.025,0,2027-05-01
2027-04-17,wk inc flu hosp,2,10,quantile,0.05,0,2027-05-01
2027-04-17,wk inc flu hosp,2,10,quantile,0.1,0,2027-05-01
2027-04-17,wk inc flu hosp,2,10,quantile,0.15,0,2027-05-01
2027-04-17,wk inc flu hosp,2,10,quantile,0.2,0,2027-05-01
2027-04-17,wk inc flu hosp,2,10,quantile,0.25,0,2027-05-01
2027-04-17,wk inc flu hosp,2,10,quantile,0.3,0,2027-05-01
2027-04-17,wk inc flu hosp,2,10,quantile,0.35,0,2027-05-01
2027-04-17,wk inc flu hosp,2,10,quantile,0.4,0,2027-05-01
2027-04-17,wk inc flu hosp,2,10,quantile,0.45,0,2027-05-01
2027-04-17,wk inc flu hosp,2,10,quantile,0.5,0,2027-05-01
2027-04-17,wk inc flu hosp,2,10,quantile,0.55,0,2027-05-01
2027-04-17,wk inc flu hosp,2,10,quantile,0.6,0,2027-05-01
2027-04-17,wk inc flu hosp,2,10,quantile,0.65,1,2027-05-01
2027-04-17,wk inc flu hosp,2,10,quantile,0.7,1,2027-05-01
2027-04-17,wk inc flu hosp,2,10,quantile,0.75,1,2027-05-01
2027-04-17,wk inc flu hosp,2,10,quantile,0.8,2,2027-05-01
2027-04-17,wk inc flu hosp,2,10,quantile,0.85,2,2027-05-01
2027-04-17,wk inc flu hosp,2,10,quantile,0.9,3,2027-05-01
2027-04-17,wk inc flu hosp,2,10,quantile,0.95,4,2027-05-01
2027-04-17,wk inc flu hosp,2,10,quantile,0.975,5,2027-05-01
2027-04-17,wk inc flu hosp,2,10,quantile,0.99,6,2027-05-01
2027-04-17,wk inc flu hosp,2,11,quantile,0.01,0,2027-05-01
2027-04-17,wk inc flu hosp,2,11,quantile,0.025,0,2027-05-01
2027-04-17,wk inc flu hosp,2,11,quantile,0.05,0,2027-05-01
2027-04-17,wk inc flu hosp,2,11,quantile,0.1,0,2027-05-01
2027-04-17,wk inc flu hosp,2,11,quantile,0.15,0,2027-05-01
2027-04-17,wk inc flu hosp,2,11,quantile,0.2,0,2027-05-01
2027-04-17,wk inc flu hosp,2,11,quantile,0.25,0,2027-05-01
2027-04-17,wk inc flu hosp,2,11,quantile,0.3,0,2027-05-01
2027-04-17,wk inc flu hosp,2,11,quantile,0.35,0,2027-05-01
2027-04-17,wk inc flu hosp,2,11,quantile,0.4,0,2027-05-01
2027-04-17,wk inc flu hosp,2,11,quantile,0.45,1,2027-05-01
2027-04-17,wk inc flu hosp,2,11,quantile,0.5,1,2027-05-01
2027-04-17,wk inc flu hosp,2,11,quantile,0.55,1,2027-05-01
2027-04-17,wk inc flu hosp,2,11,quantile,0.6,2,2027-05-01
2027-04-17,wk inc flu hosp,2,11,quantile,0.65,2,2027-05-01
2027-04-17,wk inc flu hosp,2,11,quantile,0.7,3,2027-05-01
2027-04-17,wk inc flu hosp,2,11,quantile,0.75,4,2027-05-01
2027-04-17,wk inc flu hosp,2,11,quantile,0.8,5,2027-05-01
2027-04-17,wk inc flu hosp,2,11,quantile,0.85,6,2027-05-01
2027-04-17,wk inc flu hosp,2,11,quantile,0.9,8,2027-05-01
2027-04-17,wk inc flu hosp,2,11,quantile,0.95,12,2027-05-01
2027-04-17,wk inc flu hosp,2,11,quantile,0.975,16,2027-05-01
2027-04-17,wk inc flu hosp,2,11,quantile,0.99,16,2027-05-01
2027-04-17,wk inc flu hosp,2,12,quantile,0.01,81,2027-05-01
2027-04-17,wk inc flu hosp,2,12,quantile,0.025,90,2027-05-01
2027-04-17,wk inc flu hosp,2,12,quantile,0.05,106,2027-05-01
2027-04-17,wk inc flu hosp,2,12,quantile,0.1,119,2027-05-01
2027-04-17,wk inc flu hosp,2,12,quantile,0.15,128,2027-05-01
2027-04-17,wk inc flu hosp,2,12,quantile,0.2,135,2027-05-01
2027-04-17,wk inc flu hosp,2,12,quantile,0.25,140,2027-05-01
2027-04-17,wk inc flu hosp,2,12,quantile,0.3,148,2027-05-01
2027-04-17,wk inc flu hosp,2,12,quantile,0.35,154,2027-05-01
2027-04-17,wk inc flu hosp,2,12,quantile,0.4,158,2027-05-01
2027-04-17,wk inc flu hosp,2,12,quantile,0.45,166,2027-05-01
2027-04-17,wk inc flu hosp,2,12,quantile,0.5,168,2027-05-01
2027-04-17,wk inc flu hosp,2,12,quantile,0.55,170,2027-05-01
2027-04-17,wk inc flu hosp,2,12,quantile,0.6,177,2027-05-01
2027-04-17,wk inc flu hosp,2,12,quantile,0.65,181,2027-05-01
2027-04-17,wk inc flu hosp,2,12,quantile,0.7,188,2027-05-01
2027-04-17,wk inc flu hosp,2,12,quantile,0.75,192,2027-05-01
2027-04-17,wk inc flu hosp,2,12,quantile,0.8,198,2027-05-01
2027-04-17,wk inc flu hosp,2,12,quantile,0.85,208,2027-05-01
2027-04-17,wk inc flu hosp,2,12,quantile,0.9,221,2027-05-01
2027-04-17,wk inc flu hosp,2,12,quantile,0.95,243,2027-05-01
2027-04-17,wk inc flu hosp,2,12,quantile,0.975,252,2027-05-01
2027-04-17,wk inc flu hosp,2,12,quantile,0.99,272,2027-05-01
2027-04-17,wk inc flu hosp,2,13,quantile,0.01,9,2027-05-01
2027-04-17,wk inc flu hosp,2,13,quantile,0.025,10,2027-05-01
2027-04-17,wk inc flu hosp,2,13,quantile,0.05,12,2027-05-01
2027-04-17,wk inc flu hosp,2,13,quantile,0.1,14,2027-05-01
2027-04-17,wk inc flu hosp,2,13,quantile,0.15,16,2027-05-01
2027-04-17,wk inc flu hosp,2,13,quantile,0.2,17,2027-05-01
2027-04-17,wk inc flu hosp,2,13,quantile,0.25,18,2027-05-01
2027-04-17,wk inc flu hosp,2,13,quantile,0.3,20,2027-05-01
2027-04-17,wk inc flu hosp,2,13,quantile,0.35,21,2027-05-01
2027-04-17,wk inc flu hosp,2,13,quantile,0.4,22,2027-05-01
2027-04-17,wk inc flu hosp,2,13,quantile,0.45,22,2027-05-01
2027-04-17,wk inc flu hosp,2,13,quantile,0.5,24,2027-05-01
2027-04-17,wk inc flu hosp,2,13,quantile,0.55,25,2027-05-01
2027-04-17,wk inc flu hosp,2,13,quantile,0.6,26,2027-05-01
2027-04-17,wk inc flu hosp,2,13,quantile,0.65,26,2027-05-01
2027-04-17,wk inc flu hosp,2,13,quantile,0.7,28,2027-05-01
2027-04-17,wk inc flu hosp,2,13,quantile,0.75,29,2027-05-01
2027-04-17,wk inc flu hosp,2,13,quantile,0.8,31,2027-05-01
2027-04-17,wk inc flu hosp,2,13,quantile,0.85,33,2027-05-01
2027-04-17,wk inc flu hosp,2,13,quantile,0.9,36,2027-05-01
2027-04-17,wk inc flu hosp,2,13,quantile,0.95,41,2027-05-01
2027-04-17,wk inc flu hosp,2,13,quantile,0.975,43,2027-05-01
2027-04-17,wk inc flu hosp,2,13,quantile,0.99,48,2027-05-01
2027-04-17,wk inc flu hosp,2,15,quantile,0.01,4,2027-05-01
2027-04-17,wk inc flu hosp,2,15,quantile,0.025,4,2027-05-01
2027-04-17,wk inc flu hosp,2,15,quantile,0.05,5,2027-05-01
2027-04-17,wk inc flu hosp,2,15,quantile,0.1,6,2027-05-01
2027-04-17,wk inc flu hosp,2,15,quantile,0.15,8,2027-05-01
2027-04-17,wk inc flu hosp,2,15,quantile,0.2,10,2027-05-01
2027-04-17,wk inc flu hosp,2,15,quantile,0.25,10,2027-05-01
2027-04-17,wk inc flu hosp,2,15,quantile,0.3,12,2027-05-01
2027-04-17,wk inc flu hosp,2,15,quantile,0.35,12,2027-05-01
2027-04-17,wk inc flu hosp,2,15,quantile,0.4,14,2027-05-01
2027-04-17,wk inc flu hosp,2,15,quantile,0.45,15,2027-05-01
2027-04-17,wk inc flu hosp,2,15,quantile,0.5,16,2027-05-01
2027-04-17,wk inc flu hosp,2,15,quantile,0.55,16,2027-05-01
2027-04-17,wk inc flu hosp,2,15,quantile,0.6,17,2027-05-01
2027-04-17,wk inc flu hosp,2,15,quantile,0.65,18,2027-05-01
2027-04-17,wk inc flu hosp,2,15,quantile,0.7,19,2027-05-01
2027-04-17,wk inc flu hosp,2,15,quantile,0.75,21,2027-05-01
2027-04-17,wk inc flu hosp,2,15,quantile,0.8,22,2027-05-01
2027-04-17,wk inc flu hosp,2,15,quantile,0.85,24,2027-05-01
2027-04-17,wk inc flu hosp,2,15,quantile,0.9,27,2027-05-01
2027-04-17,wk inc flu hosp,2,15,quantile,0.95,31,2027-05-01
2027-04-17,wk inc flu hosp,2,15,quantile,0.975,34,2027-05-01
2027-04-17,wk inc flu hosp,2,15,quantile,0.99,36,2027-05-01
2027-04-17,wk inc flu hosp,2,16,quantile,0.01,0,2027-05-01
2027-04-17,wk inc flu hosp,2,16,quantile,0.025,0,2027-05-01
2027-04-17,wk inc flu hosp,2,16,quantile,0.05,0,2027-05-01
2027-04-17,wk inc flu hosp,2,16,quantile,0.1,0,2027-05-01
2027-04-17,wk inc flu hosp,2,16,quantile,0.15,1,2027-05-01
2027-04-17,wk inc flu hosp,2,16,quantile,0.2,1,2027-05-01
2027-04-17,wk inc flu hosp,2,16,quantile,0.25,1,2027-05-01
2027-04-17,wk inc flu hosp,2,16,quantile,0.3,2,2027-05-01
2027-04-17,wk inc flu hosp,2,16,quantile,0.35,2,2027-05-01
2027-04-17,wk inc flu hosp,2,16,quantile,0.4,2,2027-05-01
2027-04-17,wk inc flu hosp,2,16,quantile,0.45,2,2027-05-01
2027-04-17,wk inc flu hosp,2,16,quantile,0.5,3,2027-05-01
2027-04-17,wk inc flu hosp,2,16,quantile,0.55,3,2027-05-01
2027-04-17,wk inc flu hosp,2,16,quantile,0.6,4,2027-05-01
2027-04-17,wk inc flu hosp,2,16,quantile,0.65,5,2027-05-01
2027-04-17,wk inc flu hosp,2,16,quantile,0.7,6,2027-05-01
2027-04-17,wk inc flu hosp,2,16,quantile,0.75,6,2027-05-01
2027-04-17,wk inc flu hosp,2,16,quantile,0.8,7,2027-05-01
2027-04-17,wk inc flu hosp,2,16,quantile,0.85,7,2027-05-01
2027-04-17,wk inc flu hosp,2,16,quantile,0.9,9,2027-05-01
2027-04-17,wk inc flu hosp,2,16,quantile,0.95,10,2027-05-01
2027-04-17,wk inc flu hosp,2,16,quantile,0.975,15,2027-05-01
2027-04-17,wk inc flu hosp,2,16,quantile,0.99,16,2027-05-01
2027-04-17,wk inc flu hosp,2,17,quantile,0.01,24,2027-05-01
2027-04-17,wk inc flu hosp,2,17,quantile,0.025,27,2027-05-01
2027-04-17,wk inc flu hosp,2,17,quantile,0.05,31,2027-05-01
2027-04-17,wk inc flu hosp,2,17,quantile,0.1,35,2027-05-01
2027-04-17,wk inc flu hosp,2,17,quantile,0.15,37,2027-05-01
2027-04-17,wk inc flu hosp,2,17,quantile,0.2,40,2027-05-01
2027-04-17,wk inc flu hosp,2,17,quantile,0.25,41,2027-05-01
2027-04-17,wk inc flu hosp,2,17,quantile,0.3,42,2027-05-01
2027-04-17,wk inc flu hosp,2,17,quantile,0.35,44,2027-05-01
2027-04-17,wk inc flu hosp,2,17,quantile,0.4,45,2027-05-01
2027-04-17,wk inc flu hosp,2,17,quantile,0.45,46,2027-05-01
2027-04-17,wk inc flu hosp,2,17,quantile,0.5,48,2027-05-01
2027-04-17,wk inc flu hosp,2,17,quantile,0.55,49,2027-05-01
2027-04-17,wk inc flu hosp,2,17,quantile,0.6,51,2027-05-01
2027-04-17,wk inc flu hosp,2,17,quantile,0.65,53,2027-05-01
2027-04-17,wk inc flu hosp,2,17,quantile,0.7,56,2027-05-01
2027-04-17,wk inc flu hosp,2,17,quantile,0.75,58,2027-05-01
2027-04-17,wk inc flu hosp,2,17,quantile,0.8,60,2027-05-01
2027-04-17,wk inc flu hosp,2,17,quantile,0.85,64,2027-05-01
2027-04-17,wk inc flu hosp,2,17,quantile,0.9,66,2027-05-01
2027-04-17,wk inc flu hosp,2,17,quantile,0.95,74,2027-05-01
2027-04-17,wk inc flu hosp,2,17,quantile,0.975,85,2027-05-01
2027-04-17,wk inc flu hosp,2,17,quantile,0.99,93,2027-05-01
2027-04-17,wk inc flu hosp,2,18,quantile,0.01,10,2027-05-01
2027-04-17,wk inc flu hosp,2,18,quantile,0.025,11,2027-05-01
2027-04-17,wk inc flu hosp,2,18,quantile,0.05,12,2027-05-01
2027-04-17,wk inc flu hosp,2,18,quantile,0.1,13,2027-05-01
2027-04-17,wk inc flu hosp,2,18,quantile,0.15,15,2027-05-01
2027-04-17,wk inc flu hosp,2,18,quantile,0.2,16,2027-05-01
2027-04-17,wk inc flu hosp,2,18,quantile,0.25,17,2027-05-01
2027-04-17,wk inc flu hosp,2,18,quantile,0.3,18,2027-05-01
2027-04-17,wk inc flu hosp,2,18,quantile,0.35,18,2027-05-01
2027-04-17,wk inc flu hosp,2,18,quantile,0.4,19,2027-05-01
2027-04-17,wk inc flu hosp,2,18,quantile,0.45,20,2027-05-01
2027-04-17,wk inc flu hosp,2,18,quantile,0.5,20,2027-05-01
2027-04-17,wk inc flu hosp,2,18,quantile,0.55,21,2027-05-01
2027-04-17,wk inc flu hosp,2,18,quantile,0.6,22,2027-05-01
2027-04-17,wk inc flu hosp,2,18,quantile,0.65,22,2027-05-01
2027-04-17,wk inc flu hosp,2,18,quantile,0.7,23,2027-05-01
2027-04-17,wk inc flu hosp,2,18,quantile,0.75,24,2027-05-01
2027-04-17,wk inc flu hosp,2,18,quantile,0.8,25,2027-05-01
2027-04-17,wk inc flu hosp,2,18,quantile,0.85,27,2027-05-01
2027-04-17,wk inc flu hosp,2,18,quantile,0.9,31,2027-05-01
2027-04-17,wk inc flu hosp,2,18,quantile,0.95,35,2027-05-01
2027-04-17,wk inc flu hosp,2,18,quantile,0.975,38,2027-05-01
2027-04-17,wk inc flu hosp,2,18,quantile,0.99,42,2027-05-01
2027-04-17,wk inc flu hosp,2,19,quantile,0.01,0,2027-05-01
2027-04-17,wk inc flu hosp,2,19,quantile,0.025,0,2027-05-01
2027-04-17,wk inc flu hosp,2,19,quantile,0.05,1,2027-05-01
2027-04-17,wk inc flu hosp,2,19,quantile,0.1,2,2027-05-01
2027-04-17,wk inc flu hosp,2,19,quantile,0.15,3,2027-05-01
2027-04-17,wk inc flu hosp,2,19,quantile,0.2,4,2027-05-01
2027-04-17,wk inc flu hosp,2,19,quantile,0.25,5,2027-05-01
2027-04-17,wk inc flu hosp,2,19,quantile,0.3,5,2027-05-01
2027-04-17,wk inc flu hosp,2,19,quantile,0.35,5,2027-05-01
2027-04-17,wk inc flu hosp,2,19,quantile,0.4,6,2027-05-01
2027-04-17,wk inc flu hosp,2,19,quantile,0.45,7,2027-05-01
2027-04-17,wk inc flu hosp,2,19,quantile,0.5,7,2027-05-01
2027-04-17,wk inc flu hosp,2,19,quantile,0.55,8,2027-05-01
2027-04-17,wk inc flu hosp,2,19,quantile,0.6,9,2027-05-01
2027-04-17,wk inc flu hosp,2,19,quantile,0.65,9,2027-05-01
2027-04-17,wk inc flu hosp,2,19,quantile,0.7,10,2027-05-01
2027-04-17,wk inc flu hosp,2,19,quantile,0.75,10,2027-05-01
2027-04-17,wk inc flu hosp,2,19,quantile,0.8,11,2027-05-01
2027-04-17,wk inc flu hosp,2,19,quantile,0.85,12,2027-05-01
2027-04-17,wk inc flu hosp,2,19,quantile,0.9,14,2027-05-01
2027-04-17,wk inc flu hosp,2,19,quantile,0.95,17,2027-05-01
2027-04-17,wk inc flu hosp,2,19,quantile,0.975,19,2027-05-01
2027-04-17,wk inc flu hosp,2,19,quantile,0.99,20,2027-05-01
2027-04-17,wk inc flu hosp,2,20,quantile,0.01,1,2027-05-01
2027-04-17,wk inc flu hosp,2,20,quantile,0.025,1,2027-05-01
2027-04-17,wk inc flu hosp,2,20,quantile,0.05,3,2027-05-01
2027-04-17,wk inc flu hosp,2,20,quantile,0.1,4,2027-05-01
2027-04-17,wk inc flu hosp,2,20,quantile,0.15,5,2027-05-01
2027-04-17,wk inc flu hosp,2,20,quantile,0.2,5,2027-05-01
2027-04-17,wk inc flu hosp,2,20,quantile,0.25,6,2027-05-01
2027-04-17,wk inc flu hosp,2,20,quantile,0.3,7,2027-05-01
2027-04-17,wk inc flu hosp,2,20,quantile,0.35,8,2027-05-01
2027-04-17,wk inc flu hosp,2,20,quantile,0.4,8,2027-05-01
2027-04-17,wk inc flu hosp,2,20,quantile,0.45,9,2027-05-01
2027-04-17,wk inc flu hosp,2,20,quantile,0.5,9,2027-05-01
2027-04-17,wk inc flu hosp,2,20,quantile,0.55,10,2027-05-01
2027-04-17,wk inc flu hosp,2,20,quantile,0.6,11,2027-05-01
2027-04-17,wk inc flu hosp,2,20,quantile,0.65,11,2027-05-01
2027-04-17,wk inc flu hosp,2,20,quantile,0.7,12,2027-05-01
2027-04-17,wk inc flu hosp,2,20,quantile,0.75,13,2027-05-01
2027-04-17,wk inc flu hosp,2,20,quantile,0.8,14,2027-05-01
2027-04-17,wk inc flu hosp,2,20,quantile,0.85,15,2027-05-01
2027-04-17,wk inc flu hosp,2,20,quantile,0.9,16,2027-05-01
2027-04-17,wk inc flu hosp,2,20,quantile,0.95,20,2027-05-01
2027-04-17,wk inc flu hosp,2,20,quantile,0.975,22,2027-05-01
2027-04-17,wk inc flu hosp,2,20,quantile,0.99,23,2027-05-01
2027-04-17,wk inc flu hosp,2,21,quantile,0.01,5,2027-05-01
2027-04-17,wk inc flu hosp,2,21,quantile,0.025,6,2027-05-01
2027-04-17,wk inc flu hosp,2,21,quantile,0.05,8,2027-05-01
2027-04-17,wk inc flu hosp,2,21,quantile,0.1,9,2027-05-01
2027-04-17,wk inc flu hosp,2,21,quantile,0.15,11,2027-05-01
2027-04-17,wk inc flu hosp,2,21,quantile,0.2,12,2027-05-01
2027-04-17,wk inc flu hosp,2,21,quantile,0.25,13,2027-05-01
2027-04-17,wk inc flu hosp,2,21,quantile,0.3,14,2027-05-01
2027-04-17,wk inc flu hosp,2,21,quantile,0.35,15,2027-05-01
2027-04-17,wk inc flu hosp,2,21,quantile,0.4,16,2027-05-01
2027-04-17,wk inc flu hosp,2,21,quantile,0.45,17,2027-05-01
2027-04-17,wk inc flu hosp,2,21,quantile,0.5,18,2027-05-01
2027-04-17,wk inc flu hosp,2,21,quantile,0.55,19,2027-05-01
2027-04-17,wk inc flu hosp,2,21,quantile,0.6,19,2027-05-01
2027-04-17,wk inc flu hosp,2,21,quantile,0.65,20,2027-05-01
2027-04-17,wk inc flu hosp,2,21,quantile,0.7,21,2027-05-01
2027-04-17,wk inc flu hosp,2,21,quantile,0.75,22,2027-05-01
2027-04-17,wk inc flu hosp,2,21,quantile,0.8,23,2027-05-01
2027-04-17,wk inc flu hosp,2,21,quantile,0.85,25,2027-05-01
2027-04-17,wk inc flu hosp,2,21,quantile,0.9,28,2027-05-01
2027-04-17,wk inc flu hosp,2,21,quantile,0.95,31,2027-05-01
2027-04-17,wk inc flu hosp,2,21,quantile,0.975,33,2027-05-01
2027-04-17,wk inc flu hosp,2,21,quantile,0.99,34,2027-05-01
2027-04-17,wk inc flu hosp,2,22,quantile,0.01,8,2027-05-01
2027-04-17,wk inc flu hosp,2,22,quantile,0.025,9,2027-05-01
2027-04-17,wk inc flu hosp,2,22,quantile,0.05,10,2027-05-01
2027-04-17,wk inc flu hosp,2,22,quantile,0.1,12,2027-05-01
2027-04-17,wk inc flu hosp,2,22,quantile,0.15,14,2027-05-01
2027-04-17,wk inc flu hosp,2,22,quantile,0.2,15,2027-05-01
2027-04-17,wk inc flu hosp,2,22,quantile,0.25,16,2027-05-01
2027-04-17,wk inc flu hosp,2,22,quantile,0.3,17,2027-05-01
2027-04-17,wk inc flu hosp,2,22,quantile,0.35,18,2027-05-01
2027-04-17,wk inc flu hosp,2,22,quantile,0.4,20,2027-05-01
2027-04-17,wk inc flu hosp,2,22,quantile,0.45,21,2027-05-01
2027-04-17,wk inc flu hosp,2,22,quantile,0.5,22,2027-05-01
2027-04-17,wk inc flu hosp,2,22,quantile,0.55,23,2027-05-01
2027-04-17,wk inc flu hosp,2,22,quantile,0.6,24,2027-05-01
2027-04-17,wk inc flu hosp,2,22,quantile,0.65,25,2027-05-01
2027-04-17,wk inc flu hosp,2,22,quantile,0.7,25,2027-05-01
2027-04-17,wk inc flu hosp,2,22,quantile,0.75,26,2027-05-01
2027-04-17,wk inc flu hosp,2,22,quantile,0.8,28,2027-05-01
2027-04-17,wk inc flu hosp,2,22,quantile,0.85,30,2027-05-01
2027-04-17,wk inc flu hosp,2,22,quantile,0.9,32,2027-05-01
2027-04-17,wk inc flu hosp,2,22,quantile,0.95,37,2027-05-01
2027-04-17,wk inc flu hosp,2,22,quantile,0.975,43,2027-05-01
2027-04-17,wk inc flu hosp,2,22,quantile,0.99,47,2027-05-01
2027-04-17,wk inc flu hosp,2,23,quantile,0.01,0,2027-05-01
2027-04-17,wk inc flu hosp,2,23,quantile,0.025,0,2027-05-01
2027-04-17,wk inc flu hosp,2,23,quantile,0.05,1,2027-05-01
2027-04-17,wk inc flu hosp,2,23,quantile,0.1,1,2027-05-01
2027-04-17,wk inc flu hosp,2,23,quantile,0.15,2,2027-05-01
2027-04-17,wk inc flu hosp,2,23,quantile,0.2,3,2027-05-01
2027-04-17,wk inc flu hosp,2,23,quantile,0.25,3,2027-05-01
2027-04-17,wk inc flu hosp,2,23,quantile,0.3,4,2027-05-01
2027-04-17,wk inc flu hosp,2,23,quantile,0.35,5,2027-05-01
2027-04-17,wk inc flu hosp,2,23,quantile,0.4,5,2027-05-01
2027-04-17,wk inc flu hosp,2,23,quantile,0.45,6,2027-05-01
2027-04-17,wk inc flu hosp,2,23,quantile,0.5,7,2027-05-01
2027-04-17,wk inc flu hosp,2,23,quantile,0.55,7,2027-05-01
2027-04-17,wk inc flu hosp,2,23,quantile,0.6,8,2027-05-01
2027-04-17,wk inc flu hosp,2,23,quantile,0.65,8,2027-05-01
2027-04-17,wk inc flu hosp,2,23,quantile,0.7,9,2027-05-01
2027-04-17,wk inc flu hosp,2,23,quantile,0.75,10,2027-05-01
2027-04-17,wk inc flu hosp,2,23,quantile,0.8,11,2027-05-01
2027-04-17,wk inc flu hosp,2,23,quantile,0.85,12,2027-05-01
2027-04-17,wk inc flu hosp,2,23,quantile,0.9,14,2027-05-01
2027-04-17,wk inc flu hosp,2,23,quantile,0.95,16,2027-05-01
2027-04-17,wk inc flu hosp,2,23,quantile,0.975,20,2027-05-01
2027-04-17,wk inc flu hosp,2,23,quantile,0.99,24,2027-05-01
2027-04-17,wk inc flu hosp,2,24,quantile,0.01,4,2027-05-01
2027-04-17,wk inc flu hosp,2,24,quantile,0.025,7,2027-05-01
2027-04-17,wk inc flu hosp,2,24,quantile,0.05,8,2027-05-01
2027-04-17,wk inc flu hosp,2,24,quantile,0.1,10,2027-05-01
2027-04-17,wk inc flu hosp,2,24,quantile,0.15,11,2027-05-01
2027-04-17,wk inc flu hosp,2,24,quantile,0.2,12,2027-05-01
2027-04-17,wk inc flu hosp,2,24,quantile,0.25,13,2027-05-01
2027-04-17,wk inc flu hosp,2,24,quantile,0.3,14,2027-05-01
2027-04-17,wk inc flu hosp,2,24,quantile,0.35,14,2027-05-01
2027-04-17,wk inc flu hosp,2,24,quantile,0.4,15,2027-05-01
2027-04-17,wk inc flu hosp,2,24,quantile,0.45,16,2027-05-01
2027-04-17,wk inc flu hosp,2,24,quantile,0.5,17,2027-05-01
2027-04-17,wk inc flu hosp,2,24,quantile,0.55,18,2027-05-01
2027-04-17,wk inc flu hosp,2,24,quantile,0.6,18,2027-05-01
2027-04-17,wk inc flu hosp,2,24,quantile,0.65,19,2027-05-01
2027-04-17,wk inc flu hosp,2,24,quantile,0.7,20,2027-05-01
2027-04-17,wk inc flu hosp,2,24,quantile,0.75,22,2027-05-01
2027-04-17,wk inc flu hosp,2,24,quantile,0.8,23,2027-05-01
2027-04-17,wk inc flu hosp,2,24,quantile,0.85,25,2027-05-01
2027-04-17,wk inc flu hosp,2,24,quantile,0.9,27,2027-05-01
2027-04-17,wk inc flu hosp,2,24,quantile,0.95,32,2027-05-01
2027-04-17,wk inc flu hosp,2,24,quantile,0.975,35,2027-05-01
2027-04-17,wk inc flu hosp,2,24,quantile,0.99,39,2027-05-01
2027-04-17,wk inc flu hosp,2,25,quantile,0.01,10,2027-05-01
2027-04-17,wk inc flu hosp,2,25,quantile,0.025,13,2027-05-01
2027-04-17,wk inc flu hosp,2,25,quantile,0.05,16,2027-05-01
2027-04-17,wk inc flu hosp,2,25,quantile,0.1,19,2027-05-01
2027-04-17,wk inc flu hosp,2,25,quantile,0.15,21,2027-05-01
2027-04-17,wk inc flu hosp,2,25,quantile,0.2,23,2027-05-01
2027-04-17,wk inc flu hosp,2,25,quantile,0.25,25,2027-05-01
2027-04-17,wk inc flu hosp,2,25,quantile,0.3,26,2027-05-01
2027-04-17,wk inc flu hosp,2,25,quantile,0.35,27,2027-05-01
2027-04-17,wk inc flu hosp,2,25,quantile,0.4,28,2027-05-01
2027-04-17,wk inc flu hosp,2,25,quantile,0.45,30,2027-05-01
2027-04-17,wk inc flu hosp,2,25,quantile,0.5,31,2027-05-01
2027-04-17,wk inc flu hosp,2,25,quantile,0.55,33,2027-05-01
2027-04-17,wk inc flu hosp,2,25,quantile,0.6,34,2027-05-01
2027-04-17,wk inc flu hosp,2,25,quantile,0.65,35,2027-05-01
2027-04-17,wk inc flu hosp,2,25,quantile,0.7,37,2027-05-01
2027-04-17,wk inc flu hosp,2,25,quantile,0.75,39,2027-05-01
2027-04-17,wk inc flu hosp,2,25,quantile,0.8,41,2027-05-01
2027-04-17,wk inc flu hosp,2,25,quantile,0.85,44,2027-05-01
2027-04-17,wk inc flu hosp,2,25,quantile,0.9,47,2027-05-01
2027-04-17,wk inc flu hosp,2,25,quantile,0.95,54,2027-05-01
2027-04-17,wk inc flu hosp,2,25,quantile,0.975,64,2027-05-01
2027-04-17,wk inc flu hosp,2,25,quantile,0.99,68,2027-05-01
2027-04-17,wk inc flu hosp,2,26,quantile,0.01,21,2027-05-01
2027-04-17,wk inc flu hosp,2,26,quantile,0.025,24,2027-05-01
2027-04-17,wk inc flu hosp,2,26,quantile,0.05,28,2027-05-01
2027-04-17,wk inc flu hosp,2,26,quantile,0.1,30,2027-05-01
2027-04-17,wk inc flu hosp,2,26,quantile,0.15,32,2027-05-01
2027-04-17,wk inc flu hosp,2,26,quantile,0.2,34,2027-05-01
2027-04-17,wk inc flu hosp,2,26,quantile,0.25,37,2027-05-01
2027-04-17,wk inc flu hosp,2,26,quantile,0.3,39,2027-05-01
2027-04-17,wk inc flu hosp,2,26,quantile,0.35,40,2027-05-01
2027-04-17,wk inc flu hosp,2,26,quantile,0.4,42,2027-05-01
2027-04-17,wk inc flu hosp,2,26,quantile,0.45,43,2027-05-01
2027-04-17,wk inc flu hosp,2,26,quantile,0.5,44,2027-05-01
2027-04-17,wk inc flu hosp,2,26,quantile,0.55,46,2027-05-01
2027-04-17,wk inc flu hosp,2,26,quantile,0.6,47,2027-05-01
2027-04-17,wk inc flu hosp,2,26,quantile,0.65,50,2027-05-01
2027-04-17,wk inc flu hosp,2,26,quantile,0.7,52,2027-05-01
2027-04-17,wk inc flu hosp,2,26,quantile,0.75,54,2027-05-01
2027-04-17,wk inc flu hosp,2,26,quantile,0.8,58,2027-05-01
2027-04-17,wk inc flu hosp,2,26,quantile,0.85,61,2027-05-01
2027-04-17,wk inc flu hosp,2,26,quantile,0.9,64,2027-05-01
2027-04-17,wk inc flu hosp,2,26,quantile,0.95,68,2027-05-01
2027-04-17,wk inc flu hosp,2,26,quantile,0.975,70,2027-05-01
2027-04-17,wk inc flu hosp,2,26,quantile,0.99,73,2027-05-01
2027-04-17,wk inc flu hosp,2,27,quantile,0.01,4,2027-05-01
2027-04-17,wk inc flu hosp,2,27,quantile,0.025,6,2027-05-01
2027-04-17,wk inc flu hosp,2,27,quantile,0.05,8,2027-05-01
2027-04-17,wk inc flu hosp,2,27,quantile,0.1,9,2027-05-01
2027-04-17,wk inc flu hosp,2,27,quantile,0.15,10,2027-05-01
2027-04-17,wk inc flu hosp,2,27,quantile,0.2,11,2027-05-01
2027-04-17,wk inc flu hosp,2,27,quantile,0.25,12,2027-05-01
2027-04-17,wk inc flu hosp,2,27,quantile,0.3,13,2027-05-01
2027-04-17,wk inc flu hosp,2,27,quantile,0.35,14,2027-05-01
2027-04-17,wk inc flu hosp,2,27,quantile,0.4,14,2027-05-01
2027-04-17,wk inc flu hosp,2,27,quantile,0.45,15,2027-05-01
2027-04-17,wk inc flu hosp,2,27,quantile,0.5,16,2027-05-01
2027-04-17,wk inc flu hosp,2,27,quantile,0.55,17,2027-05-01
2027-04-17,wk inc flu hosp,2,27,quantile,0.6,18,2027-05-01
2027-04-17,wk inc flu hosp,2,27,quantile,0.65,19,2027-05-01
2027-04-17,wk inc flu hosp,2,27,quantile,0.7,20,2027-05-01
2027-04-17,wk inc flu hosp,2,27,quantile,0.75,22,2027-05-01
2027-04-17,wk inc flu hosp,2,27,quantile,0.8,23,2027-05-01
2027-04-17,wk inc flu hosp,2,27,quantile,0.85,24,2027-05-01
2027-04-17,wk inc flu hosp,2,27,quantile,0.9,27,2027-05-01
2027-04-17,wk inc flu hosp,2,27,quantile,0.95,28,2027-05-01
2027-04-17,wk inc flu hosp,2,27,quantile,0.975,30,2027-05-01
2027-04-17,wk inc flu hosp,2,27,quantile,0.99,32,2027-05-01
2027-04-17,wk inc flu hosp,2,28,quantile,0.01,7,2027-05-01
2027-04-17,wk inc flu hosp,2,28,quantile,0.025,7,2027-05-01
2027-04-17,wk inc flu hosp,2,28,quantile,0.05,8,2027-05-01
2027-04-17,wk inc flu hosp,2,28,quantile,0.1,10,2027-05-01
2027-04-17,wk inc flu hosp,2,28,quantile,0.15,11,2027-05-01
2027-04-17,wk inc flu hosp,2,28,quantile,0.2,12,2027-05-01
2027-04-17,wk inc flu hosp,2,28,quantile,0.25,13,2027-05-01
2027-04-17,wk inc flu hosp,2,28,quantile,0.3,14,2027-05-01
2027-04-17,wk inc flu hosp,2,28,quantile,0.35,16,2027-05-01
2027-04-17,wk inc flu hosp,2,28,quantile,0.4,17,2027-05-01
2027-04-17,wk inc flu hosp,2,28,quantile,0.45,18,2027-05-01
2027-04-17,wk inc flu hosp,2,28,quantile,0.5,20,2027-05-01
2027-04-17,wk inc flu hosp,2,28,quantile,0.55,21,2027-05-01
2027-04-17,wk inc flu hosp,2,28,quantile,0.6,22,2027-05-01
2027-04-17,wk inc flu hosp,2,28,quantile,0.65,23,2027-05-01
2027-04-17,wk inc flu hosp,2,28,quantile,0.7,23,2027-05-01
2027-04-17,wk inc flu hosp,2,28,quantile,0.75,25,2027-05-01
2027-04-17,wk inc flu hosp,2,28,quantile,0.8,26,2027-05-01
2027-04-17,wk inc flu hosp,2,28,quantile,0.85,27,2027-05-01
2027-04-17,wk inc flu hosp,2,28,quantile,0.9,29,2027-05-01
2027-04-17,wk inc flu hosp,2,28,quantile,0.95,31,2027-05-01
2027-04-17,wk inc flu hosp,2,28,quantile,0.975,34,2027-05-01
2027-04-17,wk inc flu hosp,2,28,quantile,0.99,34,2027-05-01
2027-04-17,wk inc flu hosp,2,29,quantile,0.01,12,2027-05-01
2027-04-17,wk inc flu hosp,2,29,quantile,0.025,13,2027-05-01
2027-04-17,wk inc flu hosp,2,29,quantile,0.05,14,2027-05-01
2027-04-17,wk inc flu hosp,2,29,quantile,0.1,16,2027-05-01
2027-04-17,wk inc flu hosp,2,29,quantile,0.15,18,2027-05-01
2027-04-17,wk inc flu hosp,2,29,quantile,0.2,19,2027-05-01
2027-04-17,wk inc flu hosp,2,29,quantile,0.25,20,2027-05-01
2027-04-17,wk inc flu hosp,2,29,quantile,0.3,21,2027-05-01
2027-04-17,wk inc flu hosp,2,29,quantile,0.35,21,2027-05-01
2027-04-17,wk inc flu hosp,2,29,quantile,0.4,23,2027-05-01
2027-04-17,wk inc flu hosp,2,29,quantile,0.45,24,2027-05-01
2027-04-17,wk inc flu hosp,2,29,quantile,0.5,25,2027-05-01
2027-04-17,wk inc flu hosp,2,29,quantile,0.55,25,2027-05-01
2027-04-17,wk inc flu hosp,2,29,quantile,0.6,26,2027-05-01
2027-04-17,wk inc flu hosp,2,29,quantile,0.65,27,2027-05-01
2027-04-17,wk inc flu hosp,2,29,quantile,0.7,28,2027-05-01
2027-04-17,wk inc flu hosp,2,29,quantile,0.75,30,2027-05-01
2027-04-17,wk inc flu hosp,2,29,quantile,0.8,32,2027-05-01
2027-04-17,wk inc flu hosp,2,29,quantile,0.85,36,2027-05-01
2027-04-17,wk inc flu hosp,2,29,quantile,0.9,37,2027-05-01
2027-04-17,wk inc flu hosp,2,29,quantile,0.95,40,2027-05-01
2027-04-17,wk inc flu hosp,2,29,quantile,0.975,44,2027-05-01
2027-04-17,wk inc flu hosp,2,29,quantile,0.99,54,2027-05-01
2027-04-17,wk inc flu hosp,2,30,quantile,0.01,0,2027-05-01
2027-04-17,wk inc flu hosp,2,30,quantile,0.025,0,2027-05-01
2027-04-17,wk inc flu hosp,2,30,quantile,0.05,0,2027-05-01
2027-04-17,wk inc flu hosp,2,30,quantile,0.1,0,2027-05-01
2027-04-17,wk inc flu hosp,2,30,quantile,0.15,0,2027-05-01
2027-04-17,wk inc flu hosp,2,30,quantile,0.2,0,2027-05-01
2027-04-17,wk inc flu hosp,2,30,quantile,0.25,0,2027-05-01
2027-04-17,wk inc flu hosp,2,30,quantile,0.3,0,2027-05-01
2027-04-17,wk inc flu hosp,2,30,quantile,0.35,1,2027-05-01
2027-04-17,wk inc flu hosp,2,30,quantile,0.4,1,2027-05-01
2027-04-17,wk inc flu hosp,2,30,quantile,0.45,1,2027-05-01
2027-04-17,wk inc flu hosp,2,30,quantile,0.5,1,2027-05-01
2027-04-17,wk inc flu hosp,2,30,quantile,0.55,2,2027-05-01
2027-04-17,wk inc flu hosp,2,30,quantile,0.6,2,2027-05-01
2027-04-17,wk inc flu hosp,2,30,quantile,0.65,3,2027-05-01
2027-04-17,wk inc flu hosp,2,30,quantile,0.7,4,2027-05-01
2027-04-17,wk inc flu hosp,2,30,quantile,0.75,4,2027-05-01
2027-04-17,wk inc flu hosp,2,30,quantile,0.8,5,2027-05-01
2027-04-17,wk inc flu hosp,2,30,quantile,0.85,6,2027-05-01
2027-04-17,wk inc flu hosp,2,30,quantile,0.9,7,2027-05-01
2027-04-17,wk inc flu hosp,2,30,quantile,0.95,12,2027-05-01
2027-04-17,wk inc flu hosp,2,30,quantile,0.975,13,2027-05-01
2027-04-17,wk inc flu hosp,2,30,quantile,0.99,16,2027-05-01
2027-04-17,wk inc flu hosp,2,31,quantile,0.01,0,2027-05-01
2027-04-17,wk inc flu hosp,2,31,quantile,0.025,0,2027-05-01
2027-04-17,wk inc flu hosp,2,31,quantile,0.05,0,2027-05-01
2027-04-17,wk inc flu hosp,2,31,quantile,0.1,0,2027-05-01
2027-04-17,wk inc flu hosp,2,31,quantile,0.15,1,2027-05-01
2027-04-17,wk inc flu hosp,2,31,quantile,0.2,1,2027-05-01
2027-04-17,wk inc flu hosp,2,31,quantile,0.25,1,2027-05-01
2027-04-17,wk inc flu hosp,2,31,quantile,0.3,2,2027-05-01
2027-04-17,wk inc flu hosp,2,31,quantile,0.35,2,2027-05-01
2027-04-17,wk inc flu hosp,2,31,quantile,0.4,2,2027-05-01
2027-04-17,wk inc flu hosp,2,31,quantile,0.45,3,2027-05-01
2027-04-17,wk inc flu hosp,2,31,quantile,0.5,3,2027-05-01
2027-04-17,wk inc flu hosp,2,31,quantile,0.55,4,2027-05-01
2027-04-17,wk inc flu hosp,2,31,quantile,0.6,4,2027-05-01
2027-04-17,wk inc flu hosp,2,31,quantile,0.65,5,2027-05-01
2027-04-17,wk inc flu hosp,2,31,quantile,0.7,5,2027-05-01
2027-04-17,wk inc flu hosp,2,31,quantile,0.75,6,2027-05-01
2027-04-17,wk inc flu hosp,2,31,quantile,0.8,7,2027-05-01
2027-04-17,wk inc flu hosp,2,31,quantile,0.85,8,2027-05-01
2027-04-17,wk inc flu hosp,2,31,quantile,0.9,9,2027-05-01
2027-04-17,wk inc flu hosp,2,31,quantile,0.95,10,2027-05-01
2027-04-17,wk inc flu hosp,2,31,quantile,0.975,11,2027-05-01
2027-04-17,wk inc flu hosp,2,31,quantile,0.99,13,2027-05-01
2027-04-17,wk inc flu hosp,2,32,quantile,0.01,6,2027-05-01
2027-04-17,wk inc flu hosp,2,32,quantile,0.025,6,2027-05-01
2027-04-17,wk inc flu hosp,2,32,quantile,0.05,7,2027-05-01
2027-04-17,wk inc flu hosp,2,32,quantile,0.1,10,2027-05-01
2027-04-17,wk inc flu hosp,2,32,quantile,0.15,10,2027-05-01
2027-04-17,wk inc flu hosp,2,32,quantile,0.2,12,2027-05-01
2027-04-17,wk inc flu hosp,2,32,quantile,0.25,13,2027-05-01
2027-04-17,wk inc flu hosp,2,32,quantile,0.3,14,2027-05-01
2027-04-17,wk inc flu hosp,2,32,quantile,0.35,15,2027-05-01
2027-04-17,wk inc flu hosp,2,32,quantile,0.4,16,2027-05-01
2027-04-17,wk inc flu hosp,2,32,quantile,0.45,17,2027-05-01
2027-04-17,wk inc flu hosp,2,32,quantile,0.5,18,2027-05-01
2027-04-17,wk inc flu hosp,2,32,quantile,0.55,19,2027-05-01
2027-04-17,wk inc flu hosp,2,32,quantile,0.6,20,2027-05-01
2027-04-17,wk inc flu hosp,2,32,quantile,0.65,21,2027-05-01
2027-04-17,wk inc flu hosp,2,32,quantile,0.7,22,2027-05-01
2027-04-17,wk inc flu hosp,2,32,quantile,0.75,24,2027-05-01
2027-04-17,wk inc flu hosp,2,32,quantile,0.8,25,2027-05-01
2027-04-17,wk inc flu hosp,2,32,quantile,0.85,27,2027-05-01
2027-04-17,wk inc flu hosp,2,32,quantile,0.9,29,2027-05-01
2027-04-17,wk inc flu hosp,2,32,quantile,0.95,33,2027-05-01
2027-04-17,wk inc flu hosp,2,32,quantile,0.975,39,2027-05-01
2027-04-17,wk inc flu hosp,2,32,quantile,0.99,43,2027-05-01
2027-04-17,wk inc flu hosp,2,33,quantile,0.01,0,2027-05-01
2027-04-17,wk inc flu hosp,2,33,quantile,0.025,0,2027-05-01
2027-04-17,wk inc flu hosp,2,33,quantile,0.05,0,2027-05-01
2027-04-17,wk inc flu hosp,2,33,quantile,0.1,0,2027-05-01
2027-04-17,wk inc flu hosp,2,33,quantile,0.15,0,2027-05-01
2027-04-17,wk inc flu hosp,2,33,quantile,0.2,0,2027-05-01
2027-04-17,wk inc flu hosp,2,33,quantile,0.25,0,2027-05-01
2027-04-17,wk inc flu hosp,2,33,quantile,0.3,0,2027-05-01
2027-04-17,wk inc flu hosp,2,33,quantile,0.35,0,2027-05-01
2027-04-17,wk inc flu hosp,2,33,quantile,0.4,0,2027-05-01
2027-04-17,wk inc flu hosp,2,33,quantile,0.45,1,2027-05-01
2027-04-17,wk inc flu hosp,2,33,quantile,0.5,1,2027-05-01
2027-04-17,wk inc flu hosp,2,33,quantile,0.55,1,2027-05-01
2027-04-17,wk inc flu hosp,2,33,quantile,0.6,1,2027-05-01
2027-04-17,wk inc flu hosp,2,33,quantile,0.65,2,2027-05-01
2027-04-17,wk inc flu hosp,2,33,quantile,0.7,2,2027-05-01
2027-04-17,wk inc flu hosp,2,33,quantile,0.75,3,2027-05-01
2027-04-17,wk inc flu hosp,2,33,quantile,0.8,4,2027-05-01
2027-04-17,wk inc flu hosp,2,33,quantile,0.85,6,2027-05-01
2027-04-17,wk inc flu hosp,2,33,quantile,0.9,7,2027-05-01
2027-04-17,wk inc flu hosp,2,33,quantile,0.95,10,2027-05-01
2027-04-17,wk inc flu hosp,2,33,quantile,0.975,14,2027-05-01
2027-04-17,wk inc flu hosp,2,33,quantile,0.99,16,2027-05-01
2027-04-17,wk inc flu hosp,2,34,quantile,0.01,16,2027-05-01
2027-04-17,wk inc flu hosp,2,34,quantile,0.025,18,2027-05-01
2027-04-17,wk inc flu hosp,2,34,quantile,0.05,19,2027-05-01
2027-04-17,wk inc flu hosp,2,34,quantile,0.1,22,2027-05-01
2027-04-17,wk inc flu hosp,2,34,quantile,0.15,25,2027-05-01
2027-04-17,wk inc flu hosp,2,34,quantile,0.2,26,2027-05-01
2027-04-17,wk inc flu hosp,2,34,quantile,0.25,28,2027-05-01
2027-04-17,wk inc flu hosp,2,34,quantile,0.3,29,2027-05-01
2027-04-17,wk inc flu hosp,2,34,quantile,0.35,30,2027-05-01
2027-04-17,wk inc flu hosp,2,34,quantile,0.4,32,2027-05-01
2027-04-17,wk inc flu hosp,2,34,quantile,0.45,33,2027-05-01
2027-04-17,wk inc flu hosp,2,34,quantile,0.5,34,2027-05-01
2027-04-17,wk inc flu hosp,2,34,quantile,0.55,36,2027-05-01
2027-04-17,wk inc flu hosp,2,34,quantile,0.6,38,2027-05-01
2027-04-17,wk inc flu hosp,2,34,quantile,0.65,39,2027-05-01
2027-04-17,wk inc flu hosp,2,34,quantile,0.7,41,2027-05-01
2027-04-17,wk inc flu hosp,2,34,quantile,0.75,42,2027-05-01
2027-04-17,wk inc flu hosp,2,34,quantile,0.8,44,2027-05-01
2027-04-17,wk inc flu hosp,2,34,quantile,0.85,46,2027-05-01
2027-04-17,wk inc flu hosp,2,34,quantile,0.9,50,2027-05-01
2027-04-17,wk inc flu hosp,2,34,quantile,0.95,59,2027-05-01
2027-04-17,wk inc flu hosp,2,34,quantile,0.975,64,2027-05-01
2027-04-17,wk inc flu hosp,2,34,quantile,0.99,73,2027-05-01
2027-04-17,wk inc flu hosp,2,35,quantile,0.01,5,2027-05-01
2027-04-17,wk inc flu hosp,2,35,quantile,0.025,6,2027-05-01
2027-04-17,wk inc flu hosp,2,35,quantile,0.05,7,2027-05-01
2027-04-17,wk inc flu hosp,2,35,quantile,0.1,8,2027-05-01
2027-04-17,wk inc flu hosp,2,35,quantile,0.15,9,2027-05-01
2027-04-17,wk inc flu hosp,2,35,quantile,0.2,10,2027-05-01
2027-04-17,wk inc flu hosp,2,35,quantile,0.25,10,2027-05-01
2027-04-17,wk inc flu hosp,2,35,quantile,0.3,11,2027-05-01
2027-04-17,wk inc flu hosp,2,35,quantile,0.35,12,2027-05-01
2027-04-17,wk inc flu hosp,2,35,quantile,0.4,12,2027-05-01
2027-04-17,wk inc flu hosp,2,35,quantile,0.45,13,2027-05-01
2027-04-17,wk inc flu hosp,2,35,quantile,0.5,14,2027-05-01
2027-04-17,wk inc flu hosp,2,35,quantile,0.55,15,2027-05-01
2027-04-17,wk inc flu hosp,2,35,quantile,0.6,16,2027-05-01
2027-04-17,wk inc flu hosp,2,35,quantile,0.65,17,2027-05-01
2027-04-17,wk inc flu hosp,2,35,quantile,0.7,17,2027-05-01
2027-04-17,wk inc flu hosp,2,35,quantile,0.75,19,2027-05-01
2027-04-17,wk inc flu hosp,2,35,quantile,0.8,20,2027-05-01
2027-04-17,wk inc flu hosp,2,35,quantile,0.85,21,2027-05-01
2027-04-17,wk inc flu hosp,2,35,quantile,0.9,23,2027-05-01
2027-04-17,wk inc flu hosp,2,35,quantile,0.95,25,2027-05-01
2027-04-17,wk inc flu hosp,2,35,quantile,0.975,27,2027-05-01
2027-04-17,wk inc flu hosp,2,35,quantile,0.99,29,2027-05-01
2027-04-17,wk inc flu hosp,2,36,quantile,0.01,49,2027-05-01
2027-04-17,wk inc flu hosp,2,36,quantile,0.025,52,2027-05-01
2027-04-17,wk inc flu hosp,2,36,quantile,0.05,56,2027-05-01
2027-04-17,wk inc flu hosp,2,36,quantile,0.1,59,2027-05-01
2027-04-17,wk inc flu hosp,2,36,quantile,0.15,65,2027-05-01
2027-04-17,wk inc flu hosp,2,36,quantile,0.2,66,2027-05-01
2027-04-17,wk inc flu hosp,2,36,quantile,0.25,70,2027-05-01
2027-04-17,wk inc flu hosp,2,36,quantile,0.3,73,2027-05-01
2027-04-17,wk inc flu hosp,2,36,quantile,0.35,76,2027-05-01
2027-04-17,wk inc flu hosp,2,36,quantile,0.4,78,2027-05-01
2027-04-17,wk inc flu hosp,2,36,quantile,0.45,82,2027-05-01
2027-04-17,wk inc flu hosp,2,36,quantile,0.5,84,2027-05-01
2027-04-17,wk inc flu hosp,2,36,quantile,0.55,87,2027-05-01
2027-04-17,wk inc flu hosp,2,36,quantile,0.6,91,2027-05-01
2027-04-17,wk inc flu hosp,2,36,quantile,0.65,93,2027-05-01
2027-04-17,wk inc flu hosp,2,36,quantile,0.7,97,2027-05-01
2027-04-17,wk inc flu hosp,2,36,quantile,0.75,98,2027-05-01
2027-04-17,wk inc flu hosp,2,36,quantile,0.8,104,2027-05-01
2027-04-17,wk inc flu hosp,2,36,quantile,0.85,106,2027-05-01
2027-04-17,wk inc flu hosp,2,36,quantile,0.9,113,2027-05-01
2027-04-17,wk inc flu hosp,2,36,quantile,0.95,124,2027-05-01
2027-04-17,wk inc flu hosp,2,36,quantile,0.975,142,2027-05-01
2027-04-17,wk inc flu hosp,2,36,quantile,0.99,160,2027-05-01
2027-04-17,wk inc flu hosp,2,37,quantile,0.01,3,2027-05-01
2027-04-17,wk inc flu hosp,2,37,quantile,0.025,4,2027-05-01
2027-04-17,wk inc flu hosp,2,37,quantile,0.05,4,2027-05-01
2027-04-17,wk inc flu hosp,2,37,quantile,0.1,6,2027-05-01
2027-04-17,wk inc flu hosp,2,37,quantile,0.15,7,2027-05-01
2027-04-17,wk inc flu hosp,2,37,quantile,0.2,8,2027-05-01
2027-04-17,wk inc flu hosp,2,37,quantile,0.25,8,2027-05-01
2027-04-17,wk inc flu hosp,2,37,quantile,0.3,9,2027-05-01
2027-04-17,wk inc flu hosp,2,37,quantile,0.35,10,2027-05-01
2027-04-17,wk inc flu hosp,2,37,quantile,0.4,10,2027-05-01
2027-04-17,wk inc flu hosp,2,37,quantile,0.45,11,2027-05-01
2027-04-17,wk inc flu hosp,2,37,quantile,0.5,12,2027-05-01
2027-04-17,wk inc flu hosp,2,37,quantile,0.55,13,2027-05-01
2027-04-17,wk inc flu hosp,2,37,quantile,0.6,13,2027-05-01
2027-04-17,wk inc flu hosp,2,37,quantile,0.65,14,2027-05-01
2027-04-17,wk inc flu hosp,2,37,quantile,0.7,15,2027-05-01
2027-04-17,wk inc flu hosp,2,37,quantile,0.75,17,2027-05-01
2027-04-17,wk inc flu hosp,2,37,quantile,0.8,18,2027-05-01
2027-04-17,wk inc flu hosp,2,37,quantile,0.85,20,2027-05-01
2027-04-17,wk inc flu hosp,2,37,quantile,0.9,21,2027-05-01
2027-04-17,wk inc flu hosp,2,37,quantile,0.95,25,2027-05-01
2027-04-17,wk inc flu hosp,2,37,quantile,0.975,30,2027-05-01
2027-04-17,wk inc flu hosp,2,37,quantile,0.99,32,2027-05-01
2027-04-17,wk inc flu hosp,2,38,quantile,0.01,0,2027-05-01
2027-04-17,wk inc flu hosp,2,38,quantile,0.025,0,2027-05-01
2027-04-17,wk inc flu hosp,2,38,quantile,0.05,0,2027-05-01
2027-04-17,wk inc flu hosp,2,38,quantile,0.1,0,2027-05-01
2027-04-17,wk inc flu hosp,2,38,quantile,0.15,1,2027-05-01
2027-04-17,wk inc flu hosp,2,38,quantile,0.2,1,2027-05-01
2027-04-17,wk inc flu hosp,2,38,quantile,0.25,1,2027-05-01
2027-04-17,wk inc flu hosp,2,38,quantile,0.3,2,2027-05-01
2027-04-17,wk inc flu hosp,2,38,quantile,0.35,2,2027-05-01
2027-04-17,wk inc flu hosp,2,38,quantile,0.4,3,2027-05-01
2027-04-17,wk inc flu hosp,2,38,quantile,0.45,3,2027-05-01
2027-04-17,wk inc flu hosp,2,38,quantile,0.5,4,2027-05-01
2027-04-17,wk inc flu hosp,2,38,quantile,0.55,4,2027-05-01
2027-04-17,wk inc flu hosp,2,38,quantile,0.6,5,2027-05-01
2027-04-17,wk inc flu hosp,2,38,quantile,0.65,6,2027-05-01
2027-04-17,wk inc flu hosp,2,38,quantile,0.7,6,2027-05-01
2027-04-17,wk inc flu hosp,2,38,quantile,0.75,7,2027-05-01
2027-04-17,wk inc flu hosp,2,38,quantile,0.8,8,2027-05-01
2027-04-17,wk inc flu hosp,2,38,quantile,0.85,9,2027-05-01
2027-04-17,wk inc flu hosp,2,38,quantile,0.9,10,2027-05-01
2027-04-17,wk inc flu hosp,2,38,quantile,0.95,12,2027-05-01
2027-04-17,wk inc flu hosp,2,38,quantile,0.975,15,2027-05-01
2027-04-17,wk inc flu hosp,2,38,quantile,0.99,15,2027-05-01
2027-04-17,wk inc flu hosp,2,39,quantile,0.01,12,2027-05-01
2027-04-17,wk inc flu hosp,2,39,quantile,0.025,13,2027-05-01
2027-04-17,wk inc flu hosp,2,39,quantile,0.05,14,2027-05-01
2027-04-17,wk inc flu hosp,2,39,quantile,0.1,15,2027-05-01
2027-04-17,wk inc flu hosp,2,39,quantile,0.15,16,2027-05-01
2027-04-17,wk inc flu hosp,2,39,quantile,0.2,18,2027-05-01
2027-04-17,wk inc flu hosp,2,39,quantile,0.25,19,2027-05-01
2027-04-17,wk inc flu hosp,2,39,quantile,0.3,20,2027-05-01
2027-04-17,wk inc flu hosp,2,39,quantile,0.35,21,2027-05-01
2027-04-17,wk inc flu hosp,2,39,quantile,0.4,22,2027-05-01
2027-04-17,wk inc flu hosp,2,39,quantile,0.45,23,2027-05-01
2027-04-17,wk inc flu hosp,2,39,quantile,0.5,25,2027-05-01
2027-04-17,wk inc flu hosp,2,39,quantile,0.55,26,2027-05-01
2027-04-17,wk inc flu hosp,2,39,quantile,0.6,28,2027-05-01
2027-04-17,wk inc flu hosp,2,39,quantile,0.65,29,2027-05-01
2027-04-17,wk inc flu hosp,2,39,quantile,0.7,30,2027-05-01
2027-04-17,wk inc flu hosp,2,39,quantile,0.75,32,2027-05-01
2027-04-17,wk inc flu hosp,2,39,quantile,0.8,33,2027-05-01
2027-04-17,wk inc flu hosp,2,39,quantile,0.85,34,2027-05-01
2027-04-17,wk inc flu hosp,2,39,quantile,0.9,37,2027-05-01
2027-04-17,wk inc flu hosp,2,39,quantile,0.95,42,2027-05-01
2027-04-17,wk inc flu hosp,2,39,quantile,0.975,44,2027-05-01
2027-04-17,wk inc flu hosp,2,39,quantile,0.99,48,2027-05-01
2027-04-17,wk inc flu hosp,2,40,quantile,0.01,2,2027-05-01
2027-04-17,wk inc flu hosp,2,40,quantile,0.025,2,2027-05-01
2027-04-17,wk inc flu hosp,2,40,quantile,0.05,3,2027-05-01
2027-04-17,wk inc flu hosp,2,40,quantile,0.1,4,2027-05-01
2027-04-17,wk inc flu hosp,2,40,quantile,0.15,5,2027-05-01
2027-04-17,wk inc flu hosp,2,40,quantile,0.2,6,2027-05-01
2027-04-17,wk inc flu hosp,2,40,quantile,0.25,7,2027-05-01
2027-04-17,wk inc flu hosp,2,40,quantile,0.3,8,2027-05-01
2027-04-17,wk inc flu hosp,2,40,quantile,0.35,8,2027-05-01
2027-04-17,wk inc flu hosp,2,40,quantile,0.4,9,2027-05-01
2027-04-17,wk inc flu hosp,2,40,quantile,0.45,9,2027-05-01
2027-04-17,wk inc flu hosp,2,40,quantile,0.5,10,2027-05-01
2027-04-17,wk inc flu hosp,2,40,quantile,0.55,11,2027-05-01
2027-04-17,wk inc flu hosp,2,40,quantile,0.6,12,2027-05-01
2027-04-17,wk inc flu hosp,2,40,quantile,0.65,12,2027-05-01
2027-04-17,wk inc flu hosp,2,40,quantile,0.7,13,2027-05-01
2027-04-17,wk inc flu hosp,2,40,quantile,0.75,14,2027-05-01
2027-04-17,wk inc flu hosp,2,40,quantile,0.8,15,2027-05-01
2027-04-17,wk inc flu hosp,2,40,quantile,0.85,17,2027-05-01
2027-04-17,wk inc flu hosp,2,40,quantile,0.9,19,2027-05-01
2027-04-17,wk inc flu hosp,2,40,quantile,0.95,21,2027-05-01
2027-04-17,wk inc flu hosp,2,40,quantile,0.975,22,2027-05-01
2027-04-17,wk inc flu hosp,2,40,quantile,0.99,27,2027-05-01
2027-04-17,wk inc flu hosp,2,41,quantile,0.01,4,2027-05-01
2027-04-17,wk inc flu hosp,2,41,quantile,0.025,5,2027-05-01
2027-04-17,wk inc flu hosp,2,41,quantile,0.05,5,2027-05-01
2027-04-17,wk inc flu hosp,2,41,quantile,0.1,6,2027-05-01
2027-04-17,wk inc flu hosp,2,41,quantile,0.15,7,2027-05-01
2027-04-17,wk inc flu hosp,2,41,quantile,0.2,7,2027-05-01
2027-04-17,wk inc flu hosp,2,41,quantile,0.25,8,2027-05-01
2027-04-17,wk inc flu hosp,2,41,quantile,0.3,9,2027-05-01
2027-04-17,wk inc flu hosp,2,41,quantile,0.35,9,2027-05-01
2027-04-17,wk inc flu hosp,2,41,quantile,0.4,10,2027-05-01
2027-04-17,wk inc flu hosp,2,41,quantile,0.45,11,2027-05-01
2027-04-17,wk inc flu hosp,2,41,quantile,0.5,11,2027-05-01
2027-04-17,wk inc flu hosp,2,41,quantile,0.55,12,2027-05-01
2027-04-17,wk inc flu hosp,2,41,quantile,0.6,13,2027-05-01
2027-04-17,wk inc flu hosp,2,41,quantile,0.65,15,2027-05-01
2027-04-17,wk inc flu hosp,2,41,quantile,0.7,15,2027-05-01
2027-04-17,wk inc flu hosp,2,41,quantile,0.75,16,2027-05-01
2027-04-17,wk inc flu hosp,2,41,quantile,0.8,17,2027-05-01
2027-04-17,wk inc flu hosp,2,41,quantile,0.85,18,2027-05-01
2027-04-17,wk inc flu hosp,2,41,quantile,0.9,21,2027-05-01
2027-04-17,wk inc flu hosp,2,41,quantile,0.95,27,2027-05-01
2027-04-17,wk inc flu hosp,2,41,quantile,0.975,34,2027-05-01
2027-04-17,wk inc flu hosp,2,41,quantile,0.99,37,2027-05-01
2027-04-17,wk inc flu hosp,2,42,quantile,0.01,50,2027-05-01
2027-04-17,wk inc flu hosp,2,42,quantile,0.025,58,2027-05-01
2027-04-17,wk inc flu hosp,2,42,quantile,0.05,71,2027-05-01
2027-04-17,wk inc flu hosp,2,42,quantile,0.1,77,2027-05-01
2027-04-17,wk inc flu hosp,2,42,quantile,0.15,86,2027-05-01
2027-04-17,wk inc flu hosp,2,42,quantile,0.2,91,2027-05-01
2027-04-17,wk inc flu hosp,2,42,quantile,0.25,95,2027-05-01
2027-04-17,wk inc flu hosp,2,42,quantile,0.3,101,2027-05-01
2027-04-17,wk inc flu hosp,2,42,quantile,0.35,105,2027-05-01
2027-04-17,wk inc flu hosp,2,42,quantile,0.4,108,2027-05-01
2027-04-17,wk inc flu hosp,2,42,quantile,0.45,112,2027-05-01
2027-04-17,wk inc flu hosp,2,42,quantile,0.5,116,2027-05-01
2027-04-17,wk inc flu hosp,2,42,quantile,0.55,120,2027-05-01
2027-04-17,wk inc flu hosp,2,42,quantile,0.6,125,2027-05-01
2027-04-17,wk inc flu hosp,2,42,quantile,0.65,130,2027-05-01
2027-04-17,wk inc flu hosp,2,42,quantile,0.7,135,2027-05-01
2027-04-17,wk inc flu hosp,2,42,quantile,0.75,142,2027-05-01
2027-04-17,wk inc flu hosp,2,42,quantile,0.8,148,2027-05-01
2027-04-17,wk inc flu hosp,2,42,quantile,0.85,162,2027-05-01
2027-04-17,wk inc flu hosp,2,42,quantile,0.9,171,2027-05-01
2027-04-17,wk inc flu hosp,2,42,quantile,0.95,189,2027-05-01
2027-04-17,wk inc flu hosp,2,42,quantile,0.975,199,2027-05-01
2027-04-17,wk inc flu hosp,2,42,quantile,0.99,216,2027-05-01
2027-04-17,wk inc flu hosp,2,44,quantile,0.01,0,2027-05-01
2027-04-17,wk inc flu hosp,2,44,quantile,0.025,0,2027-05-01
2027-04-17,wk inc flu hosp,2,44,quantile,0.05,0,2027-05-01
2027-04-17,wk inc flu hosp,2,44,quantile,0.1,0,2027-05-01
2027-04-17,wk inc flu hosp,2,44,quantile,0.15,0,2027-05-01
2027-04-17,wk inc flu hosp,2,44,quantile,0.2,1,2027-05-01
2027-04-17,wk inc flu hosp,2,44,quantile,0.25,1,2027-05-01
2027-04-17,wk inc flu hosp,2,44,quantile,0.3,1,2027-05-01
2027-04-17,wk inc flu hosp,2,44,quantile,0.35,2,2027-05-01
2027-04-17,wk inc flu hosp,2,44,quantile,0.4,2,2027-05-01
2027-04-17,wk inc flu hosp,2,44,quantile,0.45,3,2027-05-01
2027-04-17,wk inc flu hosp,2,44,quantile,0.5,3,2027-05-01
2027-04-17,wk inc flu hosp,2,44,quantile,0.55,3,2027-05-01
2027-04-17,wk inc flu hosp,2,44,quantile,0.6,4,2027-05-01
2027-04-17,wk inc flu hosp,2,44,quantile,0.65,4,2027-05-01
2027-04-17,wk inc flu hosp,2,44,quantile,0.7,5,2027-05-01
2027-04-17,wk inc flu hosp,2,44,quantile,0.75,5,2027-05-01
2027-04-17,wk inc flu hosp,2,44,quantile,0.8,7,2027-05-01
2027-04-17,wk inc flu hosp,2,44,quantile,0.85,7,2027-05-01
2027-04-17,wk inc flu hosp,2,44,quantile,0.9,8,2027-05-01
2027-04-17,wk inc flu hosp,2,44,quantile,0.95,9,2027-05-01
2027-04-17,wk inc flu hosp,2,44,quantile,0.975,13,2027-05-01
2027-04-17,wk inc flu hosp,2,44,quantile,0.99,15,2027-05-01
2027-04-17,wk inc flu hosp,2,45,quantile,0.01,3,2027-05-01
2027-04-17,wk inc flu hosp,2,45,quantile,0.025,4,2027-05-01
2027-04-17,wk inc flu hosp,2,45,quantile,0.05,6,2027-05-01
2027-04-17,wk inc flu hosp,2,45,quantile,0.1,8,2027-05-01
2027-04-17,wk inc flu hosp,2,45,quantile,0.15,10,2027-05-01
2027-04-17,wk inc flu hosp,2,45,quantile,0.2,11,2027-05-01
2027-04-17,wk inc flu hosp,2,45,quantile,0.25,12,2027-05-01
2027-04-17,wk inc flu hosp,2,45,quantile,0.3,13,2027-05-01
2027-04-17,wk inc flu hosp,2,45,quantile,0.35,14,2027-05-01
2027-04-17,wk inc flu hosp,2,45,quantile,0.4,14,2027-05-01
2027-04-17,wk inc flu hosp,2,45,quantile,0.45,15,2027-05-01
2027-04-17,wk inc flu hosp,2,45,quantile,0.5,16,2027-05-01
2027-04-17,wk inc flu hosp,2,45,quantile,0.55,17,2027-05-01
2027-04-17,wk inc flu hosp,2,45,quantile,0.6,18,2027-05-01
2027-04-17,wk inc flu hosp,2,45,quantile,0.65,19,2027-05-01
2027-04-17,wk inc flu hosp,2,45,quantile,0.7,20,2027-05-01
2027-04-17,wk inc flu hosp,2,45,quantile,0.75,22,2027-05-01
2027-04-17,wk inc flu hosp,2,45,quantile,0.8,24,2027-05-01
2027-04-17,wk inc flu hosp,2,45,quantile,0.85,26,2027-05-01
2027-04-17,wk inc flu hosp,2,45,quantile,0.9,29,2027-05-01
2027-04-17,wk inc flu hosp,2,45,quantile,0.95,32,2027-05-01
2027-04-17,wk inc flu hosp,2,45,quantile,0.975,37,2027-05-01
2027-04-17,wk inc flu hosp,2,45,quantile,0.99,40,2027-05-01
2027-04-17,wk inc flu hosp,2,46,quantile,0.01,0,2027-05-01
2027-04-17,wk inc flu hosp,2,46,quantile,0.025,0,2027-05-01
2027-04-17,wk inc flu hosp,2,46,quantile,0.05,0,2027-05-01
2027-04-17,wk inc flu hosp,2,46,quantile,0.1,0,2027-05-01
2027-04-17,wk inc flu hosp,2,46,quantile,0.15,1,2027-05-01
2027-04-17,wk inc flu hosp,2,46,quantile,0.2,1,2027-05-01
2027-04-17,wk inc flu hosp,2,46,quantile,0.25,2,2027-05-01
2027-04-17,wk inc flu hosp,2,46,quantile,0.3,2,2027-05-01
2027-04-17,wk inc flu hosp,2,46,quantile,0.35,3,2027-05-01
2027-04-17,wk inc flu hosp,2,46,quantile,0.4,3,2027-05-01
2027-04-17,wk inc flu hosp,2,46,quantile,0.45,4,2027-05-01
2027-04-17,wk inc flu hosp,2,46,quantile,0.5,4,2027-05-01
2027-04-17,wk inc flu hosp,2,46,quantile,0.55,5,2027-05-01
2027-04-17,wk inc flu hosp,2,46,quantile,0.6,6,2027-05-01
2027-04-17,wk inc flu hosp,2,46,quantile,0.65,7,2027-05-01
2027-04-17,wk inc flu hosp,2,46,quantile,0.7,7,2027-05-01
2027-04-17,wk inc flu hosp,2,46,quantile,0.75,8,2027-05-01
2027-04-17,wk inc flu hosp,2,46,quantile,0.8,9,2027-05-01
2027-04-17,wk inc flu hosp,2,46,quantile,0.85,10,2027-05-01
2027-04-17,wk inc flu hosp,2,46,quantile,0.9,11,2027-05-01
2027-04-17,wk inc flu hosp,2,46,quantile,0.95,13,2027-05-01
2027-04-17,wk inc flu hosp,2,46,quantile,0.975,14,2027-05-01
2027-04-17,wk inc flu hosp,2,46,quantile,0.99,16,2027-05-01
2027-04-17,wk inc flu hosp,2,47,quantile,0.01,15,2027-05-01
2027-04-17,wk inc flu hosp,2,47,quantile,0.025,16,2027-05-01
2027-04-17,wk inc flu hosp,2,47,quantile,0.05,18,2027-05-01
2027-04-17,wk inc flu hosp,2,47,quantile,0.1,21,2027-05-01
2027-04-17,wk inc flu hosp,2,47,quantile,0.15,22,2027-05-01
2027-04-17,wk inc flu hosp,2,47,quantile,0.2,23,2027-05-01
2027-04-17,wk inc flu hosp,2,47,quantile,0.25,25,2027-05-01
2027-04-17,wk inc flu hosp,2,47,quantile,0.3,26,2027-05-01
2027-04-17,wk inc flu hosp,2,47,quantile,0.35,27,2027-05-01
2027-04-17,wk inc flu hosp,2,47,quantile,0.4,28,2027-05-01
2027-04-17,wk inc flu hosp,2,47,quantile,0.45,30,2027-05-01
2027-04-17,wk inc flu hosp,2,47,quantile,0.5,31,2027-05-01
2027-04-17,wk inc flu hosp,2,47,quantile,0.55,32,2027-05-01
2027-04-17,wk inc flu hosp,2,47,quantile,0.6,34,2027-05-01
2027-04-17,wk inc flu hosp,2,47,quantile,0.65,35,2027-05-01
2027-04-17,wk inc flu hosp,2,47,quantile,0.7,36,2027-05-01
2027-04-17,wk inc flu hosp,2,47,quantile,0.75,37,2027-05-01
2027-04-17,wk inc flu hosp,2,47,quantile,0.8,38,2027-05-01
2027-04-17,wk inc flu hosp,2,47,quantile,0.85,42,2027-05-01
2027-04-17,wk inc flu hosp,2,47,quantile,0.9,44,2027-05-01
2027-04-17,wk inc flu hosp,2,47,quantile,0.95,47,2027-05-01
2027-04-17,wk inc flu hosp,2,47,quantile,0.975,51,2027-05-01
2027-04-17,wk inc flu hosp,2,47,quantile,0.99,57,2027-05-01
2027-04-17,wk inc flu hosp,2,48,quantile,0.01,48,2027-05-01
2027-04-17,wk inc flu hosp,2,48,quantile,0.025,51,2027-05-01
2027-04-17,wk inc flu hosp,2,48,quantile,0.05,57,2027-05-01
2027-04-17,wk inc flu hosp,2,48,quantile,0.1,66,2027-05-01
2027-04-17,wk inc flu hosp,2,48,quantile,0.15,72,2027-05-01
2027-04-17,wk inc flu hosp,2,48,quantile,0.2,77,2027-05-01
2027-04-17,wk inc flu hosp,2,48,quantile,0.25,81,2027-05-01
2027-04-17,wk inc flu hosp,2,48,quantile,0.3,84,2027-05-01
2027-04-17,wk inc flu hosp,2,48,quantile,0.35,89,2027-05-01
2027-04-17,wk inc flu hosp,2,48,quantile,0.4,93,2027-05-01
2027-04-17,wk inc flu hosp,2,48,quantile,0.45,96,2027-05-01
2027-04-17,wk inc flu hosp,2,48,quantile,0.5,98,2027-05-01
2027-04-17,wk inc flu hosp,2,48,quantile,0.55,100,2027-05-01
2027-04-17,wk inc flu hosp,2,48,quantile,0.6,106,2027-05-01
2027-04-17,wk inc flu hosp,2,48,quantile,0.65,113,2027-05-01
2027-04-17,wk inc flu hosp,2,48,quantile,0.7,118,2027-05-01
2027-04-17,wk inc flu hosp,2,48,quantile,0.75,126,2027-05-01
2027-04-17,wk inc flu hosp,2,48,quantile,0.8,134,2027-05-01
2027-04-17,wk inc flu hosp,2,48,quantile,0.85,145,2027-05-01
2027-04-17,wk inc flu hosp,2,48,quantile,0.9,163,2027-05-01
2027-04-17,wk inc flu hosp,2,48,quantile,0.95,176,2027-05-01
2027-04-17,wk inc flu hosp,2,48,quantile,0.975,188,2027-05-01
2027-04-17,wk inc flu hosp,2,48,quantile,0.99,225,2027-05-01
2027-04-17,wk inc flu hosp,2,49,quantile,0.01,3,2027-05-01
2027-04-17,wk inc flu hosp,2,49,quantile,0.025,4,2027-05-01
2027-04-17,wk inc flu hosp,2,49,quantile,0.05,4,2027-05-01
2027-04-17,wk inc flu hosp,2,49,quantile,0.1,5,2027-05-01
2027-04-17,wk inc flu hosp,2,49,quantile,0.15,6,2027-05-01
2027-04-17,wk inc flu hosp,2,49,quantile,0.2,7,2027-05-01
2027-04-17,wk inc flu hosp,2,49,quantile,0.25,8,2027-05-01
2027-04-17,wk inc flu hosp,2,49,quantile,0.3,9,2027-05-01
2027-04-17,wk inc flu hosp,2,49,quantile,0.35,9,2027-05-01
2027-04-17,wk inc flu hosp,2,49,quantile,0.4,10,2027-05-01
2027-04-17,wk inc flu hosp,2,49,quantile,0.45,10,2027-05-01
2027-04-17,wk inc flu hosp,2,49,quantile,0.5,11,2027-05-01
2027-04-17,wk inc flu hosp,2,49,quantile,0.55,11,2027-05-01
2027-04-17,wk inc flu hosp,2,49,quantile,0.6,11,2027-05-01
2027-04-17,wk inc flu hosp,2,49,quantile,0.65,12,2027-05-01
2027-04-17,wk inc flu hosp,2,49,quantile,0.7,12,2027-05-01
2027-04-17,wk inc flu hosp,2,49,quantile,0.75,13,2027-05-01
2027-04-17,wk inc flu hosp,2,49,quantile,0.8,14,2027-05-01
2027-04-17,wk inc flu hosp,2,49,quantile,0.85,15,2027-05-01
2027-04-17,wk inc flu hosp,2,49,quantile,0.9,16,2027-05-01
2027-04-17,wk inc flu hosp,2,49,quantile,0.95,19,2027-05-01
2027-04-17,wk inc flu hosp,2,49,quantile,0.975,20,2027-05-01
2027-04-17,wk inc flu hosp,2,49,quantile,0.99,21,2027-05-01
2027-04-17,wk inc flu hosp,2,50,quantile,0.01,0,2027-05-01
2027-04-17,wk inc flu hosp,2,50,quantile,0.025,0,2027-05-01
2027-04-17,wk inc flu hosp,2,50,quantile,0.05,0,2027-05-01
2027-04-17,wk inc flu hosp,2,50,quantile,0.1,0,2027-05-01
2027-04-17,wk inc flu hosp,2,50,quantile,0.15,0,2027-05-01
2027-04-17,wk inc flu hosp,2,50,quantile,0.2,0,2027-05-01
2027-04-17,wk inc flu hosp,2,50,quantile,0.25,0,2027-05-01
2027-04-17,wk inc flu hosp,2,50,quantile,0.3,0,2027-05-01
2027-04-17,wk inc flu hosp,2,50,quantile,0.35,0,2027-05-01
2027-04-17,wk inc flu hosp,2,50,quantile,0.4,0,2027-05-01
2027-04-17,wk inc flu hosp,2,50,quantile,0.45,1,2027-05-01
2027-04-17,wk inc flu hosp,2,50,quantile,0.5,1,2027-05-01
2027-04-17,wk inc flu hosp,2,50,quantile,0.55,1,2027-05-01
2027-04-17,wk inc flu hosp,2,50,quantile,0.6,2,2027-05-01
2027-04-17,wk inc flu hosp,2,50,quantile,0.65,2,2027-05-01
2027-04-17,wk inc flu hosp,2,50,quantile,0.7,2,2027-05-01
2027-04-17,wk inc flu hosp,2,50,quantile,0.75,3,2027-05-01
2027-04-17,wk inc flu hosp,2,50,quantile,0.8,3,2027-05-01
2027-04-17,wk inc flu hosp,2,50,quantile,0.85,5,2027-05-01
2027-04-17,wk inc flu hosp,2,50,quantile,0.9,6,2027-05-01
2027-04-17,wk inc flu hosp,2,50,quantile,0.95,7,2027-05-01
2027-04-17,wk inc flu hosp,2,50,quantile,0.975,8,2027-05-01
2027-04-17,wk inc flu hosp,2,50,quantile,0.99,8,2027-05-01
2027-04-17,wk inc flu hosp,2,51,quantile,0.01,9,2027-05-01
2027-04-17,wk inc flu hosp,2,51,quantile,0.025,10,2027-05-01
2027-04-17,wk inc flu hosp,2,51,quantile,0.05,13,2027-05-01
2027-04-17,wk inc flu hosp,2,51,quantile,0.1,16,2027-05-01
2027-04-17,wk inc flu hosp,2,51,quantile,0.15,17,2027-05-01
2027-04-17,wk inc flu hosp,2,51,quantile,0.2,19,2027-05-01
2027-04-17,wk inc flu hosp,2,51,quantile,0.25,20,2027-05-01
2027-04-17,wk inc flu hosp,2,51,quantile,0.3,23,2027-05-01
2027-04-17,wk inc flu hosp,2,51,quantile,0.35,24,2027-05-01
2027-04-17,wk inc flu hosp,2,51,quantile,0.4,26,2027-05-01
2027-04-17,wk inc flu hosp,2,51,quantile,0.45,27,2027-05-01
2027-04-17,wk inc flu hosp,2,51,quantile,0.5,28,2027-05-01
2027-04-17,wk inc flu hosp,2,51,quantile,0.55,30,2027-05-01
2027-04-17,wk inc flu hosp,2,51,quantile,0.6,31,2027-05-01
2027-04-17,wk inc flu hosp,2,51,quantile,0.65,35,2027-05-01
2027-04-17,wk inc flu hosp,2,51,quantile,0.7,37,2027-05-01
2027-04-17,wk inc flu hosp,2,51,quantile,0.75,38,2027-05-01
2027-04-17,wk inc flu hosp,2,51,quantile,0.8,43,2027-05-01
2027-04-17,wk inc flu hosp,2,51,quantile,0.85,46,2027-05-01
2027-04-17,wk inc flu hosp,2,51,quantile,0.9,53,2027-05-01
2027-04-17,wk inc flu hosp,2,51,quantile,0.95,60,2027-05-01
2027-04-17,wk inc flu hosp,2,51,quantile,0.975,63,2027-05-01
2027-04-17,wk inc flu hosp,2,51,quantile,0.99,65,2027-05-01
2027-04-17,wk inc flu hosp,2,53,quantile,0.01,5,2027-05-01
2027-04-17,wk inc flu hosp,2,53,quantile,0.025,6,2027-05-01
2027-04-17,wk inc flu hosp,2,53,quantile,0.05,8,2027-05-01
2027-04-17,wk inc flu hosp,2,53,quantile,0.1,9,2027-05-01
2027-04-17,wk inc flu hosp,2,53,quantile,0.15,10,2027-05-01
2027-04-17,wk inc flu hosp,2,53,quantile,0.2,12,2027-05-01
2027-04-17,wk inc flu hosp,2,53,quantile,0.25,13,2027-05-01
2027-04-17,wk inc flu hosp,2,53,quantile,0.3,14,2027-05-01
2027-04-17,wk inc flu hosp,2,53,quantile,0.35,16,2027-05-01
2027-04-17,wk inc flu hosp,2,53,quantile,0.4,16,2027-05-01
2027-04-17,wk inc flu hosp,2,53,quantile,0.45,17,2027-05-01
2027-04-17,wk inc flu hosp,2,53,quantile,0.5,18,2027-05-01
2027-04-17,wk inc flu hosp,2,53,quantile,0.55,18,2027-05-01
2027-04-17,wk inc flu hosp,2,53,quantile,0.6,20,2027-05-01
2027-04-17,wk inc flu hosp,2,53,quantile,0.65,21,2027-05-01
2027-04-17,wk inc flu hosp,2,53,quantile,0.7,24,2027-05-01
2027-04-17,wk inc flu hosp,2,53,quantile,0.75,25,2027-05-01
2027-04-17,wk inc flu hosp,2,53,quantile,0.8,26,2027-05-01
2027-04-17,wk inc flu hosp,2,53,quantile,0.85,29,2027-05-01
2027-04-17,wk inc flu hosp,2,53,quantile,0.9,32,2027-05-01
2027-04-17,wk inc flu hosp,2,53,quantile,0.95,35,2027-05-01
2027-04-17,wk inc flu hosp,2,53,quantile,0.975,39,2027-05-01
2027-04-17,wk inc flu hosp,2,53,quantile,0.99,45,2027-05-01
2027-04-17,wk inc flu hosp,2,54,quantile,0.01,0,2027-05-01
2027-04-17,wk inc flu hosp,2,54,quantile,0.025,0,2027-05-01
2027-04-17,wk inc flu hosp,2,54,quantile,0.05,0,2027-05-01
2027-04-17,wk inc flu hosp,2,54,quantile,0.1,0,2027-05-01
2027-04-17,wk inc flu hosp,2,54,quantile,0.15,0,2027-05-01
2027-04-17,wk inc flu hosp,2,54,quantile,0.2,0,2027-05-01
2027-04-17,wk inc flu hosp,2,54,quantile,0.25,1,2027-05-01
2027-04-17,wk inc flu hosp,2,54,quantile,0.3,1,2027-05-01
2027-04-17,wk inc flu hosp,2,54,quantile,0.35,1,2027-05-01
2027-04-17,wk inc flu hosp,2,54,quantile,0.4,2,2027-05-01
2027-04-17,wk inc flu hosp,2,54,quantile,0.45,2,2027-05-01
2027-04-17,wk inc flu hosp,2,54,quantile,0.5,2,2027-05-01
2027-04-17,wk inc flu hosp,2,54,quantile,0.55,2,2027-05-01
2027-04-17,wk inc flu hosp,2,54,quantile,0.6,3,2027-05-01
2027-04-17,wk inc flu hosp,2,54,quantile,0.65,3,2027-05-01
2027-04-17,wk inc flu hosp,2,54,quantile,0.7,4,2027-05-01
2027-04-17,wk inc flu hosp,2,54,quantile,0.75,4,2027-05-01
2027-04-17,wk inc flu hosp,2,54,quantile,0.8,5,2027-05-01
2027-04-17,wk inc flu hosp,2,54,quantile,0.85,5,2027-05-01
2027-04-17,wk inc flu hosp,2,54,quantile,0.9,6,2027-05-01
2027-04-17,wk inc flu hosp,2,54,quantile,0.95,7,2027-05-01
2027-04-17,wk inc flu hosp,2,54,quantile,0.975,9,2027-05-01
2027-04-17,wk inc flu hosp,2,54,quantile,0.99,12,2027-05-01
2027-04-17,wk inc flu hosp,2,55,quantile,0.01,6,2027-05-01
2027-04-17,wk inc flu hosp,2,55,quantile,0.025,6,2027-05-01
2027-04-17,wk inc flu hosp,2,55,quantile,0.05,7,2027-05-01
2027-04-17,wk inc flu hosp,2,55,quantile,0.1,8,2027-05-01
2027-04-17,wk inc flu hosp,2,55,quantile,0.15,9,2027-05-01
2027-04-17,wk inc flu hosp,2,55,quantile,0.2,10,2027-05-01
2027-04-17,wk inc flu hosp,2,55,quantile,0.25,11,2027-05-01
2027-04-17,wk inc flu hosp,2,55,quantile,0.3,12,2027-05-01
2027-04-17,wk inc flu hosp,2,55,quantile,0.35,13,2027-05-01
2027-04-17,wk inc flu hosp,2,55,quantile,0.4,13,2027-05-01
2027-04-17,wk inc flu hosp,2,55,quantile,0.45,15,2027-05-01
2027-04-17,wk inc flu hosp,2,55,quantile,0.5,15,2027-05-01
2027-04-17,wk inc flu hosp,2,55,quantile,0.55,16,2027-05-01
2027-04-17,wk inc flu hosp,2,55,quantile,0.6,17,2027-05-01
2027-04-17,wk inc flu hosp,2,55,quantile,0.65,18,2027-05-01
2027-04-17,wk inc flu hosp,2,55,quantile,0.7,18,2027-05-01
2027-04-17,wk inc flu hosp,2,55,quantile,0.75,20,2027-05-01
2027-04-17,wk inc flu hosp,2,55,quantile,0.8,20,2027-05-01
2027-04-17,wk inc flu hosp,2,55,quantile,0.85,21,2027-05-01
2027-04-17,wk inc flu hosp,2,55,quantile,0.9,23,2027-05-01
2027-04-17,wk inc flu hosp,2,55,quantile,0.95,26,2027-05-01
2027-04-17,wk inc flu hosp,2,55,quantile,0.975,28,2027-05-01
2027-04-17,wk inc flu hosp,2,55,quantile,0.99,30,2027-05-01
2027-04-17,wk inc flu hosp,2,56,quantile,0.01,0,2027-05-01
2027-04-17,wk inc flu hosp,2,56,quantile,0.025,0,2027-05-01
2027-04-17,wk inc flu hosp,2,56,quantile,0.05,0,2027-05-01
2027-04-17,wk inc flu hosp,2,56,quantile,0.1,0,2027-05-01
2027-04-17,wk inc flu hosp,2,56,quantile,0.15,0,2027-05-01
2027-04-17,wk inc flu hosp,2,56,quantile,0.2,0,2027-05-01
2027-04-17,wk inc flu hosp,2,56,quantile,0.25,0,2027-05-01
2027-04-17,wk inc flu hosp,2,56,quantile,0.3,0,2027-05-01
2027-04-17,wk inc flu hosp,2,56,quantile,0.35,0,2027-05-01
2027-04-17,wk inc flu hosp,2,56,quantile,0.4,1,2027-05-01
2027-04-17,wk inc flu hosp,2,56,quantile,0.45,1,2027-05-01
2027-04-17,wk inc flu hosp,2,56,quantile,0.5,2,2027-05-01
2027-04-17,wk inc flu hosp,2,56,quantile,0.55,2,2027-05-01
2027-04-17,wk inc flu hosp,2,56,quantile,0.6,3,2027-05-01
2027-04-17,wk inc flu hosp,2,56,quantile,0.65,3,2027-05-01
2027-04-17,wk inc flu hosp,2,56,quantile,0.7,4,2027-05-01
2027-04-17,wk inc flu hosp,2,56,quantile,0.75,4,2027-05-01
2027-04-17,wk inc flu hosp,2,56,quantile,0.8,5,2027-05-01
2027-04-17,wk inc flu hosp,2,56,quantile,0.85,7,2027-05-01
2027-04-17,wk inc flu hosp,2,56,quantile,0.9,8,2027-05-01
2027-04-17,wk inc flu hosp,2,56,quantile,0.95,11,2027-05-01
2027-04-17,wk inc flu hosp,2,56,quantile,0.975,12,2027-05-01
2027-04-17,wk inc flu hosp,2,56,quantile,0.99,15,2027-05-01
2027-04-17,wk inc flu hosp,2,72,quantile,0.01,26,2027-05-01
2027-04-17,wk inc flu hosp,2,72,quantile,0.025,28,2027-05-01
2027-04-17,wk inc flu hosp,2,72,quantile,0.05,34,2027-05-01
2027-04-17,wk inc flu hosp,2,72,quantile,0.1,46,2027-05-01
2027-04-17,wk inc flu hosp,2,72,quantile,0.15,50,2027-05-01
2027-04-17,wk inc flu hosp,2,72,quantile,0.2,58,2027-05-01
2027-04-17,wk inc flu hosp,2,72,quantile,0.25,62,2027-05-01
2027-04-17,wk inc flu hosp,2,72,quantile,0.3,68,2027-05-01
2027-04-17,wk inc flu hosp,2,72,quantile,0.35,70,2027-05-01
2027-04-17,wk inc flu hosp,2,72,quantile,0.4,77,2027-05-01
2027-04-17,wk inc flu hosp,2,72,quantile,0.45,81,2027-05-01
2027-04-17,wk inc flu hosp,2,72,quantile,0.5,86,2027-05-01
2027-04-17,wk inc flu hosp,2,72,quantile,0.55,91,2027-05-01
2027-04-17,wk inc flu hosp,2,72,quantile,0.6,94,2027-05-01
2027-04-17,wk inc flu hosp,2,72,quantile,0.65,100,2027-05-01
2027-04-17,wk inc flu hosp,2,72,quantile,0.7,106,2027-05-01
2027-04-17,wk inc flu hosp,2,72,quantile,0.75,111,2027-05-01
2027-04-17,wk inc flu hosp,2,72,quantile,0.8,117,2027-05-01
2027-04-17,wk inc flu hosp,2,72,quantile,0.85,122,2027-05-01
2027-04-17,wk inc flu hosp,2,72,quantile,0.9,131,2027-05-01
2027-04-17,wk inc flu hosp,2,72,quantile,0.95,151,2027-05-01
2027-04-17,wk inc flu hosp,2,72,quantile,0.975,175,2027-05-01
2027-04-17,wk inc flu hosp,2,72,quantile,0.99,193,2027-05-01
2027-04-17,wk inc flu hosp,2,USA,quantile,0.01,1138,2027-05-01
2027-04-17,wk inc flu hosp,2,USA,quantile,0.025,1228,2027-05-01
2027-04-17,wk inc flu hosp,2,USA,quantile,0.05,1262,2027-05-01
2027-04-17,wk inc flu hosp,2,USA,quantile,0.1,1311,2027-05-01
2027-04-17,wk inc flu hosp,2,USA,quantile,0.15,1351,2027-05-01
2027-04-17,wk inc flu hosp,2,USA,quantile,0.2,1373,2027-05-01
2027-04-17,wk inc flu hosp,2,USA,quantile,0.25,1391,2027-05-01
2027-04-17,wk inc flu hosp,2,USA,quantile,0.3,1402,2027-05-01
2027-04-17,wk inc flu hosp,2,USA,quantile,0.35,1419,2027-05-01
2027-04-17,wk inc flu hosp,2,USA,quantile,0.4,1433,2027-05-01
2027-04-17,wk inc flu hosp,2,USA,quantile,0.45,1466,2027-05-01
2027-04-17,wk inc flu hosp,2,USA,quantile,0.5,1492,2027-05-01
2027-04-17,wk inc flu hosp,2,USA,quantile,0.55,1508,2027-05-01
2027-04-17,wk inc flu hosp,2,USA,quantile,0.6,1527,2027-05-01
2027-04-17,wk inc flu hosp,2,USA,quantile,0.65,1538,2027-05-01
2027-04-17,wk inc flu hosp,2,USA,quantile,0.7,1555,2027-05-01
2027-04-17,wk inc flu hosp,2,USA,quantile,0.75,1586,2027-05-01
2027-04-17,wk inc flu hosp,2,USA,quantile,0.8,1602,2027-05-01
2027-04-17,wk inc flu hosp,2,USA,quantile,0.85,1626,2027-05-01
2027-04-17,wk inc flu hosp,2,USA,quantile,0.9,1666,2027-05-01
2027-04-17,wk inc flu hosp,2,USA,quantile,0.95,1716,2027-05-01
2027-04-17,wk inc flu hosp,2,USA,quantile,0.975,1781,2027-05-01
2027-04-17,wk inc flu hosp,2,USA,quantile,0.99,1945,2027-05-01
2027-04-17,wk inc flu hosp,3,01,quantile,0.01,0,2027-05-08
2027-04-17,wk inc flu hosp,3,01,quantile,0.025,1,2027-05-08
2027-04-17,wk inc flu hosp,3,01,quantile,0.05,2,2027-05-08
2027-04-17,wk inc flu hosp,3,01,quantile,0.1,3,2027-05-08
2027-04-17,wk inc flu hosp,3,01,quantile,0.15,4,2027-05-08
2027-04-17,wk inc flu hosp,3,01,quantile,0.2,5,2027-05-08
2027-04-17,wk inc flu hosp,3,01,quantile,0.25,6,2027-05-08
2027-04-17,wk inc flu hosp,3,01,quantile,0.3,7,2027-05-08
2027-04-17,wk inc flu hosp,3,01,quantile,0.35,7,2027-05-08
2027-04-17,wk inc flu hosp,3,01,quantile,0.4,8,2027-05-08
2027-04-17,wk inc flu hosp,3,01,quantile,0.45,9,2027-05-08
2027-04-17,wk inc flu hosp,3,01,quantile,0.5,10,2027-05-08
2027-04-17,wk inc flu hosp,3,01,quantile,0.55,10,2027-05-08
2027-04-17,wk inc flu hosp,3,01,quantile,0.6,11,2027-05-08
2027-04-17,wk inc flu hosp,3,01,quantile,0.65,11,2027-05-08
2027-04-17,wk inc flu hosp,3,01,quantile,0.7,13,2027-05-08
2027-04-17,wk inc flu hosp,3,01,quantile,0.75,14,2027-05-08
2027-04-17,wk inc flu hosp,3,01,quantile,0.8,15,2027-05-08
2027-04-17,wk inc flu hosp,3,01,quantile,0.85,17,2027-05-08
2027-04-17,wk inc flu hosp,3,01,quantile,0.9,18,2027-05-08
2027-04-17,wk inc flu hosp,3,01,quantile,0.95,20,2027-05-08
2027-04-17,wk inc flu hosp,3,01,quantile,0.975,22,2027-05-08
2027-04-17,wk inc flu hosp,3,01,quantile,0.99,24,2027-05-08
2027-04-17,wk inc flu hosp,3,02,quantile,0.01,0,2027-05-08
2027-04-17,wk inc flu hosp,3,02,quantile,0.025,0,2027-05-08
2027-04-17,wk inc flu hosp,3,02,quantile,0.05,0,2027-05-08
2027-04-17,wk inc flu hosp,3,02,quantile,0.1,0,2027-05-08
2027-04-17,wk inc flu hosp,3,02,quantile,0.15,0,2027-05-08
2027-04-17,wk inc flu hosp,3,02,quantile,0.2,0,2027-05-08
2027-04-17,wk inc flu hosp,3,02,quantile,0.25,0,2027-05-08
2027-04-17,wk inc flu hosp,3,02,quantile,0.3,0,2027-05-08
2027-04-17,wk inc flu hosp,3,02,quantile,0.35,0,2027-05-08
2027-04-17,wk inc flu hosp,3,02,quantile,0.4,0,2027-05-08
2027-04-17,wk inc flu hosp,3,02,quantile,0.45,0,2027-05-08
2027-04-17,wk inc flu hosp,3,02,quantile,0.5,0,2027-05-08
2027-04-17,wk inc flu hosp,3,02,quantile,0.55,1,2027-05-08
2027-04-17,wk inc flu hosp,3,02,quantile,0.6,1,2027-05-08
2027-04-17,wk inc flu hosp,3,02,quantile,0.65,2,2027-05-08
2027-04-17,wk inc flu hosp,3,02,quantile,0.7,2,2027-05-08
2027-04-17,wk inc flu hosp,3,02,quantile,0.75,3,2027-05-08
2027-04-17,wk inc flu hosp,3,02,quantile,0.8,4,2027-05-08
2027-04-17,wk inc flu hosp,3,02,quantile,0.85,5,2027-05-08
2027-04-17,wk inc flu hosp,3,02,quantile,0.9,6,2027-05-08
2027-04-17,wk inc flu hosp,3,02,quantile,0.95,8,2027-05-08
2027-04-17,wk inc flu hosp,3,02,quantile,0.975,13,2027-05-08
2027-04-17,wk inc flu hosp,3,02,quantile,0.99,14,2027-05-08
2027-04-17,wk inc flu hosp,3,04,quantile,0.01,22,2027-05-08
2027-04-17,wk inc flu hosp,3,04,quantile,0.025,23,2027-05-08
2027-04-17,wk inc flu hosp,3,04,quantile,0.05,27,2027-05-08
2027-04-17,wk inc flu hosp,3,04,quantile,0.1,32,2027-05-08
2027-04-17,wk inc flu hosp,3,04,quantile,0.15,34,2027-05-08
2027-04-17,wk inc flu hosp,3,04,quantile,0.2,36,2027-05-08
2027-04-17,wk inc flu hosp,3,04,quantile,0.25,38,2027-05-08
2027-04-17,wk inc flu hosp,3,04,quantile,0.3,40,2027-05-08
2027-04-17,wk inc flu hosp,3,04,quantile,0.35,43,2027-05-08
2027-04-17,wk inc flu hosp,3,04,quantile,0.4,45,2027-05-08
2027-04-17,wk inc flu hosp,3,04,quantile,0.45,47,2027-05-08
2027-04-17,wk inc flu hosp,3,04,quantile,0.5,51,2027-05-08
2027-04-17,wk inc flu hosp,3,04,quantile,0.55,52,2027-05-08
2027-04-17,wk inc flu hosp,3,04,quantile,0.6,54,2027-05-08
2027-04-17,wk inc flu hosp,3,04,quantile,0.65,56,2027-05-08
2027-04-17,wk inc flu hosp,3,04,quantile,0.7,58,2027-05-08
2027-04-17,wk inc flu hosp,3,04,quantile,0.75,60,2027-05-08
2027-04-17,wk inc flu hosp,3,04,quantile,0.8,65,2027-05-08
2027-04-17,wk inc flu hosp,3,04,quantile,0.85,70,2027-05-08
2027-04-17,wk inc flu hosp,3,04,quantile,0.9,81,2027-05-08
2027-04-17,wk inc flu hosp,3,04,quantile,0.95,90,2027-05-08
2027-04-17,wk inc flu hosp,3,04,quantile,0.975,99,2027-05-08
2027-04-17,wk inc flu hosp,3,04,quantile,0.99,120,2027-05-08
2027-04-17,wk inc flu hosp,3,05,quantile,0.01,0,2027-05-08
2027-04-17,wk inc flu hosp,3,05,quantile,0.025,0,2027-05-08
2027-04-17,wk inc flu hosp,3,05,quantile,0.05,0,2027-05-08
2027-04-17,wk inc flu hosp,3,05,quantile,0.1,1,2027-05-08
2027-04-17,wk inc flu hosp,3,05,quantile,0.15,1,2027-05-08
2027-04-17,wk inc flu hosp,3,05,quantile,0.2,2,2027-05-08
2027-04-17,wk inc flu hosp,3,05,quantile,0.25,3,2027-05-08
2027-04-17,wk inc flu hosp,3,05,quantile,0.3,4,2027-05-08
2027-04-17,wk inc flu hosp,3,05,quantile,0.35,5,2027-05-08
2027-04-17,wk inc flu hosp,3,05,quantile,0.4,6,2027-05-08
2027-04-17,wk inc flu hosp,3,05,quantile,0.45,6,2027-05-08
2027-04-17,wk inc flu hosp,3,05,quantile,0.5,7,2027-05-08
2027-04-17,wk inc flu hosp,3,05,quantile,0.55,8,2027-05-08
2027-04-17,wk inc flu hosp,3,05,quantile,0.6,8,2027-05-08
2027-04-17,wk inc flu hosp,3,05,quantile,0.65,10,2027-05-08
2027-04-17,wk inc flu hosp,3,05,quantile,0.7,10,2027-05-08
2027-04-17,wk inc flu hosp,3,05,quantile,0.75,11,2027-05-08
2027-04-17,wk inc flu hosp,3,05,quantile,0.8,12,2027-05-08
2027-04-17,wk inc flu hosp,3,05,quantile,0.85,13,2027-05-08
2027-04-17,wk inc flu hosp,3,05,quantile,0.9,14,2027-05-08
2027-04-17,wk inc flu hosp,3,05,quantile,0.95,17,2027-05-08
2027-04-17,wk inc flu hosp,3,05,quantile,0.975,20,2027-05-08
2027-04-17,wk inc flu hosp,3,05,quantile,0.99,21,2027-05-08
2027-04-17,wk inc flu hosp,3,06,quantile,0.01,37,2027-05-08
2027-04-17,wk inc flu hosp,3,06,quantile,0.025,50,2027-05-08
2027-04-17,wk inc flu hosp,3,06,quantile,0.05,65,2027-05-08
2027-04-17,wk inc flu hosp,3,06,quantile,0.1,76,2027-05-08
2027-04-17,wk inc flu hosp,3,06,quantile,0.15,87,2027-05-08
2027-04-17,wk inc flu hosp,3,06,quantile,0.2,97,2027-05-08
2027-04-17,wk inc flu hosp,3,06,quantile,0.25,102,2027-05-08
2027-04-17,wk inc flu hosp,3,06,quantile,0.3,109,2027-05-08
2027-04-17,wk inc flu hosp,3,06,quantile,0.35,113,2027-05-08
2027-04-17,wk inc flu hosp,3,06,quantile,0.4,120,2027-05-08
2027-04-17,wk inc flu hosp,3,06,quantile,0.45,123,2027-05-08
2027-04-17,wk inc flu hosp,3,06,quantile,0.5,126,2027-05-08
2027-04-17,wk inc flu hosp,3,06,quantile,0.55,131,2027-05-08
2027-04-17,wk inc flu hosp,3,06,quantile,0.6,136,2027-05-08
2027-04-17,wk inc flu hosp,3,06,quantile,0.65,139,2027-05-08
2027-04-17,wk inc flu hosp,3,06,quantile,0.7,144,2027-05-08
2027-04-17,wk inc flu hosp,3,06,quantile,0.75,150,2027-05-08
2027-04-17,wk inc flu hosp,3,06,quantile,0.8,158,2027-05-08
2027-04-17,wk inc flu hosp,3,06,quantile,0.85,171,2027-05-08
2027-04-17,wk inc flu hosp,3,06,quantile,0.9,188,2027-05-08
2027-04-17,wk inc flu hosp,3,06,quantile,0.95,209,2027-05-08
2027-04-17,wk inc flu hosp,3,06,quantile,0.975,233,2027-05-08
2027-04-17,wk inc flu hosp,3,06,quantile,0.99,243,2027-05-08
2027-04-17,wk inc flu hosp,3,08,quantile,0.01,5,2027-05-08
2027-04-17,wk inc flu hosp,3,08,quantile,0.025,6,2027-05-08
2027-04-17,wk inc flu hosp,3,08,quantile,0.05,6,2027-05-08
2027-04-17,wk inc flu hosp,3,08,quantile,0.1,7,2027-05-08
2027-04-17,wk inc flu hosp,3,08,quantile,0.15,8,2027-05-08
2027-04-17,wk inc flu hosp,3,08,quantile,0.2,9,2027-05-08
2027-04-17,wk inc flu hosp,3,08,quantile,0.25,10,2027-05-08
2027-04-17,wk inc flu hosp,3,08,quantile,0.3,11,2027-05-08
2027-04-17,wk inc flu hosp,3,08,quantile,0.35,12,2027-05-08
2027-04-17,wk inc flu hosp,3,08,quantile,0.4,13,2027-05-08
2027-04-17,wk inc flu hosp,3,08,quantile,0.45,14,2027-05-08
2027-04-17,wk inc flu hosp,3,08,quantile,0.5,14,2027-05-08
2027-04-17,wk inc flu hosp,3,08,quantile,0.55,15,2027-05-08
2027-04-17,wk inc flu hosp,3,08,quantile,0.6,16,2027-05-08
2027-04-17,wk inc flu hosp,3,08,quantile,0.65,16,2027-05-08
2027-04-17,wk inc flu hosp,3,08,quantile,0.7,17,2027-05-08
2027-04-17,wk inc flu hosp,3,08,quantile,0.75,18,2027-05-08
2027-04-17,wk inc flu hosp,3,08,quantile,0.8,19,2027-05-08
2027-04-17,wk inc flu hosp,3,08,quantile,0.85,20,2027-05-08
2027-04-17,wk inc flu hosp,3,08,quantile,0.9,22,2027-05-08
2027-04-17,wk inc flu hosp,3,08,quantile,0.95,27,2027-05-08
2027-04-17,wk inc flu hosp,3,08,quantile,0.975,30,2027-05-08
2027-04-17,wk inc flu hosp,3,08,quantile,0.99,33,2027-05-08
2027-04-17,wk inc flu hosp,3,09,quantile,0.01,2,2027-05-08
2027-04-17,wk inc flu hosp,3,09,quantile,0.025,3,2027-05-08
2027-04-17,wk inc flu hosp,3,09,quantile,0.05,3,2027-05-08
2027-04-17,wk inc flu hosp,3,09,quantile,0.1,4,2027-05-08
2027-04-17,wk inc flu hosp,3,09,quantile,0.15,5,2027-05-08
2027-04-17,wk inc flu hosp,3,09,quantile,0.2,6,2027-05-08
2027-04-17,wk inc flu hosp,3,09,quantile,0.25,7,2027-05-08
2027-04-17,wk inc flu hosp,3,09,quantile,0.3,7,2027-05-08
2027-04-17,wk inc flu hosp,3,09,quantile,0.35,8,2027-05-08
2027-04-17,wk inc flu hosp,3,09,quantile,0.4,9,2027-05-08
2027-04-17,wk inc flu hosp,3,09,quantile,0.45,10,2027-05-08
2027-04-17,wk inc flu hosp,3,09,quantile,0.5,11,2027-05-08
2027-04-17,wk inc flu hosp,3,09,quantile,0.55,11,2027-05-08
2027-04-17,wk inc flu hosp,3,09,quantile,0.6,12,2027-05-08
2027-04-17,wk inc flu hosp,3,09,quantile,0.65,13,2027-05-08
2027-04-17,wk inc flu hosp,3,09,quantile,0.7,14,2027-05-08
2027-04-17,wk inc flu hosp,3,09,quantile,0.75,14,2027-05-08
2027-04-17,wk inc flu hosp,3,09,quantile,0.8,15,2027-05-08
2027-04-17,wk inc flu hosp,3,09,quantile,0.85,16,2027-05-08
2027-04-17,wk inc flu hosp,3,09,quantile,0.9,18,2027-05-08
2027-04-17,wk inc flu hosp,3,09,quantile,0.95,20,2027-05-08
2027-04-17,wk inc flu hosp,3,09,quantile,0.975,21,2027-05-08
2027-04-17,wk inc flu hosp,3,09,quantile,0.99,27,2027-05-08
2027-04-17,wk inc flu hosp,3,10,quantile,0.01,0,2027-05-08
2027-04-17,wk inc flu hosp,3,10,quantile,0.025,0,2027-05-08
2027-04-17,wk inc flu hosp,3,10,quantile,0.05,0,2027-05-08
2027-04-17,wk inc flu hosp,3,10,quantile,0.1,0,2027-05-08
2027-04-17,wk inc flu hosp,3,10,quantile,0.15,0,2027-05-08
2027-04-17,wk inc flu hosp,3,10,quantile,0.2,0,2027-05-08
2027-04-17,wk inc flu hosp,3,10,quantile,0.25,0,2027-05-08
2027-04-17,wk inc flu hosp,3,10,quantile,0.3,0,2027-05-08
2027-04-17,wk inc flu hosp,3,10,quantile,0.35,0,2027-05-08
2027-04-17,wk inc flu hosp,3,10,quantile,0.4,0,2027-05-08
2027-04-17,wk inc flu hosp,3,10,quantile,0.45,0,2027-05-08
2027-04-17,wk inc flu hosp,3,10,quantile,0.5,0,2027-05-08
2027-04-17,wk inc flu hosp,3,10,quantile,0.55,0,2027-05-08
2027-04-17,wk inc flu hosp,3,10,quantile,0.6,0,2027-05-08
2027-04-17,wk inc flu hosp,3,10,quantile,0.65,0,2027-05-08
2027-04-17,wk inc flu hosp,3,10,quantile,0.7,0,2027-05-08
2027-04-17,wk inc flu hosp,3,10,quantile,0.75,1,2027-05-08
2027-04-17,wk inc flu hosp,3,10,quantile,0.8,1,2027-05-08
2027-04-17,wk inc flu hosp,3,10,quantile,0.85,1,2027-05-08
2027-04-17,wk inc flu hosp,3,10,quantile,0.9,2,2027-05-08
2027-04-17,wk inc flu hosp,3,10,quantile,0.95,4,2027-05-08
2027-04-17,wk inc flu hosp,3,10,quantile,0.975,5,2027-05-08
2027-04-17,wk inc flu hosp,3,10,quantile,0.99,6,2027-05-08
2027-04-17,wk inc flu hosp,3,11,quantile,0.01,0,2027-05-08
2027-04-17,wk inc flu hosp,3,11,quantile,0.025,0,2027-05-08
2027-04-17,wk inc flu hosp,3,11,quantile,0.05,0,2027-05-08
2027-04-17,wk inc flu hosp,3,11,quantile,0.1,0,2027-05-08
2027-04-17,wk inc flu hosp,3,11,quantile,0.15,0,2027-05-08
2027-04-17,wk inc flu hosp,3,11,quantile,0.2,0,2027-05-08
2027-04-17,wk inc flu hosp,3,11,quantile,0.25,0,2027-05-08
2027-04-17,wk inc flu hosp,3,11,quantile,0.3,0,2027-05-08
2027-04-17,wk inc flu hosp,3,11,quantile,0.35,0,2027-05-08
2027-04-17,wk inc flu hosp,3,11,quantile,0.4,0,2027-05-08
2027-04-17,wk inc flu hosp,3,11,quantile,0.45,0,2027-05-08
2027-04-17,wk inc flu hosp,3,11,quantile,0.5,1,2027-05-08
2027-04-17,wk inc flu hosp,3,11,quantile,0.55,1,2027-05-08
2027-04-17,wk inc flu hosp,3,11,quantile,0.6,1,2027-05-08
2027-04-17,wk inc flu hosp,3,11,quantile,0.65,2,2027-05-08
2027-04-17,wk inc flu hosp,3,11,quantile,0.7,3,2027-05-08
2027-04-17,wk inc flu hosp,3,11,quantile,0.75,4,2027-05-08
2027-04-17,wk inc flu hosp,3,11,quantile,0.8,5,2027-05-08
2027-04-17,wk inc flu hosp,3,11,quantile,0.85,7,2027-05-08
2027-04-17,wk inc flu hosp,3,11,quantile,0.9,9,2027-05-08
2027-04-17,wk inc flu hosp,3,11,quantile,0.95,13,2027-05-08
2027-04-17,wk inc flu hosp,3,11,quantile,0.975,14,2027-05-08
2027-04-17,wk inc flu hosp,3,11,quantile,0.99,28,2027-05-08
2027-04-17,wk inc flu hosp,3,12,quantile,0.01,65,2027-05-08
2027-04-17,wk inc flu hosp,3,12,quantile,0.025,69,2027-05-08
2027-04-17,wk inc flu hosp,3,12,quantile,0.05,78,2027-05-08
2027-04-17,wk inc flu hosp,3,12,quantile,0.1,95,2027-05-08
2027-04-17,wk inc flu hosp,3,12,quantile,0.15,100,2027-05-08
2027-04-17,wk inc flu hosp,3,12,quantile,0.2,104,2027-05-08
2027-04-17,wk inc flu hosp,3,12,quantile,0.25,111,2027-05-08
2027-04-17,wk inc flu hosp,3,12,quantile,0.3,114,2027-05-08
2027-04-17,wk inc flu hosp,3,12,quantile,0.35,120,2027-05-08
2027-04-17,wk inc flu hosp,3,12,quantile,0.4,127,2027-05-08
2027-04-17,wk inc flu hosp,3,12,quantile,0.45,133,2027-05-08
2027-04-17,wk inc flu hosp,3,12,quantile,0.5,136,2027-05-08
2027-04-17,wk inc flu hosp,3,12,quantile,0.55,141,2027-05-08
2027-04-17,wk inc flu hosp,3,12,quantile,0.6,145,2027-05-08
2027-04-17,wk inc flu hosp,3,12,quantile,0.65,154,2027-05-08
2027-04-17,wk inc flu hosp,3,12,quantile,0.7,160,2027-05-08
2027-04-17,wk inc flu hosp,3,12,quantile,0.75,163,2027-05-08
2027-04-17,wk inc flu hosp,3,12,quantile,0.8,174,2027-05-08
2027-04-17,wk inc flu hosp,3,12,quantile,0.85,185,2027-05-08
2027-04-17,wk inc flu hosp,3,12,quantile,0.9,199,2027-05-08
2027-04-17,wk inc flu hosp,3,12,quantile,0.95,215,2027-05-08
2027-04-17,wk inc flu hosp,3,12,quantile,0.975,227,2027-05-08
2027-04-17,wk inc flu hosp,3,12,quantile,0.99,247,2027-05-08
2027-04-17,wk inc flu hosp,3,13,quantile,0.01,3,2027-05-08
2027-04-17,wk inc flu hosp,3,13,quantile,0.025,7,2027-05-08
2027-04-17,wk inc flu hosp,3,13,quantile,0.05,8,2027-05-08
2027-04-17,wk inc flu hosp,3,13,quantile,0.1,9,2027-05-08
2027-04-17,wk inc flu hosp,3,13,quantile,0.15,10,2027-05-08
2027-04-17,wk inc flu hosp,3,13,quantile,0.2,12,2027-05-08
2027-04-17,wk inc flu hosp,3,13,quantile,0.25,13,2027-05-08
2027-04-17,wk inc flu hosp,3,13,quantile,0.3,14,2027-05-08
2027-04-17,wk inc flu hosp,3,13,quantile,0.35,15,2027-05-08
2027-04-17,wk inc flu hosp,3,13,quantile,0.4,16,2027-05-08
2027-04-17,wk inc flu hosp,3,13,quantile,0.45,17,2027-05-08
2027-04-17,wk inc flu hosp,3,13,quantile,0.5,18,2027-05-08
2027-04-17,wk inc flu hosp,3,13,quantile,0.55,19,2027-05-08
2027-04-17,wk inc flu hosp,3,13,quantile,0.6,20,2027-05-08
2027-04-17,wk inc flu hosp,3,13,quantile,0.65,21,2027-05-08
2027-04-17,wk inc flu hosp,3,13,quantile,0.7,22,2027-05-08
2027-04-17,wk inc flu hosp,3,13,quantile,0.75,23,2027-05-08
2027-04-17,wk inc flu hosp,3,13,quantile,0.8,26,2027-05-08
2027-04-17,wk inc flu hosp,3,13,quantile,0.85,28,2027-05-08
2027-04-17,wk inc flu hosp,3,13,quantile,0.9,30,2027-05-08
2027-04-17,wk inc flu hosp,3,13,quantile,0.95,34,2027-05-08
2027-04-17,wk inc flu hosp,3,13,quantile,0.975,38,2027-05-08
2027-04-17,wk inc flu hosp,3,13,quantile,0.99,46,2027-05-08
2027-04-17,wk inc flu hosp,3,15,quantile,0.01,0,2027-05-08
2027-04-17,wk inc flu hosp,3,15,quantile,0.025,0,2027-05-08
2027-04-17,wk inc flu hosp,3,15,quantile,0.05,1,2027-05-08
2027-04-17,wk inc flu hosp,3,15,quantile,0.1,4,2027-05-08
2027-04-17,wk inc flu hosp,3,15,quantile,0.15,5,2027-05-08
2027-04-17,wk inc flu hosp,3,15,quantile,0.2,6,2027-05-08
2027-04-17,wk inc flu hosp,3,15,quantile,0.25,7,2027-05-08
2027-04-17,wk inc flu hosp,3,15,quantile,0.3,8,2027-05-08
2027-04-17,wk inc flu hosp,3,15,quantile,0.35,9,2027-05-08
2027-04-17,wk inc flu hosp,3,15,quantile,0.4,9,2027-05-08
2027-04-17,wk inc flu hosp,3,15,quantile,0.45,10,2027-05-08
2027-04-17,wk inc flu hosp,3,15,quantile,0.5,10,2027-05-08
2027-04-17,wk inc flu hosp,3,15,quantile,0.55,11,2027-05-08
2027-04-17,wk inc flu hosp,3,15,quantile,0.6,12,2027-05-08
2027-04-17,wk inc flu hosp,3,15,quantile,0.65,13,2027-05-08
2027-04-17,wk inc flu hosp,3,15,quantile,0.7,14,2027-05-08
2027-04-17,wk inc flu hosp,3,15,quantile,0.75,16,2027-05-08
2027-04-17,wk inc flu hosp,3,15,quantile,0.8,17,2027-05-08
2027-04-17,wk inc flu hosp,3,15,quantile,0.85,19,2027-05-08
2027-04-17,wk inc flu hosp,3,15,quantile,0.9,21,2027-05-08
2027-04-17,wk inc flu hosp,3,15,quantile,0.95,24,2027-05-08
2027-04-17,wk inc flu hosp,3,15,quantile,0.975,29,2027-05-08
2027-04-17,wk inc flu hosp,3,15,quantile,0.99,33,2027-05-08
2027-04-17,wk inc flu hosp,3,16,quantile,0.01,0,2027-05-08
2027-04-17,wk inc flu hosp,3,16,quantile,0.025,0,2027-05-08
2027-04-17,wk inc flu hosp,3,16,quantile,0.05,0,2027-05-08
2027-04-17,wk inc flu hosp,3,16,quantile,0.1,0,2027-05-08
2027-04-17,wk inc flu hosp,3,16,quantile,0.15,0,2027-05-08
2027-04-17,wk inc flu hosp,3,16,quantile,0.2,0,2027-05-08
2027-04-17,wk inc flu hosp,3,16,quantile,0.25,0,2027-05-08
2027-04-17,wk inc flu hosp,3,16,quantile,0.3,0,2027-05-08
2027-04-17,wk inc flu hosp,3,16,quantile,0.35,0,2027-05-08
2027-04-17,wk inc flu hosp,3,16,quantile,0.4,1,2027-05-08
2027-04-17,wk inc flu hosp,3,16,quantile,0.45,1,2027-05-08
2027-04-17,wk inc flu hosp,3,16,quantile,0.5,1,2027-05-08
2027-04-17,wk inc flu hosp,3,16,quantile,0.55,2,2027-05-08
2027-04-17,wk inc flu hosp,3,16,quantile,0.6,2,2027-05-08
2027-04-17,wk inc flu hosp,3,16,quantile,0.65,2,2027-05-08
2027-04-17,wk inc flu hosp,3,16,quantile,0.7,3,2027-05-08
2027-04-17,wk inc flu hosp,3,16,quantile,0.75,3,2027-05-08
2027-04-17,wk inc flu hosp,3,16,quantile,0.8,4,2027-05-08
2027-04-17,wk inc flu hosp,3,16,quantile,0.85,5,2027-05-08
2027-04-17,wk inc flu hosp,3,16,quantile,0.9,7,2027-05-08
2027-04-17,wk inc flu hosp,3,16,quantile,0.95,8,2027-05-08
2027-04-17,wk inc flu hosp,3,16,quantile,0.975,9,2027-05-08
2027-04-17,wk inc flu hosp,3,16,quantile,0.99,11,2027-05-08
2027-04-17,wk inc flu hosp,3,17,quantile,0.01,17,2027-05-08
2027-04-17,wk inc flu hosp,3,17,quantile,0.025,18,2027-05-08
2027-04-17,wk inc flu hosp,3,17,quantile,0.05,19,2027-05-08
2027-04-17,wk inc flu hosp,3,17,quantile,0.1,21,2027-05-08
2027-04-17,wk inc flu hosp,3,17,quantile,0.15,24,2027-05-08
2027-04-17,wk inc flu hosp,3,17,quantile,0.2,25,2027-05-08
2027-04-17,wk inc flu hosp,3,17,quantile,0.25,27,2027-05-08
2027-04-17,wk inc flu hosp,3,17,quantile,0.3,29,2027-05-08
2027-04-17,wk inc flu hosp,3,17,quantile,0.35,30,2027-05-08
2027-04-17,wk inc flu hosp,3,17,quantile,0.4,31,2027-05-08
2027-04-17,wk inc flu hosp,3,17,quantile,0.45,32,2027-05-08
2027-04-17,wk inc flu hosp,3,17,quantile,0.5,33,2027-05-08
2027-04-17,wk inc flu hosp,3,17,quantile,0.55,34,2027-05-08
2027-04-17,wk inc flu hosp,3,17,quantile,0.6,35,2027-05-08
2027-04-17,wk inc flu hosp,3,17,quantile,0.65,37,2027-05-08
2027-04-17,wk inc flu hosp,3,17,quantile,0.7,38,2027-05-08
2027-04-17,wk inc flu hosp,3,17,quantile,0.75,40,2027-05-08
2027-04-17,wk inc flu hosp,3,17,quantile,0.8,42,2027-05-08
2027-04-17,wk inc flu hosp,3,17,quantile,0.85,44,2027-05-08
2027-04-17,wk inc flu hosp,3,17,quantile,0.9,48,2027-05-08
2027-04-17,wk inc flu hosp,3,17,quantile,0.95,53,2027-05-08
2027-04-17,wk inc flu hosp,3,17,quantile,0.975,55,2027-05-08
2027-04-17,wk inc flu hosp,3,17,quantile,0.99,58,2027-05-08
2027-04-17,wk inc flu hosp,3,18,quantile,0.01,4,2027-05-08
2027-04-17,wk inc flu hosp,3,18,quantile,0.025,5,2027-05-08
2027-04-17,wk inc flu hosp,3,18,quantile,0.05,6,2027-05-08
2027-04-17,wk inc flu hosp,3,18,quantile,0.1,7,2027-05-08
2027-04-17,wk inc flu hosp,3,18,quantile,0.15,8,2027-05-08
2027-04-17,wk inc flu hosp,3,18,quantile,0.2,9,2027-05-08
2027-04-17,wk inc flu hosp,3,18,quantile,0.25,10,2027-05-08
2027-04-17,wk inc flu hosp,3,18,quantile,0.3,11,2027-05-08
2027-04-17,wk inc flu hosp,3,18,quantile,0.35,11,2027-05-08
2027-04-17,wk inc flu hosp,3,18,quantile,0.4,13,2027-05-08
2027-04-17,wk inc flu hosp,3,18,quantile,0.45,13,2027-05-08
2027-04-17,wk inc flu hosp,3,18,quantile,0.5,14,2027-05-08
2027-04-17,wk inc flu hosp,3,18,quantile,0.55,14,2027-05-08
2027-04-17,wk inc flu hosp,3,18,quantile,0.6,15,2027-05-08
2027-04-17,wk inc flu hosp,3,18,quantile,0.65,16,2027-05-08
2027-04-17,wk inc flu hosp,3,18,quantile,0.7,17,2027-05-08
2027-04-17,wk inc flu hosp,3,18,quantile,0.75,18,2027-05-08
2027-04-17,wk inc flu hosp,3,18,quantile,0.8,18,2027-05-08
2027-04-17,wk inc flu hosp,3,18,quantile,0.85,22,2027-05-08
2027-04-17,wk inc flu hosp,3,18,quantile,0.9,24,2027-05-08
2027-04-17,wk inc flu hosp,3,18,quantile,0.95,28,2027-05-08
2027-04-17,wk inc flu hosp,3,18,quantile,0.975,30,2027-05-08
2027-04-17,wk inc flu hosp,3,18,quantile,0.99,35,2027-05-08
2027-04-17,wk inc flu hosp,3,19,quantile,0.01,0,2027-05-08
2027-04-17,wk inc flu hosp,3,19,quantile,0.025,0,2027-05-08
2027-04-17,wk inc flu hosp,3,19,quantile,0.05,0,2027-05-08
2027-04-17,wk inc flu hosp,3,19,quantile,0.1,0,2027-05-08
2027-04-17,wk inc flu hosp,3,19,quantile,0.15,0,2027-05-08
2027-04-17,wk inc flu hosp,3,19,quantile,0.2,1,2027-05-08
2027-04-17,wk inc flu hosp,3,19,quantile,0.25,1,2027-05-08
2027-04-17,wk inc flu hosp,3,19,quantile,0.3,1,2027-05-08
2027-04-17,wk inc flu hosp,3,19,quantile,0.35,2,2027-05-08
2027-04-17,wk inc flu hosp,3,19,quantile,0.4,2,2027-05-08
2027-04-17,wk inc flu hosp,3,19,quantile,0.45,2,2027-05-08
2027-04-17,wk inc flu hosp,3,19,quantile,0.5,3,2027-05-08
2027-04-17,wk inc flu hosp,3,19,quantile,0.55,3,2027-05-08
2027-04-17,wk inc flu hosp,3,19,quantile,0.6,4,2027-05-08
2027-04-17,wk inc flu hosp,3,19,quantile,0.65,4,2027-05-08
2027-04-17,wk inc flu hosp,3,19,quantile,0.7,4,2027-05-08
2027-04-17,wk inc flu hosp,3,19,quantile,0.75,5,2027-05-08
2027-04-17,wk inc flu hosp,3,19,quantile,0.8,6,2027-05-08
2027-04-17,wk inc flu hosp,3,19,quantile,0.85,7,2027-05-08
2027-04-17,wk inc flu hosp,3,19,quantile,0.9,9,2027-05-08
2027-04-17,wk inc flu hosp,3,19,quantile,0.95,11,2027-05-08
2027-04-17,wk inc flu hosp,3,19,quantile,0.975,11,2027-05-08
2027-04-17,wk inc flu hosp,3,19,quantile,0.99,13,2027-05-08
2027-04-17,wk inc flu hosp,3,20,quantile,0.01,0,2027-05-08
2027-04-17,wk inc flu hosp,3,20,quantile,0.025,0,2027-05-08
2027-04-17,wk inc flu hosp,3,20,quantile,0.05,0,2027-05-08
2027-04-17,wk inc flu hosp,3,20,quantile,0.1,0,2027-05-08
2027-04-17,wk inc flu hosp,3,20,quantile,0.15,1,2027-05-08
2027-04-17,wk inc flu hosp,3,20,quantile,0.2,2,2027-05-08
2027-04-17,wk inc flu hosp,3,20,quantile,0.25,2,2027-05-08
2027-04-17,wk inc flu hosp,3,20,quantile,0.3,2,2027-05-08
2027-04-17,wk inc flu hosp,3,20,quantile,0.35,3,2027-05-08
2027-04-17,wk inc flu hosp,3,20,quantile,0.4,4,2027-05-08
2027-04-17,wk inc flu hosp,3,20,quantile,0.45,4,2027-05-08
2027-04-17,wk inc flu hosp,3,20,quantile,0.5,5,2027-05-08
2027-04-17,wk inc flu hosp,3,20,quantile,0.55,5,2027-05-08
2027-04-17,wk inc flu hosp,3,20,quantile,0.6,6,2027-05-08
2027-04-17,wk inc flu hosp,3,20,quantile,0.65,7,2027-05-08
2027-04-17,wk inc flu hosp,3,20,quantile,0.7,8,2027-05-08
2027-04-17,wk inc flu hosp,3,20,quantile,0.75,8,2027-05-08
2027-04-17,wk inc flu hosp,3,20,quantile,0.8,9,2027-05-08
2027-04-17,wk inc flu hosp,3,20,quantile,0.85,10,2027-05-08
2027-04-17,wk inc flu hosp,3,20,quantile,0.9,11,2027-05-08
2027-04-17,wk inc flu hosp,3,20,quantile,0.95,13,2027-05-08
2027-04-17,wk inc flu hosp,3,20,quantile,0.975,14,2027-05-08
2027-04-17,wk inc flu hosp,3,20,quantile,0.99,16,2027-05-08
2027-04-17,wk inc flu hosp,3,21,quantile,0.01,3,2027-05-08
2027-04-17,wk inc flu hosp,3,21,quantile,0.025,3,2027-05-08
2027-04-17,wk inc flu hosp,3,21,quantile,0.05,4,2027-05-08
2027-04-17,wk inc flu hosp,3,21,quantile,0.1,5,2027-05-08
2027-04-17,wk inc flu hosp,3,21,quantile,0.15,6,2027-05-08
2027-04-17,wk inc flu hosp,3,21,quantile,0.2,7,2027-05-08
2027-04-17,wk inc flu hosp,3,21,quantile,0.25,8,2027-05-08
2027-04-17,wk inc flu hosp,3,21,quantile,0.3,9,2027-05-08
2027-04-17,wk inc flu hosp,3,21,quantile,0.35,10,2027-05-08
2027-04-17,wk inc flu hosp,3,21,quantile,0.4,10,2027-05-08
2027-04-17,wk inc flu hosp,3,21,quantile,0.45,11,2027-05-08
2027-04-17,wk inc flu hosp,3,21,quantile,0.5,11,2027-05-08
2027-04-17,wk inc flu hosp,3,21,quantile,0.55,12,2027-05-08
2027-04-17,wk inc flu hosp,3,21,quantile,0.6,12,2027-05-08
2027-04-17,wk inc flu hosp,3,21,quantile,0.65,13,2027-05-08
2027-04-17,wk inc flu hosp,3,21,quantile,0.7,14,2027-05-08
2027-04-17,wk inc flu hosp,3,21,quantile,0.75,14,2027-05-08
2027-04-17,wk inc flu hosp,3,21,quantile,0.8,16,2027-05-08
2027-04-17,wk inc flu hosp,3,21,quantile,0.85,18,2027-05-08
2027-04-17,wk inc flu hosp,3,21,quantile,0.9,20,2027-05-08
2027-04-17,wk inc flu hosp,3,21,quantile,0.95,23,2027-05-08
2027-04-17,wk inc flu hosp,3,21,quantile,0.975,24,2027-05-08
2027-04-17,wk inc flu hosp,3,21,quantile,0.99,25,2027-05-08
2027-04-17,wk inc flu hosp,3,22,quantile,0.01,4,2027-05-08
2027-04-17,wk inc flu hosp,3,22,quantile,0.025,4,2027-05-08
2027-04-17,wk inc flu hosp,3,22,quantile,0.05,6,2027-05-08
2027-04-17,wk inc flu hosp,3,22,quantile,0.1,8,2027-05-08
2027-04-17,wk inc flu hosp,3,22,quantile,0.15,9,2027-05-08
2027-04-17,wk inc flu hosp,3,22,quantile,0.2,10,2027-05-08
2027-04-17,wk inc flu hosp,3,22,quantile,0.25,11,2027-05-08
2027-04-17,wk inc flu hosp,3,22,quantile,0.3,12,2027-05-08
2027-04-17,wk inc flu hosp,3,22,quantile,0.35,13,2027-05-08
2027-04-17,wk inc flu hosp,3,22,quantile,0.4,14,2027-05-08
2027-04-17,wk inc flu hosp,3,22,quantile,0.45,15,2027-05-08
2027-04-17,wk inc flu hosp,3,22,quantile,0.5,16,2027-05-08
2027-04-17,wk inc flu hosp,3,22,quantile,0.55,17,2027-05-08
2027-04-17,wk inc flu hosp,3,22,quantile,0.6,17,2027-05-08
2027-04-17,wk inc flu hosp,3,22,quantile,0.65,18,2027-05-08
2027-04-17,wk inc flu hosp,3,22,quantile,0.7,19,2027-05-08
2027-04-17,wk inc flu hosp,3,22,quantile,0.75,22,2027-05-08
2027-04-17,wk inc flu hosp,3,22,quantile,0.8,23,2027-05-08
2027-04-17,wk inc flu hosp,3,22,quantile,0.85,25,2027-05-08
2027-04-17,wk inc flu hosp,3,22,quantile,0.9,28,2027-05-08
2027-04-17,wk inc flu hosp,3,22,quantile,0.95,30,2027-05-08
2027-04-17,wk inc flu hosp,3,22,quantile,0.975,33,2027-05-08
2027-04-17,wk inc flu hosp,3,22,quantile,0.99,37,2027-05-08
2027-04-17,wk inc flu hosp,3,23,quantile,0.01,0,2027-05-08
2027-04-17,wk inc flu hosp,3,23,quantile,0.025,0,2027-05-08
2027-04-17,wk inc flu hosp,3,23,quantile,0.05,0,2027-05-08
2027-04-17,wk inc flu hosp,3,23,quantile,0.1,0,2027-05-08
2027-04-17,wk inc flu hosp,3,23,quantile,0.15,0,2027-05-08
2027-04-17,wk inc flu hosp,3,23,quantile,0.2,0,2027-05-08
2027-04-17,wk inc flu hosp,3,23,quantile,0.25,1,2027-05-08
2027-04-17,wk inc flu hosp,3,23,quantile,0.3,1,2027-05-08
2027-04-17,wk inc flu hosp,3,23,quantile,0.35,1,2027-05-08
2027-04-17,wk inc flu hosp,3,23,quantile,0.4,2,2027-05-08
2027-04-17,wk inc flu hosp,3,23,quantile,0.45,2,2027-05-08
2027-04-17,wk inc flu hosp,3,23,quantile,0.5,2,2027-05-08
2027-04-17,wk inc flu hosp,3,23,quantile,0.55,3,2027-05-08
2027-04-17,wk inc flu hosp,3,23,quantile,0.6,3,2027-05-08
2027-04-17,wk inc flu hosp,3,23,quantile,0.65,4,2027-05-08
2027-04-17,wk inc flu hosp,3,23,quantile,0.7,5,2027-05-08
2027-04-17,wk inc flu hosp,3,23,quantile,0.75,5,2027-05-08
2027-04-17,wk inc flu hosp,3,23,quantile,0.8,6,2027-05-08
2027-04-17,wk inc flu hosp,3,23,quantile,0.85,7,2027-05-08
2027-04-17,wk inc flu hosp,3,23,quantile,0.9,8,2027-05-08
2027-04-17,wk inc flu hosp,3,23,quantile,0.95,11,2027-05-08
2027-04-17,wk inc flu hosp,3,23,quantile,0.975,14,2027-05-08
2027-04-17,wk inc flu hosp,3,23,quantile,0.99,15,2027-05-08
2027-04-17,wk inc flu hosp,3,24,quantile,0.01,3,2027-05-08
2027-04-17,wk inc flu hosp,3,24,quantile,0.025,3,2027-05-08
2027-04-17,wk inc flu hosp,3,24,quantile,0.05,4,2027-05-08
2027-04-17,wk inc flu hosp,3,24,quantile,0.1,5,2027-05-08
2027-04-17,wk inc flu hosp,3,24,quantile,0.15,7,2027-05-08
2027-04-17,wk inc flu hosp,3,24,quantile,0.2,7,2027-05-08
2027-04-17,wk inc flu hosp,3,24,quantile,0.25,8,2027-05-08
2027-04-17,wk inc flu hosp,3,24,quantile,0.3,9,2027-05-08
2027-04-17,wk inc flu hosp,3,24,quantile,0.35,10,2027-05-08
2027-04-17,wk inc flu hosp,3,24,quantile,0.4,11,2027-05-08
2027-04-17,wk inc flu hosp,3,24,quantile,0.45,12,2027-05-08
2027-04-17,wk inc flu hosp,3,24,quantile,0.5,12,2027-05-08
2027-04-17,wk inc flu hosp,3,24,quantile,0.55,13,2027-05-08
2027-04-17,wk inc flu hosp,3,24,quantile,0.6,14,2027-05-08
2027-04-17,wk inc flu hosp,3,24,quantile,0.65,15,2027-05-08
2027-04-17,wk inc flu hosp,3,24,quantile,0.7,16,2027-05-08
2027-04-17,wk inc flu hosp,3,24,quantile,0.75,17,2027-05-08
2027-04-17,wk inc flu hosp,3,24,quantile,0.8,18,2027-05-08
2027-04-17,wk inc flu hosp,3,24,quantile,0.85,19,2027-05-08
2027-04-17,wk inc flu hosp,3,24,quantile,0.9,22,2027-05-08
2027-04-17,wk inc flu hosp,3,24,quantile,0.95,25,2027-05-08
2027-04-17,wk inc flu hosp,3,24,quantile,0.975,29,2027-05-08
2027-04-17,wk inc flu hosp,3,24,quantile,0.99,31,2027-05-08
2027-04-17,wk inc flu hosp,3,25,quantile,0.01,6,2027-05-08
2027-04-17,wk inc flu hosp,3,25,quantile,0.025,7,2027-05-08
2027-04-17,wk inc flu hosp,3,25,quantile,0.05,9,2027-05-08
2027-04-17,wk inc flu hosp,3,25,quantile,0.1,10,2027-05-08
2027-04-17,wk inc flu hosp,3,25,quantile,0.15,12,2027-05-08
2027-04-17,wk inc flu hosp,3,25,quantile,0.2,12,2027-05-08
2027-04-17,wk inc flu hosp,3,25,quantile,0.25,13,2027-05-08
2027-04-17,wk inc flu hosp,3,25,quantile,0.3,14,2027-05-08
2027-04-17,wk inc flu hosp,3,25,quantile,0.35,15,2027-05-08
2027-04-17,wk inc flu hosp,3,25,quantile,0.4,16,2027-05-08
2027-04-17,wk inc flu hosp,3,25,quantile,0.45,17,2027-05-08
2027-04-17,wk inc flu hosp,3,25,quantile,0.5,19,2027-05-08
2027-04-17,wk inc flu hosp,3,25,quantile,0.55,20,2027-05-08
2027-04-17,wk inc flu hosp,3,25,quantile,0.6,21,2027-05-08
2027-04-17,wk inc flu hosp,3,25,quantile,0.65,23,2027-05-08
2027-04-17,wk inc flu hosp,3,25,quantile,0.7,23,2027-05-08
2027-04-17,wk inc flu hosp,3,25,quantile,0.75,25,2027-05-08
2027-04-17,wk inc flu hosp,3,25,quantile,0.8,25,2027-05-08
2027-04-17,wk inc flu hosp,3,25,quantile,0.85,28,2027-05-08
2027-04-17,wk inc flu hosp,3,25,quantile,0.9,30,2027-05-08
2027-04-17,wk inc flu hosp,3,25,quantile,0.95,34,2027-05-08
2027-04-17,wk inc flu hosp,3,25,quantile,0.975,39,2027-05-08
2027-04-17,wk inc flu hosp,3,25,quantile,0.99,39,2027-05-08
2027-04-17,wk inc flu hosp,3,26,quantile,0.01,13,2027-05-08
2027-04-17,wk inc flu hosp,3,26,quantile,0.025,15,2027-05-08
2027-04-17,wk inc flu hosp,3,26,quantile,0.05,16,2027-05-08
2027-04-17,wk inc flu hosp,3,26,quantile,0.1,18,2027-05-08
2027-04-17,wk inc flu hosp,3,26,quantile,0.15,20,2027-05-08
2027-04-17,wk inc flu hosp,3,26,quantile,0.2,23,2027-05-08
2027-04-17,wk inc flu hosp,3,26,quantile,0.25,24,2027-05-08
2027-04-17,wk inc flu hosp,3,26,quantile,0.3,25,2027-05-08
2027-04-17,wk inc flu hosp,3,26,quantile,0.35,26,2027-05-08
2027-04-17,wk inc flu hosp,3,26,quantile,0.4,27,2027-05-08
2027-04-17,wk inc flu hosp,3,26,quantile,0.45,28,2027-05-08
2027-04-17,wk inc flu hosp,3,26,quantile,0.5,30,2027-05-08
2027-04-17,wk inc flu hosp,3,26,quantile,0.55,31,2027-05-08
2027-04-17,wk inc flu hosp,3,26,quantile,0.6,33,2027-05-08
2027-04-17,wk inc flu hosp,3,26,quantile,0.65,35,2027-05-08
2027-04-17,wk inc flu hosp,3,26,quantile,0.7,36,2027-05-08
2027-04-17,wk inc flu hosp,3,26,quantile,0.75,38,2027-05-08
2027-04-17,wk inc flu hosp,3,26,quantile,0.8,40,2027-05-08
2027-04-17,wk inc flu hosp,3,26,quantile,0.85,42,2027-05-08
2027-04-17,wk inc flu hosp,3,26,quantile,0.9,45,2027-05-08
2027-04-17,wk inc flu hosp,3,26,quantile,0.95,49,2027-05-08
2027-04-17,wk inc flu hosp,3,26,quantile,0.975,50,2027-05-08
2027-04-17,wk inc flu hosp,3,26,quantile,0.99,56,2027-05-08
2027-04-17,wk inc flu hosp,3,27,quantile,0.01,0,2027-05-08
2027-04-17,wk inc flu hosp,3,27,quantile,0.025,0,2027-05-08
2027-04-17,wk inc flu hosp,3,27,quantile,0.05,1,2027-05-08
2027-04-17,wk inc flu hosp,3,27,quantile,0.1,4,2027-05-08
2027-04-17,wk inc flu hosp,3,27,quantile,0.15,5,2027-05-08
2027-04-17,wk inc flu hosp,3,27,quantile,0.2,5,2027-05-08
2027-04-17,wk inc flu hosp,3,27,quantile,0.25,6,2027-05-08
2027-04-17,wk inc flu hosp,3,27,quantile,0.3,7,2027-05-08
2027-04-17,wk inc flu hosp,3,27,quantile,0.35,7,2027-05-08
2027-04-17,wk inc flu hosp,3,27,quantile,0.4,8,2027-05-08
2027-04-17,wk inc flu hosp,3,27,quantile,0.45,9,2027-05-08
2027-04-17,wk inc flu hosp,3,27,quantile,0.5,9,2027-05-08
2027-04-17,wk inc flu hosp,3,27,quantile,0.55,10,2027-05-08
2027-04-17,wk inc flu hosp,3,27,quantile,0.6,11,2027-05-08
2027-04-17,wk inc flu hosp,3,27,quantile,0.65,12,2027-05-08
2027-04-17,wk inc flu hosp,3,27,quantile,0.7,13,2027-05-08
2027-04-17,wk inc flu hosp,3,27,quantile,0.75,14,2027-05-08
2027-04-17,wk inc flu hosp,3,27,quantile,0.8,15,2027-05-08
2027-04-17,wk inc flu hosp,3,27,quantile,0.85,16,2027-05-08
2027-04-17,wk inc flu hosp,3,27,quantile,0.9,18,2027-05-08
2027-04-17,wk inc flu hosp,3,27,quantile,0.95,20,2027-05-08
2027-04-17,wk inc flu hosp,3,27,quantile,0.975,22,2027-05-08
2027-04-17,wk inc flu hosp,3,27,quantile,0.99,23,2027-05-08
2027-04-17,wk inc flu hosp,3,28,quantile,0.01,4,2027-05-08
2027-04-17,wk inc flu hosp,3,28,quantile,0.025,5,2027-05-08
2027-04-17,wk inc flu hosp,3,28,quantile,0.05,5,2027-05-08
2027-04-17,wk inc flu hosp,3,28,quantile,0.1,7,2027-05-08
2027-04-17,wk inc flu hosp,3,28,quantile,0.15,9,2027-05-08
2027-04-17,wk inc flu hosp,3,28,quantile,0.2,9,2027-05-08
2027-04-17,wk inc flu hosp,3,28,quantile,0.25,10,2027-05-08
2027-04-17,wk inc flu hosp,3,28,quantile,0.3,11,2027-05-08
2027-04-17,wk inc flu hosp,3,28,quantile,0.35,12,2027-05-08
2027-04-17,wk inc flu hosp,3,28,quantile,0.4,12,2027-05-08
2027-04-17,wk inc flu hosp,3,28,quantile,0.45,14,2027-05-08
2027-04-17,wk inc flu hosp,3,28,quantile,0.5,15,2027-05-08
2027-04-17,wk inc flu hosp,3,28,quantile,0.55,16,2027-05-08
2027-04-17,wk inc flu hosp,3,28,quantile,0.6,17,2027-05-08
2027-04-17,wk inc flu hosp,3,28,quantile,0.65,18,2027-05-08
2027-04-17,wk inc flu hosp,3,28,quantile,0.7,20,2027-05-08
2027-04-17,wk inc flu hosp,3,28,quantile,0.75,22,2027-05-08
2027-04-17,wk inc flu hosp,3,28,quantile,0.8,23,2027-05-08
2027-04-17,wk inc flu hosp,3,28,quantile,0.85,24,2027-05-08
2027-04-17,wk inc flu hosp,3,28,quantile,0.9,26,2027-05-08
2027-04-17,wk inc flu hosp,3,28,quantile,0.95,31,2027-05-08
2027-04-17,wk inc flu hosp,3,28,quantile,0.975,34,2027-05-08
2027-04-17,wk inc flu hosp,3,28,quantile,0.99,34,2027-05-08
2027-04-17,wk inc flu hosp,3,29,quantile,0.01,6,2027-05-08
2027-04-17,wk inc flu hosp,3,29,quantile,0.025,7,2027-05-08
2027-04-17,wk inc flu hosp,3,29,quantile,0.05,8,2027-05-08
2027-04-17,wk inc flu hosp,3,29,quantile,0.1,9,2027-05-08
2027-04-17,wk inc flu hosp,3,29,quantile,0.15,11,2027-05-08
2027-04-17,wk inc flu hosp,3,29,quantile,0.2,12,2027-05-08
2027-04-17,wk inc flu hosp,3,29,quantile,0.25,13,2027-05-08
2027-04-17,wk inc flu hosp,3,29,quantile,0.3,14,2027-05-08
2027-04-17,wk inc flu hosp,3,29,quantile,0.35,15,2027-05-08
2027-04-17,wk inc flu hosp,3,29,quantile,0.4,16,2027-05-08
2027-04-17,wk inc flu hosp,3,29,quantile,0.45,16,2027-05-08
2027-04-17,wk inc flu hosp,3,29,quantile,0.5,17,2027-05-08
2027-04-17,wk inc flu hosp,3,29,quantile,0.55,18,2027-05-08
2027-04-17,wk inc flu hosp,3,29,quantile,0.6,19,2027-05-08
2027-04-17,wk inc flu hosp,3,29,quantile,0.65,20,2027-05-08
2027-04-17,wk inc flu hosp,3,29,quantile,0.7,21,2027-05-08
2027-04-17,wk inc flu hosp,3,29,quantile,0.75,22,2027-05-08
2027-04-17,wk inc flu hosp,3,29,quantile,0.8,23,2027-05-08
2027-04-17,wk inc flu hosp,3,29,quantile,0.85,24,2027-05-08
2027-04-17,wk inc flu hosp,3,29,quantile,0.9,27,2027-05-08
2027-04-17,wk inc flu hosp,3,29,quantile,0.95,33,2027-05-08
2027-04-17,wk inc flu hosp,3,29,quantile,0.975,36,2027-05-08
2027-04-17,wk inc flu hosp,3,29,quantile,0.99,49,2027-05-08
2027-04-17,wk inc flu hosp,3,30,quantile,0.01,0,2027-05-08
2027-04-17,wk inc flu hosp,3,30,quantile,0.025,0,2027-05-08
2027-04-17,wk inc flu hosp,3,30,quantile,0.05,0,2027-05-08
2027-04-17,wk inc flu hosp,3,30,quantile,0.1,0,2027-05-08
2027-04-17,wk inc flu hosp,3,30,quantile,0.15,0,2027-05-08
2027-04-17,wk inc flu hosp,3,30,quantile,0.2,0,2027-05-08
2027-04-17,wk inc flu hosp,3,30,quantile,0.25,0,2027-05-08
2027-04-17,wk inc flu hosp,3,30,quantile,0.3,0,2027-05-08
2027-04-17,wk inc flu hosp,3,30,quantile,0.35,0,2027-05-08
2027-04-17,wk inc flu hosp,3,30,quantile,0.4,0,2027-05-08
2027-04-17,wk inc flu hosp,3,30,quantile,0.45,1,2027-05-08
2027-04-17,wk inc flu hosp,3,30,quantile,0.5,1,2027-05-08
2027-04-17,wk inc flu hosp,3,30,quantile,0.55,1,2027-05-08
2027-04-17,wk inc flu hosp,3,30,quantile,0.6,1,2027-05-08
2027-04-17,wk inc flu hosp,3,30,quantile,0.65,2,2027-05-08
2027-04-17,wk inc flu hosp,3,30,quantile,0.7,3,2027-05-08
2027-04-17,wk inc flu hosp,3,30,quantile,0.75,4,2027-05-08
2027-04-17,wk inc flu hosp,3,30,quantile,0.8,5,2027-05-08
2027-04-17,wk inc flu hosp,3,30,quantile,0.85,6,2027-05-08
2027-04-17,wk inc flu hosp,3,30,quantile,0.9,7,2027-05-08
2027-04-17,wk inc flu hosp,3,30,quantile,0.95,12,2027-05-08
2027-04-17,wk inc flu hosp,3,30,quantile,0.975,13,2027-05-08
2027-04-17,wk inc flu hosp,3,30,quantile,0.99,14,2027-05-08
2027-04-17,wk inc flu hosp,3,31,quantile,0.01,0,2027-05-08
2027-04-17,wk inc flu hosp,3,31,quantile,0.025,0,2027-05-08
2027-04-17,wk inc flu hosp,3,31,quantile,0.05,0,2027-05-08
2027-04-17,wk inc flu hosp,3,31,quantile,0.1,0,2027-05-08
2027-04-17,wk inc flu hosp,3,31,quantile,0.15,0,2027-05-08
2027-04-17,wk inc flu hosp,3,31,quantile,0.2,0,2027-05-08
2027-04-17,wk inc flu hosp,3,31,quantile,0.25,0,2027-05-08
2027-04-17,wk inc flu hosp,3,31,quantile,0.3,0,2027-05-08
2027-04-17,wk inc flu hosp,3,31,quantile,0.35,0,2027-05-08
2027-04-17,wk inc flu hosp,3,31,quantile,0.4,0,2027-05-08
2027-04-17,wk inc flu hosp,3,31,quantile,0.45,0,2027-05-08
2027-04-17,wk inc flu hosp,3,31,quantile,0.5,0,2027-05-08
2027-04-17,wk inc flu hosp,3,31,quantile,0.55,1,2027-05-08
2027-04-17,wk inc flu hosp,3,31,quantile,0.6,1,2027-05-08
2027-04-17,wk inc flu hosp,3,31,quantile,0.65,1,2027-05-08
2027-04-17,wk inc flu hosp,3,31,quantile,0.7,2,2027-05-08
2027-04-17,wk inc flu hosp,3,31,quantile,0.75,2,2027-05-08
2027-04-17,wk inc flu hosp,3,31,quantile,0.8,2,2027-05-08
2027-04-17,wk inc flu hosp,3,31,quantile,0.85,3,2027-05-08
2027-04-17,wk inc flu hosp,3,31,quantile,0.9,4,2027-05-08
2027-04-17,wk inc flu hosp,3,31,quantile,0.95,5,2027-05-08
2027-04-17,wk inc flu hosp,3,31,quantile,0.975,6,2027-05-08
2027-04-17,wk inc flu hosp,3,31,quantile,0.99,11,2027-05-08
2027-04-17,wk inc flu hosp,3,32,quantile,0.01,3,2027-05-08
2027-04-17,wk inc flu hosp,3,32,quantile,0.025,3,2027-05-08
2027-04-17,wk inc flu hosp,3,32,quantile,0.05,4,2027-05-08
2027-04-17,wk inc flu hosp,3,32,quantile,0.1,6,2027-05-08
2027-04-17,wk inc flu hosp,3,32,quantile,0.15,7,2027-05-08
2027-04-17,wk inc flu hosp,3,32,quantile,0.2,9,2027-05-08
2027-04-17,wk inc flu hosp,3,32,quantile,0.25,9,2027-05-08
2027-04-17,wk inc flu hosp,3,32,quantile,0.3,11,2027-05-08
2027-04-17,wk inc flu hosp,3,32,quantile,0.35,12,2027-05-08
2027-04-17,wk inc flu hosp,3,32,quantile,0.4,12,2027-05-08
2027-04-17,wk inc flu hosp,3,32,quantile,0.45,13,2027-05-08
2027-04-17,wk inc flu hosp,3,32,quantile,0.5,14,2027-05-08
2027-04-17,wk inc flu hosp,3,32,quantile,0.55,15,2027-05-08
2027-04-17,wk inc flu hosp,3,32,quantile,0.6,16,2027-05-08
2027-04-17,wk inc flu hosp,3,32,quantile,0.65,16,2027-05-08
2027-04-17,wk inc flu hosp,3,32,quantile,0.7,17,2027-05-08
2027-04-17,wk inc flu hosp,3,32,quantile,0.75,18,2027-05-08
2027-04-17,wk inc flu hosp,3,32,quantile,0.8,20,2027-05-08
2027-04-17,wk inc flu hosp,3,32,quantile,0.85,22,2027-05-08
2027-04-17,wk inc flu hosp,3,32,quantile,0.9,24,2027-05-08
2027-04-17,wk inc flu hosp,3,32,quantile,0.95,27,2027-05-08
2027-04-17,wk inc flu hosp,3,32,quantile,0.975,33,2027-05-08
2027-04-17,wk inc flu hosp,3,32,quantile,0.99,36,2027-05-08
2027-04-17,wk inc flu hosp,3,33,quantile,0.01,0,2027-05-08
2027-04-17,wk inc flu hosp,3,33,quantile,0.025,0,2027-05-08
2027-04-17,wk inc flu hosp,3,33,quantile,0.05,0,2027-05-08
2027-04-17,wk inc flu hosp,3,33,quantile,0.1,0,2027-05-08
2027-04-17,wk inc flu hosp,3,33,quantile,0.15,0,2027-05-08
2027-04-17,wk inc flu hosp,3,33,quantile,0.2,0,2027-05-08
2027-04-17,wk inc flu hosp,3,33,quantile,0.25,0,2027-05-08
2027-04-17,wk inc flu hosp,3,33,quantile,0.3,0,2027-05-08
2027-04-17,wk inc flu hosp,3,33,quantile,0.35,0,2027-05-08
2027-04-17,wk inc flu hosp,3,33,quantile,0.4,0,2027-05-08
2027-04-17,wk inc flu hosp,3,33,quantile,0.45,0,2027-05-08
2027-04-17,wk inc flu hosp,3,33,quantile,0.5,0,2027-05-08
2027-04-17,wk inc flu hosp,3,33,quantile,0.55,1,2027-05-08
2027-04-17,wk inc flu hosp,3,33,quantile,0.6,1,2027-05-08
2027-04-17,wk inc flu hosp,3,33,quantile,0.65,1,2027-05-08
2027-04-17,wk inc flu hosp,3,33,quantile,0.7,2,2027-05-08
2027-04-17,wk inc flu hosp,3,33,quantile,0.75,2,2027-05-08
2027-04-17,wk inc flu hosp,3,33,quantile,0.8,3,2027-05-08
2027-04-17,wk inc flu hosp,3,33,quantile,0.85,4,2027-05-08
2027-04-17,wk inc flu hosp,3,33,quantile,0.9,5,2027-05-08
2027-04-17,wk inc flu hosp,3,33,quantile,0.95,7,2027-05-08
2027-04-17,wk inc flu hosp,3,33,quantile,0.975,11,2027-05-08
2027-04-17,wk inc flu hosp,3,33,quantile,0.99,15,2027-05-08
2027-04-17,wk inc flu hosp,3,34,quantile,0.01,7,2027-05-08
2027-04-17,wk inc flu hosp,3,34,quantile,0.025,11,2027-05-08
2027-04-17,wk inc flu hosp,3,34,quantile,0.05,14,2027-05-08
2027-04-17,wk inc flu hosp,3,34,quantile,0.1,17,2027-05-08
2027-04-17,wk inc flu hosp,3,34,quantile,0.15,18,2027-05-08
2027-04-17,wk inc flu hosp,3,34,quantile,0.2,19,2027-05-08
2027-04-17,wk inc flu hosp,3,34,quantile,0.25,20,2027-05-08
2027-04-17,wk inc flu hosp,3,34,quantile,0.3,22,2027-05-08
2027-04-17,wk inc flu hosp,3,34,quantile,0.35,24,2027-05-08
2027-04-17,wk inc flu hosp,3,34,quantile,0.4,26,2027-05-08
2027-04-17,wk inc flu hosp,3,34,quantile,0.45,26,2027-05-08
2027-04-17,wk inc flu hosp,3,34,quantile,0.5,27,2027-05-08
2027-04-17,wk inc flu hosp,3,34,quantile,0.55,28,2027-05-08
2027-04-17,wk inc flu hosp,3,34,quantile,0.6,29,2027-05-08
2027-04-17,wk inc flu hosp,3,34,quantile,0.65,30,2027-05-08
2027-04-17,wk inc flu hosp,3,34,quantile,0.7,32,2027-05-08
2027-04-17,wk inc flu hosp,3,34,quantile,0.75,34,2027-05-08
2027-04-17,wk inc flu hosp,3,34,quantile,0.8,35,2027-05-08
2027-04-17,wk inc flu hosp,3,34,quantile,0.85,37,2027-05-08
2027-04-17,wk inc flu hosp,3,34,quantile,0.9,41,2027-05-08
2027-04-17,wk inc flu hosp,3,34,quantile,0.95,43,2027-05-08
2027-04-17,wk inc flu hosp,3,34,quantile,0.975,51,2027-05-08
2027-04-17,wk inc flu hosp,3,34,quantile,0.99,60,2027-05-08
2027-04-17,wk inc flu hosp,3,35,quantile,0.01,2,2027-05-08
2027-04-17,wk inc flu hosp,3,35,quantile,0.025,3,2027-05-08
2027-04-17,wk inc flu hosp,3,35,quantile,0.05,4,2027-05-08
2027-04-17,wk inc flu hosp,3,35,quantile,0.1,5,2027-05-08
2027-04-17,wk inc flu hosp,3,35,quantile,0.15,6,2027-05-08
2027-04-17,wk inc flu hosp,3,35,quantile,0.2,7,2027-05-08
2027-04-17,wk inc flu hosp,3,35,quantile,0.25,7,2027-05-08
2027-04-17,wk inc flu hosp,3,35,quantile,0.3,8,2027-05-08
2027-04-17,wk inc flu hosp,3,35,quantile,0.35,9,2027-05-08
2027-04-17,wk inc flu hosp,3,35,quantile,0.4,10,2027-05-08
2027-04-17,wk inc flu hosp,3,35,quantile,0.45,10,2027-05-08
2027-04-17,wk inc flu hosp,3,35,quantile,0.5,11,2027-05-08
2027-04-17,wk inc flu hosp,3,35,quantile,0.55,11,2027-05-08
2027-04-17,wk inc flu hosp,3,35,quantile,0.6,12,2027-05-08
2027-04-17,wk inc flu hosp,3,35,quantile,0.65,13,2027-05-08
2027-04-17,wk inc flu hosp,3,35,quantile,0.7,14,2027-05-08
2027-04-17,wk inc flu hosp,3,35,quantile,0.75,15,2027-05-08
2027-04-17,wk inc flu hosp,3,35,quantile,0.8,15,2027-05-08
2027-04-17,wk inc flu hosp,3,35,quantile,0.85,17,2027-05-08
2027-04-17,wk inc flu hosp,3,35,quantile,0.9,18,2027-05-08
2027-04-17,wk inc flu hosp,3,35,quantile,0.95,20,2027-05-08
2027-04-17,wk inc flu hosp,3,35,quantile,0.975,21,2027-05-08
2027-04-17,wk inc flu hosp,3,35,quantile,0.99,23,2027-05-08
2027-04-17,wk inc flu hosp,3,36,quantile,0.01,27,2027-05-08
2027-04-17,wk inc flu hosp,3,36,quantile,0.025,30,2027-05-08
2027-04-17,wk inc flu hosp,3,36,quantile,0.05,34,2027-05-08
2027-04-17,wk inc flu hosp,3,36,quantile,0.1,38,2027-05-08
2027-04-17,wk inc flu hosp,3,36,quantile,0.15,42,2027-05-08
2027-04-17,wk inc flu hosp,3,36,quantile,0.2,45,2027-05-08
2027-04-17,wk inc flu hosp,3,36,quantile,0.25,46,2027-05-08
2027-04-17,wk inc flu hosp,3,36,quantile,0.3,48,2027-05-08
2027-04-17,wk inc flu hosp,3,36,quantile,0.35,51,2027-05-08
2027-04-17,wk inc flu hosp,3,36,quantile,0.4,52,2027-05-08
2027-04-17,wk inc flu hosp,3,36,quantile,0.45,54,2027-05-08
2027-04-17,wk inc flu hosp,3,36,quantile,0.5,57,2027-05-08
2027-04-17,wk inc flu hosp,3,36,quantile,0.55,62,2027-05-08
2027-04-17,wk inc flu hosp,3,36,quantile,0.6,63,2027-05-08
2027-04-17,wk inc flu hosp,3,36,quantile,0.65,65,2027-05-08
2027-04-17,wk inc flu hosp,3,36,quantile,0.7,67,2027-05-08
2027-04-17,wk inc flu hosp,3,36,quantile,0.75,70,2027-05-08
2027-04-17,wk inc flu hosp,3,36,quantile,0.8,72,2027-05-08
2027-04-17,wk inc flu hosp,3,36,quantile,0.85,78,2027-05-08
2027-04-17,wk inc flu hosp,3,36,quantile,0.9,79,2027-05-08
2027-04-17,wk inc flu hosp,3,36,quantile,0.95,87,2027-05-08
2027-04-17,wk inc flu hosp,3,36,quantile,0.975,96,2027-05-08
2027-04-17,wk inc flu hosp,3,36,quantile,0.99,101,2027-05-08
2027-04-17,wk inc flu hosp,3,37,quantile,0.01,0,2027-05-08
2027-04-17,wk inc flu hosp,3,37,quantile,0.025,1,2027-05-08
2027-04-17,wk inc flu hosp,3,37,quantile,0.05,1,2027-05-08
2027-04-17,wk inc flu hosp,3,37,quantile,0.1,2,2027-05-08
2027-04-17,wk inc flu hosp,3,37,quantile,0.15,3,2027-05-08
2027-04-17,wk inc flu hosp,3,37,quantile,0.2,3,2027-05-08
2027-04-17,wk inc flu hosp,3,37,quantile,0.25,4,2027-05-08
2027-04-17,wk inc flu hosp,3,37,quantile,0.3,5,2027-05-08
2027-04-17,wk inc flu hosp,3,37,quantile,0.35,5,2027-05-08
2027-04-17,wk inc flu hosp,3,37,quantile,0.4,6,2027-05-08
2027-04-17,wk inc flu hosp,3,37,quantile,0.45,7,2027-05-08
2027-04-17,wk inc flu hosp,3,37,quantile,0.5,8,2027-05-08
2027-04-17,wk inc flu hosp,3,37,quantile,0.55,9,2027-05-08
2027-04-17,wk inc flu hosp,3,37,quantile,0.6,9,2027-05-08
2027-04-17,wk inc flu hosp,3,37,quantile,0.65,10,2027-05-08
2027-04-17,wk inc flu hosp,3,37,quantile,0.7,10,2027-05-08
2027-04-17,wk inc flu hosp,3,37,quantile,0.75,11,2027-05-08
2027-04-17,wk inc flu hosp,3,37,quantile,0.8,13,2027-05-08
2027-04-17,wk inc flu hosp,3,37,quantile,0.85,15,2027-05-08
2027-04-17,wk inc flu hosp,3,37,quantile,0.9,16,2027-05-08
2027-04-17,wk inc flu hosp,3,37,quantile,0.95,18,2027-05-08
2027-04-17,wk inc flu hosp,3,37,quantile,0.975,21,2027-05-08
2027-04-17,wk inc flu hosp,3,37,quantile,0.99,27,2027-05-08
2027-04-17,wk inc flu hosp,3,38,quantile,0.01,0,2027-05-08
2027-04-17,wk inc flu hosp,3,38,quantile,0.025,0,2027-05-08
2027-04-17,wk inc flu hosp,3,38,quantile,0.05,0,2027-05-08
2027-04-17,wk inc flu hosp,3,38,quantile,0.1,0,2027-05-08
2027-04-17,wk inc flu hosp,3,38,quantile,0.15,0,2027-05-08
2027-04-17,wk inc flu hosp,3,38,quantile,0.2,0,2027-05-08
2027-04-17,wk inc flu hosp,3,38,quantile,0.25,0,2027-05-08
2027-04-17,wk inc flu hosp,3,38,quantile,0.3,0,2027-05-08
2027-04-17,wk inc flu hosp,3,38,quantile,0.35,1,2027-05-08
2027-04-17,wk inc flu hosp,3,38,quantile,0.4,1,2027-05-08
2027-04-17,wk inc flu hosp,3,38,quantile,0.45,1,2027-05-08
2027-04-17,wk inc flu hosp,3,38,quantile,0.5,2,2027-05-08
2027-04-17,wk inc flu hosp,3,38,quantile,0.55,2,2027-05-08
2027-04-17,wk inc flu hosp,3,38,quantile,0.6,3,2027-05-08
2027-04-17,wk inc flu hosp,3,38,quantile,0.65,4,2027-05-08
2027-04-17,wk inc flu hosp,3,38,quantile,0.7,4,2027-05-08
2027-04-17,wk inc flu hosp,3,38,quantile,0.75,5,2027-05-08
2027-04-17,wk inc flu hosp,3,38,quantile,0.8,6,2027-05-08
2027-04-17,wk inc flu hosp,3,38,quantile,0.85,6,2027-05-08
2027-04-17,wk inc flu hosp,3,38,quantile,0.9,8,2027-05-08
2027-04-17,wk inc flu hosp,3,38,quantile,0.95,10,2027-05-08
2027-04-17,wk inc flu hosp,3,38,quantile,0.975,11,2027-05-08
2027-04-17,wk inc flu hosp,3,38,quantile,0.99,12,2027-05-08
2027-04-17,wk inc flu hosp,3,39,quantile,0.01,2,2027-05-08
2027-04-17,wk inc flu hosp,3,39,quantile,0.025,3,2027-05-08
2027-04-17,wk inc flu hosp,3,39,quantile,0.05,4,2027-05-08
2027-04-17,wk inc flu hosp,3,39,quantile,0.1,6,2027-05-08
2027-04-17,wk inc flu hosp,3,39,quantile,0.15,6,2027-05-08
2027-04-17,wk inc flu hosp,3,39,quantile,0.2,7,2027-05-08
2027-04-17,wk inc flu hosp,3,39,quantile,0.25,8,2027-05-08
2027-04-17,wk inc flu hosp,3,39,quantile,0.3,9,2027-05-08
2027-04-17,wk inc flu hosp,3,39,quantile,0.35,10,2027-05-08
2027-04-17,wk inc flu hosp,3,39,quantile,0.4,12,2027-05-08
2027-04-17,wk inc flu hosp,3,39,quantile,0.45,12,2027-05-08
2027-04-17,wk inc flu hosp,3,39,quantile,0.5,13,2027-05-08
2027-04-17,wk inc flu hosp,3,39,quantile,0.55,14,2027-05-08
2027-04-17,wk inc flu hosp,3,39,quantile,0.6,15,2027-05-08
2027-04-17,wk inc flu hosp,3,39,quantile,0.65,16,2027-05-08
2027-04-17,wk inc flu hosp,3,39,quantile,0.7,17,2027-05-08
2027-04-17,wk inc flu hosp,3,39,quantile,0.75,18,2027-05-08
2027-04-17,wk inc flu hosp,3,39,quantile,0.8,19,2027-05-08
2027-04-17,wk inc flu hosp,3,39,quantile,0.85,21,2027-05-08
2027-04-17,wk inc flu hosp,3,39,quantile,0.9,24,2027-05-08
2027-04-17,wk inc flu hosp,3,39,quantile,0.95,27,2027-05-08
2027-04-17,wk inc flu hosp,3,39,quantile,0.975,29,2027-05-08
2027-04-17,wk inc flu hosp,3,39,quantile,0.99,32,2027-05-08
2027-04-17,wk inc flu hosp,3,40,quantile,0.01,0,2027-05-08
2027-04-17,wk inc flu hosp,3,40,quantile,0.025,0,2027-05-08
2027-04-17,wk inc flu hosp,3,40,quantile,0.05,1,2027-05-08
2027-04-17,wk inc flu hosp,3,40,quantile,0.1,2,2027-05-08
2027-04-17,wk inc flu hosp,3,40,quantile,0.15,2,2027-05-08
2027-04-17,wk inc flu hosp,3,40,quantile,0.2,3,2027-05-08
2027-04-17,wk inc flu hosp,3,40,quantile,0.25,4,2027-05-08
2027-04-17,wk inc flu hosp,3,40,quantile,0.3,5,2027-05-08
2027-04-17,wk inc flu hosp,3,40,quantile,0.35,5,2027-05-08
2027-04-17,wk inc flu hosp,3,40,quantile,0.4,6,2027-05-08
2027-04-17,wk inc flu hosp,3,40,quantile,0.45,6,2027-05-08
2027-04-17,wk inc flu hosp,3,40,quantile,0.5,7,2027-05-08
2027-04-17,wk inc flu hosp,3,40,quantile,0.55,7,2027-05-08
2027-04-17,wk inc flu hosp,3,40,quantile,0.6,8,2027-05-08
2027-04-17,wk inc flu hosp,3,40,quantile,0.65,8,2027-05-08
2027-04-17,wk inc flu hosp,3,40,quantile,0.7,9,2027-05-08
2027-04-17,wk inc flu hosp,3,40,quantile,0.75,10,2027-05-08
2027-04-17,wk inc flu hosp,3,40,quantile,0.8,11,2027-05-08
2027-04-17,wk inc flu hosp,3,40,quantile,0.85,13,2027-05-08
2027-04-17,wk inc flu hosp,3,40,quantile,0.9,13,2027-05-08
2027-04-17,wk inc flu hosp,3,40,quantile,0.95,15,2027-05-08
2027-04-17,wk inc flu hosp,3,40,quantile,0.975,18,2027-05-08
2027-04-17,wk inc flu hosp,3,40,quantile,0.99,20,2027-05-08
2027-04-17,wk inc flu hosp,3,41,quantile,0.01,0,2027-05-08
2027-04-17,wk inc flu hosp,3,41,quantile,0.025,1,2027-05-08
2027-04-17,wk inc flu hosp,3,41,quantile,0.05,1,2027-05-08
2027-04-17,wk inc flu hosp,3,41,quantile,0.1,3,2027-05-08
2027-04-17,wk inc flu hosp,3,41,quantile,0.15,3,2027-05-08
2027-04-17,wk inc flu hosp,3,41,quantile,0.2,4,2027-05-08
2027-04-17,wk inc flu hosp,3,41,quantile,0.25,4,2027-05-08
2027-04-17,wk inc flu hosp,3,41,quantile,0.3,5,2027-05-08
2027-04-17,wk inc flu hosp,3,41,quantile,0.35,6,2027-05-08
2027-04-17,wk inc flu hosp,3,41,quantile,0.4,7,2027-05-08
2027-04-17,wk inc flu hosp,3,41,quantile,0.45,7,2027-05-08
2027-04-17,wk inc flu hosp,3,41,quantile,0.5,8,2027-05-08
2027-04-17,wk inc flu hosp,3,41,quantile,0.55,8,2027-05-08
2027-04-17,wk inc flu hosp,3,41,quantile,0.6,9,2027-05-08
2027-04-17,wk inc flu hosp,3,41,quantile,0.65,10,2027-05-08
2027-04-17,wk inc flu hosp,3,41,quantile,0.7,11,2027-05-08
2027-04-17,wk inc flu hosp,3,41,quantile,0.75,12,2027-05-08
2027-04-17,wk inc flu hosp,3,41,quantile,0.8,13,2027-05-08
2027-04-17,wk inc flu hosp,3,41,quantile,0.85,15,2027-05-08
2027-04-17,wk inc flu hosp,3,41,quantile,0.9,17,2027-05-08
2027-04-17,wk inc flu hosp,3,41,quantile,0.95,24,2027-05-08
2027-04-17,wk inc flu hosp,3,41,quantile,0.975,27,2027-05-08
2027-04-17,wk inc flu hosp,3,41,quantile,0.99,31,2027-05-08
2027-04-17,wk inc flu hosp,3,42,quantile,0.01,38,2027-05-08
2027-04-17,wk inc flu hosp,3,42,quantile,0.025,41,2027-05-08
2027-04-17,wk inc flu hosp,3,42,quantile,0.05,45,2027-05-08
2027-04-17,wk inc flu hosp,3,42,quantile,0.1,57,2027-05-08
2027-04-17,wk inc flu hosp,3,42,quantile,0.15,64,2027-05-08
2027-04-17,wk inc flu hosp,3,42,quantile,0.2,69,2027-05-08
2027-04-17,wk inc flu hosp,3,42,quantile,0.25,71,2027-05-08
2027-04-17,wk inc flu hosp,3,42,quantile,0.3,75,2027-05-08
2027-04-17,wk inc flu hosp,3,42,quantile,0.35,78,2027-05-08
2027-04-17,wk inc flu hosp,3,42,quantile,0.4,81,2027-05-08
2027-04-17,wk inc flu hosp,3,42,quantile,0.45,87,2027-05-08
2027-04-17,wk inc flu hosp,3,42,quantile,0.5,89,2027-05-08
2027-04-17,wk inc flu hosp,3,42,quantile,0.55,92,2027-05-08
2027-04-17,wk inc flu hosp,3,42,quantile,0.6,94,2027-05-08
2027-04-17,wk inc flu hosp,3,42,quantile,0.65,98,2027-05-08
2027-04-17,wk inc flu hosp,3,42,quantile,0.7,102,2027-05-08
2027-04-17,wk inc flu hosp,3,42,quantile,0.75,111,2027-05-08
2027-04-17,wk inc flu hosp,3,42,quantile,0.8,122,2027-05-08
2027-04-17,wk inc flu hosp,3,42,quantile,0.85,131,2027-05-08
2027-04-17,wk inc flu hosp,3,42,quantile,0.9,139,2027-05-08
2027-04-17,wk inc flu hosp,3,42,quantile,0.95,153,2027-05-08
2027-04-17,wk inc flu hosp,3,42,quantile,0.975,169,2027-05-08
2027-04-17,wk inc flu hosp,3,42,quantile,0.99,184,2027-05-08
2027-04-17,wk inc flu hosp,3,44,quantile,0.01,0,2027-05-08
2027-04-17,wk inc flu hosp,3,44,quantile,0.025,0,2027-05-08
2027-04-17,wk inc flu hosp,3,44,quantile,0.05,0,2027-05-08
2027-04-17,wk inc flu hosp,3,44,quantile,0.1,0,2027-05-08
2027-04-17,wk inc flu hosp,3,44,quantile,0.15,0,2027-05-08
2027-04-17,wk inc flu hosp,3,44,quantile,0.2,0,2027-05-08
2027-04-17,wk inc flu hosp,3,44,quantile,0.25,0,2027-05-08
2027-04-17,wk inc flu hosp,3,44,quantile,0.3,0,2027-05-08
2027-04-17,wk inc flu hosp,3,44,quantile,0.35,0,2027-05-08
2027-04-17,wk inc flu hosp,3,44,quantile,0.4,0,2027-05-08
2027-04-17,wk inc flu hosp,3,44,quantile,0.45,1,2027-05-08
2027-04-17,wk inc flu hosp,3,44,quantile,0.5,1,2027-05-08
2027-04-17,wk inc flu hosp,3,44,quantile,0.55,1,2027-05-08
2027-04-17,wk inc flu hosp,3,44,quantile,0.6,2,2027-05-08
2027-04-17,wk inc flu hosp,3,44,quantile,0.65,2,2027-05-08
2027-04-17,wk inc flu hosp,3,44,quantile,0.7,3,2027-05-08
2027-04-17,wk inc flu hosp,3,44,quantile,0.75,3,2027-05-08
2027-04-17,wk inc flu hosp,3,44,quantile,0.8,4,2027-05-08
2027-04-17,wk inc flu hosp,3,44,quantile,0.85,5,2027-05-08
2027-04-17,wk inc flu hosp,3,44,quantile,0.9,6,2027-05-08
2027-04-17,wk inc flu hosp,3,44,quantile,0.95,8,2027-05-08
2027-04-17,wk inc flu hosp,3,44,quantile,0.975,9,2027-05-08
2027-04-17,wk inc flu hosp,3,44,quantile,0.99,11,2027-05-08
2027-04-17,wk inc flu hosp,3,45,quantile,0.01,2,2027-05-08
2027-04-17,wk inc flu hosp,3,45,quantile,0.025,2,2027-05-08
2027-04-17,wk inc flu hosp,3,45,quantile,0.05,2,2027-05-08
2027-04-17,wk inc flu hosp,3,45,quantile,0.1,5,2027-05-08
2027-04-17,wk inc flu hosp,3,45,quantile,0.15,7,2027-05-08
2027-04-17,wk inc flu hosp,3,45,quantile,0.2,8,2027-05-08
2027-04-17,wk inc flu hosp,3,45,quantile,0.25,8,2027-05-08
2027-04-17,wk inc flu hosp,3,45,quantile,0.3,10,2027-05-08
2027-04-17,wk inc flu hosp,3,45,quantile,0.35,10,2027-05-08
2027-04-17,wk inc flu hosp,3,45,quantile,0.4,11,2027-05-08
2027-04-17,wk inc flu hosp,3,45,quantile,0.45,11,2027-05-08
2027-04-17,wk inc flu hosp,3,45,quantile,0.5,12,2027-05-08
2027-04-17,wk inc flu hosp,3,45,quantile,0.55,13,2027-05-08
2027-04-17,wk inc flu hosp,3,45,quantile,0.6,14,2027-05-08
2027-04-17,wk inc flu hosp,3,45,quantile,0.65,16,2027-05-08
2027-04-17,wk inc flu hosp,3,45,quantile,0.7,17,2027-05-08
2027-04-17,wk inc flu hosp,3,45,quantile,0.75,17,2027-05-08
2027-04-17,wk inc flu hosp,3,45,quantile,0.8,19,2027-05-08
2027-04-17,wk inc flu hosp,3,45,quantile,0.85,21,2027-05-08
2027-04-17,wk inc flu hosp,3,45,quantile,0.9,24,2027-05-08
2027-04-17,wk inc flu hosp,3,45,quantile,0.95,25,2027-05-08
2027-04-17,wk inc flu hosp,3,45,quantile,0.975,28,2027-05-08
2027-04-17,wk inc flu hosp,3,45,quantile,0.99,31,2027-05-08
2027-04-17,wk inc flu hosp,3,46,quantile,0.01,0,2027-05-08
2027-04-17,wk inc flu hosp,3,46,quantile,0.025,0,2027-05-08
2027-04-17,wk inc flu hosp,3,46,quantile,0.05,0,2027-05-08
2027-04-17,wk inc flu hosp,3,46,quantile,0.1,0,2027-05-08
2027-04-17,wk inc flu hosp,3,46,quantile,0.15,0,2027-05-08
2027-04-17,wk inc flu hosp,3,46,quantile,0.2,0,2027-05-08
2027-04-17,wk inc flu hosp,3,46,quantile,0.25,0,2027-05-08
2027-04-17,wk inc flu hosp,3,46,quantile,0.3,1,2027-05-08
2027-04-17,wk inc flu hosp,3,46,quantile,0.35,1,2027-05-08
2027-04-17,wk inc flu hosp,3,46,quantile,0.4,1,2027-05-08
2027-04-17,wk inc flu hosp,3,46,quantile,0.45,2,2027-05-08
2027-04-17,wk inc flu hosp,3,46,quantile,0.5,2,2027-05-08
2027-04-17,wk inc flu hosp,3,46,quantile,0.55,2,2027-05-08
2027-04-17,wk inc flu hosp,3,46,quantile,0.6,3,2027-05-08
2027-04-17,wk inc flu hosp,3,46,quantile,0.65,3,2027-05-08
2027-04-17,wk inc flu hosp,3,46,quantile,0.7,4,2027-05-08
2027-04-17,wk inc flu hosp,3,46,quantile,0.75,4,2027-05-08
2027-04-17,wk inc flu hosp,3,46,quantile,0.8,5,2027-05-08
2027-04-17,wk inc flu hosp,3,46,quantile,0.85,6,2027-05-08
2027-04-17,wk inc flu hosp,3,46,quantile,0.9,7,2027-05-08
2027-04-17,wk inc flu hosp,3,46,quantile,0.95,10,2027-05-08
2027-04-17,wk inc flu hosp,3,46,quantile,0.975,12,2027-05-08
2027-04-17,wk inc flu hosp,3,46,quantile,0.99,17,2027-05-08
2027-04-17,wk inc flu hosp,3,47,quantile,0.01,10,2027-05-08
2027-04-17,wk inc flu hosp,3,47,quantile,0.025,11,2027-05-08
2027-04-17,wk inc flu hosp,3,47,quantile,0.05,13,2027-05-08
2027-04-17,wk inc flu hosp,3,47,quantile,0.1,15,2027-05-08
2027-04-17,wk inc flu hosp,3,47,quantile,0.15,16,2027-05-08
2027-04-17,wk inc flu hosp,3,47,quantile,0.2,17,2027-05-08
2027-04-17,wk inc flu hosp,3,47,quantile,0.25,18,2027-05-08
2027-04-17,wk inc flu hosp,3,47,quantile,0.3,19,2027-05-08
2027-04-17,wk inc flu hosp,3,47,quantile,0.35,20,2027-05-08
2027-04-17,wk inc flu hosp,3,47,quantile,0.4,21,2027-05-08
2027-04-17,wk inc flu hosp,3,47,quantile,0.45,22,2027-05-08
2027-04-17,wk inc flu hosp,3,47,quantile,0.5,24,2027-05-08
2027-04-17,wk inc flu hosp,3,47,quantile,0.55,25,2027-05-08
2027-04-17,wk inc flu hosp,3,47,quantile,0.6,26,2027-05-08
2027-04-17,wk inc flu hosp,3,47,quantile,0.65,28,2027-05-08
2027-04-17,wk inc flu hosp,3,47,quantile,0.7,29,2027-05-08
2027-04-17,wk inc flu hosp,3,47,quantile,0.75,31,2027-05-08
2027-04-17,wk inc flu hosp,3,47,quantile,0.8,33,2027-05-08
2027-04-17,wk inc flu hosp,3,47,quantile,0.85,37,2027-05-08
2027-04-17,wk inc flu hosp,3,47,quantile,0.9,40,2027-05-08
2027-04-17,wk inc flu hosp,3,47,quantile,0.95,43,2027-05-08
2027-04-17,wk inc flu hosp,3,47,quantile,0.975,47,2027-05-08
2027-04-17,wk inc flu hosp,3,47,quantile,0.99,48,2027-05-08
2027-04-17,wk inc flu hosp,3,48,quantile,0.01,30,2027-05-08
2027-04-17,wk inc flu hosp,3,48,quantile,0.025,32,2027-05-08
2027-04-17,wk inc flu hosp,3,48,quantile,0.05,35,2027-05-08
2027-04-17,wk inc flu hosp,3,48,quantile,0.1,39,2027-05-08
2027-04-17,wk inc flu hosp,3,48,quantile,0.15,44,2027-05-08
2027-04-17,wk inc flu hosp,3,48,quantile,0.2,48,2027-05-08
2027-04-17,wk inc flu hosp,3,48,quantile,0.25,50,2027-05-08
2027-04-17,wk inc flu hosp,3,48,quantile,0.3,53,2027-05-08
2027-04-17,wk inc flu hosp,3,48,quantile,0.35,56,2027-05-08
2027-04-17,wk inc flu hosp,3,48,quantile,0.4,59,2027-05-08
2027-04-17,wk inc flu hosp,3,48,quantile,0.45,63,2027-05-08
2027-04-17,wk inc flu hosp,3,48,quantile,0.5,64,2027-05-08
2027-04-17,wk inc flu hosp,3,48,quantile,0.55,67,2027-05-08
2027-04-17,wk inc flu hosp,3,48,quantile,0.6,70,2027-05-08
2027-04-17,wk inc flu hosp,3,48,quantile,0.65,72,2027-05-08
2027-04-17,wk inc flu hosp,3,48,quantile,0.7,75,2027-05-08
2027-04-17,wk inc flu hosp,3,48,quantile,0.75,82,2027-05-08
2027-04-17,wk inc flu hosp,3,48,quantile,0.8,87,2027-05-08
2027-04-17,wk inc flu hosp,3,48,quantile,0.85,98,2027-05-08
2027-04-17,wk inc flu hosp,3,48,quantile,0.9,109,2027-05-08
2027-04-17,wk inc flu hosp,3,48,quantile,0.95,123,2027-05-08
2027-04-17,wk inc flu hosp,3,48,quantile,0.975,143,2027-05-08
2027-04-17,wk inc flu hosp,3,48,quantile,0.99,160,2027-05-08
2027-04-17,wk inc flu hosp,3,49,quantile,0.01,0,2027-05-08
2027-04-17,wk inc flu hosp,3,49,quantile,0.025,1,2027-05-08
2027-04-17,wk inc flu hosp,3,49,quantile,0.05,1,2027-05-08
2027-04-17,wk inc flu hosp,3,49,quantile,0.1,2,2027-05-08
2027-04-17,wk inc flu hosp,3,49,quantile,0.15,2,2027-05-08
2027-04-17,wk inc flu hosp,3,49,quantile,0.2,3,2027-05-08
2027-04-17,wk inc flu hosp,3,49,quantile,0.25,4,2027-05-08
2027-04-17,wk inc flu hosp,3,49,quantile,0.3,5,2027-05-08
2027-04-17,wk inc flu hosp,3,49,quantile,0.35,5,2027-05-08
2027-04-17,wk inc flu hosp,3,49,quantile,0.4,6,2027-05-08
2027-04-17,wk inc flu hosp,3,49,quantile,0.45,7,2027-05-08
2027-04-17,wk inc flu hosp,3,49,quantile,0.5,7,2027-05-08
2027-04-17,wk inc flu hosp,3,49,quantile,0.55,8,2027-05-08
2027-04-17,wk inc flu hosp,3,49,quantile,0.6,8,2027-05-08
2027-04-17,wk inc flu hosp,3,49,quantile,0.65,9,2027-05-08
2027-04-17,wk inc flu hosp,3,49,quantile,0.7,10,2027-05-08
2027-04-17,wk inc flu hosp,3,49,quantile,0.75,10,2027-05-08
2027-04-17,wk inc flu hosp,3,49,quantile,0.8,11,2027-05-08
2027-04-17,wk inc flu hosp,3,49,quantile,0.85,12,2027-05-08
2027-04-17,wk inc flu hosp,3,49,quantile,0.9,13,2027-05-08
2027-04-17,wk inc flu hosp,3,49,quantile,0.95,14,2027-05-08
2027-04-17,wk inc flu hosp,3,49,quantile,0.975,15,2027-05-08
2027-04-17,wk inc flu hosp,3,49,quantile,0.99,18,2027-05-08
2027-04-17,wk inc flu hosp,3,50,quantile,0.01,0,2027-05-08
2027-04-17,wk inc flu hosp,3,50,quantile,0.025,0,2027-05-08
2027-04-17,wk inc flu hosp,3,50,quantile,0.05,0,2027-05-08
2027-04-17,wk inc flu hosp,3,50,quantile,0.1,0,2027-05-08
2027-04-17,wk inc flu hosp,3,50,quantile,0.15,0,2027-05-08
2027-04-17,wk inc flu hosp,3,50,quantile,0.2,0,2027-05-08
2027-04-17,wk inc flu hosp,3,50,quantile,0.25,0,2027-05-08
2027-04-17,wk inc flu hosp,3,50,quantile,0.3,0,2027-05-08
2027-04-17,wk inc flu hosp,3,50,quantile,0.35,0,2027-05-08
2027-04-17,wk inc flu hosp,3,50,quantile,0.4,0,2027-05-08
2027-04-17,wk inc flu hosp,3,50,quantile,0.45,0,2027-05-08
2027-04-17,wk inc flu hosp,3,50,quantile,0.5,0,2027-05-08
2027-04-17,wk inc flu hosp,3,50,quantile,0.55,0,2027-05-08
2027-04-17,wk inc flu hosp,3,50,quantile,0.6,0,2027-05-08
2027-04-17,wk inc flu hosp,3,50,quantile,0.65,1,2027-05-08
2027-04-17,wk inc flu hosp,3,50,quantile,0.7,1,2027-05-08
2027-04-17,wk inc flu hosp,3,50,quantile,0.75,1,2027-05-08
2027-04-17,wk inc flu hosp,3,50,quantile,0.8,2,2027-05-08
2027-04-17,wk inc flu hosp,3,50,quantile,0.85,3,2027-05-08
2027-04-17,wk inc flu hosp,3,50,quantile,0.9,4,2027-05-08
2027-04-17,wk inc flu hosp,3,50,quantile,0.95,6,2027-05-08
2027-04-17,wk inc flu hosp,3,50,quantile,0.975,8,2027-05-08
2027-04-17,wk inc flu hosp,3,50,quantile,0.99,10,2027-05-08
2027-04-17,wk inc flu hosp,3,51,quantile,0.01,4,2027-05-08
2027-04-17,wk inc flu hosp,3,51,quantile,0.025,7,2027-05-08
2027-04-17,wk inc flu hosp,3,51,quantile,0.05,9,2027-05-08
2027-04-17,wk inc flu hosp,3,51,quantile,0.1,11,2027-05-08
2027-04-17,wk inc flu hosp,3,51,quantile,0.15,13,2027-05-08
2027-04-17,wk inc flu hosp,3,51,quantile,0.2,14,2027-05-08
2027-04-17,wk inc flu hosp,3,51,quantile,0.25,17,2027-05-08
2027-04-17,wk inc flu hosp,3,51,quantile,0.3,19,2027-05-08
2027-04-17,wk inc flu hosp,3,51,quantile,0.35,20,2027-05-08
2027-04-17,wk inc flu hosp,3,51,quantile,0.4,21,2027-05-08
2027-04-17,wk inc flu hosp,3,51,quantile,0.45,23,2027-05-08
2027-04-17,wk inc flu hosp,3,51,quantile,0.5,24,2027-05-08
2027-04-17,wk inc flu hosp,3,51,quantile,0.55,25,2027-05-08
2027-04-17,wk inc flu hosp,3,51,quantile,0.6,27,2027-05-08
2027-04-17,wk inc flu hosp,3,51,quantile,0.65,28,2027-05-08
2027-04-17,wk inc flu hosp,3,51,quantile,0.7,29,2027-05-08
2027-04-17,wk inc flu hosp,3,51,quantile,0.75,31,2027-05-08
2027-04-17,wk inc flu hosp,3,51,quantile,0.8,33,2027-05-08
2027-04-17,wk inc flu hosp,3,51,quantile,0.85,37,2027-05-08
2027-04-17,wk inc flu hosp,3,51,quantile,0.9,44,2027-05-08
2027-04-17,wk inc flu hosp,3,51,quantile,0.95,49,2027-05-08
2027-04-17,wk inc flu hosp,3,51,quantile,0.975,52,2027-05-08
2027-04-17,wk inc flu hosp,3,51,quantile,0.99,59,2027-05-08
2027-04-17,wk inc flu hosp,3,53,quantile,0.01,1,2027-05-08
2027-04-17,wk inc flu hosp,3,53,quantile,0.025,3,2027-05-08
2027-04-17,wk inc flu hosp,3,53,quantile,0.05,3,2027-05-08
2027-04-17,wk inc flu hosp,3,53,quantile,0.1,5,2027-05-08
2027-04-17,wk inc flu hosp,3,53,quantile,0.15,6,2027-05-08
2027-04-17,wk inc flu hosp,3,53,quantile,0.2,7,2027-05-08
2027-04-17,wk inc flu hosp,3,53,quantile,0.25,8,2027-05-08
2027-04-17,wk inc flu hosp,3,53,quantile,0.3,9,2027-05-08
2027-04-17,wk inc flu hosp,3,53,quantile,0.35,10,2027-05-08
2027-04-17,wk inc flu hosp,3,53,quantile,0.4,11,2027-05-08
2027-04-17,wk inc flu hosp,3,53,quantile,0.45,12,2027-05-08
2027-04-17,wk inc flu hosp,3,53,quantile,0.5,12,2027-05-08
2027-04-17,wk inc flu hosp,3,53,quantile,0.55,13,2027-05-08
2027-04-17,wk inc flu hosp,3,53,quantile,0.6,14,2027-05-08
2027-04-17,wk inc flu hosp,3,53,quantile,0.65,15,2027-05-08
2027-04-17,wk inc flu hosp,3,53,quantile,0.7,16,2027-05-08
2027-04-17,wk inc flu hosp,3,53,quantile,0.75,18,2027-05-08
2027-04-17,wk inc flu hosp,3,53,quantile,0.8,19,2027-05-08
2027-04-17,wk inc flu hosp,3,53,quantile,0.85,22,2027-05-08
2027-04-17,wk inc flu hosp,3,53,quantile,0.9,25,2027-05-08
2027-04-17,wk inc flu hosp,3,53,quantile,0.95,28,2027-05-08
2027-04-17,wk inc flu hosp,3,53,quantile,0.975,30,2027-05-08
2027-04-17,wk inc flu hosp,3,53,quantile,0.99,32,2027-05-08
2027-04-17,wk inc flu hosp,3,54,quantile,0.01,0,2027-05-08
2027-04-17,wk inc flu hosp,3,54,quantile,0.025,0,2027-05-08
2027-04-17,wk inc flu hosp,3,54,quantile,0.05,0,2027-05-08
2027-04-17,wk inc flu hosp,3,54,quantile,0.1,0,2027-05-08
2027-04-17,wk inc flu hosp,3,54,quantile,0.15,0,2027-05-08
2027-04-17,wk inc flu hosp,3,54,quantile,0.2,0,2027-05-08
2027-04-17,wk inc flu hosp,3,54,quantile,0.25,0,2027-05-08
2027-04-17,wk inc flu hosp,3,54,quantile,0.3,0,2027-05-08
2027-04-17,wk inc flu hosp,3,54,quantile,0.35,0,2027-05-08
2027-04-17,wk inc flu hosp,3,54,quantile,0.4,0,2027-05-08
2027-04-17,wk inc flu hosp,3,54,quantile,0.45,0,2027-05-08
2027-04-17,wk inc flu hosp,3,54,quantile,0.5,0,2027-05-08
2027-04-17,wk inc flu hosp,3,54,quantile,0.55,0,2027-05-08
2027-04-17,wk inc flu hosp,3,54,quantile,0.6,0,2027-05-08
2027-04-17,wk inc flu hosp,3,54,quantile,0.65,0,2027-05-08
2027-04-17,wk inc flu hosp,3,54,quantile,0.7,0,2027-05-08
2027-04-17,wk inc flu hosp,3,54,quantile,0.75,0,2027-05-08
2027-04-17,wk inc flu hosp,3,54,quantile,0.8,0,2027-05-08
2027-04-17,wk inc flu hosp,3,54,quantile,0.85,1,2027-05-08
2027-04-17,wk inc flu hosp,3,54,quantile,0.9,1,2027-05-08
2027-04-17,wk inc flu hosp,3,54,quantile,0.95,2,2027-05-08
2027-04-17,wk inc flu hosp,3,54,quantile,0.975,3,2027-05-08
2027-04-17,wk inc flu hosp,3,54,quantile,0.99,6,2027-05-08
2027-04-17,wk inc flu hosp,3,55,quantile,0.01,1,2027-05-08
2027-04-17,wk inc flu hosp,3,55,quantile,0.025,1,2027-05-08
2027-04-17,wk inc flu hosp,3,55,quantile,0.05,2,2027-05-08
2027-04-17,wk inc flu hosp,3,55,quantile,0.1,3,2027-05-08
2027-04-17,wk inc flu hosp,3,55,quantile,0.15,4,2027-05-08
2027-04-17,wk inc flu hosp,3,55,quantile,0.2,4,2027-05-08
2027-04-17,wk inc flu hosp,3,55,quantile,0.25,4,2027-05-08
2027-04-17,wk inc flu hosp,3,55,quantile,0.3,5,2027-05-08
2027-04-17,wk inc flu hosp,3,55,quantile,0.35,6,2027-05-08
2027-04-17,wk inc flu hosp,3,55,quantile,0.4,7,2027-05-08
2027-04-17,wk inc flu hosp,3,55,quantile,0.45,7,2027-05-08
2027-04-17,wk inc flu hosp,3,55,quantile,0.5,8,2027-05-08
2027-04-17,wk inc flu hosp,3,55,quantile,0.55,8,2027-05-08
2027-04-17,wk inc flu hosp,3,55,quantile,0.6,9,2027-05-08
2027-04-17,wk inc flu hosp,3,55,quantile,0.65,9,2027-05-08
2027-04-17,wk inc flu hosp,3,55,quantile,0.7,10,2027-05-08
2027-04-17,wk inc flu hosp,3,55,quantile,0.75,11,2027-05-08
2027-04-17,wk inc flu hosp,3,55,quantile,0.8,11,2027-05-08
2027-04-17,wk inc flu hosp,3,55,quantile,0.85,13,2027-05-08
2027-04-17,wk inc flu hosp,3,55,quantile,0.9,14,2027-05-08
2027-04-17,wk inc flu hosp,3,55,quantile,0.95,17,2027-05-08
2027-04-17,wk inc flu hosp,3,55,quantile,0.975,18,2027-05-08
2027-04-17,wk inc flu hosp,3,55,quantile,0.99,23,2027-05-08
2027-04-17,wk inc flu hosp,3,56,quantile,0.01,0,2027-05-08
2027-04-17,wk inc flu hosp,3,56,quantile,0.025,0,2027-05-08
2027-04-17,wk inc flu hosp,3,56,quantile,0.05,0,2027-05-08
2027-04-17,wk inc flu hosp,3,56,quantile,0.1,0,2027-05-08
2027-04-17,wk inc flu hosp,3,56,quantile,0.15,0,2027-05-08
2027-04-17,wk inc flu hosp,3,56,quantile,0.2,0,2027-05-08
2027-04-17,wk inc flu hosp,3,56,quantile,0.25,0,2027-05-08
2027-04-17,wk inc flu hosp,3,56,quantile,0.3,0,2027-05-08
2027-04-17,wk inc flu hosp,3,56,quantile,0.35,0,2027-05-08
2027-04-17,wk inc flu hosp,3,56,quantile,0.4,0,2027-05-08
2027-04-17,wk inc flu hosp,3,56,quantile,0.45,1,2027-05-08
2027-04-17,wk inc flu hosp,3,56,quantile,0.5,1,2027-05-08
2027-04-17,wk inc flu hosp,3,56,quantile,0.55,2,2027-05-08
2027-04-17,wk inc flu hosp,3,56,quantile,0.6,2,2027-05-08
2027-04-17,wk inc flu hosp,3,56,quantile,0.65,3,2027-05-08
2027-04-17,wk inc flu hosp,3,56,quantile,0.7,4,2027-05-08
2027-04-17,wk inc flu hosp,3,56,quantile,0.75,4,2027-05-08
2027-04-17,wk inc flu hosp,3,56,quantile,0.8,5,2027-05-08
2027-04-17,wk inc flu hosp,3,56,quantile,0.85,6,2027-05-08
2027-04-17,wk inc flu hosp,3,56,quantile,0.9,9,2027-05-08
2027-04-17,wk inc flu hosp,3,56,quantile,0.95,11,2027-05-08
2027-04-17,wk inc flu hosp,3,56,quantile,0.975,15,2027-05-08
2027-04-17,wk inc flu hosp,3,56,quantile,0.99,18,2027-05-08
2027-04-17,wk inc flu hosp,3,72,quantile,0.01,17,2027-05-08
2027-04-17,wk inc flu hosp,3,72,quantile,0.025,20,2027-05-08
2027-04-17,wk inc flu hosp,3,72,quantile,0.05,26,2027-05-08
2027-04-17,wk inc flu hosp,3,72,quantile,0.1,32,2027-05-08
2027-04-17,wk inc flu hosp,3,72,quantile,0.15,39,2027-05-08
2027-04-17,wk inc flu hosp,3,72,quantile,0.2,46,2027-05-08
2027-04-17,wk inc flu hosp,3,72,quantile,0.25,50,2027-05-08
2027-04-17,wk inc flu hosp,3,72,quantile,0.3,58,2027-05-08
2027-04-17,wk inc flu hosp,3,72,quantile,0.35,60,2027-05-08
2027-04-17,wk inc flu hosp,3,72,quantile,0.4,64,2027-05-08
2027-04-17,wk inc flu hosp,3,72,quantile,0.45,68,2027-05-08
2027-04-17,wk inc flu hosp,3,72,quantile,0.5,71,2027-05-08
2027-04-17,wk inc flu hosp,3,72,quantile,0.55,75,2027-05-08
2027-04-17,wk inc flu hosp,3,72,quantile,0.6,78,2027-05-08
2027-04-17,wk inc flu hosp,3,72,quantile,0.65,84,2027-05-08
2027-04-17,wk inc flu hosp,3,72,quantile,0.7,90,2027-05-08
2027-04-17,wk inc flu hosp,3,72,quantile,0.75,97,2027-05-08
2027-04-17,wk inc flu hosp,3,72,quantile,0.8,109,2027-05-08
2027-04-17,wk inc flu hosp,3,72,quantile,0.85,117,2027-05-08
2027-04-17,wk inc flu hosp,3,72,quantile,0.9,123,2027-05-08
2027-04-17,wk inc flu hosp,3,72,quantile,0.95,136,2027-05-08
2027-04-17,wk inc flu hosp,3,72,quantile,0.975,152,2027-05-08
2027-04-17,wk inc flu hosp,3,72,quantile,0.99,175,2027-05-08
2027-04-17,wk inc flu hosp,3,USA,quantile,0.01,818,2027-05-08
2027-04-17,wk inc flu hosp,3,USA,quantile,0.025,842,2027-05-08
2027-04-17,wk inc flu hosp,3,USA,quantile,0.05,882,2027-05-08
2027-04-17,wk inc flu hosp,3,USA,quantile,0.1,944,2027-05-08
2027-04-17,wk inc flu hosp,3,USA,quantile,0.15,972,2027-05-08
2027-04-17,wk inc flu hosp,3,USA,quantile,0.2,1000,2027-05-08
2027-04-17,wk inc flu hosp,3,USA,quantile,0.25,1018,2027-05-08
2027-04-17,wk inc flu hosp,3,USA,quantile,0.3,1036,2027-05-08
2027-04-17,wk inc flu hosp,3,USA,quantile,0.35,1043,2027-05-08
2027-04-17,wk inc flu hosp,3,USA,quantile,0.4,1061,2027-05-08
2027-04-17,wk inc flu hosp,3,USA,quantile,0.45,1083,2027-05-08
2027-04-17,wk inc flu hosp,3,USA,quantile,0.5,1098,2027-05-08
2027-04-17,wk inc flu hosp,3,USA,quantile,0.55,1107,2027-05-08
2027-04-17,wk inc flu hosp,3,USA,quantile,0.6,1124,2027-05-08
2027-04-17,wk inc flu hosp,3,USA,quantile,0.65,1149,2027-05-08
2027-04-17,wk inc flu hosp,3,USA,quantile,0.7,1162,2027-05-08
2027-04-17,wk inc flu hosp,3,USA,quantile,0.75,1175,2027-05-08
2027-04-17,wk inc flu hosp,3,USA,quantile,0.8,1210,2027-05-08
2027-04-17,wk inc flu hosp,3,USA,quantile,0.85,1234,2027-05-08
2027-04-17,wk inc flu hosp,3,USA,quantile,0.9,1282,2027-05-08
2027-04-17,wk inc flu hosp,3,USA,quantile,0.95,1344,2027-05-08
2027-04-17,wk inc flu hosp,3,USA,quantile,0.975,1419,2027-05-08
2027-04-17,wk inc flu hosp,3,USA,quantile,0.99,1507,2027-05-08
