reference_date,target,horizon,location,output_type,output_type_id,value,target_end_date
2027-05-01,wk inc flu hosp,0,01,quantile,0.01,7,2027-05-01
2027-05-01,wk inc flu hosp,0,01,quantile,0.025,8,2027-05-01
2027-05-01,wk inc flu hosp,0,01,quantile,0.05,9,2027-05-01
2027-05-01,wk inc flu hosp,0,01,quantile,0.1,9,2027-05-01
2027-05-01,wk inc flu hosp,0,01,quantile,0.15,10,2027-05-01
2027-05-01,wk inc flu hosp,0,01,quantile,0.2,11,2027-05-01
2027-05-01,wk inc flu hosp,0,01,quantile,0.25,11,2027-05-01
2027-05-01,wk inc flu hosp,0,01,quantile,0.3,12,2027-05-01
2027-05-01,wk inc flu hosp,0,01,quantile,0.35,13,2027-05-01
2027-05-01,wk inc flu hosp,0,01,quantile,0.4,13,2027-05-01
2027-05-01,wk inc flu hosp,0,01,quantile,0.45,14,2027-05-01
2027-05-01,wk inc flu hosp,0,01,quantile,0.5,14,2027-05-01
2027-05-01,wk inc flu hosp,0,01,quantile,0.55,15,2027-05-01
2027-05-01,wk inc flu hosp,0,01,quantile,0.6,16,2027-05-01
2027-05-01,wk inc flu hosp,0,01,quantile,0.65,17,2027-05-01
2027-05-01,wk inc flu hosp,0,01,quantile,0.7,18,2027-05-01
2027-05-01,wk inc flu hosp,0,01,quantile,0.75,18,2027-05-01
2027-05-01,wk inc flu hosp,0,01,quantile,0.8,19,2027-05-01
2027-05-01,wk inc flu hosp,0,01,quantile,0.85,20,2027-05-01
2027-05-01,wk inc flu hosp,0,01,quantile,0.9,21,2027-05-01
2027-05-01,wk inc flu hosp,0,01,quantile,0.95,23,2027-05-01
2027-05-01,wk inc flu hosp,0,01,quantile,0.975,26,2027-05-01
2027-05-01,wk inc flu hosp,0,01,quantile,0.99,27,2027-05-01
2027-05-01,wk inc flu hosp,0,02,quantile,0.01,1,2027-05-01
2027-05-01,wk inc flu hosp,0,02,quantile,0.025,1,2027-05-01
2027-05-01,wk inc flu hosp,0,02,quantile,0.05,2,2027-05-01
2027-05-01,wk inc flu hosp,0,02,quantile,0.1,2,2027-05-01
2027-05-01,wk inc flu hosp,0,02,quantile,0.15,2,2027-05-01
2027-05-01,wk inc flu hosp,0,02,quantile,0.2,3,2027-05-01
2027-05-01,wk inc flu hosp,0,02,quantile,0.25,3,2027-05-01
2027-05-01,wk inc flu hosp,0,02,quantile,0.3,4,2027-05-01
2027-05-01,wk inc flu hosp,0,02,quantile,0.35,4,2027-05-01
2027-05-01,wk inc flu hosp,0,02,quantile,0.4,5,2027-05-01
2027-05-01,wk inc flu hosp,0,02,quantile,0.45,5,2027-05-01
2027-05-01,wk inc flu hosp,0,02,quantile,0.5,6,2027-05-01
2027-05-01,wk inc flu hosp,0,02,quantile,0.55,7,2027-05-01
2027-05-01,wk inc flu hosp,0,02,quantile,0.6,7,2027-05-01
2027-05-01,wk inc flu hosp,0,02,quantile,0.65,8,2027-05-01
2027-05-01,wk inc flu hosp,0,02,quantile,0.7,8,2027-05-01
2027-05-01,wk inc flu hosp,0,02,quantile,0.75,9,2027-05-01
2027-05-01,wk inc flu hosp,0,02,quantile,0.8,9,2027-05-01
2027-05-01,wk inc flu hosp,0,02,quantile,0.85,10,2027-05-01
2027-05-01,wk inc flu hosp,0,02,quantile,0.9,11,2027-05-01
2027-05-01,wk inc flu hosp,0,02,quantile,0.95,13,2027-05-01
2027-05-01,wk inc flu hosp,0,02,quantile,0.975,15,2027-05-01
2027-05-01,wk inc flu hosp,0,02,quantile,0.99,16,2027-05-01
2027-05-01,wk inc flu hosp,0,04,quantile,0.01,50,2027-05-01
2027-05-01,wk inc flu hosp,0,04,quantile,0.025,53,2027-05-01
2027-05-01,wk inc flu hosp,0,04,quantile,0.05,54,2027-05-01
2027-05-01,wk inc flu hosp,0,04,quantile,0.1,59,2027-05-01
2027-05-01,wk inc flu hosp,0,04,quantile,0.15,63,2027-05-01
2027-05-01,wk inc flu hosp,0,04,quantile,0.2,66,2027-05-01
2027-05-01,wk inc flu hosp,0,04,quantile,0.25,67,2027-05-01
2027-05-01,wk inc flu hosp,0,04,quantile,0.3,70,2027-05-01
2027-05-01,wk inc flu hosp,0,04,quantile,0.35,71,2027-05-01
2027-05-01,wk inc flu hosp,0,04,quantile,0.4,74,2027-05-01
2027-05-01,wk inc flu hosp,0,04,quantile,0.45,76,2027-05-01
2027-05-01,wk inc flu hosp,0,04,quantile,0.5,77,2027-05-01
2027-05-01,wk inc flu hosp,0,04,quantile,0.55,79,2027-05-01
2027-05-01,wk inc flu hosp,0,04,quantile,0.6,81,2027-05-01
2027-05-01,wk inc flu hosp,0,04,quantile,0.65,84,2027-05-01
2027-05-01,wk inc flu hosp,0,04,quantile,0.7,85,2027-05-01
2027-05-01,wk inc flu hosp,0,04,quantile,0.75,87,2027-05-01
2027-05-01,wk inc flu hosp,0,04,quantile,0.8,90,2027-05-01
2027-05-01,wk inc flu hosp,0,04,quantile,0.85,93,2027-05-01
2027-05-01,wk inc flu hosp,0,04,quantile,0.9,96,2027-05-01
2027-05-01,wk inc flu hosp,0,04,quantile,0.95,105,2027-05-01
2027-05-01,wk inc flu hosp,0,04,quantile,0.975,111,2027-05-01
2027-05-01,wk inc flu hosp,0,04,quantile,0.99,126,2027-05-01
2027-05-01,wk inc flu hosp,0,05,quantile,0.01,7,2027-05-01
2027-05-01,wk inc flu hosp,0,05,quantile,0.025,8,2027-05-01
2027-05-01,wk inc flu hosp,0,05,quantile,0.05,10,2027-05-01
2027-05-01,wk inc flu hosp,0,05,quantile,0.1,12,2027-05-01
2027-05-01,wk inc flu hosp,0,05,quantile,0.15,13,2027-05-01
2027-05-01,wk inc flu hosp,0,05,quantile,0.2,13,2027-05-01
2027-05-01,wk inc flu hosp,0,05,quantile,0.25,14,2027-05-01
2027-05-01,wk inc flu hosp,0,05,quantile,0.3,15,2027-05-01
2027-05-01,wk inc flu hosp,0,05,quantile,0.35,16,2027-05-01
2027-05-01,wk inc flu hosp,0,05,quantile,0.4,17,2027-05-01
2027-05-01,wk inc flu hosp,0,05,quantile,0.45,17,2027-05-01
2027-05-01,wk inc flu hosp,0,05,quantile,0.5,18,2027-05-01
2027-05-01,wk inc flu hosp,0,05,quantile,0.55,18,2027-05-01
2027-05-01,wk inc flu hosp,0,05,quantile,0.6,19,2027-05-01
2027-05-01,wk inc flu hosp,0,05,quantile,0.65,20,2027-05-01
2027-05-01,wk inc flu hosp,0,05,quantile,0.7,20,2027-05-01
2027-05-01,wk inc flu hosp,0,05,quantile,0.75,22,2027-05-01
2027-05-01,wk inc flu hosp,0,05,quantile,0.8,23,2027-05-01
2027-05-01,wk inc flu hosp,0,05,quantile,0.85,24,2027-05-01
2027-05-01,wk inc flu hosp,0,05,quantile,0.9,25,2027-05-01
2027-05-01,wk inc flu hosp,0,05,quantile,0.95,27,2027-05-01
2027-05-01,wk inc flu hosp,0,05,quantile,0.975,30,2027-05-01
2027-05-01,wk inc flu hosp,0,05,quantile,0.99,32,2027-05-01
2027-05-01,wk inc flu hosp,0,06,quantile,0.01,122,2027-05-01
2027-05-01,wk inc flu hosp,0,06,quantile,0.025,128,2027-05-01
2027-05-01,wk inc flu hosp,0,06,quantile,0.05,134,2027-05-01
2027-05-01,wk inc flu hosp,0,06,quantile,0.1,146,2027-05-01
2027-05-01,wk inc flu hosp,0,06,quantile,0.15,151,2027-05-01
2027-05-01,wk inc flu hosp,0,06,quantile,0.2,155,2027-05-01
2027-05-01,wk inc flu hosp,0,06,quantile,0.25,158,2027-05-01
2027-05-01,wk inc flu hosp,0,06,quantile,0.3,161,2027-05-01
2027-05-01,wk inc flu hosp,0,06,quantile,0.35,164,2027-05-01
2027-05-01,wk inc flu hosp,0,06,quantile,0.4,167,2027-05-01
2027-05-01,wk inc flu hosp,0,06,quantile,0.45,174,2027-05-01
2027-05-01,wk inc flu hosp,0,06,quantile,0.5,176,2027-05-01
2027-05-01,wk inc flu hosp,0,06,quantile,0.55,181,2027-05-01
2027-05-01,wk inc flu hosp,0,06,quantile,0.6,186,2027-05-01
2027-05-01,wk inc flu hosp,0,06,quantile,0.65,193,2027-05-01
2027-05-01,wk inc flu hosp,0,06,quantile,0.7,200,2027-05-01
2027-05-01,wk inc flu hosp,0,06,quantile,0.75,206,2027-05-01
2027-05-01,wk inc flu hosp,0,06,quantile,0.8,214,2027-05-01
2027-05-01,wk inc flu hosp,0,06,quantile,0.85,222,2027-05-01
2027-05-01,wk inc flu hosp,0,06,quantile,0.9,234,2027-05-01
2027-05-01,wk inc flu hosp,0,06,quantile,0.95,248,2027-05-01
2027-05-01,wk inc flu hosp,0,06,quantile,0.975,253,2027-05-01
2027-05-01,wk inc flu hosp,0,06,quantile,0.99,266,2027-05-01
2027-05-01,wk inc flu hosp,0,08,quantile,0.01,13,2027-05-01
2027-05-01,wk inc flu hosp,0,08,quantile,0.025,14,2027-05-01
2027-05-01,wk inc flu hosp,0,08,quantile,0.05,14,2027-05-01
2027-05-01,wk inc flu hosp,0,08,quantile,0.1,17,2027-05-01
2027-05-01,wk inc flu hosp,0,08,quantile,0.15,18,2027-05-01
2027-05-01,wk inc flu hosp,0,08,quantile,0.2,19,2027-05-01
2027-05-01,wk inc flu hosp,0,08,quantile,0.25,20,2027-05-01
2027-05-01,wk inc flu hosp,0,08,quantile,0.3,21,2027-05-01
2027-05-01,wk inc flu hosp,0,08,quantile,0.35,22,2027-05-01
2027-05-01,wk inc flu hosp,0,08,quantile,0.4,22,2027-05-01
2027-05-01,wk inc flu hosp,0,08,quantile,0.45,23,2027-05-01
2027-05-01,wk inc flu hosp,0,08,quantile,0.5,24,2027-05-01
2027-05-01,wk inc flu hosp,0,08,quantile,0.55,25,2027-05-01
2027-05-01,wk inc flu hosp,0,08,quantile,0.6,26,2027-05-01
2027-05-01,wk inc flu hosp,0,08,quantile,0.65,26,2027-05-01
2027-05-01,wk inc flu hosp,0,08,quantile,0.7,27,2027-05-01
2027-05-01,wk inc flu hosp,0,08,quantile,0.75,28,2027-05-01
2027-05-01,wk inc flu hosp,0,08,quantile,0.8,30,2027-05-01
2027-05-01,wk inc flu hosp,0,08,quantile,0.85,31,2027-05-01
2027-05-01,wk inc flu hosp,0,08,quantile,0.9,32,2027-05-01
2027-05-01,wk inc flu hosp,0,08,quantile,0.95,35,2027-05-01
2027-05-01,wk inc flu hosp,0,08,quantile,0.975,37,2027-05-01
2027-05-01,wk inc flu hosp,0,08,quantile,0.99,39,2027-05-01
2027-05-01,wk inc flu hosp,0,09,quantile,0.01,11,2027-05-01
2027-05-01,wk inc flu hosp,0,09,quantile,0.025,14,2027-05-01
2027-05-01,wk inc flu hosp,0,09,quantile,0.05,15,2027-05-01
2027-05-01,wk inc flu hosp,0,09,quantile,0.1,17,2027-05-01
2027-05-01,wk inc flu hosp,0,09,quantile,0.15,18,2027-05-01
2027-05-01,wk inc flu hosp,0,09,quantile,0.2,19,2027-05-01
2027-05-01,wk inc flu hosp,0,09,quantile,0.25,20,2027-05-01
2027-05-01,wk inc flu hosp,0,09,quantile,0.3,21,2027-05-01
2027-05-01,wk inc flu hosp,0,09,quantile,0.35,21,2027-05-01
2027-05-01,wk inc flu hosp,0,09,quantile,0.4,22,2027-05-01
2027-05-01,wk inc flu hosp,0,09,quantile,0.45,23,2027-05-01
2027-05-01,wk inc flu hosp,0,09,quantile,0.5,24,2027-05-01
2027-05-01,wk inc flu hosp,0,09,quantile,0.55,24,2027-05-01
2027-05-01,wk inc flu hosp,0,09,quantile,0.6,25,2027-05-01
2027-05-01,wk inc flu hosp,0,09,quantile,0.65,27,2027-05-01
2027-05-01,wk inc flu hosp,0,09,quantile,0.7,28,2027-05-01
2027-05-01,wk inc flu hosp,0,09,quantile,0.75,29,2027-05-01
2027-05-01,wk inc flu hosp,0,09,quantile,0.8,31,2027-05-01
2027-05-01,wk inc flu hosp,0,09,quantile,0.85,33,2027-05-01
2027-05-01,wk inc flu hosp,0,09,quantile,0.9,34,2027-05-01
2027-05-01,wk inc flu hosp,0,09,quantile,0.95,36,2027-05-01
2027-05-01,wk inc flu hosp,0,09,quantile,0.975,37,2027-05-01
2027-05-01,wk inc flu hosp,0,09,quantile,0.99,40,2027-05-01
2027-05-01,wk inc flu hosp,0,10,quantile,0.01,0,2027-05-01
2027-05-01,wk inc flu hosp,0,10,quantile,0.025,0,2027-05-01
2027-05-01,wk inc flu hosp,0,10,quantile,0.05,0,2027-05-01
2027-05-01,wk inc flu hosp,0,10,quantile,0.1,1,2027-05-01
2027-05-01,wk inc flu hosp,0,10,quantile,0.15,1,2027-05-01
2027-05-01,wk inc flu hosp,0,10,quantile,0.2,1,2027-05-01
2027-05-01,wk inc flu hosp,0,10,quantile,0.25,2,2027-05-01
2027-05-01,wk inc flu hosp,0,10,quantile,0.3,2,2027-05-01
2027-05-01,wk inc flu hosp,0,10,quantile,0.35,3,2027-05-01
2027-05-01,wk inc flu hosp,0,10,quantile,0.4,3,2027-05-01
2027-05-01,wk inc flu hosp,0,10,quantile,0.45,3,2027-05-01
2027-05-01,wk inc flu hosp,0,10,quantile,0.5,3,2027-05-01
2027-05-01,wk inc flu hosp,0,10,quantile,0.55,3,2027-05-01
2027-05-01,wk inc flu hosp,0,10,quantile,0.6,4,2027-05-01
2027-05-01,wk inc flu hosp,0,10,quantile,0.65,4,2027-05-01
2027-05-01,wk inc flu hosp,0,10,quantile,0.7,5,2027-05-01
2027-05-01,wk inc flu hosp,0,10,quantile,0.75,5,2027-05-01
2027-05-01,wk inc flu hosp,0,10,quantile,0.8,6,2027-05-01
2027-05-01,wk inc flu hosp,0,10,quantile,0.85,7,2027-05-01
2027-05-01,wk inc flu hosp,0,10,quantile,0.9,8,2027-05-01
2027-05-01,wk inc flu hosp,0,10,quantile,0.95,9,2027-05-01
2027-05-01,wk inc flu hosp,0,10,quantile,0.975,10,2027-05-01
2027-05-01,wk inc flu hosp,0,10,quantile,0.99,11,2027-05-01
2027-05-01,wk inc flu hosp,0,11,quantile,0.01,0,2027-05-01
2027-05-01,wk inc flu hosp,0,11,quantile,0.025,0,2027-05-01
2027-05-01,wk inc flu hosp,0,11,quantile,0.05,0,2027-05-01
2027-05-01,wk inc flu hosp,0,11,quantile,0.1,0,2027-05-01
2027-05-01,wk inc flu hosp,0,11,quantile,0.15,0,2027-05-01
2027-05-01,wk inc flu hosp,0,11,quantile,0.2,1,2027-05-01
2027-05-01,wk inc flu hosp,0,11,quantile,0.25,1,2027-05-01
2027-05-01,wk inc flu hosp,0,11,quantile,0.3,1,2027-05-01
2027-05-01,wk inc flu hosp,0,11,quantile,0.35,1,2027-05-01
2027-05-01,wk inc flu hosp,0,11,quantile,0.4,1,2027-05-01
2027-05-01,wk inc flu hosp,0,11,quantile,0.45,2,2027-05-01
2027-05-01,wk inc flu hosp,0,11,quantile,0.5,2,2027-05-01
2027-05-01,wk inc flu hosp,0,11,quantile,0.55,2,2027-05-01
2027-05-01,wk inc flu hosp,0,11,quantile,0.6,3,2027-05-01
2027-05-01,wk inc flu hosp,0,11,quantile,0.65,3,2027-05-01
2027-05-01,wk inc flu hosp,0,11,quantile,0.7,4,2027-05-01
2027-05-01,wk inc flu hosp,0,11,quantile,0.75,4,2027-05-01
2027-05-01,wk inc flu hosp,0,11,quantile,0.8,5,2027-05-01
2027-05-01,wk inc flu hosp,0,11,quantile,0.85,5,2027-05-01
2027-05-01,wk inc flu hosp,0,11,quantile,0.9,6,2027-05-01
2027-05-01,wk inc flu hosp,0,11,quantile,0.95,7,2027-05-01
2027-05-01,wk inc flu hosp,0,11,quantile,0.975,8,2027-05-01
2027-05-01,wk inc flu hosp,0,11,quantile,0.99,9,2027-05-01
2027-05-01,wk inc flu hosp,0,12,quantile,0.01,111,2027-05-01
2027-05-01,wk inc flu hosp,0,12,quantile,0.025,123,2027-05-01
2027-05-01,wk inc flu hosp,0,12,quantile,0.05,130,2027-05-01
2027-05-01,wk inc flu hosp,0,12,quantile,0.1,136,2027-05-01
2027-05-01,wk inc flu hosp,0,12,quantile,0.15,143,2027-05-01
2027-05-01,wk inc flu hosp,0,12,quantile,0.2,146,2027-05-01
2027-05-01,wk inc flu hosp,0,12,quantile,0.25,151,2027-05-01
2027-05-01,wk inc flu hosp,0,12,quantile,0.3,155,2027-05-01
2027-05-01,wk inc flu hosp,0,12,quantile,0.35,159,2027-05-01
2027-05-01,wk inc flu hosp,0,12,quantile,0.4,161,2027-05-01
2027-05-01,wk inc flu hosp,0,12,quantile,0.45,167,2027-05-01
2027-05-01,wk inc flu hosp,0,12,quantile,0.5,172,2027-05-01
2027-05-01,wk inc flu hosp,0,12,quantile,0.55,175,2027-05-01
2027-05-01,wk inc flu hosp,0,12,quantile,0.6,178,2027-05-01
2027-05-01,wk inc flu hosp,0,12,quantile,0.65,182,2027-05-01
2027-05-01,wk inc flu hosp,0,12,quantile,0.7,188,2027-05-01
2027-05-01,wk inc flu hosp,0,12,quantile,0.75,192,2027-05-01
2027-05-01,wk inc flu hosp,0,12,quantile,0.8,198,2027-05-01
2027-05-01,wk inc flu hosp,0,12,quantile,0.85,206,2027-05-01
2027-05-01,wk inc flu hosp,0,12,quantile,0.9,217,2027-05-01
2027-05-01,wk inc flu hosp,0,12,quantile,0.95,229,2027-05-01
2027-05-01,wk inc flu hosp,0,12,quantile,0.975,237,2027-05-01
2027-05-01,wk inc flu hosp,0,12,quantile,0.99,268,2027-05-01
2027-05-01,wk inc flu hosp,0,13,quantile,0.01,13,2027-05-01
2027-05-01,wk inc flu hosp,0,13,quantile,0.025,14,2027-05-01
2027-05-01,wk inc flu hosp,0,13,quantile,0.05,16,2027-05-01
2027-05-01,wk inc flu hosp,0,13,quantile,0.1,18,2027-05-01
2027-05-01,wk inc flu hosp,0,13,quantile,0.15,20,2027-05-01
2027-05-01,wk inc flu hosp,0,13,quantile,0.2,20,2027-05-01
2027-05-01,wk inc flu hosp,0,13,quantile,0.25,21,2027-05-01
2027-05-01,wk inc flu hosp,0,13,quantile,0.3,22,2027-05-01
2027-05-01,wk inc flu hosp,0,13,quantile,0.35,23,2027-05-01
2027-05-01,wk inc flu hosp,0,13,quantile,0.4,23,2027-05-01
2027-05-01,wk inc flu hosp,0,13,quantile,0.45,24,2027-05-01
2027-05-01,wk inc flu hosp,0,13,quantile,0.5,25,2027-05-01
2027-05-01,wk inc flu hosp,0,13,quantile,0.55,26,2027-05-01
2027-05-01,wk inc flu hosp,0,13,quantile,0.6,28,2027-05-01
2027-05-01,wk inc flu hosp,0,13,quantile,0.65,29,2027-05-01
2027-05-01,wk inc flu hosp,0,13,quantile,0.7,29,2027-05-01
2027-05-01,wk inc flu hosp,0,13,quantile,0.75,30,2027-05-01
2027-05-01,wk inc flu hosp,0,13,quantile,0.8,31,2027-05-01
2027-05-01,wk inc flu hosp,0,13,quantile,0.85,32,2027-05-01
2027-05-01,wk inc flu hosp,0,13,quantile,0.9,36,2027-05-01
2027-05-01,wk inc flu hosp,0,13,quantile,0.95,38,2027-05-01
2027-05-01,wk inc flu hosp,0,13,quantile,0.975,41,2027-05-01
2027-05-01,wk inc flu hosp,0,13,quantile,0.99,43,2027-05-01
2027-05-01,wk inc flu hosp,0,15,quantile,0.01,12,2027-05-01
2027-05-01,wk inc flu hosp,0,15,quantile,0.025,13,2027-05-01
2027-05-01,wk inc flu hosp,0,15,quantile,0.05,14,2027-05-01
2027-05-01,wk inc flu hosp,0,15,quantile,0.1,16,2027-05-01
2027-05-01,wk inc flu hosp,0,15,quantile,0.15,18,2027-05-01
2027-05-01,wk inc flu hosp,0,15,quantile,0.2,19,2027-05-01
2027-05-01,wk inc flu hosp,0,15,quantile,0.25,19,2027-05-01
2027-05-01,wk inc flu hosp,0,15,quantile,0.3,21,2027-05-01
2027-05-01,wk inc flu hosp,0,15,quantile,0.35,22,2027-05-01
2027-05-01,wk inc flu hosp,0,15,quantile,0.4,23,2027-05-01
2027-05-01,wk inc flu hosp,0,15,quantile,0.45,24,2027-05-01
2027-05-01,wk inc flu hosp,0,15,quantile,0.5,25,2027-05-01
2027-05-01,wk inc flu hosp,0,15,quantile,0.55,26,2027-05-01
2027-05-01,wk inc flu hosp,0,15,quantile,0.6,27,2027-05-01
2027-05-01,wk inc flu hosp,0,15,quantile,0.65,27,2027-05-01
2027-05-01,wk inc flu hosp,0,15,quantile,0.7,28,2027-05-01
2027-05-01,wk inc flu hosp,0,15,quantile,0.75,29,2027-05-01
2027-05-01,wk inc flu hosp,0,15,quantile,0.8,31,2027-05-01
2027-05-01,wk inc flu hosp,0,15,quantile,0.85,32,2027-05-01
2027-05-01,wk inc flu hosp,0,15,quantile,0.9,34,2027-05-01
2027-05-01,wk inc flu hosp,0,15,quantile,0.95,37,2027-05-01
2027-05-01,wk inc flu hosp,0,15,quantile,0.975,40,2027-05-01
2027-05-01,wk inc flu hosp,0,15,quantile,0.99,44,2027-05-01
2027-05-01,wk inc flu hosp,0,16,quantile,0.01,2,2027-05-01
2027-05-01,wk inc flu hosp,0,16,quantile,0.025,2,2027-05-01
2027-05-01,wk inc flu hosp,0,16,quantile,0.05,3,2027-05-01
2027-05-01,wk inc flu hosp,0,16,quantile,0.1,3,2027-05-01
2027-05-01,wk inc flu hosp,0,16,quantile,0.15,4,2027-05-01
2027-05-01,wk inc flu hosp,0,16,quantile,0.2,5,2027-05-01
2027-05-01,wk inc flu hosp,0,16,quantile,0.25,5,2027-05-01
2027-05-01,wk inc flu hosp,0,16,quantile,0.3,5,2027-05-01
2027-05-01,wk inc flu hosp,0,16,quantile,0.35,6,2027-05-01
2027-05-01,wk inc flu hosp,0,16,quantile,0.4,6,2027-05-01
2027-05-01,wk inc flu hosp,0,16,quantile,0.45,7,2027-05-01
2027-05-01,wk inc flu hosp,0,16,quantile,0.5,7,2027-05-01
2027-05-01,wk inc flu hosp,0,16,quantile,0.55,8,2027-05-01
2027-05-01,wk inc flu hosp,0,16,quantile,0.6,8,2027-05-01
2027-05-01,wk inc flu hosp,0,16,quantile,0.65,9,2027-05-01
2027-05-01,wk inc flu hosp,0,16,quantile,0.7,9,2027-05-01
2027-05-01,wk inc flu hosp,0,16,quantile,0.75,10,2027-05-01
2027-05-01,wk inc flu hosp,0,16,quantile,0.8,11,2027-05-01
2027-05-01,wk inc flu hosp,0,16,quantile,0.85,11,2027-05-01
2027-05-01,wk inc flu hosp,0,16,quantile,0.9,12,2027-05-01
2027-05-01,wk inc flu hosp,0,16,quantile,0.95,14,2027-05-01
2027-05-01,wk inc flu hosp,0,16,quantile,0.975,16,2027-05-01
2027-05-01,wk inc flu hosp,0,16,quantile,0.99,20,2027-05-01
2027-05-01,wk inc flu hosp,0,17,quantile,0.01,29,2027-05-01
2027-05-01,wk inc flu hosp,0,17,quantile,0.025,31,2027-05-01
2027-05-01,wk inc flu hosp,0,17,quantile,0.05,32,2027-05-01
2027-05-01,wk inc flu hosp,0,17,quantile,0.1,34,2027-05-01
2027-05-01,wk inc flu hosp,0,17,quantile,0.15,36,2027-05-01
2027-05-01,wk inc flu hosp,0,17,quantile,0.2,38,2027-05-01
2027-05-01,wk inc flu hosp,0,17,quantile,0.25,40,2027-05-01
2027-05-01,wk inc flu hosp,0,17,quantile,0.3,41,2027-05-01
2027-05-01,wk inc flu hosp,0,17,quantile,0.35,42,2027-05-01
2027-05-01,wk inc flu hosp,0,17,quantile,0.4,43,2027-05-01
2027-05-01,wk inc flu hosp,0,17,quantile,0.45,44,2027-05-01
2027-05-01,wk inc flu hosp,0,17,quantile,0.5,45,2027-05-01
2027-05-01,wk inc flu hosp,0,17,quantile,0.55,46,2027-05-01
2027-05-01,wk inc flu hosp,0,17,quantile,0.6,48,2027-05-01
2027-05-01,wk inc flu hosp,0,17,quantile,0.65,49,2027-05-01
2027-05-01,wk inc flu hosp,0,17,quantile,0.7,51,2027-05-01
2027-05-01,wk inc flu hosp,0,17,quantile,0.75,52,2027-05-01
2027-05-01,wk inc flu hosp,0,17,quantile,0.8,54,2027-05-01
2027-05-01,wk inc flu hosp,0,17,quantile,0.85,56,2027-05-01
2027-05-01,wk inc flu hosp,0,17,quantile,0.9,58,2027-05-01
2027-05-01,wk inc flu hosp,0,17,quantile,0.95,61,2027-05-01
2027-05-01,wk inc flu hosp,0,17,quantile,0.975,67,2027-05-01
2027-05-01,wk inc flu hosp,0,17,quantile,0.99,69,2027-05-01
2027-05-01,wk inc flu hosp,0,18,quantile,0.01,10,2027-05-01
2027-05-01,wk inc flu hosp,0,18,quantile,0.025,11,2027-05-01
2027-05-01,wk inc flu hosp,0,18,quantile,0.05,12,2027-05-01
2027-05-01,wk inc flu hosp,0,18,quantile,0.1,14,2027-05-01
2027-05-01,wk inc flu hosp,0,18,quantile,0.15,16,2027-05-01
2027-05-01,wk inc flu hosp,0,18,quantile,0.2,16,2027-05-01
2027-05-01,wk inc flu hosp,0,18,quantile,0.25,16,2027-05-01
2027-05-01,wk inc flu hosp,0,18,quantile,0.3,17,2027-05-01
2027-05-01,wk inc flu hosp,0,18,quantile,0.35,18,2027-05-01
2027-05-01,wk inc flu hosp,0,18,quantile,0.4,19,2027-05-01
2027-05-01,wk inc flu hosp,0,18,quantile,0.45,19,2027-05-01
2027-05-01,wk inc flu hosp,0,18,quantile,0.5,20,2027-05-01
2027-05-01,wk inc flu hosp,0,18,quantile,0.55,21,2027-05-01
2027-05-01,wk inc flu hosp,0,18,quantile,0.6,21,2027-05-01
2027-05-01,wk inc flu hosp,0,18,quantile,0.65,23,2027-05-01
2027-05-01,wk inc flu hosp,0,18,quantile,0.7,23,2027-05-01
2027-05-01,wk inc flu hosp,0,18,quantile,0.75,24,2027-05-01
2027-05-01,wk inc flu hosp,0,18,quantile,0.8,26,2027-05-01
2027-05-01,wk inc flu hosp,0,18,quantile,0.85,28,2027-05-01
2027-05-01,wk inc flu hosp,0,18,quantile,0.9,29,2027-05-01
2027-05-01,wk inc flu hosp,0,18,quantile,0.95,32,2027-05-01
2027-05-01,wk inc flu hosp,0,18,quantile,0.975,35,2027-05-01
2027-05-01,wk inc flu hosp,0,18,quantile,0.99,37,2027-05-01
2027-05-01,wk inc flu hosp,0,19,quantile,0.01,2,2027-05-01
2027-05-01,wk inc flu hosp,0,19,quantile,0.025,2,2027-05-01
2027-05-01,wk inc flu hosp,0,19,quantile,0.05,3,2027-05-01
2027-05-01,wk inc flu hosp,0,19,quantile,0.1,3,2027-05-01
2027-05-01,wk inc flu hosp,0,19,quantile,0.15,5,2027-05-01
2027-05-01,wk inc flu hosp,0,19,quantile,0.2,5,2027-05-01
2027-05-01,wk inc flu hosp,0,19,quantile,0.25,6,2027-05-01
2027-05-01,wk inc flu hosp,0,19,quantile,0.3,6,2027-05-01
2027-05-01,wk inc flu hosp,0,19,quantile,0.35,7,2027-05-01
2027-05-01,wk inc flu hosp,0,19,quantile,0.4,7,2027-05-01
2027-05-01,wk inc flu hosp,0,19,quantile,0.45,7,2027-05-01
2027-05-01,wk inc flu hosp,0,19,quantile,0.5,8,2027-05-01
2027-05-01,wk inc flu hosp,0,19,quantile,0.55,8,2027-05-01
2027-05-01,wk inc flu hosp,0,19,quantile,0.6,9,2027-05-01
2027-05-01,wk inc flu hosp,0,19,quantile,0.65,9,2027-05-01
2027-05-01,wk inc flu hosp,0,19,quantile,0.7,10,2027-05-01
2027-05-01,wk inc flu hosp,0,19,quantile,0.75,11,2027-05-01
2027-05-01,wk inc flu hosp,0,19,quantile,0.8,12,2027-05-01
2027-05-01,wk inc flu hosp,0,19,quantile,0.85,13,2027-05-01
2027-05-01,wk inc flu hosp,0,19,quantile,0.9,13,2027-05-01
2027-05-01,wk inc flu hosp,0,19,quantile,0.95,14,2027-05-01
2027-05-01,wk inc flu hosp,0,19,quantile,0.975,16,2027-05-01
2027-05-01,wk inc flu hosp,0,19,quantile,0.99,18,2027-05-01
2027-05-01,wk inc flu hosp,0,20,quantile,0.01,2,2027-05-01
2027-05-01,wk inc flu hosp,0,20,quantile,0.025,2,2027-05-01
2027-05-01,wk inc flu hosp,0,20,quantile,0.05,2,2027-05-01
2027-05-01,wk inc flu hosp,0,20,quantile,0.1,3,2027-05-01
2027-05-01,wk inc flu hosp,0,20,quantile,0.15,4,2027-05-01
2027-05-01,wk inc flu hosp,0,20,quantile,0.2,5,2027-05-01
2027-05-01,wk inc flu hosp,0,20,quantile,0.25,5,2027-05-01
2027-05-01,wk inc flu hosp,0,20,quantile,0.3,5,2027-05-01
2027-05-01,wk inc flu hosp,0,20,quantile,0.35,6,2027-05-01
2027-05-01,wk inc flu hosp,0,20,quantile,0.4,7,2027-05-01
2027-05-01,wk inc flu hosp,0,20,quantile,0.45,7,2027-05-01
2027-05-01,wk inc flu hosp,0,20,quantile,0.5,7,2027-05-01
2027-05-01,wk inc flu hosp,0,20,quantile,0.55,8,2027-05-01
2027-05-01,wk inc flu hosp,0,20,quantile,0.6,8,2027-05-01
2027-05-01,wk inc flu hosp,0,20,quantile,0.65,8,2027-05-01
2027-05-01,wk inc flu hosp,0,20,quantile,0.7,9,2027-05-01
2027-05-01,wk inc flu hosp,0,20,quantile,0.75,9,2027-05-01
2027-05-01,wk inc flu hosp,0,20,quantile,0.8,10,2027-05-01
2027-05-01,wk inc flu hosp,0,20,quantile,0.85,11,2027-05-01
2027-05-01,wk inc flu hosp,0,20,quantile,0.9,12,2027-05-01
2027-05-01,wk inc flu hosp,0,20,quantile,0.95,15,2027-05-01
2027-05-01,wk inc flu hosp,0,20,quantile,0.975,16,2027-05-01
2027-05-01,wk inc flu hosp,0,20,quantile,0.99,17,2027-05-01
2027-05-01,wk inc flu hosp,0,21,quantile,0.01,6,2027-05-01
2027-05-01,wk inc flu hosp,0,21,quantile,0.025,7,2027-05-01
2027-05-01,wk inc flu hosp,0,21,quantile,0.05,8,2027-05-01
2027-05-01,wk inc flu hosp,0,21,quantile,0.1,9,2027-05-01
2027-05-01,wk inc flu hosp,0,21,quantile,0.15,10,2027-05-01
2027-05-01,wk inc flu hosp,0,21,quantile,0.2,11,2027-05-01
2027-05-01,wk inc flu hosp,0,21,quantile,0.25,12,2027-05-01
2027-05-01,wk inc flu hosp,0,21,quantile,0.3,12,2027-05-01
2027-05-01,wk inc flu hosp,0,21,quantile,0.35,13,2027-05-01
2027-05-01,wk inc flu hosp,0,21,quantile,0.4,14,2027-05-01
2027-05-01,wk inc flu hosp,0,21,quantile,0.45,14,2027-05-01
2027-05-01,wk inc flu hosp,0,21,quantile,0.5,15,2027-05-01
2027-05-01,wk inc flu hosp,0,21,quantile,0.55,15,2027-05-01
2027-05-01,wk inc flu hosp,0,21,quantile,0.6,16,2027-05-01
2027-05-01,wk inc flu hosp,0,21,quantile,0.65,16,2027-05-01
2027-05-01,wk inc flu hosp,0,21,quantile,0.7,17,2027-05-01
2027-05-01,wk inc flu hosp,0,21,quantile,0.75,18,2027-05-01
2027-05-01,wk inc flu hosp,0,21,quantile,0.8,19,2027-05-01
2027-05-01,wk inc flu hosp,0,21,quantile,0.85,20,2027-05-01
2027-05-01,wk inc flu hosp,0,21,quantile,0.9,21,2027-05-01
2027-05-01,wk inc flu hosp,0,21,quantile,0.95,24,2027-05-01
2027-05-01,wk inc flu hosp,0,21,quantile,0.975,26,2027-05-01
2027-05-01,wk inc flu hosp,0,21,quantile,0.99,26,2027-05-01
2027-05-01,wk inc flu hosp,0,22,quantile,0.01,11,2027-05-01
2027-05-01,wk inc flu hosp,0,22,quantile,0.025,14,2027-05-01
2027-05-01,wk inc flu hosp,0,22,quantile,0.05,15,2027-05-01
2027-05-01,wk inc flu hosp,0,22,quantile,0.1,16,2027-05-01
2027-05-01,wk inc flu hosp,0,22,quantile,0.15,17,2027-05-01
2027-05-01,wk inc flu hosp,0,22,quantile,0.2,18,2027-05-01
2027-05-01,wk inc flu hosp,0,22,quantile,0.25,20,2027-05-01
2027-05-01,wk inc flu hosp,0,22,quantile,0.3,21,2027-05-01
2027-05-01,wk inc flu hosp,0,22,quantile,0.35,22,2027-05-01
2027-05-01,wk inc flu hosp,0,22,quantile,0.4,22,2027-05-01
2027-05-01,wk inc flu hosp,0,22,quantile,0.45,23,2027-05-01
2027-05-01,wk inc flu hosp,0,22,quantile,0.5,24,2027-05-01
2027-05-01,wk inc flu hosp,0,22,quantile,0.55,25,2027-05-01
2027-05-01,wk inc flu hosp,0,22,quantile,0.6,26,2027-05-01
2027-05-01,wk inc flu hosp,0,22,quantile,0.65,26,2027-05-01
2027-05-01,wk inc flu hosp,0,22,quantile,0.7,28,2027-05-01
2027-05-01,wk inc flu hosp,0,22,quantile,0.75,30,2027-05-01
2027-05-01,wk inc flu hosp,0,22,quantile,0.8,31,2027-05-01
2027-05-01,wk inc flu hosp,0,22,quantile,0.85,32,2027-05-01
2027-05-01,wk inc flu hosp,0,22,quantile,0.9,34,2027-05-01
2027-05-01,wk inc flu hosp,0,22,quantile,0.95,35,2027-05-01
2027-05-01,wk inc flu hosp,0,22,quantile,0.975,37,2027-05-01
2027-05-01,wk inc flu hosp,0,22,quantile,0.99,40,2027-05-01
2027-05-01,wk inc flu hosp,0,23,quantile,0.01,1,2027-05-01
2027-05-01,wk inc flu hosp,0,23,quantile,0.025,1,2027-05-01
2027-05-01,wk inc flu hosp,0,23,quantile,0.05,1,2027-05-01
2027-05-01,wk inc flu hosp,0,23,quantile,0.1,2,2027-05-01
2027-05-01,wk inc flu hosp,0,23,quantile,0.15,2,2027-05-01
2027-05-01,wk inc flu hosp,0,23,quantile,0.2,3,2027-05-01
2027-05-01,wk inc flu hosp,0,23,quantile,0.25,3,2027-05-01
2027-05-01,wk inc flu hosp,0,23,quantile,0.3,4,2027-05-01
2027-05-01,wk inc flu hosp,0,23,quantile,0.35,4,2027-05-01
2027-05-01,wk inc flu hosp,0,23,quantile,0.4,5,2027-05-01
2027-05-01,wk inc flu hosp,0,23,quantile,0.45,5,2027-05-01
2027-05-01,wk inc flu hosp,0,23,quantile,0.5,6,2027-05-01
2027-05-01,wk inc flu hosp,0,23,quantile,0.55,6,2027-05-01
2027-05-01,wk inc flu hosp,0,23,quantile,0.6,7,2027-05-01
2027-05-01,wk inc flu hosp,0,23,quantile,0.65,7,2027-05-01
2027-05-01,wk inc flu hosp,0,23,quantile,0.7,8,2027-05-01
2027-05-01,wk inc flu hosp,0,23,quantile,0.75,8,2027-05-01
2027-05-01,wk inc flu hosp,0,23,quantile,0.8,9,2027-05-01
2027-05-01,wk inc flu hosp,0,23,quantile,0.85,10,2027-05-01
2027-05-01,wk inc flu hosp,0,23,quantile,0.9,10,2027-05-01
2027-05-01,wk inc flu hosp,0,23,quantile,0.95,11,2027-05-01
2027-05-01,wk inc flu hosp,0,23,quantile,0.975,12,2027-05-01
2027-05-01,wk inc flu hosp,0,23,quantile,0.99,13,2027-05-01
2027-05-01,wk inc flu hosp,0,24,quantile,0.01,9,2027-05-01
2027-05-01,wk inc flu hosp,0,24,quantile,0.025,10,2027-05-01
2027-05-01,wk inc flu hosp,0,24,quantile,0.05,12,2027-05-01
2027-05-01,wk inc flu hosp,0,24,quantile,0.1,13,2027-05-01
2027-05-01,wk inc flu hosp,0,24,quantile,0.15,14,2027-05-01
2027-05-01,wk inc flu hosp,0,24,quantile,0.2,15,2027-05-01
2027-05-01,wk inc flu hosp,0,24,quantile,0.25,16,2027-05-01
2027-05-01,wk inc flu hosp,0,24,quantile,0.3,16,2027-05-01
2027-05-01,wk inc flu hosp,0,24,quantile,0.35,17,2027-05-01
2027-05-01,wk inc flu hosp,0,24,quantile,0.4,18,2027-05-01
2027-05-01,wk inc flu hosp,0,24,quantile,0.45,20,2027-05-01
2027-05-01,wk inc flu hosp,0,24,quantile,0.5,20,2027-05-01
2027-05-01,wk inc flu hosp,0,24,quantile,0.55,21,2027-05-01
2027-05-01,wk inc flu hosp,0,24,quantile,0.6,21,2027-05-01
2027-05-01,wk inc flu hosp,0,24,quantile,0.65,22,2027-05-01
2027-05-01,wk inc flu hosp,0,24,quantile,0.7,23,2027-05-01
2027-05-01,wk inc flu hosp,0,24,quantile,0.75,24,2027-05-01
2027-05-01,wk inc flu hosp,0,24,quantile,0.8,24,2027-05-01
2027-05-01,wk inc flu hosp,0,24,quantile,0.85,26,2027-05-01
2027-05-01,wk inc flu hosp,0,24,quantile,0.9,27,2027-05-01
2027-05-01,wk inc flu hosp,0,24,quantile,0.95,31,2027-05-01
2027-05-01,wk inc flu hosp,0,24,quantile,0.975,32,2027-05-01
2027-05-01,wk inc flu hosp,0,24,quantile,0.99,35,2027-05-01
2027-05-01,wk inc flu hosp,0,25,quantile,0.01,22,2027-05-01
2027-05-01,wk inc flu hosp,0,25,quantile,0.025,26,2027-05-01
2027-05-01,wk inc flu hosp,0,25,quantile,0.05,27,2027-05-01
2027-05-01,wk inc flu hosp,0,25,quantile,0.1,29,2027-05-01
2027-05-01,wk inc flu hosp,0,25,quantile,0.15,31,2027-05-01
2027-05-01,wk inc flu hosp,0,25,quantile,0.2,32,2027-05-01
2027-05-01,wk inc flu hosp,0,25,quantile,0.25,33,2027-05-01
2027-05-01,wk inc flu hosp,0,25,quantile,0.3,35,2027-05-01
2027-05-01,wk inc flu hosp,0,25,quantile,0.35,37,2027-05-01
2027-05-01,wk inc flu hosp,0,25,quantile,0.4,37,2027-05-01
2027-05-01,wk inc flu hosp,0,25,quantile,0.45,39,2027-05-01
2027-05-01,wk inc flu hosp,0,25,quantile,0.5,40,2027-05-01
2027-05-01,wk inc flu hosp,0,25,quantile,0.55,40,2027-05-01
2027-05-01,wk inc flu hosp,0,25,quantile,0.6,42,2027-05-01
2027-05-01,wk inc flu hosp,0,25,quantile,0.65,43,2027-05-01
2027-05-01,wk inc flu hosp,0,25,quantile,0.7,43,2027-05-01
2027-05-01,wk inc flu hosp,0,25,quantile,0.75,45,2027-05-01
2027-05-01,wk inc flu hosp,0,25,quantile,0.8,46,2027-05-01
2027-05-01,wk inc flu hosp,0,25,quantile,0.85,47,2027-05-01
2027-05-01,wk inc flu hosp,0,25,quantile,0.9,50,2027-05-01
2027-05-01,wk inc flu hosp,0,25,quantile,0.95,54,2027-05-01
2027-05-01,wk inc flu hosp,0,25,quantile,0.975,58,2027-05-01
2027-05-01,wk inc flu hosp,0,25,quantile,0.99,61,2027-05-01
2027-05-01,wk inc flu hosp,0,26,quantile,0.01,38,2027-05-01
2027-05-01,wk inc flu hosp,0,26,quantile,0.025,40,2027-05-01
2027-05-01,wk inc flu hosp,0,26,quantile,0.05,41,2027-05-01
2027-05-01,wk inc flu hosp,0,26,quantile,0.1,44,2027-05-01
2027-05-01,wk inc flu hosp,0,26,quantile,0.15,47,2027-05-01
2027-05-01,wk inc flu hosp,0,26,quantile,0.2,48,2027-05-01
2027-05-01,wk inc flu hosp,0,26,quantile,0.25,50,2027-05-01
2027-05-01,wk inc flu hosp,0,26,quantile,0.3,52,2027-05-01
2027-05-01,wk inc flu hosp,0,26,quantile,0.35,53,2027-05-01
2027-05-01,wk inc flu hosp,0,26,quantile,0.4,55,2027-05-01
2027-05-01,wk inc flu hosp,0,26,quantile,0.45,56,2027-05-01
2027-05-01,wk inc flu hosp,0,26,quantile,0.5,57,2027-05-01
2027-05-01,wk inc flu hosp,0,26,quantile,0.55,58,2027-05-01
2027-05-01,wk inc flu hosp,0,26,quantile,0.6,60,2027-05-01
2027-05-01,wk inc flu hosp,0,26,quantile,0.65,63,2027-05-01
2027-05-01,wk inc flu hosp,0,26,quantile,0.7,65,2027-05-01
2027-05-01,wk inc flu hosp,0,26,quantile,0.75,68,2027-05-01
2027-05-01,wk inc flu hosp,0,26,quantile,0.8,71,2027-05-01
2027-05-01,wk inc flu hosp,0,26,quantile,0.85,73,2027-05-01
2027-05-01,wk inc flu hosp,0,26,quantile,0.9,75,2027-05-01
2027-05-01,wk inc flu hosp,0,26,quantile,0.95,79,2027-05-01
2027-05-01,wk inc flu hosp,0,26,quantile,0.975,83,2027-05-01
2027-05-01,wk inc flu hosp,0,26,quantile,0.99,89,2027-05-01
2027-05-01,wk inc flu hosp,0,27,quantile,0.01,9,2027-05-01
2027-05-01,wk inc flu hosp,0,27,quantile,0.025,10,2027-05-01
2027-05-01,wk inc flu hosp,0,27,quantile,0.05,11,2027-05-01
2027-05-01,wk inc flu hosp,0,27,quantile,0.1,12,2027-05-01
2027-05-01,wk inc flu hosp,0,27,quantile,0.15,14,2027-05-01
2027-05-01,wk inc flu hosp,0,27,quantile,0.2,15,2027-05-01
2027-05-01,wk inc flu hosp,0,27,quantile,0.25,16,2027-05-01
2027-05-01,wk inc flu hosp,0,27,quantile,0.3,17,2027-05-01
2027-05-01,wk inc flu hosp,0,27,quantile,0.35,18,2027-05-01
2027-05-01,wk inc flu hosp,0,27,quantile,0.4,19,2027-05-01
2027-05-01,wk inc flu hosp,0,27,quantile,0.45,20,2027-05-01
2027-05-01,wk inc flu hosp,0,27,quantile,0.5,21,2027-05-01
2027-05-01,wk inc flu hosp,0,27,quantile,0.55,22,2027-05-01
2027-05-01,wk inc flu hosp,0,27,quantile,0.6,22,2027-05-01
2027-05-01,wk inc flu hosp,0,27,quantile,0.65,23,2027-05-01
2027-05-01,wk inc flu hosp,0,27,quantile,0.7,24,2027-05-01
2027-05-01,wk inc flu hosp,0,27,quantile,0.75,25,2027-05-01
2027-05-01,wk inc flu hosp,0,27,quantile,0.8,26,2027-05-01
2027-05-01,wk inc flu hosp,0,27,quantile,0.85,28,2027-05-01
2027-05-01,wk inc flu hosp,0,27,quantile,0.9,29,2027-05-01
2027-05-01,wk inc flu hosp,0,27,quantile,0.95,32,2027-05-01
2027-05-01,wk inc flu hosp,0,27,quantile,0.975,33,2027-05-01
2027-05-01,wk inc flu hosp,0,27,quantile,0.99,34,2027-05-01
2027-05-01,wk inc flu hosp,0,28,quantile,0.01,9,2027-05-01
2027-05-01,wk inc flu hosp,0,28,quantile,0.025,9,2027-05-01
2027-05-01,wk inc flu hosp,0,28,quantile,0.05,10,2027-05-01
2027-05-01,wk inc flu hosp,0,28,quantile,0.1,12,2027-05-01
2027-05-01,wk inc flu hosp,0,28,quantile,0.15,13,2027-05-01
2027-05-01,wk inc flu hosp,0,28,quantile,0.2,14,2027-05-01
2027-05-01,wk inc flu hosp,0,28,quantile,0.25,14,2027-05-01
2027-05-01,wk inc flu hosp,0,28,quantile,0.3,15,2027-05-01
2027-05-01,wk inc flu hosp,0,28,quantile,0.35,16,2027-05-01
2027-05-01,wk inc flu hosp,0,28,quantile,0.4,17,2027-05-01
2027-05-01,wk inc flu hosp,0,28,quantile,0.45,17,2027-05-01
2027-05-01,wk inc flu hosp,0,28,quantile,0.5,18,2027-05-01
2027-05-01,wk inc flu hosp,0,28,quantile,0.55,19,2027-05-01
2027-05-01,wk inc flu hosp,0,28,quantile,0.6,19,2027-05-01
2027-05-01,wk inc flu hosp,0,28,quantile,0.65,20,2027-05-01
2027-05-01,wk inc flu hosp,0,28,quantile,0.7,21,2027-05-01
2027-05-01,wk inc flu hosp,0,28,quantile,0.75,21,2027-05-01
2027-05-01,wk inc flu hosp,0,28,quantile,0.8,23,2027-05-01
2027-05-01,wk inc flu hosp,0,28,quantile,0.85,24,2027-05-01
2027-05-01,wk inc flu hosp,0,28,quantile,0.9,27,2027-05-01
2027-05-01,wk inc flu hosp,0,28,quantile,0.95,29,2027-05-01
2027-05-01,wk inc flu hosp,0,28,quantile,0.975,30,2027-05-01
2027-05-01,wk inc flu hosp,0,28,quantile,0.99,34,2027-05-01
2027-05-01,wk inc flu hosp,0,29,quantile,0.01,15,2027-05-01
2027-05-01,wk inc flu hosp,0,29,quantile,0.025,17,2027-05-01
2027-05-01,wk inc flu hosp,0,29,quantile,0.05,18,2027-05-01
2027-05-01,wk inc flu hosp,0,29,quantile,0.1,19,2027-05-01
2027-05-01,wk inc flu hosp,0,29,quantile,0.15,21,2027-05-01
2027-05-01,wk inc flu hosp,0,29,quantile,0.2,22,2027-05-01
2027-05-01,wk inc flu hosp,0,29,quantile,0.25,23,2027-05-01
2027-05-01,wk inc flu hosp,0,29,quantile,0.3,24,2027-05-01
2027-05-01,wk inc flu hosp,0,29,quantile,0.35,25,2027-05-01
2027-05-01,wk inc flu hosp,0,29,quantile,0.4,25,2027-05-01
2027-05-01,wk inc flu hosp,0,29,quantile,0.45,26,2027-05-01
2027-05-01,wk inc flu hosp,0,29,quantile,0.5,28,2027-05-01
2027-05-01,wk inc flu hosp,0,29,quantile,0.55,28,2027-05-01
2027-05-01,wk inc flu hosp,0,29,quantile,0.6,29,2027-05-01
2027-05-01,wk inc flu hosp,0,29,quantile,0.65,29,2027-05-01
2027-05-01,wk inc flu hosp,0,29,quantile,0.7,30,2027-05-01
2027-05-01,wk inc flu hosp,0,29,quantile,0.75,32,2027-05-01
2027-05-01,wk inc flu hosp,0,29,quantile,0.8,33,2027-05-01
2027-05-01,wk inc flu hosp,0,29,quantile,0.85,34,2027-05-01
2027-05-01,wk inc flu hosp,0,29,quantile,0.9,37,2027-05-01
2027-05-01,wk inc flu hosp,0,29,quantile,0.95,40,2027-05-01
2027-05-01,wk inc flu hosp,0,29,quantile,0.975,42,2027-05-01
2027-05-01,wk inc flu hosp,0,29,quantile,0.99,43,2027-05-01
2027-05-01,wk inc flu hosp,0,30,quantile,0.01,0,2027-05-01
2027-05-01,wk inc flu hosp,0,30,quantile,0.025,0,2027-05-01
2027-05-01,wk inc flu hosp,0,30,quantile,0.05,0,2027-05-01
2027-05-01,wk inc flu hosp,0,30,quantile,0.1,0,2027-05-01
2027-05-01,wk inc flu hosp,0,30,quantile,0.15,0,2027-05-01
2027-05-01,wk inc flu hosp,0,30,quantile,0.2,0,2027-05-01
2027-05-01,wk inc flu hosp,0,30,quantile,0.25,0,2027-05-01
2027-05-01,wk inc flu hosp,0,30,quantile,0.3,0,2027-05-01
2027-05-01,wk inc flu hosp,0,30,quantile,0.35,1,2027-05-01
2027-05-01,wk inc flu hosp,0,30,quantile,0.4,1,2027-05-01
2027-05-01,wk inc flu hosp,0,30,quantile,0.45,1,2027-05-01
2027-05-01,wk inc flu hosp,0,30,quantile,0.5,1,2027-05-01
2027-05-01,wk inc flu hosp,0,30,quantile,0.55,1,2027-05-01
2027-05-01,wk inc flu hosp,0,30,quantile,0.6,1,2027-05-01
2027-05-01,wk inc flu hosp,0,30,quantile,0.65,1,2027-05-01
2027-05-01,wk inc flu hosp,0,30,quantile,0.7,2,2027-05-01
2027-05-01,wk inc flu hosp,0,30,quantile,0.75,2,2027-05-01
2027-05-01,wk inc flu hosp,0,30,quantile,0.8,3,2027-05-01
2027-05-01,wk inc flu hosp,0,30,quantile,0.85,3,2027-05-01
2027-05-01,wk inc flu hosp,0,30,quantile,0.9,4,2027-05-01
2027-05-01,wk inc flu hosp,0,30,quantile,0.95,6,2027-05-01
2027-05-01,wk inc flu hosp,0,30,quantile,0.975,6,2027-05-01
2027-05-01,wk inc flu hosp,0,30,quantile,0.99,6,2027-05-01
2027-05-01,wk inc flu hosp,0,31,quantile,0.01,0,2027-05-01
2027-05-01,wk inc flu hosp,0,31,quantile,0.025,0,2027-05-01
2027-05-01,wk inc flu hosp,0,31,quantile,0.05,1,2027-05-01
2027-05-01,wk inc flu hosp,0,31,quantile,0.1,2,2027-05-01
2027-05-01,wk inc flu hosp,0,31,quantile,0.15,2,2027-05-01
2027-05-01,wk inc flu hosp,0,31,quantile,0.2,3,2027-05-01
2027-05-01,wk inc flu hosp,0,31,quantile,0.25,3,2027-05-01
2027-05-01,wk inc flu hosp,0,31,quantile,0.3,3,2027-05-01
2027-05-01,wk inc flu hosp,0,31,quantile,0.35,4,2027-05-01
2027-05-01,wk inc flu hosp,0,31,quantile,0.4,4,2027-05-01
2027-05-01,wk inc flu hosp,0,31,quantile,0.45,4,2027-05-01
2027-05-01,wk inc flu hosp,0,31,quantile,0.5,5,2027-05-01
2027-05-01,wk inc flu hosp,0,31,quantile,0.55,5,2027-05-01
2027-05-01,wk inc flu hosp,0,31,quantile,0.6,5,2027-05-01
2027-05-01,wk inc flu hosp,0,31,quantile,0.65,6,2027-05-01
2027-05-01,wk inc flu hosp,0,31,quantile,0.7,6,2027-05-01
2027-05-01,wk inc flu hosp,0,31,quantile,0.75,7,2027-05-01
2027-05-01,wk inc flu hosp,0,31,quantile,0.8,7,2027-05-01
2027-05-01,wk inc flu hosp,0,31,quantile,0.85,8,2027-05-01
2027-05-01,wk inc flu hosp,0,31,quantile,0.9,9,2027-05-01
2027-05-01,wk inc flu hosp,0,31,quantile,0.95,10,2027-05-01
2027-05-01,wk inc flu hosp,0,31,quantile,0.975,11,2027-05-01
2027-05-01,wk inc flu hosp,0,31,quantile,0.99,11,2027-05-01
2027-05-01,wk inc flu hosp,0,32,quantile,0.01,11,2027-05-01
2027-05-01,wk inc flu hosp,0,32,quantile,0.025,12,2027-05-01
2027-05-01,wk inc flu hosp,0,32,quantile,0.05,14,2027-05-01
2027-05-01,wk inc flu hosp,0,32,quantile,0.1,17,2027-05-01
2027-05-01,wk inc flu hosp,0,32,quantile,0.15,19,2027-05-01
2027-05-01,wk inc flu hosp,0,32,quantile,0.2,20,2027-05-01
2027-05-01,wk inc flu hosp,0,32,quantile,0.25,22,2027-05-01
2027-05-01,wk inc flu hosp,0,32,quantile,0.3,22,2027-05-01
2027-05-01,wk inc flu hosp,0,32,quantile,0.35,23,2027-05-01
2027-05-01,wk inc flu hosp,0,32,quantile,0.4,24,2027-05-01
2027-05-01,wk inc flu hosp,0,32,quantile,0.45,25,2027-05-01
2027-05-01,wk inc flu hosp,0,32,quantile,0.5,26,2027-05-01
2027-05-01,wk inc flu hosp,0,32,quantile,0.55,27,2027-05-01
2027-05-01,wk inc flu hosp,0,32,quantile,0.6,27,2027-05-01
2027-05-01,wk inc flu hosp,0,32,quantile,0.65,28,2027-05-01
2027-05-01,wk inc flu hosp,0,32,quantile,0.7,29,2027-05-01
2027-05-01,wk inc flu hosp,0,32,quantile,0.75,31,2027-05-01
2027-05-01,wk inc flu hosp,0,32,quantile,0.8,32,2027-05-01
2027-05-01,wk inc flu hosp,0,32,quantile,0.85,33,2027-05-01
2027-05-01,wk inc flu hosp,0,32,quantile,0.9,35,2027-05-01
2027-05-01,wk inc flu hosp,0,32,quantile,0.95,38,2027-05-01
2027-05-01,wk inc flu hosp,0,32,quantile,0.975,41,2027-05-01
2027-05-01,wk inc flu hosp,0,32,quantile,0.99,42,2027-05-01
2027-05-01,wk inc flu hosp,0,33,quantile,0.01,0,2027-05-01
2027-05-01,wk inc flu hosp,0,33,quantile,0.025,0,2027-05-01
2027-05-01,wk inc flu hosp,0,33,quantile,0.05,0,2027-05-01
2027-05-01,wk inc flu hosp,0,33,quantile,0.1,0,2027-05-01
2027-05-01,wk inc flu hosp,0,33,quantile,0.15,0,2027-05-01
2027-05-01,wk inc flu hosp,0,33,quantile,0.2,0,2027-05-01
2027-05-01,wk inc flu hosp,0,33,quantile,0.25,0,2027-05-01
2027-05-01,wk inc flu hosp,0,33,quantile,0.3,0,2027-05-01
2027-05-01,wk inc flu hosp,0,33,quantile,0.35,0,2027-05-01
2027-05-01,wk inc flu hosp,0,33,quantile,0.4,0,2027-05-01
2027-05-01,wk inc flu hosp,0,33,quantile,0.45,0,2027-05-01
2027-05-01,wk inc flu hosp,0,33,quantile,0.5,0,2027-05-01
2027-05-01,wk inc flu hosp,0,33,quantile,0.55,1,2027-05-01
2027-05-01,wk inc flu hosp,0,33,quantile,0.6,1,2027-05-01
2027-05-01,wk inc flu hosp,0,33,quantile,0.65,1,2027-05-01
2027-05-01,wk inc flu hosp,0,33,quantile,0.7,1,2027-05-01
2027-05-01,wk inc flu hosp,0,33,quantile,0.75,1,2027-05-01
2027-05-01,wk inc flu hosp,0,33,quantile,0.8,2,2027-05-01
2027-05-01,wk inc flu hosp,0,33,quantile,0.85,2,2027-05-01
2027-05-01,wk inc flu hosp,0,33,quantile,0.9,3,2027-05-01
2027-05-01,wk inc flu hosp,0,33,quantile,0.95,3,2027-05-01
2027-05-01,wk inc flu hosp,0,33,quantile,0.975,4,2027-05-01
2027-05-01,wk inc flu hosp,0,33,quantile,0.99,6,2027-05-01
2027-05-01,wk inc flu hosp,0,34,quantile,0.01,28,2027-05-01
2027-05-01,wk inc flu hosp,0,34,quantile,0.025,30,2027-05-01
2027-05-01,wk inc flu hosp,0,34,quantile,0.05,34,2027-05-01
2027-05-01,wk inc flu hosp,0,34,quantile,0.1,37,2027-05-01
2027-05-01,wk inc flu hosp,0,34,quantile,0.15,41,2027-05-01
2027-05-01,wk inc flu hosp,0,34,quantile,0.2,42,2027-05-01
2027-05-01,wk inc flu hosp,0,34,quantile,0.25,44,2027-05-01
2027-05-01,wk inc flu hosp,0,34,quantile,0.3,46,2027-05-01
2027-05-01,wk inc flu hosp,0,34,quantile,0.35,48,2027-05-01
2027-05-01,wk inc flu hosp,0,34,quantile,0.4,49,2027-05-01
2027-05-01,wk inc flu hosp,0,34,quantile,0.45,50,2027-05-01
2027-05-01,wk inc flu hosp,0,34,quantile,0.5,51,2027-05-01
2027-05-01,wk inc flu hosp,0,34,quantile,0.55,53,2027-05-01
2027-05-01,wk inc flu hosp,0,34,quantile,0.6,54,2027-05-01
2027-05-01,wk inc flu hosp,0,34,quantile,0.65,56,2027-05-01
2027-05-01,wk inc flu hosp,0,34,quantile,0.7,57,2027-05-01
2027-05-01,wk inc flu hosp,0,34,quantile,0.75,59,2027-05-01
2027-05-01,wk inc flu hosp,0,34,quantile,0.8,61,2027-05-01
2027-05-01,wk inc flu hosp,0,34,quantile,0.85,63,2027-05-01
2027-05-01,wk inc flu hosp,0,34,quantile,0.9,66,2027-05-01
2027-05-01,wk inc flu hosp,0,34,quantile,0.95,70,2027-05-01
2027-05-01,wk inc flu hosp,0,34,quantile,0.975,75,2027-05-01
2027-05-01,wk inc flu hosp,0,34,quantile,0.99,83,2027-05-01
2027-05-01,wk inc flu hosp,0,35,quantile,0.01,7,2027-05-01
2027-05-01,wk inc flu hosp,0,35,quantile,0.025,8,2027-05-01
2027-05-01,wk inc flu hosp,0,35,quantile,0.05,10,2027-05-01
2027-05-01,wk inc flu hosp,0,35,quantile,0.1,11,2027-05-01
2027-05-01,wk inc flu hosp,0,35,quantile,0.15,12,2027-05-01
2027-05-01,wk inc flu hosp,0,35,quantile,0.2,12,2027-05-01
2027-05-01,wk inc flu hosp,0,35,quantile,0.25,13,2027-05-01
2027-05-01,wk inc flu hosp,0,35,quantile,0.3,14,2027-05-01
2027-05-01,wk inc flu hosp,0,35,quantile,0.35,14,2027-05-01
2027-05-01,wk inc flu hosp,0,35,quantile,0.4,14,2027-05-01
2027-05-01,wk inc flu hosp,0,35,quantile,0.45,15,2027-05-01
2027-05-01,wk inc flu hosp,0,35,quantile,0.5,15,2027-05-01
2027-05-01,wk inc flu hosp,0,35,quantile,0.55,16,2027-05-01
2027-05-01,wk inc flu hosp,0,35,quantile,0.6,17,2027-05-01
2027-05-01,wk inc flu hosp,0,35,quantile,0.65,18,2027-05-01
2027-05-01,wk inc flu hosp,0,35,quantile,0.7,19,2027-05-01
2027-05-01,wk inc flu hosp,0,35,quantile,0.75,20,2027-05-01
2027-05-01,wk inc flu hosp,0,35,quantile,0.8,21,2027-05-01
2027-05-01,wk inc flu hosp,0,35,quantile,0.85,22,2027-05-01
2027-05-01,wk inc flu hosp,0,35,quantile,0.9,24,2027-05-01
2027-05-01,wk inc flu hosp,0,35,quantile,0.95,26,2027-05-01
2027-05-01,wk inc flu hosp,0,35,quantile,0.975,28,2027-05-01
2027-05-01,wk inc flu hosp,0,35,quantile,0.99,29,2027-05-01
2027-05-01,wk inc flu hosp,0,36,quantile,0.01,61,2027-05-01
2027-05-01,wk inc flu hosp,0,36,quantile,0.025,65,2027-05-01
2027-05-01,wk inc flu hosp,0,36,quantile,0.05,69,2027-05-01
2027-05-01,wk inc flu hosp,0,36,quantile,0.1,75,2027-05-01
2027-05-01,wk inc flu hosp,0,36,quantile,0.15,78,2027-05-01
2027-05-01,wk inc flu hosp,0,36,quantile,0.2,82,2027-05-01
2027-05-01,wk inc flu hosp,0,36,quantile,0.25,83,2027-05-01
2027-05-01,wk inc flu hosp,0,36,quantile,0.3,85,2027-05-01
2027-05-01,wk inc flu hosp,0,36,quantile,0.35,87,2027-05-01
2027-05-01,wk inc flu hosp,0,36,quantile,0.4,88,2027-05-01
2027-05-01,wk inc flu hosp,0,36,quantile,0.45,89,2027-05-01
2027-05-01,wk inc flu hosp,0,36,quantile,0.5,91,2027-05-01
2027-05-01,wk inc flu hosp,0,36,quantile,0.55,94,2027-05-01
2027-05-01,wk inc flu hosp,0,36,quantile,0.6,97,2027-05-01
2027-05-01,wk inc flu hosp,0,36,quantile,0.65,101,2027-05-01
2027-05-01,wk inc flu hosp,0,36,quantile,0.7,103,2027-05-01
2027-05-01,wk inc flu hosp,0,36,quantile,0.75,106,2027-05-01
2027-05-01,wk inc flu hosp,0,36,quantile,0.8,110,2027-05-01
2027-05-01,wk inc flu hosp,0,36,quantile,0.85,113,2027-05-01
2027-05-01,wk inc flu hosp,0,36,quantile,0.9,120,2027-05-01
2027-05-01,wk inc flu hosp,0,36,quantile,0.95,129,2027-05-01
2027-05-01,wk inc flu hosp,0,36,quantile,0.975,139,2027-05-01
2027-05-01,wk inc flu hosp,0,36,quantile,0.99,143,2027-05-01
2027-05-01,wk inc flu hosp,0,37,quantile,0.01,5,2027-05-01
2027-05-01,wk inc flu hosp,0,37,quantile,0.025,5,2027-05-01
2027-05-01,wk inc flu hosp,0,37,quantile,0.05,6,2027-05-01
2027-05-01,wk inc flu hosp,0,37,quantile,0.1,9,2027-05-01
2027-05-01,wk inc flu hosp,0,37,quantile,0.15,10,2027-05-01
2027-05-01,wk inc flu hosp,0,37,quantile,0.2,11,2027-05-01
2027-05-01,wk inc flu hosp,0,37,quantile,0.25,12,2027-05-01
2027-05-01,wk inc flu hosp,0,37,quantile,0.3,12,2027-05-01
2027-05-01,wk inc flu hosp,0,37,quantile,0.35,13,2027-05-01
2027-05-01,wk inc flu hosp,0,37,quantile,0.4,14,2027-05-01
2027-05-01,wk inc flu hosp,0,37,quantile,0.45,14,2027-05-01
2027-05-01,wk inc flu hosp,0,37,quantile,0.5,14,2027-05-01
2027-05-01,wk inc flu hosp,0,37,quantile,0.55,15,2027-05-01
2027-05-01,wk inc flu hosp,0,37,quantile,0.6,16,2027-05-01
2027-05-01,wk inc flu hosp,0,37,quantile,0.65,17,2027-05-01
2027-05-01,wk inc flu hosp,0,37,quantile,0.7,18,2027-05-01
2027-05-01,wk inc flu hosp,0,37,quantile,0.75,19,2027-05-01
2027-05-01,wk inc flu hosp,0,37,quantile,0.8,20,2027-05-01
2027-05-01,wk inc flu hosp,0,37,quantile,0.85,21,2027-05-01
2027-05-01,wk inc flu hosp,0,37,quantile,0.9,23,2027-05-01
2027-05-01,wk inc flu hosp,0,37,quantile,0.95,25,2027-05-01
2027-05-01,wk inc flu hosp,0,37,quantile,0.975,28,2027-05-01
2027-05-01,wk inc flu hosp,0,37,quantile,0.99,31,2027-05-01
2027-05-01,wk inc flu hosp,0,38,quantile,0.01,0,2027-05-01
2027-05-01,wk inc flu hosp,0,38,quantile,0.025,0,2027-05-01
2027-05-01,wk inc flu hosp,0,38,quantile,0.05,0,2027-05-01
2027-05-01,wk inc flu hosp,0,38,quantile,0.1,1,2027-05-01
2027-05-01,wk inc flu hosp,0,38,quantile,0.15,1,2027-05-01
2027-05-01,wk inc flu hosp,0,38,quantile,0.2,1,2027-05-01
2027-05-01,wk inc flu hosp,0,38,quantile,0.25,2,2027-05-01
2027-05-01,wk inc flu hosp,0,38,quantile,0.3,2,2027-05-01
2027-05-01,wk inc flu hosp,0,38,quantile,0.35,3,2027-05-01
2027-05-01,wk inc flu hosp,0,38,quantile,0.4,3,2027-05-01
2027-05-01,wk inc flu hosp,0,38,quantile,0.45,3,2027-05-01
2027-05-01,wk inc flu hosp,0,38,quantile,0.5,4,2027-05-01
2027-05-01,wk inc flu hosp,0,38,quantile,0.55,4,2027-05-01
2027-05-01,wk inc flu hosp,0,38,quantile,0.6,4,2027-05-01
2027-05-01,wk inc flu hosp,0,38,quantile,0.65,4,2027-05-01
2027-05-01,wk inc flu hosp,0,38,quantile,0.7,5,2027-05-01
2027-05-01,wk inc flu hosp,0,38,quantile,0.75,5,2027-05-01
2027-05-01,wk inc flu hosp,0,38,quantile,0.8,6,2027-05-01
2027-05-01,wk inc flu hosp,0,38,quantile,0.85,6,2027-05-01
2027-05-01,wk inc flu hosp,0,38,quantile,0.9,7,2027-05-01
2027-05-01,wk inc flu hosp,0,38,quantile,0.95,8,2027-05-01
2027-05-01,wk inc flu hosp,0,38,quantile,0.975,9,2027-05-01
2027-05-01,wk inc flu hosp,0,38,quantile,0.99,10,2027-05-01
2027-05-01,wk inc flu hosp,0,39,quantile,0.01,17,2027-05-01
2027-05-01,wk inc flu hosp,0,39,quantile,0.025,19,2027-05-01
2027-05-01,wk inc flu hosp,0,39,quantile,0.05,20,2027-05-01
2027-05-01,wk inc flu hosp,0,39,quantile,0.1,22,2027-05-01
2027-05-01,wk inc flu hosp,0,39,quantile,0.15,23,2027-05-01
2027-05-01,wk inc flu hosp,0,39,quantile,0.2,24,2027-05-01
2027-05-01,wk inc flu hosp,0,39,quantile,0.25,25,2027-05-01
2027-05-01,wk inc flu hosp,0,39,quantile,0.3,26,2027-05-01
2027-05-01,wk inc flu hosp,0,39,quantile,0.35,28,2027-05-01
2027-05-01,wk inc flu hosp,0,39,quantile,0.4,29,2027-05-01
2027-05-01,wk inc flu hosp,0,39,quantile,0.45,30,2027-05-01
2027-05-01,wk inc flu hosp,0,39,quantile,0.5,31,2027-05-01
2027-05-01,wk inc flu hosp,0,39,quantile,0.55,32,2027-05-01
2027-05-01,wk inc flu hosp,0,39,quantile,0.6,33,2027-05-01
2027-05-01,wk inc flu hosp,0,39,quantile,0.65,33,2027-05-01
2027-05-01,wk inc flu hosp,0,39,quantile,0.7,35,2027-05-01
2027-05-01,wk inc flu hosp,0,39,quantile,0.75,37,2027-05-01
2027-05-01,wk inc flu hosp,0,39,quantile,0.8,38,2027-05-01
2027-05-01,wk inc flu hosp,0,39,quantile,0.85,40,2027-05-01
2027-05-01,wk inc flu hosp,0,39,quantile,0.9,42,2027-05-01
2027-05-01,wk inc flu hosp,0,39,quantile,0.95,47,2027-05-01
2027-05-01,wk inc flu hosp,0,39,quantile,0.975,51,2027-05-01
2027-05-01,wk inc flu hosp,0,39,quantile,0.99,56,2027-05-01
2027-05-01,wk inc flu hosp,0,40,quantile,0.01,4,2027-05-01
2027-05-01,wk inc flu hosp,0,40,quantile,0.025,6,2027-05-01
2027-05-01,wk inc flu hosp,0,40,quantile,0.05,7,2027-05-01
2027-05-01,wk inc flu hosp,0,40,quantile,0.1,8,2027-05-01
2027-05-01,wk inc flu hosp,0,40,quantile,0.15,9,2027-05-01
2027-05-01,wk inc flu hosp,0,40,quantile,0.2,10,2027-05-01
2027-05-01,wk inc flu hosp,0,40,quantile,0.25,10,2027-05-01
2027-05-01,wk inc flu hosp,0,40,quantile,0.3,11,2027-05-01
2027-05-01,wk inc flu hosp,0,40,quantile,0.35,12,2027-05-01
2027-05-01,wk inc flu hosp,0,40,quantile,0.4,13,2027-05-01
2027-05-01,wk inc flu hosp,0,40,quantile,0.45,13,2027-05-01
2027-05-01,wk inc flu hosp,0,40,quantile,0.5,14,2027-05-01
2027-05-01,wk inc flu hosp,0,40,quantile,0.55,14,2027-05-01
2027-05-01,wk inc flu hosp,0,40,quantile,0.6,15,2027-05-01
2027-05-01,wk inc flu hosp,0,40,quantile,0.65,15,2027-05-01
2027-05-01,wk inc flu hosp,0,40,quantile,0.7,16,2027-05-01
2027-05-01,wk inc flu hosp,0,40,quantile,0.75,17,2027-05-01
2027-05-01,wk inc flu hosp,0,40,quantile,0.8,18,2027-05-01
2027-05-01,wk inc flu hosp,0,40,quantile,0.85,20,2027-05-01
2027-05-01,wk inc flu hosp,0,40,quantile,0.9,22,2027-05-01
2027-05-01,wk inc flu hosp,0,40,quantile,0.95,24,2027-05-01
2027-05-01,wk inc flu hosp,0,40,quantile,0.975,27,2027-05-01
2027-05-01,wk inc flu hosp,0,40,quantile,0.99,28,2027-05-01
2027-05-01,wk inc flu hosp,0,41,quantile,0.01,10,2027-05-01
2027-05-01,wk inc flu hosp,0,41,quantile,0.025,11,2027-05-01
2027-05-01,wk inc flu hosp,0,41,quantile,0.05,13,2027-05-01
2027-05-01,wk inc flu hosp,0,41,quantile,0.1,15,2027-05-01
2027-05-01,wk inc flu hosp,0,41,quantile,0.15,16,2027-05-01
2027-05-01,wk inc flu hosp,0,41,quantile,0.2,17,2027-05-01
2027-05-01,wk inc flu hosp,0,41,quantile,0.25,18,2027-05-01
2027-05-01,wk inc flu hosp,0,41,quantile,0.3,18,2027-05-01
2027-05-01,wk inc flu hosp,0,41,quantile,0.35,19,2027-05-01
2027-05-01,wk inc flu hosp,0,41,quantile,0.4,20,2027-05-01
2027-05-01,wk inc flu hosp,0,41,quantile,0.45,21,2027-05-01
2027-05-01,wk inc flu hosp,0,41,quantile,0.5,22,2027-05-01
2027-05-01,wk inc flu hosp,0,41,quantile,0.55,22,2027-05-01
2027-05-01,wk inc flu hosp,0,41,quantile,0.6,23,2027-05-01
2027-05-01,wk inc flu hosp,0,41,quantile,0.65,24,2027-05-01
2027-05-01,wk inc flu hosp,0,41,quantile,0.7,24,2027-05-01
2027-05-01,wk inc flu hosp,0,41,quantile,0.75,25,2027-05-01
2027-05-01,wk inc flu hosp,0,41,quantile,0.8,26,2027-05-01
2027-05-01,wk inc flu hosp,0,41,quantile,0.85,28,2027-05-01
2027-05-01,wk inc flu hosp,0,41,quantile,0.9,30,2027-05-01
2027-05-01,wk inc flu hosp,0,41,quantile,0.95,32,2027-05-01
2027-05-01,wk inc flu hosp,0,41,quantile,0.975,35,2027-05-01
2027-05-01,wk inc flu hosp,0,41,quantile,0.99,37,2027-05-01
2027-05-01,wk inc flu hosp,0,42,quantile,0.01,98,2027-05-01
2027-05-01,wk inc flu hosp,0,42,quantile,0.025,107,2027-05-01
2027-05-01,wk inc flu hosp,0,42,quantile,0.05,116,2027-05-01
2027-05-01,wk inc flu hosp,0,42,quantile,0.1,124,2027-05-01
2027-05-01,wk inc flu hosp,0,42,quantile,0.15,128,2027-05-01
2027-05-01,wk inc flu hosp,0,42,quantile,0.2,132,2027-05-01
2027-05-01,wk inc flu hosp,0,42,quantile,0.25,138,2027-05-01
2027-05-01,wk inc flu hosp,0,42,quantile,0.3,143,2027-05-01
2027-05-01,wk inc flu hosp,0,42,quantile,0.35,147,2027-05-01
2027-05-01,wk inc flu hosp,0,42,quantile,0.4,149,2027-05-01
2027-05-01,wk inc flu hosp,0,42,quantile,0.45,155,2027-05-01
2027-05-01,wk inc flu hosp,0,42,quantile,0.5,160,2027-05-01
2027-05-01,wk inc flu hosp,0,42,quantile,0.55,163,2027-05-01
2027-05-01,wk inc flu hosp,0,42,quantile,0.6,166,2027-05-01
2027-05-01,wk inc flu hosp,0,42,quantile,0.65,171,2027-05-01
2027-05-01,wk inc flu hosp,0,42,quantile,0.7,176,2027-05-01
2027-05-01,wk inc flu hosp,0,42,quantile,0.75,184,2027-05-01
2027-05-01,wk inc flu hosp,0,42,quantile,0.8,188,2027-05-01
2027-05-01,wk inc flu hosp,0,42,quantile,0.85,192,2027-05-01
2027-05-01,wk inc flu hosp,0,42,quantile,0.9,199,2027-05-01
2027-05-01,wk inc flu hosp,0,42,quantile,0.95,212,2027-05-01
2027-05-01,wk inc flu hosp,0,42,quantile,0.975,217,2027-05-01
2027-05-01,wk inc flu hosp,0,42,quantile,0.99,230,2027-05-01
2027-05-01,wk inc flu hosp,0,44,quantile,0.01,0,2027-05-01
2027-05-01,wk inc flu hosp,0,44,quantile,0.025,0,2027-05-01
2027-05-01,wk inc flu hosp,0,44,quantile,0.05,0,2027-05-01
2027-05-01,wk inc flu hosp,0,44,quantile,0.1,0,2027-05-01
2027-05-01,wk inc flu hosp,0,44,quantile,0.15,0,2027-05-01
2027-05-01,wk inc flu hosp,0,44,quantile,0.2,0,2027-05-01
2027-05-01,wk inc flu hosp,0,44,quantile,0.25,0,2027-05-01
2027-05-01,wk inc flu hosp,0,44,quantile,0.3,1,2027-05-01
2027-05-01,wk inc flu hosp,0,44,quantile,0.35,1,2027-05-01
2027-05-01,wk inc flu hosp,0,44,quantile,0.4,1,2027-05-01
2027-05-01,wk inc flu hosp,0,44,quantile,0.45,1,2027-05-01
2027-05-01,wk inc flu hosp,0,44,quantile,0.5,2,2027-05-01
2027-05-01,wk inc flu hosp,0,44,quantile,0.55,2,2027-05-01
2027-05-01,wk inc flu hosp,0,44,quantile,0.6,2,2027-05-01
2027-05-01,wk inc flu hosp,0,44,quantile,0.65,3,2027-05-01
2027-05-01,wk inc flu hosp,0,44,quantile,0.7,3,2027-05-01
2027-05-01,wk inc flu hosp,0,44,quantile,0.75,3,2027-05-01
2027-05-01,wk inc flu hosp,0,44,quantile,0.8,4,2027-05-01
2027-05-01,wk inc flu hosp,0,44,quantile,0.85,4,2027-05-01
2027-05-01,wk inc flu hosp,0,44,quantile,0.9,5,2027-05-01
2027-05-01,wk inc flu hosp,0,44,quantile,0.95,7,2027-05-01
2027-05-01,wk inc flu hosp,0,44,quantile,0.975,8,2027-05-01
2027-05-01,wk inc flu hosp,0,44,quantile,0.99,11,2027-05-01
2027-05-01,wk inc flu hosp,0,45,quantile,0.01,7,2027-05-01
2027-05-01,wk inc flu hosp,0,45,quantile,0.025,8,2027-05-01
2027-05-01,wk inc flu hosp,0,45,quantile,0.05,9,2027-05-01
2027-05-01,wk inc flu hosp,0,45,quantile,0.1,10,2027-05-01
2027-05-01,wk inc flu hosp,0,45,quantile,0.15,12,2027-05-01
2027-05-01,wk inc flu hosp,0,45,quantile,0.2,13,2027-05-01
2027-05-01,wk inc flu hosp,0,45,quantile,0.25,14,2027-05-01
2027-05-01,wk inc flu hosp,0,45,quantile,0.3,14,2027-05-01
2027-05-01,wk inc flu hosp,0,45,quantile,0.35,15,2027-05-01
2027-05-01,wk inc flu hosp,0,45,quantile,0.4,16,2027-05-01
2027-05-01,wk inc flu hosp,0,45,quantile,0.45,17,2027-05-01
2027-05-01,wk inc flu hosp,0,45,quantile,0.5,18,2027-05-01
2027-05-01,wk inc flu hosp,0,45,quantile,0.55,19,2027-05-01
2027-05-01,wk inc flu hosp,0,45,quantile,0.6,19,2027-05-01
2027-05-01,wk inc flu hosp,0,45,quantile,0.65,20,2027-05-01
2027-05-01,wk inc flu hosp,0,45,quantile,0.7,21,2027-05-01
2027-05-01,wk inc flu hosp,0,45,quantile,0.75,22,2027-05-01
2027-05-01,wk inc flu hosp,0,45,quantile,0.8,22,2027-05-01
2027-05-01,wk inc flu hosp,0,45,quantile,0.85,24,2027-05-01
2027-05-01,wk inc flu hosp,0,45,quantile,0.9,26,2027-05-01
2027-05-01,wk inc flu hosp,0,45,quantile,0.95,29,2027-05-01
2027-05-01,wk inc flu hosp,0,45,quantile,0.975,32,2027-05-01
2027-05-01,wk inc flu hosp,0,45,quantile,0.99,35,2027-05-01
2027-05-01,wk inc flu hosp,0,46,quantile,0.01,0,2027-05-01
2027-05-01,wk inc flu hosp,0,46,quantile,0.025,1,2027-05-01
2027-05-01,wk inc flu hosp,0,46,quantile,0.05,1,2027-05-01
2027-05-01,wk inc flu hosp,0,46,quantile,0.1,2,2027-05-01
2027-05-01,wk inc flu hosp,0,46,quantile,0.15,3,2027-05-01
2027-05-01,wk inc flu hosp,0,46,quantile,0.2,3,2027-05-01
2027-05-01,wk inc flu hosp,0,46,quantile,0.25,3,2027-05-01
2027-05-01,wk inc flu hosp,0,46,quantile,0.3,4,2027-05-01
2027-05-01,wk inc flu hosp,0,46,quantile,0.35,4,2027-05-01
2027-05-01,wk inc flu hosp,0,46,quantile,0.4,4,2027-05-01
2027-05-01,wk inc flu hosp,0,46,quantile,0.45,5,2027-05-01
2027-05-01,wk inc flu hosp,0,46,quantile,0.5,5,2027-05-01
2027-05-01,wk inc flu hosp,0,46,quantile,0.55,5,2027-05-01
2027-05-01,wk inc flu hosp,0,46,quantile,0.6,6,2027-05-01
2027-05-01,wk inc flu hosp,0,46,quantile,0.65,6,2027-05-01
2027-05-01,wk inc flu hosp,0,46,quantile,0.7,7,2027-05-01
2027-05-01,wk inc flu hosp,0,46,quantile,0.75,7,2027-05-01
2027-05-01,wk inc flu hosp,0,46,quantile,0.8,8,2027-05-01
2027-05-01,wk inc flu hosp,0,46,quantile,0.85,8,2027-05-01
2027-05-01,wk inc flu hosp,0,46,quantile,0.9,9,2027-05-01
2027-05-01,wk inc flu hosp,0,46,quantile,0.95,11,2027-05-01
2027-05-01,wk inc flu hosp,0,46,quantile,0.975,12,2027-05-01
2027-05-01,wk inc flu hosp,0,46,quantile,0.99,14,2027-05-01
2027-05-01,wk inc flu hosp,0,47,quantile,0.01,18,2027-05-01
2027-05-01,wk inc flu hosp,0,47,quantile,0.025,21,2027-05-01
2027-05-01,wk inc flu hosp,0,47,quantile,0.05,24,2027-05-01
2027-05-01,wk inc flu hosp,0,47,quantile,0.1,25,2027-05-01
2027-05-01,wk inc flu hosp,0,47,quantile,0.15,26,2027-05-01
2027-05-01,wk inc flu hosp,0,47,quantile,0.2,28,2027-05-01
2027-05-01,wk inc flu hosp,0,47,quantile,0.25,29,2027-05-01
2027-05-01,wk inc flu hosp,0,47,quantile,0.3,29,2027-05-01
2027-05-01,wk inc flu hosp,0,47,quantile,0.35,31,2027-05-01
2027-05-01,wk inc flu hosp,0,47,quantile,0.4,31,2027-05-01
2027-05-01,wk inc flu hosp,0,47,quantile,0.45,33,2027-05-01
2027-05-01,wk inc flu hosp,0,47,quantile,0.5,33,2027-05-01
2027-05-01,wk inc flu hosp,0,47,quantile,0.55,34,2027-05-01
2027-05-01,wk inc flu hosp,0,47,quantile,0.6,36,2027-05-01
2027-05-01,wk inc flu hosp,0,47,quantile,0.65,36,2027-05-01
2027-05-01,wk inc flu hosp,0,47,quantile,0.7,37,2027-05-01
2027-05-01,wk inc flu hosp,0,47,quantile,0.75,39,2027-05-01
2027-05-01,wk inc flu hosp,0,47,quantile,0.8,40,2027-05-01
2027-05-01,wk inc flu hosp,0,47,quantile,0.85,41,2027-05-01
2027-05-01,wk inc flu hosp,0,47,quantile,0.9,42,2027-05-01
2027-05-01,wk inc flu hosp,0,47,quantile,0.95,45,2027-05-01
2027-05-01,wk inc flu hosp,0,47,quantile,0.975,48,2027-05-01
2027-05-01,wk inc flu hosp,0,47,quantile,0.99,51,2027-05-01
2027-05-01,wk inc flu hosp,0,48,quantile,0.01,77,2027-05-01
2027-05-01,wk inc flu hosp,0,48,quantile,0.025,83,2027-05-01
2027-05-01,wk inc flu hosp,0,48,quantile,0.05,87,2027-05-01
2027-05-01,wk inc flu hosp,0,48,quantile,0.1,92,2027-05-01
2027-05-01,wk inc flu hosp,0,48,quantile,0.15,97,2027-05-01
2027-05-01,wk inc flu hosp,0,48,quantile,0.2,99,2027-05-01
2027-05-01,wk inc flu hosp,0,48,quantile,0.25,102,2027-05-01
2027-05-01,wk inc flu hosp,0,48,quantile,0.3,105,2027-05-01
2027-05-01,wk inc flu hosp,0,48,quantile,0.35,110,2027-05-01
2027-05-01,wk inc flu hosp,0,48,quantile,0.4,113,2027-05-01
2027-05-01,wk inc flu hosp,0,48,quantile,0.45,116,2027-05-01
2027-05-01,wk inc flu hosp,0,48,quantile,0.5,118,2027-05-01
2027-05-01,wk inc flu hosp,0,48,quantile,0.55,120,2027-05-01
2027-05-01,wk inc flu hosp,0,48,quantile,0.6,123,2027-05-01
2027-05-01,wk inc flu hosp,0,48,quantile,0.65,126,2027-05-01
2027-05-01,wk inc flu hosp,0,48,quantile,0.7,129,2027-05-01
2027-05-01,wk inc flu hosp,0,48,quantile,0.75,134,2027-05-01
2027-05-01,wk inc flu hosp,0,48,quantile,0.8,138,2027-05-01
2027-05-01,wk inc flu hosp,0,48,quantile,0.85,144,2027-05-01
2027-05-01,wk inc flu hosp,0,48,quantile,0.9,149,2027-05-01
2027-05-01,wk inc flu hosp,0,48,quantile,0.95,156,2027-05-01
2027-05-01,wk inc flu hosp,0,48,quantile,0.975,163,2027-05-01
2027-05-01,wk inc flu hosp,0,48,quantile,0.99,173,2027-05-01
2027-05-01,wk inc flu hosp,0,49,quantile,0.01,3,2027-05-01
2027-05-01,wk inc flu hosp,0,49,quantile,0.025,4,2027-05-01
2027-05-01,wk inc flu hosp,0,49,quantile,0.05,5,2027-05-01
2027-05-01,wk inc flu hosp,0,49,quantile,0.1,6,2027-05-01
2027-05-01,wk inc flu hosp,0,49,quantile,0.15,7,2027-05-01
2027-05-01,wk inc flu hosp,0,49,quantile,0.2,8,2027-05-01
2027-05-01,wk inc flu hosp,0,49,quantile,0.25,8,2027-05-01
2027-05-01,wk inc flu hosp,0,49,quantile,0.3,9,2027-05-01
2027-05-01,wk inc flu hosp,0,49,quantile,0.35,9,2027-05-01
2027-05-01,wk inc flu hosp,0,49,quantile,0.4,10,2027-05-01
2027-05-01,wk inc flu hosp,0,49,quantile,0.45,10,2027-05-01
2027-05-01,wk inc flu hosp,0,49,quantile,0.5,11,2027-05-01
2027-05-01,wk inc flu hosp,0,49,quantile,0.55,11,2027-05-01
2027-05-01,wk inc flu hosp,0,49,quantile,0.6,12,2027-05-01
2027-05-01,wk inc flu hosp,0,49,quantile,0.65,12,2027-05-01
2027-05-01,wk inc flu hosp,0,49,quantile,0.7,13,2027-05-01
2027-05-01,wk inc flu hosp,0,49,quantile,0.75,13,2027-05-01
2027-05-01,wk inc flu hosp,0,49,quantile,0.8,14,2027-05-01
2027-05-01,wk inc flu hosp,0,49,quantile,0.85,15,2027-05-01
2027-05-01,wk inc flu hosp,0,49,quantile,0.9,16,2027-05-01
2027-05-01,wk inc flu hosp,0,49,quantile,0.95,17,2027-05-01
2027-05-01,wk inc flu hosp,0,49,quantile,0.975,18,2027-05-01
2027-05-01,wk inc flu hosp,0,49,quantile,0.99,18,2027-05-01
2027-05-01,wk inc flu hosp,0,50,quantile,0.01,0,2027-05-01
2027-05-01,wk inc flu hosp,0,50,quantile,0.025,0,2027-05-01
2027-05-01,wk inc flu hosp,0,50,quantile,0.05,0,2027-05-01
2027-05-01,wk inc flu hosp,0,50,quantile,0.1,0,2027-05-01
2027-05-01,wk inc flu hosp,0,50,quantile,0.15,0,2027-05-01
2027-05-01,wk inc flu hosp,0,50,quantile,0.2,0,2027-05-01
2027-05-01,wk inc flu hosp,0,50,quantile,0.25,0,2027-05-01
2027-05-01,wk inc flu hosp,0,50,quantile,0.3,0,2027-05-01
2027-05-01,wk inc flu hosp,0,50,quantile,0.35,0,2027-05-01
2027-05-01,wk inc flu hosp,0,50,quantile,0.4,0,2027-05-01
2027-05-01,wk inc flu hosp,0,50,quantile,0.45,1,2027-05-01
2027-05-01,wk inc flu hosp,0,50,quantile,0.5,1,2027-05-01
2027-05-01,wk inc flu hosp,0,50,quantile,0.55,1,2027-05-01
2027-05-01,wk inc flu hosp,0,50,quantile,0.6,1,2027-05-01
2027-05-01,wk inc flu hosp,0,50,quantile,0.65,1,2027-05-01
2027-05-01,wk inc flu hosp,0,50,quantile,0.7,2,2027-05-01
2027-05-01,wk inc flu hosp,0,50,quantile,0.75,2,2027-05-01
2027-05-01,wk inc flu hosp,0,50,quantile,0.8,3,2027-05-01
2027-05-01,wk inc flu hosp,0,50,quantile,0.85,3,2027-05-01
2027-05-01,wk inc flu hosp,0,50,quantile,0.9,4,2027-05-01
2027-05-01,wk inc flu hosp,0,50,quantile,0.95,4,2027-05-01
2027-05-01,wk inc flu hosp,0,50,quantile,0.975,6,2027-05-01
2027-05-01,wk inc flu hosp,0,50,quantile,0.99,6,2027-05-01
2027-05-01,wk inc flu hosp,0,51,quantile,0.01,20,2027-05-01
2027-05-01,wk inc flu hosp,0,51,quantile,0.025,21,2027-05-01
2027-05-01,wk inc flu hosp,0,51,quantile,0.05,22,2027-05-01
2027-05-01,wk inc flu hosp,0,51,quantile,0.1,25,2027-05-01
2027-05-01,wk inc flu hosp,0,51,quantile,0.15,27,2027-05-01
2027-05-01,wk inc flu hosp,0,51,quantile,0.2,29,2027-05-01
2027-05-01,wk inc flu hosp,0,51,quantile,0.25,31,2027-05-01
2027-05-01,wk inc flu hosp,0,51,quantile,0.3,32,2027-05-01
2027-05-01,wk inc flu hosp,0,51,quantile,0.35,33,2027-05-01
2027-05-01,wk inc flu hosp,0,51,quantile,0.4,35,2027-05-01
2027-05-01,wk inc flu hosp,0,51,quantile,0.45,36,2027-05-01
2027-05-01,wk inc flu hosp,0,51,quantile,0.5,37,2027-05-01
2027-05-01,wk inc flu hosp,0,51,quantile,0.55,38,2027-05-01
2027-05-01,wk inc flu hosp,0,51,quantile,0.6,39,2027-05-01
2027-05-01,wk inc flu hosp,0,51,quantile,0.65,42,2027-05-01
2027-05-01,wk inc flu hosp,0,51,quantile,0.7,44,2027-05-01
2027-05-01,wk inc flu hosp,0,51,quantile,0.75,44,2027-05-01
2027-05-01,wk inc flu hosp,0,51,quantile,0.8,45,2027-05-01
2027-05-01,wk inc flu hosp,0,51,quantile,0.85,46,2027-05-01
2027-05-01,wk inc flu hosp,0,51,quantile,0.9,47,2027-05-01
2027-05-01,wk inc flu hosp,0,51,quantile,0.95,50,2027-05-01
2027-05-01,wk inc flu hosp,0,51,quantile,0.975,57,2027-05-01
2027-05-01,wk inc flu hosp,0,51,quantile,0.99,61,2027-05-01
2027-05-01,wk inc flu hosp,0,53,quantile,0.01,15,2027-05-01
2027-05-01,wk inc flu hosp,0,53,quantile,0.025,15,2027-05-01
2027-05-01,wk inc flu hosp,0,53,quantile,0.05,17,2027-05-01
2027-05-01,wk inc flu hosp,0,53,quantile,0.1,18,2027-05-01
2027-05-01,wk inc flu hosp,0,53,quantile,0.15,20,2027-05-01
2027-05-01,wk inc flu hosp,0,53,quantile,0.2,22,2027-05-01
2027-05-01,wk inc flu hosp,0,53,quantile,0.25,23,2027-05-01
2027-05-01,wk inc flu hosp,0,53,quantile,0.3,24,2027-05-01
2027-05-01,wk inc flu hosp,0,53,quantile,0.35,24,2027-05-01
2027-05-01,wk inc flu hosp,0,53,quantile,0.4,25,2027-05-01
2027-05-01,wk inc flu hosp,0,53,quantile,0.45,26,2027-05-01
2027-05-01,wk inc flu hosp,0,53,quantile,0.5,27,2027-05-01
2027-05-01,wk inc flu hosp,0,53,quantile,0.55,28,2027-05-01
2027-05-01,wk inc flu hosp,0,53,quantile,0.6,28,2027-05-01
2027-05-01,wk inc flu hosp,0,53,quantile,0.65,29,2027-05-01
2027-05-01,wk inc flu hosp,0,53,quantile,0.7,30,2027-05-01
2027-05-01,wk inc flu hosp,0,53,quantile,0.75,31,2027-05-01
2027-05-01,wk inc flu hosp,0,53,quantile,0.8,33,2027-05-01
2027-05-01,wk inc flu hosp,0,53,quantile,0.85,35,2027-05-01
2027-05-01,wk inc flu hosp,0,53,quantile,0.9,36,2027-05-01
2027-05-01,wk inc flu hosp,0,53,quantile,0.95,39,2027-05-01
2027-05-01,wk inc flu hosp,0,53,quantile,0.975,41,2027-05-01
2027-05-01,wk inc flu hosp,0,53,quantile,0.99,43,2027-05-01
2027-05-01,wk inc flu hosp,0,54,quantile,0.01,0,2027-05-01
2027-05-01,wk inc flu hosp,0,54,quantile,0.025,0,2027-05-01
2027-05-01,wk inc flu hosp,0,54,quantile,0.05,1,2027-05-01
2027-05-01,wk inc flu hosp,0,54,quantile,0.1,2,2027-05-01
2027-05-01,wk inc flu hosp,0,54,quantile,0.15,2,2027-05-01
2027-05-01,wk inc flu hosp,0,54,quantile,0.2,3,2027-05-01
2027-05-01,wk inc flu hosp,0,54,quantile,0.25,3,2027-05-01
2027-05-01,wk inc flu hosp,0,54,quantile,0.3,3,2027-05-01
2027-05-01,wk inc flu hosp,0,54,quantile,0.35,4,2027-05-01
2027-05-01,wk inc flu hosp,0,54,quantile,0.4,4,2027-05-01
2027-05-01,wk inc flu hosp,0,54,quantile,0.45,5,2027-05-01
2027-05-01,wk inc flu hosp,0,54,quantile,0.5,5,2027-05-01
2027-05-01,wk inc flu hosp,0,54,quantile,0.55,5,2027-05-01
2027-05-01,wk inc flu hosp,0,54,quantile,0.6,6,2027-05-01
2027-05-01,wk inc flu hosp,0,54,quantile,0.65,6,2027-05-01
2027-05-01,wk inc flu hosp,0,54,quantile,0.7,7,2027-05-01
2027-05-01,wk inc flu hosp,0,54,quantile,0.75,7,2027-05-01
2027-05-01,wk inc flu hosp,0,54,quantile,0.8,8,2027-05-01
2027-05-01,wk inc flu hosp,0,54,quantile,0.85,8,2027-05-01
2027-05-01,wk inc flu hosp,0,54,quantile,0.9,9,2027-05-01
2027-05-01,wk inc flu hosp,0,54,quantile,0.95,11,2027-05-01
2027-05-01,wk inc flu hosp,0,54,quantile,0.975,11,2027-05-01
2027-05-01,wk inc flu hosp,0,54,quantile,0.99,13,2027-05-01
2027-05-01,wk inc flu hosp,0,55,quantile,0.01,6,2027-05-01
2027-05-01,wk inc flu hosp,0,55,quantile,0.025,6,2027-05-01
2027-05-01,wk inc flu hosp,0,55,quantile,0.05,7,2027-05-01
2027-05-01,wk inc flu hosp,0,55,quantile,0.1,9,2027-05-01
2027-05-01,wk inc flu hosp,0,55,quantile,0.15,10,2027-05-01
2027-05-01,wk inc flu hosp,0,55,quantile,0.2,10,2027-05-01
2027-05-01,wk inc flu hosp,0,55,quantile,0.25,11,2027-05-01
2027-05-01,wk inc flu hosp,0,55,quantile,0.3,12,2027-05-01
2027-05-01,wk inc flu hosp,0,55,quantile,0.35,13,2027-05-01
2027-05-01,wk inc flu hosp,0,55,quantile,0.4,13,2027-05-01
2027-05-01,wk inc flu hosp,0,55,quantile,0.45,13,2027-05-01
2027-05-01,wk inc flu hosp,0,55,quantile,0.5,14,2027-05-01
2027-05-01,wk inc flu hosp,0,55,quantile,0.55,14,2027-05-01
2027-05-01,wk inc flu hosp,0,55,quantile,0.6,15,2027-05-01
2027-05-01,wk inc flu hosp,0,55,quantile,0.65,15,2027-05-01
2027-05-01,wk inc flu hosp,0,55,quantile,0.7,16,2027-05-01
2027-05-01,wk inc flu hosp,0,55,quantile,0.75,17,2027-05-01
2027-05-01,wk inc flu hosp,0,55,quantile,0.8,18,2027-05-01
2027-05-01,wk inc flu hosp,0,55,quantile,0.85,19,2027-05-01
2027-05-01,wk inc flu hosp,0,55,quantile,0.9,20,2027-05-01
2027-05-01,wk inc flu hosp,0,55,quantile,0.95,24,2027-05-01
2027-05-01,wk inc flu hosp,0,55,quantile,0.975,25,2027-05-01
2027-05-01,wk inc flu hosp,0,55,quantile,0.99,26,2027-05-01
2027-05-01,wk inc flu hosp,0,56,quantile,0.01,0,2027-05-01
2027-05-01,wk inc flu hosp,0,56,quantile,0.025,0,2027-05-01
2027-05-01,wk inc flu hosp,0,56,quantile,0.05,0,2027-05-01
2027-05-01,wk inc flu hosp,0,56,quantile,0.1,1,2027-05-01
2027-05-01,wk inc flu hosp,0,56,quantile,0.15,1,2027-05-01
2027-05-01,wk inc flu hosp,0,56,quantile,0.2,1,2027-05-01
2027-05-01,wk inc flu hosp,0,56,quantile,0.25,1,2027-05-01
2027-05-01,wk inc flu hosp,0,56,quantile,0.3,2,2027-05-01
2027-05-01,wk inc flu hosp,0,56,quantile,0.35,2,2027-05-01
2027-05-01,wk inc flu hosp,0,56,quantile,0.4,2,2027-05-01
2027-05-01,wk inc flu hosp,0,56,quantile,0.45,2,2027-05-01
2027-05-01,wk inc flu hosp,0,56,quantile,0.5,3,2027-05-01
2027-05-01,wk inc flu hosp,0,56,quantile,0.55,3,2027-05-01
2027-05-01,wk inc flu hosp,0,56,quantile,0.6,3,2027-05-01
2027-05-01,wk inc flu hosp,0,56,quantile,0.65,4,2027-05-01
2027-05-01,wk inc flu hosp,0,56,quantile,0.7,4,2027-05-01
2027-05-01,wk inc flu hosp,0,56,quantile,0.75,5,2027-05-01
2027-05-01,wk inc flu hosp,0,56,quantile,0.8,5,2027-05-01
2027-05-01,wk inc flu hosp,0,56,quantile,0.85,6,2027-05-01
2027-05-01,wk inc flu hosp,0,56,quantile,0.9,7,2027-05-01
2027-05-01,wk inc flu hosp,0,56,quantile,0.95,7,2027-05-01
2027-05-01,wk inc flu hosp,0,56,quantile,0.975,9,2027-05-01
2027-05-01,wk inc flu hosp,0,56,quantile,0.99,10,2027-05-01
2027-05-01,wk inc flu hosp,0,72,quantile,0.01,49,2027-05-01
2027-05-01,wk inc flu hosp,0,72,quantile,0.025,57,2027-05-01
2027-05-01,wk inc flu hosp,0,72,quantile,0.05,61,2027-05-01
2027-05-01,wk inc flu hosp,0,72,quantile,0.1,71,2027-05-01
2027-05-01,wk inc flu hosp,0,72,quantile,0.15,74,2027-05-01
2027-05-01,wk inc flu hosp,0,72,quantile,0.2,77,2027-05-01
2027-05-01,wk inc flu hosp,0,72,quantile,0.25,79,2027-05-01
2027-05-01,wk inc flu hosp,0,72,quantile,0.3,84,2027-05-01
2027-05-01,wk inc flu hosp,0,72,quantile,0.35,87,2027-05-01
2027-05-01,wk inc flu hosp,0,72,quantile,0.4,90,2027-05-01
2027-05-01,wk inc flu hosp,0,72,quantile,0.45,93,2027-05-01
2027-05-01,wk inc flu hosp,0,72,quantile,0.5,96,2027-05-01
2027-05-01,wk inc flu hosp,0,72,quantile,0.55,100,2027-05-01
2027-05-01,wk inc flu hosp,0,72,quantile,0.6,103,2027-05-01
2027-05-01,wk inc flu hosp,0,72,quantile,0.65,106,2027-05-01
2027-05-01,wk inc flu hosp,0,72,quantile,0.7,109,2027-05-01
2027-05-01,wk inc flu hosp,0,72,quantile,0.75,112,2027-05-01
2027-05-01,wk inc flu hosp,0,72,quantile,0.8,117,2027-05-01
2027-05-01,wk inc flu hosp,0,72,quantile,0.85,122,2027-05-01
2027-05-01,wk inc flu hosp,0,72,quantile,0.9,126,2027-05-01
2027-05-01,wk inc flu hosp,0,72,quantile,0.95,134,2027-05-01
2027-05-01,wk inc flu hosp,0,72,quantile,0.975,138,2027-05-01
2027-05-01,wk inc flu hosp,0,72,quantile,0.99,147,2027-05-01
2027-05-01,wk inc flu hosp,0,USA,quantile,0.01,1553,2027-05-01
2027-05-01,wk inc flu hosp,0,USA,quantile,0.025,1581,2027-05-01
2027-05-01,wk inc flu hosp,0,USA,quantile,0.05,1598,2027-05-01
2027-05-01,wk inc flu hosp,0,USA,quantile,0.1,1624,2027-05-01
2027-05-01,wk inc flu hosp,0,USA,quantile,0.15,1636,2027-05-01
2027-05-01,wk inc flu hosp,0,USA,quantile,0.2,1648,2027-05-01
2027-05-01,wk inc flu hosp,0,USA,quantile,0.25,1658,2027-05-01
2027-05-01,wk inc flu hosp,0,USA,quantile,0.3,1674,2027-05-01
2027-05-01,wk inc flu hosp,0,USA,quantile,0.35,1682,2027-05-01
2027-05-01,wk inc flu hosp,0,USA,quantile,0.4,1692,2027-05-01
2027-05-01,wk inc flu hosp,0,USA,quantile,0.45,1703,2027-05-01
2027-05-01,wk inc flu hosp,0,USA,quantile,0.5,1714,2027-05-01
2027-05-01,wk inc flu hosp,0,USA,quantile,0.55,1724,2027-05-01
2027-05-01,wk inc flu hosp,0,USA,quantile,0.6,1741,2027-05-01
2027-05-01,wk inc flu hosp,0,USA,quantile,0.65,1759,2027-05-01
2027-05-01,wk inc flu hosp,0,USA,quantile,0.7,1773,2027-05-01
2027-05-01,wk inc flu hosp,0,USA,quantile,0.75,1782,2027-05-01
2027-05-01,wk inc flu hosp,0,USA,quantile,0.8,1795,2027-05-01
2027-05-01,wk inc flu hosp,0,USA,quantile,0.85,1814,2027-05-01
2027-05-01,wk inc flu hosp,0,USA,quantile,0.9,1833,2027-05-01
2027-05-01,wk inc flu hosp,0,USA,quantile,0.95,1866,2027-05-01
2027-05-01,wk inc flu hosp,0,USA,quantile,0.975,1888,2027-05-01
2027-05-01,wk inc flu hosp,0,USA,quantile,0.99,1933,2027-05-01
2027-05-01,wk inc flu hosp,1,01,quantile,0.01,2,2027-05-08
2027-05-01,wk inc flu hosp,1,01,quantile,0.025,4,2027-05-08
2027-05-01,wk inc flu hosp,1,01,quantile,0.05,4,2027-05-08
2027-05-01,wk inc flu hosp,1,01,quantile,0.1,5,2027-05-08
2027-05-01,wk inc flu hosp,1,01,quantile,0.15,7,2027-05-08
2027-05-01,wk inc flu hosp,1,01,quantile,0.2,7,2027-05-08
2027-05-01,wk inc flu hosp,1,01,quantile,0.25,9,2027-05-08
2027-05-01,wk inc flu hosp,1,01,quantile,0.3,9,2027-05-08
2027-05-01,wk inc flu hosp,1,01,quantile,0.35,10,2027-05-08
2027-05-01,wk inc flu hosp,1,01,quantile,0.4,10,2027-05-08
2027-05-01,wk inc flu hosp,1,01,quantile,0.45,11,2027-05-08
2027-05-01,wk inc flu hosp,1,01,quantile,0.5,11,2027-05-08
2027-05-01,wk inc flu hosp,1,01,quantile,0.55,11,2027-05-08
2027-05-01,wk inc flu hosp,1,01,quantile,0.6,12,2027-05-08
2027-05-01,wk inc flu hosp,1,01,quantile,0.65,13,2027-05-08
2027-05-01,wk inc flu hosp,1,01,quantile,0.7,13,2027-05-08
2027-05-01,wk inc flu hosp,1,01,quantile,0.75,14,2027-05-08
2027-05-01,wk inc flu hosp,1,01,quantile,0.8,15,2027-05-08
2027-05-01,wk inc flu hosp,1,01,quantile,0.85,16,2027-05-08
2027-05-01,wk inc flu hosp,1,01,quantile,0.9,17,2027-05-08
2027-05-01,wk inc flu hosp,1,01,quantile,0.95,18,2027-05-08
2027-05-01,wk inc flu hosp,1,01,quantile,0.975,19,2027-05-08
2027-05-01,wk inc flu hosp,1,01,quantile,0.99,20,2027-05-08
2027-05-01,wk inc flu hosp,1,02,quantile,0.01,0,2027-05-08
2027-05-01,wk inc flu hosp,1,02,quantile,0.025,0,2027-05-08
2027-05-01,wk inc flu hosp,1,02,quantile,0.05,0,2027-05-08
2027-05-01,wk inc flu hosp,1,02,quantile,0.1,0,2027-05-08
2027-05-01,wk inc flu hosp,1,02,quantile,0.15,1,2027-05-08
2027-05-01,wk inc flu hosp,1,02,quantile,0.2,1,2027-05-08
2027-05-01,wk inc flu hosp,1,02,quantile,0.25,2,2027-05-08
2027-05-01,wk inc flu hosp,1,02,quantile,0.3,2,2027-05-08
2027-05-01,wk inc flu hosp,1,02,quantile,0.35,3,2027-05-08
2027-05-01,wk inc flu hosp,1,02,quantile,0.4,4,2027-05-08
2027-05-01,wk inc flu hosp,1,02,quantile,0.45,4,2027-05-08
2027-05-01,wk inc flu hosp,1,02,quantile,0.5,5,2027-05-08
2027-05-01,wk inc flu hosp,1,02,quantile,0.55,5,2027-05-08
2027-05-01,wk inc flu hosp,1,02,quantile,0.6,6,2027-05-08
2027-05-01,wk inc flu hosp,1,02,quantile,0.65,6,2027-05-08
2027-05-01,wk inc flu hosp,1,02,quantile,0.7,7,2027-05-08
2027-05-01,wk inc flu hosp,1,02,quantile,0.75,8,2027-05-08
2027-05-01,wk inc flu hosp,1,02,quantile,0.8,9,2027-05-08
2027-05-01,wk inc flu hosp,1,02,quantile,0.85,9,2027-05-08
2027-05-01,wk inc flu hosp,1,02,quantile,0.9,11,2027-05-08
2027-05-01,wk inc flu hosp,1,02,quantile,0.95,12,2027-05-08
2027-05-01,wk inc flu hosp,1,02,quantile,0.975,14,2027-05-08
2027-05-01,wk inc flu hosp,1,02,quantile,0.99,16,2027-05-08
2027-05-01,wk inc flu hosp,1,04,quantile,0.01,40,2027-05-08
2027-05-01,wk inc flu hosp,1,04,quantile,0.025,41,2027-05-08
2027-05-01,wk inc flu hosp,1,04,quantile,0.05,46,2027-05-08
2027-05-01,wk inc flu hosp,1,04,quantile,0.1,49,2027-05-08
2027-05-01,wk inc flu hosp,1,04,quantile,0.15,52,2027-05-08
2027-05-01,wk inc flu hosp,1,04,quantile,0.2,54,2027-05-08
2027-05-01,wk inc flu hosp,1,04,quantile,0.25,56,2027-05-08
2027-05-01,wk inc flu hosp,1,04,quantile,0.3,58,2027-05-08
2027-05-01,wk inc flu hosp,1,04,quantile,0.35,61,2027-05-08
2027-05-01,wk inc flu hosp,1,04,quantile,0.4,64,2027-05-08
2027-05-01,wk inc flu hosp,1,04,quantile,0.45,65,2027-05-08
2027-05-01,wk inc flu hosp,1,04,quantile,0.5,67,2027-05-08
2027-05-01,wk inc flu hosp,1,04,quantile,0.55,69,2027-05-08
2027-05-01,wk inc flu hosp,1,04,quantile,0.6,73,2027-05-08
2027-05-01,wk inc flu hosp,1,04,quantile,0.65,76,2027-05-08
2027-05-01,wk inc flu hosp,1,04,quantile,0.7,78,2027-05-08
2027-05-01,wk inc flu hosp,1,04,quantile,0.75,81,2027-05-08
2027-05-01,wk inc flu hosp,1,04,quantile,0.8,83,2027-05-08
2027-05-01,wk inc flu hosp,1,04,quantile,0.85,85,2027-05-08
2027-05-01,wk inc flu hosp,1,04,quantile,0.9,90,2027-05-08
2027-05-01,wk inc flu hosp,1,04,quantile,0.95,108,2027-05-08
2027-05-01,wk inc flu hosp,1,04,quantile,0.975,112,2027-05-08
2027-05-01,wk inc flu hosp,1,04,quantile,0.99,135,2027-05-08
2027-05-01,wk inc flu hosp,1,05,quantile,0.01,2,2027-05-08
2027-05-01,wk inc flu hosp,1,05,quantile,0.025,4,2027-05-08
2027-05-01,wk inc flu hosp,1,05,quantile,0.05,5,2027-05-08
2027-05-01,wk inc flu hosp,1,05,quantile,0.1,7,2027-05-08
2027-05-01,wk inc flu hosp,1,05,quantile,0.15,7,2027-05-08
2027-05-01,wk inc flu hosp,1,05,quantile,0.2,8,2027-05-08
2027-05-01,wk inc flu hosp,1,05,quantile,0.25,9,2027-05-08
2027-05-01,wk inc flu hosp,1,05,quantile,0.3,10,2027-05-08
2027-05-01,wk inc flu hosp,1,05,quantile,0.35,10,2027-05-08
2027-05-01,wk inc flu hosp,1,05,quantile,0.4,11,2027-05-08
2027-05-01,wk inc flu hosp,1,05,quantile,0.45,11,2027-05-08
2027-05-01,wk inc flu hosp,1,05,quantile,0.5,12,2027-05-08
2027-05-01,wk inc flu hosp,1,05,quantile,0.55,13,2027-05-08
2027-05-01,wk inc flu hosp,1,05,quantile,0.6,14,2027-05-08
2027-05-01,wk inc flu hosp,1,05,quantile,0.65,14,2027-05-08
2027-05-01,wk inc flu hosp,1,05,quantile,0.7,15,2027-05-08
2027-05-01,wk inc flu hosp,1,05,quantile,0.75,16,2027-05-08
2027-05-01,wk inc flu hosp,1,05,quantile,0.8,17,2027-05-08
2027-05-01,wk inc flu hosp,1,05,quantile,0.85,18,2027-05-08
2027-05-01,wk inc flu hosp,1,05,quantile,0.9,18,2027-05-08
2027-05-01,wk inc flu hosp,1,05,quantile,0.95,20,2027-05-08
2027-05-01,wk inc flu hosp,1,05,quantile,0.975,25,2027-05-08
2027-05-01,wk inc flu hosp,1,05,quantile,0.99,27,2027-05-08
2027-05-01,wk inc flu hosp,1,06,quantile,0.01,75,2027-05-08
2027-05-01,wk inc flu hosp,1,06,quantile,0.025,85,2027-05-08
2027-05-01,wk inc flu hosp,1,06,quantile,0.05,90,2027-05-08
2027-05-01,wk inc flu hosp,1,06,quantile,0.1,98,2027-05-08
2027-05-01,wk inc flu hosp,1,06,quantile,0.15,104,2027-05-08
2027-05-01,wk inc flu hosp,1,06,quantile,0.2,106,2027-05-08
2027-05-01,wk inc flu hosp,1,06,quantile,0.25,112,2027-05-08
2027-05-01,wk inc flu hosp,1,06,quantile,0.3,117,2027-05-08
2027-05-01,wk inc flu hosp,1,06,quantile,0.35,122,2027-05-08
2027-05-01,wk inc flu hosp,1,06,quantile,0.4,127,2027-05-08
2027-05-01,wk inc flu hosp,1,06,quantile,0.45,131,2027-05-08
2027-05-01,wk inc flu hosp,1,06,quantile,0.5,136,2027-05-08
2027-05-01,wk inc flu hosp,1,06,quantile,0.55,138,2027-05-08
2027-05-01,wk inc flu hosp,1,06,quantile,0.6,143,2027-05-08
2027-05-01,wk inc flu hosp,1,06,quantile,0.65,146,2027-05-08
2027-05-01,wk inc flu hosp,1,06,quantile,0.7,154,2027-05-08
2027-05-01,wk inc flu hosp,1,06,quantile,0.75,158,2027-05-08
2027-05-01,wk inc flu hosp,1,06,quantile,0.8,162,2027-05-08
2027-05-01,wk inc flu hosp,1,06,quantile,0.85,169,2027-05-08
2027-05-01,wk inc flu hosp,1,06,quantile,0.9,181,2027-05-08
2027-05-01,wk inc flu hosp,1,06,quantile,0.95,200,2027-05-08
2027-05-01,wk inc flu hosp,1,06,quantile,0.975,208,2027-05-08
2027-05-01,wk inc flu hosp,1,06,quantile,0.99,233,2027-05-08
2027-05-01,wk inc flu hosp,1,08,quantile,0.01,8,2027-05-08
2027-05-01,wk inc flu hosp,1,08,quantile,0.025,8,2027-05-08
2027-05-01,wk inc flu hosp,1,08,quantile,0.05,9,2027-05-08
2027-05-01,wk inc flu hosp,1,08,quantile,0.1,11,2027-05-08
2027-05-01,wk inc flu hosp,1,08,quantile,0.15,12,2027-05-08
2027-05-01,wk inc flu hosp,1,08,quantile,0.2,12,2027-05-08
2027-05-01,wk inc flu hosp,1,08,quantile,0.25,13,2027-05-08
2027-05-01,wk inc flu hosp,1,08,quantile,0.3,14,2027-05-08
2027-05-01,wk inc flu hosp,1,08,quantile,0.35,15,2027-05-08
2027-05-01,wk inc flu hosp,1,08,quantile,0.4,16,2027-05-08
2027-05-01,wk inc flu hosp,1,08,quantile,0.45,17,2027-05-08
2027-05-01,wk inc flu hosp,1,08,quantile,0.5,18,2027-05-08
2027-05-01,wk inc flu hosp,1,08,quantile,0.55,18,2027-05-08
2027-05-01,wk inc flu hosp,1,08,quantile,0.6,19,2027-05-08
2027-05-01,wk inc flu hosp,1,08,quantile,0.65,20,2027-05-08
2027-05-01,wk inc flu hosp,1,08,quantile,0.7,20,2027-05-08
2027-05-01,wk inc flu hosp,1,08,quantile,0.75,21,2027-05-08
2027-05-01,wk inc flu hosp,1,08,quantile,0.8,22,2027-05-08
2027-05-01,wk inc flu hosp,1,08,quantile,0.85,23,2027-05-08
2027-05-01,wk inc flu hosp,1,08,quantile,0.9,25,2027-05-08
2027-05-01,wk inc flu hosp,1,08,quantile,0.95,26,2027-05-08
2027-05-01,wk inc flu hosp,1,08,quantile,0.975,29,2027-05-08
2027-05-01,wk inc flu hosp,1,08,quantile,0.99,33,2027-05-08
2027-05-01,wk inc flu hosp,1,09,quantile,0.01,4,2027-05-08
2027-05-01,wk inc flu hosp,1,09,quantile,0.025,5,2027-05-08
2027-05-01,wk inc flu hosp,1,09,quantile,0.05,6,2027-05-08
2027-05-01,wk inc flu hosp,1,09,quantile,0.1,7,2027-05-08
2027-05-01,wk inc flu hosp,1,09,quantile,0.15,8,2027-05-08
2027-05-01,wk inc flu hosp,1,09,quantile,0.2,9,2027-05-08
2027-05-01,wk inc flu hosp,1,09,quantile,0.25,10,2027-05-08
2027-05-01,wk inc flu hosp,1,09,quantile,0.3,10,2027-05-08
2027-05-01,wk inc flu hosp,1,09,quantile,0.35,11,2027-05-08
2027-05-01,wk inc flu hosp,1,09,quantile,0.4,13,2027-05-08
2027-05-01,wk inc flu hosp,1,09,quantile,0.45,13,2027-05-08
2027-05-01,wk inc flu hosp,1,09,quantile,0.5,14,2027-05-08
2027-05-01,wk inc flu hosp,1,09,quantile,0.55,14,2027-05-08
2027-05-01,wk inc flu hosp,1,09,quantile,0.6,15,2027-05-08
2027-05-01,wk inc flu hosp,1,09,quantile,0.65,16,2027-05-08
2027-05-01,wk inc flu hosp,1,09,quantile,0.7,17,2027-05-08
2027-05-01,wk inc flu hosp,1,09,quantile,0.75,18,2027-05-08
2027-05-01,wk inc flu hosp,1,09,quantile,0.8,19,2027-05-08
2027-05-01,wk inc flu hosp,1,09,quantile,0.85,20,2027-05-08
2027-05-01,wk inc flu hosp,1,09,quantile,0.9,22,2027-05-08
2027-05-01,wk inc flu hosp,1,09,quantile,0.95,24,2027-05-08
2027-05-01,wk inc flu hosp,1,09,quantile,0.975,26,2027-05-08
2027-05-01,wk inc flu hosp,1,09,quantile,0.99,29,2027-05-08
2027-05-01,wk inc flu hosp,1,10,quantile,0.01,0,2027-05-08
2027-05-01,wk inc flu hosp,1,10,quantile,0.025,0,2027-05-08
2027-05-01,wk inc flu hosp,1,10,quantile,0.05,0,2027-05-08
2027-05-01,wk inc flu hosp,1,10,quantile,0.1,0,2027-05-08
2027-05-01,wk inc flu hosp,1,10,quantile,0.15,0,2027-05-08
2027-05-01,wk inc flu hosp,1,10,quantile,0.2,1,2027-05-08
2027-05-01,wk inc flu hosp,1,10,quantile,0.25,1,2027-05-08
2027-05-01,wk inc flu hosp,1,10,quantile,0.3,1,2027-05-08
2027-05-01,wk inc flu hosp,1,10,quantile,0.35,1,2027-05-08
2027-05-01,wk inc flu hosp,1,10,quantile,0.4,2,2027-05-08
2027-05-01,wk inc flu hosp,1,10,quantile,0.45,2,2027-05-08
2027-05-01,wk inc flu hosp,1,10,quantile,0.5,2,2027-05-08
2027-05-01,wk inc flu hosp,1,10,quantile,0.55,2,2027-05-08
2027-05-01,wk inc flu hosp,1,10,quantile,0.6,2,2027-05-08
2027-05-01,wk inc flu hosp,1,10,quantile,0.65,3,2027-05-08
2027-05-01,wk inc flu hosp,1,10,quantile,0.7,3,2027-05-08
2027-05-01,wk inc flu hosp,1,10,quantile,0.75,4,2027-05-08
2027-05-01,wk inc flu hosp,1,10,quantile,0.8,4,2027-05-08
2027-05-01,wk inc flu hosp,1,10,quantile,0.85,5,2027-05-08
2027-05-01,wk inc flu hosp,1,10,quantile,0.9,6,2027-05-08
2027-05-01,wk inc flu hosp,1,10,quantile,0.95,7,2027-05-08
2027-05-01,wk inc flu hosp,1,10,quantile,0.975,8,2027-05-08
2027-05-01,wk inc flu hosp,1,10,quantile,0.99,8,2027-05-08
2027-05-01,wk inc flu hosp,1,11,quantile,0.01,0,2027-05-08
2027-05-01,wk inc flu hosp,1,11,quantile,0.025,0,2027-05-08
2027-05-01,wk inc flu hosp,1,11,quantile,0.05,0,2027-05-08
2027-05-01,wk inc flu hosp,1,11,quantile,0.1,0,2027-05-08
2027-05-01,wk inc flu hosp,1,11,quantile,0.15,0,2027-05-08
2027-05-01,wk inc flu hosp,1,11,quantile,0.2,0,2027-05-08
2027-05-01,wk inc flu hosp,1,11,quantile,0.25,0,2027-05-08
2027-05-01,wk inc flu hosp,1,11,quantile,0.3,1,2027-05-08
2027-05-01,wk inc flu hosp,1,11,quantile,0.35,1,2027-05-08
2027-05-01,wk inc flu hosp,1,11,quantile,0.4,1,2027-05-08
2027-05-01,wk inc flu hosp,1,11,quantile,0.45,2,2027-05-08
2027-05-01,wk inc flu hosp,1,11,quantile,0.5,2,2027-05-08
2027-05-01,wk inc flu hosp,1,11,quantile,0.55,3,2027-05-08
2027-05-01,wk inc flu hosp,1,11,quantile,0.6,3,2027-05-08
2027-05-01,wk inc flu hosp,1,11,quantile,0.65,3,2027-05-08
2027-05-01,wk inc flu hosp,1,11,quantile,0.7,4,2027-05-08
2027-05-01,wk inc flu hosp,1,11,quantile,0.75,4,2027-05-08
2027-05-01,wk inc flu hosp,1,11,quantile,0.8,5,2027-05-08
2027-05-01,wk inc flu hosp,1,11,quantile,0.85,6,2027-05-08
2027-05-01,wk inc flu hosp,1,11,quantile,0.9,8,2027-05-08
2027-05-01,wk inc flu hosp,1,11,quantile,0.95,9,2027-05-08
2027-05-01,wk inc flu hosp,1,11,quantile,0.975,11,2027-05-08
2027-05-01,wk inc flu hosp,1,11,quantile,0.99,11,2027-05-08
2027-05-01,wk inc flu hosp,1,12,quantile,0.01,80,2027-05-08
2027-05-01,wk inc flu hosp,1,12,quantile,0.025,85,2027-05-08
2027-05-01,wk inc flu hosp,1,12,quantile,0.05,100,2027-05-08
2027-05-01,wk inc flu hosp,1,12,quantile,0.1,108,2027-05-08
2027-05-01,wk inc flu hosp,1,12,quantile,0.15,116,2027-05-08
2027-05-01,wk inc flu hosp,1,12,quantile,0.2,119,2027-05-08
2027-05-01,wk inc flu hosp,1,12,quantile,0.25,123,2027-05-08
2027-05-01,wk inc flu hosp,1,12,quantile,0.3,125,2027-05-08
2027-05-01,wk inc flu hosp,1,12,quantile,0.35,131,2027-05-08
2027-05-01,wk inc flu hosp,1,12,quantile,0.4,134,2027-05-08
2027-05-01,wk inc flu hosp,1,12,quantile,0.45,139,2027-05-08
2027-05-01,wk inc flu hosp,1,12,quantile,0.5,142,2027-05-08
2027-05-01,wk inc flu hosp,1,12,quantile,0.55,145,2027-05-08
2027-05-01,wk inc flu hosp,1,12,quantile,0.6,147,2027-05-08
2027-05-01,wk inc flu hosp,1,12,quantile,0.65,151,2027-05-08
2027-05-01,wk inc flu hosp,1,12,quantile,0.7,155,2027-05-08
2027-05-01,wk inc flu hosp,1,12,quantile,0.75,160,2027-05-08
2027-05-01,wk inc flu hosp,1,12,quantile,0.8,167,2027-05-08
2027-05-01,wk inc flu hosp,1,12,quantile,0.85,176,2027-05-08
2027-05-01,wk inc flu hosp,1,12,quantile,0.9,185,2027-05-08
2027-05-01,wk inc flu hosp,1,12,quantile,0.95,197,2027-05-08
2027-05-01,wk inc flu hosp,1,12,quantile,0.975,209,2027-05-08
2027-05-01,wk inc flu hosp,1,12,quantile,0.99,214,2027-05-08
2027-05-01,wk inc flu hosp,1,13,quantile,0.01,9,2027-05-08
2027-05-01,wk inc flu hosp,1,13,quantile,0.025,9,2027-05-08
2027-05-01,wk inc flu hosp,1,13,quantile,0.05,11,2027-05-08
2027-05-01,wk inc flu hosp,1,13,quantile,0.1,13,2027-05-08
2027-05-01,wk inc flu hosp,1,13,quantile,0.15,14,2027-05-08
2027-05-01,wk inc flu hosp,1,13,quantile,0.2,15,2027-05-08
2027-05-01,wk inc flu hosp,1,13,quantile,0.25,16,2027-05-08
2027-05-01,wk inc flu hosp,1,13,quantile,0.3,17,2027-05-08
2027-05-01,wk inc flu hosp,1,13,quantile,0.35,17,2027-05-08
2027-05-01,wk inc flu hosp,1,13,quantile,0.4,18,2027-05-08
2027-05-01,wk inc flu hosp,1,13,quantile,0.45,19,2027-05-08
2027-05-01,wk inc flu hosp,1,13,quantile,0.5,20,2027-05-08
2027-05-01,wk inc flu hosp,1,13,quantile,0.55,21,2027-05-08
2027-05-01,wk inc flu hosp,1,13,quantile,0.6,22,2027-05-08
2027-05-01,wk inc flu hosp,1,13,quantile,0.65,22,2027-05-08
2027-05-01,wk inc flu hosp,1,13,quantile,0.7,23,2027-05-08
2027-05-01,wk inc flu hosp,1,13,quantile,0.75,25,2027-05-08
2027-05-01,wk inc flu hosp,1,13,quantile,0.8,26,2027-05-08
2027-05-01,wk inc flu hosp,1,13,quantile,0.85,28,2027-05-08
2027-05-01,wk inc flu hosp,1,13,quantile,0.9,29,2027-05-08
2027-05-01,wk inc flu hosp,1,13,quantile,0.95,31,2027-05-08
2027-05-01,wk inc flu hosp,1,13,quantile,0.975,35,2027-05-08
2027-05-01,wk inc flu hosp,1,13,quantile,0.99,37,2027-05-08
2027-05-01,wk inc flu hosp,1,15,quantile,0.01,3,2027-05-08
2027-05-01,wk inc flu hosp,1,15,quantile,0.025,5,2027-05-08
2027-05-01,wk inc flu hosp,1,15,quantile,0.05,6,2027-05-08
2027-05-01,wk inc flu hosp,1,15,quantile,0.1,8,2027-05-08
2027-05-01,wk inc flu hosp,1,15,quantile,0.15,9,2027-05-08
2027-05-01,wk inc flu hosp,1,15,quantile,0.2,11,2027-05-08
2027-05-01,wk inc flu hosp,1,15,quantile,0.25,12,2027-05-08
2027-05-01,wk inc flu hosp,1,15,quantile,0.3,13,2027-05-08
2027-05-01,wk inc flu hosp,1,15,quantile,0.35,14,2027-05-08
2027-05-01,wk inc flu hosp,1,15,quantile,0.4,15,2027-05-08
2027-05-01,wk inc flu hosp,1,15,quantile,0.45,16,2027-05-08
2027-05-01,wk inc flu hosp,1,15,quantile,0.5,16,2027-05-08
2027-05-01,wk inc flu hosp,1,15,quantile,0.55,18,2027-05-08
2027-05-01,wk inc flu hosp,1,15,quantile,0.6,18,2027-05-08
2027-05-01,wk inc flu hosp,1,15,quantile,0.65,19,2027-05-08
2027-05-01,wk inc flu hosp,1,15,quantile,0.7,20,2027-05-08
2027-05-01,wk inc flu hosp,1,15,quantile,0.75,21,2027-05-08
2027-05-01,wk inc flu hosp,1,15,quantile,0.8,23,2027-05-08
2027-05-01,wk inc flu hosp,1,15,quantile,0.85,24,2027-05-08
2027-05-01,wk inc flu hosp,1,15,quantile,0.9,25,2027-05-08
2027-05-01,wk inc flu hosp,1,15,quantile,0.95,29,2027-05-08
2027-05-01,wk inc flu hosp,1,15,quantile,0.975,31,2027-05-08
2027-05-01,wk inc flu hosp,1,15,quantile,0.99,33,2027-05-08
2027-05-01,wk inc flu hosp,1,16,quantile,0.01,0,2027-05-08
2027-05-01,wk inc flu hosp,1,16,quantile,0.025,0,2027-05-08
2027-05-01,wk inc flu hosp,1,16,quantile,0.05,0,2027-05-08
2027-05-01,wk inc flu hosp,1,16,quantile,0.1,1,2027-05-08
2027-05-01,wk inc flu hosp,1,16,quantile,0.15,1,2027-05-08
2027-05-01,wk inc flu hosp,1,16,quantile,0.2,2,2027-05-08
2027-05-01,wk inc flu hosp,1,16,quantile,0.25,2,2027-05-08
2027-05-01,wk inc flu hosp,1,16,quantile,0.3,3,2027-05-08
2027-05-01,wk inc flu hosp,1,16,quantile,0.35,3,2027-05-08
2027-05-01,wk inc flu hosp,1,16,quantile,0.4,3,2027-05-08
2027-05-01,wk inc flu hosp,1,16,quantile,0.45,4,2027-05-08
2027-05-01,wk inc flu hosp,1,16,quantile,0.5,4,2027-05-08
2027-05-01,wk inc flu hosp,1,16,quantile,0.55,4,2027-05-08
2027-05-01,wk inc flu hosp,1,16,quantile,0.6,5,2027-05-08
2027-05-01,wk inc flu hosp,1,16,quantile,0.65,5,2027-05-08
2027-05-01,wk inc flu hosp,1,16,quantile,0.7,6,2027-05-08
2027-05-01,wk inc flu hosp,1,16,quantile,0.75,7,2027-05-08
2027-05-01,wk inc flu hosp,1,16,quantile,0.8,7,2027-05-08
2027-05-01,wk inc flu hosp,1,16,quantile,0.85,8,2027-05-08
2027-05-01,wk inc flu hosp,1,16,quantile,0.9,9,2027-05-08
2027-05-01,wk inc flu hosp,1,16,quantile,0.95,10,2027-05-08
2027-05-01,wk inc flu hosp,1,16,quantile,0.975,12,2027-05-08
2027-05-01,wk inc flu hosp,1,16,quantile,0.99,14,2027-05-08
2027-05-01,wk inc flu hosp,1,17,quantile,0.01,14,2027-05-08
2027-05-01,wk inc flu hosp,1,17,quantile,0.025,16,2027-05-08
2027-05-01,wk inc flu hosp,1,17,quantile,0.05,20,2027-05-08
2027-05-01,wk inc flu hosp,1,17,quantile,0.1,22,2027-05-08
2027-05-01,wk inc flu hosp,1,17,quantile,0.15,23,2027-05-08
2027-05-01,wk inc flu hosp,1,17,quantile,0.2,24,2027-05-08
2027-05-01,wk inc flu hosp,1,17,quantile,0.25,25,2027-05-08
2027-05-01,wk inc flu hosp,1,17,quantile,0.3,26,2027-05-08
2027-05-01,wk inc flu hosp,1,17,quantile,0.35,27,2027-05-08
2027-05-01,wk inc flu hosp,1,17,quantile,0.4,28,2027-05-08
2027-05-01,wk inc flu hosp,1,17,quantile,0.45,29,2027-05-08
2027-05-01,wk inc flu hosp,1,17,quantile,0.5,30,2027-05-08
2027-05-01,wk inc flu hosp,1,17,quantile,0.55,30,2027-05-08
2027-05-01,wk inc flu hosp,1,17,quantile,0.6,31,2027-05-08
2027-05-01,wk inc flu hosp,1,17,quantile,0.65,31,2027-05-08
2027-05-01,wk inc flu hosp,1,17,quantile,0.7,33,2027-05-08
2027-05-01,wk inc flu hosp,1,17,quantile,0.75,34,2027-05-08
2027-05-01,wk inc flu hosp,1,17,quantile,0.8,36,2027-05-08
2027-05-01,wk inc flu hosp,1,17,quantile,0.85,37,2027-05-08
2027-05-01,wk inc flu hosp,1,17,quantile,0.9,38,2027-05-08
2027-05-01,wk inc flu hosp,1,17,quantile,0.95,40,2027-05-08
2027-05-01,wk inc flu hosp,1,17,quantile,0.975,43,2027-05-08
2027-05-01,wk inc flu hosp,1,17,quantile,0.99,47,2027-05-08
2027-05-01,wk inc flu hosp,1,18,quantile,0.01,6,2027-05-08
2027-05-01,wk inc flu hosp,1,18,quantile,0.025,6,2027-05-08
2027-05-01,wk inc flu hosp,1,18,quantile,0.05,8,2027-05-08
2027-05-01,wk inc flu hosp,1,18,quantile,0.1,8,2027-05-08
2027-05-01,wk inc flu hosp,1,18,quantile,0.15,9,2027-05-08
2027-05-01,wk inc flu hosp,1,18,quantile,0.2,10,2027-05-08
2027-05-01,wk inc flu hosp,1,18,quantile,0.25,10,2027-05-08
2027-05-01,wk inc flu hosp,1,18,quantile,0.3,11,2027-05-08
2027-05-01,wk inc flu hosp,1,18,quantile,0.35,11,2027-05-08
2027-05-01,wk inc flu hosp,1,18,quantile,0.4,12,2027-05-08
2027-05-01,wk inc flu hosp,1,18,quantile,0.45,12,2027-05-08
2027-05-01,wk inc flu hosp,1,18,quantile,0.5,13,2027-05-08
2027-05-01,wk inc flu hosp,1,18,quantile,0.55,14,2027-05-08
2027-05-01,wk inc flu hosp,1,18,quantile,0.6,15,2027-05-08
2027-05-01,wk inc flu hosp,1,18,quantile,0.65,16,2027-05-08
2027-05-01,wk inc flu hosp,1,18,quantile,0.7,16,2027-05-08
2027-05-01,wk inc flu hosp,1,18,quantile,0.75,17,2027-05-08
2027-05-01,wk inc flu hosp,1,18,quantile,0.8,18,2027-05-08
2027-05-01,wk inc flu hosp,1,18,quantile,0.85,19,2027-05-08
2027-05-01,wk inc flu hosp,1,18,quantile,0.9,20,2027-05-08
2027-05-01,wk inc flu hosp,1,18,quantile,0.95,24,2027-05-08
2027-05-01,wk inc flu hosp,1,18,quantile,0.975,26,2027-05-08
2027-05-01,wk inc flu hosp,1,18,quantile,0.99,26,2027-05-08
2027-05-01,wk inc flu hosp,1,19,quantile,0.01,0,2027-05-08
2027-05-01,wk inc flu hosp,1,19,quantile,0.025,0,2027-05-08
2027-05-01,wk inc flu hosp,1,19,quantile,0.05,0,2027-05-08
2027-05-01,wk inc flu hosp,1,19,quantile,0.1,0,2027-05-08
2027-05-01,wk inc flu hosp,1,19,quantile,0.15,0,2027-05-08
2027-05-01,wk inc flu hosp,1,19,quantile,0.2,1,2027-05-08
2027-05-01,wk inc flu hosp,1,19,quantile,0.25,1,2027-05-08
2027-05-01,wk inc flu hosp,1,19,quantile,0.3,2,2027-05-08
2027-05-01,wk inc flu hosp,1,19,quantile,0.35,2,2027-05-08
2027-05-01,wk inc flu hosp,1,19,quantile,0.4,3,2027-05-08
2027-05-01,wk inc flu hosp,1,19,quantile,0.45,3,2027-05-08
2027-05-01,wk inc flu hosp,1,19,quantile,0.5,3,2027-05-08
2027-05-01,wk inc flu hosp,1,19,quantile,0.55,3,2027-05-08
2027-05-01,wk inc flu hosp,1,19,quantile,0.6,4,2027-05-08
2027-05-01,wk inc flu hosp,1,19,quantile,0.65,4,2027-05-08
2027-05-01,wk inc flu hosp,1,19,quantile,0.7,4,2027-05-08
2027-05-01,wk inc flu hosp,1,19,quantile,0.75,5,2027-05-08
2027-05-01,wk inc flu hosp,1,19,quantile,0.8,5,2027-05-08
2027-05-01,wk inc flu hosp,1,19,quantile,0.85,6,2027-05-08
2027-05-01,wk inc flu hosp,1,19,quantile,0.9,6,2027-05-08
2027-05-01,wk inc flu hosp,1,19,quantile,0.95,8,2027-05-08
2027-05-01,wk inc flu hosp,1,19,quantile,0.975,9,2027-05-08
2027-05-01,wk inc flu hosp,1,19,quantile,0.99,11,2027-05-08
2027-05-01,wk inc flu hosp,1,20,quantile,0.01,0,2027-05-08
2027-05-01,wk inc flu hosp,1,20,quantile,0.025,0,2027-05-08
2027-05-01,wk inc flu hosp,1,20,quantile,0.05,0,2027-05-08
2027-05-01,wk inc flu hosp,1,20,quantile,0.1,1,2027-05-08
2027-05-01,wk inc flu hosp,1,20,quantile,0.15,1,2027-05-08
2027-05-01,wk inc flu hosp,1,20,quantile,0.2,2,2027-05-08
2027-05-01,wk inc flu hosp,1,20,quantile,0.25,2,2027-05-08
2027-05-01,wk inc flu hosp,1,20,quantile,0.3,2,2027-05-08
2027-05-01,wk inc flu hosp,1,20,quantile,0.35,3,2027-05-08
2027-05-01,wk inc flu hosp,1,20,quantile,0.4,3,2027-05-08
2027-05-01,wk inc flu hosp,1,20,quantile,0.45,4,2027-05-08
2027-05-01,wk inc flu hosp,1,20,quantile,0.5,4,2027-05-08
2027-05-01,wk inc flu hosp,1,20,quantile,0.55,4,2027-05-08
2027-05-01,wk inc flu hosp,1,20,quantile,0.6,5,2027-05-08
2027-05-01,wk inc flu hosp,1,20,quantile,0.65,5,2027-05-08
2027-05-01,wk inc flu hosp,1,20,quantile,0.7,6,2027-05-08
2027-05-01,wk inc flu hosp,1,20,quantile,0.75,7,2027-05-08
2027-05-01,wk inc flu hosp,1,20,quantile,0.8,7,2027-05-08
2027-05-01,wk inc flu hosp,1,20,quantile,0.85,8,2027-05-08
2027-05-01,wk inc flu hosp,1,20,quantile,0.9,9,2027-05-08
2027-05-01,wk inc flu hosp,1,20,quantile,0.95,11,2027-05-08
2027-05-01,wk inc flu hosp,1,20,quantile,0.975,13,2027-05-08
2027-05-01,wk inc flu hosp,1,20,quantile,0.99,14,2027-05-08
2027-05-01,wk inc flu hosp,1,21,quantile,0.01,2,2027-05-08
2027-05-01,wk inc flu hosp,1,21,quantile,0.025,3,2027-05-08
2027-05-01,wk inc flu hosp,1,21,quantile,0.05,4,2027-05-08
2027-05-01,wk inc flu hosp,1,21,quantile,0.1,4,2027-05-08
2027-05-01,wk inc flu hosp,1,21,quantile,0.15,5,2027-05-08
2027-05-01,wk inc flu hosp,1,21,quantile,0.2,6,2027-05-08
2027-05-01,wk inc flu hosp,1,21,quantile,0.25,6,2027-05-08
2027-05-01,wk inc flu hosp,1,21,quantile,0.3,7,2027-05-08
2027-05-01,wk inc flu hosp,1,21,quantile,0.35,8,2027-05-08
2027-05-01,wk inc flu hosp,1,21,quantile,0.4,8,2027-05-08
2027-05-01,wk inc flu hosp,1,21,quantile,0.45,9,2027-05-08
2027-05-01,wk inc flu hosp,1,21,quantile,0.5,9,2027-05-08
2027-05-01,wk inc flu hosp,1,21,quantile,0.55,10,2027-05-08
2027-05-01,wk inc flu hosp,1,21,quantile,0.6,10,2027-05-08
2027-05-01,wk inc flu hosp,1,21,quantile,0.65,11,2027-05-08
2027-05-01,wk inc flu hosp,1,21,quantile,0.7,11,2027-05-08
2027-05-01,wk inc flu hosp,1,21,quantile,0.75,12,2027-05-08
2027-05-01,wk inc flu hosp,1,21,quantile,0.8,13,2027-05-08
2027-05-01,wk inc flu hosp,1,21,quantile,0.85,13,2027-05-08
2027-05-01,wk inc flu hosp,1,21,quantile,0.9,14,2027-05-08
2027-05-01,wk inc flu hosp,1,21,quantile,0.95,16,2027-05-08
2027-05-01,wk inc flu hosp,1,21,quantile,0.975,17,2027-05-08
2027-05-01,wk inc flu hosp,1,21,quantile,0.99,17,2027-05-08
2027-05-01,wk inc flu hosp,1,22,quantile,0.01,7,2027-05-08
2027-05-01,wk inc flu hosp,1,22,quantile,0.025,8,2027-05-08
2027-05-01,wk inc flu hosp,1,22,quantile,0.05,9,2027-05-08
2027-05-01,wk inc flu hosp,1,22,quantile,0.1,10,2027-05-08
2027-05-01,wk inc flu hosp,1,22,quantile,0.15,13,2027-05-08
2027-05-01,wk inc flu hosp,1,22,quantile,0.2,14,2027-05-08
2027-05-01,wk inc flu hosp,1,22,quantile,0.25,15,2027-05-08
2027-05-01,wk inc flu hosp,1,22,quantile,0.3,16,2027-05-08
2027-05-01,wk inc flu hosp,1,22,quantile,0.35,17,2027-05-08
2027-05-01,wk inc flu hosp,1,22,quantile,0.4,19,2027-05-08
2027-05-01,wk inc flu hosp,1,22,quantile,0.45,20,2027-05-08
2027-05-01,wk inc flu hosp,1,22,quantile,0.5,21,2027-05-08
2027-05-01,wk inc flu hosp,1,22,quantile,0.55,21,2027-05-08
2027-05-01,wk inc flu hosp,1,22,quantile,0.6,22,2027-05-08
2027-05-01,wk inc flu hosp,1,22,quantile,0.65,23,2027-05-08
2027-05-01,wk inc flu hosp,1,22,quantile,0.7,24,2027-05-08
2027-05-01,wk inc flu hosp,1,22,quantile,0.75,26,2027-05-08
2027-05-01,wk inc flu hosp,1,22,quantile,0.8,26,2027-05-08
2027-05-01,wk inc flu hosp,1,22,quantile,0.85,29,2027-05-08
2027-05-01,wk inc flu hosp,1,22,quantile,0.9,31,2027-05-08
2027-05-01,wk inc flu hosp,1,22,quantile,0.95,35,2027-05-08
2027-05-01,wk inc flu hosp,1,22,quantile,0.975,36,2027-05-08
2027-05-01,wk inc flu hosp,1,22,quantile,0.99,41,2027-05-08
2027-05-01,wk inc flu hosp,1,23,quantile,0.01,0,2027-05-08
2027-05-01,wk inc flu hosp,1,23,quantile,0.025,0,2027-05-08
2027-05-01,wk inc flu hosp,1,23,quantile,0.05,0,2027-05-08
2027-05-01,wk inc flu hosp,1,23,quantile,0.1,0,2027-05-08
2027-05-01,wk inc flu hosp,1,23,quantile,0.15,0,2027-05-08
2027-05-01,wk inc flu hosp,1,23,quantile,0.2,0,2027-05-08
2027-05-01,wk inc flu hosp,1,23,quantile,0.25,0,2027-05-08
2027-05-01,wk inc flu hosp,1,23,quantile,0.3,0,2027-05-08
2027-05-01,wk inc flu hosp,1,23,quantile,0.35,1,2027-05-08
2027-05-01,wk inc flu hosp,1,23,quantile,0.4,1,2027-05-08
2027-05-01,wk inc flu hosp,1,23,quantile,0.45,1,2027-05-08
2027-05-01,wk inc flu hosp,1,23,quantile,0.5,2,2027-05-08
2027-05-01,wk inc flu hosp,1,23,quantile,0.55,2,2027-05-08
2027-05-01,wk inc flu hosp,1,23,quantile,0.6,2,2027-05-08
2027-05-01,wk inc flu hosp,1,23,quantile,0.65,2,2027-05-08
2027-05-01,wk inc flu hosp,1,23,quantile,0.7,3,2027-05-08
2027-05-01,wk inc flu hosp,1,23,quantile,0.75,3,2027-05-08
2027-05-01,wk inc flu hosp,1,23,quantile,0.8,4,2027-05-08
2027-05-01,wk inc flu hosp,1,23,quantile,0.85,5,2027-05-08
2027-05-01,wk inc flu hosp,1,23,quantile,0.9,6,2027-05-08
2027-05-01,wk inc flu hosp,1,23,quantile,0.95,8,2027-05-08
2027-05-01,wk inc flu hosp,1,23,quantile,0.975,9,2027-05-08
2027-05-01,wk inc flu hosp,1,23,quantile,0.99,10,2027-05-08
2027-05-01,wk inc flu hosp,1,24,quantile,0.01,6,2027-05-08
2027-05-01,wk inc flu hosp,1,24,quantile,0.025,7,2027-05-08
2027-05-01,wk inc flu hosp,1,24,quantile,0.05,8,2027-05-08
2027-05-01,wk inc flu hosp,1,24,quantile,0.1,9,2027-05-08
2027-05-01,wk inc flu hosp,1,24,quantile,0.15,10,2027-05-08
2027-05-01,wk inc flu hosp,1,24,quantile,0.2,11,2027-05-08
2027-05-01,wk inc flu hosp,1,24,quantile,0.25,11,2027-05-08
2027-05-01,wk inc flu hosp,1,24,quantile,0.3,12,2027-05-08
2027-05-01,wk inc flu hosp,1,24,quantile,0.35,12,2027-05-08
2027-05-01,wk inc flu hosp,1,24,quantile,0.4,13,2027-05-08
2027-05-01,wk inc flu hosp,1,24,quantile,0.45,14,2027-05-08
2027-05-01,wk inc flu hosp,1,24,quantile,0.5,15,2027-05-08
2027-05-01,wk inc flu hosp,1,24,quantile,0.55,16,2027-05-08
2027-05-01,wk inc flu hosp,1,24,quantile,0.6,17,2027-05-08
2027-05-01,wk inc flu hosp,1,24,quantile,0.65,17,2027-05-08
2027-05-01,wk inc flu hosp,1,24,quantile,0.7,18,2027-05-08
2027-05-01,wk inc flu hosp,1,24,quantile,0.75,19,2027-05-08
2027-05-01,wk inc flu hosp,1,24,quantile,0.8,19,2027-05-08
2027-05-01,wk inc flu hosp,1,24,quantile,0.85,21,2027-05-08
2027-05-01,wk inc flu hosp,1,24,quantile,0.9,23,2027-05-08
2027-05-01,wk inc flu hosp,1,24,quantile,0.95,26,2027-05-08
2027-05-01,wk inc flu hosp,1,24,quantile,0.975,29,2027-05-08
2027-05-01,wk inc flu hosp,1,24,quantile,0.99,31,2027-05-08
2027-05-01,wk inc flu hosp,1,25,quantile,0.01,8,2027-05-08
2027-05-01,wk inc flu hosp,1,25,quantile,0.025,10,2027-05-08
2027-05-01,wk inc flu hosp,1,25,quantile,0.05,12,2027-05-08
2027-05-01,wk inc flu hosp,1,25,quantile,0.1,13,2027-05-08
2027-05-01,wk inc flu hosp,1,25,quantile,0.15,15,2027-05-08
2027-05-01,wk inc flu hosp,1,25,quantile,0.2,16,2027-05-08
2027-05-01,wk inc flu hosp,1,25,quantile,0.25,17,2027-05-08
2027-05-01,wk inc flu hosp,1,25,quantile,0.3,18,2027-05-08
2027-05-01,wk inc flu hosp,1,25,quantile,0.35,19,2027-05-08
2027-05-01,wk inc flu hosp,1,25,quantile,0.4,20,2027-05-08
2027-05-01,wk inc flu hosp,1,25,quantile,0.45,21,2027-05-08
2027-05-01,wk inc flu hosp,1,25,quantile,0.5,21,2027-05-08
2027-05-01,wk inc flu hosp,1,25,quantile,0.55,22,2027-05-08
2027-05-01,wk inc flu hosp,1,25,quantile,0.6,23,2027-05-08
2027-05-01,wk inc flu hosp,1,25,quantile,0.65,24,2027-05-08
2027-05-01,wk inc flu hosp,1,25,quantile,0.7,24,2027-05-08
2027-05-01,wk inc flu hosp,1,25,quantile,0.75,26,2027-05-08
2027-05-01,wk inc flu hosp,1,25,quantile,0.8,27,2027-05-08
2027-05-01,wk inc flu hosp,1,25,quantile,0.85,28,2027-05-08
2027-05-01,wk inc flu hosp,1,25,quantile,0.9,30,2027-05-08
2027-05-01,wk inc flu hosp,1,25,quantile,0.95,33,2027-05-08
2027-05-01,wk inc flu hosp,1,25,quantile,0.975,36,2027-05-08
2027-05-01,wk inc flu hosp,1,25,quantile,0.99,40,2027-05-08
2027-05-01,wk inc flu hosp,1,26,quantile,0.01,19,2027-05-08
2027-05-01,wk inc flu hosp,1,26,quantile,0.025,22,2027-05-08
2027-05-01,wk inc flu hosp,1,26,quantile,0.05,25,2027-05-08
2027-05-01,wk inc flu hosp,1,26,quantile,0.1,27,2027-05-08
2027-05-01,wk inc flu hosp,1,26,quantile,0.15,29,2027-05-08
2027-05-01,wk inc flu hosp,1,26,quantile,0.2,31,2027-05-08
2027-05-01,wk inc flu hosp,1,26,quantile,0.25,33,2027-05-08
2027-05-01,wk inc flu hosp,1,26,quantile,0.3,34,2027-05-08
2027-05-01,wk inc flu hosp,1,26,quantile,0.35,35,2027-05-08
2027-05-01,wk inc flu hosp,1,26,quantile,0.4,37,2027-05-08
2027-05-01,wk inc flu hosp,1,26,quantile,0.45,37,2027-05-08
2027-05-01,wk inc flu hosp,1,26,quantile,0.5,38,2027-05-08
2027-05-01,wk inc flu hosp,1,26,quantile,0.55,39,2027-05-08
2027-05-01,wk inc flu hosp,1,26,quantile,0.6,41,2027-05-08
2027-05-01,wk inc flu hosp,1,26,quantile,0.65,42,2027-05-08
2027-05-01,wk inc flu hosp,1,26,quantile,0.7,43,2027-05-08
2027-05-01,wk inc flu hosp,1,26,quantile,0.75,45,2027-05-08
2027-05-01,wk inc flu hosp,1,26,quantile,0.8,46,2027-05-08
2027-05-01,wk inc flu hosp,1,26,quantile,0.85,48,2027-05-08
2027-05-01,wk inc flu hosp,1,26,quantile,0.9,50,2027-05-08
2027-05-01,wk inc flu hosp,1,26,quantile,0.95,58,2027-05-08
2027-05-01,wk inc flu hosp,1,26,quantile,0.975,60,2027-05-08
2027-05-01,wk inc flu hosp,1,26,quantile,0.99,66,2027-05-08
2027-05-01,wk inc flu hosp,1,27,quantile,0.01,2,2027-05-08
2027-05-01,wk inc flu hosp,1,27,quantile,0.025,3,2027-05-08
2027-05-01,wk inc flu hosp,1,27,quantile,0.05,3,2027-05-08
2027-05-01,wk inc flu hosp,1,27,quantile,0.1,5,2027-05-08
2027-05-01,wk inc flu hosp,1,27,quantile,0.15,6,2027-05-08
2027-05-01,wk inc flu hosp,1,27,quantile,0.2,7,2027-05-08
2027-05-01,wk inc flu hosp,1,27,quantile,0.25,7,2027-05-08
2027-05-01,wk inc flu hosp,1,27,quantile,0.3,8,2027-05-08
2027-05-01,wk inc flu hosp,1,27,quantile,0.35,8,2027-05-08
2027-05-01,wk inc flu hosp,1,27,quantile,0.4,9,2027-05-08
2027-05-01,wk inc flu hosp,1,27,quantile,0.45,10,2027-05-08
2027-05-01,wk inc flu hosp,1,27,quantile,0.5,11,2027-05-08
2027-05-01,wk inc flu hosp,1,27,quantile,0.55,11,2027-05-08
2027-05-01,wk inc flu hosp,1,27,quantile,0.6,12,2027-05-08
2027-05-01,wk inc flu hosp,1,27,quantile,0.65,12,2027-05-08
2027-05-01,wk inc flu hosp,1,27,quantile,0.7,13,2027-05-08
2027-05-01,wk inc flu hosp,1,27,quantile,0.75,14,2027-05-08
2027-05-01,wk inc flu hosp,1,27,quantile,0.8,15,2027-05-08
2027-05-01,wk inc flu hosp,1,27,quantile,0.85,17,2027-05-08
2027-05-01,wk inc flu hosp,1,27,quantile,0.9,17,2027-05-08
2027-05-01,wk inc flu hosp,1,27,quantile,0.95,20,2027-05-08
2027-05-01,wk inc flu hosp,1,27,quantile,0.975,22,2027-05-08
2027-05-01,wk inc flu hosp,1,27,quantile,0.99,23,2027-05-08
2027-05-01,wk inc flu hosp,1,28,quantile,0.01,3,2027-05-08
2027-05-01,wk inc flu hosp,1,28,quantile,0.025,5,2027-05-08
2027-05-01,wk inc flu hosp,1,28,quantile,0.05,6,2027-05-08
2027-05-01,wk inc flu hosp,1,28,quantile,0.1,8,2027-05-08
2027-05-01,wk inc flu hosp,1,28,quantile,0.15,9,2027-05-08
2027-05-01,wk inc flu hosp,1,28,quantile,0.2,11,2027-05-08
2027-05-01,wk inc flu hosp,1,28,quantile,0.25,11,2027-05-08
2027-05-01,wk inc flu hosp,1,28,quantile,0.3,11,2027-05-08
2027-05-01,wk inc flu hosp,1,28,quantile,0.35,12,2027-05-08
2027-05-01,wk inc flu hosp,1,28,quantile,0.4,13,2027-05-08
2027-05-01,wk inc flu hosp,1,28,quantile,0.45,13,2027-05-08
2027-05-01,wk inc flu hosp,1,28,quantile,0.5,14,2027-05-08
2027-05-01,wk inc flu hosp,1,28,quantile,0.55,14,2027-05-08
2027-05-01,wk inc flu hosp,1,28,quantile,0.6,15,2027-05-08
2027-05-01,wk inc flu hosp,1,28,quantile,0.65,16,2027-05-08
2027-05-01,wk inc flu hosp,1,28,quantile,0.7,17,2027-05-08
2027-05-01,wk inc flu hosp,1,28,quantile,0.75,17,2027-05-08
2027-05-01,wk inc flu hosp,1,28,quantile,0.8,18,2027-05-08
2027-05-01,wk inc flu hosp,1,28,quantile,0.85,19,2027-05-08
2027-05-01,wk inc flu hosp,1,28,quantile,0.9,20,2027-05-08
2027-05-01,wk inc flu hosp,1,28,quantile,0.95,23,2027-05-08
2027-05-01,wk inc flu hosp,1,28,quantile,0.975,24,2027-05-08
2027-05-01,wk inc flu hosp,1,28,quantile,0.99,28,2027-05-08
2027-05-01,wk inc flu hosp,1,29,quantile,0.01,10,2027-05-08
2027-05-01,wk inc flu hosp,1,29,quantile,0.025,11,2027-05-08
2027-05-01,wk inc flu hosp,1,29,quantile,0.05,12,2027-05-08
2027-05-01,wk inc flu hosp,1,29,quantile,0.1,13,2027-05-08
2027-05-01,wk inc flu hosp,1,29,quantile,0.15,14,2027-05-08
2027-05-01,wk inc flu hosp,1,29,quantile,0.2,15,2027-05-08
2027-05-01,wk inc flu hosp,1,29,quantile,0.25,16,2027-05-08
2027-05-01,wk inc flu hosp,1,29,quantile,0.3,17,2027-05-08
2027-05-01,wk inc flu hosp,1,29,quantile,0.35,17,2027-05-08
2027-05-01,wk inc flu hosp,1,29,quantile,0.4,18,2027-05-08
2027-05-01,wk inc flu hosp,1,29,quantile,0.45,19,2027-05-08
2027-05-01,wk inc flu hosp,1,29,quantile,0.5,20,2027-05-08
2027-05-01,wk inc flu hosp,1,29,quantile,0.55,20,2027-05-08
2027-05-01,wk inc flu hosp,1,29,quantile,0.6,21,2027-05-08
2027-05-01,wk inc flu hosp,1,29,quantile,0.65,21,2027-05-08
2027-05-01,wk inc flu hosp,1,29,quantile,0.7,22,2027-05-08
2027-05-01,wk inc flu hosp,1,29,quantile,0.75,23,2027-05-08
2027-05-01,wk inc flu hosp,1,29,quantile,0.8,24,2027-05-08
2027-05-01,wk inc flu hosp,1,29,quantile,0.85,25,2027-05-08
2027-05-01,wk inc flu hosp,1,29,quantile,0.9,26,2027-05-08
2027-05-01,wk inc flu hosp,1,29,quantile,0.95,29,2027-05-08
2027-05-01,wk inc flu hosp,1,29,quantile,0.975,31,2027-05-08
2027-05-01,wk inc flu hosp,1,29,quantile,0.99,33,2027-05-08
2027-05-01,wk inc flu hosp,1,30,quantile,0.01,0,2027-05-08
2027-05-01,wk inc flu hosp,1,30,quantile,0.025,0,2027-05-08
2027-05-01,wk inc flu hosp,1,30,quantile,0.05,0,2027-05-08
2027-05-01,wk inc flu hosp,1,30,quantile,0.1,0,2027-05-08
2027-05-01,wk inc flu hosp,1,30,quantile,0.15,0,2027-05-08
2027-05-01,wk inc flu hosp,1,30,quantile,0.2,0,2027-05-08
2027-05-01,wk inc flu hosp,1,30,quantile,0.25,0,2027-05-08
2027-05-01,wk inc flu hosp,1,30,quantile,0.3,0,2027-05-08
2027-05-01,wk inc flu hosp,1,30,quantile,0.35,0,2027-05-08
2027-05-01,wk inc flu hosp,1,30,quantile,0.4,0,2027-05-08
2027-05-01,wk inc flu hosp,1,30,quantile,0.45,0,2027-05-08
2027-05-01,wk inc flu hosp,1,30,quantile,0.5,0,2027-05-08
2027-05-01,wk inc flu hosp,1,30,quantile,0.55,0,2027-05-08
2027-05-01,wk inc flu hosp,1,30,quantile,0.6,1,2027-05-08
2027-05-01,wk inc flu hosp,1,30,quantile,0.65,1,2027-05-08
2027-05-01,wk inc flu hosp,1,30,quantile,0.7,1,2027-05-08
2027-05-01,wk inc flu hosp,1,30,quantile,0.75,2,2027-05-08
2027-05-01,wk inc flu hosp,1,30,quantile,0.8,2,2027-05-08
2027-05-01,wk inc flu hosp,1,30,quantile,0.85,3,2027-05-08
2027-05-01,wk inc flu hosp,1,30,quantile,0.9,3,2027-05-08
2027-05-01,wk inc flu hosp,1,30,quantile,0.95,4,2027-05-08
2027-05-01,wk inc flu hosp,1,30,quantile,0.975,5,2027-05-08
2027-05-01,wk inc flu hosp,1,30,quantile,0.99,5,2027-05-08
2027-05-01,wk inc flu hosp,1,31,quantile,0.01,0,2027-05-08
2027-05-01,wk inc flu hosp,1,31,quantile,0.025,0,2027-05-08
2027-05-01,wk inc flu hosp,1,31,quantile,0.05,0,2027-05-08
2027-05-01,wk inc flu hosp,1,31,quantile,0.1,0,2027-05-08
2027-05-01,wk inc flu hosp,1,31,quantile,0.15,0,2027-05-08
2027-05-01,wk inc flu hosp,1,31,quantile,0.2,0,2027-05-08
2027-05-01,wk inc flu hosp,1,31,quantile,0.25,0,2027-05-08
2027-05-01,wk inc flu hosp,1,31,quantile,0.3,0,2027-05-08
2027-05-01,wk inc flu hosp,1,31,quantile,0.35,1,2027-05-08
2027-05-01,wk inc flu hosp,1,31,quantile,0.4,1,2027-05-08
2027-05-01,wk inc flu hosp,1,31,quantile,0.45,1,2027-05-08
2027-05-01,wk inc flu hosp,1,31,quantile,0.5,1,2027-05-08
2027-05-01,wk inc flu hosp,1,31,quantile,0.55,1,2027-05-08
2027-05-01,wk inc flu hosp,1,31,quantile,0.6,2,2027-05-08
2027-05-01,wk inc flu hosp,1,31,quantile,0.65,2,2027-05-08
2027-05-01,wk inc flu hosp,1,31,quantile,0.7,2,2027-05-08
2027-05-01,wk inc flu hosp,1,31,quantile,0.75,3,2027-05-08
2027-05-01,wk inc flu hosp,1,31,quantile,0.8,3,2027-05-08
2027-05-01,wk inc flu hosp,1,31,quantile,0.85,4,2027-05-08
2027-05-01,wk inc flu hosp,1,31,quantile,0.9,5,2027-05-08
2027-05-01,wk inc flu hosp,1,31,quantile,0.95,6,2027-05-08
2027-05-01,wk inc flu hosp,1,31,quantile,0.975,6,2027-05-08
2027-05-01,wk inc flu hosp,1,31,quantile,0.99,7,2027-05-08
2027-05-01,wk inc flu hosp,1,32,quantile,0.01,9,2027-05-08
2027-05-01,wk inc flu hosp,1,32,quantile,0.025,10,2027-05-08
2027-05-01,wk inc flu hosp,1,32,quantile,0.05,11,2027-05-08
2027-05-01,wk inc flu hosp,1,32,quantile,0.1,13,2027-05-08
2027-05-01,wk inc flu hosp,1,32,quantile,0.15,14,2027-05-08
2027-05-01,wk inc flu hosp,1,32,quantile,0.2,15,2027-05-08
2027-05-01,wk inc flu hosp,1,32,quantile,0.25,16,2027-05-08
2027-05-01,wk inc flu hosp,1,32,quantile,0.3,17,2027-05-08
2027-05-01,wk inc flu hosp,1,32,quantile,0.35,18,2027-05-08
2027-05-01,wk inc flu hosp,1,32,quantile,0.4,18,2027-05-08
2027-05-01,wk inc flu hosp,1,32,quantile,0.45,19,2027-05-08
2027-05-01,wk inc flu hosp,1,32,quantile,0.5,20,2027-05-08
2027-05-01,wk inc flu hosp,1,32,quantile,0.55,20,2027-05-08
2027-05-01,wk inc flu hosp,1,32,quantile,0.6,21,2027-05-08
2027-05-01,wk inc flu hosp,1,32,quantile,0.65,22,2027-05-08
2027-05-01,wk inc flu hosp,1,32,quantile,0.7,23,2027-05-08
2027-05-01,wk inc flu hosp,1,32,quantile,0.75,25,2027-05-08
2027-05-01,wk inc flu hosp,1,32,quantile,0.8,26,2027-05-08
2027-05-01,wk inc flu hosp,1,32,quantile,0.85,28,2027-05-08
2027-05-01,wk inc flu hosp,1,32,quantile,0.9,30,2027-05-08
2027-05-01,wk inc flu hosp,1,32,quantile,0.95,33,2027-05-08
2027-05-01,wk inc flu hosp,1,32,quantile,0.975,36,2027-05-08
2027-05-01,wk inc flu hosp,1,32,quantile,0.99,40,2027-05-08
2027-05-01,wk inc flu hosp,1,33,quantile,0.01,0,2027-05-08
2027-05-01,wk inc flu hosp,1,33,quantile,0.025,0,2027-05-08
2027-05-01,wk inc flu hosp,1,33,quantile,0.05,0,2027-05-08
2027-05-01,wk inc flu hosp,1,33,quantile,0.1,0,2027-05-08
2027-05-01,wk inc flu hosp,1,33,quantile,0.15,0,2027-05-08
2027-05-01,wk inc flu hosp,1,33,quantile,0.2,0,2027-05-08
2027-05-01,wk inc flu hosp,1,33,quantile,0.25,0,2027-05-08
2027-05-01,wk inc flu hosp,1,33,quantile,0.3,0,2027-05-08
2027-05-01,wk inc flu hosp,1,33,quantile,0.35,0,2027-05-08
2027-05-01,wk inc flu hosp,1,33,quantile,0.4,0,2027-05-08
2027-05-01,wk inc flu hosp,1,33,quantile,0.45,0,2027-05-08
2027-05-01,wk inc flu hosp,1,33,quantile,0.5,0,2027-05-08
2027-05-01,wk inc flu hosp,1,33,quantile,0.55,0,2027-05-08
2027-05-01,wk inc flu hosp,1,33,quantile,0.6,0,2027-05-08
2027-05-01,wk inc flu hosp,1,33,quantile,0.65,0,2027-05-08
2027-05-01,wk inc flu hosp,1,33,quantile,0.7,0,2027-05-08
2027-05-01,wk inc flu hosp,1,33,quantile,0.75,1,2027-05-08
2027-05-01,wk inc flu hosp,1,33,quantile,0.8,1,2027-05-08
2027-05-01,wk inc flu hosp,1,33,quantile,0.85,1,2027-05-08
2027-05-01,wk inc flu hosp,1,33,quantile,0.9,1,2027-05-08
2027-05-01,wk inc flu hosp,1,33,quantile,0.95,2,2027-05-08
2027-05-01,wk inc flu hosp,1,33,quantile,0.975,3,2027-05-08
2027-05-01,wk inc flu hosp,1,33,quantile,0.99,5,2027-05-08
2027-05-01,wk inc flu hosp,1,34,quantile,0.01,19,2027-05-08
2027-05-01,wk inc flu hosp,1,34,quantile,0.025,21,2027-05-08
2027-05-01,wk inc flu hosp,1,34,quantile,0.05,25,2027-05-08
2027-05-01,wk inc flu hosp,1,34,quantile,0.1,29,2027-05-08
2027-05-01,wk inc flu hosp,1,34,quantile,0.15,31,2027-05-08
2027-05-01,wk inc flu hosp,1,34,quantile,0.2,32,2027-05-08
2027-05-01,wk inc flu hosp,1,34,quantile,0.25,33,2027-05-08
2027-05-01,wk inc flu hosp,1,34,quantile,0.3,34,2027-05-08
2027-05-01,wk inc flu hosp,1,34,quantile,0.35,36,2027-05-08
2027-05-01,wk inc flu hosp,1,34,quantile,0.4,39,2027-05-08
2027-05-01,wk inc flu hosp,1,34,quantile,0.45,40,2027-05-08
2027-05-01,wk inc flu hosp,1,34,quantile,0.5,41,2027-05-08
2027-05-01,wk inc flu hosp,1,34,quantile,0.55,41,2027-05-08
2027-05-01,wk inc flu hosp,1,34,quantile,0.6,43,2027-05-08
2027-05-01,wk inc flu hosp,1,34,quantile,0.65,45,2027-05-08
2027-05-01,wk inc flu hosp,1,34,quantile,0.7,46,2027-05-08
2027-05-01,wk inc flu hosp,1,34,quantile,0.75,49,2027-05-08
2027-05-01,wk inc flu hosp,1,34,quantile,0.8,51,2027-05-08
2027-05-01,wk inc flu hosp,1,34,quantile,0.85,54,2027-05-08
2027-05-01,wk inc flu hosp,1,34,quantile,0.9,56,2027-05-08
2027-05-01,wk inc flu hosp,1,34,quantile,0.95,65,2027-05-08
2027-05-01,wk inc flu hosp,1,34,quantile,0.975,68,2027-05-08
2027-05-01,wk inc flu hosp,1,34,quantile,0.99,73,2027-05-08
2027-05-01,wk inc flu hosp,1,35,quantile,0.01,3,2027-05-08
2027-05-01,wk inc flu hosp,1,35,quantile,0.025,6,2027-05-08
2027-05-01,wk inc flu hosp,1,35,quantile,0.05,6,2027-05-08
2027-05-01,wk inc flu hosp,1,35,quantile,0.1,7,2027-05-08
2027-05-01,wk inc flu hosp,1,35,quantile,0.15,8,2027-05-08
2027-05-01,wk inc flu hosp,1,35,quantile,0.2,9,2027-05-08
2027-05-01,wk inc flu hosp,1,35,quantile,0.25,9,2027-05-08
2027-05-01,wk inc flu hosp,1,35,quantile,0.3,10,2027-05-08
2027-05-01,wk inc flu hosp,1,35,quantile,0.35,11,2027-05-08
2027-05-01,wk inc flu hosp,1,35,quantile,0.4,12,2027-05-08
2027-05-01,wk inc flu hosp,1,35,quantile,0.45,12,2027-05-08
2027-05-01,wk inc flu hosp,1,35,quantile,0.5,13,2027-05-08
2027-05-01,wk inc flu hosp,1,35,quantile,0.55,13,2027-05-08
2027-05-01,wk inc flu hosp,1,35,quantile,0.6,14,2027-05-08
2027-05-01,wk inc flu hosp,1,35,quantile,0.65,14,2027-05-08
2027-05-01,wk inc flu hosp,1,35,quantile,0.7,15,2027-05-08
2027-05-01,wk inc flu hosp,1,35,quantile,0.75,15,2027-05-08
2027-05-01,wk inc flu hosp,1,35,quantile,0.8,16,2027-05-08
2027-05-01,wk inc flu hosp,1,35,quantile,0.85,17,2027-05-08
2027-05-01,wk inc flu hosp,1,35,quantile,0.9,19,2027-05-08
2027-05-01,wk inc flu hosp,1,35,quantile,0.95,19,2027-05-08
2027-05-01,wk inc flu hosp,1,35,quantile,0.975,22,2027-05-08
2027-05-01,wk inc flu hosp,1,35,quantile,0.99,24,2027-05-08
2027-05-01,wk inc flu hosp,1,36,quantile,0.01,34,2027-05-08
2027-05-01,wk inc flu hosp,1,36,quantile,0.025,36,2027-05-08
2027-05-01,wk inc flu hosp,1,36,quantile,0.05,41,2027-05-08
2027-05-01,wk inc flu hosp,1,36,quantile,0.1,45,2027-05-08
2027-05-01,wk inc flu hosp,1,36,quantile,0.15,47,2027-05-08
2027-05-01,wk inc flu hosp,1,36,quantile,0.2,48,2027-05-08
2027-05-01,wk inc flu hosp,1,36,quantile,0.25,51,2027-05-08
2027-05-01,wk inc flu hosp,1,36,quantile,0.3,54,2027-05-08
2027-05-01,wk inc flu hosp,1,36,quantile,0.35,56,2027-05-08
2027-05-01,wk inc flu hosp,1,36,quantile,0.4,58,2027-05-08
2027-05-01,wk inc flu hosp,1,36,quantile,0.45,59,2027-05-08
2027-05-01,wk inc flu hosp,1,36,quantile,0.5,60,2027-05-08
2027-05-01,wk inc flu hosp,1,36,quantile,0.55,63,2027-05-08
2027-05-01,wk inc flu hosp,1,36,quantile,0.6,65,2027-05-08
2027-05-01,wk inc flu hosp,1,36,quantile,0.65,67,2027-05-08
2027-05-01,wk inc flu hosp,1,36,quantile,0.7,69,2027-05-08
2027-05-01,wk inc flu hosp,1,36,quantile,0.75,70,2027-05-08
2027-05-01,wk inc flu hosp,1,36,quantile,0.8,71,2027-05-08
2027-05-01,wk inc flu hosp,1,36,quantile,0.85,74,2027-05-08
2027-05-01,wk inc flu hosp,1,36,quantile,0.9,77,2027-05-08
2027-05-01,wk inc flu hosp,1,36,quantile,0.95,83,2027-05-08
2027-05-01,wk inc flu hosp,1,36,quantile,0.975,89,2027-05-08
2027-05-01,wk inc flu hosp,1,36,quantile,0.99,96,2027-05-08
2027-05-01,wk inc flu hosp,1,37,quantile,0.01,2,2027-05-08
2027-05-01,wk inc flu hosp,1,37,quantile,0.025,2,2027-05-08
2027-05-01,wk inc flu hosp,1,37,quantile,0.05,3,2027-05-08
2027-05-01,wk inc flu hosp,1,37,quantile,0.1,4,2027-05-08
2027-05-01,wk inc flu hosp,1,37,quantile,0.15,5,2027-05-08
2027-05-01,wk inc flu hosp,1,37,quantile,0.2,6,2027-05-08
2027-05-01,wk inc flu hosp,1,37,quantile,0.25,6,2027-05-08
2027-05-01,wk inc flu hosp,1,37,quantile,0.3,7,2027-05-08
2027-05-01,wk inc flu hosp,1,37,quantile,0.35,8,2027-05-08
2027-05-01,wk inc flu hosp,1,37,quantile,0.4,8,2027-05-08
2027-05-01,wk inc flu hosp,1,37,quantile,0.45,9,2027-05-08
2027-05-01,wk inc flu hosp,1,37,quantile,0.5,10,2027-05-08
2027-05-01,wk inc flu hosp,1,37,quantile,0.55,10,2027-05-08
2027-05-01,wk inc flu hosp,1,37,quantile,0.6,11,2027-05-08
2027-05-01,wk inc flu hosp,1,37,quantile,0.65,12,2027-05-08
2027-05-01,wk inc flu hosp,1,37,quantile,0.7,12,2027-05-08
2027-05-01,wk inc flu hosp,1,37,quantile,0.75,13,2027-05-08
2027-05-01,wk inc flu hosp,1,37,quantile,0.8,14,2027-05-08
2027-05-01,wk inc flu hosp,1,37,quantile,0.85,14,2027-05-08
2027-05-01,wk inc flu hosp,1,37,quantile,0.9,16,2027-05-08
2027-05-01,wk inc flu hosp,1,37,quantile,0.95,19,2027-05-08
2027-05-01,wk inc flu hosp,1,37,quantile,0.975,21,2027-05-08
2027-05-01,wk inc flu hosp,1,37,quantile,0.99,23,2027-05-08
2027-05-01,wk inc flu hosp,1,38,quantile,0.01,0,2027-05-08
2027-05-01,wk inc flu hosp,1,38,quantile,0.025,0,2027-05-08
2027-05-01,wk inc flu hosp,1,38,quantile,0.05,0,2027-05-08
2027-05-01,wk inc flu hosp,1,38,quantile,0.1,0,2027-05-08
2027-05-01,wk inc flu hosp,1,38,quantile,0.15,0,2027-05-08
2027-05-01,wk inc flu hosp,1,38,quantile,0.2,0,2027-05-08
2027-05-01,wk inc flu hosp,1,38,quantile,0.25,1,2027-05-08
2027-05-01,wk inc flu hosp,1,38,quantile,0.3,1,2027-05-08
2027-05-01,wk inc flu hosp,1,38,quantile,0.35,1,2027-05-08
2027-05-01,wk inc flu hosp,1,38,quantile,0.4,1,2027-05-08
2027-05-01,wk inc flu hosp,1,38,quantile,0.45,2,2027-05-08
2027-05-01,wk inc flu hosp,1,38,quantile,0.5,2,2027-05-08
2027-05-01,wk inc flu hosp,1,38,quantile,0.55,2,2027-05-08
2027-05-01,wk inc flu hosp,1,38,quantile,0.6,2,2027-05-08
2027-05-01,wk inc flu hosp,1,38,quantile,0.65,2,2027-05-08
2027-05-01,wk inc flu hosp,1,38,quantile,0.7,3,2027-05-08
2027-05-01,wk inc flu hosp,1,38,quantile,0.75,3,2027-05-08
2027-05-01,wk inc flu hosp,1,38,quantile,0.8,3,2027-05-08
2027-05-01,wk inc flu hosp,1,38,quantile,0.85,4,2027-05-08
2027-05-01,wk inc flu hosp,1,38,quantile,0.9,4,2027-05-08
2027-05-01,wk inc flu hosp,1,38,quantile,0.95,6,2027-05-08
2027-05-01,wk inc flu hosp,1,38,quantile,0.975,7,2027-05-08
2027-05-01,wk inc flu hosp,1,38,quantile,0.99,9,2027-05-08
2027-05-01,wk inc flu hosp,1,39,quantile,0.01,6,2027-05-08
2027-05-01,wk inc flu hosp,1,39,quantile,0.025,7,2027-05-08
2027-05-01,wk inc flu hosp,1,39,quantile,0.05,9,2027-05-08
2027-05-01,wk inc flu hosp,1,39,quantile,0.1,10,2027-05-08
2027-05-01,wk inc flu hosp,1,39,quantile,0.15,11,2027-05-08
2027-05-01,wk inc flu hosp,1,39,quantile,0.2,12,2027-05-08
2027-05-01,wk inc flu hosp,1,39,quantile,0.25,12,2027-05-08
2027-05-01,wk inc flu hosp,1,39,quantile,0.3,13,2027-05-08
2027-05-01,wk inc flu hosp,1,39,quantile,0.35,14,2027-05-08
2027-05-01,wk inc flu hosp,1,39,quantile,0.4,15,2027-05-08
2027-05-01,wk inc flu hosp,1,39,quantile,0.45,16,2027-05-08
2027-05-01,wk inc flu hosp,1,39,quantile,0.5,16,2027-05-08
2027-05-01,wk inc flu hosp,1,39,quantile,0.55,17,2027-05-08
2027-05-01,wk inc flu hosp,1,39,quantile,0.6,18,2027-05-08
2027-05-01,wk inc flu hosp,1,39,quantile,0.65,19,2027-05-08
2027-05-01,wk inc flu hosp,1,39,quantile,0.7,20,2027-05-08
2027-05-01,wk inc flu hosp,1,39,quantile,0.75,21,2027-05-08
2027-05-01,wk inc flu hosp,1,39,quantile,0.8,21,2027-05-08
2027-05-01,wk inc flu hosp,1,39,quantile,0.85,22,2027-05-08
2027-05-01,wk inc flu hosp,1,39,quantile,0.9,25,2027-05-08
2027-05-01,wk inc flu hosp,1,39,quantile,0.95,27,2027-05-08
2027-05-01,wk inc flu hosp,1,39,quantile,0.975,29,2027-05-08
2027-05-01,wk inc flu hosp,1,39,quantile,0.99,33,2027-05-08
2027-05-01,wk inc flu hosp,1,40,quantile,0.01,2,2027-05-08
2027-05-01,wk inc flu hosp,1,40,quantile,0.025,3,2027-05-08
2027-05-01,wk inc flu hosp,1,40,quantile,0.05,3,2027-05-08
2027-05-01,wk inc flu hosp,1,40,quantile,0.1,4,2027-05-08
2027-05-01,wk inc flu hosp,1,40,quantile,0.15,6,2027-05-08
2027-05-01,wk inc flu hosp,1,40,quantile,0.2,7,2027-05-08
2027-05-01,wk inc flu hosp,1,40,quantile,0.25,7,2027-05-08
2027-05-01,wk inc flu hosp,1,40,quantile,0.3,8,2027-05-08
2027-05-01,wk inc flu hosp,1,40,quantile,0.35,8,2027-05-08
2027-05-01,wk inc flu hosp,1,40,quantile,0.4,9,2027-05-08
2027-05-01,wk inc flu hosp,1,40,quantile,0.45,10,2027-05-08
2027-05-01,wk inc flu hosp,1,40,quantile,0.5,10,2027-05-08
2027-05-01,wk inc flu hosp,1,40,quantile,0.55,11,2027-05-08
2027-05-01,wk inc flu hosp,1,40,quantile,0.6,11,2027-05-08
2027-05-01,wk inc flu hosp,1,40,quantile,0.65,12,2027-05-08
2027-05-01,wk inc flu hosp,1,40,quantile,0.7,13,2027-05-08
2027-05-01,wk inc flu hosp,1,40,quantile,0.75,14,2027-05-08
2027-05-01,wk inc flu hosp,1,40,quantile,0.8,15,2027-05-08
2027-05-01,wk inc flu hosp,1,40,quantile,0.85,16,2027-05-08
2027-05-01,wk inc flu hosp,1,40,quantile,0.9,17,2027-05-08
2027-05-01,wk inc flu hosp,1,40,quantile,0.95,20,2027-05-08
2027-05-01,wk inc flu hosp,1,40,quantile,0.975,21,2027-05-08
2027-05-01,wk inc flu hosp,1,40,quantile,0.99,24,2027-05-08
2027-05-01,wk inc flu hosp,1,41,quantile,0.01,5,2027-05-08
2027-05-01,wk inc flu hosp,1,41,quantile,0.025,7,2027-05-08
2027-05-01,wk inc flu hosp,1,41,quantile,0.05,8,2027-05-08
2027-05-01,wk inc flu hosp,1,41,quantile,0.1,10,2027-05-08
2027-05-01,wk inc flu hosp,1,41,quantile,0.15,11,2027-05-08
2027-05-01,wk inc flu hosp,1,41,quantile,0.2,12,2027-05-08
2027-05-01,wk inc flu hosp,1,41,quantile,0.25,13,2027-05-08
2027-05-01,wk inc flu hosp,1,41,quantile,0.3,14,2027-05-08
2027-05-01,wk inc flu hosp,1,41,quantile,0.35,14,2027-05-08
2027-05-01,wk inc flu hosp,1,41,quantile,0.4,15,2027-05-08
2027-05-01,wk inc flu hosp,1,41,quantile,0.45,15,2027-05-08
2027-05-01,wk inc flu hosp,1,41,quantile,0.5,16,2027-05-08
2027-05-01,wk inc flu hosp,1,41,quantile,0.55,17,2027-05-08
2027-05-01,wk inc flu hosp,1,41,quantile,0.6,17,2027-05-08
2027-05-01,wk inc flu hosp,1,41,quantile,0.65,18,2027-05-08
2027-05-01,wk inc flu hosp,1,41,quantile,0.7,19,2027-05-08
2027-05-01,wk inc flu hosp,1,41,quantile,0.75,22,2027-05-08
2027-05-01,wk inc flu hosp,1,41,quantile,0.8,22,2027-05-08
2027-05-01,wk inc flu hosp,1,41,quantile,0.85,24,2027-05-08
2027-05-01,wk inc flu hosp,1,41,quantile,0.9,26,2027-05-08
2027-05-01,wk inc flu hosp,1,41,quantile,0.95,28,2027-05-08
2027-05-01,wk inc flu hosp,1,41,quantile,0.975,30,2027-05-08
2027-05-01,wk inc flu hosp,1,41,quantile,0.99,31,2027-05-08
2027-05-01,wk inc flu hosp,1,42,quantile,0.01,76,2027-05-08
2027-05-01,wk inc flu hosp,1,42,quantile,0.025,79,2027-05-08
2027-05-01,wk inc flu hosp,1,42,quantile,0.05,83,2027-05-08
2027-05-01,wk inc flu hosp,1,42,quantile,0.1,92,2027-05-08
2027-05-01,wk inc flu hosp,1,42,quantile,0.15,95,2027-05-08
2027-05-01,wk inc flu hosp,1,42,quantile,0.2,101,2027-05-08
2027-05-01,wk inc flu hosp,1,42,quantile,0.25,105,2027-05-08
2027-05-01,wk inc flu hosp,1,42,quantile,0.3,107,2027-05-08
2027-05-01,wk inc flu hosp,1,42,quantile,0.35,112,2027-05-08
2027-05-01,wk inc flu hosp,1,42,quantile,0.4,114,2027-05-08
2027-05-01,wk inc flu hosp,1,42,quantile,0.45,119,2027-05-08
2027-05-01,wk inc flu hosp,1,42,quantile,0.5,120,2027-05-08
2027-05-01,wk inc flu hosp,1,42,quantile,0.55,122,2027-05-08
2027-05-01,wk inc flu hosp,1,42,quantile,0.6,127,2027-05-08
2027-05-01,wk inc flu hosp,1,42,quantile,0.65,131,2027-05-08
2027-05-01,wk inc flu hosp,1,42,quantile,0.7,137,2027-05-08
2027-05-01,wk inc flu hosp,1,42,quantile,0.75,143,2027-05-08
2027-05-01,wk inc flu hosp,1,42,quantile,0.8,150,2027-05-08
2027-05-01,wk inc flu hosp,1,42,quantile,0.85,159,2027-05-08
2027-05-01,wk inc flu hosp,1,42,quantile,0.9,167,2027-05-08
2027-05-01,wk inc flu hosp,1,42,quantile,0.95,182,2027-05-08
2027-05-01,wk inc flu hosp,1,42,quantile,0.975,196,2027-05-08
2027-05-01,wk inc flu hosp,1,42,quantile,0.99,214,2027-05-08
2027-05-01,wk inc flu hosp,1,44,quantile,0.01,0,2027-05-08
2027-05-01,wk inc flu hosp,1,44,quantile,0.025,0,2027-05-08
2027-05-01,wk inc flu hosp,1,44,quantile,0.05,0,2027-05-08
2027-05-01,wk inc flu hosp,1,44,quantile,0.1,0,2027-05-08
2027-05-01,wk inc flu hosp,1,44,quantile,0.15,0,2027-05-08
2027-05-01,wk inc flu hosp,1,44,quantile,0.2,0,2027-05-08
2027-05-01,wk inc flu hosp,1,44,quantile,0.25,0,2027-05-08
2027-05-01,wk inc flu hosp,1,44,quantile,0.3,0,2027-05-08
2027-05-01,wk inc flu hosp,1,44,quantile,0.35,0,2027-05-08
2027-05-01,wk inc flu hosp,1,44,quantile,0.4,0,2027-05-08
2027-05-01,wk inc flu hosp,1,44,quantile,0.45,0,2027-05-08
2027-05-01,wk inc flu hosp,1,44,quantile,0.5,0,2027-05-08
2027-05-01,wk inc flu hosp,1,44,quantile,0.55,1,2027-05-08
2027-05-01,wk inc flu hosp,1,44,quantile,0.6,1,2027-05-08
2027-05-01,wk inc flu hosp,1,44,quantile,0.65,1,2027-05-08
2027-05-01,wk inc flu hosp,1,44,quantile,0.7,1,2027-05-08
2027-05-01,wk inc flu hosp,1,44,quantile,0.75,2,2027-05-08
2027-05-01,wk inc flu hosp,1,44,quantile,0.8,2,2027-05-08
2027-05-01,wk inc flu hosp,1,44,quantile,0.85,3,2027-05-08
2027-05-01,wk inc flu hosp,1,44,quantile,0.9,4,2027-05-08
2027-05-01,wk inc flu hosp,1,44,quantile,0.95,5,2027-05-08
2027-05-01,wk inc flu hosp,1,44,quantile,0.975,6,2027-05-08
2027-05-01,wk inc flu hosp,1,44,quantile,0.99,9,2027-05-08
2027-05-01,wk inc flu hosp,1,45,quantile,0.01,3,2027-05-08
2027-05-01,wk inc flu hosp,1,45,quantile,0.025,4,2027-05-08
2027-05-01,wk inc flu hosp,1,45,quantile,0.05,5,2027-05-08
2027-05-01,wk inc flu hosp,1,45,quantile,0.1,7,2027-05-08
2027-05-01,wk inc flu hosp,1,45,quantile,0.15,8,2027-05-08
2027-05-01,wk inc flu hosp,1,45,quantile,0.2,9,2027-05-08
2027-05-01,wk inc flu hosp,1,45,quantile,0.25,9,2027-05-08
2027-05-01,wk inc flu hosp,1,45,quantile,0.3,10,2027-05-08
2027-05-01,wk inc flu hosp,1,45,quantile,0.35,11,2027-05-08
2027-05-01,wk inc flu hosp,1,45,quantile,0.4,12,2027-05-08
2027-05-01,wk inc flu hosp,1,45,quantile,0.45,12,2027-05-08
2027-05-01,wk inc flu hosp,1,45,quantile,0.5,13,2027-05-08
2027-05-01,wk inc flu hosp,1,45,quantile,0.55,14,2027-05-08
2027-05-01,wk inc flu hosp,1,45,quantile,0.6,15,2027-05-08
2027-05-01,wk inc flu hosp,1,45,quantile,0.65,16,2027-05-08
2027-05-01,wk inc flu hosp,1,45,quantile,0.7,18,2027-05-08
2027-05-01,wk inc flu hosp,1,45,quantile,0.75,19,2027-05-08
2027-05-01,wk inc flu hosp,1,45,quantile,0.8,20,2027-05-08
2027-05-01,wk inc flu hosp,1,45,quantile,0.85,21,2027-05-08
2027-05-01,wk inc flu hosp,1,45,quantile,0.9,23,2027-05-08
2027-05-01,wk inc flu hosp,1,45,quantile,0.95,25,2027-05-08
2027-05-01,wk inc flu hosp,1,45,quantile,0.975,26,2027-05-08
2027-05-01,wk inc flu hosp,1,45,quantile,0.99,30,2027-05-08
2027-05-01,wk inc flu hosp,1,46,quantile,0.01,0,2027-05-08
2027-05-01,wk inc flu hosp,1,46,quantile,0.025,0,2027-05-08
2027-05-01,wk inc flu hosp,1,46,quantile,0.05,0,2027-05-08
2027-05-01,wk inc flu hosp,1,46,quantile,0.1,0,2027-05-08
2027-05-01,wk inc flu hosp,1,46,quantile,0.15,0,2027-05-08
2027-05-01,wk inc flu hosp,1,46,quantile,0.2,1,2027-05-08
2027-05-01,wk inc flu hosp,1,46,quantile,0.25,1,2027-05-08
2027-05-01,wk inc flu hosp,1,46,quantile,0.3,1,2027-05-08
2027-05-01,wk inc flu hosp,1,46,quantile,0.35,2,2027-05-08
2027-05-01,wk inc flu hosp,1,46,quantile,0.4,2,2027-05-08
2027-05-01,wk inc flu hosp,1,46,quantile,0.45,2,2027-05-08
2027-05-01,wk inc flu hosp,1,46,quantile,0.5,3,2027-05-08
2027-05-01,wk inc flu hosp,1,46,quantile,0.55,3,2027-05-08
2027-05-01,wk inc flu hosp,1,46,quantile,0.6,3,2027-05-08
2027-05-01,wk inc flu hosp,1,46,quantile,0.65,4,2027-05-08
2027-05-01,wk inc flu hosp,1,46,quantile,0.7,4,2027-05-08
2027-05-01,wk inc flu hosp,1,46,quantile,0.75,5,2027-05-08
2027-05-01,wk inc flu hosp,1,46,quantile,0.8,6,2027-05-08
2027-05-01,wk inc flu hosp,1,46,quantile,0.85,6,2027-05-08
2027-05-01,wk inc flu hosp,1,46,quantile,0.9,7,2027-05-08
2027-05-01,wk inc flu hosp,1,46,quantile,0.95,9,2027-05-08
2027-05-01,wk inc flu hosp,1,46,quantile,0.975,10,2027-05-08
2027-05-01,wk inc flu hosp,1,46,quantile,0.99,10,2027-05-08
2027-05-01,wk inc flu hosp,1,47,quantile,0.01,14,2027-05-08
2027-05-01,wk inc flu hosp,1,47,quantile,0.025,15,2027-05-08
2027-05-01,wk inc flu hosp,1,47,quantile,0.05,17,2027-05-08
2027-05-01,wk inc flu hosp,1,47,quantile,0.1,19,2027-05-08
2027-05-01,wk inc flu hosp,1,47,quantile,0.15,21,2027-05-08
2027-05-01,wk inc flu hosp,1,47,quantile,0.2,22,2027-05-08
2027-05-01,wk inc flu hosp,1,47,quantile,0.25,23,2027-05-08
2027-05-01,wk inc flu hosp,1,47,quantile,0.3,24,2027-05-08
2027-05-01,wk inc flu hosp,1,47,quantile,0.35,24,2027-05-08
2027-05-01,wk inc flu hosp,1,47,quantile,0.4,25,2027-05-08
2027-05-01,wk inc flu hosp,1,47,quantile,0.45,25,2027-05-08
2027-05-01,wk inc flu hosp,1,47,quantile,0.5,26,2027-05-08
2027-05-01,wk inc flu hosp,1,47,quantile,0.55,27,2027-05-08
2027-05-01,wk inc flu hosp,1,47,quantile,0.6,27,2027-05-08
2027-05-01,wk inc flu hosp,1,47,quantile,0.65,28,2027-05-08
2027-05-01,wk inc flu hosp,1,47,quantile,0.7,29,2027-05-08
2027-05-01,wk inc flu hosp,1,47,quantile,0.75,31,2027-05-08
2027-05-01,wk inc flu hosp,1,47,quantile,0.8,32,2027-05-08
2027-05-01,wk inc flu hosp,1,47,quantile,0.85,33,2027-05-08
2027-05-01,wk inc flu hosp,1,47,quantile,0.9,36,2027-05-08
2027-05-01,wk inc flu hosp,1,47,quantile,0.95,39,2027-05-08
2027-05-01,wk inc flu hosp,1,47,quantile,0.975,41,2027-05-08
2027-05-01,wk inc flu hosp,1,47,quantile,0.99,43,2027-05-08
2027-05-01,wk inc flu hosp,1,48,quantile,0.01,37,2027-05-08
2027-05-01,wk inc flu hosp,1,48,quantile,0.025,41,2027-05-08
2027-05-01,wk inc flu hosp,1,48,quantile,0.05,48,2027-05-08
2027-05-01,wk inc flu hosp,1,48,quantile,0.1,55,2027-05-08
2027-05-01,wk inc flu hosp,1,48,quantile,0.15,59,2027-05-08
2027-05-01,wk inc flu hosp,1,48,quantile,0.2,62,2027-05-08
2027-05-01,wk inc flu hosp,1,48,quantile,0.25,65,2027-05-08
2027-05-01,wk inc flu hosp,1,48,quantile,0.3,67,2027-05-08
2027-05-01,wk inc flu hosp,1,48,quantile,0.35,69,2027-05-08
2027-05-01,wk inc flu hosp,1,48,quantile,0.4,72,2027-05-08
2027-05-01,wk inc flu hosp,1,48,quantile,0.45,74,2027-05-08
2027-05-01,wk inc flu hosp,1,48,quantile,0.5,78,2027-05-08
2027-05-01,wk inc flu hosp,1,48,quantile,0.55,80,2027-05-08
2027-05-01,wk inc flu hosp,1,48,quantile,0.6,83,2027-05-08
2027-05-01,wk inc flu hosp,1,48,quantile,0.65,84,2027-05-08
2027-05-01,wk inc flu hosp,1,48,quantile,0.7,88,2027-05-08
2027-05-01,wk inc flu hosp,1,48,quantile,0.75,91,2027-05-08
2027-05-01,wk inc flu hosp,1,48,quantile,0.8,97,2027-05-08
2027-05-01,wk inc flu hosp,1,48,quantile,0.85,100,2027-05-08
2027-05-01,wk inc flu hosp,1,48,quantile,0.9,102,2027-05-08
2027-05-01,wk inc flu hosp,1,48,quantile,0.95,107,2027-05-08
2027-05-01,wk inc flu hosp,1,48,quantile,0.975,116,2027-05-08
2027-05-01,wk inc flu hosp,1,48,quantile,0.99,122,2027-05-08
2027-05-01,wk inc flu hosp,1,49,quantile,0.01,2,2027-05-08
2027-05-01,wk inc flu hosp,1,49,quantile,0.025,2,2027-05-08
2027-05-01,wk inc flu hosp,1,49,quantile,0.05,2,2027-05-08
2027-05-01,wk inc flu hosp,1,49,quantile,0.1,3,2027-05-08
2027-05-01,wk inc flu hosp,1,49,quantile,0.15,4,2027-05-08
2027-05-01,wk inc flu hosp,1,49,quantile,0.2,4,2027-05-08
2027-05-01,wk inc flu hosp,1,49,quantile,0.25,5,2027-05-08
2027-05-01,wk inc flu hosp,1,49,quantile,0.3,6,2027-05-08
2027-05-01,wk inc flu hosp,1,49,quantile,0.35,7,2027-05-08
2027-05-01,wk inc flu hosp,1,49,quantile,0.4,7,2027-05-08
2027-05-01,wk inc flu hosp,1,49,quantile,0.45,7,2027-05-08
2027-05-01,wk inc flu hosp,1,49,quantile,0.5,8,2027-05-08
2027-05-01,wk inc flu hosp,1,49,quantile,0.55,8,2027-05-08
2027-05-01,wk inc flu hosp,1,49,quantile,0.6,9,2027-05-08
2027-05-01,wk inc flu hosp,1,49,quantile,0.65,9,2027-05-08
2027-05-01,wk inc flu hosp,1,49,quantile,0.7,10,2027-05-08
2027-05-01,wk inc flu hosp,1,49,quantile,0.75,11,2027-05-08
2027-05-01,wk inc flu hosp,1,49,quantile,0.8,11,2027-05-08
2027-05-01,wk inc flu hosp,1,49,quantile,0.85,12,2027-05-08
2027-05-01,wk inc flu hosp,1,49,quantile,0.9,14,2027-05-08
2027-05-01,wk inc flu hosp,1,49,quantile,0.95,16,2027-05-08
2027-05-01,wk inc flu hosp,1,49,quantile,0.975,18,2027-05-08
2027-05-01,wk inc flu hosp,1,49,quantile,0.99,20,2027-05-08
2027-05-01,wk inc flu hosp,1,50,quantile,0.01,0,2027-05-08
2027-05-01,wk inc flu hosp,1,50,quantile,0.025,0,2027-05-08
2027-05-01,wk inc flu hosp,1,50,quantile,0.05,0,2027-05-08
2027-05-01,wk inc flu hosp,1,50,quantile,0.1,0,2027-05-08
2027-05-01,wk inc flu hosp,1,50,quantile,0.15,0,2027-05-08
2027-05-01,wk inc flu hosp,1,50,quantile,0.2,0,2027-05-08
2027-05-01,wk inc flu hosp,1,50,quantile,0.25,0,2027-05-08
2027-05-01,wk inc flu hosp,1,50,quantile,0.3,0,2027-05-08
2027-05-01,wk inc flu hosp,1,50,quantile,0.35,0,2027-05-08
2027-05-01,wk inc flu hosp,1,50,quantile,0.4,0,2027-05-08
2027-05-01,wk inc flu hosp,1,50,quantile,0.45,0,2027-05-08
2027-05-01,wk inc flu hosp,1,50,quantile,0.5,0,2027-05-08
2027-05-01,wk inc flu hosp,1,50,quantile,0.55,0,2027-05-08
2027-05-01,wk inc flu hosp,1,50,quantile,0.6,0,2027-05-08
2027-05-01,wk inc flu hosp,1,50,quantile,0.65,0,2027-05-08
2027-05-01,wk inc flu hosp,1,50,quantile,0.7,0,2027-05-08
2027-05-01,wk inc flu hosp,1,50,quantile,0.75,1,2027-05-08
2027-05-01,wk inc flu hosp,1,50,quantile,0.8,1,2027-05-08
2027-05-01,wk inc flu hosp,1,50,quantile,0.85,1,2027-05-08
2027-05-01,wk inc flu hosp,1,50,quantile,0.9,1,2027-05-08
2027-05-01,wk inc flu hosp,1,50,quantile,0.95,2,2027-05-08
2027-05-01,wk inc flu hosp,1,50,quantile,0.975,3,2027-05-08
2027-05-01,wk inc flu hosp,1,50,quantile,0.99,4,2027-05-08
2027-05-01,wk inc flu hosp,1,51,quantile,0.01,14,2027-05-08
2027-05-01,wk inc flu hosp,1,51,quantile,0.025,16,2027-05-08
2027-05-01,wk inc flu hosp,1,51,quantile,0.05,17,2027-05-08
2027-05-01,wk inc flu hosp,1,51,quantile,0.1,18,2027-05-08
2027-05-01,wk inc flu hosp,1,51,quantile,0.15,21,2027-05-08
2027-05-01,wk inc flu hosp,1,51,quantile,0.2,23,2027-05-08
2027-05-01,wk inc flu hosp,1,51,quantile,0.25,24,2027-05-08
2027-05-01,wk inc flu hosp,1,51,quantile,0.3,25,2027-05-08
2027-05-01,wk inc flu hosp,1,51,quantile,0.35,26,2027-05-08
2027-05-01,wk inc flu hosp,1,51,quantile,0.4,27,2027-05-08
2027-05-01,wk inc flu hosp,1,51,quantile,0.45,29,2027-05-08
2027-05-01,wk inc flu hosp,1,51,quantile,0.5,30,2027-05-08
2027-05-01,wk inc flu hosp,1,51,quantile,0.55,30,2027-05-08
2027-05-01,wk inc flu hosp,1,51,quantile,0.6,32,2027-05-08
2027-05-01,wk inc flu hosp,1,51,quantile,0.65,34,2027-05-08
2027-05-01,wk inc flu hosp,1,51,quantile,0.7,35,2027-05-08
2027-05-01,wk inc flu hosp,1,51,quantile,0.75,37,2027-05-08
2027-05-01,wk inc flu hosp,1,51,quantile,0.8,38,2027-05-08
2027-05-01,wk inc flu hosp,1,51,quantile,0.85,39,2027-05-08
2027-05-01,wk inc flu hosp,1,51,quantile,0.9,44,2027-05-08
2027-05-01,wk inc flu hosp,1,51,quantile,0.95,47,2027-05-08
2027-05-01,wk inc flu hosp,1,51,quantile,0.975,52,2027-05-08
2027-05-01,wk inc flu hosp,1,51,quantile,0.99,53,2027-05-08
2027-05-01,wk inc flu hosp,1,53,quantile,0.01,9,2027-05-08
2027-05-01,wk inc flu hosp,1,53,quantile,0.025,10,2027-05-08
2027-05-01,wk inc flu hosp,1,53,quantile,0.05,11,2027-05-08
2027-05-01,wk inc flu hosp,1,53,quantile,0.1,12,2027-05-08
2027-05-01,wk inc flu hosp,1,53,quantile,0.15,14,2027-05-08
2027-05-01,wk inc flu hosp,1,53,quantile,0.2,15,2027-05-08
2027-05-01,wk inc flu hosp,1,53,quantile,0.25,16,2027-05-08
2027-05-01,wk inc flu hosp,1,53,quantile,0.3,17,2027-05-08
2027-05-01,wk inc flu hosp,1,53,quantile,0.35,18,2027-05-08
2027-05-01,wk inc flu hosp,1,53,quantile,0.4,20,2027-05-08
2027-05-01,wk inc flu hosp,1,53,quantile,0.45,21,2027-05-08
2027-05-01,wk inc flu hosp,1,53,quantile,0.5,22,2027-05-08
2027-05-01,wk inc flu hosp,1,53,quantile,0.55,23,2027-05-08
2027-05-01,wk inc flu hosp,1,53,quantile,0.6,23,2027-05-08
2027-05-01,wk inc flu hosp,1,53,quantile,0.65,24,2027-05-08
2027-05-01,wk inc flu hosp,1,53,quantile,0.7,26,2027-05-08
2027-05-01,wk inc flu hosp,1,53,quantile,0.75,27,2027-05-08
2027-05-01,wk inc flu hosp,1,53,quantile,0.8,28,2027-05-08
2027-05-01,wk inc flu hosp,1,53,quantile,0.85,29,2027-05-08
2027-05-01,wk inc flu hosp,1,53,quantile,0.9,31,2027-05-08
2027-05-01,wk inc flu hosp,1,53,quantile,0.95,34,2027-05-08
2027-05-01,wk inc flu hosp,1,53,quantile,0.975,37,2027-05-08
2027-05-01,wk inc flu hosp,1,53,quantile,0.99,39,2027-05-08
2027-05-01,wk inc flu hosp,1,54,quantile,0.01,0,2027-05-08
2027-05-01,wk inc flu hosp,1,54,quantile,0.025,0,2027-05-08
2027-05-01,wk inc flu hosp,1,54,quantile,0.05,0,2027-05-08
2027-05-01,wk inc flu hosp,1,54,quantile,0.1,0,2027-05-08
2027-05-01,wk inc flu hosp,1,54,quantile,0.15,0,2027-05-08
2027-05-01,wk inc flu hosp,1,54,quantile,0.2,0,2027-05-08
2027-05-01,wk inc flu hosp,1,54,quantile,0.25,0,2027-05-08
2027-05-01,wk inc flu hosp,1,54,quantile,0.3,0,2027-05-08
2027-05-01,wk inc flu hosp,1,54,quantile,0.35,0,2027-05-08
2027-05-01,wk inc flu hosp,1,54,quantile,0.4,0,2027-05-08
2027-05-01,wk inc flu hosp,1,54,quantile,0.45,0,2027-05-08
2027-05-01,wk inc flu hosp,1,54,quantile,0.5,0,2027-05-08
2027-05-01,wk inc flu hosp,1,54,quantile,0.55,1,2027-05-08
2027-05-01,wk inc flu hosp,1,54,quantile,0.6,1,2027-05-08
2027-05-01,wk inc flu hosp,1,54,quantile,0.65,1,2027-05-08
2027-05-01,wk inc flu hosp,1,54,quantile,0.7,1,2027-05-08
2027-05-01,wk inc flu hosp,1,54,quantile,0.75,2,2027-05-08
2027-05-01,wk inc flu hosp,1,54,quantile,0.8,2,2027-05-08
2027-05-01,wk inc flu hosp,1,54,quantile,0.85,3,2027-05-08
2027-05-01,wk inc flu hosp,1,54,quantile,0.9,4,2027-05-08
2027-05-01,wk inc flu hosp,1,54,quantile,0.95,5,2027-05-08
2027-05-01,wk inc flu hosp,1,54,quantile,0.975,6,2027-05-08
2027-05-01,wk inc flu hosp,1,54,quantile,0.99,7,2027-05-08
2027-05-01,wk inc flu hosp,1,55,quantile,0.01,1,2027-05-08
2027-05-01,wk inc flu hosp,1,55,quantile,0.025,1,2027-05-08
2027-05-01,wk inc flu hosp,1,55,quantile,0.05,2,2027-05-08
2027-05-01,wk inc flu hosp,1,55,quantile,0.1,3,2027-05-08
2027-05-01,wk inc flu hosp,1,55,quantile,0.15,3,2027-05-08
2027-05-01,wk inc flu hosp,1,55,quantile,0.2,4,2027-05-08
2027-05-01,wk inc flu hosp,1,55,quantile,0.25,4,2027-05-08
2027-05-01,wk inc flu hosp,1,55,quantile,0.3,5,2027-05-08
2027-05-01,wk inc flu hosp,1,55,quantile,0.35,5,2027-05-08
2027-05-01,wk inc flu hosp,1,55,quantile,0.4,6,2027-05-08
2027-05-01,wk inc flu hosp,1,55,quantile,0.45,6,2027-05-08
2027-05-01,wk inc flu hosp,1,55,quantile,0.5,6,2027-05-08
2027-05-01,wk inc flu hosp,1,55,quantile,0.55,7,2027-05-08
2027-05-01,wk inc flu hosp,1,55,quantile,0.6,7,2027-05-08
2027-05-01,wk inc flu hosp,1,55,quantile,0.65,8,2027-05-08
2027-05-01,wk inc flu hosp,1,55,quantile,0.7,9,2027-05-08
2027-05-01,wk inc flu hosp,1,55,quantile,0.75,9,2027-05-08
2027-05-01,wk inc flu hosp,1,55,quantile,0.8,10,2027-05-08
2027-05-01,wk inc flu hosp,1,55,quantile,0.85,11,2027-05-08
2027-05-01,wk inc flu hosp,1,55,quantile,0.9,12,2027-05-08
2027-05-01,wk inc flu hosp,1,55,quantile,0.95,13,2027-05-08
2027-05-01,wk inc flu hosp,1,55,quantile,0.975,15,2027-05-08
2027-05-01,wk inc flu hosp,1,55,quantile,0.99,16,2027-05-08
2027-05-01,wk inc flu hosp,1,56,quantile,0.01,0,2027-05-08
2027-05-01,wk inc flu hosp,1,56,quantile,0.025,0,2027-05-08
2027-05-01,wk inc flu hosp,1,56,quantile,0.05,0,2027-05-08
2027-05-01,wk inc flu hosp,1,56,quantile,0.1,0,2027-05-08
2027-05-01,wk inc flu hosp,1,56,quantile,0.15,0,2027-05-08
2027-05-01,wk inc flu hosp,1,56,quantile,0.2,0,2027-05-08
2027-05-01,wk inc flu hosp,1,56,quantile,0.25,1,2027-05-08
2027-05-01,wk inc flu hosp,1,56,quantile,0.3,1,2027-05-08
2027-05-01,wk inc flu hosp,1,56,quantile,0.35,2,2027-05-08
2027-05-01,wk inc flu hosp,1,56,quantile,0.4,2,2027-05-08
2027-05-01,wk inc flu hosp,1,56,quantile,0.45,3,2027-05-08
2027-05-01,wk inc flu hosp,1,56,quantile,0.5,3,2027-05-08
2027-05-01,wk inc flu hosp,1,56,quantile,0.55,4,2027-05-08
2027-05-01,wk inc flu hosp,1,56,quantile,0.6,4,2027-05-08
2027-05-01,wk inc flu hosp,1,56,quantile,0.65,5,2027-05-08
2027-05-01,wk inc flu hosp,1,56,quantile,0.7,5,2027-05-08
2027-05-01,wk inc flu hosp,1,56,quantile,0.75,6,2027-05-08
2027-05-01,wk inc flu hosp,1,56,quantile,0.8,6,2027-05-08
2027-05-01,wk inc flu hosp,1,56,quantile,0.85,7,2027-05-08
2027-05-01,wk inc flu hosp,1,56,quantile,0.9,8,2027-05-08
2027-05-01,wk inc flu hosp,1,56,quantile,0.95,10,2027-05-08
2027-05-01,wk inc flu hosp,1,56,quantile,0.975,11,2027-05-08
2027-05-01,wk inc flu hosp,1,56,quantile,0.99,11,2027-05-08
2027-05-01,wk inc flu hosp,1,72,quantile,0.01,34,2027-05-08
2027-05-01,wk inc flu hosp,1,72,quantile,0.025,46,2027-05-08
2027-05-01,wk inc flu hosp,1,72,quantile,0.05,48,2027-05-08
2027-05-01,wk inc flu hosp,1,72,quantile,0.1,55,2027-05-08
2027-05-01,wk inc flu hosp,1,72,quantile,0.15,59,2027-05-08
2027-05-01,wk inc flu hosp,1,72,quantile,0.2,65,2027-05-08
2027-05-01,wk inc flu hosp,1,72,quantile,0.25,69,2027-05-08
2027-05-01,wk inc flu hosp,1,72,quantile,0.3,71,2027-05-08
2027-05-01,wk inc flu hosp,1,72,quantile,0.35,76,2027-05-08
2027-05-01,wk inc flu hosp,1,72,quantile,0.4,79,2027-05-08
2027-05-01,wk inc flu hosp,1,72,quantile,0.45,85,2027-05-08
2027-05-01,wk inc flu hosp,1,72,quantile,0.5,89,2027-05-08
2027-05-01,wk inc flu hosp,1,72,quantile,0.55,91,2027-05-08
2027-05-01,wk inc flu hosp,1,72,quantile,0.6,95,2027-05-08
2027-05-01,wk inc flu hosp,1,72,quantile,0.65,98,2027-05-08
2027-05-01,wk inc flu hosp,1,72,quantile,0.7,103,2027-05-08
2027-05-01,wk inc flu hosp,1,72,quantile,0.75,113,2027-05-08
2027-05-01,wk inc flu hosp,1,72,quantile,0.8,120,2027-05-08
2027-05-01,wk inc flu hosp,1,72,quantile,0.85,125,2027-05-08
2027-05-01,wk inc flu hosp,1,72,quantile,0.9,132,2027-05-08
2027-05-01,wk inc flu hosp,1,72,quantile,0.95,153,2027-05-08
2027-05-01,wk inc flu hosp,1,72,quantile,0.975,160,2027-05-08
2027-05-01,wk inc flu hosp,1,72,quantile,0.99,174,2027-05-08
2027-05-01,wk inc flu hosp,1,USA,quantile,0.01,1108,2027-05-08
2027-05-01,wk inc flu hosp,1,USA,quantile,0.025,1120,2027-05-08
2027-05-01,wk inc flu hosp,1,USA,quantile,0.05,1132,2027-05-08
2027-05-01,wk inc flu hosp,1,USA,quantile,0.1,1154,2027-05-08
2027-05-01,wk inc flu hosp,1,USA,quantile,0.15,1180,2027-05-08
2027-05-01,wk inc flu hosp,1,USA,quantile,0.2,1195,2027-05-08
2027-05-01,wk inc flu hosp,1,USA,quantile,0.25,1218,2027-05-08
2027-05-01,wk inc flu hosp,1,USA,quantile,0.3,1229,2027-05-08
2027-05-01,wk inc flu hosp,1,USA,quantile,0.35,1241,2027-05-08
2027-05-01,wk inc flu hosp,1,USA,quantile,0.4,1253,2027-05-08
2027-05-01,wk inc flu hosp,1,USA,quantile,0.45,1268,2027-05-08
2027-05-01,wk inc flu hosp,1,USA,quantile,0.5,1277,2027-05-08
2027-05-01,wk inc flu hosp,1,USA,quantile,0.55,1286,2027-05-08
2027-05-01,wk inc flu hosp,1,USA,quantile,0.6,1292,2027-05-08
2027-05-01,wk inc flu hosp,1,USA,quantile,0.65,1303,2027-05-08
2027-05-01,wk inc flu hosp,1,USA,quantile,0.7,1312,2027-05-08
2027-05-01,wk inc flu hosp,1,USA,quantile,0.75,1328,2027-05-08
2027-05-01,wk inc flu hosp,1,USA,quantile,0.8,1342,2027-05-08
2027-05-01,wk inc flu hosp,1,USA,quantile,0.85,1363,2027-05-08
2027-05-01,wk inc flu hosp,1,USA,quantile,0.9,1394,2027-05-08
2027-05-01,wk inc flu hosp,1,USA,quantile,0.95,1427,2027-05-08
2027-05-01,wk inc flu hosp,1,USA,quantile,0.975,1471,2027-05-08
2027-05-01,wk inc flu hosp,1,USA,quantile,0.99,1483,2027-05-08
2027-05-01,wk inc flu hosp,2,01,quantile,0.01,2,2027-05-15
2027-05-01,wk inc flu hosp,2,01,quantile,0.025,2,2027-05-15
2027-05-01,wk inc flu hosp,2,01,quantile,0.05,2,2027-05-15
2027-05-01,wk inc flu hosp,2,01,quantile,0.1,3,2027-05-15
2027-05-01,wk inc flu hosp,2,01,quantile,0.15,4,2027-05-15
2027-05-01,wk inc flu hosp,2,01,quantile,0.2,5,2027-05-15
2027-05-01,wk inc flu hosp,2,01,quantile,0.25,6,2027-05-15
2027-05-01,wk inc flu hosp,2,01,quantile,0.3,6,2027-05-15
2027-05-01,wk inc flu hosp,2,01,quantile,0.35,6,2027-05-15
2027-05-01,wk inc flu hosp,2,01,quantile,0.4,7,2027-05-15
2027-05-01,wk inc flu hosp,2,01,quantile,0.45,8,2027-05-15
2027-05-01,wk inc flu hosp,2,01,quantile,0.5,8,2027-05-15
2027-05-01,wk inc flu hosp,2,01,quantile,0.55,9,2027-05-15
2027-05-01,wk inc flu hosp,2,01,quantile,0.6,9,2027-05-15
2027-05-01,wk inc flu hosp,2,01,quantile,0.65,10,2027-05-15
2027-05-01,wk inc flu hosp,2,01,quantile,0.7,10,2027-05-15
2027-05-01,wk inc flu hosp,2,01,quantile,0.75,10,2027-05-15
2027-05-01,wk inc flu hosp,2,01,quantile,0.8,11,2027-05-15
2027-05-01,wk inc flu hosp,2,01,quantile,0.85,12,2027-05-15
2027-05-01,wk inc flu hosp,2,01,quantile,0.9,14,2027-05-15
2027-05-01,wk inc flu hosp,2,01,quantile,0.95,16,2027-05-15
2027-05-01,wk inc flu hosp,2,01,quantile,0.975,17,2027-05-15
2027-05-01,wk inc flu hosp,2,01,quantile,0.99,18,2027-05-15
2027-05-01,wk inc flu hosp,2,02,quantile,0.01,0,2027-05-15
2027-05-01,wk inc flu hosp,2,02,quantile,0.025,0,2027-05-15
2027-05-01,wk inc flu hosp,2,02,quantile,0.05,0,2027-05-15
2027-05-01,wk inc flu hosp,2,02,quantile,0.1,0,2027-05-15
2027-05-01,wk inc flu hosp,2,02,quantile,0.15,0,2027-05-15
2027-05-01,wk inc flu hosp,2,02,quantile,0.2,1,2027-05-15
2027-05-01,wk inc flu hosp,2,02,quantile,0.25,1,2027-05-15
2027-05-01,wk inc flu hosp,2,02,quantile,0.3,2,2027-05-15
2027-05-01,wk inc flu hosp,2,02,quantile,0.35,2,2027-05-15
2027-05-01,wk inc flu hosp,2,02,quantile,0.4,3,2027-05-15
2027-05-01,wk inc flu hosp,2,02,quantile,0.45,3,2027-05-15
2027-05-01,wk inc flu hosp,2,02,quantile,0.5,4,2027-05-15
2027-05-01,wk inc flu hosp,2,02,quantile,0.55,5,2027-05-15
2027-05-01,wk inc flu hosp,2,02,quantile,0.6,6,2027-05-15
2027-05-01,wk inc flu hosp,2,02,quantile,0.65,6,2027-05-15
2027-05-01,wk inc flu hosp,2,02,quantile,0.7,7,2027-05-15
2027-05-01,wk inc flu hosp,2,02,quantile,0.75,8,2027-05-15
2027-05-01,wk inc flu hosp,2,02,quantile,0.8,8,2027-05-15
2027-05-01,wk inc flu hosp,2,02,quantile,0.85,9,2027-05-15
2027-05-01,wk inc flu hosp,2,02,quantile,0.9,11,2027-05-15
2027-05-01,wk inc flu hosp,2,02,quantile,0.95,15,2027-05-15
2027-05-01,wk inc flu hosp,2,02,quantile,0.975,17,2027-05-15
2027-05-01,wk inc flu hosp,2,02,quantile,0.99,18,2027-05-15
2027-05-01,wk inc flu hosp,2,04,quantile,0.01,34,2027-05-15
2027-05-01,wk inc flu hosp,2,04,quantile,0.025,38,2027-05-15
2027-05-01,wk inc flu hosp,2,04,quantile,0.05,40,2027-05-15
2027-05-01,wk inc flu hosp,2,04,quantile,0.1,43,2027-05-15
2027-05-01,wk inc flu hosp,2,04,quantile,0.15,46,2027-05-15
2027-05-01,wk inc flu hosp,2,04,quantile,0.2,50,2027-05-15
2027-05-01,wk inc flu hosp,2,04,quantile,0.25,53,2027-05-15
2027-05-01,wk inc flu hosp,2,04,quantile,0.3,54,2027-05-15
2027-05-01,wk inc flu hosp,2,04,quantile,0.35,55,2027-05-15
2027-05-01,wk inc flu hosp,2,04,quantile,0.4,57,2027-05-15
2027-05-01,wk inc flu hosp,2,04,quantile,0.45,59,2027-05-15
2027-05-01,wk inc flu hosp,2,04,quantile,0.5,61,2027-05-15
2027-05-01,wk inc flu hosp,2,04,quantile,0.55,62,2027-05-15
2027-05-01,wk inc flu hosp,2,04,quantile,0.6,64,2027-05-15
2027-05-01,wk inc flu hosp,2,04,quantile,0.65,66,2027-05-15
2027-05-01,wk inc flu hosp,2,04,quantile,0.7,70,2027-05-15
2027-05-01,wk inc flu hosp,2,04,quantile,0.75,73,2027-05-15
2027-05-01,wk inc flu hosp,2,04,quantile,0.8,78,2027-05-15
2027-05-01,wk inc flu hosp,2,04,quantile,0.85,82,2027-05-15
2027-05-01,wk inc flu hosp,2,04,quantile,0.9,90,2027-05-15
2027-05-01,wk inc flu hosp,2,04,quantile,0.95,100,2027-05-15
2027-05-01,wk inc flu hosp,2,04,quantile,0.975,107,2027-05-15
2027-05-01,wk inc flu hosp,2,04,quantile,0.99,125,2027-05-15
2027-05-01,wk inc flu hosp,2,05,quantile,0.01,1,2027-05-15
2027-05-01,wk inc flu hosp,2,05,quantile,0.025,2,2027-05-15
2027-05-01,wk inc flu hosp,2,05,quantile,0.05,2,2027-05-15
2027-05-01,wk inc flu hosp,2,05,quantile,0.1,4,2027-05-15
2027-05-01,wk inc flu hosp,2,05,quantile,0.15,5,2027-05-15
2027-05-01,wk inc flu hosp,2,05,quantile,0.2,5,2027-05-15
2027-05-01,wk inc flu hosp,2,05,quantile,0.25,6,2027-05-15
2027-05-01,wk inc flu hosp,2,05,quantile,0.3,7,2027-05-15
2027-05-01,wk inc flu hosp,2,05,quantile,0.35,7,2027-05-15
2027-05-01,wk inc flu hosp,2,05,quantile,0.4,8,2027-05-15
2027-05-01,wk inc flu hosp,2,05,quantile,0.45,8,2027-05-15
2027-05-01,wk inc flu hosp,2,05,quantile,0.5,9,2027-05-15
2027-05-01,wk inc flu hosp,2,05,quantile,0.55,9,2027-05-15
2027-05-01,wk inc flu hosp,2,05,quantile,0.6,10,2027-05-15
2027-05-01,wk inc flu hosp,2,05,quantile,0.65,10,2027-05-15
2027-05-01,wk inc flu hosp,2,05,quantile,0.7,11,2027-05-15
2027-05-01,wk inc flu hosp,2,05,quantile,0.75,12,2027-05-15
2027-05-01,wk inc flu hosp,2,05,quantile,0.8,13,2027-05-15
2027-05-01,wk inc flu hosp,2,05,quantile,0.85,13,2027-05-15
2027-05-01,wk inc flu hosp,2,05,quantile,0.9,15,2027-05-15
2027-05-01,wk inc flu hosp,2,05,quantile,0.95,17,2027-05-15
2027-05-01,wk inc flu hosp,2,05,quantile,0.975,19,2027-05-15
2027-05-01,wk inc flu hosp,2,05,quantile,0.99,21,2027-05-15
2027-05-01,wk inc flu hosp,2,06,quantile,0.01,58,2027-05-15
2027-05-01,wk inc flu hosp,2,06,quantile,0.025,63,2027-05-15
2027-05-01,wk inc flu hosp,2,06,quantile,0.05,72,2027-05-15
2027-05-01,wk inc flu hosp,2,06,quantile,0.1,84,2027-05-15
2027-05-01,wk inc flu hosp,2,06,quantile,0.15,85,2027-05-15
2027-05-01,wk inc flu hosp,2,06,quantile,0.2,88,2027-05-15
2027-05-01,wk inc flu hosp,2,06,quantile,0.25,92,2027-05-15
2027-05-01,wk inc flu hosp,2,06,quantile,0.3,99,2027-05-15
2027-05-01,wk inc flu hosp,2,06,quantile,0.35,100,2027-05-15
2027-05-01,wk inc flu hosp,2,06,quantile,0.4,104,2027-05-15
2027-05-01,wk inc flu hosp,2,06,quantile,0.45,109,2027-05-15
2027-05-01,wk inc flu hosp,2,06,quantile,0.5,114,2027-05-15
2027-05-01,wk inc flu hosp,2,06,quantile,0.55,119,2027-05-15
2027-05-01,wk inc flu hosp,2,06,quantile,0.6,124,2027-05-15
2027-05-01,wk inc flu hosp,2,06,quantile,0.65,128,2027-05-15
2027-05-01,wk inc flu hosp,2,06,quantile,0.7,133,2027-05-15
2027-05-01,wk inc flu hosp,2,06,quantile,0.75,135,2027-05-15
2027-05-01,wk inc flu hosp,2,06,quantile,0.8,141,2027-05-15
2027-05-01,wk inc flu hosp,2,06,quantile,0.85,149,2027-05-15
2027-05-01,wk inc flu hosp,2,06,quantile,0.9,162,2027-05-15
2027-05-01,wk inc flu hosp,2,06,quantile,0.95,175,2027-05-15
2027-05-01,wk inc flu hosp,2,06,quantile,0.975,183,2027-05-15
2027-05-01,wk inc flu hosp,2,06,quantile,0.99,197,2027-05-15
2027-05-01,wk inc flu hosp,2,08,quantile,0.01,5,2027-05-15
2027-05-01,wk inc flu hosp,2,08,quantile,0.025,7,2027-05-15
2027-05-01,wk inc flu hosp,2,08,quantile,0.05,7,2027-05-15
2027-05-01,wk inc flu hosp,2,08,quantile,0.1,8,2027-05-15
2027-05-01,wk inc flu hosp,2,08,quantile,0.15,9,2027-05-15
2027-05-01,wk inc flu hosp,2,08,quantile,0.2,9,2027-05-15
2027-05-01,wk inc flu hosp,2,08,quantile,0.25,10,2027-05-15
2027-05-01,wk inc flu hosp,2,08,quantile,0.3,10,2027-05-15
2027-05-01,wk inc flu hosp,2,08,quantile,0.35,11,2027-05-15
2027-05-01,wk inc flu hosp,2,08,quantile,0.4,12,2027-05-15
2027-05-01,wk inc flu hosp,2,08,quantile,0.45,13,2027-05-15
2027-05-01,wk inc flu hosp,2,08,quantile,0.5,13,2027-05-15
2027-05-01,wk inc flu hosp,2,08,quantile,0.55,13,2027-05-15
2027-05-01,wk inc flu hosp,2,08,quantile,0.6,14,2027-05-15
2027-05-01,wk inc flu hosp,2,08,quantile,0.65,15,2027-05-15
2027-05-01,wk inc flu hosp,2,08,quantile,0.7,16,2027-05-15
2027-05-01,wk inc flu hosp,2,08,quantile,0.75,17,2027-05-15
2027-05-01,wk inc flu hosp,2,08,quantile,0.8,18,2027-05-15
2027-05-01,wk inc flu hosp,2,08,quantile,0.85,19,2027-05-15
2027-05-01,wk inc flu hosp,2,08,quantile,0.9,20,2027-05-15
2027-05-01,wk inc flu hosp,2,08,quantile,0.95,23,2027-05-15
2027-05-01,wk inc flu hosp,2,08,quantile,0.975,24,2027-05-15
2027-05-01,wk inc flu hosp,2,08,quantile,0.99,28,2027-05-15
2027-05-01,wk inc flu hosp,2,09,quantile,0.01,1,2027-05-15
2027-05-01,wk inc flu hosp,2,09,quantile,0.025,1,2027-05-15
2027-05-01,wk inc flu hosp,2,09,quantile,0.05,3,2027-05-15
2027-05-01,wk inc flu hosp,2,09,quantile,0.1,4,2027-05-15
2027-05-01,wk inc flu hosp,2,09,quantile,0.15,5,2027-05-15
2027-05-01,wk inc flu hosp,2,09,quantile,0.2,5,2027-05-15
2027-05-01,wk inc flu hosp,2,09,quantile,0.25,5,2027-05-15
2027-05-01,wk inc flu hosp,2,09,quantile,0.3,6,2027-05-15
2027-05-01,wk inc flu hosp,2,09,quantile,0.35,6,2027-05-15
2027-05-01,wk inc flu hosp,2,09,quantile,0.4,7,2027-05-15
2027-05-01,wk inc flu hosp,2,09,quantile,0.45,8,2027-05-15
2027-05-01,wk inc flu hosp,2,09,quantile,0.5,9,2027-05-15
2027-05-01,wk inc flu hosp,2,09,quantile,0.55,10,2027-05-15
2027-05-01,wk inc flu hosp,2,09,quantile,0.6,10,2027-05-15
2027-05-01,wk inc flu hosp,2,09,quantile,0.65,11,2027-05-15
2027-05-01,wk inc flu hosp,2,09,quantile,0.7,12,2027-05-15
2027-05-01,wk inc flu hosp,2,09,quantile,0.75,12,2027-05-15
2027-05-01,wk inc flu hosp,2,09,quantile,0.8,13,2027-05-15
2027-05-01,wk inc flu hosp,2,09,quantile,0.85,14,2027-05-15
2027-05-01,wk inc flu hosp,2,09,quantile,0.9,16,2027-05-15
2027-05-01,wk inc flu hosp,2,09,quantile,0.95,17,2027-05-15
2027-05-01,wk inc flu hosp,2,09,quantile,0.975,20,2027-05-15
2027-05-01,wk inc flu hosp,2,09,quantile,0.99,21,2027-05-15
2027-05-01,wk inc flu hosp,2,10,quantile,0.01,0,2027-05-15
2027-05-01,wk inc flu hosp,2,10,quantile,0.025,0,2027-05-15
2027-05-01,wk inc flu hosp,2,10,quantile,0.05,0,2027-05-15
2027-05-01,wk inc flu hosp,2,10,quantile,0.1,0,2027-05-15
2027-05-01,wk inc flu hosp,2,10,quantile,0.15,0,2027-05-15
2027-05-01,wk inc flu hosp,2,10,quantile,0.2,0,2027-05-15
2027-05-01,wk inc flu hosp,2,10,quantile,0.25,0,2027-05-15
2027-05-01,wk inc flu hosp,2,10,quantile,0.3,0,2027-05-15
2027-05-01,wk inc flu hosp,2,10,quantile,0.35,0,2027-05-15
2027-05-01,wk inc flu hosp,2,10,quantile,0.4,0,2027-05-15
2027-05-01,wk inc flu hosp,2,10,quantile,0.45,0,2027-05-15
2027-05-01,wk inc flu hosp,2,10,quantile,0.5,0,2027-05-15
2027-05-01,wk inc flu hosp,2,10,quantile,0.55,0,2027-05-15
2027-05-01,wk inc flu hosp,2,10,quantile,0.6,0,2027-05-15
2027-05-01,wk inc flu hosp,2,10,quantile,0.65,1,2027-05-15
2027-05-01,wk inc flu hosp,2,10,quantile,0.7,1,2027-05-15
2027-05-01,wk inc flu hosp,2,10,quantile,0.75,1,2027-05-15
2027-05-01,wk inc flu hosp,2,10,quantile,0.8,1,2027-05-15
2027-05-01,wk inc flu hosp,2,10,quantile,0.85,2,2027-05-15
2027-05-01,wk inc flu hosp,2,10,quantile,0.9,3,2027-05-15
2027-05-01,wk inc flu hosp,2,10,quantile,0.95,4,2027-05-15
2027-05-01,wk inc flu hosp,2,10,quantile,0.975,4,2027-05-15
2027-05-01,wk inc flu hosp,2,10,quantile,0.99,4,2027-05-15
2027-05-01,wk inc flu hosp,2,11,quantile,0.01,0,2027-05-15
2027-05-01,wk inc flu hosp,2,11,quantile,0.025,0,2027-05-15
2027-05-01,wk inc flu hosp,2,11,quantile,0.05,0,2027-05-15
2027-05-01,wk inc flu hosp,2,11,quantile,0.1,0,2027-05-15
2027-05-01,wk inc flu hosp,2,11,quantile,0.15,0,2027-05-15
2027-05-01,wk inc flu hosp,2,11,quantile,0.2,0,2027-05-15
2027-05-01,wk inc flu hosp,2,11,quantile,0.25,0,2027-05-15
2027-05-01,wk inc flu hosp,2,11,quantile,0.3,0,2027-05-15
2027-05-01,wk inc flu hosp,2,11,quantile,0.35,1,2027-05-15
2027-05-01,wk inc flu hosp,2,11,quantile,0.4,1,2027-05-15
2027-05-01,wk inc flu hosp,2,11,quantile,0.45,1,2027-05-15
2027-05-01,wk inc flu hosp,2,11,quantile,0.5,1,2027-05-15
2027-05-01,wk inc flu hosp,2,11,quantile,0.55,2,2027-05-15
2027-05-01,wk inc flu hosp,2,11,quantile,0.6,3,2027-05-15
2027-05-01,wk inc flu hosp,2,11,quantile,0.65,4,2027-05-15
2027-05-01,wk inc flu hosp,2,11,quantile,0.7,4,2027-05-15
2027-05-01,wk inc flu hosp,2,11,quantile,0.75,5,2027-05-15
2027-05-01,wk inc flu hosp,2,11,quantile,0.8,5,2027-05-15
2027-05-01,wk inc flu hosp,2,11,quantile,0.85,6,2027-05-15
2027-05-01,wk inc flu hosp,2,11,quantile,0.9,8,2027-05-15
2027-05-01,wk inc flu hosp,2,11,quantile,0.95,9,2027-05-15
2027-05-01,wk inc flu hosp,2,11,quantile,0.975,10,2027-05-15
2027-05-01,wk inc flu hosp,2,11,quantile,0.99,11,2027-05-15
2027-05-01,wk inc flu hosp,2,12,quantile,0.01,53,2027-05-15
2027-05-01,wk inc flu hosp,2,12,quantile,0.025,71,2027-05-15
2027-05-01,wk inc flu hosp,2,12,quantile,0.05,81,2027-05-15
2027-05-01,wk inc flu hosp,2,12,quantile,0.1,91,2027-05-15
2027-05-01,wk inc flu hosp,2,12,quantile,0.15,97,2027-05-15
2027-05-01,wk inc flu hosp,2,12,quantile,0.2,103,2027-05-15
2027-05-01,wk inc flu hosp,2,12,quantile,0.25,109,2027-05-15
2027-05-01,wk inc flu hosp,2,12,quantile,0.3,115,2027-05-15
2027-05-01,wk inc flu hosp,2,12,quantile,0.35,117,2027-05-15
2027-05-01,wk inc flu hosp,2,12,quantile,0.4,121,2027-05-15
2027-05-01,wk inc flu hosp,2,12,quantile,0.45,125,2027-05-15
2027-05-01,wk inc flu hosp,2,12,quantile,0.5,128,2027-05-15
2027-05-01,wk inc flu hosp,2,12,quantile,0.55,130,2027-05-15
2027-05-01,wk inc flu hosp,2,12,quantile,0.6,134,2027-05-15
2027-05-01,wk inc flu hosp,2,12,quantile,0.65,138,2027-05-15
2027-05-01,wk inc flu hosp,2,12,quantile,0.7,141,2027-05-15
2027-05-01,wk inc flu hosp,2,12,quantile,0.75,146,2027-05-15
2027-05-01,wk inc flu hosp,2,12,quantile,0.8,152,2027-05-15
2027-05-01,wk inc flu hosp,2,12,quantile,0.85,154,2027-05-15
2027-05-01,wk inc flu hosp,2,12,quantile,0.9,165,2027-05-15
2027-05-01,wk inc flu hosp,2,12,quantile,0.95,171,2027-05-15
2027-05-01,wk inc flu hosp,2,12,quantile,0.975,186,2027-05-15
2027-05-01,wk inc flu hosp,2,12,quantile,0.99,188,2027-05-15
2027-05-01,wk inc flu hosp,2,13,quantile,0.01,7,2027-05-15
2027-05-01,wk inc flu hosp,2,13,quantile,0.025,8,2027-05-15
2027-05-01,wk inc flu hosp,2,13,quantile,0.05,8,2027-05-15
2027-05-01,wk inc flu hosp,2,13,quantile,0.1,10,2027-05-15
2027-05-01,wk inc flu hosp,2,13,quantile,0.15,11,2027-05-15
2027-05-01,wk inc flu hosp,2,13,quantile,0.2,12,2027-05-15
2027-05-01,wk inc flu hosp,2,13,quantile,0.25,13,2027-05-15
2027-05-01,wk inc flu hosp,2,13,quantile,0.3,14,2027-05-15
2027-05-01,wk inc flu hosp,2,13,quantile,0.35,15,2027-05-15
2027-05-01,wk inc flu hosp,2,13,quantile,0.4,15,2027-05-15
2027-05-01,wk inc flu hosp,2,13,quantile,0.45,16,2027-05-15
2027-05-01,wk inc flu hosp,2,13,quantile,0.5,16,2027-05-15
2027-05-01,wk inc flu hosp,2,13,quantile,0.55,17,2027-05-15
2027-05-01,wk inc flu hosp,2,13,quantile,0.6,17,2027-05-15
2027-05-01,wk inc flu hosp,2,13,quantile,0.65,18,2027-05-15
2027-05-01,wk inc flu hosp,2,13,quantile,0.7,19,2027-05-15
2027-05-01,wk inc flu hosp,2,13,quantile,0.75,21,2027-05-15
2027-05-01,wk inc flu hosp,2,13,quantile,0.8,22,2027-05-15
2027-05-01,wk inc flu hosp,2,13,quantile,0.85,24,2027-05-15
2027-05-01,wk inc flu hosp,2,13,quantile,0.9,25,2027-05-15
2027-05-01,wk inc flu hosp,2,13,quantile,0.95,29,2027-05-15
2027-05-01,wk inc flu hosp,2,13,quantile,0.975,31,2027-05-15
2027-05-01,wk inc flu hosp,2,13,quantile,0.99,32,2027-05-15
2027-05-01,wk inc flu hosp,2,15,quantile,0.01,2,2027-05-15
2027-05-01,wk inc flu hosp,2,15,quantile,0.025,3,2027-05-15
2027-05-01,wk inc flu hosp,2,15,quantile,0.05,4,2027-05-15
2027-05-01,wk inc flu hosp,2,15,quantile,0.1,6,2027-05-15
2027-05-01,wk inc flu hosp,2,15,quantile,0.15,7,2027-05-15
2027-05-01,wk inc flu hosp,2,15,quantile,0.2,9,2027-05-15
2027-05-01,wk inc flu hosp,2,15,quantile,0.25,10,2027-05-15
2027-05-01,wk inc flu hosp,2,15,quantile,0.3,10,2027-05-15
2027-05-01,wk inc flu hosp,2,15,quantile,0.35,11,2027-05-15
2027-05-01,wk inc flu hosp,2,15,quantile,0.4,11,2027-05-15
2027-05-01,wk inc flu hosp,2,15,quantile,0.45,13,2027-05-15
2027-05-01,wk inc flu hosp,2,15,quantile,0.5,13,2027-05-15
2027-05-01,wk inc flu hosp,2,15,quantile,0.55,14,2027-05-15
2027-05-01,wk inc flu hosp,2,15,quantile,0.6,15,2027-05-15
2027-05-01,wk inc flu hosp,2,15,quantile,0.65,16,2027-05-15
2027-05-01,wk inc flu hosp,2,15,quantile,0.7,17,2027-05-15
2027-05-01,wk inc flu hosp,2,15,quantile,0.75,18,2027-05-15
2027-05-01,wk inc flu hosp,2,15,quantile,0.8,19,2027-05-15
2027-05-01,wk inc flu hosp,2,15,quantile,0.85,21,2027-05-15
2027-05-01,wk inc flu hosp,2,15,quantile,0.9,23,2027-05-15
2027-05-01,wk inc flu hosp,2,15,quantile,0.95,24,2027-05-15
2027-05-01,wk inc flu hosp,2,15,quantile,0.975,30,2027-05-15
2027-05-01,wk inc flu hosp,2,15,quantile,0.99,31,2027-05-15
2027-05-01,wk inc flu hosp,2,16,quantile,0.01,0,2027-05-15
2027-05-01,wk inc flu hosp,2,16,quantile,0.025,0,2027-05-15
2027-05-01,wk inc flu hosp,2,16,quantile,0.05,0,2027-05-15
2027-05-01,wk inc flu hosp,2,16,quantile,0.1,0,2027-05-15
2027-05-01,wk inc flu hosp,2,16,quantile,0.15,0,2027-05-15
2027-05-01,wk inc flu hosp,2,16,quantile,0.2,0,2027-05-15
2027-05-01,wk inc flu hosp,2,16,quantile,0.25,0,2027-05-15
2027-05-01,wk inc flu hosp,2,16,quantile,0.3,1,2027-05-15
2027-05-01,wk inc flu hosp,2,16,quantile,0.35,1,2027-05-15
2027-05-01,wk inc flu hosp,2,16,quantile,0.4,1,2027-05-15
2027-05-01,wk inc flu hosp,2,16,quantile,0.45,1,2027-05-15
2027-05-01,wk inc flu hosp,2,16,quantile,0.5,1,2027-05-15
2027-05-01,wk inc flu hosp,2,16,quantile,0.55,2,2027-05-15
2027-05-01,wk inc flu hosp,2,16,quantile,0.6,2,2027-05-15
2027-05-01,wk inc flu hosp,2,16,quantile,0.65,2,2027-05-15
2027-05-01,wk inc flu hosp,2,16,quantile,0.7,3,2027-05-15
2027-05-01,wk inc flu hosp,2,16,quantile,0.75,3,2027-05-15
2027-05-01,wk inc flu hosp,2,16,quantile,0.8,4,2027-05-15
2027-05-01,wk inc flu hosp,2,16,quantile,0.85,4,2027-05-15
2027-05-01,wk inc flu hosp,2,16,quantile,0.9,5,2027-05-15
2027-05-01,wk inc flu hosp,2,16,quantile,0.95,7,2027-05-15
2027-05-01,wk inc flu hosp,2,16,quantile,0.975,8,2027-05-15
2027-05-01,wk inc flu hosp,2,16,quantile,0.99,12,2027-05-15
2027-05-01,wk inc flu hosp,2,17,quantile,0.01,12,2027-05-15
2027-05-01,wk inc flu hosp,2,17,quantile,0.025,13,2027-05-15
2027-05-01,wk inc flu hosp,2,17,quantile,0.05,15,2027-05-15
2027-05-01,wk inc flu hosp,2,17,quantile,0.1,16,2027-05-15
2027-05-01,wk inc flu hosp,2,17,quantile,0.15,18,2027-05-15
2027-05-01,wk inc flu hosp,2,17,quantile,0.2,19,2027-05-15
2027-05-01,wk inc flu hosp,2,17,quantile,0.25,19,2027-05-15
2027-05-01,wk inc flu hosp,2,17,quantile,0.3,20,2027-05-15
2027-05-01,wk inc flu hosp,2,17,quantile,0.35,21,2027-05-15
2027-05-01,wk inc flu hosp,2,17,quantile,0.4,22,2027-05-15
2027-05-01,wk inc flu hosp,2,17,quantile,0.45,23,2027-05-15
2027-05-01,wk inc flu hosp,2,17,quantile,0.5,25,2027-05-15
2027-05-01,wk inc flu hosp,2,17,quantile,0.55,25,2027-05-15
2027-05-01,wk inc flu hosp,2,17,quantile,0.6,25,2027-05-15
2027-05-01,wk inc flu hosp,2,17,quantile,0.65,26,2027-05-15
2027-05-01,wk inc flu hosp,2,17,quantile,0.7,27,2027-05-15
2027-05-01,wk inc flu hosp,2,17,quantile,0.75,28,2027-05-15
2027-05-01,wk inc flu hosp,2,17,quantile,0.8,29,2027-05-15
2027-05-01,wk inc flu hosp,2,17,quantile,0.85,30,2027-05-15
2027-05-01,wk inc flu hosp,2,17,quantile,0.9,32,2027-05-15
2027-05-01,wk inc flu hosp,2,17,quantile,0.95,35,2027-05-15
2027-05-01,wk inc flu hosp,2,17,quantile,0.975,37,2027-05-15
2027-05-01,wk inc flu hosp,2,17,quantile,0.99,40,2027-05-15
2027-05-01,wk inc flu hosp,2,18,quantile,0.01,1,2027-05-15
2027-05-01,wk inc flu hosp,2,18,quantile,0.025,1,2027-05-15
2027-05-01,wk inc flu hosp,2,18,quantile,0.05,2,2027-05-15
2027-05-01,wk inc flu hosp,2,18,quantile,0.1,4,2027-05-15
2027-05-01,wk inc flu hosp,2,18,quantile,0.15,5,2027-05-15
2027-05-01,wk inc flu hosp,2,18,quantile,0.2,6,2027-05-15
2027-05-01,wk inc flu hosp,2,18,quantile,0.25,6,2027-05-15
2027-05-01,wk inc flu hosp,2,18,quantile,0.3,7,2027-05-15
2027-05-01,wk inc flu hosp,2,18,quantile,0.35,7,2027-05-15
2027-05-01,wk inc flu hosp,2,18,quantile,0.4,8,2027-05-15
2027-05-01,wk inc flu hosp,2,18,quantile,0.45,8,2027-05-15
2027-05-01,wk inc flu hosp,2,18,quantile,0.5,8,2027-05-15
2027-05-01,wk inc flu hosp,2,18,quantile,0.55,9,2027-05-15
2027-05-01,wk inc flu hosp,2,18,quantile,0.6,10,2027-05-15
2027-05-01,wk inc flu hosp,2,18,quantile,0.65,10,2027-05-15
2027-05-01,wk inc flu hosp,2,18,quantile,0.7,11,2027-05-15
2027-05-01,wk inc flu hosp,2,18,quantile,0.75,11,2027-05-15
2027-05-01,wk inc flu hosp,2,18,quantile,0.8,12,2027-05-15
2027-05-01,wk inc flu hosp,2,18,quantile,0.85,13,2027-05-15
2027-05-01,wk inc flu hosp,2,18,quantile,0.9,14,2027-05-15
2027-05-01,wk inc flu hosp,2,18,quantile,0.95,16,2027-05-15
2027-05-01,wk inc flu hosp,2,18,quantile,0.975,18,2027-05-15
2027-05-01,wk inc flu hosp,2,18,quantile,0.99,20,2027-05-15
2027-05-01,wk inc flu hosp,2,19,quantile,0.01,0,2027-05-15
2027-05-01,wk inc flu hosp,2,19,quantile,0.025,0,2027-05-15
2027-05-01,wk inc flu hosp,2,19,quantile,0.05,0,2027-05-15
2027-05-01,wk inc flu hosp,2,19,quantile,0.1,0,2027-05-15
2027-05-01,wk inc flu hosp,2,19,quantile,0.15,0,2027-05-15
2027-05-01,wk inc flu hosp,2,19,quantile,0.2,0,2027-05-15
2027-05-01,wk inc flu hosp,2,19,quantile,0.25,0,2027-05-15
2027-05-01,wk inc flu hosp,2,19,quantile,0.3,0,2027-05-15
2027-05-01,wk inc flu hosp,2,19,quantile,0.35,0,2027-05-15
2027-05-01,wk inc flu hosp,2,19,quantile,0.4,0,2027-05-15
2027-05-01,wk inc flu hosp,2,19,quantile,0.45,1,2027-05-15
2027-05-01,wk inc flu hosp,2,19,quantile,0.5,1,2027-05-15
2027-05-01,wk inc flu hosp,2,19,quantile,0.55,1,2027-05-15
2027-05-01,wk inc flu hosp,2,19,quantile,0.6,1,2027-05-15
2027-05-01,wk inc flu hosp,2,19,quantile,0.65,2,2027-05-15
2027-05-01,wk inc flu hosp,2,19,quantile,0.7,2,2027-05-15
2027-05-01,wk inc flu hosp,2,19,quantile,0.75,2,2027-05-15
2027-05-01,wk inc flu hosp,2,19,quantile,0.8,3,2027-05-15
2027-05-01,wk inc flu hosp,2,19,quantile,0.85,3,2027-05-15
2027-05-01,wk inc flu hosp,2,19,quantile,0.9,4,2027-05-15
2027-05-01,wk inc flu hosp,2,19,quantile,0.95,5,2027-05-15
2027-05-01,wk inc flu hosp,2,19,quantile,0.975,6,2027-05-15
2027-05-01,wk inc flu hosp,2,19,quantile,0.99,7,2027-05-15
2027-05-01,wk inc flu hosp,2,20,quantile,0.01,0,2027-05-15
2027-05-01,wk inc flu hosp,2,20,quantile,0.025,0,2027-05-15
2027-05-01,wk inc flu hosp,2,20,quantile,0.05,0,2027-05-15
2027-05-01,wk inc flu hosp,2,20,quantile,0.1,0,2027-05-15
2027-05-01,wk inc flu hosp,2,20,quantile,0.15,1,2027-05-15
2027-05-01,wk inc flu hosp,2,20,quantile,0.2,1,2027-05-15
2027-05-01,wk inc flu hosp,2,20,quantile,0.25,1,2027-05-15
2027-05-01,wk inc flu hosp,2,20,quantile,0.3,2,2027-05-15
2027-05-01,wk inc flu hosp,2,20,quantile,0.35,2,2027-05-15
2027-05-01,wk inc flu hosp,2,20,quantile,0.4,2,2027-05-15
2027-05-01,wk inc flu hosp,2,20,quantile,0.45,3,2027-05-15
2027-05-01,wk inc flu hosp,2,20,quantile,0.5,3,2027-05-15
2027-05-01,wk inc flu hosp,2,20,quantile,0.55,4,2027-05-15
2027-05-01,wk inc flu hosp,2,20,quantile,0.6,4,2027-05-15
2027-05-01,wk inc flu hosp,2,20,quantile,0.65,4,2027-05-15
2027-05-01,wk inc flu hosp,2,20,quantile,0.7,5,2027-05-15
2027-05-01,wk inc flu hosp,2,20,quantile,0.75,6,2027-05-15
2027-05-01,wk inc flu hosp,2,20,quantile,0.8,6,2027-05-15
2027-05-01,wk inc flu hosp,2,20,quantile,0.85,7,2027-05-15
2027-05-01,wk inc flu hosp,2,20,quantile,0.9,8,2027-05-15
2027-05-01,wk inc flu hosp,2,20,quantile,0.95,10,2027-05-15
2027-05-01,wk inc flu hosp,2,20,quantile,0.975,11,2027-05-15
2027-05-01,wk inc flu hosp,2,20,quantile,0.99,12,2027-05-15
2027-05-01,wk inc flu hosp,2,21,quantile,0.01,1,2027-05-15
2027-05-01,wk inc flu hosp,2,21,quantile,0.025,1,2027-05-15
2027-05-01,wk inc flu hosp,2,21,quantile,0.05,2,2027-05-15
2027-05-01,wk inc flu hosp,2,21,quantile,0.1,3,2027-05-15
2027-05-01,wk inc flu hosp,2,21,quantile,0.15,3,2027-05-15
2027-05-01,wk inc flu hosp,2,21,quantile,0.2,4,2027-05-15
2027-05-01,wk inc flu hosp,2,21,quantile,0.25,5,2027-05-15
2027-05-01,wk inc flu hosp,2,21,quantile,0.3,5,2027-05-15
2027-05-01,wk inc flu hosp,2,21,quantile,0.35,6,2027-05-15
2027-05-01,wk inc flu hosp,2,21,quantile,0.4,6,2027-05-15
2027-05-01,wk inc flu hosp,2,21,quantile,0.45,7,2027-05-15
2027-05-01,wk inc flu hosp,2,21,quantile,0.5,8,2027-05-15
2027-05-01,wk inc flu hosp,2,21,quantile,0.55,8,2027-05-15
2027-05-01,wk inc flu hosp,2,21,quantile,0.6,9,2027-05-15
2027-05-01,wk inc flu hosp,2,21,quantile,0.65,9,2027-05-15
2027-05-01,wk inc flu hosp,2,21,quantile,0.7,9,2027-05-15
2027-05-01,wk inc flu hosp,2,21,quantile,0.75,10,2027-05-15
2027-05-01,wk inc flu hosp,2,21,quantile,0.8,10,2027-05-15
2027-05-01,wk inc flu hosp,2,21,quantile,0.85,11,2027-05-15
2027-05-01,wk inc flu hosp,2,21,quantile,0.9,13,2027-05-15
2027-05-01,wk inc flu hosp,2,21,quantile,0.95,14,2027-05-15
2027-05-01,wk inc flu hosp,2,21,quantile,0.975,15,2027-05-15
2027-05-01,wk inc flu hosp,2,21,quantile,0.99,16,2027-05-15
2027-05-01,wk inc flu hosp,2,22,quantile,0.01,7,2027-05-15
2027-05-01,wk inc flu hosp,2,22,quantile,0.025,8,2027-05-15
2027-05-01,wk inc flu hosp,2,22,quantile,0.05,10,2027-05-15
2027-05-01,wk inc flu hosp,2,22,quantile,0.1,11,2027-05-15
2027-05-01,wk inc flu hosp,2,22,quantile,0.15,13,2027-05-15
2027-05-01,wk inc flu hosp,2,22,quantile,0.2,13,2027-05-15
2027-05-01,wk inc flu hosp,2,22,quantile,0.25,15,2027-05-15
2027-05-01,wk inc flu hosp,2,22,quantile,0.3,15,2027-05-15
2027-05-01,wk inc flu hosp,2,22,quantile,0.35,16,2027-05-15
2027-05-01,wk inc flu hosp,2,22,quantile,0.4,17,2027-05-15
2027-05-01,wk inc flu hosp,2,22,quantile,0.45,18,2027-05-15
2027-05-01,wk inc flu hosp,2,22,quantile,0.5,18,2027-05-15
2027-05-01,wk inc flu hosp,2,22,quantile,0.55,19,2027-05-15
2027-05-01,wk inc flu hosp,2,22,quantile,0.6,19,2027-05-15
2027-05-01,wk inc flu hosp,2,22,quantile,0.65,20,2027-05-15
2027-05-01,wk inc flu hosp,2,22,quantile,0.7,21,2027-05-15
2027-05-01,wk inc flu hosp,2,22,quantile,0.75,24,2027-05-15
2027-05-01,wk inc flu hosp,2,22,quantile,0.8,25,2027-05-15
2027-05-01,wk inc flu hosp,2,22,quantile,0.85,26,2027-05-15
2027-05-01,wk inc flu hosp,2,22,quantile,0.9,28,2027-05-15
2027-05-01,wk inc flu hosp,2,22,quantile,0.95,31,2027-05-15
2027-05-01,wk inc flu hosp,2,22,quantile,0.975,33,2027-05-15
2027-05-01,wk inc flu hosp,2,22,quantile,0.99,35,2027-05-15
2027-05-01,wk inc flu hosp,2,23,quantile,0.01,0,2027-05-15
2027-05-01,wk inc flu hosp,2,23,quantile,0.025,0,2027-05-15
2027-05-01,wk inc flu hosp,2,23,quantile,0.05,0,2027-05-15
2027-05-01,wk inc flu hosp,2,23,quantile,0.1,0,2027-05-15
2027-05-01,wk inc flu hosp,2,23,quantile,0.15,0,2027-05-15
2027-05-01,wk inc flu hosp,2,23,quantile,0.2,0,2027-05-15
2027-05-01,wk inc flu hosp,2,23,quantile,0.25,0,2027-05-15
2027-05-01,wk inc flu hosp,2,23,quantile,0.3,0,2027-05-15
2027-05-01,wk inc flu hosp,2,23,quantile,0.35,0,2027-05-15
2027-05-01,wk inc flu hosp,2,23,quantile,0.4,0,2027-05-15
2027-05-01,wk inc flu hosp,2,23,quantile,0.45,0,2027-05-15
2027-05-01,wk inc flu hosp,2,23,quantile,0.5,0,2027-05-15
2027-05-01,wk inc flu hosp,2,23,quantile,0.55,0,2027-05-15
2027-05-01,wk inc flu hosp,2,23,quantile,0.6,1,2027-05-15
2027-05-01,wk inc flu hosp,2,23,quantile,0.65,1,2027-05-15
2027-05-01,wk inc flu hosp,2,23,quantile,0.7,1,2027-05-15
2027-05-01,wk inc flu hosp,2,23,quantile,0.75,1,2027-05-15
2027-05-01,wk inc flu hosp,2,23,quantile,0.8,1,2027-05-15
2027-05-01,wk inc flu hosp,2,23,quantile,0.85,2,2027-05-15
2027-05-01,wk inc flu hosp,2,23,quantile,0.9,3,2027-05-15
2027-05-01,wk inc flu hosp,2,23,quantile,0.95,4,2027-05-15
2027-05-01,wk inc flu hosp,2,23,quantile,0.975,6,2027-05-15
2027-05-01,wk inc flu hosp,2,23,quantile,0.99,6,2027-05-15
2027-05-01,wk inc flu hosp,2,24,quantile,0.01,2,2027-05-15
2027-05-01,wk inc flu hosp,2,24,quantile,0.025,3,2027-05-15
2027-05-01,wk inc flu hosp,2,24,quantile,0.05,4,2027-05-15
2027-05-01,wk inc flu hosp,2,24,quantile,0.1,5,2027-05-15
2027-05-01,wk inc flu hosp,2,24,quantile,0.15,6,2027-05-15
2027-05-01,wk inc flu hosp,2,24,quantile,0.2,7,2027-05-15
2027-05-01,wk inc flu hosp,2,24,quantile,0.25,8,2027-05-15
2027-05-01,wk inc flu hosp,2,24,quantile,0.3,9,2027-05-15
2027-05-01,wk inc flu hosp,2,24,quantile,0.35,9,2027-05-15
2027-05-01,wk inc flu hosp,2,24,quantile,0.4,10,2027-05-15
2027-05-01,wk inc flu hosp,2,24,quantile,0.45,11,2027-05-15
2027-05-01,wk inc flu hosp,2,24,quantile,0.5,11,2027-05-15
2027-05-01,wk inc flu hosp,2,24,quantile,0.55,12,2027-05-15
2027-05-01,wk inc flu hosp,2,24,quantile,0.6,13,2027-05-15
2027-05-01,wk inc flu hosp,2,24,quantile,0.65,13,2027-05-15
2027-05-01,wk inc flu hosp,2,24,quantile,0.7,14,2027-05-15
2027-05-01,wk inc flu hosp,2,24,quantile,0.75,15,2027-05-15
2027-05-01,wk inc flu hosp,2,24,quantile,0.8,16,2027-05-15
2027-05-01,wk inc flu hosp,2,24,quantile,0.85,17,2027-05-15
2027-05-01,wk inc flu hosp,2,24,quantile,0.9,18,2027-05-15
2027-05-01,wk inc flu hosp,2,24,quantile,0.95,21,2027-05-15
2027-05-01,wk inc flu hosp,2,24,quantile,0.975,24,2027-05-15
2027-05-01,wk inc flu hosp,2,24,quantile,0.99,28,2027-05-15
2027-05-01,wk inc flu hosp,2,25,quantile,0.01,1,2027-05-15
2027-05-01,wk inc flu hosp,2,25,quantile,0.025,4,2027-05-15
2027-05-01,wk inc flu hosp,2,25,quantile,0.05,4,2027-05-15
2027-05-01,wk inc flu hosp,2,25,quantile,0.1,6,2027-05-15
2027-05-01,wk inc flu hosp,2,25,quantile,0.15,7,2027-05-15
2027-05-01,wk inc flu hosp,2,25,quantile,0.2,7,2027-05-15
2027-05-01,wk inc flu hosp,2,25,quantile,0.25,8,2027-05-15
2027-05-01,wk inc flu hosp,2,25,quantile,0.3,9,2027-05-15
2027-05-01,wk inc flu hosp,2,25,quantile,0.35,9,2027-05-15
2027-05-01,wk inc flu hosp,2,25,quantile,0.4,9,2027-05-15
2027-05-01,wk inc flu hosp,2,25,quantile,0.45,10,2027-05-15
2027-05-01,wk inc flu hosp,2,25,quantile,0.5,10,2027-05-15
2027-05-01,wk inc flu hosp,2,25,quantile,0.55,11,2027-05-15
2027-05-01,wk inc flu hosp,2,25,quantile,0.6,12,2027-05-15
2027-05-01,wk inc flu hosp,2,25,quantile,0.65,13,2027-05-15
2027-05-01,wk inc flu hosp,2,25,quantile,0.7,13,2027-05-15
2027-05-01,wk inc flu hosp,2,25,quantile,0.75,14,2027-05-15
2027-05-01,wk inc flu hosp,2,25,quantile,0.8,15,2027-05-15
2027-05-01,wk inc flu hosp,2,25,quantile,0.85,16,2027-05-15
2027-05-01,wk inc flu hosp,2,25,quantile,0.9,18,2027-05-15
2027-05-01,wk inc flu hosp,2,25,quantile,0.95,20,2027-05-15
2027-05-01,wk inc flu hosp,2,25,quantile,0.975,20,2027-05-15
2027-05-01,wk inc flu hosp,2,25,quantile,0.99,24,2027-05-15
2027-05-01,wk inc flu hosp,2,26,quantile,0.01,15,2027-05-15
2027-05-01,wk inc flu hosp,2,26,quantile,0.025,15,2027-05-15
2027-05-01,wk inc flu hosp,2,26,quantile,0.05,17,2027-05-15
2027-05-01,wk inc flu hosp,2,26,quantile,0.1,19,2027-05-15
2027-05-01,wk inc flu hosp,2,26,quantile,0.15,21,2027-05-15
2027-05-01,wk inc flu hosp,2,26,quantile,0.2,22,2027-05-15
2027-05-01,wk inc flu hosp,2,26,quantile,0.25,22,2027-05-15
2027-05-01,wk inc flu hosp,2,26,quantile,0.3,23,2027-05-15
2027-05-01,wk inc flu hosp,2,26,quantile,0.35,24,2027-05-15
2027-05-01,wk inc flu hosp,2,26,quantile,0.4,25,2027-05-15
2027-05-01,wk inc flu hosp,2,26,quantile,0.45,25,2027-05-15
2027-05-01,wk inc flu hosp,2,26,quantile,0.5,26,2027-05-15
2027-05-01,wk inc flu hosp,2,26,quantile,0.55,27,2027-05-15
2027-05-01,wk inc flu hosp,2,26,quantile,0.6,28,2027-05-15
2027-05-01,wk inc flu hosp,2,26,quantile,0.65,29,2027-05-15
2027-05-01,wk inc flu hosp,2,26,quantile,0.7,31,2027-05-15
2027-05-01,wk inc flu hosp,2,26,quantile,0.75,31,2027-05-15
2027-05-01,wk inc flu hosp,2,26,quantile,0.8,34,2027-05-15
2027-05-01,wk inc flu hosp,2,26,quantile,0.85,35,2027-05-15
2027-05-01,wk inc flu hosp,2,26,quantile,0.9,38,2027-05-15
2027-05-01,wk inc flu hosp,2,26,quantile,0.95,40,2027-05-15
2027-05-01,wk inc flu hosp,2,26,quantile,0.975,43,2027-05-15
2027-05-01,wk inc flu hosp,2,26,quantile,0.99,48,2027-05-15
2027-05-01,wk inc flu hosp,2,27,quantile,0.01,0,2027-05-15
2027-05-01,wk inc flu hosp,2,27,quantile,0.025,0,2027-05-15
2027-05-01,wk inc flu hosp,2,27,quantile,0.05,0,2027-05-15
2027-05-01,wk inc flu hosp,2,27,quantile,0.1,1,2027-05-15
2027-05-01,wk inc flu hosp,2,27,quantile,0.15,2,2027-05-15
2027-05-01,wk inc flu hosp,2,27,quantile,0.2,2,2027-05-15
2027-05-01,wk inc flu hosp,2,27,quantile,0.25,2,2027-05-15
2027-05-01,wk inc flu hosp,2,27,quantile,0.3,3,2027-05-15
2027-05-01,wk inc flu hosp,2,27,quantile,0.35,3,2027-05-15
2027-05-01,wk inc flu hosp,2,27,quantile,0.4,4,2027-05-15
2027-05-01,wk inc flu hosp,2,27,quantile,0.45,4,2027-05-15
2027-05-01,wk inc flu hosp,2,27,quantile,0.5,5,2027-05-15
2027-05-01,wk inc flu hosp,2,27,quantile,0.55,5,2027-05-15
2027-05-01,wk inc flu hosp,2,27,quantile,0.6,6,2027-05-15
2027-05-01,wk inc flu hosp,2,27,quantile,0.65,7,2027-05-15
2027-05-01,wk inc flu hosp,2,27,quantile,0.7,8,2027-05-15
2027-05-01,wk inc flu hosp,2,27,quantile,0.75,8,2027-05-15
2027-05-01,wk inc flu hosp,2,27,quantile,0.8,9,2027-05-15
2027-05-01,wk inc flu hosp,2,27,quantile,0.85,10,2027-05-15
2027-05-01,wk inc flu hosp,2,27,quantile,0.9,11,2027-05-15
2027-05-01,wk inc flu hosp,2,27,quantile,0.95,14,2027-05-15
2027-05-01,wk inc flu hosp,2,27,quantile,0.975,15,2027-05-15
2027-05-01,wk inc flu hosp,2,27,quantile,0.99,17,2027-05-15
2027-05-01,wk inc flu hosp,2,28,quantile,0.01,1,2027-05-15
2027-05-01,wk inc flu hosp,2,28,quantile,0.025,2,2027-05-15
2027-05-01,wk inc flu hosp,2,28,quantile,0.05,4,2027-05-15
2027-05-01,wk inc flu hosp,2,28,quantile,0.1,5,2027-05-15
2027-05-01,wk inc flu hosp,2,28,quantile,0.15,7,2027-05-15
2027-05-01,wk inc flu hosp,2,28,quantile,0.2,7,2027-05-15
2027-05-01,wk inc flu hosp,2,28,quantile,0.25,8,2027-05-15
2027-05-01,wk inc flu hosp,2,28,quantile,0.3,9,2027-05-15
2027-05-01,wk inc flu hosp,2,28,quantile,0.35,9,2027-05-15
2027-05-01,wk inc flu hosp,2,28,quantile,0.4,10,2027-05-15
2027-05-01,wk inc flu hosp,2,28,quantile,0.45,10,2027-05-15
2027-05-01,wk inc flu hosp,2,28,quantile,0.5,11,2027-05-15
2027-05-01,wk inc flu hosp,2,28,quantile,0.55,12,2027-05-15
2027-05-01,wk inc flu hosp,2,28,quantile,0.6,13,2027-05-15
2027-05-01,wk inc flu hosp,2,28,quantile,0.65,13,2027-05-15
2027-05-01,wk inc flu hosp,2,28,quantile,0.7,14,2027-05-15
2027-05-01,wk inc flu hosp,2,28,quantile,0.75,15,2027-05-15
2027-05-01,wk inc flu hosp,2,28,quantile,0.8,16,2027-05-15
2027-05-01,wk inc flu hosp,2,28,quantile,0.85,17,2027-05-15
2027-05-01,wk inc flu hosp,2,28,quantile,0.9,18,2027-05-15
2027-05-01,wk inc flu hosp,2,28,quantile,0.95,21,2027-05-15
2027-05-01,wk inc flu hosp,2,28,quantile,0.975,23,2027-05-15
2027-05-01,wk inc flu hosp,2,28,quantile,0.99,23,2027-05-15
2027-05-01,wk inc flu hosp,2,29,quantile,0.01,6,2027-05-15
2027-05-01,wk inc flu hosp,2,29,quantile,0.025,6,2027-05-15
2027-05-01,wk inc flu hosp,2,29,quantile,0.05,7,2027-05-15
2027-05-01,wk inc flu hosp,2,29,quantile,0.1,9,2027-05-15
2027-05-01,wk inc flu hosp,2,29,quantile,0.15,10,2027-05-15
2027-05-01,wk inc flu hosp,2,29,quantile,0.2,11,2027-05-15
2027-05-01,wk inc flu hosp,2,29,quantile,0.25,11,2027-05-15
2027-05-01,wk inc flu hosp,2,29,quantile,0.3,12,2027-05-15
2027-05-01,wk inc flu hosp,2,29,quantile,0.35,13,2027-05-15
2027-05-01,wk inc flu hosp,2,29,quantile,0.4,13,2027-05-15
2027-05-01,wk inc flu hosp,2,29,quantile,0.45,14,2027-05-15
2027-05-01,wk inc flu hosp,2,29,quantile,0.5,14,2027-05-15
2027-05-01,wk inc flu hosp,2,29,quantile,0.55,15,2027-05-15
2027-05-01,wk inc flu hosp,2,29,quantile,0.6,16,2027-05-15
2027-05-01,wk inc flu hosp,2,29,quantile,0.65,17,2027-05-15
2027-05-01,wk inc flu hosp,2,29,quantile,0.7,17,2027-05-15
2027-05-01,wk inc flu hosp,2,29,quantile,0.75,18,2027-05-15
2027-05-01,wk inc flu hosp,2,29,quantile,0.8,19,2027-05-15
2027-05-01,wk inc flu hosp,2,29,quantile,0.85,20,2027-05-15
2027-05-01,wk inc flu hosp,2,29,quantile,0.9,23,2027-05-15
2027-05-01,wk inc flu hosp,2,29,quantile,0.95,25,2027-05-15
2027-05-01,wk inc flu hosp,2,29,quantile,0.975,27,2027-05-15
2027-05-01,wk inc flu hosp,2,29,quantile,0.99,28,2027-05-15
2027-05-01,wk inc flu hosp,2,30,quantile,0.01,0,2027-05-15
2027-05-01,wk inc flu hosp,2,30,quantile,0.025,0,2027-05-15
2027-05-01,wk inc flu hosp,2,30,quantile,0.05,0,2027-05-15
2027-05-01,wk inc flu hosp,2,30,quantile,0.1,0,2027-05-15
2027-05-01,wk inc flu hosp,2,30,quantile,0.15,0,2027-05-15
2027-05-01,wk inc flu hosp,2,30,quantile,0.2,0,2027-05-15
2027-05-01,wk inc flu hosp,2,30,quantile,0.25,0,2027-05-15
2027-05-01,wk inc flu hosp,2,30,quantile,0.3,0,2027-05-15
2027-05-01,wk inc flu hosp,2,30,quantile,0.35,0,2027-05-15
2027-05-01,wk inc flu hosp,2,30,quantile,0.4,0,2027-05-15
2027-05-01,wk inc flu hosp,2,30,quantile,0.45,0,2027-05-15
2027-05-01,wk inc flu hosp,2,30,quantile,0.5,0,2027-05-15
2027-05-01,wk inc flu hosp,2,30,quantile,0.55,0,2027-05-15
2027-05-01,wk inc flu hosp,2,30,quantile,0.6,0,2027-05-15
2027-05-01,wk inc flu hosp,2,30,quantile,0.65,1,2027-05-15
2027-05-01,wk inc flu hosp,2,30,quantile,0.7,1,2027-05-15
2027-05-01,wk inc flu hosp,2,30,quantile,0.75,2,2027-05-15
2027-05-01,wk inc flu hosp,2,30,quantile,0.8,2,2027-05-15
2027-05-01,wk inc flu hosp,2,30,quantile,0.85,3,2027-05-15
2027-05-01,wk inc flu hosp,2,30,quantile,0.9,4,2027-05-15
2027-05-01,wk inc flu hosp,2,30,quantile,0.95,5,2027-05-15
2027-05-01,wk inc flu hosp,2,30,quantile,0.975,6,2027-05-15
2027-05-01,wk inc flu hosp,2,30,quantile,0.99,7,2027-05-15
2027-05-01,wk inc flu hosp,2,31,quantile,0.01,0,2027-05-15
2027-05-01,wk inc flu hosp,2,31,quantile,0.025,0,2027-05-15
2027-05-01,wk inc flu hosp,2,31,quantile,0.05,0,2027-05-15
2027-05-01,wk inc flu hosp,2,31,quantile,0.1,0,2027-05-15
2027-05-01,wk inc flu hosp,2,31,quantile,0.15,0,2027-05-15
2027-05-01,wk inc flu hosp,2,31,quantile,0.2,0,2027-05-15
2027-05-01,wk inc flu hosp,2,31,quantile,0.25,0,2027-05-15
2027-05-01,wk inc flu hosp,2,31,quantile,0.3,0,2027-05-15
2027-05-01,wk inc flu hosp,2,31,quantile,0.35,0,2027-05-15
2027-05-01,wk inc flu hosp,2,31,quantile,0.4,0,2027-05-15
2027-05-01,wk inc flu hosp,2,31,quantile,0.45,0,2027-05-15
2027-05-01,wk inc flu hosp,2,31,quantile,0.5,0,2027-05-15
2027-05-01,wk inc flu hosp,2,31,quantile,0.55,0,2027-05-15
2027-05-01,wk inc flu hosp,2,31,quantile,0.6,0,2027-05-15
2027-05-01,wk inc flu hosp,2,31,quantile,0.65,0,2027-05-15
2027-05-01,wk inc flu hosp,2,31,quantile,0.7,1,2027-05-15
2027-05-01,wk inc flu hosp,2,31,quantile,0.75,1,2027-05-15
2027-05-01,wk inc flu hosp,2,31,quantile,0.8,1,2027-05-15
2027-05-01,wk inc flu hosp,2,31,quantile,0.85,1,2027-05-15
2027-05-01,wk inc flu hosp,2,31,quantile,0.9,2,2027-05-15
2027-05-01,wk inc flu hosp,2,31,quantile,0.95,3,2027-05-15
2027-05-01,wk inc flu hosp,2,31,quantile,0.975,4,2027-05-15
2027-05-01,wk inc flu hosp,2,31,quantile,0.99,4,2027-05-15
2027-05-01,wk inc flu hosp,2,32,quantile,0.01,7,2027-05-15
2027-05-01,wk inc flu hosp,2,32,quantile,0.025,7,2027-05-15
2027-05-01,wk inc flu hosp,2,32,quantile,0.05,8,2027-05-15
2027-05-01,wk inc flu hosp,2,32,quantile,0.1,10,2027-05-15
2027-05-01,wk inc flu hosp,2,32,quantile,0.15,11,2027-05-15
2027-05-01,wk inc flu hosp,2,32,quantile,0.2,12,2027-05-15
2027-05-01,wk inc flu hosp,2,32,quantile,0.25,13,2027-05-15
2027-05-01,wk inc flu hosp,2,32,quantile,0.3,14,2027-05-15
2027-05-01,wk inc flu hosp,2,32,quantile,0.35,15,2027-05-15
2027-05-01,wk inc flu hosp,2,32,quantile,0.4,15,2027-05-15
2027-05-01,wk inc flu hosp,2,32,quantile,0.45,16,2027-05-15
2027-05-01,wk inc flu hosp,2,32,quantile,0.5,17,2027-05-15
2027-05-01,wk inc flu hosp,2,32,quantile,0.55,17,2027-05-15
2027-05-01,wk inc flu hosp,2,32,quantile,0.6,19,2027-05-15
2027-05-01,wk inc flu hosp,2,32,quantile,0.65,20,2027-05-15
2027-05-01,wk inc flu hosp,2,32,quantile,0.7,20,2027-05-15
2027-05-01,wk inc flu hosp,2,32,quantile,0.75,21,2027-05-15
2027-05-01,wk inc flu hosp,2,32,quantile,0.8,22,2027-05-15
2027-05-01,wk inc flu hosp,2,32,quantile,0.85,23,2027-05-15
2027-05-01,wk inc flu hosp,2,32,quantile,0.9,25,2027-05-15
2027-05-01,wk inc flu hosp,2,32,quantile,0.95,29,2027-05-15
2027-05-01,wk inc flu hosp,2,32,quantile,0.975,33,2027-05-15
2027-05-01,wk inc flu hosp,2,32,quantile,0.99,38,2027-05-15
2027-05-01,wk inc flu hosp,2,33,quantile,0.01,0,2027-05-15
2027-05-01,wk inc flu hosp,2,33,quantile,0.025,0,2027-05-15
2027-05-01,wk inc flu hosp,2,33,quantile,0.05,0,2027-05-15
2027-05-01,wk inc flu hosp,2,33,quantile,0.1,0,2027-05-15
2027-05-01,wk inc flu hosp,2,33,quantile,0.15,0,2027-05-15
2027-05-01,wk inc flu hosp,2,33,quantile,0.2,0,2027-05-15
2027-05-01,wk inc flu hosp,2,33,quantile,0.25,0,2027-05-15
2027-05-01,wk inc flu hosp,2,33,quantile,0.3,0,2027-05-15
2027-05-01,wk inc flu hosp,2,33,quantile,0.35,0,2027-05-15
2027-05-01,wk inc flu hosp,2,33,quantile,0.4,0,2027-05-15
2027-05-01,wk inc flu hosp,2,33,quantile,0.45,0,2027-05-15
2027-05-01,wk inc flu hosp,2,33,quantile,0.5,0,2027-05-15
2027-05-01,wk inc flu hosp,2,33,quantile,0.55,0,2027-05-15
2027-05-01,wk inc flu hosp,2,33,quantile,0.6,0,2027-05-15
2027-05-01,wk inc flu hosp,2,33,quantile,0.65,0,2027-05-15
2027-05-01,wk inc flu hosp,2,33,quantile,0.7,0,2027-05-15
2027-05-01,wk inc flu hosp,2,33,quantile,0.75,0,2027-05-15
2027-05-01,wk inc flu hosp,2,33,quantile,0.8,0,2027-05-15
2027-05-01,wk inc flu hosp,2,33,quantile,0.85,0,2027-05-15
2027-05-01,wk inc flu hosp,2,33,quantile,0.9,0,2027-05-15
2027-05-01,wk inc flu hosp,2,33,quantile,0.95,1,2027-05-15
2027-05-01,wk inc flu hosp,2,33,quantile,0.975,2,2027-05-15
2027-05-01,wk inc flu hosp,2,33,quantile,0.99,2,2027-05-15
2027-05-01,wk inc flu hosp,2,34,quantile,0.01,15,2027-05-15
2027-05-01,wk inc flu hosp,2,34,quantile,0.025,16,2027-05-15
2027-05-01,wk inc flu hosp,2,34,quantile,0.05,18,2027-05-15
2027-05-01,wk inc flu hosp,2,34,quantile,0.1,20,2027-05-15
2027-05-01,wk inc flu hosp,2,34,quantile,0.15,23,2027-05-15
2027-05-01,wk inc flu hosp,2,34,quantile,0.2,24,2027-05-15
2027-05-01,wk inc flu hosp,2,34,quantile,0.25,25,2027-05-15
2027-05-01,wk inc flu hosp,2,34,quantile,0.3,27,2027-05-15
2027-05-01,wk inc flu hosp,2,34,quantile,0.35,27,2027-05-15
2027-05-01,wk inc flu hosp,2,34,quantile,0.4,29,2027-05-15
2027-05-01,wk inc flu hosp,2,34,quantile,0.45,30,2027-05-15
2027-05-01,wk inc flu hosp,2,34,quantile,0.5,32,2027-05-15
2027-05-01,wk inc flu hosp,2,34,quantile,0.55,33,2027-05-15
2027-05-01,wk inc flu hosp,2,34,quantile,0.6,34,2027-05-15
2027-05-01,wk inc flu hosp,2,34,quantile,0.65,35,2027-05-15
2027-05-01,wk inc flu hosp,2,34,quantile,0.7,37,2027-05-15
2027-05-01,wk inc flu hosp,2,34,quantile,0.75,38,2027-05-15
2027-05-01,wk inc flu hosp,2,34,quantile,0.8,40,2027-05-15
2027-05-01,wk inc flu hosp,2,34,quantile,0.85,42,2027-05-15
2027-05-01,wk inc flu hosp,2,34,quantile,0.9,44,2027-05-15
2027-05-01,wk inc flu hosp,2,34,quantile,0.95,48,2027-05-15
2027-05-01,wk inc flu hosp,2,34,quantile,0.975,60,2027-05-15
2027-05-01,wk inc flu hosp,2,34,quantile,0.99,63,2027-05-15
2027-05-01,wk inc flu hosp,2,35,quantile,0.01,2,2027-05-15
2027-05-01,wk inc flu hosp,2,35,quantile,0.025,3,2027-05-15
2027-05-01,wk inc flu hosp,2,35,quantile,0.05,3,2027-05-15
2027-05-01,wk inc flu hosp,2,35,quantile,0.1,4,2027-05-15
2027-05-01,wk inc flu hosp,2,35,quantile,0.15,6,2027-05-15
2027-05-01,wk inc flu hosp,2,35,quantile,0.2,7,2027-05-15
2027-05-01,wk inc flu hosp,2,35,quantile,0.25,7,2027-05-15
2027-05-01,wk inc flu hosp,2,35,quantile,0.3,8,2027-05-15
2027-05-01,wk inc flu hosp,2,35,quantile,0.35,8,2027-05-15
2027-05-01,wk inc flu hosp,2,35,quantile,0.4,9,2027-05-15
2027-05-01,wk inc flu hosp,2,35,quantile,0.45,9,2027-05-15
2027-05-01,wk inc flu hosp,2,35,quantile,0.5,10,2027-05-15
2027-05-01,wk inc flu hosp,2,35,quantile,0.55,10,2027-05-15
2027-05-01,wk inc flu hosp,2,35,quantile,0.6,11,2027-05-15
2027-05-01,wk inc flu hosp,2,35,quantile,0.65,11,2027-05-15
2027-05-01,wk inc flu hosp,2,35,quantile,0.7,12,2027-05-15
2027-05-01,wk inc flu hosp,2,35,quantile,0.75,13,2027-05-15
2027-05-01,wk inc flu hosp,2,35,quantile,0.8,14,2027-05-15
2027-05-01,wk inc flu hosp,2,35,quantile,0.85,15,2027-05-15
2027-05-01,wk inc flu hosp,2,35,quantile,0.9,16,2027-05-15
2027-05-01,wk inc flu hosp,2,35,quantile,0.95,19,2027-05-15
2027-05-01,wk inc flu hosp,2,35,quantile,0.975,21,2027-05-15
2027-05-01,wk inc flu hosp,2,35,quantile,0.99,23,2027-05-15
2027-05-01,wk inc flu hosp,2,36,quantile,0.01,20,2027-05-15
2027-05-01,wk inc flu hosp,2,36,quantile,0.025,21,2027-05-15
2027-05-01,wk inc flu hosp,2,36,quantile,0.05,24,2027-05-15
2027-05-01,wk inc flu hosp,2,36,quantile,0.1,25,2027-05-15
2027-05-01,wk inc flu hosp,2,36,quantile,0.15,28,2027-05-15
2027-05-01,wk inc flu hosp,2,36,quantile,0.2,29,2027-05-15
2027-05-01,wk inc flu hosp,2,36,quantile,0.25,31,2027-05-15
2027-05-01,wk inc flu hosp,2,36,quantile,0.3,32,2027-05-15
2027-05-01,wk inc flu hosp,2,36,quantile,0.35,33,2027-05-15
2027-05-01,wk inc flu hosp,2,36,quantile,0.4,34,2027-05-15
2027-05-01,wk inc flu hosp,2,36,quantile,0.45,36,2027-05-15
2027-05-01,wk inc flu hosp,2,36,quantile,0.5,37,2027-05-15
2027-05-01,wk inc flu hosp,2,36,quantile,0.55,38,2027-05-15
2027-05-01,wk inc flu hosp,2,36,quantile,0.6,40,2027-05-15
2027-05-01,wk inc flu hosp,2,36,quantile,0.65,42,2027-05-15
2027-05-01,wk inc flu hosp,2,36,quantile,0.7,43,2027-05-15
2027-05-01,wk inc flu hosp,2,36,quantile,0.75,44,2027-05-15
2027-05-01,wk inc flu hosp,2,36,quantile,0.8,45,2027-05-15
2027-05-01,wk inc flu hosp,2,36,quantile,0.85,48,2027-05-15
2027-05-01,wk inc flu hosp,2,36,quantile,0.9,50,2027-05-15
2027-05-01,wk inc flu hosp,2,36,quantile,0.95,57,2027-05-15
2027-05-01,wk inc flu hosp,2,36,quantile,0.975,61,2027-05-15
2027-05-01,wk inc flu hosp,2,36,quantile,0.99,64,2027-05-15
2027-05-01,wk inc flu hosp,2,37,quantile,0.01,0,2027-05-15
2027-05-01,wk inc flu hosp,2,37,quantile,0.025,0,2027-05-15
2027-05-01,wk inc flu hosp,2,37,quantile,0.05,1,2027-05-15
2027-05-01,wk inc flu hosp,2,37,quantile,0.1,1,2027-05-15
2027-05-01,wk inc flu hosp,2,37,quantile,0.15,2,2027-05-15
2027-05-01,wk inc flu hosp,2,37,quantile,0.2,2,2027-05-15
2027-05-01,wk inc flu hosp,2,37,quantile,0.25,3,2027-05-15
2027-05-01,wk inc flu hosp,2,37,quantile,0.3,3,2027-05-15
2027-05-01,wk inc flu hosp,2,37,quantile,0.35,4,2027-05-15
2027-05-01,wk inc flu hosp,2,37,quantile,0.4,4,2027-05-15
2027-05-01,wk inc flu hosp,2,37,quantile,0.45,5,2027-05-15
2027-05-01,wk inc flu hosp,2,37,quantile,0.5,5,2027-05-15
2027-05-01,wk inc flu hosp,2,37,quantile,0.55,6,2027-05-15
2027-05-01,wk inc flu hosp,2,37,quantile,0.6,6,2027-05-15
2027-05-01,wk inc flu hosp,2,37,quantile,0.65,7,2027-05-15
2027-05-01,wk inc flu hosp,2,37,quantile,0.7,7,2027-05-15
2027-05-01,wk inc flu hosp,2,37,quantile,0.75,7,2027-05-15
2027-05-01,wk inc flu hosp,2,37,quantile,0.8,9,2027-05-15
2027-05-01,wk inc flu hosp,2,37,quantile,0.85,10,2027-05-15
2027-05-01,wk inc flu hosp,2,37,quantile,0.9,11,2027-05-15
2027-05-01,wk inc flu hosp,2,37,quantile,0.95,14,2027-05-15
2027-05-01,wk inc flu hosp,2,37,quantile,0.975,16,2027-05-15
2027-05-01,wk inc flu hosp,2,37,quantile,0.99,21,2027-05-15
2027-05-01,wk inc flu hosp,2,38,quantile,0.01,0,2027-05-15
2027-05-01,wk inc flu hosp,2,38,quantile,0.025,0,2027-05-15
2027-05-01,wk inc flu hosp,2,38,quantile,0.05,0,2027-05-15
2027-05-01,wk inc flu hosp,2,38,quantile,0.1,0,2027-05-15
2027-05-01,wk inc flu hosp,2,38,quantile,0.15,0,2027-05-15
2027-05-01,wk inc flu hosp,2,38,quantile,0.2,0,2027-05-15
2027-05-01,wk inc flu hosp,2,38,quantile,0.25,0,2027-05-15
2027-05-01,wk inc flu hosp,2,38,quantile,0.3,0,2027-05-15
2027-05-01,wk inc flu hosp,2,38,quantile,0.35,0,2027-05-15
2027-05-01,wk inc flu hosp,2,38,quantile,0.4,1,2027-05-15
2027-05-01,wk inc flu hosp,2,38,quantile,0.45,1,2027-05-15
2027-05-01,wk inc flu hosp,2,38,quantile,0.5,1,2027-05-15
2027-05-01,wk inc flu hosp,2,38,quantile,0.55,1,2027-05-15
2027-05-01,wk inc flu hosp,2,38,quantile,0.6,2,2027-05-15
2027-05-01,wk inc flu hosp,2,38,quantile,0.65,2,2027-05-15
2027-05-01,wk inc flu hosp,2,38,quantile,0.7,2,2027-05-15
2027-05-01,wk inc flu hosp,2,38,quantile,0.75,2,2027-05-15
2027-05-01,wk inc flu hosp,2,38,quantile,0.8,3,2027-05-15
2027-05-01,wk inc flu hosp,2,38,quantile,0.85,3,2027-05-15
2027-05-01,wk inc flu hosp,2,38,quantile,0.9,4,2027-05-15
2027-05-01,wk inc flu hosp,2,38,quantile,0.95,5,2027-05-15
2027-05-01,wk inc flu hosp,2,38,quantile,0.975,7,2027-05-15
2027-05-01,wk inc flu hosp,2,38,quantile,0.99,7,2027-05-15
2027-05-01,wk inc flu hosp,2,39,quantile,0.01,2,2027-05-15
2027-05-01,wk inc flu hosp,2,39,quantile,0.025,3,2027-05-15
2027-05-01,wk inc flu hosp,2,39,quantile,0.05,4,2027-05-15
2027-05-01,wk inc flu hosp,2,39,quantile,0.1,4,2027-05-15
2027-05-01,wk inc flu hosp,2,39,quantile,0.15,5,2027-05-15
2027-05-01,wk inc flu hosp,2,39,quantile,0.2,6,2027-05-15
2027-05-01,wk inc flu hosp,2,39,quantile,0.25,6,2027-05-15
2027-05-01,wk inc flu hosp,2,39,quantile,0.3,7,2027-05-15
2027-05-01,wk inc flu hosp,2,39,quantile,0.35,7,2027-05-15
2027-05-01,wk inc flu hosp,2,39,quantile,0.4,7,2027-05-15
2027-05-01,wk inc flu hosp,2,39,quantile,0.45,8,2027-05-15
2027-05-01,wk inc flu hosp,2,39,quantile,0.5,8,2027-05-15
2027-05-01,wk inc flu hosp,2,39,quantile,0.55,9,2027-05-15
2027-05-01,wk inc flu hosp,2,39,quantile,0.6,10,2027-05-15
2027-05-01,wk inc flu hosp,2,39,quantile,0.65,10,2027-05-15
2027-05-01,wk inc flu hosp,2,39,quantile,0.7,12,2027-05-15
2027-05-01,wk inc flu hosp,2,39,quantile,0.75,12,2027-05-15
2027-05-01,wk inc flu hosp,2,39,quantile,0.8,13,2027-05-15
2027-05-01,wk inc flu hosp,2,39,quantile,0.85,13,2027-05-15
2027-05-01,wk inc flu hosp,2,39,quantile,0.9,15,2027-05-15
2027-05-01,wk inc flu hosp,2,39,quantile,0.95,17,2027-05-15
2027-05-01,wk inc flu hosp,2,39,quantile,0.975,19,2027-05-15
2027-05-01,wk inc flu hosp,2,39,quantile,0.99,22,2027-05-15
2027-05-01,wk inc flu hosp,2,40,quantile,0.01,0,2027-05-15
2027-05-01,wk inc flu hosp,2,40,quantile,0.025,1,2027-05-15
2027-05-01,wk inc flu hosp,2,40,quantile,0.05,2,2027-05-15
2027-05-01,wk inc flu hosp,2,40,quantile,0.1,3,2027-05-15
2027-05-01,wk inc flu hosp,2,40,quantile,0.15,4,2027-05-15
2027-05-01,wk inc flu hosp,2,40,quantile,0.2,5,2027-05-15
2027-05-01,wk inc flu hosp,2,40,quantile,0.25,5,2027-05-15
2027-05-01,wk inc flu hosp,2,40,quantile,0.3,6,2027-05-15
2027-05-01,wk inc flu hosp,2,40,quantile,0.35,6,2027-05-15
2027-05-01,wk inc flu hosp,2,40,quantile,0.4,7,2027-05-15
2027-05-01,wk inc flu hosp,2,40,quantile,0.45,7,2027-05-15
2027-05-01,wk inc flu hosp,2,40,quantile,0.5,8,2027-05-15
2027-05-01,wk inc flu hosp,2,40,quantile,0.55,8,2027-05-15
2027-05-01,wk inc flu hosp,2,40,quantile,0.6,9,2027-05-15
2027-05-01,wk inc flu hosp,2,40,quantile,0.65,9,2027-05-15
2027-05-01,wk inc flu hosp,2,40,quantile,0.7,10,2027-05-15
2027-05-01,wk inc flu hosp,2,40,quantile,0.75,12,2027-05-15
2027-05-01,wk inc flu hosp,2,40,quantile,0.8,13,2027-05-15
2027-05-01,wk inc flu hosp,2,40,quantile,0.85,14,2027-05-15
2027-05-01,wk inc flu hosp,2,40,quantile,0.9,17,2027-05-15
2027-05-01,wk inc flu hosp,2,40,quantile,0.95,19,2027-05-15
2027-05-01,wk inc flu hosp,2,40,quantile,0.975,20,2027-05-15
2027-05-01,wk inc flu hosp,2,40,quantile,0.99,22,2027-05-15
2027-05-01,wk inc flu hosp,2,41,quantile,0.01,2,2027-05-15
2027-05-01,wk inc flu hosp,2,41,quantile,0.025,3,2027-05-15
2027-05-01,wk inc flu hosp,2,41,quantile,0.05,5,2027-05-15
2027-05-01,wk inc flu hosp,2,41,quantile,0.1,6,2027-05-15
2027-05-01,wk inc flu hosp,2,41,quantile,0.15,8,2027-05-15
2027-05-01,wk inc flu hosp,2,41,quantile,0.2,8,2027-05-15
2027-05-01,wk inc flu hosp,2,41,quantile,0.25,10,2027-05-15
2027-05-01,wk inc flu hosp,2,41,quantile,0.3,10,2027-05-15
2027-05-01,wk inc flu hosp,2,41,quantile,0.35,11,2027-05-15
2027-05-01,wk inc flu hosp,2,41,quantile,0.4,11,2027-05-15
2027-05-01,wk inc flu hosp,2,41,quantile,0.45,12,2027-05-15
2027-05-01,wk inc flu hosp,2,41,quantile,0.5,12,2027-05-15
2027-05-01,wk inc flu hosp,2,41,quantile,0.55,13,2027-05-15
2027-05-01,wk inc flu hosp,2,41,quantile,0.6,14,2027-05-15
2027-05-01,wk inc flu hosp,2,41,quantile,0.65,16,2027-05-15
2027-05-01,wk inc flu hosp,2,41,quantile,0.7,17,2027-05-15
2027-05-01,wk inc flu hosp,2,41,quantile,0.75,18,2027-05-15
2027-05-01,wk inc flu hosp,2,41,quantile,0.8,19,2027-05-15
2027-05-01,wk inc flu hosp,2,41,quantile,0.85,20,2027-05-15
2027-05-01,wk inc flu hosp,2,41,quantile,0.9,22,2027-05-15
2027-05-01,wk inc flu hosp,2,41,quantile,0.95,25,2027-05-15
2027-05-01,wk inc flu hosp,2,41,quantile,0.975,29,2027-05-15
2027-05-01,wk inc flu hosp,2,41,quantile,0.99,31,2027-05-15
2027-05-01,wk inc flu hosp,2,42,quantile,0.01,58,2027-05-15
2027-05-01,wk inc flu hosp,2,42,quantile,0.025,64,2027-05-15
2027-05-01,wk inc flu hosp,2,42,quantile,0.05,69,2027-05-15
2027-05-01,wk inc flu hosp,2,42,quantile,0.1,78,2027-05-15
2027-05-01,wk inc flu hosp,2,42,quantile,0.15,80,2027-05-15
2027-05-01,wk inc flu hosp,2,42,quantile,0.2,84,2027-05-15
2027-05-01,wk inc flu hosp,2,42,quantile,0.25,90,2027-05-15
2027-05-01,wk inc flu hosp,2,42,quantile,0.3,93,2027-05-15
2027-05-01,wk inc flu hosp,2,42,quantile,0.35,99,2027-05-15
2027-05-01,wk inc flu hosp,2,42,quantile,0.4,100,2027-05-15
2027-05-01,wk inc flu hosp,2,42,quantile,0.45,102,2027-05-15
2027-05-01,wk inc flu hosp,2,42,quantile,0.5,105,2027-05-15
2027-05-01,wk inc flu hosp,2,42,quantile,0.55,108,2027-05-15
2027-05-01,wk inc flu hosp,2,42,quantile,0.6,111,2027-05-15
2027-05-01,wk inc flu hosp,2,42,quantile,0.65,115,2027-05-15
2027-05-01,wk inc flu hosp,2,42,quantile,0.7,119,2027-05-15
2027-05-01,wk inc flu hosp,2,42,quantile,0.75,127,2027-05-15
2027-05-01,wk inc flu hosp,2,42,quantile,0.8,133,2027-05-15
2027-05-01,wk inc flu hosp,2,42,quantile,0.85,140,2027-05-15
2027-05-01,wk inc flu hosp,2,42,quantile,0.9,147,2027-05-15
2027-05-01,wk inc flu hosp,2,42,quantile,0.95,153,2027-05-15
2027-05-01,wk inc flu hosp,2,42,quantile,0.975,162,2027-05-15
2027-05-01,wk inc flu hosp,2,42,quantile,0.99,180,2027-05-15
2027-05-01,wk inc flu hosp,2,44,quantile,0.01,0,2027-05-15
2027-05-01,wk inc flu hosp,2,44,quantile,0.025,0,2027-05-15
2027-05-01,wk inc flu hosp,2,44,quantile,0.05,0,2027-05-15
2027-05-01,wk inc flu hosp,2,44,quantile,0.1,0,2027-05-15
2027-05-01,wk inc flu hosp,2,44,quantile,0.15,0,2027-05-15
2027-05-01,wk inc flu hosp,2,44,quantile,0.2,0,2027-05-15
2027-05-01,wk inc flu hosp,2,44,quantile,0.25,0,2027-05-15
2027-05-01,wk inc flu hosp,2,44,quantile,0.3,0,2027-05-15
2027-05-01,wk inc flu hosp,2,44,quantile,0.35,0,2027-05-15
2027-05-01,wk inc flu hosp,2,44,quantile,0.4,0,2027-05-15
2027-05-01,wk inc flu hosp,2,44,quantile,0.45,0,2027-05-15
2027-05-01,wk inc flu hosp,2,44,quantile,0.5,0,2027-05-15
2027-05-01,wk inc flu hosp,2,44,quantile,0.55,0,2027-05-15
2027-05-01,wk inc flu hosp,2,44,quantile,0.6,1,2027-05-15
2027-05-01,wk inc flu hosp,2,44,quantile,0.65,1,2027-05-15
2027-05-01,wk inc flu hosp,2,44,quantile,0.7,1,2027-05-15
2027-05-01,wk inc flu hosp,2,44,quantile,0.75,1,2027-05-15
2027-05-01,wk inc flu hosp,2,44,quantile,0.8,2,2027-05-15
2027-05-01,wk inc flu hosp,2,44,quantile,0.85,2,2027-05-15
2027-05-01,wk inc flu hosp,2,44,quantile,0.9,3,2027-05-15
2027-05-01,wk inc flu hosp,2,44,quantile,0.95,4,2027-05-15
2027-05-01,wk inc flu hosp,2,44,quantile,0.975,6,2027-05-15
2027-05-01,wk inc flu hosp,2,44,quantile,0.99,7,2027-05-15
2027-05-01,wk inc flu hosp,2,45,quantile,0.01,2,2027-05-15
2027-05-01,wk inc flu hosp,2,45,quantile,0.025,3,2027-05-15
2027-05-01,wk inc flu hosp,2,45,quantile,0.05,4,2027-05-15
2027-05-01,wk inc flu hosp,2,45,quantile,0.1,5,2027-05-15
2027-05-01,wk inc flu hosp,2,45,quantile,0.15,6,2027-05-15
2027-05-01,wk inc flu hosp,2,45,quantile,0.2,7,2027-05-15
2027-05-01,wk inc flu hosp,2,45,quantile,0.25,7,2027-05-15
2027-05-01,wk inc flu hosp,2,45,quantile,0.3,8,2027-05-15
2027-05-01,wk inc flu hosp,2,45,quantile,0.35,9,2027-05-15
2027-05-01,wk inc flu hosp,2,45,quantile,0.4,10,2027-05-15
2027-05-01,wk inc flu hosp,2,45,quantile,0.45,11,2027-05-15
2027-05-01,wk inc flu hosp,2,45,quantile,0.5,11,2027-05-15
2027-05-01,wk inc flu hosp,2,45,quantile,0.55,12,2027-05-15
2027-05-01,wk inc flu hosp,2,45,quantile,0.6,13,2027-05-15
2027-05-01,wk inc flu hosp,2,45,quantile,0.65,13,2027-05-15
2027-05-01,wk inc flu hosp,2,45,quantile,0.7,14,2027-05-15
2027-05-01,wk inc flu hosp,2,45,quantile,0.75,16,2027-05-15
2027-05-01,wk inc flu hosp,2,45,quantile,0.8,17,2027-05-15
2027-05-01,wk inc flu hosp,2,45,quantile,0.85,19,2027-05-15
2027-05-01,wk inc flu hosp,2,45,quantile,0.9,21,2027-05-15
2027-05-01,wk inc flu hosp,2,45,quantile,0.95,23,2027-05-15
2027-05-01,wk inc flu hosp,2,45,quantile,0.975,27,2027-05-15
2027-05-01,wk inc flu hosp,2,45,quantile,0.99,27,2027-05-15
2027-05-01,wk inc flu hosp,2,46,quantile,0.01,0,2027-05-15
2027-05-01,wk inc flu hosp,2,46,quantile,0.025,0,2027-05-15
2027-05-01,wk inc flu hosp,2,46,quantile,0.05,0,2027-05-15
2027-05-01,wk inc flu hosp,2,46,quantile,0.1,0,2027-05-15
2027-05-01,wk inc flu hosp,2,46,quantile,0.15,0,2027-05-15
2027-05-01,wk inc flu hosp,2,46,quantile,0.2,0,2027-05-15
2027-05-01,wk inc flu hosp,2,46,quantile,0.25,0,2027-05-15
2027-05-01,wk inc flu hosp,2,46,quantile,0.3,0,2027-05-15
2027-05-01,wk inc flu hosp,2,46,quantile,0.35,1,2027-05-15
2027-05-01,wk inc flu hosp,2,46,quantile,0.4,1,2027-05-15
2027-05-01,wk inc flu hosp,2,46,quantile,0.45,1,2027-05-15
2027-05-01,wk inc flu hosp,2,46,quantile,0.5,1,2027-05-15
2027-05-01,wk inc flu hosp,2,46,quantile,0.55,1,2027-05-15
2027-05-01,wk inc flu hosp,2,46,quantile,0.6,2,2027-05-15
2027-05-01,wk inc flu hosp,2,46,quantile,0.65,2,2027-05-15
2027-05-01,wk inc flu hosp,2,46,quantile,0.7,3,2027-05-15
2027-05-01,wk inc flu hosp,2,46,quantile,0.75,3,2027-05-15
2027-05-01,wk inc flu hosp,2,46,quantile,0.8,4,2027-05-15
2027-05-01,wk inc flu hosp,2,46,quantile,0.85,4,2027-05-15
2027-05-01,wk inc flu hosp,2,46,quantile,0.9,5,2027-05-15
2027-05-01,wk inc flu hosp,2,46,quantile,0.95,6,2027-05-15
2027-05-01,wk inc flu hosp,2,46,quantile,0.975,7,2027-05-15
2027-05-01,wk inc flu hosp,2,46,quantile,0.99,10,2027-05-15
2027-05-01,wk inc flu hosp,2,47,quantile,0.01,10,2027-05-15
2027-05-01,wk inc flu hosp,2,47,quantile,0.025,12,2027-05-15
2027-05-01,wk inc flu hosp,2,47,quantile,0.05,15,2027-05-15
2027-05-01,wk inc flu hosp,2,47,quantile,0.1,17,2027-05-15
2027-05-01,wk inc flu hosp,2,47,quantile,0.15,18,2027-05-15
2027-05-01,wk inc flu hosp,2,47,quantile,0.2,19,2027-05-15
2027-05-01,wk inc flu hosp,2,47,quantile,0.25,20,2027-05-15
2027-05-01,wk inc flu hosp,2,47,quantile,0.3,21,2027-05-15
2027-05-01,wk inc flu hosp,2,47,quantile,0.35,21,2027-05-15
2027-05-01,wk inc flu hosp,2,47,quantile,0.4,23,2027-05-15
2027-05-01,wk inc flu hosp,2,47,quantile,0.45,24,2027-05-15
2027-05-01,wk inc flu hosp,2,47,quantile,0.5,24,2027-05-15
2027-05-01,wk inc flu hosp,2,47,quantile,0.55,25,2027-05-15
2027-05-01,wk inc flu hosp,2,47,quantile,0.6,26,2027-05-15
2027-05-01,wk inc flu hosp,2,47,quantile,0.65,26,2027-05-15
2027-05-01,wk inc flu hosp,2,47,quantile,0.7,28,2027-05-15
2027-05-01,wk inc flu hosp,2,47,quantile,0.75,28,2027-05-15
2027-05-01,wk inc flu hosp,2,47,quantile,0.8,30,2027-05-15
2027-05-01,wk inc flu hosp,2,47,quantile,0.85,31,2027-05-15
2027-05-01,wk inc flu hosp,2,47,quantile,0.9,33,2027-05-15
2027-05-01,wk inc flu hosp,2,47,quantile,0.95,37,2027-05-15
2027-05-01,wk inc flu hosp,2,47,quantile,0.975,39,2027-05-15
2027-05-01,wk inc flu hosp,2,47,quantile,0.99,46,2027-05-15
2027-05-01,wk inc flu hosp,2,48,quantile,0.01,30,2027-05-15
2027-05-01,wk inc flu hosp,2,48,quantile,0.025,32,2027-05-15
2027-05-01,wk inc flu hosp,2,48,quantile,0.05,38,2027-05-15
2027-05-01,wk inc flu hosp,2,48,quantile,0.1,44,2027-05-15
2027-05-01,wk inc flu hosp,2,48,quantile,0.15,48,2027-05-15
2027-05-01,wk inc flu hosp,2,48,quantile,0.2,53,2027-05-15
2027-05-01,wk inc flu hosp,2,48,quantile,0.25,53,2027-05-15
2027-05-01,wk inc flu hosp,2,48,quantile,0.3,55,2027-05-15
2027-05-01,wk inc flu hosp,2,48,quantile,0.35,57,2027-05-15
2027-05-01,wk inc flu hosp,2,48,quantile,0.4,59,2027-05-15
2027-05-01,wk inc flu hosp,2,48,quantile,0.45,63,2027-05-15
2027-05-01,wk inc flu hosp,2,48,quantile,0.5,65,2027-05-15
2027-05-01,wk inc flu hosp,2,48,quantile,0.55,67,2027-05-15
2027-05-01,wk inc flu hosp,2,48,quantile,0.6,70,2027-05-15
2027-05-01,wk inc flu hosp,2,48,quantile,0.65,72,2027-05-15
2027-05-01,wk inc flu hosp,2,48,quantile,0.7,73,2027-05-15
2027-05-01,wk inc flu hosp,2,48,quantile,0.75,75,2027-05-15
2027-05-01,wk inc flu hosp,2,48,quantile,0.8,78,2027-05-15
2027-05-01,wk inc flu hosp,2,48,quantile,0.85,82,2027-05-15
2027-05-01,wk inc flu hosp,2,48,quantile,0.9,85,2027-05-15
2027-05-01,wk inc flu hosp,2,48,quantile,0.95,90,2027-05-15
2027-05-01,wk inc flu hosp,2,48,quantile,0.975,102,2027-05-15
2027-05-01,wk inc flu hosp,2,48,quantile,0.99,110,2027-05-15
2027-05-01,wk inc flu hosp,2,49,quantile,0.01,0,2027-05-15
2027-05-01,wk inc flu hosp,2,49,quantile,0.025,1,2027-05-15
2027-05-01,wk inc flu hosp,2,49,quantile,0.05,2,2027-05-15
2027-05-01,wk inc flu hosp,2,49,quantile,0.1,3,2027-05-15
2027-05-01,wk inc flu hosp,2,49,quantile,0.15,3,2027-05-15
2027-05-01,wk inc flu hosp,2,49,quantile,0.2,4,2027-05-15
2027-05-01,wk inc flu hosp,2,49,quantile,0.25,4,2027-05-15
2027-05-01,wk inc flu hosp,2,49,quantile,0.3,5,2027-05-15
2027-05-01,wk inc flu hosp,2,49,quantile,0.35,6,2027-05-15
2027-05-01,wk inc flu hosp,2,49,quantile,0.4,6,2027-05-15
2027-05-01,wk inc flu hosp,2,49,quantile,0.45,6,2027-05-15
2027-05-01,wk inc flu hosp,2,49,quantile,0.5,7,2027-05-15
2027-05-01,wk inc flu hosp,2,49,quantile,0.55,7,2027-05-15
2027-05-01,wk inc flu hosp,2,49,quantile,0.6,8,2027-05-15
2027-05-01,wk inc flu hosp,2,49,quantile,0.65,8,2027-05-15
2027-05-01,wk inc flu hosp,2,49,quantile,0.7,8,2027-05-15
2027-05-01,wk inc flu hosp,2,49,quantile,0.75,9,2027-05-15
2027-05-01,wk inc flu hosp,2,49,quantile,0.8,10,2027-05-15
2027-05-01,wk inc flu hosp,2,49,quantile,0.85,10,2027-05-15
2027-05-01,wk inc flu hosp,2,49,quantile,0.9,12,2027-05-15
2027-05-01,wk inc flu hosp,2,49,quantile,0.95,13,2027-05-15
2027-05-01,wk inc flu hosp,2,49,quantile,0.975,15,2027-05-15
2027-05-01,wk inc flu hosp,2,49,quantile,0.99,17,2027-05-15
2027-05-01,wk inc flu hosp,2,50,quantile,0.01,0,2027-05-15
2027-05-01,wk inc flu hosp,2,50,quantile,0.025,0,2027-05-15
2027-05-01,wk inc flu hosp,2,50,quantile,0.05,0,2027-05-15
2027-05-01,wk inc flu hosp,2,50,quantile,0.1,0,2027-05-15
2027-05-01,wk inc flu hosp,2,50,quantile,0.15,0,2027-05-15
2027-05-01,wk inc flu hosp,2,50,quantile,0.2,0,2027-05-15
2027-05-01,wk inc flu hosp,2,50,quantile,0.25,0,2027-05-15
2027-05-01,wk inc flu hosp,2,50,quantile,0.3,0,2027-05-15
2027-05-01,wk inc flu hosp,2,50,quantile,0.35,0,2027-05-15
2027-05-01,wk inc flu hosp,2,50,quantile,0.4,0,2027-05-15
2027-05-01,wk inc flu hosp,2,50,quantile,0.45,0,2027-05-15
2027-05-01,wk inc flu hosp,2,50,quantile,0.5,0,2027-05-15
2027-05-01,wk inc flu hosp,2,50,quantile,0.55,0,2027-05-15
2027-05-01,wk inc flu hosp,2,50,quantile,0.6,0,2027-05-15
2027-05-01,wk inc flu hosp,2,50,quantile,0.65,0,2027-05-15
2027-05-01,wk inc flu hosp,2,50,quantile,0.7,0,2027-05-15
2027-05-01,wk inc flu hosp,2,50,quantile,0.75,0,2027-05-15
2027-05-01,wk inc flu hosp,2,50,quantile,0.8,0,2027-05-15
2027-05-01,wk inc flu hosp,2,50,quantile,0.85,1,2027-05-15
2027-05-01,wk inc flu hosp,2,50,quantile,0.9,1,2027-05-15
2027-05-01,wk inc flu hosp,2,50,quantile,0.95,2,2027-05-15
2027-05-01,wk inc flu hosp,2,50,quantile,0.975,2,2027-05-15
2027-05-01,wk inc flu hosp,2,50,quantile,0.99,2,2027-05-15
2027-05-01,wk inc flu hosp,2,51,quantile,0.01,11,2027-05-15
2027-05-01,wk inc flu hosp,2,51,quantile,0.025,12,2027-05-15
2027-05-01,wk inc flu hosp,2,51,quantile,0.05,13,2027-05-15
2027-05-01,wk inc flu hosp,2,51,quantile,0.1,16,2027-05-15
2027-05-01,wk inc flu hosp,2,51,quantile,0.15,17,2027-05-15
2027-05-01,wk inc flu hosp,2,51,quantile,0.2,18,2027-05-15
2027-05-01,wk inc flu hosp,2,51,quantile,0.25,19,2027-05-15
2027-05-01,wk inc flu hosp,2,51,quantile,0.3,21,2027-05-15
2027-05-01,wk inc flu hosp,2,51,quantile,0.35,22,2027-05-15
2027-05-01,wk inc flu hosp,2,51,quantile,0.4,23,2027-05-15
2027-05-01,wk inc flu hosp,2,51,quantile,0.45,24,2027-05-15
2027-05-01,wk inc flu hosp,2,51,quantile,0.5,25,2027-05-15
2027-05-01,wk inc flu hosp,2,51,quantile,0.55,26,2027-05-15
2027-05-01,wk inc flu hosp,2,51,quantile,0.6,27,2027-05-15
2027-05-01,wk inc flu hosp,2,51,quantile,0.65,29,2027-05-15
2027-05-01,wk inc flu hosp,2,51,quantile,0.7,30,2027-05-15
2027-05-01,wk inc flu hosp,2,51,quantile,0.75,32,2027-05-15
2027-05-01,wk inc flu hosp,2,51,quantile,0.8,34,2027-05-15
2027-05-01,wk inc flu hosp,2,51,quantile,0.85,35,2027-05-15
2027-05-01,wk inc flu hosp,2,51,quantile,0.9,36,2027-05-15
2027-05-01,wk inc flu hosp,2,51,quantile,0.95,43,2027-05-15
2027-05-01,wk inc flu hosp,2,51,quantile,0.975,47,2027-05-15
2027-05-01,wk inc flu hosp,2,51,quantile,0.99,51,2027-05-15
2027-05-01,wk inc flu hosp,2,53,quantile,0.01,7,2027-05-15
2027-05-01,wk inc flu hosp,2,53,quantile,0.025,8,2027-05-15
2027-05-01,wk inc flu hosp,2,53,quantile,0.05,9,2027-05-15
2027-05-01,wk inc flu hosp,2,53,quantile,0.1,11,2027-05-15
2027-05-01,wk inc flu hosp,2,53,quantile,0.15,13,2027-05-15
2027-05-01,wk inc flu hosp,2,53,quantile,0.2,15,2027-05-15
2027-05-01,wk inc flu hosp,2,53,quantile,0.25,16,2027-05-15
2027-05-01,wk inc flu hosp,2,53,quantile,0.3,16,2027-05-15
2027-05-01,wk inc flu hosp,2,53,quantile,0.35,17,2027-05-15
2027-05-01,wk inc flu hosp,2,53,quantile,0.4,18,2027-05-15
2027-05-01,wk inc flu hosp,2,53,quantile,0.45,18,2027-05-15
2027-05-01,wk inc flu hosp,2,53,quantile,0.5,19,2027-05-15
2027-05-01,wk inc flu hosp,2,53,quantile,0.55,20,2027-05-15
2027-05-01,wk inc flu hosp,2,53,quantile,0.6,21,2027-05-15
2027-05-01,wk inc flu hosp,2,53,quantile,0.65,22,2027-05-15
2027-05-01,wk inc flu hosp,2,53,quantile,0.7,23,2027-05-15
2027-05-01,wk inc flu hosp,2,53,quantile,0.75,24,2027-05-15
2027-05-01,wk inc flu hosp,2,53,quantile,0.8,25,2027-05-15
2027-05-01,wk inc flu hosp,2,53,quantile,0.85,26,2027-05-15
2027-05-01,wk inc flu hosp,2,53,quantile,0.9,29,2027-05-15
2027-05-01,wk inc flu hosp,2,53,quantile,0.95,31,2027-05-15
2027-05-01,wk inc flu hosp,2,53,quantile,0.975,35,2027-05-15
2027-05-01,wk inc flu hosp,2,53,quantile,0.99,40,2027-05-15
2027-05-01,wk inc flu hosp,2,54,quantile,0.01,0,2027-05-15
2027-05-01,wk inc flu hosp,2,54,quantile,0.025,0,2027-05-15
2027-05-01,wk inc flu hosp,2,54,quantile,0.05,0,2027-05-15
2027-05-01,wk inc flu hosp,2,54,quantile,0.1,0,2027-05-15
2027-05-01,wk inc flu hosp,2,54,quantile,0.15,0,2027-05-15
2027-05-01,wk inc flu hosp,2,54,quantile,0.2,0,2027-05-15
2027-05-01,wk inc flu hosp,2,54,quantile,0.25,0,2027-05-15
2027-05-01,wk inc flu hosp,2,54,quantile,0.3,0,2027-05-15
2027-05-01,wk inc flu hosp,2,54,quantile,0.35,0,2027-05-15
2027-05-01,wk inc flu hosp,2,54,quantile,0.4,0,2027-05-15
2027-05-01,wk inc flu hosp,2,54,quantile,0.45,0,2027-05-15
2027-05-01,wk inc flu hosp,2,54,quantile,0.5,0,2027-05-15
2027-05-01,wk inc flu hosp,2,54,quantile,0.55,0,2027-05-15
2027-05-01,wk inc flu hosp,2,54,quantile,0.6,0,2027-05-15
2027-05-01,wk inc flu hosp,2,54,quantile,0.65,0,2027-05-15
2027-05-01,wk inc flu hosp,2,54,quantile,0.7,0,2027-05-15
2027-05-01,wk inc flu hosp,2,54,quantile,0.75,0,2027-05-15
2027-05-01,wk inc flu hosp,2,54,quantile,0.8,0,2027-05-15
2027-05-01,wk inc flu hosp,2,54,quantile,0.85,0,2027-05-15
2027-05-01,wk inc flu hosp,2,54,quantile,0.9,1,2027-05-15
2027-05-01,wk inc flu hosp,2,54,quantile,0.95,1,2027-05-15
2027-05-01,wk inc flu hosp,2,54,quantile,0.975,1,2027-05-15
2027-05-01,wk inc flu hosp,2,54,quantile,0.99,2,2027-05-15
2027-05-01,wk inc flu hosp,2,55,quantile,0.01,0,2027-05-15
2027-05-01,wk inc flu hosp,2,55,quantile,0.025,0,2027-05-15
2027-05-01,wk inc flu hosp,2,55,quantile,0.05,0,2027-05-15
2027-05-01,wk inc flu hosp,2,55,quantile,0.1,0,2027-05-15
2027-05-01,wk inc flu hosp,2,55,quantile,0.15,1,2027-05-15
2027-05-01,wk inc flu hosp,2,55,quantile,0.2,1,2027-05-15
2027-05-01,wk inc flu hosp,2,55,quantile,0.25,1,2027-05-15
2027-05-01,wk inc flu hosp,2,55,quantile,0.3,2,2027-05-15
2027-05-01,wk inc flu hosp,2,55,quantile,0.35,2,2027-05-15
2027-05-01,wk inc flu hosp,2,55,quantile,0.4,2,2027-05-15
2027-05-01,wk inc flu hosp,2,55,quantile,0.45,2,2027-05-15
2027-05-01,wk inc flu hosp,2,55,quantile,0.5,3,2027-05-15
2027-05-01,wk inc flu hosp,2,55,quantile,0.55,3,2027-05-15
2027-05-01,wk inc flu hosp,2,55,quantile,0.6,4,2027-05-15
2027-05-01,wk inc flu hosp,2,55,quantile,0.65,4,2027-05-15
2027-05-01,wk inc flu hosp,2,55,quantile,0.7,4,2027-05-15
2027-05-01,wk inc flu hosp,2,55,quantile,0.75,5,2027-05-15
2027-05-01,wk inc flu hosp,2,55,quantile,0.8,5,2027-05-15
2027-05-01,wk inc flu hosp,2,55,quantile,0.85,6,2027-05-15
2027-05-01,wk inc flu hosp,2,55,quantile,0.9,7,2027-05-15
2027-05-01,wk inc flu hosp,2,55,quantile,0.95,9,2027-05-15
2027-05-01,wk inc flu hosp,2,55,quantile,0.975,10,2027-05-15
2027-05-01,wk inc flu hosp,2,55,quantile,0.99,11,2027-05-15
2027-05-01,wk inc flu hosp,2,56,quantile,0.01,0,2027-05-15
2027-05-01,wk inc flu hosp,2,56,quantile,0.025,0,2027-05-15
2027-05-01,wk inc flu hosp,2,56,quantile,0.05,0,2027-05-15
2027-05-01,wk inc flu hosp,2,56,quantile,0.1,0,2027-05-15
2027-05-01,wk inc flu hosp,2,56,quantile,0.15,0,2027-05-15
2027-05-01,wk inc flu hosp,2,56,quantile,0.2,0,2027-05-15
2027-05-01,wk inc flu hosp,2,56,quantile,0.25,1,2027-05-15
2027-05-01,wk inc flu hosp,2,56,quantile,0.3,2,2027-05-15
2027-05-01,wk inc flu hosp,2,56,quantile,0.35,2,2027-05-15
2027-05-01,wk inc flu hosp,2,56,quantile,0.4,3,2027-05-15
2027-05-01,wk inc flu hosp,2,56,quantile,0.45,4,2027-05-15
2027-05-01,wk inc flu hosp,2,56,quantile,0.5,4,2027-05-15
2027-05-01,wk inc flu hosp,2,56,quantile,0.55,5,2027-05-15
2027-05-01,wk inc flu hosp,2,56,quantile,0.6,6,2027-05-15
2027-05-01,wk inc flu hosp,2,56,quantile,0.65,6,2027-05-15
2027-05-01,wk inc flu hosp,2,56,quantile,0.7,6,2027-05-15
2027-05-01,wk inc flu hosp,2,56,quantile,0.75,7,2027-05-15
2027-05-01,wk inc flu hosp,2,56,quantile,0.8,8,2027-05-15
2027-05-01,wk inc flu hosp,2,56,quantile,0.85,10,2027-05-15
2027-05-01,wk inc flu hosp,2,56,quantile,0.9,12,2027-05-15
2027-05-01,wk inc flu hosp,2,56,quantile,0.95,13,2027-05-15
2027-05-01,wk inc flu hosp,2,56,quantile,0.975,13,2027-05-15
2027-05-01,wk inc flu hosp,2,56,quantile,0.99,15,2027-05-15
2027-05-01,wk inc flu hosp,2,72,quantile,0.01,31,2027-05-15
2027-05-01,wk inc flu hosp,2,72,quantile,0.025,32,2027-05-15
2027-05-01,wk inc flu hosp,2,72,quantile,0.05,39,2027-05-15
2027-05-01,wk inc flu hosp,2,72,quantile,0.1,44,2027-05-15
2027-05-01,wk inc flu hosp,2,72,quantile,0.15,54,2027-05-15
2027-05-01,wk inc flu hosp,2,72,quantile,0.2,58,2027-05-15
2027-05-01,wk inc flu hosp,2,72,quantile,0.25,63,2027-05-15
2027-05-01,wk inc flu hosp,2,72,quantile,0.3,68,2027-05-15
2027-05-01,wk inc flu hosp,2,72,quantile,0.35,70,2027-05-15
2027-05-01,wk inc flu hosp,2,72,quantile,0.4,74,2027-05-15
2027-05-01,wk inc flu hosp,2,72,quantile,0.45,77,2027-05-15
2027-05-01,wk inc flu hosp,2,72,quantile,0.5,78,2027-05-15
2027-05-01,wk inc flu hosp,2,72,quantile,0.55,84,2027-05-15
2027-05-01,wk inc flu hosp,2,72,quantile,0.6,93,2027-05-15
2027-05-01,wk inc flu hosp,2,72,quantile,0.65,99,2027-05-15
2027-05-01,wk inc flu hosp,2,72,quantile,0.7,105,2027-05-15
2027-05-01,wk inc flu hosp,2,72,quantile,0.75,110,2027-05-15
2027-05-01,wk inc flu hosp,2,72,quantile,0.8,118,2027-05-15
2027-05-01,wk inc flu hosp,2,72,quantile,0.85,131,2027-05-15
2027-05-01,wk inc flu hosp,2,72,quantile,0.9,136,2027-05-15
2027-05-01,wk inc flu hosp,2,72,quantile,0.95,160,2027-05-15
2027-05-01,wk inc flu hosp,2,72,quantile,0.975,174,2027-05-15
2027-05-01,wk inc flu hosp,2,72,quantile,0.99,177,2027-05-15
2027-05-01,wk inc flu hosp,2,USA,quantile,0.01,865,2027-05-15
2027-05-01,wk inc flu hosp,2,USA,quantile,0.025,884,2027-05-15
2027-05-01,wk inc flu hosp,2,USA,quantile,0.05,901,2027-05-15
2027-05-01,wk inc flu hosp,2,USA,quantile,0.1,939,2027-05-15
2027-05-01,wk inc flu hosp,2,USA,quantile,0.15,957,2027-05-15
2027-05-01,wk inc flu hosp,2,USA,quantile,0.2,965,2027-05-15
2027-05-01,wk inc flu hosp,2,USA,quantile,0.25,985,2027-05-15
2027-05-01,wk inc flu hosp,2,USA,quantile,0.3,989,2027-05-15
2027-05-01,wk inc flu hosp,2,USA,quantile,0.35,1004,2027-05-15
2027-05-01,wk inc flu hosp,2,USA,quantile,0.4,1018,2027-05-15
2027-05-01,wk inc flu hosp,2,USA,quantile,0.45,1031,2027-05-15
2027-05-01,wk inc flu hosp,2,USA,quantile,0.5,1048,2027-05-15
2027-05-01,wk inc flu hosp,2,USA,quantile,0.55,1056,2027-05-15
2027-05-01,wk inc flu hosp,2,USA,quantile,0.6,1063,2027-05-15
2027-05-01,wk inc flu hosp,2,USA,quantile,0.65,1080,2027-05-15
2027-05-01,wk inc flu hosp,2,USA,quantile,0.7,1089,2027-05-15
2027-05-01,wk inc flu hosp,2,USA,quantile,0.75,1098,2027-05-15
2027-05-01,wk inc flu hosp,2,USA,quantile,0.8,1112,2027-05-15
2027-05-01,wk inc flu hosp,2,USA,quantile,0.85,1125,2027-05-15
2027-05-01,wk inc flu hosp,2,USA,quantile,0.9,1135,2027-05-15
2027-05-01,wk inc flu hosp,2,USA,quantile,0.95,1181,2027-05-15
2027-05-01,wk inc flu hosp,2,USA,quantile,0.975,1212,2027-05-15
2027-05-01,wk inc flu hosp,2,USA,quantile,0.99,1253,2027-05-15
2027-05-01,wk inc flu hosp,3,01,quantile,0.01,0,2027-05-22
2027-05-01,wk inc flu hosp,3,01,quantile,0.025,1,2027-05-22
2027-05-01,wk inc flu hosp,3,01,quantile,0.05,1,2027-05-22
2027-05-01,wk inc flu hosp,3,01,quantile,0.1,2,2027-05-22
2027-05-01,wk inc flu hosp,3,01,quantile,0.15,3,2027-05-22
2027-05-01,wk inc flu hosp,3,01,quantile,0.2,4,2027-05-22
2027-05-01,wk inc flu hosp,3,01,quantile,0.25,4,2027-05-22
2027-05-01,wk inc flu hosp,3,01,quantile,0.3,4,2027-05-22
2027-05-01,wk inc flu hosp,3,01,quantile,0.35,5,2027-05-22
2027-05-01,wk inc flu hosp,3,01,quantile,0.4,5,2027-05-22
2027-05-01,wk inc flu hosp,3,01,quantile,0.45,6,2027-05-22
2027-05-01,wk inc flu hosp,3,01,quantile,0.5,6,2027-05-22
2027-05-01,wk inc flu hosp,3,01,quantile,0.55,6,2027-05-22
2027-05-01,wk inc flu hosp,3,01,quantile,0.6,7,2027-05-22
2027-05-01,wk inc flu hosp,3,01,quantile,0.65,8,2027-05-22
2027-05-01,wk inc flu hosp,3,01,quantile,0.7,8,2027-05-22
2027-05-01,wk inc flu hosp,3,01,quantile,0.75,9,2027-05-22
2027-05-01,wk inc flu hosp,3,01,quantile,0.8,10,2027-05-22
2027-05-01,wk inc flu hosp,3,01,quantile,0.85,10,2027-05-22
2027-05-01,wk inc flu hosp,3,01,quantile,0.9,11,2027-05-22
2027-05-01,wk inc flu hosp,3,01,quantile,0.95,13,2027-05-22
2027-05-01,wk inc flu hosp,3,01,quantile,0.975,15,2027-05-22
2027-05-01,wk inc flu hosp,3,01,quantile,0.99,16,2027-05-22
2027-05-01,wk inc flu hosp,3,02,quantile,0.01,0,2027-05-22
2027-05-01,wk inc flu hosp,3,02,quantile,0.025,0,2027-05-22
2027-05-01,wk inc flu hosp,3,02,quantile,0.05,0,2027-05-22
2027-05-01,wk inc flu hosp,3,02,quantile,0.1,0,2027-05-22
2027-05-01,wk inc flu hosp,3,02,quantile,0.15,0,2027-05-22
2027-05-01,wk inc flu hosp,3,02,quantile,0.2,1,2027-05-22
2027-05-01,wk inc flu hosp,3,02,quantile,0.25,1,2027-05-22
2027-05-01,wk inc flu hosp,3,02,quantile,0.3,1,2027-05-22
2027-05-01,wk inc flu hosp,3,02,quantile,0.35,2,2027-05-22
2027-05-01,wk inc flu hosp,3,02,quantile,0.4,2,2027-05-22
2027-05-01,wk inc flu hosp,3,02,quantile,0.45,3,2027-05-22
2027-05-01,wk inc flu hosp,3,02,quantile,0.5,4,2027-05-22
2027-05-01,wk inc flu hosp,3,02,quantile,0.55,5,2027-05-22
2027-05-01,wk inc flu hosp,3,02,quantile,0.6,5,2027-05-22
2027-05-01,wk inc flu hosp,3,02,quantile,0.65,6,2027-05-22
2027-05-01,wk inc flu hosp,3,02,quantile,0.7,7,2027-05-22
2027-05-01,wk inc flu hosp,3,02,quantile,0.75,7,2027-05-22
2027-05-01,wk inc flu hosp,3,02,quantile,0.8,8,2027-05-22
2027-05-01,wk inc flu hosp,3,02,quantile,0.85,9,2027-05-22
2027-05-01,wk inc flu hosp,3,02,quantile,0.9,11,2027-05-22
2027-05-01,wk inc flu hosp,3,02,quantile,0.95,13,2027-05-22
2027-05-01,wk inc flu hosp,3,02,quantile,0.975,15,2027-05-22
2027-05-01,wk inc flu hosp,3,02,quantile,0.99,15,2027-05-22
2027-05-01,wk inc flu hosp,3,04,quantile,0.01,32,2027-05-22
2027-05-01,wk inc flu hosp,3,04,quantile,0.025,36,2027-05-22
2027-05-01,wk inc flu hosp,3,04,quantile,0.05,38,2027-05-22
2027-05-01,wk inc flu hosp,3,04,quantile,0.1,42,2027-05-22
2027-05-01,wk inc flu hosp,3,04,quantile,0.15,46,2027-05-22
2027-05-01,wk inc flu hosp,3,04,quantile,0.2,47,2027-05-22
2027-05-01,wk inc flu hosp,3,04,quantile,0.25,49,2027-05-22
2027-05-01,wk inc flu hosp,3,04,quantile,0.3,51,2027-05-22
2027-05-01,wk inc flu hosp,3,04,quantile,0.35,52,2027-05-22
2027-05-01,wk inc flu hosp,3,04,quantile,0.4,53,2027-05-22
2027-05-01,wk inc flu hosp,3,04,quantile,0.45,56,2027-05-22
2027-05-01,wk inc flu hosp,3,04,quantile,0.5,60,2027-05-22
2027-05-01,wk inc flu hosp,3,04,quantile,0.55,62,2027-05-22
2027-05-01,wk inc flu hosp,3,04,quantile,0.6,63,2027-05-22
2027-05-01,wk inc flu hosp,3,04,quantile,0.65,65,2027-05-22
2027-05-01,wk inc flu hosp,3,04,quantile,0.7,67,2027-05-22
2027-05-01,wk inc flu hosp,3,04,quantile,0.75,71,2027-05-22
2027-05-01,wk inc flu hosp,3,04,quantile,0.8,74,2027-05-22
2027-05-01,wk inc flu hosp,3,04,quantile,0.85,79,2027-05-22
2027-05-01,wk inc flu hosp,3,04,quantile,0.9,82,2027-05-22
2027-05-01,wk inc flu hosp,3,04,quantile,0.95,89,2027-05-22
2027-05-01,wk inc flu hosp,3,04,quantile,0.975,101,2027-05-22
2027-05-01,wk inc flu hosp,3,04,quantile,0.99,110,2027-05-22
2027-05-01,wk inc flu hosp,3,05,quantile,0.01,1,2027-05-22
2027-05-01,wk inc flu hosp,3,05,quantile,0.025,1,2027-05-22
2027-05-01,wk inc flu hosp,3,05,quantile,0.05,2,2027-05-22
2027-05-01,wk inc flu hosp,3,05,quantile,0.1,2,2027-05-22
2027-05-01,wk inc flu hosp,3,05,quantile,0.15,3,2027-05-22
2027-05-01,wk inc flu hosp,3,05,quantile,0.2,4,2027-05-22
2027-05-01,wk inc flu hosp,3,05,quantile,0.25,4,2027-05-22
2027-05-01,wk inc flu hosp,3,05,quantile,0.3,5,2027-05-22
2027-05-01,wk inc flu hosp,3,05,quantile,0.35,5,2027-05-22
2027-05-01,wk inc flu hosp,3,05,quantile,0.4,6,2027-05-22
2027-05-01,wk inc flu hosp,3,05,quantile,0.45,6,2027-05-22
2027-05-01,wk inc flu hosp,3,05,quantile,0.5,7,2027-05-22
2027-05-01,wk inc flu hosp,3,05,quantile,0.55,7,2027-05-22
2027-05-01,wk inc flu hosp,3,05,quantile,0.6,8,2027-05-22
2027-05-01,wk inc flu hosp,3,05,quantile,0.65,8,2027-05-22
2027-05-01,wk inc flu hosp,3,05,quantile,0.7,9,2027-05-22
2027-05-01,wk inc flu hosp,3,05,quantile,0.75,10,2027-05-22
2027-05-01,wk inc flu hosp,3,05,quantile,0.8,10,2027-05-22
2027-05-01,wk inc flu hosp,3,05,quantile,0.85,11,2027-05-22
2027-05-01,wk inc flu hosp,3,05,quantile,0.9,12,2027-05-22
2027-05-01,wk inc flu hosp,3,05,quantile,0.95,14,2027-05-22
2027-05-01,wk inc flu hosp,3,05,quantile,0.975,15,2027-05-22
2027-05-01,wk inc flu hosp,3,05,quantile,0.99,16,2027-05-22
2027-05-01,wk inc flu hosp,3,06,quantile,0.01,55,2027-05-22
2027-05-01,wk inc flu hosp,3,06,quantile,0.025,60,2027-05-22
2027-05-01,wk inc flu hosp,3,06,quantile,0.05,63,2027-05-22
2027-05-01,wk inc flu hosp,3,06,quantile,0.1,71,2027-05-22
2027-05-01,wk inc flu hosp,3,06,quantile,0.15,76,2027-05-22
2027-05-01,wk inc flu hosp,3,06,quantile,0.2,80,2027-05-22
2027-05-01,wk inc flu hosp,3,06,quantile,0.25,86,2027-05-22
2027-05-01,wk inc flu hosp,3,06,quantile,0.3,89,2027-05-22
2027-05-01,wk inc flu hosp,3,06,quantile,0.35,93,2027-05-22
2027-05-01,wk inc flu hosp,3,06,quantile,0.4,95,2027-05-22
2027-05-01,wk inc flu hosp,3,06,quantile,0.45,101,2027-05-22
2027-05-01,wk inc flu hosp,3,06,quantile,0.5,104,2027-05-22
2027-05-01,wk inc flu hosp,3,06,quantile,0.55,107,2027-05-22
2027-05-01,wk inc flu hosp,3,06,quantile,0.6,110,2027-05-22
2027-05-01,wk inc flu hosp,3,06,quantile,0.65,114,2027-05-22
2027-05-01,wk inc flu hosp,3,06,quantile,0.7,119,2027-05-22
2027-05-01,wk inc flu hosp,3,06,quantile,0.75,124,2027-05-22
2027-05-01,wk inc flu hosp,3,06,quantile,0.8,128,2027-05-22
2027-05-01,wk inc flu hosp,3,06,quantile,0.85,134,2027-05-22
2027-05-01,wk inc flu hosp,3,06,quantile,0.9,142,2027-05-22
2027-05-01,wk inc flu hosp,3,06,quantile,0.95,150,2027-05-22
2027-05-01,wk inc flu hosp,3,06,quantile,0.975,177,2027-05-22
2027-05-01,wk inc flu hosp,3,06,quantile,0.99,179,2027-05-22
2027-05-01,wk inc flu hosp,3,08,quantile,0.01,3,2027-05-22
2027-05-01,wk inc flu hosp,3,08,quantile,0.025,4,2027-05-22
2027-05-01,wk inc flu hosp,3,08,quantile,0.05,4,2027-05-22
2027-05-01,wk inc flu hosp,3,08,quantile,0.1,6,2027-05-22
2027-05-01,wk inc flu hosp,3,08,quantile,0.15,6,2027-05-22
2027-05-01,wk inc flu hosp,3,08,quantile,0.2,7,2027-05-22
2027-05-01,wk inc flu hosp,3,08,quantile,0.25,7,2027-05-22
2027-05-01,wk inc flu hosp,3,08,quantile,0.3,8,2027-05-22
2027-05-01,wk inc flu hosp,3,08,quantile,0.35,9,2027-05-22
2027-05-01,wk inc flu hosp,3,08,quantile,0.4,9,2027-05-22
2027-05-01,wk inc flu hosp,3,08,quantile,0.45,10,2027-05-22
2027-05-01,wk inc flu hosp,3,08,quantile,0.5,10,2027-05-22
2027-05-01,wk inc flu hosp,3,08,quantile,0.55,11,2027-05-22
2027-05-01,wk inc flu hosp,3,08,quantile,0.6,12,2027-05-22
2027-05-01,wk inc flu hosp,3,08,quantile,0.65,12,2027-05-22
2027-05-01,wk inc flu hosp,3,08,quantile,0.7,13,2027-05-22
2027-05-01,wk inc flu hosp,3,08,quantile,0.75,14,2027-05-22
2027-05-01,wk inc flu hosp,3,08,quantile,0.8,14,2027-05-22
2027-05-01,wk inc flu hosp,3,08,quantile,0.85,16,2027-05-22
2027-05-01,wk inc flu hosp,3,08,quantile,0.9,17,2027-05-22
2027-05-01,wk inc flu hosp,3,08,quantile,0.95,21,2027-05-22
2027-05-01,wk inc flu hosp,3,08,quantile,0.975,22,2027-05-22
2027-05-01,wk inc flu hosp,3,08,quantile,0.99,23,2027-05-22
2027-05-01,wk inc flu hosp,3,09,quantile,0.01,0,2027-05-22
2027-05-01,wk inc flu hosp,3,09,quantile,0.025,1,2027-05-22
2027-05-01,wk inc flu hosp,3,09,quantile,0.05,1,2027-05-22
2027-05-01,wk inc flu hosp,3,09,quantile,0.1,2,2027-05-22
2027-05-01,wk inc flu hosp,3,09,quantile,0.15,2,2027-05-22
2027-05-01,wk inc flu hosp,3,09,quantile,0.2,3,2027-05-22
2027-05-01,wk inc flu hosp,3,09,quantile,0.25,3,2027-05-22
2027-05-01,wk inc flu hosp,3,09,quantile,0.3,4,2027-05-22
2027-05-01,wk inc flu hosp,3,09,quantile,0.35,4,2027-05-22
2027-05-01,wk inc flu hosp,3,09,quantile,0.4,5,2027-05-22
2027-05-01,wk inc flu hosp,3,09,quantile,0.45,6,2027-05-22
2027-05-01,wk inc flu hosp,3,09,quantile,0.5,6,2027-05-22
2027-05-01,wk inc flu hosp,3,09,quantile,0.55,7,2027-05-22
2027-05-01,wk inc flu hosp,3,09,quantile,0.6,7,2027-05-22
2027-05-01,wk inc flu hosp,3,09,quantile,0.65,8,2027-05-22
2027-05-01,wk inc flu hosp,3,09,quantile,0.7,8,2027-05-22
2027-05-01,wk inc flu hosp,3,09,quantile,0.75,9,2027-05-22
2027-05-01,wk inc flu hosp,3,09,quantile,0.8,9,2027-05-22
2027-05-01,wk inc flu hosp,3,09,quantile,0.85,11,2027-05-22
2027-05-01,wk inc flu hosp,3,09,quantile,0.9,12,2027-05-22
2027-05-01,wk inc flu hosp,3,09,quantile,0.95,14,2027-05-22
2027-05-01,wk inc flu hosp,3,09,quantile,0.975,15,2027-05-22
2027-05-01,wk inc flu hosp,3,09,quantile,0.99,19,2027-05-22
2027-05-01,wk inc flu hosp,3,10,quantile,0.01,0,2027-05-22
2027-05-01,wk inc flu hosp,3,10,quantile,0.025,0,2027-05-22
2027-05-01,wk inc flu hosp,3,10,quantile,0.05,0,2027-05-22
2027-05-01,wk inc flu hosp,3,10,quantile,0.1,0,2027-05-22
2027-05-01,wk inc flu hosp,3,10,quantile,0.15,0,2027-05-22
2027-05-01,wk inc flu hosp,3,10,quantile,0.2,0,2027-05-22
2027-05-01,wk inc flu hosp,3,10,quantile,0.25,0,2027-05-22
2027-05-01,wk inc flu hosp,3,10,quantile,0.3,0,2027-05-22
2027-05-01,wk inc flu hosp,3,10,quantile,0.35,0,2027-05-22
2027-05-01,wk inc flu hosp,3,10,quantile,0.4,0,2027-05-22
2027-05-01,wk inc flu hosp,3,10,quantile,0.45,0,2027-05-22
2027-05-01,wk inc flu hosp,3,10,quantile,0.5,0,2027-05-22
2027-05-01,wk inc flu hosp,3,10,quantile,0.55,0,2027-05-22
2027-05-01,wk inc flu hosp,3,10,quantile,0.6,0,2027-05-22
2027-05-01,wk inc flu hosp,3,10,quantile,0.65,0,2027-05-22
2027-05-01,wk inc flu hosp,3,10,quantile,0.7,0,2027-05-22
2027-05-01,wk inc flu hosp,3,10,quantile,0.75,0,2027-05-22
2027-05-01,wk inc flu hosp,3,10,quantile,0.8,0,2027-05-22
2027-05-01,wk inc flu hosp,3,10,quantile,0.85,0,2027-05-22
2027-05-01,wk inc flu hosp,3,10,quantile,0.9,1,2027-05-22
2027-05-01,wk inc flu hosp,3,10,quantile,0.95,1,2027-05-22
2027-05-01,wk inc flu hosp,3,10,quantile,0.975,1,2027-05-22
2027-05-01,wk inc flu hosp,3,10,quantile,0.99,3,2027-05-22
2027-05-01,wk inc flu hosp,3,11,quantile,0.01,0,2027-05-22
2027-05-01,wk inc flu hosp,3,11,quantile,0.025,0,2027-05-22
2027-05-01,wk inc flu hosp,3,11,quantile,0.05,0,2027-05-22
2027-05-01,wk inc flu hosp,3,11,quantile,0.1,0,2027-05-22
2027-05-01,wk inc flu hosp,3,11,quantile,0.15,0,2027-05-22
2027-05-01,wk inc flu hosp,3,11,quantile,0.2,0,2027-05-22
2027-05-01,wk inc flu hosp,3,11,quantile,0.25,0,2027-05-22
2027-05-01,wk inc flu hosp,3,11,quantile,0.3,0,2027-05-22
2027-05-01,wk inc flu hosp,3,11,quantile,0.35,0,2027-05-22
2027-05-01,wk inc flu hosp,3,11,quantile,0.4,1,2027-05-22
2027-05-01,wk inc flu hosp,3,11,quantile,0.45,1,2027-05-22
2027-05-01,wk inc flu hosp,3,11,quantile,0.5,1,2027-05-22
2027-05-01,wk inc flu hosp,3,11,quantile,0.55,2,2027-05-22
2027-05-01,wk inc flu hosp,3,11,quantile,0.6,2,2027-05-22
2027-05-01,wk inc flu hosp,3,11,quantile,0.65,3,2027-05-22
2027-05-01,wk inc flu hosp,3,11,quantile,0.7,3,2027-05-22
2027-05-01,wk inc flu hosp,3,11,quantile,0.75,3,2027-05-22
2027-05-01,wk inc flu hosp,3,11,quantile,0.8,4,2027-05-22
2027-05-01,wk inc flu hosp,3,11,quantile,0.85,5,2027-05-22
2027-05-01,wk inc flu hosp,3,11,quantile,0.9,5,2027-05-22
2027-05-01,wk inc flu hosp,3,11,quantile,0.95,6,2027-05-22
2027-05-01,wk inc flu hosp,3,11,quantile,0.975,10,2027-05-22
2027-05-01,wk inc flu hosp,3,11,quantile,0.99,10,2027-05-22
2027-05-01,wk inc flu hosp,3,12,quantile,0.01,56,2027-05-22
2027-05-01,wk inc flu hosp,3,12,quantile,0.025,66,2027-05-22
2027-05-01,wk inc flu hosp,3,12,quantile,0.05,72,2027-05-22
2027-05-01,wk inc flu hosp,3,12,quantile,0.1,81,2027-05-22
2027-05-01,wk inc flu hosp,3,12,quantile,0.15,89,2027-05-22
2027-05-01,wk inc flu hosp,3,12,quantile,0.2,94,2027-05-22
2027-05-01,wk inc flu hosp,3,12,quantile,0.25,97,2027-05-22
2027-05-01,wk inc flu hosp,3,12,quantile,0.3,101,2027-05-22
2027-05-01,wk inc flu hosp,3,12,quantile,0.35,106,2027-05-22
2027-05-01,wk inc flu hosp,3,12,quantile,0.4,110,2027-05-22
2027-05-01,wk inc flu hosp,3,12,quantile,0.45,112,2027-05-22
2027-05-01,wk inc flu hosp,3,12,quantile,0.5,116,2027-05-22
2027-05-01,wk inc flu hosp,3,12,quantile,0.55,118,2027-05-22
2027-05-01,wk inc flu hosp,3,12,quantile,0.6,120,2027-05-22
2027-05-01,wk inc flu hosp,3,12,quantile,0.65,124,2027-05-22
2027-05-01,wk inc flu hosp,3,12,quantile,0.7,127,2027-05-22
2027-05-01,wk inc flu hosp,3,12,quantile,0.75,130,2027-05-22
2027-05-01,wk inc flu hosp,3,12,quantile,0.8,139,2027-05-22
2027-05-01,wk inc flu hosp,3,12,quantile,0.85,141,2027-05-22
2027-05-01,wk inc flu hosp,3,12,quantile,0.9,150,2027-05-22
2027-05-01,wk inc flu hosp,3,12,quantile,0.95,163,2027-05-22
2027-05-01,wk inc flu hosp,3,12,quantile,0.975,173,2027-05-22
2027-05-01,wk inc flu hosp,3,12,quantile,0.99,177,2027-05-22
2027-05-01,wk inc flu hosp,3,13,quantile,0.01,5,2027-05-22
2027-05-01,wk inc flu hosp,3,13,quantile,0.025,5,2027-05-22
2027-05-01,wk inc flu hosp,3,13,quantile,0.05,6,2027-05-22
2027-05-01,wk inc flu hosp,3,13,quantile,0.1,7,2027-05-22
2027-05-01,wk inc flu hosp,3,13,quantile,0.15,8,2027-05-22
2027-05-01,wk inc flu hosp,3,13,quantile,0.2,9,2027-05-22
2027-05-01,wk inc flu hosp,3,13,quantile,0.25,10,2027-05-22
2027-05-01,wk inc flu hosp,3,13,quantile,0.3,10,2027-05-22
2027-05-01,wk inc flu hosp,3,13,quantile,0.35,11,2027-05-22
2027-05-01,wk inc flu hosp,3,13,quantile,0.4,12,2027-05-22
2027-05-01,wk inc flu hosp,3,13,quantile,0.45,12,2027-05-22
2027-05-01,wk inc flu hosp,3,13,quantile,0.5,13,2027-05-22
2027-05-01,wk inc flu hosp,3,13,quantile,0.55,14,2027-05-22
2027-05-01,wk inc flu hosp,3,13,quantile,0.6,15,2027-05-22
2027-05-01,wk inc flu hosp,3,13,quantile,0.65,16,2027-05-22
2027-05-01,wk inc flu hosp,3,13,quantile,0.7,17,2027-05-22
2027-05-01,wk inc flu hosp,3,13,quantile,0.75,18,2027-05-22
2027-05-01,wk inc flu hosp,3,13,quantile,0.8,19,2027-05-22
2027-05-01,wk inc flu hosp,3,13,quantile,0.85,21,2027-05-22
2027-05-01,wk inc flu hosp,3,13,quantile,0.9,21,2027-05-22
2027-05-01,wk inc flu hosp,3,13,quantile,0.95,24,2027-05-22
2027-05-01,wk inc flu hosp,3,13,quantile,0.975,25,2027-05-22
2027-05-01,wk inc flu hosp,3,13,quantile,0.99,25,2027-05-22
2027-05-01,wk inc flu hosp,3,15,quantile,0.01,3,2027-05-22
2027-05-01,wk inc flu hosp,3,15,quantile,0.025,4,2027-05-22
2027-05-01,wk inc flu hosp,3,15,quantile,0.05,4,2027-05-22
2027-05-01,wk inc flu hosp,3,15,quantile,0.1,6,2027-05-22
2027-05-01,wk inc flu hosp,3,15,quantile,0.15,7,2027-05-22
2027-05-01,wk inc flu hosp,3,15,quantile,0.2,8,2027-05-22
2027-05-01,wk inc flu hosp,3,15,quantile,0.25,9,2027-05-22
2027-05-01,wk inc flu hosp,3,15,quantile,0.3,10,2027-05-22
2027-05-01,wk inc flu hosp,3,15,quantile,0.35,11,2027-05-22
2027-05-01,wk inc flu hosp,3,15,quantile,0.4,11,2027-05-22
2027-05-01,wk inc flu hosp,3,15,quantile,0.45,12,2027-05-22
2027-05-01,wk inc flu hosp,3,15,quantile,0.5,13,2027-05-22
2027-05-01,wk inc flu hosp,3,15,quantile,0.55,14,2027-05-22
2027-05-01,wk inc flu hosp,3,15,quantile,0.6,15,2027-05-22
2027-05-01,wk inc flu hosp,3,15,quantile,0.65,15,2027-05-22
2027-05-01,wk inc flu hosp,3,15,quantile,0.7,16,2027-05-22
2027-05-01,wk inc flu hosp,3,15,quantile,0.75,17,2027-05-22
2027-05-01,wk inc flu hosp,3,15,quantile,0.8,18,2027-05-22
2027-05-01,wk inc flu hosp,3,15,quantile,0.85,19,2027-05-22
2027-05-01,wk inc flu hosp,3,15,quantile,0.9,20,2027-05-22
2027-05-01,wk inc flu hosp,3,15,quantile,0.95,24,2027-05-22
2027-05-01,wk inc flu hosp,3,15,quantile,0.975,26,2027-05-22
2027-05-01,wk inc flu hosp,3,15,quantile,0.99,28,2027-05-22
2027-05-01,wk inc flu hosp,3,16,quantile,0.01,0,2027-05-22
2027-05-01,wk inc flu hosp,3,16,quantile,0.025,0,2027-05-22
2027-05-01,wk inc flu hosp,3,16,quantile,0.05,0,2027-05-22
2027-05-01,wk inc flu hosp,3,16,quantile,0.1,0,2027-05-22
2027-05-01,wk inc flu hosp,3,16,quantile,0.15,0,2027-05-22
2027-05-01,wk inc flu hosp,3,16,quantile,0.2,0,2027-05-22
2027-05-01,wk inc flu hosp,3,16,quantile,0.25,0,2027-05-22
2027-05-01,wk inc flu hosp,3,16,quantile,0.3,0,2027-05-22
2027-05-01,wk inc flu hosp,3,16,quantile,0.35,0,2027-05-22
2027-05-01,wk inc flu hosp,3,16,quantile,0.4,0,2027-05-22
2027-05-01,wk inc flu hosp,3,16,quantile,0.45,0,2027-05-22
2027-05-01,wk inc flu hosp,3,16,quantile,0.5,0,2027-05-22
2027-05-01,wk inc flu hosp,3,16,quantile,0.55,0,2027-05-22
2027-05-01,wk inc flu hosp,3,16,quantile,0.6,1,2027-05-22
2027-05-01,wk inc flu hosp,3,16,quantile,0.65,1,2027-05-22
2027-05-01,wk inc flu hosp,3,16,quantile,0.7,1,2027-05-22
2027-05-01,wk inc flu hosp,3,16,quantile,0.75,1,2027-05-22
2027-05-01,wk inc flu hosp,3,16,quantile,0.8,1,2027-05-22
2027-05-01,wk inc flu hosp,3,16,quantile,0.85,2,2027-05-22
2027-05-01,wk inc flu hosp,3,16,quantile,0.9,2,2027-05-22
2027-05-01,wk inc flu hosp,3,16,quantile,0.95,3,2027-05-22
2027-05-01,wk inc flu hosp,3,16,quantile,0.975,4,2027-05-22
2027-05-01,wk inc flu hosp,3,16,quantile,0.99,5,2027-05-22
2027-05-01,wk inc flu hosp,3,17,quantile,0.01,10,2027-05-22
2027-05-01,wk inc flu hosp,3,17,quantile,0.025,10,2027-05-22
2027-05-01,wk inc flu hosp,3,17,quantile,0.05,12,2027-05-22
2027-05-01,wk inc flu hosp,3,17,quantile,0.1,13,2027-05-22
2027-05-01,wk inc flu hosp,3,17,quantile,0.15,14,2027-05-22
2027-05-01,wk inc flu hosp,3,17,quantile,0.2,16,2027-05-22
2027-05-01,wk inc flu hosp,3,17,quantile,0.25,17,2027-05-22
2027-05-01,wk inc flu hosp,3,17,quantile,0.3,18,2027-05-22
2027-05-01,wk inc flu hosp,3,17,quantile,0.35,18,2027-05-22
2027-05-01,wk inc flu hosp,3,17,quantile,0.4,19,2027-05-22
2027-05-01,wk inc flu hosp,3,17,quantile,0.45,19,2027-05-22
2027-05-01,wk inc flu hosp,3,17,quantile,0.5,20,2027-05-22
2027-05-01,wk inc flu hosp,3,17,quantile,0.55,20,2027-05-22
2027-05-01,wk inc flu hosp,3,17,quantile,0.6,21,2027-05-22
2027-05-01,wk inc flu hosp,3,17,quantile,0.65,22,2027-05-22
2027-05-01,wk inc flu hosp,3,17,quantile,0.7,22,2027-05-22
2027-05-01,wk inc flu hosp,3,17,quantile,0.75,23,2027-05-22
2027-05-01,wk inc flu hosp,3,17,quantile,0.8,24,2027-05-22
2027-05-01,wk inc flu hosp,3,17,quantile,0.85,25,2027-05-22
2027-05-01,wk inc flu hosp,3,17,quantile,0.9,27,2027-05-22
2027-05-01,wk inc flu hosp,3,17,quantile,0.95,29,2027-05-22
2027-05-01,wk inc flu hosp,3,17,quantile,0.975,32,2027-05-22
2027-05-01,wk inc flu hosp,3,17,quantile,0.99,36,2027-05-22
2027-05-01,wk inc flu hosp,3,18,quantile,0.01,0,2027-05-22
2027-05-01,wk inc flu hosp,3,18,quantile,0.025,0,2027-05-22
2027-05-01,wk inc flu hosp,3,18,quantile,0.05,1,2027-05-22
2027-05-01,wk inc flu hosp,3,18,quantile,0.1,2,2027-05-22
2027-05-01,wk inc flu hosp,3,18,quantile,0.15,2,2027-05-22
2027-05-01,wk inc flu hosp,3,18,quantile,0.2,2,2027-05-22
2027-05-01,wk inc flu hosp,3,18,quantile,0.25,3,2027-05-22
2027-05-01,wk inc flu hosp,3,18,quantile,0.3,3,2027-05-22
2027-05-01,wk inc flu hosp,3,18,quantile,0.35,4,2027-05-22
2027-05-01,wk inc flu hosp,3,18,quantile,0.4,4,2027-05-22
2027-05-01,wk inc flu hosp,3,18,quantile,0.45,4,2027-05-22
2027-05-01,wk inc flu hosp,3,18,quantile,0.5,5,2027-05-22
2027-05-01,wk inc flu hosp,3,18,quantile,0.55,5,2027-05-22
2027-05-01,wk inc flu hosp,3,18,quantile,0.6,5,2027-05-22
2027-05-01,wk inc flu hosp,3,18,quantile,0.65,6,2027-05-22
2027-05-01,wk inc flu hosp,3,18,quantile,0.7,7,2027-05-22
2027-05-01,wk inc flu hosp,3,18,quantile,0.75,7,2027-05-22
2027-05-01,wk inc flu hosp,3,18,quantile,0.8,8,2027-05-22
2027-05-01,wk inc flu hosp,3,18,quantile,0.85,9,2027-05-22
2027-05-01,wk inc flu hosp,3,18,quantile,0.9,9,2027-05-22
2027-05-01,wk inc flu hosp,3,18,quantile,0.95,10,2027-05-22
2027-05-01,wk inc flu hosp,3,18,quantile,0.975,13,2027-05-22
2027-05-01,wk inc flu hosp,3,18,quantile,0.99,14,2027-05-22
2027-05-01,wk inc flu hosp,3,19,quantile,0.01,0,2027-05-22
2027-05-01,wk inc flu hosp,3,19,quantile,0.025,0,2027-05-22
2027-05-01,wk inc flu hosp,3,19,quantile,0.05,0,2027-05-22
2027-05-01,wk inc flu hosp,3,19,quantile,0.1,0,2027-05-22
2027-05-01,wk inc flu hosp,3,19,quantile,0.15,0,2027-05-22
2027-05-01,wk inc flu hosp,3,19,quantile,0.2,0,2027-05-22
2027-05-01,wk inc flu hosp,3,19,quantile,0.25,0,2027-05-22
2027-05-01,wk inc flu hosp,3,19,quantile,0.3,0,2027-05-22
2027-05-01,wk inc flu hosp,3,19,quantile,0.35,0,2027-05-22
2027-05-01,wk inc flu hosp,3,19,quantile,0.4,0,2027-05-22
2027-05-01,wk inc flu hosp,3,19,quantile,0.45,0,2027-05-22
2027-05-01,wk inc flu hosp,3,19,quantile,0.5,0,2027-05-22
2027-05-01,wk inc flu hosp,3,19,quantile,0.55,0,2027-05-22
2027-05-01,wk inc flu hosp,3,19,quantile,0.6,0,2027-05-22
2027-05-01,wk inc flu hosp,3,19,quantile,0.65,0,2027-05-22
2027-05-01,wk inc flu hosp,3,19,quantile,0.7,0,2027-05-22
2027-05-01,wk inc flu hosp,3,19,quantile,0.75,1,2027-05-22
2027-05-01,wk inc flu hosp,3,19,quantile,0.8,1,2027-05-22
2027-05-01,wk inc flu hosp,3,19,quantile,0.85,1,2027-05-22
2027-05-01,wk inc flu hosp,3,19,quantile,0.9,2,2027-05-22
2027-05-01,wk inc flu hosp,3,19,quantile,0.95,2,2027-05-22
2027-05-01,wk inc flu hosp,3,19,quantile,0.975,3,2027-05-22
2027-05-01,wk inc flu hosp,3,19,quantile,0.99,4,2027-05-22
2027-05-01,wk inc flu hosp,3,20,quantile,0.01,0,2027-05-22
2027-05-01,wk inc flu hosp,3,20,quantile,0.025,0,2027-05-22
2027-05-01,wk inc flu hosp,3,20,quantile,0.05,0,2027-05-22
2027-05-01,wk inc flu hosp,3,20,quantile,0.1,0,2027-05-22
2027-05-01,wk inc flu hosp,3,20,quantile,0.15,0,2027-05-22
2027-05-01,wk inc flu hosp,3,20,quantile,0.2,0,2027-05-22
2027-05-01,wk inc flu hosp,3,20,quantile,0.25,0,2027-05-22
2027-05-01,wk inc flu hosp,3,20,quantile,0.3,0,2027-05-22
2027-05-01,wk inc flu hosp,3,20,quantile,0.35,1,2027-05-22
2027-05-01,wk inc flu hosp,3,20,quantile,0.4,1,2027-05-22
2027-05-01,wk inc flu hosp,3,20,quantile,0.45,1,2027-05-22
2027-05-01,wk inc flu hosp,3,20,quantile,0.5,2,2027-05-22
2027-05-01,wk inc flu hosp,3,20,quantile,0.55,2,2027-05-22
2027-05-01,wk inc flu hosp,3,20,quantile,0.6,3,2027-05-22
2027-05-01,wk inc flu hosp,3,20,quantile,0.65,3,2027-05-22
2027-05-01,wk inc flu hosp,3,20,quantile,0.7,4,2027-05-22
2027-05-01,wk inc flu hosp,3,20,quantile,0.75,4,2027-05-22
2027-05-01,wk inc flu hosp,3,20,quantile,0.8,4,2027-05-22
2027-05-01,wk inc flu hosp,3,20,quantile,0.85,5,2027-05-22
2027-05-01,wk inc flu hosp,3,20,quantile,0.9,7,2027-05-22
2027-05-01,wk inc flu hosp,3,20,quantile,0.95,7,2027-05-22
2027-05-01,wk inc flu hosp,3,20,quantile,0.975,8,2027-05-22
2027-05-01,wk inc flu hosp,3,20,quantile,0.99,9,2027-05-22
2027-05-01,wk inc flu hosp,3,21,quantile,0.01,0,2027-05-22
2027-05-01,wk inc flu hosp,3,21,quantile,0.025,0,2027-05-22
2027-05-01,wk inc flu hosp,3,21,quantile,0.05,1,2027-05-22
2027-05-01,wk inc flu hosp,3,21,quantile,0.1,1,2027-05-22
2027-05-01,wk inc flu hosp,3,21,quantile,0.15,1,2027-05-22
2027-05-01,wk inc flu hosp,3,21,quantile,0.2,2,2027-05-22
2027-05-01,wk inc flu hosp,3,21,quantile,0.25,2,2027-05-22
2027-05-01,wk inc flu hosp,3,21,quantile,0.3,2,2027-05-22
2027-05-01,wk inc flu hosp,3,21,quantile,0.35,3,2027-05-22
2027-05-01,wk inc flu hosp,3,21,quantile,0.4,3,2027-05-22
2027-05-01,wk inc flu hosp,3,21,quantile,0.45,4,2027-05-22
2027-05-01,wk inc flu hosp,3,21,quantile,0.5,4,2027-05-22
2027-05-01,wk inc flu hosp,3,21,quantile,0.55,4,2027-05-22
2027-05-01,wk inc flu hosp,3,21,quantile,0.6,5,2027-05-22
2027-05-01,wk inc flu hosp,3,21,quantile,0.65,5,2027-05-22
2027-05-01,wk inc flu hosp,3,21,quantile,0.7,5,2027-05-22
2027-05-01,wk inc flu hosp,3,21,quantile,0.75,6,2027-05-22
2027-05-01,wk inc flu hosp,3,21,quantile,0.8,6,2027-05-22
2027-05-01,wk inc flu hosp,3,21,quantile,0.85,7,2027-05-22
2027-05-01,wk inc flu hosp,3,21,quantile,0.9,8,2027-05-22
2027-05-01,wk inc flu hosp,3,21,quantile,0.95,10,2027-05-22
2027-05-01,wk inc flu hosp,3,21,quantile,0.975,10,2027-05-22
2027-05-01,wk inc flu hosp,3,21,quantile,0.99,11,2027-05-22
2027-05-01,wk inc flu hosp,3,22,quantile,0.01,5,2027-05-22
2027-05-01,wk inc flu hosp,3,22,quantile,0.025,6,2027-05-22
2027-05-01,wk inc flu hosp,3,22,quantile,0.05,7,2027-05-22
2027-05-01,wk inc flu hosp,3,22,quantile,0.1,9,2027-05-22
2027-05-01,wk inc flu hosp,3,22,quantile,0.15,11,2027-05-22
2027-05-01,wk inc flu hosp,3,22,quantile,0.2,12,2027-05-22
2027-05-01,wk inc flu hosp,3,22,quantile,0.25,13,2027-05-22
2027-05-01,wk inc flu hosp,3,22,quantile,0.3,14,2027-05-22
2027-05-01,wk inc flu hosp,3,22,quantile,0.35,15,2027-05-22
2027-05-01,wk inc flu hosp,3,22,quantile,0.4,16,2027-05-22
2027-05-01,wk inc flu hosp,3,22,quantile,0.45,16,2027-05-22
2027-05-01,wk inc flu hosp,3,22,quantile,0.5,18,2027-05-22
2027-05-01,wk inc flu hosp,3,22,quantile,0.55,18,2027-05-22
2027-05-01,wk inc flu hosp,3,22,quantile,0.6,19,2027-05-22
2027-05-01,wk inc flu hosp,3,22,quantile,0.65,20,2027-05-22
2027-05-01,wk inc flu hosp,3,22,quantile,0.7,21,2027-05-22
2027-05-01,wk inc flu hosp,3,22,quantile,0.75,21,2027-05-22
2027-05-01,wk inc flu hosp,3,22,quantile,0.8,22,2027-05-22
2027-05-01,wk inc flu hosp,3,22,quantile,0.85,24,2027-05-22
2027-05-01,wk inc flu hosp,3,22,quantile,0.9,26,2027-05-22
2027-05-01,wk inc flu hosp,3,22,quantile,0.95,29,2027-05-22
2027-05-01,wk inc flu hosp,3,22,quantile,0.975,29,2027-05-22
2027-05-01,wk inc flu hosp,3,22,quantile,0.99,34,2027-05-22
2027-05-01,wk inc flu hosp,3,23,quantile,0.01,0,2027-05-22
2027-05-01,wk inc flu hosp,3,23,quantile,0.025,0,2027-05-22
2027-05-01,wk inc flu hosp,3,23,quantile,0.05,0,2027-05-22
2027-05-01,wk inc flu hosp,3,23,quantile,0.1,0,2027-05-22
2027-05-01,wk inc flu hosp,3,23,quantile,0.15,0,2027-05-22
2027-05-01,wk inc flu hosp,3,23,quantile,0.2,0,2027-05-22
2027-05-01,wk inc flu hosp,3,23,quantile,0.25,0,2027-05-22
2027-05-01,wk inc flu hosp,3,23,quantile,0.3,0,2027-05-22
2027-05-01,wk inc flu hosp,3,23,quantile,0.35,0,2027-05-22
2027-05-01,wk inc flu hosp,3,23,quantile,0.4,0,2027-05-22
2027-05-01,wk inc flu hosp,3,23,quantile,0.45,0,2027-05-22
2027-05-01,wk inc flu hosp,3,23,quantile,0.5,0,2027-05-22
2027-05-01,wk inc flu hosp,3,23,quantile,0.55,0,2027-05-22
2027-05-01,wk inc flu hosp,3,23,quantile,0.6,0,2027-05-22
2027-05-01,wk inc flu hosp,3,23,quantile,0.65,0,2027-05-22
2027-05-01,wk inc flu hosp,3,23,quantile,0.7,1,2027-05-22
2027-05-01,wk inc flu hosp,3,23,quantile,0.75,1,2027-05-22
2027-05-01,wk inc flu hosp,3,23,quantile,0.8,1,2027-05-22
2027-05-01,wk inc flu hosp,3,23,quantile,0.85,1,2027-05-22
2027-05-01,wk inc flu hosp,3,23,quantile,0.9,2,2027-05-22
2027-05-01,wk inc flu hosp,3,23,quantile,0.95,3,2027-05-22
2027-05-01,wk inc flu hosp,3,23,quantile,0.975,4,2027-05-22
2027-05-01,wk inc flu hosp,3,23,quantile,0.99,6,2027-05-22
2027-05-01,wk inc flu hosp,3,24,quantile,0.01,2,2027-05-22
2027-05-01,wk inc flu hosp,3,24,quantile,0.025,2,2027-05-22
2027-05-01,wk inc flu hosp,3,24,quantile,0.05,4,2027-05-22
2027-05-01,wk inc flu hosp,3,24,quantile,0.1,6,2027-05-22
2027-05-01,wk inc flu hosp,3,24,quantile,0.15,6,2027-05-22
2027-05-01,wk inc flu hosp,3,24,quantile,0.2,7,2027-05-22
2027-05-01,wk inc flu hosp,3,24,quantile,0.25,7,2027-05-22
2027-05-01,wk inc flu hosp,3,24,quantile,0.3,8,2027-05-22
2027-05-01,wk inc flu hosp,3,24,quantile,0.35,8,2027-05-22
2027-05-01,wk inc flu hosp,3,24,quantile,0.4,9,2027-05-22
2027-05-01,wk inc flu hosp,3,24,quantile,0.45,10,2027-05-22
2027-05-01,wk inc flu hosp,3,24,quantile,0.5,10,2027-05-22
2027-05-01,wk inc flu hosp,3,24,quantile,0.55,11,2027-05-22
2027-05-01,wk inc flu hosp,3,24,quantile,0.6,11,2027-05-22
2027-05-01,wk inc flu hosp,3,24,quantile,0.65,12,2027-05-22
2027-05-01,wk inc flu hosp,3,24,quantile,0.7,13,2027-05-22
2027-05-01,wk inc flu hosp,3,24,quantile,0.75,13,2027-05-22
2027-05-01,wk inc flu hosp,3,24,quantile,0.8,14,2027-05-22
2027-05-01,wk inc flu hosp,3,24,quantile,0.85,15,2027-05-22
2027-05-01,wk inc flu hosp,3,24,quantile,0.9,16,2027-05-22
2027-05-01,wk inc flu hosp,3,24,quantile,0.95,19,2027-05-22
2027-05-01,wk inc flu hosp,3,24,quantile,0.975,20,2027-05-22
2027-05-01,wk inc flu hosp,3,24,quantile,0.99,21,2027-05-22
2027-05-01,wk inc flu hosp,3,25,quantile,0.01,1,2027-05-22
2027-05-01,wk inc flu hosp,3,25,quantile,0.025,2,2027-05-22
2027-05-01,wk inc flu hosp,3,25,quantile,0.05,2,2027-05-22
2027-05-01,wk inc flu hosp,3,25,quantile,0.1,3,2027-05-22
2027-05-01,wk inc flu hosp,3,25,quantile,0.15,3,2027-05-22
2027-05-01,wk inc flu hosp,3,25,quantile,0.2,4,2027-05-22
2027-05-01,wk inc flu hosp,3,25,quantile,0.25,4,2027-05-22
2027-05-01,wk inc flu hosp,3,25,quantile,0.3,5,2027-05-22
2027-05-01,wk inc flu hosp,3,25,quantile,0.35,5,2027-05-22
2027-05-01,wk inc flu hosp,3,25,quantile,0.4,6,2027-05-22
2027-05-01,wk inc flu hosp,3,25,quantile,0.45,6,2027-05-22
2027-05-01,wk inc flu hosp,3,25,quantile,0.5,7,2027-05-22
2027-05-01,wk inc flu hosp,3,25,quantile,0.55,7,2027-05-22
2027-05-01,wk inc flu hosp,3,25,quantile,0.6,7,2027-05-22
2027-05-01,wk inc flu hosp,3,25,quantile,0.65,8,2027-05-22
2027-05-01,wk inc flu hosp,3,25,quantile,0.7,9,2027-05-22
2027-05-01,wk inc flu hosp,3,25,quantile,0.75,10,2027-05-22
2027-05-01,wk inc flu hosp,3,25,quantile,0.8,10,2027-05-22
2027-05-01,wk inc flu hosp,3,25,quantile,0.85,11,2027-05-22
2027-05-01,wk inc flu hosp,3,25,quantile,0.9,12,2027-05-22
2027-05-01,wk inc flu hosp,3,25,quantile,0.95,15,2027-05-22
2027-05-01,wk inc flu hosp,3,25,quantile,0.975,17,2027-05-22
2027-05-01,wk inc flu hosp,3,25,quantile,0.99,19,2027-05-22
2027-05-01,wk inc flu hosp,3,26,quantile,0.01,8,2027-05-22
2027-05-01,wk inc flu hosp,3,26,quantile,0.025,9,2027-05-22
2027-05-01,wk inc flu hosp,3,26,quantile,0.05,10,2027-05-22
2027-05-01,wk inc flu hosp,3,26,quantile,0.1,13,2027-05-22
2027-05-01,wk inc flu hosp,3,26,quantile,0.15,14,2027-05-22
2027-05-01,wk inc flu hosp,3,26,quantile,0.2,15,2027-05-22
2027-05-01,wk inc flu hosp,3,26,quantile,0.25,16,2027-05-22
2027-05-01,wk inc flu hosp,3,26,quantile,0.3,17,2027-05-22
2027-05-01,wk inc flu hosp,3,26,quantile,0.35,18,2027-05-22
2027-05-01,wk inc flu hosp,3,26,quantile,0.4,18,2027-05-22
2027-05-01,wk inc flu hosp,3,26,quantile,0.45,19,2027-05-22
2027-05-01,wk inc flu hosp,3,26,quantile,0.5,20,2027-05-22
2027-05-01,wk inc flu hosp,3,26,quantile,0.55,21,2027-05-22
2027-05-01,wk inc flu hosp,3,26,quantile,0.6,21,2027-05-22
2027-05-01,wk inc flu hosp,3,26,quantile,0.65,22,2027-05-22
2027-05-01,wk inc flu hosp,3,26,quantile,0.7,23,2027-05-22
2027-05-01,wk inc flu hosp,3,26,quantile,0.75,24,2027-05-22
2027-05-01,wk inc flu hosp,3,26,quantile,0.8,24,2027-05-22
2027-05-01,wk inc flu hosp,3,26,quantile,0.85,25,2027-05-22
2027-05-01,wk inc flu hosp,3,26,quantile,0.9,28,2027-05-22
2027-05-01,wk inc flu hosp,3,26,quantile,0.95,30,2027-05-22
2027-05-01,wk inc flu hosp,3,26,quantile,0.975,34,2027-05-22
2027-05-01,wk inc flu hosp,3,26,quantile,0.99,38,2027-05-22
2027-05-01,wk inc flu hosp,3,27,quantile,0.01,0,2027-05-22
2027-05-01,wk inc flu hosp,3,27,quantile,0.025,0,2027-05-22
2027-05-01,wk inc flu hosp,3,27,quantile,0.05,0,2027-05-22
2027-05-01,wk inc flu hosp,3,27,quantile,0.1,0,2027-05-22
2027-05-01,wk inc flu hosp,3,27,quantile,0.15,0,2027-05-22
2027-05-01,wk inc flu hosp,3,27,quantile,0.2,0,2027-05-22
2027-05-01,wk inc flu hosp,3,27,quantile,0.25,0,2027-05-22
2027-05-01,wk inc flu hosp,3,27,quantile,0.3,1,2027-05-22
2027-05-01,wk inc flu hosp,3,27,quantile,0.35,1,2027-05-22
2027-05-01,wk inc flu hosp,3,27,quantile,0.4,1,2027-05-22
2027-05-01,wk inc flu hosp,3,27,quantile,0.45,2,2027-05-22
2027-05-01,wk inc flu hosp,3,27,quantile,0.5,2,2027-05-22
2027-05-01,wk inc flu hosp,3,27,quantile,0.55,2,2027-05-22
2027-05-01,wk inc flu hosp,3,27,quantile,0.6,3,2027-05-22
2027-05-01,wk inc flu hosp,3,27,quantile,0.65,3,2027-05-22
2027-05-01,wk inc flu hosp,3,27,quantile,0.7,4,2027-05-22
2027-05-01,wk inc flu hosp,3,27,quantile,0.75,5,2027-05-22
2027-05-01,wk inc flu hosp,3,27,quantile,0.8,6,2027-05-22
2027-05-01,wk inc flu hosp,3,27,quantile,0.85,6,2027-05-22
2027-05-01,wk inc flu hosp,3,27,quantile,0.9,7,2027-05-22
2027-05-01,wk inc flu hosp,3,27,quantile,0.95,8,2027-05-22
2027-05-01,wk inc flu hosp,3,27,quantile,0.975,11,2027-05-22
2027-05-01,wk inc flu hosp,3,27,quantile,0.99,15,2027-05-22
2027-05-01,wk inc flu hosp,3,28,quantile,0.01,1,2027-05-22
2027-05-01,wk inc flu hosp,3,28,quantile,0.025,2,2027-05-22
2027-05-01,wk inc flu hosp,3,28,quantile,0.05,3,2027-05-22
2027-05-01,wk inc flu hosp,3,28,quantile,0.1,4,2027-05-22
2027-05-01,wk inc flu hosp,3,28,quantile,0.15,5,2027-05-22
2027-05-01,wk inc flu hosp,3,28,quantile,0.2,5,2027-05-22
2027-05-01,wk inc flu hosp,3,28,quantile,0.25,6,2027-05-22
2027-05-01,wk inc flu hosp,3,28,quantile,0.3,7,2027-05-22
2027-05-01,wk inc flu hosp,3,28,quantile,0.35,8,2027-05-22
2027-05-01,wk inc flu hosp,3,28,quantile,0.4,9,2027-05-22
2027-05-01,wk inc flu hosp,3,28,quantile,0.45,9,2027-05-22
2027-05-01,wk inc flu hosp,3,28,quantile,0.5,10,2027-05-22
2027-05-01,wk inc flu hosp,3,28,quantile,0.55,10,2027-05-22
2027-05-01,wk inc flu hosp,3,28,quantile,0.6,11,2027-05-22
2027-05-01,wk inc flu hosp,3,28,quantile,0.65,11,2027-05-22
2027-05-01,wk inc flu hosp,3,28,quantile,0.7,12,2027-05-22
2027-05-01,wk inc flu hosp,3,28,quantile,0.75,13,2027-05-22
2027-05-01,wk inc flu hosp,3,28,quantile,0.8,14,2027-05-22
2027-05-01,wk inc flu hosp,3,28,quantile,0.85,14,2027-05-22
2027-05-01,wk inc flu hosp,3,28,quantile,0.9,16,2027-05-22
2027-05-01,wk inc flu hosp,3,28,quantile,0.95,18,2027-05-22
2027-05-01,wk inc flu hosp,3,28,quantile,0.975,20,2027-05-22
2027-05-01,wk inc flu hosp,3,28,quantile,0.99,22,2027-05-22
2027-05-01,wk inc flu hosp,3,29,quantile,0.01,4,2027-05-22
2027-05-01,wk inc flu hosp,3,29,quantile,0.025,4,2027-05-22
2027-05-01,wk inc flu hosp,3,29,quantile,0.05,5,2027-05-22
2027-05-01,wk inc flu hosp,3,29,quantile,0.1,6,2027-05-22
2027-05-01,wk inc flu hosp,3,29,quantile,0.15,7,2027-05-22
2027-05-01,wk inc flu hosp,3,29,quantile,0.2,8,2027-05-22
2027-05-01,wk inc flu hosp,3,29,quantile,0.25,8,2027-05-22
2027-05-01,wk inc flu hosp,3,29,quantile,0.3,9,2027-05-22
2027-05-01,wk inc flu hosp,3,29,quantile,0.35,10,2027-05-22
2027-05-01,wk inc flu hosp,3,29,quantile,0.4,10,2027-05-22
2027-05-01,wk inc flu hosp,3,29,quantile,0.45,11,2027-05-22
2027-05-01,wk inc flu hosp,3,29,quantile,0.5,11,2027-05-22
2027-05-01,wk inc flu hosp,3,29,quantile,0.55,12,2027-05-22
2027-05-01,wk inc flu hosp,3,29,quantile,0.6,12,2027-05-22
2027-05-01,wk inc flu hosp,3,29,quantile,0.65,13,2027-05-22
2027-05-01,wk inc flu hosp,3,29,quantile,0.7,13,2027-05-22
2027-05-01,wk inc flu hosp,3,29,quantile,0.75,14,2027-05-22
2027-05-01,wk inc flu hosp,3,29,quantile,0.8,15,2027-05-22
2027-05-01,wk inc flu hosp,3,29,quantile,0.85,15,2027-05-22
2027-05-01,wk inc flu hosp,3,29,quantile,0.9,16,2027-05-22
2027-05-01,wk inc flu hosp,3,29,quantile,0.95,19,2027-05-22
2027-05-01,wk inc flu hosp,3,29,quantile,0.975,23,2027-05-22
2027-05-01,wk inc flu hosp,3,29,quantile,0.99,24,2027-05-22
2027-05-01,wk inc flu hosp,3,30,quantile,0.01,0,2027-05-22
2027-05-01,wk inc flu hosp,3,30,quantile,0.025,0,2027-05-22
2027-05-01,wk inc flu hosp,3,30,quantile,0.05,0,2027-05-22
2027-05-01,wk inc flu hosp,3,30,quantile,0.1,0,2027-05-22
2027-05-01,wk inc flu hosp,3,30,quantile,0.15,0,2027-05-22
2027-05-01,wk inc flu hosp,3,30,quantile,0.2,0,2027-05-22
2027-05-01,wk inc flu hosp,3,30,quantile,0.25,0,2027-05-22
2027-05-01,wk inc flu hosp,3,30,quantile,0.3,0,2027-05-22
2027-05-01,wk inc flu hosp,3,30,quantile,0.35,0,2027-05-22
2027-05-01,wk inc flu hosp,3,30,quantile,0.4,0,2027-05-22
2027-05-01,wk inc flu hosp,3,30,quantile,0.45,0,2027-05-22
2027-05-01,wk inc flu hosp,3,30,quantile,0.5,0,2027-05-22
2027-05-01,wk inc flu hosp,3,30,quantile,0.55,0,2027-05-22
2027-05-01,wk inc flu hosp,3,30,quantile,0.6,0,2027-05-22
2027-05-01,wk inc flu hosp,3,30,quantile,0.65,0,2027-05-22
2027-05-01,wk inc flu hosp,3,30,quantile,0.7,1,2027-05-22
2027-05-01,wk inc flu hosp,3,30,quantile,0.75,1,2027-05-22
2027-05-01,wk inc flu hosp,3,30,quantile,0.8,1,2027-05-22
2027-05-01,wk inc flu hosp,3,30,quantile,0.85,2,2027-05-22
2027-05-01,wk inc flu hosp,3,30,quantile,0.9,2,2027-05-22
2027-05-01,wk inc flu hosp,3,30,quantile,0.95,3,2027-05-22
2027-05-01,wk inc flu hosp,3,30,quantile,0.975,4,2027-05-22
2027-05-01,wk inc flu hosp,3,30,quantile,0.99,6,2027-05-22
2027-05-01,wk inc flu hosp,3,31,quantile,0.01,0,2027-05-22
2027-05-01,wk inc flu hosp,3,31,quantile,0.025,0,2027-05-22
2027-05-01,wk inc flu hosp,3,31,quantile,0.05,0,2027-05-22
2027-05-01,wk inc flu hosp,3,31,quantile,0.1,0,2027-05-22
2027-05-01,wk inc flu hosp,3,31,quantile,0.15,0,2027-05-22
2027-05-01,wk inc flu hosp,3,31,quantile,0.2,0,2027-05-22
2027-05-01,wk inc flu hosp,3,31,quantile,0.25,0,2027-05-22
2027-05-01,wk inc flu hosp,3,31,quantile,0.3,0,2027-05-22
2027-05-01,wk inc flu hosp,3,31,quantile,0.35,0,2027-05-22
2027-05-01,wk inc flu hosp,3,31,quantile,0.4,0,2027-05-22
2027-05-01,wk inc flu hosp,3,31,quantile,0.45,0,2027-05-22
2027-05-01,wk inc flu hosp,3,31,quantile,0.5,0,2027-05-22
2027-05-01,wk inc flu hosp,3,31,quantile,0.55,0,2027-05-22
2027-05-01,wk inc flu hosp,3,31,quantile,0.6,0,2027-05-22
2027-05-01,wk inc flu hosp,3,31,quantile,0.65,0,2027-05-22
2027-05-01,wk inc flu hosp,3,31,quantile,0.7,0,2027-05-22
2027-05-01,wk inc flu hosp,3,31,quantile,0.75,0,2027-05-22
2027-05-01,wk inc flu hosp,3,31,quantile,0.8,0,2027-05-22
2027-05-01,wk inc flu hosp,3,31,quantile,0.85,0,2027-05-22
2027-05-01,wk inc flu hosp,3,31,quantile,0.9,0,2027-05-22
2027-05-01,wk inc flu hosp,3,31,quantile,0.95,1,2027-05-22
2027-05-01,wk inc flu hosp,3,31,quantile,0.975,2,2027-05-22
2027-05-01,wk inc flu hosp,3,31,quantile,0.99,3,2027-05-22
2027-05-01,wk inc flu hosp,3,32,quantile,0.01,5,2027-05-22
2027-05-01,wk inc flu hosp,3,32,quantile,0.025,6,2027-05-22
2027-05-01,wk inc flu hosp,3,32,quantile,0.05,8,2027-05-22
2027-05-01,wk inc flu hosp,3,32,quantile,0.1,9,2027-05-22
2027-05-01,wk inc flu hosp,3,32,quantile,0.15,10,2027-05-22
2027-05-01,wk inc flu hosp,3,32,quantile,0.2,11,2027-05-22
2027-05-01,wk inc flu hosp,3,32,quantile,0.25,12,2027-05-22
2027-05-01,wk inc flu hosp,3,32,quantile,0.3,12,2027-05-22
2027-05-01,wk inc flu hosp,3,32,quantile,0.35,13,2027-05-22
2027-05-01,wk inc flu hosp,3,32,quantile,0.4,13,2027-05-22
2027-05-01,wk inc flu hosp,3,32,quantile,0.45,14,2027-05-22
2027-05-01,wk inc flu hosp,3,32,quantile,0.5,15,2027-05-22
2027-05-01,wk inc flu hosp,3,32,quantile,0.55,16,2027-05-22
2027-05-01,wk inc flu hosp,3,32,quantile,0.6,17,2027-05-22
2027-05-01,wk inc flu hosp,3,32,quantile,0.65,17,2027-05-22
2027-05-01,wk inc flu hosp,3,32,quantile,0.7,18,2027-05-22
2027-05-01,wk inc flu hosp,3,32,quantile,0.75,18,2027-05-22
2027-05-01,wk inc flu hosp,3,32,quantile,0.8,20,2027-05-22
2027-05-01,wk inc flu hosp,3,32,quantile,0.85,22,2027-05-22
2027-05-01,wk inc flu hosp,3,32,quantile,0.9,23,2027-05-22
2027-05-01,wk inc flu hosp,3,32,quantile,0.95,26,2027-05-22
2027-05-01,wk inc flu hosp,3,32,quantile,0.975,31,2027-05-22
2027-05-01,wk inc flu hosp,3,32,quantile,0.99,36,2027-05-22
2027-05-01,wk inc flu hosp,3,33,quantile,0.01,0,2027-05-22
2027-05-01,wk inc flu hosp,3,33,quantile,0.025,0,2027-05-22
2027-05-01,wk inc flu hosp,3,33,quantile,0.05,0,2027-05-22
2027-05-01,wk inc flu hosp,3,33,quantile,0.1,0,2027-05-22
2027-05-01,wk inc flu hosp,3,33,quantile,0.15,0,2027-05-22
2027-05-01,wk inc flu hosp,3,33,quantile,0.2,0,2027-05-22
2027-05-01,wk inc flu hosp,3,33,quantile,0.25,0,2027-05-22
2027-05-01,wk inc flu hosp,3,33,quantile,0.3,0,2027-05-22
2027-05-01,wk inc flu hosp,3,33,quantile,0.35,0,2027-05-22
2027-05-01,wk inc flu hosp,3,33,quantile,0.4,0,2027-05-22
2027-05-01,wk inc flu hosp,3,33,quantile,0.45,0,2027-05-22
2027-05-01,wk inc flu hosp,3,33,quantile,0.5,0,2027-05-22
2027-05-01,wk inc flu hosp,3,33,quantile,0.55,0,2027-05-22
2027-05-01,wk inc flu hosp,3,33,quantile,0.6,0,2027-05-22
2027-05-01,wk inc flu hosp,3,33,quantile,0.65,0,2027-05-22
2027-05-01,wk inc flu hosp,3,33,quantile,0.7,0,2027-05-22
2027-05-01,wk inc flu hosp,3,33,quantile,0.75,0,2027-05-22
2027-05-01,wk inc flu hosp,3,33,quantile,0.8,0,2027-05-22
2027-05-01,wk inc flu hosp,3,33,quantile,0.85,0,2027-05-22
2027-05-01,wk inc flu hosp,3,33,quantile,0.9,0,2027-05-22
2027-05-01,wk inc flu hosp,3,33,quantile,0.95,0,2027-05-22
2027-05-01,wk inc flu hosp,3,33,quantile,0.975,1,2027-05-22
2027-05-01,wk inc flu hosp,3,33,quantile,0.99,1,2027-05-22
2027-05-01,wk inc flu hosp,3,34,quantile,0.01,9,2027-05-22
2027-05-01,wk inc flu hosp,3,34,quantile,0.025,11,2027-05-22
2027-05-01,wk inc flu hosp,3,34,quantile,0.05,13,2027-05-22
2027-05-01,wk inc flu hosp,3,34,quantile,0.1,15,2027-05-22
2027-05-01,wk inc flu hosp,3,34,quantile,0.15,16,2027-05-22
2027-05-01,wk inc flu hosp,3,34,quantile,0.2,17,2027-05-22
2027-05-01,wk inc flu hosp,3,34,quantile,0.25,18,2027-05-22
2027-05-01,wk inc flu hosp,3,34,quantile,0.3,19,2027-05-22
2027-05-01,wk inc flu hosp,3,34,quantile,0.35,20,2027-05-22
2027-05-01,wk inc flu hosp,3,34,quantile,0.4,21,2027-05-22
2027-05-01,wk inc flu hosp,3,34,quantile,0.45,22,2027-05-22
2027-05-01,wk inc flu hosp,3,34,quantile,0.5,23,2027-05-22
2027-05-01,wk inc flu hosp,3,34,quantile,0.55,25,2027-05-22
2027-05-01,wk inc flu hosp,3,34,quantile,0.6,26,2027-05-22
2027-05-01,wk inc flu hosp,3,34,quantile,0.65,26,2027-05-22
2027-05-01,wk inc flu hosp,3,34,quantile,0.7,28,2027-05-22
2027-05-01,wk inc flu hosp,3,34,quantile,0.75,29,2027-05-22
2027-05-01,wk inc flu hosp,3,34,quantile,0.8,29,2027-05-22
2027-05-01,wk inc flu hosp,3,34,quantile,0.85,32,2027-05-22
2027-05-01,wk inc flu hosp,3,34,quantile,0.9,34,2027-05-22
2027-05-01,wk inc flu hosp,3,34,quantile,0.95,37,2027-05-22
2027-05-01,wk inc flu hosp,3,34,quantile,0.975,42,2027-05-22
2027-05-01,wk inc flu hosp,3,34,quantile,0.99,48,2027-05-22
2027-05-01,wk inc flu hosp,3,35,quantile,0.01,1,2027-05-22
2027-05-01,wk inc flu hosp,3,35,quantile,0.025,2,2027-05-22
2027-05-01,wk inc flu hosp,3,35,quantile,0.05,3,2027-05-22
2027-05-01,wk inc flu hosp,3,35,quantile,0.1,3,2027-05-22
2027-05-01,wk inc flu hosp,3,35,quantile,0.15,4,2027-05-22
2027-05-01,wk inc flu hosp,3,35,quantile,0.2,5,2027-05-22
2027-05-01,wk inc flu hosp,3,35,quantile,0.25,5,2027-05-22
2027-05-01,wk inc flu hosp,3,35,quantile,0.3,5,2027-05-22
2027-05-01,wk inc flu hosp,3,35,quantile,0.35,6,2027-05-22
2027-05-01,wk inc flu hosp,3,35,quantile,0.4,6,2027-05-22
2027-05-01,wk inc flu hosp,3,35,quantile,0.45,6,2027-05-22
2027-05-01,wk inc flu hosp,3,35,quantile,0.5,6,2027-05-22
2027-05-01,wk inc flu hosp,3,35,quantile,0.55,7,2027-05-22
2027-05-01,wk inc flu hosp,3,35,quantile,0.6,7,2027-05-22
2027-05-01,wk inc flu hosp,3,35,quantile,0.65,8,2027-05-22
2027-05-01,wk inc flu hosp,3,35,quantile,0.7,9,2027-05-22
2027-05-01,wk inc flu hosp,3,35,quantile,0.75,9,2027-05-22
2027-05-01,wk inc flu hosp,3,35,quantile,0.8,9,2027-05-22
2027-05-01,wk inc flu hosp,3,35,quantile,0.85,11,2027-05-22
2027-05-01,wk inc flu hosp,3,35,quantile,0.9,12,2027-05-22
2027-05-01,wk inc flu hosp,3,35,quantile,0.95,15,2027-05-22
2027-05-01,wk inc flu hosp,3,35,quantile,0.975,16,2027-05-22
2027-05-01,wk inc flu hosp,3,35,quantile,0.99,17,2027-05-22
2027-05-01,wk inc flu hosp,3,36,quantile,0.01,12,2027-05-22
2027-05-01,wk inc flu hosp,3,36,quantile,0.025,13,2027-05-22
2027-05-01,wk inc flu hosp,3,36,quantile,0.05,16,2027-05-22
2027-05-01,wk inc flu hosp,3,36,quantile,0.1,17,2027-05-22
2027-05-01,wk inc flu hosp,3,36,quantile,0.15,19,2027-05-22
2027-05-01,wk inc flu hosp,3,36,quantile,0.2,20,2027-05-22
2027-05-01,wk inc flu hosp,3,36,quantile,0.25,21,2027-05-22
2027-05-01,wk inc flu hosp,3,36,quantile,0.3,23,2027-05-22
2027-05-01,wk inc flu hosp,3,36,quantile,0.35,24,2027-05-22
2027-05-01,wk inc flu hosp,3,36,quantile,0.4,25,2027-05-22
2027-05-01,wk inc flu hosp,3,36,quantile,0.45,26,2027-05-22
2027-05-01,wk inc flu hosp,3,36,quantile,0.5,27,2027-05-22
2027-05-01,wk inc flu hosp,3,36,quantile,0.55,27,2027-05-22
2027-05-01,wk inc flu hosp,3,36,quantile,0.6,28,2027-05-22
2027-05-01,wk inc flu hosp,3,36,quantile,0.65,29,2027-05-22
2027-05-01,wk inc flu hosp,3,36,quantile,0.7,30,2027-05-22
2027-05-01,wk inc flu hosp,3,36,quantile,0.75,31,2027-05-22
2027-05-01,wk inc flu hosp,3,36,quantile,0.8,32,2027-05-22
2027-05-01,wk inc flu hosp,3,36,quantile,0.85,34,2027-05-22
2027-05-01,wk inc flu hosp,3,36,quantile,0.9,35,2027-05-22
2027-05-01,wk inc flu hosp,3,36,quantile,0.95,37,2027-05-22
2027-05-01,wk inc flu hosp,3,36,quantile,0.975,40,2027-05-22
2027-05-01,wk inc flu hosp,3,36,quantile,0.99,41,2027-05-22
2027-05-01,wk inc flu hosp,3,37,quantile,0.01,0,2027-05-22
2027-05-01,wk inc flu hosp,3,37,quantile,0.025,0,2027-05-22
2027-05-01,wk inc flu hosp,3,37,quantile,0.05,0,2027-05-22
2027-05-01,wk inc flu hosp,3,37,quantile,0.1,0,2027-05-22
2027-05-01,wk inc flu hosp,3,37,quantile,0.15,0,2027-05-22
2027-05-01,wk inc flu hosp,3,37,quantile,0.2,0,2027-05-22
2027-05-01,wk inc flu hosp,3,37,quantile,0.25,1,2027-05-22
2027-05-01,wk inc flu hosp,3,37,quantile,0.3,1,2027-05-22
2027-05-01,wk inc flu hosp,3,37,quantile,0.35,1,2027-05-22
2027-05-01,wk inc flu hosp,3,37,quantile,0.4,2,2027-05-22
2027-05-01,wk inc flu hosp,3,37,quantile,0.45,2,2027-05-22
2027-05-01,wk inc flu hosp,3,37,quantile,0.5,2,2027-05-22
2027-05-01,wk inc flu hosp,3,37,quantile,0.55,3,2027-05-22
2027-05-01,wk inc flu hosp,3,37,quantile,0.6,3,2027-05-22
2027-05-01,wk inc flu hosp,3,37,quantile,0.65,4,2027-05-22
2027-05-01,wk inc flu hosp,3,37,quantile,0.7,4,2027-05-22
2027-05-01,wk inc flu hosp,3,37,quantile,0.75,5,2027-05-22
2027-05-01,wk inc flu hosp,3,37,quantile,0.8,6,2027-05-22
2027-05-01,wk inc flu hosp,3,37,quantile,0.85,6,2027-05-22
2027-05-01,wk inc flu hosp,3,37,quantile,0.9,8,2027-05-22
2027-05-01,wk inc flu hosp,3,37,quantile,0.95,10,2027-05-22
2027-05-01,wk inc flu hosp,3,37,quantile,0.975,11,2027-05-22
2027-05-01,wk inc flu hosp,3,37,quantile,0.99,14,2027-05-22
2027-05-01,wk inc flu hosp,3,38,quantile,0.01,0,2027-05-22
2027-05-01,wk inc flu hosp,3,38,quantile,0.025,0,2027-05-22
2027-05-01,wk inc flu hosp,3,38,quantile,0.05,0,2027-05-22
2027-05-01,wk inc flu hosp,3,38,quantile,0.1,0,2027-05-22
2027-05-01,wk inc flu hosp,3,38,quantile,0.15,0,2027-05-22
2027-05-01,wk inc flu hosp,3,38,quantile,0.2,0,2027-05-22
2027-05-01,wk inc flu hosp,3,38,quantile,0.25,0,2027-05-22
2027-05-01,wk inc flu hosp,3,38,quantile,0.3,0,2027-05-22
2027-05-01,wk inc flu hosp,3,38,quantile,0.35,0,2027-05-22
2027-05-01,wk inc flu hosp,3,38,quantile,0.4,0,2027-05-22
2027-05-01,wk inc flu hosp,3,38,quantile,0.45,0,2027-05-22
2027-05-01,wk inc flu hosp,3,38,quantile,0.5,0,2027-05-22
2027-05-01,wk inc flu hosp,3,38,quantile,0.55,1,2027-05-22
2027-05-01,wk inc flu hosp,3,38,quantile,0.6,1,2027-05-22
2027-05-01,wk inc flu hosp,3,38,quantile,0.65,1,2027-05-22
2027-05-01,wk inc flu hosp,3,38,quantile,0.7,2,2027-05-22
2027-05-01,wk inc flu hosp,3,38,quantile,0.75,2,2027-05-22
2027-05-01,wk inc flu hosp,3,38,quantile,0.8,2,2027-05-22
2027-05-01,wk inc flu hosp,3,38,quantile,0.85,3,2027-05-22
2027-05-01,wk inc flu hosp,3,38,quantile,0.9,3,2027-05-22
2027-05-01,wk inc flu hosp,3,38,quantile,0.95,4,2027-05-22
2027-05-01,wk inc flu hosp,3,38,quantile,0.975,5,2027-05-22
2027-05-01,wk inc flu hosp,3,38,quantile,0.99,5,2027-05-22
2027-05-01,wk inc flu hosp,3,39,quantile,0.01,0,2027-05-22
2027-05-01,wk inc flu hosp,3,39,quantile,0.025,0,2027-05-22
2027-05-01,wk inc flu hosp,3,39,quantile,0.05,0,2027-05-22
2027-05-01,wk inc flu hosp,3,39,quantile,0.1,1,2027-05-22
2027-05-01,wk inc flu hosp,3,39,quantile,0.15,2,2027-05-22
2027-05-01,wk inc flu hosp,3,39,quantile,0.2,2,2027-05-22
2027-05-01,wk inc flu hosp,3,39,quantile,0.25,3,2027-05-22
2027-05-01,wk inc flu hosp,3,39,quantile,0.3,3,2027-05-22
2027-05-01,wk inc flu hosp,3,39,quantile,0.35,3,2027-05-22
2027-05-01,wk inc flu hosp,3,39,quantile,0.4,4,2027-05-22
2027-05-01,wk inc flu hosp,3,39,quantile,0.45,4,2027-05-22
2027-05-01,wk inc flu hosp,3,39,quantile,0.5,5,2027-05-22
2027-05-01,wk inc flu hosp,3,39,quantile,0.55,5,2027-05-22
2027-05-01,wk inc flu hosp,3,39,quantile,0.6,5,2027-05-22
2027-05-01,wk inc flu hosp,3,39,quantile,0.65,6,2027-05-22
2027-05-01,wk inc flu hosp,3,39,quantile,0.7,6,2027-05-22
2027-05-01,wk inc flu hosp,3,39,quantile,0.75,7,2027-05-22
2027-05-01,wk inc flu hosp,3,39,quantile,0.8,7,2027-05-22
2027-05-01,wk inc flu hosp,3,39,quantile,0.85,8,2027-05-22
2027-05-01,wk inc flu hosp,3,39,quantile,0.9,9,2027-05-22
2027-05-01,wk inc flu hosp,3,39,quantile,0.95,10,2027-05-22
2027-05-01,wk inc flu hosp,3,39,quantile,0.975,12,2027-05-22
2027-05-01,wk inc flu hosp,3,39,quantile,0.99,13,2027-05-22
2027-05-01,wk inc flu hosp,3,40,quantile,0.01,0,2027-05-22
2027-05-01,wk inc flu hosp,3,40,quantile,0.025,0,2027-05-22
2027-05-01,wk inc flu hosp,3,40,quantile,0.05,1,2027-05-22
2027-05-01,wk inc flu hosp,3,40,quantile,0.1,1,2027-05-22
2027-05-01,wk inc flu hosp,3,40,quantile,0.15,2,2027-05-22
2027-05-01,wk inc flu hosp,3,40,quantile,0.2,2,2027-05-22
2027-05-01,wk inc flu hosp,3,40,quantile,0.25,2,2027-05-22
2027-05-01,wk inc flu hosp,3,40,quantile,0.3,3,2027-05-22
2027-05-01,wk inc flu hosp,3,40,quantile,0.35,4,2027-05-22
2027-05-01,wk inc flu hosp,3,40,quantile,0.4,5,2027-05-22
2027-05-01,wk inc flu hosp,3,40,quantile,0.45,5,2027-05-22
2027-05-01,wk inc flu hosp,3,40,quantile,0.5,6,2027-05-22
2027-05-01,wk inc flu hosp,3,40,quantile,0.55,6,2027-05-22
2027-05-01,wk inc flu hosp,3,40,quantile,0.6,6,2027-05-22
2027-05-01,wk inc flu hosp,3,40,quantile,0.65,7,2027-05-22
2027-05-01,wk inc flu hosp,3,40,quantile,0.7,8,2027-05-22
2027-05-01,wk inc flu hosp,3,40,quantile,0.75,8,2027-05-22
2027-05-01,wk inc flu hosp,3,40,quantile,0.8,9,2027-05-22
2027-05-01,wk inc flu hosp,3,40,quantile,0.85,10,2027-05-22
2027-05-01,wk inc flu hosp,3,40,quantile,0.9,13,2027-05-22
2027-05-01,wk inc flu hosp,3,40,quantile,0.95,14,2027-05-22
2027-05-01,wk inc flu hosp,3,40,quantile,0.975,15,2027-05-22
2027-05-01,wk inc flu hosp,3,40,quantile,0.99,16,2027-05-22
2027-05-01,wk inc flu hosp,3,41,quantile,0.01,1,2027-05-22
2027-05-01,wk inc flu hosp,3,41,quantile,0.025,1,2027-05-22
2027-05-01,wk inc flu hosp,3,41,quantile,0.05,2,2027-05-22
2027-05-01,wk inc flu hosp,3,41,quantile,0.1,3,2027-05-22
2027-05-01,wk inc flu hosp,3,41,quantile,0.15,4,2027-05-22
2027-05-01,wk inc flu hosp,3,41,quantile,0.2,5,2027-05-22
2027-05-01,wk inc flu hosp,3,41,quantile,0.25,6,2027-05-22
2027-05-01,wk inc flu hosp,3,41,quantile,0.3,7,2027-05-22
2027-05-01,wk inc flu hosp,3,41,quantile,0.35,7,2027-05-22
2027-05-01,wk inc flu hosp,3,41,quantile,0.4,8,2027-05-22
2027-05-01,wk inc flu hosp,3,41,quantile,0.45,9,2027-05-22
2027-05-01,wk inc flu hosp,3,41,quantile,0.5,10,2027-05-22
2027-05-01,wk inc flu hosp,3,41,quantile,0.55,10,2027-05-22
2027-05-01,wk inc flu hosp,3,41,quantile,0.6,11,2027-05-22
2027-05-01,wk inc flu hosp,3,41,quantile,0.65,11,2027-05-22
2027-05-01,wk inc flu hosp,3,41,quantile,0.7,12,2027-05-22
2027-05-01,wk inc flu hosp,3,41,quantile,0.75,13,2027-05-22
2027-05-01,wk inc flu hosp,3,41,quantile,0.8,14,2027-05-22
2027-05-01,wk inc flu hosp,3,41,quantile,0.85,15,2027-05-22
2027-05-01,wk inc flu hosp,3,41,quantile,0.9,16,2027-05-22
2027-05-01,wk inc flu hosp,3,41,quantile,0.95,18,2027-05-22
2027-05-01,wk inc flu hosp,3,41,quantile,0.975,20,2027-05-22
2027-05-01,wk inc flu hosp,3,41,quantile,0.99,21,2027-05-22
2027-05-01,wk inc flu hosp,3,42,quantile,0.01,49,2027-05-22
2027-05-01,wk inc flu hosp,3,42,quantile,0.025,57,2027-05-22
2027-05-01,wk inc flu hosp,3,42,quantile,0.05,61,2027-05-22
2027-05-01,wk inc flu hosp,3,42,quantile,0.1,67,2027-05-22
2027-05-01,wk inc flu hosp,3,42,quantile,0.15,71,2027-05-22
2027-05-01,wk inc flu hosp,3,42,quantile,0.2,74,2027-05-22
2027-05-01,wk inc flu hosp,3,42,quantile,0.25,77,2027-05-22
2027-05-01,wk inc flu hosp,3,42,quantile,0.3,81,2027-05-22
2027-05-01,wk inc flu hosp,3,42,quantile,0.35,85,2027-05-22
2027-05-01,wk inc flu hosp,3,42,quantile,0.4,87,2027-05-22
2027-05-01,wk inc flu hosp,3,42,quantile,0.45,90,2027-05-22
2027-05-01,wk inc flu hosp,3,42,quantile,0.5,92,2027-05-22
2027-05-01,wk inc flu hosp,3,42,quantile,0.55,95,2027-05-22
2027-05-01,wk inc flu hosp,3,42,quantile,0.6,98,2027-05-22
2027-05-01,wk inc flu hosp,3,42,quantile,0.65,102,2027-05-22
2027-05-01,wk inc flu hosp,3,42,quantile,0.7,106,2027-05-22
2027-05-01,wk inc flu hosp,3,42,quantile,0.75,110,2027-05-22
2027-05-01,wk inc flu hosp,3,42,quantile,0.8,112,2027-05-22
2027-05-01,wk inc flu hosp,3,42,quantile,0.85,119,2027-05-22
2027-05-01,wk inc flu hosp,3,42,quantile,0.9,129,2027-05-22
2027-05-01,wk inc flu hosp,3,42,quantile,0.95,135,2027-05-22
2027-05-01,wk inc flu hosp,3,42,quantile,0.975,150,2027-05-22
2027-05-01,wk inc flu hosp,3,42,quantile,0.99,169,2027-05-22
2027-05-01,wk inc flu hosp,3,44,quantile,0.01,0,2027-05-22
2027-05-01,wk inc flu hosp,3,44,quantile,0.025,0,2027-05-22
2027-05-01,wk inc flu hosp,3,44,quantile,0.05,0,2027-05-22
2027-05-01,wk inc flu hosp,3,44,quantile,0.1,0,2027-05-22
2027-05-01,wk inc flu hosp,3,44,quantile,0.15,0,2027-05-22
2027-05-01,wk inc flu hosp,3,44,quantile,0.2,0,2027-05-22
2027-05-01,wk inc flu hosp,3,44,quantile,0.25,0,2027-05-22
2027-05-01,wk inc flu hosp,3,44,quantile,0.3,0,2027-05-22
2027-05-01,wk inc flu hosp,3,44,quantile,0.35,0,2027-05-22
2027-05-01,wk inc flu hosp,3,44,quantile,0.4,0,2027-05-22
2027-05-01,wk inc flu hosp,3,44,quantile,0.45,0,2027-05-22
2027-05-01,wk inc flu hosp,3,44,quantile,0.5,0,2027-05-22
2027-05-01,wk inc flu hosp,3,44,quantile,0.55,0,2027-05-22
2027-05-01,wk inc flu hosp,3,44,quantile,0.6,0,2027-05-22
2027-05-01,wk inc flu hosp,3,44,quantile,0.65,0,2027-05-22
2027-05-01,wk inc flu hosp,3,44,quantile,0.7,0,2027-05-22
2027-05-01,wk inc flu hosp,3,44,quantile,0.75,0,2027-05-22
2027-05-01,wk inc flu hosp,3,44,quantile,0.8,1,2027-05-22
2027-05-01,wk inc flu hosp,3,44,quantile,0.85,1,2027-05-22
2027-05-01,wk inc flu hosp,3,44,quantile,0.9,2,2027-05-22
2027-05-01,wk inc flu hosp,3,44,quantile,0.95,3,2027-05-22
2027-05-01,wk inc flu hosp,3,44,quantile,0.975,4,2027-05-22
2027-05-01,wk inc flu hosp,3,44,quantile,0.99,7,2027-05-22
2027-05-01,wk inc flu hosp,3,45,quantile,0.01,1,2027-05-22
2027-05-01,wk inc flu hosp,3,45,quantile,0.025,2,2027-05-22
2027-05-01,wk inc flu hosp,3,45,quantile,0.05,2,2027-05-22
2027-05-01,wk inc flu hosp,3,45,quantile,0.1,4,2027-05-22
2027-05-01,wk inc flu hosp,3,45,quantile,0.15,5,2027-05-22
2027-05-01,wk inc flu hosp,3,45,quantile,0.2,5,2027-05-22
2027-05-01,wk inc flu hosp,3,45,quantile,0.25,6,2027-05-22
2027-05-01,wk inc flu hosp,3,45,quantile,0.3,7,2027-05-22
2027-05-01,wk inc flu hosp,3,45,quantile,0.35,7,2027-05-22
2027-05-01,wk inc flu hosp,3,45,quantile,0.4,8,2027-05-22
2027-05-01,wk inc flu hosp,3,45,quantile,0.45,9,2027-05-22
2027-05-01,wk inc flu hosp,3,45,quantile,0.5,10,2027-05-22
2027-05-01,wk inc flu hosp,3,45,quantile,0.55,10,2027-05-22
2027-05-01,wk inc flu hosp,3,45,quantile,0.6,11,2027-05-22
2027-05-01,wk inc flu hosp,3,45,quantile,0.65,12,2027-05-22
2027-05-01,wk inc flu hosp,3,45,quantile,0.7,12,2027-05-22
2027-05-01,wk inc flu hosp,3,45,quantile,0.75,13,2027-05-22
2027-05-01,wk inc flu hosp,3,45,quantile,0.8,14,2027-05-22
2027-05-01,wk inc flu hosp,3,45,quantile,0.85,16,2027-05-22
2027-05-01,wk inc flu hosp,3,45,quantile,0.9,18,2027-05-22
2027-05-01,wk inc flu hosp,3,45,quantile,0.95,20,2027-05-22
2027-05-01,wk inc flu hosp,3,45,quantile,0.975,21,2027-05-22
2027-05-01,wk inc flu hosp,3,45,quantile,0.99,23,2027-05-22
2027-05-01,wk inc flu hosp,3,46,quantile,0.01,0,2027-05-22
2027-05-01,wk inc flu hosp,3,46,quantile,0.025,0,2027-05-22
2027-05-01,wk inc flu hosp,3,46,quantile,0.05,0,2027-05-22
2027-05-01,wk inc flu hosp,3,46,quantile,0.1,0,2027-05-22
2027-05-01,wk inc flu hosp,3,46,quantile,0.15,0,2027-05-22
2027-05-01,wk inc flu hosp,3,46,quantile,0.2,0,2027-05-22
2027-05-01,wk inc flu hosp,3,46,quantile,0.25,0,2027-05-22
2027-05-01,wk inc flu hosp,3,46,quantile,0.3,0,2027-05-22
2027-05-01,wk inc flu hosp,3,46,quantile,0.35,0,2027-05-22
2027-05-01,wk inc flu hosp,3,46,quantile,0.4,0,2027-05-22
2027-05-01,wk inc flu hosp,3,46,quantile,0.45,0,2027-05-22
2027-05-01,wk inc flu hosp,3,46,quantile,0.5,1,2027-05-22
2027-05-01,wk inc flu hosp,3,46,quantile,0.55,1,2027-05-22
2027-05-01,wk inc flu hosp,3,46,quantile,0.6,1,2027-05-22
2027-05-01,wk inc flu hosp,3,46,quantile,0.65,1,2027-05-22
2027-05-01,wk inc flu hosp,3,46,quantile,0.7,2,2027-05-22
2027-05-01,wk inc flu hosp,3,46,quantile,0.75,2,2027-05-22
2027-05-01,wk inc flu hosp,3,46,quantile,0.8,3,2027-05-22
2027-05-01,wk inc flu hosp,3,46,quantile,0.85,3,2027-05-22
2027-05-01,wk inc flu hosp,3,46,quantile,0.9,4,2027-05-22
2027-05-01,wk inc flu hosp,3,46,quantile,0.95,5,2027-05-22
2027-05-01,wk inc flu hosp,3,46,quantile,0.975,5,2027-05-22
2027-05-01,wk inc flu hosp,3,46,quantile,0.99,7,2027-05-22
2027-05-01,wk inc flu hosp,3,47,quantile,0.01,10,2027-05-22
2027-05-01,wk inc flu hosp,3,47,quantile,0.025,11,2027-05-22
2027-05-01,wk inc flu hosp,3,47,quantile,0.05,11,2027-05-22
2027-05-01,wk inc flu hosp,3,47,quantile,0.1,13,2027-05-22
2027-05-01,wk inc flu hosp,3,47,quantile,0.15,15,2027-05-22
2027-05-01,wk inc flu hosp,3,47,quantile,0.2,17,2027-05-22
2027-05-01,wk inc flu hosp,3,47,quantile,0.25,17,2027-05-22
2027-05-01,wk inc flu hosp,3,47,quantile,0.3,18,2027-05-22
2027-05-01,wk inc flu hosp,3,47,quantile,0.35,19,2027-05-22
2027-05-01,wk inc flu hosp,3,47,quantile,0.4,20,2027-05-22
2027-05-01,wk inc flu hosp,3,47,quantile,0.45,21,2027-05-22
2027-05-01,wk inc flu hosp,3,47,quantile,0.5,21,2027-05-22
2027-05-01,wk inc flu hosp,3,47,quantile,0.55,22,2027-05-22
2027-05-01,wk inc flu hosp,3,47,quantile,0.6,23,2027-05-22
2027-05-01,wk inc flu hosp,3,47,quantile,0.65,24,2027-05-22
2027-05-01,wk inc flu hosp,3,47,quantile,0.7,25,2027-05-22
2027-05-01,wk inc flu hosp,3,47,quantile,0.75,26,2027-05-22
2027-05-01,wk inc flu hosp,3,47,quantile,0.8,27,2027-05-22
2027-05-01,wk inc flu hosp,3,47,quantile,0.85,28,2027-05-22
2027-05-01,wk inc flu hosp,3,47,quantile,0.9,31,2027-05-22
2027-05-01,wk inc flu hosp,3,47,quantile,0.95,33,2027-05-22
2027-05-01,wk inc flu hosp,3,47,quantile,0.975,35,2027-05-22
2027-05-01,wk inc flu hosp,3,47,quantile,0.99,37,2027-05-22
2027-05-01,wk inc flu hosp,3,48,quantile,0.01,22,2027-05-22
2027-05-01,wk inc flu hosp,3,48,quantile,0.025,27,2027-05-22
2027-05-01,wk inc flu hosp,3,48,quantile,0.05,29,2027-05-22
2027-05-01,wk inc flu hosp,3,48,quantile,0.1,33,2027-05-22
2027-05-01,wk inc flu hosp,3,48,quantile,0.15,38,2027-05-22
2027-05-01,wk inc flu hosp,3,48,quantile,0.2,39,2027-05-22
2027-05-01,wk inc flu hosp,3,48,quantile,0.25,43,2027-05-22
2027-05-01,wk inc flu hosp,3,48,quantile,0.3,44,2027-05-22
2027-05-01,wk inc flu hosp,3,48,quantile,0.35,46,2027-05-22
2027-05-01,wk inc flu hosp,3,48,quantile,0.4,48,2027-05-22
2027-05-01,wk inc flu hosp,3,48,quantile,0.45,50,2027-05-22
2027-05-01,wk inc flu hosp,3,48,quantile,0.5,52,2027-05-22
2027-05-01,wk inc flu hosp,3,48,quantile,0.55,53,2027-05-22
2027-05-01,wk inc flu hosp,3,48,quantile,0.6,56,2027-05-22
2027-05-01,wk inc flu hosp,3,48,quantile,0.65,58,2027-05-22
2027-05-01,wk inc flu hosp,3,48,quantile,0.7,59,2027-05-22
2027-05-01,wk inc flu hosp,3,48,quantile,0.75,62,2027-05-22
2027-05-01,wk inc flu hosp,3,48,quantile,0.8,64,2027-05-22
2027-05-01,wk inc flu hosp,3,48,quantile,0.85,67,2027-05-22
2027-05-01,wk inc flu hosp,3,48,quantile,0.9,71,2027-05-22
2027-05-01,wk inc flu hosp,3,48,quantile,0.95,81,2027-05-22
2027-05-01,wk inc flu hosp,3,48,quantile,0.975,89,2027-05-22
2027-05-01,wk inc flu hosp,3,48,quantile,0.99,94,2027-05-22
2027-05-01,wk inc flu hosp,3,49,quantile,0.01,0,2027-05-22
2027-05-01,wk inc flu hosp,3,49,quantile,0.025,0,2027-05-22
2027-05-01,wk inc flu hosp,3,49,quantile,0.05,0,2027-05-22
2027-05-01,wk inc flu hosp,3,49,quantile,0.1,1,2027-05-22
2027-05-01,wk inc flu hosp,3,49,quantile,0.15,2,2027-05-22
2027-05-01,wk inc flu hosp,3,49,quantile,0.2,2,2027-05-22
2027-05-01,wk inc flu hosp,3,49,quantile,0.25,3,2027-05-22
2027-05-01,wk inc flu hosp,3,49,quantile,0.3,3,2027-05-22
2027-05-01,wk inc flu hosp,3,49,quantile,0.35,4,2027-05-22
2027-05-01,wk inc flu hosp,3,49,quantile,0.4,4,2027-05-22
2027-05-01,wk inc flu hosp,3,49,quantile,0.45,5,2027-05-22
2027-05-01,wk inc flu hosp,3,49,quantile,0.5,5,2027-05-22
2027-05-01,wk inc flu hosp,3,49,quantile,0.55,6,2027-05-22
2027-05-01,wk inc flu hosp,3,49,quantile,0.6,6,2027-05-22
2027-05-01,wk inc flu hosp,3,49,quantile,0.65,7,2027-05-22
2027-05-01,wk inc flu hosp,3,49,quantile,0.7,8,2027-05-22
2027-05-01,wk inc flu hosp,3,49,quantile,0.75,9,2027-05-22
2027-05-01,wk inc flu hosp,3,49,quantile,0.8,9,2027-05-22
2027-05-01,wk inc flu hosp,3,49,quantile,0.85,10,2027-05-22
2027-05-01,wk inc flu hosp,3,49,quantile,0.9,11,2027-05-22
2027-05-01,wk inc flu hosp,3,49,quantile,0.95,13,2027-05-22
2027-05-01,wk inc flu hosp,3,49,quantile,0.975,15,2027-05-22
2027-05-01,wk inc flu hosp,3,49,quantile,0.99,17,2027-05-22
2027-05-01,wk inc flu hosp,3,50,quantile,0.01,0,2027-05-22
2027-05-01,wk inc flu hosp,3,50,quantile,0.025,0,2027-05-22
2027-05-01,wk inc flu hosp,3,50,quantile,0.05,0,2027-05-22
2027-05-01,wk inc flu hosp,3,50,quantile,0.1,0,2027-05-22
2027-05-01,wk inc flu hosp,3,50,quantile,0.15,0,2027-05-22
2027-05-01,wk inc flu hosp,3,50,quantile,0.2,0,2027-05-22
2027-05-01,wk inc flu hosp,3,50,quantile,0.25,0,2027-05-22
2027-05-01,wk inc flu hosp,3,50,quantile,0.3,0,2027-05-22
2027-05-01,wk inc flu hosp,3,50,quantile,0.35,0,2027-05-22
2027-05-01,wk inc flu hosp,3,50,quantile,0.4,0,2027-05-22
2027-05-01,wk inc flu hosp,3,50,quantile,0.45,0,2027-05-22
2027-05-01,wk inc flu hosp,3,50,quantile,0.5,0,2027-05-22
2027-05-01,wk inc flu hosp,3,50,quantile,0.55,0,2027-05-22
2027-05-01,wk inc flu hosp,3,50,quantile,0.6,0,2027-05-22
2027-05-01,wk inc flu hosp,3,50,quantile,0.65,0,2027-05-22
2027-05-01,wk inc flu hosp,3,50,quantile,0.7,0,2027-05-22
2027-05-01,wk inc flu hosp,3,50,quantile,0.75,0,2027-05-22
2027-05-01,wk inc flu hosp,3,50,quantile,0.8,0,2027-05-22
2027-05-01,wk inc flu hosp,3,50,quantile,0.85,0,2027-05-22
2027-05-01,wk inc flu hosp,3,50,quantile,0.9,0,2027-05-22
2027-05-01,wk inc flu hosp,3,50,quantile,0.95,1,2027-05-22
2027-05-01,wk inc flu hosp,3,50,quantile,0.975,1,2027-05-22
2027-05-01,wk inc flu hosp,3,50,quantile,0.99,1,2027-05-22
2027-05-01,wk inc flu hosp,3,51,quantile,0.01,8,2027-05-22
2027-05-01,wk inc flu hosp,3,51,quantile,0.025,11,2027-05-22
2027-05-01,wk inc flu hosp,3,51,quantile,0.05,12,2027-05-22
2027-05-01,wk inc flu hosp,3,51,quantile,0.1,15,2027-05-22
2027-05-01,wk inc flu hosp,3,51,quantile,0.15,15,2027-05-22
2027-05-01,wk inc flu hosp,3,51,quantile,0.2,17,2027-05-22
2027-05-01,wk inc flu hosp,3,51,quantile,0.25,19,2027-05-22
2027-05-01,wk inc flu hosp,3,51,quantile,0.3,20,2027-05-22
2027-05-01,wk inc flu hosp,3,51,quantile,0.35,21,2027-05-22
2027-05-01,wk inc flu hosp,3,51,quantile,0.4,21,2027-05-22
2027-05-01,wk inc flu hosp,3,51,quantile,0.45,22,2027-05-22
2027-05-01,wk inc flu hosp,3,51,quantile,0.5,23,2027-05-22
2027-05-01,wk inc flu hosp,3,51,quantile,0.55,24,2027-05-22
2027-05-01,wk inc flu hosp,3,51,quantile,0.6,25,2027-05-22
2027-05-01,wk inc flu hosp,3,51,quantile,0.65,26,2027-05-22
2027-05-01,wk inc flu hosp,3,51,quantile,0.7,27,2027-05-22
2027-05-01,wk inc flu hosp,3,51,quantile,0.75,29,2027-05-22
2027-05-01,wk inc flu hosp,3,51,quantile,0.8,30,2027-05-22
2027-05-01,wk inc flu hosp,3,51,quantile,0.85,32,2027-05-22
2027-05-01,wk inc flu hosp,3,51,quantile,0.9,34,2027-05-22
2027-05-01,wk inc flu hosp,3,51,quantile,0.95,36,2027-05-22
2027-05-01,wk inc flu hosp,3,51,quantile,0.975,39,2027-05-22
2027-05-01,wk inc flu hosp,3,51,quantile,0.99,42,2027-05-22
2027-05-01,wk inc flu hosp,3,53,quantile,0.01,6,2027-05-22
2027-05-01,wk inc flu hosp,3,53,quantile,0.025,7,2027-05-22
2027-05-01,wk inc flu hosp,3,53,quantile,0.05,9,2027-05-22
2027-05-01,wk inc flu hosp,3,53,quantile,0.1,10,2027-05-22
2027-05-01,wk inc flu hosp,3,53,quantile,0.15,11,2027-05-22
2027-05-01,wk inc flu hosp,3,53,quantile,0.2,13,2027-05-22
2027-05-01,wk inc flu hosp,3,53,quantile,0.25,13,2027-05-22
2027-05-01,wk inc flu hosp,3,53,quantile,0.3,14,2027-05-22
2027-05-01,wk inc flu hosp,3,53,quantile,0.35,15,2027-05-22
2027-05-01,wk inc flu hosp,3,53,quantile,0.4,17,2027-05-22
2027-05-01,wk inc flu hosp,3,53,quantile,0.45,17,2027-05-22
2027-05-01,wk inc flu hosp,3,53,quantile,0.5,18,2027-05-22
2027-05-01,wk inc flu hosp,3,53,quantile,0.55,19,2027-05-22
2027-05-01,wk inc flu hosp,3,53,quantile,0.6,20,2027-05-22
2027-05-01,wk inc flu hosp,3,53,quantile,0.65,20,2027-05-22
2027-05-01,wk inc flu hosp,3,53,quantile,0.7,21,2027-05-22
2027-05-01,wk inc flu hosp,3,53,quantile,0.75,22,2027-05-22
2027-05-01,wk inc flu hosp,3,53,quantile,0.8,23,2027-05-22
2027-05-01,wk inc flu hosp,3,53,quantile,0.85,25,2027-05-22
2027-05-01,wk inc flu hosp,3,53,quantile,0.9,26,2027-05-22
2027-05-01,wk inc flu hosp,3,53,quantile,0.95,30,2027-05-22
2027-05-01,wk inc flu hosp,3,53,quantile,0.975,34,2027-05-22
2027-05-01,wk inc flu hosp,3,53,quantile,0.99,37,2027-05-22
2027-05-01,wk inc flu hosp,3,54,quantile,0.01,0,2027-05-22
2027-05-01,wk inc flu hosp,3,54,quantile,0.025,0,2027-05-22
2027-05-01,wk inc flu hosp,3,54,quantile,0.05,0,2027-05-22
2027-05-01,wk inc flu hosp,3,54,quantile,0.1,0,2027-05-22
2027-05-01,wk inc flu hosp,3,54,quantile,0.15,0,2027-05-22
2027-05-01,wk inc flu hosp,3,54,quantile,0.2,0,2027-05-22
2027-05-01,wk inc flu hosp,3,54,quantile,0.25,0,2027-05-22
2027-05-01,wk inc flu hosp,3,54,quantile,0.3,0,2027-05-22
2027-05-01,wk inc flu hosp,3,54,quantile,0.35,0,2027-05-22
2027-05-01,wk inc flu hosp,3,54,quantile,0.4,0,2027-05-22
2027-05-01,wk inc flu hosp,3,54,quantile,0.45,0,2027-05-22
2027-05-01,wk inc flu hosp,3,54,quantile,0.5,0,2027-05-22
2027-05-01,wk inc flu hosp,3,54,quantile,0.55,0,2027-05-22
2027-05-01,wk inc flu hosp,3,54,quantile,0.6,0,2027-05-22
2027-05-01,wk inc flu hosp,3,54,quantile,0.65,0,2027-05-22
2027-05-01,wk inc flu hosp,3,54,quantile,0.7,0,2027-05-22
2027-05-01,wk inc flu hosp,3,54,quantile,0.75,0,2027-05-22
2027-05-01,wk inc flu hosp,3,54,quantile,0.8,0,2027-05-22
2027-05-01,wk inc flu hosp,3,54,quantile,0.85,0,2027-05-22
2027-05-01,wk inc flu hosp,3,54,quantile,0.9,0,2027-05-22
2027-05-01,wk inc flu hosp,3,54,quantile,0.95,0,2027-05-22
2027-05-01,wk inc flu hosp,3,54,quantile,0.975,1,2027-05-22
2027-05-01,wk inc flu hosp,3,54,quantile,0.99,1,2027-05-22
2027-05-01,wk inc flu hosp,3,55,quantile,0.01,0,2027-05-22
2027-05-01,wk inc flu hosp,3,55,quantile,0.025,0,2027-05-22
2027-05-01,wk inc flu hosp,3,55,quantile,0.05,0,2027-05-22
2027-05-01,wk inc flu hosp,3,55,quantile,0.1,0,2027-05-22
2027-05-01,wk inc flu hosp,3,55,quantile,0.15,0,2027-05-22
2027-05-01,wk inc flu hosp,3,55,quantile,0.2,0,2027-05-22
2027-05-01,wk inc flu hosp,3,55,quantile,0.25,0,2027-05-22
2027-05-01,wk inc flu hosp,3,55,quantile,0.3,0,2027-05-22
2027-05-01,wk inc flu hosp,3,55,quantile,0.35,0,2027-05-22
2027-05-01,wk inc flu hosp,3,55,quantile,0.4,0,2027-05-22
2027-05-01,wk inc flu hosp,3,55,quantile,0.45,0,2027-05-22
2027-05-01,wk inc flu hosp,3,55,quantile,0.5,1,2027-05-22
2027-05-01,wk inc flu hosp,3,55,quantile,0.55,1,2027-05-22
2027-05-01,wk inc flu hosp,3,55,quantile,0.6,1,2027-05-22
2027-05-01,wk inc flu hosp,3,55,quantile,0.65,1,2027-05-22
2027-05-01,wk inc flu hosp,3,55,quantile,0.7,2,2027-05-22
2027-05-01,wk inc flu hosp,3,55,quantile,0.75,2,2027-05-22
2027-05-01,wk inc flu hosp,3,55,quantile,0.8,2,2027-05-22
2027-05-01,wk inc flu hosp,3,55,quantile,0.85,3,2027-05-22
2027-05-01,wk inc flu hosp,3,55,quantile,0.9,3,2027-05-22
2027-05-01,wk inc flu hosp,3,55,quantile,0.95,6,2027-05-22
2027-05-01,wk inc flu hosp,3,55,quantile,0.975,6,2027-05-22
2027-05-01,wk inc flu hosp,3,55,quantile,0.99,7,2027-05-22
2027-05-01,wk inc flu hosp,3,56,quantile,0.01,0,2027-05-22
2027-05-01,wk inc flu hosp,3,56,quantile,0.025,0,2027-05-22
2027-05-01,wk inc flu hosp,3,56,quantile,0.05,0,2027-05-22
2027-05-01,wk inc flu hosp,3,56,quantile,0.1,0,2027-05-22
2027-05-01,wk inc flu hosp,3,56,quantile,0.15,0,2027-05-22
2027-05-01,wk inc flu hosp,3,56,quantile,0.2,1,2027-05-22
2027-05-01,wk inc flu hosp,3,56,quantile,0.25,1,2027-05-22
2027-05-01,wk inc flu hosp,3,56,quantile,0.3,2,2027-05-22
2027-05-01,wk inc flu hosp,3,56,quantile,0.35,2,2027-05-22
2027-05-01,wk inc flu hosp,3,56,quantile,0.4,3,2027-05-22
2027-05-01,wk inc flu hosp,3,56,quantile,0.45,3,2027-05-22
2027-05-01,wk inc flu hosp,3,56,quantile,0.5,4,2027-05-22
2027-05-01,wk inc flu hosp,3,56,quantile,0.55,4,2027-05-22
2027-05-01,wk inc flu hosp,3,56,quantile,0.6,5,2027-05-22
2027-05-01,wk inc flu hosp,3,56,quantile,0.65,5,2027-05-22
2027-05-01,wk inc flu hosp,3,56,quantile,0.7,6,2027-05-22
2027-05-01,wk inc flu hosp,3,56,quantile,0.75,7,2027-05-22
2027-05-01,wk inc flu hosp,3,56,quantile,0.8,7,2027-05-22
2027-05-01,wk inc flu hosp,3,56,quantile,0.85,9,2027-05-22
2027-05-01,wk inc flu hosp,3,56,quantile,0.9,9,2027-05-22
2027-05-01,wk inc flu hosp,3,56,quantile,0.95,12,2027-05-22
2027-05-01,wk inc flu hosp,3,56,quantile,0.975,12,2027-05-22
2027-05-01,wk inc flu hosp,3,56,quantile,0.99,15,2027-05-22
2027-05-01,wk inc flu hosp,3,72,quantile,0.01,31,2027-05-22
2027-05-01,wk inc flu hosp,3,72,quantile,0.025,32,2027-05-22
2027-05-01,wk inc flu hosp,3,72,quantile,0.05,42,2027-05-22
2027-05-01,wk inc flu hosp,3,72,quantile,0.1,46,2027-05-22
2027-05-01,wk inc flu hosp,3,72,quantile,0.15,53,2027-05-22
2027-05-01,wk inc flu hosp,3,72,quantile,0.2,56,2027-05-22
2027-05-01,wk inc flu hosp,3,72,quantile,0.25,59,2027-05-22
2027-05-01,wk inc flu hosp,3,72,quantile,0.3,61,2027-05-22
2027-05-01,wk inc flu hosp,3,72,quantile,0.35,66,2027-05-22
2027-05-01,wk inc flu hosp,3,72,quantile,0.4,68,2027-05-22
2027-05-01,wk inc flu hosp,3,72,quantile,0.45,72,2027-05-22
2027-05-01,wk inc flu hosp,3,72,quantile,0.5,75,2027-05-22
2027-05-01,wk inc flu hosp,3,72,quantile,0.55,79,2027-05-22
2027-05-01,wk inc flu hosp,3,72,quantile,0.6,84,2027-05-22
2027-05-01,wk inc flu hosp,3,72,quantile,0.65,88,2027-05-22
2027-05-01,wk inc flu hosp,3,72,quantile,0.7,94,2027-05-22
2027-05-01,wk inc flu hosp,3,72,quantile,0.75,105,2027-05-22
2027-05-01,wk inc flu hosp,3,72,quantile,0.8,109,2027-05-22
2027-05-01,wk inc flu hosp,3,72,quantile,0.85,115,2027-05-22
2027-05-01,wk inc flu hosp,3,72,quantile,0.9,123,2027-05-22
2027-05-01,wk inc flu hosp,3,72,quantile,0.95,143,2027-05-22
2027-05-01,wk inc flu hosp,3,72,quantile,0.975,158,2027-05-22
2027-05-01,wk inc flu hosp,3,72,quantile,0.99,170,2027-05-22
2027-05-01,wk inc flu hosp,3,USA,quantile,0.01,726,2027-05-22
2027-05-01,wk inc flu hosp,3,USA,quantile,0.025,740,2027-05-22
2027-05-01,wk inc flu hosp,3,USA,quantile,0.05,763,2027-05-22
2027-05-01,wk inc flu hosp,3,USA,quantile,0.1,787,2027-05-22
2027-05-01,wk inc flu hosp,3,USA,quantile,0.15,801,2027-05-22
2027-05-01,wk inc flu hosp,3,USA,quantile,0.2,813,2027-05-22
2027-05-01,wk inc flu hosp,3,USA,quantile,0.25,818,2027-05-22
2027-05-01,wk inc flu hosp,3,USA,quantile,0.3,830,2027-05-22
2027-05-01,wk inc flu hosp,3,USA,quantile,0.35,840,2027-05-22
2027-05-01,wk inc flu hosp,3,USA,quantile,0.4,846,2027-05-22
2027-05-01,wk inc flu hosp,3,USA,quantile,0.45,867,2027-05-22
2027-05-01,wk inc flu hosp,3,USA,quantile,0.5,874,2027-05-22
2027-05-01,wk inc flu hosp,3,USA,quantile,0.55,880,2027-05-22
2027-05-01,wk inc flu hosp,3,USA,quantile,0.6,890,2027-05-22
2027-05-01,wk inc flu hosp,3,USA,quantile,0.65,896,2027-05-22
2027-05-01,wk inc flu hosp,3,USA,quantile,0.7,908,2027-05-22
2027-05-01,wk inc flu hosp,3,USA,quantile,0.75,924,2027-05-22
2027-05-01,wk inc flu hosp,3,USA,quantile,0.8,942,2027-05-22
2027-05-01,wk inc flu hosp,3,USA,quantile,0.85,959,2027-05-22
2027-05-01,wk inc flu hosp,3,USA,quantile,0.9,976,2027-05-22
2027-05-01,wk inc flu hosp,3,USA,quantile,0.95,1020,2027-05-22
2027-05-01,wk inc flu hosp,3,USA,quantile,0.975,1073,2027-05-22
2027-05-01,wk inc flu hosp,3,USA,quantile,0.99,1090,2027-05-22
