reference_date,target,horizon,location,output_type,output_type_id,value,target_end_date
2026-12-19,wk inc flu hosp,0,01,quantile,0.01,70,2026-12-19
2026-12-19,wk inc flu hosp,0,01,quantile,0.025,79,2026-12-19
2026-12-19,wk inc flu hosp,0,01,quantile,0.05,86,2026-12-19
2026-12-19,wk inc flu hosp,0,01,quantile,0.1,93,2026-12-19
2026-12-19,wk inc flu hosp,0,01,quantile,0.15,96,2026-12-19
2026-12-19,wk inc flu hosp,0,01,quantile,0.2,99,2026-12-19
2026-12-19,wk inc flu hosp,0,01,quantile,0.25,104,2026-12-19
2026-12-19,wk inc flu hosp,0,01,quantile,0.3,108,2026-12-19
2026-12-19,wk inc flu hosp,0,01,quantile,0.35,112,2026-12-19
2026-12-19,wk inc flu hosp,0,01,quantile,0.4,114,2026-12-19
2026-12-19,wk inc flu hosp,0,01,quantile,0.45,116,2026-12-19
2026-12-19,wk inc flu hosp,0,01,quantile,0.5,119,2026-12-19
2026-12-19,wk inc flu hosp,0,01,quantile,0.55,121,2026-12-19
2026-12-19,wk inc flu hosp,0,01,quantile,0.6,125,2026-12-19
2026-12-19,wk inc flu hosp,0,01,quantile,0.65,128,2026-12-19
2026-12-19,wk inc flu hosp,0,01,quantile,0.7,132,2026-12-19
2026-12-19,wk inc flu hosp,0,01,quantile,0.75,135,2026-12-19
2026-12-19,wk inc flu hosp,0,01,quantile,0.8,139,2026-12-19
2026-12-19,wk inc flu hosp,0,01,quantile,0.85,144,2026-12-19
2026-12-19,wk inc flu hosp,0,01,quantile,0.9,153,2026-12-19
2026-12-19,wk inc flu hosp,0,01,quantile,0.95,171,2026-12-19
2026-12-19,wk inc flu hosp,0,01,quantile,0.975,181,2026-12-19
2026-12-19,wk inc flu hosp,0,01,quantile,0.99,188,2026-12-19
2026-12-19,wk inc flu hosp,0,02,quantile,0.01,2,2026-12-19
2026-12-19,wk inc flu hosp,0,02,quantile,0.025,2,2026-12-19
2026-12-19,wk inc flu hosp,0,02,quantile,0.05,2,2026-12-19
2026-12-19,wk inc flu hosp,0,02,quantile,0.1,4,2026-12-19
2026-12-19,wk inc flu hosp,0,02,quantile,0.15,5,2026-12-19
2026-12-19,wk inc flu hosp,0,02,quantile,0.2,6,2026-12-19
2026-12-19,wk inc flu hosp,0,02,quantile,0.25,6,2026-12-19
2026-12-19,wk inc flu hosp,0,02,quantile,0.3,6,2026-12-19
2026-12-19,wk inc flu hosp,0,02,quantile,0.35,7,2026-12-19
2026-12-19,wk inc flu hosp,0,02,quantile,0.4,7,2026-12-19
2026-12-19,wk inc flu hosp,0,02,quantile,0.45,8,2026-12-19
2026-12-19,wk inc flu hosp,0,02,quantile,0.5,9,2026-12-19
2026-12-19,wk inc flu hosp,0,02,quantile,0.55,9,2026-12-19
2026-12-19,wk inc flu hosp,0,02,quantile,0.6,10,2026-12-19
2026-12-19,wk inc flu hosp,0,02,quantile,0.65,10,2026-12-19
2026-12-19,wk inc flu hosp,0,02,quantile,0.7,11,2026-12-19
2026-12-19,wk inc flu hosp,0,02,quantile,0.75,11,2026-12-19
2026-12-19,wk inc flu hosp,0,02,quantile,0.8,12,2026-12-19
2026-12-19,wk inc flu hosp,0,02,quantile,0.85,14,2026-12-19
2026-12-19,wk inc flu hosp,0,02,quantile,0.9,15,2026-12-19
2026-12-19,wk inc flu hosp,0,02,quantile,0.95,17,2026-12-19
2026-12-19,wk inc flu hosp,0,02,quantile,0.975,20,2026-12-19
2026-12-19,wk inc flu hosp,0,02,quantile,0.99,21,2026-12-19
2026-12-19,wk inc flu hosp,0,04,quantile,0.01,187,2026-12-19
2026-12-19,wk inc flu hosp,0,04,quantile,0.025,213,2026-12-19
2026-12-19,wk inc flu hosp,0,04,quantile,0.05,224,2026-12-19
2026-12-19,wk inc flu hosp,0,04,quantile,0.1,245,2026-12-19
2026-12-19,wk inc flu hosp,0,04,quantile,0.15,255,2026-12-19
2026-12-19,wk inc flu hosp,0,04,quantile,0.2,260,2026-12-19
2026-12-19,wk inc flu hosp,0,04,quantile,0.25,267,2026-12-19
2026-12-19,wk inc flu hosp,0,04,quantile,0.3,273,2026-12-19
2026-12-19,wk inc flu hosp,0,04,quantile,0.35,281,2026-12-19
2026-12-19,wk inc flu hosp,0,04,quantile,0.4,286,2026-12-19
2026-12-19,wk inc flu hosp,0,04,quantile,0.45,293,2026-12-19
2026-12-19,wk inc flu hosp,0,04,quantile,0.5,298,2026-12-19
2026-12-19,wk inc flu hosp,0,04,quantile,0.55,302,2026-12-19
2026-12-19,wk inc flu hosp,0,04,quantile,0.6,310,2026-12-19
2026-12-19,wk inc flu hosp,0,04,quantile,0.65,319,2026-12-19
2026-12-19,wk inc flu hosp,0,04,quantile,0.7,327,2026-12-19
2026-12-19,wk inc flu hosp,0,04,quantile,0.75,336,2026-12-19
2026-12-19,wk inc flu hosp,0,04,quantile,0.8,342,2026-12-19
2026-12-19,wk inc flu hosp,0,04,quantile,0.85,351,2026-12-19
2026-12-19,wk inc flu hosp,0,04,quantile,0.9,363,2026-12-19
2026-12-19,wk inc flu hosp,0,04,quantile,0.95,378,2026-12-19
2026-12-19,wk inc flu hosp,0,04,quantile,0.975,384,2026-12-19
2026-12-19,wk inc flu hosp,0,04,quantile,0.99,428,2026-12-19
2026-12-19,wk inc flu hosp,0,05,quantile,0.01,21,2026-12-19
2026-12-19,wk inc flu hosp,0,05,quantile,0.025,22,2026-12-19
2026-12-19,wk inc flu hosp,0,05,quantile,0.05,23,2026-12-19
2026-12-19,wk inc flu hosp,0,05,quantile,0.1,26,2026-12-19
2026-12-19,wk inc flu hosp,0,05,quantile,0.15,28,2026-12-19
2026-12-19,wk inc flu hosp,0,05,quantile,0.2,30,2026-12-19
2026-12-19,wk inc flu hosp,0,05,quantile,0.25,32,2026-12-19
2026-12-19,wk inc flu hosp,0,05,quantile,0.3,33,2026-12-19
2026-12-19,wk inc flu hosp,0,05,quantile,0.35,34,2026-12-19
2026-12-19,wk inc flu hosp,0,05,quantile,0.4,36,2026-12-19
2026-12-19,wk inc flu hosp,0,05,quantile,0.45,37,2026-12-19
2026-12-19,wk inc flu hosp,0,05,quantile,0.5,38,2026-12-19
2026-12-19,wk inc flu hosp,0,05,quantile,0.55,39,2026-12-19
2026-12-19,wk inc flu hosp,0,05,quantile,0.6,40,2026-12-19
2026-12-19,wk inc flu hosp,0,05,quantile,0.65,41,2026-12-19
2026-12-19,wk inc flu hosp,0,05,quantile,0.7,42,2026-12-19
2026-12-19,wk inc flu hosp,0,05,quantile,0.75,44,2026-12-19
2026-12-19,wk inc flu hosp,0,05,quantile,0.8,45,2026-12-19
2026-12-19,wk inc flu hosp,0,05,quantile,0.85,47,2026-12-19
2026-12-19,wk inc flu hosp,0,05,quantile,0.9,51,2026-12-19
2026-12-19,wk inc flu hosp,0,05,quantile,0.95,56,2026-12-19
2026-12-19,wk inc flu hosp,0,05,quantile,0.975,58,2026-12-19
2026-12-19,wk inc flu hosp,0,05,quantile,0.99,63,2026-12-19
2026-12-19,wk inc flu hosp,0,06,quantile,0.01,409,2026-12-19
2026-12-19,wk inc flu hosp,0,06,quantile,0.025,432,2026-12-19
2026-12-19,wk inc flu hosp,0,06,quantile,0.05,448,2026-12-19
2026-12-19,wk inc flu hosp,0,06,quantile,0.1,476,2026-12-19
2026-12-19,wk inc flu hosp,0,06,quantile,0.15,500,2026-12-19
2026-12-19,wk inc flu hosp,0,06,quantile,0.2,521,2026-12-19
2026-12-19,wk inc flu hosp,0,06,quantile,0.25,537,2026-12-19
2026-12-19,wk inc flu hosp,0,06,quantile,0.3,547,2026-12-19
2026-12-19,wk inc flu hosp,0,06,quantile,0.35,559,2026-12-19
2026-12-19,wk inc flu hosp,0,06,quantile,0.4,565,2026-12-19
2026-12-19,wk inc flu hosp,0,06,quantile,0.45,575,2026-12-19
2026-12-19,wk inc flu hosp,0,06,quantile,0.5,583,2026-12-19
2026-12-19,wk inc flu hosp,0,06,quantile,0.55,590,2026-12-19
2026-12-19,wk inc flu hosp,0,06,quantile,0.6,607,2026-12-19
2026-12-19,wk inc flu hosp,0,06,quantile,0.65,623,2026-12-19
2026-12-19,wk inc flu hosp,0,06,quantile,0.7,634,2026-12-19
2026-12-19,wk inc flu hosp,0,06,quantile,0.75,654,2026-12-19
2026-12-19,wk inc flu hosp,0,06,quantile,0.8,660,2026-12-19
2026-12-19,wk inc flu hosp,0,06,quantile,0.85,669,2026-12-19
2026-12-19,wk inc flu hosp,0,06,quantile,0.9,690,2026-12-19
2026-12-19,wk inc flu hosp,0,06,quantile,0.95,749,2026-12-19
2026-12-19,wk inc flu hosp,0,06,quantile,0.975,771,2026-12-19
2026-12-19,wk inc flu hosp,0,06,quantile,0.99,820,2026-12-19
2026-12-19,wk inc flu hosp,0,08,quantile,0.01,75,2026-12-19
2026-12-19,wk inc flu hosp,0,08,quantile,0.025,80,2026-12-19
2026-12-19,wk inc flu hosp,0,08,quantile,0.05,93,2026-12-19
2026-12-19,wk inc flu hosp,0,08,quantile,0.1,101,2026-12-19
2026-12-19,wk inc flu hosp,0,08,quantile,0.15,107,2026-12-19
2026-12-19,wk inc flu hosp,0,08,quantile,0.2,112,2026-12-19
2026-12-19,wk inc flu hosp,0,08,quantile,0.25,115,2026-12-19
2026-12-19,wk inc flu hosp,0,08,quantile,0.3,117,2026-12-19
2026-12-19,wk inc flu hosp,0,08,quantile,0.35,122,2026-12-19
2026-12-19,wk inc flu hosp,0,08,quantile,0.4,125,2026-12-19
2026-12-19,wk inc flu hosp,0,08,quantile,0.45,127,2026-12-19
2026-12-19,wk inc flu hosp,0,08,quantile,0.5,129,2026-12-19
2026-12-19,wk inc flu hosp,0,08,quantile,0.55,131,2026-12-19
2026-12-19,wk inc flu hosp,0,08,quantile,0.6,135,2026-12-19
2026-12-19,wk inc flu hosp,0,08,quantile,0.65,137,2026-12-19
2026-12-19,wk inc flu hosp,0,08,quantile,0.7,140,2026-12-19
2026-12-19,wk inc flu hosp,0,08,quantile,0.75,145,2026-12-19
2026-12-19,wk inc flu hosp,0,08,quantile,0.8,151,2026-12-19
2026-12-19,wk inc flu hosp,0,08,quantile,0.85,157,2026-12-19
2026-12-19,wk inc flu hosp,0,08,quantile,0.9,163,2026-12-19
2026-12-19,wk inc flu hosp,0,08,quantile,0.95,174,2026-12-19
2026-12-19,wk inc flu hosp,0,08,quantile,0.975,180,2026-12-19
2026-12-19,wk inc flu hosp,0,08,quantile,0.99,212,2026-12-19
2026-12-19,wk inc flu hosp,0,09,quantile,0.01,65,2026-12-19
2026-12-19,wk inc flu hosp,0,09,quantile,0.025,68,2026-12-19
2026-12-19,wk inc flu hosp,0,09,quantile,0.05,71,2026-12-19
2026-12-19,wk inc flu hosp,0,09,quantile,0.1,75,2026-12-19
2026-12-19,wk inc flu hosp,0,09,quantile,0.15,79,2026-12-19
2026-12-19,wk inc flu hosp,0,09,quantile,0.2,82,2026-12-19
2026-12-19,wk inc flu hosp,0,09,quantile,0.25,85,2026-12-19
2026-12-19,wk inc flu hosp,0,09,quantile,0.3,88,2026-12-19
2026-12-19,wk inc flu hosp,0,09,quantile,0.35,92,2026-12-19
2026-12-19,wk inc flu hosp,0,09,quantile,0.4,95,2026-12-19
2026-12-19,wk inc flu hosp,0,09,quantile,0.45,96,2026-12-19
2026-12-19,wk inc flu hosp,0,09,quantile,0.5,98,2026-12-19
2026-12-19,wk inc flu hosp,0,09,quantile,0.55,101,2026-12-19
2026-12-19,wk inc flu hosp,0,09,quantile,0.6,103,2026-12-19
2026-12-19,wk inc flu hosp,0,09,quantile,0.65,106,2026-12-19
2026-12-19,wk inc flu hosp,0,09,quantile,0.7,107,2026-12-19
2026-12-19,wk inc flu hosp,0,09,quantile,0.75,110,2026-12-19
2026-12-19,wk inc flu hosp,0,09,quantile,0.8,114,2026-12-19
2026-12-19,wk inc flu hosp,0,09,quantile,0.85,120,2026-12-19
2026-12-19,wk inc flu hosp,0,09,quantile,0.9,123,2026-12-19
2026-12-19,wk inc flu hosp,0,09,quantile,0.95,133,2026-12-19
2026-12-19,wk inc flu hosp,0,09,quantile,0.975,157,2026-12-19
2026-12-19,wk inc flu hosp,0,09,quantile,0.99,158,2026-12-19
2026-12-19,wk inc flu hosp,0,10,quantile,0.01,11,2026-12-19
2026-12-19,wk inc flu hosp,0,10,quantile,0.025,13,2026-12-19
2026-12-19,wk inc flu hosp,0,10,quantile,0.05,15,2026-12-19
2026-12-19,wk inc flu hosp,0,10,quantile,0.1,16,2026-12-19
2026-12-19,wk inc flu hosp,0,10,quantile,0.15,17,2026-12-19
2026-12-19,wk inc flu hosp,0,10,quantile,0.2,19,2026-12-19
2026-12-19,wk inc flu hosp,0,10,quantile,0.25,20,2026-12-19
2026-12-19,wk inc flu hosp,0,10,quantile,0.3,22,2026-12-19
2026-12-19,wk inc flu hosp,0,10,quantile,0.35,23,2026-12-19
2026-12-19,wk inc flu hosp,0,10,quantile,0.4,24,2026-12-19
2026-12-19,wk inc flu hosp,0,10,quantile,0.45,25,2026-12-19
2026-12-19,wk inc flu hosp,0,10,quantile,0.5,26,2026-12-19
2026-12-19,wk inc flu hosp,0,10,quantile,0.55,26,2026-12-19
2026-12-19,wk inc flu hosp,0,10,quantile,0.6,27,2026-12-19
2026-12-19,wk inc flu hosp,0,10,quantile,0.65,28,2026-12-19
2026-12-19,wk inc flu hosp,0,10,quantile,0.7,29,2026-12-19
2026-12-19,wk inc flu hosp,0,10,quantile,0.75,30,2026-12-19
2026-12-19,wk inc flu hosp,0,10,quantile,0.8,30,2026-12-19
2026-12-19,wk inc flu hosp,0,10,quantile,0.85,32,2026-12-19
2026-12-19,wk inc flu hosp,0,10,quantile,0.9,35,2026-12-19
2026-12-19,wk inc flu hosp,0,10,quantile,0.95,37,2026-12-19
2026-12-19,wk inc flu hosp,0,10,quantile,0.975,38,2026-12-19
2026-12-19,wk inc flu hosp,0,10,quantile,0.99,40,2026-12-19
2026-12-19,wk inc flu hosp,0,11,quantile,0.01,6,2026-12-19
2026-12-19,wk inc flu hosp,0,11,quantile,0.025,6,2026-12-19
2026-12-19,wk inc flu hosp,0,11,quantile,0.05,7,2026-12-19
2026-12-19,wk inc flu hosp,0,11,quantile,0.1,8,2026-12-19
2026-12-19,wk inc flu hosp,0,11,quantile,0.15,9,2026-12-19
2026-12-19,wk inc flu hosp,0,11,quantile,0.2,10,2026-12-19
2026-12-19,wk inc flu hosp,0,11,quantile,0.25,11,2026-12-19
2026-12-19,wk inc flu hosp,0,11,quantile,0.3,12,2026-12-19
2026-12-19,wk inc flu hosp,0,11,quantile,0.35,12,2026-12-19
2026-12-19,wk inc flu hosp,0,11,quantile,0.4,13,2026-12-19
2026-12-19,wk inc flu hosp,0,11,quantile,0.45,14,2026-12-19
2026-12-19,wk inc flu hosp,0,11,quantile,0.5,14,2026-12-19
2026-12-19,wk inc flu hosp,0,11,quantile,0.55,15,2026-12-19
2026-12-19,wk inc flu hosp,0,11,quantile,0.6,16,2026-12-19
2026-12-19,wk inc flu hosp,0,11,quantile,0.65,17,2026-12-19
2026-12-19,wk inc flu hosp,0,11,quantile,0.7,18,2026-12-19
2026-12-19,wk inc flu hosp,0,11,quantile,0.75,19,2026-12-19
2026-12-19,wk inc flu hosp,0,11,quantile,0.8,20,2026-12-19
2026-12-19,wk inc flu hosp,0,11,quantile,0.85,22,2026-12-19
2026-12-19,wk inc flu hosp,0,11,quantile,0.9,23,2026-12-19
2026-12-19,wk inc flu hosp,0,11,quantile,0.95,24,2026-12-19
2026-12-19,wk inc flu hosp,0,11,quantile,0.975,26,2026-12-19
2026-12-19,wk inc flu hosp,0,11,quantile,0.99,28,2026-12-19
2026-12-19,wk inc flu hosp,0,12,quantile,0.01,324,2026-12-19
2026-12-19,wk inc flu hosp,0,12,quantile,0.025,331,2026-12-19
2026-12-19,wk inc flu hosp,0,12,quantile,0.05,366,2026-12-19
2026-12-19,wk inc flu hosp,0,12,quantile,0.1,388,2026-12-19
2026-12-19,wk inc flu hosp,0,12,quantile,0.15,398,2026-12-19
2026-12-19,wk inc flu hosp,0,12,quantile,0.2,407,2026-12-19
2026-12-19,wk inc flu hosp,0,12,quantile,0.25,424,2026-12-19
2026-12-19,wk inc flu hosp,0,12,quantile,0.3,435,2026-12-19
2026-12-19,wk inc flu hosp,0,12,quantile,0.35,441,2026-12-19
2026-12-19,wk inc flu hosp,0,12,quantile,0.4,450,2026-12-19
2026-12-19,wk inc flu hosp,0,12,quantile,0.45,457,2026-12-19
2026-12-19,wk inc flu hosp,0,12,quantile,0.5,465,2026-12-19
2026-12-19,wk inc flu hosp,0,12,quantile,0.55,472,2026-12-19
2026-12-19,wk inc flu hosp,0,12,quantile,0.6,488,2026-12-19
2026-12-19,wk inc flu hosp,0,12,quantile,0.65,500,2026-12-19
2026-12-19,wk inc flu hosp,0,12,quantile,0.7,507,2026-12-19
2026-12-19,wk inc flu hosp,0,12,quantile,0.75,516,2026-12-19
2026-12-19,wk inc flu hosp,0,12,quantile,0.8,527,2026-12-19
2026-12-19,wk inc flu hosp,0,12,quantile,0.85,547,2026-12-19
2026-12-19,wk inc flu hosp,0,12,quantile,0.9,577,2026-12-19
2026-12-19,wk inc flu hosp,0,12,quantile,0.95,618,2026-12-19
2026-12-19,wk inc flu hosp,0,12,quantile,0.975,658,2026-12-19
2026-12-19,wk inc flu hosp,0,12,quantile,0.99,693,2026-12-19
2026-12-19,wk inc flu hosp,0,13,quantile,0.01,180,2026-12-19
2026-12-19,wk inc flu hosp,0,13,quantile,0.025,188,2026-12-19
2026-12-19,wk inc flu hosp,0,13,quantile,0.05,197,2026-12-19
2026-12-19,wk inc flu hosp,0,13,quantile,0.1,210,2026-12-19
2026-12-19,wk inc flu hosp,0,13,quantile,0.15,221,2026-12-19
2026-12-19,wk inc flu hosp,0,13,quantile,0.2,230,2026-12-19
2026-12-19,wk inc flu hosp,0,13,quantile,0.25,239,2026-12-19
2026-12-19,wk inc flu hosp,0,13,quantile,0.3,248,2026-12-19
2026-12-19,wk inc flu hosp,0,13,quantile,0.35,251,2026-12-19
2026-12-19,wk inc flu hosp,0,13,quantile,0.4,257,2026-12-19
2026-12-19,wk inc flu hosp,0,13,quantile,0.45,262,2026-12-19
2026-12-19,wk inc flu hosp,0,13,quantile,0.5,269,2026-12-19
2026-12-19,wk inc flu hosp,0,13,quantile,0.55,270,2026-12-19
2026-12-19,wk inc flu hosp,0,13,quantile,0.6,278,2026-12-19
2026-12-19,wk inc flu hosp,0,13,quantile,0.65,285,2026-12-19
2026-12-19,wk inc flu hosp,0,13,quantile,0.7,292,2026-12-19
2026-12-19,wk inc flu hosp,0,13,quantile,0.75,299,2026-12-19
2026-12-19,wk inc flu hosp,0,13,quantile,0.8,306,2026-12-19
2026-12-19,wk inc flu hosp,0,13,quantile,0.85,312,2026-12-19
2026-12-19,wk inc flu hosp,0,13,quantile,0.9,320,2026-12-19
2026-12-19,wk inc flu hosp,0,13,quantile,0.95,346,2026-12-19
2026-12-19,wk inc flu hosp,0,13,quantile,0.975,355,2026-12-19
2026-12-19,wk inc flu hosp,0,13,quantile,0.99,389,2026-12-19
2026-12-19,wk inc flu hosp,0,15,quantile,0.01,7,2026-12-19
2026-12-19,wk inc flu hosp,0,15,quantile,0.025,8,2026-12-19
2026-12-19,wk inc flu hosp,0,15,quantile,0.05,10,2026-12-19
2026-12-19,wk inc flu hosp,0,15,quantile,0.1,11,2026-12-19
2026-12-19,wk inc flu hosp,0,15,quantile,0.15,12,2026-12-19
2026-12-19,wk inc flu hosp,0,15,quantile,0.2,13,2026-12-19
2026-12-19,wk inc flu hosp,0,15,quantile,0.25,14,2026-12-19
2026-12-19,wk inc flu hosp,0,15,quantile,0.3,14,2026-12-19
2026-12-19,wk inc flu hosp,0,15,quantile,0.35,15,2026-12-19
2026-12-19,wk inc flu hosp,0,15,quantile,0.4,16,2026-12-19
2026-12-19,wk inc flu hosp,0,15,quantile,0.45,17,2026-12-19
2026-12-19,wk inc flu hosp,0,15,quantile,0.5,18,2026-12-19
2026-12-19,wk inc flu hosp,0,15,quantile,0.55,19,2026-12-19
2026-12-19,wk inc flu hosp,0,15,quantile,0.6,19,2026-12-19
2026-12-19,wk inc flu hosp,0,15,quantile,0.65,20,2026-12-19
2026-12-19,wk inc flu hosp,0,15,quantile,0.7,21,2026-12-19
2026-12-19,wk inc flu hosp,0,15,quantile,0.75,22,2026-12-19
2026-12-19,wk inc flu hosp,0,15,quantile,0.8,23,2026-12-19
2026-12-19,wk inc flu hosp,0,15,quantile,0.85,26,2026-12-19
2026-12-19,wk inc flu hosp,0,15,quantile,0.9,29,2026-12-19
2026-12-19,wk inc flu hosp,0,15,quantile,0.95,32,2026-12-19
2026-12-19,wk inc flu hosp,0,15,quantile,0.975,36,2026-12-19
2026-12-19,wk inc flu hosp,0,15,quantile,0.99,40,2026-12-19
2026-12-19,wk inc flu hosp,0,16,quantile,0.01,21,2026-12-19
2026-12-19,wk inc flu hosp,0,16,quantile,0.025,26,2026-12-19
2026-12-19,wk inc flu hosp,0,16,quantile,0.05,27,2026-12-19
2026-12-19,wk inc flu hosp,0,16,quantile,0.1,32,2026-12-19
2026-12-19,wk inc flu hosp,0,16,quantile,0.15,34,2026-12-19
2026-12-19,wk inc flu hosp,0,16,quantile,0.2,36,2026-12-19
2026-12-19,wk inc flu hosp,0,16,quantile,0.25,37,2026-12-19
2026-12-19,wk inc flu hosp,0,16,quantile,0.3,38,2026-12-19
2026-12-19,wk inc flu hosp,0,16,quantile,0.35,39,2026-12-19
2026-12-19,wk inc flu hosp,0,16,quantile,0.4,41,2026-12-19
2026-12-19,wk inc flu hosp,0,16,quantile,0.45,42,2026-12-19
2026-12-19,wk inc flu hosp,0,16,quantile,0.5,43,2026-12-19
2026-12-19,wk inc flu hosp,0,16,quantile,0.55,44,2026-12-19
2026-12-19,wk inc flu hosp,0,16,quantile,0.6,45,2026-12-19
2026-12-19,wk inc flu hosp,0,16,quantile,0.65,47,2026-12-19
2026-12-19,wk inc flu hosp,0,16,quantile,0.7,50,2026-12-19
2026-12-19,wk inc flu hosp,0,16,quantile,0.75,52,2026-12-19
2026-12-19,wk inc flu hosp,0,16,quantile,0.8,53,2026-12-19
2026-12-19,wk inc flu hosp,0,16,quantile,0.85,54,2026-12-19
2026-12-19,wk inc flu hosp,0,16,quantile,0.9,57,2026-12-19
2026-12-19,wk inc flu hosp,0,16,quantile,0.95,62,2026-12-19
2026-12-19,wk inc flu hosp,0,16,quantile,0.975,70,2026-12-19
2026-12-19,wk inc flu hosp,0,16,quantile,0.99,73,2026-12-19
2026-12-19,wk inc flu hosp,0,17,quantile,0.01,128,2026-12-19
2026-12-19,wk inc flu hosp,0,17,quantile,0.025,132,2026-12-19
2026-12-19,wk inc flu hosp,0,17,quantile,0.05,149,2026-12-19
2026-12-19,wk inc flu hosp,0,17,quantile,0.1,162,2026-12-19
2026-12-19,wk inc flu hosp,0,17,quantile,0.15,167,2026-12-19
2026-12-19,wk inc flu hosp,0,17,quantile,0.2,171,2026-12-19
2026-12-19,wk inc flu hosp,0,17,quantile,0.25,173,2026-12-19
2026-12-19,wk inc flu hosp,0,17,quantile,0.3,177,2026-12-19
2026-12-19,wk inc flu hosp,0,17,quantile,0.35,182,2026-12-19
2026-12-19,wk inc flu hosp,0,17,quantile,0.4,188,2026-12-19
2026-12-19,wk inc flu hosp,0,17,quantile,0.45,191,2026-12-19
2026-12-19,wk inc flu hosp,0,17,quantile,0.5,195,2026-12-19
2026-12-19,wk inc flu hosp,0,17,quantile,0.55,198,2026-12-19
2026-12-19,wk inc flu hosp,0,17,quantile,0.6,202,2026-12-19
2026-12-19,wk inc flu hosp,0,17,quantile,0.65,206,2026-12-19
2026-12-19,wk inc flu hosp,0,17,quantile,0.7,209,2026-12-19
2026-12-19,wk inc flu hosp,0,17,quantile,0.75,214,2026-12-19
2026-12-19,wk inc flu hosp,0,17,quantile,0.8,217,2026-12-19
2026-12-19,wk inc flu hosp,0,17,quantile,0.85,224,2026-12-19
2026-12-19,wk inc flu hosp,0,17,quantile,0.9,234,2026-12-19
2026-12-19,wk inc flu hosp,0,17,quantile,0.95,244,2026-12-19
2026-12-19,wk inc flu hosp,0,17,quantile,0.975,263,2026-12-19
2026-12-19,wk inc flu hosp,0,17,quantile,0.99,272,2026-12-19
2026-12-19,wk inc flu hosp,0,18,quantile,0.01,92,2026-12-19
2026-12-19,wk inc flu hosp,0,18,quantile,0.025,98,2026-12-19
2026-12-19,wk inc flu hosp,0,18,quantile,0.05,101,2026-12-19
2026-12-19,wk inc flu hosp,0,18,quantile,0.1,105,2026-12-19
2026-12-19,wk inc flu hosp,0,18,quantile,0.15,109,2026-12-19
2026-12-19,wk inc flu hosp,0,18,quantile,0.2,112,2026-12-19
2026-12-19,wk inc flu hosp,0,18,quantile,0.25,116,2026-12-19
2026-12-19,wk inc flu hosp,0,18,quantile,0.3,122,2026-12-19
2026-12-19,wk inc flu hosp,0,18,quantile,0.35,125,2026-12-19
2026-12-19,wk inc flu hosp,0,18,quantile,0.4,128,2026-12-19
2026-12-19,wk inc flu hosp,0,18,quantile,0.45,131,2026-12-19
2026-12-19,wk inc flu hosp,0,18,quantile,0.5,134,2026-12-19
2026-12-19,wk inc flu hosp,0,18,quantile,0.55,134,2026-12-19
2026-12-19,wk inc flu hosp,0,18,quantile,0.6,137,2026-12-19
2026-12-19,wk inc flu hosp,0,18,quantile,0.65,141,2026-12-19
2026-12-19,wk inc flu hosp,0,18,quantile,0.7,143,2026-12-19
2026-12-19,wk inc flu hosp,0,18,quantile,0.75,149,2026-12-19
2026-12-19,wk inc flu hosp,0,18,quantile,0.8,154,2026-12-19
2026-12-19,wk inc flu hosp,0,18,quantile,0.85,158,2026-12-19
2026-12-19,wk inc flu hosp,0,18,quantile,0.9,167,2026-12-19
2026-12-19,wk inc flu hosp,0,18,quantile,0.95,179,2026-12-19
2026-12-19,wk inc flu hosp,0,18,quantile,0.975,183,2026-12-19
2026-12-19,wk inc flu hosp,0,18,quantile,0.99,197,2026-12-19
2026-12-19,wk inc flu hosp,0,19,quantile,0.01,13,2026-12-19
2026-12-19,wk inc flu hosp,0,19,quantile,0.025,14,2026-12-19
2026-12-19,wk inc flu hosp,0,19,quantile,0.05,15,2026-12-19
2026-12-19,wk inc flu hosp,0,19,quantile,0.1,18,2026-12-19
2026-12-19,wk inc flu hosp,0,19,quantile,0.15,20,2026-12-19
2026-12-19,wk inc flu hosp,0,19,quantile,0.2,22,2026-12-19
2026-12-19,wk inc flu hosp,0,19,quantile,0.25,23,2026-12-19
2026-12-19,wk inc flu hosp,0,19,quantile,0.3,24,2026-12-19
2026-12-19,wk inc flu hosp,0,19,quantile,0.35,25,2026-12-19
2026-12-19,wk inc flu hosp,0,19,quantile,0.4,26,2026-12-19
2026-12-19,wk inc flu hosp,0,19,quantile,0.45,27,2026-12-19
2026-12-19,wk inc flu hosp,0,19,quantile,0.5,28,2026-12-19
2026-12-19,wk inc flu hosp,0,19,quantile,0.55,28,2026-12-19
2026-12-19,wk inc flu hosp,0,19,quantile,0.6,29,2026-12-19
2026-12-19,wk inc flu hosp,0,19,quantile,0.65,32,2026-12-19
2026-12-19,wk inc flu hosp,0,19,quantile,0.7,33,2026-12-19
2026-12-19,wk inc flu hosp,0,19,quantile,0.75,35,2026-12-19
2026-12-19,wk inc flu hosp,0,19,quantile,0.8,36,2026-12-19
2026-12-19,wk inc flu hosp,0,19,quantile,0.85,37,2026-12-19
2026-12-19,wk inc flu hosp,0,19,quantile,0.9,40,2026-12-19
2026-12-19,wk inc flu hosp,0,19,quantile,0.95,43,2026-12-19
2026-12-19,wk inc flu hosp,0,19,quantile,0.975,47,2026-12-19
2026-12-19,wk inc flu hosp,0,19,quantile,0.99,48,2026-12-19
2026-12-19,wk inc flu hosp,0,20,quantile,0.01,19,2026-12-19
2026-12-19,wk inc flu hosp,0,20,quantile,0.025,22,2026-12-19
2026-12-19,wk inc flu hosp,0,20,quantile,0.05,24,2026-12-19
2026-12-19,wk inc flu hosp,0,20,quantile,0.1,28,2026-12-19
2026-12-19,wk inc flu hosp,0,20,quantile,0.15,30,2026-12-19
2026-12-19,wk inc flu hosp,0,20,quantile,0.2,32,2026-12-19
2026-12-19,wk inc flu hosp,0,20,quantile,0.25,34,2026-12-19
2026-12-19,wk inc flu hosp,0,20,quantile,0.3,35,2026-12-19
2026-12-19,wk inc flu hosp,0,20,quantile,0.35,36,2026-12-19
2026-12-19,wk inc flu hosp,0,20,quantile,0.4,38,2026-12-19
2026-12-19,wk inc flu hosp,0,20,quantile,0.45,38,2026-12-19
2026-12-19,wk inc flu hosp,0,20,quantile,0.5,39,2026-12-19
2026-12-19,wk inc flu hosp,0,20,quantile,0.55,41,2026-12-19
2026-12-19,wk inc flu hosp,0,20,quantile,0.6,42,2026-12-19
2026-12-19,wk inc flu hosp,0,20,quantile,0.65,44,2026-12-19
2026-12-19,wk inc flu hosp,0,20,quantile,0.7,46,2026-12-19
2026-12-19,wk inc flu hosp,0,20,quantile,0.75,48,2026-12-19
2026-12-19,wk inc flu hosp,0,20,quantile,0.8,50,2026-12-19
2026-12-19,wk inc flu hosp,0,20,quantile,0.85,52,2026-12-19
2026-12-19,wk inc flu hosp,0,20,quantile,0.9,54,2026-12-19
2026-12-19,wk inc flu hosp,0,20,quantile,0.95,59,2026-12-19
2026-12-19,wk inc flu hosp,0,20,quantile,0.975,62,2026-12-19
2026-12-19,wk inc flu hosp,0,20,quantile,0.99,70,2026-12-19
2026-12-19,wk inc flu hosp,0,21,quantile,0.01,44,2026-12-19
2026-12-19,wk inc flu hosp,0,21,quantile,0.025,44,2026-12-19
2026-12-19,wk inc flu hosp,0,21,quantile,0.05,48,2026-12-19
2026-12-19,wk inc flu hosp,0,21,quantile,0.1,53,2026-12-19
2026-12-19,wk inc flu hosp,0,21,quantile,0.15,55,2026-12-19
2026-12-19,wk inc flu hosp,0,21,quantile,0.2,56,2026-12-19
2026-12-19,wk inc flu hosp,0,21,quantile,0.25,59,2026-12-19
2026-12-19,wk inc flu hosp,0,21,quantile,0.3,61,2026-12-19
2026-12-19,wk inc flu hosp,0,21,quantile,0.35,62,2026-12-19
2026-12-19,wk inc flu hosp,0,21,quantile,0.4,65,2026-12-19
2026-12-19,wk inc flu hosp,0,21,quantile,0.45,66,2026-12-19
2026-12-19,wk inc flu hosp,0,21,quantile,0.5,67,2026-12-19
2026-12-19,wk inc flu hosp,0,21,quantile,0.55,69,2026-12-19
2026-12-19,wk inc flu hosp,0,21,quantile,0.6,71,2026-12-19
2026-12-19,wk inc flu hosp,0,21,quantile,0.65,73,2026-12-19
2026-12-19,wk inc flu hosp,0,21,quantile,0.7,75,2026-12-19
2026-12-19,wk inc flu hosp,0,21,quantile,0.75,76,2026-12-19
2026-12-19,wk inc flu hosp,0,21,quantile,0.8,78,2026-12-19
2026-12-19,wk inc flu hosp,0,21,quantile,0.85,79,2026-12-19
2026-12-19,wk inc flu hosp,0,21,quantile,0.9,85,2026-12-19
2026-12-19,wk inc flu hosp,0,21,quantile,0.95,88,2026-12-19
2026-12-19,wk inc flu hosp,0,21,quantile,0.975,93,2026-12-19
2026-12-19,wk inc flu hosp,0,21,quantile,0.99,96,2026-12-19
2026-12-19,wk inc flu hosp,0,22,quantile,0.01,91,2026-12-19
2026-12-19,wk inc flu hosp,0,22,quantile,0.025,99,2026-12-19
2026-12-19,wk inc flu hosp,0,22,quantile,0.05,102,2026-12-19
2026-12-19,wk inc flu hosp,0,22,quantile,0.1,110,2026-12-19
2026-12-19,wk inc flu hosp,0,22,quantile,0.15,115,2026-12-19
2026-12-19,wk inc flu hosp,0,22,quantile,0.2,118,2026-12-19
2026-12-19,wk inc flu hosp,0,22,quantile,0.25,122,2026-12-19
2026-12-19,wk inc flu hosp,0,22,quantile,0.3,127,2026-12-19
2026-12-19,wk inc flu hosp,0,22,quantile,0.35,130,2026-12-19
2026-12-19,wk inc flu hosp,0,22,quantile,0.4,133,2026-12-19
2026-12-19,wk inc flu hosp,0,22,quantile,0.45,137,2026-12-19
2026-12-19,wk inc flu hosp,0,22,quantile,0.5,140,2026-12-19
2026-12-19,wk inc flu hosp,0,22,quantile,0.55,145,2026-12-19
2026-12-19,wk inc flu hosp,0,22,quantile,0.6,151,2026-12-19
2026-12-19,wk inc flu hosp,0,22,quantile,0.65,154,2026-12-19
2026-12-19,wk inc flu hosp,0,22,quantile,0.7,160,2026-12-19
2026-12-19,wk inc flu hosp,0,22,quantile,0.75,164,2026-12-19
2026-12-19,wk inc flu hosp,0,22,quantile,0.8,173,2026-12-19
2026-12-19,wk inc flu hosp,0,22,quantile,0.85,177,2026-12-19
2026-12-19,wk inc flu hosp,0,22,quantile,0.9,184,2026-12-19
2026-12-19,wk inc flu hosp,0,22,quantile,0.95,190,2026-12-19
2026-12-19,wk inc flu hosp,0,22,quantile,0.975,203,2026-12-19
2026-12-19,wk inc flu hosp,0,22,quantile,0.99,218,2026-12-19
2026-12-19,wk inc flu hosp,0,23,quantile,0.01,7,2026-12-19
2026-12-19,wk inc flu hosp,0,23,quantile,0.025,8,2026-12-19
2026-12-19,wk inc flu hosp,0,23,quantile,0.05,10,2026-12-19
2026-12-19,wk inc flu hosp,0,23,quantile,0.1,12,2026-12-19
2026-12-19,wk inc flu hosp,0,23,quantile,0.15,13,2026-12-19
2026-12-19,wk inc flu hosp,0,23,quantile,0.2,14,2026-12-19
2026-12-19,wk inc flu hosp,0,23,quantile,0.25,15,2026-12-19
2026-12-19,wk inc flu hosp,0,23,quantile,0.3,15,2026-12-19
2026-12-19,wk inc flu hosp,0,23,quantile,0.35,16,2026-12-19
2026-12-19,wk inc flu hosp,0,23,quantile,0.4,17,2026-12-19
2026-12-19,wk inc flu hosp,0,23,quantile,0.45,18,2026-12-19
2026-12-19,wk inc flu hosp,0,23,quantile,0.5,19,2026-12-19
2026-12-19,wk inc flu hosp,0,23,quantile,0.55,19,2026-12-19
2026-12-19,wk inc flu hosp,0,23,quantile,0.6,20,2026-12-19
2026-12-19,wk inc flu hosp,0,23,quantile,0.65,21,2026-12-19
2026-12-19,wk inc flu hosp,0,23,quantile,0.7,22,2026-12-19
2026-12-19,wk inc flu hosp,0,23,quantile,0.75,23,2026-12-19
2026-12-19,wk inc flu hosp,0,23,quantile,0.8,24,2026-12-19
2026-12-19,wk inc flu hosp,0,23,quantile,0.85,25,2026-12-19
2026-12-19,wk inc flu hosp,0,23,quantile,0.9,26,2026-12-19
2026-12-19,wk inc flu hosp,0,23,quantile,0.95,30,2026-12-19
2026-12-19,wk inc flu hosp,0,23,quantile,0.975,32,2026-12-19
2026-12-19,wk inc flu hosp,0,23,quantile,0.99,37,2026-12-19
2026-12-19,wk inc flu hosp,0,24,quantile,0.01,61,2026-12-19
2026-12-19,wk inc flu hosp,0,24,quantile,0.025,68,2026-12-19
2026-12-19,wk inc flu hosp,0,24,quantile,0.05,70,2026-12-19
2026-12-19,wk inc flu hosp,0,24,quantile,0.1,76,2026-12-19
2026-12-19,wk inc flu hosp,0,24,quantile,0.15,79,2026-12-19
2026-12-19,wk inc flu hosp,0,24,quantile,0.2,83,2026-12-19
2026-12-19,wk inc flu hosp,0,24,quantile,0.25,87,2026-12-19
2026-12-19,wk inc flu hosp,0,24,quantile,0.3,91,2026-12-19
2026-12-19,wk inc flu hosp,0,24,quantile,0.35,92,2026-12-19
2026-12-19,wk inc flu hosp,0,24,quantile,0.4,96,2026-12-19
2026-12-19,wk inc flu hosp,0,24,quantile,0.45,99,2026-12-19
2026-12-19,wk inc flu hosp,0,24,quantile,0.5,101,2026-12-19
2026-12-19,wk inc flu hosp,0,24,quantile,0.55,103,2026-12-19
2026-12-19,wk inc flu hosp,0,24,quantile,0.6,106,2026-12-19
2026-12-19,wk inc flu hosp,0,24,quantile,0.65,108,2026-12-19
2026-12-19,wk inc flu hosp,0,24,quantile,0.7,110,2026-12-19
2026-12-19,wk inc flu hosp,0,24,quantile,0.75,112,2026-12-19
2026-12-19,wk inc flu hosp,0,24,quantile,0.8,119,2026-12-19
2026-12-19,wk inc flu hosp,0,24,quantile,0.85,123,2026-12-19
2026-12-19,wk inc flu hosp,0,24,quantile,0.9,133,2026-12-19
2026-12-19,wk inc flu hosp,0,24,quantile,0.95,142,2026-12-19
2026-12-19,wk inc flu hosp,0,24,quantile,0.975,149,2026-12-19
2026-12-19,wk inc flu hosp,0,24,quantile,0.99,158,2026-12-19
2026-12-19,wk inc flu hosp,0,25,quantile,0.01,77,2026-12-19
2026-12-19,wk inc flu hosp,0,25,quantile,0.025,83,2026-12-19
2026-12-19,wk inc flu hosp,0,25,quantile,0.05,92,2026-12-19
2026-12-19,wk inc flu hosp,0,25,quantile,0.1,101,2026-12-19
2026-12-19,wk inc flu hosp,0,25,quantile,0.15,109,2026-12-19
2026-12-19,wk inc flu hosp,0,25,quantile,0.2,112,2026-12-19
2026-12-19,wk inc flu hosp,0,25,quantile,0.25,116,2026-12-19
2026-12-19,wk inc flu hosp,0,25,quantile,0.3,120,2026-12-19
2026-12-19,wk inc flu hosp,0,25,quantile,0.35,123,2026-12-19
2026-12-19,wk inc flu hosp,0,25,quantile,0.4,128,2026-12-19
2026-12-19,wk inc flu hosp,0,25,quantile,0.45,130,2026-12-19
2026-12-19,wk inc flu hosp,0,25,quantile,0.5,133,2026-12-19
2026-12-19,wk inc flu hosp,0,25,quantile,0.55,136,2026-12-19
2026-12-19,wk inc flu hosp,0,25,quantile,0.6,139,2026-12-19
2026-12-19,wk inc flu hosp,0,25,quantile,0.65,143,2026-12-19
2026-12-19,wk inc flu hosp,0,25,quantile,0.7,145,2026-12-19
2026-12-19,wk inc flu hosp,0,25,quantile,0.75,150,2026-12-19
2026-12-19,wk inc flu hosp,0,25,quantile,0.8,154,2026-12-19
2026-12-19,wk inc flu hosp,0,25,quantile,0.85,162,2026-12-19
2026-12-19,wk inc flu hosp,0,25,quantile,0.9,171,2026-12-19
2026-12-19,wk inc flu hosp,0,25,quantile,0.95,179,2026-12-19
2026-12-19,wk inc flu hosp,0,25,quantile,0.975,192,2026-12-19
2026-12-19,wk inc flu hosp,0,25,quantile,0.99,206,2026-12-19
2026-12-19,wk inc flu hosp,0,26,quantile,0.01,105,2026-12-19
2026-12-19,wk inc flu hosp,0,26,quantile,0.025,108,2026-12-19
2026-12-19,wk inc flu hosp,0,26,quantile,0.05,118,2026-12-19
2026-12-19,wk inc flu hosp,0,26,quantile,0.1,125,2026-12-19
2026-12-19,wk inc flu hosp,0,26,quantile,0.15,130,2026-12-19
2026-12-19,wk inc flu hosp,0,26,quantile,0.2,132,2026-12-19
2026-12-19,wk inc flu hosp,0,26,quantile,0.25,135,2026-12-19
2026-12-19,wk inc flu hosp,0,26,quantile,0.3,139,2026-12-19
2026-12-19,wk inc flu hosp,0,26,quantile,0.35,140,2026-12-19
2026-12-19,wk inc flu hosp,0,26,quantile,0.4,146,2026-12-19
2026-12-19,wk inc flu hosp,0,26,quantile,0.45,150,2026-12-19
2026-12-19,wk inc flu hosp,0,26,quantile,0.5,152,2026-12-19
2026-12-19,wk inc flu hosp,0,26,quantile,0.55,155,2026-12-19
2026-12-19,wk inc flu hosp,0,26,quantile,0.6,160,2026-12-19
2026-12-19,wk inc flu hosp,0,26,quantile,0.65,163,2026-12-19
2026-12-19,wk inc flu hosp,0,26,quantile,0.7,171,2026-12-19
2026-12-19,wk inc flu hosp,0,26,quantile,0.75,177,2026-12-19
2026-12-19,wk inc flu hosp,0,26,quantile,0.8,179,2026-12-19
2026-12-19,wk inc flu hosp,0,26,quantile,0.85,187,2026-12-19
2026-12-19,wk inc flu hosp,0,26,quantile,0.9,197,2026-12-19
2026-12-19,wk inc flu hosp,0,26,quantile,0.95,212,2026-12-19
2026-12-19,wk inc flu hosp,0,26,quantile,0.975,220,2026-12-19
2026-12-19,wk inc flu hosp,0,26,quantile,0.99,225,2026-12-19
2026-12-19,wk inc flu hosp,0,27,quantile,0.01,80,2026-12-19
2026-12-19,wk inc flu hosp,0,27,quantile,0.025,89,2026-12-19
2026-12-19,wk inc flu hosp,0,27,quantile,0.05,96,2026-12-19
2026-12-19,wk inc flu hosp,0,27,quantile,0.1,100,2026-12-19
2026-12-19,wk inc flu hosp,0,27,quantile,0.15,106,2026-12-19
2026-12-19,wk inc flu hosp,0,27,quantile,0.2,110,2026-12-19
2026-12-19,wk inc flu hosp,0,27,quantile,0.25,113,2026-12-19
2026-12-19,wk inc flu hosp,0,27,quantile,0.3,118,2026-12-19
2026-12-19,wk inc flu hosp,0,27,quantile,0.35,121,2026-12-19
2026-12-19,wk inc flu hosp,0,27,quantile,0.4,125,2026-12-19
2026-12-19,wk inc flu hosp,0,27,quantile,0.45,129,2026-12-19
2026-12-19,wk inc flu hosp,0,27,quantile,0.5,131,2026-12-19
2026-12-19,wk inc flu hosp,0,27,quantile,0.55,137,2026-12-19
2026-12-19,wk inc flu hosp,0,27,quantile,0.6,141,2026-12-19
2026-12-19,wk inc flu hosp,0,27,quantile,0.65,144,2026-12-19
2026-12-19,wk inc flu hosp,0,27,quantile,0.7,148,2026-12-19
2026-12-19,wk inc flu hosp,0,27,quantile,0.75,153,2026-12-19
2026-12-19,wk inc flu hosp,0,27,quantile,0.8,159,2026-12-19
2026-12-19,wk inc flu hosp,0,27,quantile,0.85,161,2026-12-19
2026-12-19,wk inc flu hosp,0,27,quantile,0.9,175,2026-12-19
2026-12-19,wk inc flu hosp,0,27,quantile,0.95,182,2026-12-19
2026-12-19,wk inc flu hosp,0,27,quantile,0.975,197,2026-12-19
2026-12-19,wk inc flu hosp,0,27,quantile,0.99,215,2026-12-19
2026-12-19,wk inc flu hosp,0,28,quantile,0.01,28,2026-12-19
2026-12-19,wk inc flu hosp,0,28,quantile,0.025,32,2026-12-19
2026-12-19,wk inc flu hosp,0,28,quantile,0.05,36,2026-12-19
2026-12-19,wk inc flu hosp,0,28,quantile,0.1,41,2026-12-19
2026-12-19,wk inc flu hosp,0,28,quantile,0.15,43,2026-12-19
2026-12-19,wk inc flu hosp,0,28,quantile,0.2,45,2026-12-19
2026-12-19,wk inc flu hosp,0,28,quantile,0.25,46,2026-12-19
2026-12-19,wk inc flu hosp,0,28,quantile,0.3,47,2026-12-19
2026-12-19,wk inc flu hosp,0,28,quantile,0.35,49,2026-12-19
2026-12-19,wk inc flu hosp,0,28,quantile,0.4,51,2026-12-19
2026-12-19,wk inc flu hosp,0,28,quantile,0.45,53,2026-12-19
2026-12-19,wk inc flu hosp,0,28,quantile,0.5,55,2026-12-19
2026-12-19,wk inc flu hosp,0,28,quantile,0.55,57,2026-12-19
2026-12-19,wk inc flu hosp,0,28,quantile,0.6,59,2026-12-19
2026-12-19,wk inc flu hosp,0,28,quantile,0.65,61,2026-12-19
2026-12-19,wk inc flu hosp,0,28,quantile,0.7,63,2026-12-19
2026-12-19,wk inc flu hosp,0,28,quantile,0.75,65,2026-12-19
2026-12-19,wk inc flu hosp,0,28,quantile,0.8,66,2026-12-19
2026-12-19,wk inc flu hosp,0,28,quantile,0.85,68,2026-12-19
2026-12-19,wk inc flu hosp,0,28,quantile,0.9,71,2026-12-19
2026-12-19,wk inc flu hosp,0,28,quantile,0.95,79,2026-12-19
2026-12-19,wk inc flu hosp,0,28,quantile,0.975,86,2026-12-19
2026-12-19,wk inc flu hosp,0,28,quantile,0.99,101,2026-12-19
2026-12-19,wk inc flu hosp,0,29,quantile,0.01,56,2026-12-19
2026-12-19,wk inc flu hosp,0,29,quantile,0.025,59,2026-12-19
2026-12-19,wk inc flu hosp,0,29,quantile,0.05,63,2026-12-19
2026-12-19,wk inc flu hosp,0,29,quantile,0.1,68,2026-12-19
2026-12-19,wk inc flu hosp,0,29,quantile,0.15,72,2026-12-19
2026-12-19,wk inc flu hosp,0,29,quantile,0.2,75,2026-12-19
2026-12-19,wk inc flu hosp,0,29,quantile,0.25,76,2026-12-19
2026-12-19,wk inc flu hosp,0,29,quantile,0.3,78,2026-12-19
2026-12-19,wk inc flu hosp,0,29,quantile,0.35,81,2026-12-19
2026-12-19,wk inc flu hosp,0,29,quantile,0.4,83,2026-12-19
2026-12-19,wk inc flu hosp,0,29,quantile,0.45,85,2026-12-19
2026-12-19,wk inc flu hosp,0,29,quantile,0.5,86,2026-12-19
2026-12-19,wk inc flu hosp,0,29,quantile,0.55,88,2026-12-19
2026-12-19,wk inc flu hosp,0,29,quantile,0.6,88,2026-12-19
2026-12-19,wk inc flu hosp,0,29,quantile,0.65,90,2026-12-19
2026-12-19,wk inc flu hosp,0,29,quantile,0.7,93,2026-12-19
2026-12-19,wk inc flu hosp,0,29,quantile,0.75,96,2026-12-19
2026-12-19,wk inc flu hosp,0,29,quantile,0.8,99,2026-12-19
2026-12-19,wk inc flu hosp,0,29,quantile,0.85,101,2026-12-19
2026-12-19,wk inc flu hosp,0,29,quantile,0.9,106,2026-12-19
2026-12-19,wk inc flu hosp,0,29,quantile,0.95,112,2026-12-19
2026-12-19,wk inc flu hosp,0,29,quantile,0.975,122,2026-12-19
2026-12-19,wk inc flu hosp,0,29,quantile,0.99,128,2026-12-19
2026-12-19,wk inc flu hosp,0,30,quantile,0.01,8,2026-12-19
2026-12-19,wk inc flu hosp,0,30,quantile,0.025,9,2026-12-19
2026-12-19,wk inc flu hosp,0,30,quantile,0.05,10,2026-12-19
2026-12-19,wk inc flu hosp,0,30,quantile,0.1,11,2026-12-19
2026-12-19,wk inc flu hosp,0,30,quantile,0.15,12,2026-12-19
2026-12-19,wk inc flu hosp,0,30,quantile,0.2,13,2026-12-19
2026-12-19,wk inc flu hosp,0,30,quantile,0.25,14,2026-12-19
2026-12-19,wk inc flu hosp,0,30,quantile,0.3,15,2026-12-19
2026-12-19,wk inc flu hosp,0,30,quantile,0.35,16,2026-12-19
2026-12-19,wk inc flu hosp,0,30,quantile,0.4,17,2026-12-19
2026-12-19,wk inc flu hosp,0,30,quantile,0.45,17,2026-12-19
2026-12-19,wk inc flu hosp,0,30,quantile,0.5,18,2026-12-19
2026-12-19,wk inc flu hosp,0,30,quantile,0.55,19,2026-12-19
2026-12-19,wk inc flu hosp,0,30,quantile,0.6,20,2026-12-19
2026-12-19,wk inc flu hosp,0,30,quantile,0.65,20,2026-12-19
2026-12-19,wk inc flu hosp,0,30,quantile,0.7,21,2026-12-19
2026-12-19,wk inc flu hosp,0,30,quantile,0.75,21,2026-12-19
2026-12-19,wk inc flu hosp,0,30,quantile,0.8,23,2026-12-19
2026-12-19,wk inc flu hosp,0,30,quantile,0.85,24,2026-12-19
2026-12-19,wk inc flu hosp,0,30,quantile,0.9,26,2026-12-19
2026-12-19,wk inc flu hosp,0,30,quantile,0.95,29,2026-12-19
2026-12-19,wk inc flu hosp,0,30,quantile,0.975,32,2026-12-19
2026-12-19,wk inc flu hosp,0,30,quantile,0.99,35,2026-12-19
2026-12-19,wk inc flu hosp,0,31,quantile,0.01,11,2026-12-19
2026-12-19,wk inc flu hosp,0,31,quantile,0.025,11,2026-12-19
2026-12-19,wk inc flu hosp,0,31,quantile,0.05,15,2026-12-19
2026-12-19,wk inc flu hosp,0,31,quantile,0.1,17,2026-12-19
2026-12-19,wk inc flu hosp,0,31,quantile,0.15,19,2026-12-19
2026-12-19,wk inc flu hosp,0,31,quantile,0.2,19,2026-12-19
2026-12-19,wk inc flu hosp,0,31,quantile,0.25,20,2026-12-19
2026-12-19,wk inc flu hosp,0,31,quantile,0.3,21,2026-12-19
2026-12-19,wk inc flu hosp,0,31,quantile,0.35,22,2026-12-19
2026-12-19,wk inc flu hosp,0,31,quantile,0.4,23,2026-12-19
2026-12-19,wk inc flu hosp,0,31,quantile,0.45,24,2026-12-19
2026-12-19,wk inc flu hosp,0,31,quantile,0.5,25,2026-12-19
2026-12-19,wk inc flu hosp,0,31,quantile,0.55,25,2026-12-19
2026-12-19,wk inc flu hosp,0,31,quantile,0.6,27,2026-12-19
2026-12-19,wk inc flu hosp,0,31,quantile,0.65,27,2026-12-19
2026-12-19,wk inc flu hosp,0,31,quantile,0.7,28,2026-12-19
2026-12-19,wk inc flu hosp,0,31,quantile,0.75,29,2026-12-19
2026-12-19,wk inc flu hosp,0,31,quantile,0.8,30,2026-12-19
2026-12-19,wk inc flu hosp,0,31,quantile,0.85,31,2026-12-19
2026-12-19,wk inc flu hosp,0,31,quantile,0.9,32,2026-12-19
2026-12-19,wk inc flu hosp,0,31,quantile,0.95,36,2026-12-19
2026-12-19,wk inc flu hosp,0,31,quantile,0.975,40,2026-12-19
2026-12-19,wk inc flu hosp,0,31,quantile,0.99,46,2026-12-19
2026-12-19,wk inc flu hosp,0,32,quantile,0.01,37,2026-12-19
2026-12-19,wk inc flu hosp,0,32,quantile,0.025,40,2026-12-19
2026-12-19,wk inc flu hosp,0,32,quantile,0.05,44,2026-12-19
2026-12-19,wk inc flu hosp,0,32,quantile,0.1,49,2026-12-19
2026-12-19,wk inc flu hosp,0,32,quantile,0.15,52,2026-12-19
2026-12-19,wk inc flu hosp,0,32,quantile,0.2,53,2026-12-19
2026-12-19,wk inc flu hosp,0,32,quantile,0.25,54,2026-12-19
2026-12-19,wk inc flu hosp,0,32,quantile,0.3,57,2026-12-19
2026-12-19,wk inc flu hosp,0,32,quantile,0.35,60,2026-12-19
2026-12-19,wk inc flu hosp,0,32,quantile,0.4,61,2026-12-19
2026-12-19,wk inc flu hosp,0,32,quantile,0.45,63,2026-12-19
2026-12-19,wk inc flu hosp,0,32,quantile,0.5,64,2026-12-19
2026-12-19,wk inc flu hosp,0,32,quantile,0.55,69,2026-12-19
2026-12-19,wk inc flu hosp,0,32,quantile,0.6,71,2026-12-19
2026-12-19,wk inc flu hosp,0,32,quantile,0.65,73,2026-12-19
2026-12-19,wk inc flu hosp,0,32,quantile,0.7,76,2026-12-19
2026-12-19,wk inc flu hosp,0,32,quantile,0.75,79,2026-12-19
2026-12-19,wk inc flu hosp,0,32,quantile,0.8,83,2026-12-19
2026-12-19,wk inc flu hosp,0,32,quantile,0.85,87,2026-12-19
2026-12-19,wk inc flu hosp,0,32,quantile,0.9,89,2026-12-19
2026-12-19,wk inc flu hosp,0,32,quantile,0.95,98,2026-12-19
2026-12-19,wk inc flu hosp,0,32,quantile,0.975,104,2026-12-19
2026-12-19,wk inc flu hosp,0,32,quantile,0.99,111,2026-12-19
2026-12-19,wk inc flu hosp,0,33,quantile,0.01,9,2026-12-19
2026-12-19,wk inc flu hosp,0,33,quantile,0.025,11,2026-12-19
2026-12-19,wk inc flu hosp,0,33,quantile,0.05,12,2026-12-19
2026-12-19,wk inc flu hosp,0,33,quantile,0.1,15,2026-12-19
2026-12-19,wk inc flu hosp,0,33,quantile,0.15,16,2026-12-19
2026-12-19,wk inc flu hosp,0,33,quantile,0.2,17,2026-12-19
2026-12-19,wk inc flu hosp,0,33,quantile,0.25,18,2026-12-19
2026-12-19,wk inc flu hosp,0,33,quantile,0.3,18,2026-12-19
2026-12-19,wk inc flu hosp,0,33,quantile,0.35,19,2026-12-19
2026-12-19,wk inc flu hosp,0,33,quantile,0.4,20,2026-12-19
2026-12-19,wk inc flu hosp,0,33,quantile,0.45,21,2026-12-19
2026-12-19,wk inc flu hosp,0,33,quantile,0.5,22,2026-12-19
2026-12-19,wk inc flu hosp,0,33,quantile,0.55,23,2026-12-19
2026-12-19,wk inc flu hosp,0,33,quantile,0.6,24,2026-12-19
2026-12-19,wk inc flu hosp,0,33,quantile,0.65,25,2026-12-19
2026-12-19,wk inc flu hosp,0,33,quantile,0.7,26,2026-12-19
2026-12-19,wk inc flu hosp,0,33,quantile,0.75,27,2026-12-19
2026-12-19,wk inc flu hosp,0,33,quantile,0.8,29,2026-12-19
2026-12-19,wk inc flu hosp,0,33,quantile,0.85,30,2026-12-19
2026-12-19,wk inc flu hosp,0,33,quantile,0.9,31,2026-12-19
2026-12-19,wk inc flu hosp,0,33,quantile,0.95,35,2026-12-19
2026-12-19,wk inc flu hosp,0,33,quantile,0.975,38,2026-12-19
2026-12-19,wk inc flu hosp,0,33,quantile,0.99,43,2026-12-19
2026-12-19,wk inc flu hosp,0,34,quantile,0.01,206,2026-12-19
2026-12-19,wk inc flu hosp,0,34,quantile,0.025,211,2026-12-19
2026-12-19,wk inc flu hosp,0,34,quantile,0.05,223,2026-12-19
2026-12-19,wk inc flu hosp,0,34,quantile,0.1,236,2026-12-19
2026-12-19,wk inc flu hosp,0,34,quantile,0.15,247,2026-12-19
2026-12-19,wk inc flu hosp,0,34,quantile,0.2,254,2026-12-19
2026-12-19,wk inc flu hosp,0,34,quantile,0.25,261,2026-12-19
2026-12-19,wk inc flu hosp,0,34,quantile,0.3,265,2026-12-19
2026-12-19,wk inc flu hosp,0,34,quantile,0.35,271,2026-12-19
2026-12-19,wk inc flu hosp,0,34,quantile,0.4,277,2026-12-19
2026-12-19,wk inc flu hosp,0,34,quantile,0.45,283,2026-12-19
2026-12-19,wk inc flu hosp,0,34,quantile,0.5,289,2026-12-19
2026-12-19,wk inc flu hosp,0,34,quantile,0.55,298,2026-12-19
2026-12-19,wk inc flu hosp,0,34,quantile,0.6,305,2026-12-19
2026-12-19,wk inc flu hosp,0,34,quantile,0.65,316,2026-12-19
2026-12-19,wk inc flu hosp,0,34,quantile,0.7,322,2026-12-19
2026-12-19,wk inc flu hosp,0,34,quantile,0.75,326,2026-12-19
2026-12-19,wk inc flu hosp,0,34,quantile,0.8,338,2026-12-19
2026-12-19,wk inc flu hosp,0,34,quantile,0.85,350,2026-12-19
2026-12-19,wk inc flu hosp,0,34,quantile,0.9,356,2026-12-19
2026-12-19,wk inc flu hosp,0,34,quantile,0.95,367,2026-12-19
2026-12-19,wk inc flu hosp,0,34,quantile,0.975,397,2026-12-19
2026-12-19,wk inc flu hosp,0,34,quantile,0.99,438,2026-12-19
2026-12-19,wk inc flu hosp,0,35,quantile,0.01,41,2026-12-19
2026-12-19,wk inc flu hosp,0,35,quantile,0.025,43,2026-12-19
2026-12-19,wk inc flu hosp,0,35,quantile,0.05,51,2026-12-19
2026-12-19,wk inc flu hosp,0,35,quantile,0.1,55,2026-12-19
2026-12-19,wk inc flu hosp,0,35,quantile,0.15,59,2026-12-19
2026-12-19,wk inc flu hosp,0,35,quantile,0.2,63,2026-12-19
2026-12-19,wk inc flu hosp,0,35,quantile,0.25,65,2026-12-19
2026-12-19,wk inc flu hosp,0,35,quantile,0.3,68,2026-12-19
2026-12-19,wk inc flu hosp,0,35,quantile,0.35,70,2026-12-19
2026-12-19,wk inc flu hosp,0,35,quantile,0.4,71,2026-12-19
2026-12-19,wk inc flu hosp,0,35,quantile,0.45,72,2026-12-19
2026-12-19,wk inc flu hosp,0,35,quantile,0.5,73,2026-12-19
2026-12-19,wk inc flu hosp,0,35,quantile,0.55,76,2026-12-19
2026-12-19,wk inc flu hosp,0,35,quantile,0.6,78,2026-12-19
2026-12-19,wk inc flu hosp,0,35,quantile,0.65,80,2026-12-19
2026-12-19,wk inc flu hosp,0,35,quantile,0.7,81,2026-12-19
2026-12-19,wk inc flu hosp,0,35,quantile,0.75,84,2026-12-19
2026-12-19,wk inc flu hosp,0,35,quantile,0.8,88,2026-12-19
2026-12-19,wk inc flu hosp,0,35,quantile,0.85,91,2026-12-19
2026-12-19,wk inc flu hosp,0,35,quantile,0.9,96,2026-12-19
2026-12-19,wk inc flu hosp,0,35,quantile,0.95,104,2026-12-19
2026-12-19,wk inc flu hosp,0,35,quantile,0.975,108,2026-12-19
2026-12-19,wk inc flu hosp,0,35,quantile,0.99,112,2026-12-19
2026-12-19,wk inc flu hosp,0,36,quantile,0.01,500,2026-12-19
2026-12-19,wk inc flu hosp,0,36,quantile,0.025,535,2026-12-19
2026-12-19,wk inc flu hosp,0,36,quantile,0.05,559,2026-12-19
2026-12-19,wk inc flu hosp,0,36,quantile,0.1,583,2026-12-19
2026-12-19,wk inc flu hosp,0,36,quantile,0.15,613,2026-12-19
2026-12-19,wk inc flu hosp,0,36,quantile,0.2,632,2026-12-19
2026-12-19,wk inc flu hosp,0,36,quantile,0.25,646,2026-12-19
2026-12-19,wk inc flu hosp,0,36,quantile,0.3,666,2026-12-19
2026-12-19,wk inc flu hosp,0,36,quantile,0.35,674,2026-12-19
2026-12-19,wk inc flu hosp,0,36,quantile,0.4,690,2026-12-19
2026-12-19,wk inc flu hosp,0,36,quantile,0.45,701,2026-12-19
2026-12-19,wk inc flu hosp,0,36,quantile,0.5,725,2026-12-19
2026-12-19,wk inc flu hosp,0,36,quantile,0.55,737,2026-12-19
2026-12-19,wk inc flu hosp,0,36,quantile,0.6,757,2026-12-19
2026-12-19,wk inc flu hosp,0,36,quantile,0.65,774,2026-12-19
2026-12-19,wk inc flu hosp,0,36,quantile,0.7,780,2026-12-19
2026-12-19,wk inc flu hosp,0,36,quantile,0.75,791,2026-12-19
2026-12-19,wk inc flu hosp,0,36,quantile,0.8,810,2026-12-19
2026-12-19,wk inc flu hosp,0,36,quantile,0.85,841,2026-12-19
2026-12-19,wk inc flu hosp,0,36,quantile,0.9,885,2026-12-19
2026-12-19,wk inc flu hosp,0,36,quantile,0.95,899,2026-12-19
2026-12-19,wk inc flu hosp,0,36,quantile,0.975,949,2026-12-19
2026-12-19,wk inc flu hosp,0,36,quantile,0.99,964,2026-12-19
2026-12-19,wk inc flu hosp,0,37,quantile,0.01,227,2026-12-19
2026-12-19,wk inc flu hosp,0,37,quantile,0.025,245,2026-12-19
2026-12-19,wk inc flu hosp,0,37,quantile,0.05,252,2026-12-19
2026-12-19,wk inc flu hosp,0,37,quantile,0.1,267,2026-12-19
2026-12-19,wk inc flu hosp,0,37,quantile,0.15,280,2026-12-19
2026-12-19,wk inc flu hosp,0,37,quantile,0.2,290,2026-12-19
2026-12-19,wk inc flu hosp,0,37,quantile,0.25,300,2026-12-19
2026-12-19,wk inc flu hosp,0,37,quantile,0.3,308,2026-12-19
2026-12-19,wk inc flu hosp,0,37,quantile,0.35,312,2026-12-19
2026-12-19,wk inc flu hosp,0,37,quantile,0.4,318,2026-12-19
2026-12-19,wk inc flu hosp,0,37,quantile,0.45,330,2026-12-19
2026-12-19,wk inc flu hosp,0,37,quantile,0.5,336,2026-12-19
2026-12-19,wk inc flu hosp,0,37,quantile,0.55,345,2026-12-19
2026-12-19,wk inc flu hosp,0,37,quantile,0.6,355,2026-12-19
2026-12-19,wk inc flu hosp,0,37,quantile,0.65,360,2026-12-19
2026-12-19,wk inc flu hosp,0,37,quantile,0.7,371,2026-12-19
2026-12-19,wk inc flu hosp,0,37,quantile,0.75,379,2026-12-19
2026-12-19,wk inc flu hosp,0,37,quantile,0.8,395,2026-12-19
2026-12-19,wk inc flu hosp,0,37,quantile,0.85,403,2026-12-19
2026-12-19,wk inc flu hosp,0,37,quantile,0.9,425,2026-12-19
2026-12-19,wk inc flu hosp,0,37,quantile,0.95,468,2026-12-19
2026-12-19,wk inc flu hosp,0,37,quantile,0.975,508,2026-12-19
2026-12-19,wk inc flu hosp,0,37,quantile,0.99,519,2026-12-19
2026-12-19,wk inc flu hosp,0,38,quantile,0.01,7,2026-12-19
2026-12-19,wk inc flu hosp,0,38,quantile,0.025,7,2026-12-19
2026-12-19,wk inc flu hosp,0,38,quantile,0.05,8,2026-12-19
2026-12-19,wk inc flu hosp,0,38,quantile,0.1,10,2026-12-19
2026-12-19,wk inc flu hosp,0,38,quantile,0.15,11,2026-12-19
2026-12-19,wk inc flu hosp,0,38,quantile,0.2,12,2026-12-19
2026-12-19,wk inc flu hosp,0,38,quantile,0.25,13,2026-12-19
2026-12-19,wk inc flu hosp,0,38,quantile,0.3,13,2026-12-19
2026-12-19,wk inc flu hosp,0,38,quantile,0.35,13,2026-12-19
2026-12-19,wk inc flu hosp,0,38,quantile,0.4,14,2026-12-19
2026-12-19,wk inc flu hosp,0,38,quantile,0.45,14,2026-12-19
2026-12-19,wk inc flu hosp,0,38,quantile,0.5,15,2026-12-19
2026-12-19,wk inc flu hosp,0,38,quantile,0.55,15,2026-12-19
2026-12-19,wk inc flu hosp,0,38,quantile,0.6,16,2026-12-19
2026-12-19,wk inc flu hosp,0,38,quantile,0.65,16,2026-12-19
2026-12-19,wk inc flu hosp,0,38,quantile,0.7,16,2026-12-19
2026-12-19,wk inc flu hosp,0,38,quantile,0.75,18,2026-12-19
2026-12-19,wk inc flu hosp,0,38,quantile,0.8,19,2026-12-19
2026-12-19,wk inc flu hosp,0,38,quantile,0.85,19,2026-12-19
2026-12-19,wk inc flu hosp,0,38,quantile,0.9,22,2026-12-19
2026-12-19,wk inc flu hosp,0,38,quantile,0.95,25,2026-12-19
2026-12-19,wk inc flu hosp,0,38,quantile,0.975,26,2026-12-19
2026-12-19,wk inc flu hosp,0,38,quantile,0.99,28,2026-12-19
2026-12-19,wk inc flu hosp,0,39,quantile,0.01,147,2026-12-19
2026-12-19,wk inc flu hosp,0,39,quantile,0.025,153,2026-12-19
2026-12-19,wk inc flu hosp,0,39,quantile,0.05,165,2026-12-19
2026-12-19,wk inc flu hosp,0,39,quantile,0.1,174,2026-12-19
2026-12-19,wk inc flu hosp,0,39,quantile,0.15,182,2026-12-19
2026-12-19,wk inc flu hosp,0,39,quantile,0.2,185,2026-12-19
2026-12-19,wk inc flu hosp,0,39,quantile,0.25,190,2026-12-19
2026-12-19,wk inc flu hosp,0,39,quantile,0.3,194,2026-12-19
2026-12-19,wk inc flu hosp,0,39,quantile,0.35,198,2026-12-19
2026-12-19,wk inc flu hosp,0,39,quantile,0.4,206,2026-12-19
2026-12-19,wk inc flu hosp,0,39,quantile,0.45,211,2026-12-19
2026-12-19,wk inc flu hosp,0,39,quantile,0.5,215,2026-12-19
2026-12-19,wk inc flu hosp,0,39,quantile,0.55,218,2026-12-19
2026-12-19,wk inc flu hosp,0,39,quantile,0.6,227,2026-12-19
2026-12-19,wk inc flu hosp,0,39,quantile,0.65,232,2026-12-19
2026-12-19,wk inc flu hosp,0,39,quantile,0.7,238,2026-12-19
2026-12-19,wk inc flu hosp,0,39,quantile,0.75,245,2026-12-19
2026-12-19,wk inc flu hosp,0,39,quantile,0.8,247,2026-12-19
2026-12-19,wk inc flu hosp,0,39,quantile,0.85,252,2026-12-19
2026-12-19,wk inc flu hosp,0,39,quantile,0.9,257,2026-12-19
2026-12-19,wk inc flu hosp,0,39,quantile,0.95,266,2026-12-19
2026-12-19,wk inc flu hosp,0,39,quantile,0.975,284,2026-12-19
2026-12-19,wk inc flu hosp,0,39,quantile,0.99,293,2026-12-19
2026-12-19,wk inc flu hosp,0,40,quantile,0.01,27,2026-12-19
2026-12-19,wk inc flu hosp,0,40,quantile,0.025,28,2026-12-19
2026-12-19,wk inc flu hosp,0,40,quantile,0.05,30,2026-12-19
2026-12-19,wk inc flu hosp,0,40,quantile,0.1,32,2026-12-19
2026-12-19,wk inc flu hosp,0,40,quantile,0.15,33,2026-12-19
2026-12-19,wk inc flu hosp,0,40,quantile,0.2,34,2026-12-19
2026-12-19,wk inc flu hosp,0,40,quantile,0.25,36,2026-12-19
2026-12-19,wk inc flu hosp,0,40,quantile,0.3,37,2026-12-19
2026-12-19,wk inc flu hosp,0,40,quantile,0.35,39,2026-12-19
2026-12-19,wk inc flu hosp,0,40,quantile,0.4,40,2026-12-19
2026-12-19,wk inc flu hosp,0,40,quantile,0.45,41,2026-12-19
2026-12-19,wk inc flu hosp,0,40,quantile,0.5,43,2026-12-19
2026-12-19,wk inc flu hosp,0,40,quantile,0.55,45,2026-12-19
2026-12-19,wk inc flu hosp,0,40,quantile,0.6,47,2026-12-19
2026-12-19,wk inc flu hosp,0,40,quantile,0.65,49,2026-12-19
2026-12-19,wk inc flu hosp,0,40,quantile,0.7,52,2026-12-19
2026-12-19,wk inc flu hosp,0,40,quantile,0.75,54,2026-12-19
2026-12-19,wk inc flu hosp,0,40,quantile,0.8,55,2026-12-19
2026-12-19,wk inc flu hosp,0,40,quantile,0.85,57,2026-12-19
2026-12-19,wk inc flu hosp,0,40,quantile,0.9,59,2026-12-19
2026-12-19,wk inc flu hosp,0,40,quantile,0.95,65,2026-12-19
2026-12-19,wk inc flu hosp,0,40,quantile,0.975,69,2026-12-19
2026-12-19,wk inc flu hosp,0,40,quantile,0.99,77,2026-12-19
2026-12-19,wk inc flu hosp,0,41,quantile,0.01,36,2026-12-19
2026-12-19,wk inc flu hosp,0,41,quantile,0.025,38,2026-12-19
2026-12-19,wk inc flu hosp,0,41,quantile,0.05,41,2026-12-19
2026-12-19,wk inc flu hosp,0,41,quantile,0.1,46,2026-12-19
2026-12-19,wk inc flu hosp,0,41,quantile,0.15,49,2026-12-19
2026-12-19,wk inc flu hosp,0,41,quantile,0.2,52,2026-12-19
2026-12-19,wk inc flu hosp,0,41,quantile,0.25,53,2026-12-19
2026-12-19,wk inc flu hosp,0,41,quantile,0.3,55,2026-12-19
2026-12-19,wk inc flu hosp,0,41,quantile,0.35,56,2026-12-19
2026-12-19,wk inc flu hosp,0,41,quantile,0.4,57,2026-12-19
2026-12-19,wk inc flu hosp,0,41,quantile,0.45,59,2026-12-19
2026-12-19,wk inc flu hosp,0,41,quantile,0.5,61,2026-12-19
2026-12-19,wk inc flu hosp,0,41,quantile,0.55,64,2026-12-19
2026-12-19,wk inc flu hosp,0,41,quantile,0.6,66,2026-12-19
2026-12-19,wk inc flu hosp,0,41,quantile,0.65,68,2026-12-19
2026-12-19,wk inc flu hosp,0,41,quantile,0.7,71,2026-12-19
2026-12-19,wk inc flu hosp,0,41,quantile,0.75,73,2026-12-19
2026-12-19,wk inc flu hosp,0,41,quantile,0.8,76,2026-12-19
2026-12-19,wk inc flu hosp,0,41,quantile,0.85,79,2026-12-19
2026-12-19,wk inc flu hosp,0,41,quantile,0.9,82,2026-12-19
2026-12-19,wk inc flu hosp,0,41,quantile,0.95,87,2026-12-19
2026-12-19,wk inc flu hosp,0,41,quantile,0.975,90,2026-12-19
2026-12-19,wk inc flu hosp,0,41,quantile,0.99,105,2026-12-19
2026-12-19,wk inc flu hosp,0,42,quantile,0.01,254,2026-12-19
2026-12-19,wk inc flu hosp,0,42,quantile,0.025,261,2026-12-19
2026-12-19,wk inc flu hosp,0,42,quantile,0.05,283,2026-12-19
2026-12-19,wk inc flu hosp,0,42,quantile,0.1,297,2026-12-19
2026-12-19,wk inc flu hosp,0,42,quantile,0.15,311,2026-12-19
2026-12-19,wk inc flu hosp,0,42,quantile,0.2,322,2026-12-19
2026-12-19,wk inc flu hosp,0,42,quantile,0.25,328,2026-12-19
2026-12-19,wk inc flu hosp,0,42,quantile,0.3,335,2026-12-19
2026-12-19,wk inc flu hosp,0,42,quantile,0.35,341,2026-12-19
2026-12-19,wk inc flu hosp,0,42,quantile,0.4,347,2026-12-19
2026-12-19,wk inc flu hosp,0,42,quantile,0.45,357,2026-12-19
2026-12-19,wk inc flu hosp,0,42,quantile,0.5,364,2026-12-19
2026-12-19,wk inc flu hosp,0,42,quantile,0.55,370,2026-12-19
2026-12-19,wk inc flu hosp,0,42,quantile,0.6,376,2026-12-19
2026-12-19,wk inc flu hosp,0,42,quantile,0.65,380,2026-12-19
2026-12-19,wk inc flu hosp,0,42,quantile,0.7,390,2026-12-19
2026-12-19,wk inc flu hosp,0,42,quantile,0.75,397,2026-12-19
2026-12-19,wk inc flu hosp,0,42,quantile,0.8,406,2026-12-19
2026-12-19,wk inc flu hosp,0,42,quantile,0.85,415,2026-12-19
2026-12-19,wk inc flu hosp,0,42,quantile,0.9,435,2026-12-19
2026-12-19,wk inc flu hosp,0,42,quantile,0.95,476,2026-12-19
2026-12-19,wk inc flu hosp,0,42,quantile,0.975,491,2026-12-19
2026-12-19,wk inc flu hosp,0,42,quantile,0.99,504,2026-12-19
2026-12-19,wk inc flu hosp,0,44,quantile,0.01,20,2026-12-19
2026-12-19,wk inc flu hosp,0,44,quantile,0.025,22,2026-12-19
2026-12-19,wk inc flu hosp,0,44,quantile,0.05,24,2026-12-19
2026-12-19,wk inc flu hosp,0,44,quantile,0.1,26,2026-12-19
2026-12-19,wk inc flu hosp,0,44,quantile,0.15,28,2026-12-19
2026-12-19,wk inc flu hosp,0,44,quantile,0.2,31,2026-12-19
2026-12-19,wk inc flu hosp,0,44,quantile,0.25,32,2026-12-19
2026-12-19,wk inc flu hosp,0,44,quantile,0.3,34,2026-12-19
2026-12-19,wk inc flu hosp,0,44,quantile,0.35,36,2026-12-19
2026-12-19,wk inc flu hosp,0,44,quantile,0.4,37,2026-12-19
2026-12-19,wk inc flu hosp,0,44,quantile,0.45,38,2026-12-19
2026-12-19,wk inc flu hosp,0,44,quantile,0.5,39,2026-12-19
2026-12-19,wk inc flu hosp,0,44,quantile,0.55,40,2026-12-19
2026-12-19,wk inc flu hosp,0,44,quantile,0.6,42,2026-12-19
2026-12-19,wk inc flu hosp,0,44,quantile,0.65,44,2026-12-19
2026-12-19,wk inc flu hosp,0,44,quantile,0.7,45,2026-12-19
2026-12-19,wk inc flu hosp,0,44,quantile,0.75,47,2026-12-19
2026-12-19,wk inc flu hosp,0,44,quantile,0.8,48,2026-12-19
2026-12-19,wk inc flu hosp,0,44,quantile,0.85,50,2026-12-19
2026-12-19,wk inc flu hosp,0,44,quantile,0.9,52,2026-12-19
2026-12-19,wk inc flu hosp,0,44,quantile,0.95,56,2026-12-19
2026-12-19,wk inc flu hosp,0,44,quantile,0.975,57,2026-12-19
2026-12-19,wk inc flu hosp,0,44,quantile,0.99,61,2026-12-19
2026-12-19,wk inc flu hosp,0,45,quantile,0.01,93,2026-12-19
2026-12-19,wk inc flu hosp,0,45,quantile,0.025,100,2026-12-19
2026-12-19,wk inc flu hosp,0,45,quantile,0.05,106,2026-12-19
2026-12-19,wk inc flu hosp,0,45,quantile,0.1,118,2026-12-19
2026-12-19,wk inc flu hosp,0,45,quantile,0.15,128,2026-12-19
2026-12-19,wk inc flu hosp,0,45,quantile,0.2,130,2026-12-19
2026-12-19,wk inc flu hosp,0,45,quantile,0.25,134,2026-12-19
2026-12-19,wk inc flu hosp,0,45,quantile,0.3,138,2026-12-19
2026-12-19,wk inc flu hosp,0,45,quantile,0.35,142,2026-12-19
2026-12-19,wk inc flu hosp,0,45,quantile,0.4,144,2026-12-19
2026-12-19,wk inc flu hosp,0,45,quantile,0.45,150,2026-12-19
2026-12-19,wk inc flu hosp,0,45,quantile,0.5,152,2026-12-19
2026-12-19,wk inc flu hosp,0,45,quantile,0.55,157,2026-12-19
2026-12-19,wk inc flu hosp,0,45,quantile,0.6,160,2026-12-19
2026-12-19,wk inc flu hosp,0,45,quantile,0.65,166,2026-12-19
2026-12-19,wk inc flu hosp,0,45,quantile,0.7,172,2026-12-19
2026-12-19,wk inc flu hosp,0,45,quantile,0.75,179,2026-12-19
2026-12-19,wk inc flu hosp,0,45,quantile,0.8,183,2026-12-19
2026-12-19,wk inc flu hosp,0,45,quantile,0.85,190,2026-12-19
2026-12-19,wk inc flu hosp,0,45,quantile,0.9,194,2026-12-19
2026-12-19,wk inc flu hosp,0,45,quantile,0.95,210,2026-12-19
2026-12-19,wk inc flu hosp,0,45,quantile,0.975,216,2026-12-19
2026-12-19,wk inc flu hosp,0,45,quantile,0.99,224,2026-12-19
2026-12-19,wk inc flu hosp,0,46,quantile,0.01,4,2026-12-19
2026-12-19,wk inc flu hosp,0,46,quantile,0.025,6,2026-12-19
2026-12-19,wk inc flu hosp,0,46,quantile,0.05,6,2026-12-19
2026-12-19,wk inc flu hosp,0,46,quantile,0.1,8,2026-12-19
2026-12-19,wk inc flu hosp,0,46,quantile,0.15,8,2026-12-19
2026-12-19,wk inc flu hosp,0,46,quantile,0.2,9,2026-12-19
2026-12-19,wk inc flu hosp,0,46,quantile,0.25,10,2026-12-19
2026-12-19,wk inc flu hosp,0,46,quantile,0.3,10,2026-12-19
2026-12-19,wk inc flu hosp,0,46,quantile,0.35,11,2026-12-19
2026-12-19,wk inc flu hosp,0,46,quantile,0.4,11,2026-12-19
2026-12-19,wk inc flu hosp,0,46,quantile,0.45,12,2026-12-19
2026-12-19,wk inc flu hosp,0,46,quantile,0.5,13,2026-12-19
2026-12-19,wk inc flu hosp,0,46,quantile,0.55,13,2026-12-19
2026-12-19,wk inc flu hosp,0,46,quantile,0.6,14,2026-12-19
2026-12-19,wk inc flu hosp,0,46,quantile,0.65,14,2026-12-19
2026-12-19,wk inc flu hosp,0,46,quantile,0.7,15,2026-12-19
2026-12-19,wk inc flu hosp,0,46,quantile,0.75,16,2026-12-19
2026-12-19,wk inc flu hosp,0,46,quantile,0.8,17,2026-12-19
2026-12-19,wk inc flu hosp,0,46,quantile,0.85,17,2026-12-19
2026-12-19,wk inc flu hosp,0,46,quantile,0.9,18,2026-12-19
2026-12-19,wk inc flu hosp,0,46,quantile,0.95,21,2026-12-19
2026-12-19,wk inc flu hosp,0,46,quantile,0.975,22,2026-12-19
2026-12-19,wk inc flu hosp,0,46,quantile,0.99,25,2026-12-19
2026-12-19,wk inc flu hosp,0,47,quantile,0.01,86,2026-12-19
2026-12-19,wk inc flu hosp,0,47,quantile,0.025,90,2026-12-19
2026-12-19,wk inc flu hosp,0,47,quantile,0.05,98,2026-12-19
2026-12-19,wk inc flu hosp,0,47,quantile,0.1,101,2026-12-19
2026-12-19,wk inc flu hosp,0,47,quantile,0.15,109,2026-12-19
2026-12-19,wk inc flu hosp,0,47,quantile,0.2,112,2026-12-19
2026-12-19,wk inc flu hosp,0,47,quantile,0.25,115,2026-12-19
2026-12-19,wk inc flu hosp,0,47,quantile,0.3,119,2026-12-19
2026-12-19,wk inc flu hosp,0,47,quantile,0.35,121,2026-12-19
2026-12-19,wk inc flu hosp,0,47,quantile,0.4,126,2026-12-19
2026-12-19,wk inc flu hosp,0,47,quantile,0.45,129,2026-12-19
2026-12-19,wk inc flu hosp,0,47,quantile,0.5,132,2026-12-19
2026-12-19,wk inc flu hosp,0,47,quantile,0.55,135,2026-12-19
2026-12-19,wk inc flu hosp,0,47,quantile,0.6,140,2026-12-19
2026-12-19,wk inc flu hosp,0,47,quantile,0.65,142,2026-12-19
2026-12-19,wk inc flu hosp,0,47,quantile,0.7,146,2026-12-19
2026-12-19,wk inc flu hosp,0,47,quantile,0.75,150,2026-12-19
2026-12-19,wk inc flu hosp,0,47,quantile,0.8,156,2026-12-19
2026-12-19,wk inc flu hosp,0,47,quantile,0.85,160,2026-12-19
2026-12-19,wk inc flu hosp,0,47,quantile,0.9,166,2026-12-19
2026-12-19,wk inc flu hosp,0,47,quantile,0.95,178,2026-12-19
2026-12-19,wk inc flu hosp,0,47,quantile,0.975,187,2026-12-19
2026-12-19,wk inc flu hosp,0,47,quantile,0.99,193,2026-12-19
2026-12-19,wk inc flu hosp,0,48,quantile,0.01,409,2026-12-19
2026-12-19,wk inc flu hosp,0,48,quantile,0.025,422,2026-12-19
2026-12-19,wk inc flu hosp,0,48,quantile,0.05,448,2026-12-19
2026-12-19,wk inc flu hosp,0,48,quantile,0.1,482,2026-12-19
2026-12-19,wk inc flu hosp,0,48,quantile,0.15,498,2026-12-19
2026-12-19,wk inc flu hosp,0,48,quantile,0.2,538,2026-12-19
2026-12-19,wk inc flu hosp,0,48,quantile,0.25,554,2026-12-19
2026-12-19,wk inc flu hosp,0,48,quantile,0.3,567,2026-12-19
2026-12-19,wk inc flu hosp,0,48,quantile,0.35,588,2026-12-19
2026-12-19,wk inc flu hosp,0,48,quantile,0.4,606,2026-12-19
2026-12-19,wk inc flu hosp,0,48,quantile,0.45,622,2026-12-19
2026-12-19,wk inc flu hosp,0,48,quantile,0.5,632,2026-12-19
2026-12-19,wk inc flu hosp,0,48,quantile,0.55,650,2026-12-19
2026-12-19,wk inc flu hosp,0,48,quantile,0.6,660,2026-12-19
2026-12-19,wk inc flu hosp,0,48,quantile,0.65,675,2026-12-19
2026-12-19,wk inc flu hosp,0,48,quantile,0.7,685,2026-12-19
2026-12-19,wk inc flu hosp,0,48,quantile,0.75,699,2026-12-19
2026-12-19,wk inc flu hosp,0,48,quantile,0.8,720,2026-12-19
2026-12-19,wk inc flu hosp,0,48,quantile,0.85,771,2026-12-19
2026-12-19,wk inc flu hosp,0,48,quantile,0.9,803,2026-12-19
2026-12-19,wk inc flu hosp,0,48,quantile,0.95,874,2026-12-19
2026-12-19,wk inc flu hosp,0,48,quantile,0.975,942,2026-12-19
2026-12-19,wk inc flu hosp,0,48,quantile,0.99,1057,2026-12-19
2026-12-19,wk inc flu hosp,0,49,quantile,0.01,26,2026-12-19
2026-12-19,wk inc flu hosp,0,49,quantile,0.025,28,2026-12-19
2026-12-19,wk inc flu hosp,0,49,quantile,0.05,29,2026-12-19
2026-12-19,wk inc flu hosp,0,49,quantile,0.1,31,2026-12-19
2026-12-19,wk inc flu hosp,0,49,quantile,0.15,33,2026-12-19
2026-12-19,wk inc flu hosp,0,49,quantile,0.2,34,2026-12-19
2026-12-19,wk inc flu hosp,0,49,quantile,0.25,35,2026-12-19
2026-12-19,wk inc flu hosp,0,49,quantile,0.3,37,2026-12-19
2026-12-19,wk inc flu hosp,0,49,quantile,0.35,39,2026-12-19
2026-12-19,wk inc flu hosp,0,49,quantile,0.4,40,2026-12-19
2026-12-19,wk inc flu hosp,0,49,quantile,0.45,42,2026-12-19
2026-12-19,wk inc flu hosp,0,49,quantile,0.5,43,2026-12-19
2026-12-19,wk inc flu hosp,0,49,quantile,0.55,44,2026-12-19
2026-12-19,wk inc flu hosp,0,49,quantile,0.6,46,2026-12-19
2026-12-19,wk inc flu hosp,0,49,quantile,0.65,47,2026-12-19
2026-12-19,wk inc flu hosp,0,49,quantile,0.7,48,2026-12-19
2026-12-19,wk inc flu hosp,0,49,quantile,0.75,49,2026-12-19
2026-12-19,wk inc flu hosp,0,49,quantile,0.8,50,2026-12-19
2026-12-19,wk inc flu hosp,0,49,quantile,0.85,53,2026-12-19
2026-12-19,wk inc flu hosp,0,49,quantile,0.9,55,2026-12-19
2026-12-19,wk inc flu hosp,0,49,quantile,0.95,56,2026-12-19
2026-12-19,wk inc flu hosp,0,49,quantile,0.975,63,2026-12-19
2026-12-19,wk inc flu hosp,0,49,quantile,0.99,67,2026-12-19
2026-12-19,wk inc flu hosp,0,50,quantile,0.01,1,2026-12-19
2026-12-19,wk inc flu hosp,0,50,quantile,0.025,1,2026-12-19
2026-12-19,wk inc flu hosp,0,50,quantile,0.05,2,2026-12-19
2026-12-19,wk inc flu hosp,0,50,quantile,0.1,3,2026-12-19
2026-12-19,wk inc flu hosp,0,50,quantile,0.15,3,2026-12-19
2026-12-19,wk inc flu hosp,0,50,quantile,0.2,4,2026-12-19
2026-12-19,wk inc flu hosp,0,50,quantile,0.25,4,2026-12-19
2026-12-19,wk inc flu hosp,0,50,quantile,0.3,5,2026-12-19
2026-12-19,wk inc flu hosp,0,50,quantile,0.35,5,2026-12-19
2026-12-19,wk inc flu hosp,0,50,quantile,0.4,5,2026-12-19
2026-12-19,wk inc flu hosp,0,50,quantile,0.45,6,2026-12-19
2026-12-19,wk inc flu hosp,0,50,quantile,0.5,6,2026-12-19
2026-12-19,wk inc flu hosp,0,50,quantile,0.55,7,2026-12-19
2026-12-19,wk inc flu hosp,0,50,quantile,0.6,7,2026-12-19
2026-12-19,wk inc flu hosp,0,50,quantile,0.65,8,2026-12-19
2026-12-19,wk inc flu hosp,0,50,quantile,0.7,8,2026-12-19
2026-12-19,wk inc flu hosp,0,50,quantile,0.75,9,2026-12-19
2026-12-19,wk inc flu hosp,0,50,quantile,0.8,9,2026-12-19
2026-12-19,wk inc flu hosp,0,50,quantile,0.85,10,2026-12-19
2026-12-19,wk inc flu hosp,0,50,quantile,0.9,11,2026-12-19
2026-12-19,wk inc flu hosp,0,50,quantile,0.95,13,2026-12-19
2026-12-19,wk inc flu hosp,0,50,quantile,0.975,14,2026-12-19
2026-12-19,wk inc flu hosp,0,50,quantile,0.99,15,2026-12-19
2026-12-19,wk inc flu hosp,0,51,quantile,0.01,87,2026-12-19
2026-12-19,wk inc flu hosp,0,51,quantile,0.025,88,2026-12-19
2026-12-19,wk inc flu hosp,0,51,quantile,0.05,92,2026-12-19
2026-12-19,wk inc flu hosp,0,51,quantile,0.1,99,2026-12-19
2026-12-19,wk inc flu hosp,0,51,quantile,0.15,103,2026-12-19
2026-12-19,wk inc flu hosp,0,51,quantile,0.2,108,2026-12-19
2026-12-19,wk inc flu hosp,0,51,quantile,0.25,111,2026-12-19
2026-12-19,wk inc flu hosp,0,51,quantile,0.3,116,2026-12-19
2026-12-19,wk inc flu hosp,0,51,quantile,0.35,117,2026-12-19
2026-12-19,wk inc flu hosp,0,51,quantile,0.4,122,2026-12-19
2026-12-19,wk inc flu hosp,0,51,quantile,0.45,124,2026-12-19
2026-12-19,wk inc flu hosp,0,51,quantile,0.5,126,2026-12-19
2026-12-19,wk inc flu hosp,0,51,quantile,0.55,131,2026-12-19
2026-12-19,wk inc flu hosp,0,51,quantile,0.6,134,2026-12-19
2026-12-19,wk inc flu hosp,0,51,quantile,0.65,136,2026-12-19
2026-12-19,wk inc flu hosp,0,51,quantile,0.7,141,2026-12-19
2026-12-19,wk inc flu hosp,0,51,quantile,0.75,144,2026-12-19
2026-12-19,wk inc flu hosp,0,51,quantile,0.8,149,2026-12-19
2026-12-19,wk inc flu hosp,0,51,quantile,0.85,157,2026-12-19
2026-12-19,wk inc flu hosp,0,51,quantile,0.9,161,2026-12-19
2026-12-19,wk inc flu hosp,0,51,quantile,0.95,178,2026-12-19
2026-12-19,wk inc flu hosp,0,51,quantile,0.975,182,2026-12-19
2026-12-19,wk inc flu hosp,0,51,quantile,0.99,187,2026-12-19
2026-12-19,wk inc flu hosp,0,53,quantile,0.01,38,2026-12-19
2026-12-19,wk inc flu hosp,0,53,quantile,0.025,45,2026-12-19
2026-12-19,wk inc flu hosp,0,53,quantile,0.05,50,2026-12-19
2026-12-19,wk inc flu hosp,0,53,quantile,0.1,52,2026-12-19
2026-12-19,wk inc flu hosp,0,53,quantile,0.15,56,2026-12-19
2026-12-19,wk inc flu hosp,0,53,quantile,0.2,60,2026-12-19
2026-12-19,wk inc flu hosp,0,53,quantile,0.25,61,2026-12-19
2026-12-19,wk inc flu hosp,0,53,quantile,0.3,62,2026-12-19
2026-12-19,wk inc flu hosp,0,53,quantile,0.35,65,2026-12-19
2026-12-19,wk inc flu hosp,0,53,quantile,0.4,68,2026-12-19
2026-12-19,wk inc flu hosp,0,53,quantile,0.45,70,2026-12-19
2026-12-19,wk inc flu hosp,0,53,quantile,0.5,72,2026-12-19
2026-12-19,wk inc flu hosp,0,53,quantile,0.55,74,2026-12-19
2026-12-19,wk inc flu hosp,0,53,quantile,0.6,75,2026-12-19
2026-12-19,wk inc flu hosp,0,53,quantile,0.65,77,2026-12-19
2026-12-19,wk inc flu hosp,0,53,quantile,0.7,81,2026-12-19
2026-12-19,wk inc flu hosp,0,53,quantile,0.75,84,2026-12-19
2026-12-19,wk inc flu hosp,0,53,quantile,0.8,88,2026-12-19
2026-12-19,wk inc flu hosp,0,53,quantile,0.85,91,2026-12-19
2026-12-19,wk inc flu hosp,0,53,quantile,0.9,95,2026-12-19
2026-12-19,wk inc flu hosp,0,53,quantile,0.95,100,2026-12-19
2026-12-19,wk inc flu hosp,0,53,quantile,0.975,104,2026-12-19
2026-12-19,wk inc flu hosp,0,53,quantile,0.99,110,2026-12-19
2026-12-19,wk inc flu hosp,0,54,quantile,0.01,13,2026-12-19
2026-12-19,wk inc flu hosp,0,54,quantile,0.025,14,2026-12-19
2026-12-19,wk inc flu hosp,0,54,quantile,0.05,15,2026-12-19
2026-12-19,wk inc flu hosp,0,54,quantile,0.1,17,2026-12-19
2026-12-19,wk inc flu hosp,0,54,quantile,0.15,19,2026-12-19
2026-12-19,wk inc flu hosp,0,54,quantile,0.2,20,2026-12-19
2026-12-19,wk inc flu hosp,0,54,quantile,0.25,21,2026-12-19
2026-12-19,wk inc flu hosp,0,54,quantile,0.3,21,2026-12-19
2026-12-19,wk inc flu hosp,0,54,quantile,0.35,22,2026-12-19
2026-12-19,wk inc flu hosp,0,54,quantile,0.4,23,2026-12-19
2026-12-19,wk inc flu hosp,0,54,quantile,0.45,24,2026-12-19
2026-12-19,wk inc flu hosp,0,54,quantile,0.5,24,2026-12-19
2026-12-19,wk inc flu hosp,0,54,quantile,0.55,25,2026-12-19
2026-12-19,wk inc flu hosp,0,54,quantile,0.6,26,2026-12-19
2026-12-19,wk inc flu hosp,0,54,quantile,0.65,27,2026-12-19
2026-12-19,wk inc flu hosp,0,54,quantile,0.7,28,2026-12-19
2026-12-19,wk inc flu hosp,0,54,quantile,0.75,29,2026-12-19
2026-12-19,wk inc flu hosp,0,54,quantile,0.8,30,2026-12-19
2026-12-19,wk inc flu hosp,0,54,quantile,0.85,32,2026-12-19
2026-12-19,wk inc flu hosp,0,54,quantile,0.9,34,2026-12-19
2026-12-19,wk inc flu hosp,0,54,quantile,0.95,38,2026-12-19
2026-12-19,wk inc flu hosp,0,54,quantile,0.975,41,2026-12-19
2026-12-19,wk inc flu hosp,0,54,quantile,0.99,45,2026-12-19
2026-12-19,wk inc flu hosp,0,55,quantile,0.01,62,2026-12-19
2026-12-19,wk inc flu hosp,0,55,quantile,0.025,64,2026-12-19
2026-12-19,wk inc flu hosp,0,55,quantile,0.05,65,2026-12-19
2026-12-19,wk inc flu hosp,0,55,quantile,0.1,72,2026-12-19
2026-12-19,wk inc flu hosp,0,55,quantile,0.15,74,2026-12-19
2026-12-19,wk inc flu hosp,0,55,quantile,0.2,78,2026-12-19
2026-12-19,wk inc flu hosp,0,55,quantile,0.25,80,2026-12-19
2026-12-19,wk inc flu hosp,0,55,quantile,0.3,83,2026-12-19
2026-12-19,wk inc flu hosp,0,55,quantile,0.35,86,2026-12-19
2026-12-19,wk inc flu hosp,0,55,quantile,0.4,89,2026-12-19
2026-12-19,wk inc flu hosp,0,55,quantile,0.45,92,2026-12-19
2026-12-19,wk inc flu hosp,0,55,quantile,0.5,96,2026-12-19
2026-12-19,wk inc flu hosp,0,55,quantile,0.55,98,2026-12-19
2026-12-19,wk inc flu hosp,0,55,quantile,0.6,99,2026-12-19
2026-12-19,wk inc flu hosp,0,55,quantile,0.65,103,2026-12-19
2026-12-19,wk inc flu hosp,0,55,quantile,0.7,105,2026-12-19
2026-12-19,wk inc flu hosp,0,55,quantile,0.75,107,2026-12-19
2026-12-19,wk inc flu hosp,0,55,quantile,0.8,109,2026-12-19
2026-12-19,wk inc flu hosp,0,55,quantile,0.85,115,2026-12-19
2026-12-19,wk inc flu hosp,0,55,quantile,0.9,119,2026-12-19
2026-12-19,wk inc flu hosp,0,55,quantile,0.95,125,2026-12-19
2026-12-19,wk inc flu hosp,0,55,quantile,0.975,139,2026-12-19
2026-12-19,wk inc flu hosp,0,55,quantile,0.99,145,2026-12-19
2026-12-19,wk inc flu hosp,0,56,quantile,0.01,6,2026-12-19
2026-12-19,wk inc flu hosp,0,56,quantile,0.025,7,2026-12-19
2026-12-19,wk inc flu hosp,0,56,quantile,0.05,8,2026-12-19
2026-12-19,wk inc flu hosp,0,56,quantile,0.1,9,2026-12-19
2026-12-19,wk inc flu hosp,0,56,quantile,0.15,10,2026-12-19
2026-12-19,wk inc flu hosp,0,56,quantile,0.2,11,2026-12-19
2026-12-19,wk inc flu hosp,0,56,quantile,0.25,12,2026-12-19
2026-12-19,wk inc flu hosp,0,56,quantile,0.3,13,2026-12-19
2026-12-19,wk inc flu hosp,0,56,quantile,0.35,14,2026-12-19
2026-12-19,wk inc flu hosp,0,56,quantile,0.4,14,2026-12-19
2026-12-19,wk inc flu hosp,0,56,quantile,0.45,15,2026-12-19
2026-12-19,wk inc flu hosp,0,56,quantile,0.5,16,2026-12-19
2026-12-19,wk inc flu hosp,0,56,quantile,0.55,16,2026-12-19
2026-12-19,wk inc flu hosp,0,56,quantile,0.6,17,2026-12-19
2026-12-19,wk inc flu hosp,0,56,quantile,0.65,17,2026-12-19
2026-12-19,wk inc flu hosp,0,56,quantile,0.7,18,2026-12-19
2026-12-19,wk inc flu hosp,0,56,quantile,0.75,19,2026-12-19
2026-12-19,wk inc flu hosp,0,56,quantile,0.8,20,2026-12-19
2026-12-19,wk inc flu hosp,0,56,quantile,0.85,22,2026-12-19
2026-12-19,wk inc flu hosp,0,56,quantile,0.9,23,2026-12-19
2026-12-19,wk inc flu hosp,0,56,quantile,0.95,25,2026-12-19
2026-12-19,wk inc flu hosp,0,56,quantile,0.975,29,2026-12-19
2026-12-19,wk inc flu hosp,0,56,quantile,0.99,31,2026-12-19
2026-12-19,wk inc flu hosp,0,72,quantile,0.01,46,2026-12-19
2026-12-19,wk inc flu hosp,0,72,quantile,0.025,49,2026-12-19
2026-12-19,wk inc flu hosp,0,72,quantile,0.05,54,2026-12-19
2026-12-19,wk inc flu hosp,0,72,quantile,0.1,63,2026-12-19
2026-12-19,wk inc flu hosp,0,72,quantile,0.15,67,2026-12-19
2026-12-19,wk inc flu hosp,0,72,quantile,0.2,71,2026-12-19
2026-12-19,wk inc flu hosp,0,72,quantile,0.25,74,2026-12-19
2026-12-19,wk inc flu hosp,0,72,quantile,0.3,79,2026-12-19
2026-12-19,wk inc flu hosp,0,72,quantile,0.35,82,2026-12-19
2026-12-19,wk inc flu hosp,0,72,quantile,0.4,84,2026-12-19
2026-12-19,wk inc flu hosp,0,72,quantile,0.45,88,2026-12-19
2026-12-19,wk inc flu hosp,0,72,quantile,0.5,92,2026-12-19
2026-12-19,wk inc flu hosp,0,72,quantile,0.55,95,2026-12-19
2026-12-19,wk inc flu hosp,0,72,quantile,0.6,98,2026-12-19
2026-12-19,wk inc flu hosp,0,72,quantile,0.65,104,2026-12-19
2026-12-19,wk inc flu hosp,0,72,quantile,0.7,108,2026-12-19
2026-12-19,wk inc flu hosp,0,72,quantile,0.75,114,2026-12-19
2026-12-19,wk inc flu hosp,0,72,quantile,0.8,119,2026-12-19
2026-12-19,wk inc flu hosp,0,72,quantile,0.85,124,2026-12-19
2026-12-19,wk inc flu hosp,0,72,quantile,0.9,133,2026-12-19
2026-12-19,wk inc flu hosp,0,72,quantile,0.95,147,2026-12-19
2026-12-19,wk inc flu hosp,0,72,quantile,0.975,157,2026-12-19
2026-12-19,wk inc flu hosp,0,72,quantile,0.99,169,2026-12-19
2026-12-19,wk inc flu hosp,0,USA,quantile,0.01,6509,2026-12-19
2026-12-19,wk inc flu hosp,0,USA,quantile,0.025,6585,2026-12-19
2026-12-19,wk inc flu hosp,0,USA,quantile,0.05,6754,2026-12-19
2026-12-19,wk inc flu hosp,0,USA,quantile,0.1,6810,2026-12-19
2026-12-19,wk inc flu hosp,0,USA,quantile,0.15,6839,2026-12-19
2026-12-19,wk inc flu hosp,0,USA,quantile,0.2,6930,2026-12-19
2026-12-19,wk inc flu hosp,0,USA,quantile,0.25,6972,2026-12-19
2026-12-19,wk inc flu hosp,0,USA,quantile,0.3,7019,2026-12-19
2026-12-19,wk inc flu hosp,0,USA,quantile,0.35,7077,2026-12-19
2026-12-19,wk inc flu hosp,0,USA,quantile,0.4,7105,2026-12-19
2026-12-19,wk inc flu hosp,0,USA,quantile,0.45,7140,2026-12-19
2026-12-19,wk inc flu hosp,0,USA,quantile,0.5,7179,2026-12-19
2026-12-19,wk inc flu hosp,0,USA,quantile,0.55,7229,2026-12-19
2026-12-19,wk inc flu hosp,0,USA,quantile,0.6,7265,2026-12-19
2026-12-19,wk inc flu hosp,0,USA,quantile,0.65,7301,2026-12-19
2026-12-19,wk inc flu hosp,0,USA,quantile,0.7,7375,2026-12-19
2026-12-19,wk inc flu hosp,0,USA,quantile,0.75,7416,2026-12-19
2026-12-19,wk inc flu hosp,0,USA,quantile,0.8,7433,2026-12-19
2026-12-19,wk inc flu hosp,0,USA,quantile,0.85,7465,2026-12-19
2026-12-19,wk inc flu hosp,0,USA,quantile,0.9,7538,2026-12-19
2026-12-19,wk inc flu hosp,0,USA,quantile,0.95,7643,2026-12-19
2026-12-19,wk inc flu hosp,0,USA,quantile,0.975,7722,2026-12-19
2026-12-19,wk inc flu hosp,0,USA,quantile,0.99,7814,2026-12-19
2026-12-19,wk inc flu hosp,1,01,quantile,0.01,108,2026-12-26
2026-12-19,wk inc flu hosp,1,01,quantile,0.025,122,2026-12-26
2026-12-19,wk inc flu hosp,1,01,quantile,0.05,132,2026-12-26
2026-12-19,wk inc flu hosp,1,01,quantile,0.1,142,2026-12-26
2026-12-19,wk inc flu hosp,1,01,quantile,0.15,146,2026-12-26
2026-12-19,wk inc flu hosp,1,01,quantile,0.2,154,2026-12-26
2026-12-19,wk inc flu hosp,1,01,quantile,0.25,164,2026-12-26
2026-12-19,wk inc flu hosp,1,01,quantile,0.3,170,2026-12-26
2026-12-19,wk inc flu hosp,1,01,quantile,0.35,174,2026-12-26
2026-12-19,wk inc flu hosp,1,01,quantile,0.4,181,2026-12-26
2026-12-19,wk inc flu hosp,1,01,quantile,0.45,186,2026-12-26
2026-12-19,wk inc flu hosp,1,01,quantile,0.5,194,2026-12-26
2026-12-19,wk inc flu hosp,1,01,quantile,0.55,202,2026-12-26
2026-12-19,wk inc flu hosp,1,01,quantile,0.6,209,2026-12-26
2026-12-19,wk inc flu hosp,1,01,quantile,0.65,216,2026-12-26
2026-12-19,wk inc flu hosp,1,01,quantile,0.7,223,2026-12-26
2026-12-19,wk inc flu hosp,1,01,quantile,0.75,233,2026-12-26
2026-12-19,wk inc flu hosp,1,01,quantile,0.8,248,2026-12-26
2026-12-19,wk inc flu hosp,1,01,quantile,0.85,259,2026-12-26
2026-12-19,wk inc flu hosp,1,01,quantile,0.9,278,2026-12-26
2026-12-19,wk inc flu hosp,1,01,quantile,0.95,291,2026-12-26
2026-12-19,wk inc flu hosp,1,01,quantile,0.975,317,2026-12-26
2026-12-19,wk inc flu hosp,1,01,quantile,0.99,374,2026-12-26
2026-12-19,wk inc flu hosp,1,02,quantile,0.01,1,2026-12-26
2026-12-19,wk inc flu hosp,1,02,quantile,0.025,2,2026-12-26
2026-12-19,wk inc flu hosp,1,02,quantile,0.05,3,2026-12-26
2026-12-19,wk inc flu hosp,1,02,quantile,0.1,4,2026-12-26
2026-12-19,wk inc flu hosp,1,02,quantile,0.15,5,2026-12-26
2026-12-19,wk inc flu hosp,1,02,quantile,0.2,6,2026-12-26
2026-12-19,wk inc flu hosp,1,02,quantile,0.25,7,2026-12-26
2026-12-19,wk inc flu hosp,1,02,quantile,0.3,8,2026-12-26
2026-12-19,wk inc flu hosp,1,02,quantile,0.35,9,2026-12-26
2026-12-19,wk inc flu hosp,1,02,quantile,0.4,9,2026-12-26
2026-12-19,wk inc flu hosp,1,02,quantile,0.45,10,2026-12-26
2026-12-19,wk inc flu hosp,1,02,quantile,0.5,11,2026-12-26
2026-12-19,wk inc flu hosp,1,02,quantile,0.55,12,2026-12-26
2026-12-19,wk inc flu hosp,1,02,quantile,0.6,13,2026-12-26
2026-12-19,wk inc flu hosp,1,02,quantile,0.65,14,2026-12-26
2026-12-19,wk inc flu hosp,1,02,quantile,0.7,16,2026-12-26
2026-12-19,wk inc flu hosp,1,02,quantile,0.75,16,2026-12-26
2026-12-19,wk inc flu hosp,1,02,quantile,0.8,18,2026-12-26
2026-12-19,wk inc flu hosp,1,02,quantile,0.85,20,2026-12-26
2026-12-19,wk inc flu hosp,1,02,quantile,0.9,22,2026-12-26
2026-12-19,wk inc flu hosp,1,02,quantile,0.95,26,2026-12-26
2026-12-19,wk inc flu hosp,1,02,quantile,0.975,31,2026-12-26
2026-12-19,wk inc flu hosp,1,02,quantile,0.99,40,2026-12-26
2026-12-19,wk inc flu hosp,1,04,quantile,0.01,253,2026-12-26
2026-12-19,wk inc flu hosp,1,04,quantile,0.025,298,2026-12-26
2026-12-19,wk inc flu hosp,1,04,quantile,0.05,315,2026-12-26
2026-12-19,wk inc flu hosp,1,04,quantile,0.1,332,2026-12-26
2026-12-19,wk inc flu hosp,1,04,quantile,0.15,357,2026-12-26
2026-12-19,wk inc flu hosp,1,04,quantile,0.2,371,2026-12-26
2026-12-19,wk inc flu hosp,1,04,quantile,0.25,391,2026-12-26
2026-12-19,wk inc flu hosp,1,04,quantile,0.3,405,2026-12-26
2026-12-19,wk inc flu hosp,1,04,quantile,0.35,424,2026-12-26
2026-12-19,wk inc flu hosp,1,04,quantile,0.4,437,2026-12-26
2026-12-19,wk inc flu hosp,1,04,quantile,0.45,456,2026-12-26
2026-12-19,wk inc flu hosp,1,04,quantile,0.5,470,2026-12-26
2026-12-19,wk inc flu hosp,1,04,quantile,0.55,477,2026-12-26
2026-12-19,wk inc flu hosp,1,04,quantile,0.6,496,2026-12-26
2026-12-19,wk inc flu hosp,1,04,quantile,0.65,508,2026-12-26
2026-12-19,wk inc flu hosp,1,04,quantile,0.7,523,2026-12-26
2026-12-19,wk inc flu hosp,1,04,quantile,0.75,538,2026-12-26
2026-12-19,wk inc flu hosp,1,04,quantile,0.8,551,2026-12-26
2026-12-19,wk inc flu hosp,1,04,quantile,0.85,576,2026-12-26
2026-12-19,wk inc flu hosp,1,04,quantile,0.9,627,2026-12-26
2026-12-19,wk inc flu hosp,1,04,quantile,0.95,676,2026-12-26
2026-12-19,wk inc flu hosp,1,04,quantile,0.975,718,2026-12-26
2026-12-19,wk inc flu hosp,1,04,quantile,0.99,781,2026-12-26
2026-12-19,wk inc flu hosp,1,05,quantile,0.01,30,2026-12-26
2026-12-19,wk inc flu hosp,1,05,quantile,0.025,32,2026-12-26
2026-12-19,wk inc flu hosp,1,05,quantile,0.05,37,2026-12-26
2026-12-19,wk inc flu hosp,1,05,quantile,0.1,42,2026-12-26
2026-12-19,wk inc flu hosp,1,05,quantile,0.15,45,2026-12-26
2026-12-19,wk inc flu hosp,1,05,quantile,0.2,50,2026-12-26
2026-12-19,wk inc flu hosp,1,05,quantile,0.25,52,2026-12-26
2026-12-19,wk inc flu hosp,1,05,quantile,0.3,54,2026-12-26
2026-12-19,wk inc flu hosp,1,05,quantile,0.35,55,2026-12-26
2026-12-19,wk inc flu hosp,1,05,quantile,0.4,57,2026-12-26
2026-12-19,wk inc flu hosp,1,05,quantile,0.45,59,2026-12-26
2026-12-19,wk inc flu hosp,1,05,quantile,0.5,62,2026-12-26
2026-12-19,wk inc flu hosp,1,05,quantile,0.55,64,2026-12-26
2026-12-19,wk inc flu hosp,1,05,quantile,0.6,66,2026-12-26
2026-12-19,wk inc flu hosp,1,05,quantile,0.65,68,2026-12-26
2026-12-19,wk inc flu hosp,1,05,quantile,0.7,71,2026-12-26
2026-12-19,wk inc flu hosp,1,05,quantile,0.75,75,2026-12-26
2026-12-19,wk inc flu hosp,1,05,quantile,0.8,78,2026-12-26
2026-12-19,wk inc flu hosp,1,05,quantile,0.85,82,2026-12-26
2026-12-19,wk inc flu hosp,1,05,quantile,0.9,89,2026-12-26
2026-12-19,wk inc flu hosp,1,05,quantile,0.95,95,2026-12-26
2026-12-19,wk inc flu hosp,1,05,quantile,0.975,111,2026-12-26
2026-12-19,wk inc flu hosp,1,05,quantile,0.99,120,2026-12-26
2026-12-19,wk inc flu hosp,1,06,quantile,0.01,580,2026-12-26
2026-12-19,wk inc flu hosp,1,06,quantile,0.025,625,2026-12-26
2026-12-19,wk inc flu hosp,1,06,quantile,0.05,670,2026-12-26
2026-12-19,wk inc flu hosp,1,06,quantile,0.1,722,2026-12-26
2026-12-19,wk inc flu hosp,1,06,quantile,0.15,738,2026-12-26
2026-12-19,wk inc flu hosp,1,06,quantile,0.2,765,2026-12-26
2026-12-19,wk inc flu hosp,1,06,quantile,0.25,783,2026-12-26
2026-12-19,wk inc flu hosp,1,06,quantile,0.3,813,2026-12-26
2026-12-19,wk inc flu hosp,1,06,quantile,0.35,839,2026-12-26
2026-12-19,wk inc flu hosp,1,06,quantile,0.4,869,2026-12-26
2026-12-19,wk inc flu hosp,1,06,quantile,0.45,878,2026-12-26
2026-12-19,wk inc flu hosp,1,06,quantile,0.5,903,2026-12-26
2026-12-19,wk inc flu hosp,1,06,quantile,0.55,926,2026-12-26
2026-12-19,wk inc flu hosp,1,06,quantile,0.6,960,2026-12-26
2026-12-19,wk inc flu hosp,1,06,quantile,0.65,980,2026-12-26
2026-12-19,wk inc flu hosp,1,06,quantile,0.7,1009,2026-12-26
2026-12-19,wk inc flu hosp,1,06,quantile,0.75,1036,2026-12-26
2026-12-19,wk inc flu hosp,1,06,quantile,0.8,1072,2026-12-26
2026-12-19,wk inc flu hosp,1,06,quantile,0.85,1110,2026-12-26
2026-12-19,wk inc flu hosp,1,06,quantile,0.9,1146,2026-12-26
2026-12-19,wk inc flu hosp,1,06,quantile,0.95,1188,2026-12-26
2026-12-19,wk inc flu hosp,1,06,quantile,0.975,1311,2026-12-26
2026-12-19,wk inc flu hosp,1,06,quantile,0.99,1423,2026-12-26
2026-12-19,wk inc flu hosp,1,08,quantile,0.01,88,2026-12-26
2026-12-19,wk inc flu hosp,1,08,quantile,0.025,94,2026-12-26
2026-12-19,wk inc flu hosp,1,08,quantile,0.05,133,2026-12-26
2026-12-19,wk inc flu hosp,1,08,quantile,0.1,142,2026-12-26
2026-12-19,wk inc flu hosp,1,08,quantile,0.15,156,2026-12-26
2026-12-19,wk inc flu hosp,1,08,quantile,0.2,164,2026-12-26
2026-12-19,wk inc flu hosp,1,08,quantile,0.25,172,2026-12-26
2026-12-19,wk inc flu hosp,1,08,quantile,0.3,177,2026-12-26
2026-12-19,wk inc flu hosp,1,08,quantile,0.35,182,2026-12-26
2026-12-19,wk inc flu hosp,1,08,quantile,0.4,187,2026-12-26
2026-12-19,wk inc flu hosp,1,08,quantile,0.45,193,2026-12-26
2026-12-19,wk inc flu hosp,1,08,quantile,0.5,196,2026-12-26
2026-12-19,wk inc flu hosp,1,08,quantile,0.55,204,2026-12-26
2026-12-19,wk inc flu hosp,1,08,quantile,0.6,209,2026-12-26
2026-12-19,wk inc flu hosp,1,08,quantile,0.65,216,2026-12-26
2026-12-19,wk inc flu hosp,1,08,quantile,0.7,219,2026-12-26
2026-12-19,wk inc flu hosp,1,08,quantile,0.75,228,2026-12-26
2026-12-19,wk inc flu hosp,1,08,quantile,0.8,236,2026-12-26
2026-12-19,wk inc flu hosp,1,08,quantile,0.85,252,2026-12-26
2026-12-19,wk inc flu hosp,1,08,quantile,0.9,265,2026-12-26
2026-12-19,wk inc flu hosp,1,08,quantile,0.95,301,2026-12-26
2026-12-19,wk inc flu hosp,1,08,quantile,0.975,318,2026-12-26
2026-12-19,wk inc flu hosp,1,08,quantile,0.99,344,2026-12-26
2026-12-19,wk inc flu hosp,1,09,quantile,0.01,87,2026-12-26
2026-12-19,wk inc flu hosp,1,09,quantile,0.025,93,2026-12-26
2026-12-19,wk inc flu hosp,1,09,quantile,0.05,97,2026-12-26
2026-12-19,wk inc flu hosp,1,09,quantile,0.1,105,2026-12-26
2026-12-19,wk inc flu hosp,1,09,quantile,0.15,110,2026-12-26
2026-12-19,wk inc flu hosp,1,09,quantile,0.2,117,2026-12-26
2026-12-19,wk inc flu hosp,1,09,quantile,0.25,122,2026-12-26
2026-12-19,wk inc flu hosp,1,09,quantile,0.3,131,2026-12-26
2026-12-19,wk inc flu hosp,1,09,quantile,0.35,135,2026-12-26
2026-12-19,wk inc flu hosp,1,09,quantile,0.4,139,2026-12-26
2026-12-19,wk inc flu hosp,1,09,quantile,0.45,144,2026-12-26
2026-12-19,wk inc flu hosp,1,09,quantile,0.5,148,2026-12-26
2026-12-19,wk inc flu hosp,1,09,quantile,0.55,152,2026-12-26
2026-12-19,wk inc flu hosp,1,09,quantile,0.6,157,2026-12-26
2026-12-19,wk inc flu hosp,1,09,quantile,0.65,160,2026-12-26
2026-12-19,wk inc flu hosp,1,09,quantile,0.7,170,2026-12-26
2026-12-19,wk inc flu hosp,1,09,quantile,0.75,180,2026-12-26
2026-12-19,wk inc flu hosp,1,09,quantile,0.8,191,2026-12-26
2026-12-19,wk inc flu hosp,1,09,quantile,0.85,198,2026-12-26
2026-12-19,wk inc flu hosp,1,09,quantile,0.9,210,2026-12-26
2026-12-19,wk inc flu hosp,1,09,quantile,0.95,231,2026-12-26
2026-12-19,wk inc flu hosp,1,09,quantile,0.975,259,2026-12-26
2026-12-19,wk inc flu hosp,1,09,quantile,0.99,282,2026-12-26
2026-12-19,wk inc flu hosp,1,10,quantile,0.01,21,2026-12-26
2026-12-19,wk inc flu hosp,1,10,quantile,0.025,24,2026-12-26
2026-12-19,wk inc flu hosp,1,10,quantile,0.05,24,2026-12-26
2026-12-19,wk inc flu hosp,1,10,quantile,0.1,29,2026-12-26
2026-12-19,wk inc flu hosp,1,10,quantile,0.15,30,2026-12-26
2026-12-19,wk inc flu hosp,1,10,quantile,0.2,33,2026-12-26
2026-12-19,wk inc flu hosp,1,10,quantile,0.25,35,2026-12-26
2026-12-19,wk inc flu hosp,1,10,quantile,0.3,37,2026-12-26
2026-12-19,wk inc flu hosp,1,10,quantile,0.35,39,2026-12-26
2026-12-19,wk inc flu hosp,1,10,quantile,0.4,41,2026-12-26
2026-12-19,wk inc flu hosp,1,10,quantile,0.45,43,2026-12-26
2026-12-19,wk inc flu hosp,1,10,quantile,0.5,44,2026-12-26
2026-12-19,wk inc flu hosp,1,10,quantile,0.55,45,2026-12-26
2026-12-19,wk inc flu hosp,1,10,quantile,0.6,46,2026-12-26
2026-12-19,wk inc flu hosp,1,10,quantile,0.65,48,2026-12-26
2026-12-19,wk inc flu hosp,1,10,quantile,0.7,52,2026-12-26
2026-12-19,wk inc flu hosp,1,10,quantile,0.75,53,2026-12-26
2026-12-19,wk inc flu hosp,1,10,quantile,0.8,56,2026-12-26
2026-12-19,wk inc flu hosp,1,10,quantile,0.85,61,2026-12-26
2026-12-19,wk inc flu hosp,1,10,quantile,0.9,63,2026-12-26
2026-12-19,wk inc flu hosp,1,10,quantile,0.95,70,2026-12-26
2026-12-19,wk inc flu hosp,1,10,quantile,0.975,75,2026-12-26
2026-12-19,wk inc flu hosp,1,10,quantile,0.99,80,2026-12-26
2026-12-19,wk inc flu hosp,1,11,quantile,0.01,8,2026-12-26
2026-12-19,wk inc flu hosp,1,11,quantile,0.025,10,2026-12-26
2026-12-19,wk inc flu hosp,1,11,quantile,0.05,13,2026-12-26
2026-12-19,wk inc flu hosp,1,11,quantile,0.1,15,2026-12-26
2026-12-19,wk inc flu hosp,1,11,quantile,0.15,16,2026-12-26
2026-12-19,wk inc flu hosp,1,11,quantile,0.2,17,2026-12-26
2026-12-19,wk inc flu hosp,1,11,quantile,0.25,18,2026-12-26
2026-12-19,wk inc flu hosp,1,11,quantile,0.3,20,2026-12-26
2026-12-19,wk inc flu hosp,1,11,quantile,0.35,21,2026-12-26
2026-12-19,wk inc flu hosp,1,11,quantile,0.4,22,2026-12-26
2026-12-19,wk inc flu hosp,1,11,quantile,0.45,24,2026-12-26
2026-12-19,wk inc flu hosp,1,11,quantile,0.5,25,2026-12-26
2026-12-19,wk inc flu hosp,1,11,quantile,0.55,26,2026-12-26
2026-12-19,wk inc flu hosp,1,11,quantile,0.6,28,2026-12-26
2026-12-19,wk inc flu hosp,1,11,quantile,0.65,30,2026-12-26
2026-12-19,wk inc flu hosp,1,11,quantile,0.7,31,2026-12-26
2026-12-19,wk inc flu hosp,1,11,quantile,0.75,33,2026-12-26
2026-12-19,wk inc flu hosp,1,11,quantile,0.8,35,2026-12-26
2026-12-19,wk inc flu hosp,1,11,quantile,0.85,38,2026-12-26
2026-12-19,wk inc flu hosp,1,11,quantile,0.9,41,2026-12-26
2026-12-19,wk inc flu hosp,1,11,quantile,0.95,46,2026-12-26
2026-12-19,wk inc flu hosp,1,11,quantile,0.975,50,2026-12-26
2026-12-19,wk inc flu hosp,1,11,quantile,0.99,57,2026-12-26
2026-12-19,wk inc flu hosp,1,12,quantile,0.01,365,2026-12-26
2026-12-19,wk inc flu hosp,1,12,quantile,0.025,413,2026-12-26
2026-12-19,wk inc flu hosp,1,12,quantile,0.05,463,2026-12-26
2026-12-19,wk inc flu hosp,1,12,quantile,0.1,483,2026-12-26
2026-12-19,wk inc flu hosp,1,12,quantile,0.15,493,2026-12-26
2026-12-19,wk inc flu hosp,1,12,quantile,0.2,519,2026-12-26
2026-12-19,wk inc flu hosp,1,12,quantile,0.25,528,2026-12-26
2026-12-19,wk inc flu hosp,1,12,quantile,0.3,538,2026-12-26
2026-12-19,wk inc flu hosp,1,12,quantile,0.35,556,2026-12-26
2026-12-19,wk inc flu hosp,1,12,quantile,0.4,570,2026-12-26
2026-12-19,wk inc flu hosp,1,12,quantile,0.45,589,2026-12-26
2026-12-19,wk inc flu hosp,1,12,quantile,0.5,608,2026-12-26
2026-12-19,wk inc flu hosp,1,12,quantile,0.55,621,2026-12-26
2026-12-19,wk inc flu hosp,1,12,quantile,0.6,642,2026-12-26
2026-12-19,wk inc flu hosp,1,12,quantile,0.65,651,2026-12-26
2026-12-19,wk inc flu hosp,1,12,quantile,0.7,665,2026-12-26
2026-12-19,wk inc flu hosp,1,12,quantile,0.75,698,2026-12-26
2026-12-19,wk inc flu hosp,1,12,quantile,0.8,719,2026-12-26
2026-12-19,wk inc flu hosp,1,12,quantile,0.85,748,2026-12-26
2026-12-19,wk inc flu hosp,1,12,quantile,0.9,787,2026-12-26
2026-12-19,wk inc flu hosp,1,12,quantile,0.95,856,2026-12-26
2026-12-19,wk inc flu hosp,1,12,quantile,0.975,902,2026-12-26
2026-12-19,wk inc flu hosp,1,12,quantile,0.99,945,2026-12-26
2026-12-19,wk inc flu hosp,1,13,quantile,0.01,252,2026-12-26
2026-12-19,wk inc flu hosp,1,13,quantile,0.025,292,2026-12-26
2026-12-19,wk inc flu hosp,1,13,quantile,0.05,303,2026-12-26
2026-12-19,wk inc flu hosp,1,13,quantile,0.1,317,2026-12-26
2026-12-19,wk inc flu hosp,1,13,quantile,0.15,339,2026-12-26
2026-12-19,wk inc flu hosp,1,13,quantile,0.2,363,2026-12-26
2026-12-19,wk inc flu hosp,1,13,quantile,0.25,380,2026-12-26
2026-12-19,wk inc flu hosp,1,13,quantile,0.3,394,2026-12-26
2026-12-19,wk inc flu hosp,1,13,quantile,0.35,402,2026-12-26
2026-12-19,wk inc flu hosp,1,13,quantile,0.4,414,2026-12-26
2026-12-19,wk inc flu hosp,1,13,quantile,0.45,424,2026-12-26
2026-12-19,wk inc flu hosp,1,13,quantile,0.5,432,2026-12-26
2026-12-19,wk inc flu hosp,1,13,quantile,0.55,450,2026-12-26
2026-12-19,wk inc flu hosp,1,13,quantile,0.6,460,2026-12-26
2026-12-19,wk inc flu hosp,1,13,quantile,0.65,470,2026-12-26
2026-12-19,wk inc flu hosp,1,13,quantile,0.7,485,2026-12-26
2026-12-19,wk inc flu hosp,1,13,quantile,0.75,496,2026-12-26
2026-12-19,wk inc flu hosp,1,13,quantile,0.8,506,2026-12-26
2026-12-19,wk inc flu hosp,1,13,quantile,0.85,519,2026-12-26
2026-12-19,wk inc flu hosp,1,13,quantile,0.9,557,2026-12-26
2026-12-19,wk inc flu hosp,1,13,quantile,0.95,594,2026-12-26
2026-12-19,wk inc flu hosp,1,13,quantile,0.975,629,2026-12-26
2026-12-19,wk inc flu hosp,1,13,quantile,0.99,721,2026-12-26
2026-12-19,wk inc flu hosp,1,15,quantile,0.01,6,2026-12-26
2026-12-19,wk inc flu hosp,1,15,quantile,0.025,8,2026-12-26
2026-12-19,wk inc flu hosp,1,15,quantile,0.05,10,2026-12-26
2026-12-19,wk inc flu hosp,1,15,quantile,0.1,12,2026-12-26
2026-12-19,wk inc flu hosp,1,15,quantile,0.15,13,2026-12-26
2026-12-19,wk inc flu hosp,1,15,quantile,0.2,13,2026-12-26
2026-12-19,wk inc flu hosp,1,15,quantile,0.25,15,2026-12-26
2026-12-19,wk inc flu hosp,1,15,quantile,0.3,16,2026-12-26
2026-12-19,wk inc flu hosp,1,15,quantile,0.35,17,2026-12-26
2026-12-19,wk inc flu hosp,1,15,quantile,0.4,18,2026-12-26
2026-12-19,wk inc flu hosp,1,15,quantile,0.45,19,2026-12-26
2026-12-19,wk inc flu hosp,1,15,quantile,0.5,19,2026-12-26
2026-12-19,wk inc flu hosp,1,15,quantile,0.55,20,2026-12-26
2026-12-19,wk inc flu hosp,1,15,quantile,0.6,21,2026-12-26
2026-12-19,wk inc flu hosp,1,15,quantile,0.65,22,2026-12-26
2026-12-19,wk inc flu hosp,1,15,quantile,0.7,23,2026-12-26
2026-12-19,wk inc flu hosp,1,15,quantile,0.75,25,2026-12-26
2026-12-19,wk inc flu hosp,1,15,quantile,0.8,27,2026-12-26
2026-12-19,wk inc flu hosp,1,15,quantile,0.85,29,2026-12-26
2026-12-19,wk inc flu hosp,1,15,quantile,0.9,34,2026-12-26
2026-12-19,wk inc flu hosp,1,15,quantile,0.95,37,2026-12-26
2026-12-19,wk inc flu hosp,1,15,quantile,0.975,41,2026-12-26
2026-12-19,wk inc flu hosp,1,15,quantile,0.99,45,2026-12-26
2026-12-19,wk inc flu hosp,1,16,quantile,0.01,33,2026-12-26
2026-12-19,wk inc flu hosp,1,16,quantile,0.025,38,2026-12-26
2026-12-19,wk inc flu hosp,1,16,quantile,0.05,42,2026-12-26
2026-12-19,wk inc flu hosp,1,16,quantile,0.1,45,2026-12-26
2026-12-19,wk inc flu hosp,1,16,quantile,0.15,51,2026-12-26
2026-12-19,wk inc flu hosp,1,16,quantile,0.2,55,2026-12-26
2026-12-19,wk inc flu hosp,1,16,quantile,0.25,56,2026-12-26
2026-12-19,wk inc flu hosp,1,16,quantile,0.3,58,2026-12-26
2026-12-19,wk inc flu hosp,1,16,quantile,0.35,60,2026-12-26
2026-12-19,wk inc flu hosp,1,16,quantile,0.4,62,2026-12-26
2026-12-19,wk inc flu hosp,1,16,quantile,0.45,65,2026-12-26
2026-12-19,wk inc flu hosp,1,16,quantile,0.5,66,2026-12-26
2026-12-19,wk inc flu hosp,1,16,quantile,0.55,68,2026-12-26
2026-12-19,wk inc flu hosp,1,16,quantile,0.6,71,2026-12-26
2026-12-19,wk inc flu hosp,1,16,quantile,0.65,74,2026-12-26
2026-12-19,wk inc flu hosp,1,16,quantile,0.7,76,2026-12-26
2026-12-19,wk inc flu hosp,1,16,quantile,0.75,79,2026-12-26
2026-12-19,wk inc flu hosp,1,16,quantile,0.8,87,2026-12-26
2026-12-19,wk inc flu hosp,1,16,quantile,0.85,93,2026-12-26
2026-12-19,wk inc flu hosp,1,16,quantile,0.9,97,2026-12-26
2026-12-19,wk inc flu hosp,1,16,quantile,0.95,103,2026-12-26
2026-12-19,wk inc flu hosp,1,16,quantile,0.975,112,2026-12-26
2026-12-19,wk inc flu hosp,1,16,quantile,0.99,117,2026-12-26
2026-12-19,wk inc flu hosp,1,17,quantile,0.01,223,2026-12-26
2026-12-19,wk inc flu hosp,1,17,quantile,0.025,231,2026-12-26
2026-12-19,wk inc flu hosp,1,17,quantile,0.05,252,2026-12-26
2026-12-19,wk inc flu hosp,1,17,quantile,0.1,274,2026-12-26
2026-12-19,wk inc flu hosp,1,17,quantile,0.15,281,2026-12-26
2026-12-19,wk inc flu hosp,1,17,quantile,0.2,295,2026-12-26
2026-12-19,wk inc flu hosp,1,17,quantile,0.25,304,2026-12-26
2026-12-19,wk inc flu hosp,1,17,quantile,0.3,317,2026-12-26
2026-12-19,wk inc flu hosp,1,17,quantile,0.35,327,2026-12-26
2026-12-19,wk inc flu hosp,1,17,quantile,0.4,338,2026-12-26
2026-12-19,wk inc flu hosp,1,17,quantile,0.45,347,2026-12-26
2026-12-19,wk inc flu hosp,1,17,quantile,0.5,352,2026-12-26
2026-12-19,wk inc flu hosp,1,17,quantile,0.55,359,2026-12-26
2026-12-19,wk inc flu hosp,1,17,quantile,0.6,368,2026-12-26
2026-12-19,wk inc flu hosp,1,17,quantile,0.65,382,2026-12-26
2026-12-19,wk inc flu hosp,1,17,quantile,0.7,390,2026-12-26
2026-12-19,wk inc flu hosp,1,17,quantile,0.75,403,2026-12-26
2026-12-19,wk inc flu hosp,1,17,quantile,0.8,420,2026-12-26
2026-12-19,wk inc flu hosp,1,17,quantile,0.85,440,2026-12-26
2026-12-19,wk inc flu hosp,1,17,quantile,0.9,463,2026-12-26
2026-12-19,wk inc flu hosp,1,17,quantile,0.95,487,2026-12-26
2026-12-19,wk inc flu hosp,1,17,quantile,0.975,498,2026-12-26
2026-12-19,wk inc flu hosp,1,17,quantile,0.99,563,2026-12-26
2026-12-19,wk inc flu hosp,1,18,quantile,0.01,137,2026-12-26
2026-12-19,wk inc flu hosp,1,18,quantile,0.025,143,2026-12-26
2026-12-19,wk inc flu hosp,1,18,quantile,0.05,149,2026-12-26
2026-12-19,wk inc flu hosp,1,18,quantile,0.1,165,2026-12-26
2026-12-19,wk inc flu hosp,1,18,quantile,0.15,170,2026-12-26
2026-12-19,wk inc flu hosp,1,18,quantile,0.2,179,2026-12-26
2026-12-19,wk inc flu hosp,1,18,quantile,0.25,187,2026-12-26
2026-12-19,wk inc flu hosp,1,18,quantile,0.3,192,2026-12-26
2026-12-19,wk inc flu hosp,1,18,quantile,0.35,197,2026-12-26
2026-12-19,wk inc flu hosp,1,18,quantile,0.4,204,2026-12-26
2026-12-19,wk inc flu hosp,1,18,quantile,0.45,209,2026-12-26
2026-12-19,wk inc flu hosp,1,18,quantile,0.5,218,2026-12-26
2026-12-19,wk inc flu hosp,1,18,quantile,0.55,221,2026-12-26
2026-12-19,wk inc flu hosp,1,18,quantile,0.6,227,2026-12-26
2026-12-19,wk inc flu hosp,1,18,quantile,0.65,231,2026-12-26
2026-12-19,wk inc flu hosp,1,18,quantile,0.7,238,2026-12-26
2026-12-19,wk inc flu hosp,1,18,quantile,0.75,244,2026-12-26
2026-12-19,wk inc flu hosp,1,18,quantile,0.8,255,2026-12-26
2026-12-19,wk inc flu hosp,1,18,quantile,0.85,272,2026-12-26
2026-12-19,wk inc flu hosp,1,18,quantile,0.9,281,2026-12-26
2026-12-19,wk inc flu hosp,1,18,quantile,0.95,297,2026-12-26
2026-12-19,wk inc flu hosp,1,18,quantile,0.975,350,2026-12-26
2026-12-19,wk inc flu hosp,1,18,quantile,0.99,390,2026-12-26
2026-12-19,wk inc flu hosp,1,19,quantile,0.01,21,2026-12-26
2026-12-19,wk inc flu hosp,1,19,quantile,0.025,25,2026-12-26
2026-12-19,wk inc flu hosp,1,19,quantile,0.05,29,2026-12-26
2026-12-19,wk inc flu hosp,1,19,quantile,0.1,31,2026-12-26
2026-12-19,wk inc flu hosp,1,19,quantile,0.15,35,2026-12-26
2026-12-19,wk inc flu hosp,1,19,quantile,0.2,37,2026-12-26
2026-12-19,wk inc flu hosp,1,19,quantile,0.25,39,2026-12-26
2026-12-19,wk inc flu hosp,1,19,quantile,0.3,42,2026-12-26
2026-12-19,wk inc flu hosp,1,19,quantile,0.35,45,2026-12-26
2026-12-19,wk inc flu hosp,1,19,quantile,0.4,47,2026-12-26
2026-12-19,wk inc flu hosp,1,19,quantile,0.45,49,2026-12-26
2026-12-19,wk inc flu hosp,1,19,quantile,0.5,50,2026-12-26
2026-12-19,wk inc flu hosp,1,19,quantile,0.55,53,2026-12-26
2026-12-19,wk inc flu hosp,1,19,quantile,0.6,55,2026-12-26
2026-12-19,wk inc flu hosp,1,19,quantile,0.65,58,2026-12-26
2026-12-19,wk inc flu hosp,1,19,quantile,0.7,59,2026-12-26
2026-12-19,wk inc flu hosp,1,19,quantile,0.75,62,2026-12-26
2026-12-19,wk inc flu hosp,1,19,quantile,0.8,65,2026-12-26
2026-12-19,wk inc flu hosp,1,19,quantile,0.85,68,2026-12-26
2026-12-19,wk inc flu hosp,1,19,quantile,0.9,77,2026-12-26
2026-12-19,wk inc flu hosp,1,19,quantile,0.95,82,2026-12-26
2026-12-19,wk inc flu hosp,1,19,quantile,0.975,87,2026-12-26
2026-12-19,wk inc flu hosp,1,19,quantile,0.99,91,2026-12-26
2026-12-19,wk inc flu hosp,1,20,quantile,0.01,28,2026-12-26
2026-12-19,wk inc flu hosp,1,20,quantile,0.025,33,2026-12-26
2026-12-19,wk inc flu hosp,1,20,quantile,0.05,36,2026-12-26
2026-12-19,wk inc flu hosp,1,20,quantile,0.1,41,2026-12-26
2026-12-19,wk inc flu hosp,1,20,quantile,0.15,44,2026-12-26
2026-12-19,wk inc flu hosp,1,20,quantile,0.2,49,2026-12-26
2026-12-19,wk inc flu hosp,1,20,quantile,0.25,54,2026-12-26
2026-12-19,wk inc flu hosp,1,20,quantile,0.3,56,2026-12-26
2026-12-19,wk inc flu hosp,1,20,quantile,0.35,57,2026-12-26
2026-12-19,wk inc flu hosp,1,20,quantile,0.4,60,2026-12-26
2026-12-19,wk inc flu hosp,1,20,quantile,0.45,61,2026-12-26
2026-12-19,wk inc flu hosp,1,20,quantile,0.5,65,2026-12-26
2026-12-19,wk inc flu hosp,1,20,quantile,0.55,67,2026-12-26
2026-12-19,wk inc flu hosp,1,20,quantile,0.6,71,2026-12-26
2026-12-19,wk inc flu hosp,1,20,quantile,0.65,73,2026-12-26
2026-12-19,wk inc flu hosp,1,20,quantile,0.7,74,2026-12-26
2026-12-19,wk inc flu hosp,1,20,quantile,0.75,79,2026-12-26
2026-12-19,wk inc flu hosp,1,20,quantile,0.8,84,2026-12-26
2026-12-19,wk inc flu hosp,1,20,quantile,0.85,93,2026-12-26
2026-12-19,wk inc flu hosp,1,20,quantile,0.9,101,2026-12-26
2026-12-19,wk inc flu hosp,1,20,quantile,0.95,113,2026-12-26
2026-12-19,wk inc flu hosp,1,20,quantile,0.975,119,2026-12-26
2026-12-19,wk inc flu hosp,1,20,quantile,0.99,137,2026-12-26
2026-12-19,wk inc flu hosp,1,21,quantile,0.01,70,2026-12-26
2026-12-19,wk inc flu hosp,1,21,quantile,0.025,72,2026-12-26
2026-12-19,wk inc flu hosp,1,21,quantile,0.05,77,2026-12-26
2026-12-19,wk inc flu hosp,1,21,quantile,0.1,86,2026-12-26
2026-12-19,wk inc flu hosp,1,21,quantile,0.15,91,2026-12-26
2026-12-19,wk inc flu hosp,1,21,quantile,0.2,96,2026-12-26
2026-12-19,wk inc flu hosp,1,21,quantile,0.25,102,2026-12-26
2026-12-19,wk inc flu hosp,1,21,quantile,0.3,106,2026-12-26
2026-12-19,wk inc flu hosp,1,21,quantile,0.35,110,2026-12-26
2026-12-19,wk inc flu hosp,1,21,quantile,0.4,112,2026-12-26
2026-12-19,wk inc flu hosp,1,21,quantile,0.45,114,2026-12-26
2026-12-19,wk inc flu hosp,1,21,quantile,0.5,116,2026-12-26
2026-12-19,wk inc flu hosp,1,21,quantile,0.55,119,2026-12-26
2026-12-19,wk inc flu hosp,1,21,quantile,0.6,123,2026-12-26
2026-12-19,wk inc flu hosp,1,21,quantile,0.65,130,2026-12-26
2026-12-19,wk inc flu hosp,1,21,quantile,0.7,136,2026-12-26
2026-12-19,wk inc flu hosp,1,21,quantile,0.75,140,2026-12-26
2026-12-19,wk inc flu hosp,1,21,quantile,0.8,145,2026-12-26
2026-12-19,wk inc flu hosp,1,21,quantile,0.85,155,2026-12-26
2026-12-19,wk inc flu hosp,1,21,quantile,0.9,160,2026-12-26
2026-12-19,wk inc flu hosp,1,21,quantile,0.95,177,2026-12-26
2026-12-19,wk inc flu hosp,1,21,quantile,0.975,186,2026-12-26
2026-12-19,wk inc flu hosp,1,21,quantile,0.99,204,2026-12-26
2026-12-19,wk inc flu hosp,1,22,quantile,0.01,116,2026-12-26
2026-12-19,wk inc flu hosp,1,22,quantile,0.025,135,2026-12-26
2026-12-19,wk inc flu hosp,1,22,quantile,0.05,147,2026-12-26
2026-12-19,wk inc flu hosp,1,22,quantile,0.1,158,2026-12-26
2026-12-19,wk inc flu hosp,1,22,quantile,0.15,170,2026-12-26
2026-12-19,wk inc flu hosp,1,22,quantile,0.2,178,2026-12-26
2026-12-19,wk inc flu hosp,1,22,quantile,0.25,184,2026-12-26
2026-12-19,wk inc flu hosp,1,22,quantile,0.3,189,2026-12-26
2026-12-19,wk inc flu hosp,1,22,quantile,0.35,194,2026-12-26
2026-12-19,wk inc flu hosp,1,22,quantile,0.4,201,2026-12-26
2026-12-19,wk inc flu hosp,1,22,quantile,0.45,218,2026-12-26
2026-12-19,wk inc flu hosp,1,22,quantile,0.5,227,2026-12-26
2026-12-19,wk inc flu hosp,1,22,quantile,0.55,234,2026-12-26
2026-12-19,wk inc flu hosp,1,22,quantile,0.6,241,2026-12-26
2026-12-19,wk inc flu hosp,1,22,quantile,0.65,254,2026-12-26
2026-12-19,wk inc flu hosp,1,22,quantile,0.7,261,2026-12-26
2026-12-19,wk inc flu hosp,1,22,quantile,0.75,266,2026-12-26
2026-12-19,wk inc flu hosp,1,22,quantile,0.8,276,2026-12-26
2026-12-19,wk inc flu hosp,1,22,quantile,0.85,292,2026-12-26
2026-12-19,wk inc flu hosp,1,22,quantile,0.9,312,2026-12-26
2026-12-19,wk inc flu hosp,1,22,quantile,0.95,351,2026-12-26
2026-12-19,wk inc flu hosp,1,22,quantile,0.975,388,2026-12-26
2026-12-19,wk inc flu hosp,1,22,quantile,0.99,413,2026-12-26
2026-12-19,wk inc flu hosp,1,23,quantile,0.01,13,2026-12-26
2026-12-19,wk inc flu hosp,1,23,quantile,0.025,18,2026-12-26
2026-12-19,wk inc flu hosp,1,23,quantile,0.05,21,2026-12-26
2026-12-19,wk inc flu hosp,1,23,quantile,0.1,22,2026-12-26
2026-12-19,wk inc flu hosp,1,23,quantile,0.15,24,2026-12-26
2026-12-19,wk inc flu hosp,1,23,quantile,0.2,24,2026-12-26
2026-12-19,wk inc flu hosp,1,23,quantile,0.25,26,2026-12-26
2026-12-19,wk inc flu hosp,1,23,quantile,0.3,27,2026-12-26
2026-12-19,wk inc flu hosp,1,23,quantile,0.35,29,2026-12-26
2026-12-19,wk inc flu hosp,1,23,quantile,0.4,30,2026-12-26
2026-12-19,wk inc flu hosp,1,23,quantile,0.45,32,2026-12-26
2026-12-19,wk inc flu hosp,1,23,quantile,0.5,32,2026-12-26
2026-12-19,wk inc flu hosp,1,23,quantile,0.55,33,2026-12-26
2026-12-19,wk inc flu hosp,1,23,quantile,0.6,34,2026-12-26
2026-12-19,wk inc flu hosp,1,23,quantile,0.65,36,2026-12-26
2026-12-19,wk inc flu hosp,1,23,quantile,0.7,37,2026-12-26
2026-12-19,wk inc flu hosp,1,23,quantile,0.75,40,2026-12-26
2026-12-19,wk inc flu hosp,1,23,quantile,0.8,43,2026-12-26
2026-12-19,wk inc flu hosp,1,23,quantile,0.85,44,2026-12-26
2026-12-19,wk inc flu hosp,1,23,quantile,0.9,47,2026-12-26
2026-12-19,wk inc flu hosp,1,23,quantile,0.95,54,2026-12-26
2026-12-19,wk inc flu hosp,1,23,quantile,0.975,60,2026-12-26
2026-12-19,wk inc flu hosp,1,23,quantile,0.99,64,2026-12-26
2026-12-19,wk inc flu hosp,1,24,quantile,0.01,85,2026-12-26
2026-12-19,wk inc flu hosp,1,24,quantile,0.025,88,2026-12-26
2026-12-19,wk inc flu hosp,1,24,quantile,0.05,92,2026-12-26
2026-12-19,wk inc flu hosp,1,24,quantile,0.1,103,2026-12-26
2026-12-19,wk inc flu hosp,1,24,quantile,0.15,107,2026-12-26
2026-12-19,wk inc flu hosp,1,24,quantile,0.2,115,2026-12-26
2026-12-19,wk inc flu hosp,1,24,quantile,0.25,121,2026-12-26
2026-12-19,wk inc flu hosp,1,24,quantile,0.3,125,2026-12-26
2026-12-19,wk inc flu hosp,1,24,quantile,0.35,129,2026-12-26
2026-12-19,wk inc flu hosp,1,24,quantile,0.4,133,2026-12-26
2026-12-19,wk inc flu hosp,1,24,quantile,0.45,137,2026-12-26
2026-12-19,wk inc flu hosp,1,24,quantile,0.5,144,2026-12-26
2026-12-19,wk inc flu hosp,1,24,quantile,0.55,149,2026-12-26
2026-12-19,wk inc flu hosp,1,24,quantile,0.6,156,2026-12-26
2026-12-19,wk inc flu hosp,1,24,quantile,0.65,167,2026-12-26
2026-12-19,wk inc flu hosp,1,24,quantile,0.7,173,2026-12-26
2026-12-19,wk inc flu hosp,1,24,quantile,0.75,185,2026-12-26
2026-12-19,wk inc flu hosp,1,24,quantile,0.8,193,2026-12-26
2026-12-19,wk inc flu hosp,1,24,quantile,0.85,202,2026-12-26
2026-12-19,wk inc flu hosp,1,24,quantile,0.9,215,2026-12-26
2026-12-19,wk inc flu hosp,1,24,quantile,0.95,240,2026-12-26
2026-12-19,wk inc flu hosp,1,24,quantile,0.975,266,2026-12-26
2026-12-19,wk inc flu hosp,1,24,quantile,0.99,292,2026-12-26
2026-12-19,wk inc flu hosp,1,25,quantile,0.01,119,2026-12-26
2026-12-19,wk inc flu hosp,1,25,quantile,0.025,131,2026-12-26
2026-12-19,wk inc flu hosp,1,25,quantile,0.05,139,2026-12-26
2026-12-19,wk inc flu hosp,1,25,quantile,0.1,152,2026-12-26
2026-12-19,wk inc flu hosp,1,25,quantile,0.15,162,2026-12-26
2026-12-19,wk inc flu hosp,1,25,quantile,0.2,168,2026-12-26
2026-12-19,wk inc flu hosp,1,25,quantile,0.25,172,2026-12-26
2026-12-19,wk inc flu hosp,1,25,quantile,0.3,177,2026-12-26
2026-12-19,wk inc flu hosp,1,25,quantile,0.35,184,2026-12-26
2026-12-19,wk inc flu hosp,1,25,quantile,0.4,195,2026-12-26
2026-12-19,wk inc flu hosp,1,25,quantile,0.45,211,2026-12-26
2026-12-19,wk inc flu hosp,1,25,quantile,0.5,217,2026-12-26
2026-12-19,wk inc flu hosp,1,25,quantile,0.55,222,2026-12-26
2026-12-19,wk inc flu hosp,1,25,quantile,0.6,229,2026-12-26
2026-12-19,wk inc flu hosp,1,25,quantile,0.65,237,2026-12-26
2026-12-19,wk inc flu hosp,1,25,quantile,0.7,247,2026-12-26
2026-12-19,wk inc flu hosp,1,25,quantile,0.75,266,2026-12-26
2026-12-19,wk inc flu hosp,1,25,quantile,0.8,277,2026-12-26
2026-12-19,wk inc flu hosp,1,25,quantile,0.85,284,2026-12-26
2026-12-19,wk inc flu hosp,1,25,quantile,0.9,306,2026-12-26
2026-12-19,wk inc flu hosp,1,25,quantile,0.95,345,2026-12-26
2026-12-19,wk inc flu hosp,1,25,quantile,0.975,348,2026-12-26
2026-12-19,wk inc flu hosp,1,25,quantile,0.99,357,2026-12-26
2026-12-19,wk inc flu hosp,1,26,quantile,0.01,143,2026-12-26
2026-12-19,wk inc flu hosp,1,26,quantile,0.025,149,2026-12-26
2026-12-19,wk inc flu hosp,1,26,quantile,0.05,165,2026-12-26
2026-12-19,wk inc flu hosp,1,26,quantile,0.1,176,2026-12-26
2026-12-19,wk inc flu hosp,1,26,quantile,0.15,192,2026-12-26
2026-12-19,wk inc flu hosp,1,26,quantile,0.2,203,2026-12-26
2026-12-19,wk inc flu hosp,1,26,quantile,0.25,210,2026-12-26
2026-12-19,wk inc flu hosp,1,26,quantile,0.3,220,2026-12-26
2026-12-19,wk inc flu hosp,1,26,quantile,0.35,226,2026-12-26
2026-12-19,wk inc flu hosp,1,26,quantile,0.4,231,2026-12-26
2026-12-19,wk inc flu hosp,1,26,quantile,0.45,235,2026-12-26
2026-12-19,wk inc flu hosp,1,26,quantile,0.5,244,2026-12-26
2026-12-19,wk inc flu hosp,1,26,quantile,0.55,250,2026-12-26
2026-12-19,wk inc flu hosp,1,26,quantile,0.6,255,2026-12-26
2026-12-19,wk inc flu hosp,1,26,quantile,0.65,264,2026-12-26
2026-12-19,wk inc flu hosp,1,26,quantile,0.7,279,2026-12-26
2026-12-19,wk inc flu hosp,1,26,quantile,0.75,288,2026-12-26
2026-12-19,wk inc flu hosp,1,26,quantile,0.8,296,2026-12-26
2026-12-19,wk inc flu hosp,1,26,quantile,0.85,313,2026-12-26
2026-12-19,wk inc flu hosp,1,26,quantile,0.9,323,2026-12-26
2026-12-19,wk inc flu hosp,1,26,quantile,0.95,350,2026-12-26
2026-12-19,wk inc flu hosp,1,26,quantile,0.975,392,2026-12-26
2026-12-19,wk inc flu hosp,1,26,quantile,0.99,402,2026-12-26
2026-12-19,wk inc flu hosp,1,27,quantile,0.01,114,2026-12-26
2026-12-19,wk inc flu hosp,1,27,quantile,0.025,134,2026-12-26
2026-12-19,wk inc flu hosp,1,27,quantile,0.05,138,2026-12-26
2026-12-19,wk inc flu hosp,1,27,quantile,0.1,152,2026-12-26
2026-12-19,wk inc flu hosp,1,27,quantile,0.15,163,2026-12-26
2026-12-19,wk inc flu hosp,1,27,quantile,0.2,170,2026-12-26
2026-12-19,wk inc flu hosp,1,27,quantile,0.25,177,2026-12-26
2026-12-19,wk inc flu hosp,1,27,quantile,0.3,181,2026-12-26
2026-12-19,wk inc flu hosp,1,27,quantile,0.35,191,2026-12-26
2026-12-19,wk inc flu hosp,1,27,quantile,0.4,196,2026-12-26
2026-12-19,wk inc flu hosp,1,27,quantile,0.45,207,2026-12-26
2026-12-19,wk inc flu hosp,1,27,quantile,0.5,214,2026-12-26
2026-12-19,wk inc flu hosp,1,27,quantile,0.55,224,2026-12-26
2026-12-19,wk inc flu hosp,1,27,quantile,0.6,233,2026-12-26
2026-12-19,wk inc flu hosp,1,27,quantile,0.65,243,2026-12-26
2026-12-19,wk inc flu hosp,1,27,quantile,0.7,253,2026-12-26
2026-12-19,wk inc flu hosp,1,27,quantile,0.75,264,2026-12-26
2026-12-19,wk inc flu hosp,1,27,quantile,0.8,277,2026-12-26
2026-12-19,wk inc flu hosp,1,27,quantile,0.85,289,2026-12-26
2026-12-19,wk inc flu hosp,1,27,quantile,0.9,301,2026-12-26
2026-12-19,wk inc flu hosp,1,27,quantile,0.95,322,2026-12-26
2026-12-19,wk inc flu hosp,1,27,quantile,0.975,345,2026-12-26
2026-12-19,wk inc flu hosp,1,27,quantile,0.99,374,2026-12-26
2026-12-19,wk inc flu hosp,1,28,quantile,0.01,46,2026-12-26
2026-12-19,wk inc flu hosp,1,28,quantile,0.025,51,2026-12-26
2026-12-19,wk inc flu hosp,1,28,quantile,0.05,54,2026-12-26
2026-12-19,wk inc flu hosp,1,28,quantile,0.1,66,2026-12-26
2026-12-19,wk inc flu hosp,1,28,quantile,0.15,71,2026-12-26
2026-12-19,wk inc flu hosp,1,28,quantile,0.2,74,2026-12-26
2026-12-19,wk inc flu hosp,1,28,quantile,0.25,78,2026-12-26
2026-12-19,wk inc flu hosp,1,28,quantile,0.3,81,2026-12-26
2026-12-19,wk inc flu hosp,1,28,quantile,0.35,87,2026-12-26
2026-12-19,wk inc flu hosp,1,28,quantile,0.4,90,2026-12-26
2026-12-19,wk inc flu hosp,1,28,quantile,0.45,92,2026-12-26
2026-12-19,wk inc flu hosp,1,28,quantile,0.5,95,2026-12-26
2026-12-19,wk inc flu hosp,1,28,quantile,0.55,98,2026-12-26
2026-12-19,wk inc flu hosp,1,28,quantile,0.6,101,2026-12-26
2026-12-19,wk inc flu hosp,1,28,quantile,0.65,105,2026-12-26
2026-12-19,wk inc flu hosp,1,28,quantile,0.7,109,2026-12-26
2026-12-19,wk inc flu hosp,1,28,quantile,0.75,114,2026-12-26
2026-12-19,wk inc flu hosp,1,28,quantile,0.8,117,2026-12-26
2026-12-19,wk inc flu hosp,1,28,quantile,0.85,123,2026-12-26
2026-12-19,wk inc flu hosp,1,28,quantile,0.9,138,2026-12-26
2026-12-19,wk inc flu hosp,1,28,quantile,0.95,151,2026-12-26
2026-12-19,wk inc flu hosp,1,28,quantile,0.975,159,2026-12-26
2026-12-19,wk inc flu hosp,1,28,quantile,0.99,190,2026-12-26
2026-12-19,wk inc flu hosp,1,29,quantile,0.01,92,2026-12-26
2026-12-19,wk inc flu hosp,1,29,quantile,0.025,100,2026-12-26
2026-12-19,wk inc flu hosp,1,29,quantile,0.05,109,2026-12-26
2026-12-19,wk inc flu hosp,1,29,quantile,0.1,117,2026-12-26
2026-12-19,wk inc flu hosp,1,29,quantile,0.15,126,2026-12-26
2026-12-19,wk inc flu hosp,1,29,quantile,0.2,130,2026-12-26
2026-12-19,wk inc flu hosp,1,29,quantile,0.25,133,2026-12-26
2026-12-19,wk inc flu hosp,1,29,quantile,0.3,141,2026-12-26
2026-12-19,wk inc flu hosp,1,29,quantile,0.35,145,2026-12-26
2026-12-19,wk inc flu hosp,1,29,quantile,0.4,149,2026-12-26
2026-12-19,wk inc flu hosp,1,29,quantile,0.45,151,2026-12-26
2026-12-19,wk inc flu hosp,1,29,quantile,0.5,154,2026-12-26
2026-12-19,wk inc flu hosp,1,29,quantile,0.55,157,2026-12-26
2026-12-19,wk inc flu hosp,1,29,quantile,0.6,160,2026-12-26
2026-12-19,wk inc flu hosp,1,29,quantile,0.65,164,2026-12-26
2026-12-19,wk inc flu hosp,1,29,quantile,0.7,167,2026-12-26
2026-12-19,wk inc flu hosp,1,29,quantile,0.75,174,2026-12-26
2026-12-19,wk inc flu hosp,1,29,quantile,0.8,178,2026-12-26
2026-12-19,wk inc flu hosp,1,29,quantile,0.85,188,2026-12-26
2026-12-19,wk inc flu hosp,1,29,quantile,0.9,202,2026-12-26
2026-12-19,wk inc flu hosp,1,29,quantile,0.95,219,2026-12-26
2026-12-19,wk inc flu hosp,1,29,quantile,0.975,223,2026-12-26
2026-12-19,wk inc flu hosp,1,29,quantile,0.99,241,2026-12-26
2026-12-19,wk inc flu hosp,1,30,quantile,0.01,13,2026-12-26
2026-12-19,wk inc flu hosp,1,30,quantile,0.025,17,2026-12-26
2026-12-19,wk inc flu hosp,1,30,quantile,0.05,19,2026-12-26
2026-12-19,wk inc flu hosp,1,30,quantile,0.1,22,2026-12-26
2026-12-19,wk inc flu hosp,1,30,quantile,0.15,24,2026-12-26
2026-12-19,wk inc flu hosp,1,30,quantile,0.2,26,2026-12-26
2026-12-19,wk inc flu hosp,1,30,quantile,0.25,27,2026-12-26
2026-12-19,wk inc flu hosp,1,30,quantile,0.3,29,2026-12-26
2026-12-19,wk inc flu hosp,1,30,quantile,0.35,30,2026-12-26
2026-12-19,wk inc flu hosp,1,30,quantile,0.4,31,2026-12-26
2026-12-19,wk inc flu hosp,1,30,quantile,0.45,33,2026-12-26
2026-12-19,wk inc flu hosp,1,30,quantile,0.5,34,2026-12-26
2026-12-19,wk inc flu hosp,1,30,quantile,0.55,36,2026-12-26
2026-12-19,wk inc flu hosp,1,30,quantile,0.6,37,2026-12-26
2026-12-19,wk inc flu hosp,1,30,quantile,0.65,40,2026-12-26
2026-12-19,wk inc flu hosp,1,30,quantile,0.7,44,2026-12-26
2026-12-19,wk inc flu hosp,1,30,quantile,0.75,47,2026-12-26
2026-12-19,wk inc flu hosp,1,30,quantile,0.8,50,2026-12-26
2026-12-19,wk inc flu hosp,1,30,quantile,0.85,55,2026-12-26
2026-12-19,wk inc flu hosp,1,30,quantile,0.9,58,2026-12-26
2026-12-19,wk inc flu hosp,1,30,quantile,0.95,64,2026-12-26
2026-12-19,wk inc flu hosp,1,30,quantile,0.975,67,2026-12-26
2026-12-19,wk inc flu hosp,1,30,quantile,0.99,81,2026-12-26
2026-12-19,wk inc flu hosp,1,31,quantile,0.01,22,2026-12-26
2026-12-19,wk inc flu hosp,1,31,quantile,0.025,25,2026-12-26
2026-12-19,wk inc flu hosp,1,31,quantile,0.05,26,2026-12-26
2026-12-19,wk inc flu hosp,1,31,quantile,0.1,29,2026-12-26
2026-12-19,wk inc flu hosp,1,31,quantile,0.15,31,2026-12-26
2026-12-19,wk inc flu hosp,1,31,quantile,0.2,33,2026-12-26
2026-12-19,wk inc flu hosp,1,31,quantile,0.25,35,2026-12-26
2026-12-19,wk inc flu hosp,1,31,quantile,0.3,36,2026-12-26
2026-12-19,wk inc flu hosp,1,31,quantile,0.35,38,2026-12-26
2026-12-19,wk inc flu hosp,1,31,quantile,0.4,39,2026-12-26
2026-12-19,wk inc flu hosp,1,31,quantile,0.45,41,2026-12-26
2026-12-19,wk inc flu hosp,1,31,quantile,0.5,42,2026-12-26
2026-12-19,wk inc flu hosp,1,31,quantile,0.55,43,2026-12-26
2026-12-19,wk inc flu hosp,1,31,quantile,0.6,46,2026-12-26
2026-12-19,wk inc flu hosp,1,31,quantile,0.65,48,2026-12-26
2026-12-19,wk inc flu hosp,1,31,quantile,0.7,49,2026-12-26
2026-12-19,wk inc flu hosp,1,31,quantile,0.75,53,2026-12-26
2026-12-19,wk inc flu hosp,1,31,quantile,0.8,57,2026-12-26
2026-12-19,wk inc flu hosp,1,31,quantile,0.85,61,2026-12-26
2026-12-19,wk inc flu hosp,1,31,quantile,0.9,63,2026-12-26
2026-12-19,wk inc flu hosp,1,31,quantile,0.95,70,2026-12-26
2026-12-19,wk inc flu hosp,1,31,quantile,0.975,76,2026-12-26
2026-12-19,wk inc flu hosp,1,31,quantile,0.99,78,2026-12-26
2026-12-19,wk inc flu hosp,1,32,quantile,0.01,50,2026-12-26
2026-12-19,wk inc flu hosp,1,32,quantile,0.025,51,2026-12-26
2026-12-19,wk inc flu hosp,1,32,quantile,0.05,54,2026-12-26
2026-12-19,wk inc flu hosp,1,32,quantile,0.1,66,2026-12-26
2026-12-19,wk inc flu hosp,1,32,quantile,0.15,73,2026-12-26
2026-12-19,wk inc flu hosp,1,32,quantile,0.2,77,2026-12-26
2026-12-19,wk inc flu hosp,1,32,quantile,0.25,81,2026-12-26
2026-12-19,wk inc flu hosp,1,32,quantile,0.3,86,2026-12-26
2026-12-19,wk inc flu hosp,1,32,quantile,0.35,93,2026-12-26
2026-12-19,wk inc flu hosp,1,32,quantile,0.4,95,2026-12-26
2026-12-19,wk inc flu hosp,1,32,quantile,0.45,97,2026-12-26
2026-12-19,wk inc flu hosp,1,32,quantile,0.5,100,2026-12-26
2026-12-19,wk inc flu hosp,1,32,quantile,0.55,104,2026-12-26
2026-12-19,wk inc flu hosp,1,32,quantile,0.6,107,2026-12-26
2026-12-19,wk inc flu hosp,1,32,quantile,0.65,114,2026-12-26
2026-12-19,wk inc flu hosp,1,32,quantile,0.7,117,2026-12-26
2026-12-19,wk inc flu hosp,1,32,quantile,0.75,122,2026-12-26
2026-12-19,wk inc flu hosp,1,32,quantile,0.8,127,2026-12-26
2026-12-19,wk inc flu hosp,1,32,quantile,0.85,138,2026-12-26
2026-12-19,wk inc flu hosp,1,32,quantile,0.9,144,2026-12-26
2026-12-19,wk inc flu hosp,1,32,quantile,0.95,164,2026-12-26
2026-12-19,wk inc flu hosp,1,32,quantile,0.975,184,2026-12-26
2026-12-19,wk inc flu hosp,1,32,quantile,0.99,200,2026-12-26
2026-12-19,wk inc flu hosp,1,33,quantile,0.01,17,2026-12-26
2026-12-19,wk inc flu hosp,1,33,quantile,0.025,20,2026-12-26
2026-12-19,wk inc flu hosp,1,33,quantile,0.05,22,2026-12-26
2026-12-19,wk inc flu hosp,1,33,quantile,0.1,24,2026-12-26
2026-12-19,wk inc flu hosp,1,33,quantile,0.15,27,2026-12-26
2026-12-19,wk inc flu hosp,1,33,quantile,0.2,29,2026-12-26
2026-12-19,wk inc flu hosp,1,33,quantile,0.25,31,2026-12-26
2026-12-19,wk inc flu hosp,1,33,quantile,0.3,32,2026-12-26
2026-12-19,wk inc flu hosp,1,33,quantile,0.35,33,2026-12-26
2026-12-19,wk inc flu hosp,1,33,quantile,0.4,34,2026-12-26
2026-12-19,wk inc flu hosp,1,33,quantile,0.45,35,2026-12-26
2026-12-19,wk inc flu hosp,1,33,quantile,0.5,36,2026-12-26
2026-12-19,wk inc flu hosp,1,33,quantile,0.55,37,2026-12-26
2026-12-19,wk inc flu hosp,1,33,quantile,0.6,38,2026-12-26
2026-12-19,wk inc flu hosp,1,33,quantile,0.65,39,2026-12-26
2026-12-19,wk inc flu hosp,1,33,quantile,0.7,43,2026-12-26
2026-12-19,wk inc flu hosp,1,33,quantile,0.75,45,2026-12-26
2026-12-19,wk inc flu hosp,1,33,quantile,0.8,48,2026-12-26
2026-12-19,wk inc flu hosp,1,33,quantile,0.85,50,2026-12-26
2026-12-19,wk inc flu hosp,1,33,quantile,0.9,52,2026-12-26
2026-12-19,wk inc flu hosp,1,33,quantile,0.95,55,2026-12-26
2026-12-19,wk inc flu hosp,1,33,quantile,0.975,66,2026-12-26
2026-12-19,wk inc flu hosp,1,33,quantile,0.99,75,2026-12-26
2026-12-19,wk inc flu hosp,1,34,quantile,0.01,252,2026-12-26
2026-12-19,wk inc flu hosp,1,34,quantile,0.025,263,2026-12-26
2026-12-19,wk inc flu hosp,1,34,quantile,0.05,296,2026-12-26
2026-12-19,wk inc flu hosp,1,34,quantile,0.1,337,2026-12-26
2026-12-19,wk inc flu hosp,1,34,quantile,0.15,360,2026-12-26
2026-12-19,wk inc flu hosp,1,34,quantile,0.2,376,2026-12-26
2026-12-19,wk inc flu hosp,1,34,quantile,0.25,397,2026-12-26
2026-12-19,wk inc flu hosp,1,34,quantile,0.3,411,2026-12-26
2026-12-19,wk inc flu hosp,1,34,quantile,0.35,427,2026-12-26
2026-12-19,wk inc flu hosp,1,34,quantile,0.4,439,2026-12-26
2026-12-19,wk inc flu hosp,1,34,quantile,0.45,465,2026-12-26
2026-12-19,wk inc flu hosp,1,34,quantile,0.5,483,2026-12-26
2026-12-19,wk inc flu hosp,1,34,quantile,0.55,491,2026-12-26
2026-12-19,wk inc flu hosp,1,34,quantile,0.6,507,2026-12-26
2026-12-19,wk inc flu hosp,1,34,quantile,0.65,520,2026-12-26
2026-12-19,wk inc flu hosp,1,34,quantile,0.7,536,2026-12-26
2026-12-19,wk inc flu hosp,1,34,quantile,0.75,561,2026-12-26
2026-12-19,wk inc flu hosp,1,34,quantile,0.8,584,2026-12-26
2026-12-19,wk inc flu hosp,1,34,quantile,0.85,594,2026-12-26
2026-12-19,wk inc flu hosp,1,34,quantile,0.9,629,2026-12-26
2026-12-19,wk inc flu hosp,1,34,quantile,0.95,698,2026-12-26
2026-12-19,wk inc flu hosp,1,34,quantile,0.975,748,2026-12-26
2026-12-19,wk inc flu hosp,1,34,quantile,0.99,827,2026-12-26
2026-12-19,wk inc flu hosp,1,35,quantile,0.01,49,2026-12-26
2026-12-19,wk inc flu hosp,1,35,quantile,0.025,54,2026-12-26
2026-12-19,wk inc flu hosp,1,35,quantile,0.05,61,2026-12-26
2026-12-19,wk inc flu hosp,1,35,quantile,0.1,71,2026-12-26
2026-12-19,wk inc flu hosp,1,35,quantile,0.15,76,2026-12-26
2026-12-19,wk inc flu hosp,1,35,quantile,0.2,79,2026-12-26
2026-12-19,wk inc flu hosp,1,35,quantile,0.25,83,2026-12-26
2026-12-19,wk inc flu hosp,1,35,quantile,0.3,87,2026-12-26
2026-12-19,wk inc flu hosp,1,35,quantile,0.35,90,2026-12-26
2026-12-19,wk inc flu hosp,1,35,quantile,0.4,94,2026-12-26
2026-12-19,wk inc flu hosp,1,35,quantile,0.45,96,2026-12-26
2026-12-19,wk inc flu hosp,1,35,quantile,0.5,100,2026-12-26
2026-12-19,wk inc flu hosp,1,35,quantile,0.55,104,2026-12-26
2026-12-19,wk inc flu hosp,1,35,quantile,0.6,108,2026-12-26
2026-12-19,wk inc flu hosp,1,35,quantile,0.65,111,2026-12-26
2026-12-19,wk inc flu hosp,1,35,quantile,0.7,115,2026-12-26
2026-12-19,wk inc flu hosp,1,35,quantile,0.75,124,2026-12-26
2026-12-19,wk inc flu hosp,1,35,quantile,0.8,130,2026-12-26
2026-12-19,wk inc flu hosp,1,35,quantile,0.85,140,2026-12-26
2026-12-19,wk inc flu hosp,1,35,quantile,0.9,146,2026-12-26
2026-12-19,wk inc flu hosp,1,35,quantile,0.95,159,2026-12-26
2026-12-19,wk inc flu hosp,1,35,quantile,0.975,166,2026-12-26
2026-12-19,wk inc flu hosp,1,35,quantile,0.99,185,2026-12-26
2026-12-19,wk inc flu hosp,1,36,quantile,0.01,619,2026-12-26
2026-12-19,wk inc flu hosp,1,36,quantile,0.025,710,2026-12-26
2026-12-19,wk inc flu hosp,1,36,quantile,0.05,736,2026-12-26
2026-12-19,wk inc flu hosp,1,36,quantile,0.1,773,2026-12-26
2026-12-19,wk inc flu hosp,1,36,quantile,0.15,814,2026-12-26
2026-12-19,wk inc flu hosp,1,36,quantile,0.2,846,2026-12-26
2026-12-19,wk inc flu hosp,1,36,quantile,0.25,884,2026-12-26
2026-12-19,wk inc flu hosp,1,36,quantile,0.3,920,2026-12-26
2026-12-19,wk inc flu hosp,1,36,quantile,0.35,938,2026-12-26
2026-12-19,wk inc flu hosp,1,36,quantile,0.4,975,2026-12-26
2026-12-19,wk inc flu hosp,1,36,quantile,0.45,1002,2026-12-26
2026-12-19,wk inc flu hosp,1,36,quantile,0.5,1048,2026-12-26
2026-12-19,wk inc flu hosp,1,36,quantile,0.55,1075,2026-12-26
2026-12-19,wk inc flu hosp,1,36,quantile,0.6,1097,2026-12-26
2026-12-19,wk inc flu hosp,1,36,quantile,0.65,1135,2026-12-26
2026-12-19,wk inc flu hosp,1,36,quantile,0.7,1142,2026-12-26
2026-12-19,wk inc flu hosp,1,36,quantile,0.75,1169,2026-12-26
2026-12-19,wk inc flu hosp,1,36,quantile,0.8,1197,2026-12-26
2026-12-19,wk inc flu hosp,1,36,quantile,0.85,1232,2026-12-26
2026-12-19,wk inc flu hosp,1,36,quantile,0.9,1266,2026-12-26
2026-12-19,wk inc flu hosp,1,36,quantile,0.95,1392,2026-12-26
2026-12-19,wk inc flu hosp,1,36,quantile,0.975,1466,2026-12-26
2026-12-19,wk inc flu hosp,1,36,quantile,0.99,1510,2026-12-26
2026-12-19,wk inc flu hosp,1,37,quantile,0.01,318,2026-12-26
2026-12-19,wk inc flu hosp,1,37,quantile,0.025,327,2026-12-26
2026-12-19,wk inc flu hosp,1,37,quantile,0.05,386,2026-12-26
2026-12-19,wk inc flu hosp,1,37,quantile,0.1,418,2026-12-26
2026-12-19,wk inc flu hosp,1,37,quantile,0.15,461,2026-12-26
2026-12-19,wk inc flu hosp,1,37,quantile,0.2,483,2026-12-26
2026-12-19,wk inc flu hosp,1,37,quantile,0.25,496,2026-12-26
2026-12-19,wk inc flu hosp,1,37,quantile,0.3,511,2026-12-26
2026-12-19,wk inc flu hosp,1,37,quantile,0.35,531,2026-12-26
2026-12-19,wk inc flu hosp,1,37,quantile,0.4,548,2026-12-26
2026-12-19,wk inc flu hosp,1,37,quantile,0.45,567,2026-12-26
2026-12-19,wk inc flu hosp,1,37,quantile,0.5,594,2026-12-26
2026-12-19,wk inc flu hosp,1,37,quantile,0.55,606,2026-12-26
2026-12-19,wk inc flu hosp,1,37,quantile,0.6,631,2026-12-26
2026-12-19,wk inc flu hosp,1,37,quantile,0.65,654,2026-12-26
2026-12-19,wk inc flu hosp,1,37,quantile,0.7,689,2026-12-26
2026-12-19,wk inc flu hosp,1,37,quantile,0.75,707,2026-12-26
2026-12-19,wk inc flu hosp,1,37,quantile,0.8,749,2026-12-26
2026-12-19,wk inc flu hosp,1,37,quantile,0.85,768,2026-12-26
2026-12-19,wk inc flu hosp,1,37,quantile,0.9,839,2026-12-26
2026-12-19,wk inc flu hosp,1,37,quantile,0.95,1010,2026-12-26
2026-12-19,wk inc flu hosp,1,37,quantile,0.975,1074,2026-12-26
2026-12-19,wk inc flu hosp,1,37,quantile,0.99,1101,2026-12-26
2026-12-19,wk inc flu hosp,1,38,quantile,0.01,10,2026-12-26
2026-12-19,wk inc flu hosp,1,38,quantile,0.025,12,2026-12-26
2026-12-19,wk inc flu hosp,1,38,quantile,0.05,15,2026-12-26
2026-12-19,wk inc flu hosp,1,38,quantile,0.1,18,2026-12-26
2026-12-19,wk inc flu hosp,1,38,quantile,0.15,19,2026-12-26
2026-12-19,wk inc flu hosp,1,38,quantile,0.2,20,2026-12-26
2026-12-19,wk inc flu hosp,1,38,quantile,0.25,22,2026-12-26
2026-12-19,wk inc flu hosp,1,38,quantile,0.3,23,2026-12-26
2026-12-19,wk inc flu hosp,1,38,quantile,0.35,24,2026-12-26
2026-12-19,wk inc flu hosp,1,38,quantile,0.4,25,2026-12-26
2026-12-19,wk inc flu hosp,1,38,quantile,0.45,26,2026-12-26
2026-12-19,wk inc flu hosp,1,38,quantile,0.5,27,2026-12-26
2026-12-19,wk inc flu hosp,1,38,quantile,0.55,28,2026-12-26
2026-12-19,wk inc flu hosp,1,38,quantile,0.6,29,2026-12-26
2026-12-19,wk inc flu hosp,1,38,quantile,0.65,30,2026-12-26
2026-12-19,wk inc flu hosp,1,38,quantile,0.7,32,2026-12-26
2026-12-19,wk inc flu hosp,1,38,quantile,0.75,33,2026-12-26
2026-12-19,wk inc flu hosp,1,38,quantile,0.8,34,2026-12-26
2026-12-19,wk inc flu hosp,1,38,quantile,0.85,36,2026-12-26
2026-12-19,wk inc flu hosp,1,38,quantile,0.9,38,2026-12-26
2026-12-19,wk inc flu hosp,1,38,quantile,0.95,40,2026-12-26
2026-12-19,wk inc flu hosp,1,38,quantile,0.975,43,2026-12-26
2026-12-19,wk inc flu hosp,1,38,quantile,0.99,47,2026-12-26
2026-12-19,wk inc flu hosp,1,39,quantile,0.01,255,2026-12-26
2026-12-19,wk inc flu hosp,1,39,quantile,0.025,268,2026-12-26
2026-12-19,wk inc flu hosp,1,39,quantile,0.05,281,2026-12-26
2026-12-19,wk inc flu hosp,1,39,quantile,0.1,305,2026-12-26
2026-12-19,wk inc flu hosp,1,39,quantile,0.15,320,2026-12-26
2026-12-19,wk inc flu hosp,1,39,quantile,0.2,331,2026-12-26
2026-12-19,wk inc flu hosp,1,39,quantile,0.25,338,2026-12-26
2026-12-19,wk inc flu hosp,1,39,quantile,0.3,348,2026-12-26
2026-12-19,wk inc flu hosp,1,39,quantile,0.35,357,2026-12-26
2026-12-19,wk inc flu hosp,1,39,quantile,0.4,365,2026-12-26
2026-12-19,wk inc flu hosp,1,39,quantile,0.45,381,2026-12-26
2026-12-19,wk inc flu hosp,1,39,quantile,0.5,391,2026-12-26
2026-12-19,wk inc flu hosp,1,39,quantile,0.55,408,2026-12-26
2026-12-19,wk inc flu hosp,1,39,quantile,0.6,425,2026-12-26
2026-12-19,wk inc flu hosp,1,39,quantile,0.65,437,2026-12-26
2026-12-19,wk inc flu hosp,1,39,quantile,0.7,449,2026-12-26
2026-12-19,wk inc flu hosp,1,39,quantile,0.75,461,2026-12-26
2026-12-19,wk inc flu hosp,1,39,quantile,0.8,476,2026-12-26
2026-12-19,wk inc flu hosp,1,39,quantile,0.85,494,2026-12-26
2026-12-19,wk inc flu hosp,1,39,quantile,0.9,508,2026-12-26
2026-12-19,wk inc flu hosp,1,39,quantile,0.95,545,2026-12-26
2026-12-19,wk inc flu hosp,1,39,quantile,0.975,604,2026-12-26
2026-12-19,wk inc flu hosp,1,39,quantile,0.99,635,2026-12-26
2026-12-19,wk inc flu hosp,1,40,quantile,0.01,37,2026-12-26
2026-12-19,wk inc flu hosp,1,40,quantile,0.025,42,2026-12-26
2026-12-19,wk inc flu hosp,1,40,quantile,0.05,48,2026-12-26
2026-12-19,wk inc flu hosp,1,40,quantile,0.1,53,2026-12-26
2026-12-19,wk inc flu hosp,1,40,quantile,0.15,57,2026-12-26
2026-12-19,wk inc flu hosp,1,40,quantile,0.2,59,2026-12-26
2026-12-19,wk inc flu hosp,1,40,quantile,0.25,64,2026-12-26
2026-12-19,wk inc flu hosp,1,40,quantile,0.3,67,2026-12-26
2026-12-19,wk inc flu hosp,1,40,quantile,0.35,69,2026-12-26
2026-12-19,wk inc flu hosp,1,40,quantile,0.4,71,2026-12-26
2026-12-19,wk inc flu hosp,1,40,quantile,0.45,74,2026-12-26
2026-12-19,wk inc flu hosp,1,40,quantile,0.5,78,2026-12-26
2026-12-19,wk inc flu hosp,1,40,quantile,0.55,82,2026-12-26
2026-12-19,wk inc flu hosp,1,40,quantile,0.6,84,2026-12-26
2026-12-19,wk inc flu hosp,1,40,quantile,0.65,88,2026-12-26
2026-12-19,wk inc flu hosp,1,40,quantile,0.7,94,2026-12-26
2026-12-19,wk inc flu hosp,1,40,quantile,0.75,98,2026-12-26
2026-12-19,wk inc flu hosp,1,40,quantile,0.8,105,2026-12-26
2026-12-19,wk inc flu hosp,1,40,quantile,0.85,110,2026-12-26
2026-12-19,wk inc flu hosp,1,40,quantile,0.9,118,2026-12-26
2026-12-19,wk inc flu hosp,1,40,quantile,0.95,131,2026-12-26
2026-12-19,wk inc flu hosp,1,40,quantile,0.975,135,2026-12-26
2026-12-19,wk inc flu hosp,1,40,quantile,0.99,154,2026-12-26
2026-12-19,wk inc flu hosp,1,41,quantile,0.01,55,2026-12-26
2026-12-19,wk inc flu hosp,1,41,quantile,0.025,58,2026-12-26
2026-12-19,wk inc flu hosp,1,41,quantile,0.05,61,2026-12-26
2026-12-19,wk inc flu hosp,1,41,quantile,0.1,68,2026-12-26
2026-12-19,wk inc flu hosp,1,41,quantile,0.15,76,2026-12-26
2026-12-19,wk inc flu hosp,1,41,quantile,0.2,80,2026-12-26
2026-12-19,wk inc flu hosp,1,41,quantile,0.25,85,2026-12-26
2026-12-19,wk inc flu hosp,1,41,quantile,0.3,90,2026-12-26
2026-12-19,wk inc flu hosp,1,41,quantile,0.35,94,2026-12-26
2026-12-19,wk inc flu hosp,1,41,quantile,0.4,98,2026-12-26
2026-12-19,wk inc flu hosp,1,41,quantile,0.45,101,2026-12-26
2026-12-19,wk inc flu hosp,1,41,quantile,0.5,106,2026-12-26
2026-12-19,wk inc flu hosp,1,41,quantile,0.55,112,2026-12-26
2026-12-19,wk inc flu hosp,1,41,quantile,0.6,115,2026-12-26
2026-12-19,wk inc flu hosp,1,41,quantile,0.65,119,2026-12-26
2026-12-19,wk inc flu hosp,1,41,quantile,0.7,126,2026-12-26
2026-12-19,wk inc flu hosp,1,41,quantile,0.75,130,2026-12-26
2026-12-19,wk inc flu hosp,1,41,quantile,0.8,140,2026-12-26
2026-12-19,wk inc flu hosp,1,41,quantile,0.85,148,2026-12-26
2026-12-19,wk inc flu hosp,1,41,quantile,0.9,165,2026-12-26
2026-12-19,wk inc flu hosp,1,41,quantile,0.95,175,2026-12-26
2026-12-19,wk inc flu hosp,1,41,quantile,0.975,179,2026-12-26
2026-12-19,wk inc flu hosp,1,41,quantile,0.99,190,2026-12-26
2026-12-19,wk inc flu hosp,1,42,quantile,0.01,345,2026-12-26
2026-12-19,wk inc flu hosp,1,42,quantile,0.025,369,2026-12-26
2026-12-19,wk inc flu hosp,1,42,quantile,0.05,410,2026-12-26
2026-12-19,wk inc flu hosp,1,42,quantile,0.1,470,2026-12-26
2026-12-19,wk inc flu hosp,1,42,quantile,0.15,499,2026-12-26
2026-12-19,wk inc flu hosp,1,42,quantile,0.2,515,2026-12-26
2026-12-19,wk inc flu hosp,1,42,quantile,0.25,549,2026-12-26
2026-12-19,wk inc flu hosp,1,42,quantile,0.3,560,2026-12-26
2026-12-19,wk inc flu hosp,1,42,quantile,0.35,581,2026-12-26
2026-12-19,wk inc flu hosp,1,42,quantile,0.4,600,2026-12-26
2026-12-19,wk inc flu hosp,1,42,quantile,0.45,608,2026-12-26
2026-12-19,wk inc flu hosp,1,42,quantile,0.5,634,2026-12-26
2026-12-19,wk inc flu hosp,1,42,quantile,0.55,649,2026-12-26
2026-12-19,wk inc flu hosp,1,42,quantile,0.6,659,2026-12-26
2026-12-19,wk inc flu hosp,1,42,quantile,0.65,681,2026-12-26
2026-12-19,wk inc flu hosp,1,42,quantile,0.7,698,2026-12-26
2026-12-19,wk inc flu hosp,1,42,quantile,0.75,722,2026-12-26
2026-12-19,wk inc flu hosp,1,42,quantile,0.8,739,2026-12-26
2026-12-19,wk inc flu hosp,1,42,quantile,0.85,778,2026-12-26
2026-12-19,wk inc flu hosp,1,42,quantile,0.9,806,2026-12-26
2026-12-19,wk inc flu hosp,1,42,quantile,0.95,882,2026-12-26
2026-12-19,wk inc flu hosp,1,42,quantile,0.975,921,2026-12-26
2026-12-19,wk inc flu hosp,1,42,quantile,0.99,989,2026-12-26
2026-12-19,wk inc flu hosp,1,44,quantile,0.01,27,2026-12-26
2026-12-19,wk inc flu hosp,1,44,quantile,0.025,30,2026-12-26
2026-12-19,wk inc flu hosp,1,44,quantile,0.05,32,2026-12-26
2026-12-19,wk inc flu hosp,1,44,quantile,0.1,35,2026-12-26
2026-12-19,wk inc flu hosp,1,44,quantile,0.15,39,2026-12-26
2026-12-19,wk inc flu hosp,1,44,quantile,0.2,41,2026-12-26
2026-12-19,wk inc flu hosp,1,44,quantile,0.25,43,2026-12-26
2026-12-19,wk inc flu hosp,1,44,quantile,0.3,45,2026-12-26
2026-12-19,wk inc flu hosp,1,44,quantile,0.35,47,2026-12-26
2026-12-19,wk inc flu hosp,1,44,quantile,0.4,50,2026-12-26
2026-12-19,wk inc flu hosp,1,44,quantile,0.45,53,2026-12-26
2026-12-19,wk inc flu hosp,1,44,quantile,0.5,54,2026-12-26
2026-12-19,wk inc flu hosp,1,44,quantile,0.55,57,2026-12-26
2026-12-19,wk inc flu hosp,1,44,quantile,0.6,58,2026-12-26
2026-12-19,wk inc flu hosp,1,44,quantile,0.65,61,2026-12-26
2026-12-19,wk inc flu hosp,1,44,quantile,0.7,63,2026-12-26
2026-12-19,wk inc flu hosp,1,44,quantile,0.75,65,2026-12-26
2026-12-19,wk inc flu hosp,1,44,quantile,0.8,69,2026-12-26
2026-12-19,wk inc flu hosp,1,44,quantile,0.85,72,2026-12-26
2026-12-19,wk inc flu hosp,1,44,quantile,0.9,79,2026-12-26
2026-12-19,wk inc flu hosp,1,44,quantile,0.95,86,2026-12-26
2026-12-19,wk inc flu hosp,1,44,quantile,0.975,98,2026-12-26
2026-12-19,wk inc flu hosp,1,44,quantile,0.99,102,2026-12-26
2026-12-19,wk inc flu hosp,1,45,quantile,0.01,154,2026-12-26
2026-12-19,wk inc flu hosp,1,45,quantile,0.025,171,2026-12-26
2026-12-19,wk inc flu hosp,1,45,quantile,0.05,182,2026-12-26
2026-12-19,wk inc flu hosp,1,45,quantile,0.1,206,2026-12-26
2026-12-19,wk inc flu hosp,1,45,quantile,0.15,220,2026-12-26
2026-12-19,wk inc flu hosp,1,45,quantile,0.2,227,2026-12-26
2026-12-19,wk inc flu hosp,1,45,quantile,0.25,236,2026-12-26
2026-12-19,wk inc flu hosp,1,45,quantile,0.3,244,2026-12-26
2026-12-19,wk inc flu hosp,1,45,quantile,0.35,250,2026-12-26
2026-12-19,wk inc flu hosp,1,45,quantile,0.4,256,2026-12-26
2026-12-19,wk inc flu hosp,1,45,quantile,0.45,266,2026-12-26
2026-12-19,wk inc flu hosp,1,45,quantile,0.5,272,2026-12-26
2026-12-19,wk inc flu hosp,1,45,quantile,0.55,283,2026-12-26
2026-12-19,wk inc flu hosp,1,45,quantile,0.6,292,2026-12-26
2026-12-19,wk inc flu hosp,1,45,quantile,0.65,310,2026-12-26
2026-12-19,wk inc flu hosp,1,45,quantile,0.7,325,2026-12-26
2026-12-19,wk inc flu hosp,1,45,quantile,0.75,339,2026-12-26
2026-12-19,wk inc flu hosp,1,45,quantile,0.8,356,2026-12-26
2026-12-19,wk inc flu hosp,1,45,quantile,0.85,369,2026-12-26
2026-12-19,wk inc flu hosp,1,45,quantile,0.9,396,2026-12-26
2026-12-19,wk inc flu hosp,1,45,quantile,0.95,465,2026-12-26
2026-12-19,wk inc flu hosp,1,45,quantile,0.975,500,2026-12-26
2026-12-19,wk inc flu hosp,1,45,quantile,0.99,513,2026-12-26
2026-12-19,wk inc flu hosp,1,46,quantile,0.01,9,2026-12-26
2026-12-19,wk inc flu hosp,1,46,quantile,0.025,10,2026-12-26
2026-12-19,wk inc flu hosp,1,46,quantile,0.05,14,2026-12-26
2026-12-19,wk inc flu hosp,1,46,quantile,0.1,16,2026-12-26
2026-12-19,wk inc flu hosp,1,46,quantile,0.15,17,2026-12-26
2026-12-19,wk inc flu hosp,1,46,quantile,0.2,19,2026-12-26
2026-12-19,wk inc flu hosp,1,46,quantile,0.25,21,2026-12-26
2026-12-19,wk inc flu hosp,1,46,quantile,0.3,21,2026-12-26
2026-12-19,wk inc flu hosp,1,46,quantile,0.35,22,2026-12-26
2026-12-19,wk inc flu hosp,1,46,quantile,0.4,23,2026-12-26
2026-12-19,wk inc flu hosp,1,46,quantile,0.45,23,2026-12-26
2026-12-19,wk inc flu hosp,1,46,quantile,0.5,24,2026-12-26
2026-12-19,wk inc flu hosp,1,46,quantile,0.55,26,2026-12-26
2026-12-19,wk inc flu hosp,1,46,quantile,0.6,27,2026-12-26
2026-12-19,wk inc flu hosp,1,46,quantile,0.65,29,2026-12-26
2026-12-19,wk inc flu hosp,1,46,quantile,0.7,30,2026-12-26
2026-12-19,wk inc flu hosp,1,46,quantile,0.75,32,2026-12-26
2026-12-19,wk inc flu hosp,1,46,quantile,0.8,33,2026-12-26
2026-12-19,wk inc flu hosp,1,46,quantile,0.85,34,2026-12-26
2026-12-19,wk inc flu hosp,1,46,quantile,0.9,35,2026-12-26
2026-12-19,wk inc flu hosp,1,46,quantile,0.95,39,2026-12-26
2026-12-19,wk inc flu hosp,1,46,quantile,0.975,41,2026-12-26
2026-12-19,wk inc flu hosp,1,46,quantile,0.99,43,2026-12-26
2026-12-19,wk inc flu hosp,1,47,quantile,0.01,137,2026-12-26
2026-12-19,wk inc flu hosp,1,47,quantile,0.025,144,2026-12-26
2026-12-19,wk inc flu hosp,1,47,quantile,0.05,161,2026-12-26
2026-12-19,wk inc flu hosp,1,47,quantile,0.1,171,2026-12-26
2026-12-19,wk inc flu hosp,1,47,quantile,0.15,177,2026-12-26
2026-12-19,wk inc flu hosp,1,47,quantile,0.2,185,2026-12-26
2026-12-19,wk inc flu hosp,1,47,quantile,0.25,192,2026-12-26
2026-12-19,wk inc flu hosp,1,47,quantile,0.3,197,2026-12-26
2026-12-19,wk inc flu hosp,1,47,quantile,0.35,206,2026-12-26
2026-12-19,wk inc flu hosp,1,47,quantile,0.4,211,2026-12-26
2026-12-19,wk inc flu hosp,1,47,quantile,0.45,217,2026-12-26
2026-12-19,wk inc flu hosp,1,47,quantile,0.5,224,2026-12-26
2026-12-19,wk inc flu hosp,1,47,quantile,0.55,232,2026-12-26
2026-12-19,wk inc flu hosp,1,47,quantile,0.6,236,2026-12-26
2026-12-19,wk inc flu hosp,1,47,quantile,0.65,244,2026-12-26
2026-12-19,wk inc flu hosp,1,47,quantile,0.7,248,2026-12-26
2026-12-19,wk inc flu hosp,1,47,quantile,0.75,257,2026-12-26
2026-12-19,wk inc flu hosp,1,47,quantile,0.8,273,2026-12-26
2026-12-19,wk inc flu hosp,1,47,quantile,0.85,279,2026-12-26
2026-12-19,wk inc flu hosp,1,47,quantile,0.9,291,2026-12-26
2026-12-19,wk inc flu hosp,1,47,quantile,0.95,329,2026-12-26
2026-12-19,wk inc flu hosp,1,47,quantile,0.975,365,2026-12-26
2026-12-19,wk inc flu hosp,1,47,quantile,0.99,398,2026-12-26
2026-12-19,wk inc flu hosp,1,48,quantile,0.01,509,2026-12-26
2026-12-19,wk inc flu hosp,1,48,quantile,0.025,549,2026-12-26
2026-12-19,wk inc flu hosp,1,48,quantile,0.05,596,2026-12-26
2026-12-19,wk inc flu hosp,1,48,quantile,0.1,665,2026-12-26
2026-12-19,wk inc flu hosp,1,48,quantile,0.15,697,2026-12-26
2026-12-19,wk inc flu hosp,1,48,quantile,0.2,753,2026-12-26
2026-12-19,wk inc flu hosp,1,48,quantile,0.25,776,2026-12-26
2026-12-19,wk inc flu hosp,1,48,quantile,0.3,808,2026-12-26
2026-12-19,wk inc flu hosp,1,48,quantile,0.35,842,2026-12-26
2026-12-19,wk inc flu hosp,1,48,quantile,0.4,877,2026-12-26
2026-12-19,wk inc flu hosp,1,48,quantile,0.45,895,2026-12-26
2026-12-19,wk inc flu hosp,1,48,quantile,0.5,922,2026-12-26
2026-12-19,wk inc flu hosp,1,48,quantile,0.55,940,2026-12-26
2026-12-19,wk inc flu hosp,1,48,quantile,0.6,975,2026-12-26
2026-12-19,wk inc flu hosp,1,48,quantile,0.65,1031,2026-12-26
2026-12-19,wk inc flu hosp,1,48,quantile,0.7,1074,2026-12-26
2026-12-19,wk inc flu hosp,1,48,quantile,0.75,1110,2026-12-26
2026-12-19,wk inc flu hosp,1,48,quantile,0.8,1181,2026-12-26
2026-12-19,wk inc flu hosp,1,48,quantile,0.85,1210,2026-12-26
2026-12-19,wk inc flu hosp,1,48,quantile,0.9,1345,2026-12-26
2026-12-19,wk inc flu hosp,1,48,quantile,0.95,1626,2026-12-26
2026-12-19,wk inc flu hosp,1,48,quantile,0.975,1800,2026-12-26
2026-12-19,wk inc flu hosp,1,48,quantile,0.99,1825,2026-12-26
2026-12-19,wk inc flu hosp,1,49,quantile,0.01,34,2026-12-26
2026-12-19,wk inc flu hosp,1,49,quantile,0.025,39,2026-12-26
2026-12-19,wk inc flu hosp,1,49,quantile,0.05,44,2026-12-26
2026-12-19,wk inc flu hosp,1,49,quantile,0.1,52,2026-12-26
2026-12-19,wk inc flu hosp,1,49,quantile,0.15,57,2026-12-26
2026-12-19,wk inc flu hosp,1,49,quantile,0.2,60,2026-12-26
2026-12-19,wk inc flu hosp,1,49,quantile,0.25,62,2026-12-26
2026-12-19,wk inc flu hosp,1,49,quantile,0.3,64,2026-12-26
2026-12-19,wk inc flu hosp,1,49,quantile,0.35,67,2026-12-26
2026-12-19,wk inc flu hosp,1,49,quantile,0.4,69,2026-12-26
2026-12-19,wk inc flu hosp,1,49,quantile,0.45,71,2026-12-26
2026-12-19,wk inc flu hosp,1,49,quantile,0.5,73,2026-12-26
2026-12-19,wk inc flu hosp,1,49,quantile,0.55,75,2026-12-26
2026-12-19,wk inc flu hosp,1,49,quantile,0.6,78,2026-12-26
2026-12-19,wk inc flu hosp,1,49,quantile,0.65,82,2026-12-26
2026-12-19,wk inc flu hosp,1,49,quantile,0.7,84,2026-12-26
2026-12-19,wk inc flu hosp,1,49,quantile,0.75,88,2026-12-26
2026-12-19,wk inc flu hosp,1,49,quantile,0.8,92,2026-12-26
2026-12-19,wk inc flu hosp,1,49,quantile,0.85,95,2026-12-26
2026-12-19,wk inc flu hosp,1,49,quantile,0.9,102,2026-12-26
2026-12-19,wk inc flu hosp,1,49,quantile,0.95,110,2026-12-26
2026-12-19,wk inc flu hosp,1,49,quantile,0.975,125,2026-12-26
2026-12-19,wk inc flu hosp,1,49,quantile,0.99,134,2026-12-26
2026-12-19,wk inc flu hosp,1,50,quantile,0.01,4,2026-12-26
2026-12-19,wk inc flu hosp,1,50,quantile,0.025,4,2026-12-26
2026-12-19,wk inc flu hosp,1,50,quantile,0.05,5,2026-12-26
2026-12-19,wk inc flu hosp,1,50,quantile,0.1,6,2026-12-26
2026-12-19,wk inc flu hosp,1,50,quantile,0.15,7,2026-12-26
2026-12-19,wk inc flu hosp,1,50,quantile,0.2,8,2026-12-26
2026-12-19,wk inc flu hosp,1,50,quantile,0.25,10,2026-12-26
2026-12-19,wk inc flu hosp,1,50,quantile,0.3,11,2026-12-26
2026-12-19,wk inc flu hosp,1,50,quantile,0.35,12,2026-12-26
2026-12-19,wk inc flu hosp,1,50,quantile,0.4,13,2026-12-26
2026-12-19,wk inc flu hosp,1,50,quantile,0.45,13,2026-12-26
2026-12-19,wk inc flu hosp,1,50,quantile,0.5,14,2026-12-26
2026-12-19,wk inc flu hosp,1,50,quantile,0.55,15,2026-12-26
2026-12-19,wk inc flu hosp,1,50,quantile,0.6,15,2026-12-26
2026-12-19,wk inc flu hosp,1,50,quantile,0.65,16,2026-12-26
2026-12-19,wk inc flu hosp,1,50,quantile,0.7,17,2026-12-26
2026-12-19,wk inc flu hosp,1,50,quantile,0.75,18,2026-12-26
2026-12-19,wk inc flu hosp,1,50,quantile,0.8,18,2026-12-26
2026-12-19,wk inc flu hosp,1,50,quantile,0.85,19,2026-12-26
2026-12-19,wk inc flu hosp,1,50,quantile,0.9,22,2026-12-26
2026-12-19,wk inc flu hosp,1,50,quantile,0.95,24,2026-12-26
2026-12-19,wk inc flu hosp,1,50,quantile,0.975,27,2026-12-26
2026-12-19,wk inc flu hosp,1,50,quantile,0.99,29,2026-12-26
2026-12-19,wk inc flu hosp,1,51,quantile,0.01,125,2026-12-26
2026-12-19,wk inc flu hosp,1,51,quantile,0.025,132,2026-12-26
2026-12-19,wk inc flu hosp,1,51,quantile,0.05,147,2026-12-26
2026-12-19,wk inc flu hosp,1,51,quantile,0.1,161,2026-12-26
2026-12-19,wk inc flu hosp,1,51,quantile,0.15,170,2026-12-26
2026-12-19,wk inc flu hosp,1,51,quantile,0.2,177,2026-12-26
2026-12-19,wk inc flu hosp,1,51,quantile,0.25,180,2026-12-26
2026-12-19,wk inc flu hosp,1,51,quantile,0.3,190,2026-12-26
2026-12-19,wk inc flu hosp,1,51,quantile,0.35,199,2026-12-26
2026-12-19,wk inc flu hosp,1,51,quantile,0.4,208,2026-12-26
2026-12-19,wk inc flu hosp,1,51,quantile,0.45,214,2026-12-26
2026-12-19,wk inc flu hosp,1,51,quantile,0.5,220,2026-12-26
2026-12-19,wk inc flu hosp,1,51,quantile,0.55,227,2026-12-26
2026-12-19,wk inc flu hosp,1,51,quantile,0.6,230,2026-12-26
2026-12-19,wk inc flu hosp,1,51,quantile,0.65,241,2026-12-26
2026-12-19,wk inc flu hosp,1,51,quantile,0.7,247,2026-12-26
2026-12-19,wk inc flu hosp,1,51,quantile,0.75,256,2026-12-26
2026-12-19,wk inc flu hosp,1,51,quantile,0.8,268,2026-12-26
2026-12-19,wk inc flu hosp,1,51,quantile,0.85,282,2026-12-26
2026-12-19,wk inc flu hosp,1,51,quantile,0.9,302,2026-12-26
2026-12-19,wk inc flu hosp,1,51,quantile,0.95,332,2026-12-26
2026-12-19,wk inc flu hosp,1,51,quantile,0.975,363,2026-12-26
2026-12-19,wk inc flu hosp,1,51,quantile,0.99,399,2026-12-26
2026-12-19,wk inc flu hosp,1,53,quantile,0.01,53,2026-12-26
2026-12-19,wk inc flu hosp,1,53,quantile,0.025,55,2026-12-26
2026-12-19,wk inc flu hosp,1,53,quantile,0.05,63,2026-12-26
2026-12-19,wk inc flu hosp,1,53,quantile,0.1,69,2026-12-26
2026-12-19,wk inc flu hosp,1,53,quantile,0.15,78,2026-12-26
2026-12-19,wk inc flu hosp,1,53,quantile,0.2,83,2026-12-26
2026-12-19,wk inc flu hosp,1,53,quantile,0.25,87,2026-12-26
2026-12-19,wk inc flu hosp,1,53,quantile,0.3,92,2026-12-26
2026-12-19,wk inc flu hosp,1,53,quantile,0.35,96,2026-12-26
2026-12-19,wk inc flu hosp,1,53,quantile,0.4,100,2026-12-26
2026-12-19,wk inc flu hosp,1,53,quantile,0.45,104,2026-12-26
2026-12-19,wk inc flu hosp,1,53,quantile,0.5,106,2026-12-26
2026-12-19,wk inc flu hosp,1,53,quantile,0.55,110,2026-12-26
2026-12-19,wk inc flu hosp,1,53,quantile,0.6,114,2026-12-26
2026-12-19,wk inc flu hosp,1,53,quantile,0.65,118,2026-12-26
2026-12-19,wk inc flu hosp,1,53,quantile,0.7,123,2026-12-26
2026-12-19,wk inc flu hosp,1,53,quantile,0.75,128,2026-12-26
2026-12-19,wk inc flu hosp,1,53,quantile,0.8,137,2026-12-26
2026-12-19,wk inc flu hosp,1,53,quantile,0.85,145,2026-12-26
2026-12-19,wk inc flu hosp,1,53,quantile,0.9,157,2026-12-26
2026-12-19,wk inc flu hosp,1,53,quantile,0.95,163,2026-12-26
2026-12-19,wk inc flu hosp,1,53,quantile,0.975,169,2026-12-26
2026-12-19,wk inc flu hosp,1,53,quantile,0.99,175,2026-12-26
2026-12-19,wk inc flu hosp,1,54,quantile,0.01,26,2026-12-26
2026-12-19,wk inc flu hosp,1,54,quantile,0.025,28,2026-12-26
2026-12-19,wk inc flu hosp,1,54,quantile,0.05,33,2026-12-26
2026-12-19,wk inc flu hosp,1,54,quantile,0.1,35,2026-12-26
2026-12-19,wk inc flu hosp,1,54,quantile,0.15,39,2026-12-26
2026-12-19,wk inc flu hosp,1,54,quantile,0.2,42,2026-12-26
2026-12-19,wk inc flu hosp,1,54,quantile,0.25,43,2026-12-26
2026-12-19,wk inc flu hosp,1,54,quantile,0.3,46,2026-12-26
2026-12-19,wk inc flu hosp,1,54,quantile,0.35,48,2026-12-26
2026-12-19,wk inc flu hosp,1,54,quantile,0.4,49,2026-12-26
2026-12-19,wk inc flu hosp,1,54,quantile,0.45,50,2026-12-26
2026-12-19,wk inc flu hosp,1,54,quantile,0.5,53,2026-12-26
2026-12-19,wk inc flu hosp,1,54,quantile,0.55,55,2026-12-26
2026-12-19,wk inc flu hosp,1,54,quantile,0.6,57,2026-12-26
2026-12-19,wk inc flu hosp,1,54,quantile,0.65,59,2026-12-26
2026-12-19,wk inc flu hosp,1,54,quantile,0.7,63,2026-12-26
2026-12-19,wk inc flu hosp,1,54,quantile,0.75,65,2026-12-26
2026-12-19,wk inc flu hosp,1,54,quantile,0.8,67,2026-12-26
2026-12-19,wk inc flu hosp,1,54,quantile,0.85,69,2026-12-26
2026-12-19,wk inc flu hosp,1,54,quantile,0.9,73,2026-12-26
2026-12-19,wk inc flu hosp,1,54,quantile,0.95,84,2026-12-26
2026-12-19,wk inc flu hosp,1,54,quantile,0.975,88,2026-12-26
2026-12-19,wk inc flu hosp,1,54,quantile,0.99,92,2026-12-26
2026-12-19,wk inc flu hosp,1,55,quantile,0.01,91,2026-12-26
2026-12-19,wk inc flu hosp,1,55,quantile,0.025,107,2026-12-26
2026-12-19,wk inc flu hosp,1,55,quantile,0.05,115,2026-12-26
2026-12-19,wk inc flu hosp,1,55,quantile,0.1,126,2026-12-26
2026-12-19,wk inc flu hosp,1,55,quantile,0.15,134,2026-12-26
2026-12-19,wk inc flu hosp,1,55,quantile,0.2,138,2026-12-26
2026-12-19,wk inc flu hosp,1,55,quantile,0.25,148,2026-12-26
2026-12-19,wk inc flu hosp,1,55,quantile,0.3,151,2026-12-26
2026-12-19,wk inc flu hosp,1,55,quantile,0.35,156,2026-12-26
2026-12-19,wk inc flu hosp,1,55,quantile,0.4,163,2026-12-26
2026-12-19,wk inc flu hosp,1,55,quantile,0.45,168,2026-12-26
2026-12-19,wk inc flu hosp,1,55,quantile,0.5,170,2026-12-26
2026-12-19,wk inc flu hosp,1,55,quantile,0.55,176,2026-12-26
2026-12-19,wk inc flu hosp,1,55,quantile,0.6,180,2026-12-26
2026-12-19,wk inc flu hosp,1,55,quantile,0.65,185,2026-12-26
2026-12-19,wk inc flu hosp,1,55,quantile,0.7,193,2026-12-26
2026-12-19,wk inc flu hosp,1,55,quantile,0.75,198,2026-12-26
2026-12-19,wk inc flu hosp,1,55,quantile,0.8,208,2026-12-26
2026-12-19,wk inc flu hosp,1,55,quantile,0.85,219,2026-12-26
2026-12-19,wk inc flu hosp,1,55,quantile,0.9,226,2026-12-26
2026-12-19,wk inc flu hosp,1,55,quantile,0.95,254,2026-12-26
2026-12-19,wk inc flu hosp,1,55,quantile,0.975,273,2026-12-26
2026-12-19,wk inc flu hosp,1,55,quantile,0.99,285,2026-12-26
2026-12-19,wk inc flu hosp,1,56,quantile,0.01,10,2026-12-26
2026-12-19,wk inc flu hosp,1,56,quantile,0.025,11,2026-12-26
2026-12-19,wk inc flu hosp,1,56,quantile,0.05,13,2026-12-26
2026-12-19,wk inc flu hosp,1,56,quantile,0.1,16,2026-12-26
2026-12-19,wk inc flu hosp,1,56,quantile,0.15,17,2026-12-26
2026-12-19,wk inc flu hosp,1,56,quantile,0.2,19,2026-12-26
2026-12-19,wk inc flu hosp,1,56,quantile,0.25,20,2026-12-26
2026-12-19,wk inc flu hosp,1,56,quantile,0.3,21,2026-12-26
2026-12-19,wk inc flu hosp,1,56,quantile,0.35,23,2026-12-26
2026-12-19,wk inc flu hosp,1,56,quantile,0.4,25,2026-12-26
2026-12-19,wk inc flu hosp,1,56,quantile,0.45,26,2026-12-26
2026-12-19,wk inc flu hosp,1,56,quantile,0.5,27,2026-12-26
2026-12-19,wk inc flu hosp,1,56,quantile,0.55,29,2026-12-26
2026-12-19,wk inc flu hosp,1,56,quantile,0.6,30,2026-12-26
2026-12-19,wk inc flu hosp,1,56,quantile,0.65,32,2026-12-26
2026-12-19,wk inc flu hosp,1,56,quantile,0.7,33,2026-12-26
2026-12-19,wk inc flu hosp,1,56,quantile,0.75,35,2026-12-26
2026-12-19,wk inc flu hosp,1,56,quantile,0.8,38,2026-12-26
2026-12-19,wk inc flu hosp,1,56,quantile,0.85,39,2026-12-26
2026-12-19,wk inc flu hosp,1,56,quantile,0.9,43,2026-12-26
2026-12-19,wk inc flu hosp,1,56,quantile,0.95,48,2026-12-26
2026-12-19,wk inc flu hosp,1,56,quantile,0.975,53,2026-12-26
2026-12-19,wk inc flu hosp,1,56,quantile,0.99,55,2026-12-26
2026-12-19,wk inc flu hosp,1,72,quantile,0.01,45,2026-12-26
2026-12-19,wk inc flu hosp,1,72,quantile,0.025,50,2026-12-26
2026-12-19,wk inc flu hosp,1,72,quantile,0.05,53,2026-12-26
2026-12-19,wk inc flu hosp,1,72,quantile,0.1,64,2026-12-26
2026-12-19,wk inc flu hosp,1,72,quantile,0.15,73,2026-12-26
2026-12-19,wk inc flu hosp,1,72,quantile,0.2,80,2026-12-26
2026-12-19,wk inc flu hosp,1,72,quantile,0.25,90,2026-12-26
2026-12-19,wk inc flu hosp,1,72,quantile,0.3,95,2026-12-26
2026-12-19,wk inc flu hosp,1,72,quantile,0.35,101,2026-12-26
2026-12-19,wk inc flu hosp,1,72,quantile,0.4,107,2026-12-26
2026-12-19,wk inc flu hosp,1,72,quantile,0.45,110,2026-12-26
2026-12-19,wk inc flu hosp,1,72,quantile,0.5,116,2026-12-26
2026-12-19,wk inc flu hosp,1,72,quantile,0.55,120,2026-12-26
2026-12-19,wk inc flu hosp,1,72,quantile,0.6,125,2026-12-26
2026-12-19,wk inc flu hosp,1,72,quantile,0.65,129,2026-12-26
2026-12-19,wk inc flu hosp,1,72,quantile,0.7,141,2026-12-26
2026-12-19,wk inc flu hosp,1,72,quantile,0.75,148,2026-12-26
2026-12-19,wk inc flu hosp,1,72,quantile,0.8,156,2026-12-26
2026-12-19,wk inc flu hosp,1,72,quantile,0.85,170,2026-12-26
2026-12-19,wk inc flu hosp,1,72,quantile,0.9,190,2026-12-26
2026-12-19,wk inc flu hosp,1,72,quantile,0.95,220,2026-12-26
2026-12-19,wk inc flu hosp,1,72,quantile,0.975,235,2026-12-26
2026-12-19,wk inc flu hosp,1,72,quantile,0.99,256,2026-12-26
2026-12-19,wk inc flu hosp,1,USA,quantile,0.01,9912,2026-12-26
2026-12-19,wk inc flu hosp,1,USA,quantile,0.025,10255,2026-12-26
2026-12-19,wk inc flu hosp,1,USA,quantile,0.05,10372,2026-12-26
2026-12-19,wk inc flu hosp,1,USA,quantile,0.1,10686,2026-12-26
2026-12-19,wk inc flu hosp,1,USA,quantile,0.15,10767,2026-12-26
2026-12-19,wk inc flu hosp,1,USA,quantile,0.2,10838,2026-12-26
2026-12-19,wk inc flu hosp,1,USA,quantile,0.25,11067,2026-12-26
2026-12-19,wk inc flu hosp,1,USA,quantile,0.3,11224,2026-12-26
2026-12-19,wk inc flu hosp,1,USA,quantile,0.35,11266,2026-12-26
2026-12-19,wk inc flu hosp,1,USA,quantile,0.4,11352,2026-12-26
2026-12-19,wk inc flu hosp,1,USA,quantile,0.45,11441,2026-12-26
2026-12-19,wk inc flu hosp,1,USA,quantile,0.5,11552,2026-12-26
2026-12-19,wk inc flu hosp,1,USA,quantile,0.55,11635,2026-12-26
2026-12-19,wk inc flu hosp,1,USA,quantile,0.6,11691,2026-12-26
2026-12-19,wk inc flu hosp,1,USA,quantile,0.65,11765,2026-12-26
2026-12-19,wk inc flu hosp,1,USA,quantile,0.7,11959,2026-12-26
2026-12-19,wk inc flu hosp,1,USA,quantile,0.75,12074,2026-12-26
2026-12-19,wk inc flu hosp,1,USA,quantile,0.8,12156,2026-12-26
2026-12-19,wk inc flu hosp,1,USA,quantile,0.85,12280,2026-12-26
2026-12-19,wk inc flu hosp,1,USA,quantile,0.9,12473,2026-12-26
2026-12-19,wk inc flu hosp,1,USA,quantile,0.95,12762,2026-12-26
2026-12-19,wk inc flu hosp,1,USA,quantile,0.975,12820,2026-12-26
2026-12-19,wk inc flu hosp,1,USA,quantile,0.99,13033,2026-12-26
2026-12-19,wk inc flu hosp,2,01,quantile,0.01,103,2027-01-02
2026-12-19,wk inc flu hosp,2,01,quantile,0.025,112,2027-01-02
2026-12-19,wk inc flu hosp,2,01,quantile,0.05,125,2027-01-02
2026-12-19,wk inc flu hosp,2,01,quantile,0.1,143,2027-01-02
2026-12-19,wk inc flu hosp,2,01,quantile,0.15,152,2027-01-02
2026-12-19,wk inc flu hosp,2,01,quantile,0.2,158,2027-01-02
2026-12-19,wk inc flu hosp,2,01,quantile,0.25,175,2027-01-02
2026-12-19,wk inc flu hosp,2,01,quantile,0.3,182,2027-01-02
2026-12-19,wk inc flu hosp,2,01,quantile,0.35,192,2027-01-02
2026-12-19,wk inc flu hosp,2,01,quantile,0.4,199,2027-01-02
2026-12-19,wk inc flu hosp,2,01,quantile,0.45,209,2027-01-02
2026-12-19,wk inc flu hosp,2,01,quantile,0.5,216,2027-01-02
2026-12-19,wk inc flu hosp,2,01,quantile,0.55,222,2027-01-02
2026-12-19,wk inc flu hosp,2,01,quantile,0.6,236,2027-01-02
2026-12-19,wk inc flu hosp,2,01,quantile,0.65,249,2027-01-02
2026-12-19,wk inc flu hosp,2,01,quantile,0.7,258,2027-01-02
2026-12-19,wk inc flu hosp,2,01,quantile,0.75,271,2027-01-02
2026-12-19,wk inc flu hosp,2,01,quantile,0.8,290,2027-01-02
2026-12-19,wk inc flu hosp,2,01,quantile,0.85,311,2027-01-02
2026-12-19,wk inc flu hosp,2,01,quantile,0.9,341,2027-01-02
2026-12-19,wk inc flu hosp,2,01,quantile,0.95,373,2027-01-02
2026-12-19,wk inc flu hosp,2,01,quantile,0.975,410,2027-01-02
2026-12-19,wk inc flu hosp,2,01,quantile,0.99,493,2027-01-02
2026-12-19,wk inc flu hosp,2,02,quantile,0.01,0,2027-01-02
2026-12-19,wk inc flu hosp,2,02,quantile,0.025,0,2027-01-02
2026-12-19,wk inc flu hosp,2,02,quantile,0.05,1,2027-01-02
2026-12-19,wk inc flu hosp,2,02,quantile,0.1,4,2027-01-02
2026-12-19,wk inc flu hosp,2,02,quantile,0.15,6,2027-01-02
2026-12-19,wk inc flu hosp,2,02,quantile,0.2,8,2027-01-02
2026-12-19,wk inc flu hosp,2,02,quantile,0.25,9,2027-01-02
2026-12-19,wk inc flu hosp,2,02,quantile,0.3,10,2027-01-02
2026-12-19,wk inc flu hosp,2,02,quantile,0.35,10,2027-01-02
2026-12-19,wk inc flu hosp,2,02,quantile,0.4,12,2027-01-02
2026-12-19,wk inc flu hosp,2,02,quantile,0.45,13,2027-01-02
2026-12-19,wk inc flu hosp,2,02,quantile,0.5,14,2027-01-02
2026-12-19,wk inc flu hosp,2,02,quantile,0.55,15,2027-01-02
2026-12-19,wk inc flu hosp,2,02,quantile,0.6,16,2027-01-02
2026-12-19,wk inc flu hosp,2,02,quantile,0.65,18,2027-01-02
2026-12-19,wk inc flu hosp,2,02,quantile,0.7,19,2027-01-02
2026-12-19,wk inc flu hosp,2,02,quantile,0.75,21,2027-01-02
2026-12-19,wk inc flu hosp,2,02,quantile,0.8,26,2027-01-02
2026-12-19,wk inc flu hosp,2,02,quantile,0.85,29,2027-01-02
2026-12-19,wk inc flu hosp,2,02,quantile,0.9,33,2027-01-02
2026-12-19,wk inc flu hosp,2,02,quantile,0.95,41,2027-01-02
2026-12-19,wk inc flu hosp,2,02,quantile,0.975,46,2027-01-02
2026-12-19,wk inc flu hosp,2,02,quantile,0.99,55,2027-01-02
2026-12-19,wk inc flu hosp,2,04,quantile,0.01,282,2027-01-02
2026-12-19,wk inc flu hosp,2,04,quantile,0.025,290,2027-01-02
2026-12-19,wk inc flu hosp,2,04,quantile,0.05,318,2027-01-02
2026-12-19,wk inc flu hosp,2,04,quantile,0.1,363,2027-01-02
2026-12-19,wk inc flu hosp,2,04,quantile,0.15,395,2027-01-02
2026-12-19,wk inc flu hosp,2,04,quantile,0.2,415,2027-01-02
2026-12-19,wk inc flu hosp,2,04,quantile,0.25,435,2027-01-02
2026-12-19,wk inc flu hosp,2,04,quantile,0.3,460,2027-01-02
2026-12-19,wk inc flu hosp,2,04,quantile,0.35,475,2027-01-02
2026-12-19,wk inc flu hosp,2,04,quantile,0.4,507,2027-01-02
2026-12-19,wk inc flu hosp,2,04,quantile,0.45,536,2027-01-02
2026-12-19,wk inc flu hosp,2,04,quantile,0.5,564,2027-01-02
2026-12-19,wk inc flu hosp,2,04,quantile,0.55,582,2027-01-02
2026-12-19,wk inc flu hosp,2,04,quantile,0.6,599,2027-01-02
2026-12-19,wk inc flu hosp,2,04,quantile,0.65,625,2027-01-02
2026-12-19,wk inc flu hosp,2,04,quantile,0.7,651,2027-01-02
2026-12-19,wk inc flu hosp,2,04,quantile,0.75,688,2027-01-02
2026-12-19,wk inc flu hosp,2,04,quantile,0.8,730,2027-01-02
2026-12-19,wk inc flu hosp,2,04,quantile,0.85,783,2027-01-02
2026-12-19,wk inc flu hosp,2,04,quantile,0.9,847,2027-01-02
2026-12-19,wk inc flu hosp,2,04,quantile,0.95,942,2027-01-02
2026-12-19,wk inc flu hosp,2,04,quantile,0.975,990,2027-01-02
2026-12-19,wk inc flu hosp,2,04,quantile,0.99,1126,2027-01-02
2026-12-19,wk inc flu hosp,2,05,quantile,0.01,36,2027-01-02
2026-12-19,wk inc flu hosp,2,05,quantile,0.025,38,2027-01-02
2026-12-19,wk inc flu hosp,2,05,quantile,0.05,43,2027-01-02
2026-12-19,wk inc flu hosp,2,05,quantile,0.1,47,2027-01-02
2026-12-19,wk inc flu hosp,2,05,quantile,0.15,53,2027-01-02
2026-12-19,wk inc flu hosp,2,05,quantile,0.2,57,2027-01-02
2026-12-19,wk inc flu hosp,2,05,quantile,0.25,65,2027-01-02
2026-12-19,wk inc flu hosp,2,05,quantile,0.3,69,2027-01-02
2026-12-19,wk inc flu hosp,2,05,quantile,0.35,72,2027-01-02
2026-12-19,wk inc flu hosp,2,05,quantile,0.4,74,2027-01-02
2026-12-19,wk inc flu hosp,2,05,quantile,0.45,79,2027-01-02
2026-12-19,wk inc flu hosp,2,05,quantile,0.5,82,2027-01-02
2026-12-19,wk inc flu hosp,2,05,quantile,0.55,86,2027-01-02
2026-12-19,wk inc flu hosp,2,05,quantile,0.6,89,2027-01-02
2026-12-19,wk inc flu hosp,2,05,quantile,0.65,92,2027-01-02
2026-12-19,wk inc flu hosp,2,05,quantile,0.7,97,2027-01-02
2026-12-19,wk inc flu hosp,2,05,quantile,0.75,103,2027-01-02
2026-12-19,wk inc flu hosp,2,05,quantile,0.8,109,2027-01-02
2026-12-19,wk inc flu hosp,2,05,quantile,0.85,115,2027-01-02
2026-12-19,wk inc flu hosp,2,05,quantile,0.9,129,2027-01-02
2026-12-19,wk inc flu hosp,2,05,quantile,0.95,148,2027-01-02
2026-12-19,wk inc flu hosp,2,05,quantile,0.975,157,2027-01-02
2026-12-19,wk inc flu hosp,2,05,quantile,0.99,179,2027-01-02
2026-12-19,wk inc flu hosp,2,06,quantile,0.01,576,2027-01-02
2026-12-19,wk inc flu hosp,2,06,quantile,0.025,624,2027-01-02
2026-12-19,wk inc flu hosp,2,06,quantile,0.05,675,2027-01-02
2026-12-19,wk inc flu hosp,2,06,quantile,0.1,724,2027-01-02
2026-12-19,wk inc flu hosp,2,06,quantile,0.15,776,2027-01-02
2026-12-19,wk inc flu hosp,2,06,quantile,0.2,801,2027-01-02
2026-12-19,wk inc flu hosp,2,06,quantile,0.25,826,2027-01-02
2026-12-19,wk inc flu hosp,2,06,quantile,0.3,869,2027-01-02
2026-12-19,wk inc flu hosp,2,06,quantile,0.35,899,2027-01-02
2026-12-19,wk inc flu hosp,2,06,quantile,0.4,945,2027-01-02
2026-12-19,wk inc flu hosp,2,06,quantile,0.45,978,2027-01-02
2026-12-19,wk inc flu hosp,2,06,quantile,0.5,1022,2027-01-02
2026-12-19,wk inc flu hosp,2,06,quantile,0.55,1060,2027-01-02
2026-12-19,wk inc flu hosp,2,06,quantile,0.6,1095,2027-01-02
2026-12-19,wk inc flu hosp,2,06,quantile,0.65,1120,2027-01-02
2026-12-19,wk inc flu hosp,2,06,quantile,0.7,1157,2027-01-02
2026-12-19,wk inc flu hosp,2,06,quantile,0.75,1234,2027-01-02
2026-12-19,wk inc flu hosp,2,06,quantile,0.8,1285,2027-01-02
2026-12-19,wk inc flu hosp,2,06,quantile,0.85,1345,2027-01-02
2026-12-19,wk inc flu hosp,2,06,quantile,0.9,1395,2027-01-02
2026-12-19,wk inc flu hosp,2,06,quantile,0.95,1538,2027-01-02
2026-12-19,wk inc flu hosp,2,06,quantile,0.975,1656,2027-01-02
2026-12-19,wk inc flu hosp,2,06,quantile,0.99,1734,2027-01-02
2026-12-19,wk inc flu hosp,2,08,quantile,0.01,74,2027-01-02
2026-12-19,wk inc flu hosp,2,08,quantile,0.025,99,2027-01-02
2026-12-19,wk inc flu hosp,2,08,quantile,0.05,143,2027-01-02
2026-12-19,wk inc flu hosp,2,08,quantile,0.1,172,2027-01-02
2026-12-19,wk inc flu hosp,2,08,quantile,0.15,195,2027-01-02
2026-12-19,wk inc flu hosp,2,08,quantile,0.2,208,2027-01-02
2026-12-19,wk inc flu hosp,2,08,quantile,0.25,221,2027-01-02
2026-12-19,wk inc flu hosp,2,08,quantile,0.3,229,2027-01-02
2026-12-19,wk inc flu hosp,2,08,quantile,0.35,236,2027-01-02
2026-12-19,wk inc flu hosp,2,08,quantile,0.4,247,2027-01-02
2026-12-19,wk inc flu hosp,2,08,quantile,0.45,257,2027-01-02
2026-12-19,wk inc flu hosp,2,08,quantile,0.5,264,2027-01-02
2026-12-19,wk inc flu hosp,2,08,quantile,0.55,272,2027-01-02
2026-12-19,wk inc flu hosp,2,08,quantile,0.6,281,2027-01-02
2026-12-19,wk inc flu hosp,2,08,quantile,0.65,295,2027-01-02
2026-12-19,wk inc flu hosp,2,08,quantile,0.7,307,2027-01-02
2026-12-19,wk inc flu hosp,2,08,quantile,0.75,321,2027-01-02
2026-12-19,wk inc flu hosp,2,08,quantile,0.8,332,2027-01-02
2026-12-19,wk inc flu hosp,2,08,quantile,0.85,372,2027-01-02
2026-12-19,wk inc flu hosp,2,08,quantile,0.9,414,2027-01-02
2026-12-19,wk inc flu hosp,2,08,quantile,0.95,456,2027-01-02
2026-12-19,wk inc flu hosp,2,08,quantile,0.975,526,2027-01-02
2026-12-19,wk inc flu hosp,2,08,quantile,0.99,588,2027-01-02
2026-12-19,wk inc flu hosp,2,09,quantile,0.01,100,2027-01-02
2026-12-19,wk inc flu hosp,2,09,quantile,0.025,107,2027-01-02
2026-12-19,wk inc flu hosp,2,09,quantile,0.05,120,2027-01-02
2026-12-19,wk inc flu hosp,2,09,quantile,0.1,130,2027-01-02
2026-12-19,wk inc flu hosp,2,09,quantile,0.15,150,2027-01-02
2026-12-19,wk inc flu hosp,2,09,quantile,0.2,159,2027-01-02
2026-12-19,wk inc flu hosp,2,09,quantile,0.25,169,2027-01-02
2026-12-19,wk inc flu hosp,2,09,quantile,0.3,176,2027-01-02
2026-12-19,wk inc flu hosp,2,09,quantile,0.35,183,2027-01-02
2026-12-19,wk inc flu hosp,2,09,quantile,0.4,190,2027-01-02
2026-12-19,wk inc flu hosp,2,09,quantile,0.45,199,2027-01-02
2026-12-19,wk inc flu hosp,2,09,quantile,0.5,211,2027-01-02
2026-12-19,wk inc flu hosp,2,09,quantile,0.55,215,2027-01-02
2026-12-19,wk inc flu hosp,2,09,quantile,0.6,227,2027-01-02
2026-12-19,wk inc flu hosp,2,09,quantile,0.65,234,2027-01-02
2026-12-19,wk inc flu hosp,2,09,quantile,0.7,246,2027-01-02
2026-12-19,wk inc flu hosp,2,09,quantile,0.75,254,2027-01-02
2026-12-19,wk inc flu hosp,2,09,quantile,0.8,269,2027-01-02
2026-12-19,wk inc flu hosp,2,09,quantile,0.85,282,2027-01-02
2026-12-19,wk inc flu hosp,2,09,quantile,0.9,312,2027-01-02
2026-12-19,wk inc flu hosp,2,09,quantile,0.95,368,2027-01-02
2026-12-19,wk inc flu hosp,2,09,quantile,0.975,432,2027-01-02
2026-12-19,wk inc flu hosp,2,09,quantile,0.99,458,2027-01-02
2026-12-19,wk inc flu hosp,2,10,quantile,0.01,20,2027-01-02
2026-12-19,wk inc flu hosp,2,10,quantile,0.025,24,2027-01-02
2026-12-19,wk inc flu hosp,2,10,quantile,0.05,26,2027-01-02
2026-12-19,wk inc flu hosp,2,10,quantile,0.1,32,2027-01-02
2026-12-19,wk inc flu hosp,2,10,quantile,0.15,35,2027-01-02
2026-12-19,wk inc flu hosp,2,10,quantile,0.2,38,2027-01-02
2026-12-19,wk inc flu hosp,2,10,quantile,0.25,41,2027-01-02
2026-12-19,wk inc flu hosp,2,10,quantile,0.3,43,2027-01-02
2026-12-19,wk inc flu hosp,2,10,quantile,0.35,45,2027-01-02
2026-12-19,wk inc flu hosp,2,10,quantile,0.4,46,2027-01-02
2026-12-19,wk inc flu hosp,2,10,quantile,0.45,49,2027-01-02
2026-12-19,wk inc flu hosp,2,10,quantile,0.5,52,2027-01-02
2026-12-19,wk inc flu hosp,2,10,quantile,0.55,54,2027-01-02
2026-12-19,wk inc flu hosp,2,10,quantile,0.6,57,2027-01-02
2026-12-19,wk inc flu hosp,2,10,quantile,0.65,59,2027-01-02
2026-12-19,wk inc flu hosp,2,10,quantile,0.7,61,2027-01-02
2026-12-19,wk inc flu hosp,2,10,quantile,0.75,69,2027-01-02
2026-12-19,wk inc flu hosp,2,10,quantile,0.8,73,2027-01-02
2026-12-19,wk inc flu hosp,2,10,quantile,0.85,76,2027-01-02
2026-12-19,wk inc flu hosp,2,10,quantile,0.9,81,2027-01-02
2026-12-19,wk inc flu hosp,2,10,quantile,0.95,88,2027-01-02
2026-12-19,wk inc flu hosp,2,10,quantile,0.975,95,2027-01-02
2026-12-19,wk inc flu hosp,2,10,quantile,0.99,103,2027-01-02
2026-12-19,wk inc flu hosp,2,11,quantile,0.01,10,2027-01-02
2026-12-19,wk inc flu hosp,2,11,quantile,0.025,12,2027-01-02
2026-12-19,wk inc flu hosp,2,11,quantile,0.05,15,2027-01-02
2026-12-19,wk inc flu hosp,2,11,quantile,0.1,19,2027-01-02
2026-12-19,wk inc flu hosp,2,11,quantile,0.15,21,2027-01-02
2026-12-19,wk inc flu hosp,2,11,quantile,0.2,22,2027-01-02
2026-12-19,wk inc flu hosp,2,11,quantile,0.25,24,2027-01-02
2026-12-19,wk inc flu hosp,2,11,quantile,0.3,26,2027-01-02
2026-12-19,wk inc flu hosp,2,11,quantile,0.35,29,2027-01-02
2026-12-19,wk inc flu hosp,2,11,quantile,0.4,30,2027-01-02
2026-12-19,wk inc flu hosp,2,11,quantile,0.45,32,2027-01-02
2026-12-19,wk inc flu hosp,2,11,quantile,0.5,34,2027-01-02
2026-12-19,wk inc flu hosp,2,11,quantile,0.55,36,2027-01-02
2026-12-19,wk inc flu hosp,2,11,quantile,0.6,41,2027-01-02
2026-12-19,wk inc flu hosp,2,11,quantile,0.65,44,2027-01-02
2026-12-19,wk inc flu hosp,2,11,quantile,0.7,46,2027-01-02
2026-12-19,wk inc flu hosp,2,11,quantile,0.75,50,2027-01-02
2026-12-19,wk inc flu hosp,2,11,quantile,0.8,53,2027-01-02
2026-12-19,wk inc flu hosp,2,11,quantile,0.85,57,2027-01-02
2026-12-19,wk inc flu hosp,2,11,quantile,0.9,64,2027-01-02
2026-12-19,wk inc flu hosp,2,11,quantile,0.95,80,2027-01-02
2026-12-19,wk inc flu hosp,2,11,quantile,0.975,85,2027-01-02
2026-12-19,wk inc flu hosp,2,11,quantile,0.99,109,2027-01-02
2026-12-19,wk inc flu hosp,2,12,quantile,0.01,393,2027-01-02
2026-12-19,wk inc flu hosp,2,12,quantile,0.025,446,2027-01-02
2026-12-19,wk inc flu hosp,2,12,quantile,0.05,501,2027-01-02
2026-12-19,wk inc flu hosp,2,12,quantile,0.1,553,2027-01-02
2026-12-19,wk inc flu hosp,2,12,quantile,0.15,601,2027-01-02
2026-12-19,wk inc flu hosp,2,12,quantile,0.2,627,2027-01-02
2026-12-19,wk inc flu hosp,2,12,quantile,0.25,651,2027-01-02
2026-12-19,wk inc flu hosp,2,12,quantile,0.3,663,2027-01-02
2026-12-19,wk inc flu hosp,2,12,quantile,0.35,677,2027-01-02
2026-12-19,wk inc flu hosp,2,12,quantile,0.4,702,2027-01-02
2026-12-19,wk inc flu hosp,2,12,quantile,0.45,722,2027-01-02
2026-12-19,wk inc flu hosp,2,12,quantile,0.5,732,2027-01-02
2026-12-19,wk inc flu hosp,2,12,quantile,0.55,751,2027-01-02
2026-12-19,wk inc flu hosp,2,12,quantile,0.6,769,2027-01-02
2026-12-19,wk inc flu hosp,2,12,quantile,0.65,794,2027-01-02
2026-12-19,wk inc flu hosp,2,12,quantile,0.7,844,2027-01-02
2026-12-19,wk inc flu hosp,2,12,quantile,0.75,890,2027-01-02
2026-12-19,wk inc flu hosp,2,12,quantile,0.8,946,2027-01-02
2026-12-19,wk inc flu hosp,2,12,quantile,0.85,995,2027-01-02
2026-12-19,wk inc flu hosp,2,12,quantile,0.9,1050,2027-01-02
2026-12-19,wk inc flu hosp,2,12,quantile,0.95,1188,2027-01-02
2026-12-19,wk inc flu hosp,2,12,quantile,0.975,1288,2027-01-02
2026-12-19,wk inc flu hosp,2,12,quantile,0.99,1386,2027-01-02
2026-12-19,wk inc flu hosp,2,13,quantile,0.01,265,2027-01-02
2026-12-19,wk inc flu hosp,2,13,quantile,0.025,289,2027-01-02
2026-12-19,wk inc flu hosp,2,13,quantile,0.05,307,2027-01-02
2026-12-19,wk inc flu hosp,2,13,quantile,0.1,339,2027-01-02
2026-12-19,wk inc flu hosp,2,13,quantile,0.15,369,2027-01-02
2026-12-19,wk inc flu hosp,2,13,quantile,0.2,384,2027-01-02
2026-12-19,wk inc flu hosp,2,13,quantile,0.25,409,2027-01-02
2026-12-19,wk inc flu hosp,2,13,quantile,0.3,434,2027-01-02
2026-12-19,wk inc flu hosp,2,13,quantile,0.35,452,2027-01-02
2026-12-19,wk inc flu hosp,2,13,quantile,0.4,486,2027-01-02
2026-12-19,wk inc flu hosp,2,13,quantile,0.45,500,2027-01-02
2026-12-19,wk inc flu hosp,2,13,quantile,0.5,512,2027-01-02
2026-12-19,wk inc flu hosp,2,13,quantile,0.55,528,2027-01-02
2026-12-19,wk inc flu hosp,2,13,quantile,0.6,557,2027-01-02
2026-12-19,wk inc flu hosp,2,13,quantile,0.65,569,2027-01-02
2026-12-19,wk inc flu hosp,2,13,quantile,0.7,587,2027-01-02
2026-12-19,wk inc flu hosp,2,13,quantile,0.75,604,2027-01-02
2026-12-19,wk inc flu hosp,2,13,quantile,0.8,625,2027-01-02
2026-12-19,wk inc flu hosp,2,13,quantile,0.85,653,2027-01-02
2026-12-19,wk inc flu hosp,2,13,quantile,0.9,689,2027-01-02
2026-12-19,wk inc flu hosp,2,13,quantile,0.95,741,2027-01-02
2026-12-19,wk inc flu hosp,2,13,quantile,0.975,749,2027-01-02
2026-12-19,wk inc flu hosp,2,13,quantile,0.99,925,2027-01-02
2026-12-19,wk inc flu hosp,2,15,quantile,0.01,9,2027-01-02
2026-12-19,wk inc flu hosp,2,15,quantile,0.025,9,2027-01-02
2026-12-19,wk inc flu hosp,2,15,quantile,0.05,11,2027-01-02
2026-12-19,wk inc flu hosp,2,15,quantile,0.1,13,2027-01-02
2026-12-19,wk inc flu hosp,2,15,quantile,0.15,15,2027-01-02
2026-12-19,wk inc flu hosp,2,15,quantile,0.2,17,2027-01-02
2026-12-19,wk inc flu hosp,2,15,quantile,0.25,19,2027-01-02
2026-12-19,wk inc flu hosp,2,15,quantile,0.3,20,2027-01-02
2026-12-19,wk inc flu hosp,2,15,quantile,0.35,22,2027-01-02
2026-12-19,wk inc flu hosp,2,15,quantile,0.4,24,2027-01-02
2026-12-19,wk inc flu hosp,2,15,quantile,0.45,26,2027-01-02
2026-12-19,wk inc flu hosp,2,15,quantile,0.5,27,2027-01-02
2026-12-19,wk inc flu hosp,2,15,quantile,0.55,29,2027-01-02
2026-12-19,wk inc flu hosp,2,15,quantile,0.6,30,2027-01-02
2026-12-19,wk inc flu hosp,2,15,quantile,0.65,32,2027-01-02
2026-12-19,wk inc flu hosp,2,15,quantile,0.7,34,2027-01-02
2026-12-19,wk inc flu hosp,2,15,quantile,0.75,36,2027-01-02
2026-12-19,wk inc flu hosp,2,15,quantile,0.8,39,2027-01-02
2026-12-19,wk inc flu hosp,2,15,quantile,0.85,42,2027-01-02
2026-12-19,wk inc flu hosp,2,15,quantile,0.9,48,2027-01-02
2026-12-19,wk inc flu hosp,2,15,quantile,0.95,57,2027-01-02
2026-12-19,wk inc flu hosp,2,15,quantile,0.975,67,2027-01-02
2026-12-19,wk inc flu hosp,2,15,quantile,0.99,71,2027-01-02
2026-12-19,wk inc flu hosp,2,16,quantile,0.01,36,2027-01-02
2026-12-19,wk inc flu hosp,2,16,quantile,0.025,44,2027-01-02
2026-12-19,wk inc flu hosp,2,16,quantile,0.05,46,2027-01-02
2026-12-19,wk inc flu hosp,2,16,quantile,0.1,54,2027-01-02
2026-12-19,wk inc flu hosp,2,16,quantile,0.15,59,2027-01-02
2026-12-19,wk inc flu hosp,2,16,quantile,0.2,65,2027-01-02
2026-12-19,wk inc flu hosp,2,16,quantile,0.25,68,2027-01-02
2026-12-19,wk inc flu hosp,2,16,quantile,0.3,73,2027-01-02
2026-12-19,wk inc flu hosp,2,16,quantile,0.35,76,2027-01-02
2026-12-19,wk inc flu hosp,2,16,quantile,0.4,78,2027-01-02
2026-12-19,wk inc flu hosp,2,16,quantile,0.45,81,2027-01-02
2026-12-19,wk inc flu hosp,2,16,quantile,0.5,84,2027-01-02
2026-12-19,wk inc flu hosp,2,16,quantile,0.55,87,2027-01-02
2026-12-19,wk inc flu hosp,2,16,quantile,0.6,92,2027-01-02
2026-12-19,wk inc flu hosp,2,16,quantile,0.65,96,2027-01-02
2026-12-19,wk inc flu hosp,2,16,quantile,0.7,100,2027-01-02
2026-12-19,wk inc flu hosp,2,16,quantile,0.75,105,2027-01-02
2026-12-19,wk inc flu hosp,2,16,quantile,0.8,108,2027-01-02
2026-12-19,wk inc flu hosp,2,16,quantile,0.85,115,2027-01-02
2026-12-19,wk inc flu hosp,2,16,quantile,0.9,125,2027-01-02
2026-12-19,wk inc flu hosp,2,16,quantile,0.95,146,2027-01-02
2026-12-19,wk inc flu hosp,2,16,quantile,0.975,169,2027-01-02
2026-12-19,wk inc flu hosp,2,16,quantile,0.99,176,2027-01-02
2026-12-19,wk inc flu hosp,2,17,quantile,0.01,239,2027-01-02
2026-12-19,wk inc flu hosp,2,17,quantile,0.025,264,2027-01-02
2026-12-19,wk inc flu hosp,2,17,quantile,0.05,294,2027-01-02
2026-12-19,wk inc flu hosp,2,17,quantile,0.1,328,2027-01-02
2026-12-19,wk inc flu hosp,2,17,quantile,0.15,356,2027-01-02
2026-12-19,wk inc flu hosp,2,17,quantile,0.2,361,2027-01-02
2026-12-19,wk inc flu hosp,2,17,quantile,0.25,374,2027-01-02
2026-12-19,wk inc flu hosp,2,17,quantile,0.3,392,2027-01-02
2026-12-19,wk inc flu hosp,2,17,quantile,0.35,405,2027-01-02
2026-12-19,wk inc flu hosp,2,17,quantile,0.4,420,2027-01-02
2026-12-19,wk inc flu hosp,2,17,quantile,0.45,444,2027-01-02
2026-12-19,wk inc flu hosp,2,17,quantile,0.5,459,2027-01-02
2026-12-19,wk inc flu hosp,2,17,quantile,0.55,475,2027-01-02
2026-12-19,wk inc flu hosp,2,17,quantile,0.6,489,2027-01-02
2026-12-19,wk inc flu hosp,2,17,quantile,0.65,502,2027-01-02
2026-12-19,wk inc flu hosp,2,17,quantile,0.7,522,2027-01-02
2026-12-19,wk inc flu hosp,2,17,quantile,0.75,535,2027-01-02
2026-12-19,wk inc flu hosp,2,17,quantile,0.8,550,2027-01-02
2026-12-19,wk inc flu hosp,2,17,quantile,0.85,583,2027-01-02
2026-12-19,wk inc flu hosp,2,17,quantile,0.9,600,2027-01-02
2026-12-19,wk inc flu hosp,2,17,quantile,0.95,671,2027-01-02
2026-12-19,wk inc flu hosp,2,17,quantile,0.975,710,2027-01-02
2026-12-19,wk inc flu hosp,2,17,quantile,0.99,789,2027-01-02
2026-12-19,wk inc flu hosp,2,18,quantile,0.01,142,2027-01-02
2026-12-19,wk inc flu hosp,2,18,quantile,0.025,153,2027-01-02
2026-12-19,wk inc flu hosp,2,18,quantile,0.05,167,2027-01-02
2026-12-19,wk inc flu hosp,2,18,quantile,0.1,181,2027-01-02
2026-12-19,wk inc flu hosp,2,18,quantile,0.15,193,2027-01-02
2026-12-19,wk inc flu hosp,2,18,quantile,0.2,206,2027-01-02
2026-12-19,wk inc flu hosp,2,18,quantile,0.25,213,2027-01-02
2026-12-19,wk inc flu hosp,2,18,quantile,0.3,220,2027-01-02
2026-12-19,wk inc flu hosp,2,18,quantile,0.35,230,2027-01-02
2026-12-19,wk inc flu hosp,2,18,quantile,0.4,239,2027-01-02
2026-12-19,wk inc flu hosp,2,18,quantile,0.45,244,2027-01-02
2026-12-19,wk inc flu hosp,2,18,quantile,0.5,254,2027-01-02
2026-12-19,wk inc flu hosp,2,18,quantile,0.55,263,2027-01-02
2026-12-19,wk inc flu hosp,2,18,quantile,0.6,269,2027-01-02
2026-12-19,wk inc flu hosp,2,18,quantile,0.65,284,2027-01-02
2026-12-19,wk inc flu hosp,2,18,quantile,0.7,295,2027-01-02
2026-12-19,wk inc flu hosp,2,18,quantile,0.75,312,2027-01-02
2026-12-19,wk inc flu hosp,2,18,quantile,0.8,327,2027-01-02
2026-12-19,wk inc flu hosp,2,18,quantile,0.85,335,2027-01-02
2026-12-19,wk inc flu hosp,2,18,quantile,0.9,358,2027-01-02
2026-12-19,wk inc flu hosp,2,18,quantile,0.95,416,2027-01-02
2026-12-19,wk inc flu hosp,2,18,quantile,0.975,458,2027-01-02
2026-12-19,wk inc flu hosp,2,18,quantile,0.99,512,2027-01-02
2026-12-19,wk inc flu hosp,2,19,quantile,0.01,22,2027-01-02
2026-12-19,wk inc flu hosp,2,19,quantile,0.025,25,2027-01-02
2026-12-19,wk inc flu hosp,2,19,quantile,0.05,31,2027-01-02
2026-12-19,wk inc flu hosp,2,19,quantile,0.1,40,2027-01-02
2026-12-19,wk inc flu hosp,2,19,quantile,0.15,44,2027-01-02
2026-12-19,wk inc flu hosp,2,19,quantile,0.2,48,2027-01-02
2026-12-19,wk inc flu hosp,2,19,quantile,0.25,51,2027-01-02
2026-12-19,wk inc flu hosp,2,19,quantile,0.3,52,2027-01-02
2026-12-19,wk inc flu hosp,2,19,quantile,0.35,56,2027-01-02
2026-12-19,wk inc flu hosp,2,19,quantile,0.4,58,2027-01-02
2026-12-19,wk inc flu hosp,2,19,quantile,0.45,60,2027-01-02
2026-12-19,wk inc flu hosp,2,19,quantile,0.5,63,2027-01-02
2026-12-19,wk inc flu hosp,2,19,quantile,0.55,65,2027-01-02
2026-12-19,wk inc flu hosp,2,19,quantile,0.6,72,2027-01-02
2026-12-19,wk inc flu hosp,2,19,quantile,0.65,75,2027-01-02
2026-12-19,wk inc flu hosp,2,19,quantile,0.7,77,2027-01-02
2026-12-19,wk inc flu hosp,2,19,quantile,0.75,80,2027-01-02
2026-12-19,wk inc flu hosp,2,19,quantile,0.8,85,2027-01-02
2026-12-19,wk inc flu hosp,2,19,quantile,0.85,87,2027-01-02
2026-12-19,wk inc flu hosp,2,19,quantile,0.9,99,2027-01-02
2026-12-19,wk inc flu hosp,2,19,quantile,0.95,111,2027-01-02
2026-12-19,wk inc flu hosp,2,19,quantile,0.975,126,2027-01-02
2026-12-19,wk inc flu hosp,2,19,quantile,0.99,133,2027-01-02
2026-12-19,wk inc flu hosp,2,20,quantile,0.01,32,2027-01-02
2026-12-19,wk inc flu hosp,2,20,quantile,0.025,37,2027-01-02
2026-12-19,wk inc flu hosp,2,20,quantile,0.05,42,2027-01-02
2026-12-19,wk inc flu hosp,2,20,quantile,0.1,46,2027-01-02
2026-12-19,wk inc flu hosp,2,20,quantile,0.15,50,2027-01-02
2026-12-19,wk inc flu hosp,2,20,quantile,0.2,58,2027-01-02
2026-12-19,wk inc flu hosp,2,20,quantile,0.25,62,2027-01-02
2026-12-19,wk inc flu hosp,2,20,quantile,0.3,67,2027-01-02
2026-12-19,wk inc flu hosp,2,20,quantile,0.35,70,2027-01-02
2026-12-19,wk inc flu hosp,2,20,quantile,0.4,74,2027-01-02
2026-12-19,wk inc flu hosp,2,20,quantile,0.45,81,2027-01-02
2026-12-19,wk inc flu hosp,2,20,quantile,0.5,86,2027-01-02
2026-12-19,wk inc flu hosp,2,20,quantile,0.55,90,2027-01-02
2026-12-19,wk inc flu hosp,2,20,quantile,0.6,93,2027-01-02
2026-12-19,wk inc flu hosp,2,20,quantile,0.65,100,2027-01-02
2026-12-19,wk inc flu hosp,2,20,quantile,0.7,108,2027-01-02
2026-12-19,wk inc flu hosp,2,20,quantile,0.75,114,2027-01-02
2026-12-19,wk inc flu hosp,2,20,quantile,0.8,125,2027-01-02
2026-12-19,wk inc flu hosp,2,20,quantile,0.85,138,2027-01-02
2026-12-19,wk inc flu hosp,2,20,quantile,0.9,156,2027-01-02
2026-12-19,wk inc flu hosp,2,20,quantile,0.95,179,2027-01-02
2026-12-19,wk inc flu hosp,2,20,quantile,0.975,199,2027-01-02
2026-12-19,wk inc flu hosp,2,20,quantile,0.99,235,2027-01-02
2026-12-19,wk inc flu hosp,2,21,quantile,0.01,83,2027-01-02
2026-12-19,wk inc flu hosp,2,21,quantile,0.025,91,2027-01-02
2026-12-19,wk inc flu hosp,2,21,quantile,0.05,101,2027-01-02
2026-12-19,wk inc flu hosp,2,21,quantile,0.1,113,2027-01-02
2026-12-19,wk inc flu hosp,2,21,quantile,0.15,121,2027-01-02
2026-12-19,wk inc flu hosp,2,21,quantile,0.2,130,2027-01-02
2026-12-19,wk inc flu hosp,2,21,quantile,0.25,136,2027-01-02
2026-12-19,wk inc flu hosp,2,21,quantile,0.3,143,2027-01-02
2026-12-19,wk inc flu hosp,2,21,quantile,0.35,147,2027-01-02
2026-12-19,wk inc flu hosp,2,21,quantile,0.4,154,2027-01-02
2026-12-19,wk inc flu hosp,2,21,quantile,0.45,162,2027-01-02
2026-12-19,wk inc flu hosp,2,21,quantile,0.5,168,2027-01-02
2026-12-19,wk inc flu hosp,2,21,quantile,0.55,173,2027-01-02
2026-12-19,wk inc flu hosp,2,21,quantile,0.6,182,2027-01-02
2026-12-19,wk inc flu hosp,2,21,quantile,0.65,190,2027-01-02
2026-12-19,wk inc flu hosp,2,21,quantile,0.7,199,2027-01-02
2026-12-19,wk inc flu hosp,2,21,quantile,0.75,206,2027-01-02
2026-12-19,wk inc flu hosp,2,21,quantile,0.8,213,2027-01-02
2026-12-19,wk inc flu hosp,2,21,quantile,0.85,221,2027-01-02
2026-12-19,wk inc flu hosp,2,21,quantile,0.9,244,2027-01-02
2026-12-19,wk inc flu hosp,2,21,quantile,0.95,272,2027-01-02
2026-12-19,wk inc flu hosp,2,21,quantile,0.975,315,2027-01-02
2026-12-19,wk inc flu hosp,2,21,quantile,0.99,337,2027-01-02
2026-12-19,wk inc flu hosp,2,22,quantile,0.01,109,2027-01-02
2026-12-19,wk inc flu hosp,2,22,quantile,0.025,126,2027-01-02
2026-12-19,wk inc flu hosp,2,22,quantile,0.05,142,2027-01-02
2026-12-19,wk inc flu hosp,2,22,quantile,0.1,164,2027-01-02
2026-12-19,wk inc flu hosp,2,22,quantile,0.15,176,2027-01-02
2026-12-19,wk inc flu hosp,2,22,quantile,0.2,193,2027-01-02
2026-12-19,wk inc flu hosp,2,22,quantile,0.25,203,2027-01-02
2026-12-19,wk inc flu hosp,2,22,quantile,0.3,208,2027-01-02
2026-12-19,wk inc flu hosp,2,22,quantile,0.35,219,2027-01-02
2026-12-19,wk inc flu hosp,2,22,quantile,0.4,230,2027-01-02
2026-12-19,wk inc flu hosp,2,22,quantile,0.45,240,2027-01-02
2026-12-19,wk inc flu hosp,2,22,quantile,0.5,252,2027-01-02
2026-12-19,wk inc flu hosp,2,22,quantile,0.55,266,2027-01-02
2026-12-19,wk inc flu hosp,2,22,quantile,0.6,281,2027-01-02
2026-12-19,wk inc flu hosp,2,22,quantile,0.65,295,2027-01-02
2026-12-19,wk inc flu hosp,2,22,quantile,0.7,315,2027-01-02
2026-12-19,wk inc flu hosp,2,22,quantile,0.75,326,2027-01-02
2026-12-19,wk inc flu hosp,2,22,quantile,0.8,339,2027-01-02
2026-12-19,wk inc flu hosp,2,22,quantile,0.85,370,2027-01-02
2026-12-19,wk inc flu hosp,2,22,quantile,0.9,388,2027-01-02
2026-12-19,wk inc flu hosp,2,22,quantile,0.95,423,2027-01-02
2026-12-19,wk inc flu hosp,2,22,quantile,0.975,487,2027-01-02
2026-12-19,wk inc flu hosp,2,22,quantile,0.99,533,2027-01-02
2026-12-19,wk inc flu hosp,2,23,quantile,0.01,22,2027-01-02
2026-12-19,wk inc flu hosp,2,23,quantile,0.025,25,2027-01-02
2026-12-19,wk inc flu hosp,2,23,quantile,0.05,28,2027-01-02
2026-12-19,wk inc flu hosp,2,23,quantile,0.1,34,2027-01-02
2026-12-19,wk inc flu hosp,2,23,quantile,0.15,37,2027-01-02
2026-12-19,wk inc flu hosp,2,23,quantile,0.2,40,2027-01-02
2026-12-19,wk inc flu hosp,2,23,quantile,0.25,41,2027-01-02
2026-12-19,wk inc flu hosp,2,23,quantile,0.3,43,2027-01-02
2026-12-19,wk inc flu hosp,2,23,quantile,0.35,46,2027-01-02
2026-12-19,wk inc flu hosp,2,23,quantile,0.4,49,2027-01-02
2026-12-19,wk inc flu hosp,2,23,quantile,0.45,51,2027-01-02
2026-12-19,wk inc flu hosp,2,23,quantile,0.5,54,2027-01-02
2026-12-19,wk inc flu hosp,2,23,quantile,0.55,56,2027-01-02
2026-12-19,wk inc flu hosp,2,23,quantile,0.6,58,2027-01-02
2026-12-19,wk inc flu hosp,2,23,quantile,0.65,62,2027-01-02
2026-12-19,wk inc flu hosp,2,23,quantile,0.7,64,2027-01-02
2026-12-19,wk inc flu hosp,2,23,quantile,0.75,66,2027-01-02
2026-12-19,wk inc flu hosp,2,23,quantile,0.8,72,2027-01-02
2026-12-19,wk inc flu hosp,2,23,quantile,0.85,76,2027-01-02
2026-12-19,wk inc flu hosp,2,23,quantile,0.9,82,2027-01-02
2026-12-19,wk inc flu hosp,2,23,quantile,0.95,93,2027-01-02
2026-12-19,wk inc flu hosp,2,23,quantile,0.975,107,2027-01-02
2026-12-19,wk inc flu hosp,2,23,quantile,0.99,132,2027-01-02
2026-12-19,wk inc flu hosp,2,24,quantile,0.01,95,2027-01-02
2026-12-19,wk inc flu hosp,2,24,quantile,0.025,103,2027-01-02
2026-12-19,wk inc flu hosp,2,24,quantile,0.05,108,2027-01-02
2026-12-19,wk inc flu hosp,2,24,quantile,0.1,118,2027-01-02
2026-12-19,wk inc flu hosp,2,24,quantile,0.15,123,2027-01-02
2026-12-19,wk inc flu hosp,2,24,quantile,0.2,130,2027-01-02
2026-12-19,wk inc flu hosp,2,24,quantile,0.25,140,2027-01-02
2026-12-19,wk inc flu hosp,2,24,quantile,0.3,152,2027-01-02
2026-12-19,wk inc flu hosp,2,24,quantile,0.35,163,2027-01-02
2026-12-19,wk inc flu hosp,2,24,quantile,0.4,167,2027-01-02
2026-12-19,wk inc flu hosp,2,24,quantile,0.45,170,2027-01-02
2026-12-19,wk inc flu hosp,2,24,quantile,0.5,179,2027-01-02
2026-12-19,wk inc flu hosp,2,24,quantile,0.55,195,2027-01-02
2026-12-19,wk inc flu hosp,2,24,quantile,0.6,206,2027-01-02
2026-12-19,wk inc flu hosp,2,24,quantile,0.65,215,2027-01-02
2026-12-19,wk inc flu hosp,2,24,quantile,0.7,223,2027-01-02
2026-12-19,wk inc flu hosp,2,24,quantile,0.75,245,2027-01-02
2026-12-19,wk inc flu hosp,2,24,quantile,0.8,257,2027-01-02
2026-12-19,wk inc flu hosp,2,24,quantile,0.85,283,2027-01-02
2026-12-19,wk inc flu hosp,2,24,quantile,0.9,301,2027-01-02
2026-12-19,wk inc flu hosp,2,24,quantile,0.95,362,2027-01-02
2026-12-19,wk inc flu hosp,2,24,quantile,0.975,407,2027-01-02
2026-12-19,wk inc flu hosp,2,24,quantile,0.99,464,2027-01-02
2026-12-19,wk inc flu hosp,2,25,quantile,0.01,164,2027-01-02
2026-12-19,wk inc flu hosp,2,25,quantile,0.025,173,2027-01-02
2026-12-19,wk inc flu hosp,2,25,quantile,0.05,189,2027-01-02
2026-12-19,wk inc flu hosp,2,25,quantile,0.1,209,2027-01-02
2026-12-19,wk inc flu hosp,2,25,quantile,0.15,218,2027-01-02
2026-12-19,wk inc flu hosp,2,25,quantile,0.2,237,2027-01-02
2026-12-19,wk inc flu hosp,2,25,quantile,0.25,250,2027-01-02
2026-12-19,wk inc flu hosp,2,25,quantile,0.3,260,2027-01-02
2026-12-19,wk inc flu hosp,2,25,quantile,0.35,271,2027-01-02
2026-12-19,wk inc flu hosp,2,25,quantile,0.4,280,2027-01-02
2026-12-19,wk inc flu hosp,2,25,quantile,0.45,292,2027-01-02
2026-12-19,wk inc flu hosp,2,25,quantile,0.5,312,2027-01-02
2026-12-19,wk inc flu hosp,2,25,quantile,0.55,326,2027-01-02
2026-12-19,wk inc flu hosp,2,25,quantile,0.6,352,2027-01-02
2026-12-19,wk inc flu hosp,2,25,quantile,0.65,379,2027-01-02
2026-12-19,wk inc flu hosp,2,25,quantile,0.7,391,2027-01-02
2026-12-19,wk inc flu hosp,2,25,quantile,0.75,407,2027-01-02
2026-12-19,wk inc flu hosp,2,25,quantile,0.8,452,2027-01-02
2026-12-19,wk inc flu hosp,2,25,quantile,0.85,476,2027-01-02
2026-12-19,wk inc flu hosp,2,25,quantile,0.9,513,2027-01-02
2026-12-19,wk inc flu hosp,2,25,quantile,0.95,570,2027-01-02
2026-12-19,wk inc flu hosp,2,25,quantile,0.975,606,2027-01-02
2026-12-19,wk inc flu hosp,2,25,quantile,0.99,674,2027-01-02
2026-12-19,wk inc flu hosp,2,26,quantile,0.01,152,2027-01-02
2026-12-19,wk inc flu hosp,2,26,quantile,0.025,168,2027-01-02
2026-12-19,wk inc flu hosp,2,26,quantile,0.05,182,2027-01-02
2026-12-19,wk inc flu hosp,2,26,quantile,0.1,206,2027-01-02
2026-12-19,wk inc flu hosp,2,26,quantile,0.15,241,2027-01-02
2026-12-19,wk inc flu hosp,2,26,quantile,0.2,258,2027-01-02
2026-12-19,wk inc flu hosp,2,26,quantile,0.25,274,2027-01-02
2026-12-19,wk inc flu hosp,2,26,quantile,0.3,280,2027-01-02
2026-12-19,wk inc flu hosp,2,26,quantile,0.35,288,2027-01-02
2026-12-19,wk inc flu hosp,2,26,quantile,0.4,300,2027-01-02
2026-12-19,wk inc flu hosp,2,26,quantile,0.45,309,2027-01-02
2026-12-19,wk inc flu hosp,2,26,quantile,0.5,320,2027-01-02
2026-12-19,wk inc flu hosp,2,26,quantile,0.55,334,2027-01-02
2026-12-19,wk inc flu hosp,2,26,quantile,0.6,347,2027-01-02
2026-12-19,wk inc flu hosp,2,26,quantile,0.65,357,2027-01-02
2026-12-19,wk inc flu hosp,2,26,quantile,0.7,373,2027-01-02
2026-12-19,wk inc flu hosp,2,26,quantile,0.75,390,2027-01-02
2026-12-19,wk inc flu hosp,2,26,quantile,0.8,405,2027-01-02
2026-12-19,wk inc flu hosp,2,26,quantile,0.85,431,2027-01-02
2026-12-19,wk inc flu hosp,2,26,quantile,0.9,486,2027-01-02
2026-12-19,wk inc flu hosp,2,26,quantile,0.95,519,2027-01-02
2026-12-19,wk inc flu hosp,2,26,quantile,0.975,560,2027-01-02
2026-12-19,wk inc flu hosp,2,26,quantile,0.99,598,2027-01-02
2026-12-19,wk inc flu hosp,2,27,quantile,0.01,136,2027-01-02
2026-12-19,wk inc flu hosp,2,27,quantile,0.025,162,2027-01-02
2026-12-19,wk inc flu hosp,2,27,quantile,0.05,172,2027-01-02
2026-12-19,wk inc flu hosp,2,27,quantile,0.1,186,2027-01-02
2026-12-19,wk inc flu hosp,2,27,quantile,0.15,204,2027-01-02
2026-12-19,wk inc flu hosp,2,27,quantile,0.2,218,2027-01-02
2026-12-19,wk inc flu hosp,2,27,quantile,0.25,238,2027-01-02
2026-12-19,wk inc flu hosp,2,27,quantile,0.3,249,2027-01-02
2026-12-19,wk inc flu hosp,2,27,quantile,0.35,267,2027-01-02
2026-12-19,wk inc flu hosp,2,27,quantile,0.4,278,2027-01-02
2026-12-19,wk inc flu hosp,2,27,quantile,0.45,285,2027-01-02
2026-12-19,wk inc flu hosp,2,27,quantile,0.5,298,2027-01-02
2026-12-19,wk inc flu hosp,2,27,quantile,0.55,309,2027-01-02
2026-12-19,wk inc flu hosp,2,27,quantile,0.6,326,2027-01-02
2026-12-19,wk inc flu hosp,2,27,quantile,0.65,340,2027-01-02
2026-12-19,wk inc flu hosp,2,27,quantile,0.7,371,2027-01-02
2026-12-19,wk inc flu hosp,2,27,quantile,0.75,388,2027-01-02
2026-12-19,wk inc flu hosp,2,27,quantile,0.8,421,2027-01-02
2026-12-19,wk inc flu hosp,2,27,quantile,0.85,446,2027-01-02
2026-12-19,wk inc flu hosp,2,27,quantile,0.9,474,2027-01-02
2026-12-19,wk inc flu hosp,2,27,quantile,0.95,513,2027-01-02
2026-12-19,wk inc flu hosp,2,27,quantile,0.975,563,2027-01-02
2026-12-19,wk inc flu hosp,2,27,quantile,0.99,578,2027-01-02
2026-12-19,wk inc flu hosp,2,28,quantile,0.01,47,2027-01-02
2026-12-19,wk inc flu hosp,2,28,quantile,0.025,53,2027-01-02
2026-12-19,wk inc flu hosp,2,28,quantile,0.05,56,2027-01-02
2026-12-19,wk inc flu hosp,2,28,quantile,0.1,65,2027-01-02
2026-12-19,wk inc flu hosp,2,28,quantile,0.15,74,2027-01-02
2026-12-19,wk inc flu hosp,2,28,quantile,0.2,82,2027-01-02
2026-12-19,wk inc flu hosp,2,28,quantile,0.25,88,2027-01-02
2026-12-19,wk inc flu hosp,2,28,quantile,0.3,90,2027-01-02
2026-12-19,wk inc flu hosp,2,28,quantile,0.35,99,2027-01-02
2026-12-19,wk inc flu hosp,2,28,quantile,0.4,105,2027-01-02
2026-12-19,wk inc flu hosp,2,28,quantile,0.45,110,2027-01-02
2026-12-19,wk inc flu hosp,2,28,quantile,0.5,114,2027-01-02
2026-12-19,wk inc flu hosp,2,28,quantile,0.55,117,2027-01-02
2026-12-19,wk inc flu hosp,2,28,quantile,0.6,118,2027-01-02
2026-12-19,wk inc flu hosp,2,28,quantile,0.65,121,2027-01-02
2026-12-19,wk inc flu hosp,2,28,quantile,0.7,125,2027-01-02
2026-12-19,wk inc flu hosp,2,28,quantile,0.75,130,2027-01-02
2026-12-19,wk inc flu hosp,2,28,quantile,0.8,144,2027-01-02
2026-12-19,wk inc flu hosp,2,28,quantile,0.85,161,2027-01-02
2026-12-19,wk inc flu hosp,2,28,quantile,0.9,183,2027-01-02
2026-12-19,wk inc flu hosp,2,28,quantile,0.95,210,2027-01-02
2026-12-19,wk inc flu hosp,2,28,quantile,0.975,243,2027-01-02
2026-12-19,wk inc flu hosp,2,28,quantile,0.99,267,2027-01-02
2026-12-19,wk inc flu hosp,2,29,quantile,0.01,132,2027-01-02
2026-12-19,wk inc flu hosp,2,29,quantile,0.025,156,2027-01-02
2026-12-19,wk inc flu hosp,2,29,quantile,0.05,163,2027-01-02
2026-12-19,wk inc flu hosp,2,29,quantile,0.1,171,2027-01-02
2026-12-19,wk inc flu hosp,2,29,quantile,0.15,182,2027-01-02
2026-12-19,wk inc flu hosp,2,29,quantile,0.2,195,2027-01-02
2026-12-19,wk inc flu hosp,2,29,quantile,0.25,199,2027-01-02
2026-12-19,wk inc flu hosp,2,29,quantile,0.3,202,2027-01-02
2026-12-19,wk inc flu hosp,2,29,quantile,0.35,211,2027-01-02
2026-12-19,wk inc flu hosp,2,29,quantile,0.4,219,2027-01-02
2026-12-19,wk inc flu hosp,2,29,quantile,0.45,224,2027-01-02
2026-12-19,wk inc flu hosp,2,29,quantile,0.5,236,2027-01-02
2026-12-19,wk inc flu hosp,2,29,quantile,0.55,242,2027-01-02
2026-12-19,wk inc flu hosp,2,29,quantile,0.6,250,2027-01-02
2026-12-19,wk inc flu hosp,2,29,quantile,0.65,261,2027-01-02
2026-12-19,wk inc flu hosp,2,29,quantile,0.7,269,2027-01-02
2026-12-19,wk inc flu hosp,2,29,quantile,0.75,275,2027-01-02
2026-12-19,wk inc flu hosp,2,29,quantile,0.8,291,2027-01-02
2026-12-19,wk inc flu hosp,2,29,quantile,0.85,303,2027-01-02
2026-12-19,wk inc flu hosp,2,29,quantile,0.9,326,2027-01-02
2026-12-19,wk inc flu hosp,2,29,quantile,0.95,370,2027-01-02
2026-12-19,wk inc flu hosp,2,29,quantile,0.975,404,2027-01-02
2026-12-19,wk inc flu hosp,2,29,quantile,0.99,431,2027-01-02
2026-12-19,wk inc flu hosp,2,30,quantile,0.01,15,2027-01-02
2026-12-19,wk inc flu hosp,2,30,quantile,0.025,18,2027-01-02
2026-12-19,wk inc flu hosp,2,30,quantile,0.05,22,2027-01-02
2026-12-19,wk inc flu hosp,2,30,quantile,0.1,26,2027-01-02
2026-12-19,wk inc flu hosp,2,30,quantile,0.15,29,2027-01-02
2026-12-19,wk inc flu hosp,2,30,quantile,0.2,32,2027-01-02
2026-12-19,wk inc flu hosp,2,30,quantile,0.25,34,2027-01-02
2026-12-19,wk inc flu hosp,2,30,quantile,0.3,36,2027-01-02
2026-12-19,wk inc flu hosp,2,30,quantile,0.35,37,2027-01-02
2026-12-19,wk inc flu hosp,2,30,quantile,0.4,39,2027-01-02
2026-12-19,wk inc flu hosp,2,30,quantile,0.45,43,2027-01-02
2026-12-19,wk inc flu hosp,2,30,quantile,0.5,47,2027-01-02
2026-12-19,wk inc flu hosp,2,30,quantile,0.55,51,2027-01-02
2026-12-19,wk inc flu hosp,2,30,quantile,0.6,54,2027-01-02
2026-12-19,wk inc flu hosp,2,30,quantile,0.65,62,2027-01-02
2026-12-19,wk inc flu hosp,2,30,quantile,0.7,65,2027-01-02
2026-12-19,wk inc flu hosp,2,30,quantile,0.75,73,2027-01-02
2026-12-19,wk inc flu hosp,2,30,quantile,0.8,78,2027-01-02
2026-12-19,wk inc flu hosp,2,30,quantile,0.85,87,2027-01-02
2026-12-19,wk inc flu hosp,2,30,quantile,0.9,91,2027-01-02
2026-12-19,wk inc flu hosp,2,30,quantile,0.95,109,2027-01-02
2026-12-19,wk inc flu hosp,2,30,quantile,0.975,135,2027-01-02
2026-12-19,wk inc flu hosp,2,30,quantile,0.99,161,2027-01-02
2026-12-19,wk inc flu hosp,2,31,quantile,0.01,24,2027-01-02
2026-12-19,wk inc flu hosp,2,31,quantile,0.025,24,2027-01-02
2026-12-19,wk inc flu hosp,2,31,quantile,0.05,27,2027-01-02
2026-12-19,wk inc flu hosp,2,31,quantile,0.1,35,2027-01-02
2026-12-19,wk inc flu hosp,2,31,quantile,0.15,37,2027-01-02
2026-12-19,wk inc flu hosp,2,31,quantile,0.2,39,2027-01-02
2026-12-19,wk inc flu hosp,2,31,quantile,0.25,41,2027-01-02
2026-12-19,wk inc flu hosp,2,31,quantile,0.3,43,2027-01-02
2026-12-19,wk inc flu hosp,2,31,quantile,0.35,48,2027-01-02
2026-12-19,wk inc flu hosp,2,31,quantile,0.4,49,2027-01-02
2026-12-19,wk inc flu hosp,2,31,quantile,0.45,51,2027-01-02
2026-12-19,wk inc flu hosp,2,31,quantile,0.5,54,2027-01-02
2026-12-19,wk inc flu hosp,2,31,quantile,0.55,56,2027-01-02
2026-12-19,wk inc flu hosp,2,31,quantile,0.6,59,2027-01-02
2026-12-19,wk inc flu hosp,2,31,quantile,0.65,62,2027-01-02
2026-12-19,wk inc flu hosp,2,31,quantile,0.7,66,2027-01-02
2026-12-19,wk inc flu hosp,2,31,quantile,0.75,69,2027-01-02
2026-12-19,wk inc flu hosp,2,31,quantile,0.8,76,2027-01-02
2026-12-19,wk inc flu hosp,2,31,quantile,0.85,79,2027-01-02
2026-12-19,wk inc flu hosp,2,31,quantile,0.9,85,2027-01-02
2026-12-19,wk inc flu hosp,2,31,quantile,0.95,98,2027-01-02
2026-12-19,wk inc flu hosp,2,31,quantile,0.975,108,2027-01-02
2026-12-19,wk inc flu hosp,2,31,quantile,0.99,113,2027-01-02
2026-12-19,wk inc flu hosp,2,32,quantile,0.01,53,2027-01-02
2026-12-19,wk inc flu hosp,2,32,quantile,0.025,56,2027-01-02
2026-12-19,wk inc flu hosp,2,32,quantile,0.05,59,2027-01-02
2026-12-19,wk inc flu hosp,2,32,quantile,0.1,64,2027-01-02
2026-12-19,wk inc flu hosp,2,32,quantile,0.15,74,2027-01-02
2026-12-19,wk inc flu hosp,2,32,quantile,0.2,80,2027-01-02
2026-12-19,wk inc flu hosp,2,32,quantile,0.25,84,2027-01-02
2026-12-19,wk inc flu hosp,2,32,quantile,0.3,91,2027-01-02
2026-12-19,wk inc flu hosp,2,32,quantile,0.35,97,2027-01-02
2026-12-19,wk inc flu hosp,2,32,quantile,0.4,106,2027-01-02
2026-12-19,wk inc flu hosp,2,32,quantile,0.45,108,2027-01-02
2026-12-19,wk inc flu hosp,2,32,quantile,0.5,116,2027-01-02
2026-12-19,wk inc flu hosp,2,32,quantile,0.55,120,2027-01-02
2026-12-19,wk inc flu hosp,2,32,quantile,0.6,128,2027-01-02
2026-12-19,wk inc flu hosp,2,32,quantile,0.65,136,2027-01-02
2026-12-19,wk inc flu hosp,2,32,quantile,0.7,140,2027-01-02
2026-12-19,wk inc flu hosp,2,32,quantile,0.75,145,2027-01-02
2026-12-19,wk inc flu hosp,2,32,quantile,0.8,152,2027-01-02
2026-12-19,wk inc flu hosp,2,32,quantile,0.85,160,2027-01-02
2026-12-19,wk inc flu hosp,2,32,quantile,0.9,178,2027-01-02
2026-12-19,wk inc flu hosp,2,32,quantile,0.95,216,2027-01-02
2026-12-19,wk inc flu hosp,2,32,quantile,0.975,244,2027-01-02
2026-12-19,wk inc flu hosp,2,32,quantile,0.99,263,2027-01-02
2026-12-19,wk inc flu hosp,2,33,quantile,0.01,19,2027-01-02
2026-12-19,wk inc flu hosp,2,33,quantile,0.025,21,2027-01-02
2026-12-19,wk inc flu hosp,2,33,quantile,0.05,28,2027-01-02
2026-12-19,wk inc flu hosp,2,33,quantile,0.1,30,2027-01-02
2026-12-19,wk inc flu hosp,2,33,quantile,0.15,34,2027-01-02
2026-12-19,wk inc flu hosp,2,33,quantile,0.2,36,2027-01-02
2026-12-19,wk inc flu hosp,2,33,quantile,0.25,39,2027-01-02
2026-12-19,wk inc flu hosp,2,33,quantile,0.3,42,2027-01-02
2026-12-19,wk inc flu hosp,2,33,quantile,0.35,45,2027-01-02
2026-12-19,wk inc flu hosp,2,33,quantile,0.4,48,2027-01-02
2026-12-19,wk inc flu hosp,2,33,quantile,0.45,50,2027-01-02
2026-12-19,wk inc flu hosp,2,33,quantile,0.5,51,2027-01-02
2026-12-19,wk inc flu hosp,2,33,quantile,0.55,54,2027-01-02
2026-12-19,wk inc flu hosp,2,33,quantile,0.6,55,2027-01-02
2026-12-19,wk inc flu hosp,2,33,quantile,0.65,57,2027-01-02
2026-12-19,wk inc flu hosp,2,33,quantile,0.7,60,2027-01-02
2026-12-19,wk inc flu hosp,2,33,quantile,0.75,63,2027-01-02
2026-12-19,wk inc flu hosp,2,33,quantile,0.8,69,2027-01-02
2026-12-19,wk inc flu hosp,2,33,quantile,0.85,75,2027-01-02
2026-12-19,wk inc flu hosp,2,33,quantile,0.9,83,2027-01-02
2026-12-19,wk inc flu hosp,2,33,quantile,0.95,94,2027-01-02
2026-12-19,wk inc flu hosp,2,33,quantile,0.975,105,2027-01-02
2026-12-19,wk inc flu hosp,2,33,quantile,0.99,114,2027-01-02
2026-12-19,wk inc flu hosp,2,34,quantile,0.01,299,2027-01-02
2026-12-19,wk inc flu hosp,2,34,quantile,0.025,319,2027-01-02
2026-12-19,wk inc flu hosp,2,34,quantile,0.05,340,2027-01-02
2026-12-19,wk inc flu hosp,2,34,quantile,0.1,432,2027-01-02
2026-12-19,wk inc flu hosp,2,34,quantile,0.15,465,2027-01-02
2026-12-19,wk inc flu hosp,2,34,quantile,0.2,487,2027-01-02
2026-12-19,wk inc flu hosp,2,34,quantile,0.25,515,2027-01-02
2026-12-19,wk inc flu hosp,2,34,quantile,0.3,551,2027-01-02
2026-12-19,wk inc flu hosp,2,34,quantile,0.35,584,2027-01-02
2026-12-19,wk inc flu hosp,2,34,quantile,0.4,613,2027-01-02
2026-12-19,wk inc flu hosp,2,34,quantile,0.45,630,2027-01-02
2026-12-19,wk inc flu hosp,2,34,quantile,0.5,661,2027-01-02
2026-12-19,wk inc flu hosp,2,34,quantile,0.55,683,2027-01-02
2026-12-19,wk inc flu hosp,2,34,quantile,0.6,718,2027-01-02
2026-12-19,wk inc flu hosp,2,34,quantile,0.65,754,2027-01-02
2026-12-19,wk inc flu hosp,2,34,quantile,0.7,774,2027-01-02
2026-12-19,wk inc flu hosp,2,34,quantile,0.75,794,2027-01-02
2026-12-19,wk inc flu hosp,2,34,quantile,0.8,831,2027-01-02
2026-12-19,wk inc flu hosp,2,34,quantile,0.85,880,2027-01-02
2026-12-19,wk inc flu hosp,2,34,quantile,0.9,944,2027-01-02
2026-12-19,wk inc flu hosp,2,34,quantile,0.95,1034,2027-01-02
2026-12-19,wk inc flu hosp,2,34,quantile,0.975,1141,2027-01-02
2026-12-19,wk inc flu hosp,2,34,quantile,0.99,1283,2027-01-02
2026-12-19,wk inc flu hosp,2,35,quantile,0.01,48,2027-01-02
2026-12-19,wk inc flu hosp,2,35,quantile,0.025,56,2027-01-02
2026-12-19,wk inc flu hosp,2,35,quantile,0.05,59,2027-01-02
2026-12-19,wk inc flu hosp,2,35,quantile,0.1,70,2027-01-02
2026-12-19,wk inc flu hosp,2,35,quantile,0.15,78,2027-01-02
2026-12-19,wk inc flu hosp,2,35,quantile,0.2,85,2027-01-02
2026-12-19,wk inc flu hosp,2,35,quantile,0.25,89,2027-01-02
2026-12-19,wk inc flu hosp,2,35,quantile,0.3,91,2027-01-02
2026-12-19,wk inc flu hosp,2,35,quantile,0.35,95,2027-01-02
2026-12-19,wk inc flu hosp,2,35,quantile,0.4,99,2027-01-02
2026-12-19,wk inc flu hosp,2,35,quantile,0.45,104,2027-01-02
2026-12-19,wk inc flu hosp,2,35,quantile,0.5,108,2027-01-02
2026-12-19,wk inc flu hosp,2,35,quantile,0.55,114,2027-01-02
2026-12-19,wk inc flu hosp,2,35,quantile,0.6,119,2027-01-02
2026-12-19,wk inc flu hosp,2,35,quantile,0.65,125,2027-01-02
2026-12-19,wk inc flu hosp,2,35,quantile,0.7,129,2027-01-02
2026-12-19,wk inc flu hosp,2,35,quantile,0.75,134,2027-01-02
2026-12-19,wk inc flu hosp,2,35,quantile,0.8,142,2027-01-02
2026-12-19,wk inc flu hosp,2,35,quantile,0.85,154,2027-01-02
2026-12-19,wk inc flu hosp,2,35,quantile,0.9,178,2027-01-02
2026-12-19,wk inc flu hosp,2,35,quantile,0.95,200,2027-01-02
2026-12-19,wk inc flu hosp,2,35,quantile,0.975,216,2027-01-02
2026-12-19,wk inc flu hosp,2,35,quantile,0.99,246,2027-01-02
2026-12-19,wk inc flu hosp,2,36,quantile,0.01,717,2027-01-02
2026-12-19,wk inc flu hosp,2,36,quantile,0.025,810,2027-01-02
2026-12-19,wk inc flu hosp,2,36,quantile,0.05,830,2027-01-02
2026-12-19,wk inc flu hosp,2,36,quantile,0.1,913,2027-01-02
2026-12-19,wk inc flu hosp,2,36,quantile,0.15,965,2027-01-02
2026-12-19,wk inc flu hosp,2,36,quantile,0.2,998,2027-01-02
2026-12-19,wk inc flu hosp,2,36,quantile,0.25,1051,2027-01-02
2026-12-19,wk inc flu hosp,2,36,quantile,0.3,1106,2027-01-02
2026-12-19,wk inc flu hosp,2,36,quantile,0.35,1155,2027-01-02
2026-12-19,wk inc flu hosp,2,36,quantile,0.4,1201,2027-01-02
2026-12-19,wk inc flu hosp,2,36,quantile,0.45,1224,2027-01-02
2026-12-19,wk inc flu hosp,2,36,quantile,0.5,1255,2027-01-02
2026-12-19,wk inc flu hosp,2,36,quantile,0.55,1302,2027-01-02
2026-12-19,wk inc flu hosp,2,36,quantile,0.6,1358,2027-01-02
2026-12-19,wk inc flu hosp,2,36,quantile,0.65,1408,2027-01-02
2026-12-19,wk inc flu hosp,2,36,quantile,0.7,1429,2027-01-02
2026-12-19,wk inc flu hosp,2,36,quantile,0.75,1468,2027-01-02
2026-12-19,wk inc flu hosp,2,36,quantile,0.8,1515,2027-01-02
2026-12-19,wk inc flu hosp,2,36,quantile,0.85,1567,2027-01-02
2026-12-19,wk inc flu hosp,2,36,quantile,0.9,1667,2027-01-02
2026-12-19,wk inc flu hosp,2,36,quantile,0.95,1887,2027-01-02
2026-12-19,wk inc flu hosp,2,36,quantile,0.975,2053,2027-01-02
2026-12-19,wk inc flu hosp,2,36,quantile,0.99,2140,2027-01-02
2026-12-19,wk inc flu hosp,2,37,quantile,0.01,319,2027-01-02
2026-12-19,wk inc flu hosp,2,37,quantile,0.025,356,2027-01-02
2026-12-19,wk inc flu hosp,2,37,quantile,0.05,405,2027-01-02
2026-12-19,wk inc flu hosp,2,37,quantile,0.1,460,2027-01-02
2026-12-19,wk inc flu hosp,2,37,quantile,0.15,511,2027-01-02
2026-12-19,wk inc flu hosp,2,37,quantile,0.2,561,2027-01-02
2026-12-19,wk inc flu hosp,2,37,quantile,0.25,588,2027-01-02
2026-12-19,wk inc flu hosp,2,37,quantile,0.3,612,2027-01-02
2026-12-19,wk inc flu hosp,2,37,quantile,0.35,642,2027-01-02
2026-12-19,wk inc flu hosp,2,37,quantile,0.4,662,2027-01-02
2026-12-19,wk inc flu hosp,2,37,quantile,0.45,675,2027-01-02
2026-12-19,wk inc flu hosp,2,37,quantile,0.5,702,2027-01-02
2026-12-19,wk inc flu hosp,2,37,quantile,0.55,722,2027-01-02
2026-12-19,wk inc flu hosp,2,37,quantile,0.6,754,2027-01-02
2026-12-19,wk inc flu hosp,2,37,quantile,0.65,787,2027-01-02
2026-12-19,wk inc flu hosp,2,37,quantile,0.7,822,2027-01-02
2026-12-19,wk inc flu hosp,2,37,quantile,0.75,856,2027-01-02
2026-12-19,wk inc flu hosp,2,37,quantile,0.8,926,2027-01-02
2026-12-19,wk inc flu hosp,2,37,quantile,0.85,979,2027-01-02
2026-12-19,wk inc flu hosp,2,37,quantile,0.9,1104,2027-01-02
2026-12-19,wk inc flu hosp,2,37,quantile,0.95,1315,2027-01-02
2026-12-19,wk inc flu hosp,2,37,quantile,0.975,1485,2027-01-02
2026-12-19,wk inc flu hosp,2,37,quantile,0.99,1587,2027-01-02
2026-12-19,wk inc flu hosp,2,38,quantile,0.01,18,2027-01-02
2026-12-19,wk inc flu hosp,2,38,quantile,0.025,18,2027-01-02
2026-12-19,wk inc flu hosp,2,38,quantile,0.05,21,2027-01-02
2026-12-19,wk inc flu hosp,2,38,quantile,0.1,28,2027-01-02
2026-12-19,wk inc flu hosp,2,38,quantile,0.15,30,2027-01-02
2026-12-19,wk inc flu hosp,2,38,quantile,0.2,32,2027-01-02
2026-12-19,wk inc flu hosp,2,38,quantile,0.25,34,2027-01-02
2026-12-19,wk inc flu hosp,2,38,quantile,0.3,35,2027-01-02
2026-12-19,wk inc flu hosp,2,38,quantile,0.35,36,2027-01-02
2026-12-19,wk inc flu hosp,2,38,quantile,0.4,37,2027-01-02
2026-12-19,wk inc flu hosp,2,38,quantile,0.45,39,2027-01-02
2026-12-19,wk inc flu hosp,2,38,quantile,0.5,41,2027-01-02
2026-12-19,wk inc flu hosp,2,38,quantile,0.55,43,2027-01-02
2026-12-19,wk inc flu hosp,2,38,quantile,0.6,44,2027-01-02
2026-12-19,wk inc flu hosp,2,38,quantile,0.65,46,2027-01-02
2026-12-19,wk inc flu hosp,2,38,quantile,0.7,49,2027-01-02
2026-12-19,wk inc flu hosp,2,38,quantile,0.75,52,2027-01-02
2026-12-19,wk inc flu hosp,2,38,quantile,0.8,54,2027-01-02
2026-12-19,wk inc flu hosp,2,38,quantile,0.85,56,2027-01-02
2026-12-19,wk inc flu hosp,2,38,quantile,0.9,61,2027-01-02
2026-12-19,wk inc flu hosp,2,38,quantile,0.95,68,2027-01-02
2026-12-19,wk inc flu hosp,2,38,quantile,0.975,77,2027-01-02
2026-12-19,wk inc flu hosp,2,38,quantile,0.99,80,2027-01-02
2026-12-19,wk inc flu hosp,2,39,quantile,0.01,289,2027-01-02
2026-12-19,wk inc flu hosp,2,39,quantile,0.025,334,2027-01-02
2026-12-19,wk inc flu hosp,2,39,quantile,0.05,359,2027-01-02
2026-12-19,wk inc flu hosp,2,39,quantile,0.1,381,2027-01-02
2026-12-19,wk inc flu hosp,2,39,quantile,0.15,413,2027-01-02
2026-12-19,wk inc flu hosp,2,39,quantile,0.2,428,2027-01-02
2026-12-19,wk inc flu hosp,2,39,quantile,0.25,444,2027-01-02
2026-12-19,wk inc flu hosp,2,39,quantile,0.3,463,2027-01-02
2026-12-19,wk inc flu hosp,2,39,quantile,0.35,491,2027-01-02
2026-12-19,wk inc flu hosp,2,39,quantile,0.4,511,2027-01-02
2026-12-19,wk inc flu hosp,2,39,quantile,0.45,524,2027-01-02
2026-12-19,wk inc flu hosp,2,39,quantile,0.5,541,2027-01-02
2026-12-19,wk inc flu hosp,2,39,quantile,0.55,556,2027-01-02
2026-12-19,wk inc flu hosp,2,39,quantile,0.6,577,2027-01-02
2026-12-19,wk inc flu hosp,2,39,quantile,0.65,608,2027-01-02
2026-12-19,wk inc flu hosp,2,39,quantile,0.7,632,2027-01-02
2026-12-19,wk inc flu hosp,2,39,quantile,0.75,654,2027-01-02
2026-12-19,wk inc flu hosp,2,39,quantile,0.8,687,2027-01-02
2026-12-19,wk inc flu hosp,2,39,quantile,0.85,747,2027-01-02
2026-12-19,wk inc flu hosp,2,39,quantile,0.9,774,2027-01-02
2026-12-19,wk inc flu hosp,2,39,quantile,0.95,850,2027-01-02
2026-12-19,wk inc flu hosp,2,39,quantile,0.975,877,2027-01-02
2026-12-19,wk inc flu hosp,2,39,quantile,0.99,948,2027-01-02
2026-12-19,wk inc flu hosp,2,40,quantile,0.01,45,2027-01-02
2026-12-19,wk inc flu hosp,2,40,quantile,0.025,48,2027-01-02
2026-12-19,wk inc flu hosp,2,40,quantile,0.05,52,2027-01-02
2026-12-19,wk inc flu hosp,2,40,quantile,0.1,61,2027-01-02
2026-12-19,wk inc flu hosp,2,40,quantile,0.15,66,2027-01-02
2026-12-19,wk inc flu hosp,2,40,quantile,0.2,71,2027-01-02
2026-12-19,wk inc flu hosp,2,40,quantile,0.25,76,2027-01-02
2026-12-19,wk inc flu hosp,2,40,quantile,0.3,78,2027-01-02
2026-12-19,wk inc flu hosp,2,40,quantile,0.35,83,2027-01-02
2026-12-19,wk inc flu hosp,2,40,quantile,0.4,87,2027-01-02
2026-12-19,wk inc flu hosp,2,40,quantile,0.45,92,2027-01-02
2026-12-19,wk inc flu hosp,2,40,quantile,0.5,96,2027-01-02
2026-12-19,wk inc flu hosp,2,40,quantile,0.55,101,2027-01-02
2026-12-19,wk inc flu hosp,2,40,quantile,0.6,105,2027-01-02
2026-12-19,wk inc flu hosp,2,40,quantile,0.65,110,2027-01-02
2026-12-19,wk inc flu hosp,2,40,quantile,0.7,115,2027-01-02
2026-12-19,wk inc flu hosp,2,40,quantile,0.75,127,2027-01-02
2026-12-19,wk inc flu hosp,2,40,quantile,0.8,135,2027-01-02
2026-12-19,wk inc flu hosp,2,40,quantile,0.85,153,2027-01-02
2026-12-19,wk inc flu hosp,2,40,quantile,0.9,167,2027-01-02
2026-12-19,wk inc flu hosp,2,40,quantile,0.95,185,2027-01-02
2026-12-19,wk inc flu hosp,2,40,quantile,0.975,197,2027-01-02
2026-12-19,wk inc flu hosp,2,40,quantile,0.99,211,2027-01-02
2026-12-19,wk inc flu hosp,2,41,quantile,0.01,60,2027-01-02
2026-12-19,wk inc flu hosp,2,41,quantile,0.025,65,2027-01-02
2026-12-19,wk inc flu hosp,2,41,quantile,0.05,73,2027-01-02
2026-12-19,wk inc flu hosp,2,41,quantile,0.1,80,2027-01-02
2026-12-19,wk inc flu hosp,2,41,quantile,0.15,86,2027-01-02
2026-12-19,wk inc flu hosp,2,41,quantile,0.2,96,2027-01-02
2026-12-19,wk inc flu hosp,2,41,quantile,0.25,102,2027-01-02
2026-12-19,wk inc flu hosp,2,41,quantile,0.3,107,2027-01-02
2026-12-19,wk inc flu hosp,2,41,quantile,0.35,119,2027-01-02
2026-12-19,wk inc flu hosp,2,41,quantile,0.4,126,2027-01-02
2026-12-19,wk inc flu hosp,2,41,quantile,0.45,137,2027-01-02
2026-12-19,wk inc flu hosp,2,41,quantile,0.5,142,2027-01-02
2026-12-19,wk inc flu hosp,2,41,quantile,0.55,145,2027-01-02
2026-12-19,wk inc flu hosp,2,41,quantile,0.6,153,2027-01-02
2026-12-19,wk inc flu hosp,2,41,quantile,0.65,160,2027-01-02
2026-12-19,wk inc flu hosp,2,41,quantile,0.7,167,2027-01-02
2026-12-19,wk inc flu hosp,2,41,quantile,0.75,175,2027-01-02
2026-12-19,wk inc flu hosp,2,41,quantile,0.8,187,2027-01-02
2026-12-19,wk inc flu hosp,2,41,quantile,0.85,204,2027-01-02
2026-12-19,wk inc flu hosp,2,41,quantile,0.9,218,2027-01-02
2026-12-19,wk inc flu hosp,2,41,quantile,0.95,244,2027-01-02
2026-12-19,wk inc flu hosp,2,41,quantile,0.975,263,2027-01-02
2026-12-19,wk inc flu hosp,2,41,quantile,0.99,266,2027-01-02
2026-12-19,wk inc flu hosp,2,42,quantile,0.01,367,2027-01-02
2026-12-19,wk inc flu hosp,2,42,quantile,0.025,407,2027-01-02
2026-12-19,wk inc flu hosp,2,42,quantile,0.05,460,2027-01-02
2026-12-19,wk inc flu hosp,2,42,quantile,0.1,549,2027-01-02
2026-12-19,wk inc flu hosp,2,42,quantile,0.15,580,2027-01-02
2026-12-19,wk inc flu hosp,2,42,quantile,0.2,617,2027-01-02
2026-12-19,wk inc flu hosp,2,42,quantile,0.25,647,2027-01-02
2026-12-19,wk inc flu hosp,2,42,quantile,0.3,663,2027-01-02
2026-12-19,wk inc flu hosp,2,42,quantile,0.35,693,2027-01-02
2026-12-19,wk inc flu hosp,2,42,quantile,0.4,739,2027-01-02
2026-12-19,wk inc flu hosp,2,42,quantile,0.45,791,2027-01-02
2026-12-19,wk inc flu hosp,2,42,quantile,0.5,813,2027-01-02
2026-12-19,wk inc flu hosp,2,42,quantile,0.55,846,2027-01-02
2026-12-19,wk inc flu hosp,2,42,quantile,0.6,873,2027-01-02
2026-12-19,wk inc flu hosp,2,42,quantile,0.65,889,2027-01-02
2026-12-19,wk inc flu hosp,2,42,quantile,0.7,913,2027-01-02
2026-12-19,wk inc flu hosp,2,42,quantile,0.75,960,2027-01-02
2026-12-19,wk inc flu hosp,2,42,quantile,0.8,1001,2027-01-02
2026-12-19,wk inc flu hosp,2,42,quantile,0.85,1071,2027-01-02
2026-12-19,wk inc flu hosp,2,42,quantile,0.9,1104,2027-01-02
2026-12-19,wk inc flu hosp,2,42,quantile,0.95,1210,2027-01-02
2026-12-19,wk inc flu hosp,2,42,quantile,0.975,1245,2027-01-02
2026-12-19,wk inc flu hosp,2,42,quantile,0.99,1379,2027-01-02
2026-12-19,wk inc flu hosp,2,44,quantile,0.01,37,2027-01-02
2026-12-19,wk inc flu hosp,2,44,quantile,0.025,44,2027-01-02
2026-12-19,wk inc flu hosp,2,44,quantile,0.05,46,2027-01-02
2026-12-19,wk inc flu hosp,2,44,quantile,0.1,52,2027-01-02
2026-12-19,wk inc flu hosp,2,44,quantile,0.15,58,2027-01-02
2026-12-19,wk inc flu hosp,2,44,quantile,0.2,64,2027-01-02
2026-12-19,wk inc flu hosp,2,44,quantile,0.25,67,2027-01-02
2026-12-19,wk inc flu hosp,2,44,quantile,0.3,70,2027-01-02
2026-12-19,wk inc flu hosp,2,44,quantile,0.35,74,2027-01-02
2026-12-19,wk inc flu hosp,2,44,quantile,0.4,76,2027-01-02
2026-12-19,wk inc flu hosp,2,44,quantile,0.45,79,2027-01-02
2026-12-19,wk inc flu hosp,2,44,quantile,0.5,82,2027-01-02
2026-12-19,wk inc flu hosp,2,44,quantile,0.55,88,2027-01-02
2026-12-19,wk inc flu hosp,2,44,quantile,0.6,94,2027-01-02
2026-12-19,wk inc flu hosp,2,44,quantile,0.65,97,2027-01-02
2026-12-19,wk inc flu hosp,2,44,quantile,0.7,100,2027-01-02
2026-12-19,wk inc flu hosp,2,44,quantile,0.75,108,2027-01-02
2026-12-19,wk inc flu hosp,2,44,quantile,0.8,112,2027-01-02
2026-12-19,wk inc flu hosp,2,44,quantile,0.85,128,2027-01-02
2026-12-19,wk inc flu hosp,2,44,quantile,0.9,143,2027-01-02
2026-12-19,wk inc flu hosp,2,44,quantile,0.95,158,2027-01-02
2026-12-19,wk inc flu hosp,2,44,quantile,0.975,169,2027-01-02
2026-12-19,wk inc flu hosp,2,44,quantile,0.99,173,2027-01-02
2026-12-19,wk inc flu hosp,2,45,quantile,0.01,144,2027-01-02
2026-12-19,wk inc flu hosp,2,45,quantile,0.025,161,2027-01-02
2026-12-19,wk inc flu hosp,2,45,quantile,0.05,190,2027-01-02
2026-12-19,wk inc flu hosp,2,45,quantile,0.1,223,2027-01-02
2026-12-19,wk inc flu hosp,2,45,quantile,0.15,237,2027-01-02
2026-12-19,wk inc flu hosp,2,45,quantile,0.2,265,2027-01-02
2026-12-19,wk inc flu hosp,2,45,quantile,0.25,285,2027-01-02
2026-12-19,wk inc flu hosp,2,45,quantile,0.3,296,2027-01-02
2026-12-19,wk inc flu hosp,2,45,quantile,0.35,304,2027-01-02
2026-12-19,wk inc flu hosp,2,45,quantile,0.4,317,2027-01-02
2026-12-19,wk inc flu hosp,2,45,quantile,0.45,325,2027-01-02
2026-12-19,wk inc flu hosp,2,45,quantile,0.5,342,2027-01-02
2026-12-19,wk inc flu hosp,2,45,quantile,0.55,362,2027-01-02
2026-12-19,wk inc flu hosp,2,45,quantile,0.6,386,2027-01-02
2026-12-19,wk inc flu hosp,2,45,quantile,0.65,402,2027-01-02
2026-12-19,wk inc flu hosp,2,45,quantile,0.7,419,2027-01-02
2026-12-19,wk inc flu hosp,2,45,quantile,0.75,440,2027-01-02
2026-12-19,wk inc flu hosp,2,45,quantile,0.8,460,2027-01-02
2026-12-19,wk inc flu hosp,2,45,quantile,0.85,484,2027-01-02
2026-12-19,wk inc flu hosp,2,45,quantile,0.9,526,2027-01-02
2026-12-19,wk inc flu hosp,2,45,quantile,0.95,574,2027-01-02
2026-12-19,wk inc flu hosp,2,45,quantile,0.975,718,2027-01-02
2026-12-19,wk inc flu hosp,2,45,quantile,0.99,767,2027-01-02
2026-12-19,wk inc flu hosp,2,46,quantile,0.01,14,2027-01-02
2026-12-19,wk inc flu hosp,2,46,quantile,0.025,14,2027-01-02
2026-12-19,wk inc flu hosp,2,46,quantile,0.05,19,2027-01-02
2026-12-19,wk inc flu hosp,2,46,quantile,0.1,23,2027-01-02
2026-12-19,wk inc flu hosp,2,46,quantile,0.15,26,2027-01-02
2026-12-19,wk inc flu hosp,2,46,quantile,0.2,29,2027-01-02
2026-12-19,wk inc flu hosp,2,46,quantile,0.25,29,2027-01-02
2026-12-19,wk inc flu hosp,2,46,quantile,0.3,31,2027-01-02
2026-12-19,wk inc flu hosp,2,46,quantile,0.35,32,2027-01-02
2026-12-19,wk inc flu hosp,2,46,quantile,0.4,34,2027-01-02
2026-12-19,wk inc flu hosp,2,46,quantile,0.45,36,2027-01-02
2026-12-19,wk inc flu hosp,2,46,quantile,0.5,38,2027-01-02
2026-12-19,wk inc flu hosp,2,46,quantile,0.55,39,2027-01-02
2026-12-19,wk inc flu hosp,2,46,quantile,0.6,40,2027-01-02
2026-12-19,wk inc flu hosp,2,46,quantile,0.65,41,2027-01-02
2026-12-19,wk inc flu hosp,2,46,quantile,0.7,43,2027-01-02
2026-12-19,wk inc flu hosp,2,46,quantile,0.75,45,2027-01-02
2026-12-19,wk inc flu hosp,2,46,quantile,0.8,47,2027-01-02
2026-12-19,wk inc flu hosp,2,46,quantile,0.85,50,2027-01-02
2026-12-19,wk inc flu hosp,2,46,quantile,0.9,53,2027-01-02
2026-12-19,wk inc flu hosp,2,46,quantile,0.95,58,2027-01-02
2026-12-19,wk inc flu hosp,2,46,quantile,0.975,62,2027-01-02
2026-12-19,wk inc flu hosp,2,46,quantile,0.99,65,2027-01-02
2026-12-19,wk inc flu hosp,2,47,quantile,0.01,171,2027-01-02
2026-12-19,wk inc flu hosp,2,47,quantile,0.025,187,2027-01-02
2026-12-19,wk inc flu hosp,2,47,quantile,0.05,198,2027-01-02
2026-12-19,wk inc flu hosp,2,47,quantile,0.1,222,2027-01-02
2026-12-19,wk inc flu hosp,2,47,quantile,0.15,241,2027-01-02
2026-12-19,wk inc flu hosp,2,47,quantile,0.2,261,2027-01-02
2026-12-19,wk inc flu hosp,2,47,quantile,0.25,270,2027-01-02
2026-12-19,wk inc flu hosp,2,47,quantile,0.3,280,2027-01-02
2026-12-19,wk inc flu hosp,2,47,quantile,0.35,287,2027-01-02
2026-12-19,wk inc flu hosp,2,47,quantile,0.4,299,2027-01-02
2026-12-19,wk inc flu hosp,2,47,quantile,0.45,305,2027-01-02
2026-12-19,wk inc flu hosp,2,47,quantile,0.5,318,2027-01-02
2026-12-19,wk inc flu hosp,2,47,quantile,0.55,328,2027-01-02
2026-12-19,wk inc flu hosp,2,47,quantile,0.6,337,2027-01-02
2026-12-19,wk inc flu hosp,2,47,quantile,0.65,352,2027-01-02
2026-12-19,wk inc flu hosp,2,47,quantile,0.7,361,2027-01-02
2026-12-19,wk inc flu hosp,2,47,quantile,0.75,374,2027-01-02
2026-12-19,wk inc flu hosp,2,47,quantile,0.8,380,2027-01-02
2026-12-19,wk inc flu hosp,2,47,quantile,0.85,411,2027-01-02
2026-12-19,wk inc flu hosp,2,47,quantile,0.9,443,2027-01-02
2026-12-19,wk inc flu hosp,2,47,quantile,0.95,487,2027-01-02
2026-12-19,wk inc flu hosp,2,47,quantile,0.975,550,2027-01-02
2026-12-19,wk inc flu hosp,2,47,quantile,0.99,640,2027-01-02
2026-12-19,wk inc flu hosp,2,48,quantile,0.01,458,2027-01-02
2026-12-19,wk inc flu hosp,2,48,quantile,0.025,534,2027-01-02
2026-12-19,wk inc flu hosp,2,48,quantile,0.05,622,2027-01-02
2026-12-19,wk inc flu hosp,2,48,quantile,0.1,706,2027-01-02
2026-12-19,wk inc flu hosp,2,48,quantile,0.15,771,2027-01-02
2026-12-19,wk inc flu hosp,2,48,quantile,0.2,813,2027-01-02
2026-12-19,wk inc flu hosp,2,48,quantile,0.25,870,2027-01-02
2026-12-19,wk inc flu hosp,2,48,quantile,0.3,940,2027-01-02
2026-12-19,wk inc flu hosp,2,48,quantile,0.35,990,2027-01-02
2026-12-19,wk inc flu hosp,2,48,quantile,0.4,1008,2027-01-02
2026-12-19,wk inc flu hosp,2,48,quantile,0.45,1079,2027-01-02
2026-12-19,wk inc flu hosp,2,48,quantile,0.5,1129,2027-01-02
2026-12-19,wk inc flu hosp,2,48,quantile,0.55,1184,2027-01-02
2026-12-19,wk inc flu hosp,2,48,quantile,0.6,1243,2027-01-02
2026-12-19,wk inc flu hosp,2,48,quantile,0.65,1320,2027-01-02
2026-12-19,wk inc flu hosp,2,48,quantile,0.7,1361,2027-01-02
2026-12-19,wk inc flu hosp,2,48,quantile,0.75,1457,2027-01-02
2026-12-19,wk inc flu hosp,2,48,quantile,0.8,1556,2027-01-02
2026-12-19,wk inc flu hosp,2,48,quantile,0.85,1626,2027-01-02
2026-12-19,wk inc flu hosp,2,48,quantile,0.9,1812,2027-01-02
2026-12-19,wk inc flu hosp,2,48,quantile,0.95,2179,2027-01-02
2026-12-19,wk inc flu hosp,2,48,quantile,0.975,2435,2027-01-02
2026-12-19,wk inc flu hosp,2,48,quantile,0.99,2560,2027-01-02
2026-12-19,wk inc flu hosp,2,49,quantile,0.01,39,2027-01-02
2026-12-19,wk inc flu hosp,2,49,quantile,0.025,46,2027-01-02
2026-12-19,wk inc flu hosp,2,49,quantile,0.05,49,2027-01-02
2026-12-19,wk inc flu hosp,2,49,quantile,0.1,58,2027-01-02
2026-12-19,wk inc flu hosp,2,49,quantile,0.15,67,2027-01-02
2026-12-19,wk inc flu hosp,2,49,quantile,0.2,71,2027-01-02
2026-12-19,wk inc flu hosp,2,49,quantile,0.25,73,2027-01-02
2026-12-19,wk inc flu hosp,2,49,quantile,0.3,76,2027-01-02
2026-12-19,wk inc flu hosp,2,49,quantile,0.35,79,2027-01-02
2026-12-19,wk inc flu hosp,2,49,quantile,0.4,83,2027-01-02
2026-12-19,wk inc flu hosp,2,49,quantile,0.45,87,2027-01-02
2026-12-19,wk inc flu hosp,2,49,quantile,0.5,92,2027-01-02
2026-12-19,wk inc flu hosp,2,49,quantile,0.55,96,2027-01-02
2026-12-19,wk inc flu hosp,2,49,quantile,0.6,102,2027-01-02
2026-12-19,wk inc flu hosp,2,49,quantile,0.65,105,2027-01-02
2026-12-19,wk inc flu hosp,2,49,quantile,0.7,110,2027-01-02
2026-12-19,wk inc flu hosp,2,49,quantile,0.75,114,2027-01-02
2026-12-19,wk inc flu hosp,2,49,quantile,0.8,118,2027-01-02
2026-12-19,wk inc flu hosp,2,49,quantile,0.85,132,2027-01-02
2026-12-19,wk inc flu hosp,2,49,quantile,0.9,141,2027-01-02
2026-12-19,wk inc flu hosp,2,49,quantile,0.95,157,2027-01-02
2026-12-19,wk inc flu hosp,2,49,quantile,0.975,172,2027-01-02
2026-12-19,wk inc flu hosp,2,49,quantile,0.99,193,2027-01-02
2026-12-19,wk inc flu hosp,2,50,quantile,0.01,6,2027-01-02
2026-12-19,wk inc flu hosp,2,50,quantile,0.025,7,2027-01-02
2026-12-19,wk inc flu hosp,2,50,quantile,0.05,8,2027-01-02
2026-12-19,wk inc flu hosp,2,50,quantile,0.1,10,2027-01-02
2026-12-19,wk inc flu hosp,2,50,quantile,0.15,11,2027-01-02
2026-12-19,wk inc flu hosp,2,50,quantile,0.2,14,2027-01-02
2026-12-19,wk inc flu hosp,2,50,quantile,0.25,16,2027-01-02
2026-12-19,wk inc flu hosp,2,50,quantile,0.3,17,2027-01-02
2026-12-19,wk inc flu hosp,2,50,quantile,0.35,17,2027-01-02
2026-12-19,wk inc flu hosp,2,50,quantile,0.4,18,2027-01-02
2026-12-19,wk inc flu hosp,2,50,quantile,0.45,19,2027-01-02
2026-12-19,wk inc flu hosp,2,50,quantile,0.5,20,2027-01-02
2026-12-19,wk inc flu hosp,2,50,quantile,0.55,21,2027-01-02
2026-12-19,wk inc flu hosp,2,50,quantile,0.6,22,2027-01-02
2026-12-19,wk inc flu hosp,2,50,quantile,0.65,23,2027-01-02
2026-12-19,wk inc flu hosp,2,50,quantile,0.7,25,2027-01-02
2026-12-19,wk inc flu hosp,2,50,quantile,0.75,27,2027-01-02
2026-12-19,wk inc flu hosp,2,50,quantile,0.8,29,2027-01-02
2026-12-19,wk inc flu hosp,2,50,quantile,0.85,31,2027-01-02
2026-12-19,wk inc flu hosp,2,50,quantile,0.9,34,2027-01-02
2026-12-19,wk inc flu hosp,2,50,quantile,0.95,38,2027-01-02
2026-12-19,wk inc flu hosp,2,50,quantile,0.975,41,2027-01-02
2026-12-19,wk inc flu hosp,2,50,quantile,0.99,52,2027-01-02
2026-12-19,wk inc flu hosp,2,51,quantile,0.01,153,2027-01-02
2026-12-19,wk inc flu hosp,2,51,quantile,0.025,160,2027-01-02
2026-12-19,wk inc flu hosp,2,51,quantile,0.05,168,2027-01-02
2026-12-19,wk inc flu hosp,2,51,quantile,0.1,187,2027-01-02
2026-12-19,wk inc flu hosp,2,51,quantile,0.15,217,2027-01-02
2026-12-19,wk inc flu hosp,2,51,quantile,0.2,229,2027-01-02
2026-12-19,wk inc flu hosp,2,51,quantile,0.25,249,2027-01-02
2026-12-19,wk inc flu hosp,2,51,quantile,0.3,263,2027-01-02
2026-12-19,wk inc flu hosp,2,51,quantile,0.35,273,2027-01-02
2026-12-19,wk inc flu hosp,2,51,quantile,0.4,282,2027-01-02
2026-12-19,wk inc flu hosp,2,51,quantile,0.45,298,2027-01-02
2026-12-19,wk inc flu hosp,2,51,quantile,0.5,318,2027-01-02
2026-12-19,wk inc flu hosp,2,51,quantile,0.55,337,2027-01-02
2026-12-19,wk inc flu hosp,2,51,quantile,0.6,348,2027-01-02
2026-12-19,wk inc flu hosp,2,51,quantile,0.65,363,2027-01-02
2026-12-19,wk inc flu hosp,2,51,quantile,0.7,374,2027-01-02
2026-12-19,wk inc flu hosp,2,51,quantile,0.75,390,2027-01-02
2026-12-19,wk inc flu hosp,2,51,quantile,0.8,414,2027-01-02
2026-12-19,wk inc flu hosp,2,51,quantile,0.85,436,2027-01-02
2026-12-19,wk inc flu hosp,2,51,quantile,0.9,449,2027-01-02
2026-12-19,wk inc flu hosp,2,51,quantile,0.95,526,2027-01-02
2026-12-19,wk inc flu hosp,2,51,quantile,0.975,576,2027-01-02
2026-12-19,wk inc flu hosp,2,51,quantile,0.99,621,2027-01-02
2026-12-19,wk inc flu hosp,2,53,quantile,0.01,53,2027-01-02
2026-12-19,wk inc flu hosp,2,53,quantile,0.025,55,2027-01-02
2026-12-19,wk inc flu hosp,2,53,quantile,0.05,61,2027-01-02
2026-12-19,wk inc flu hosp,2,53,quantile,0.1,76,2027-01-02
2026-12-19,wk inc flu hosp,2,53,quantile,0.15,91,2027-01-02
2026-12-19,wk inc flu hosp,2,53,quantile,0.2,96,2027-01-02
2026-12-19,wk inc flu hosp,2,53,quantile,0.25,101,2027-01-02
2026-12-19,wk inc flu hosp,2,53,quantile,0.3,105,2027-01-02
2026-12-19,wk inc flu hosp,2,53,quantile,0.35,109,2027-01-02
2026-12-19,wk inc flu hosp,2,53,quantile,0.4,115,2027-01-02
2026-12-19,wk inc flu hosp,2,53,quantile,0.45,119,2027-01-02
2026-12-19,wk inc flu hosp,2,53,quantile,0.5,123,2027-01-02
2026-12-19,wk inc flu hosp,2,53,quantile,0.55,127,2027-01-02
2026-12-19,wk inc flu hosp,2,53,quantile,0.6,134,2027-01-02
2026-12-19,wk inc flu hosp,2,53,quantile,0.65,142,2027-01-02
2026-12-19,wk inc flu hosp,2,53,quantile,0.7,151,2027-01-02
2026-12-19,wk inc flu hosp,2,53,quantile,0.75,160,2027-01-02
2026-12-19,wk inc flu hosp,2,53,quantile,0.8,172,2027-01-02
2026-12-19,wk inc flu hosp,2,53,quantile,0.85,188,2027-01-02
2026-12-19,wk inc flu hosp,2,53,quantile,0.9,201,2027-01-02
2026-12-19,wk inc flu hosp,2,53,quantile,0.95,222,2027-01-02
2026-12-19,wk inc flu hosp,2,53,quantile,0.975,231,2027-01-02
2026-12-19,wk inc flu hosp,2,53,quantile,0.99,260,2027-01-02
2026-12-19,wk inc flu hosp,2,54,quantile,0.01,31,2027-01-02
2026-12-19,wk inc flu hosp,2,54,quantile,0.025,33,2027-01-02
2026-12-19,wk inc flu hosp,2,54,quantile,0.05,41,2027-01-02
2026-12-19,wk inc flu hosp,2,54,quantile,0.1,46,2027-01-02
2026-12-19,wk inc flu hosp,2,54,quantile,0.15,50,2027-01-02
2026-12-19,wk inc flu hosp,2,54,quantile,0.2,53,2027-01-02
2026-12-19,wk inc flu hosp,2,54,quantile,0.25,55,2027-01-02
2026-12-19,wk inc flu hosp,2,54,quantile,0.3,58,2027-01-02
2026-12-19,wk inc flu hosp,2,54,quantile,0.35,63,2027-01-02
2026-12-19,wk inc flu hosp,2,54,quantile,0.4,65,2027-01-02
2026-12-19,wk inc flu hosp,2,54,quantile,0.45,69,2027-01-02
2026-12-19,wk inc flu hosp,2,54,quantile,0.5,72,2027-01-02
2026-12-19,wk inc flu hosp,2,54,quantile,0.55,76,2027-01-02
2026-12-19,wk inc flu hosp,2,54,quantile,0.6,78,2027-01-02
2026-12-19,wk inc flu hosp,2,54,quantile,0.65,81,2027-01-02
2026-12-19,wk inc flu hosp,2,54,quantile,0.7,85,2027-01-02
2026-12-19,wk inc flu hosp,2,54,quantile,0.75,90,2027-01-02
2026-12-19,wk inc flu hosp,2,54,quantile,0.8,98,2027-01-02
2026-12-19,wk inc flu hosp,2,54,quantile,0.85,104,2027-01-02
2026-12-19,wk inc flu hosp,2,54,quantile,0.9,114,2027-01-02
2026-12-19,wk inc flu hosp,2,54,quantile,0.95,130,2027-01-02
2026-12-19,wk inc flu hosp,2,54,quantile,0.975,138,2027-01-02
2026-12-19,wk inc flu hosp,2,54,quantile,0.99,164,2027-01-02
2026-12-19,wk inc flu hosp,2,55,quantile,0.01,125,2027-01-02
2026-12-19,wk inc flu hosp,2,55,quantile,0.025,138,2027-01-02
2026-12-19,wk inc flu hosp,2,55,quantile,0.05,154,2027-01-02
2026-12-19,wk inc flu hosp,2,55,quantile,0.1,168,2027-01-02
2026-12-19,wk inc flu hosp,2,55,quantile,0.15,180,2027-01-02
2026-12-19,wk inc flu hosp,2,55,quantile,0.2,195,2027-01-02
2026-12-19,wk inc flu hosp,2,55,quantile,0.25,202,2027-01-02
2026-12-19,wk inc flu hosp,2,55,quantile,0.3,214,2027-01-02
2026-12-19,wk inc flu hosp,2,55,quantile,0.35,223,2027-01-02
2026-12-19,wk inc flu hosp,2,55,quantile,0.4,239,2027-01-02
2026-12-19,wk inc flu hosp,2,55,quantile,0.45,247,2027-01-02
2026-12-19,wk inc flu hosp,2,55,quantile,0.5,255,2027-01-02
2026-12-19,wk inc flu hosp,2,55,quantile,0.55,264,2027-01-02
2026-12-19,wk inc flu hosp,2,55,quantile,0.6,274,2027-01-02
2026-12-19,wk inc flu hosp,2,55,quantile,0.65,287,2027-01-02
2026-12-19,wk inc flu hosp,2,55,quantile,0.7,293,2027-01-02
2026-12-19,wk inc flu hosp,2,55,quantile,0.75,305,2027-01-02
2026-12-19,wk inc flu hosp,2,55,quantile,0.8,321,2027-01-02
2026-12-19,wk inc flu hosp,2,55,quantile,0.85,342,2027-01-02
2026-12-19,wk inc flu hosp,2,55,quantile,0.9,369,2027-01-02
2026-12-19,wk inc flu hosp,2,55,quantile,0.95,405,2027-01-02
2026-12-19,wk inc flu hosp,2,55,quantile,0.975,434,2027-01-02
2026-12-19,wk inc flu hosp,2,55,quantile,0.99,464,2027-01-02
2026-12-19,wk inc flu hosp,2,56,quantile,0.01,15,2027-01-02
2026-12-19,wk inc flu hosp,2,56,quantile,0.025,19,2027-01-02
2026-12-19,wk inc flu hosp,2,56,quantile,0.05,21,2027-01-02
2026-12-19,wk inc flu hosp,2,56,quantile,0.1,26,2027-01-02
2026-12-19,wk inc flu hosp,2,56,quantile,0.15,28,2027-01-02
2026-12-19,wk inc flu hosp,2,56,quantile,0.2,33,2027-01-02
2026-12-19,wk inc flu hosp,2,56,quantile,0.25,37,2027-01-02
2026-12-19,wk inc flu hosp,2,56,quantile,0.3,42,2027-01-02
2026-12-19,wk inc flu hosp,2,56,quantile,0.35,46,2027-01-02
2026-12-19,wk inc flu hosp,2,56,quantile,0.4,49,2027-01-02
2026-12-19,wk inc flu hosp,2,56,quantile,0.45,51,2027-01-02
2026-12-19,wk inc flu hosp,2,56,quantile,0.5,54,2027-01-02
2026-12-19,wk inc flu hosp,2,56,quantile,0.55,59,2027-01-02
2026-12-19,wk inc flu hosp,2,56,quantile,0.6,61,2027-01-02
2026-12-19,wk inc flu hosp,2,56,quantile,0.65,63,2027-01-02
2026-12-19,wk inc flu hosp,2,56,quantile,0.7,67,2027-01-02
2026-12-19,wk inc flu hosp,2,56,quantile,0.75,72,2027-01-02
2026-12-19,wk inc flu hosp,2,56,quantile,0.8,77,2027-01-02
2026-12-19,wk inc flu hosp,2,56,quantile,0.85,88,2027-01-02
2026-12-19,wk inc flu hosp,2,56,quantile,0.9,100,2027-01-02
2026-12-19,wk inc flu hosp,2,56,quantile,0.95,113,2027-01-02
2026-12-19,wk inc flu hosp,2,56,quantile,0.975,117,2027-01-02
2026-12-19,wk inc flu hosp,2,56,quantile,0.99,124,2027-01-02
2026-12-19,wk inc flu hosp,2,72,quantile,0.01,42,2027-01-02
2026-12-19,wk inc flu hosp,2,72,quantile,0.025,44,2027-01-02
2026-12-19,wk inc flu hosp,2,72,quantile,0.05,57,2027-01-02
2026-12-19,wk inc flu hosp,2,72,quantile,0.1,65,2027-01-02
2026-12-19,wk inc flu hosp,2,72,quantile,0.15,75,2027-01-02
2026-12-19,wk inc flu hosp,2,72,quantile,0.2,86,2027-01-02
2026-12-19,wk inc flu hosp,2,72,quantile,0.25,92,2027-01-02
2026-12-19,wk inc flu hosp,2,72,quantile,0.3,99,2027-01-02
2026-12-19,wk inc flu hosp,2,72,quantile,0.35,105,2027-01-02
2026-12-19,wk inc flu hosp,2,72,quantile,0.4,115,2027-01-02
2026-12-19,wk inc flu hosp,2,72,quantile,0.45,121,2027-01-02
2026-12-19,wk inc flu hosp,2,72,quantile,0.5,128,2027-01-02
2026-12-19,wk inc flu hosp,2,72,quantile,0.55,134,2027-01-02
2026-12-19,wk inc flu hosp,2,72,quantile,0.6,138,2027-01-02
2026-12-19,wk inc flu hosp,2,72,quantile,0.65,154,2027-01-02
2026-12-19,wk inc flu hosp,2,72,quantile,0.7,175,2027-01-02
2026-12-19,wk inc flu hosp,2,72,quantile,0.75,189,2027-01-02
2026-12-19,wk inc flu hosp,2,72,quantile,0.8,205,2027-01-02
2026-12-19,wk inc flu hosp,2,72,quantile,0.85,226,2027-01-02
2026-12-19,wk inc flu hosp,2,72,quantile,0.9,248,2027-01-02
2026-12-19,wk inc flu hosp,2,72,quantile,0.95,290,2027-01-02
2026-12-19,wk inc flu hosp,2,72,quantile,0.975,324,2027-01-02
2026-12-19,wk inc flu hosp,2,72,quantile,0.99,346,2027-01-02
2026-12-19,wk inc flu hosp,2,USA,quantile,0.01,11947,2027-01-02
2026-12-19,wk inc flu hosp,2,USA,quantile,0.025,12126,2027-01-02
2026-12-19,wk inc flu hosp,2,USA,quantile,0.05,12802,2027-01-02
2026-12-19,wk inc flu hosp,2,USA,quantile,0.1,13383,2027-01-02
2026-12-19,wk inc flu hosp,2,USA,quantile,0.15,13607,2027-01-02
2026-12-19,wk inc flu hosp,2,USA,quantile,0.2,13818,2027-01-02
2026-12-19,wk inc flu hosp,2,USA,quantile,0.25,14042,2027-01-02
2026-12-19,wk inc flu hosp,2,USA,quantile,0.3,14190,2027-01-02
2026-12-19,wk inc flu hosp,2,USA,quantile,0.35,14279,2027-01-02
2026-12-19,wk inc flu hosp,2,USA,quantile,0.4,14372,2027-01-02
2026-12-19,wk inc flu hosp,2,USA,quantile,0.45,14612,2027-01-02
2026-12-19,wk inc flu hosp,2,USA,quantile,0.5,14748,2027-01-02
2026-12-19,wk inc flu hosp,2,USA,quantile,0.55,14887,2027-01-02
2026-12-19,wk inc flu hosp,2,USA,quantile,0.6,15049,2027-01-02
2026-12-19,wk inc flu hosp,2,USA,quantile,0.65,15268,2027-01-02
2026-12-19,wk inc flu hosp,2,USA,quantile,0.7,15483,2027-01-02
2026-12-19,wk inc flu hosp,2,USA,quantile,0.75,15699,2027-01-02
2026-12-19,wk inc flu hosp,2,USA,quantile,0.8,16003,2027-01-02
2026-12-19,wk inc flu hosp,2,USA,quantile,0.85,16267,2027-01-02
2026-12-19,wk inc flu hosp,2,USA,quantile,0.9,16751,2027-01-02
2026-12-19,wk inc flu hosp,2,USA,quantile,0.95,17257,2027-01-02
2026-12-19,wk inc flu hosp,2,USA,quantile,0.975,17423,2027-01-02
2026-12-19,wk inc flu hosp,2,USA,quantile,0.99,17664,2027-01-02
2026-12-19,wk inc flu hosp,3,01,quantile,0.01,89,2027-01-09
2026-12-19,wk inc flu hosp,3,01,quantile,0.025,98,2027-01-09
2026-12-19,wk inc flu hosp,3,01,quantile,0.05,108,2027-01-09
2026-12-19,wk inc flu hosp,3,01,quantile,0.1,119,2027-01-09
2026-12-19,wk inc flu hosp,3,01,quantile,0.15,127,2027-01-09
2026-12-19,wk inc flu hosp,3,01,quantile,0.2,138,2027-01-09
2026-12-19,wk inc flu hosp,3,01,quantile,0.25,150,2027-01-09
2026-12-19,wk inc flu hosp,3,01,quantile,0.3,157,2027-01-09
2026-12-19,wk inc flu hosp,3,01,quantile,0.35,171,2027-01-09
2026-12-19,wk inc flu hosp,3,01,quantile,0.4,184,2027-01-09
2026-12-19,wk inc flu hosp,3,01,quantile,0.45,194,2027-01-09
2026-12-19,wk inc flu hosp,3,01,quantile,0.5,198,2027-01-09
2026-12-19,wk inc flu hosp,3,01,quantile,0.55,207,2027-01-09
2026-12-19,wk inc flu hosp,3,01,quantile,0.6,214,2027-01-09
2026-12-19,wk inc flu hosp,3,01,quantile,0.65,224,2027-01-09
2026-12-19,wk inc flu hosp,3,01,quantile,0.7,239,2027-01-09
2026-12-19,wk inc flu hosp,3,01,quantile,0.75,251,2027-01-09
2026-12-19,wk inc flu hosp,3,01,quantile,0.8,276,2027-01-09
2026-12-19,wk inc flu hosp,3,01,quantile,0.85,304,2027-01-09
2026-12-19,wk inc flu hosp,3,01,quantile,0.9,336,2027-01-09
2026-12-19,wk inc flu hosp,3,01,quantile,0.95,370,2027-01-09
2026-12-19,wk inc flu hosp,3,01,quantile,0.975,420,2027-01-09
2026-12-19,wk inc flu hosp,3,01,quantile,0.99,498,2027-01-09
2026-12-19,wk inc flu hosp,3,02,quantile,0.01,0,2027-01-09
2026-12-19,wk inc flu hosp,3,02,quantile,0.025,0,2027-01-09
2026-12-19,wk inc flu hosp,3,02,quantile,0.05,1,2027-01-09
2026-12-19,wk inc flu hosp,3,02,quantile,0.1,3,2027-01-09
2026-12-19,wk inc flu hosp,3,02,quantile,0.15,6,2027-01-09
2026-12-19,wk inc flu hosp,3,02,quantile,0.2,7,2027-01-09
2026-12-19,wk inc flu hosp,3,02,quantile,0.25,8,2027-01-09
2026-12-19,wk inc flu hosp,3,02,quantile,0.3,10,2027-01-09
2026-12-19,wk inc flu hosp,3,02,quantile,0.35,11,2027-01-09
2026-12-19,wk inc flu hosp,3,02,quantile,0.4,12,2027-01-09
2026-12-19,wk inc flu hosp,3,02,quantile,0.45,13,2027-01-09
2026-12-19,wk inc flu hosp,3,02,quantile,0.5,14,2027-01-09
2026-12-19,wk inc flu hosp,3,02,quantile,0.55,15,2027-01-09
2026-12-19,wk inc flu hosp,3,02,quantile,0.6,17,2027-01-09
2026-12-19,wk inc flu hosp,3,02,quantile,0.65,19,2027-01-09
2026-12-19,wk inc flu hosp,3,02,quantile,0.7,19,2027-01-09
2026-12-19,wk inc flu hosp,3,02,quantile,0.75,24,2027-01-09
2026-12-19,wk inc flu hosp,3,02,quantile,0.8,26,2027-01-09
2026-12-19,wk inc flu hosp,3,02,quantile,0.85,29,2027-01-09
2026-12-19,wk inc flu hosp,3,02,quantile,0.9,34,2027-01-09
2026-12-19,wk inc flu hosp,3,02,quantile,0.95,44,2027-01-09
2026-12-19,wk inc flu hosp,3,02,quantile,0.975,57,2027-01-09
2026-12-19,wk inc flu hosp,3,02,quantile,0.99,67,2027-01-09
2026-12-19,wk inc flu hosp,3,04,quantile,0.01,213,2027-01-09
2026-12-19,wk inc flu hosp,3,04,quantile,0.025,243,2027-01-09
2026-12-19,wk inc flu hosp,3,04,quantile,0.05,275,2027-01-09
2026-12-19,wk inc flu hosp,3,04,quantile,0.1,302,2027-01-09
2026-12-19,wk inc flu hosp,3,04,quantile,0.15,334,2027-01-09
2026-12-19,wk inc flu hosp,3,04,quantile,0.2,349,2027-01-09
2026-12-19,wk inc flu hosp,3,04,quantile,0.25,371,2027-01-09
2026-12-19,wk inc flu hosp,3,04,quantile,0.3,388,2027-01-09
2026-12-19,wk inc flu hosp,3,04,quantile,0.35,426,2027-01-09
2026-12-19,wk inc flu hosp,3,04,quantile,0.4,449,2027-01-09
2026-12-19,wk inc flu hosp,3,04,quantile,0.45,461,2027-01-09
2026-12-19,wk inc flu hosp,3,04,quantile,0.5,482,2027-01-09
2026-12-19,wk inc flu hosp,3,04,quantile,0.55,508,2027-01-09
2026-12-19,wk inc flu hosp,3,04,quantile,0.6,536,2027-01-09
2026-12-19,wk inc flu hosp,3,04,quantile,0.65,553,2027-01-09
2026-12-19,wk inc flu hosp,3,04,quantile,0.7,602,2027-01-09
2026-12-19,wk inc flu hosp,3,04,quantile,0.75,638,2027-01-09
2026-12-19,wk inc flu hosp,3,04,quantile,0.8,680,2027-01-09
2026-12-19,wk inc flu hosp,3,04,quantile,0.85,715,2027-01-09
2026-12-19,wk inc flu hosp,3,04,quantile,0.9,793,2027-01-09
2026-12-19,wk inc flu hosp,3,04,quantile,0.95,885,2027-01-09
2026-12-19,wk inc flu hosp,3,04,quantile,0.975,949,2027-01-09
2026-12-19,wk inc flu hosp,3,04,quantile,0.99,1055,2027-01-09
2026-12-19,wk inc flu hosp,3,05,quantile,0.01,27,2027-01-09
2026-12-19,wk inc flu hosp,3,05,quantile,0.025,31,2027-01-09
2026-12-19,wk inc flu hosp,3,05,quantile,0.05,41,2027-01-09
2026-12-19,wk inc flu hosp,3,05,quantile,0.1,46,2027-01-09
2026-12-19,wk inc flu hosp,3,05,quantile,0.15,52,2027-01-09
2026-12-19,wk inc flu hosp,3,05,quantile,0.2,55,2027-01-09
2026-12-19,wk inc flu hosp,3,05,quantile,0.25,61,2027-01-09
2026-12-19,wk inc flu hosp,3,05,quantile,0.3,63,2027-01-09
2026-12-19,wk inc flu hosp,3,05,quantile,0.35,67,2027-01-09
2026-12-19,wk inc flu hosp,3,05,quantile,0.4,71,2027-01-09
2026-12-19,wk inc flu hosp,3,05,quantile,0.45,74,2027-01-09
2026-12-19,wk inc flu hosp,3,05,quantile,0.5,77,2027-01-09
2026-12-19,wk inc flu hosp,3,05,quantile,0.55,81,2027-01-09
2026-12-19,wk inc flu hosp,3,05,quantile,0.6,84,2027-01-09
2026-12-19,wk inc flu hosp,3,05,quantile,0.65,89,2027-01-09
2026-12-19,wk inc flu hosp,3,05,quantile,0.7,93,2027-01-09
2026-12-19,wk inc flu hosp,3,05,quantile,0.75,100,2027-01-09
2026-12-19,wk inc flu hosp,3,05,quantile,0.8,106,2027-01-09
2026-12-19,wk inc flu hosp,3,05,quantile,0.85,118,2027-01-09
2026-12-19,wk inc flu hosp,3,05,quantile,0.9,125,2027-01-09
2026-12-19,wk inc flu hosp,3,05,quantile,0.95,140,2027-01-09
2026-12-19,wk inc flu hosp,3,05,quantile,0.975,159,2027-01-09
2026-12-19,wk inc flu hosp,3,05,quantile,0.99,182,2027-01-09
2026-12-19,wk inc flu hosp,3,06,quantile,0.01,480,2027-01-09
2026-12-19,wk inc flu hosp,3,06,quantile,0.025,527,2027-01-09
2026-12-19,wk inc flu hosp,3,06,quantile,0.05,578,2027-01-09
2026-12-19,wk inc flu hosp,3,06,quantile,0.1,658,2027-01-09
2026-12-19,wk inc flu hosp,3,06,quantile,0.15,683,2027-01-09
2026-12-19,wk inc flu hosp,3,06,quantile,0.2,723,2027-01-09
2026-12-19,wk inc flu hosp,3,06,quantile,0.25,766,2027-01-09
2026-12-19,wk inc flu hosp,3,06,quantile,0.3,790,2027-01-09
2026-12-19,wk inc flu hosp,3,06,quantile,0.35,833,2027-01-09
2026-12-19,wk inc flu hosp,3,06,quantile,0.4,872,2027-01-09
2026-12-19,wk inc flu hosp,3,06,quantile,0.45,904,2027-01-09
2026-12-19,wk inc flu hosp,3,06,quantile,0.5,948,2027-01-09
2026-12-19,wk inc flu hosp,3,06,quantile,0.55,980,2027-01-09
2026-12-19,wk inc flu hosp,3,06,quantile,0.6,1029,2027-01-09
2026-12-19,wk inc flu hosp,3,06,quantile,0.65,1075,2027-01-09
2026-12-19,wk inc flu hosp,3,06,quantile,0.7,1136,2027-01-09
2026-12-19,wk inc flu hosp,3,06,quantile,0.75,1184,2027-01-09
2026-12-19,wk inc flu hosp,3,06,quantile,0.8,1236,2027-01-09
2026-12-19,wk inc flu hosp,3,06,quantile,0.85,1279,2027-01-09
2026-12-19,wk inc flu hosp,3,06,quantile,0.9,1372,2027-01-09
2026-12-19,wk inc flu hosp,3,06,quantile,0.95,1574,2027-01-09
2026-12-19,wk inc flu hosp,3,06,quantile,0.975,1728,2027-01-09
2026-12-19,wk inc flu hosp,3,06,quantile,0.99,1901,2027-01-09
2026-12-19,wk inc flu hosp,3,08,quantile,0.01,66,2027-01-09
2026-12-19,wk inc flu hosp,3,08,quantile,0.025,95,2027-01-09
2026-12-19,wk inc flu hosp,3,08,quantile,0.05,115,2027-01-09
2026-12-19,wk inc flu hosp,3,08,quantile,0.1,140,2027-01-09
2026-12-19,wk inc flu hosp,3,08,quantile,0.15,159,2027-01-09
2026-12-19,wk inc flu hosp,3,08,quantile,0.2,169,2027-01-09
2026-12-19,wk inc flu hosp,3,08,quantile,0.25,185,2027-01-09
2026-12-19,wk inc flu hosp,3,08,quantile,0.3,196,2027-01-09
2026-12-19,wk inc flu hosp,3,08,quantile,0.35,215,2027-01-09
2026-12-19,wk inc flu hosp,3,08,quantile,0.4,222,2027-01-09
2026-12-19,wk inc flu hosp,3,08,quantile,0.45,229,2027-01-09
2026-12-19,wk inc flu hosp,3,08,quantile,0.5,242,2027-01-09
2026-12-19,wk inc flu hosp,3,08,quantile,0.55,252,2027-01-09
2026-12-19,wk inc flu hosp,3,08,quantile,0.6,261,2027-01-09
2026-12-19,wk inc flu hosp,3,08,quantile,0.65,272,2027-01-09
2026-12-19,wk inc flu hosp,3,08,quantile,0.7,283,2027-01-09
2026-12-19,wk inc flu hosp,3,08,quantile,0.75,295,2027-01-09
2026-12-19,wk inc flu hosp,3,08,quantile,0.8,316,2027-01-09
2026-12-19,wk inc flu hosp,3,08,quantile,0.85,339,2027-01-09
2026-12-19,wk inc flu hosp,3,08,quantile,0.9,390,2027-01-09
2026-12-19,wk inc flu hosp,3,08,quantile,0.95,451,2027-01-09
2026-12-19,wk inc flu hosp,3,08,quantile,0.975,507,2027-01-09
2026-12-19,wk inc flu hosp,3,08,quantile,0.99,641,2027-01-09
2026-12-19,wk inc flu hosp,3,09,quantile,0.01,76,2027-01-09
2026-12-19,wk inc flu hosp,3,09,quantile,0.025,89,2027-01-09
2026-12-19,wk inc flu hosp,3,09,quantile,0.05,94,2027-01-09
2026-12-19,wk inc flu hosp,3,09,quantile,0.1,121,2027-01-09
2026-12-19,wk inc flu hosp,3,09,quantile,0.15,135,2027-01-09
2026-12-19,wk inc flu hosp,3,09,quantile,0.2,145,2027-01-09
2026-12-19,wk inc flu hosp,3,09,quantile,0.25,156,2027-01-09
2026-12-19,wk inc flu hosp,3,09,quantile,0.3,167,2027-01-09
2026-12-19,wk inc flu hosp,3,09,quantile,0.35,175,2027-01-09
2026-12-19,wk inc flu hosp,3,09,quantile,0.4,185,2027-01-09
2026-12-19,wk inc flu hosp,3,09,quantile,0.45,189,2027-01-09
2026-12-19,wk inc flu hosp,3,09,quantile,0.5,200,2027-01-09
2026-12-19,wk inc flu hosp,3,09,quantile,0.55,208,2027-01-09
2026-12-19,wk inc flu hosp,3,09,quantile,0.6,216,2027-01-09
2026-12-19,wk inc flu hosp,3,09,quantile,0.65,226,2027-01-09
2026-12-19,wk inc flu hosp,3,09,quantile,0.7,245,2027-01-09
2026-12-19,wk inc flu hosp,3,09,quantile,0.75,255,2027-01-09
2026-12-19,wk inc flu hosp,3,09,quantile,0.8,264,2027-01-09
2026-12-19,wk inc flu hosp,3,09,quantile,0.85,290,2027-01-09
2026-12-19,wk inc flu hosp,3,09,quantile,0.9,334,2027-01-09
2026-12-19,wk inc flu hosp,3,09,quantile,0.95,382,2027-01-09
2026-12-19,wk inc flu hosp,3,09,quantile,0.975,435,2027-01-09
2026-12-19,wk inc flu hosp,3,09,quantile,0.99,476,2027-01-09
2026-12-19,wk inc flu hosp,3,10,quantile,0.01,18,2027-01-09
2026-12-19,wk inc flu hosp,3,10,quantile,0.025,19,2027-01-09
2026-12-19,wk inc flu hosp,3,10,quantile,0.05,22,2027-01-09
2026-12-19,wk inc flu hosp,3,10,quantile,0.1,28,2027-01-09
2026-12-19,wk inc flu hosp,3,10,quantile,0.15,31,2027-01-09
2026-12-19,wk inc flu hosp,3,10,quantile,0.2,33,2027-01-09
2026-12-19,wk inc flu hosp,3,10,quantile,0.25,35,2027-01-09
2026-12-19,wk inc flu hosp,3,10,quantile,0.3,36,2027-01-09
2026-12-19,wk inc flu hosp,3,10,quantile,0.35,37,2027-01-09
2026-12-19,wk inc flu hosp,3,10,quantile,0.4,40,2027-01-09
2026-12-19,wk inc flu hosp,3,10,quantile,0.45,42,2027-01-09
2026-12-19,wk inc flu hosp,3,10,quantile,0.5,46,2027-01-09
2026-12-19,wk inc flu hosp,3,10,quantile,0.55,48,2027-01-09
2026-12-19,wk inc flu hosp,3,10,quantile,0.6,51,2027-01-09
2026-12-19,wk inc flu hosp,3,10,quantile,0.65,54,2027-01-09
2026-12-19,wk inc flu hosp,3,10,quantile,0.7,58,2027-01-09
2026-12-19,wk inc flu hosp,3,10,quantile,0.75,62,2027-01-09
2026-12-19,wk inc flu hosp,3,10,quantile,0.8,65,2027-01-09
2026-12-19,wk inc flu hosp,3,10,quantile,0.85,69,2027-01-09
2026-12-19,wk inc flu hosp,3,10,quantile,0.9,76,2027-01-09
2026-12-19,wk inc flu hosp,3,10,quantile,0.95,91,2027-01-09
2026-12-19,wk inc flu hosp,3,10,quantile,0.975,96,2027-01-09
2026-12-19,wk inc flu hosp,3,10,quantile,0.99,100,2027-01-09
2026-12-19,wk inc flu hosp,3,11,quantile,0.01,7,2027-01-09
2026-12-19,wk inc flu hosp,3,11,quantile,0.025,10,2027-01-09
2026-12-19,wk inc flu hosp,3,11,quantile,0.05,11,2027-01-09
2026-12-19,wk inc flu hosp,3,11,quantile,0.1,13,2027-01-09
2026-12-19,wk inc flu hosp,3,11,quantile,0.15,18,2027-01-09
2026-12-19,wk inc flu hosp,3,11,quantile,0.2,21,2027-01-09
2026-12-19,wk inc flu hosp,3,11,quantile,0.25,24,2027-01-09
2026-12-19,wk inc flu hosp,3,11,quantile,0.3,25,2027-01-09
2026-12-19,wk inc flu hosp,3,11,quantile,0.35,27,2027-01-09
2026-12-19,wk inc flu hosp,3,11,quantile,0.4,28,2027-01-09
2026-12-19,wk inc flu hosp,3,11,quantile,0.45,30,2027-01-09
2026-12-19,wk inc flu hosp,3,11,quantile,0.5,33,2027-01-09
2026-12-19,wk inc flu hosp,3,11,quantile,0.55,36,2027-01-09
2026-12-19,wk inc flu hosp,3,11,quantile,0.6,39,2027-01-09
2026-12-19,wk inc flu hosp,3,11,quantile,0.65,43,2027-01-09
2026-12-19,wk inc flu hosp,3,11,quantile,0.7,48,2027-01-09
2026-12-19,wk inc flu hosp,3,11,quantile,0.75,52,2027-01-09
2026-12-19,wk inc flu hosp,3,11,quantile,0.8,59,2027-01-09
2026-12-19,wk inc flu hosp,3,11,quantile,0.85,65,2027-01-09
2026-12-19,wk inc flu hosp,3,11,quantile,0.9,78,2027-01-09
2026-12-19,wk inc flu hosp,3,11,quantile,0.95,99,2027-01-09
2026-12-19,wk inc flu hosp,3,11,quantile,0.975,112,2027-01-09
2026-12-19,wk inc flu hosp,3,11,quantile,0.99,137,2027-01-09
2026-12-19,wk inc flu hosp,3,12,quantile,0.01,339,2027-01-09
2026-12-19,wk inc flu hosp,3,12,quantile,0.025,432,2027-01-09
2026-12-19,wk inc flu hosp,3,12,quantile,0.05,475,2027-01-09
2026-12-19,wk inc flu hosp,3,12,quantile,0.1,530,2027-01-09
2026-12-19,wk inc flu hosp,3,12,quantile,0.15,561,2027-01-09
2026-12-19,wk inc flu hosp,3,12,quantile,0.2,601,2027-01-09
2026-12-19,wk inc flu hosp,3,12,quantile,0.25,626,2027-01-09
2026-12-19,wk inc flu hosp,3,12,quantile,0.3,646,2027-01-09
2026-12-19,wk inc flu hosp,3,12,quantile,0.35,661,2027-01-09
2026-12-19,wk inc flu hosp,3,12,quantile,0.4,680,2027-01-09
2026-12-19,wk inc flu hosp,3,12,quantile,0.45,713,2027-01-09
2026-12-19,wk inc flu hosp,3,12,quantile,0.5,742,2027-01-09
2026-12-19,wk inc flu hosp,3,12,quantile,0.55,792,2027-01-09
2026-12-19,wk inc flu hosp,3,12,quantile,0.6,814,2027-01-09
2026-12-19,wk inc flu hosp,3,12,quantile,0.65,829,2027-01-09
2026-12-19,wk inc flu hosp,3,12,quantile,0.7,850,2027-01-09
2026-12-19,wk inc flu hosp,3,12,quantile,0.75,915,2027-01-09
2026-12-19,wk inc flu hosp,3,12,quantile,0.8,961,2027-01-09
2026-12-19,wk inc flu hosp,3,12,quantile,0.85,1014,2027-01-09
2026-12-19,wk inc flu hosp,3,12,quantile,0.9,1065,2027-01-09
2026-12-19,wk inc flu hosp,3,12,quantile,0.95,1287,2027-01-09
2026-12-19,wk inc flu hosp,3,12,quantile,0.975,1307,2027-01-09
2026-12-19,wk inc flu hosp,3,12,quantile,0.99,1582,2027-01-09
2026-12-19,wk inc flu hosp,3,13,quantile,0.01,192,2027-01-09
2026-12-19,wk inc flu hosp,3,13,quantile,0.025,199,2027-01-09
2026-12-19,wk inc flu hosp,3,13,quantile,0.05,254,2027-01-09
2026-12-19,wk inc flu hosp,3,13,quantile,0.1,292,2027-01-09
2026-12-19,wk inc flu hosp,3,13,quantile,0.15,308,2027-01-09
2026-12-19,wk inc flu hosp,3,13,quantile,0.2,330,2027-01-09
2026-12-19,wk inc flu hosp,3,13,quantile,0.25,370,2027-01-09
2026-12-19,wk inc flu hosp,3,13,quantile,0.3,394,2027-01-09
2026-12-19,wk inc flu hosp,3,13,quantile,0.35,414,2027-01-09
2026-12-19,wk inc flu hosp,3,13,quantile,0.4,439,2027-01-09
2026-12-19,wk inc flu hosp,3,13,quantile,0.45,455,2027-01-09
2026-12-19,wk inc flu hosp,3,13,quantile,0.5,466,2027-01-09
2026-12-19,wk inc flu hosp,3,13,quantile,0.55,480,2027-01-09
2026-12-19,wk inc flu hosp,3,13,quantile,0.6,499,2027-01-09
2026-12-19,wk inc flu hosp,3,13,quantile,0.65,514,2027-01-09
2026-12-19,wk inc flu hosp,3,13,quantile,0.7,533,2027-01-09
2026-12-19,wk inc flu hosp,3,13,quantile,0.75,556,2027-01-09
2026-12-19,wk inc flu hosp,3,13,quantile,0.8,571,2027-01-09
2026-12-19,wk inc flu hosp,3,13,quantile,0.85,602,2027-01-09
2026-12-19,wk inc flu hosp,3,13,quantile,0.9,632,2027-01-09
2026-12-19,wk inc flu hosp,3,13,quantile,0.95,672,2027-01-09
2026-12-19,wk inc flu hosp,3,13,quantile,0.975,702,2027-01-09
2026-12-19,wk inc flu hosp,3,13,quantile,0.99,831,2027-01-09
2026-12-19,wk inc flu hosp,3,15,quantile,0.01,9,2027-01-09
2026-12-19,wk inc flu hosp,3,15,quantile,0.025,10,2027-01-09
2026-12-19,wk inc flu hosp,3,15,quantile,0.05,11,2027-01-09
2026-12-19,wk inc flu hosp,3,15,quantile,0.1,14,2027-01-09
2026-12-19,wk inc flu hosp,3,15,quantile,0.15,17,2027-01-09
2026-12-19,wk inc flu hosp,3,15,quantile,0.2,20,2027-01-09
2026-12-19,wk inc flu hosp,3,15,quantile,0.25,21,2027-01-09
2026-12-19,wk inc flu hosp,3,15,quantile,0.3,23,2027-01-09
2026-12-19,wk inc flu hosp,3,15,quantile,0.35,25,2027-01-09
2026-12-19,wk inc flu hosp,3,15,quantile,0.4,27,2027-01-09
2026-12-19,wk inc flu hosp,3,15,quantile,0.45,29,2027-01-09
2026-12-19,wk inc flu hosp,3,15,quantile,0.5,30,2027-01-09
2026-12-19,wk inc flu hosp,3,15,quantile,0.55,33,2027-01-09
2026-12-19,wk inc flu hosp,3,15,quantile,0.6,35,2027-01-09
2026-12-19,wk inc flu hosp,3,15,quantile,0.65,37,2027-01-09
2026-12-19,wk inc flu hosp,3,15,quantile,0.7,39,2027-01-09
2026-12-19,wk inc flu hosp,3,15,quantile,0.75,42,2027-01-09
2026-12-19,wk inc flu hosp,3,15,quantile,0.8,46,2027-01-09
2026-12-19,wk inc flu hosp,3,15,quantile,0.85,50,2027-01-09
2026-12-19,wk inc flu hosp,3,15,quantile,0.9,55,2027-01-09
2026-12-19,wk inc flu hosp,3,15,quantile,0.95,64,2027-01-09
2026-12-19,wk inc flu hosp,3,15,quantile,0.975,81,2027-01-09
2026-12-19,wk inc flu hosp,3,15,quantile,0.99,85,2027-01-09
2026-12-19,wk inc flu hosp,3,16,quantile,0.01,30,2027-01-09
2026-12-19,wk inc flu hosp,3,16,quantile,0.025,31,2027-01-09
2026-12-19,wk inc flu hosp,3,16,quantile,0.05,33,2027-01-09
2026-12-19,wk inc flu hosp,3,16,quantile,0.1,41,2027-01-09
2026-12-19,wk inc flu hosp,3,16,quantile,0.15,47,2027-01-09
2026-12-19,wk inc flu hosp,3,16,quantile,0.2,54,2027-01-09
2026-12-19,wk inc flu hosp,3,16,quantile,0.25,58,2027-01-09
2026-12-19,wk inc flu hosp,3,16,quantile,0.3,61,2027-01-09
2026-12-19,wk inc flu hosp,3,16,quantile,0.35,64,2027-01-09
2026-12-19,wk inc flu hosp,3,16,quantile,0.4,67,2027-01-09
2026-12-19,wk inc flu hosp,3,16,quantile,0.45,70,2027-01-09
2026-12-19,wk inc flu hosp,3,16,quantile,0.5,75,2027-01-09
2026-12-19,wk inc flu hosp,3,16,quantile,0.55,79,2027-01-09
2026-12-19,wk inc flu hosp,3,16,quantile,0.6,84,2027-01-09
2026-12-19,wk inc flu hosp,3,16,quantile,0.65,87,2027-01-09
2026-12-19,wk inc flu hosp,3,16,quantile,0.7,93,2027-01-09
2026-12-19,wk inc flu hosp,3,16,quantile,0.75,96,2027-01-09
2026-12-19,wk inc flu hosp,3,16,quantile,0.8,103,2027-01-09
2026-12-19,wk inc flu hosp,3,16,quantile,0.85,111,2027-01-09
2026-12-19,wk inc flu hosp,3,16,quantile,0.9,119,2027-01-09
2026-12-19,wk inc flu hosp,3,16,quantile,0.95,145,2027-01-09
2026-12-19,wk inc flu hosp,3,16,quantile,0.975,153,2027-01-09
2026-12-19,wk inc flu hosp,3,16,quantile,0.99,167,2027-01-09
2026-12-19,wk inc flu hosp,3,17,quantile,0.01,220,2027-01-09
2026-12-19,wk inc flu hosp,3,17,quantile,0.025,243,2027-01-09
2026-12-19,wk inc flu hosp,3,17,quantile,0.05,259,2027-01-09
2026-12-19,wk inc flu hosp,3,17,quantile,0.1,292,2027-01-09
2026-12-19,wk inc flu hosp,3,17,quantile,0.15,311,2027-01-09
2026-12-19,wk inc flu hosp,3,17,quantile,0.2,326,2027-01-09
2026-12-19,wk inc flu hosp,3,17,quantile,0.25,348,2027-01-09
2026-12-19,wk inc flu hosp,3,17,quantile,0.3,362,2027-01-09
2026-12-19,wk inc flu hosp,3,17,quantile,0.35,375,2027-01-09
2026-12-19,wk inc flu hosp,3,17,quantile,0.4,391,2027-01-09
2026-12-19,wk inc flu hosp,3,17,quantile,0.45,407,2027-01-09
2026-12-19,wk inc flu hosp,3,17,quantile,0.5,428,2027-01-09
2026-12-19,wk inc flu hosp,3,17,quantile,0.55,438,2027-01-09
2026-12-19,wk inc flu hosp,3,17,quantile,0.6,455,2027-01-09
2026-12-19,wk inc flu hosp,3,17,quantile,0.65,484,2027-01-09
2026-12-19,wk inc flu hosp,3,17,quantile,0.7,496,2027-01-09
2026-12-19,wk inc flu hosp,3,17,quantile,0.75,514,2027-01-09
2026-12-19,wk inc flu hosp,3,17,quantile,0.8,540,2027-01-09
2026-12-19,wk inc flu hosp,3,17,quantile,0.85,561,2027-01-09
2026-12-19,wk inc flu hosp,3,17,quantile,0.9,600,2027-01-09
2026-12-19,wk inc flu hosp,3,17,quantile,0.95,686,2027-01-09
2026-12-19,wk inc flu hosp,3,17,quantile,0.975,799,2027-01-09
2026-12-19,wk inc flu hosp,3,17,quantile,0.99,853,2027-01-09
2026-12-19,wk inc flu hosp,3,18,quantile,0.01,128,2027-01-09
2026-12-19,wk inc flu hosp,3,18,quantile,0.025,134,2027-01-09
2026-12-19,wk inc flu hosp,3,18,quantile,0.05,139,2027-01-09
2026-12-19,wk inc flu hosp,3,18,quantile,0.1,151,2027-01-09
2026-12-19,wk inc flu hosp,3,18,quantile,0.15,156,2027-01-09
2026-12-19,wk inc flu hosp,3,18,quantile,0.2,172,2027-01-09
2026-12-19,wk inc flu hosp,3,18,quantile,0.25,186,2027-01-09
2026-12-19,wk inc flu hosp,3,18,quantile,0.3,195,2027-01-09
2026-12-19,wk inc flu hosp,3,18,quantile,0.35,204,2027-01-09
2026-12-19,wk inc flu hosp,3,18,quantile,0.4,216,2027-01-09
2026-12-19,wk inc flu hosp,3,18,quantile,0.45,224,2027-01-09
2026-12-19,wk inc flu hosp,3,18,quantile,0.5,229,2027-01-09
2026-12-19,wk inc flu hosp,3,18,quantile,0.55,238,2027-01-09
2026-12-19,wk inc flu hosp,3,18,quantile,0.6,247,2027-01-09
2026-12-19,wk inc flu hosp,3,18,quantile,0.65,258,2027-01-09
2026-12-19,wk inc flu hosp,3,18,quantile,0.7,266,2027-01-09
2026-12-19,wk inc flu hosp,3,18,quantile,0.75,283,2027-01-09
2026-12-19,wk inc flu hosp,3,18,quantile,0.8,302,2027-01-09
2026-12-19,wk inc flu hosp,3,18,quantile,0.85,315,2027-01-09
2026-12-19,wk inc flu hosp,3,18,quantile,0.9,352,2027-01-09
2026-12-19,wk inc flu hosp,3,18,quantile,0.95,409,2027-01-09
2026-12-19,wk inc flu hosp,3,18,quantile,0.975,473,2027-01-09
2026-12-19,wk inc flu hosp,3,18,quantile,0.99,604,2027-01-09
2026-12-19,wk inc flu hosp,3,19,quantile,0.01,22,2027-01-09
2026-12-19,wk inc flu hosp,3,19,quantile,0.025,26,2027-01-09
2026-12-19,wk inc flu hosp,3,19,quantile,0.05,29,2027-01-09
2026-12-19,wk inc flu hosp,3,19,quantile,0.1,36,2027-01-09
2026-12-19,wk inc flu hosp,3,19,quantile,0.15,41,2027-01-09
2026-12-19,wk inc flu hosp,3,19,quantile,0.2,45,2027-01-09
2026-12-19,wk inc flu hosp,3,19,quantile,0.25,49,2027-01-09
2026-12-19,wk inc flu hosp,3,19,quantile,0.3,53,2027-01-09
2026-12-19,wk inc flu hosp,3,19,quantile,0.35,56,2027-01-09
2026-12-19,wk inc flu hosp,3,19,quantile,0.4,59,2027-01-09
2026-12-19,wk inc flu hosp,3,19,quantile,0.45,62,2027-01-09
2026-12-19,wk inc flu hosp,3,19,quantile,0.5,64,2027-01-09
2026-12-19,wk inc flu hosp,3,19,quantile,0.55,66,2027-01-09
2026-12-19,wk inc flu hosp,3,19,quantile,0.6,70,2027-01-09
2026-12-19,wk inc flu hosp,3,19,quantile,0.65,73,2027-01-09
2026-12-19,wk inc flu hosp,3,19,quantile,0.7,76,2027-01-09
2026-12-19,wk inc flu hosp,3,19,quantile,0.75,80,2027-01-09
2026-12-19,wk inc flu hosp,3,19,quantile,0.8,85,2027-01-09
2026-12-19,wk inc flu hosp,3,19,quantile,0.85,88,2027-01-09
2026-12-19,wk inc flu hosp,3,19,quantile,0.9,106,2027-01-09
2026-12-19,wk inc flu hosp,3,19,quantile,0.95,125,2027-01-09
2026-12-19,wk inc flu hosp,3,19,quantile,0.975,141,2027-01-09
2026-12-19,wk inc flu hosp,3,19,quantile,0.99,177,2027-01-09
2026-12-19,wk inc flu hosp,3,20,quantile,0.01,24,2027-01-09
2026-12-19,wk inc flu hosp,3,20,quantile,0.025,27,2027-01-09
2026-12-19,wk inc flu hosp,3,20,quantile,0.05,31,2027-01-09
2026-12-19,wk inc flu hosp,3,20,quantile,0.1,45,2027-01-09
2026-12-19,wk inc flu hosp,3,20,quantile,0.15,51,2027-01-09
2026-12-19,wk inc flu hosp,3,20,quantile,0.2,54,2027-01-09
2026-12-19,wk inc flu hosp,3,20,quantile,0.25,58,2027-01-09
2026-12-19,wk inc flu hosp,3,20,quantile,0.3,63,2027-01-09
2026-12-19,wk inc flu hosp,3,20,quantile,0.35,66,2027-01-09
2026-12-19,wk inc flu hosp,3,20,quantile,0.4,68,2027-01-09
2026-12-19,wk inc flu hosp,3,20,quantile,0.45,75,2027-01-09
2026-12-19,wk inc flu hosp,3,20,quantile,0.5,79,2027-01-09
2026-12-19,wk inc flu hosp,3,20,quantile,0.55,85,2027-01-09
2026-12-19,wk inc flu hosp,3,20,quantile,0.6,90,2027-01-09
2026-12-19,wk inc flu hosp,3,20,quantile,0.65,97,2027-01-09
2026-12-19,wk inc flu hosp,3,20,quantile,0.7,106,2027-01-09
2026-12-19,wk inc flu hosp,3,20,quantile,0.75,116,2027-01-09
2026-12-19,wk inc flu hosp,3,20,quantile,0.8,121,2027-01-09
2026-12-19,wk inc flu hosp,3,20,quantile,0.85,143,2027-01-09
2026-12-19,wk inc flu hosp,3,20,quantile,0.9,158,2027-01-09
2026-12-19,wk inc flu hosp,3,20,quantile,0.95,185,2027-01-09
2026-12-19,wk inc flu hosp,3,20,quantile,0.975,233,2027-01-09
2026-12-19,wk inc flu hosp,3,20,quantile,0.99,245,2027-01-09
2026-12-19,wk inc flu hosp,3,21,quantile,0.01,77,2027-01-09
2026-12-19,wk inc flu hosp,3,21,quantile,0.025,89,2027-01-09
2026-12-19,wk inc flu hosp,3,21,quantile,0.05,95,2027-01-09
2026-12-19,wk inc flu hosp,3,21,quantile,0.1,105,2027-01-09
2026-12-19,wk inc flu hosp,3,21,quantile,0.15,113,2027-01-09
2026-12-19,wk inc flu hosp,3,21,quantile,0.2,119,2027-01-09
2026-12-19,wk inc flu hosp,3,21,quantile,0.25,125,2027-01-09
2026-12-19,wk inc flu hosp,3,21,quantile,0.3,135,2027-01-09
2026-12-19,wk inc flu hosp,3,21,quantile,0.35,143,2027-01-09
2026-12-19,wk inc flu hosp,3,21,quantile,0.4,151,2027-01-09
2026-12-19,wk inc flu hosp,3,21,quantile,0.45,159,2027-01-09
2026-12-19,wk inc flu hosp,3,21,quantile,0.5,168,2027-01-09
2026-12-19,wk inc flu hosp,3,21,quantile,0.55,177,2027-01-09
2026-12-19,wk inc flu hosp,3,21,quantile,0.6,185,2027-01-09
2026-12-19,wk inc flu hosp,3,21,quantile,0.65,192,2027-01-09
2026-12-19,wk inc flu hosp,3,21,quantile,0.7,199,2027-01-09
2026-12-19,wk inc flu hosp,3,21,quantile,0.75,208,2027-01-09
2026-12-19,wk inc flu hosp,3,21,quantile,0.8,224,2027-01-09
2026-12-19,wk inc flu hosp,3,21,quantile,0.85,241,2027-01-09
2026-12-19,wk inc flu hosp,3,21,quantile,0.9,251,2027-01-09
2026-12-19,wk inc flu hosp,3,21,quantile,0.95,296,2027-01-09
2026-12-19,wk inc flu hosp,3,21,quantile,0.975,326,2027-01-09
2026-12-19,wk inc flu hosp,3,21,quantile,0.99,378,2027-01-09
2026-12-19,wk inc flu hosp,3,22,quantile,0.01,98,2027-01-09
2026-12-19,wk inc flu hosp,3,22,quantile,0.025,110,2027-01-09
2026-12-19,wk inc flu hosp,3,22,quantile,0.05,121,2027-01-09
2026-12-19,wk inc flu hosp,3,22,quantile,0.1,135,2027-01-09
2026-12-19,wk inc flu hosp,3,22,quantile,0.15,152,2027-01-09
2026-12-19,wk inc flu hosp,3,22,quantile,0.2,161,2027-01-09
2026-12-19,wk inc flu hosp,3,22,quantile,0.25,174,2027-01-09
2026-12-19,wk inc flu hosp,3,22,quantile,0.3,190,2027-01-09
2026-12-19,wk inc flu hosp,3,22,quantile,0.35,201,2027-01-09
2026-12-19,wk inc flu hosp,3,22,quantile,0.4,206,2027-01-09
2026-12-19,wk inc flu hosp,3,22,quantile,0.45,221,2027-01-09
2026-12-19,wk inc flu hosp,3,22,quantile,0.5,240,2027-01-09
2026-12-19,wk inc flu hosp,3,22,quantile,0.55,252,2027-01-09
2026-12-19,wk inc flu hosp,3,22,quantile,0.6,261,2027-01-09
2026-12-19,wk inc flu hosp,3,22,quantile,0.65,277,2027-01-09
2026-12-19,wk inc flu hosp,3,22,quantile,0.7,291,2027-01-09
2026-12-19,wk inc flu hosp,3,22,quantile,0.75,308,2027-01-09
2026-12-19,wk inc flu hosp,3,22,quantile,0.8,324,2027-01-09
2026-12-19,wk inc flu hosp,3,22,quantile,0.85,346,2027-01-09
2026-12-19,wk inc flu hosp,3,22,quantile,0.9,386,2027-01-09
2026-12-19,wk inc flu hosp,3,22,quantile,0.95,430,2027-01-09
2026-12-19,wk inc flu hosp,3,22,quantile,0.975,470,2027-01-09
2026-12-19,wk inc flu hosp,3,22,quantile,0.99,519,2027-01-09
2026-12-19,wk inc flu hosp,3,23,quantile,0.01,19,2027-01-09
2026-12-19,wk inc flu hosp,3,23,quantile,0.025,23,2027-01-09
2026-12-19,wk inc flu hosp,3,23,quantile,0.05,28,2027-01-09
2026-12-19,wk inc flu hosp,3,23,quantile,0.1,34,2027-01-09
2026-12-19,wk inc flu hosp,3,23,quantile,0.15,39,2027-01-09
2026-12-19,wk inc flu hosp,3,23,quantile,0.2,41,2027-01-09
2026-12-19,wk inc flu hosp,3,23,quantile,0.25,44,2027-01-09
2026-12-19,wk inc flu hosp,3,23,quantile,0.3,47,2027-01-09
2026-12-19,wk inc flu hosp,3,23,quantile,0.35,51,2027-01-09
2026-12-19,wk inc flu hosp,3,23,quantile,0.4,53,2027-01-09
2026-12-19,wk inc flu hosp,3,23,quantile,0.45,56,2027-01-09
2026-12-19,wk inc flu hosp,3,23,quantile,0.5,62,2027-01-09
2026-12-19,wk inc flu hosp,3,23,quantile,0.55,65,2027-01-09
2026-12-19,wk inc flu hosp,3,23,quantile,0.6,67,2027-01-09
2026-12-19,wk inc flu hosp,3,23,quantile,0.65,69,2027-01-09
2026-12-19,wk inc flu hosp,3,23,quantile,0.7,73,2027-01-09
2026-12-19,wk inc flu hosp,3,23,quantile,0.75,75,2027-01-09
2026-12-19,wk inc flu hosp,3,23,quantile,0.8,79,2027-01-09
2026-12-19,wk inc flu hosp,3,23,quantile,0.85,82,2027-01-09
2026-12-19,wk inc flu hosp,3,23,quantile,0.9,93,2027-01-09
2026-12-19,wk inc flu hosp,3,23,quantile,0.95,102,2027-01-09
2026-12-19,wk inc flu hosp,3,23,quantile,0.975,120,2027-01-09
2026-12-19,wk inc flu hosp,3,23,quantile,0.99,149,2027-01-09
2026-12-19,wk inc flu hosp,3,24,quantile,0.01,81,2027-01-09
2026-12-19,wk inc flu hosp,3,24,quantile,0.025,88,2027-01-09
2026-12-19,wk inc flu hosp,3,24,quantile,0.05,99,2027-01-09
2026-12-19,wk inc flu hosp,3,24,quantile,0.1,109,2027-01-09
2026-12-19,wk inc flu hosp,3,24,quantile,0.15,123,2027-01-09
2026-12-19,wk inc flu hosp,3,24,quantile,0.2,129,2027-01-09
2026-12-19,wk inc flu hosp,3,24,quantile,0.25,137,2027-01-09
2026-12-19,wk inc flu hosp,3,24,quantile,0.3,145,2027-01-09
2026-12-19,wk inc flu hosp,3,24,quantile,0.35,159,2027-01-09
2026-12-19,wk inc flu hosp,3,24,quantile,0.4,171,2027-01-09
2026-12-19,wk inc flu hosp,3,24,quantile,0.45,179,2027-01-09
2026-12-19,wk inc flu hosp,3,24,quantile,0.5,186,2027-01-09
2026-12-19,wk inc flu hosp,3,24,quantile,0.55,192,2027-01-09
2026-12-19,wk inc flu hosp,3,24,quantile,0.6,211,2027-01-09
2026-12-19,wk inc flu hosp,3,24,quantile,0.65,221,2027-01-09
2026-12-19,wk inc flu hosp,3,24,quantile,0.7,244,2027-01-09
2026-12-19,wk inc flu hosp,3,24,quantile,0.75,252,2027-01-09
2026-12-19,wk inc flu hosp,3,24,quantile,0.8,271,2027-01-09
2026-12-19,wk inc flu hosp,3,24,quantile,0.85,301,2027-01-09
2026-12-19,wk inc flu hosp,3,24,quantile,0.9,335,2027-01-09
2026-12-19,wk inc flu hosp,3,24,quantile,0.95,393,2027-01-09
2026-12-19,wk inc flu hosp,3,24,quantile,0.975,439,2027-01-09
2026-12-19,wk inc flu hosp,3,24,quantile,0.99,617,2027-01-09
2026-12-19,wk inc flu hosp,3,25,quantile,0.01,150,2027-01-09
2026-12-19,wk inc flu hosp,3,25,quantile,0.025,156,2027-01-09
2026-12-19,wk inc flu hosp,3,25,quantile,0.05,173,2027-01-09
2026-12-19,wk inc flu hosp,3,25,quantile,0.1,197,2027-01-09
2026-12-19,wk inc flu hosp,3,25,quantile,0.15,219,2027-01-09
2026-12-19,wk inc flu hosp,3,25,quantile,0.2,237,2027-01-09
2026-12-19,wk inc flu hosp,3,25,quantile,0.25,256,2027-01-09
2026-12-19,wk inc flu hosp,3,25,quantile,0.3,266,2027-01-09
2026-12-19,wk inc flu hosp,3,25,quantile,0.35,276,2027-01-09
2026-12-19,wk inc flu hosp,3,25,quantile,0.4,285,2027-01-09
2026-12-19,wk inc flu hosp,3,25,quantile,0.45,297,2027-01-09
2026-12-19,wk inc flu hosp,3,25,quantile,0.5,326,2027-01-09
2026-12-19,wk inc flu hosp,3,25,quantile,0.55,335,2027-01-09
2026-12-19,wk inc flu hosp,3,25,quantile,0.6,358,2027-01-09
2026-12-19,wk inc flu hosp,3,25,quantile,0.65,382,2027-01-09
2026-12-19,wk inc flu hosp,3,25,quantile,0.7,409,2027-01-09
2026-12-19,wk inc flu hosp,3,25,quantile,0.75,454,2027-01-09
2026-12-19,wk inc flu hosp,3,25,quantile,0.8,483,2027-01-09
2026-12-19,wk inc flu hosp,3,25,quantile,0.85,521,2027-01-09
2026-12-19,wk inc flu hosp,3,25,quantile,0.9,565,2027-01-09
2026-12-19,wk inc flu hosp,3,25,quantile,0.95,633,2027-01-09
2026-12-19,wk inc flu hosp,3,25,quantile,0.975,682,2027-01-09
2026-12-19,wk inc flu hosp,3,25,quantile,0.99,791,2027-01-09
2026-12-19,wk inc flu hosp,3,26,quantile,0.01,133,2027-01-09
2026-12-19,wk inc flu hosp,3,26,quantile,0.025,142,2027-01-09
2026-12-19,wk inc flu hosp,3,26,quantile,0.05,152,2027-01-09
2026-12-19,wk inc flu hosp,3,26,quantile,0.1,176,2027-01-09
2026-12-19,wk inc flu hosp,3,26,quantile,0.15,215,2027-01-09
2026-12-19,wk inc flu hosp,3,26,quantile,0.2,233,2027-01-09
2026-12-19,wk inc flu hosp,3,26,quantile,0.25,247,2027-01-09
2026-12-19,wk inc flu hosp,3,26,quantile,0.3,252,2027-01-09
2026-12-19,wk inc flu hosp,3,26,quantile,0.35,263,2027-01-09
2026-12-19,wk inc flu hosp,3,26,quantile,0.4,280,2027-01-09
2026-12-19,wk inc flu hosp,3,26,quantile,0.45,292,2027-01-09
2026-12-19,wk inc flu hosp,3,26,quantile,0.5,307,2027-01-09
2026-12-19,wk inc flu hosp,3,26,quantile,0.55,313,2027-01-09
2026-12-19,wk inc flu hosp,3,26,quantile,0.6,324,2027-01-09
2026-12-19,wk inc flu hosp,3,26,quantile,0.65,339,2027-01-09
2026-12-19,wk inc flu hosp,3,26,quantile,0.7,355,2027-01-09
2026-12-19,wk inc flu hosp,3,26,quantile,0.75,367,2027-01-09
2026-12-19,wk inc flu hosp,3,26,quantile,0.8,391,2027-01-09
2026-12-19,wk inc flu hosp,3,26,quantile,0.85,421,2027-01-09
2026-12-19,wk inc flu hosp,3,26,quantile,0.9,461,2027-01-09
2026-12-19,wk inc flu hosp,3,26,quantile,0.95,538,2027-01-09
2026-12-19,wk inc flu hosp,3,26,quantile,0.975,577,2027-01-09
2026-12-19,wk inc flu hosp,3,26,quantile,0.99,617,2027-01-09
2026-12-19,wk inc flu hosp,3,27,quantile,0.01,123,2027-01-09
2026-12-19,wk inc flu hosp,3,27,quantile,0.025,149,2027-01-09
2026-12-19,wk inc flu hosp,3,27,quantile,0.05,159,2027-01-09
2026-12-19,wk inc flu hosp,3,27,quantile,0.1,183,2027-01-09
2026-12-19,wk inc flu hosp,3,27,quantile,0.15,207,2027-01-09
2026-12-19,wk inc flu hosp,3,27,quantile,0.2,219,2027-01-09
2026-12-19,wk inc flu hosp,3,27,quantile,0.25,228,2027-01-09
2026-12-19,wk inc flu hosp,3,27,quantile,0.3,239,2027-01-09
2026-12-19,wk inc flu hosp,3,27,quantile,0.35,266,2027-01-09
2026-12-19,wk inc flu hosp,3,27,quantile,0.4,273,2027-01-09
2026-12-19,wk inc flu hosp,3,27,quantile,0.45,291,2027-01-09
2026-12-19,wk inc flu hosp,3,27,quantile,0.5,300,2027-01-09
2026-12-19,wk inc flu hosp,3,27,quantile,0.55,314,2027-01-09
2026-12-19,wk inc flu hosp,3,27,quantile,0.6,325,2027-01-09
2026-12-19,wk inc flu hosp,3,27,quantile,0.65,339,2027-01-09
2026-12-19,wk inc flu hosp,3,27,quantile,0.7,364,2027-01-09
2026-12-19,wk inc flu hosp,3,27,quantile,0.75,381,2027-01-09
2026-12-19,wk inc flu hosp,3,27,quantile,0.8,416,2027-01-09
2026-12-19,wk inc flu hosp,3,27,quantile,0.85,436,2027-01-09
2026-12-19,wk inc flu hosp,3,27,quantile,0.9,464,2027-01-09
2026-12-19,wk inc flu hosp,3,27,quantile,0.95,550,2027-01-09
2026-12-19,wk inc flu hosp,3,27,quantile,0.975,602,2027-01-09
2026-12-19,wk inc flu hosp,3,27,quantile,0.99,630,2027-01-09
2026-12-19,wk inc flu hosp,3,28,quantile,0.01,39,2027-01-09
2026-12-19,wk inc flu hosp,3,28,quantile,0.025,43,2027-01-09
2026-12-19,wk inc flu hosp,3,28,quantile,0.05,49,2027-01-09
2026-12-19,wk inc flu hosp,3,28,quantile,0.1,57,2027-01-09
2026-12-19,wk inc flu hosp,3,28,quantile,0.15,63,2027-01-09
2026-12-19,wk inc flu hosp,3,28,quantile,0.2,68,2027-01-09
2026-12-19,wk inc flu hosp,3,28,quantile,0.25,74,2027-01-09
2026-12-19,wk inc flu hosp,3,28,quantile,0.3,83,2027-01-09
2026-12-19,wk inc flu hosp,3,28,quantile,0.35,89,2027-01-09
2026-12-19,wk inc flu hosp,3,28,quantile,0.4,92,2027-01-09
2026-12-19,wk inc flu hosp,3,28,quantile,0.45,96,2027-01-09
2026-12-19,wk inc flu hosp,3,28,quantile,0.5,98,2027-01-09
2026-12-19,wk inc flu hosp,3,28,quantile,0.55,105,2027-01-09
2026-12-19,wk inc flu hosp,3,28,quantile,0.6,110,2027-01-09
2026-12-19,wk inc flu hosp,3,28,quantile,0.65,113,2027-01-09
2026-12-19,wk inc flu hosp,3,28,quantile,0.7,117,2027-01-09
2026-12-19,wk inc flu hosp,3,28,quantile,0.75,128,2027-01-09
2026-12-19,wk inc flu hosp,3,28,quantile,0.8,136,2027-01-09
2026-12-19,wk inc flu hosp,3,28,quantile,0.85,151,2027-01-09
2026-12-19,wk inc flu hosp,3,28,quantile,0.9,174,2027-01-09
2026-12-19,wk inc flu hosp,3,28,quantile,0.95,214,2027-01-09
2026-12-19,wk inc flu hosp,3,28,quantile,0.975,224,2027-01-09
2026-12-19,wk inc flu hosp,3,28,quantile,0.99,237,2027-01-09
2026-12-19,wk inc flu hosp,3,29,quantile,0.01,126,2027-01-09
2026-12-19,wk inc flu hosp,3,29,quantile,0.025,134,2027-01-09
2026-12-19,wk inc flu hosp,3,29,quantile,0.05,145,2027-01-09
2026-12-19,wk inc flu hosp,3,29,quantile,0.1,173,2027-01-09
2026-12-19,wk inc flu hosp,3,29,quantile,0.15,190,2027-01-09
2026-12-19,wk inc flu hosp,3,29,quantile,0.2,198,2027-01-09
2026-12-19,wk inc flu hosp,3,29,quantile,0.25,206,2027-01-09
2026-12-19,wk inc flu hosp,3,29,quantile,0.3,215,2027-01-09
2026-12-19,wk inc flu hosp,3,29,quantile,0.35,229,2027-01-09
2026-12-19,wk inc flu hosp,3,29,quantile,0.4,240,2027-01-09
2026-12-19,wk inc flu hosp,3,29,quantile,0.45,244,2027-01-09
2026-12-19,wk inc flu hosp,3,29,quantile,0.5,249,2027-01-09
2026-12-19,wk inc flu hosp,3,29,quantile,0.55,255,2027-01-09
2026-12-19,wk inc flu hosp,3,29,quantile,0.6,261,2027-01-09
2026-12-19,wk inc flu hosp,3,29,quantile,0.65,274,2027-01-09
2026-12-19,wk inc flu hosp,3,29,quantile,0.7,282,2027-01-09
2026-12-19,wk inc flu hosp,3,29,quantile,0.75,292,2027-01-09
2026-12-19,wk inc flu hosp,3,29,quantile,0.8,305,2027-01-09
2026-12-19,wk inc flu hosp,3,29,quantile,0.85,333,2027-01-09
2026-12-19,wk inc flu hosp,3,29,quantile,0.9,366,2027-01-09
2026-12-19,wk inc flu hosp,3,29,quantile,0.95,429,2027-01-09
2026-12-19,wk inc flu hosp,3,29,quantile,0.975,452,2027-01-09
2026-12-19,wk inc flu hosp,3,29,quantile,0.99,483,2027-01-09
2026-12-19,wk inc flu hosp,3,30,quantile,0.01,9,2027-01-09
2026-12-19,wk inc flu hosp,3,30,quantile,0.025,13,2027-01-09
2026-12-19,wk inc flu hosp,3,30,quantile,0.05,19,2027-01-09
2026-12-19,wk inc flu hosp,3,30,quantile,0.1,25,2027-01-09
2026-12-19,wk inc flu hosp,3,30,quantile,0.15,28,2027-01-09
2026-12-19,wk inc flu hosp,3,30,quantile,0.2,30,2027-01-09
2026-12-19,wk inc flu hosp,3,30,quantile,0.25,32,2027-01-09
2026-12-19,wk inc flu hosp,3,30,quantile,0.3,37,2027-01-09
2026-12-19,wk inc flu hosp,3,30,quantile,0.35,39,2027-01-09
2026-12-19,wk inc flu hosp,3,30,quantile,0.4,42,2027-01-09
2026-12-19,wk inc flu hosp,3,30,quantile,0.45,45,2027-01-09
2026-12-19,wk inc flu hosp,3,30,quantile,0.5,48,2027-01-09
2026-12-19,wk inc flu hosp,3,30,quantile,0.55,51,2027-01-09
2026-12-19,wk inc flu hosp,3,30,quantile,0.6,53,2027-01-09
2026-12-19,wk inc flu hosp,3,30,quantile,0.65,63,2027-01-09
2026-12-19,wk inc flu hosp,3,30,quantile,0.7,66,2027-01-09
2026-12-19,wk inc flu hosp,3,30,quantile,0.75,71,2027-01-09
2026-12-19,wk inc flu hosp,3,30,quantile,0.8,78,2027-01-09
2026-12-19,wk inc flu hosp,3,30,quantile,0.85,94,2027-01-09
2026-12-19,wk inc flu hosp,3,30,quantile,0.9,106,2027-01-09
2026-12-19,wk inc flu hosp,3,30,quantile,0.95,132,2027-01-09
2026-12-19,wk inc flu hosp,3,30,quantile,0.975,140,2027-01-09
2026-12-19,wk inc flu hosp,3,30,quantile,0.99,223,2027-01-09
2026-12-19,wk inc flu hosp,3,31,quantile,0.01,21,2027-01-09
2026-12-19,wk inc flu hosp,3,31,quantile,0.025,21,2027-01-09
2026-12-19,wk inc flu hosp,3,31,quantile,0.05,23,2027-01-09
2026-12-19,wk inc flu hosp,3,31,quantile,0.1,30,2027-01-09
2026-12-19,wk inc flu hosp,3,31,quantile,0.15,36,2027-01-09
2026-12-19,wk inc flu hosp,3,31,quantile,0.2,38,2027-01-09
2026-12-19,wk inc flu hosp,3,31,quantile,0.25,41,2027-01-09
2026-12-19,wk inc flu hosp,3,31,quantile,0.3,43,2027-01-09
2026-12-19,wk inc flu hosp,3,31,quantile,0.35,47,2027-01-09
2026-12-19,wk inc flu hosp,3,31,quantile,0.4,49,2027-01-09
2026-12-19,wk inc flu hosp,3,31,quantile,0.45,52,2027-01-09
2026-12-19,wk inc flu hosp,3,31,quantile,0.5,53,2027-01-09
2026-12-19,wk inc flu hosp,3,31,quantile,0.55,54,2027-01-09
2026-12-19,wk inc flu hosp,3,31,quantile,0.6,59,2027-01-09
2026-12-19,wk inc flu hosp,3,31,quantile,0.65,62,2027-01-09
2026-12-19,wk inc flu hosp,3,31,quantile,0.7,65,2027-01-09
2026-12-19,wk inc flu hosp,3,31,quantile,0.75,70,2027-01-09
2026-12-19,wk inc flu hosp,3,31,quantile,0.8,75,2027-01-09
2026-12-19,wk inc flu hosp,3,31,quantile,0.85,81,2027-01-09
2026-12-19,wk inc flu hosp,3,31,quantile,0.9,88,2027-01-09
2026-12-19,wk inc flu hosp,3,31,quantile,0.95,101,2027-01-09
2026-12-19,wk inc flu hosp,3,31,quantile,0.975,116,2027-01-09
2026-12-19,wk inc flu hosp,3,31,quantile,0.99,131,2027-01-09
2026-12-19,wk inc flu hosp,3,32,quantile,0.01,41,2027-01-09
2026-12-19,wk inc flu hosp,3,32,quantile,0.025,47,2027-01-09
2026-12-19,wk inc flu hosp,3,32,quantile,0.05,51,2027-01-09
2026-12-19,wk inc flu hosp,3,32,quantile,0.1,57,2027-01-09
2026-12-19,wk inc flu hosp,3,32,quantile,0.15,64,2027-01-09
2026-12-19,wk inc flu hosp,3,32,quantile,0.2,70,2027-01-09
2026-12-19,wk inc flu hosp,3,32,quantile,0.25,79,2027-01-09
2026-12-19,wk inc flu hosp,3,32,quantile,0.3,83,2027-01-09
2026-12-19,wk inc flu hosp,3,32,quantile,0.35,89,2027-01-09
2026-12-19,wk inc flu hosp,3,32,quantile,0.4,99,2027-01-09
2026-12-19,wk inc flu hosp,3,32,quantile,0.45,106,2027-01-09
2026-12-19,wk inc flu hosp,3,32,quantile,0.5,114,2027-01-09
2026-12-19,wk inc flu hosp,3,32,quantile,0.55,122,2027-01-09
2026-12-19,wk inc flu hosp,3,32,quantile,0.6,127,2027-01-09
2026-12-19,wk inc flu hosp,3,32,quantile,0.65,135,2027-01-09
2026-12-19,wk inc flu hosp,3,32,quantile,0.7,141,2027-01-09
2026-12-19,wk inc flu hosp,3,32,quantile,0.75,147,2027-01-09
2026-12-19,wk inc flu hosp,3,32,quantile,0.8,161,2027-01-09
2026-12-19,wk inc flu hosp,3,32,quantile,0.85,174,2027-01-09
2026-12-19,wk inc flu hosp,3,32,quantile,0.9,191,2027-01-09
2026-12-19,wk inc flu hosp,3,32,quantile,0.95,219,2027-01-09
2026-12-19,wk inc flu hosp,3,32,quantile,0.975,253,2027-01-09
2026-12-19,wk inc flu hosp,3,32,quantile,0.99,299,2027-01-09
2026-12-19,wk inc flu hosp,3,33,quantile,0.01,13,2027-01-09
2026-12-19,wk inc flu hosp,3,33,quantile,0.025,21,2027-01-09
2026-12-19,wk inc flu hosp,3,33,quantile,0.05,25,2027-01-09
2026-12-19,wk inc flu hosp,3,33,quantile,0.1,31,2027-01-09
2026-12-19,wk inc flu hosp,3,33,quantile,0.15,34,2027-01-09
2026-12-19,wk inc flu hosp,3,33,quantile,0.2,36,2027-01-09
2026-12-19,wk inc flu hosp,3,33,quantile,0.25,38,2027-01-09
2026-12-19,wk inc flu hosp,3,33,quantile,0.3,40,2027-01-09
2026-12-19,wk inc flu hosp,3,33,quantile,0.35,42,2027-01-09
2026-12-19,wk inc flu hosp,3,33,quantile,0.4,45,2027-01-09
2026-12-19,wk inc flu hosp,3,33,quantile,0.45,48,2027-01-09
2026-12-19,wk inc flu hosp,3,33,quantile,0.5,49,2027-01-09
2026-12-19,wk inc flu hosp,3,33,quantile,0.55,52,2027-01-09
2026-12-19,wk inc flu hosp,3,33,quantile,0.6,54,2027-01-09
2026-12-19,wk inc flu hosp,3,33,quantile,0.65,57,2027-01-09
2026-12-19,wk inc flu hosp,3,33,quantile,0.7,61,2027-01-09
2026-12-19,wk inc flu hosp,3,33,quantile,0.75,65,2027-01-09
2026-12-19,wk inc flu hosp,3,33,quantile,0.8,72,2027-01-09
2026-12-19,wk inc flu hosp,3,33,quantile,0.85,80,2027-01-09
2026-12-19,wk inc flu hosp,3,33,quantile,0.9,95,2027-01-09
2026-12-19,wk inc flu hosp,3,33,quantile,0.95,109,2027-01-09
2026-12-19,wk inc flu hosp,3,33,quantile,0.975,121,2027-01-09
2026-12-19,wk inc flu hosp,3,33,quantile,0.99,137,2027-01-09
2026-12-19,wk inc flu hosp,3,34,quantile,0.01,272,2027-01-09
2026-12-19,wk inc flu hosp,3,34,quantile,0.025,281,2027-01-09
2026-12-19,wk inc flu hosp,3,34,quantile,0.05,321,2027-01-09
2026-12-19,wk inc flu hosp,3,34,quantile,0.1,408,2027-01-09
2026-12-19,wk inc flu hosp,3,34,quantile,0.15,446,2027-01-09
2026-12-19,wk inc flu hosp,3,34,quantile,0.2,480,2027-01-09
2026-12-19,wk inc flu hosp,3,34,quantile,0.25,500,2027-01-09
2026-12-19,wk inc flu hosp,3,34,quantile,0.3,527,2027-01-09
2026-12-19,wk inc flu hosp,3,34,quantile,0.35,559,2027-01-09
2026-12-19,wk inc flu hosp,3,34,quantile,0.4,591,2027-01-09
2026-12-19,wk inc flu hosp,3,34,quantile,0.45,611,2027-01-09
2026-12-19,wk inc flu hosp,3,34,quantile,0.5,640,2027-01-09
2026-12-19,wk inc flu hosp,3,34,quantile,0.55,688,2027-01-09
2026-12-19,wk inc flu hosp,3,34,quantile,0.6,717,2027-01-09
2026-12-19,wk inc flu hosp,3,34,quantile,0.65,753,2027-01-09
2026-12-19,wk inc flu hosp,3,34,quantile,0.7,787,2027-01-09
2026-12-19,wk inc flu hosp,3,34,quantile,0.75,812,2027-01-09
2026-12-19,wk inc flu hosp,3,34,quantile,0.8,851,2027-01-09
2026-12-19,wk inc flu hosp,3,34,quantile,0.85,891,2027-01-09
2026-12-19,wk inc flu hosp,3,34,quantile,0.9,950,2027-01-09
2026-12-19,wk inc flu hosp,3,34,quantile,0.95,1074,2027-01-09
2026-12-19,wk inc flu hosp,3,34,quantile,0.975,1242,2027-01-09
2026-12-19,wk inc flu hosp,3,34,quantile,0.99,1348,2027-01-09
2026-12-19,wk inc flu hosp,3,35,quantile,0.01,45,2027-01-09
2026-12-19,wk inc flu hosp,3,35,quantile,0.025,47,2027-01-09
2026-12-19,wk inc flu hosp,3,35,quantile,0.05,54,2027-01-09
2026-12-19,wk inc flu hosp,3,35,quantile,0.1,62,2027-01-09
2026-12-19,wk inc flu hosp,3,35,quantile,0.15,69,2027-01-09
2026-12-19,wk inc flu hosp,3,35,quantile,0.2,73,2027-01-09
2026-12-19,wk inc flu hosp,3,35,quantile,0.25,78,2027-01-09
2026-12-19,wk inc flu hosp,3,35,quantile,0.3,83,2027-01-09
2026-12-19,wk inc flu hosp,3,35,quantile,0.35,89,2027-01-09
2026-12-19,wk inc flu hosp,3,35,quantile,0.4,94,2027-01-09
2026-12-19,wk inc flu hosp,3,35,quantile,0.45,98,2027-01-09
2026-12-19,wk inc flu hosp,3,35,quantile,0.5,104,2027-01-09
2026-12-19,wk inc flu hosp,3,35,quantile,0.55,109,2027-01-09
2026-12-19,wk inc flu hosp,3,35,quantile,0.6,114,2027-01-09
2026-12-19,wk inc flu hosp,3,35,quantile,0.65,119,2027-01-09
2026-12-19,wk inc flu hosp,3,35,quantile,0.7,125,2027-01-09
2026-12-19,wk inc flu hosp,3,35,quantile,0.75,131,2027-01-09
2026-12-19,wk inc flu hosp,3,35,quantile,0.8,136,2027-01-09
2026-12-19,wk inc flu hosp,3,35,quantile,0.85,156,2027-01-09
2026-12-19,wk inc flu hosp,3,35,quantile,0.9,178,2027-01-09
2026-12-19,wk inc flu hosp,3,35,quantile,0.95,204,2027-01-09
2026-12-19,wk inc flu hosp,3,35,quantile,0.975,238,2027-01-09
2026-12-19,wk inc flu hosp,3,35,quantile,0.99,256,2027-01-09
2026-12-19,wk inc flu hosp,3,36,quantile,0.01,644,2027-01-09
2026-12-19,wk inc flu hosp,3,36,quantile,0.025,694,2027-01-09
2026-12-19,wk inc flu hosp,3,36,quantile,0.05,726,2027-01-09
2026-12-19,wk inc flu hosp,3,36,quantile,0.1,793,2027-01-09
2026-12-19,wk inc flu hosp,3,36,quantile,0.15,831,2027-01-09
2026-12-19,wk inc flu hosp,3,36,quantile,0.2,901,2027-01-09
2026-12-19,wk inc flu hosp,3,36,quantile,0.25,934,2027-01-09
2026-12-19,wk inc flu hosp,3,36,quantile,0.3,960,2027-01-09
2026-12-19,wk inc flu hosp,3,36,quantile,0.35,1024,2027-01-09
2026-12-19,wk inc flu hosp,3,36,quantile,0.4,1067,2027-01-09
2026-12-19,wk inc flu hosp,3,36,quantile,0.45,1105,2027-01-09
2026-12-19,wk inc flu hosp,3,36,quantile,0.5,1134,2027-01-09
2026-12-19,wk inc flu hosp,3,36,quantile,0.55,1167,2027-01-09
2026-12-19,wk inc flu hosp,3,36,quantile,0.6,1218,2027-01-09
2026-12-19,wk inc flu hosp,3,36,quantile,0.65,1265,2027-01-09
2026-12-19,wk inc flu hosp,3,36,quantile,0.7,1327,2027-01-09
2026-12-19,wk inc flu hosp,3,36,quantile,0.75,1382,2027-01-09
2026-12-19,wk inc flu hosp,3,36,quantile,0.8,1409,2027-01-09
2026-12-19,wk inc flu hosp,3,36,quantile,0.85,1510,2027-01-09
2026-12-19,wk inc flu hosp,3,36,quantile,0.9,1676,2027-01-09
2026-12-19,wk inc flu hosp,3,36,quantile,0.95,1876,2027-01-09
2026-12-19,wk inc flu hosp,3,36,quantile,0.975,1978,2027-01-09
2026-12-19,wk inc flu hosp,3,36,quantile,0.99,2165,2027-01-09
2026-12-19,wk inc flu hosp,3,37,quantile,0.01,244,2027-01-09
2026-12-19,wk inc flu hosp,3,37,quantile,0.025,279,2027-01-09
2026-12-19,wk inc flu hosp,3,37,quantile,0.05,315,2027-01-09
2026-12-19,wk inc flu hosp,3,37,quantile,0.1,385,2027-01-09
2026-12-19,wk inc flu hosp,3,37,quantile,0.15,434,2027-01-09
2026-12-19,wk inc flu hosp,3,37,quantile,0.2,450,2027-01-09
2026-12-19,wk inc flu hosp,3,37,quantile,0.25,486,2027-01-09
2026-12-19,wk inc flu hosp,3,37,quantile,0.3,515,2027-01-09
2026-12-19,wk inc flu hosp,3,37,quantile,0.35,542,2027-01-09
2026-12-19,wk inc flu hosp,3,37,quantile,0.4,560,2027-01-09
2026-12-19,wk inc flu hosp,3,37,quantile,0.45,584,2027-01-09
2026-12-19,wk inc flu hosp,3,37,quantile,0.5,611,2027-01-09
2026-12-19,wk inc flu hosp,3,37,quantile,0.55,633,2027-01-09
2026-12-19,wk inc flu hosp,3,37,quantile,0.6,643,2027-01-09
2026-12-19,wk inc flu hosp,3,37,quantile,0.65,663,2027-01-09
2026-12-19,wk inc flu hosp,3,37,quantile,0.7,723,2027-01-09
2026-12-19,wk inc flu hosp,3,37,quantile,0.75,770,2027-01-09
2026-12-19,wk inc flu hosp,3,37,quantile,0.8,809,2027-01-09
2026-12-19,wk inc flu hosp,3,37,quantile,0.85,887,2027-01-09
2026-12-19,wk inc flu hosp,3,37,quantile,0.9,1023,2027-01-09
2026-12-19,wk inc flu hosp,3,37,quantile,0.95,1286,2027-01-09
2026-12-19,wk inc flu hosp,3,37,quantile,0.975,1345,2027-01-09
2026-12-19,wk inc flu hosp,3,37,quantile,0.99,1450,2027-01-09
2026-12-19,wk inc flu hosp,3,38,quantile,0.01,14,2027-01-09
2026-12-19,wk inc flu hosp,3,38,quantile,0.025,17,2027-01-09
2026-12-19,wk inc flu hosp,3,38,quantile,0.05,20,2027-01-09
2026-12-19,wk inc flu hosp,3,38,quantile,0.1,25,2027-01-09
2026-12-19,wk inc flu hosp,3,38,quantile,0.15,27,2027-01-09
2026-12-19,wk inc flu hosp,3,38,quantile,0.2,32,2027-01-09
2026-12-19,wk inc flu hosp,3,38,quantile,0.25,34,2027-01-09
2026-12-19,wk inc flu hosp,3,38,quantile,0.3,35,2027-01-09
2026-12-19,wk inc flu hosp,3,38,quantile,0.35,37,2027-01-09
2026-12-19,wk inc flu hosp,3,38,quantile,0.4,39,2027-01-09
2026-12-19,wk inc flu hosp,3,38,quantile,0.45,40,2027-01-09
2026-12-19,wk inc flu hosp,3,38,quantile,0.5,42,2027-01-09
2026-12-19,wk inc flu hosp,3,38,quantile,0.55,43,2027-01-09
2026-12-19,wk inc flu hosp,3,38,quantile,0.6,44,2027-01-09
2026-12-19,wk inc flu hosp,3,38,quantile,0.65,47,2027-01-09
2026-12-19,wk inc flu hosp,3,38,quantile,0.7,49,2027-01-09
2026-12-19,wk inc flu hosp,3,38,quantile,0.75,52,2027-01-09
2026-12-19,wk inc flu hosp,3,38,quantile,0.8,54,2027-01-09
2026-12-19,wk inc flu hosp,3,38,quantile,0.85,58,2027-01-09
2026-12-19,wk inc flu hosp,3,38,quantile,0.9,64,2027-01-09
2026-12-19,wk inc flu hosp,3,38,quantile,0.95,73,2027-01-09
2026-12-19,wk inc flu hosp,3,38,quantile,0.975,77,2027-01-09
2026-12-19,wk inc flu hosp,3,38,quantile,0.99,86,2027-01-09
2026-12-19,wk inc flu hosp,3,39,quantile,0.01,251,2027-01-09
2026-12-19,wk inc flu hosp,3,39,quantile,0.025,285,2027-01-09
2026-12-19,wk inc flu hosp,3,39,quantile,0.05,313,2027-01-09
2026-12-19,wk inc flu hosp,3,39,quantile,0.1,337,2027-01-09
2026-12-19,wk inc flu hosp,3,39,quantile,0.15,362,2027-01-09
2026-12-19,wk inc flu hosp,3,39,quantile,0.2,390,2027-01-09
2026-12-19,wk inc flu hosp,3,39,quantile,0.25,407,2027-01-09
2026-12-19,wk inc flu hosp,3,39,quantile,0.3,421,2027-01-09
2026-12-19,wk inc flu hosp,3,39,quantile,0.35,433,2027-01-09
2026-12-19,wk inc flu hosp,3,39,quantile,0.4,455,2027-01-09
2026-12-19,wk inc flu hosp,3,39,quantile,0.45,475,2027-01-09
2026-12-19,wk inc flu hosp,3,39,quantile,0.5,497,2027-01-09
2026-12-19,wk inc flu hosp,3,39,quantile,0.55,515,2027-01-09
2026-12-19,wk inc flu hosp,3,39,quantile,0.6,536,2027-01-09
2026-12-19,wk inc flu hosp,3,39,quantile,0.65,557,2027-01-09
2026-12-19,wk inc flu hosp,3,39,quantile,0.7,603,2027-01-09
2026-12-19,wk inc flu hosp,3,39,quantile,0.75,646,2027-01-09
2026-12-19,wk inc flu hosp,3,39,quantile,0.8,690,2027-01-09
2026-12-19,wk inc flu hosp,3,39,quantile,0.85,737,2027-01-09
2026-12-19,wk inc flu hosp,3,39,quantile,0.9,796,2027-01-09
2026-12-19,wk inc flu hosp,3,39,quantile,0.95,864,2027-01-09
2026-12-19,wk inc flu hosp,3,39,quantile,0.975,906,2027-01-09
2026-12-19,wk inc flu hosp,3,39,quantile,0.99,1011,2027-01-09
2026-12-19,wk inc flu hosp,3,40,quantile,0.01,38,2027-01-09
2026-12-19,wk inc flu hosp,3,40,quantile,0.025,40,2027-01-09
2026-12-19,wk inc flu hosp,3,40,quantile,0.05,45,2027-01-09
2026-12-19,wk inc flu hosp,3,40,quantile,0.1,51,2027-01-09
2026-12-19,wk inc flu hosp,3,40,quantile,0.15,58,2027-01-09
2026-12-19,wk inc flu hosp,3,40,quantile,0.2,67,2027-01-09
2026-12-19,wk inc flu hosp,3,40,quantile,0.25,70,2027-01-09
2026-12-19,wk inc flu hosp,3,40,quantile,0.3,71,2027-01-09
2026-12-19,wk inc flu hosp,3,40,quantile,0.35,77,2027-01-09
2026-12-19,wk inc flu hosp,3,40,quantile,0.4,81,2027-01-09
2026-12-19,wk inc flu hosp,3,40,quantile,0.45,88,2027-01-09
2026-12-19,wk inc flu hosp,3,40,quantile,0.5,93,2027-01-09
2026-12-19,wk inc flu hosp,3,40,quantile,0.55,95,2027-01-09
2026-12-19,wk inc flu hosp,3,40,quantile,0.6,99,2027-01-09
2026-12-19,wk inc flu hosp,3,40,quantile,0.65,108,2027-01-09
2026-12-19,wk inc flu hosp,3,40,quantile,0.7,117,2027-01-09
2026-12-19,wk inc flu hosp,3,40,quantile,0.75,131,2027-01-09
2026-12-19,wk inc flu hosp,3,40,quantile,0.8,138,2027-01-09
2026-12-19,wk inc flu hosp,3,40,quantile,0.85,156,2027-01-09
2026-12-19,wk inc flu hosp,3,40,quantile,0.9,171,2027-01-09
2026-12-19,wk inc flu hosp,3,40,quantile,0.95,201,2027-01-09
2026-12-19,wk inc flu hosp,3,40,quantile,0.975,221,2027-01-09
2026-12-19,wk inc flu hosp,3,40,quantile,0.99,249,2027-01-09
2026-12-19,wk inc flu hosp,3,41,quantile,0.01,55,2027-01-09
2026-12-19,wk inc flu hosp,3,41,quantile,0.025,58,2027-01-09
2026-12-19,wk inc flu hosp,3,41,quantile,0.05,70,2027-01-09
2026-12-19,wk inc flu hosp,3,41,quantile,0.1,76,2027-01-09
2026-12-19,wk inc flu hosp,3,41,quantile,0.15,81,2027-01-09
2026-12-19,wk inc flu hosp,3,41,quantile,0.2,85,2027-01-09
2026-12-19,wk inc flu hosp,3,41,quantile,0.25,96,2027-01-09
2026-12-19,wk inc flu hosp,3,41,quantile,0.3,103,2027-01-09
2026-12-19,wk inc flu hosp,3,41,quantile,0.35,114,2027-01-09
2026-12-19,wk inc flu hosp,3,41,quantile,0.4,120,2027-01-09
2026-12-19,wk inc flu hosp,3,41,quantile,0.45,128,2027-01-09
2026-12-19,wk inc flu hosp,3,41,quantile,0.5,132,2027-01-09
2026-12-19,wk inc flu hosp,3,41,quantile,0.55,138,2027-01-09
2026-12-19,wk inc flu hosp,3,41,quantile,0.6,148,2027-01-09
2026-12-19,wk inc flu hosp,3,41,quantile,0.65,151,2027-01-09
2026-12-19,wk inc flu hosp,3,41,quantile,0.7,156,2027-01-09
2026-12-19,wk inc flu hosp,3,41,quantile,0.75,167,2027-01-09
2026-12-19,wk inc flu hosp,3,41,quantile,0.8,184,2027-01-09
2026-12-19,wk inc flu hosp,3,41,quantile,0.85,215,2027-01-09
2026-12-19,wk inc flu hosp,3,41,quantile,0.9,226,2027-01-09
2026-12-19,wk inc flu hosp,3,41,quantile,0.95,259,2027-01-09
2026-12-19,wk inc flu hosp,3,41,quantile,0.975,285,2027-01-09
2026-12-19,wk inc flu hosp,3,41,quantile,0.99,300,2027-01-09
2026-12-19,wk inc flu hosp,3,42,quantile,0.01,326,2027-01-09
2026-12-19,wk inc flu hosp,3,42,quantile,0.025,368,2027-01-09
2026-12-19,wk inc flu hosp,3,42,quantile,0.05,418,2027-01-09
2026-12-19,wk inc flu hosp,3,42,quantile,0.1,466,2027-01-09
2026-12-19,wk inc flu hosp,3,42,quantile,0.15,516,2027-01-09
2026-12-19,wk inc flu hosp,3,42,quantile,0.2,559,2027-01-09
2026-12-19,wk inc flu hosp,3,42,quantile,0.25,597,2027-01-09
2026-12-19,wk inc flu hosp,3,42,quantile,0.3,634,2027-01-09
2026-12-19,wk inc flu hosp,3,42,quantile,0.35,665,2027-01-09
2026-12-19,wk inc flu hosp,3,42,quantile,0.4,707,2027-01-09
2026-12-19,wk inc flu hosp,3,42,quantile,0.45,725,2027-01-09
2026-12-19,wk inc flu hosp,3,42,quantile,0.5,764,2027-01-09
2026-12-19,wk inc flu hosp,3,42,quantile,0.55,816,2027-01-09
2026-12-19,wk inc flu hosp,3,42,quantile,0.6,847,2027-01-09
2026-12-19,wk inc flu hosp,3,42,quantile,0.65,896,2027-01-09
2026-12-19,wk inc flu hosp,3,42,quantile,0.7,916,2027-01-09
2026-12-19,wk inc flu hosp,3,42,quantile,0.75,942,2027-01-09
2026-12-19,wk inc flu hosp,3,42,quantile,0.8,976,2027-01-09
2026-12-19,wk inc flu hosp,3,42,quantile,0.85,1091,2027-01-09
2026-12-19,wk inc flu hosp,3,42,quantile,0.9,1145,2027-01-09
2026-12-19,wk inc flu hosp,3,42,quantile,0.95,1208,2027-01-09
2026-12-19,wk inc flu hosp,3,42,quantile,0.975,1353,2027-01-09
2026-12-19,wk inc flu hosp,3,42,quantile,0.99,1425,2027-01-09
2026-12-19,wk inc flu hosp,3,44,quantile,0.01,36,2027-01-09
2026-12-19,wk inc flu hosp,3,44,quantile,0.025,37,2027-01-09
2026-12-19,wk inc flu hosp,3,44,quantile,0.05,41,2027-01-09
2026-12-19,wk inc flu hosp,3,44,quantile,0.1,49,2027-01-09
2026-12-19,wk inc flu hosp,3,44,quantile,0.15,55,2027-01-09
2026-12-19,wk inc flu hosp,3,44,quantile,0.2,60,2027-01-09
2026-12-19,wk inc flu hosp,3,44,quantile,0.25,63,2027-01-09
2026-12-19,wk inc flu hosp,3,44,quantile,0.3,67,2027-01-09
2026-12-19,wk inc flu hosp,3,44,quantile,0.35,70,2027-01-09
2026-12-19,wk inc flu hosp,3,44,quantile,0.4,74,2027-01-09
2026-12-19,wk inc flu hosp,3,44,quantile,0.45,77,2027-01-09
2026-12-19,wk inc flu hosp,3,44,quantile,0.5,80,2027-01-09
2026-12-19,wk inc flu hosp,3,44,quantile,0.55,87,2027-01-09
2026-12-19,wk inc flu hosp,3,44,quantile,0.6,91,2027-01-09
2026-12-19,wk inc flu hosp,3,44,quantile,0.65,95,2027-01-09
2026-12-19,wk inc flu hosp,3,44,quantile,0.7,100,2027-01-09
2026-12-19,wk inc flu hosp,3,44,quantile,0.75,108,2027-01-09
2026-12-19,wk inc flu hosp,3,44,quantile,0.8,117,2027-01-09
2026-12-19,wk inc flu hosp,3,44,quantile,0.85,127,2027-01-09
2026-12-19,wk inc flu hosp,3,44,quantile,0.9,135,2027-01-09
2026-12-19,wk inc flu hosp,3,44,quantile,0.95,165,2027-01-09
2026-12-19,wk inc flu hosp,3,44,quantile,0.975,178,2027-01-09
2026-12-19,wk inc flu hosp,3,44,quantile,0.99,197,2027-01-09
2026-12-19,wk inc flu hosp,3,45,quantile,0.01,136,2027-01-09
2026-12-19,wk inc flu hosp,3,45,quantile,0.025,144,2027-01-09
2026-12-19,wk inc flu hosp,3,45,quantile,0.05,159,2027-01-09
2026-12-19,wk inc flu hosp,3,45,quantile,0.1,189,2027-01-09
2026-12-19,wk inc flu hosp,3,45,quantile,0.15,220,2027-01-09
2026-12-19,wk inc flu hosp,3,45,quantile,0.2,234,2027-01-09
2026-12-19,wk inc flu hosp,3,45,quantile,0.25,247,2027-01-09
2026-12-19,wk inc flu hosp,3,45,quantile,0.3,262,2027-01-09
2026-12-19,wk inc flu hosp,3,45,quantile,0.35,274,2027-01-09
2026-12-19,wk inc flu hosp,3,45,quantile,0.4,285,2027-01-09
2026-12-19,wk inc flu hosp,3,45,quantile,0.45,305,2027-01-09
2026-12-19,wk inc flu hosp,3,45,quantile,0.5,314,2027-01-09
2026-12-19,wk inc flu hosp,3,45,quantile,0.55,336,2027-01-09
2026-12-19,wk inc flu hosp,3,45,quantile,0.6,354,2027-01-09
2026-12-19,wk inc flu hosp,3,45,quantile,0.65,377,2027-01-09
2026-12-19,wk inc flu hosp,3,45,quantile,0.7,398,2027-01-09
2026-12-19,wk inc flu hosp,3,45,quantile,0.75,424,2027-01-09
2026-12-19,wk inc flu hosp,3,45,quantile,0.8,445,2027-01-09
2026-12-19,wk inc flu hosp,3,45,quantile,0.85,485,2027-01-09
2026-12-19,wk inc flu hosp,3,45,quantile,0.9,515,2027-01-09
2026-12-19,wk inc flu hosp,3,45,quantile,0.95,583,2027-01-09
2026-12-19,wk inc flu hosp,3,45,quantile,0.975,699,2027-01-09
2026-12-19,wk inc flu hosp,3,45,quantile,0.99,785,2027-01-09
2026-12-19,wk inc flu hosp,3,46,quantile,0.01,10,2027-01-09
2026-12-19,wk inc flu hosp,3,46,quantile,0.025,14,2027-01-09
2026-12-19,wk inc flu hosp,3,46,quantile,0.05,18,2027-01-09
2026-12-19,wk inc flu hosp,3,46,quantile,0.1,22,2027-01-09
2026-12-19,wk inc flu hosp,3,46,quantile,0.15,23,2027-01-09
2026-12-19,wk inc flu hosp,3,46,quantile,0.2,28,2027-01-09
2026-12-19,wk inc flu hosp,3,46,quantile,0.25,29,2027-01-09
2026-12-19,wk inc flu hosp,3,46,quantile,0.3,31,2027-01-09
2026-12-19,wk inc flu hosp,3,46,quantile,0.35,32,2027-01-09
2026-12-19,wk inc flu hosp,3,46,quantile,0.4,34,2027-01-09
2026-12-19,wk inc flu hosp,3,46,quantile,0.45,35,2027-01-09
2026-12-19,wk inc flu hosp,3,46,quantile,0.5,37,2027-01-09
2026-12-19,wk inc flu hosp,3,46,quantile,0.55,39,2027-01-09
2026-12-19,wk inc flu hosp,3,46,quantile,0.6,42,2027-01-09
2026-12-19,wk inc flu hosp,3,46,quantile,0.65,43,2027-01-09
2026-12-19,wk inc flu hosp,3,46,quantile,0.7,45,2027-01-09
2026-12-19,wk inc flu hosp,3,46,quantile,0.75,48,2027-01-09
2026-12-19,wk inc flu hosp,3,46,quantile,0.8,51,2027-01-09
2026-12-19,wk inc flu hosp,3,46,quantile,0.85,54,2027-01-09
2026-12-19,wk inc flu hosp,3,46,quantile,0.9,60,2027-01-09
2026-12-19,wk inc flu hosp,3,46,quantile,0.95,68,2027-01-09
2026-12-19,wk inc flu hosp,3,46,quantile,0.975,74,2027-01-09
2026-12-19,wk inc flu hosp,3,46,quantile,0.99,78,2027-01-09
2026-12-19,wk inc flu hosp,3,47,quantile,0.01,157,2027-01-09
2026-12-19,wk inc flu hosp,3,47,quantile,0.025,170,2027-01-09
2026-12-19,wk inc flu hosp,3,47,quantile,0.05,189,2027-01-09
2026-12-19,wk inc flu hosp,3,47,quantile,0.1,203,2027-01-09
2026-12-19,wk inc flu hosp,3,47,quantile,0.15,237,2027-01-09
2026-12-19,wk inc flu hosp,3,47,quantile,0.2,248,2027-01-09
2026-12-19,wk inc flu hosp,3,47,quantile,0.25,266,2027-01-09
2026-12-19,wk inc flu hosp,3,47,quantile,0.3,274,2027-01-09
2026-12-19,wk inc flu hosp,3,47,quantile,0.35,289,2027-01-09
2026-12-19,wk inc flu hosp,3,47,quantile,0.4,297,2027-01-09
2026-12-19,wk inc flu hosp,3,47,quantile,0.45,306,2027-01-09
2026-12-19,wk inc flu hosp,3,47,quantile,0.5,316,2027-01-09
2026-12-19,wk inc flu hosp,3,47,quantile,0.55,326,2027-01-09
2026-12-19,wk inc flu hosp,3,47,quantile,0.6,338,2027-01-09
2026-12-19,wk inc flu hosp,3,47,quantile,0.65,351,2027-01-09
2026-12-19,wk inc flu hosp,3,47,quantile,0.7,371,2027-01-09
2026-12-19,wk inc flu hosp,3,47,quantile,0.75,384,2027-01-09
2026-12-19,wk inc flu hosp,3,47,quantile,0.8,401,2027-01-09
2026-12-19,wk inc flu hosp,3,47,quantile,0.85,422,2027-01-09
2026-12-19,wk inc flu hosp,3,47,quantile,0.9,473,2027-01-09
2026-12-19,wk inc flu hosp,3,47,quantile,0.95,524,2027-01-09
2026-12-19,wk inc flu hosp,3,47,quantile,0.975,566,2027-01-09
2026-12-19,wk inc flu hosp,3,47,quantile,0.99,651,2027-01-09
2026-12-19,wk inc flu hosp,3,48,quantile,0.01,396,2027-01-09
2026-12-19,wk inc flu hosp,3,48,quantile,0.025,479,2027-01-09
2026-12-19,wk inc flu hosp,3,48,quantile,0.05,522,2027-01-09
2026-12-19,wk inc flu hosp,3,48,quantile,0.1,633,2027-01-09
2026-12-19,wk inc flu hosp,3,48,quantile,0.15,668,2027-01-09
2026-12-19,wk inc flu hosp,3,48,quantile,0.2,734,2027-01-09
2026-12-19,wk inc flu hosp,3,48,quantile,0.25,796,2027-01-09
2026-12-19,wk inc flu hosp,3,48,quantile,0.3,867,2027-01-09
2026-12-19,wk inc flu hosp,3,48,quantile,0.35,978,2027-01-09
2026-12-19,wk inc flu hosp,3,48,quantile,0.4,1010,2027-01-09
2026-12-19,wk inc flu hosp,3,48,quantile,0.45,1065,2027-01-09
2026-12-19,wk inc flu hosp,3,48,quantile,0.5,1125,2027-01-09
2026-12-19,wk inc flu hosp,3,48,quantile,0.55,1210,2027-01-09
2026-12-19,wk inc flu hosp,3,48,quantile,0.6,1228,2027-01-09
2026-12-19,wk inc flu hosp,3,48,quantile,0.65,1296,2027-01-09
2026-12-19,wk inc flu hosp,3,48,quantile,0.7,1344,2027-01-09
2026-12-19,wk inc flu hosp,3,48,quantile,0.75,1442,2027-01-09
2026-12-19,wk inc flu hosp,3,48,quantile,0.8,1586,2027-01-09
2026-12-19,wk inc flu hosp,3,48,quantile,0.85,1749,2027-01-09
2026-12-19,wk inc flu hosp,3,48,quantile,0.9,1888,2027-01-09
2026-12-19,wk inc flu hosp,3,48,quantile,0.95,2198,2027-01-09
2026-12-19,wk inc flu hosp,3,48,quantile,0.975,2532,2027-01-09
2026-12-19,wk inc flu hosp,3,48,quantile,0.99,2886,2027-01-09
2026-12-19,wk inc flu hosp,3,49,quantile,0.01,26,2027-01-09
2026-12-19,wk inc flu hosp,3,49,quantile,0.025,36,2027-01-09
2026-12-19,wk inc flu hosp,3,49,quantile,0.05,44,2027-01-09
2026-12-19,wk inc flu hosp,3,49,quantile,0.1,51,2027-01-09
2026-12-19,wk inc flu hosp,3,49,quantile,0.15,55,2027-01-09
2026-12-19,wk inc flu hosp,3,49,quantile,0.2,60,2027-01-09
2026-12-19,wk inc flu hosp,3,49,quantile,0.25,63,2027-01-09
2026-12-19,wk inc flu hosp,3,49,quantile,0.3,67,2027-01-09
2026-12-19,wk inc flu hosp,3,49,quantile,0.35,71,2027-01-09
2026-12-19,wk inc flu hosp,3,49,quantile,0.4,74,2027-01-09
2026-12-19,wk inc flu hosp,3,49,quantile,0.45,76,2027-01-09
2026-12-19,wk inc flu hosp,3,49,quantile,0.5,79,2027-01-09
2026-12-19,wk inc flu hosp,3,49,quantile,0.55,81,2027-01-09
2026-12-19,wk inc flu hosp,3,49,quantile,0.6,84,2027-01-09
2026-12-19,wk inc flu hosp,3,49,quantile,0.65,93,2027-01-09
2026-12-19,wk inc flu hosp,3,49,quantile,0.7,99,2027-01-09
2026-12-19,wk inc flu hosp,3,49,quantile,0.75,105,2027-01-09
2026-12-19,wk inc flu hosp,3,49,quantile,0.8,111,2027-01-09
2026-12-19,wk inc flu hosp,3,49,quantile,0.85,118,2027-01-09
2026-12-19,wk inc flu hosp,3,49,quantile,0.9,126,2027-01-09
2026-12-19,wk inc flu hosp,3,49,quantile,0.95,151,2027-01-09
2026-12-19,wk inc flu hosp,3,49,quantile,0.975,159,2027-01-09
2026-12-19,wk inc flu hosp,3,49,quantile,0.99,176,2027-01-09
2026-12-19,wk inc flu hosp,3,50,quantile,0.01,4,2027-01-09
2026-12-19,wk inc flu hosp,3,50,quantile,0.025,5,2027-01-09
2026-12-19,wk inc flu hosp,3,50,quantile,0.05,7,2027-01-09
2026-12-19,wk inc flu hosp,3,50,quantile,0.1,9,2027-01-09
2026-12-19,wk inc flu hosp,3,50,quantile,0.15,11,2027-01-09
2026-12-19,wk inc flu hosp,3,50,quantile,0.2,12,2027-01-09
2026-12-19,wk inc flu hosp,3,50,quantile,0.25,13,2027-01-09
2026-12-19,wk inc flu hosp,3,50,quantile,0.3,15,2027-01-09
2026-12-19,wk inc flu hosp,3,50,quantile,0.35,16,2027-01-09
2026-12-19,wk inc flu hosp,3,50,quantile,0.4,18,2027-01-09
2026-12-19,wk inc flu hosp,3,50,quantile,0.45,19,2027-01-09
2026-12-19,wk inc flu hosp,3,50,quantile,0.5,20,2027-01-09
2026-12-19,wk inc flu hosp,3,50,quantile,0.55,21,2027-01-09
2026-12-19,wk inc flu hosp,3,50,quantile,0.6,22,2027-01-09
2026-12-19,wk inc flu hosp,3,50,quantile,0.65,23,2027-01-09
2026-12-19,wk inc flu hosp,3,50,quantile,0.7,24,2027-01-09
2026-12-19,wk inc flu hosp,3,50,quantile,0.75,27,2027-01-09
2026-12-19,wk inc flu hosp,3,50,quantile,0.8,29,2027-01-09
2026-12-19,wk inc flu hosp,3,50,quantile,0.85,32,2027-01-09
2026-12-19,wk inc flu hosp,3,50,quantile,0.9,37,2027-01-09
2026-12-19,wk inc flu hosp,3,50,quantile,0.95,44,2027-01-09
2026-12-19,wk inc flu hosp,3,50,quantile,0.975,55,2027-01-09
2026-12-19,wk inc flu hosp,3,50,quantile,0.99,61,2027-01-09
2026-12-19,wk inc flu hosp,3,51,quantile,0.01,149,2027-01-09
2026-12-19,wk inc flu hosp,3,51,quantile,0.025,159,2027-01-09
2026-12-19,wk inc flu hosp,3,51,quantile,0.05,172,2027-01-09
2026-12-19,wk inc flu hosp,3,51,quantile,0.1,186,2027-01-09
2026-12-19,wk inc flu hosp,3,51,quantile,0.15,213,2027-01-09
2026-12-19,wk inc flu hosp,3,51,quantile,0.2,241,2027-01-09
2026-12-19,wk inc flu hosp,3,51,quantile,0.25,256,2027-01-09
2026-12-19,wk inc flu hosp,3,51,quantile,0.3,267,2027-01-09
2026-12-19,wk inc flu hosp,3,51,quantile,0.35,274,2027-01-09
2026-12-19,wk inc flu hosp,3,51,quantile,0.4,288,2027-01-09
2026-12-19,wk inc flu hosp,3,51,quantile,0.45,307,2027-01-09
2026-12-19,wk inc flu hosp,3,51,quantile,0.5,330,2027-01-09
2026-12-19,wk inc flu hosp,3,51,quantile,0.55,345,2027-01-09
2026-12-19,wk inc flu hosp,3,51,quantile,0.6,355,2027-01-09
2026-12-19,wk inc flu hosp,3,51,quantile,0.65,377,2027-01-09
2026-12-19,wk inc flu hosp,3,51,quantile,0.7,412,2027-01-09
2026-12-19,wk inc flu hosp,3,51,quantile,0.75,423,2027-01-09
2026-12-19,wk inc flu hosp,3,51,quantile,0.8,447,2027-01-09
2026-12-19,wk inc flu hosp,3,51,quantile,0.85,468,2027-01-09
2026-12-19,wk inc flu hosp,3,51,quantile,0.9,506,2027-01-09
2026-12-19,wk inc flu hosp,3,51,quantile,0.95,562,2027-01-09
2026-12-19,wk inc flu hosp,3,51,quantile,0.975,604,2027-01-09
2026-12-19,wk inc flu hosp,3,51,quantile,0.99,698,2027-01-09
2026-12-19,wk inc flu hosp,3,53,quantile,0.01,45,2027-01-09
2026-12-19,wk inc flu hosp,3,53,quantile,0.025,46,2027-01-09
2026-12-19,wk inc flu hosp,3,53,quantile,0.05,54,2027-01-09
2026-12-19,wk inc flu hosp,3,53,quantile,0.1,69,2027-01-09
2026-12-19,wk inc flu hosp,3,53,quantile,0.15,79,2027-01-09
2026-12-19,wk inc flu hosp,3,53,quantile,0.2,87,2027-01-09
2026-12-19,wk inc flu hosp,3,53,quantile,0.25,94,2027-01-09
2026-12-19,wk inc flu hosp,3,53,quantile,0.3,103,2027-01-09
2026-12-19,wk inc flu hosp,3,53,quantile,0.35,109,2027-01-09
2026-12-19,wk inc flu hosp,3,53,quantile,0.4,113,2027-01-09
2026-12-19,wk inc flu hosp,3,53,quantile,0.45,120,2027-01-09
2026-12-19,wk inc flu hosp,3,53,quantile,0.5,128,2027-01-09
2026-12-19,wk inc flu hosp,3,53,quantile,0.55,132,2027-01-09
2026-12-19,wk inc flu hosp,3,53,quantile,0.6,136,2027-01-09
2026-12-19,wk inc flu hosp,3,53,quantile,0.65,145,2027-01-09
2026-12-19,wk inc flu hosp,3,53,quantile,0.7,153,2027-01-09
2026-12-19,wk inc flu hosp,3,53,quantile,0.75,164,2027-01-09
2026-12-19,wk inc flu hosp,3,53,quantile,0.8,175,2027-01-09
2026-12-19,wk inc flu hosp,3,53,quantile,0.85,191,2027-01-09
2026-12-19,wk inc flu hosp,3,53,quantile,0.9,207,2027-01-09
2026-12-19,wk inc flu hosp,3,53,quantile,0.95,233,2027-01-09
2026-12-19,wk inc flu hosp,3,53,quantile,0.975,253,2027-01-09
2026-12-19,wk inc flu hosp,3,53,quantile,0.99,280,2027-01-09
2026-12-19,wk inc flu hosp,3,54,quantile,0.01,29,2027-01-09
2026-12-19,wk inc flu hosp,3,54,quantile,0.025,31,2027-01-09
2026-12-19,wk inc flu hosp,3,54,quantile,0.05,38,2027-01-09
2026-12-19,wk inc flu hosp,3,54,quantile,0.1,44,2027-01-09
2026-12-19,wk inc flu hosp,3,54,quantile,0.15,48,2027-01-09
2026-12-19,wk inc flu hosp,3,54,quantile,0.2,53,2027-01-09
2026-12-19,wk inc flu hosp,3,54,quantile,0.25,57,2027-01-09
2026-12-19,wk inc flu hosp,3,54,quantile,0.3,60,2027-01-09
2026-12-19,wk inc flu hosp,3,54,quantile,0.35,62,2027-01-09
2026-12-19,wk inc flu hosp,3,54,quantile,0.4,64,2027-01-09
2026-12-19,wk inc flu hosp,3,54,quantile,0.45,67,2027-01-09
2026-12-19,wk inc flu hosp,3,54,quantile,0.5,70,2027-01-09
2026-12-19,wk inc flu hosp,3,54,quantile,0.55,74,2027-01-09
2026-12-19,wk inc flu hosp,3,54,quantile,0.6,78,2027-01-09
2026-12-19,wk inc flu hosp,3,54,quantile,0.65,81,2027-01-09
2026-12-19,wk inc flu hosp,3,54,quantile,0.7,85,2027-01-09
2026-12-19,wk inc flu hosp,3,54,quantile,0.75,90,2027-01-09
2026-12-19,wk inc flu hosp,3,54,quantile,0.8,94,2027-01-09
2026-12-19,wk inc flu hosp,3,54,quantile,0.85,102,2027-01-09
2026-12-19,wk inc flu hosp,3,54,quantile,0.9,110,2027-01-09
2026-12-19,wk inc flu hosp,3,54,quantile,0.95,134,2027-01-09
2026-12-19,wk inc flu hosp,3,54,quantile,0.975,146,2027-01-09
2026-12-19,wk inc flu hosp,3,54,quantile,0.99,180,2027-01-09
2026-12-19,wk inc flu hosp,3,55,quantile,0.01,110,2027-01-09
2026-12-19,wk inc flu hosp,3,55,quantile,0.025,126,2027-01-09
2026-12-19,wk inc flu hosp,3,55,quantile,0.05,139,2027-01-09
2026-12-19,wk inc flu hosp,3,55,quantile,0.1,158,2027-01-09
2026-12-19,wk inc flu hosp,3,55,quantile,0.15,170,2027-01-09
2026-12-19,wk inc flu hosp,3,55,quantile,0.2,181,2027-01-09
2026-12-19,wk inc flu hosp,3,55,quantile,0.25,190,2027-01-09
2026-12-19,wk inc flu hosp,3,55,quantile,0.3,202,2027-01-09
2026-12-19,wk inc flu hosp,3,55,quantile,0.35,219,2027-01-09
2026-12-19,wk inc flu hosp,3,55,quantile,0.4,231,2027-01-09
2026-12-19,wk inc flu hosp,3,55,quantile,0.45,239,2027-01-09
2026-12-19,wk inc flu hosp,3,55,quantile,0.5,247,2027-01-09
2026-12-19,wk inc flu hosp,3,55,quantile,0.55,258,2027-01-09
2026-12-19,wk inc flu hosp,3,55,quantile,0.6,265,2027-01-09
2026-12-19,wk inc flu hosp,3,55,quantile,0.65,276,2027-01-09
2026-12-19,wk inc flu hosp,3,55,quantile,0.7,289,2027-01-09
2026-12-19,wk inc flu hosp,3,55,quantile,0.75,301,2027-01-09
2026-12-19,wk inc flu hosp,3,55,quantile,0.8,310,2027-01-09
2026-12-19,wk inc flu hosp,3,55,quantile,0.85,327,2027-01-09
2026-12-19,wk inc flu hosp,3,55,quantile,0.9,369,2027-01-09
2026-12-19,wk inc flu hosp,3,55,quantile,0.95,415,2027-01-09
2026-12-19,wk inc flu hosp,3,55,quantile,0.975,444,2027-01-09
2026-12-19,wk inc flu hosp,3,55,quantile,0.99,563,2027-01-09
2026-12-19,wk inc flu hosp,3,56,quantile,0.01,12,2027-01-09
2026-12-19,wk inc flu hosp,3,56,quantile,0.025,14,2027-01-09
2026-12-19,wk inc flu hosp,3,56,quantile,0.05,20,2027-01-09
2026-12-19,wk inc flu hosp,3,56,quantile,0.1,23,2027-01-09
2026-12-19,wk inc flu hosp,3,56,quantile,0.15,28,2027-01-09
2026-12-19,wk inc flu hosp,3,56,quantile,0.2,30,2027-01-09
2026-12-19,wk inc flu hosp,3,56,quantile,0.25,32,2027-01-09
2026-12-19,wk inc flu hosp,3,56,quantile,0.3,36,2027-01-09
2026-12-19,wk inc flu hosp,3,56,quantile,0.35,40,2027-01-09
2026-12-19,wk inc flu hosp,3,56,quantile,0.4,43,2027-01-09
2026-12-19,wk inc flu hosp,3,56,quantile,0.45,46,2027-01-09
2026-12-19,wk inc flu hosp,3,56,quantile,0.5,51,2027-01-09
2026-12-19,wk inc flu hosp,3,56,quantile,0.55,55,2027-01-09
2026-12-19,wk inc flu hosp,3,56,quantile,0.6,61,2027-01-09
2026-12-19,wk inc flu hosp,3,56,quantile,0.65,64,2027-01-09
2026-12-19,wk inc flu hosp,3,56,quantile,0.7,68,2027-01-09
2026-12-19,wk inc flu hosp,3,56,quantile,0.75,72,2027-01-09
2026-12-19,wk inc flu hosp,3,56,quantile,0.8,79,2027-01-09
2026-12-19,wk inc flu hosp,3,56,quantile,0.85,89,2027-01-09
2026-12-19,wk inc flu hosp,3,56,quantile,0.9,103,2027-01-09
2026-12-19,wk inc flu hosp,3,56,quantile,0.95,119,2027-01-09
2026-12-19,wk inc flu hosp,3,56,quantile,0.975,139,2027-01-09
2026-12-19,wk inc flu hosp,3,56,quantile,0.99,148,2027-01-09
2026-12-19,wk inc flu hosp,3,72,quantile,0.01,40,2027-01-09
2026-12-19,wk inc flu hosp,3,72,quantile,0.025,45,2027-01-09
2026-12-19,wk inc flu hosp,3,72,quantile,0.05,51,2027-01-09
2026-12-19,wk inc flu hosp,3,72,quantile,0.1,62,2027-01-09
2026-12-19,wk inc flu hosp,3,72,quantile,0.15,76,2027-01-09
2026-12-19,wk inc flu hosp,3,72,quantile,0.2,85,2027-01-09
2026-12-19,wk inc flu hosp,3,72,quantile,0.25,94,2027-01-09
2026-12-19,wk inc flu hosp,3,72,quantile,0.3,105,2027-01-09
2026-12-19,wk inc flu hosp,3,72,quantile,0.35,115,2027-01-09
2026-12-19,wk inc flu hosp,3,72,quantile,0.4,127,2027-01-09
2026-12-19,wk inc flu hosp,3,72,quantile,0.45,132,2027-01-09
2026-12-19,wk inc flu hosp,3,72,quantile,0.5,140,2027-01-09
2026-12-19,wk inc flu hosp,3,72,quantile,0.55,147,2027-01-09
2026-12-19,wk inc flu hosp,3,72,quantile,0.6,156,2027-01-09
2026-12-19,wk inc flu hosp,3,72,quantile,0.65,172,2027-01-09
2026-12-19,wk inc flu hosp,3,72,quantile,0.7,186,2027-01-09
2026-12-19,wk inc flu hosp,3,72,quantile,0.75,206,2027-01-09
2026-12-19,wk inc flu hosp,3,72,quantile,0.8,245,2027-01-09
2026-12-19,wk inc flu hosp,3,72,quantile,0.85,272,2027-01-09
2026-12-19,wk inc flu hosp,3,72,quantile,0.9,316,2027-01-09
2026-12-19,wk inc flu hosp,3,72,quantile,0.95,353,2027-01-09
2026-12-19,wk inc flu hosp,3,72,quantile,0.975,378,2027-01-09
2026-12-19,wk inc flu hosp,3,72,quantile,0.99,428,2027-01-09
2026-12-19,wk inc flu hosp,3,USA,quantile,0.01,10761,2027-01-09
2026-12-19,wk inc flu hosp,3,USA,quantile,0.025,11242,2027-01-09
2026-12-19,wk inc flu hosp,3,USA,quantile,0.05,11897,2027-01-09
2026-12-19,wk inc flu hosp,3,USA,quantile,0.1,12546,2027-01-09
2026-12-19,wk inc flu hosp,3,USA,quantile,0.15,12797,2027-01-09
2026-12-19,wk inc flu hosp,3,USA,quantile,0.2,12891,2027-01-09
2026-12-19,wk inc flu hosp,3,USA,quantile,0.25,13138,2027-01-09
2026-12-19,wk inc flu hosp,3,USA,quantile,0.3,13337,2027-01-09
2026-12-19,wk inc flu hosp,3,USA,quantile,0.35,13642,2027-01-09
2026-12-19,wk inc flu hosp,3,USA,quantile,0.4,13854,2027-01-09
2026-12-19,wk inc flu hosp,3,USA,quantile,0.45,14024,2027-01-09
2026-12-19,wk inc flu hosp,3,USA,quantile,0.5,14180,2027-01-09
2026-12-19,wk inc flu hosp,3,USA,quantile,0.55,14392,2027-01-09
2026-12-19,wk inc flu hosp,3,USA,quantile,0.6,14591,2027-01-09
2026-12-19,wk inc flu hosp,3,USA,quantile,0.65,14732,2027-01-09
2026-12-19,wk inc flu hosp,3,USA,quantile,0.7,14987,2027-01-09
2026-12-19,wk inc flu hosp,3,USA,quantile,0.75,15405,2027-01-09
2026-12-19,wk inc flu hosp,3,USA,quantile,0.8,15763,2027-01-09
2026-12-19,wk inc flu hosp,3,USA,quantile,0.85,16139,2027-01-09
2026-12-19,wk inc flu hosp,3,USA,quantile,0.9,16754,2027-01-09
2026-12-19,wk inc flu hosp,3,USA,quantile,0.95,17183,2027-01-09
2026-12-19,wk inc flu hosp,3,USA,quantile,0.975,17860,2027-01-09
2026-12-19,wk inc flu hosp,3,USA,quantile,0.99,18484,2027-01-09
