reference_date,target,horizon,location,output_type,output_type_id,value,target_end_date
2027-03-20,wk inc flu hosp,0,01,quantile,0.01,81,2027-03-20
2027-03-20,wk inc flu hosp,0,01,quantile,0.025,84,2027-03-20
2027-03-20,wk inc flu hosp,0,01,quantile,0.05,86,2027-03-20
2027-03-20,wk inc flu hosp,0,01,quantile,0.1,92,2027-03-20
2027-03-20,wk inc flu hosp,0,01,quantile,0.15,95,2027-03-20
2027-03-20,wk inc flu hosp,0,01,quantile,0.2,100,2027-03-20
2027-03-20,wk inc flu hosp,0,01,quantile,0.25,102,2027-03-20
2027-03-20,wk inc flu hosp,0,01,quantile,0.3,107,2027-03-20
2027-03-20,wk inc flu hosp,0,01,quantile,0.35,109,2027-03-20
2027-03-20,wk inc flu hosp,0,01,quantile,0.4,112,2027-03-20
2027-03-20,wk inc flu hosp,0,01,quantile,0.45,115,2027-03-20
2027-03-20,wk inc flu hosp,0,01,quantile,0.5,120,2027-03-20
2027-03-20,wk inc flu hosp,0,01,quantile,0.55,122,2027-03-20
2027-03-20,wk inc flu hosp,0,01,quantile,0.6,125,2027-03-20
2027-03-20,wk inc flu hosp,0,01,quantile,0.65,127,2027-03-20
2027-03-20,wk inc flu hosp,0,01,quantile,0.7,129,2027-03-20
2027-03-20,wk inc flu hosp,0,01,quantile,0.75,131,2027-03-20
2027-03-20,wk inc flu hosp,0,01,quantile,0.8,134,2027-03-20
2027-03-20,wk inc flu hosp,0,01,quantile,0.85,141,2027-03-20
2027-03-20,wk inc flu hosp,0,01,quantile,0.9,148,2027-03-20
2027-03-20,wk inc flu hosp,0,01,quantile,0.95,157,2027-03-20
2027-03-20,wk inc flu hosp,0,01,quantile,0.975,171,2027-03-20
2027-03-20,wk inc flu hosp,0,01,quantile,0.99,184,2027-03-20
2027-03-20,wk inc flu hosp,0,02,quantile,0.01,7,2027-03-20
2027-03-20,wk inc flu hosp,0,02,quantile,0.025,8,2027-03-20
2027-03-20,wk inc flu hosp,0,02,quantile,0.05,8,2027-03-20
2027-03-20,wk inc flu hosp,0,02,quantile,0.1,9,2027-03-20
2027-03-20,wk inc flu hosp,0,02,quantile,0.15,10,2027-03-20
2027-03-20,wk inc flu hosp,0,02,quantile,0.2,11,2027-03-20
2027-03-20,wk inc flu hosp,0,02,quantile,0.25,14,2027-03-20
2027-03-20,wk inc flu hosp,0,02,quantile,0.3,15,2027-03-20
2027-03-20,wk inc flu hosp,0,02,quantile,0.35,16,2027-03-20
2027-03-20,wk inc flu hosp,0,02,quantile,0.4,17,2027-03-20
2027-03-20,wk inc flu hosp,0,02,quantile,0.45,17,2027-03-20
2027-03-20,wk inc flu hosp,0,02,quantile,0.5,18,2027-03-20
2027-03-20,wk inc flu hosp,0,02,quantile,0.55,18,2027-03-20
2027-03-20,wk inc flu hosp,0,02,quantile,0.6,19,2027-03-20
2027-03-20,wk inc flu hosp,0,02,quantile,0.65,20,2027-03-20
2027-03-20,wk inc flu hosp,0,02,quantile,0.7,21,2027-03-20
2027-03-20,wk inc flu hosp,0,02,quantile,0.75,22,2027-03-20
2027-03-20,wk inc flu hosp,0,02,quantile,0.8,22,2027-03-20
2027-03-20,wk inc flu hosp,0,02,quantile,0.85,24,2027-03-20
2027-03-20,wk inc flu hosp,0,02,quantile,0.9,25,2027-03-20
2027-03-20,wk inc flu hosp,0,02,quantile,0.95,30,2027-03-20
2027-03-20,wk inc flu hosp,0,02,quantile,0.975,31,2027-03-20
2027-03-20,wk inc flu hosp,0,02,quantile,0.99,33,2027-03-20
2027-03-20,wk inc flu hosp,0,04,quantile,0.01,190,2027-03-20
2027-03-20,wk inc flu hosp,0,04,quantile,0.025,192,2027-03-20
2027-03-20,wk inc flu hosp,0,04,quantile,0.05,197,2027-03-20
2027-03-20,wk inc flu hosp,0,04,quantile,0.1,208,2027-03-20
2027-03-20,wk inc flu hosp,0,04,quantile,0.15,213,2027-03-20
2027-03-20,wk inc flu hosp,0,04,quantile,0.2,218,2027-03-20
2027-03-20,wk inc flu hosp,0,04,quantile,0.25,221,2027-03-20
2027-03-20,wk inc flu hosp,0,04,quantile,0.3,237,2027-03-20
2027-03-20,wk inc flu hosp,0,04,quantile,0.35,246,2027-03-20
2027-03-20,wk inc flu hosp,0,04,quantile,0.4,249,2027-03-20
2027-03-20,wk inc flu hosp,0,04,quantile,0.45,253,2027-03-20
2027-03-20,wk inc flu hosp,0,04,quantile,0.5,256,2027-03-20
2027-03-20,wk inc flu hosp,0,04,quantile,0.55,261,2027-03-20
2027-03-20,wk inc flu hosp,0,04,quantile,0.6,268,2027-03-20
2027-03-20,wk inc flu hosp,0,04,quantile,0.65,275,2027-03-20
2027-03-20,wk inc flu hosp,0,04,quantile,0.7,282,2027-03-20
2027-03-20,wk inc flu hosp,0,04,quantile,0.75,288,2027-03-20
2027-03-20,wk inc flu hosp,0,04,quantile,0.8,297,2027-03-20
2027-03-20,wk inc flu hosp,0,04,quantile,0.85,308,2027-03-20
2027-03-20,wk inc flu hosp,0,04,quantile,0.9,325,2027-03-20
2027-03-20,wk inc flu hosp,0,04,quantile,0.95,344,2027-03-20
2027-03-20,wk inc flu hosp,0,04,quantile,0.975,360,2027-03-20
2027-03-20,wk inc flu hosp,0,04,quantile,0.99,363,2027-03-20
2027-03-20,wk inc flu hosp,0,05,quantile,0.01,96,2027-03-20
2027-03-20,wk inc flu hosp,0,05,quantile,0.025,102,2027-03-20
2027-03-20,wk inc flu hosp,0,05,quantile,0.05,107,2027-03-20
2027-03-20,wk inc flu hosp,0,05,quantile,0.1,110,2027-03-20
2027-03-20,wk inc flu hosp,0,05,quantile,0.15,115,2027-03-20
2027-03-20,wk inc flu hosp,0,05,quantile,0.2,121,2027-03-20
2027-03-20,wk inc flu hosp,0,05,quantile,0.25,124,2027-03-20
2027-03-20,wk inc flu hosp,0,05,quantile,0.3,128,2027-03-20
2027-03-20,wk inc flu hosp,0,05,quantile,0.35,129,2027-03-20
2027-03-20,wk inc flu hosp,0,05,quantile,0.4,132,2027-03-20
2027-03-20,wk inc flu hosp,0,05,quantile,0.45,135,2027-03-20
2027-03-20,wk inc flu hosp,0,05,quantile,0.5,138,2027-03-20
2027-03-20,wk inc flu hosp,0,05,quantile,0.55,141,2027-03-20
2027-03-20,wk inc flu hosp,0,05,quantile,0.6,145,2027-03-20
2027-03-20,wk inc flu hosp,0,05,quantile,0.65,147,2027-03-20
2027-03-20,wk inc flu hosp,0,05,quantile,0.7,151,2027-03-20
2027-03-20,wk inc flu hosp,0,05,quantile,0.75,156,2027-03-20
2027-03-20,wk inc flu hosp,0,05,quantile,0.8,160,2027-03-20
2027-03-20,wk inc flu hosp,0,05,quantile,0.85,164,2027-03-20
2027-03-20,wk inc flu hosp,0,05,quantile,0.9,169,2027-03-20
2027-03-20,wk inc flu hosp,0,05,quantile,0.95,183,2027-03-20
2027-03-20,wk inc flu hosp,0,05,quantile,0.975,188,2027-03-20
2027-03-20,wk inc flu hosp,0,05,quantile,0.99,196,2027-03-20
2027-03-20,wk inc flu hosp,0,06,quantile,0.01,491,2027-03-20
2027-03-20,wk inc flu hosp,0,06,quantile,0.025,507,2027-03-20
2027-03-20,wk inc flu hosp,0,06,quantile,0.05,530,2027-03-20
2027-03-20,wk inc flu hosp,0,06,quantile,0.1,568,2027-03-20
2027-03-20,wk inc flu hosp,0,06,quantile,0.15,596,2027-03-20
2027-03-20,wk inc flu hosp,0,06,quantile,0.2,615,2027-03-20
2027-03-20,wk inc flu hosp,0,06,quantile,0.25,624,2027-03-20
2027-03-20,wk inc flu hosp,0,06,quantile,0.3,647,2027-03-20
2027-03-20,wk inc flu hosp,0,06,quantile,0.35,664,2027-03-20
2027-03-20,wk inc flu hosp,0,06,quantile,0.4,673,2027-03-20
2027-03-20,wk inc flu hosp,0,06,quantile,0.45,685,2027-03-20
2027-03-20,wk inc flu hosp,0,06,quantile,0.5,698,2027-03-20
2027-03-20,wk inc flu hosp,0,06,quantile,0.55,716,2027-03-20
2027-03-20,wk inc flu hosp,0,06,quantile,0.6,727,2027-03-20
2027-03-20,wk inc flu hosp,0,06,quantile,0.65,745,2027-03-20
2027-03-20,wk inc flu hosp,0,06,quantile,0.7,750,2027-03-20
2027-03-20,wk inc flu hosp,0,06,quantile,0.75,765,2027-03-20
2027-03-20,wk inc flu hosp,0,06,quantile,0.8,780,2027-03-20
2027-03-20,wk inc flu hosp,0,06,quantile,0.85,795,2027-03-20
2027-03-20,wk inc flu hosp,0,06,quantile,0.9,817,2027-03-20
2027-03-20,wk inc flu hosp,0,06,quantile,0.95,841,2027-03-20
2027-03-20,wk inc flu hosp,0,06,quantile,0.975,856,2027-03-20
2027-03-20,wk inc flu hosp,0,06,quantile,0.99,915,2027-03-20
2027-03-20,wk inc flu hosp,0,08,quantile,0.01,109,2027-03-20
2027-03-20,wk inc flu hosp,0,08,quantile,0.025,115,2027-03-20
2027-03-20,wk inc flu hosp,0,08,quantile,0.05,123,2027-03-20
2027-03-20,wk inc flu hosp,0,08,quantile,0.1,129,2027-03-20
2027-03-20,wk inc flu hosp,0,08,quantile,0.15,132,2027-03-20
2027-03-20,wk inc flu hosp,0,08,quantile,0.2,136,2027-03-20
2027-03-20,wk inc flu hosp,0,08,quantile,0.25,140,2027-03-20
2027-03-20,wk inc flu hosp,0,08,quantile,0.3,143,2027-03-20
2027-03-20,wk inc flu hosp,0,08,quantile,0.35,145,2027-03-20
2027-03-20,wk inc flu hosp,0,08,quantile,0.4,149,2027-03-20
2027-03-20,wk inc flu hosp,0,08,quantile,0.45,155,2027-03-20
2027-03-20,wk inc flu hosp,0,08,quantile,0.5,157,2027-03-20
2027-03-20,wk inc flu hosp,0,08,quantile,0.55,159,2027-03-20
2027-03-20,wk inc flu hosp,0,08,quantile,0.6,160,2027-03-20
2027-03-20,wk inc flu hosp,0,08,quantile,0.65,163,2027-03-20
2027-03-20,wk inc flu hosp,0,08,quantile,0.7,164,2027-03-20
2027-03-20,wk inc flu hosp,0,08,quantile,0.75,167,2027-03-20
2027-03-20,wk inc flu hosp,0,08,quantile,0.8,172,2027-03-20
2027-03-20,wk inc flu hosp,0,08,quantile,0.85,178,2027-03-20
2027-03-20,wk inc flu hosp,0,08,quantile,0.9,183,2027-03-20
2027-03-20,wk inc flu hosp,0,08,quantile,0.95,191,2027-03-20
2027-03-20,wk inc flu hosp,0,08,quantile,0.975,197,2027-03-20
2027-03-20,wk inc flu hosp,0,08,quantile,0.99,205,2027-03-20
2027-03-20,wk inc flu hosp,0,09,quantile,0.01,61,2027-03-20
2027-03-20,wk inc flu hosp,0,09,quantile,0.025,63,2027-03-20
2027-03-20,wk inc flu hosp,0,09,quantile,0.05,68,2027-03-20
2027-03-20,wk inc flu hosp,0,09,quantile,0.1,71,2027-03-20
2027-03-20,wk inc flu hosp,0,09,quantile,0.15,75,2027-03-20
2027-03-20,wk inc flu hosp,0,09,quantile,0.2,77,2027-03-20
2027-03-20,wk inc flu hosp,0,09,quantile,0.25,79,2027-03-20
2027-03-20,wk inc flu hosp,0,09,quantile,0.3,82,2027-03-20
2027-03-20,wk inc flu hosp,0,09,quantile,0.35,86,2027-03-20
2027-03-20,wk inc flu hosp,0,09,quantile,0.4,87,2027-03-20
2027-03-20,wk inc flu hosp,0,09,quantile,0.45,90,2027-03-20
2027-03-20,wk inc flu hosp,0,09,quantile,0.5,91,2027-03-20
2027-03-20,wk inc flu hosp,0,09,quantile,0.55,93,2027-03-20
2027-03-20,wk inc flu hosp,0,09,quantile,0.6,94,2027-03-20
2027-03-20,wk inc flu hosp,0,09,quantile,0.65,96,2027-03-20
2027-03-20,wk inc flu hosp,0,09,quantile,0.7,99,2027-03-20
2027-03-20,wk inc flu hosp,0,09,quantile,0.75,102,2027-03-20
2027-03-20,wk inc flu hosp,0,09,quantile,0.8,105,2027-03-20
2027-03-20,wk inc flu hosp,0,09,quantile,0.85,108,2027-03-20
2027-03-20,wk inc flu hosp,0,09,quantile,0.9,112,2027-03-20
2027-03-20,wk inc flu hosp,0,09,quantile,0.95,121,2027-03-20
2027-03-20,wk inc flu hosp,0,09,quantile,0.975,129,2027-03-20
2027-03-20,wk inc flu hosp,0,09,quantile,0.99,136,2027-03-20
2027-03-20,wk inc flu hosp,0,10,quantile,0.01,18,2027-03-20
2027-03-20,wk inc flu hosp,0,10,quantile,0.025,21,2027-03-20
2027-03-20,wk inc flu hosp,0,10,quantile,0.05,22,2027-03-20
2027-03-20,wk inc flu hosp,0,10,quantile,0.1,25,2027-03-20
2027-03-20,wk inc flu hosp,0,10,quantile,0.15,26,2027-03-20
2027-03-20,wk inc flu hosp,0,10,quantile,0.2,28,2027-03-20
2027-03-20,wk inc flu hosp,0,10,quantile,0.25,29,2027-03-20
2027-03-20,wk inc flu hosp,0,10,quantile,0.3,30,2027-03-20
2027-03-20,wk inc flu hosp,0,10,quantile,0.35,31,2027-03-20
2027-03-20,wk inc flu hosp,0,10,quantile,0.4,32,2027-03-20
2027-03-20,wk inc flu hosp,0,10,quantile,0.45,33,2027-03-20
2027-03-20,wk inc flu hosp,0,10,quantile,0.5,34,2027-03-20
2027-03-20,wk inc flu hosp,0,10,quantile,0.55,36,2027-03-20
2027-03-20,wk inc flu hosp,0,10,quantile,0.6,38,2027-03-20
2027-03-20,wk inc flu hosp,0,10,quantile,0.65,38,2027-03-20
2027-03-20,wk inc flu hosp,0,10,quantile,0.7,39,2027-03-20
2027-03-20,wk inc flu hosp,0,10,quantile,0.75,40,2027-03-20
2027-03-20,wk inc flu hosp,0,10,quantile,0.8,42,2027-03-20
2027-03-20,wk inc flu hosp,0,10,quantile,0.85,43,2027-03-20
2027-03-20,wk inc flu hosp,0,10,quantile,0.9,46,2027-03-20
2027-03-20,wk inc flu hosp,0,10,quantile,0.95,49,2027-03-20
2027-03-20,wk inc flu hosp,0,10,quantile,0.975,53,2027-03-20
2027-03-20,wk inc flu hosp,0,10,quantile,0.99,57,2027-03-20
2027-03-20,wk inc flu hosp,0,11,quantile,0.01,15,2027-03-20
2027-03-20,wk inc flu hosp,0,11,quantile,0.025,17,2027-03-20
2027-03-20,wk inc flu hosp,0,11,quantile,0.05,19,2027-03-20
2027-03-20,wk inc flu hosp,0,11,quantile,0.1,21,2027-03-20
2027-03-20,wk inc flu hosp,0,11,quantile,0.15,23,2027-03-20
2027-03-20,wk inc flu hosp,0,11,quantile,0.2,24,2027-03-20
2027-03-20,wk inc flu hosp,0,11,quantile,0.25,25,2027-03-20
2027-03-20,wk inc flu hosp,0,11,quantile,0.3,26,2027-03-20
2027-03-20,wk inc flu hosp,0,11,quantile,0.35,28,2027-03-20
2027-03-20,wk inc flu hosp,0,11,quantile,0.4,29,2027-03-20
2027-03-20,wk inc flu hosp,0,11,quantile,0.45,30,2027-03-20
2027-03-20,wk inc flu hosp,0,11,quantile,0.5,31,2027-03-20
2027-03-20,wk inc flu hosp,0,11,quantile,0.55,32,2027-03-20
2027-03-20,wk inc flu hosp,0,11,quantile,0.6,33,2027-03-20
2027-03-20,wk inc flu hosp,0,11,quantile,0.65,34,2027-03-20
2027-03-20,wk inc flu hosp,0,11,quantile,0.7,35,2027-03-20
2027-03-20,wk inc flu hosp,0,11,quantile,0.75,36,2027-03-20
2027-03-20,wk inc flu hosp,0,11,quantile,0.8,37,2027-03-20
2027-03-20,wk inc flu hosp,0,11,quantile,0.85,39,2027-03-20
2027-03-20,wk inc flu hosp,0,11,quantile,0.9,43,2027-03-20
2027-03-20,wk inc flu hosp,0,11,quantile,0.95,49,2027-03-20
2027-03-20,wk inc flu hosp,0,11,quantile,0.975,52,2027-03-20
2027-03-20,wk inc flu hosp,0,11,quantile,0.99,56,2027-03-20
2027-03-20,wk inc flu hosp,0,12,quantile,0.01,551,2027-03-20
2027-03-20,wk inc flu hosp,0,12,quantile,0.025,566,2027-03-20
2027-03-20,wk inc flu hosp,0,12,quantile,0.05,583,2027-03-20
2027-03-20,wk inc flu hosp,0,12,quantile,0.1,612,2027-03-20
2027-03-20,wk inc flu hosp,0,12,quantile,0.15,628,2027-03-20
2027-03-20,wk inc flu hosp,0,12,quantile,0.2,650,2027-03-20
2027-03-20,wk inc flu hosp,0,12,quantile,0.25,660,2027-03-20
2027-03-20,wk inc flu hosp,0,12,quantile,0.3,676,2027-03-20
2027-03-20,wk inc flu hosp,0,12,quantile,0.35,684,2027-03-20
2027-03-20,wk inc flu hosp,0,12,quantile,0.4,700,2027-03-20
2027-03-20,wk inc flu hosp,0,12,quantile,0.45,717,2027-03-20
2027-03-20,wk inc flu hosp,0,12,quantile,0.5,730,2027-03-20
2027-03-20,wk inc flu hosp,0,12,quantile,0.55,739,2027-03-20
2027-03-20,wk inc flu hosp,0,12,quantile,0.6,756,2027-03-20
2027-03-20,wk inc flu hosp,0,12,quantile,0.65,766,2027-03-20
2027-03-20,wk inc flu hosp,0,12,quantile,0.7,779,2027-03-20
2027-03-20,wk inc flu hosp,0,12,quantile,0.75,790,2027-03-20
2027-03-20,wk inc flu hosp,0,12,quantile,0.8,811,2027-03-20
2027-03-20,wk inc flu hosp,0,12,quantile,0.85,837,2027-03-20
2027-03-20,wk inc flu hosp,0,12,quantile,0.9,887,2027-03-20
2027-03-20,wk inc flu hosp,0,12,quantile,0.95,928,2027-03-20
2027-03-20,wk inc flu hosp,0,12,quantile,0.975,965,2027-03-20
2027-03-20,wk inc flu hosp,0,12,quantile,0.99,988,2027-03-20
2027-03-20,wk inc flu hosp,0,13,quantile,0.01,96,2027-03-20
2027-03-20,wk inc flu hosp,0,13,quantile,0.025,105,2027-03-20
2027-03-20,wk inc flu hosp,0,13,quantile,0.05,108,2027-03-20
2027-03-20,wk inc flu hosp,0,13,quantile,0.1,115,2027-03-20
2027-03-20,wk inc flu hosp,0,13,quantile,0.15,119,2027-03-20
2027-03-20,wk inc flu hosp,0,13,quantile,0.2,125,2027-03-20
2027-03-20,wk inc flu hosp,0,13,quantile,0.25,129,2027-03-20
2027-03-20,wk inc flu hosp,0,13,quantile,0.3,132,2027-03-20
2027-03-20,wk inc flu hosp,0,13,quantile,0.35,135,2027-03-20
2027-03-20,wk inc flu hosp,0,13,quantile,0.4,139,2027-03-20
2027-03-20,wk inc flu hosp,0,13,quantile,0.45,142,2027-03-20
2027-03-20,wk inc flu hosp,0,13,quantile,0.5,146,2027-03-20
2027-03-20,wk inc flu hosp,0,13,quantile,0.55,148,2027-03-20
2027-03-20,wk inc flu hosp,0,13,quantile,0.6,152,2027-03-20
2027-03-20,wk inc flu hosp,0,13,quantile,0.65,157,2027-03-20
2027-03-20,wk inc flu hosp,0,13,quantile,0.7,162,2027-03-20
2027-03-20,wk inc flu hosp,0,13,quantile,0.75,169,2027-03-20
2027-03-20,wk inc flu hosp,0,13,quantile,0.8,173,2027-03-20
2027-03-20,wk inc flu hosp,0,13,quantile,0.85,177,2027-03-20
2027-03-20,wk inc flu hosp,0,13,quantile,0.9,184,2027-03-20
2027-03-20,wk inc flu hosp,0,13,quantile,0.95,194,2027-03-20
2027-03-20,wk inc flu hosp,0,13,quantile,0.975,212,2027-03-20
2027-03-20,wk inc flu hosp,0,13,quantile,0.99,220,2027-03-20
2027-03-20,wk inc flu hosp,0,15,quantile,0.01,17,2027-03-20
2027-03-20,wk inc flu hosp,0,15,quantile,0.025,22,2027-03-20
2027-03-20,wk inc flu hosp,0,15,quantile,0.05,23,2027-03-20
2027-03-20,wk inc flu hosp,0,15,quantile,0.1,26,2027-03-20
2027-03-20,wk inc flu hosp,0,15,quantile,0.15,28,2027-03-20
2027-03-20,wk inc flu hosp,0,15,quantile,0.2,29,2027-03-20
2027-03-20,wk inc flu hosp,0,15,quantile,0.25,30,2027-03-20
2027-03-20,wk inc flu hosp,0,15,quantile,0.3,32,2027-03-20
2027-03-20,wk inc flu hosp,0,15,quantile,0.35,34,2027-03-20
2027-03-20,wk inc flu hosp,0,15,quantile,0.4,34,2027-03-20
2027-03-20,wk inc flu hosp,0,15,quantile,0.45,35,2027-03-20
2027-03-20,wk inc flu hosp,0,15,quantile,0.5,37,2027-03-20
2027-03-20,wk inc flu hosp,0,15,quantile,0.55,38,2027-03-20
2027-03-20,wk inc flu hosp,0,15,quantile,0.6,39,2027-03-20
2027-03-20,wk inc flu hosp,0,15,quantile,0.65,42,2027-03-20
2027-03-20,wk inc flu hosp,0,15,quantile,0.7,43,2027-03-20
2027-03-20,wk inc flu hosp,0,15,quantile,0.75,44,2027-03-20
2027-03-20,wk inc flu hosp,0,15,quantile,0.8,46,2027-03-20
2027-03-20,wk inc flu hosp,0,15,quantile,0.85,47,2027-03-20
2027-03-20,wk inc flu hosp,0,15,quantile,0.9,49,2027-03-20
2027-03-20,wk inc flu hosp,0,15,quantile,0.95,53,2027-03-20
2027-03-20,wk inc flu hosp,0,15,quantile,0.975,54,2027-03-20
2027-03-20,wk inc flu hosp,0,15,quantile,0.99,56,2027-03-20
2027-03-20,wk inc flu hosp,0,16,quantile,0.01,63,2027-03-20
2027-03-20,wk inc flu hosp,0,16,quantile,0.025,64,2027-03-20
2027-03-20,wk inc flu hosp,0,16,quantile,0.05,72,2027-03-20
2027-03-20,wk inc flu hosp,0,16,quantile,0.1,74,2027-03-20
2027-03-20,wk inc flu hosp,0,16,quantile,0.15,78,2027-03-20
2027-03-20,wk inc flu hosp,0,16,quantile,0.2,79,2027-03-20
2027-03-20,wk inc flu hosp,0,16,quantile,0.25,81,2027-03-20
2027-03-20,wk inc flu hosp,0,16,quantile,0.3,82,2027-03-20
2027-03-20,wk inc flu hosp,0,16,quantile,0.35,85,2027-03-20
2027-03-20,wk inc flu hosp,0,16,quantile,0.4,87,2027-03-20
2027-03-20,wk inc flu hosp,0,16,quantile,0.45,89,2027-03-20
2027-03-20,wk inc flu hosp,0,16,quantile,0.5,90,2027-03-20
2027-03-20,wk inc flu hosp,0,16,quantile,0.55,93,2027-03-20
2027-03-20,wk inc flu hosp,0,16,quantile,0.6,95,2027-03-20
2027-03-20,wk inc flu hosp,0,16,quantile,0.65,97,2027-03-20
2027-03-20,wk inc flu hosp,0,16,quantile,0.7,98,2027-03-20
2027-03-20,wk inc flu hosp,0,16,quantile,0.75,101,2027-03-20
2027-03-20,wk inc flu hosp,0,16,quantile,0.8,104,2027-03-20
2027-03-20,wk inc flu hosp,0,16,quantile,0.85,106,2027-03-20
2027-03-20,wk inc flu hosp,0,16,quantile,0.9,111,2027-03-20
2027-03-20,wk inc flu hosp,0,16,quantile,0.95,118,2027-03-20
2027-03-20,wk inc flu hosp,0,16,quantile,0.975,125,2027-03-20
2027-03-20,wk inc flu hosp,0,16,quantile,0.99,134,2027-03-20
2027-03-20,wk inc flu hosp,0,17,quantile,0.01,257,2027-03-20
2027-03-20,wk inc flu hosp,0,17,quantile,0.025,265,2027-03-20
2027-03-20,wk inc flu hosp,0,17,quantile,0.05,270,2027-03-20
2027-03-20,wk inc flu hosp,0,17,quantile,0.1,287,2027-03-20
2027-03-20,wk inc flu hosp,0,17,quantile,0.15,294,2027-03-20
2027-03-20,wk inc flu hosp,0,17,quantile,0.2,300,2027-03-20
2027-03-20,wk inc flu hosp,0,17,quantile,0.25,309,2027-03-20
2027-03-20,wk inc flu hosp,0,17,quantile,0.3,317,2027-03-20
2027-03-20,wk inc flu hosp,0,17,quantile,0.35,321,2027-03-20
2027-03-20,wk inc flu hosp,0,17,quantile,0.4,327,2027-03-20
2027-03-20,wk inc flu hosp,0,17,quantile,0.45,331,2027-03-20
2027-03-20,wk inc flu hosp,0,17,quantile,0.5,334,2027-03-20
2027-03-20,wk inc flu hosp,0,17,quantile,0.55,339,2027-03-20
2027-03-20,wk inc flu hosp,0,17,quantile,0.6,347,2027-03-20
2027-03-20,wk inc flu hosp,0,17,quantile,0.65,354,2027-03-20
2027-03-20,wk inc flu hosp,0,17,quantile,0.7,361,2027-03-20
2027-03-20,wk inc flu hosp,0,17,quantile,0.75,371,2027-03-20
2027-03-20,wk inc flu hosp,0,17,quantile,0.8,379,2027-03-20
2027-03-20,wk inc flu hosp,0,17,quantile,0.85,389,2027-03-20
2027-03-20,wk inc flu hosp,0,17,quantile,0.9,400,2027-03-20
2027-03-20,wk inc flu hosp,0,17,quantile,0.95,422,2027-03-20
2027-03-20,wk inc flu hosp,0,17,quantile,0.975,439,2027-03-20
2027-03-20,wk inc flu hosp,0,17,quantile,0.99,469,2027-03-20
2027-03-20,wk inc flu hosp,0,18,quantile,0.01,212,2027-03-20
2027-03-20,wk inc flu hosp,0,18,quantile,0.025,217,2027-03-20
2027-03-20,wk inc flu hosp,0,18,quantile,0.05,220,2027-03-20
2027-03-20,wk inc flu hosp,0,18,quantile,0.1,233,2027-03-20
2027-03-20,wk inc flu hosp,0,18,quantile,0.15,238,2027-03-20
2027-03-20,wk inc flu hosp,0,18,quantile,0.2,245,2027-03-20
2027-03-20,wk inc flu hosp,0,18,quantile,0.25,251,2027-03-20
2027-03-20,wk inc flu hosp,0,18,quantile,0.3,255,2027-03-20
2027-03-20,wk inc flu hosp,0,18,quantile,0.35,261,2027-03-20
2027-03-20,wk inc flu hosp,0,18,quantile,0.4,265,2027-03-20
2027-03-20,wk inc flu hosp,0,18,quantile,0.45,269,2027-03-20
2027-03-20,wk inc flu hosp,0,18,quantile,0.5,275,2027-03-20
2027-03-20,wk inc flu hosp,0,18,quantile,0.55,280,2027-03-20
2027-03-20,wk inc flu hosp,0,18,quantile,0.6,285,2027-03-20
2027-03-20,wk inc flu hosp,0,18,quantile,0.65,292,2027-03-20
2027-03-20,wk inc flu hosp,0,18,quantile,0.7,297,2027-03-20
2027-03-20,wk inc flu hosp,0,18,quantile,0.75,301,2027-03-20
2027-03-20,wk inc flu hosp,0,18,quantile,0.8,304,2027-03-20
2027-03-20,wk inc flu hosp,0,18,quantile,0.85,308,2027-03-20
2027-03-20,wk inc flu hosp,0,18,quantile,0.9,319,2027-03-20
2027-03-20,wk inc flu hosp,0,18,quantile,0.95,336,2027-03-20
2027-03-20,wk inc flu hosp,0,18,quantile,0.975,345,2027-03-20
2027-03-20,wk inc flu hosp,0,18,quantile,0.99,367,2027-03-20
2027-03-20,wk inc flu hosp,0,19,quantile,0.01,68,2027-03-20
2027-03-20,wk inc flu hosp,0,19,quantile,0.025,75,2027-03-20
2027-03-20,wk inc flu hosp,0,19,quantile,0.05,77,2027-03-20
2027-03-20,wk inc flu hosp,0,19,quantile,0.1,81,2027-03-20
2027-03-20,wk inc flu hosp,0,19,quantile,0.15,87,2027-03-20
2027-03-20,wk inc flu hosp,0,19,quantile,0.2,89,2027-03-20
2027-03-20,wk inc flu hosp,0,19,quantile,0.25,91,2027-03-20
2027-03-20,wk inc flu hosp,0,19,quantile,0.3,93,2027-03-20
2027-03-20,wk inc flu hosp,0,19,quantile,0.35,95,2027-03-20
2027-03-20,wk inc flu hosp,0,19,quantile,0.4,96,2027-03-20
2027-03-20,wk inc flu hosp,0,19,quantile,0.45,97,2027-03-20
2027-03-20,wk inc flu hosp,0,19,quantile,0.5,98,2027-03-20
2027-03-20,wk inc flu hosp,0,19,quantile,0.55,99,2027-03-20
2027-03-20,wk inc flu hosp,0,19,quantile,0.6,101,2027-03-20
2027-03-20,wk inc flu hosp,0,19,quantile,0.65,104,2027-03-20
2027-03-20,wk inc flu hosp,0,19,quantile,0.7,107,2027-03-20
2027-03-20,wk inc flu hosp,0,19,quantile,0.75,111,2027-03-20
2027-03-20,wk inc flu hosp,0,19,quantile,0.8,114,2027-03-20
2027-03-20,wk inc flu hosp,0,19,quantile,0.85,117,2027-03-20
2027-03-20,wk inc flu hosp,0,19,quantile,0.9,123,2027-03-20
2027-03-20,wk inc flu hosp,0,19,quantile,0.95,130,2027-03-20
2027-03-20,wk inc flu hosp,0,19,quantile,0.975,137,2027-03-20
2027-03-20,wk inc flu hosp,0,19,quantile,0.99,140,2027-03-20
2027-03-20,wk inc flu hosp,0,20,quantile,0.01,66,2027-03-20
2027-03-20,wk inc flu hosp,0,20,quantile,0.025,70,2027-03-20
2027-03-20,wk inc flu hosp,0,20,quantile,0.05,75,2027-03-20
2027-03-20,wk inc flu hosp,0,20,quantile,0.1,79,2027-03-20
2027-03-20,wk inc flu hosp,0,20,quantile,0.15,82,2027-03-20
2027-03-20,wk inc flu hosp,0,20,quantile,0.2,85,2027-03-20
2027-03-20,wk inc flu hosp,0,20,quantile,0.25,88,2027-03-20
2027-03-20,wk inc flu hosp,0,20,quantile,0.3,89,2027-03-20
2027-03-20,wk inc flu hosp,0,20,quantile,0.35,91,2027-03-20
2027-03-20,wk inc flu hosp,0,20,quantile,0.4,95,2027-03-20
2027-03-20,wk inc flu hosp,0,20,quantile,0.45,97,2027-03-20
2027-03-20,wk inc flu hosp,0,20,quantile,0.5,98,2027-03-20
2027-03-20,wk inc flu hosp,0,20,quantile,0.55,101,2027-03-20
2027-03-20,wk inc flu hosp,0,20,quantile,0.6,105,2027-03-20
2027-03-20,wk inc flu hosp,0,20,quantile,0.65,108,2027-03-20
2027-03-20,wk inc flu hosp,0,20,quantile,0.7,109,2027-03-20
2027-03-20,wk inc flu hosp,0,20,quantile,0.75,110,2027-03-20
2027-03-20,wk inc flu hosp,0,20,quantile,0.8,111,2027-03-20
2027-03-20,wk inc flu hosp,0,20,quantile,0.85,114,2027-03-20
2027-03-20,wk inc flu hosp,0,20,quantile,0.9,118,2027-03-20
2027-03-20,wk inc flu hosp,0,20,quantile,0.95,124,2027-03-20
2027-03-20,wk inc flu hosp,0,20,quantile,0.975,130,2027-03-20
2027-03-20,wk inc flu hosp,0,20,quantile,0.99,131,2027-03-20
2027-03-20,wk inc flu hosp,0,21,quantile,0.01,153,2027-03-20
2027-03-20,wk inc flu hosp,0,21,quantile,0.025,167,2027-03-20
2027-03-20,wk inc flu hosp,0,21,quantile,0.05,179,2027-03-20
2027-03-20,wk inc flu hosp,0,21,quantile,0.1,189,2027-03-20
2027-03-20,wk inc flu hosp,0,21,quantile,0.15,193,2027-03-20
2027-03-20,wk inc flu hosp,0,21,quantile,0.2,201,2027-03-20
2027-03-20,wk inc flu hosp,0,21,quantile,0.25,205,2027-03-20
2027-03-20,wk inc flu hosp,0,21,quantile,0.3,209,2027-03-20
2027-03-20,wk inc flu hosp,0,21,quantile,0.35,213,2027-03-20
2027-03-20,wk inc flu hosp,0,21,quantile,0.4,216,2027-03-20
2027-03-20,wk inc flu hosp,0,21,quantile,0.45,221,2027-03-20
2027-03-20,wk inc flu hosp,0,21,quantile,0.5,224,2027-03-20
2027-03-20,wk inc flu hosp,0,21,quantile,0.55,228,2027-03-20
2027-03-20,wk inc flu hosp,0,21,quantile,0.6,232,2027-03-20
2027-03-20,wk inc flu hosp,0,21,quantile,0.65,237,2027-03-20
2027-03-20,wk inc flu hosp,0,21,quantile,0.7,240,2027-03-20
2027-03-20,wk inc flu hosp,0,21,quantile,0.75,249,2027-03-20
2027-03-20,wk inc flu hosp,0,21,quantile,0.8,254,2027-03-20
2027-03-20,wk inc flu hosp,0,21,quantile,0.85,263,2027-03-20
2027-03-20,wk inc flu hosp,0,21,quantile,0.9,267,2027-03-20
2027-03-20,wk inc flu hosp,0,21,quantile,0.95,274,2027-03-20
2027-03-20,wk inc flu hosp,0,21,quantile,0.975,284,2027-03-20
2027-03-20,wk inc flu hosp,0,21,quantile,0.99,307,2027-03-20
2027-03-20,wk inc flu hosp,0,22,quantile,0.01,83,2027-03-20
2027-03-20,wk inc flu hosp,0,22,quantile,0.025,90,2027-03-20
2027-03-20,wk inc flu hosp,0,22,quantile,0.05,98,2027-03-20
2027-03-20,wk inc flu hosp,0,22,quantile,0.1,103,2027-03-20
2027-03-20,wk inc flu hosp,0,22,quantile,0.15,109,2027-03-20
2027-03-20,wk inc flu hosp,0,22,quantile,0.2,112,2027-03-20
2027-03-20,wk inc flu hosp,0,22,quantile,0.25,115,2027-03-20
2027-03-20,wk inc flu hosp,0,22,quantile,0.3,117,2027-03-20
2027-03-20,wk inc flu hosp,0,22,quantile,0.35,119,2027-03-20
2027-03-20,wk inc flu hosp,0,22,quantile,0.4,122,2027-03-20
2027-03-20,wk inc flu hosp,0,22,quantile,0.45,126,2027-03-20
2027-03-20,wk inc flu hosp,0,22,quantile,0.5,127,2027-03-20
2027-03-20,wk inc flu hosp,0,22,quantile,0.55,133,2027-03-20
2027-03-20,wk inc flu hosp,0,22,quantile,0.6,136,2027-03-20
2027-03-20,wk inc flu hosp,0,22,quantile,0.65,139,2027-03-20
2027-03-20,wk inc flu hosp,0,22,quantile,0.7,141,2027-03-20
2027-03-20,wk inc flu hosp,0,22,quantile,0.75,145,2027-03-20
2027-03-20,wk inc flu hosp,0,22,quantile,0.8,149,2027-03-20
2027-03-20,wk inc flu hosp,0,22,quantile,0.85,155,2027-03-20
2027-03-20,wk inc flu hosp,0,22,quantile,0.9,163,2027-03-20
2027-03-20,wk inc flu hosp,0,22,quantile,0.95,166,2027-03-20
2027-03-20,wk inc flu hosp,0,22,quantile,0.975,169,2027-03-20
2027-03-20,wk inc flu hosp,0,22,quantile,0.99,174,2027-03-20
2027-03-20,wk inc flu hosp,0,23,quantile,0.01,32,2027-03-20
2027-03-20,wk inc flu hosp,0,23,quantile,0.025,33,2027-03-20
2027-03-20,wk inc flu hosp,0,23,quantile,0.05,34,2027-03-20
2027-03-20,wk inc flu hosp,0,23,quantile,0.1,37,2027-03-20
2027-03-20,wk inc flu hosp,0,23,quantile,0.15,40,2027-03-20
2027-03-20,wk inc flu hosp,0,23,quantile,0.2,42,2027-03-20
2027-03-20,wk inc flu hosp,0,23,quantile,0.25,44,2027-03-20
2027-03-20,wk inc flu hosp,0,23,quantile,0.3,45,2027-03-20
2027-03-20,wk inc flu hosp,0,23,quantile,0.35,47,2027-03-20
2027-03-20,wk inc flu hosp,0,23,quantile,0.4,48,2027-03-20
2027-03-20,wk inc flu hosp,0,23,quantile,0.45,48,2027-03-20
2027-03-20,wk inc flu hosp,0,23,quantile,0.5,50,2027-03-20
2027-03-20,wk inc flu hosp,0,23,quantile,0.55,51,2027-03-20
2027-03-20,wk inc flu hosp,0,23,quantile,0.6,52,2027-03-20
2027-03-20,wk inc flu hosp,0,23,quantile,0.65,54,2027-03-20
2027-03-20,wk inc flu hosp,0,23,quantile,0.7,55,2027-03-20
2027-03-20,wk inc flu hosp,0,23,quantile,0.75,57,2027-03-20
2027-03-20,wk inc flu hosp,0,23,quantile,0.8,59,2027-03-20
2027-03-20,wk inc flu hosp,0,23,quantile,0.85,61,2027-03-20
2027-03-20,wk inc flu hosp,0,23,quantile,0.9,63,2027-03-20
2027-03-20,wk inc flu hosp,0,23,quantile,0.95,68,2027-03-20
2027-03-20,wk inc flu hosp,0,23,quantile,0.975,71,2027-03-20
2027-03-20,wk inc flu hosp,0,23,quantile,0.99,72,2027-03-20
2027-03-20,wk inc flu hosp,0,24,quantile,0.01,86,2027-03-20
2027-03-20,wk inc flu hosp,0,24,quantile,0.025,92,2027-03-20
2027-03-20,wk inc flu hosp,0,24,quantile,0.05,93,2027-03-20
2027-03-20,wk inc flu hosp,0,24,quantile,0.1,103,2027-03-20
2027-03-20,wk inc flu hosp,0,24,quantile,0.15,105,2027-03-20
2027-03-20,wk inc flu hosp,0,24,quantile,0.2,109,2027-03-20
2027-03-20,wk inc flu hosp,0,24,quantile,0.25,113,2027-03-20
2027-03-20,wk inc flu hosp,0,24,quantile,0.3,116,2027-03-20
2027-03-20,wk inc flu hosp,0,24,quantile,0.35,121,2027-03-20
2027-03-20,wk inc flu hosp,0,24,quantile,0.4,123,2027-03-20
2027-03-20,wk inc flu hosp,0,24,quantile,0.45,126,2027-03-20
2027-03-20,wk inc flu hosp,0,24,quantile,0.5,128,2027-03-20
2027-03-20,wk inc flu hosp,0,24,quantile,0.55,133,2027-03-20
2027-03-20,wk inc flu hosp,0,24,quantile,0.6,136,2027-03-20
2027-03-20,wk inc flu hosp,0,24,quantile,0.65,139,2027-03-20
2027-03-20,wk inc flu hosp,0,24,quantile,0.7,142,2027-03-20
2027-03-20,wk inc flu hosp,0,24,quantile,0.75,145,2027-03-20
2027-03-20,wk inc flu hosp,0,24,quantile,0.8,150,2027-03-20
2027-03-20,wk inc flu hosp,0,24,quantile,0.85,153,2027-03-20
2027-03-20,wk inc flu hosp,0,24,quantile,0.9,162,2027-03-20
2027-03-20,wk inc flu hosp,0,24,quantile,0.95,170,2027-03-20
2027-03-20,wk inc flu hosp,0,24,quantile,0.975,175,2027-03-20
2027-03-20,wk inc flu hosp,0,24,quantile,0.99,184,2027-03-20
2027-03-20,wk inc flu hosp,0,25,quantile,0.01,144,2027-03-20
2027-03-20,wk inc flu hosp,0,25,quantile,0.025,153,2027-03-20
2027-03-20,wk inc flu hosp,0,25,quantile,0.05,159,2027-03-20
2027-03-20,wk inc flu hosp,0,25,quantile,0.1,172,2027-03-20
2027-03-20,wk inc flu hosp,0,25,quantile,0.15,178,2027-03-20
2027-03-20,wk inc flu hosp,0,25,quantile,0.2,182,2027-03-20
2027-03-20,wk inc flu hosp,0,25,quantile,0.25,186,2027-03-20
2027-03-20,wk inc flu hosp,0,25,quantile,0.3,190,2027-03-20
2027-03-20,wk inc flu hosp,0,25,quantile,0.35,194,2027-03-20
2027-03-20,wk inc flu hosp,0,25,quantile,0.4,198,2027-03-20
2027-03-20,wk inc flu hosp,0,25,quantile,0.45,203,2027-03-20
2027-03-20,wk inc flu hosp,0,25,quantile,0.5,207,2027-03-20
2027-03-20,wk inc flu hosp,0,25,quantile,0.55,209,2027-03-20
2027-03-20,wk inc flu hosp,0,25,quantile,0.6,213,2027-03-20
2027-03-20,wk inc flu hosp,0,25,quantile,0.65,216,2027-03-20
2027-03-20,wk inc flu hosp,0,25,quantile,0.7,219,2027-03-20
2027-03-20,wk inc flu hosp,0,25,quantile,0.75,228,2027-03-20
2027-03-20,wk inc flu hosp,0,25,quantile,0.8,233,2027-03-20
2027-03-20,wk inc flu hosp,0,25,quantile,0.85,238,2027-03-20
2027-03-20,wk inc flu hosp,0,25,quantile,0.9,246,2027-03-20
2027-03-20,wk inc flu hosp,0,25,quantile,0.95,258,2027-03-20
2027-03-20,wk inc flu hosp,0,25,quantile,0.975,266,2027-03-20
2027-03-20,wk inc flu hosp,0,25,quantile,0.99,278,2027-03-20
2027-03-20,wk inc flu hosp,0,26,quantile,0.01,448,2027-03-20
2027-03-20,wk inc flu hosp,0,26,quantile,0.025,480,2027-03-20
2027-03-20,wk inc flu hosp,0,26,quantile,0.05,500,2027-03-20
2027-03-20,wk inc flu hosp,0,26,quantile,0.1,521,2027-03-20
2027-03-20,wk inc flu hosp,0,26,quantile,0.15,543,2027-03-20
2027-03-20,wk inc flu hosp,0,26,quantile,0.2,558,2027-03-20
2027-03-20,wk inc flu hosp,0,26,quantile,0.25,573,2027-03-20
2027-03-20,wk inc flu hosp,0,26,quantile,0.3,588,2027-03-20
2027-03-20,wk inc flu hosp,0,26,quantile,0.35,596,2027-03-20
2027-03-20,wk inc flu hosp,0,26,quantile,0.4,610,2027-03-20
2027-03-20,wk inc flu hosp,0,26,quantile,0.45,615,2027-03-20
2027-03-20,wk inc flu hosp,0,26,quantile,0.5,622,2027-03-20
2027-03-20,wk inc flu hosp,0,26,quantile,0.55,633,2027-03-20
2027-03-20,wk inc flu hosp,0,26,quantile,0.6,645,2027-03-20
2027-03-20,wk inc flu hosp,0,26,quantile,0.65,651,2027-03-20
2027-03-20,wk inc flu hosp,0,26,quantile,0.7,665,2027-03-20
2027-03-20,wk inc flu hosp,0,26,quantile,0.75,678,2027-03-20
2027-03-20,wk inc flu hosp,0,26,quantile,0.8,692,2027-03-20
2027-03-20,wk inc flu hosp,0,26,quantile,0.85,712,2027-03-20
2027-03-20,wk inc flu hosp,0,26,quantile,0.9,732,2027-03-20
2027-03-20,wk inc flu hosp,0,26,quantile,0.95,767,2027-03-20
2027-03-20,wk inc flu hosp,0,26,quantile,0.975,798,2027-03-20
2027-03-20,wk inc flu hosp,0,26,quantile,0.99,841,2027-03-20
2027-03-20,wk inc flu hosp,0,27,quantile,0.01,122,2027-03-20
2027-03-20,wk inc flu hosp,0,27,quantile,0.025,133,2027-03-20
2027-03-20,wk inc flu hosp,0,27,quantile,0.05,140,2027-03-20
2027-03-20,wk inc flu hosp,0,27,quantile,0.1,152,2027-03-20
2027-03-20,wk inc flu hosp,0,27,quantile,0.15,160,2027-03-20
2027-03-20,wk inc flu hosp,0,27,quantile,0.2,166,2027-03-20
2027-03-20,wk inc flu hosp,0,27,quantile,0.25,179,2027-03-20
2027-03-20,wk inc flu hosp,0,27,quantile,0.3,183,2027-03-20
2027-03-20,wk inc flu hosp,0,27,quantile,0.35,189,2027-03-20
2027-03-20,wk inc flu hosp,0,27,quantile,0.4,191,2027-03-20
2027-03-20,wk inc flu hosp,0,27,quantile,0.45,194,2027-03-20
2027-03-20,wk inc flu hosp,0,27,quantile,0.5,197,2027-03-20
2027-03-20,wk inc flu hosp,0,27,quantile,0.55,198,2027-03-20
2027-03-20,wk inc flu hosp,0,27,quantile,0.6,203,2027-03-20
2027-03-20,wk inc flu hosp,0,27,quantile,0.65,207,2027-03-20
2027-03-20,wk inc flu hosp,0,27,quantile,0.7,210,2027-03-20
2027-03-20,wk inc flu hosp,0,27,quantile,0.75,214,2027-03-20
2027-03-20,wk inc flu hosp,0,27,quantile,0.8,221,2027-03-20
2027-03-20,wk inc flu hosp,0,27,quantile,0.85,228,2027-03-20
2027-03-20,wk inc flu hosp,0,27,quantile,0.9,236,2027-03-20
2027-03-20,wk inc flu hosp,0,27,quantile,0.95,251,2027-03-20
2027-03-20,wk inc flu hosp,0,27,quantile,0.975,265,2027-03-20
2027-03-20,wk inc flu hosp,0,27,quantile,0.99,267,2027-03-20
2027-03-20,wk inc flu hosp,0,28,quantile,0.01,56,2027-03-20
2027-03-20,wk inc flu hosp,0,28,quantile,0.025,59,2027-03-20
2027-03-20,wk inc flu hosp,0,28,quantile,0.05,61,2027-03-20
2027-03-20,wk inc flu hosp,0,28,quantile,0.1,64,2027-03-20
2027-03-20,wk inc flu hosp,0,28,quantile,0.15,67,2027-03-20
2027-03-20,wk inc flu hosp,0,28,quantile,0.2,68,2027-03-20
2027-03-20,wk inc flu hosp,0,28,quantile,0.25,70,2027-03-20
2027-03-20,wk inc flu hosp,0,28,quantile,0.3,73,2027-03-20
2027-03-20,wk inc flu hosp,0,28,quantile,0.35,75,2027-03-20
2027-03-20,wk inc flu hosp,0,28,quantile,0.4,76,2027-03-20
2027-03-20,wk inc flu hosp,0,28,quantile,0.45,81,2027-03-20
2027-03-20,wk inc flu hosp,0,28,quantile,0.5,83,2027-03-20
2027-03-20,wk inc flu hosp,0,28,quantile,0.55,85,2027-03-20
2027-03-20,wk inc flu hosp,0,28,quantile,0.6,87,2027-03-20
2027-03-20,wk inc flu hosp,0,28,quantile,0.65,90,2027-03-20
2027-03-20,wk inc flu hosp,0,28,quantile,0.7,92,2027-03-20
2027-03-20,wk inc flu hosp,0,28,quantile,0.75,95,2027-03-20
2027-03-20,wk inc flu hosp,0,28,quantile,0.8,98,2027-03-20
2027-03-20,wk inc flu hosp,0,28,quantile,0.85,101,2027-03-20
2027-03-20,wk inc flu hosp,0,28,quantile,0.9,105,2027-03-20
2027-03-20,wk inc flu hosp,0,28,quantile,0.95,116,2027-03-20
2027-03-20,wk inc flu hosp,0,28,quantile,0.975,126,2027-03-20
2027-03-20,wk inc flu hosp,0,28,quantile,0.99,134,2027-03-20
2027-03-20,wk inc flu hosp,0,29,quantile,0.01,178,2027-03-20
2027-03-20,wk inc flu hosp,0,29,quantile,0.025,192,2027-03-20
2027-03-20,wk inc flu hosp,0,29,quantile,0.05,201,2027-03-20
2027-03-20,wk inc flu hosp,0,29,quantile,0.1,215,2027-03-20
2027-03-20,wk inc flu hosp,0,29,quantile,0.15,219,2027-03-20
2027-03-20,wk inc flu hosp,0,29,quantile,0.2,223,2027-03-20
2027-03-20,wk inc flu hosp,0,29,quantile,0.25,227,2027-03-20
2027-03-20,wk inc flu hosp,0,29,quantile,0.3,231,2027-03-20
2027-03-20,wk inc flu hosp,0,29,quantile,0.35,237,2027-03-20
2027-03-20,wk inc flu hosp,0,29,quantile,0.4,241,2027-03-20
2027-03-20,wk inc flu hosp,0,29,quantile,0.45,243,2027-03-20
2027-03-20,wk inc flu hosp,0,29,quantile,0.5,248,2027-03-20
2027-03-20,wk inc flu hosp,0,29,quantile,0.55,252,2027-03-20
2027-03-20,wk inc flu hosp,0,29,quantile,0.6,256,2027-03-20
2027-03-20,wk inc flu hosp,0,29,quantile,0.65,259,2027-03-20
2027-03-20,wk inc flu hosp,0,29,quantile,0.7,260,2027-03-20
2027-03-20,wk inc flu hosp,0,29,quantile,0.75,265,2027-03-20
2027-03-20,wk inc flu hosp,0,29,quantile,0.8,269,2027-03-20
2027-03-20,wk inc flu hosp,0,29,quantile,0.85,278,2027-03-20
2027-03-20,wk inc flu hosp,0,29,quantile,0.9,286,2027-03-20
2027-03-20,wk inc flu hosp,0,29,quantile,0.95,306,2027-03-20
2027-03-20,wk inc flu hosp,0,29,quantile,0.975,317,2027-03-20
2027-03-20,wk inc flu hosp,0,29,quantile,0.99,320,2027-03-20
2027-03-20,wk inc flu hosp,0,30,quantile,0.01,50,2027-03-20
2027-03-20,wk inc flu hosp,0,30,quantile,0.025,51,2027-03-20
2027-03-20,wk inc flu hosp,0,30,quantile,0.05,52,2027-03-20
2027-03-20,wk inc flu hosp,0,30,quantile,0.1,55,2027-03-20
2027-03-20,wk inc flu hosp,0,30,quantile,0.15,58,2027-03-20
2027-03-20,wk inc flu hosp,0,30,quantile,0.2,59,2027-03-20
2027-03-20,wk inc flu hosp,0,30,quantile,0.25,60,2027-03-20
2027-03-20,wk inc flu hosp,0,30,quantile,0.3,62,2027-03-20
2027-03-20,wk inc flu hosp,0,30,quantile,0.35,66,2027-03-20
2027-03-20,wk inc flu hosp,0,30,quantile,0.4,67,2027-03-20
2027-03-20,wk inc flu hosp,0,30,quantile,0.45,69,2027-03-20
2027-03-20,wk inc flu hosp,0,30,quantile,0.5,72,2027-03-20
2027-03-20,wk inc flu hosp,0,30,quantile,0.55,73,2027-03-20
2027-03-20,wk inc flu hosp,0,30,quantile,0.6,75,2027-03-20
2027-03-20,wk inc flu hosp,0,30,quantile,0.65,77,2027-03-20
2027-03-20,wk inc flu hosp,0,30,quantile,0.7,79,2027-03-20
2027-03-20,wk inc flu hosp,0,30,quantile,0.75,83,2027-03-20
2027-03-20,wk inc flu hosp,0,30,quantile,0.8,87,2027-03-20
2027-03-20,wk inc flu hosp,0,30,quantile,0.85,88,2027-03-20
2027-03-20,wk inc flu hosp,0,30,quantile,0.9,93,2027-03-20
2027-03-20,wk inc flu hosp,0,30,quantile,0.95,98,2027-03-20
2027-03-20,wk inc flu hosp,0,30,quantile,0.975,101,2027-03-20
2027-03-20,wk inc flu hosp,0,30,quantile,0.99,104,2027-03-20
2027-03-20,wk inc flu hosp,0,31,quantile,0.01,35,2027-03-20
2027-03-20,wk inc flu hosp,0,31,quantile,0.025,36,2027-03-20
2027-03-20,wk inc flu hosp,0,31,quantile,0.05,37,2027-03-20
2027-03-20,wk inc flu hosp,0,31,quantile,0.1,40,2027-03-20
2027-03-20,wk inc flu hosp,0,31,quantile,0.15,42,2027-03-20
2027-03-20,wk inc flu hosp,0,31,quantile,0.2,44,2027-03-20
2027-03-20,wk inc flu hosp,0,31,quantile,0.25,45,2027-03-20
2027-03-20,wk inc flu hosp,0,31,quantile,0.3,46,2027-03-20
2027-03-20,wk inc flu hosp,0,31,quantile,0.35,48,2027-03-20
2027-03-20,wk inc flu hosp,0,31,quantile,0.4,50,2027-03-20
2027-03-20,wk inc flu hosp,0,31,quantile,0.45,51,2027-03-20
2027-03-20,wk inc flu hosp,0,31,quantile,0.5,53,2027-03-20
2027-03-20,wk inc flu hosp,0,31,quantile,0.55,53,2027-03-20
2027-03-20,wk inc flu hosp,0,31,quantile,0.6,55,2027-03-20
2027-03-20,wk inc flu hosp,0,31,quantile,0.65,56,2027-03-20
2027-03-20,wk inc flu hosp,0,31,quantile,0.7,58,2027-03-20
2027-03-20,wk inc flu hosp,0,31,quantile,0.75,59,2027-03-20
2027-03-20,wk inc flu hosp,0,31,quantile,0.8,61,2027-03-20
2027-03-20,wk inc flu hosp,0,31,quantile,0.85,63,2027-03-20
2027-03-20,wk inc flu hosp,0,31,quantile,0.9,65,2027-03-20
2027-03-20,wk inc flu hosp,0,31,quantile,0.95,70,2027-03-20
2027-03-20,wk inc flu hosp,0,31,quantile,0.975,74,2027-03-20
2027-03-20,wk inc flu hosp,0,31,quantile,0.99,79,2027-03-20
2027-03-20,wk inc flu hosp,0,32,quantile,0.01,51,2027-03-20
2027-03-20,wk inc flu hosp,0,32,quantile,0.025,53,2027-03-20
2027-03-20,wk inc flu hosp,0,32,quantile,0.05,54,2027-03-20
2027-03-20,wk inc flu hosp,0,32,quantile,0.1,60,2027-03-20
2027-03-20,wk inc flu hosp,0,32,quantile,0.15,62,2027-03-20
2027-03-20,wk inc flu hosp,0,32,quantile,0.2,64,2027-03-20
2027-03-20,wk inc flu hosp,0,32,quantile,0.25,66,2027-03-20
2027-03-20,wk inc flu hosp,0,32,quantile,0.3,69,2027-03-20
2027-03-20,wk inc flu hosp,0,32,quantile,0.35,70,2027-03-20
2027-03-20,wk inc flu hosp,0,32,quantile,0.4,72,2027-03-20
2027-03-20,wk inc flu hosp,0,32,quantile,0.45,74,2027-03-20
2027-03-20,wk inc flu hosp,0,32,quantile,0.5,76,2027-03-20
2027-03-20,wk inc flu hosp,0,32,quantile,0.55,77,2027-03-20
2027-03-20,wk inc flu hosp,0,32,quantile,0.6,79,2027-03-20
2027-03-20,wk inc flu hosp,0,32,quantile,0.65,80,2027-03-20
2027-03-20,wk inc flu hosp,0,32,quantile,0.7,82,2027-03-20
2027-03-20,wk inc flu hosp,0,32,quantile,0.75,85,2027-03-20
2027-03-20,wk inc flu hosp,0,32,quantile,0.8,88,2027-03-20
2027-03-20,wk inc flu hosp,0,32,quantile,0.85,90,2027-03-20
2027-03-20,wk inc flu hosp,0,32,quantile,0.9,97,2027-03-20
2027-03-20,wk inc flu hosp,0,32,quantile,0.95,103,2027-03-20
2027-03-20,wk inc flu hosp,0,32,quantile,0.975,106,2027-03-20
2027-03-20,wk inc flu hosp,0,32,quantile,0.99,114,2027-03-20
2027-03-20,wk inc flu hosp,0,33,quantile,0.01,22,2027-03-20
2027-03-20,wk inc flu hosp,0,33,quantile,0.025,25,2027-03-20
2027-03-20,wk inc flu hosp,0,33,quantile,0.05,30,2027-03-20
2027-03-20,wk inc flu hosp,0,33,quantile,0.1,32,2027-03-20
2027-03-20,wk inc flu hosp,0,33,quantile,0.15,34,2027-03-20
2027-03-20,wk inc flu hosp,0,33,quantile,0.2,35,2027-03-20
2027-03-20,wk inc flu hosp,0,33,quantile,0.25,37,2027-03-20
2027-03-20,wk inc flu hosp,0,33,quantile,0.3,40,2027-03-20
2027-03-20,wk inc flu hosp,0,33,quantile,0.35,42,2027-03-20
2027-03-20,wk inc flu hosp,0,33,quantile,0.4,43,2027-03-20
2027-03-20,wk inc flu hosp,0,33,quantile,0.45,44,2027-03-20
2027-03-20,wk inc flu hosp,0,33,quantile,0.5,45,2027-03-20
2027-03-20,wk inc flu hosp,0,33,quantile,0.55,47,2027-03-20
2027-03-20,wk inc flu hosp,0,33,quantile,0.6,48,2027-03-20
2027-03-20,wk inc flu hosp,0,33,quantile,0.65,49,2027-03-20
2027-03-20,wk inc flu hosp,0,33,quantile,0.7,49,2027-03-20
2027-03-20,wk inc flu hosp,0,33,quantile,0.75,51,2027-03-20
2027-03-20,wk inc flu hosp,0,33,quantile,0.8,52,2027-03-20
2027-03-20,wk inc flu hosp,0,33,quantile,0.85,54,2027-03-20
2027-03-20,wk inc flu hosp,0,33,quantile,0.9,56,2027-03-20
2027-03-20,wk inc flu hosp,0,33,quantile,0.95,59,2027-03-20
2027-03-20,wk inc flu hosp,0,33,quantile,0.975,61,2027-03-20
2027-03-20,wk inc flu hosp,0,33,quantile,0.99,67,2027-03-20
2027-03-20,wk inc flu hosp,0,34,quantile,0.01,185,2027-03-20
2027-03-20,wk inc flu hosp,0,34,quantile,0.025,193,2027-03-20
2027-03-20,wk inc flu hosp,0,34,quantile,0.05,203,2027-03-20
2027-03-20,wk inc flu hosp,0,34,quantile,0.1,217,2027-03-20
2027-03-20,wk inc flu hosp,0,34,quantile,0.15,223,2027-03-20
2027-03-20,wk inc flu hosp,0,34,quantile,0.2,229,2027-03-20
2027-03-20,wk inc flu hosp,0,34,quantile,0.25,239,2027-03-20
2027-03-20,wk inc flu hosp,0,34,quantile,0.3,244,2027-03-20
2027-03-20,wk inc flu hosp,0,34,quantile,0.35,249,2027-03-20
2027-03-20,wk inc flu hosp,0,34,quantile,0.4,256,2027-03-20
2027-03-20,wk inc flu hosp,0,34,quantile,0.45,263,2027-03-20
2027-03-20,wk inc flu hosp,0,34,quantile,0.5,266,2027-03-20
2027-03-20,wk inc flu hosp,0,34,quantile,0.55,273,2027-03-20
2027-03-20,wk inc flu hosp,0,34,quantile,0.6,279,2027-03-20
2027-03-20,wk inc flu hosp,0,34,quantile,0.65,288,2027-03-20
2027-03-20,wk inc flu hosp,0,34,quantile,0.7,298,2027-03-20
2027-03-20,wk inc flu hosp,0,34,quantile,0.75,304,2027-03-20
2027-03-20,wk inc flu hosp,0,34,quantile,0.8,311,2027-03-20
2027-03-20,wk inc flu hosp,0,34,quantile,0.85,317,2027-03-20
2027-03-20,wk inc flu hosp,0,34,quantile,0.9,328,2027-03-20
2027-03-20,wk inc flu hosp,0,34,quantile,0.95,352,2027-03-20
2027-03-20,wk inc flu hosp,0,34,quantile,0.975,387,2027-03-20
2027-03-20,wk inc flu hosp,0,34,quantile,0.99,400,2027-03-20
2027-03-20,wk inc flu hosp,0,35,quantile,0.01,46,2027-03-20
2027-03-20,wk inc flu hosp,0,35,quantile,0.025,49,2027-03-20
2027-03-20,wk inc flu hosp,0,35,quantile,0.05,54,2027-03-20
2027-03-20,wk inc flu hosp,0,35,quantile,0.1,60,2027-03-20
2027-03-20,wk inc flu hosp,0,35,quantile,0.15,64,2027-03-20
2027-03-20,wk inc flu hosp,0,35,quantile,0.2,66,2027-03-20
2027-03-20,wk inc flu hosp,0,35,quantile,0.25,67,2027-03-20
2027-03-20,wk inc flu hosp,0,35,quantile,0.3,69,2027-03-20
2027-03-20,wk inc flu hosp,0,35,quantile,0.35,71,2027-03-20
2027-03-20,wk inc flu hosp,0,35,quantile,0.4,72,2027-03-20
2027-03-20,wk inc flu hosp,0,35,quantile,0.45,74,2027-03-20
2027-03-20,wk inc flu hosp,0,35,quantile,0.5,76,2027-03-20
2027-03-20,wk inc flu hosp,0,35,quantile,0.55,78,2027-03-20
2027-03-20,wk inc flu hosp,0,35,quantile,0.6,81,2027-03-20
2027-03-20,wk inc flu hosp,0,35,quantile,0.65,83,2027-03-20
2027-03-20,wk inc flu hosp,0,35,quantile,0.7,86,2027-03-20
2027-03-20,wk inc flu hosp,0,35,quantile,0.75,88,2027-03-20
2027-03-20,wk inc flu hosp,0,35,quantile,0.8,90,2027-03-20
2027-03-20,wk inc flu hosp,0,35,quantile,0.85,94,2027-03-20
2027-03-20,wk inc flu hosp,0,35,quantile,0.9,96,2027-03-20
2027-03-20,wk inc flu hosp,0,35,quantile,0.95,99,2027-03-20
2027-03-20,wk inc flu hosp,0,35,quantile,0.975,105,2027-03-20
2027-03-20,wk inc flu hosp,0,35,quantile,0.99,111,2027-03-20
2027-03-20,wk inc flu hosp,0,36,quantile,0.01,423,2027-03-20
2027-03-20,wk inc flu hosp,0,36,quantile,0.025,443,2027-03-20
2027-03-20,wk inc flu hosp,0,36,quantile,0.05,469,2027-03-20
2027-03-20,wk inc flu hosp,0,36,quantile,0.1,479,2027-03-20
2027-03-20,wk inc flu hosp,0,36,quantile,0.15,507,2027-03-20
2027-03-20,wk inc flu hosp,0,36,quantile,0.2,514,2027-03-20
2027-03-20,wk inc flu hosp,0,36,quantile,0.25,525,2027-03-20
2027-03-20,wk inc flu hosp,0,36,quantile,0.3,533,2027-03-20
2027-03-20,wk inc flu hosp,0,36,quantile,0.35,539,2027-03-20
2027-03-20,wk inc flu hosp,0,36,quantile,0.4,553,2027-03-20
2027-03-20,wk inc flu hosp,0,36,quantile,0.45,568,2027-03-20
2027-03-20,wk inc flu hosp,0,36,quantile,0.5,574,2027-03-20
2027-03-20,wk inc flu hosp,0,36,quantile,0.55,585,2027-03-20
2027-03-20,wk inc flu hosp,0,36,quantile,0.6,595,2027-03-20
2027-03-20,wk inc flu hosp,0,36,quantile,0.65,606,2027-03-20
2027-03-20,wk inc flu hosp,0,36,quantile,0.7,631,2027-03-20
2027-03-20,wk inc flu hosp,0,36,quantile,0.75,636,2027-03-20
2027-03-20,wk inc flu hosp,0,36,quantile,0.8,647,2027-03-20
2027-03-20,wk inc flu hosp,0,36,quantile,0.85,661,2027-03-20
2027-03-20,wk inc flu hosp,0,36,quantile,0.9,701,2027-03-20
2027-03-20,wk inc flu hosp,0,36,quantile,0.95,736,2027-03-20
2027-03-20,wk inc flu hosp,0,36,quantile,0.975,786,2027-03-20
2027-03-20,wk inc flu hosp,0,36,quantile,0.99,824,2027-03-20
2027-03-20,wk inc flu hosp,0,37,quantile,0.01,138,2027-03-20
2027-03-20,wk inc flu hosp,0,37,quantile,0.025,143,2027-03-20
2027-03-20,wk inc flu hosp,0,37,quantile,0.05,148,2027-03-20
2027-03-20,wk inc flu hosp,0,37,quantile,0.1,153,2027-03-20
2027-03-20,wk inc flu hosp,0,37,quantile,0.15,162,2027-03-20
2027-03-20,wk inc flu hosp,0,37,quantile,0.2,168,2027-03-20
2027-03-20,wk inc flu hosp,0,37,quantile,0.25,173,2027-03-20
2027-03-20,wk inc flu hosp,0,37,quantile,0.3,177,2027-03-20
2027-03-20,wk inc flu hosp,0,37,quantile,0.35,181,2027-03-20
2027-03-20,wk inc flu hosp,0,37,quantile,0.4,187,2027-03-20
2027-03-20,wk inc flu hosp,0,37,quantile,0.45,192,2027-03-20
2027-03-20,wk inc flu hosp,0,37,quantile,0.5,198,2027-03-20
2027-03-20,wk inc flu hosp,0,37,quantile,0.55,205,2027-03-20
2027-03-20,wk inc flu hosp,0,37,quantile,0.6,210,2027-03-20
2027-03-20,wk inc flu hosp,0,37,quantile,0.65,213,2027-03-20
2027-03-20,wk inc flu hosp,0,37,quantile,0.7,217,2027-03-20
2027-03-20,wk inc flu hosp,0,37,quantile,0.75,224,2027-03-20
2027-03-20,wk inc flu hosp,0,37,quantile,0.8,235,2027-03-20
2027-03-20,wk inc flu hosp,0,37,quantile,0.85,240,2027-03-20
2027-03-20,wk inc flu hosp,0,37,quantile,0.9,247,2027-03-20
2027-03-20,wk inc flu hosp,0,37,quantile,0.95,266,2027-03-20
2027-03-20,wk inc flu hosp,0,37,quantile,0.975,280,2027-03-20
2027-03-20,wk inc flu hosp,0,37,quantile,0.99,295,2027-03-20
2027-03-20,wk inc flu hosp,0,38,quantile,0.01,25,2027-03-20
2027-03-20,wk inc flu hosp,0,38,quantile,0.025,26,2027-03-20
2027-03-20,wk inc flu hosp,0,38,quantile,0.05,29,2027-03-20
2027-03-20,wk inc flu hosp,0,38,quantile,0.1,31,2027-03-20
2027-03-20,wk inc flu hosp,0,38,quantile,0.15,32,2027-03-20
2027-03-20,wk inc flu hosp,0,38,quantile,0.2,33,2027-03-20
2027-03-20,wk inc flu hosp,0,38,quantile,0.25,34,2027-03-20
2027-03-20,wk inc flu hosp,0,38,quantile,0.3,36,2027-03-20
2027-03-20,wk inc flu hosp,0,38,quantile,0.35,37,2027-03-20
2027-03-20,wk inc flu hosp,0,38,quantile,0.4,39,2027-03-20
2027-03-20,wk inc flu hosp,0,38,quantile,0.45,40,2027-03-20
2027-03-20,wk inc flu hosp,0,38,quantile,0.5,41,2027-03-20
2027-03-20,wk inc flu hosp,0,38,quantile,0.55,42,2027-03-20
2027-03-20,wk inc flu hosp,0,38,quantile,0.6,42,2027-03-20
2027-03-20,wk inc flu hosp,0,38,quantile,0.65,43,2027-03-20
2027-03-20,wk inc flu hosp,0,38,quantile,0.7,44,2027-03-20
2027-03-20,wk inc flu hosp,0,38,quantile,0.75,45,2027-03-20
2027-03-20,wk inc flu hosp,0,38,quantile,0.8,46,2027-03-20
2027-03-20,wk inc flu hosp,0,38,quantile,0.85,49,2027-03-20
2027-03-20,wk inc flu hosp,0,38,quantile,0.9,51,2027-03-20
2027-03-20,wk inc flu hosp,0,38,quantile,0.95,53,2027-03-20
2027-03-20,wk inc flu hosp,0,38,quantile,0.975,57,2027-03-20
2027-03-20,wk inc flu hosp,0,38,quantile,0.99,61,2027-03-20
2027-03-20,wk inc flu hosp,0,39,quantile,0.01,279,2027-03-20
2027-03-20,wk inc flu hosp,0,39,quantile,0.025,290,2027-03-20
2027-03-20,wk inc flu hosp,0,39,quantile,0.05,305,2027-03-20
2027-03-20,wk inc flu hosp,0,39,quantile,0.1,328,2027-03-20
2027-03-20,wk inc flu hosp,0,39,quantile,0.15,334,2027-03-20
2027-03-20,wk inc flu hosp,0,39,quantile,0.2,345,2027-03-20
2027-03-20,wk inc flu hosp,0,39,quantile,0.25,356,2027-03-20
2027-03-20,wk inc flu hosp,0,39,quantile,0.3,365,2027-03-20
2027-03-20,wk inc flu hosp,0,39,quantile,0.35,372,2027-03-20
2027-03-20,wk inc flu hosp,0,39,quantile,0.4,377,2027-03-20
2027-03-20,wk inc flu hosp,0,39,quantile,0.45,381,2027-03-20
2027-03-20,wk inc flu hosp,0,39,quantile,0.5,388,2027-03-20
2027-03-20,wk inc flu hosp,0,39,quantile,0.55,392,2027-03-20
2027-03-20,wk inc flu hosp,0,39,quantile,0.6,404,2027-03-20
2027-03-20,wk inc flu hosp,0,39,quantile,0.65,415,2027-03-20
2027-03-20,wk inc flu hosp,0,39,quantile,0.7,427,2027-03-20
2027-03-20,wk inc flu hosp,0,39,quantile,0.75,433,2027-03-20
2027-03-20,wk inc flu hosp,0,39,quantile,0.8,446,2027-03-20
2027-03-20,wk inc flu hosp,0,39,quantile,0.85,460,2027-03-20
2027-03-20,wk inc flu hosp,0,39,quantile,0.9,477,2027-03-20
2027-03-20,wk inc flu hosp,0,39,quantile,0.95,526,2027-03-20
2027-03-20,wk inc flu hosp,0,39,quantile,0.975,560,2027-03-20
2027-03-20,wk inc flu hosp,0,39,quantile,0.99,616,2027-03-20
2027-03-20,wk inc flu hosp,0,40,quantile,0.01,59,2027-03-20
2027-03-20,wk inc flu hosp,0,40,quantile,0.025,61,2027-03-20
2027-03-20,wk inc flu hosp,0,40,quantile,0.05,70,2027-03-20
2027-03-20,wk inc flu hosp,0,40,quantile,0.1,76,2027-03-20
2027-03-20,wk inc flu hosp,0,40,quantile,0.15,79,2027-03-20
2027-03-20,wk inc flu hosp,0,40,quantile,0.2,82,2027-03-20
2027-03-20,wk inc flu hosp,0,40,quantile,0.25,84,2027-03-20
2027-03-20,wk inc flu hosp,0,40,quantile,0.3,86,2027-03-20
2027-03-20,wk inc flu hosp,0,40,quantile,0.35,88,2027-03-20
2027-03-20,wk inc flu hosp,0,40,quantile,0.4,90,2027-03-20
2027-03-20,wk inc flu hosp,0,40,quantile,0.45,93,2027-03-20
2027-03-20,wk inc flu hosp,0,40,quantile,0.5,95,2027-03-20
2027-03-20,wk inc flu hosp,0,40,quantile,0.55,97,2027-03-20
2027-03-20,wk inc flu hosp,0,40,quantile,0.6,100,2027-03-20
2027-03-20,wk inc flu hosp,0,40,quantile,0.65,102,2027-03-20
2027-03-20,wk inc flu hosp,0,40,quantile,0.7,105,2027-03-20
2027-03-20,wk inc flu hosp,0,40,quantile,0.75,107,2027-03-20
2027-03-20,wk inc flu hosp,0,40,quantile,0.8,109,2027-03-20
2027-03-20,wk inc flu hosp,0,40,quantile,0.85,113,2027-03-20
2027-03-20,wk inc flu hosp,0,40,quantile,0.9,118,2027-03-20
2027-03-20,wk inc flu hosp,0,40,quantile,0.95,128,2027-03-20
2027-03-20,wk inc flu hosp,0,40,quantile,0.975,136,2027-03-20
2027-03-20,wk inc flu hosp,0,40,quantile,0.99,140,2027-03-20
2027-03-20,wk inc flu hosp,0,41,quantile,0.01,68,2027-03-20
2027-03-20,wk inc flu hosp,0,41,quantile,0.025,70,2027-03-20
2027-03-20,wk inc flu hosp,0,41,quantile,0.05,75,2027-03-20
2027-03-20,wk inc flu hosp,0,41,quantile,0.1,80,2027-03-20
2027-03-20,wk inc flu hosp,0,41,quantile,0.15,82,2027-03-20
2027-03-20,wk inc flu hosp,0,41,quantile,0.2,86,2027-03-20
2027-03-20,wk inc flu hosp,0,41,quantile,0.25,88,2027-03-20
2027-03-20,wk inc flu hosp,0,41,quantile,0.3,90,2027-03-20
2027-03-20,wk inc flu hosp,0,41,quantile,0.35,91,2027-03-20
2027-03-20,wk inc flu hosp,0,41,quantile,0.4,94,2027-03-20
2027-03-20,wk inc flu hosp,0,41,quantile,0.45,96,2027-03-20
2027-03-20,wk inc flu hosp,0,41,quantile,0.5,98,2027-03-20
2027-03-20,wk inc flu hosp,0,41,quantile,0.55,101,2027-03-20
2027-03-20,wk inc flu hosp,0,41,quantile,0.6,103,2027-03-20
2027-03-20,wk inc flu hosp,0,41,quantile,0.65,105,2027-03-20
2027-03-20,wk inc flu hosp,0,41,quantile,0.7,107,2027-03-20
2027-03-20,wk inc flu hosp,0,41,quantile,0.75,109,2027-03-20
2027-03-20,wk inc flu hosp,0,41,quantile,0.8,112,2027-03-20
2027-03-20,wk inc flu hosp,0,41,quantile,0.85,117,2027-03-20
2027-03-20,wk inc flu hosp,0,41,quantile,0.9,123,2027-03-20
2027-03-20,wk inc flu hosp,0,41,quantile,0.95,128,2027-03-20
2027-03-20,wk inc flu hosp,0,41,quantile,0.975,133,2027-03-20
2027-03-20,wk inc flu hosp,0,41,quantile,0.99,150,2027-03-20
2027-03-20,wk inc flu hosp,0,42,quantile,0.01,674,2027-03-20
2027-03-20,wk inc flu hosp,0,42,quantile,0.025,705,2027-03-20
2027-03-20,wk inc flu hosp,0,42,quantile,0.05,716,2027-03-20
2027-03-20,wk inc flu hosp,0,42,quantile,0.1,772,2027-03-20
2027-03-20,wk inc flu hosp,0,42,quantile,0.15,805,2027-03-20
2027-03-20,wk inc flu hosp,0,42,quantile,0.2,820,2027-03-20
2027-03-20,wk inc flu hosp,0,42,quantile,0.25,831,2027-03-20
2027-03-20,wk inc flu hosp,0,42,quantile,0.3,842,2027-03-20
2027-03-20,wk inc flu hosp,0,42,quantile,0.35,857,2027-03-20
2027-03-20,wk inc flu hosp,0,42,quantile,0.4,872,2027-03-20
2027-03-20,wk inc flu hosp,0,42,quantile,0.45,890,2027-03-20
2027-03-20,wk inc flu hosp,0,42,quantile,0.5,904,2027-03-20
2027-03-20,wk inc flu hosp,0,42,quantile,0.55,918,2027-03-20
2027-03-20,wk inc flu hosp,0,42,quantile,0.6,931,2027-03-20
2027-03-20,wk inc flu hosp,0,42,quantile,0.65,944,2027-03-20
2027-03-20,wk inc flu hosp,0,42,quantile,0.7,951,2027-03-20
2027-03-20,wk inc flu hosp,0,42,quantile,0.75,970,2027-03-20
2027-03-20,wk inc flu hosp,0,42,quantile,0.8,989,2027-03-20
2027-03-20,wk inc flu hosp,0,42,quantile,0.85,1011,2027-03-20
2027-03-20,wk inc flu hosp,0,42,quantile,0.9,1040,2027-03-20
2027-03-20,wk inc flu hosp,0,42,quantile,0.95,1082,2027-03-20
2027-03-20,wk inc flu hosp,0,42,quantile,0.975,1098,2027-03-20
2027-03-20,wk inc flu hosp,0,42,quantile,0.99,1160,2027-03-20
2027-03-20,wk inc flu hosp,0,44,quantile,0.01,16,2027-03-20
2027-03-20,wk inc flu hosp,0,44,quantile,0.025,17,2027-03-20
2027-03-20,wk inc flu hosp,0,44,quantile,0.05,20,2027-03-20
2027-03-20,wk inc flu hosp,0,44,quantile,0.1,22,2027-03-20
2027-03-20,wk inc flu hosp,0,44,quantile,0.15,23,2027-03-20
2027-03-20,wk inc flu hosp,0,44,quantile,0.2,23,2027-03-20
2027-03-20,wk inc flu hosp,0,44,quantile,0.25,24,2027-03-20
2027-03-20,wk inc flu hosp,0,44,quantile,0.3,25,2027-03-20
2027-03-20,wk inc flu hosp,0,44,quantile,0.35,26,2027-03-20
2027-03-20,wk inc flu hosp,0,44,quantile,0.4,28,2027-03-20
2027-03-20,wk inc flu hosp,0,44,quantile,0.45,29,2027-03-20
2027-03-20,wk inc flu hosp,0,44,quantile,0.5,30,2027-03-20
2027-03-20,wk inc flu hosp,0,44,quantile,0.55,31,2027-03-20
2027-03-20,wk inc flu hosp,0,44,quantile,0.6,31,2027-03-20
2027-03-20,wk inc flu hosp,0,44,quantile,0.65,32,2027-03-20
2027-03-20,wk inc flu hosp,0,44,quantile,0.7,35,2027-03-20
2027-03-20,wk inc flu hosp,0,44,quantile,0.75,36,2027-03-20
2027-03-20,wk inc flu hosp,0,44,quantile,0.8,38,2027-03-20
2027-03-20,wk inc flu hosp,0,44,quantile,0.85,39,2027-03-20
2027-03-20,wk inc flu hosp,0,44,quantile,0.9,41,2027-03-20
2027-03-20,wk inc flu hosp,0,44,quantile,0.95,44,2027-03-20
2027-03-20,wk inc flu hosp,0,44,quantile,0.975,46,2027-03-20
2027-03-20,wk inc flu hosp,0,44,quantile,0.99,49,2027-03-20
2027-03-20,wk inc flu hosp,0,45,quantile,0.01,63,2027-03-20
2027-03-20,wk inc flu hosp,0,45,quantile,0.025,70,2027-03-20
2027-03-20,wk inc flu hosp,0,45,quantile,0.05,74,2027-03-20
2027-03-20,wk inc flu hosp,0,45,quantile,0.1,82,2027-03-20
2027-03-20,wk inc flu hosp,0,45,quantile,0.15,86,2027-03-20
2027-03-20,wk inc flu hosp,0,45,quantile,0.2,91,2027-03-20
2027-03-20,wk inc flu hosp,0,45,quantile,0.25,93,2027-03-20
2027-03-20,wk inc flu hosp,0,45,quantile,0.3,98,2027-03-20
2027-03-20,wk inc flu hosp,0,45,quantile,0.35,101,2027-03-20
2027-03-20,wk inc flu hosp,0,45,quantile,0.4,103,2027-03-20
2027-03-20,wk inc flu hosp,0,45,quantile,0.45,108,2027-03-20
2027-03-20,wk inc flu hosp,0,45,quantile,0.5,110,2027-03-20
2027-03-20,wk inc flu hosp,0,45,quantile,0.55,112,2027-03-20
2027-03-20,wk inc flu hosp,0,45,quantile,0.6,115,2027-03-20
2027-03-20,wk inc flu hosp,0,45,quantile,0.65,116,2027-03-20
2027-03-20,wk inc flu hosp,0,45,quantile,0.7,119,2027-03-20
2027-03-20,wk inc flu hosp,0,45,quantile,0.75,125,2027-03-20
2027-03-20,wk inc flu hosp,0,45,quantile,0.8,128,2027-03-20
2027-03-20,wk inc flu hosp,0,45,quantile,0.85,130,2027-03-20
2027-03-20,wk inc flu hosp,0,45,quantile,0.9,137,2027-03-20
2027-03-20,wk inc flu hosp,0,45,quantile,0.95,144,2027-03-20
2027-03-20,wk inc flu hosp,0,45,quantile,0.975,154,2027-03-20
2027-03-20,wk inc flu hosp,0,45,quantile,0.99,161,2027-03-20
2027-03-20,wk inc flu hosp,0,46,quantile,0.01,15,2027-03-20
2027-03-20,wk inc flu hosp,0,46,quantile,0.025,18,2027-03-20
2027-03-20,wk inc flu hosp,0,46,quantile,0.05,20,2027-03-20
2027-03-20,wk inc flu hosp,0,46,quantile,0.1,21,2027-03-20
2027-03-20,wk inc flu hosp,0,46,quantile,0.15,23,2027-03-20
2027-03-20,wk inc flu hosp,0,46,quantile,0.2,24,2027-03-20
2027-03-20,wk inc flu hosp,0,46,quantile,0.25,25,2027-03-20
2027-03-20,wk inc flu hosp,0,46,quantile,0.3,26,2027-03-20
2027-03-20,wk inc flu hosp,0,46,quantile,0.35,28,2027-03-20
2027-03-20,wk inc flu hosp,0,46,quantile,0.4,29,2027-03-20
2027-03-20,wk inc flu hosp,0,46,quantile,0.45,30,2027-03-20
2027-03-20,wk inc flu hosp,0,46,quantile,0.5,31,2027-03-20
2027-03-20,wk inc flu hosp,0,46,quantile,0.55,32,2027-03-20
2027-03-20,wk inc flu hosp,0,46,quantile,0.6,32,2027-03-20
2027-03-20,wk inc flu hosp,0,46,quantile,0.65,34,2027-03-20
2027-03-20,wk inc flu hosp,0,46,quantile,0.7,35,2027-03-20
2027-03-20,wk inc flu hosp,0,46,quantile,0.75,36,2027-03-20
2027-03-20,wk inc flu hosp,0,46,quantile,0.8,39,2027-03-20
2027-03-20,wk inc flu hosp,0,46,quantile,0.85,40,2027-03-20
2027-03-20,wk inc flu hosp,0,46,quantile,0.9,43,2027-03-20
2027-03-20,wk inc flu hosp,0,46,quantile,0.95,46,2027-03-20
2027-03-20,wk inc flu hosp,0,46,quantile,0.975,48,2027-03-20
2027-03-20,wk inc flu hosp,0,46,quantile,0.99,49,2027-03-20
2027-03-20,wk inc flu hosp,0,47,quantile,0.01,153,2027-03-20
2027-03-20,wk inc flu hosp,0,47,quantile,0.025,159,2027-03-20
2027-03-20,wk inc flu hosp,0,47,quantile,0.05,167,2027-03-20
2027-03-20,wk inc flu hosp,0,47,quantile,0.1,172,2027-03-20
2027-03-20,wk inc flu hosp,0,47,quantile,0.15,183,2027-03-20
2027-03-20,wk inc flu hosp,0,47,quantile,0.2,190,2027-03-20
2027-03-20,wk inc flu hosp,0,47,quantile,0.25,194,2027-03-20
2027-03-20,wk inc flu hosp,0,47,quantile,0.3,199,2027-03-20
2027-03-20,wk inc flu hosp,0,47,quantile,0.35,202,2027-03-20
2027-03-20,wk inc flu hosp,0,47,quantile,0.4,207,2027-03-20
2027-03-20,wk inc flu hosp,0,47,quantile,0.45,211,2027-03-20
2027-03-20,wk inc flu hosp,0,47,quantile,0.5,213,2027-03-20
2027-03-20,wk inc flu hosp,0,47,quantile,0.55,218,2027-03-20
2027-03-20,wk inc flu hosp,0,47,quantile,0.6,222,2027-03-20
2027-03-20,wk inc flu hosp,0,47,quantile,0.65,227,2027-03-20
2027-03-20,wk inc flu hosp,0,47,quantile,0.7,231,2027-03-20
2027-03-20,wk inc flu hosp,0,47,quantile,0.75,235,2027-03-20
2027-03-20,wk inc flu hosp,0,47,quantile,0.8,239,2027-03-20
2027-03-20,wk inc flu hosp,0,47,quantile,0.85,244,2027-03-20
2027-03-20,wk inc flu hosp,0,47,quantile,0.9,249,2027-03-20
2027-03-20,wk inc flu hosp,0,47,quantile,0.95,259,2027-03-20
2027-03-20,wk inc flu hosp,0,47,quantile,0.975,271,2027-03-20
2027-03-20,wk inc flu hosp,0,47,quantile,0.99,284,2027-03-20
2027-03-20,wk inc flu hosp,0,48,quantile,0.01,365,2027-03-20
2027-03-20,wk inc flu hosp,0,48,quantile,0.025,376,2027-03-20
2027-03-20,wk inc flu hosp,0,48,quantile,0.05,388,2027-03-20
2027-03-20,wk inc flu hosp,0,48,quantile,0.1,405,2027-03-20
2027-03-20,wk inc flu hosp,0,48,quantile,0.15,420,2027-03-20
2027-03-20,wk inc flu hosp,0,48,quantile,0.2,435,2027-03-20
2027-03-20,wk inc flu hosp,0,48,quantile,0.25,455,2027-03-20
2027-03-20,wk inc flu hosp,0,48,quantile,0.3,462,2027-03-20
2027-03-20,wk inc flu hosp,0,48,quantile,0.35,473,2027-03-20
2027-03-20,wk inc flu hosp,0,48,quantile,0.4,485,2027-03-20
2027-03-20,wk inc flu hosp,0,48,quantile,0.45,495,2027-03-20
2027-03-20,wk inc flu hosp,0,48,quantile,0.5,505,2027-03-20
2027-03-20,wk inc flu hosp,0,48,quantile,0.55,512,2027-03-20
2027-03-20,wk inc flu hosp,0,48,quantile,0.6,523,2027-03-20
2027-03-20,wk inc flu hosp,0,48,quantile,0.65,530,2027-03-20
2027-03-20,wk inc flu hosp,0,48,quantile,0.7,540,2027-03-20
2027-03-20,wk inc flu hosp,0,48,quantile,0.75,561,2027-03-20
2027-03-20,wk inc flu hosp,0,48,quantile,0.8,572,2027-03-20
2027-03-20,wk inc flu hosp,0,48,quantile,0.85,585,2027-03-20
2027-03-20,wk inc flu hosp,0,48,quantile,0.9,614,2027-03-20
2027-03-20,wk inc flu hosp,0,48,quantile,0.95,638,2027-03-20
2027-03-20,wk inc flu hosp,0,48,quantile,0.975,698,2027-03-20
2027-03-20,wk inc flu hosp,0,48,quantile,0.99,771,2027-03-20
2027-03-20,wk inc flu hosp,0,49,quantile,0.01,35,2027-03-20
2027-03-20,wk inc flu hosp,0,49,quantile,0.025,37,2027-03-20
2027-03-20,wk inc flu hosp,0,49,quantile,0.05,38,2027-03-20
2027-03-20,wk inc flu hosp,0,49,quantile,0.1,42,2027-03-20
2027-03-20,wk inc flu hosp,0,49,quantile,0.15,45,2027-03-20
2027-03-20,wk inc flu hosp,0,49,quantile,0.2,46,2027-03-20
2027-03-20,wk inc flu hosp,0,49,quantile,0.25,48,2027-03-20
2027-03-20,wk inc flu hosp,0,49,quantile,0.3,48,2027-03-20
2027-03-20,wk inc flu hosp,0,49,quantile,0.35,50,2027-03-20
2027-03-20,wk inc flu hosp,0,49,quantile,0.4,50,2027-03-20
2027-03-20,wk inc flu hosp,0,49,quantile,0.45,52,2027-03-20
2027-03-20,wk inc flu hosp,0,49,quantile,0.5,53,2027-03-20
2027-03-20,wk inc flu hosp,0,49,quantile,0.55,54,2027-03-20
2027-03-20,wk inc flu hosp,0,49,quantile,0.6,55,2027-03-20
2027-03-20,wk inc flu hosp,0,49,quantile,0.65,57,2027-03-20
2027-03-20,wk inc flu hosp,0,49,quantile,0.7,58,2027-03-20
2027-03-20,wk inc flu hosp,0,49,quantile,0.75,61,2027-03-20
2027-03-20,wk inc flu hosp,0,49,quantile,0.8,63,2027-03-20
2027-03-20,wk inc flu hosp,0,49,quantile,0.85,65,2027-03-20
2027-03-20,wk inc flu hosp,0,49,quantile,0.9,66,2027-03-20
2027-03-20,wk inc flu hosp,0,49,quantile,0.95,70,2027-03-20
2027-03-20,wk inc flu hosp,0,49,quantile,0.975,75,2027-03-20
2027-03-20,wk inc flu hosp,0,49,quantile,0.99,77,2027-03-20
2027-03-20,wk inc flu hosp,0,50,quantile,0.01,12,2027-03-20
2027-03-20,wk inc flu hosp,0,50,quantile,0.025,14,2027-03-20
2027-03-20,wk inc flu hosp,0,50,quantile,0.05,15,2027-03-20
2027-03-20,wk inc flu hosp,0,50,quantile,0.1,17,2027-03-20
2027-03-20,wk inc flu hosp,0,50,quantile,0.15,18,2027-03-20
2027-03-20,wk inc flu hosp,0,50,quantile,0.2,19,2027-03-20
2027-03-20,wk inc flu hosp,0,50,quantile,0.25,21,2027-03-20
2027-03-20,wk inc flu hosp,0,50,quantile,0.3,22,2027-03-20
2027-03-20,wk inc flu hosp,0,50,quantile,0.35,23,2027-03-20
2027-03-20,wk inc flu hosp,0,50,quantile,0.4,23,2027-03-20
2027-03-20,wk inc flu hosp,0,50,quantile,0.45,24,2027-03-20
2027-03-20,wk inc flu hosp,0,50,quantile,0.5,25,2027-03-20
2027-03-20,wk inc flu hosp,0,50,quantile,0.55,26,2027-03-20
2027-03-20,wk inc flu hosp,0,50,quantile,0.6,27,2027-03-20
2027-03-20,wk inc flu hosp,0,50,quantile,0.65,27,2027-03-20
2027-03-20,wk inc flu hosp,0,50,quantile,0.7,28,2027-03-20
2027-03-20,wk inc flu hosp,0,50,quantile,0.75,29,2027-03-20
2027-03-20,wk inc flu hosp,0,50,quantile,0.8,30,2027-03-20
2027-03-20,wk inc flu hosp,0,50,quantile,0.85,32,2027-03-20
2027-03-20,wk inc flu hosp,0,50,quantile,0.9,33,2027-03-20
2027-03-20,wk inc flu hosp,0,50,quantile,0.95,36,2027-03-20
2027-03-20,wk inc flu hosp,0,50,quantile,0.975,39,2027-03-20
2027-03-20,wk inc flu hosp,0,50,quantile,0.99,44,2027-03-20
2027-03-20,wk inc flu hosp,0,51,quantile,0.01,137,2027-03-20
2027-03-20,wk inc flu hosp,0,51,quantile,0.025,143,2027-03-20
2027-03-20,wk inc flu hosp,0,51,quantile,0.05,152,2027-03-20
2027-03-20,wk inc flu hosp,0,51,quantile,0.1,161,2027-03-20
2027-03-20,wk inc flu hosp,0,51,quantile,0.15,167,2027-03-20
2027-03-20,wk inc flu hosp,0,51,quantile,0.2,173,2027-03-20
2027-03-20,wk inc flu hosp,0,51,quantile,0.25,177,2027-03-20
2027-03-20,wk inc flu hosp,0,51,quantile,0.3,181,2027-03-20
2027-03-20,wk inc flu hosp,0,51,quantile,0.35,184,2027-03-20
2027-03-20,wk inc flu hosp,0,51,quantile,0.4,187,2027-03-20
2027-03-20,wk inc flu hosp,0,51,quantile,0.45,193,2027-03-20
2027-03-20,wk inc flu hosp,0,51,quantile,0.5,198,2027-03-20
2027-03-20,wk inc flu hosp,0,51,quantile,0.55,203,2027-03-20
2027-03-20,wk inc flu hosp,0,51,quantile,0.6,207,2027-03-20
2027-03-20,wk inc flu hosp,0,51,quantile,0.65,212,2027-03-20
2027-03-20,wk inc flu hosp,0,51,quantile,0.7,215,2027-03-20
2027-03-20,wk inc flu hosp,0,51,quantile,0.75,218,2027-03-20
2027-03-20,wk inc flu hosp,0,51,quantile,0.8,227,2027-03-20
2027-03-20,wk inc flu hosp,0,51,quantile,0.85,232,2027-03-20
2027-03-20,wk inc flu hosp,0,51,quantile,0.9,243,2027-03-20
2027-03-20,wk inc flu hosp,0,51,quantile,0.95,259,2027-03-20
2027-03-20,wk inc flu hosp,0,51,quantile,0.975,266,2027-03-20
2027-03-20,wk inc flu hosp,0,51,quantile,0.99,285,2027-03-20
2027-03-20,wk inc flu hosp,0,53,quantile,0.01,89,2027-03-20
2027-03-20,wk inc flu hosp,0,53,quantile,0.025,91,2027-03-20
2027-03-20,wk inc flu hosp,0,53,quantile,0.05,101,2027-03-20
2027-03-20,wk inc flu hosp,0,53,quantile,0.1,110,2027-03-20
2027-03-20,wk inc flu hosp,0,53,quantile,0.15,116,2027-03-20
2027-03-20,wk inc flu hosp,0,53,quantile,0.2,120,2027-03-20
2027-03-20,wk inc flu hosp,0,53,quantile,0.25,124,2027-03-20
2027-03-20,wk inc flu hosp,0,53,quantile,0.3,128,2027-03-20
2027-03-20,wk inc flu hosp,0,53,quantile,0.35,130,2027-03-20
2027-03-20,wk inc flu hosp,0,53,quantile,0.4,132,2027-03-20
2027-03-20,wk inc flu hosp,0,53,quantile,0.45,134,2027-03-20
2027-03-20,wk inc flu hosp,0,53,quantile,0.5,137,2027-03-20
2027-03-20,wk inc flu hosp,0,53,quantile,0.55,140,2027-03-20
2027-03-20,wk inc flu hosp,0,53,quantile,0.6,142,2027-03-20
2027-03-20,wk inc flu hosp,0,53,quantile,0.65,144,2027-03-20
2027-03-20,wk inc flu hosp,0,53,quantile,0.7,148,2027-03-20
2027-03-20,wk inc flu hosp,0,53,quantile,0.75,153,2027-03-20
2027-03-20,wk inc flu hosp,0,53,quantile,0.8,158,2027-03-20
2027-03-20,wk inc flu hosp,0,53,quantile,0.85,163,2027-03-20
2027-03-20,wk inc flu hosp,0,53,quantile,0.9,169,2027-03-20
2027-03-20,wk inc flu hosp,0,53,quantile,0.95,177,2027-03-20
2027-03-20,wk inc flu hosp,0,53,quantile,0.975,187,2027-03-20
2027-03-20,wk inc flu hosp,0,53,quantile,0.99,196,2027-03-20
2027-03-20,wk inc flu hosp,0,54,quantile,0.01,104,2027-03-20
2027-03-20,wk inc flu hosp,0,54,quantile,0.025,108,2027-03-20
2027-03-20,wk inc flu hosp,0,54,quantile,0.05,112,2027-03-20
2027-03-20,wk inc flu hosp,0,54,quantile,0.1,120,2027-03-20
2027-03-20,wk inc flu hosp,0,54,quantile,0.15,127,2027-03-20
2027-03-20,wk inc flu hosp,0,54,quantile,0.2,130,2027-03-20
2027-03-20,wk inc flu hosp,0,54,quantile,0.25,134,2027-03-20
2027-03-20,wk inc flu hosp,0,54,quantile,0.3,136,2027-03-20
2027-03-20,wk inc flu hosp,0,54,quantile,0.35,140,2027-03-20
2027-03-20,wk inc flu hosp,0,54,quantile,0.4,142,2027-03-20
2027-03-20,wk inc flu hosp,0,54,quantile,0.45,145,2027-03-20
2027-03-20,wk inc flu hosp,0,54,quantile,0.5,146,2027-03-20
2027-03-20,wk inc flu hosp,0,54,quantile,0.55,149,2027-03-20
2027-03-20,wk inc flu hosp,0,54,quantile,0.6,151,2027-03-20
2027-03-20,wk inc flu hosp,0,54,quantile,0.65,153,2027-03-20
2027-03-20,wk inc flu hosp,0,54,quantile,0.7,157,2027-03-20
2027-03-20,wk inc flu hosp,0,54,quantile,0.75,161,2027-03-20
2027-03-20,wk inc flu hosp,0,54,quantile,0.8,164,2027-03-20
2027-03-20,wk inc flu hosp,0,54,quantile,0.85,169,2027-03-20
2027-03-20,wk inc flu hosp,0,54,quantile,0.9,174,2027-03-20
2027-03-20,wk inc flu hosp,0,54,quantile,0.95,179,2027-03-20
2027-03-20,wk inc flu hosp,0,54,quantile,0.975,185,2027-03-20
2027-03-20,wk inc flu hosp,0,54,quantile,0.99,196,2027-03-20
2027-03-20,wk inc flu hosp,0,55,quantile,0.01,120,2027-03-20
2027-03-20,wk inc flu hosp,0,55,quantile,0.025,124,2027-03-20
2027-03-20,wk inc flu hosp,0,55,quantile,0.05,131,2027-03-20
2027-03-20,wk inc flu hosp,0,55,quantile,0.1,138,2027-03-20
2027-03-20,wk inc flu hosp,0,55,quantile,0.15,145,2027-03-20
2027-03-20,wk inc flu hosp,0,55,quantile,0.2,154,2027-03-20
2027-03-20,wk inc flu hosp,0,55,quantile,0.25,158,2027-03-20
2027-03-20,wk inc flu hosp,0,55,quantile,0.3,160,2027-03-20
2027-03-20,wk inc flu hosp,0,55,quantile,0.35,162,2027-03-20
2027-03-20,wk inc flu hosp,0,55,quantile,0.4,167,2027-03-20
2027-03-20,wk inc flu hosp,0,55,quantile,0.45,171,2027-03-20
2027-03-20,wk inc flu hosp,0,55,quantile,0.5,175,2027-03-20
2027-03-20,wk inc flu hosp,0,55,quantile,0.55,178,2027-03-20
2027-03-20,wk inc flu hosp,0,55,quantile,0.6,182,2027-03-20
2027-03-20,wk inc flu hosp,0,55,quantile,0.65,184,2027-03-20
2027-03-20,wk inc flu hosp,0,55,quantile,0.7,186,2027-03-20
2027-03-20,wk inc flu hosp,0,55,quantile,0.75,192,2027-03-20
2027-03-20,wk inc flu hosp,0,55,quantile,0.8,197,2027-03-20
2027-03-20,wk inc flu hosp,0,55,quantile,0.85,209,2027-03-20
2027-03-20,wk inc flu hosp,0,55,quantile,0.9,212,2027-03-20
2027-03-20,wk inc flu hosp,0,55,quantile,0.95,222,2027-03-20
2027-03-20,wk inc flu hosp,0,55,quantile,0.975,230,2027-03-20
2027-03-20,wk inc flu hosp,0,55,quantile,0.99,242,2027-03-20
2027-03-20,wk inc flu hosp,0,56,quantile,0.01,10,2027-03-20
2027-03-20,wk inc flu hosp,0,56,quantile,0.025,11,2027-03-20
2027-03-20,wk inc flu hosp,0,56,quantile,0.05,12,2027-03-20
2027-03-20,wk inc flu hosp,0,56,quantile,0.1,13,2027-03-20
2027-03-20,wk inc flu hosp,0,56,quantile,0.15,15,2027-03-20
2027-03-20,wk inc flu hosp,0,56,quantile,0.2,16,2027-03-20
2027-03-20,wk inc flu hosp,0,56,quantile,0.25,17,2027-03-20
2027-03-20,wk inc flu hosp,0,56,quantile,0.3,19,2027-03-20
2027-03-20,wk inc flu hosp,0,56,quantile,0.35,20,2027-03-20
2027-03-20,wk inc flu hosp,0,56,quantile,0.4,21,2027-03-20
2027-03-20,wk inc flu hosp,0,56,quantile,0.45,21,2027-03-20
2027-03-20,wk inc flu hosp,0,56,quantile,0.5,22,2027-03-20
2027-03-20,wk inc flu hosp,0,56,quantile,0.55,23,2027-03-20
2027-03-20,wk inc flu hosp,0,56,quantile,0.6,23,2027-03-20
2027-03-20,wk inc flu hosp,0,56,quantile,0.65,24,2027-03-20
2027-03-20,wk inc flu hosp,0,56,quantile,0.7,25,2027-03-20
2027-03-20,wk inc flu hosp,0,56,quantile,0.75,27,2027-03-20
2027-03-20,wk inc flu hosp,0,56,quantile,0.8,29,2027-03-20
2027-03-20,wk inc flu hosp,0,56,quantile,0.85,30,2027-03-20
2027-03-20,wk inc flu hosp,0,56,quantile,0.9,32,2027-03-20
2027-03-20,wk inc flu hosp,0,56,quantile,0.95,34,2027-03-20
2027-03-20,wk inc flu hosp,0,56,quantile,0.975,35,2027-03-20
2027-03-20,wk inc flu hosp,0,56,quantile,0.99,38,2027-03-20
2027-03-20,wk inc flu hosp,0,72,quantile,0.01,125,2027-03-20
2027-03-20,wk inc flu hosp,0,72,quantile,0.025,129,2027-03-20
2027-03-20,wk inc flu hosp,0,72,quantile,0.05,141,2027-03-20
2027-03-20,wk inc flu hosp,0,72,quantile,0.1,156,2027-03-20
2027-03-20,wk inc flu hosp,0,72,quantile,0.15,162,2027-03-20
2027-03-20,wk inc flu hosp,0,72,quantile,0.2,171,2027-03-20
2027-03-20,wk inc flu hosp,0,72,quantile,0.25,179,2027-03-20
2027-03-20,wk inc flu hosp,0,72,quantile,0.3,185,2027-03-20
2027-03-20,wk inc flu hosp,0,72,quantile,0.35,192,2027-03-20
2027-03-20,wk inc flu hosp,0,72,quantile,0.4,199,2027-03-20
2027-03-20,wk inc flu hosp,0,72,quantile,0.45,205,2027-03-20
2027-03-20,wk inc flu hosp,0,72,quantile,0.5,212,2027-03-20
2027-03-20,wk inc flu hosp,0,72,quantile,0.55,219,2027-03-20
2027-03-20,wk inc flu hosp,0,72,quantile,0.6,229,2027-03-20
2027-03-20,wk inc flu hosp,0,72,quantile,0.65,235,2027-03-20
2027-03-20,wk inc flu hosp,0,72,quantile,0.7,238,2027-03-20
2027-03-20,wk inc flu hosp,0,72,quantile,0.75,245,2027-03-20
2027-03-20,wk inc flu hosp,0,72,quantile,0.8,256,2027-03-20
2027-03-20,wk inc flu hosp,0,72,quantile,0.85,266,2027-03-20
2027-03-20,wk inc flu hosp,0,72,quantile,0.9,278,2027-03-20
2027-03-20,wk inc flu hosp,0,72,quantile,0.95,297,2027-03-20
2027-03-20,wk inc flu hosp,0,72,quantile,0.975,315,2027-03-20
2027-03-20,wk inc flu hosp,0,72,quantile,0.99,328,2027-03-20
2027-03-20,wk inc flu hosp,0,USA,quantile,0.01,9205,2027-03-20
2027-03-20,wk inc flu hosp,0,USA,quantile,0.025,9367,2027-03-20
2027-03-20,wk inc flu hosp,0,USA,quantile,0.05,9424,2027-03-20
2027-03-20,wk inc flu hosp,0,USA,quantile,0.1,9559,2027-03-20
2027-03-20,wk inc flu hosp,0,USA,quantile,0.15,9641,2027-03-20
2027-03-20,wk inc flu hosp,0,USA,quantile,0.2,9709,2027-03-20
2027-03-20,wk inc flu hosp,0,USA,quantile,0.25,9752,2027-03-20
2027-03-20,wk inc flu hosp,0,USA,quantile,0.3,9819,2027-03-20
2027-03-20,wk inc flu hosp,0,USA,quantile,0.35,9880,2027-03-20
2027-03-20,wk inc flu hosp,0,USA,quantile,0.4,9922,2027-03-20
2027-03-20,wk inc flu hosp,0,USA,quantile,0.45,9975,2027-03-20
2027-03-20,wk inc flu hosp,0,USA,quantile,0.5,10008,2027-03-20
2027-03-20,wk inc flu hosp,0,USA,quantile,0.55,10059,2027-03-20
2027-03-20,wk inc flu hosp,0,USA,quantile,0.6,10108,2027-03-20
2027-03-20,wk inc flu hosp,0,USA,quantile,0.65,10143,2027-03-20
2027-03-20,wk inc flu hosp,0,USA,quantile,0.7,10200,2027-03-20
2027-03-20,wk inc flu hosp,0,USA,quantile,0.75,10267,2027-03-20
2027-03-20,wk inc flu hosp,0,USA,quantile,0.8,10311,2027-03-20
2027-03-20,wk inc flu hosp,0,USA,quantile,0.85,10380,2027-03-20
2027-03-20,wk inc flu hosp,0,USA,quantile,0.9,10611,2027-03-20
2027-03-20,wk inc flu hosp,0,USA,quantile,0.95,10990,2027-03-20
2027-03-20,wk inc flu hosp,0,USA,quantile,0.975,11241,2027-03-20
2027-03-20,wk inc flu hosp,0,USA,quantile,0.99,12052,2027-03-20
2027-03-20,wk inc flu hosp,1,01,quantile,0.01,57,2027-03-27
2027-03-20,wk inc flu hosp,1,01,quantile,0.025,58,2027-03-27
2027-03-20,wk inc flu hosp,1,01,quantile,0.05,60,2027-03-27
2027-03-20,wk inc flu hosp,1,01,quantile,0.1,65,2027-03-27
2027-03-20,wk inc flu hosp,1,01,quantile,0.15,67,2027-03-27
2027-03-20,wk inc flu hosp,1,01,quantile,0.2,70,2027-03-27
2027-03-20,wk inc flu hosp,1,01,quantile,0.25,72,2027-03-27
2027-03-20,wk inc flu hosp,1,01,quantile,0.3,76,2027-03-27
2027-03-20,wk inc flu hosp,1,01,quantile,0.35,81,2027-03-27
2027-03-20,wk inc flu hosp,1,01,quantile,0.4,83,2027-03-27
2027-03-20,wk inc flu hosp,1,01,quantile,0.45,85,2027-03-27
2027-03-20,wk inc flu hosp,1,01,quantile,0.5,88,2027-03-27
2027-03-20,wk inc flu hosp,1,01,quantile,0.55,89,2027-03-27
2027-03-20,wk inc flu hosp,1,01,quantile,0.6,93,2027-03-27
2027-03-20,wk inc flu hosp,1,01,quantile,0.65,95,2027-03-27
2027-03-20,wk inc flu hosp,1,01,quantile,0.7,99,2027-03-27
2027-03-20,wk inc flu hosp,1,01,quantile,0.75,102,2027-03-27
2027-03-20,wk inc flu hosp,1,01,quantile,0.8,110,2027-03-27
2027-03-20,wk inc flu hosp,1,01,quantile,0.85,118,2027-03-27
2027-03-20,wk inc flu hosp,1,01,quantile,0.9,122,2027-03-27
2027-03-20,wk inc flu hosp,1,01,quantile,0.95,127,2027-03-27
2027-03-20,wk inc flu hosp,1,01,quantile,0.975,134,2027-03-27
2027-03-20,wk inc flu hosp,1,01,quantile,0.99,150,2027-03-27
2027-03-20,wk inc flu hosp,1,02,quantile,0.01,3,2027-03-27
2027-03-20,wk inc flu hosp,1,02,quantile,0.025,4,2027-03-27
2027-03-20,wk inc flu hosp,1,02,quantile,0.05,5,2027-03-27
2027-03-20,wk inc flu hosp,1,02,quantile,0.1,7,2027-03-27
2027-03-20,wk inc flu hosp,1,02,quantile,0.15,10,2027-03-27
2027-03-20,wk inc flu hosp,1,02,quantile,0.2,11,2027-03-27
2027-03-20,wk inc flu hosp,1,02,quantile,0.25,12,2027-03-27
2027-03-20,wk inc flu hosp,1,02,quantile,0.3,13,2027-03-27
2027-03-20,wk inc flu hosp,1,02,quantile,0.35,14,2027-03-27
2027-03-20,wk inc flu hosp,1,02,quantile,0.4,15,2027-03-27
2027-03-20,wk inc flu hosp,1,02,quantile,0.45,15,2027-03-27
2027-03-20,wk inc flu hosp,1,02,quantile,0.5,16,2027-03-27
2027-03-20,wk inc flu hosp,1,02,quantile,0.55,17,2027-03-27
2027-03-20,wk inc flu hosp,1,02,quantile,0.6,19,2027-03-27
2027-03-20,wk inc flu hosp,1,02,quantile,0.65,20,2027-03-27
2027-03-20,wk inc flu hosp,1,02,quantile,0.7,21,2027-03-27
2027-03-20,wk inc flu hosp,1,02,quantile,0.75,23,2027-03-27
2027-03-20,wk inc flu hosp,1,02,quantile,0.8,23,2027-03-27
2027-03-20,wk inc flu hosp,1,02,quantile,0.85,25,2027-03-27
2027-03-20,wk inc flu hosp,1,02,quantile,0.9,26,2027-03-27
2027-03-20,wk inc flu hosp,1,02,quantile,0.95,29,2027-03-27
2027-03-20,wk inc flu hosp,1,02,quantile,0.975,31,2027-03-27
2027-03-20,wk inc flu hosp,1,02,quantile,0.99,42,2027-03-27
2027-03-20,wk inc flu hosp,1,04,quantile,0.01,113,2027-03-27
2027-03-20,wk inc flu hosp,1,04,quantile,0.025,133,2027-03-27
2027-03-20,wk inc flu hosp,1,04,quantile,0.05,143,2027-03-27
2027-03-20,wk inc flu hosp,1,04,quantile,0.1,154,2027-03-27
2027-03-20,wk inc flu hosp,1,04,quantile,0.15,164,2027-03-27
2027-03-20,wk inc flu hosp,1,04,quantile,0.2,173,2027-03-27
2027-03-20,wk inc flu hosp,1,04,quantile,0.25,180,2027-03-27
2027-03-20,wk inc flu hosp,1,04,quantile,0.3,193,2027-03-27
2027-03-20,wk inc flu hosp,1,04,quantile,0.35,198,2027-03-27
2027-03-20,wk inc flu hosp,1,04,quantile,0.4,205,2027-03-27
2027-03-20,wk inc flu hosp,1,04,quantile,0.45,216,2027-03-27
2027-03-20,wk inc flu hosp,1,04,quantile,0.5,224,2027-03-27
2027-03-20,wk inc flu hosp,1,04,quantile,0.55,232,2027-03-27
2027-03-20,wk inc flu hosp,1,04,quantile,0.6,237,2027-03-27
2027-03-20,wk inc flu hosp,1,04,quantile,0.65,244,2027-03-27
2027-03-20,wk inc flu hosp,1,04,quantile,0.7,250,2027-03-27
2027-03-20,wk inc flu hosp,1,04,quantile,0.75,261,2027-03-27
2027-03-20,wk inc flu hosp,1,04,quantile,0.8,275,2027-03-27
2027-03-20,wk inc flu hosp,1,04,quantile,0.85,293,2027-03-27
2027-03-20,wk inc flu hosp,1,04,quantile,0.9,309,2027-03-27
2027-03-20,wk inc flu hosp,1,04,quantile,0.95,330,2027-03-27
2027-03-20,wk inc flu hosp,1,04,quantile,0.975,348,2027-03-27
2027-03-20,wk inc flu hosp,1,04,quantile,0.99,392,2027-03-27
2027-03-20,wk inc flu hosp,1,05,quantile,0.01,53,2027-03-27
2027-03-20,wk inc flu hosp,1,05,quantile,0.025,62,2027-03-27
2027-03-20,wk inc flu hosp,1,05,quantile,0.05,65,2027-03-27
2027-03-20,wk inc flu hosp,1,05,quantile,0.1,71,2027-03-27
2027-03-20,wk inc flu hosp,1,05,quantile,0.15,76,2027-03-27
2027-03-20,wk inc flu hosp,1,05,quantile,0.2,82,2027-03-27
2027-03-20,wk inc flu hosp,1,05,quantile,0.25,85,2027-03-27
2027-03-20,wk inc flu hosp,1,05,quantile,0.3,88,2027-03-27
2027-03-20,wk inc flu hosp,1,05,quantile,0.35,90,2027-03-27
2027-03-20,wk inc flu hosp,1,05,quantile,0.4,93,2027-03-27
2027-03-20,wk inc flu hosp,1,05,quantile,0.45,96,2027-03-27
2027-03-20,wk inc flu hosp,1,05,quantile,0.5,97,2027-03-27
2027-03-20,wk inc flu hosp,1,05,quantile,0.55,100,2027-03-27
2027-03-20,wk inc flu hosp,1,05,quantile,0.6,103,2027-03-27
2027-03-20,wk inc flu hosp,1,05,quantile,0.65,107,2027-03-27
2027-03-20,wk inc flu hosp,1,05,quantile,0.7,112,2027-03-27
2027-03-20,wk inc flu hosp,1,05,quantile,0.75,115,2027-03-27
2027-03-20,wk inc flu hosp,1,05,quantile,0.8,119,2027-03-27
2027-03-20,wk inc flu hosp,1,05,quantile,0.85,125,2027-03-27
2027-03-20,wk inc flu hosp,1,05,quantile,0.9,131,2027-03-27
2027-03-20,wk inc flu hosp,1,05,quantile,0.95,146,2027-03-27
2027-03-20,wk inc flu hosp,1,05,quantile,0.975,150,2027-03-27
2027-03-20,wk inc flu hosp,1,05,quantile,0.99,153,2027-03-27
2027-03-20,wk inc flu hosp,1,06,quantile,0.01,350,2027-03-27
2027-03-20,wk inc flu hosp,1,06,quantile,0.025,382,2027-03-27
2027-03-20,wk inc flu hosp,1,06,quantile,0.05,404,2027-03-27
2027-03-20,wk inc flu hosp,1,06,quantile,0.1,439,2027-03-27
2027-03-20,wk inc flu hosp,1,06,quantile,0.15,479,2027-03-27
2027-03-20,wk inc flu hosp,1,06,quantile,0.2,495,2027-03-27
2027-03-20,wk inc flu hosp,1,06,quantile,0.25,509,2027-03-27
2027-03-20,wk inc flu hosp,1,06,quantile,0.3,521,2027-03-27
2027-03-20,wk inc flu hosp,1,06,quantile,0.35,538,2027-03-27
2027-03-20,wk inc flu hosp,1,06,quantile,0.4,552,2027-03-27
2027-03-20,wk inc flu hosp,1,06,quantile,0.45,564,2027-03-27
2027-03-20,wk inc flu hosp,1,06,quantile,0.5,583,2027-03-27
2027-03-20,wk inc flu hosp,1,06,quantile,0.55,596,2027-03-27
2027-03-20,wk inc flu hosp,1,06,quantile,0.6,604,2027-03-27
2027-03-20,wk inc flu hosp,1,06,quantile,0.65,615,2027-03-27
2027-03-20,wk inc flu hosp,1,06,quantile,0.7,636,2027-03-27
2027-03-20,wk inc flu hosp,1,06,quantile,0.75,658,2027-03-27
2027-03-20,wk inc flu hosp,1,06,quantile,0.8,678,2027-03-27
2027-03-20,wk inc flu hosp,1,06,quantile,0.85,706,2027-03-27
2027-03-20,wk inc flu hosp,1,06,quantile,0.9,725,2027-03-27
2027-03-20,wk inc flu hosp,1,06,quantile,0.95,753,2027-03-27
2027-03-20,wk inc flu hosp,1,06,quantile,0.975,794,2027-03-27
2027-03-20,wk inc flu hosp,1,06,quantile,0.99,844,2027-03-27
2027-03-20,wk inc flu hosp,1,08,quantile,0.01,72,2027-03-27
2027-03-20,wk inc flu hosp,1,08,quantile,0.025,77,2027-03-27
2027-03-20,wk inc flu hosp,1,08,quantile,0.05,83,2027-03-27
2027-03-20,wk inc flu hosp,1,08,quantile,0.1,87,2027-03-27
2027-03-20,wk inc flu hosp,1,08,quantile,0.15,89,2027-03-27
2027-03-20,wk inc flu hosp,1,08,quantile,0.2,94,2027-03-27
2027-03-20,wk inc flu hosp,1,08,quantile,0.25,96,2027-03-27
2027-03-20,wk inc flu hosp,1,08,quantile,0.3,100,2027-03-27
2027-03-20,wk inc flu hosp,1,08,quantile,0.35,103,2027-03-27
2027-03-20,wk inc flu hosp,1,08,quantile,0.4,107,2027-03-27
2027-03-20,wk inc flu hosp,1,08,quantile,0.45,110,2027-03-27
2027-03-20,wk inc flu hosp,1,08,quantile,0.5,111,2027-03-27
2027-03-20,wk inc flu hosp,1,08,quantile,0.55,114,2027-03-27
2027-03-20,wk inc flu hosp,1,08,quantile,0.6,115,2027-03-27
2027-03-20,wk inc flu hosp,1,08,quantile,0.65,121,2027-03-27
2027-03-20,wk inc flu hosp,1,08,quantile,0.7,124,2027-03-27
2027-03-20,wk inc flu hosp,1,08,quantile,0.75,125,2027-03-27
2027-03-20,wk inc flu hosp,1,08,quantile,0.8,130,2027-03-27
2027-03-20,wk inc flu hosp,1,08,quantile,0.85,134,2027-03-27
2027-03-20,wk inc flu hosp,1,08,quantile,0.9,140,2027-03-27
2027-03-20,wk inc flu hosp,1,08,quantile,0.95,150,2027-03-27
2027-03-20,wk inc flu hosp,1,08,quantile,0.975,163,2027-03-27
2027-03-20,wk inc flu hosp,1,08,quantile,0.99,177,2027-03-27
2027-03-20,wk inc flu hosp,1,09,quantile,0.01,40,2027-03-27
2027-03-20,wk inc flu hosp,1,09,quantile,0.025,44,2027-03-27
2027-03-20,wk inc flu hosp,1,09,quantile,0.05,45,2027-03-27
2027-03-20,wk inc flu hosp,1,09,quantile,0.1,52,2027-03-27
2027-03-20,wk inc flu hosp,1,09,quantile,0.15,57,2027-03-27
2027-03-20,wk inc flu hosp,1,09,quantile,0.2,59,2027-03-27
2027-03-20,wk inc flu hosp,1,09,quantile,0.25,62,2027-03-27
2027-03-20,wk inc flu hosp,1,09,quantile,0.3,65,2027-03-27
2027-03-20,wk inc flu hosp,1,09,quantile,0.35,67,2027-03-27
2027-03-20,wk inc flu hosp,1,09,quantile,0.4,68,2027-03-27
2027-03-20,wk inc flu hosp,1,09,quantile,0.45,70,2027-03-27
2027-03-20,wk inc flu hosp,1,09,quantile,0.5,72,2027-03-27
2027-03-20,wk inc flu hosp,1,09,quantile,0.55,74,2027-03-27
2027-03-20,wk inc flu hosp,1,09,quantile,0.6,76,2027-03-27
2027-03-20,wk inc flu hosp,1,09,quantile,0.65,78,2027-03-27
2027-03-20,wk inc flu hosp,1,09,quantile,0.7,81,2027-03-27
2027-03-20,wk inc flu hosp,1,09,quantile,0.75,83,2027-03-27
2027-03-20,wk inc flu hosp,1,09,quantile,0.8,87,2027-03-27
2027-03-20,wk inc flu hosp,1,09,quantile,0.85,90,2027-03-27
2027-03-20,wk inc flu hosp,1,09,quantile,0.9,93,2027-03-27
2027-03-20,wk inc flu hosp,1,09,quantile,0.95,102,2027-03-27
2027-03-20,wk inc flu hosp,1,09,quantile,0.975,106,2027-03-27
2027-03-20,wk inc flu hosp,1,09,quantile,0.99,123,2027-03-27
2027-03-20,wk inc flu hosp,1,10,quantile,0.01,10,2027-03-27
2027-03-20,wk inc flu hosp,1,10,quantile,0.025,10,2027-03-27
2027-03-20,wk inc flu hosp,1,10,quantile,0.05,11,2027-03-27
2027-03-20,wk inc flu hosp,1,10,quantile,0.1,13,2027-03-27
2027-03-20,wk inc flu hosp,1,10,quantile,0.15,15,2027-03-27
2027-03-20,wk inc flu hosp,1,10,quantile,0.2,16,2027-03-27
2027-03-20,wk inc flu hosp,1,10,quantile,0.25,17,2027-03-27
2027-03-20,wk inc flu hosp,1,10,quantile,0.3,19,2027-03-27
2027-03-20,wk inc flu hosp,1,10,quantile,0.35,19,2027-03-27
2027-03-20,wk inc flu hosp,1,10,quantile,0.4,21,2027-03-27
2027-03-20,wk inc flu hosp,1,10,quantile,0.45,21,2027-03-27
2027-03-20,wk inc flu hosp,1,10,quantile,0.5,22,2027-03-27
2027-03-20,wk inc flu hosp,1,10,quantile,0.55,23,2027-03-27
2027-03-20,wk inc flu hosp,1,10,quantile,0.6,24,2027-03-27
2027-03-20,wk inc flu hosp,1,10,quantile,0.65,25,2027-03-27
2027-03-20,wk inc flu hosp,1,10,quantile,0.7,27,2027-03-27
2027-03-20,wk inc flu hosp,1,10,quantile,0.75,28,2027-03-27
2027-03-20,wk inc flu hosp,1,10,quantile,0.8,30,2027-03-27
2027-03-20,wk inc flu hosp,1,10,quantile,0.85,30,2027-03-27
2027-03-20,wk inc flu hosp,1,10,quantile,0.9,32,2027-03-27
2027-03-20,wk inc flu hosp,1,10,quantile,0.95,35,2027-03-27
2027-03-20,wk inc flu hosp,1,10,quantile,0.975,36,2027-03-27
2027-03-20,wk inc flu hosp,1,10,quantile,0.99,39,2027-03-27
2027-03-20,wk inc flu hosp,1,11,quantile,0.01,13,2027-03-27
2027-03-20,wk inc flu hosp,1,11,quantile,0.025,14,2027-03-27
2027-03-20,wk inc flu hosp,1,11,quantile,0.05,15,2027-03-27
2027-03-20,wk inc flu hosp,1,11,quantile,0.1,17,2027-03-27
2027-03-20,wk inc flu hosp,1,11,quantile,0.15,19,2027-03-27
2027-03-20,wk inc flu hosp,1,11,quantile,0.2,21,2027-03-27
2027-03-20,wk inc flu hosp,1,11,quantile,0.25,22,2027-03-27
2027-03-20,wk inc flu hosp,1,11,quantile,0.3,23,2027-03-27
2027-03-20,wk inc flu hosp,1,11,quantile,0.35,26,2027-03-27
2027-03-20,wk inc flu hosp,1,11,quantile,0.4,27,2027-03-27
2027-03-20,wk inc flu hosp,1,11,quantile,0.45,29,2027-03-27
2027-03-20,wk inc flu hosp,1,11,quantile,0.5,30,2027-03-27
2027-03-20,wk inc flu hosp,1,11,quantile,0.55,31,2027-03-27
2027-03-20,wk inc flu hosp,1,11,quantile,0.6,33,2027-03-27
2027-03-20,wk inc flu hosp,1,11,quantile,0.65,35,2027-03-27
2027-03-20,wk inc flu hosp,1,11,quantile,0.7,36,2027-03-27
2027-03-20,wk inc flu hosp,1,11,quantile,0.75,37,2027-03-27
2027-03-20,wk inc flu hosp,1,11,quantile,0.8,40,2027-03-27
2027-03-20,wk inc flu hosp,1,11,quantile,0.85,41,2027-03-27
2027-03-20,wk inc flu hosp,1,11,quantile,0.9,44,2027-03-27
2027-03-20,wk inc flu hosp,1,11,quantile,0.95,49,2027-03-27
2027-03-20,wk inc flu hosp,1,11,quantile,0.975,53,2027-03-27
2027-03-20,wk inc flu hosp,1,11,quantile,0.99,55,2027-03-27
2027-03-20,wk inc flu hosp,1,12,quantile,0.01,359,2027-03-27
2027-03-20,wk inc flu hosp,1,12,quantile,0.025,371,2027-03-27
2027-03-20,wk inc flu hosp,1,12,quantile,0.05,400,2027-03-27
2027-03-20,wk inc flu hosp,1,12,quantile,0.1,423,2027-03-27
2027-03-20,wk inc flu hosp,1,12,quantile,0.15,437,2027-03-27
2027-03-20,wk inc flu hosp,1,12,quantile,0.2,447,2027-03-27
2027-03-20,wk inc flu hosp,1,12,quantile,0.25,462,2027-03-27
2027-03-20,wk inc flu hosp,1,12,quantile,0.3,477,2027-03-27
2027-03-20,wk inc flu hosp,1,12,quantile,0.35,482,2027-03-27
2027-03-20,wk inc flu hosp,1,12,quantile,0.4,487,2027-03-27
2027-03-20,wk inc flu hosp,1,12,quantile,0.45,506,2027-03-27
2027-03-20,wk inc flu hosp,1,12,quantile,0.5,526,2027-03-27
2027-03-20,wk inc flu hosp,1,12,quantile,0.55,537,2027-03-27
2027-03-20,wk inc flu hosp,1,12,quantile,0.6,547,2027-03-27
2027-03-20,wk inc flu hosp,1,12,quantile,0.65,556,2027-03-27
2027-03-20,wk inc flu hosp,1,12,quantile,0.7,572,2027-03-27
2027-03-20,wk inc flu hosp,1,12,quantile,0.75,593,2027-03-27
2027-03-20,wk inc flu hosp,1,12,quantile,0.8,615,2027-03-27
2027-03-20,wk inc flu hosp,1,12,quantile,0.85,651,2027-03-27
2027-03-20,wk inc flu hosp,1,12,quantile,0.9,680,2027-03-27
2027-03-20,wk inc flu hosp,1,12,quantile,0.95,737,2027-03-27
2027-03-20,wk inc flu hosp,1,12,quantile,0.975,788,2027-03-27
2027-03-20,wk inc flu hosp,1,12,quantile,0.99,818,2027-03-27
2027-03-20,wk inc flu hosp,1,13,quantile,0.01,58,2027-03-27
2027-03-20,wk inc flu hosp,1,13,quantile,0.025,62,2027-03-27
2027-03-20,wk inc flu hosp,1,13,quantile,0.05,69,2027-03-27
2027-03-20,wk inc flu hosp,1,13,quantile,0.1,75,2027-03-27
2027-03-20,wk inc flu hosp,1,13,quantile,0.15,77,2027-03-27
2027-03-20,wk inc flu hosp,1,13,quantile,0.2,80,2027-03-27
2027-03-20,wk inc flu hosp,1,13,quantile,0.25,83,2027-03-27
2027-03-20,wk inc flu hosp,1,13,quantile,0.3,88,2027-03-27
2027-03-20,wk inc flu hosp,1,13,quantile,0.35,89,2027-03-27
2027-03-20,wk inc flu hosp,1,13,quantile,0.4,91,2027-03-27
2027-03-20,wk inc flu hosp,1,13,quantile,0.45,94,2027-03-27
2027-03-20,wk inc flu hosp,1,13,quantile,0.5,99,2027-03-27
2027-03-20,wk inc flu hosp,1,13,quantile,0.55,103,2027-03-27
2027-03-20,wk inc flu hosp,1,13,quantile,0.6,107,2027-03-27
2027-03-20,wk inc flu hosp,1,13,quantile,0.65,111,2027-03-27
2027-03-20,wk inc flu hosp,1,13,quantile,0.7,117,2027-03-27
2027-03-20,wk inc flu hosp,1,13,quantile,0.75,119,2027-03-27
2027-03-20,wk inc flu hosp,1,13,quantile,0.8,127,2027-03-27
2027-03-20,wk inc flu hosp,1,13,quantile,0.85,131,2027-03-27
2027-03-20,wk inc flu hosp,1,13,quantile,0.9,140,2027-03-27
2027-03-20,wk inc flu hosp,1,13,quantile,0.95,149,2027-03-27
2027-03-20,wk inc flu hosp,1,13,quantile,0.975,164,2027-03-27
2027-03-20,wk inc flu hosp,1,13,quantile,0.99,182,2027-03-27
2027-03-20,wk inc flu hosp,1,15,quantile,0.01,8,2027-03-27
2027-03-20,wk inc flu hosp,1,15,quantile,0.025,8,2027-03-27
2027-03-20,wk inc flu hosp,1,15,quantile,0.05,10,2027-03-27
2027-03-20,wk inc flu hosp,1,15,quantile,0.1,12,2027-03-27
2027-03-20,wk inc flu hosp,1,15,quantile,0.15,14,2027-03-27
2027-03-20,wk inc flu hosp,1,15,quantile,0.2,15,2027-03-27
2027-03-20,wk inc flu hosp,1,15,quantile,0.25,16,2027-03-27
2027-03-20,wk inc flu hosp,1,15,quantile,0.3,17,2027-03-27
2027-03-20,wk inc flu hosp,1,15,quantile,0.35,18,2027-03-27
2027-03-20,wk inc flu hosp,1,15,quantile,0.4,19,2027-03-27
2027-03-20,wk inc flu hosp,1,15,quantile,0.45,20,2027-03-27
2027-03-20,wk inc flu hosp,1,15,quantile,0.5,21,2027-03-27
2027-03-20,wk inc flu hosp,1,15,quantile,0.55,22,2027-03-27
2027-03-20,wk inc flu hosp,1,15,quantile,0.6,23,2027-03-27
2027-03-20,wk inc flu hosp,1,15,quantile,0.65,24,2027-03-27
2027-03-20,wk inc flu hosp,1,15,quantile,0.7,26,2027-03-27
2027-03-20,wk inc flu hosp,1,15,quantile,0.75,28,2027-03-27
2027-03-20,wk inc flu hosp,1,15,quantile,0.8,28,2027-03-27
2027-03-20,wk inc flu hosp,1,15,quantile,0.85,29,2027-03-27
2027-03-20,wk inc flu hosp,1,15,quantile,0.9,31,2027-03-27
2027-03-20,wk inc flu hosp,1,15,quantile,0.95,32,2027-03-27
2027-03-20,wk inc flu hosp,1,15,quantile,0.975,39,2027-03-27
2027-03-20,wk inc flu hosp,1,15,quantile,0.99,42,2027-03-27
2027-03-20,wk inc flu hosp,1,16,quantile,0.01,38,2027-03-27
2027-03-20,wk inc flu hosp,1,16,quantile,0.025,47,2027-03-27
2027-03-20,wk inc flu hosp,1,16,quantile,0.05,48,2027-03-27
2027-03-20,wk inc flu hosp,1,16,quantile,0.1,53,2027-03-27
2027-03-20,wk inc flu hosp,1,16,quantile,0.15,56,2027-03-27
2027-03-20,wk inc flu hosp,1,16,quantile,0.2,59,2027-03-27
2027-03-20,wk inc flu hosp,1,16,quantile,0.25,62,2027-03-27
2027-03-20,wk inc flu hosp,1,16,quantile,0.3,64,2027-03-27
2027-03-20,wk inc flu hosp,1,16,quantile,0.35,66,2027-03-27
2027-03-20,wk inc flu hosp,1,16,quantile,0.4,68,2027-03-27
2027-03-20,wk inc flu hosp,1,16,quantile,0.45,70,2027-03-27
2027-03-20,wk inc flu hosp,1,16,quantile,0.5,72,2027-03-27
2027-03-20,wk inc flu hosp,1,16,quantile,0.55,73,2027-03-27
2027-03-20,wk inc flu hosp,1,16,quantile,0.6,75,2027-03-27
2027-03-20,wk inc flu hosp,1,16,quantile,0.65,77,2027-03-27
2027-03-20,wk inc flu hosp,1,16,quantile,0.7,79,2027-03-27
2027-03-20,wk inc flu hosp,1,16,quantile,0.75,80,2027-03-27
2027-03-20,wk inc flu hosp,1,16,quantile,0.8,83,2027-03-27
2027-03-20,wk inc flu hosp,1,16,quantile,0.85,86,2027-03-27
2027-03-20,wk inc flu hosp,1,16,quantile,0.9,95,2027-03-27
2027-03-20,wk inc flu hosp,1,16,quantile,0.95,97,2027-03-27
2027-03-20,wk inc flu hosp,1,16,quantile,0.975,101,2027-03-27
2027-03-20,wk inc flu hosp,1,16,quantile,0.99,106,2027-03-27
2027-03-20,wk inc flu hosp,1,17,quantile,0.01,167,2027-03-27
2027-03-20,wk inc flu hosp,1,17,quantile,0.025,171,2027-03-27
2027-03-20,wk inc flu hosp,1,17,quantile,0.05,177,2027-03-27
2027-03-20,wk inc flu hosp,1,17,quantile,0.1,192,2027-03-27
2027-03-20,wk inc flu hosp,1,17,quantile,0.15,200,2027-03-27
2027-03-20,wk inc flu hosp,1,17,quantile,0.2,206,2027-03-27
2027-03-20,wk inc flu hosp,1,17,quantile,0.25,213,2027-03-27
2027-03-20,wk inc flu hosp,1,17,quantile,0.3,219,2027-03-27
2027-03-20,wk inc flu hosp,1,17,quantile,0.35,226,2027-03-27
2027-03-20,wk inc flu hosp,1,17,quantile,0.4,229,2027-03-27
2027-03-20,wk inc flu hosp,1,17,quantile,0.45,235,2027-03-27
2027-03-20,wk inc flu hosp,1,17,quantile,0.5,239,2027-03-27
2027-03-20,wk inc flu hosp,1,17,quantile,0.55,244,2027-03-27
2027-03-20,wk inc flu hosp,1,17,quantile,0.6,252,2027-03-27
2027-03-20,wk inc flu hosp,1,17,quantile,0.65,256,2027-03-27
2027-03-20,wk inc flu hosp,1,17,quantile,0.7,262,2027-03-27
2027-03-20,wk inc flu hosp,1,17,quantile,0.75,274,2027-03-27
2027-03-20,wk inc flu hosp,1,17,quantile,0.8,278,2027-03-27
2027-03-20,wk inc flu hosp,1,17,quantile,0.85,284,2027-03-27
2027-03-20,wk inc flu hosp,1,17,quantile,0.9,294,2027-03-27
2027-03-20,wk inc flu hosp,1,17,quantile,0.95,310,2027-03-27
2027-03-20,wk inc flu hosp,1,17,quantile,0.975,315,2027-03-27
2027-03-20,wk inc flu hosp,1,17,quantile,0.99,322,2027-03-27
2027-03-20,wk inc flu hosp,1,18,quantile,0.01,104,2027-03-27
2027-03-20,wk inc flu hosp,1,18,quantile,0.025,114,2027-03-27
2027-03-20,wk inc flu hosp,1,18,quantile,0.05,121,2027-03-27
2027-03-20,wk inc flu hosp,1,18,quantile,0.1,128,2027-03-27
2027-03-20,wk inc flu hosp,1,18,quantile,0.15,133,2027-03-27
2027-03-20,wk inc flu hosp,1,18,quantile,0.2,136,2027-03-27
2027-03-20,wk inc flu hosp,1,18,quantile,0.25,140,2027-03-27
2027-03-20,wk inc flu hosp,1,18,quantile,0.3,146,2027-03-27
2027-03-20,wk inc flu hosp,1,18,quantile,0.35,149,2027-03-27
2027-03-20,wk inc flu hosp,1,18,quantile,0.4,152,2027-03-27
2027-03-20,wk inc flu hosp,1,18,quantile,0.45,157,2027-03-27
2027-03-20,wk inc flu hosp,1,18,quantile,0.5,159,2027-03-27
2027-03-20,wk inc flu hosp,1,18,quantile,0.55,162,2027-03-27
2027-03-20,wk inc flu hosp,1,18,quantile,0.6,165,2027-03-27
2027-03-20,wk inc flu hosp,1,18,quantile,0.65,167,2027-03-27
2027-03-20,wk inc flu hosp,1,18,quantile,0.7,172,2027-03-27
2027-03-20,wk inc flu hosp,1,18,quantile,0.75,178,2027-03-27
2027-03-20,wk inc flu hosp,1,18,quantile,0.8,180,2027-03-27
2027-03-20,wk inc flu hosp,1,18,quantile,0.85,189,2027-03-27
2027-03-20,wk inc flu hosp,1,18,quantile,0.9,199,2027-03-27
2027-03-20,wk inc flu hosp,1,18,quantile,0.95,216,2027-03-27
2027-03-20,wk inc flu hosp,1,18,quantile,0.975,221,2027-03-27
2027-03-20,wk inc flu hosp,1,18,quantile,0.99,234,2027-03-27
2027-03-20,wk inc flu hosp,1,19,quantile,0.01,36,2027-03-27
2027-03-20,wk inc flu hosp,1,19,quantile,0.025,41,2027-03-27
2027-03-20,wk inc flu hosp,1,19,quantile,0.05,42,2027-03-27
2027-03-20,wk inc flu hosp,1,19,quantile,0.1,46,2027-03-27
2027-03-20,wk inc flu hosp,1,19,quantile,0.15,48,2027-03-27
2027-03-20,wk inc flu hosp,1,19,quantile,0.2,50,2027-03-27
2027-03-20,wk inc flu hosp,1,19,quantile,0.25,52,2027-03-27
2027-03-20,wk inc flu hosp,1,19,quantile,0.3,53,2027-03-27
2027-03-20,wk inc flu hosp,1,19,quantile,0.35,54,2027-03-27
2027-03-20,wk inc flu hosp,1,19,quantile,0.4,56,2027-03-27
2027-03-20,wk inc flu hosp,1,19,quantile,0.45,57,2027-03-27
2027-03-20,wk inc flu hosp,1,19,quantile,0.5,59,2027-03-27
2027-03-20,wk inc flu hosp,1,19,quantile,0.55,61,2027-03-27
2027-03-20,wk inc flu hosp,1,19,quantile,0.6,63,2027-03-27
2027-03-20,wk inc flu hosp,1,19,quantile,0.65,64,2027-03-27
2027-03-20,wk inc flu hosp,1,19,quantile,0.7,66,2027-03-27
2027-03-20,wk inc flu hosp,1,19,quantile,0.75,68,2027-03-27
2027-03-20,wk inc flu hosp,1,19,quantile,0.8,71,2027-03-27
2027-03-20,wk inc flu hosp,1,19,quantile,0.85,75,2027-03-27
2027-03-20,wk inc flu hosp,1,19,quantile,0.9,79,2027-03-27
2027-03-20,wk inc flu hosp,1,19,quantile,0.95,85,2027-03-27
2027-03-20,wk inc flu hosp,1,19,quantile,0.975,88,2027-03-27
2027-03-20,wk inc flu hosp,1,19,quantile,0.99,91,2027-03-27
2027-03-20,wk inc flu hosp,1,20,quantile,0.01,45,2027-03-27
2027-03-20,wk inc flu hosp,1,20,quantile,0.025,48,2027-03-27
2027-03-20,wk inc flu hosp,1,20,quantile,0.05,50,2027-03-27
2027-03-20,wk inc flu hosp,1,20,quantile,0.1,55,2027-03-27
2027-03-20,wk inc flu hosp,1,20,quantile,0.15,58,2027-03-27
2027-03-20,wk inc flu hosp,1,20,quantile,0.2,60,2027-03-27
2027-03-20,wk inc flu hosp,1,20,quantile,0.25,64,2027-03-27
2027-03-20,wk inc flu hosp,1,20,quantile,0.3,65,2027-03-27
2027-03-20,wk inc flu hosp,1,20,quantile,0.35,67,2027-03-27
2027-03-20,wk inc flu hosp,1,20,quantile,0.4,70,2027-03-27
2027-03-20,wk inc flu hosp,1,20,quantile,0.45,72,2027-03-27
2027-03-20,wk inc flu hosp,1,20,quantile,0.5,74,2027-03-27
2027-03-20,wk inc flu hosp,1,20,quantile,0.55,75,2027-03-27
2027-03-20,wk inc flu hosp,1,20,quantile,0.6,78,2027-03-27
2027-03-20,wk inc flu hosp,1,20,quantile,0.65,79,2027-03-27
2027-03-20,wk inc flu hosp,1,20,quantile,0.7,82,2027-03-27
2027-03-20,wk inc flu hosp,1,20,quantile,0.75,83,2027-03-27
2027-03-20,wk inc flu hosp,1,20,quantile,0.8,87,2027-03-27
2027-03-20,wk inc flu hosp,1,20,quantile,0.85,89,2027-03-27
2027-03-20,wk inc flu hosp,1,20,quantile,0.9,92,2027-03-27
2027-03-20,wk inc flu hosp,1,20,quantile,0.95,97,2027-03-27
2027-03-20,wk inc flu hosp,1,20,quantile,0.975,101,2027-03-27
2027-03-20,wk inc flu hosp,1,20,quantile,0.99,107,2027-03-27
2027-03-20,wk inc flu hosp,1,21,quantile,0.01,96,2027-03-27
2027-03-20,wk inc flu hosp,1,21,quantile,0.025,104,2027-03-27
2027-03-20,wk inc flu hosp,1,21,quantile,0.05,111,2027-03-27
2027-03-20,wk inc flu hosp,1,21,quantile,0.1,122,2027-03-27
2027-03-20,wk inc flu hosp,1,21,quantile,0.15,129,2027-03-27
2027-03-20,wk inc flu hosp,1,21,quantile,0.2,132,2027-03-27
2027-03-20,wk inc flu hosp,1,21,quantile,0.25,140,2027-03-27
2027-03-20,wk inc flu hosp,1,21,quantile,0.3,149,2027-03-27
2027-03-20,wk inc flu hosp,1,21,quantile,0.35,151,2027-03-27
2027-03-20,wk inc flu hosp,1,21,quantile,0.4,154,2027-03-27
2027-03-20,wk inc flu hosp,1,21,quantile,0.45,159,2027-03-27
2027-03-20,wk inc flu hosp,1,21,quantile,0.5,163,2027-03-27
2027-03-20,wk inc flu hosp,1,21,quantile,0.55,164,2027-03-27
2027-03-20,wk inc flu hosp,1,21,quantile,0.6,170,2027-03-27
2027-03-20,wk inc flu hosp,1,21,quantile,0.65,173,2027-03-27
2027-03-20,wk inc flu hosp,1,21,quantile,0.7,177,2027-03-27
2027-03-20,wk inc flu hosp,1,21,quantile,0.75,181,2027-03-27
2027-03-20,wk inc flu hosp,1,21,quantile,0.8,185,2027-03-27
2027-03-20,wk inc flu hosp,1,21,quantile,0.85,195,2027-03-27
2027-03-20,wk inc flu hosp,1,21,quantile,0.9,199,2027-03-27
2027-03-20,wk inc flu hosp,1,21,quantile,0.95,205,2027-03-27
2027-03-20,wk inc flu hosp,1,21,quantile,0.975,214,2027-03-27
2027-03-20,wk inc flu hosp,1,21,quantile,0.99,232,2027-03-27
2027-03-20,wk inc flu hosp,1,22,quantile,0.01,64,2027-03-27
2027-03-20,wk inc flu hosp,1,22,quantile,0.025,66,2027-03-27
2027-03-20,wk inc flu hosp,1,22,quantile,0.05,71,2027-03-27
2027-03-20,wk inc flu hosp,1,22,quantile,0.1,73,2027-03-27
2027-03-20,wk inc flu hosp,1,22,quantile,0.15,76,2027-03-27
2027-03-20,wk inc flu hosp,1,22,quantile,0.2,81,2027-03-27
2027-03-20,wk inc flu hosp,1,22,quantile,0.25,83,2027-03-27
2027-03-20,wk inc flu hosp,1,22,quantile,0.3,87,2027-03-27
2027-03-20,wk inc flu hosp,1,22,quantile,0.35,91,2027-03-27
2027-03-20,wk inc flu hosp,1,22,quantile,0.4,95,2027-03-27
2027-03-20,wk inc flu hosp,1,22,quantile,0.45,97,2027-03-27
2027-03-20,wk inc flu hosp,1,22,quantile,0.5,100,2027-03-27
2027-03-20,wk inc flu hosp,1,22,quantile,0.55,102,2027-03-27
2027-03-20,wk inc flu hosp,1,22,quantile,0.6,103,2027-03-27
2027-03-20,wk inc flu hosp,1,22,quantile,0.65,108,2027-03-27
2027-03-20,wk inc flu hosp,1,22,quantile,0.7,112,2027-03-27
2027-03-20,wk inc flu hosp,1,22,quantile,0.75,118,2027-03-27
2027-03-20,wk inc flu hosp,1,22,quantile,0.8,123,2027-03-27
2027-03-20,wk inc flu hosp,1,22,quantile,0.85,127,2027-03-27
2027-03-20,wk inc flu hosp,1,22,quantile,0.9,135,2027-03-27
2027-03-20,wk inc flu hosp,1,22,quantile,0.95,142,2027-03-27
2027-03-20,wk inc flu hosp,1,22,quantile,0.975,146,2027-03-27
2027-03-20,wk inc flu hosp,1,22,quantile,0.99,150,2027-03-27
2027-03-20,wk inc flu hosp,1,23,quantile,0.01,16,2027-03-27
2027-03-20,wk inc flu hosp,1,23,quantile,0.025,17,2027-03-27
2027-03-20,wk inc flu hosp,1,23,quantile,0.05,19,2027-03-27
2027-03-20,wk inc flu hosp,1,23,quantile,0.1,24,2027-03-27
2027-03-20,wk inc flu hosp,1,23,quantile,0.15,25,2027-03-27
2027-03-20,wk inc flu hosp,1,23,quantile,0.2,27,2027-03-27
2027-03-20,wk inc flu hosp,1,23,quantile,0.25,30,2027-03-27
2027-03-20,wk inc flu hosp,1,23,quantile,0.3,31,2027-03-27
2027-03-20,wk inc flu hosp,1,23,quantile,0.35,32,2027-03-27
2027-03-20,wk inc flu hosp,1,23,quantile,0.4,33,2027-03-27
2027-03-20,wk inc flu hosp,1,23,quantile,0.45,35,2027-03-27
2027-03-20,wk inc flu hosp,1,23,quantile,0.5,35,2027-03-27
2027-03-20,wk inc flu hosp,1,23,quantile,0.55,36,2027-03-27
2027-03-20,wk inc flu hosp,1,23,quantile,0.6,37,2027-03-27
2027-03-20,wk inc flu hosp,1,23,quantile,0.65,38,2027-03-27
2027-03-20,wk inc flu hosp,1,23,quantile,0.7,40,2027-03-27
2027-03-20,wk inc flu hosp,1,23,quantile,0.75,42,2027-03-27
2027-03-20,wk inc flu hosp,1,23,quantile,0.8,43,2027-03-27
2027-03-20,wk inc flu hosp,1,23,quantile,0.85,44,2027-03-27
2027-03-20,wk inc flu hosp,1,23,quantile,0.9,50,2027-03-27
2027-03-20,wk inc flu hosp,1,23,quantile,0.95,55,2027-03-27
2027-03-20,wk inc flu hosp,1,23,quantile,0.975,57,2027-03-27
2027-03-20,wk inc flu hosp,1,23,quantile,0.99,62,2027-03-27
2027-03-20,wk inc flu hosp,1,24,quantile,0.01,46,2027-03-27
2027-03-20,wk inc flu hosp,1,24,quantile,0.025,49,2027-03-27
2027-03-20,wk inc flu hosp,1,24,quantile,0.05,56,2027-03-27
2027-03-20,wk inc flu hosp,1,24,quantile,0.1,61,2027-03-27
2027-03-20,wk inc flu hosp,1,24,quantile,0.15,66,2027-03-27
2027-03-20,wk inc flu hosp,1,24,quantile,0.2,70,2027-03-27
2027-03-20,wk inc flu hosp,1,24,quantile,0.25,72,2027-03-27
2027-03-20,wk inc flu hosp,1,24,quantile,0.3,75,2027-03-27
2027-03-20,wk inc flu hosp,1,24,quantile,0.35,77,2027-03-27
2027-03-20,wk inc flu hosp,1,24,quantile,0.4,80,2027-03-27
2027-03-20,wk inc flu hosp,1,24,quantile,0.45,82,2027-03-27
2027-03-20,wk inc flu hosp,1,24,quantile,0.5,84,2027-03-27
2027-03-20,wk inc flu hosp,1,24,quantile,0.55,87,2027-03-27
2027-03-20,wk inc flu hosp,1,24,quantile,0.6,91,2027-03-27
2027-03-20,wk inc flu hosp,1,24,quantile,0.65,93,2027-03-27
2027-03-20,wk inc flu hosp,1,24,quantile,0.7,97,2027-03-27
2027-03-20,wk inc flu hosp,1,24,quantile,0.75,100,2027-03-27
2027-03-20,wk inc flu hosp,1,24,quantile,0.8,105,2027-03-27
2027-03-20,wk inc flu hosp,1,24,quantile,0.85,112,2027-03-27
2027-03-20,wk inc flu hosp,1,24,quantile,0.9,120,2027-03-27
2027-03-20,wk inc flu hosp,1,24,quantile,0.95,138,2027-03-27
2027-03-20,wk inc flu hosp,1,24,quantile,0.975,145,2027-03-27
2027-03-20,wk inc flu hosp,1,24,quantile,0.99,151,2027-03-27
2027-03-20,wk inc flu hosp,1,25,quantile,0.01,84,2027-03-27
2027-03-20,wk inc flu hosp,1,25,quantile,0.025,91,2027-03-27
2027-03-20,wk inc flu hosp,1,25,quantile,0.05,94,2027-03-27
2027-03-20,wk inc flu hosp,1,25,quantile,0.1,105,2027-03-27
2027-03-20,wk inc flu hosp,1,25,quantile,0.15,110,2027-03-27
2027-03-20,wk inc flu hosp,1,25,quantile,0.2,117,2027-03-27
2027-03-20,wk inc flu hosp,1,25,quantile,0.25,122,2027-03-27
2027-03-20,wk inc flu hosp,1,25,quantile,0.3,124,2027-03-27
2027-03-20,wk inc flu hosp,1,25,quantile,0.35,128,2027-03-27
2027-03-20,wk inc flu hosp,1,25,quantile,0.4,132,2027-03-27
2027-03-20,wk inc flu hosp,1,25,quantile,0.45,136,2027-03-27
2027-03-20,wk inc flu hosp,1,25,quantile,0.5,139,2027-03-27
2027-03-20,wk inc flu hosp,1,25,quantile,0.55,144,2027-03-27
2027-03-20,wk inc flu hosp,1,25,quantile,0.6,151,2027-03-27
2027-03-20,wk inc flu hosp,1,25,quantile,0.65,153,2027-03-27
2027-03-20,wk inc flu hosp,1,25,quantile,0.7,155,2027-03-27
2027-03-20,wk inc flu hosp,1,25,quantile,0.75,160,2027-03-27
2027-03-20,wk inc flu hosp,1,25,quantile,0.8,164,2027-03-27
2027-03-20,wk inc flu hosp,1,25,quantile,0.85,171,2027-03-27
2027-03-20,wk inc flu hosp,1,25,quantile,0.9,181,2027-03-27
2027-03-20,wk inc flu hosp,1,25,quantile,0.95,188,2027-03-27
2027-03-20,wk inc flu hosp,1,25,quantile,0.975,202,2027-03-27
2027-03-20,wk inc flu hosp,1,25,quantile,0.99,211,2027-03-27
2027-03-20,wk inc flu hosp,1,26,quantile,0.01,283,2027-03-27
2027-03-20,wk inc flu hosp,1,26,quantile,0.025,292,2027-03-27
2027-03-20,wk inc flu hosp,1,26,quantile,0.05,313,2027-03-27
2027-03-20,wk inc flu hosp,1,26,quantile,0.1,337,2027-03-27
2027-03-20,wk inc flu hosp,1,26,quantile,0.15,368,2027-03-27
2027-03-20,wk inc flu hosp,1,26,quantile,0.2,385,2027-03-27
2027-03-20,wk inc flu hosp,1,26,quantile,0.25,407,2027-03-27
2027-03-20,wk inc flu hosp,1,26,quantile,0.3,420,2027-03-27
2027-03-20,wk inc flu hosp,1,26,quantile,0.35,433,2027-03-27
2027-03-20,wk inc flu hosp,1,26,quantile,0.4,448,2027-03-27
2027-03-20,wk inc flu hosp,1,26,quantile,0.45,458,2027-03-27
2027-03-20,wk inc flu hosp,1,26,quantile,0.5,473,2027-03-27
2027-03-20,wk inc flu hosp,1,26,quantile,0.55,487,2027-03-27
2027-03-20,wk inc flu hosp,1,26,quantile,0.6,494,2027-03-27
2027-03-20,wk inc flu hosp,1,26,quantile,0.65,507,2027-03-27
2027-03-20,wk inc flu hosp,1,26,quantile,0.7,512,2027-03-27
2027-03-20,wk inc flu hosp,1,26,quantile,0.75,522,2027-03-27
2027-03-20,wk inc flu hosp,1,26,quantile,0.8,538,2027-03-27
2027-03-20,wk inc flu hosp,1,26,quantile,0.85,556,2027-03-27
2027-03-20,wk inc flu hosp,1,26,quantile,0.9,572,2027-03-27
2027-03-20,wk inc flu hosp,1,26,quantile,0.95,622,2027-03-27
2027-03-20,wk inc flu hosp,1,26,quantile,0.975,679,2027-03-27
2027-03-20,wk inc flu hosp,1,26,quantile,0.99,753,2027-03-27
2027-03-20,wk inc flu hosp,1,27,quantile,0.01,59,2027-03-27
2027-03-20,wk inc flu hosp,1,27,quantile,0.025,71,2027-03-27
2027-03-20,wk inc flu hosp,1,27,quantile,0.05,79,2027-03-27
2027-03-20,wk inc flu hosp,1,27,quantile,0.1,85,2027-03-27
2027-03-20,wk inc flu hosp,1,27,quantile,0.15,91,2027-03-27
2027-03-20,wk inc flu hosp,1,27,quantile,0.2,95,2027-03-27
2027-03-20,wk inc flu hosp,1,27,quantile,0.25,99,2027-03-27
2027-03-20,wk inc flu hosp,1,27,quantile,0.3,102,2027-03-27
2027-03-20,wk inc flu hosp,1,27,quantile,0.35,106,2027-03-27
2027-03-20,wk inc flu hosp,1,27,quantile,0.4,108,2027-03-27
2027-03-20,wk inc flu hosp,1,27,quantile,0.45,111,2027-03-27
2027-03-20,wk inc flu hosp,1,27,quantile,0.5,114,2027-03-27
2027-03-20,wk inc flu hosp,1,27,quantile,0.55,117,2027-03-27
2027-03-20,wk inc flu hosp,1,27,quantile,0.6,119,2027-03-27
2027-03-20,wk inc flu hosp,1,27,quantile,0.65,124,2027-03-27
2027-03-20,wk inc flu hosp,1,27,quantile,0.7,131,2027-03-27
2027-03-20,wk inc flu hosp,1,27,quantile,0.75,134,2027-03-27
2027-03-20,wk inc flu hosp,1,27,quantile,0.8,140,2027-03-27
2027-03-20,wk inc flu hosp,1,27,quantile,0.85,149,2027-03-27
2027-03-20,wk inc flu hosp,1,27,quantile,0.9,159,2027-03-27
2027-03-20,wk inc flu hosp,1,27,quantile,0.95,179,2027-03-27
2027-03-20,wk inc flu hosp,1,27,quantile,0.975,192,2027-03-27
2027-03-20,wk inc flu hosp,1,27,quantile,0.99,207,2027-03-27
2027-03-20,wk inc flu hosp,1,28,quantile,0.01,23,2027-03-27
2027-03-20,wk inc flu hosp,1,28,quantile,0.025,24,2027-03-27
2027-03-20,wk inc flu hosp,1,28,quantile,0.05,27,2027-03-27
2027-03-20,wk inc flu hosp,1,28,quantile,0.1,34,2027-03-27
2027-03-20,wk inc flu hosp,1,28,quantile,0.15,36,2027-03-27
2027-03-20,wk inc flu hosp,1,28,quantile,0.2,37,2027-03-27
2027-03-20,wk inc flu hosp,1,28,quantile,0.25,40,2027-03-27
2027-03-20,wk inc flu hosp,1,28,quantile,0.3,42,2027-03-27
2027-03-20,wk inc flu hosp,1,28,quantile,0.35,44,2027-03-27
2027-03-20,wk inc flu hosp,1,28,quantile,0.4,46,2027-03-27
2027-03-20,wk inc flu hosp,1,28,quantile,0.45,47,2027-03-27
2027-03-20,wk inc flu hosp,1,28,quantile,0.5,48,2027-03-27
2027-03-20,wk inc flu hosp,1,28,quantile,0.55,51,2027-03-27
2027-03-20,wk inc flu hosp,1,28,quantile,0.6,53,2027-03-27
2027-03-20,wk inc flu hosp,1,28,quantile,0.65,54,2027-03-27
2027-03-20,wk inc flu hosp,1,28,quantile,0.7,56,2027-03-27
2027-03-20,wk inc flu hosp,1,28,quantile,0.75,57,2027-03-27
2027-03-20,wk inc flu hosp,1,28,quantile,0.8,61,2027-03-27
2027-03-20,wk inc flu hosp,1,28,quantile,0.85,65,2027-03-27
2027-03-20,wk inc flu hosp,1,28,quantile,0.9,70,2027-03-27
2027-03-20,wk inc flu hosp,1,28,quantile,0.95,82,2027-03-27
2027-03-20,wk inc flu hosp,1,28,quantile,0.975,91,2027-03-27
2027-03-20,wk inc flu hosp,1,28,quantile,0.99,111,2027-03-27
2027-03-20,wk inc flu hosp,1,29,quantile,0.01,99,2027-03-27
2027-03-20,wk inc flu hosp,1,29,quantile,0.025,105,2027-03-27
2027-03-20,wk inc flu hosp,1,29,quantile,0.05,115,2027-03-27
2027-03-20,wk inc flu hosp,1,29,quantile,0.1,121,2027-03-27
2027-03-20,wk inc flu hosp,1,29,quantile,0.15,126,2027-03-27
2027-03-20,wk inc flu hosp,1,29,quantile,0.2,129,2027-03-27
2027-03-20,wk inc flu hosp,1,29,quantile,0.25,132,2027-03-27
2027-03-20,wk inc flu hosp,1,29,quantile,0.3,135,2027-03-27
2027-03-20,wk inc flu hosp,1,29,quantile,0.35,140,2027-03-27
2027-03-20,wk inc flu hosp,1,29,quantile,0.4,145,2027-03-27
2027-03-20,wk inc flu hosp,1,29,quantile,0.45,149,2027-03-27
2027-03-20,wk inc flu hosp,1,29,quantile,0.5,153,2027-03-27
2027-03-20,wk inc flu hosp,1,29,quantile,0.55,159,2027-03-27
2027-03-20,wk inc flu hosp,1,29,quantile,0.6,161,2027-03-27
2027-03-20,wk inc flu hosp,1,29,quantile,0.65,164,2027-03-27
2027-03-20,wk inc flu hosp,1,29,quantile,0.7,171,2027-03-27
2027-03-20,wk inc flu hosp,1,29,quantile,0.75,177,2027-03-27
2027-03-20,wk inc flu hosp,1,29,quantile,0.8,183,2027-03-27
2027-03-20,wk inc flu hosp,1,29,quantile,0.85,188,2027-03-27
2027-03-20,wk inc flu hosp,1,29,quantile,0.9,195,2027-03-27
2027-03-20,wk inc flu hosp,1,29,quantile,0.95,208,2027-03-27
2027-03-20,wk inc flu hosp,1,29,quantile,0.975,213,2027-03-27
2027-03-20,wk inc flu hosp,1,29,quantile,0.99,220,2027-03-27
2027-03-20,wk inc flu hosp,1,30,quantile,0.01,27,2027-03-27
2027-03-20,wk inc flu hosp,1,30,quantile,0.025,30,2027-03-27
2027-03-20,wk inc flu hosp,1,30,quantile,0.05,35,2027-03-27
2027-03-20,wk inc flu hosp,1,30,quantile,0.1,36,2027-03-27
2027-03-20,wk inc flu hosp,1,30,quantile,0.15,39,2027-03-27
2027-03-20,wk inc flu hosp,1,30,quantile,0.2,42,2027-03-27
2027-03-20,wk inc flu hosp,1,30,quantile,0.25,43,2027-03-27
2027-03-20,wk inc flu hosp,1,30,quantile,0.3,44,2027-03-27
2027-03-20,wk inc flu hosp,1,30,quantile,0.35,46,2027-03-27
2027-03-20,wk inc flu hosp,1,30,quantile,0.4,48,2027-03-27
2027-03-20,wk inc flu hosp,1,30,quantile,0.45,50,2027-03-27
2027-03-20,wk inc flu hosp,1,30,quantile,0.5,53,2027-03-27
2027-03-20,wk inc flu hosp,1,30,quantile,0.55,54,2027-03-27
2027-03-20,wk inc flu hosp,1,30,quantile,0.6,56,2027-03-27
2027-03-20,wk inc flu hosp,1,30,quantile,0.65,57,2027-03-27
2027-03-20,wk inc flu hosp,1,30,quantile,0.7,60,2027-03-27
2027-03-20,wk inc flu hosp,1,30,quantile,0.75,62,2027-03-27
2027-03-20,wk inc flu hosp,1,30,quantile,0.8,66,2027-03-27
2027-03-20,wk inc flu hosp,1,30,quantile,0.85,70,2027-03-27
2027-03-20,wk inc flu hosp,1,30,quantile,0.9,75,2027-03-27
2027-03-20,wk inc flu hosp,1,30,quantile,0.95,79,2027-03-27
2027-03-20,wk inc flu hosp,1,30,quantile,0.975,83,2027-03-27
2027-03-20,wk inc flu hosp,1,30,quantile,0.99,97,2027-03-27
2027-03-20,wk inc flu hosp,1,31,quantile,0.01,16,2027-03-27
2027-03-20,wk inc flu hosp,1,31,quantile,0.025,20,2027-03-27
2027-03-20,wk inc flu hosp,1,31,quantile,0.05,21,2027-03-27
2027-03-20,wk inc flu hosp,1,31,quantile,0.1,22,2027-03-27
2027-03-20,wk inc flu hosp,1,31,quantile,0.15,23,2027-03-27
2027-03-20,wk inc flu hosp,1,31,quantile,0.2,25,2027-03-27
2027-03-20,wk inc flu hosp,1,31,quantile,0.25,27,2027-03-27
2027-03-20,wk inc flu hosp,1,31,quantile,0.3,28,2027-03-27
2027-03-20,wk inc flu hosp,1,31,quantile,0.35,29,2027-03-27
2027-03-20,wk inc flu hosp,1,31,quantile,0.4,30,2027-03-27
2027-03-20,wk inc flu hosp,1,31,quantile,0.45,31,2027-03-27
2027-03-20,wk inc flu hosp,1,31,quantile,0.5,32,2027-03-27
2027-03-20,wk inc flu hosp,1,31,quantile,0.55,33,2027-03-27
2027-03-20,wk inc flu hosp,1,31,quantile,0.6,35,2027-03-27
2027-03-20,wk inc flu hosp,1,31,quantile,0.65,36,2027-03-27
2027-03-20,wk inc flu hosp,1,31,quantile,0.7,37,2027-03-27
2027-03-20,wk inc flu hosp,1,31,quantile,0.75,39,2027-03-27
2027-03-20,wk inc flu hosp,1,31,quantile,0.8,42,2027-03-27
2027-03-20,wk inc flu hosp,1,31,quantile,0.85,44,2027-03-27
2027-03-20,wk inc flu hosp,1,31,quantile,0.9,46,2027-03-27
2027-03-20,wk inc flu hosp,1,31,quantile,0.95,50,2027-03-27
2027-03-20,wk inc flu hosp,1,31,quantile,0.975,53,2027-03-27
2027-03-20,wk inc flu hosp,1,31,quantile,0.99,59,2027-03-27
2027-03-20,wk inc flu hosp,1,32,quantile,0.01,27,2027-03-27
2027-03-20,wk inc flu hosp,1,32,quantile,0.025,31,2027-03-27
2027-03-20,wk inc flu hosp,1,32,quantile,0.05,35,2027-03-27
2027-03-20,wk inc flu hosp,1,32,quantile,0.1,43,2027-03-27
2027-03-20,wk inc flu hosp,1,32,quantile,0.15,48,2027-03-27
2027-03-20,wk inc flu hosp,1,32,quantile,0.2,51,2027-03-27
2027-03-20,wk inc flu hosp,1,32,quantile,0.25,53,2027-03-27
2027-03-20,wk inc flu hosp,1,32,quantile,0.3,55,2027-03-27
2027-03-20,wk inc flu hosp,1,32,quantile,0.35,58,2027-03-27
2027-03-20,wk inc flu hosp,1,32,quantile,0.4,59,2027-03-27
2027-03-20,wk inc flu hosp,1,32,quantile,0.45,61,2027-03-27
2027-03-20,wk inc flu hosp,1,32,quantile,0.5,64,2027-03-27
2027-03-20,wk inc flu hosp,1,32,quantile,0.55,67,2027-03-27
2027-03-20,wk inc flu hosp,1,32,quantile,0.6,71,2027-03-27
2027-03-20,wk inc flu hosp,1,32,quantile,0.65,72,2027-03-27
2027-03-20,wk inc flu hosp,1,32,quantile,0.7,76,2027-03-27
2027-03-20,wk inc flu hosp,1,32,quantile,0.75,79,2027-03-27
2027-03-20,wk inc flu hosp,1,32,quantile,0.8,81,2027-03-27
2027-03-20,wk inc flu hosp,1,32,quantile,0.85,84,2027-03-27
2027-03-20,wk inc flu hosp,1,32,quantile,0.9,90,2027-03-27
2027-03-20,wk inc flu hosp,1,32,quantile,0.95,97,2027-03-27
2027-03-20,wk inc flu hosp,1,32,quantile,0.975,104,2027-03-27
2027-03-20,wk inc flu hosp,1,32,quantile,0.99,109,2027-03-27
2027-03-20,wk inc flu hosp,1,33,quantile,0.01,13,2027-03-27
2027-03-20,wk inc flu hosp,1,33,quantile,0.025,14,2027-03-27
2027-03-20,wk inc flu hosp,1,33,quantile,0.05,15,2027-03-27
2027-03-20,wk inc flu hosp,1,33,quantile,0.1,19,2027-03-27
2027-03-20,wk inc flu hosp,1,33,quantile,0.15,22,2027-03-27
2027-03-20,wk inc flu hosp,1,33,quantile,0.2,25,2027-03-27
2027-03-20,wk inc flu hosp,1,33,quantile,0.25,26,2027-03-27
2027-03-20,wk inc flu hosp,1,33,quantile,0.3,27,2027-03-27
2027-03-20,wk inc flu hosp,1,33,quantile,0.35,28,2027-03-27
2027-03-20,wk inc flu hosp,1,33,quantile,0.4,29,2027-03-27
2027-03-20,wk inc flu hosp,1,33,quantile,0.45,31,2027-03-27
2027-03-20,wk inc flu hosp,1,33,quantile,0.5,32,2027-03-27
2027-03-20,wk inc flu hosp,1,33,quantile,0.55,33,2027-03-27
2027-03-20,wk inc flu hosp,1,33,quantile,0.6,34,2027-03-27
2027-03-20,wk inc flu hosp,1,33,quantile,0.65,36,2027-03-27
2027-03-20,wk inc flu hosp,1,33,quantile,0.7,37,2027-03-27
2027-03-20,wk inc flu hosp,1,33,quantile,0.75,40,2027-03-27
2027-03-20,wk inc flu hosp,1,33,quantile,0.8,41,2027-03-27
2027-03-20,wk inc flu hosp,1,33,quantile,0.85,43,2027-03-27
2027-03-20,wk inc flu hosp,1,33,quantile,0.9,46,2027-03-27
2027-03-20,wk inc flu hosp,1,33,quantile,0.95,50,2027-03-27
2027-03-20,wk inc flu hosp,1,33,quantile,0.975,53,2027-03-27
2027-03-20,wk inc flu hosp,1,33,quantile,0.99,56,2027-03-27
2027-03-20,wk inc flu hosp,1,34,quantile,0.01,117,2027-03-27
2027-03-20,wk inc flu hosp,1,34,quantile,0.025,121,2027-03-27
2027-03-20,wk inc flu hosp,1,34,quantile,0.05,128,2027-03-27
2027-03-20,wk inc flu hosp,1,34,quantile,0.1,138,2027-03-27
2027-03-20,wk inc flu hosp,1,34,quantile,0.15,149,2027-03-27
2027-03-20,wk inc flu hosp,1,34,quantile,0.2,155,2027-03-27
2027-03-20,wk inc flu hosp,1,34,quantile,0.25,163,2027-03-27
2027-03-20,wk inc flu hosp,1,34,quantile,0.3,168,2027-03-27
2027-03-20,wk inc flu hosp,1,34,quantile,0.35,178,2027-03-27
2027-03-20,wk inc flu hosp,1,34,quantile,0.4,180,2027-03-27
2027-03-20,wk inc flu hosp,1,34,quantile,0.45,189,2027-03-27
2027-03-20,wk inc flu hosp,1,34,quantile,0.5,192,2027-03-27
2027-03-20,wk inc flu hosp,1,34,quantile,0.55,200,2027-03-27
2027-03-20,wk inc flu hosp,1,34,quantile,0.6,206,2027-03-27
2027-03-20,wk inc flu hosp,1,34,quantile,0.65,218,2027-03-27
2027-03-20,wk inc flu hosp,1,34,quantile,0.7,221,2027-03-27
2027-03-20,wk inc flu hosp,1,34,quantile,0.75,225,2027-03-27
2027-03-20,wk inc flu hosp,1,34,quantile,0.8,231,2027-03-27
2027-03-20,wk inc flu hosp,1,34,quantile,0.85,238,2027-03-27
2027-03-20,wk inc flu hosp,1,34,quantile,0.9,247,2027-03-27
2027-03-20,wk inc flu hosp,1,34,quantile,0.95,290,2027-03-27
2027-03-20,wk inc flu hosp,1,34,quantile,0.975,319,2027-03-27
2027-03-20,wk inc flu hosp,1,34,quantile,0.99,330,2027-03-27
2027-03-20,wk inc flu hosp,1,35,quantile,0.01,23,2027-03-27
2027-03-20,wk inc flu hosp,1,35,quantile,0.025,27,2027-03-27
2027-03-20,wk inc flu hosp,1,35,quantile,0.05,30,2027-03-27
2027-03-20,wk inc flu hosp,1,35,quantile,0.1,33,2027-03-27
2027-03-20,wk inc flu hosp,1,35,quantile,0.15,36,2027-03-27
2027-03-20,wk inc flu hosp,1,35,quantile,0.2,38,2027-03-27
2027-03-20,wk inc flu hosp,1,35,quantile,0.25,41,2027-03-27
2027-03-20,wk inc flu hosp,1,35,quantile,0.3,42,2027-03-27
2027-03-20,wk inc flu hosp,1,35,quantile,0.35,44,2027-03-27
2027-03-20,wk inc flu hosp,1,35,quantile,0.4,47,2027-03-27
2027-03-20,wk inc flu hosp,1,35,quantile,0.45,47,2027-03-27
2027-03-20,wk inc flu hosp,1,35,quantile,0.5,50,2027-03-27
2027-03-20,wk inc flu hosp,1,35,quantile,0.55,51,2027-03-27
2027-03-20,wk inc flu hosp,1,35,quantile,0.6,53,2027-03-27
2027-03-20,wk inc flu hosp,1,35,quantile,0.65,55,2027-03-27
2027-03-20,wk inc flu hosp,1,35,quantile,0.7,58,2027-03-27
2027-03-20,wk inc flu hosp,1,35,quantile,0.75,60,2027-03-27
2027-03-20,wk inc flu hosp,1,35,quantile,0.8,64,2027-03-27
2027-03-20,wk inc flu hosp,1,35,quantile,0.85,67,2027-03-27
2027-03-20,wk inc flu hosp,1,35,quantile,0.9,72,2027-03-27
2027-03-20,wk inc flu hosp,1,35,quantile,0.95,77,2027-03-27
2027-03-20,wk inc flu hosp,1,35,quantile,0.975,80,2027-03-27
2027-03-20,wk inc flu hosp,1,35,quantile,0.99,82,2027-03-27
2027-03-20,wk inc flu hosp,1,36,quantile,0.01,290,2027-03-27
2027-03-20,wk inc flu hosp,1,36,quantile,0.025,297,2027-03-27
2027-03-20,wk inc flu hosp,1,36,quantile,0.05,328,2027-03-27
2027-03-20,wk inc flu hosp,1,36,quantile,0.1,345,2027-03-27
2027-03-20,wk inc flu hosp,1,36,quantile,0.15,360,2027-03-27
2027-03-20,wk inc flu hosp,1,36,quantile,0.2,376,2027-03-27
2027-03-20,wk inc flu hosp,1,36,quantile,0.25,388,2027-03-27
2027-03-20,wk inc flu hosp,1,36,quantile,0.3,402,2027-03-27
2027-03-20,wk inc flu hosp,1,36,quantile,0.35,415,2027-03-27
2027-03-20,wk inc flu hosp,1,36,quantile,0.4,426,2027-03-27
2027-03-20,wk inc flu hosp,1,36,quantile,0.45,432,2027-03-27
2027-03-20,wk inc flu hosp,1,36,quantile,0.5,438,2027-03-27
2027-03-20,wk inc flu hosp,1,36,quantile,0.55,445,2027-03-27
2027-03-20,wk inc flu hosp,1,36,quantile,0.6,453,2027-03-27
2027-03-20,wk inc flu hosp,1,36,quantile,0.65,471,2027-03-27
2027-03-20,wk inc flu hosp,1,36,quantile,0.7,496,2027-03-27
2027-03-20,wk inc flu hosp,1,36,quantile,0.75,516,2027-03-27
2027-03-20,wk inc flu hosp,1,36,quantile,0.8,537,2027-03-27
2027-03-20,wk inc flu hosp,1,36,quantile,0.85,556,2027-03-27
2027-03-20,wk inc flu hosp,1,36,quantile,0.9,580,2027-03-27
2027-03-20,wk inc flu hosp,1,36,quantile,0.95,613,2027-03-27
2027-03-20,wk inc flu hosp,1,36,quantile,0.975,637,2027-03-27
2027-03-20,wk inc flu hosp,1,36,quantile,0.99,729,2027-03-27
2027-03-20,wk inc flu hosp,1,37,quantile,0.01,79,2027-03-27
2027-03-20,wk inc flu hosp,1,37,quantile,0.025,83,2027-03-27
2027-03-20,wk inc flu hosp,1,37,quantile,0.05,86,2027-03-27
2027-03-20,wk inc flu hosp,1,37,quantile,0.1,92,2027-03-27
2027-03-20,wk inc flu hosp,1,37,quantile,0.15,104,2027-03-27
2027-03-20,wk inc flu hosp,1,37,quantile,0.2,109,2027-03-27
2027-03-20,wk inc flu hosp,1,37,quantile,0.25,113,2027-03-27
2027-03-20,wk inc flu hosp,1,37,quantile,0.3,117,2027-03-27
2027-03-20,wk inc flu hosp,1,37,quantile,0.35,119,2027-03-27
2027-03-20,wk inc flu hosp,1,37,quantile,0.4,123,2027-03-27
2027-03-20,wk inc flu hosp,1,37,quantile,0.45,127,2027-03-27
2027-03-20,wk inc flu hosp,1,37,quantile,0.5,131,2027-03-27
2027-03-20,wk inc flu hosp,1,37,quantile,0.55,135,2027-03-27
2027-03-20,wk inc flu hosp,1,37,quantile,0.6,137,2027-03-27
2027-03-20,wk inc flu hosp,1,37,quantile,0.65,144,2027-03-27
2027-03-20,wk inc flu hosp,1,37,quantile,0.7,149,2027-03-27
2027-03-20,wk inc flu hosp,1,37,quantile,0.75,155,2027-03-27
2027-03-20,wk inc flu hosp,1,37,quantile,0.8,159,2027-03-27
2027-03-20,wk inc flu hosp,1,37,quantile,0.85,167,2027-03-27
2027-03-20,wk inc flu hosp,1,37,quantile,0.9,174,2027-03-27
2027-03-20,wk inc flu hosp,1,37,quantile,0.95,201,2027-03-27
2027-03-20,wk inc flu hosp,1,37,quantile,0.975,207,2027-03-27
2027-03-20,wk inc flu hosp,1,37,quantile,0.99,229,2027-03-27
2027-03-20,wk inc flu hosp,1,38,quantile,0.01,21,2027-03-27
2027-03-20,wk inc flu hosp,1,38,quantile,0.025,21,2027-03-27
2027-03-20,wk inc flu hosp,1,38,quantile,0.05,23,2027-03-27
2027-03-20,wk inc flu hosp,1,38,quantile,0.1,26,2027-03-27
2027-03-20,wk inc flu hosp,1,38,quantile,0.15,28,2027-03-27
2027-03-20,wk inc flu hosp,1,38,quantile,0.2,30,2027-03-27
2027-03-20,wk inc flu hosp,1,38,quantile,0.25,32,2027-03-27
2027-03-20,wk inc flu hosp,1,38,quantile,0.3,33,2027-03-27
2027-03-20,wk inc flu hosp,1,38,quantile,0.35,34,2027-03-27
2027-03-20,wk inc flu hosp,1,38,quantile,0.4,35,2027-03-27
2027-03-20,wk inc flu hosp,1,38,quantile,0.45,37,2027-03-27
2027-03-20,wk inc flu hosp,1,38,quantile,0.5,38,2027-03-27
2027-03-20,wk inc flu hosp,1,38,quantile,0.55,39,2027-03-27
2027-03-20,wk inc flu hosp,1,38,quantile,0.6,40,2027-03-27
2027-03-20,wk inc flu hosp,1,38,quantile,0.65,41,2027-03-27
2027-03-20,wk inc flu hosp,1,38,quantile,0.7,42,2027-03-27
2027-03-20,wk inc flu hosp,1,38,quantile,0.75,44,2027-03-27
2027-03-20,wk inc flu hosp,1,38,quantile,0.8,45,2027-03-27
2027-03-20,wk inc flu hosp,1,38,quantile,0.85,47,2027-03-27
2027-03-20,wk inc flu hosp,1,38,quantile,0.9,48,2027-03-27
2027-03-20,wk inc flu hosp,1,38,quantile,0.95,51,2027-03-27
2027-03-20,wk inc flu hosp,1,38,quantile,0.975,61,2027-03-27
2027-03-20,wk inc flu hosp,1,38,quantile,0.99,65,2027-03-27
2027-03-20,wk inc flu hosp,1,39,quantile,0.01,116,2027-03-27
2027-03-20,wk inc flu hosp,1,39,quantile,0.025,132,2027-03-27
2027-03-20,wk inc flu hosp,1,39,quantile,0.05,144,2027-03-27
2027-03-20,wk inc flu hosp,1,39,quantile,0.1,156,2027-03-27
2027-03-20,wk inc flu hosp,1,39,quantile,0.15,161,2027-03-27
2027-03-20,wk inc flu hosp,1,39,quantile,0.2,169,2027-03-27
2027-03-20,wk inc flu hosp,1,39,quantile,0.25,176,2027-03-27
2027-03-20,wk inc flu hosp,1,39,quantile,0.3,182,2027-03-27
2027-03-20,wk inc flu hosp,1,39,quantile,0.35,187,2027-03-27
2027-03-20,wk inc flu hosp,1,39,quantile,0.4,191,2027-03-27
2027-03-20,wk inc flu hosp,1,39,quantile,0.45,196,2027-03-27
2027-03-20,wk inc flu hosp,1,39,quantile,0.5,204,2027-03-27
2027-03-20,wk inc flu hosp,1,39,quantile,0.55,208,2027-03-27
2027-03-20,wk inc flu hosp,1,39,quantile,0.6,212,2027-03-27
2027-03-20,wk inc flu hosp,1,39,quantile,0.65,217,2027-03-27
2027-03-20,wk inc flu hosp,1,39,quantile,0.7,224,2027-03-27
2027-03-20,wk inc flu hosp,1,39,quantile,0.75,233,2027-03-27
2027-03-20,wk inc flu hosp,1,39,quantile,0.8,239,2027-03-27
2027-03-20,wk inc flu hosp,1,39,quantile,0.85,249,2027-03-27
2027-03-20,wk inc flu hosp,1,39,quantile,0.9,278,2027-03-27
2027-03-20,wk inc flu hosp,1,39,quantile,0.95,294,2027-03-27
2027-03-20,wk inc flu hosp,1,39,quantile,0.975,330,2027-03-27
2027-03-20,wk inc flu hosp,1,39,quantile,0.99,366,2027-03-27
2027-03-20,wk inc flu hosp,1,40,quantile,0.01,38,2027-03-27
2027-03-20,wk inc flu hosp,1,40,quantile,0.025,39,2027-03-27
2027-03-20,wk inc flu hosp,1,40,quantile,0.05,43,2027-03-27
2027-03-20,wk inc flu hosp,1,40,quantile,0.1,45,2027-03-27
2027-03-20,wk inc flu hosp,1,40,quantile,0.15,48,2027-03-27
2027-03-20,wk inc flu hosp,1,40,quantile,0.2,50,2027-03-27
2027-03-20,wk inc flu hosp,1,40,quantile,0.25,53,2027-03-27
2027-03-20,wk inc flu hosp,1,40,quantile,0.3,55,2027-03-27
2027-03-20,wk inc flu hosp,1,40,quantile,0.35,57,2027-03-27
2027-03-20,wk inc flu hosp,1,40,quantile,0.4,59,2027-03-27
2027-03-20,wk inc flu hosp,1,40,quantile,0.45,62,2027-03-27
2027-03-20,wk inc flu hosp,1,40,quantile,0.5,63,2027-03-27
2027-03-20,wk inc flu hosp,1,40,quantile,0.55,65,2027-03-27
2027-03-20,wk inc flu hosp,1,40,quantile,0.6,69,2027-03-27
2027-03-20,wk inc flu hosp,1,40,quantile,0.65,70,2027-03-27
2027-03-20,wk inc flu hosp,1,40,quantile,0.7,72,2027-03-27
2027-03-20,wk inc flu hosp,1,40,quantile,0.75,75,2027-03-27
2027-03-20,wk inc flu hosp,1,40,quantile,0.8,77,2027-03-27
2027-03-20,wk inc flu hosp,1,40,quantile,0.85,79,2027-03-27
2027-03-20,wk inc flu hosp,1,40,quantile,0.9,83,2027-03-27
2027-03-20,wk inc flu hosp,1,40,quantile,0.95,92,2027-03-27
2027-03-20,wk inc flu hosp,1,40,quantile,0.975,101,2027-03-27
2027-03-20,wk inc flu hosp,1,40,quantile,0.99,115,2027-03-27
2027-03-20,wk inc flu hosp,1,41,quantile,0.01,38,2027-03-27
2027-03-20,wk inc flu hosp,1,41,quantile,0.025,42,2027-03-27
2027-03-20,wk inc flu hosp,1,41,quantile,0.05,46,2027-03-27
2027-03-20,wk inc flu hosp,1,41,quantile,0.1,49,2027-03-27
2027-03-20,wk inc flu hosp,1,41,quantile,0.15,51,2027-03-27
2027-03-20,wk inc flu hosp,1,41,quantile,0.2,53,2027-03-27
2027-03-20,wk inc flu hosp,1,41,quantile,0.25,55,2027-03-27
2027-03-20,wk inc flu hosp,1,41,quantile,0.3,56,2027-03-27
2027-03-20,wk inc flu hosp,1,41,quantile,0.35,58,2027-03-27
2027-03-20,wk inc flu hosp,1,41,quantile,0.4,60,2027-03-27
2027-03-20,wk inc flu hosp,1,41,quantile,0.45,61,2027-03-27
2027-03-20,wk inc flu hosp,1,41,quantile,0.5,63,2027-03-27
2027-03-20,wk inc flu hosp,1,41,quantile,0.55,65,2027-03-27
2027-03-20,wk inc flu hosp,1,41,quantile,0.6,67,2027-03-27
2027-03-20,wk inc flu hosp,1,41,quantile,0.65,69,2027-03-27
2027-03-20,wk inc flu hosp,1,41,quantile,0.7,72,2027-03-27
2027-03-20,wk inc flu hosp,1,41,quantile,0.75,75,2027-03-27
2027-03-20,wk inc flu hosp,1,41,quantile,0.8,79,2027-03-27
2027-03-20,wk inc flu hosp,1,41,quantile,0.85,83,2027-03-27
2027-03-20,wk inc flu hosp,1,41,quantile,0.9,87,2027-03-27
2027-03-20,wk inc flu hosp,1,41,quantile,0.95,97,2027-03-27
2027-03-20,wk inc flu hosp,1,41,quantile,0.975,101,2027-03-27
2027-03-20,wk inc flu hosp,1,41,quantile,0.99,113,2027-03-27
2027-03-20,wk inc flu hosp,1,42,quantile,0.01,387,2027-03-27
2027-03-20,wk inc flu hosp,1,42,quantile,0.025,422,2027-03-27
2027-03-20,wk inc flu hosp,1,42,quantile,0.05,464,2027-03-27
2027-03-20,wk inc flu hosp,1,42,quantile,0.1,507,2027-03-27
2027-03-20,wk inc flu hosp,1,42,quantile,0.15,536,2027-03-27
2027-03-20,wk inc flu hosp,1,42,quantile,0.2,552,2027-03-27
2027-03-20,wk inc flu hosp,1,42,quantile,0.25,569,2027-03-27
2027-03-20,wk inc flu hosp,1,42,quantile,0.3,576,2027-03-27
2027-03-20,wk inc flu hosp,1,42,quantile,0.35,584,2027-03-27
2027-03-20,wk inc flu hosp,1,42,quantile,0.4,595,2027-03-27
2027-03-20,wk inc flu hosp,1,42,quantile,0.45,610,2027-03-27
2027-03-20,wk inc flu hosp,1,42,quantile,0.5,622,2027-03-27
2027-03-20,wk inc flu hosp,1,42,quantile,0.55,640,2027-03-27
2027-03-20,wk inc flu hosp,1,42,quantile,0.6,655,2027-03-27
2027-03-20,wk inc flu hosp,1,42,quantile,0.65,670,2027-03-27
2027-03-20,wk inc flu hosp,1,42,quantile,0.7,697,2027-03-27
2027-03-20,wk inc flu hosp,1,42,quantile,0.75,711,2027-03-27
2027-03-20,wk inc flu hosp,1,42,quantile,0.8,735,2027-03-27
2027-03-20,wk inc flu hosp,1,42,quantile,0.85,773,2027-03-27
2027-03-20,wk inc flu hosp,1,42,quantile,0.9,806,2027-03-27
2027-03-20,wk inc flu hosp,1,42,quantile,0.95,840,2027-03-27
2027-03-20,wk inc flu hosp,1,42,quantile,0.975,905,2027-03-27
2027-03-20,wk inc flu hosp,1,42,quantile,0.99,930,2027-03-27
2027-03-20,wk inc flu hosp,1,44,quantile,0.01,10,2027-03-27
2027-03-20,wk inc flu hosp,1,44,quantile,0.025,11,2027-03-27
2027-03-20,wk inc flu hosp,1,44,quantile,0.05,12,2027-03-27
2027-03-20,wk inc flu hosp,1,44,quantile,0.1,14,2027-03-27
2027-03-20,wk inc flu hosp,1,44,quantile,0.15,15,2027-03-27
2027-03-20,wk inc flu hosp,1,44,quantile,0.2,17,2027-03-27
2027-03-20,wk inc flu hosp,1,44,quantile,0.25,18,2027-03-27
2027-03-20,wk inc flu hosp,1,44,quantile,0.3,19,2027-03-27
2027-03-20,wk inc flu hosp,1,44,quantile,0.35,20,2027-03-27
2027-03-20,wk inc flu hosp,1,44,quantile,0.4,21,2027-03-27
2027-03-20,wk inc flu hosp,1,44,quantile,0.45,22,2027-03-27
2027-03-20,wk inc flu hosp,1,44,quantile,0.5,22,2027-03-27
2027-03-20,wk inc flu hosp,1,44,quantile,0.55,23,2027-03-27
2027-03-20,wk inc flu hosp,1,44,quantile,0.6,23,2027-03-27
2027-03-20,wk inc flu hosp,1,44,quantile,0.65,24,2027-03-27
2027-03-20,wk inc flu hosp,1,44,quantile,0.7,25,2027-03-27
2027-03-20,wk inc flu hosp,1,44,quantile,0.75,26,2027-03-27
2027-03-20,wk inc flu hosp,1,44,quantile,0.8,27,2027-03-27
2027-03-20,wk inc flu hosp,1,44,quantile,0.85,29,2027-03-27
2027-03-20,wk inc flu hosp,1,44,quantile,0.9,31,2027-03-27
2027-03-20,wk inc flu hosp,1,44,quantile,0.95,33,2027-03-27
2027-03-20,wk inc flu hosp,1,44,quantile,0.975,37,2027-03-27
2027-03-20,wk inc flu hosp,1,44,quantile,0.99,43,2027-03-27
2027-03-20,wk inc flu hosp,1,45,quantile,0.01,38,2027-03-27
2027-03-20,wk inc flu hosp,1,45,quantile,0.025,41,2027-03-27
2027-03-20,wk inc flu hosp,1,45,quantile,0.05,45,2027-03-27
2027-03-20,wk inc flu hosp,1,45,quantile,0.1,50,2027-03-27
2027-03-20,wk inc flu hosp,1,45,quantile,0.15,55,2027-03-27
2027-03-20,wk inc flu hosp,1,45,quantile,0.2,57,2027-03-27
2027-03-20,wk inc flu hosp,1,45,quantile,0.25,61,2027-03-27
2027-03-20,wk inc flu hosp,1,45,quantile,0.3,66,2027-03-27
2027-03-20,wk inc flu hosp,1,45,quantile,0.35,68,2027-03-27
2027-03-20,wk inc flu hosp,1,45,quantile,0.4,70,2027-03-27
2027-03-20,wk inc flu hosp,1,45,quantile,0.45,74,2027-03-27
2027-03-20,wk inc flu hosp,1,45,quantile,0.5,76,2027-03-27
2027-03-20,wk inc flu hosp,1,45,quantile,0.55,80,2027-03-27
2027-03-20,wk inc flu hosp,1,45,quantile,0.6,82,2027-03-27
2027-03-20,wk inc flu hosp,1,45,quantile,0.65,85,2027-03-27
2027-03-20,wk inc flu hosp,1,45,quantile,0.7,89,2027-03-27
2027-03-20,wk inc flu hosp,1,45,quantile,0.75,91,2027-03-27
2027-03-20,wk inc flu hosp,1,45,quantile,0.8,94,2027-03-27
2027-03-20,wk inc flu hosp,1,45,quantile,0.85,99,2027-03-27
2027-03-20,wk inc flu hosp,1,45,quantile,0.9,104,2027-03-27
2027-03-20,wk inc flu hosp,1,45,quantile,0.95,116,2027-03-27
2027-03-20,wk inc flu hosp,1,45,quantile,0.975,118,2027-03-27
2027-03-20,wk inc flu hosp,1,45,quantile,0.99,122,2027-03-27
2027-03-20,wk inc flu hosp,1,46,quantile,0.01,9,2027-03-27
2027-03-20,wk inc flu hosp,1,46,quantile,0.025,11,2027-03-27
2027-03-20,wk inc flu hosp,1,46,quantile,0.05,13,2027-03-27
2027-03-20,wk inc flu hosp,1,46,quantile,0.1,15,2027-03-27
2027-03-20,wk inc flu hosp,1,46,quantile,0.15,17,2027-03-27
2027-03-20,wk inc flu hosp,1,46,quantile,0.2,17,2027-03-27
2027-03-20,wk inc flu hosp,1,46,quantile,0.25,18,2027-03-27
2027-03-20,wk inc flu hosp,1,46,quantile,0.3,19,2027-03-27
2027-03-20,wk inc flu hosp,1,46,quantile,0.35,21,2027-03-27
2027-03-20,wk inc flu hosp,1,46,quantile,0.4,21,2027-03-27
2027-03-20,wk inc flu hosp,1,46,quantile,0.45,22,2027-03-27
2027-03-20,wk inc flu hosp,1,46,quantile,0.5,22,2027-03-27
2027-03-20,wk inc flu hosp,1,46,quantile,0.55,24,2027-03-27
2027-03-20,wk inc flu hosp,1,46,quantile,0.6,25,2027-03-27
2027-03-20,wk inc flu hosp,1,46,quantile,0.65,26,2027-03-27
2027-03-20,wk inc flu hosp,1,46,quantile,0.7,26,2027-03-27
2027-03-20,wk inc flu hosp,1,46,quantile,0.75,28,2027-03-27
2027-03-20,wk inc flu hosp,1,46,quantile,0.8,29,2027-03-27
2027-03-20,wk inc flu hosp,1,46,quantile,0.85,31,2027-03-27
2027-03-20,wk inc flu hosp,1,46,quantile,0.9,34,2027-03-27
2027-03-20,wk inc flu hosp,1,46,quantile,0.95,37,2027-03-27
2027-03-20,wk inc flu hosp,1,46,quantile,0.975,40,2027-03-27
2027-03-20,wk inc flu hosp,1,46,quantile,0.99,41,2027-03-27
2027-03-20,wk inc flu hosp,1,47,quantile,0.01,90,2027-03-27
2027-03-20,wk inc flu hosp,1,47,quantile,0.025,95,2027-03-27
2027-03-20,wk inc flu hosp,1,47,quantile,0.05,99,2027-03-27
2027-03-20,wk inc flu hosp,1,47,quantile,0.1,105,2027-03-27
2027-03-20,wk inc flu hosp,1,47,quantile,0.15,111,2027-03-27
2027-03-20,wk inc flu hosp,1,47,quantile,0.2,113,2027-03-27
2027-03-20,wk inc flu hosp,1,47,quantile,0.25,115,2027-03-27
2027-03-20,wk inc flu hosp,1,47,quantile,0.3,119,2027-03-27
2027-03-20,wk inc flu hosp,1,47,quantile,0.35,124,2027-03-27
2027-03-20,wk inc flu hosp,1,47,quantile,0.4,127,2027-03-27
2027-03-20,wk inc flu hosp,1,47,quantile,0.45,132,2027-03-27
2027-03-20,wk inc flu hosp,1,47,quantile,0.5,137,2027-03-27
2027-03-20,wk inc flu hosp,1,47,quantile,0.55,143,2027-03-27
2027-03-20,wk inc flu hosp,1,47,quantile,0.6,146,2027-03-27
2027-03-20,wk inc flu hosp,1,47,quantile,0.65,150,2027-03-27
2027-03-20,wk inc flu hosp,1,47,quantile,0.7,153,2027-03-27
2027-03-20,wk inc flu hosp,1,47,quantile,0.75,158,2027-03-27
2027-03-20,wk inc flu hosp,1,47,quantile,0.8,161,2027-03-27
2027-03-20,wk inc flu hosp,1,47,quantile,0.85,167,2027-03-27
2027-03-20,wk inc flu hosp,1,47,quantile,0.9,173,2027-03-27
2027-03-20,wk inc flu hosp,1,47,quantile,0.95,190,2027-03-27
2027-03-20,wk inc flu hosp,1,47,quantile,0.975,196,2027-03-27
2027-03-20,wk inc flu hosp,1,47,quantile,0.99,219,2027-03-27
2027-03-20,wk inc flu hosp,1,48,quantile,0.01,234,2027-03-27
2027-03-20,wk inc flu hosp,1,48,quantile,0.025,244,2027-03-27
2027-03-20,wk inc flu hosp,1,48,quantile,0.05,256,2027-03-27
2027-03-20,wk inc flu hosp,1,48,quantile,0.1,278,2027-03-27
2027-03-20,wk inc flu hosp,1,48,quantile,0.15,287,2027-03-27
2027-03-20,wk inc flu hosp,1,48,quantile,0.2,301,2027-03-27
2027-03-20,wk inc flu hosp,1,48,quantile,0.25,323,2027-03-27
2027-03-20,wk inc flu hosp,1,48,quantile,0.3,335,2027-03-27
2027-03-20,wk inc flu hosp,1,48,quantile,0.35,347,2027-03-27
2027-03-20,wk inc flu hosp,1,48,quantile,0.4,356,2027-03-27
2027-03-20,wk inc flu hosp,1,48,quantile,0.45,373,2027-03-27
2027-03-20,wk inc flu hosp,1,48,quantile,0.5,388,2027-03-27
2027-03-20,wk inc flu hosp,1,48,quantile,0.55,398,2027-03-27
2027-03-20,wk inc flu hosp,1,48,quantile,0.6,407,2027-03-27
2027-03-20,wk inc flu hosp,1,48,quantile,0.65,422,2027-03-27
2027-03-20,wk inc flu hosp,1,48,quantile,0.7,442,2027-03-27
2027-03-20,wk inc flu hosp,1,48,quantile,0.75,460,2027-03-27
2027-03-20,wk inc flu hosp,1,48,quantile,0.8,471,2027-03-27
2027-03-20,wk inc flu hosp,1,48,quantile,0.85,486,2027-03-27
2027-03-20,wk inc flu hosp,1,48,quantile,0.9,516,2027-03-27
2027-03-20,wk inc flu hosp,1,48,quantile,0.95,544,2027-03-27
2027-03-20,wk inc flu hosp,1,48,quantile,0.975,625,2027-03-27
2027-03-20,wk inc flu hosp,1,48,quantile,0.99,671,2027-03-27
2027-03-20,wk inc flu hosp,1,49,quantile,0.01,26,2027-03-27
2027-03-20,wk inc flu hosp,1,49,quantile,0.025,27,2027-03-27
2027-03-20,wk inc flu hosp,1,49,quantile,0.05,29,2027-03-27
2027-03-20,wk inc flu hosp,1,49,quantile,0.1,31,2027-03-27
2027-03-20,wk inc flu hosp,1,49,quantile,0.15,33,2027-03-27
2027-03-20,wk inc flu hosp,1,49,quantile,0.2,35,2027-03-27
2027-03-20,wk inc flu hosp,1,49,quantile,0.25,36,2027-03-27
2027-03-20,wk inc flu hosp,1,49,quantile,0.3,37,2027-03-27
2027-03-20,wk inc flu hosp,1,49,quantile,0.35,39,2027-03-27
2027-03-20,wk inc flu hosp,1,49,quantile,0.4,40,2027-03-27
2027-03-20,wk inc flu hosp,1,49,quantile,0.45,41,2027-03-27
2027-03-20,wk inc flu hosp,1,49,quantile,0.5,42,2027-03-27
2027-03-20,wk inc flu hosp,1,49,quantile,0.55,43,2027-03-27
2027-03-20,wk inc flu hosp,1,49,quantile,0.6,45,2027-03-27
2027-03-20,wk inc flu hosp,1,49,quantile,0.65,46,2027-03-27
2027-03-20,wk inc flu hosp,1,49,quantile,0.7,49,2027-03-27
2027-03-20,wk inc flu hosp,1,49,quantile,0.75,51,2027-03-27
2027-03-20,wk inc flu hosp,1,49,quantile,0.8,52,2027-03-27
2027-03-20,wk inc flu hosp,1,49,quantile,0.85,54,2027-03-27
2027-03-20,wk inc flu hosp,1,49,quantile,0.9,59,2027-03-27
2027-03-20,wk inc flu hosp,1,49,quantile,0.95,60,2027-03-27
2027-03-20,wk inc flu hosp,1,49,quantile,0.975,70,2027-03-27
2027-03-20,wk inc flu hosp,1,49,quantile,0.99,73,2027-03-27
2027-03-20,wk inc flu hosp,1,50,quantile,0.01,8,2027-03-27
2027-03-20,wk inc flu hosp,1,50,quantile,0.025,10,2027-03-27
2027-03-20,wk inc flu hosp,1,50,quantile,0.05,12,2027-03-27
2027-03-20,wk inc flu hosp,1,50,quantile,0.1,15,2027-03-27
2027-03-20,wk inc flu hosp,1,50,quantile,0.15,16,2027-03-27
2027-03-20,wk inc flu hosp,1,50,quantile,0.2,17,2027-03-27
2027-03-20,wk inc flu hosp,1,50,quantile,0.25,18,2027-03-27
2027-03-20,wk inc flu hosp,1,50,quantile,0.3,18,2027-03-27
2027-03-20,wk inc flu hosp,1,50,quantile,0.35,19,2027-03-27
2027-03-20,wk inc flu hosp,1,50,quantile,0.4,20,2027-03-27
2027-03-20,wk inc flu hosp,1,50,quantile,0.45,20,2027-03-27
2027-03-20,wk inc flu hosp,1,50,quantile,0.5,22,2027-03-27
2027-03-20,wk inc flu hosp,1,50,quantile,0.55,22,2027-03-27
2027-03-20,wk inc flu hosp,1,50,quantile,0.6,24,2027-03-27
2027-03-20,wk inc flu hosp,1,50,quantile,0.65,25,2027-03-27
2027-03-20,wk inc flu hosp,1,50,quantile,0.7,26,2027-03-27
2027-03-20,wk inc flu hosp,1,50,quantile,0.75,27,2027-03-27
2027-03-20,wk inc flu hosp,1,50,quantile,0.8,29,2027-03-27
2027-03-20,wk inc flu hosp,1,50,quantile,0.85,30,2027-03-27
2027-03-20,wk inc flu hosp,1,50,quantile,0.9,31,2027-03-27
2027-03-20,wk inc flu hosp,1,50,quantile,0.95,35,2027-03-27
2027-03-20,wk inc flu hosp,1,50,quantile,0.975,38,2027-03-27
2027-03-20,wk inc flu hosp,1,50,quantile,0.99,42,2027-03-27
2027-03-20,wk inc flu hosp,1,51,quantile,0.01,71,2027-03-27
2027-03-20,wk inc flu hosp,1,51,quantile,0.025,73,2027-03-27
2027-03-20,wk inc flu hosp,1,51,quantile,0.05,80,2027-03-27
2027-03-20,wk inc flu hosp,1,51,quantile,0.1,89,2027-03-27
2027-03-20,wk inc flu hosp,1,51,quantile,0.15,95,2027-03-27
2027-03-20,wk inc flu hosp,1,51,quantile,0.2,99,2027-03-27
2027-03-20,wk inc flu hosp,1,51,quantile,0.25,106,2027-03-27
2027-03-20,wk inc flu hosp,1,51,quantile,0.3,112,2027-03-27
2027-03-20,wk inc flu hosp,1,51,quantile,0.35,115,2027-03-27
2027-03-20,wk inc flu hosp,1,51,quantile,0.4,120,2027-03-27
2027-03-20,wk inc flu hosp,1,51,quantile,0.45,123,2027-03-27
2027-03-20,wk inc flu hosp,1,51,quantile,0.5,126,2027-03-27
2027-03-20,wk inc flu hosp,1,51,quantile,0.55,131,2027-03-27
2027-03-20,wk inc flu hosp,1,51,quantile,0.6,134,2027-03-27
2027-03-20,wk inc flu hosp,1,51,quantile,0.65,138,2027-03-27
2027-03-20,wk inc flu hosp,1,51,quantile,0.7,143,2027-03-27
2027-03-20,wk inc flu hosp,1,51,quantile,0.75,148,2027-03-27
2027-03-20,wk inc flu hosp,1,51,quantile,0.8,151,2027-03-27
2027-03-20,wk inc flu hosp,1,51,quantile,0.85,162,2027-03-27
2027-03-20,wk inc flu hosp,1,51,quantile,0.9,170,2027-03-27
2027-03-20,wk inc flu hosp,1,51,quantile,0.95,185,2027-03-27
2027-03-20,wk inc flu hosp,1,51,quantile,0.975,209,2027-03-27
2027-03-20,wk inc flu hosp,1,51,quantile,0.99,236,2027-03-27
2027-03-20,wk inc flu hosp,1,53,quantile,0.01,62,2027-03-27
2027-03-20,wk inc flu hosp,1,53,quantile,0.025,69,2027-03-27
2027-03-20,wk inc flu hosp,1,53,quantile,0.05,72,2027-03-27
2027-03-20,wk inc flu hosp,1,53,quantile,0.1,80,2027-03-27
2027-03-20,wk inc flu hosp,1,53,quantile,0.15,83,2027-03-27
2027-03-20,wk inc flu hosp,1,53,quantile,0.2,87,2027-03-27
2027-03-20,wk inc flu hosp,1,53,quantile,0.25,92,2027-03-27
2027-03-20,wk inc flu hosp,1,53,quantile,0.3,94,2027-03-27
2027-03-20,wk inc flu hosp,1,53,quantile,0.35,97,2027-03-27
2027-03-20,wk inc flu hosp,1,53,quantile,0.4,101,2027-03-27
2027-03-20,wk inc flu hosp,1,53,quantile,0.45,104,2027-03-27
2027-03-20,wk inc flu hosp,1,53,quantile,0.5,106,2027-03-27
2027-03-20,wk inc flu hosp,1,53,quantile,0.55,109,2027-03-27
2027-03-20,wk inc flu hosp,1,53,quantile,0.6,113,2027-03-27
2027-03-20,wk inc flu hosp,1,53,quantile,0.65,115,2027-03-27
2027-03-20,wk inc flu hosp,1,53,quantile,0.7,119,2027-03-27
2027-03-20,wk inc flu hosp,1,53,quantile,0.75,124,2027-03-27
2027-03-20,wk inc flu hosp,1,53,quantile,0.8,129,2027-03-27
2027-03-20,wk inc flu hosp,1,53,quantile,0.85,132,2027-03-27
2027-03-20,wk inc flu hosp,1,53,quantile,0.9,137,2027-03-27
2027-03-20,wk inc flu hosp,1,53,quantile,0.95,148,2027-03-27
2027-03-20,wk inc flu hosp,1,53,quantile,0.975,158,2027-03-27
2027-03-20,wk inc flu hosp,1,53,quantile,0.99,171,2027-03-27
2027-03-20,wk inc flu hosp,1,54,quantile,0.01,54,2027-03-27
2027-03-20,wk inc flu hosp,1,54,quantile,0.025,61,2027-03-27
2027-03-20,wk inc flu hosp,1,54,quantile,0.05,63,2027-03-27
2027-03-20,wk inc flu hosp,1,54,quantile,0.1,66,2027-03-27
2027-03-20,wk inc flu hosp,1,54,quantile,0.15,68,2027-03-27
2027-03-20,wk inc flu hosp,1,54,quantile,0.2,71,2027-03-27
2027-03-20,wk inc flu hosp,1,54,quantile,0.25,74,2027-03-27
2027-03-20,wk inc flu hosp,1,54,quantile,0.3,75,2027-03-27
2027-03-20,wk inc flu hosp,1,54,quantile,0.35,76,2027-03-27
2027-03-20,wk inc flu hosp,1,54,quantile,0.4,79,2027-03-27
2027-03-20,wk inc flu hosp,1,54,quantile,0.45,80,2027-03-27
2027-03-20,wk inc flu hosp,1,54,quantile,0.5,82,2027-03-27
2027-03-20,wk inc flu hosp,1,54,quantile,0.55,85,2027-03-27
2027-03-20,wk inc flu hosp,1,54,quantile,0.6,88,2027-03-27
2027-03-20,wk inc flu hosp,1,54,quantile,0.65,90,2027-03-27
2027-03-20,wk inc flu hosp,1,54,quantile,0.7,92,2027-03-27
2027-03-20,wk inc flu hosp,1,54,quantile,0.75,96,2027-03-27
2027-03-20,wk inc flu hosp,1,54,quantile,0.8,99,2027-03-27
2027-03-20,wk inc flu hosp,1,54,quantile,0.85,104,2027-03-27
2027-03-20,wk inc flu hosp,1,54,quantile,0.9,112,2027-03-27
2027-03-20,wk inc flu hosp,1,54,quantile,0.95,120,2027-03-27
2027-03-20,wk inc flu hosp,1,54,quantile,0.975,123,2027-03-27
2027-03-20,wk inc flu hosp,1,54,quantile,0.99,138,2027-03-27
2027-03-20,wk inc flu hosp,1,55,quantile,0.01,72,2027-03-27
2027-03-20,wk inc flu hosp,1,55,quantile,0.025,76,2027-03-27
2027-03-20,wk inc flu hosp,1,55,quantile,0.05,80,2027-03-27
2027-03-20,wk inc flu hosp,1,55,quantile,0.1,84,2027-03-27
2027-03-20,wk inc flu hosp,1,55,quantile,0.15,88,2027-03-27
2027-03-20,wk inc flu hosp,1,55,quantile,0.2,90,2027-03-27
2027-03-20,wk inc flu hosp,1,55,quantile,0.25,96,2027-03-27
2027-03-20,wk inc flu hosp,1,55,quantile,0.3,98,2027-03-27
2027-03-20,wk inc flu hosp,1,55,quantile,0.35,102,2027-03-27
2027-03-20,wk inc flu hosp,1,55,quantile,0.4,104,2027-03-27
2027-03-20,wk inc flu hosp,1,55,quantile,0.45,106,2027-03-27
2027-03-20,wk inc flu hosp,1,55,quantile,0.5,109,2027-03-27
2027-03-20,wk inc flu hosp,1,55,quantile,0.55,111,2027-03-27
2027-03-20,wk inc flu hosp,1,55,quantile,0.6,114,2027-03-27
2027-03-20,wk inc flu hosp,1,55,quantile,0.65,119,2027-03-27
2027-03-20,wk inc flu hosp,1,55,quantile,0.7,125,2027-03-27
2027-03-20,wk inc flu hosp,1,55,quantile,0.75,128,2027-03-27
2027-03-20,wk inc flu hosp,1,55,quantile,0.8,135,2027-03-27
2027-03-20,wk inc flu hosp,1,55,quantile,0.85,142,2027-03-27
2027-03-20,wk inc flu hosp,1,55,quantile,0.9,146,2027-03-27
2027-03-20,wk inc flu hosp,1,55,quantile,0.95,158,2027-03-27
2027-03-20,wk inc flu hosp,1,55,quantile,0.975,173,2027-03-27
2027-03-20,wk inc flu hosp,1,55,quantile,0.99,180,2027-03-27
2027-03-20,wk inc flu hosp,1,56,quantile,0.01,3,2027-03-27
2027-03-20,wk inc flu hosp,1,56,quantile,0.025,5,2027-03-27
2027-03-20,wk inc flu hosp,1,56,quantile,0.05,7,2027-03-27
2027-03-20,wk inc flu hosp,1,56,quantile,0.1,9,2027-03-27
2027-03-20,wk inc flu hosp,1,56,quantile,0.15,11,2027-03-27
2027-03-20,wk inc flu hosp,1,56,quantile,0.2,13,2027-03-27
2027-03-20,wk inc flu hosp,1,56,quantile,0.25,14,2027-03-27
2027-03-20,wk inc flu hosp,1,56,quantile,0.3,15,2027-03-27
2027-03-20,wk inc flu hosp,1,56,quantile,0.35,15,2027-03-27
2027-03-20,wk inc flu hosp,1,56,quantile,0.4,16,2027-03-27
2027-03-20,wk inc flu hosp,1,56,quantile,0.45,17,2027-03-27
2027-03-20,wk inc flu hosp,1,56,quantile,0.5,18,2027-03-27
2027-03-20,wk inc flu hosp,1,56,quantile,0.55,19,2027-03-27
2027-03-20,wk inc flu hosp,1,56,quantile,0.6,20,2027-03-27
2027-03-20,wk inc flu hosp,1,56,quantile,0.65,20,2027-03-27
2027-03-20,wk inc flu hosp,1,56,quantile,0.7,22,2027-03-27
2027-03-20,wk inc flu hosp,1,56,quantile,0.75,23,2027-03-27
2027-03-20,wk inc flu hosp,1,56,quantile,0.8,24,2027-03-27
2027-03-20,wk inc flu hosp,1,56,quantile,0.85,25,2027-03-27
2027-03-20,wk inc flu hosp,1,56,quantile,0.9,28,2027-03-27
2027-03-20,wk inc flu hosp,1,56,quantile,0.95,33,2027-03-27
2027-03-20,wk inc flu hosp,1,56,quantile,0.975,37,2027-03-27
2027-03-20,wk inc flu hosp,1,56,quantile,0.99,39,2027-03-27
2027-03-20,wk inc flu hosp,1,72,quantile,0.01,58,2027-03-27
2027-03-20,wk inc flu hosp,1,72,quantile,0.025,69,2027-03-27
2027-03-20,wk inc flu hosp,1,72,quantile,0.05,75,2027-03-27
2027-03-20,wk inc flu hosp,1,72,quantile,0.1,85,2027-03-27
2027-03-20,wk inc flu hosp,1,72,quantile,0.15,92,2027-03-27
2027-03-20,wk inc flu hosp,1,72,quantile,0.2,102,2027-03-27
2027-03-20,wk inc flu hosp,1,72,quantile,0.25,110,2027-03-27
2027-03-20,wk inc flu hosp,1,72,quantile,0.3,114,2027-03-27
2027-03-20,wk inc flu hosp,1,72,quantile,0.35,121,2027-03-27
2027-03-20,wk inc flu hosp,1,72,quantile,0.4,128,2027-03-27
2027-03-20,wk inc flu hosp,1,72,quantile,0.45,136,2027-03-27
2027-03-20,wk inc flu hosp,1,72,quantile,0.5,139,2027-03-27
2027-03-20,wk inc flu hosp,1,72,quantile,0.55,146,2027-03-27
2027-03-20,wk inc flu hosp,1,72,quantile,0.6,154,2027-03-27
2027-03-20,wk inc flu hosp,1,72,quantile,0.65,164,2027-03-27
2027-03-20,wk inc flu hosp,1,72,quantile,0.7,174,2027-03-27
2027-03-20,wk inc flu hosp,1,72,quantile,0.75,180,2027-03-27
2027-03-20,wk inc flu hosp,1,72,quantile,0.8,192,2027-03-27
2027-03-20,wk inc flu hosp,1,72,quantile,0.85,204,2027-03-27
2027-03-20,wk inc flu hosp,1,72,quantile,0.9,230,2027-03-27
2027-03-20,wk inc flu hosp,1,72,quantile,0.95,257,2027-03-27
2027-03-20,wk inc flu hosp,1,72,quantile,0.975,276,2027-03-27
2027-03-20,wk inc flu hosp,1,72,quantile,0.99,286,2027-03-27
2027-03-20,wk inc flu hosp,1,USA,quantile,0.01,6296,2027-03-27
2027-03-20,wk inc flu hosp,1,USA,quantile,0.025,6454,2027-03-27
2027-03-20,wk inc flu hosp,1,USA,quantile,0.05,6504,2027-03-27
2027-03-20,wk inc flu hosp,1,USA,quantile,0.1,6626,2027-03-27
2027-03-20,wk inc flu hosp,1,USA,quantile,0.15,6717,2027-03-27
2027-03-20,wk inc flu hosp,1,USA,quantile,0.2,6825,2027-03-27
2027-03-20,wk inc flu hosp,1,USA,quantile,0.25,6886,2027-03-27
2027-03-20,wk inc flu hosp,1,USA,quantile,0.3,6940,2027-03-27
2027-03-20,wk inc flu hosp,1,USA,quantile,0.35,7008,2027-03-27
2027-03-20,wk inc flu hosp,1,USA,quantile,0.4,7068,2027-03-27
2027-03-20,wk inc flu hosp,1,USA,quantile,0.45,7106,2027-03-27
2027-03-20,wk inc flu hosp,1,USA,quantile,0.5,7168,2027-03-27
2027-03-20,wk inc flu hosp,1,USA,quantile,0.55,7218,2027-03-27
2027-03-20,wk inc flu hosp,1,USA,quantile,0.6,7282,2027-03-27
2027-03-20,wk inc flu hosp,1,USA,quantile,0.65,7316,2027-03-27
2027-03-20,wk inc flu hosp,1,USA,quantile,0.7,7346,2027-03-27
2027-03-20,wk inc flu hosp,1,USA,quantile,0.75,7427,2027-03-27
2027-03-20,wk inc flu hosp,1,USA,quantile,0.8,7581,2027-03-27
2027-03-20,wk inc flu hosp,1,USA,quantile,0.85,7649,2027-03-27
2027-03-20,wk inc flu hosp,1,USA,quantile,0.9,7896,2027-03-27
2027-03-20,wk inc flu hosp,1,USA,quantile,0.95,8129,2027-03-27
2027-03-20,wk inc flu hosp,1,USA,quantile,0.975,8234,2027-03-27
2027-03-20,wk inc flu hosp,1,USA,quantile,0.99,9027,2027-03-27
2027-03-20,wk inc flu hosp,2,01,quantile,0.01,28,2027-04-03
2027-03-20,wk inc flu hosp,2,01,quantile,0.025,30,2027-04-03
2027-03-20,wk inc flu hosp,2,01,quantile,0.05,31,2027-04-03
2027-03-20,wk inc flu hosp,2,01,quantile,0.1,36,2027-04-03
2027-03-20,wk inc flu hosp,2,01,quantile,0.15,38,2027-04-03
2027-03-20,wk inc flu hosp,2,01,quantile,0.2,40,2027-04-03
2027-03-20,wk inc flu hosp,2,01,quantile,0.25,42,2027-04-03
2027-03-20,wk inc flu hosp,2,01,quantile,0.3,46,2027-04-03
2027-03-20,wk inc flu hosp,2,01,quantile,0.35,49,2027-04-03
2027-03-20,wk inc flu hosp,2,01,quantile,0.4,51,2027-04-03
2027-03-20,wk inc flu hosp,2,01,quantile,0.45,53,2027-04-03
2027-03-20,wk inc flu hosp,2,01,quantile,0.5,56,2027-04-03
2027-03-20,wk inc flu hosp,2,01,quantile,0.55,57,2027-04-03
2027-03-20,wk inc flu hosp,2,01,quantile,0.6,60,2027-04-03
2027-03-20,wk inc flu hosp,2,01,quantile,0.65,62,2027-04-03
2027-03-20,wk inc flu hosp,2,01,quantile,0.7,65,2027-04-03
2027-03-20,wk inc flu hosp,2,01,quantile,0.75,70,2027-04-03
2027-03-20,wk inc flu hosp,2,01,quantile,0.8,73,2027-04-03
2027-03-20,wk inc flu hosp,2,01,quantile,0.85,79,2027-04-03
2027-03-20,wk inc flu hosp,2,01,quantile,0.9,85,2027-04-03
2027-03-20,wk inc flu hosp,2,01,quantile,0.95,102,2027-04-03
2027-03-20,wk inc flu hosp,2,01,quantile,0.975,111,2027-04-03
2027-03-20,wk inc flu hosp,2,01,quantile,0.99,116,2027-04-03
2027-03-20,wk inc flu hosp,2,02,quantile,0.01,0,2027-04-03
2027-03-20,wk inc flu hosp,2,02,quantile,0.025,1,2027-04-03
2027-03-20,wk inc flu hosp,2,02,quantile,0.05,2,2027-04-03
2027-03-20,wk inc flu hosp,2,02,quantile,0.1,5,2027-04-03
2027-03-20,wk inc flu hosp,2,02,quantile,0.15,6,2027-04-03
2027-03-20,wk inc flu hosp,2,02,quantile,0.2,7,2027-04-03
2027-03-20,wk inc flu hosp,2,02,quantile,0.25,8,2027-04-03
2027-03-20,wk inc flu hosp,2,02,quantile,0.3,10,2027-04-03
2027-03-20,wk inc flu hosp,2,02,quantile,0.35,11,2027-04-03
2027-03-20,wk inc flu hosp,2,02,quantile,0.4,12,2027-04-03
2027-03-20,wk inc flu hosp,2,02,quantile,0.45,13,2027-04-03
2027-03-20,wk inc flu hosp,2,02,quantile,0.5,14,2027-04-03
2027-03-20,wk inc flu hosp,2,02,quantile,0.55,16,2027-04-03
2027-03-20,wk inc flu hosp,2,02,quantile,0.6,17,2027-04-03
2027-03-20,wk inc flu hosp,2,02,quantile,0.65,18,2027-04-03
2027-03-20,wk inc flu hosp,2,02,quantile,0.7,19,2027-04-03
2027-03-20,wk inc flu hosp,2,02,quantile,0.75,21,2027-04-03
2027-03-20,wk inc flu hosp,2,02,quantile,0.8,24,2027-04-03
2027-03-20,wk inc flu hosp,2,02,quantile,0.85,25,2027-04-03
2027-03-20,wk inc flu hosp,2,02,quantile,0.9,28,2027-04-03
2027-03-20,wk inc flu hosp,2,02,quantile,0.95,32,2027-04-03
2027-03-20,wk inc flu hosp,2,02,quantile,0.975,36,2027-04-03
2027-03-20,wk inc flu hosp,2,02,quantile,0.99,40,2027-04-03
2027-03-20,wk inc flu hosp,2,04,quantile,0.01,59,2027-04-03
2027-03-20,wk inc flu hosp,2,04,quantile,0.025,87,2027-04-03
2027-03-20,wk inc flu hosp,2,04,quantile,0.05,89,2027-04-03
2027-03-20,wk inc flu hosp,2,04,quantile,0.1,100,2027-04-03
2027-03-20,wk inc flu hosp,2,04,quantile,0.15,112,2027-04-03
2027-03-20,wk inc flu hosp,2,04,quantile,0.2,122,2027-04-03
2027-03-20,wk inc flu hosp,2,04,quantile,0.25,128,2027-04-03
2027-03-20,wk inc flu hosp,2,04,quantile,0.3,136,2027-04-03
2027-03-20,wk inc flu hosp,2,04,quantile,0.35,144,2027-04-03
2027-03-20,wk inc flu hosp,2,04,quantile,0.4,150,2027-04-03
2027-03-20,wk inc flu hosp,2,04,quantile,0.45,157,2027-04-03
2027-03-20,wk inc flu hosp,2,04,quantile,0.5,162,2027-04-03
2027-03-20,wk inc flu hosp,2,04,quantile,0.55,174,2027-04-03
2027-03-20,wk inc flu hosp,2,04,quantile,0.6,177,2027-04-03
2027-03-20,wk inc flu hosp,2,04,quantile,0.65,183,2027-04-03
2027-03-20,wk inc flu hosp,2,04,quantile,0.7,189,2027-04-03
2027-03-20,wk inc flu hosp,2,04,quantile,0.75,196,2027-04-03
2027-03-20,wk inc flu hosp,2,04,quantile,0.8,213,2027-04-03
2027-03-20,wk inc flu hosp,2,04,quantile,0.85,223,2027-04-03
2027-03-20,wk inc flu hosp,2,04,quantile,0.9,231,2027-04-03
2027-03-20,wk inc flu hosp,2,04,quantile,0.95,267,2027-04-03
2027-03-20,wk inc flu hosp,2,04,quantile,0.975,288,2027-04-03
2027-03-20,wk inc flu hosp,2,04,quantile,0.99,331,2027-04-03
2027-03-20,wk inc flu hosp,2,05,quantile,0.01,32,2027-04-03
2027-03-20,wk inc flu hosp,2,05,quantile,0.025,39,2027-04-03
2027-03-20,wk inc flu hosp,2,05,quantile,0.05,42,2027-04-03
2027-03-20,wk inc flu hosp,2,05,quantile,0.1,46,2027-04-03
2027-03-20,wk inc flu hosp,2,05,quantile,0.15,49,2027-04-03
2027-03-20,wk inc flu hosp,2,05,quantile,0.2,54,2027-04-03
2027-03-20,wk inc flu hosp,2,05,quantile,0.25,58,2027-04-03
2027-03-20,wk inc flu hosp,2,05,quantile,0.3,60,2027-04-03
2027-03-20,wk inc flu hosp,2,05,quantile,0.35,63,2027-04-03
2027-03-20,wk inc flu hosp,2,05,quantile,0.4,64,2027-04-03
2027-03-20,wk inc flu hosp,2,05,quantile,0.45,67,2027-04-03
2027-03-20,wk inc flu hosp,2,05,quantile,0.5,70,2027-04-03
2027-03-20,wk inc flu hosp,2,05,quantile,0.55,74,2027-04-03
2027-03-20,wk inc flu hosp,2,05,quantile,0.6,76,2027-04-03
2027-03-20,wk inc flu hosp,2,05,quantile,0.65,80,2027-04-03
2027-03-20,wk inc flu hosp,2,05,quantile,0.7,82,2027-04-03
2027-03-20,wk inc flu hosp,2,05,quantile,0.75,86,2027-04-03
2027-03-20,wk inc flu hosp,2,05,quantile,0.8,91,2027-04-03
2027-03-20,wk inc flu hosp,2,05,quantile,0.85,95,2027-04-03
2027-03-20,wk inc flu hosp,2,05,quantile,0.9,101,2027-04-03
2027-03-20,wk inc flu hosp,2,05,quantile,0.95,108,2027-04-03
2027-03-20,wk inc flu hosp,2,05,quantile,0.975,115,2027-04-03
2027-03-20,wk inc flu hosp,2,05,quantile,0.99,134,2027-04-03
2027-03-20,wk inc flu hosp,2,06,quantile,0.01,241,2027-04-03
2027-03-20,wk inc flu hosp,2,06,quantile,0.025,262,2027-04-03
2027-03-20,wk inc flu hosp,2,06,quantile,0.05,277,2027-04-03
2027-03-20,wk inc flu hosp,2,06,quantile,0.1,310,2027-04-03
2027-03-20,wk inc flu hosp,2,06,quantile,0.15,351,2027-04-03
2027-03-20,wk inc flu hosp,2,06,quantile,0.2,367,2027-04-03
2027-03-20,wk inc flu hosp,2,06,quantile,0.25,382,2027-04-03
2027-03-20,wk inc flu hosp,2,06,quantile,0.3,397,2027-04-03
2027-03-20,wk inc flu hosp,2,06,quantile,0.35,420,2027-04-03
2027-03-20,wk inc flu hosp,2,06,quantile,0.4,439,2027-04-03
2027-03-20,wk inc flu hosp,2,06,quantile,0.45,448,2027-04-03
2027-03-20,wk inc flu hosp,2,06,quantile,0.5,460,2027-04-03
2027-03-20,wk inc flu hosp,2,06,quantile,0.55,471,2027-04-03
2027-03-20,wk inc flu hosp,2,06,quantile,0.6,485,2027-04-03
2027-03-20,wk inc flu hosp,2,06,quantile,0.65,494,2027-04-03
2027-03-20,wk inc flu hosp,2,06,quantile,0.7,516,2027-04-03
2027-03-20,wk inc flu hosp,2,06,quantile,0.75,531,2027-04-03
2027-03-20,wk inc flu hosp,2,06,quantile,0.8,549,2027-04-03
2027-03-20,wk inc flu hosp,2,06,quantile,0.85,576,2027-04-03
2027-03-20,wk inc flu hosp,2,06,quantile,0.9,594,2027-04-03
2027-03-20,wk inc flu hosp,2,06,quantile,0.95,647,2027-04-03
2027-03-20,wk inc flu hosp,2,06,quantile,0.975,662,2027-04-03
2027-03-20,wk inc flu hosp,2,06,quantile,0.99,776,2027-04-03
2027-03-20,wk inc flu hosp,2,08,quantile,0.01,39,2027-04-03
2027-03-20,wk inc flu hosp,2,08,quantile,0.025,42,2027-04-03
2027-03-20,wk inc flu hosp,2,08,quantile,0.05,50,2027-04-03
2027-03-20,wk inc flu hosp,2,08,quantile,0.1,57,2027-04-03
2027-03-20,wk inc flu hosp,2,08,quantile,0.15,61,2027-04-03
2027-03-20,wk inc flu hosp,2,08,quantile,0.2,65,2027-04-03
2027-03-20,wk inc flu hosp,2,08,quantile,0.25,67,2027-04-03
2027-03-20,wk inc flu hosp,2,08,quantile,0.3,70,2027-04-03
2027-03-20,wk inc flu hosp,2,08,quantile,0.35,73,2027-04-03
2027-03-20,wk inc flu hosp,2,08,quantile,0.4,77,2027-04-03
2027-03-20,wk inc flu hosp,2,08,quantile,0.45,80,2027-04-03
2027-03-20,wk inc flu hosp,2,08,quantile,0.5,84,2027-04-03
2027-03-20,wk inc flu hosp,2,08,quantile,0.55,88,2027-04-03
2027-03-20,wk inc flu hosp,2,08,quantile,0.6,90,2027-04-03
2027-03-20,wk inc flu hosp,2,08,quantile,0.65,92,2027-04-03
2027-03-20,wk inc flu hosp,2,08,quantile,0.7,99,2027-04-03
2027-03-20,wk inc flu hosp,2,08,quantile,0.75,102,2027-04-03
2027-03-20,wk inc flu hosp,2,08,quantile,0.8,108,2027-04-03
2027-03-20,wk inc flu hosp,2,08,quantile,0.85,113,2027-04-03
2027-03-20,wk inc flu hosp,2,08,quantile,0.9,119,2027-04-03
2027-03-20,wk inc flu hosp,2,08,quantile,0.95,129,2027-04-03
2027-03-20,wk inc flu hosp,2,08,quantile,0.975,134,2027-04-03
2027-03-20,wk inc flu hosp,2,08,quantile,0.99,148,2027-04-03
2027-03-20,wk inc flu hosp,2,09,quantile,0.01,29,2027-04-03
2027-03-20,wk inc flu hosp,2,09,quantile,0.025,30,2027-04-03
2027-03-20,wk inc flu hosp,2,09,quantile,0.05,32,2027-04-03
2027-03-20,wk inc flu hosp,2,09,quantile,0.1,38,2027-04-03
2027-03-20,wk inc flu hosp,2,09,quantile,0.15,41,2027-04-03
2027-03-20,wk inc flu hosp,2,09,quantile,0.2,44,2027-04-03
2027-03-20,wk inc flu hosp,2,09,quantile,0.25,46,2027-04-03
2027-03-20,wk inc flu hosp,2,09,quantile,0.3,49,2027-04-03
2027-03-20,wk inc flu hosp,2,09,quantile,0.35,51,2027-04-03
2027-03-20,wk inc flu hosp,2,09,quantile,0.4,53,2027-04-03
2027-03-20,wk inc flu hosp,2,09,quantile,0.45,54,2027-04-03
2027-03-20,wk inc flu hosp,2,09,quantile,0.5,55,2027-04-03
2027-03-20,wk inc flu hosp,2,09,quantile,0.55,58,2027-04-03
2027-03-20,wk inc flu hosp,2,09,quantile,0.6,59,2027-04-03
2027-03-20,wk inc flu hosp,2,09,quantile,0.65,62,2027-04-03
2027-03-20,wk inc flu hosp,2,09,quantile,0.7,66,2027-04-03
2027-03-20,wk inc flu hosp,2,09,quantile,0.75,72,2027-04-03
2027-03-20,wk inc flu hosp,2,09,quantile,0.8,76,2027-04-03
2027-03-20,wk inc flu hosp,2,09,quantile,0.85,84,2027-04-03
2027-03-20,wk inc flu hosp,2,09,quantile,0.9,87,2027-04-03
2027-03-20,wk inc flu hosp,2,09,quantile,0.95,96,2027-04-03
2027-03-20,wk inc flu hosp,2,09,quantile,0.975,98,2027-04-03
2027-03-20,wk inc flu hosp,2,09,quantile,0.99,115,2027-04-03
2027-03-20,wk inc flu hosp,2,10,quantile,0.01,4,2027-04-03
2027-03-20,wk inc flu hosp,2,10,quantile,0.025,6,2027-04-03
2027-03-20,wk inc flu hosp,2,10,quantile,0.05,7,2027-04-03
2027-03-20,wk inc flu hosp,2,10,quantile,0.1,10,2027-04-03
2027-03-20,wk inc flu hosp,2,10,quantile,0.15,11,2027-04-03
2027-03-20,wk inc flu hosp,2,10,quantile,0.2,12,2027-04-03
2027-03-20,wk inc flu hosp,2,10,quantile,0.25,13,2027-04-03
2027-03-20,wk inc flu hosp,2,10,quantile,0.3,14,2027-04-03
2027-03-20,wk inc flu hosp,2,10,quantile,0.35,15,2027-04-03
2027-03-20,wk inc flu hosp,2,10,quantile,0.4,16,2027-04-03
2027-03-20,wk inc flu hosp,2,10,quantile,0.45,17,2027-04-03
2027-03-20,wk inc flu hosp,2,10,quantile,0.5,17,2027-04-03
2027-03-20,wk inc flu hosp,2,10,quantile,0.55,18,2027-04-03
2027-03-20,wk inc flu hosp,2,10,quantile,0.6,19,2027-04-03
2027-03-20,wk inc flu hosp,2,10,quantile,0.65,19,2027-04-03
2027-03-20,wk inc flu hosp,2,10,quantile,0.7,20,2027-04-03
2027-03-20,wk inc flu hosp,2,10,quantile,0.75,22,2027-04-03
2027-03-20,wk inc flu hosp,2,10,quantile,0.8,23,2027-04-03
2027-03-20,wk inc flu hosp,2,10,quantile,0.85,24,2027-04-03
2027-03-20,wk inc flu hosp,2,10,quantile,0.9,27,2027-04-03
2027-03-20,wk inc flu hosp,2,10,quantile,0.95,32,2027-04-03
2027-03-20,wk inc flu hosp,2,10,quantile,0.975,35,2027-04-03
2027-03-20,wk inc flu hosp,2,10,quantile,0.99,39,2027-04-03
2027-03-20,wk inc flu hosp,2,11,quantile,0.01,3,2027-04-03
2027-03-20,wk inc flu hosp,2,11,quantile,0.025,7,2027-04-03
2027-03-20,wk inc flu hosp,2,11,quantile,0.05,9,2027-04-03
2027-03-20,wk inc flu hosp,2,11,quantile,0.1,13,2027-04-03
2027-03-20,wk inc flu hosp,2,11,quantile,0.15,15,2027-04-03
2027-03-20,wk inc flu hosp,2,11,quantile,0.2,17,2027-04-03
2027-03-20,wk inc flu hosp,2,11,quantile,0.25,18,2027-04-03
2027-03-20,wk inc flu hosp,2,11,quantile,0.3,20,2027-04-03
2027-03-20,wk inc flu hosp,2,11,quantile,0.35,22,2027-04-03
2027-03-20,wk inc flu hosp,2,11,quantile,0.4,23,2027-04-03
2027-03-20,wk inc flu hosp,2,11,quantile,0.45,25,2027-04-03
2027-03-20,wk inc flu hosp,2,11,quantile,0.5,26,2027-04-03
2027-03-20,wk inc flu hosp,2,11,quantile,0.55,29,2027-04-03
2027-03-20,wk inc flu hosp,2,11,quantile,0.6,30,2027-04-03
2027-03-20,wk inc flu hosp,2,11,quantile,0.65,32,2027-04-03
2027-03-20,wk inc flu hosp,2,11,quantile,0.7,33,2027-04-03
2027-03-20,wk inc flu hosp,2,11,quantile,0.75,35,2027-04-03
2027-03-20,wk inc flu hosp,2,11,quantile,0.8,38,2027-04-03
2027-03-20,wk inc flu hosp,2,11,quantile,0.85,41,2027-04-03
2027-03-20,wk inc flu hosp,2,11,quantile,0.9,44,2027-04-03
2027-03-20,wk inc flu hosp,2,11,quantile,0.95,53,2027-04-03
2027-03-20,wk inc flu hosp,2,11,quantile,0.975,58,2027-04-03
2027-03-20,wk inc flu hosp,2,11,quantile,0.99,76,2027-04-03
2027-03-20,wk inc flu hosp,2,12,quantile,0.01,223,2027-04-03
2027-03-20,wk inc flu hosp,2,12,quantile,0.025,247,2027-04-03
2027-03-20,wk inc flu hosp,2,12,quantile,0.05,265,2027-04-03
2027-03-20,wk inc flu hosp,2,12,quantile,0.1,288,2027-04-03
2027-03-20,wk inc flu hosp,2,12,quantile,0.15,300,2027-04-03
2027-03-20,wk inc flu hosp,2,12,quantile,0.2,314,2027-04-03
2027-03-20,wk inc flu hosp,2,12,quantile,0.25,325,2027-04-03
2027-03-20,wk inc flu hosp,2,12,quantile,0.3,329,2027-04-03
2027-03-20,wk inc flu hosp,2,12,quantile,0.35,338,2027-04-03
2027-03-20,wk inc flu hosp,2,12,quantile,0.4,345,2027-04-03
2027-03-20,wk inc flu hosp,2,12,quantile,0.45,356,2027-04-03
2027-03-20,wk inc flu hosp,2,12,quantile,0.5,364,2027-04-03
2027-03-20,wk inc flu hosp,2,12,quantile,0.55,379,2027-04-03
2027-03-20,wk inc flu hosp,2,12,quantile,0.6,389,2027-04-03
2027-03-20,wk inc flu hosp,2,12,quantile,0.65,409,2027-04-03
2027-03-20,wk inc flu hosp,2,12,quantile,0.7,428,2027-04-03
2027-03-20,wk inc flu hosp,2,12,quantile,0.75,448,2027-04-03
2027-03-20,wk inc flu hosp,2,12,quantile,0.8,472,2027-04-03
2027-03-20,wk inc flu hosp,2,12,quantile,0.85,497,2027-04-03
2027-03-20,wk inc flu hosp,2,12,quantile,0.9,524,2027-04-03
2027-03-20,wk inc flu hosp,2,12,quantile,0.95,565,2027-04-03
2027-03-20,wk inc flu hosp,2,12,quantile,0.975,628,2027-04-03
2027-03-20,wk inc flu hosp,2,12,quantile,0.99,668,2027-04-03
2027-03-20,wk inc flu hosp,2,13,quantile,0.01,35,2027-04-03
2027-03-20,wk inc flu hosp,2,13,quantile,0.025,42,2027-04-03
2027-03-20,wk inc flu hosp,2,13,quantile,0.05,50,2027-04-03
2027-03-20,wk inc flu hosp,2,13,quantile,0.1,55,2027-04-03
2027-03-20,wk inc flu hosp,2,13,quantile,0.15,60,2027-04-03
2027-03-20,wk inc flu hosp,2,13,quantile,0.2,62,2027-04-03
2027-03-20,wk inc flu hosp,2,13,quantile,0.25,66,2027-04-03
2027-03-20,wk inc flu hosp,2,13,quantile,0.3,70,2027-04-03
2027-03-20,wk inc flu hosp,2,13,quantile,0.35,73,2027-04-03
2027-03-20,wk inc flu hosp,2,13,quantile,0.4,78,2027-04-03
2027-03-20,wk inc flu hosp,2,13,quantile,0.45,83,2027-04-03
2027-03-20,wk inc flu hosp,2,13,quantile,0.5,85,2027-04-03
2027-03-20,wk inc flu hosp,2,13,quantile,0.55,87,2027-04-03
2027-03-20,wk inc flu hosp,2,13,quantile,0.6,90,2027-04-03
2027-03-20,wk inc flu hosp,2,13,quantile,0.65,96,2027-04-03
2027-03-20,wk inc flu hosp,2,13,quantile,0.7,99,2027-04-03
2027-03-20,wk inc flu hosp,2,13,quantile,0.75,102,2027-04-03
2027-03-20,wk inc flu hosp,2,13,quantile,0.8,107,2027-04-03
2027-03-20,wk inc flu hosp,2,13,quantile,0.85,118,2027-04-03
2027-03-20,wk inc flu hosp,2,13,quantile,0.9,127,2027-04-03
2027-03-20,wk inc flu hosp,2,13,quantile,0.95,143,2027-04-03
2027-03-20,wk inc flu hosp,2,13,quantile,0.975,158,2027-04-03
2027-03-20,wk inc flu hosp,2,13,quantile,0.99,172,2027-04-03
2027-03-20,wk inc flu hosp,2,15,quantile,0.01,5,2027-04-03
2027-03-20,wk inc flu hosp,2,15,quantile,0.025,6,2027-04-03
2027-03-20,wk inc flu hosp,2,15,quantile,0.05,8,2027-04-03
2027-03-20,wk inc flu hosp,2,15,quantile,0.1,10,2027-04-03
2027-03-20,wk inc flu hosp,2,15,quantile,0.15,11,2027-04-03
2027-03-20,wk inc flu hosp,2,15,quantile,0.2,12,2027-04-03
2027-03-20,wk inc flu hosp,2,15,quantile,0.25,13,2027-04-03
2027-03-20,wk inc flu hosp,2,15,quantile,0.3,14,2027-04-03
2027-03-20,wk inc flu hosp,2,15,quantile,0.35,15,2027-04-03
2027-03-20,wk inc flu hosp,2,15,quantile,0.4,17,2027-04-03
2027-03-20,wk inc flu hosp,2,15,quantile,0.45,18,2027-04-03
2027-03-20,wk inc flu hosp,2,15,quantile,0.5,18,2027-04-03
2027-03-20,wk inc flu hosp,2,15,quantile,0.55,20,2027-04-03
2027-03-20,wk inc flu hosp,2,15,quantile,0.6,21,2027-04-03
2027-03-20,wk inc flu hosp,2,15,quantile,0.65,22,2027-04-03
2027-03-20,wk inc flu hosp,2,15,quantile,0.7,23,2027-04-03
2027-03-20,wk inc flu hosp,2,15,quantile,0.75,25,2027-04-03
2027-03-20,wk inc flu hosp,2,15,quantile,0.8,26,2027-04-03
2027-03-20,wk inc flu hosp,2,15,quantile,0.85,28,2027-04-03
2027-03-20,wk inc flu hosp,2,15,quantile,0.9,30,2027-04-03
2027-03-20,wk inc flu hosp,2,15,quantile,0.95,35,2027-04-03
2027-03-20,wk inc flu hosp,2,15,quantile,0.975,39,2027-04-03
2027-03-20,wk inc flu hosp,2,15,quantile,0.99,47,2027-04-03
2027-03-20,wk inc flu hosp,2,16,quantile,0.01,25,2027-04-03
2027-03-20,wk inc flu hosp,2,16,quantile,0.025,28,2027-04-03
2027-03-20,wk inc flu hosp,2,16,quantile,0.05,32,2027-04-03
2027-03-20,wk inc flu hosp,2,16,quantile,0.1,35,2027-04-03
2027-03-20,wk inc flu hosp,2,16,quantile,0.15,37,2027-04-03
2027-03-20,wk inc flu hosp,2,16,quantile,0.2,40,2027-04-03
2027-03-20,wk inc flu hosp,2,16,quantile,0.25,41,2027-04-03
2027-03-20,wk inc flu hosp,2,16,quantile,0.3,44,2027-04-03
2027-03-20,wk inc flu hosp,2,16,quantile,0.35,45,2027-04-03
2027-03-20,wk inc flu hosp,2,16,quantile,0.4,48,2027-04-03
2027-03-20,wk inc flu hosp,2,16,quantile,0.45,50,2027-04-03
2027-03-20,wk inc flu hosp,2,16,quantile,0.5,51,2027-04-03
2027-03-20,wk inc flu hosp,2,16,quantile,0.55,52,2027-04-03
2027-03-20,wk inc flu hosp,2,16,quantile,0.6,54,2027-04-03
2027-03-20,wk inc flu hosp,2,16,quantile,0.65,56,2027-04-03
2027-03-20,wk inc flu hosp,2,16,quantile,0.7,57,2027-04-03
2027-03-20,wk inc flu hosp,2,16,quantile,0.75,58,2027-04-03
2027-03-20,wk inc flu hosp,2,16,quantile,0.8,59,2027-04-03
2027-03-20,wk inc flu hosp,2,16,quantile,0.85,64,2027-04-03
2027-03-20,wk inc flu hosp,2,16,quantile,0.9,69,2027-04-03
2027-03-20,wk inc flu hosp,2,16,quantile,0.95,76,2027-04-03
2027-03-20,wk inc flu hosp,2,16,quantile,0.975,81,2027-04-03
2027-03-20,wk inc flu hosp,2,16,quantile,0.99,90,2027-04-03
2027-03-20,wk inc flu hosp,2,17,quantile,0.01,121,2027-04-03
2027-03-20,wk inc flu hosp,2,17,quantile,0.025,123,2027-04-03
2027-03-20,wk inc flu hosp,2,17,quantile,0.05,136,2027-04-03
2027-03-20,wk inc flu hosp,2,17,quantile,0.1,144,2027-04-03
2027-03-20,wk inc flu hosp,2,17,quantile,0.15,152,2027-04-03
2027-03-20,wk inc flu hosp,2,17,quantile,0.2,160,2027-04-03
2027-03-20,wk inc flu hosp,2,17,quantile,0.25,168,2027-04-03
2027-03-20,wk inc flu hosp,2,17,quantile,0.3,177,2027-04-03
2027-03-20,wk inc flu hosp,2,17,quantile,0.35,181,2027-04-03
2027-03-20,wk inc flu hosp,2,17,quantile,0.4,193,2027-04-03
2027-03-20,wk inc flu hosp,2,17,quantile,0.45,197,2027-04-03
2027-03-20,wk inc flu hosp,2,17,quantile,0.5,202,2027-04-03
2027-03-20,wk inc flu hosp,2,17,quantile,0.55,208,2027-04-03
2027-03-20,wk inc flu hosp,2,17,quantile,0.6,213,2027-04-03
2027-03-20,wk inc flu hosp,2,17,quantile,0.65,218,2027-04-03
2027-03-20,wk inc flu hosp,2,17,quantile,0.7,229,2027-04-03
2027-03-20,wk inc flu hosp,2,17,quantile,0.75,231,2027-04-03
2027-03-20,wk inc flu hosp,2,17,quantile,0.8,242,2027-04-03
2027-03-20,wk inc flu hosp,2,17,quantile,0.85,247,2027-04-03
2027-03-20,wk inc flu hosp,2,17,quantile,0.9,261,2027-04-03
2027-03-20,wk inc flu hosp,2,17,quantile,0.95,266,2027-04-03
2027-03-20,wk inc flu hosp,2,17,quantile,0.975,282,2027-04-03
2027-03-20,wk inc flu hosp,2,17,quantile,0.99,305,2027-04-03
2027-03-20,wk inc flu hosp,2,18,quantile,0.01,61,2027-04-03
2027-03-20,wk inc flu hosp,2,18,quantile,0.025,68,2027-04-03
2027-03-20,wk inc flu hosp,2,18,quantile,0.05,71,2027-04-03
2027-03-20,wk inc flu hosp,2,18,quantile,0.1,75,2027-04-03
2027-03-20,wk inc flu hosp,2,18,quantile,0.15,82,2027-04-03
2027-03-20,wk inc flu hosp,2,18,quantile,0.2,88,2027-04-03
2027-03-20,wk inc flu hosp,2,18,quantile,0.25,91,2027-04-03
2027-03-20,wk inc flu hosp,2,18,quantile,0.3,94,2027-04-03
2027-03-20,wk inc flu hosp,2,18,quantile,0.35,97,2027-04-03
2027-03-20,wk inc flu hosp,2,18,quantile,0.4,102,2027-04-03
2027-03-20,wk inc flu hosp,2,18,quantile,0.45,104,2027-04-03
2027-03-20,wk inc flu hosp,2,18,quantile,0.5,107,2027-04-03
2027-03-20,wk inc flu hosp,2,18,quantile,0.55,110,2027-04-03
2027-03-20,wk inc flu hosp,2,18,quantile,0.6,113,2027-04-03
2027-03-20,wk inc flu hosp,2,18,quantile,0.65,116,2027-04-03
2027-03-20,wk inc flu hosp,2,18,quantile,0.7,119,2027-04-03
2027-03-20,wk inc flu hosp,2,18,quantile,0.75,122,2027-04-03
2027-03-20,wk inc flu hosp,2,18,quantile,0.8,128,2027-04-03
2027-03-20,wk inc flu hosp,2,18,quantile,0.85,135,2027-04-03
2027-03-20,wk inc flu hosp,2,18,quantile,0.9,142,2027-04-03
2027-03-20,wk inc flu hosp,2,18,quantile,0.95,156,2027-04-03
2027-03-20,wk inc flu hosp,2,18,quantile,0.975,176,2027-04-03
2027-03-20,wk inc flu hosp,2,18,quantile,0.99,185,2027-04-03
2027-03-20,wk inc flu hosp,2,19,quantile,0.01,19,2027-04-03
2027-03-20,wk inc flu hosp,2,19,quantile,0.025,24,2027-04-03
2027-03-20,wk inc flu hosp,2,19,quantile,0.05,26,2027-04-03
2027-03-20,wk inc flu hosp,2,19,quantile,0.1,30,2027-04-03
2027-03-20,wk inc flu hosp,2,19,quantile,0.15,32,2027-04-03
2027-03-20,wk inc flu hosp,2,19,quantile,0.2,33,2027-04-03
2027-03-20,wk inc flu hosp,2,19,quantile,0.25,35,2027-04-03
2027-03-20,wk inc flu hosp,2,19,quantile,0.3,37,2027-04-03
2027-03-20,wk inc flu hosp,2,19,quantile,0.35,38,2027-04-03
2027-03-20,wk inc flu hosp,2,19,quantile,0.4,40,2027-04-03
2027-03-20,wk inc flu hosp,2,19,quantile,0.45,43,2027-04-03
2027-03-20,wk inc flu hosp,2,19,quantile,0.5,44,2027-04-03
2027-03-20,wk inc flu hosp,2,19,quantile,0.55,47,2027-04-03
2027-03-20,wk inc flu hosp,2,19,quantile,0.6,49,2027-04-03
2027-03-20,wk inc flu hosp,2,19,quantile,0.65,51,2027-04-03
2027-03-20,wk inc flu hosp,2,19,quantile,0.7,53,2027-04-03
2027-03-20,wk inc flu hosp,2,19,quantile,0.75,56,2027-04-03
2027-03-20,wk inc flu hosp,2,19,quantile,0.8,58,2027-04-03
2027-03-20,wk inc flu hosp,2,19,quantile,0.85,60,2027-04-03
2027-03-20,wk inc flu hosp,2,19,quantile,0.9,66,2027-04-03
2027-03-20,wk inc flu hosp,2,19,quantile,0.95,70,2027-04-03
2027-03-20,wk inc flu hosp,2,19,quantile,0.975,76,2027-04-03
2027-03-20,wk inc flu hosp,2,19,quantile,0.99,84,2027-04-03
2027-03-20,wk inc flu hosp,2,20,quantile,0.01,20,2027-04-03
2027-03-20,wk inc flu hosp,2,20,quantile,0.025,27,2027-04-03
2027-03-20,wk inc flu hosp,2,20,quantile,0.05,30,2027-04-03
2027-03-20,wk inc flu hosp,2,20,quantile,0.1,34,2027-04-03
2027-03-20,wk inc flu hosp,2,20,quantile,0.15,36,2027-04-03
2027-03-20,wk inc flu hosp,2,20,quantile,0.2,39,2027-04-03
2027-03-20,wk inc flu hosp,2,20,quantile,0.25,42,2027-04-03
2027-03-20,wk inc flu hosp,2,20,quantile,0.3,44,2027-04-03
2027-03-20,wk inc flu hosp,2,20,quantile,0.35,46,2027-04-03
2027-03-20,wk inc flu hosp,2,20,quantile,0.4,47,2027-04-03
2027-03-20,wk inc flu hosp,2,20,quantile,0.45,48,2027-04-03
2027-03-20,wk inc flu hosp,2,20,quantile,0.5,50,2027-04-03
2027-03-20,wk inc flu hosp,2,20,quantile,0.55,51,2027-04-03
2027-03-20,wk inc flu hosp,2,20,quantile,0.6,52,2027-04-03
2027-03-20,wk inc flu hosp,2,20,quantile,0.65,53,2027-04-03
2027-03-20,wk inc flu hosp,2,20,quantile,0.7,56,2027-04-03
2027-03-20,wk inc flu hosp,2,20,quantile,0.75,59,2027-04-03
2027-03-20,wk inc flu hosp,2,20,quantile,0.8,62,2027-04-03
2027-03-20,wk inc flu hosp,2,20,quantile,0.85,65,2027-04-03
2027-03-20,wk inc flu hosp,2,20,quantile,0.9,69,2027-04-03
2027-03-20,wk inc flu hosp,2,20,quantile,0.95,72,2027-04-03
2027-03-20,wk inc flu hosp,2,20,quantile,0.975,79,2027-04-03
2027-03-20,wk inc flu hosp,2,20,quantile,0.99,81,2027-04-03
2027-03-20,wk inc flu hosp,2,21,quantile,0.01,61,2027-04-03
2027-03-20,wk inc flu hosp,2,21,quantile,0.025,65,2027-04-03
2027-03-20,wk inc flu hosp,2,21,quantile,0.05,74,2027-04-03
2027-03-20,wk inc flu hosp,2,21,quantile,0.1,83,2027-04-03
2027-03-20,wk inc flu hosp,2,21,quantile,0.15,92,2027-04-03
2027-03-20,wk inc flu hosp,2,21,quantile,0.2,96,2027-04-03
2027-03-20,wk inc flu hosp,2,21,quantile,0.25,100,2027-04-03
2027-03-20,wk inc flu hosp,2,21,quantile,0.3,105,2027-04-03
2027-03-20,wk inc flu hosp,2,21,quantile,0.35,108,2027-04-03
2027-03-20,wk inc flu hosp,2,21,quantile,0.4,111,2027-04-03
2027-03-20,wk inc flu hosp,2,21,quantile,0.45,116,2027-04-03
2027-03-20,wk inc flu hosp,2,21,quantile,0.5,120,2027-04-03
2027-03-20,wk inc flu hosp,2,21,quantile,0.55,123,2027-04-03
2027-03-20,wk inc flu hosp,2,21,quantile,0.6,126,2027-04-03
2027-03-20,wk inc flu hosp,2,21,quantile,0.65,130,2027-04-03
2027-03-20,wk inc flu hosp,2,21,quantile,0.7,138,2027-04-03
2027-03-20,wk inc flu hosp,2,21,quantile,0.75,145,2027-04-03
2027-03-20,wk inc flu hosp,2,21,quantile,0.8,151,2027-04-03
2027-03-20,wk inc flu hosp,2,21,quantile,0.85,155,2027-04-03
2027-03-20,wk inc flu hosp,2,21,quantile,0.9,165,2027-04-03
2027-03-20,wk inc flu hosp,2,21,quantile,0.95,173,2027-04-03
2027-03-20,wk inc flu hosp,2,21,quantile,0.975,186,2027-04-03
2027-03-20,wk inc flu hosp,2,21,quantile,0.99,200,2027-04-03
2027-03-20,wk inc flu hosp,2,22,quantile,0.01,37,2027-04-03
2027-03-20,wk inc flu hosp,2,22,quantile,0.025,40,2027-04-03
2027-03-20,wk inc flu hosp,2,22,quantile,0.05,44,2027-04-03
2027-03-20,wk inc flu hosp,2,22,quantile,0.1,51,2027-04-03
2027-03-20,wk inc flu hosp,2,22,quantile,0.15,55,2027-04-03
2027-03-20,wk inc flu hosp,2,22,quantile,0.2,58,2027-04-03
2027-03-20,wk inc flu hosp,2,22,quantile,0.25,62,2027-04-03
2027-03-20,wk inc flu hosp,2,22,quantile,0.3,65,2027-04-03
2027-03-20,wk inc flu hosp,2,22,quantile,0.35,67,2027-04-03
2027-03-20,wk inc flu hosp,2,22,quantile,0.4,72,2027-04-03
2027-03-20,wk inc flu hosp,2,22,quantile,0.45,75,2027-04-03
2027-03-20,wk inc flu hosp,2,22,quantile,0.5,78,2027-04-03
2027-03-20,wk inc flu hosp,2,22,quantile,0.55,81,2027-04-03
2027-03-20,wk inc flu hosp,2,22,quantile,0.6,86,2027-04-03
2027-03-20,wk inc flu hosp,2,22,quantile,0.65,88,2027-04-03
2027-03-20,wk inc flu hosp,2,22,quantile,0.7,90,2027-04-03
2027-03-20,wk inc flu hosp,2,22,quantile,0.75,95,2027-04-03
2027-03-20,wk inc flu hosp,2,22,quantile,0.8,103,2027-04-03
2027-03-20,wk inc flu hosp,2,22,quantile,0.85,109,2027-04-03
2027-03-20,wk inc flu hosp,2,22,quantile,0.9,115,2027-04-03
2027-03-20,wk inc flu hosp,2,22,quantile,0.95,123,2027-04-03
2027-03-20,wk inc flu hosp,2,22,quantile,0.975,139,2027-04-03
2027-03-20,wk inc flu hosp,2,22,quantile,0.99,157,2027-04-03
2027-03-20,wk inc flu hosp,2,23,quantile,0.01,14,2027-04-03
2027-03-20,wk inc flu hosp,2,23,quantile,0.025,15,2027-04-03
2027-03-20,wk inc flu hosp,2,23,quantile,0.05,17,2027-04-03
2027-03-20,wk inc flu hosp,2,23,quantile,0.1,19,2027-04-03
2027-03-20,wk inc flu hosp,2,23,quantile,0.15,21,2027-04-03
2027-03-20,wk inc flu hosp,2,23,quantile,0.2,22,2027-04-03
2027-03-20,wk inc flu hosp,2,23,quantile,0.25,22,2027-04-03
2027-03-20,wk inc flu hosp,2,23,quantile,0.3,24,2027-04-03
2027-03-20,wk inc flu hosp,2,23,quantile,0.35,25,2027-04-03
2027-03-20,wk inc flu hosp,2,23,quantile,0.4,26,2027-04-03
2027-03-20,wk inc flu hosp,2,23,quantile,0.45,28,2027-04-03
2027-03-20,wk inc flu hosp,2,23,quantile,0.5,29,2027-04-03
2027-03-20,wk inc flu hosp,2,23,quantile,0.55,30,2027-04-03
2027-03-20,wk inc flu hosp,2,23,quantile,0.6,31,2027-04-03
2027-03-20,wk inc flu hosp,2,23,quantile,0.65,33,2027-04-03
2027-03-20,wk inc flu hosp,2,23,quantile,0.7,35,2027-04-03
2027-03-20,wk inc flu hosp,2,23,quantile,0.75,36,2027-04-03
2027-03-20,wk inc flu hosp,2,23,quantile,0.8,39,2027-04-03
2027-03-20,wk inc flu hosp,2,23,quantile,0.85,42,2027-04-03
2027-03-20,wk inc flu hosp,2,23,quantile,0.9,45,2027-04-03
2027-03-20,wk inc flu hosp,2,23,quantile,0.95,49,2027-04-03
2027-03-20,wk inc flu hosp,2,23,quantile,0.975,55,2027-04-03
2027-03-20,wk inc flu hosp,2,23,quantile,0.99,59,2027-04-03
2027-03-20,wk inc flu hosp,2,24,quantile,0.01,35,2027-04-03
2027-03-20,wk inc flu hosp,2,24,quantile,0.025,38,2027-04-03
2027-03-20,wk inc flu hosp,2,24,quantile,0.05,41,2027-04-03
2027-03-20,wk inc flu hosp,2,24,quantile,0.1,46,2027-04-03
2027-03-20,wk inc flu hosp,2,24,quantile,0.15,51,2027-04-03
2027-03-20,wk inc flu hosp,2,24,quantile,0.2,53,2027-04-03
2027-03-20,wk inc flu hosp,2,24,quantile,0.25,57,2027-04-03
2027-03-20,wk inc flu hosp,2,24,quantile,0.3,61,2027-04-03
2027-03-20,wk inc flu hosp,2,24,quantile,0.35,64,2027-04-03
2027-03-20,wk inc flu hosp,2,24,quantile,0.4,66,2027-04-03
2027-03-20,wk inc flu hosp,2,24,quantile,0.45,70,2027-04-03
2027-03-20,wk inc flu hosp,2,24,quantile,0.5,74,2027-04-03
2027-03-20,wk inc flu hosp,2,24,quantile,0.55,76,2027-04-03
2027-03-20,wk inc flu hosp,2,24,quantile,0.6,79,2027-04-03
2027-03-20,wk inc flu hosp,2,24,quantile,0.65,82,2027-04-03
2027-03-20,wk inc flu hosp,2,24,quantile,0.7,86,2027-04-03
2027-03-20,wk inc flu hosp,2,24,quantile,0.75,91,2027-04-03
2027-03-20,wk inc flu hosp,2,24,quantile,0.8,94,2027-04-03
2027-03-20,wk inc flu hosp,2,24,quantile,0.85,104,2027-04-03
2027-03-20,wk inc flu hosp,2,24,quantile,0.9,115,2027-04-03
2027-03-20,wk inc flu hosp,2,24,quantile,0.95,135,2027-04-03
2027-03-20,wk inc flu hosp,2,24,quantile,0.975,145,2027-04-03
2027-03-20,wk inc flu hosp,2,24,quantile,0.99,160,2027-04-03
2027-03-20,wk inc flu hosp,2,25,quantile,0.01,47,2027-04-03
2027-03-20,wk inc flu hosp,2,25,quantile,0.025,63,2027-04-03
2027-03-20,wk inc flu hosp,2,25,quantile,0.05,66,2027-04-03
2027-03-20,wk inc flu hosp,2,25,quantile,0.1,76,2027-04-03
2027-03-20,wk inc flu hosp,2,25,quantile,0.15,80,2027-04-03
2027-03-20,wk inc flu hosp,2,25,quantile,0.2,85,2027-04-03
2027-03-20,wk inc flu hosp,2,25,quantile,0.25,89,2027-04-03
2027-03-20,wk inc flu hosp,2,25,quantile,0.3,95,2027-04-03
2027-03-20,wk inc flu hosp,2,25,quantile,0.35,98,2027-04-03
2027-03-20,wk inc flu hosp,2,25,quantile,0.4,103,2027-04-03
2027-03-20,wk inc flu hosp,2,25,quantile,0.45,106,2027-04-03
2027-03-20,wk inc flu hosp,2,25,quantile,0.5,109,2027-04-03
2027-03-20,wk inc flu hosp,2,25,quantile,0.55,113,2027-04-03
2027-03-20,wk inc flu hosp,2,25,quantile,0.6,116,2027-04-03
2027-03-20,wk inc flu hosp,2,25,quantile,0.65,121,2027-04-03
2027-03-20,wk inc flu hosp,2,25,quantile,0.7,123,2027-04-03
2027-03-20,wk inc flu hosp,2,25,quantile,0.75,131,2027-04-03
2027-03-20,wk inc flu hosp,2,25,quantile,0.8,135,2027-04-03
2027-03-20,wk inc flu hosp,2,25,quantile,0.85,140,2027-04-03
2027-03-20,wk inc flu hosp,2,25,quantile,0.9,143,2027-04-03
2027-03-20,wk inc flu hosp,2,25,quantile,0.95,153,2027-04-03
2027-03-20,wk inc flu hosp,2,25,quantile,0.975,173,2027-04-03
2027-03-20,wk inc flu hosp,2,25,quantile,0.99,177,2027-04-03
2027-03-20,wk inc flu hosp,2,26,quantile,0.01,169,2027-04-03
2027-03-20,wk inc flu hosp,2,26,quantile,0.025,174,2027-04-03
2027-03-20,wk inc flu hosp,2,26,quantile,0.05,189,2027-04-03
2027-03-20,wk inc flu hosp,2,26,quantile,0.1,211,2027-04-03
2027-03-20,wk inc flu hosp,2,26,quantile,0.15,222,2027-04-03
2027-03-20,wk inc flu hosp,2,26,quantile,0.2,241,2027-04-03
2027-03-20,wk inc flu hosp,2,26,quantile,0.25,258,2027-04-03
2027-03-20,wk inc flu hosp,2,26,quantile,0.3,269,2027-04-03
2027-03-20,wk inc flu hosp,2,26,quantile,0.35,284,2027-04-03
2027-03-20,wk inc flu hosp,2,26,quantile,0.4,292,2027-04-03
2027-03-20,wk inc flu hosp,2,26,quantile,0.45,300,2027-04-03
2027-03-20,wk inc flu hosp,2,26,quantile,0.5,310,2027-04-03
2027-03-20,wk inc flu hosp,2,26,quantile,0.55,315,2027-04-03
2027-03-20,wk inc flu hosp,2,26,quantile,0.6,324,2027-04-03
2027-03-20,wk inc flu hosp,2,26,quantile,0.65,331,2027-04-03
2027-03-20,wk inc flu hosp,2,26,quantile,0.7,339,2027-04-03
2027-03-20,wk inc flu hosp,2,26,quantile,0.75,360,2027-04-03
2027-03-20,wk inc flu hosp,2,26,quantile,0.8,384,2027-04-03
2027-03-20,wk inc flu hosp,2,26,quantile,0.85,392,2027-04-03
2027-03-20,wk inc flu hosp,2,26,quantile,0.9,436,2027-04-03
2027-03-20,wk inc flu hosp,2,26,quantile,0.95,471,2027-04-03
2027-03-20,wk inc flu hosp,2,26,quantile,0.975,523,2027-04-03
2027-03-20,wk inc flu hosp,2,26,quantile,0.99,609,2027-04-03
2027-03-20,wk inc flu hosp,2,27,quantile,0.01,32,2027-04-03
2027-03-20,wk inc flu hosp,2,27,quantile,0.025,39,2027-04-03
2027-03-20,wk inc flu hosp,2,27,quantile,0.05,42,2027-04-03
2027-03-20,wk inc flu hosp,2,27,quantile,0.1,47,2027-04-03
2027-03-20,wk inc flu hosp,2,27,quantile,0.15,51,2027-04-03
2027-03-20,wk inc flu hosp,2,27,quantile,0.2,56,2027-04-03
2027-03-20,wk inc flu hosp,2,27,quantile,0.25,61,2027-04-03
2027-03-20,wk inc flu hosp,2,27,quantile,0.3,64,2027-04-03
2027-03-20,wk inc flu hosp,2,27,quantile,0.35,66,2027-04-03
2027-03-20,wk inc flu hosp,2,27,quantile,0.4,69,2027-04-03
2027-03-20,wk inc flu hosp,2,27,quantile,0.45,72,2027-04-03
2027-03-20,wk inc flu hosp,2,27,quantile,0.5,73,2027-04-03
2027-03-20,wk inc flu hosp,2,27,quantile,0.55,78,2027-04-03
2027-03-20,wk inc flu hosp,2,27,quantile,0.6,82,2027-04-03
2027-03-20,wk inc flu hosp,2,27,quantile,0.65,86,2027-04-03
2027-03-20,wk inc flu hosp,2,27,quantile,0.7,91,2027-04-03
2027-03-20,wk inc flu hosp,2,27,quantile,0.75,94,2027-04-03
2027-03-20,wk inc flu hosp,2,27,quantile,0.8,98,2027-04-03
2027-03-20,wk inc flu hosp,2,27,quantile,0.85,106,2027-04-03
2027-03-20,wk inc flu hosp,2,27,quantile,0.9,111,2027-04-03
2027-03-20,wk inc flu hosp,2,27,quantile,0.95,127,2027-04-03
2027-03-20,wk inc flu hosp,2,27,quantile,0.975,148,2027-04-03
2027-03-20,wk inc flu hosp,2,27,quantile,0.99,175,2027-04-03
2027-03-20,wk inc flu hosp,2,28,quantile,0.01,18,2027-04-03
2027-03-20,wk inc flu hosp,2,28,quantile,0.025,20,2027-04-03
2027-03-20,wk inc flu hosp,2,28,quantile,0.05,21,2027-04-03
2027-03-20,wk inc flu hosp,2,28,quantile,0.1,25,2027-04-03
2027-03-20,wk inc flu hosp,2,28,quantile,0.15,26,2027-04-03
2027-03-20,wk inc flu hosp,2,28,quantile,0.2,28,2027-04-03
2027-03-20,wk inc flu hosp,2,28,quantile,0.25,30,2027-04-03
2027-03-20,wk inc flu hosp,2,28,quantile,0.3,32,2027-04-03
2027-03-20,wk inc flu hosp,2,28,quantile,0.35,34,2027-04-03
2027-03-20,wk inc flu hosp,2,28,quantile,0.4,36,2027-04-03
2027-03-20,wk inc flu hosp,2,28,quantile,0.45,38,2027-04-03
2027-03-20,wk inc flu hosp,2,28,quantile,0.5,39,2027-04-03
2027-03-20,wk inc flu hosp,2,28,quantile,0.55,40,2027-04-03
2027-03-20,wk inc flu hosp,2,28,quantile,0.6,43,2027-04-03
2027-03-20,wk inc flu hosp,2,28,quantile,0.65,46,2027-04-03
2027-03-20,wk inc flu hosp,2,28,quantile,0.7,47,2027-04-03
2027-03-20,wk inc flu hosp,2,28,quantile,0.75,52,2027-04-03
2027-03-20,wk inc flu hosp,2,28,quantile,0.8,56,2027-04-03
2027-03-20,wk inc flu hosp,2,28,quantile,0.85,60,2027-04-03
2027-03-20,wk inc flu hosp,2,28,quantile,0.9,63,2027-04-03
2027-03-20,wk inc flu hosp,2,28,quantile,0.95,70,2027-04-03
2027-03-20,wk inc flu hosp,2,28,quantile,0.975,74,2027-04-03
2027-03-20,wk inc flu hosp,2,28,quantile,0.99,83,2027-04-03
2027-03-20,wk inc flu hosp,2,29,quantile,0.01,66,2027-04-03
2027-03-20,wk inc flu hosp,2,29,quantile,0.025,68,2027-04-03
2027-03-20,wk inc flu hosp,2,29,quantile,0.05,71,2027-04-03
2027-03-20,wk inc flu hosp,2,29,quantile,0.1,77,2027-04-03
2027-03-20,wk inc flu hosp,2,29,quantile,0.15,82,2027-04-03
2027-03-20,wk inc flu hosp,2,29,quantile,0.2,85,2027-04-03
2027-03-20,wk inc flu hosp,2,29,quantile,0.25,88,2027-04-03
2027-03-20,wk inc flu hosp,2,29,quantile,0.3,91,2027-04-03
2027-03-20,wk inc flu hosp,2,29,quantile,0.35,95,2027-04-03
2027-03-20,wk inc flu hosp,2,29,quantile,0.4,98,2027-04-03
2027-03-20,wk inc flu hosp,2,29,quantile,0.45,100,2027-04-03
2027-03-20,wk inc flu hosp,2,29,quantile,0.5,103,2027-04-03
2027-03-20,wk inc flu hosp,2,29,quantile,0.55,107,2027-04-03
2027-03-20,wk inc flu hosp,2,29,quantile,0.6,111,2027-04-03
2027-03-20,wk inc flu hosp,2,29,quantile,0.65,114,2027-04-03
2027-03-20,wk inc flu hosp,2,29,quantile,0.7,117,2027-04-03
2027-03-20,wk inc flu hosp,2,29,quantile,0.75,120,2027-04-03
2027-03-20,wk inc flu hosp,2,29,quantile,0.8,126,2027-04-03
2027-03-20,wk inc flu hosp,2,29,quantile,0.85,130,2027-04-03
2027-03-20,wk inc flu hosp,2,29,quantile,0.9,138,2027-04-03
2027-03-20,wk inc flu hosp,2,29,quantile,0.95,148,2027-04-03
2027-03-20,wk inc flu hosp,2,29,quantile,0.975,161,2027-04-03
2027-03-20,wk inc flu hosp,2,29,quantile,0.99,175,2027-04-03
2027-03-20,wk inc flu hosp,2,30,quantile,0.01,15,2027-04-03
2027-03-20,wk inc flu hosp,2,30,quantile,0.025,18,2027-04-03
2027-03-20,wk inc flu hosp,2,30,quantile,0.05,18,2027-04-03
2027-03-20,wk inc flu hosp,2,30,quantile,0.1,20,2027-04-03
2027-03-20,wk inc flu hosp,2,30,quantile,0.15,22,2027-04-03
2027-03-20,wk inc flu hosp,2,30,quantile,0.2,24,2027-04-03
2027-03-20,wk inc flu hosp,2,30,quantile,0.25,27,2027-04-03
2027-03-20,wk inc flu hosp,2,30,quantile,0.3,29,2027-04-03
2027-03-20,wk inc flu hosp,2,30,quantile,0.35,31,2027-04-03
2027-03-20,wk inc flu hosp,2,30,quantile,0.4,33,2027-04-03
2027-03-20,wk inc flu hosp,2,30,quantile,0.45,34,2027-04-03
2027-03-20,wk inc flu hosp,2,30,quantile,0.5,36,2027-04-03
2027-03-20,wk inc flu hosp,2,30,quantile,0.55,38,2027-04-03
2027-03-20,wk inc flu hosp,2,30,quantile,0.6,41,2027-04-03
2027-03-20,wk inc flu hosp,2,30,quantile,0.65,44,2027-04-03
2027-03-20,wk inc flu hosp,2,30,quantile,0.7,46,2027-04-03
2027-03-20,wk inc flu hosp,2,30,quantile,0.75,48,2027-04-03
2027-03-20,wk inc flu hosp,2,30,quantile,0.8,51,2027-04-03
2027-03-20,wk inc flu hosp,2,30,quantile,0.85,56,2027-04-03
2027-03-20,wk inc flu hosp,2,30,quantile,0.9,59,2027-04-03
2027-03-20,wk inc flu hosp,2,30,quantile,0.95,67,2027-04-03
2027-03-20,wk inc flu hosp,2,30,quantile,0.975,84,2027-04-03
2027-03-20,wk inc flu hosp,2,30,quantile,0.99,87,2027-04-03
2027-03-20,wk inc flu hosp,2,31,quantile,0.01,8,2027-04-03
2027-03-20,wk inc flu hosp,2,31,quantile,0.025,10,2027-04-03
2027-03-20,wk inc flu hosp,2,31,quantile,0.05,11,2027-04-03
2027-03-20,wk inc flu hosp,2,31,quantile,0.1,14,2027-04-03
2027-03-20,wk inc flu hosp,2,31,quantile,0.15,15,2027-04-03
2027-03-20,wk inc flu hosp,2,31,quantile,0.2,16,2027-04-03
2027-03-20,wk inc flu hosp,2,31,quantile,0.25,17,2027-04-03
2027-03-20,wk inc flu hosp,2,31,quantile,0.3,19,2027-04-03
2027-03-20,wk inc flu hosp,2,31,quantile,0.35,20,2027-04-03
2027-03-20,wk inc flu hosp,2,31,quantile,0.4,21,2027-04-03
2027-03-20,wk inc flu hosp,2,31,quantile,0.45,22,2027-04-03
2027-03-20,wk inc flu hosp,2,31,quantile,0.5,22,2027-04-03
2027-03-20,wk inc flu hosp,2,31,quantile,0.55,23,2027-04-03
2027-03-20,wk inc flu hosp,2,31,quantile,0.6,24,2027-04-03
2027-03-20,wk inc flu hosp,2,31,quantile,0.65,24,2027-04-03
2027-03-20,wk inc flu hosp,2,31,quantile,0.7,25,2027-04-03
2027-03-20,wk inc flu hosp,2,31,quantile,0.75,27,2027-04-03
2027-03-20,wk inc flu hosp,2,31,quantile,0.8,28,2027-04-03
2027-03-20,wk inc flu hosp,2,31,quantile,0.85,30,2027-04-03
2027-03-20,wk inc flu hosp,2,31,quantile,0.9,32,2027-04-03
2027-03-20,wk inc flu hosp,2,31,quantile,0.95,37,2027-04-03
2027-03-20,wk inc flu hosp,2,31,quantile,0.975,40,2027-04-03
2027-03-20,wk inc flu hosp,2,31,quantile,0.99,43,2027-04-03
2027-03-20,wk inc flu hosp,2,32,quantile,0.01,26,2027-04-03
2027-03-20,wk inc flu hosp,2,32,quantile,0.025,27,2027-04-03
2027-03-20,wk inc flu hosp,2,32,quantile,0.05,30,2027-04-03
2027-03-20,wk inc flu hosp,2,32,quantile,0.1,34,2027-04-03
2027-03-20,wk inc flu hosp,2,32,quantile,0.15,37,2027-04-03
2027-03-20,wk inc flu hosp,2,32,quantile,0.2,40,2027-04-03
2027-03-20,wk inc flu hosp,2,32,quantile,0.25,41,2027-04-03
2027-03-20,wk inc flu hosp,2,32,quantile,0.3,43,2027-04-03
2027-03-20,wk inc flu hosp,2,32,quantile,0.35,44,2027-04-03
2027-03-20,wk inc flu hosp,2,32,quantile,0.4,46,2027-04-03
2027-03-20,wk inc flu hosp,2,32,quantile,0.45,48,2027-04-03
2027-03-20,wk inc flu hosp,2,32,quantile,0.5,49,2027-04-03
2027-03-20,wk inc flu hosp,2,32,quantile,0.55,51,2027-04-03
2027-03-20,wk inc flu hosp,2,32,quantile,0.6,53,2027-04-03
2027-03-20,wk inc flu hosp,2,32,quantile,0.65,59,2027-04-03
2027-03-20,wk inc flu hosp,2,32,quantile,0.7,60,2027-04-03
2027-03-20,wk inc flu hosp,2,32,quantile,0.75,66,2027-04-03
2027-03-20,wk inc flu hosp,2,32,quantile,0.8,70,2027-04-03
2027-03-20,wk inc flu hosp,2,32,quantile,0.85,78,2027-04-03
2027-03-20,wk inc flu hosp,2,32,quantile,0.9,84,2027-04-03
2027-03-20,wk inc flu hosp,2,32,quantile,0.95,92,2027-04-03
2027-03-20,wk inc flu hosp,2,32,quantile,0.975,100,2027-04-03
2027-03-20,wk inc flu hosp,2,32,quantile,0.99,108,2027-04-03
2027-03-20,wk inc flu hosp,2,33,quantile,0.01,7,2027-04-03
2027-03-20,wk inc flu hosp,2,33,quantile,0.025,9,2027-04-03
2027-03-20,wk inc flu hosp,2,33,quantile,0.05,10,2027-04-03
2027-03-20,wk inc flu hosp,2,33,quantile,0.1,12,2027-04-03
2027-03-20,wk inc flu hosp,2,33,quantile,0.15,13,2027-04-03
2027-03-20,wk inc flu hosp,2,33,quantile,0.2,15,2027-04-03
2027-03-20,wk inc flu hosp,2,33,quantile,0.25,17,2027-04-03
2027-03-20,wk inc flu hosp,2,33,quantile,0.3,18,2027-04-03
2027-03-20,wk inc flu hosp,2,33,quantile,0.35,20,2027-04-03
2027-03-20,wk inc flu hosp,2,33,quantile,0.4,20,2027-04-03
2027-03-20,wk inc flu hosp,2,33,quantile,0.45,22,2027-04-03
2027-03-20,wk inc flu hosp,2,33,quantile,0.5,23,2027-04-03
2027-03-20,wk inc flu hosp,2,33,quantile,0.55,24,2027-04-03
2027-03-20,wk inc flu hosp,2,33,quantile,0.6,26,2027-04-03
2027-03-20,wk inc flu hosp,2,33,quantile,0.65,27,2027-04-03
2027-03-20,wk inc flu hosp,2,33,quantile,0.7,28,2027-04-03
2027-03-20,wk inc flu hosp,2,33,quantile,0.75,29,2027-04-03
2027-03-20,wk inc flu hosp,2,33,quantile,0.8,31,2027-04-03
2027-03-20,wk inc flu hosp,2,33,quantile,0.85,33,2027-04-03
2027-03-20,wk inc flu hosp,2,33,quantile,0.9,36,2027-04-03
2027-03-20,wk inc flu hosp,2,33,quantile,0.95,39,2027-04-03
2027-03-20,wk inc flu hosp,2,33,quantile,0.975,43,2027-04-03
2027-03-20,wk inc flu hosp,2,33,quantile,0.99,47,2027-04-03
2027-03-20,wk inc flu hosp,2,34,quantile,0.01,72,2027-04-03
2027-03-20,wk inc flu hosp,2,34,quantile,0.025,87,2027-04-03
2027-03-20,wk inc flu hosp,2,34,quantile,0.05,89,2027-04-03
2027-03-20,wk inc flu hosp,2,34,quantile,0.1,102,2027-04-03
2027-03-20,wk inc flu hosp,2,34,quantile,0.15,113,2027-04-03
2027-03-20,wk inc flu hosp,2,34,quantile,0.2,121,2027-04-03
2027-03-20,wk inc flu hosp,2,34,quantile,0.25,124,2027-04-03
2027-03-20,wk inc flu hosp,2,34,quantile,0.3,127,2027-04-03
2027-03-20,wk inc flu hosp,2,34,quantile,0.35,133,2027-04-03
2027-03-20,wk inc flu hosp,2,34,quantile,0.4,138,2027-04-03
2027-03-20,wk inc flu hosp,2,34,quantile,0.45,142,2027-04-03
2027-03-20,wk inc flu hosp,2,34,quantile,0.5,151,2027-04-03
2027-03-20,wk inc flu hosp,2,34,quantile,0.55,159,2027-04-03
2027-03-20,wk inc flu hosp,2,34,quantile,0.6,163,2027-04-03
2027-03-20,wk inc flu hosp,2,34,quantile,0.65,173,2027-04-03
2027-03-20,wk inc flu hosp,2,34,quantile,0.7,179,2027-04-03
2027-03-20,wk inc flu hosp,2,34,quantile,0.75,184,2027-04-03
2027-03-20,wk inc flu hosp,2,34,quantile,0.8,192,2027-04-03
2027-03-20,wk inc flu hosp,2,34,quantile,0.85,204,2027-04-03
2027-03-20,wk inc flu hosp,2,34,quantile,0.9,227,2027-04-03
2027-03-20,wk inc flu hosp,2,34,quantile,0.95,245,2027-04-03
2027-03-20,wk inc flu hosp,2,34,quantile,0.975,257,2027-04-03
2027-03-20,wk inc flu hosp,2,34,quantile,0.99,278,2027-04-03
2027-03-20,wk inc flu hosp,2,35,quantile,0.01,17,2027-04-03
2027-03-20,wk inc flu hosp,2,35,quantile,0.025,19,2027-04-03
2027-03-20,wk inc flu hosp,2,35,quantile,0.05,20,2027-04-03
2027-03-20,wk inc flu hosp,2,35,quantile,0.1,22,2027-04-03
2027-03-20,wk inc flu hosp,2,35,quantile,0.15,25,2027-04-03
2027-03-20,wk inc flu hosp,2,35,quantile,0.2,27,2027-04-03
2027-03-20,wk inc flu hosp,2,35,quantile,0.25,28,2027-04-03
2027-03-20,wk inc flu hosp,2,35,quantile,0.3,30,2027-04-03
2027-03-20,wk inc flu hosp,2,35,quantile,0.35,31,2027-04-03
2027-03-20,wk inc flu hosp,2,35,quantile,0.4,32,2027-04-03
2027-03-20,wk inc flu hosp,2,35,quantile,0.45,35,2027-04-03
2027-03-20,wk inc flu hosp,2,35,quantile,0.5,36,2027-04-03
2027-03-20,wk inc flu hosp,2,35,quantile,0.55,37,2027-04-03
2027-03-20,wk inc flu hosp,2,35,quantile,0.6,40,2027-04-03
2027-03-20,wk inc flu hosp,2,35,quantile,0.65,41,2027-04-03
2027-03-20,wk inc flu hosp,2,35,quantile,0.7,42,2027-04-03
2027-03-20,wk inc flu hosp,2,35,quantile,0.75,44,2027-04-03
2027-03-20,wk inc flu hosp,2,35,quantile,0.8,45,2027-04-03
2027-03-20,wk inc flu hosp,2,35,quantile,0.85,50,2027-04-03
2027-03-20,wk inc flu hosp,2,35,quantile,0.9,55,2027-04-03
2027-03-20,wk inc flu hosp,2,35,quantile,0.95,64,2027-04-03
2027-03-20,wk inc flu hosp,2,35,quantile,0.975,67,2027-04-03
2027-03-20,wk inc flu hosp,2,35,quantile,0.99,70,2027-04-03
2027-03-20,wk inc flu hosp,2,36,quantile,0.01,230,2027-04-03
2027-03-20,wk inc flu hosp,2,36,quantile,0.025,234,2027-04-03
2027-03-20,wk inc flu hosp,2,36,quantile,0.05,243,2027-04-03
2027-03-20,wk inc flu hosp,2,36,quantile,0.1,274,2027-04-03
2027-03-20,wk inc flu hosp,2,36,quantile,0.15,289,2027-04-03
2027-03-20,wk inc flu hosp,2,36,quantile,0.2,305,2027-04-03
2027-03-20,wk inc flu hosp,2,36,quantile,0.25,316,2027-04-03
2027-03-20,wk inc flu hosp,2,36,quantile,0.3,322,2027-04-03
2027-03-20,wk inc flu hosp,2,36,quantile,0.35,331,2027-04-03
2027-03-20,wk inc flu hosp,2,36,quantile,0.4,343,2027-04-03
2027-03-20,wk inc flu hosp,2,36,quantile,0.45,360,2027-04-03
2027-03-20,wk inc flu hosp,2,36,quantile,0.5,367,2027-04-03
2027-03-20,wk inc flu hosp,2,36,quantile,0.55,377,2027-04-03
2027-03-20,wk inc flu hosp,2,36,quantile,0.6,393,2027-04-03
2027-03-20,wk inc flu hosp,2,36,quantile,0.65,405,2027-04-03
2027-03-20,wk inc flu hosp,2,36,quantile,0.7,427,2027-04-03
2027-03-20,wk inc flu hosp,2,36,quantile,0.75,443,2027-04-03
2027-03-20,wk inc flu hosp,2,36,quantile,0.8,464,2027-04-03
2027-03-20,wk inc flu hosp,2,36,quantile,0.85,497,2027-04-03
2027-03-20,wk inc flu hosp,2,36,quantile,0.9,528,2027-04-03
2027-03-20,wk inc flu hosp,2,36,quantile,0.95,595,2027-04-03
2027-03-20,wk inc flu hosp,2,36,quantile,0.975,688,2027-04-03
2027-03-20,wk inc flu hosp,2,36,quantile,0.99,743,2027-04-03
2027-03-20,wk inc flu hosp,2,37,quantile,0.01,50,2027-04-03
2027-03-20,wk inc flu hosp,2,37,quantile,0.025,53,2027-04-03
2027-03-20,wk inc flu hosp,2,37,quantile,0.05,59,2027-04-03
2027-03-20,wk inc flu hosp,2,37,quantile,0.1,65,2027-04-03
2027-03-20,wk inc flu hosp,2,37,quantile,0.15,68,2027-04-03
2027-03-20,wk inc flu hosp,2,37,quantile,0.2,72,2027-04-03
2027-03-20,wk inc flu hosp,2,37,quantile,0.25,76,2027-04-03
2027-03-20,wk inc flu hosp,2,37,quantile,0.3,80,2027-04-03
2027-03-20,wk inc flu hosp,2,37,quantile,0.35,83,2027-04-03
2027-03-20,wk inc flu hosp,2,37,quantile,0.4,87,2027-04-03
2027-03-20,wk inc flu hosp,2,37,quantile,0.45,90,2027-04-03
2027-03-20,wk inc flu hosp,2,37,quantile,0.5,92,2027-04-03
2027-03-20,wk inc flu hosp,2,37,quantile,0.55,98,2027-04-03
2027-03-20,wk inc flu hosp,2,37,quantile,0.6,102,2027-04-03
2027-03-20,wk inc flu hosp,2,37,quantile,0.65,104,2027-04-03
2027-03-20,wk inc flu hosp,2,37,quantile,0.7,108,2027-04-03
2027-03-20,wk inc flu hosp,2,37,quantile,0.75,111,2027-04-03
2027-03-20,wk inc flu hosp,2,37,quantile,0.8,115,2027-04-03
2027-03-20,wk inc flu hosp,2,37,quantile,0.85,122,2027-04-03
2027-03-20,wk inc flu hosp,2,37,quantile,0.9,134,2027-04-03
2027-03-20,wk inc flu hosp,2,37,quantile,0.95,149,2027-04-03
2027-03-20,wk inc flu hosp,2,37,quantile,0.975,175,2027-04-03
2027-03-20,wk inc flu hosp,2,37,quantile,0.99,188,2027-04-03
2027-03-20,wk inc flu hosp,2,38,quantile,0.01,15,2027-04-03
2027-03-20,wk inc flu hosp,2,38,quantile,0.025,16,2027-04-03
2027-03-20,wk inc flu hosp,2,38,quantile,0.05,18,2027-04-03
2027-03-20,wk inc flu hosp,2,38,quantile,0.1,20,2027-04-03
2027-03-20,wk inc flu hosp,2,38,quantile,0.15,22,2027-04-03
2027-03-20,wk inc flu hosp,2,38,quantile,0.2,23,2027-04-03
2027-03-20,wk inc flu hosp,2,38,quantile,0.25,23,2027-04-03
2027-03-20,wk inc flu hosp,2,38,quantile,0.3,24,2027-04-03
2027-03-20,wk inc flu hosp,2,38,quantile,0.35,26,2027-04-03
2027-03-20,wk inc flu hosp,2,38,quantile,0.4,27,2027-04-03
2027-03-20,wk inc flu hosp,2,38,quantile,0.45,28,2027-04-03
2027-03-20,wk inc flu hosp,2,38,quantile,0.5,29,2027-04-03
2027-03-20,wk inc flu hosp,2,38,quantile,0.55,31,2027-04-03
2027-03-20,wk inc flu hosp,2,38,quantile,0.6,32,2027-04-03
2027-03-20,wk inc flu hosp,2,38,quantile,0.65,34,2027-04-03
2027-03-20,wk inc flu hosp,2,38,quantile,0.7,35,2027-04-03
2027-03-20,wk inc flu hosp,2,38,quantile,0.75,36,2027-04-03
2027-03-20,wk inc flu hosp,2,38,quantile,0.8,39,2027-04-03
2027-03-20,wk inc flu hosp,2,38,quantile,0.85,40,2027-04-03
2027-03-20,wk inc flu hosp,2,38,quantile,0.9,44,2027-04-03
2027-03-20,wk inc flu hosp,2,38,quantile,0.95,51,2027-04-03
2027-03-20,wk inc flu hosp,2,38,quantile,0.975,56,2027-04-03
2027-03-20,wk inc flu hosp,2,38,quantile,0.99,62,2027-04-03
2027-03-20,wk inc flu hosp,2,39,quantile,0.01,67,2027-04-03
2027-03-20,wk inc flu hosp,2,39,quantile,0.025,71,2027-04-03
2027-03-20,wk inc flu hosp,2,39,quantile,0.05,82,2027-04-03
2027-03-20,wk inc flu hosp,2,39,quantile,0.1,85,2027-04-03
2027-03-20,wk inc flu hosp,2,39,quantile,0.15,89,2027-04-03
2027-03-20,wk inc flu hosp,2,39,quantile,0.2,95,2027-04-03
2027-03-20,wk inc flu hosp,2,39,quantile,0.25,99,2027-04-03
2027-03-20,wk inc flu hosp,2,39,quantile,0.3,103,2027-04-03
2027-03-20,wk inc flu hosp,2,39,quantile,0.35,109,2027-04-03
2027-03-20,wk inc flu hosp,2,39,quantile,0.4,116,2027-04-03
2027-03-20,wk inc flu hosp,2,39,quantile,0.45,120,2027-04-03
2027-03-20,wk inc flu hosp,2,39,quantile,0.5,121,2027-04-03
2027-03-20,wk inc flu hosp,2,39,quantile,0.55,125,2027-04-03
2027-03-20,wk inc flu hosp,2,39,quantile,0.6,130,2027-04-03
2027-03-20,wk inc flu hosp,2,39,quantile,0.65,135,2027-04-03
2027-03-20,wk inc flu hosp,2,39,quantile,0.7,140,2027-04-03
2027-03-20,wk inc flu hosp,2,39,quantile,0.75,150,2027-04-03
2027-03-20,wk inc flu hosp,2,39,quantile,0.8,157,2027-04-03
2027-03-20,wk inc flu hosp,2,39,quantile,0.85,164,2027-04-03
2027-03-20,wk inc flu hosp,2,39,quantile,0.9,175,2027-04-03
2027-03-20,wk inc flu hosp,2,39,quantile,0.95,202,2027-04-03
2027-03-20,wk inc flu hosp,2,39,quantile,0.975,224,2027-04-03
2027-03-20,wk inc flu hosp,2,39,quantile,0.99,229,2027-04-03
2027-03-20,wk inc flu hosp,2,40,quantile,0.01,20,2027-04-03
2027-03-20,wk inc flu hosp,2,40,quantile,0.025,22,2027-04-03
2027-03-20,wk inc flu hosp,2,40,quantile,0.05,23,2027-04-03
2027-03-20,wk inc flu hosp,2,40,quantile,0.1,30,2027-04-03
2027-03-20,wk inc flu hosp,2,40,quantile,0.15,33,2027-04-03
2027-03-20,wk inc flu hosp,2,40,quantile,0.2,35,2027-04-03
2027-03-20,wk inc flu hosp,2,40,quantile,0.25,36,2027-04-03
2027-03-20,wk inc flu hosp,2,40,quantile,0.3,39,2027-04-03
2027-03-20,wk inc flu hosp,2,40,quantile,0.35,41,2027-04-03
2027-03-20,wk inc flu hosp,2,40,quantile,0.4,43,2027-04-03
2027-03-20,wk inc flu hosp,2,40,quantile,0.45,45,2027-04-03
2027-03-20,wk inc flu hosp,2,40,quantile,0.5,46,2027-04-03
2027-03-20,wk inc flu hosp,2,40,quantile,0.55,48,2027-04-03
2027-03-20,wk inc flu hosp,2,40,quantile,0.6,49,2027-04-03
2027-03-20,wk inc flu hosp,2,40,quantile,0.65,51,2027-04-03
2027-03-20,wk inc flu hosp,2,40,quantile,0.7,53,2027-04-03
2027-03-20,wk inc flu hosp,2,40,quantile,0.75,56,2027-04-03
2027-03-20,wk inc flu hosp,2,40,quantile,0.8,59,2027-04-03
2027-03-20,wk inc flu hosp,2,40,quantile,0.85,62,2027-04-03
2027-03-20,wk inc flu hosp,2,40,quantile,0.9,66,2027-04-03
2027-03-20,wk inc flu hosp,2,40,quantile,0.95,76,2027-04-03
2027-03-20,wk inc flu hosp,2,40,quantile,0.975,84,2027-04-03
2027-03-20,wk inc flu hosp,2,40,quantile,0.99,88,2027-04-03
2027-03-20,wk inc flu hosp,2,41,quantile,0.01,19,2027-04-03
2027-03-20,wk inc flu hosp,2,41,quantile,0.025,22,2027-04-03
2027-03-20,wk inc flu hosp,2,41,quantile,0.05,24,2027-04-03
2027-03-20,wk inc flu hosp,2,41,quantile,0.1,27,2027-04-03
2027-03-20,wk inc flu hosp,2,41,quantile,0.15,30,2027-04-03
2027-03-20,wk inc flu hosp,2,41,quantile,0.2,35,2027-04-03
2027-03-20,wk inc flu hosp,2,41,quantile,0.25,37,2027-04-03
2027-03-20,wk inc flu hosp,2,41,quantile,0.3,40,2027-04-03
2027-03-20,wk inc flu hosp,2,41,quantile,0.35,42,2027-04-03
2027-03-20,wk inc flu hosp,2,41,quantile,0.4,43,2027-04-03
2027-03-20,wk inc flu hosp,2,41,quantile,0.45,45,2027-04-03
2027-03-20,wk inc flu hosp,2,41,quantile,0.5,46,2027-04-03
2027-03-20,wk inc flu hosp,2,41,quantile,0.55,47,2027-04-03
2027-03-20,wk inc flu hosp,2,41,quantile,0.6,48,2027-04-03
2027-03-20,wk inc flu hosp,2,41,quantile,0.65,51,2027-04-03
2027-03-20,wk inc flu hosp,2,41,quantile,0.7,52,2027-04-03
2027-03-20,wk inc flu hosp,2,41,quantile,0.75,54,2027-04-03
2027-03-20,wk inc flu hosp,2,41,quantile,0.8,57,2027-04-03
2027-03-20,wk inc flu hosp,2,41,quantile,0.85,61,2027-04-03
2027-03-20,wk inc flu hosp,2,41,quantile,0.9,65,2027-04-03
2027-03-20,wk inc flu hosp,2,41,quantile,0.95,77,2027-04-03
2027-03-20,wk inc flu hosp,2,41,quantile,0.975,81,2027-04-03
2027-03-20,wk inc flu hosp,2,41,quantile,0.99,93,2027-04-03
2027-03-20,wk inc flu hosp,2,42,quantile,0.01,294,2027-04-03
2027-03-20,wk inc flu hosp,2,42,quantile,0.025,306,2027-04-03
2027-03-20,wk inc flu hosp,2,42,quantile,0.05,319,2027-04-03
2027-03-20,wk inc flu hosp,2,42,quantile,0.1,357,2027-04-03
2027-03-20,wk inc flu hosp,2,42,quantile,0.15,388,2027-04-03
2027-03-20,wk inc flu hosp,2,42,quantile,0.2,405,2027-04-03
2027-03-20,wk inc flu hosp,2,42,quantile,0.25,412,2027-04-03
2027-03-20,wk inc flu hosp,2,42,quantile,0.3,424,2027-04-03
2027-03-20,wk inc flu hosp,2,42,quantile,0.35,437,2027-04-03
2027-03-20,wk inc flu hosp,2,42,quantile,0.4,451,2027-04-03
2027-03-20,wk inc flu hosp,2,42,quantile,0.45,467,2027-04-03
2027-03-20,wk inc flu hosp,2,42,quantile,0.5,485,2027-04-03
2027-03-20,wk inc flu hosp,2,42,quantile,0.55,499,2027-04-03
2027-03-20,wk inc flu hosp,2,42,quantile,0.6,512,2027-04-03
2027-03-20,wk inc flu hosp,2,42,quantile,0.65,523,2027-04-03
2027-03-20,wk inc flu hosp,2,42,quantile,0.7,542,2027-04-03
2027-03-20,wk inc flu hosp,2,42,quantile,0.75,562,2027-04-03
2027-03-20,wk inc flu hosp,2,42,quantile,0.8,589,2027-04-03
2027-03-20,wk inc flu hosp,2,42,quantile,0.85,603,2027-04-03
2027-03-20,wk inc flu hosp,2,42,quantile,0.9,633,2027-04-03
2027-03-20,wk inc flu hosp,2,42,quantile,0.95,716,2027-04-03
2027-03-20,wk inc flu hosp,2,42,quantile,0.975,774,2027-04-03
2027-03-20,wk inc flu hosp,2,42,quantile,0.99,801,2027-04-03
2027-03-20,wk inc flu hosp,2,44,quantile,0.01,7,2027-04-03
2027-03-20,wk inc flu hosp,2,44,quantile,0.025,9,2027-04-03
2027-03-20,wk inc flu hosp,2,44,quantile,0.05,11,2027-04-03
2027-03-20,wk inc flu hosp,2,44,quantile,0.1,12,2027-04-03
2027-03-20,wk inc flu hosp,2,44,quantile,0.15,14,2027-04-03
2027-03-20,wk inc flu hosp,2,44,quantile,0.2,16,2027-04-03
2027-03-20,wk inc flu hosp,2,44,quantile,0.25,17,2027-04-03
2027-03-20,wk inc flu hosp,2,44,quantile,0.3,18,2027-04-03
2027-03-20,wk inc flu hosp,2,44,quantile,0.35,19,2027-04-03
2027-03-20,wk inc flu hosp,2,44,quantile,0.4,19,2027-04-03
2027-03-20,wk inc flu hosp,2,44,quantile,0.45,21,2027-04-03
2027-03-20,wk inc flu hosp,2,44,quantile,0.5,21,2027-04-03
2027-03-20,wk inc flu hosp,2,44,quantile,0.55,23,2027-04-03
2027-03-20,wk inc flu hosp,2,44,quantile,0.6,23,2027-04-03
2027-03-20,wk inc flu hosp,2,44,quantile,0.65,25,2027-04-03
2027-03-20,wk inc flu hosp,2,44,quantile,0.7,26,2027-04-03
2027-03-20,wk inc flu hosp,2,44,quantile,0.75,28,2027-04-03
2027-03-20,wk inc flu hosp,2,44,quantile,0.8,29,2027-04-03
2027-03-20,wk inc flu hosp,2,44,quantile,0.85,31,2027-04-03
2027-03-20,wk inc flu hosp,2,44,quantile,0.9,35,2027-04-03
2027-03-20,wk inc flu hosp,2,44,quantile,0.95,40,2027-04-03
2027-03-20,wk inc flu hosp,2,44,quantile,0.975,46,2027-04-03
2027-03-20,wk inc flu hosp,2,44,quantile,0.99,48,2027-04-03
2027-03-20,wk inc flu hosp,2,45,quantile,0.01,24,2027-04-03
2027-03-20,wk inc flu hosp,2,45,quantile,0.025,26,2027-04-03
2027-03-20,wk inc flu hosp,2,45,quantile,0.05,29,2027-04-03
2027-03-20,wk inc flu hosp,2,45,quantile,0.1,33,2027-04-03
2027-03-20,wk inc flu hosp,2,45,quantile,0.15,36,2027-04-03
2027-03-20,wk inc flu hosp,2,45,quantile,0.2,38,2027-04-03
2027-03-20,wk inc flu hosp,2,45,quantile,0.25,40,2027-04-03
2027-03-20,wk inc flu hosp,2,45,quantile,0.3,41,2027-04-03
2027-03-20,wk inc flu hosp,2,45,quantile,0.35,44,2027-04-03
2027-03-20,wk inc flu hosp,2,45,quantile,0.4,45,2027-04-03
2027-03-20,wk inc flu hosp,2,45,quantile,0.45,48,2027-04-03
2027-03-20,wk inc flu hosp,2,45,quantile,0.5,50,2027-04-03
2027-03-20,wk inc flu hosp,2,45,quantile,0.55,53,2027-04-03
2027-03-20,wk inc flu hosp,2,45,quantile,0.6,56,2027-04-03
2027-03-20,wk inc flu hosp,2,45,quantile,0.65,59,2027-04-03
2027-03-20,wk inc flu hosp,2,45,quantile,0.7,61,2027-04-03
2027-03-20,wk inc flu hosp,2,45,quantile,0.75,64,2027-04-03
2027-03-20,wk inc flu hosp,2,45,quantile,0.8,68,2027-04-03
2027-03-20,wk inc flu hosp,2,45,quantile,0.85,72,2027-04-03
2027-03-20,wk inc flu hosp,2,45,quantile,0.9,76,2027-04-03
2027-03-20,wk inc flu hosp,2,45,quantile,0.95,89,2027-04-03
2027-03-20,wk inc flu hosp,2,45,quantile,0.975,92,2027-04-03
2027-03-20,wk inc flu hosp,2,45,quantile,0.99,101,2027-04-03
2027-03-20,wk inc flu hosp,2,46,quantile,0.01,5,2027-04-03
2027-03-20,wk inc flu hosp,2,46,quantile,0.025,5,2027-04-03
2027-03-20,wk inc flu hosp,2,46,quantile,0.05,6,2027-04-03
2027-03-20,wk inc flu hosp,2,46,quantile,0.1,9,2027-04-03
2027-03-20,wk inc flu hosp,2,46,quantile,0.15,10,2027-04-03
2027-03-20,wk inc flu hosp,2,46,quantile,0.2,11,2027-04-03
2027-03-20,wk inc flu hosp,2,46,quantile,0.25,12,2027-04-03
2027-03-20,wk inc flu hosp,2,46,quantile,0.3,13,2027-04-03
2027-03-20,wk inc flu hosp,2,46,quantile,0.35,14,2027-04-03
2027-03-20,wk inc flu hosp,2,46,quantile,0.4,16,2027-04-03
2027-03-20,wk inc flu hosp,2,46,quantile,0.45,17,2027-04-03
2027-03-20,wk inc flu hosp,2,46,quantile,0.5,17,2027-04-03
2027-03-20,wk inc flu hosp,2,46,quantile,0.55,19,2027-04-03
2027-03-20,wk inc flu hosp,2,46,quantile,0.6,20,2027-04-03
2027-03-20,wk inc flu hosp,2,46,quantile,0.65,22,2027-04-03
2027-03-20,wk inc flu hosp,2,46,quantile,0.7,23,2027-04-03
2027-03-20,wk inc flu hosp,2,46,quantile,0.75,23,2027-04-03
2027-03-20,wk inc flu hosp,2,46,quantile,0.8,25,2027-04-03
2027-03-20,wk inc flu hosp,2,46,quantile,0.85,26,2027-04-03
2027-03-20,wk inc flu hosp,2,46,quantile,0.9,28,2027-04-03
2027-03-20,wk inc flu hosp,2,46,quantile,0.95,31,2027-04-03
2027-03-20,wk inc flu hosp,2,46,quantile,0.975,34,2027-04-03
2027-03-20,wk inc flu hosp,2,46,quantile,0.99,35,2027-04-03
2027-03-20,wk inc flu hosp,2,47,quantile,0.01,50,2027-04-03
2027-03-20,wk inc flu hosp,2,47,quantile,0.025,59,2027-04-03
2027-03-20,wk inc flu hosp,2,47,quantile,0.05,65,2027-04-03
2027-03-20,wk inc flu hosp,2,47,quantile,0.1,72,2027-04-03
2027-03-20,wk inc flu hosp,2,47,quantile,0.15,77,2027-04-03
2027-03-20,wk inc flu hosp,2,47,quantile,0.2,82,2027-04-03
2027-03-20,wk inc flu hosp,2,47,quantile,0.25,87,2027-04-03
2027-03-20,wk inc flu hosp,2,47,quantile,0.3,89,2027-04-03
2027-03-20,wk inc flu hosp,2,47,quantile,0.35,92,2027-04-03
2027-03-20,wk inc flu hosp,2,47,quantile,0.4,96,2027-04-03
2027-03-20,wk inc flu hosp,2,47,quantile,0.45,100,2027-04-03
2027-03-20,wk inc flu hosp,2,47,quantile,0.5,106,2027-04-03
2027-03-20,wk inc flu hosp,2,47,quantile,0.55,108,2027-04-03
2027-03-20,wk inc flu hosp,2,47,quantile,0.6,111,2027-04-03
2027-03-20,wk inc flu hosp,2,47,quantile,0.65,116,2027-04-03
2027-03-20,wk inc flu hosp,2,47,quantile,0.7,120,2027-04-03
2027-03-20,wk inc flu hosp,2,47,quantile,0.75,126,2027-04-03
2027-03-20,wk inc flu hosp,2,47,quantile,0.8,131,2027-04-03
2027-03-20,wk inc flu hosp,2,47,quantile,0.85,140,2027-04-03
2027-03-20,wk inc flu hosp,2,47,quantile,0.9,149,2027-04-03
2027-03-20,wk inc flu hosp,2,47,quantile,0.95,154,2027-04-03
2027-03-20,wk inc flu hosp,2,47,quantile,0.975,160,2027-04-03
2027-03-20,wk inc flu hosp,2,47,quantile,0.99,181,2027-04-03
2027-03-20,wk inc flu hosp,2,48,quantile,0.01,128,2027-04-03
2027-03-20,wk inc flu hosp,2,48,quantile,0.025,139,2027-04-03
2027-03-20,wk inc flu hosp,2,48,quantile,0.05,160,2027-04-03
2027-03-20,wk inc flu hosp,2,48,quantile,0.1,180,2027-04-03
2027-03-20,wk inc flu hosp,2,48,quantile,0.15,204,2027-04-03
2027-03-20,wk inc flu hosp,2,48,quantile,0.2,226,2027-04-03
2027-03-20,wk inc flu hosp,2,48,quantile,0.25,238,2027-04-03
2027-03-20,wk inc flu hosp,2,48,quantile,0.3,251,2027-04-03
2027-03-20,wk inc flu hosp,2,48,quantile,0.35,258,2027-04-03
2027-03-20,wk inc flu hosp,2,48,quantile,0.4,275,2027-04-03
2027-03-20,wk inc flu hosp,2,48,quantile,0.45,283,2027-04-03
2027-03-20,wk inc flu hosp,2,48,quantile,0.5,296,2027-04-03
2027-03-20,wk inc flu hosp,2,48,quantile,0.55,305,2027-04-03
2027-03-20,wk inc flu hosp,2,48,quantile,0.6,316,2027-04-03
2027-03-20,wk inc flu hosp,2,48,quantile,0.65,337,2027-04-03
2027-03-20,wk inc flu hosp,2,48,quantile,0.7,347,2027-04-03
2027-03-20,wk inc flu hosp,2,48,quantile,0.75,363,2027-04-03
2027-03-20,wk inc flu hosp,2,48,quantile,0.8,373,2027-04-03
2027-03-20,wk inc flu hosp,2,48,quantile,0.85,396,2027-04-03
2027-03-20,wk inc flu hosp,2,48,quantile,0.9,426,2027-04-03
2027-03-20,wk inc flu hosp,2,48,quantile,0.95,518,2027-04-03
2027-03-20,wk inc flu hosp,2,48,quantile,0.975,594,2027-04-03
2027-03-20,wk inc flu hosp,2,48,quantile,0.99,615,2027-04-03
2027-03-20,wk inc flu hosp,2,49,quantile,0.01,16,2027-04-03
2027-03-20,wk inc flu hosp,2,49,quantile,0.025,18,2027-04-03
2027-03-20,wk inc flu hosp,2,49,quantile,0.05,19,2027-04-03
2027-03-20,wk inc flu hosp,2,49,quantile,0.1,21,2027-04-03
2027-03-20,wk inc flu hosp,2,49,quantile,0.15,23,2027-04-03
2027-03-20,wk inc flu hosp,2,49,quantile,0.2,25,2027-04-03
2027-03-20,wk inc flu hosp,2,49,quantile,0.25,26,2027-04-03
2027-03-20,wk inc flu hosp,2,49,quantile,0.3,28,2027-04-03
2027-03-20,wk inc flu hosp,2,49,quantile,0.35,29,2027-04-03
2027-03-20,wk inc flu hosp,2,49,quantile,0.4,31,2027-04-03
2027-03-20,wk inc flu hosp,2,49,quantile,0.45,32,2027-04-03
2027-03-20,wk inc flu hosp,2,49,quantile,0.5,33,2027-04-03
2027-03-20,wk inc flu hosp,2,49,quantile,0.55,34,2027-04-03
2027-03-20,wk inc flu hosp,2,49,quantile,0.6,36,2027-04-03
2027-03-20,wk inc flu hosp,2,49,quantile,0.65,38,2027-04-03
2027-03-20,wk inc flu hosp,2,49,quantile,0.7,40,2027-04-03
2027-03-20,wk inc flu hosp,2,49,quantile,0.75,43,2027-04-03
2027-03-20,wk inc flu hosp,2,49,quantile,0.8,44,2027-04-03
2027-03-20,wk inc flu hosp,2,49,quantile,0.85,47,2027-04-03
2027-03-20,wk inc flu hosp,2,49,quantile,0.9,52,2027-04-03
2027-03-20,wk inc flu hosp,2,49,quantile,0.95,58,2027-04-03
2027-03-20,wk inc flu hosp,2,49,quantile,0.975,61,2027-04-03
2027-03-20,wk inc flu hosp,2,49,quantile,0.99,69,2027-04-03
2027-03-20,wk inc flu hosp,2,50,quantile,0.01,6,2027-04-03
2027-03-20,wk inc flu hosp,2,50,quantile,0.025,6,2027-04-03
2027-03-20,wk inc flu hosp,2,50,quantile,0.05,7,2027-04-03
2027-03-20,wk inc flu hosp,2,50,quantile,0.1,10,2027-04-03
2027-03-20,wk inc flu hosp,2,50,quantile,0.15,11,2027-04-03
2027-03-20,wk inc flu hosp,2,50,quantile,0.2,12,2027-04-03
2027-03-20,wk inc flu hosp,2,50,quantile,0.25,13,2027-04-03
2027-03-20,wk inc flu hosp,2,50,quantile,0.3,16,2027-04-03
2027-03-20,wk inc flu hosp,2,50,quantile,0.35,16,2027-04-03
2027-03-20,wk inc flu hosp,2,50,quantile,0.4,17,2027-04-03
2027-03-20,wk inc flu hosp,2,50,quantile,0.45,18,2027-04-03
2027-03-20,wk inc flu hosp,2,50,quantile,0.5,19,2027-04-03
2027-03-20,wk inc flu hosp,2,50,quantile,0.55,19,2027-04-03
2027-03-20,wk inc flu hosp,2,50,quantile,0.6,20,2027-04-03
2027-03-20,wk inc flu hosp,2,50,quantile,0.65,21,2027-04-03
2027-03-20,wk inc flu hosp,2,50,quantile,0.7,23,2027-04-03
2027-03-20,wk inc flu hosp,2,50,quantile,0.75,25,2027-04-03
2027-03-20,wk inc flu hosp,2,50,quantile,0.8,26,2027-04-03
2027-03-20,wk inc flu hosp,2,50,quantile,0.85,28,2027-04-03
2027-03-20,wk inc flu hosp,2,50,quantile,0.9,30,2027-04-03
2027-03-20,wk inc flu hosp,2,50,quantile,0.95,34,2027-04-03
2027-03-20,wk inc flu hosp,2,50,quantile,0.975,38,2027-04-03
2027-03-20,wk inc flu hosp,2,50,quantile,0.99,41,2027-04-03
2027-03-20,wk inc flu hosp,2,51,quantile,0.01,52,2027-04-03
2027-03-20,wk inc flu hosp,2,51,quantile,0.025,57,2027-04-03
2027-03-20,wk inc flu hosp,2,51,quantile,0.05,62,2027-04-03
2027-03-20,wk inc flu hosp,2,51,quantile,0.1,69,2027-04-03
2027-03-20,wk inc flu hosp,2,51,quantile,0.15,79,2027-04-03
2027-03-20,wk inc flu hosp,2,51,quantile,0.2,83,2027-04-03
2027-03-20,wk inc flu hosp,2,51,quantile,0.25,87,2027-04-03
2027-03-20,wk inc flu hosp,2,51,quantile,0.3,91,2027-04-03
2027-03-20,wk inc flu hosp,2,51,quantile,0.35,95,2027-04-03
2027-03-20,wk inc flu hosp,2,51,quantile,0.4,100,2027-04-03
2027-03-20,wk inc flu hosp,2,51,quantile,0.45,104,2027-04-03
2027-03-20,wk inc flu hosp,2,51,quantile,0.5,107,2027-04-03
2027-03-20,wk inc flu hosp,2,51,quantile,0.55,109,2027-04-03
2027-03-20,wk inc flu hosp,2,51,quantile,0.6,115,2027-04-03
2027-03-20,wk inc flu hosp,2,51,quantile,0.65,123,2027-04-03
2027-03-20,wk inc flu hosp,2,51,quantile,0.7,128,2027-04-03
2027-03-20,wk inc flu hosp,2,51,quantile,0.75,131,2027-04-03
2027-03-20,wk inc flu hosp,2,51,quantile,0.8,136,2027-04-03
2027-03-20,wk inc flu hosp,2,51,quantile,0.85,148,2027-04-03
2027-03-20,wk inc flu hosp,2,51,quantile,0.9,154,2027-04-03
2027-03-20,wk inc flu hosp,2,51,quantile,0.95,172,2027-04-03
2027-03-20,wk inc flu hosp,2,51,quantile,0.975,205,2027-04-03
2027-03-20,wk inc flu hosp,2,51,quantile,0.99,213,2027-04-03
2027-03-20,wk inc flu hosp,2,53,quantile,0.01,40,2027-04-03
2027-03-20,wk inc flu hosp,2,53,quantile,0.025,43,2027-04-03
2027-03-20,wk inc flu hosp,2,53,quantile,0.05,47,2027-04-03
2027-03-20,wk inc flu hosp,2,53,quantile,0.1,55,2027-04-03
2027-03-20,wk inc flu hosp,2,53,quantile,0.15,61,2027-04-03
2027-03-20,wk inc flu hosp,2,53,quantile,0.2,66,2027-04-03
2027-03-20,wk inc flu hosp,2,53,quantile,0.25,71,2027-04-03
2027-03-20,wk inc flu hosp,2,53,quantile,0.3,73,2027-04-03
2027-03-20,wk inc flu hosp,2,53,quantile,0.35,76,2027-04-03
2027-03-20,wk inc flu hosp,2,53,quantile,0.4,78,2027-04-03
2027-03-20,wk inc flu hosp,2,53,quantile,0.45,82,2027-04-03
2027-03-20,wk inc flu hosp,2,53,quantile,0.5,84,2027-04-03
2027-03-20,wk inc flu hosp,2,53,quantile,0.55,87,2027-04-03
2027-03-20,wk inc flu hosp,2,53,quantile,0.6,89,2027-04-03
2027-03-20,wk inc flu hosp,2,53,quantile,0.65,92,2027-04-03
2027-03-20,wk inc flu hosp,2,53,quantile,0.7,97,2027-04-03
2027-03-20,wk inc flu hosp,2,53,quantile,0.75,101,2027-04-03
2027-03-20,wk inc flu hosp,2,53,quantile,0.8,105,2027-04-03
2027-03-20,wk inc flu hosp,2,53,quantile,0.85,111,2027-04-03
2027-03-20,wk inc flu hosp,2,53,quantile,0.9,120,2027-04-03
2027-03-20,wk inc flu hosp,2,53,quantile,0.95,137,2027-04-03
2027-03-20,wk inc flu hosp,2,53,quantile,0.975,149,2027-04-03
2027-03-20,wk inc flu hosp,2,53,quantile,0.99,160,2027-04-03
2027-03-20,wk inc flu hosp,2,54,quantile,0.01,30,2027-04-03
2027-03-20,wk inc flu hosp,2,54,quantile,0.025,32,2027-04-03
2027-03-20,wk inc flu hosp,2,54,quantile,0.05,37,2027-04-03
2027-03-20,wk inc flu hosp,2,54,quantile,0.1,41,2027-04-03
2027-03-20,wk inc flu hosp,2,54,quantile,0.15,45,2027-04-03
2027-03-20,wk inc flu hosp,2,54,quantile,0.2,46,2027-04-03
2027-03-20,wk inc flu hosp,2,54,quantile,0.25,49,2027-04-03
2027-03-20,wk inc flu hosp,2,54,quantile,0.3,51,2027-04-03
2027-03-20,wk inc flu hosp,2,54,quantile,0.35,53,2027-04-03
2027-03-20,wk inc flu hosp,2,54,quantile,0.4,54,2027-04-03
2027-03-20,wk inc flu hosp,2,54,quantile,0.45,56,2027-04-03
2027-03-20,wk inc flu hosp,2,54,quantile,0.5,58,2027-04-03
2027-03-20,wk inc flu hosp,2,54,quantile,0.55,59,2027-04-03
2027-03-20,wk inc flu hosp,2,54,quantile,0.6,60,2027-04-03
2027-03-20,wk inc flu hosp,2,54,quantile,0.65,62,2027-04-03
2027-03-20,wk inc flu hosp,2,54,quantile,0.7,64,2027-04-03
2027-03-20,wk inc flu hosp,2,54,quantile,0.75,68,2027-04-03
2027-03-20,wk inc flu hosp,2,54,quantile,0.8,70,2027-04-03
2027-03-20,wk inc flu hosp,2,54,quantile,0.85,74,2027-04-03
2027-03-20,wk inc flu hosp,2,54,quantile,0.9,80,2027-04-03
2027-03-20,wk inc flu hosp,2,54,quantile,0.95,90,2027-04-03
2027-03-20,wk inc flu hosp,2,54,quantile,0.975,96,2027-04-03
2027-03-20,wk inc flu hosp,2,54,quantile,0.99,99,2027-04-03
2027-03-20,wk inc flu hosp,2,55,quantile,0.01,42,2027-04-03
2027-03-20,wk inc flu hosp,2,55,quantile,0.025,45,2027-04-03
2027-03-20,wk inc flu hosp,2,55,quantile,0.05,49,2027-04-03
2027-03-20,wk inc flu hosp,2,55,quantile,0.1,55,2027-04-03
2027-03-20,wk inc flu hosp,2,55,quantile,0.15,60,2027-04-03
2027-03-20,wk inc flu hosp,2,55,quantile,0.2,63,2027-04-03
2027-03-20,wk inc flu hosp,2,55,quantile,0.25,66,2027-04-03
2027-03-20,wk inc flu hosp,2,55,quantile,0.3,69,2027-04-03
2027-03-20,wk inc flu hosp,2,55,quantile,0.35,71,2027-04-03
2027-03-20,wk inc flu hosp,2,55,quantile,0.4,74,2027-04-03
2027-03-20,wk inc flu hosp,2,55,quantile,0.45,77,2027-04-03
2027-03-20,wk inc flu hosp,2,55,quantile,0.5,80,2027-04-03
2027-03-20,wk inc flu hosp,2,55,quantile,0.55,82,2027-04-03
2027-03-20,wk inc flu hosp,2,55,quantile,0.6,84,2027-04-03
2027-03-20,wk inc flu hosp,2,55,quantile,0.65,88,2027-04-03
2027-03-20,wk inc flu hosp,2,55,quantile,0.7,91,2027-04-03
2027-03-20,wk inc flu hosp,2,55,quantile,0.75,95,2027-04-03
2027-03-20,wk inc flu hosp,2,55,quantile,0.8,99,2027-04-03
2027-03-20,wk inc flu hosp,2,55,quantile,0.85,107,2027-04-03
2027-03-20,wk inc flu hosp,2,55,quantile,0.9,118,2027-04-03
2027-03-20,wk inc flu hosp,2,55,quantile,0.95,135,2027-04-03
2027-03-20,wk inc flu hosp,2,55,quantile,0.975,150,2027-04-03
2027-03-20,wk inc flu hosp,2,55,quantile,0.99,151,2027-04-03
2027-03-20,wk inc flu hosp,2,56,quantile,0.01,1,2027-04-03
2027-03-20,wk inc flu hosp,2,56,quantile,0.025,1,2027-04-03
2027-03-20,wk inc flu hosp,2,56,quantile,0.05,4,2027-04-03
2027-03-20,wk inc flu hosp,2,56,quantile,0.1,6,2027-04-03
2027-03-20,wk inc flu hosp,2,56,quantile,0.15,8,2027-04-03
2027-03-20,wk inc flu hosp,2,56,quantile,0.2,10,2027-04-03
2027-03-20,wk inc flu hosp,2,56,quantile,0.25,12,2027-04-03
2027-03-20,wk inc flu hosp,2,56,quantile,0.3,13,2027-04-03
2027-03-20,wk inc flu hosp,2,56,quantile,0.35,14,2027-04-03
2027-03-20,wk inc flu hosp,2,56,quantile,0.4,15,2027-04-03
2027-03-20,wk inc flu hosp,2,56,quantile,0.45,16,2027-04-03
2027-03-20,wk inc flu hosp,2,56,quantile,0.5,17,2027-04-03
2027-03-20,wk inc flu hosp,2,56,quantile,0.55,18,2027-04-03
2027-03-20,wk inc flu hosp,2,56,quantile,0.6,19,2027-04-03
2027-03-20,wk inc flu hosp,2,56,quantile,0.65,21,2027-04-03
2027-03-20,wk inc flu hosp,2,56,quantile,0.7,23,2027-04-03
2027-03-20,wk inc flu hosp,2,56,quantile,0.75,24,2027-04-03
2027-03-20,wk inc flu hosp,2,56,quantile,0.8,27,2027-04-03
2027-03-20,wk inc flu hosp,2,56,quantile,0.85,28,2027-04-03
2027-03-20,wk inc flu hosp,2,56,quantile,0.9,32,2027-04-03
2027-03-20,wk inc flu hosp,2,56,quantile,0.95,38,2027-04-03
2027-03-20,wk inc flu hosp,2,56,quantile,0.975,43,2027-04-03
2027-03-20,wk inc flu hosp,2,56,quantile,0.99,51,2027-04-03
2027-03-20,wk inc flu hosp,2,72,quantile,0.01,37,2027-04-03
2027-03-20,wk inc flu hosp,2,72,quantile,0.025,41,2027-04-03
2027-03-20,wk inc flu hosp,2,72,quantile,0.05,47,2027-04-03
2027-03-20,wk inc flu hosp,2,72,quantile,0.1,61,2027-04-03
2027-03-20,wk inc flu hosp,2,72,quantile,0.15,68,2027-04-03
2027-03-20,wk inc flu hosp,2,72,quantile,0.2,73,2027-04-03
2027-03-20,wk inc flu hosp,2,72,quantile,0.25,78,2027-04-03
2027-03-20,wk inc flu hosp,2,72,quantile,0.3,86,2027-04-03
2027-03-20,wk inc flu hosp,2,72,quantile,0.35,92,2027-04-03
2027-03-20,wk inc flu hosp,2,72,quantile,0.4,96,2027-04-03
2027-03-20,wk inc flu hosp,2,72,quantile,0.45,111,2027-04-03
2027-03-20,wk inc flu hosp,2,72,quantile,0.5,117,2027-04-03
2027-03-20,wk inc flu hosp,2,72,quantile,0.55,122,2027-04-03
2027-03-20,wk inc flu hosp,2,72,quantile,0.6,128,2027-04-03
2027-03-20,wk inc flu hosp,2,72,quantile,0.65,133,2027-04-03
2027-03-20,wk inc flu hosp,2,72,quantile,0.7,146,2027-04-03
2027-03-20,wk inc flu hosp,2,72,quantile,0.75,154,2027-04-03
2027-03-20,wk inc flu hosp,2,72,quantile,0.8,165,2027-04-03
2027-03-20,wk inc flu hosp,2,72,quantile,0.85,179,2027-04-03
2027-03-20,wk inc flu hosp,2,72,quantile,0.9,223,2027-04-03
2027-03-20,wk inc flu hosp,2,72,quantile,0.95,271,2027-04-03
2027-03-20,wk inc flu hosp,2,72,quantile,0.975,303,2027-04-03
2027-03-20,wk inc flu hosp,2,72,quantile,0.99,321,2027-04-03
2027-03-20,wk inc flu hosp,2,USA,quantile,0.01,4588,2027-04-03
2027-03-20,wk inc flu hosp,2,USA,quantile,0.025,4725,2027-04-03
2027-03-20,wk inc flu hosp,2,USA,quantile,0.05,4805,2027-04-03
2027-03-20,wk inc flu hosp,2,USA,quantile,0.1,4936,2027-04-03
2027-03-20,wk inc flu hosp,2,USA,quantile,0.15,5010,2027-04-03
2027-03-20,wk inc flu hosp,2,USA,quantile,0.2,5104,2027-04-03
2027-03-20,wk inc flu hosp,2,USA,quantile,0.25,5159,2027-04-03
2027-03-20,wk inc flu hosp,2,USA,quantile,0.3,5214,2027-04-03
2027-03-20,wk inc flu hosp,2,USA,quantile,0.35,5279,2027-04-03
2027-03-20,wk inc flu hosp,2,USA,quantile,0.4,5323,2027-04-03
2027-03-20,wk inc flu hosp,2,USA,quantile,0.45,5406,2027-04-03
2027-03-20,wk inc flu hosp,2,USA,quantile,0.5,5450,2027-04-03
2027-03-20,wk inc flu hosp,2,USA,quantile,0.55,5507,2027-04-03
2027-03-20,wk inc flu hosp,2,USA,quantile,0.6,5567,2027-04-03
2027-03-20,wk inc flu hosp,2,USA,quantile,0.65,5614,2027-04-03
2027-03-20,wk inc flu hosp,2,USA,quantile,0.7,5712,2027-04-03
2027-03-20,wk inc flu hosp,2,USA,quantile,0.75,5775,2027-04-03
2027-03-20,wk inc flu hosp,2,USA,quantile,0.8,5836,2027-04-03
2027-03-20,wk inc flu hosp,2,USA,quantile,0.85,5969,2027-04-03
2027-03-20,wk inc flu hosp,2,USA,quantile,0.9,6155,2027-04-03
2027-03-20,wk inc flu hosp,2,USA,quantile,0.95,6380,2027-04-03
2027-03-20,wk inc flu hosp,2,USA,quantile,0.975,6581,2027-04-03
2027-03-20,wk inc flu hosp,2,USA,quantile,0.99,7179,2027-04-03
2027-03-20,wk inc flu hosp,3,01,quantile,0.01,17,2027-04-10
2027-03-20,wk inc flu hosp,3,01,quantile,0.025,18,2027-04-10
2027-03-20,wk inc flu hosp,3,01,quantile,0.05,20,2027-04-10
2027-03-20,wk inc flu hosp,3,01,quantile,0.1,24,2027-04-10
2027-03-20,wk inc flu hosp,3,01,quantile,0.15,24,2027-04-10
2027-03-20,wk inc flu hosp,3,01,quantile,0.2,27,2027-04-10
2027-03-20,wk inc flu hosp,3,01,quantile,0.25,28,2027-04-10
2027-03-20,wk inc flu hosp,3,01,quantile,0.3,31,2027-04-10
2027-03-20,wk inc flu hosp,3,01,quantile,0.35,33,2027-04-10
2027-03-20,wk inc flu hosp,3,01,quantile,0.4,34,2027-04-10
2027-03-20,wk inc flu hosp,3,01,quantile,0.45,35,2027-04-10
2027-03-20,wk inc flu hosp,3,01,quantile,0.5,36,2027-04-10
2027-03-20,wk inc flu hosp,3,01,quantile,0.55,39,2027-04-10
2027-03-20,wk inc flu hosp,3,01,quantile,0.6,40,2027-04-10
2027-03-20,wk inc flu hosp,3,01,quantile,0.65,42,2027-04-10
2027-03-20,wk inc flu hosp,3,01,quantile,0.7,44,2027-04-10
2027-03-20,wk inc flu hosp,3,01,quantile,0.75,48,2027-04-10
2027-03-20,wk inc flu hosp,3,01,quantile,0.8,53,2027-04-10
2027-03-20,wk inc flu hosp,3,01,quantile,0.85,55,2027-04-10
2027-03-20,wk inc flu hosp,3,01,quantile,0.9,59,2027-04-10
2027-03-20,wk inc flu hosp,3,01,quantile,0.95,66,2027-04-10
2027-03-20,wk inc flu hosp,3,01,quantile,0.975,74,2027-04-10
2027-03-20,wk inc flu hosp,3,01,quantile,0.99,78,2027-04-10
2027-03-20,wk inc flu hosp,3,02,quantile,0.01,0,2027-04-10
2027-03-20,wk inc flu hosp,3,02,quantile,0.025,0,2027-04-10
2027-03-20,wk inc flu hosp,3,02,quantile,0.05,0,2027-04-10
2027-03-20,wk inc flu hosp,3,02,quantile,0.1,2,2027-04-10
2027-03-20,wk inc flu hosp,3,02,quantile,0.15,3,2027-04-10
2027-03-20,wk inc flu hosp,3,02,quantile,0.2,5,2027-04-10
2027-03-20,wk inc flu hosp,3,02,quantile,0.25,6,2027-04-10
2027-03-20,wk inc flu hosp,3,02,quantile,0.3,7,2027-04-10
2027-03-20,wk inc flu hosp,3,02,quantile,0.35,9,2027-04-10
2027-03-20,wk inc flu hosp,3,02,quantile,0.4,10,2027-04-10
2027-03-20,wk inc flu hosp,3,02,quantile,0.45,12,2027-04-10
2027-03-20,wk inc flu hosp,3,02,quantile,0.5,13,2027-04-10
2027-03-20,wk inc flu hosp,3,02,quantile,0.55,14,2027-04-10
2027-03-20,wk inc flu hosp,3,02,quantile,0.6,16,2027-04-10
2027-03-20,wk inc flu hosp,3,02,quantile,0.65,17,2027-04-10
2027-03-20,wk inc flu hosp,3,02,quantile,0.7,18,2027-04-10
2027-03-20,wk inc flu hosp,3,02,quantile,0.75,20,2027-04-10
2027-03-20,wk inc flu hosp,3,02,quantile,0.8,22,2027-04-10
2027-03-20,wk inc flu hosp,3,02,quantile,0.85,24,2027-04-10
2027-03-20,wk inc flu hosp,3,02,quantile,0.9,27,2027-04-10
2027-03-20,wk inc flu hosp,3,02,quantile,0.95,30,2027-04-10
2027-03-20,wk inc flu hosp,3,02,quantile,0.975,36,2027-04-10
2027-03-20,wk inc flu hosp,3,02,quantile,0.99,44,2027-04-10
2027-03-20,wk inc flu hosp,3,04,quantile,0.01,45,2027-04-10
2027-03-20,wk inc flu hosp,3,04,quantile,0.025,59,2027-04-10
2027-03-20,wk inc flu hosp,3,04,quantile,0.05,66,2027-04-10
2027-03-20,wk inc flu hosp,3,04,quantile,0.1,77,2027-04-10
2027-03-20,wk inc flu hosp,3,04,quantile,0.15,86,2027-04-10
2027-03-20,wk inc flu hosp,3,04,quantile,0.2,93,2027-04-10
2027-03-20,wk inc flu hosp,3,04,quantile,0.25,100,2027-04-10
2027-03-20,wk inc flu hosp,3,04,quantile,0.3,106,2027-04-10
2027-03-20,wk inc flu hosp,3,04,quantile,0.35,116,2027-04-10
2027-03-20,wk inc flu hosp,3,04,quantile,0.4,125,2027-04-10
2027-03-20,wk inc flu hosp,3,04,quantile,0.45,130,2027-04-10
2027-03-20,wk inc flu hosp,3,04,quantile,0.5,138,2027-04-10
2027-03-20,wk inc flu hosp,3,04,quantile,0.55,144,2027-04-10
2027-03-20,wk inc flu hosp,3,04,quantile,0.6,152,2027-04-10
2027-03-20,wk inc flu hosp,3,04,quantile,0.65,157,2027-04-10
2027-03-20,wk inc flu hosp,3,04,quantile,0.7,161,2027-04-10
2027-03-20,wk inc flu hosp,3,04,quantile,0.75,170,2027-04-10
2027-03-20,wk inc flu hosp,3,04,quantile,0.8,175,2027-04-10
2027-03-20,wk inc flu hosp,3,04,quantile,0.85,186,2027-04-10
2027-03-20,wk inc flu hosp,3,04,quantile,0.9,211,2027-04-10
2027-03-20,wk inc flu hosp,3,04,quantile,0.95,234,2027-04-10
2027-03-20,wk inc flu hosp,3,04,quantile,0.975,261,2027-04-10
2027-03-20,wk inc flu hosp,3,04,quantile,0.99,307,2027-04-10
2027-03-20,wk inc flu hosp,3,05,quantile,0.01,16,2027-04-10
2027-03-20,wk inc flu hosp,3,05,quantile,0.025,21,2027-04-10
2027-03-20,wk inc flu hosp,3,05,quantile,0.05,27,2027-04-10
2027-03-20,wk inc flu hosp,3,05,quantile,0.1,29,2027-04-10
2027-03-20,wk inc flu hosp,3,05,quantile,0.15,34,2027-04-10
2027-03-20,wk inc flu hosp,3,05,quantile,0.2,37,2027-04-10
2027-03-20,wk inc flu hosp,3,05,quantile,0.25,38,2027-04-10
2027-03-20,wk inc flu hosp,3,05,quantile,0.3,40,2027-04-10
2027-03-20,wk inc flu hosp,3,05,quantile,0.35,43,2027-04-10
2027-03-20,wk inc flu hosp,3,05,quantile,0.4,45,2027-04-10
2027-03-20,wk inc flu hosp,3,05,quantile,0.45,47,2027-04-10
2027-03-20,wk inc flu hosp,3,05,quantile,0.5,50,2027-04-10
2027-03-20,wk inc flu hosp,3,05,quantile,0.55,53,2027-04-10
2027-03-20,wk inc flu hosp,3,05,quantile,0.6,55,2027-04-10
2027-03-20,wk inc flu hosp,3,05,quantile,0.65,57,2027-04-10
2027-03-20,wk inc flu hosp,3,05,quantile,0.7,58,2027-04-10
2027-03-20,wk inc flu hosp,3,05,quantile,0.75,60,2027-04-10
2027-03-20,wk inc flu hosp,3,05,quantile,0.8,68,2027-04-10
2027-03-20,wk inc flu hosp,3,05,quantile,0.85,70,2027-04-10
2027-03-20,wk inc flu hosp,3,05,quantile,0.9,80,2027-04-10
2027-03-20,wk inc flu hosp,3,05,quantile,0.95,92,2027-04-10
2027-03-20,wk inc flu hosp,3,05,quantile,0.975,97,2027-04-10
2027-03-20,wk inc flu hosp,3,05,quantile,0.99,104,2027-04-10
2027-03-20,wk inc flu hosp,3,06,quantile,0.01,196,2027-04-10
2027-03-20,wk inc flu hosp,3,06,quantile,0.025,206,2027-04-10
2027-03-20,wk inc flu hosp,3,06,quantile,0.05,238,2027-04-10
2027-03-20,wk inc flu hosp,3,06,quantile,0.1,273,2027-04-10
2027-03-20,wk inc flu hosp,3,06,quantile,0.15,293,2027-04-10
2027-03-20,wk inc flu hosp,3,06,quantile,0.2,310,2027-04-10
2027-03-20,wk inc flu hosp,3,06,quantile,0.25,324,2027-04-10
2027-03-20,wk inc flu hosp,3,06,quantile,0.3,344,2027-04-10
2027-03-20,wk inc flu hosp,3,06,quantile,0.35,369,2027-04-10
2027-03-20,wk inc flu hosp,3,06,quantile,0.4,387,2027-04-10
2027-03-20,wk inc flu hosp,3,06,quantile,0.45,401,2027-04-10
2027-03-20,wk inc flu hosp,3,06,quantile,0.5,414,2027-04-10
2027-03-20,wk inc flu hosp,3,06,quantile,0.55,434,2027-04-10
2027-03-20,wk inc flu hosp,3,06,quantile,0.6,450,2027-04-10
2027-03-20,wk inc flu hosp,3,06,quantile,0.65,462,2027-04-10
2027-03-20,wk inc flu hosp,3,06,quantile,0.7,474,2027-04-10
2027-03-20,wk inc flu hosp,3,06,quantile,0.75,489,2027-04-10
2027-03-20,wk inc flu hosp,3,06,quantile,0.8,509,2027-04-10
2027-03-20,wk inc flu hosp,3,06,quantile,0.85,530,2027-04-10
2027-03-20,wk inc flu hosp,3,06,quantile,0.9,546,2027-04-10
2027-03-20,wk inc flu hosp,3,06,quantile,0.95,585,2027-04-10
2027-03-20,wk inc flu hosp,3,06,quantile,0.975,644,2027-04-10
2027-03-20,wk inc flu hosp,3,06,quantile,0.99,677,2027-04-10
2027-03-20,wk inc flu hosp,3,08,quantile,0.01,34,2027-04-10
2027-03-20,wk inc flu hosp,3,08,quantile,0.025,35,2027-04-10
2027-03-20,wk inc flu hosp,3,08,quantile,0.05,41,2027-04-10
2027-03-20,wk inc flu hosp,3,08,quantile,0.1,45,2027-04-10
2027-03-20,wk inc flu hosp,3,08,quantile,0.15,51,2027-04-10
2027-03-20,wk inc flu hosp,3,08,quantile,0.2,53,2027-04-10
2027-03-20,wk inc flu hosp,3,08,quantile,0.25,56,2027-04-10
2027-03-20,wk inc flu hosp,3,08,quantile,0.3,59,2027-04-10
2027-03-20,wk inc flu hosp,3,08,quantile,0.35,61,2027-04-10
2027-03-20,wk inc flu hosp,3,08,quantile,0.4,64,2027-04-10
2027-03-20,wk inc flu hosp,3,08,quantile,0.45,67,2027-04-10
2027-03-20,wk inc flu hosp,3,08,quantile,0.5,70,2027-04-10
2027-03-20,wk inc flu hosp,3,08,quantile,0.55,73,2027-04-10
2027-03-20,wk inc flu hosp,3,08,quantile,0.6,76,2027-04-10
2027-03-20,wk inc flu hosp,3,08,quantile,0.65,77,2027-04-10
2027-03-20,wk inc flu hosp,3,08,quantile,0.7,79,2027-04-10
2027-03-20,wk inc flu hosp,3,08,quantile,0.75,84,2027-04-10
2027-03-20,wk inc flu hosp,3,08,quantile,0.8,88,2027-04-10
2027-03-20,wk inc flu hosp,3,08,quantile,0.85,94,2027-04-10
2027-03-20,wk inc flu hosp,3,08,quantile,0.9,100,2027-04-10
2027-03-20,wk inc flu hosp,3,08,quantile,0.95,110,2027-04-10
2027-03-20,wk inc flu hosp,3,08,quantile,0.975,119,2027-04-10
2027-03-20,wk inc flu hosp,3,08,quantile,0.99,133,2027-04-10
2027-03-20,wk inc flu hosp,3,09,quantile,0.01,15,2027-04-10
2027-03-20,wk inc flu hosp,3,09,quantile,0.025,19,2027-04-10
2027-03-20,wk inc flu hosp,3,09,quantile,0.05,21,2027-04-10
2027-03-20,wk inc flu hosp,3,09,quantile,0.1,25,2027-04-10
2027-03-20,wk inc flu hosp,3,09,quantile,0.15,29,2027-04-10
2027-03-20,wk inc flu hosp,3,09,quantile,0.2,31,2027-04-10
2027-03-20,wk inc flu hosp,3,09,quantile,0.25,34,2027-04-10
2027-03-20,wk inc flu hosp,3,09,quantile,0.3,36,2027-04-10
2027-03-20,wk inc flu hosp,3,09,quantile,0.35,38,2027-04-10
2027-03-20,wk inc flu hosp,3,09,quantile,0.4,39,2027-04-10
2027-03-20,wk inc flu hosp,3,09,quantile,0.45,42,2027-04-10
2027-03-20,wk inc flu hosp,3,09,quantile,0.5,43,2027-04-10
2027-03-20,wk inc flu hosp,3,09,quantile,0.55,45,2027-04-10
2027-03-20,wk inc flu hosp,3,09,quantile,0.6,49,2027-04-10
2027-03-20,wk inc flu hosp,3,09,quantile,0.65,51,2027-04-10
2027-03-20,wk inc flu hosp,3,09,quantile,0.7,54,2027-04-10
2027-03-20,wk inc flu hosp,3,09,quantile,0.75,57,2027-04-10
2027-03-20,wk inc flu hosp,3,09,quantile,0.8,62,2027-04-10
2027-03-20,wk inc flu hosp,3,09,quantile,0.85,65,2027-04-10
2027-03-20,wk inc flu hosp,3,09,quantile,0.9,67,2027-04-10
2027-03-20,wk inc flu hosp,3,09,quantile,0.95,78,2027-04-10
2027-03-20,wk inc flu hosp,3,09,quantile,0.975,90,2027-04-10
2027-03-20,wk inc flu hosp,3,09,quantile,0.99,94,2027-04-10
2027-03-20,wk inc flu hosp,3,10,quantile,0.01,3,2027-04-10
2027-03-20,wk inc flu hosp,3,10,quantile,0.025,3,2027-04-10
2027-03-20,wk inc flu hosp,3,10,quantile,0.05,4,2027-04-10
2027-03-20,wk inc flu hosp,3,10,quantile,0.1,6,2027-04-10
2027-03-20,wk inc flu hosp,3,10,quantile,0.15,7,2027-04-10
2027-03-20,wk inc flu hosp,3,10,quantile,0.2,8,2027-04-10
2027-03-20,wk inc flu hosp,3,10,quantile,0.25,9,2027-04-10
2027-03-20,wk inc flu hosp,3,10,quantile,0.3,10,2027-04-10
2027-03-20,wk inc flu hosp,3,10,quantile,0.35,10,2027-04-10
2027-03-20,wk inc flu hosp,3,10,quantile,0.4,11,2027-04-10
2027-03-20,wk inc flu hosp,3,10,quantile,0.45,12,2027-04-10
2027-03-20,wk inc flu hosp,3,10,quantile,0.5,12,2027-04-10
2027-03-20,wk inc flu hosp,3,10,quantile,0.55,13,2027-04-10
2027-03-20,wk inc flu hosp,3,10,quantile,0.6,14,2027-04-10
2027-03-20,wk inc flu hosp,3,10,quantile,0.65,15,2027-04-10
2027-03-20,wk inc flu hosp,3,10,quantile,0.7,16,2027-04-10
2027-03-20,wk inc flu hosp,3,10,quantile,0.75,18,2027-04-10
2027-03-20,wk inc flu hosp,3,10,quantile,0.8,19,2027-04-10
2027-03-20,wk inc flu hosp,3,10,quantile,0.85,21,2027-04-10
2027-03-20,wk inc flu hosp,3,10,quantile,0.9,22,2027-04-10
2027-03-20,wk inc flu hosp,3,10,quantile,0.95,24,2027-04-10
2027-03-20,wk inc flu hosp,3,10,quantile,0.975,27,2027-04-10
2027-03-20,wk inc flu hosp,3,10,quantile,0.99,30,2027-04-10
2027-03-20,wk inc flu hosp,3,11,quantile,0.01,1,2027-04-10
2027-03-20,wk inc flu hosp,3,11,quantile,0.025,2,2027-04-10
2027-03-20,wk inc flu hosp,3,11,quantile,0.05,3,2027-04-10
2027-03-20,wk inc flu hosp,3,11,quantile,0.1,7,2027-04-10
2027-03-20,wk inc flu hosp,3,11,quantile,0.15,10,2027-04-10
2027-03-20,wk inc flu hosp,3,11,quantile,0.2,12,2027-04-10
2027-03-20,wk inc flu hosp,3,11,quantile,0.25,14,2027-04-10
2027-03-20,wk inc flu hosp,3,11,quantile,0.3,16,2027-04-10
2027-03-20,wk inc flu hosp,3,11,quantile,0.35,17,2027-04-10
2027-03-20,wk inc flu hosp,3,11,quantile,0.4,19,2027-04-10
2027-03-20,wk inc flu hosp,3,11,quantile,0.45,21,2027-04-10
2027-03-20,wk inc flu hosp,3,11,quantile,0.5,22,2027-04-10
2027-03-20,wk inc flu hosp,3,11,quantile,0.55,24,2027-04-10
2027-03-20,wk inc flu hosp,3,11,quantile,0.6,25,2027-04-10
2027-03-20,wk inc flu hosp,3,11,quantile,0.65,28,2027-04-10
2027-03-20,wk inc flu hosp,3,11,quantile,0.7,30,2027-04-10
2027-03-20,wk inc flu hosp,3,11,quantile,0.75,32,2027-04-10
2027-03-20,wk inc flu hosp,3,11,quantile,0.8,37,2027-04-10
2027-03-20,wk inc flu hosp,3,11,quantile,0.85,39,2027-04-10
2027-03-20,wk inc flu hosp,3,11,quantile,0.9,42,2027-04-10
2027-03-20,wk inc flu hosp,3,11,quantile,0.95,53,2027-04-10
2027-03-20,wk inc flu hosp,3,11,quantile,0.975,68,2027-04-10
2027-03-20,wk inc flu hosp,3,11,quantile,0.99,74,2027-04-10
2027-03-20,wk inc flu hosp,3,12,quantile,0.01,193,2027-04-10
2027-03-20,wk inc flu hosp,3,12,quantile,0.025,199,2027-04-10
2027-03-20,wk inc flu hosp,3,12,quantile,0.05,210,2027-04-10
2027-03-20,wk inc flu hosp,3,12,quantile,0.1,216,2027-04-10
2027-03-20,wk inc flu hosp,3,12,quantile,0.15,232,2027-04-10
2027-03-20,wk inc flu hosp,3,12,quantile,0.2,241,2027-04-10
2027-03-20,wk inc flu hosp,3,12,quantile,0.25,252,2027-04-10
2027-03-20,wk inc flu hosp,3,12,quantile,0.3,261,2027-04-10
2027-03-20,wk inc flu hosp,3,12,quantile,0.35,271,2027-04-10
2027-03-20,wk inc flu hosp,3,12,quantile,0.4,282,2027-04-10
2027-03-20,wk inc flu hosp,3,12,quantile,0.45,294,2027-04-10
2027-03-20,wk inc flu hosp,3,12,quantile,0.5,300,2027-04-10
2027-03-20,wk inc flu hosp,3,12,quantile,0.55,313,2027-04-10
2027-03-20,wk inc flu hosp,3,12,quantile,0.6,333,2027-04-10
2027-03-20,wk inc flu hosp,3,12,quantile,0.65,345,2027-04-10
2027-03-20,wk inc flu hosp,3,12,quantile,0.7,354,2027-04-10
2027-03-20,wk inc flu hosp,3,12,quantile,0.75,366,2027-04-10
2027-03-20,wk inc flu hosp,3,12,quantile,0.8,382,2027-04-10
2027-03-20,wk inc flu hosp,3,12,quantile,0.85,410,2027-04-10
2027-03-20,wk inc flu hosp,3,12,quantile,0.9,448,2027-04-10
2027-03-20,wk inc flu hosp,3,12,quantile,0.95,500,2027-04-10
2027-03-20,wk inc flu hosp,3,12,quantile,0.975,522,2027-04-10
2027-03-20,wk inc flu hosp,3,12,quantile,0.99,539,2027-04-10
2027-03-20,wk inc flu hosp,3,13,quantile,0.01,29,2027-04-10
2027-03-20,wk inc flu hosp,3,13,quantile,0.025,30,2027-04-10
2027-03-20,wk inc flu hosp,3,13,quantile,0.05,36,2027-04-10
2027-03-20,wk inc flu hosp,3,13,quantile,0.1,43,2027-04-10
2027-03-20,wk inc flu hosp,3,13,quantile,0.15,46,2027-04-10
2027-03-20,wk inc flu hosp,3,13,quantile,0.2,50,2027-04-10
2027-03-20,wk inc flu hosp,3,13,quantile,0.25,53,2027-04-10
2027-03-20,wk inc flu hosp,3,13,quantile,0.3,56,2027-04-10
2027-03-20,wk inc flu hosp,3,13,quantile,0.35,58,2027-04-10
2027-03-20,wk inc flu hosp,3,13,quantile,0.4,61,2027-04-10
2027-03-20,wk inc flu hosp,3,13,quantile,0.45,63,2027-04-10
2027-03-20,wk inc flu hosp,3,13,quantile,0.5,68,2027-04-10
2027-03-20,wk inc flu hosp,3,13,quantile,0.55,70,2027-04-10
2027-03-20,wk inc flu hosp,3,13,quantile,0.6,75,2027-04-10
2027-03-20,wk inc flu hosp,3,13,quantile,0.65,80,2027-04-10
2027-03-20,wk inc flu hosp,3,13,quantile,0.7,83,2027-04-10
2027-03-20,wk inc flu hosp,3,13,quantile,0.75,86,2027-04-10
2027-03-20,wk inc flu hosp,3,13,quantile,0.8,95,2027-04-10
2027-03-20,wk inc flu hosp,3,13,quantile,0.85,103,2027-04-10
2027-03-20,wk inc flu hosp,3,13,quantile,0.9,113,2027-04-10
2027-03-20,wk inc flu hosp,3,13,quantile,0.95,124,2027-04-10
2027-03-20,wk inc flu hosp,3,13,quantile,0.975,149,2027-04-10
2027-03-20,wk inc flu hosp,3,13,quantile,0.99,168,2027-04-10
2027-03-20,wk inc flu hosp,3,15,quantile,0.01,4,2027-04-10
2027-03-20,wk inc flu hosp,3,15,quantile,0.025,4,2027-04-10
2027-03-20,wk inc flu hosp,3,15,quantile,0.05,7,2027-04-10
2027-03-20,wk inc flu hosp,3,15,quantile,0.1,9,2027-04-10
2027-03-20,wk inc flu hosp,3,15,quantile,0.15,11,2027-04-10
2027-03-20,wk inc flu hosp,3,15,quantile,0.2,13,2027-04-10
2027-03-20,wk inc flu hosp,3,15,quantile,0.25,14,2027-04-10
2027-03-20,wk inc flu hosp,3,15,quantile,0.3,15,2027-04-10
2027-03-20,wk inc flu hosp,3,15,quantile,0.35,16,2027-04-10
2027-03-20,wk inc flu hosp,3,15,quantile,0.4,18,2027-04-10
2027-03-20,wk inc flu hosp,3,15,quantile,0.45,19,2027-04-10
2027-03-20,wk inc flu hosp,3,15,quantile,0.5,21,2027-04-10
2027-03-20,wk inc flu hosp,3,15,quantile,0.55,22,2027-04-10
2027-03-20,wk inc flu hosp,3,15,quantile,0.6,23,2027-04-10
2027-03-20,wk inc flu hosp,3,15,quantile,0.65,25,2027-04-10
2027-03-20,wk inc flu hosp,3,15,quantile,0.7,26,2027-04-10
2027-03-20,wk inc flu hosp,3,15,quantile,0.75,28,2027-04-10
2027-03-20,wk inc flu hosp,3,15,quantile,0.8,29,2027-04-10
2027-03-20,wk inc flu hosp,3,15,quantile,0.85,33,2027-04-10
2027-03-20,wk inc flu hosp,3,15,quantile,0.9,37,2027-04-10
2027-03-20,wk inc flu hosp,3,15,quantile,0.95,42,2027-04-10
2027-03-20,wk inc flu hosp,3,15,quantile,0.975,51,2027-04-10
2027-03-20,wk inc flu hosp,3,15,quantile,0.99,59,2027-04-10
2027-03-20,wk inc flu hosp,3,16,quantile,0.01,14,2027-04-10
2027-03-20,wk inc flu hosp,3,16,quantile,0.025,18,2027-04-10
2027-03-20,wk inc flu hosp,3,16,quantile,0.05,20,2027-04-10
2027-03-20,wk inc flu hosp,3,16,quantile,0.1,22,2027-04-10
2027-03-20,wk inc flu hosp,3,16,quantile,0.15,24,2027-04-10
2027-03-20,wk inc flu hosp,3,16,quantile,0.2,24,2027-04-10
2027-03-20,wk inc flu hosp,3,16,quantile,0.25,26,2027-04-10
2027-03-20,wk inc flu hosp,3,16,quantile,0.3,27,2027-04-10
2027-03-20,wk inc flu hosp,3,16,quantile,0.35,29,2027-04-10
2027-03-20,wk inc flu hosp,3,16,quantile,0.4,30,2027-04-10
2027-03-20,wk inc flu hosp,3,16,quantile,0.45,31,2027-04-10
2027-03-20,wk inc flu hosp,3,16,quantile,0.5,33,2027-04-10
2027-03-20,wk inc flu hosp,3,16,quantile,0.55,35,2027-04-10
2027-03-20,wk inc flu hosp,3,16,quantile,0.6,36,2027-04-10
2027-03-20,wk inc flu hosp,3,16,quantile,0.65,38,2027-04-10
2027-03-20,wk inc flu hosp,3,16,quantile,0.7,40,2027-04-10
2027-03-20,wk inc flu hosp,3,16,quantile,0.75,41,2027-04-10
2027-03-20,wk inc flu hosp,3,16,quantile,0.8,45,2027-04-10
2027-03-20,wk inc flu hosp,3,16,quantile,0.85,46,2027-04-10
2027-03-20,wk inc flu hosp,3,16,quantile,0.9,49,2027-04-10
2027-03-20,wk inc flu hosp,3,16,quantile,0.95,53,2027-04-10
2027-03-20,wk inc flu hosp,3,16,quantile,0.975,56,2027-04-10
2027-03-20,wk inc flu hosp,3,16,quantile,0.99,65,2027-04-10
2027-03-20,wk inc flu hosp,3,17,quantile,0.01,86,2027-04-10
2027-03-20,wk inc flu hosp,3,17,quantile,0.025,91,2027-04-10
2027-03-20,wk inc flu hosp,3,17,quantile,0.05,104,2027-04-10
2027-03-20,wk inc flu hosp,3,17,quantile,0.1,116,2027-04-10
2027-03-20,wk inc flu hosp,3,17,quantile,0.15,123,2027-04-10
2027-03-20,wk inc flu hosp,3,17,quantile,0.2,129,2027-04-10
2027-03-20,wk inc flu hosp,3,17,quantile,0.25,136,2027-04-10
2027-03-20,wk inc flu hosp,3,17,quantile,0.3,146,2027-04-10
2027-03-20,wk inc flu hosp,3,17,quantile,0.35,153,2027-04-10
2027-03-20,wk inc flu hosp,3,17,quantile,0.4,163,2027-04-10
2027-03-20,wk inc flu hosp,3,17,quantile,0.45,167,2027-04-10
2027-03-20,wk inc flu hosp,3,17,quantile,0.5,174,2027-04-10
2027-03-20,wk inc flu hosp,3,17,quantile,0.55,178,2027-04-10
2027-03-20,wk inc flu hosp,3,17,quantile,0.6,185,2027-04-10
2027-03-20,wk inc flu hosp,3,17,quantile,0.65,189,2027-04-10
2027-03-20,wk inc flu hosp,3,17,quantile,0.7,192,2027-04-10
2027-03-20,wk inc flu hosp,3,17,quantile,0.75,195,2027-04-10
2027-03-20,wk inc flu hosp,3,17,quantile,0.8,206,2027-04-10
2027-03-20,wk inc flu hosp,3,17,quantile,0.85,213,2027-04-10
2027-03-20,wk inc flu hosp,3,17,quantile,0.9,224,2027-04-10
2027-03-20,wk inc flu hosp,3,17,quantile,0.95,241,2027-04-10
2027-03-20,wk inc flu hosp,3,17,quantile,0.975,251,2027-04-10
2027-03-20,wk inc flu hosp,3,17,quantile,0.99,255,2027-04-10
2027-03-20,wk inc flu hosp,3,18,quantile,0.01,41,2027-04-10
2027-03-20,wk inc flu hosp,3,18,quantile,0.025,44,2027-04-10
2027-03-20,wk inc flu hosp,3,18,quantile,0.05,48,2027-04-10
2027-03-20,wk inc flu hosp,3,18,quantile,0.1,53,2027-04-10
2027-03-20,wk inc flu hosp,3,18,quantile,0.15,57,2027-04-10
2027-03-20,wk inc flu hosp,3,18,quantile,0.2,61,2027-04-10
2027-03-20,wk inc flu hosp,3,18,quantile,0.25,64,2027-04-10
2027-03-20,wk inc flu hosp,3,18,quantile,0.3,67,2027-04-10
2027-03-20,wk inc flu hosp,3,18,quantile,0.35,68,2027-04-10
2027-03-20,wk inc flu hosp,3,18,quantile,0.4,71,2027-04-10
2027-03-20,wk inc flu hosp,3,18,quantile,0.45,74,2027-04-10
2027-03-20,wk inc flu hosp,3,18,quantile,0.5,77,2027-04-10
2027-03-20,wk inc flu hosp,3,18,quantile,0.55,79,2027-04-10
2027-03-20,wk inc flu hosp,3,18,quantile,0.6,83,2027-04-10
2027-03-20,wk inc flu hosp,3,18,quantile,0.65,85,2027-04-10
2027-03-20,wk inc flu hosp,3,18,quantile,0.7,87,2027-04-10
2027-03-20,wk inc flu hosp,3,18,quantile,0.75,92,2027-04-10
2027-03-20,wk inc flu hosp,3,18,quantile,0.8,100,2027-04-10
2027-03-20,wk inc flu hosp,3,18,quantile,0.85,107,2027-04-10
2027-03-20,wk inc flu hosp,3,18,quantile,0.9,114,2027-04-10
2027-03-20,wk inc flu hosp,3,18,quantile,0.95,121,2027-04-10
2027-03-20,wk inc flu hosp,3,18,quantile,0.975,147,2027-04-10
2027-03-20,wk inc flu hosp,3,18,quantile,0.99,155,2027-04-10
2027-03-20,wk inc flu hosp,3,19,quantile,0.01,16,2027-04-10
2027-03-20,wk inc flu hosp,3,19,quantile,0.025,16,2027-04-10
2027-03-20,wk inc flu hosp,3,19,quantile,0.05,17,2027-04-10
2027-03-20,wk inc flu hosp,3,19,quantile,0.1,21,2027-04-10
2027-03-20,wk inc flu hosp,3,19,quantile,0.15,22,2027-04-10
2027-03-20,wk inc flu hosp,3,19,quantile,0.2,23,2027-04-10
2027-03-20,wk inc flu hosp,3,19,quantile,0.25,26,2027-04-10
2027-03-20,wk inc flu hosp,3,19,quantile,0.3,28,2027-04-10
2027-03-20,wk inc flu hosp,3,19,quantile,0.35,29,2027-04-10
2027-03-20,wk inc flu hosp,3,19,quantile,0.4,31,2027-04-10
2027-03-20,wk inc flu hosp,3,19,quantile,0.45,32,2027-04-10
2027-03-20,wk inc flu hosp,3,19,quantile,0.5,33,2027-04-10
2027-03-20,wk inc flu hosp,3,19,quantile,0.55,34,2027-04-10
2027-03-20,wk inc flu hosp,3,19,quantile,0.6,36,2027-04-10
2027-03-20,wk inc flu hosp,3,19,quantile,0.65,38,2027-04-10
2027-03-20,wk inc flu hosp,3,19,quantile,0.7,39,2027-04-10
2027-03-20,wk inc flu hosp,3,19,quantile,0.75,42,2027-04-10
2027-03-20,wk inc flu hosp,3,19,quantile,0.8,43,2027-04-10
2027-03-20,wk inc flu hosp,3,19,quantile,0.85,47,2027-04-10
2027-03-20,wk inc flu hosp,3,19,quantile,0.9,52,2027-04-10
2027-03-20,wk inc flu hosp,3,19,quantile,0.95,60,2027-04-10
2027-03-20,wk inc flu hosp,3,19,quantile,0.975,64,2027-04-10
2027-03-20,wk inc flu hosp,3,19,quantile,0.99,68,2027-04-10
2027-03-20,wk inc flu hosp,3,20,quantile,0.01,14,2027-04-10
2027-03-20,wk inc flu hosp,3,20,quantile,0.025,15,2027-04-10
2027-03-20,wk inc flu hosp,3,20,quantile,0.05,17,2027-04-10
2027-03-20,wk inc flu hosp,3,20,quantile,0.1,22,2027-04-10
2027-03-20,wk inc flu hosp,3,20,quantile,0.15,25,2027-04-10
2027-03-20,wk inc flu hosp,3,20,quantile,0.2,27,2027-04-10
2027-03-20,wk inc flu hosp,3,20,quantile,0.25,29,2027-04-10
2027-03-20,wk inc flu hosp,3,20,quantile,0.3,30,2027-04-10
2027-03-20,wk inc flu hosp,3,20,quantile,0.35,33,2027-04-10
2027-03-20,wk inc flu hosp,3,20,quantile,0.4,34,2027-04-10
2027-03-20,wk inc flu hosp,3,20,quantile,0.45,35,2027-04-10
2027-03-20,wk inc flu hosp,3,20,quantile,0.5,37,2027-04-10
2027-03-20,wk inc flu hosp,3,20,quantile,0.55,39,2027-04-10
2027-03-20,wk inc flu hosp,3,20,quantile,0.6,39,2027-04-10
2027-03-20,wk inc flu hosp,3,20,quantile,0.65,41,2027-04-10
2027-03-20,wk inc flu hosp,3,20,quantile,0.7,43,2027-04-10
2027-03-20,wk inc flu hosp,3,20,quantile,0.75,46,2027-04-10
2027-03-20,wk inc flu hosp,3,20,quantile,0.8,47,2027-04-10
2027-03-20,wk inc flu hosp,3,20,quantile,0.85,47,2027-04-10
2027-03-20,wk inc flu hosp,3,20,quantile,0.9,53,2027-04-10
2027-03-20,wk inc flu hosp,3,20,quantile,0.95,59,2027-04-10
2027-03-20,wk inc flu hosp,3,20,quantile,0.975,67,2027-04-10
2027-03-20,wk inc flu hosp,3,20,quantile,0.99,69,2027-04-10
2027-03-20,wk inc flu hosp,3,21,quantile,0.01,26,2027-04-10
2027-03-20,wk inc flu hosp,3,21,quantile,0.025,44,2027-04-10
2027-03-20,wk inc flu hosp,3,21,quantile,0.05,47,2027-04-10
2027-03-20,wk inc flu hosp,3,21,quantile,0.1,60,2027-04-10
2027-03-20,wk inc flu hosp,3,21,quantile,0.15,65,2027-04-10
2027-03-20,wk inc flu hosp,3,21,quantile,0.2,69,2027-04-10
2027-03-20,wk inc flu hosp,3,21,quantile,0.25,73,2027-04-10
2027-03-20,wk inc flu hosp,3,21,quantile,0.3,76,2027-04-10
2027-03-20,wk inc flu hosp,3,21,quantile,0.35,80,2027-04-10
2027-03-20,wk inc flu hosp,3,21,quantile,0.4,85,2027-04-10
2027-03-20,wk inc flu hosp,3,21,quantile,0.45,89,2027-04-10
2027-03-20,wk inc flu hosp,3,21,quantile,0.5,92,2027-04-10
2027-03-20,wk inc flu hosp,3,21,quantile,0.55,95,2027-04-10
2027-03-20,wk inc flu hosp,3,21,quantile,0.6,99,2027-04-10
2027-03-20,wk inc flu hosp,3,21,quantile,0.65,103,2027-04-10
2027-03-20,wk inc flu hosp,3,21,quantile,0.7,106,2027-04-10
2027-03-20,wk inc flu hosp,3,21,quantile,0.75,111,2027-04-10
2027-03-20,wk inc flu hosp,3,21,quantile,0.8,118,2027-04-10
2027-03-20,wk inc flu hosp,3,21,quantile,0.85,121,2027-04-10
2027-03-20,wk inc flu hosp,3,21,quantile,0.9,125,2027-04-10
2027-03-20,wk inc flu hosp,3,21,quantile,0.95,143,2027-04-10
2027-03-20,wk inc flu hosp,3,21,quantile,0.975,152,2027-04-10
2027-03-20,wk inc flu hosp,3,21,quantile,0.99,161,2027-04-10
2027-03-20,wk inc flu hosp,3,22,quantile,0.01,28,2027-04-10
2027-03-20,wk inc flu hosp,3,22,quantile,0.025,31,2027-04-10
2027-03-20,wk inc flu hosp,3,22,quantile,0.05,36,2027-04-10
2027-03-20,wk inc flu hosp,3,22,quantile,0.1,40,2027-04-10
2027-03-20,wk inc flu hosp,3,22,quantile,0.15,48,2027-04-10
2027-03-20,wk inc flu hosp,3,22,quantile,0.2,49,2027-04-10
2027-03-20,wk inc flu hosp,3,22,quantile,0.25,51,2027-04-10
2027-03-20,wk inc flu hosp,3,22,quantile,0.3,53,2027-04-10
2027-03-20,wk inc flu hosp,3,22,quantile,0.35,57,2027-04-10
2027-03-20,wk inc flu hosp,3,22,quantile,0.4,58,2027-04-10
2027-03-20,wk inc flu hosp,3,22,quantile,0.45,60,2027-04-10
2027-03-20,wk inc flu hosp,3,22,quantile,0.5,62,2027-04-10
2027-03-20,wk inc flu hosp,3,22,quantile,0.55,63,2027-04-10
2027-03-20,wk inc flu hosp,3,22,quantile,0.6,66,2027-04-10
2027-03-20,wk inc flu hosp,3,22,quantile,0.65,71,2027-04-10
2027-03-20,wk inc flu hosp,3,22,quantile,0.7,77,2027-04-10
2027-03-20,wk inc flu hosp,3,22,quantile,0.75,81,2027-04-10
2027-03-20,wk inc flu hosp,3,22,quantile,0.8,86,2027-04-10
2027-03-20,wk inc flu hosp,3,22,quantile,0.85,90,2027-04-10
2027-03-20,wk inc flu hosp,3,22,quantile,0.9,102,2027-04-10
2027-03-20,wk inc flu hosp,3,22,quantile,0.95,109,2027-04-10
2027-03-20,wk inc flu hosp,3,22,quantile,0.975,121,2027-04-10
2027-03-20,wk inc flu hosp,3,22,quantile,0.99,136,2027-04-10
2027-03-20,wk inc flu hosp,3,23,quantile,0.01,9,2027-04-10
2027-03-20,wk inc flu hosp,3,23,quantile,0.025,11,2027-04-10
2027-03-20,wk inc flu hosp,3,23,quantile,0.05,13,2027-04-10
2027-03-20,wk inc flu hosp,3,23,quantile,0.1,14,2027-04-10
2027-03-20,wk inc flu hosp,3,23,quantile,0.15,17,2027-04-10
2027-03-20,wk inc flu hosp,3,23,quantile,0.2,18,2027-04-10
2027-03-20,wk inc flu hosp,3,23,quantile,0.25,19,2027-04-10
2027-03-20,wk inc flu hosp,3,23,quantile,0.3,20,2027-04-10
2027-03-20,wk inc flu hosp,3,23,quantile,0.35,21,2027-04-10
2027-03-20,wk inc flu hosp,3,23,quantile,0.4,23,2027-04-10
2027-03-20,wk inc flu hosp,3,23,quantile,0.45,24,2027-04-10
2027-03-20,wk inc flu hosp,3,23,quantile,0.5,24,2027-04-10
2027-03-20,wk inc flu hosp,3,23,quantile,0.55,25,2027-04-10
2027-03-20,wk inc flu hosp,3,23,quantile,0.6,26,2027-04-10
2027-03-20,wk inc flu hosp,3,23,quantile,0.65,28,2027-04-10
2027-03-20,wk inc flu hosp,3,23,quantile,0.7,29,2027-04-10
2027-03-20,wk inc flu hosp,3,23,quantile,0.75,31,2027-04-10
2027-03-20,wk inc flu hosp,3,23,quantile,0.8,32,2027-04-10
2027-03-20,wk inc flu hosp,3,23,quantile,0.85,37,2027-04-10
2027-03-20,wk inc flu hosp,3,23,quantile,0.9,40,2027-04-10
2027-03-20,wk inc flu hosp,3,23,quantile,0.95,46,2027-04-10
2027-03-20,wk inc flu hosp,3,23,quantile,0.975,53,2027-04-10
2027-03-20,wk inc flu hosp,3,23,quantile,0.99,65,2027-04-10
2027-03-20,wk inc flu hosp,3,24,quantile,0.01,22,2027-04-10
2027-03-20,wk inc flu hosp,3,24,quantile,0.025,26,2027-04-10
2027-03-20,wk inc flu hosp,3,24,quantile,0.05,29,2027-04-10
2027-03-20,wk inc flu hosp,3,24,quantile,0.1,34,2027-04-10
2027-03-20,wk inc flu hosp,3,24,quantile,0.15,41,2027-04-10
2027-03-20,wk inc flu hosp,3,24,quantile,0.2,45,2027-04-10
2027-03-20,wk inc flu hosp,3,24,quantile,0.25,50,2027-04-10
2027-03-20,wk inc flu hosp,3,24,quantile,0.3,52,2027-04-10
2027-03-20,wk inc flu hosp,3,24,quantile,0.35,55,2027-04-10
2027-03-20,wk inc flu hosp,3,24,quantile,0.4,58,2027-04-10
2027-03-20,wk inc flu hosp,3,24,quantile,0.45,62,2027-04-10
2027-03-20,wk inc flu hosp,3,24,quantile,0.5,64,2027-04-10
2027-03-20,wk inc flu hosp,3,24,quantile,0.55,68,2027-04-10
2027-03-20,wk inc flu hosp,3,24,quantile,0.6,71,2027-04-10
2027-03-20,wk inc flu hosp,3,24,quantile,0.65,73,2027-04-10
2027-03-20,wk inc flu hosp,3,24,quantile,0.7,78,2027-04-10
2027-03-20,wk inc flu hosp,3,24,quantile,0.75,81,2027-04-10
2027-03-20,wk inc flu hosp,3,24,quantile,0.8,84,2027-04-10
2027-03-20,wk inc flu hosp,3,24,quantile,0.85,99,2027-04-10
2027-03-20,wk inc flu hosp,3,24,quantile,0.9,103,2027-04-10
2027-03-20,wk inc flu hosp,3,24,quantile,0.95,113,2027-04-10
2027-03-20,wk inc flu hosp,3,24,quantile,0.975,128,2027-04-10
2027-03-20,wk inc flu hosp,3,24,quantile,0.99,137,2027-04-10
2027-03-20,wk inc flu hosp,3,25,quantile,0.01,36,2027-04-10
2027-03-20,wk inc flu hosp,3,25,quantile,0.025,38,2027-04-10
2027-03-20,wk inc flu hosp,3,25,quantile,0.05,45,2027-04-10
2027-03-20,wk inc flu hosp,3,25,quantile,0.1,50,2027-04-10
2027-03-20,wk inc flu hosp,3,25,quantile,0.15,54,2027-04-10
2027-03-20,wk inc flu hosp,3,25,quantile,0.2,57,2027-04-10
2027-03-20,wk inc flu hosp,3,25,quantile,0.25,61,2027-04-10
2027-03-20,wk inc flu hosp,3,25,quantile,0.3,62,2027-04-10
2027-03-20,wk inc flu hosp,3,25,quantile,0.35,65,2027-04-10
2027-03-20,wk inc flu hosp,3,25,quantile,0.4,68,2027-04-10
2027-03-20,wk inc flu hosp,3,25,quantile,0.45,72,2027-04-10
2027-03-20,wk inc flu hosp,3,25,quantile,0.5,74,2027-04-10
2027-03-20,wk inc flu hosp,3,25,quantile,0.55,77,2027-04-10
2027-03-20,wk inc flu hosp,3,25,quantile,0.6,81,2027-04-10
2027-03-20,wk inc flu hosp,3,25,quantile,0.65,85,2027-04-10
2027-03-20,wk inc flu hosp,3,25,quantile,0.7,88,2027-04-10
2027-03-20,wk inc flu hosp,3,25,quantile,0.75,92,2027-04-10
2027-03-20,wk inc flu hosp,3,25,quantile,0.8,98,2027-04-10
2027-03-20,wk inc flu hosp,3,25,quantile,0.85,101,2027-04-10
2027-03-20,wk inc flu hosp,3,25,quantile,0.9,114,2027-04-10
2027-03-20,wk inc flu hosp,3,25,quantile,0.95,139,2027-04-10
2027-03-20,wk inc flu hosp,3,25,quantile,0.975,145,2027-04-10
2027-03-20,wk inc flu hosp,3,25,quantile,0.99,150,2027-04-10
2027-03-20,wk inc flu hosp,3,26,quantile,0.01,99,2027-04-10
2027-03-20,wk inc flu hosp,3,26,quantile,0.025,115,2027-04-10
2027-03-20,wk inc flu hosp,3,26,quantile,0.05,120,2027-04-10
2027-03-20,wk inc flu hosp,3,26,quantile,0.1,142,2027-04-10
2027-03-20,wk inc flu hosp,3,26,quantile,0.15,157,2027-04-10
2027-03-20,wk inc flu hosp,3,26,quantile,0.2,164,2027-04-10
2027-03-20,wk inc flu hosp,3,26,quantile,0.25,174,2027-04-10
2027-03-20,wk inc flu hosp,3,26,quantile,0.3,185,2027-04-10
2027-03-20,wk inc flu hosp,3,26,quantile,0.35,196,2027-04-10
2027-03-20,wk inc flu hosp,3,26,quantile,0.4,200,2027-04-10
2027-03-20,wk inc flu hosp,3,26,quantile,0.45,210,2027-04-10
2027-03-20,wk inc flu hosp,3,26,quantile,0.5,218,2027-04-10
2027-03-20,wk inc flu hosp,3,26,quantile,0.55,227,2027-04-10
2027-03-20,wk inc flu hosp,3,26,quantile,0.6,235,2027-04-10
2027-03-20,wk inc flu hosp,3,26,quantile,0.65,244,2027-04-10
2027-03-20,wk inc flu hosp,3,26,quantile,0.7,252,2027-04-10
2027-03-20,wk inc flu hosp,3,26,quantile,0.75,261,2027-04-10
2027-03-20,wk inc flu hosp,3,26,quantile,0.8,276,2027-04-10
2027-03-20,wk inc flu hosp,3,26,quantile,0.85,284,2027-04-10
2027-03-20,wk inc flu hosp,3,26,quantile,0.9,308,2027-04-10
2027-03-20,wk inc flu hosp,3,26,quantile,0.95,392,2027-04-10
2027-03-20,wk inc flu hosp,3,26,quantile,0.975,421,2027-04-10
2027-03-20,wk inc flu hosp,3,26,quantile,0.99,443,2027-04-10
2027-03-20,wk inc flu hosp,3,27,quantile,0.01,21,2027-04-10
2027-03-20,wk inc flu hosp,3,27,quantile,0.025,22,2027-04-10
2027-03-20,wk inc flu hosp,3,27,quantile,0.05,26,2027-04-10
2027-03-20,wk inc flu hosp,3,27,quantile,0.1,36,2027-04-10
2027-03-20,wk inc flu hosp,3,27,quantile,0.15,38,2027-04-10
2027-03-20,wk inc flu hosp,3,27,quantile,0.2,41,2027-04-10
2027-03-20,wk inc flu hosp,3,27,quantile,0.25,43,2027-04-10
2027-03-20,wk inc flu hosp,3,27,quantile,0.3,46,2027-04-10
2027-03-20,wk inc flu hosp,3,27,quantile,0.35,48,2027-04-10
2027-03-20,wk inc flu hosp,3,27,quantile,0.4,50,2027-04-10
2027-03-20,wk inc flu hosp,3,27,quantile,0.45,53,2027-04-10
2027-03-20,wk inc flu hosp,3,27,quantile,0.5,56,2027-04-10
2027-03-20,wk inc flu hosp,3,27,quantile,0.55,59,2027-04-10
2027-03-20,wk inc flu hosp,3,27,quantile,0.6,62,2027-04-10
2027-03-20,wk inc flu hosp,3,27,quantile,0.65,66,2027-04-10
2027-03-20,wk inc flu hosp,3,27,quantile,0.7,68,2027-04-10
2027-03-20,wk inc flu hosp,3,27,quantile,0.75,70,2027-04-10
2027-03-20,wk inc flu hosp,3,27,quantile,0.8,76,2027-04-10
2027-03-20,wk inc flu hosp,3,27,quantile,0.85,80,2027-04-10
2027-03-20,wk inc flu hosp,3,27,quantile,0.9,92,2027-04-10
2027-03-20,wk inc flu hosp,3,27,quantile,0.95,107,2027-04-10
2027-03-20,wk inc flu hosp,3,27,quantile,0.975,125,2027-04-10
2027-03-20,wk inc flu hosp,3,27,quantile,0.99,151,2027-04-10
2027-03-20,wk inc flu hosp,3,28,quantile,0.01,12,2027-04-10
2027-03-20,wk inc flu hosp,3,28,quantile,0.025,14,2027-04-10
2027-03-20,wk inc flu hosp,3,28,quantile,0.05,18,2027-04-10
2027-03-20,wk inc flu hosp,3,28,quantile,0.1,20,2027-04-10
2027-03-20,wk inc flu hosp,3,28,quantile,0.15,23,2027-04-10
2027-03-20,wk inc flu hosp,3,28,quantile,0.2,26,2027-04-10
2027-03-20,wk inc flu hosp,3,28,quantile,0.25,28,2027-04-10
2027-03-20,wk inc flu hosp,3,28,quantile,0.3,29,2027-04-10
2027-03-20,wk inc flu hosp,3,28,quantile,0.35,30,2027-04-10
2027-03-20,wk inc flu hosp,3,28,quantile,0.4,32,2027-04-10
2027-03-20,wk inc flu hosp,3,28,quantile,0.45,35,2027-04-10
2027-03-20,wk inc flu hosp,3,28,quantile,0.5,36,2027-04-10
2027-03-20,wk inc flu hosp,3,28,quantile,0.55,38,2027-04-10
2027-03-20,wk inc flu hosp,3,28,quantile,0.6,40,2027-04-10
2027-03-20,wk inc flu hosp,3,28,quantile,0.65,42,2027-04-10
2027-03-20,wk inc flu hosp,3,28,quantile,0.7,44,2027-04-10
2027-03-20,wk inc flu hosp,3,28,quantile,0.75,47,2027-04-10
2027-03-20,wk inc flu hosp,3,28,quantile,0.8,49,2027-04-10
2027-03-20,wk inc flu hosp,3,28,quantile,0.85,52,2027-04-10
2027-03-20,wk inc flu hosp,3,28,quantile,0.9,58,2027-04-10
2027-03-20,wk inc flu hosp,3,28,quantile,0.95,67,2027-04-10
2027-03-20,wk inc flu hosp,3,28,quantile,0.975,79,2027-04-10
2027-03-20,wk inc flu hosp,3,28,quantile,0.99,88,2027-04-10
2027-03-20,wk inc flu hosp,3,29,quantile,0.01,43,2027-04-10
2027-03-20,wk inc flu hosp,3,29,quantile,0.025,46,2027-04-10
2027-03-20,wk inc flu hosp,3,29,quantile,0.05,48,2027-04-10
2027-03-20,wk inc flu hosp,3,29,quantile,0.1,53,2027-04-10
2027-03-20,wk inc flu hosp,3,29,quantile,0.15,55,2027-04-10
2027-03-20,wk inc flu hosp,3,29,quantile,0.2,59,2027-04-10
2027-03-20,wk inc flu hosp,3,29,quantile,0.25,62,2027-04-10
2027-03-20,wk inc flu hosp,3,29,quantile,0.3,64,2027-04-10
2027-03-20,wk inc flu hosp,3,29,quantile,0.35,69,2027-04-10
2027-03-20,wk inc flu hosp,3,29,quantile,0.4,71,2027-04-10
2027-03-20,wk inc flu hosp,3,29,quantile,0.45,74,2027-04-10
2027-03-20,wk inc flu hosp,3,29,quantile,0.5,78,2027-04-10
2027-03-20,wk inc flu hosp,3,29,quantile,0.55,81,2027-04-10
2027-03-20,wk inc flu hosp,3,29,quantile,0.6,85,2027-04-10
2027-03-20,wk inc flu hosp,3,29,quantile,0.65,87,2027-04-10
2027-03-20,wk inc flu hosp,3,29,quantile,0.7,89,2027-04-10
2027-03-20,wk inc flu hosp,3,29,quantile,0.75,91,2027-04-10
2027-03-20,wk inc flu hosp,3,29,quantile,0.8,96,2027-04-10
2027-03-20,wk inc flu hosp,3,29,quantile,0.85,98,2027-04-10
2027-03-20,wk inc flu hosp,3,29,quantile,0.9,107,2027-04-10
2027-03-20,wk inc flu hosp,3,29,quantile,0.95,115,2027-04-10
2027-03-20,wk inc flu hosp,3,29,quantile,0.975,122,2027-04-10
2027-03-20,wk inc flu hosp,3,29,quantile,0.99,138,2027-04-10
2027-03-20,wk inc flu hosp,3,30,quantile,0.01,9,2027-04-10
2027-03-20,wk inc flu hosp,3,30,quantile,0.025,10,2027-04-10
2027-03-20,wk inc flu hosp,3,30,quantile,0.05,12,2027-04-10
2027-03-20,wk inc flu hosp,3,30,quantile,0.1,15,2027-04-10
2027-03-20,wk inc flu hosp,3,30,quantile,0.15,17,2027-04-10
2027-03-20,wk inc flu hosp,3,30,quantile,0.2,19,2027-04-10
2027-03-20,wk inc flu hosp,3,30,quantile,0.25,20,2027-04-10
2027-03-20,wk inc flu hosp,3,30,quantile,0.3,21,2027-04-10
2027-03-20,wk inc flu hosp,3,30,quantile,0.35,23,2027-04-10
2027-03-20,wk inc flu hosp,3,30,quantile,0.4,25,2027-04-10
2027-03-20,wk inc flu hosp,3,30,quantile,0.45,27,2027-04-10
2027-03-20,wk inc flu hosp,3,30,quantile,0.5,30,2027-04-10
2027-03-20,wk inc flu hosp,3,30,quantile,0.55,31,2027-04-10
2027-03-20,wk inc flu hosp,3,30,quantile,0.6,32,2027-04-10
2027-03-20,wk inc flu hosp,3,30,quantile,0.65,34,2027-04-10
2027-03-20,wk inc flu hosp,3,30,quantile,0.7,36,2027-04-10
2027-03-20,wk inc flu hosp,3,30,quantile,0.75,40,2027-04-10
2027-03-20,wk inc flu hosp,3,30,quantile,0.8,43,2027-04-10
2027-03-20,wk inc flu hosp,3,30,quantile,0.85,46,2027-04-10
2027-03-20,wk inc flu hosp,3,30,quantile,0.9,50,2027-04-10
2027-03-20,wk inc flu hosp,3,30,quantile,0.95,67,2027-04-10
2027-03-20,wk inc flu hosp,3,30,quantile,0.975,74,2027-04-10
2027-03-20,wk inc flu hosp,3,30,quantile,0.99,78,2027-04-10
2027-03-20,wk inc flu hosp,3,31,quantile,0.01,4,2027-04-10
2027-03-20,wk inc flu hosp,3,31,quantile,0.025,5,2027-04-10
2027-03-20,wk inc flu hosp,3,31,quantile,0.05,6,2027-04-10
2027-03-20,wk inc flu hosp,3,31,quantile,0.1,8,2027-04-10
2027-03-20,wk inc flu hosp,3,31,quantile,0.15,9,2027-04-10
2027-03-20,wk inc flu hosp,3,31,quantile,0.2,11,2027-04-10
2027-03-20,wk inc flu hosp,3,31,quantile,0.25,12,2027-04-10
2027-03-20,wk inc flu hosp,3,31,quantile,0.3,14,2027-04-10
2027-03-20,wk inc flu hosp,3,31,quantile,0.35,15,2027-04-10
2027-03-20,wk inc flu hosp,3,31,quantile,0.4,15,2027-04-10
2027-03-20,wk inc flu hosp,3,31,quantile,0.45,16,2027-04-10
2027-03-20,wk inc flu hosp,3,31,quantile,0.5,17,2027-04-10
2027-03-20,wk inc flu hosp,3,31,quantile,0.55,18,2027-04-10
2027-03-20,wk inc flu hosp,3,31,quantile,0.6,19,2027-04-10
2027-03-20,wk inc flu hosp,3,31,quantile,0.65,20,2027-04-10
2027-03-20,wk inc flu hosp,3,31,quantile,0.7,21,2027-04-10
2027-03-20,wk inc flu hosp,3,31,quantile,0.75,23,2027-04-10
2027-03-20,wk inc flu hosp,3,31,quantile,0.8,24,2027-04-10
2027-03-20,wk inc flu hosp,3,31,quantile,0.85,24,2027-04-10
2027-03-20,wk inc flu hosp,3,31,quantile,0.9,26,2027-04-10
2027-03-20,wk inc flu hosp,3,31,quantile,0.95,29,2027-04-10
2027-03-20,wk inc flu hosp,3,31,quantile,0.975,30,2027-04-10
2027-03-20,wk inc flu hosp,3,31,quantile,0.99,33,2027-04-10
2027-03-20,wk inc flu hosp,3,32,quantile,0.01,16,2027-04-10
2027-03-20,wk inc flu hosp,3,32,quantile,0.025,21,2027-04-10
2027-03-20,wk inc flu hosp,3,32,quantile,0.05,23,2027-04-10
2027-03-20,wk inc flu hosp,3,32,quantile,0.1,26,2027-04-10
2027-03-20,wk inc flu hosp,3,32,quantile,0.15,28,2027-04-10
2027-03-20,wk inc flu hosp,3,32,quantile,0.2,30,2027-04-10
2027-03-20,wk inc flu hosp,3,32,quantile,0.25,34,2027-04-10
2027-03-20,wk inc flu hosp,3,32,quantile,0.3,36,2027-04-10
2027-03-20,wk inc flu hosp,3,32,quantile,0.35,38,2027-04-10
2027-03-20,wk inc flu hosp,3,32,quantile,0.4,39,2027-04-10
2027-03-20,wk inc flu hosp,3,32,quantile,0.45,41,2027-04-10
2027-03-20,wk inc flu hosp,3,32,quantile,0.5,43,2027-04-10
2027-03-20,wk inc flu hosp,3,32,quantile,0.55,45,2027-04-10
2027-03-20,wk inc flu hosp,3,32,quantile,0.6,46,2027-04-10
2027-03-20,wk inc flu hosp,3,32,quantile,0.65,49,2027-04-10
2027-03-20,wk inc flu hosp,3,32,quantile,0.7,51,2027-04-10
2027-03-20,wk inc flu hosp,3,32,quantile,0.75,57,2027-04-10
2027-03-20,wk inc flu hosp,3,32,quantile,0.8,61,2027-04-10
2027-03-20,wk inc flu hosp,3,32,quantile,0.85,64,2027-04-10
2027-03-20,wk inc flu hosp,3,32,quantile,0.9,70,2027-04-10
2027-03-20,wk inc flu hosp,3,32,quantile,0.95,84,2027-04-10
2027-03-20,wk inc flu hosp,3,32,quantile,0.975,92,2027-04-10
2027-03-20,wk inc flu hosp,3,32,quantile,0.99,97,2027-04-10
2027-03-20,wk inc flu hosp,3,33,quantile,0.01,4,2027-04-10
2027-03-20,wk inc flu hosp,3,33,quantile,0.025,5,2027-04-10
2027-03-20,wk inc flu hosp,3,33,quantile,0.05,6,2027-04-10
2027-03-20,wk inc flu hosp,3,33,quantile,0.1,10,2027-04-10
2027-03-20,wk inc flu hosp,3,33,quantile,0.15,10,2027-04-10
2027-03-20,wk inc flu hosp,3,33,quantile,0.2,11,2027-04-10
2027-03-20,wk inc flu hosp,3,33,quantile,0.25,12,2027-04-10
2027-03-20,wk inc flu hosp,3,33,quantile,0.3,13,2027-04-10
2027-03-20,wk inc flu hosp,3,33,quantile,0.35,15,2027-04-10
2027-03-20,wk inc flu hosp,3,33,quantile,0.4,16,2027-04-10
2027-03-20,wk inc flu hosp,3,33,quantile,0.45,17,2027-04-10
2027-03-20,wk inc flu hosp,3,33,quantile,0.5,17,2027-04-10
2027-03-20,wk inc flu hosp,3,33,quantile,0.55,18,2027-04-10
2027-03-20,wk inc flu hosp,3,33,quantile,0.6,20,2027-04-10
2027-03-20,wk inc flu hosp,3,33,quantile,0.65,21,2027-04-10
2027-03-20,wk inc flu hosp,3,33,quantile,0.7,23,2027-04-10
2027-03-20,wk inc flu hosp,3,33,quantile,0.75,24,2027-04-10
2027-03-20,wk inc flu hosp,3,33,quantile,0.8,26,2027-04-10
2027-03-20,wk inc flu hosp,3,33,quantile,0.85,27,2027-04-10
2027-03-20,wk inc flu hosp,3,33,quantile,0.9,30,2027-04-10
2027-03-20,wk inc flu hosp,3,33,quantile,0.95,32,2027-04-10
2027-03-20,wk inc flu hosp,3,33,quantile,0.975,37,2027-04-10
2027-03-20,wk inc flu hosp,3,33,quantile,0.99,42,2027-04-10
2027-03-20,wk inc flu hosp,3,34,quantile,0.01,48,2027-04-10
2027-03-20,wk inc flu hosp,3,34,quantile,0.025,55,2027-04-10
2027-03-20,wk inc flu hosp,3,34,quantile,0.05,63,2027-04-10
2027-03-20,wk inc flu hosp,3,34,quantile,0.1,73,2027-04-10
2027-03-20,wk inc flu hosp,3,34,quantile,0.15,79,2027-04-10
2027-03-20,wk inc flu hosp,3,34,quantile,0.2,85,2027-04-10
2027-03-20,wk inc flu hosp,3,34,quantile,0.25,91,2027-04-10
2027-03-20,wk inc flu hosp,3,34,quantile,0.3,94,2027-04-10
2027-03-20,wk inc flu hosp,3,34,quantile,0.35,100,2027-04-10
2027-03-20,wk inc flu hosp,3,34,quantile,0.4,103,2027-04-10
2027-03-20,wk inc flu hosp,3,34,quantile,0.45,108,2027-04-10
2027-03-20,wk inc flu hosp,3,34,quantile,0.5,110,2027-04-10
2027-03-20,wk inc flu hosp,3,34,quantile,0.55,116,2027-04-10
2027-03-20,wk inc flu hosp,3,34,quantile,0.6,123,2027-04-10
2027-03-20,wk inc flu hosp,3,34,quantile,0.65,128,2027-04-10
2027-03-20,wk inc flu hosp,3,34,quantile,0.7,135,2027-04-10
2027-03-20,wk inc flu hosp,3,34,quantile,0.75,139,2027-04-10
2027-03-20,wk inc flu hosp,3,34,quantile,0.8,146,2027-04-10
2027-03-20,wk inc flu hosp,3,34,quantile,0.85,157,2027-04-10
2027-03-20,wk inc flu hosp,3,34,quantile,0.9,170,2027-04-10
2027-03-20,wk inc flu hosp,3,34,quantile,0.95,188,2027-04-10
2027-03-20,wk inc flu hosp,3,34,quantile,0.975,201,2027-04-10
2027-03-20,wk inc flu hosp,3,34,quantile,0.99,224,2027-04-10
2027-03-20,wk inc flu hosp,3,35,quantile,0.01,6,2027-04-10
2027-03-20,wk inc flu hosp,3,35,quantile,0.025,8,2027-04-10
2027-03-20,wk inc flu hosp,3,35,quantile,0.05,11,2027-04-10
2027-03-20,wk inc flu hosp,3,35,quantile,0.1,15,2027-04-10
2027-03-20,wk inc flu hosp,3,35,quantile,0.15,17,2027-04-10
2027-03-20,wk inc flu hosp,3,35,quantile,0.2,19,2027-04-10
2027-03-20,wk inc flu hosp,3,35,quantile,0.25,20,2027-04-10
2027-03-20,wk inc flu hosp,3,35,quantile,0.3,22,2027-04-10
2027-03-20,wk inc flu hosp,3,35,quantile,0.35,23,2027-04-10
2027-03-20,wk inc flu hosp,3,35,quantile,0.4,26,2027-04-10
2027-03-20,wk inc flu hosp,3,35,quantile,0.45,26,2027-04-10
2027-03-20,wk inc flu hosp,3,35,quantile,0.5,28,2027-04-10
2027-03-20,wk inc flu hosp,3,35,quantile,0.55,29,2027-04-10
2027-03-20,wk inc flu hosp,3,35,quantile,0.6,30,2027-04-10
2027-03-20,wk inc flu hosp,3,35,quantile,0.65,30,2027-04-10
2027-03-20,wk inc flu hosp,3,35,quantile,0.7,32,2027-04-10
2027-03-20,wk inc flu hosp,3,35,quantile,0.75,35,2027-04-10
2027-03-20,wk inc flu hosp,3,35,quantile,0.8,37,2027-04-10
2027-03-20,wk inc flu hosp,3,35,quantile,0.85,39,2027-04-10
2027-03-20,wk inc flu hosp,3,35,quantile,0.9,42,2027-04-10
2027-03-20,wk inc flu hosp,3,35,quantile,0.95,47,2027-04-10
2027-03-20,wk inc flu hosp,3,35,quantile,0.975,57,2027-04-10
2027-03-20,wk inc flu hosp,3,35,quantile,0.99,59,2027-04-10
2027-03-20,wk inc flu hosp,3,36,quantile,0.01,154,2027-04-10
2027-03-20,wk inc flu hosp,3,36,quantile,0.025,167,2027-04-10
2027-03-20,wk inc flu hosp,3,36,quantile,0.05,181,2027-04-10
2027-03-20,wk inc flu hosp,3,36,quantile,0.1,198,2027-04-10
2027-03-20,wk inc flu hosp,3,36,quantile,0.15,219,2027-04-10
2027-03-20,wk inc flu hosp,3,36,quantile,0.2,234,2027-04-10
2027-03-20,wk inc flu hosp,3,36,quantile,0.25,237,2027-04-10
2027-03-20,wk inc flu hosp,3,36,quantile,0.3,241,2027-04-10
2027-03-20,wk inc flu hosp,3,36,quantile,0.35,256,2027-04-10
2027-03-20,wk inc flu hosp,3,36,quantile,0.4,266,2027-04-10
2027-03-20,wk inc flu hosp,3,36,quantile,0.45,279,2027-04-10
2027-03-20,wk inc flu hosp,3,36,quantile,0.5,294,2027-04-10
2027-03-20,wk inc flu hosp,3,36,quantile,0.55,300,2027-04-10
2027-03-20,wk inc flu hosp,3,36,quantile,0.6,316,2027-04-10
2027-03-20,wk inc flu hosp,3,36,quantile,0.65,322,2027-04-10
2027-03-20,wk inc flu hosp,3,36,quantile,0.7,338,2027-04-10
2027-03-20,wk inc flu hosp,3,36,quantile,0.75,366,2027-04-10
2027-03-20,wk inc flu hosp,3,36,quantile,0.8,386,2027-04-10
2027-03-20,wk inc flu hosp,3,36,quantile,0.85,400,2027-04-10
2027-03-20,wk inc flu hosp,3,36,quantile,0.9,425,2027-04-10
2027-03-20,wk inc flu hosp,3,36,quantile,0.95,526,2027-04-10
2027-03-20,wk inc flu hosp,3,36,quantile,0.975,587,2027-04-10
2027-03-20,wk inc flu hosp,3,36,quantile,0.99,605,2027-04-10
2027-03-20,wk inc flu hosp,3,37,quantile,0.01,30,2027-04-10
2027-03-20,wk inc flu hosp,3,37,quantile,0.025,34,2027-04-10
2027-03-20,wk inc flu hosp,3,37,quantile,0.05,35,2027-04-10
2027-03-20,wk inc flu hosp,3,37,quantile,0.1,39,2027-04-10
2027-03-20,wk inc flu hosp,3,37,quantile,0.15,44,2027-04-10
2027-03-20,wk inc flu hosp,3,37,quantile,0.2,46,2027-04-10
2027-03-20,wk inc flu hosp,3,37,quantile,0.25,51,2027-04-10
2027-03-20,wk inc flu hosp,3,37,quantile,0.3,54,2027-04-10
2027-03-20,wk inc flu hosp,3,37,quantile,0.35,56,2027-04-10
2027-03-20,wk inc flu hosp,3,37,quantile,0.4,58,2027-04-10
2027-03-20,wk inc flu hosp,3,37,quantile,0.45,60,2027-04-10
2027-03-20,wk inc flu hosp,3,37,quantile,0.5,64,2027-04-10
2027-03-20,wk inc flu hosp,3,37,quantile,0.55,67,2027-04-10
2027-03-20,wk inc flu hosp,3,37,quantile,0.6,71,2027-04-10
2027-03-20,wk inc flu hosp,3,37,quantile,0.65,74,2027-04-10
2027-03-20,wk inc flu hosp,3,37,quantile,0.7,78,2027-04-10
2027-03-20,wk inc flu hosp,3,37,quantile,0.75,81,2027-04-10
2027-03-20,wk inc flu hosp,3,37,quantile,0.8,86,2027-04-10
2027-03-20,wk inc flu hosp,3,37,quantile,0.85,90,2027-04-10
2027-03-20,wk inc flu hosp,3,37,quantile,0.9,97,2027-04-10
2027-03-20,wk inc flu hosp,3,37,quantile,0.95,117,2027-04-10
2027-03-20,wk inc flu hosp,3,37,quantile,0.975,144,2027-04-10
2027-03-20,wk inc flu hosp,3,37,quantile,0.99,163,2027-04-10
2027-03-20,wk inc flu hosp,3,38,quantile,0.01,8,2027-04-10
2027-03-20,wk inc flu hosp,3,38,quantile,0.025,10,2027-04-10
2027-03-20,wk inc flu hosp,3,38,quantile,0.05,11,2027-04-10
2027-03-20,wk inc flu hosp,3,38,quantile,0.1,14,2027-04-10
2027-03-20,wk inc flu hosp,3,38,quantile,0.15,16,2027-04-10
2027-03-20,wk inc flu hosp,3,38,quantile,0.2,18,2027-04-10
2027-03-20,wk inc flu hosp,3,38,quantile,0.25,19,2027-04-10
2027-03-20,wk inc flu hosp,3,38,quantile,0.3,20,2027-04-10
2027-03-20,wk inc flu hosp,3,38,quantile,0.35,21,2027-04-10
2027-03-20,wk inc flu hosp,3,38,quantile,0.4,22,2027-04-10
2027-03-20,wk inc flu hosp,3,38,quantile,0.45,23,2027-04-10
2027-03-20,wk inc flu hosp,3,38,quantile,0.5,24,2027-04-10
2027-03-20,wk inc flu hosp,3,38,quantile,0.55,25,2027-04-10
2027-03-20,wk inc flu hosp,3,38,quantile,0.6,26,2027-04-10
2027-03-20,wk inc flu hosp,3,38,quantile,0.65,27,2027-04-10
2027-03-20,wk inc flu hosp,3,38,quantile,0.7,28,2027-04-10
2027-03-20,wk inc flu hosp,3,38,quantile,0.75,29,2027-04-10
2027-03-20,wk inc flu hosp,3,38,quantile,0.8,32,2027-04-10
2027-03-20,wk inc flu hosp,3,38,quantile,0.85,34,2027-04-10
2027-03-20,wk inc flu hosp,3,38,quantile,0.9,39,2027-04-10
2027-03-20,wk inc flu hosp,3,38,quantile,0.95,43,2027-04-10
2027-03-20,wk inc flu hosp,3,38,quantile,0.975,48,2027-04-10
2027-03-20,wk inc flu hosp,3,38,quantile,0.99,52,2027-04-10
2027-03-20,wk inc flu hosp,3,39,quantile,0.01,42,2027-04-10
2027-03-20,wk inc flu hosp,3,39,quantile,0.025,46,2027-04-10
2027-03-20,wk inc flu hosp,3,39,quantile,0.05,49,2027-04-10
2027-03-20,wk inc flu hosp,3,39,quantile,0.1,52,2027-04-10
2027-03-20,wk inc flu hosp,3,39,quantile,0.15,60,2027-04-10
2027-03-20,wk inc flu hosp,3,39,quantile,0.2,63,2027-04-10
2027-03-20,wk inc flu hosp,3,39,quantile,0.25,66,2027-04-10
2027-03-20,wk inc flu hosp,3,39,quantile,0.3,70,2027-04-10
2027-03-20,wk inc flu hosp,3,39,quantile,0.35,72,2027-04-10
2027-03-20,wk inc flu hosp,3,39,quantile,0.4,76,2027-04-10
2027-03-20,wk inc flu hosp,3,39,quantile,0.45,79,2027-04-10
2027-03-20,wk inc flu hosp,3,39,quantile,0.5,83,2027-04-10
2027-03-20,wk inc flu hosp,3,39,quantile,0.55,85,2027-04-10
2027-03-20,wk inc flu hosp,3,39,quantile,0.6,88,2027-04-10
2027-03-20,wk inc flu hosp,3,39,quantile,0.65,96,2027-04-10
2027-03-20,wk inc flu hosp,3,39,quantile,0.7,101,2027-04-10
2027-03-20,wk inc flu hosp,3,39,quantile,0.75,105,2027-04-10
2027-03-20,wk inc flu hosp,3,39,quantile,0.8,115,2027-04-10
2027-03-20,wk inc flu hosp,3,39,quantile,0.85,124,2027-04-10
2027-03-20,wk inc flu hosp,3,39,quantile,0.9,132,2027-04-10
2027-03-20,wk inc flu hosp,3,39,quantile,0.95,139,2027-04-10
2027-03-20,wk inc flu hosp,3,39,quantile,0.975,171,2027-04-10
2027-03-20,wk inc flu hosp,3,39,quantile,0.99,186,2027-04-10
2027-03-20,wk inc flu hosp,3,40,quantile,0.01,10,2027-04-10
2027-03-20,wk inc flu hosp,3,40,quantile,0.025,11,2027-04-10
2027-03-20,wk inc flu hosp,3,40,quantile,0.05,13,2027-04-10
2027-03-20,wk inc flu hosp,3,40,quantile,0.1,18,2027-04-10
2027-03-20,wk inc flu hosp,3,40,quantile,0.15,20,2027-04-10
2027-03-20,wk inc flu hosp,3,40,quantile,0.2,22,2027-04-10
2027-03-20,wk inc flu hosp,3,40,quantile,0.25,24,2027-04-10
2027-03-20,wk inc flu hosp,3,40,quantile,0.3,26,2027-04-10
2027-03-20,wk inc flu hosp,3,40,quantile,0.35,28,2027-04-10
2027-03-20,wk inc flu hosp,3,40,quantile,0.4,29,2027-04-10
2027-03-20,wk inc flu hosp,3,40,quantile,0.45,31,2027-04-10
2027-03-20,wk inc flu hosp,3,40,quantile,0.5,32,2027-04-10
2027-03-20,wk inc flu hosp,3,40,quantile,0.55,33,2027-04-10
2027-03-20,wk inc flu hosp,3,40,quantile,0.6,34,2027-04-10
2027-03-20,wk inc flu hosp,3,40,quantile,0.65,35,2027-04-10
2027-03-20,wk inc flu hosp,3,40,quantile,0.7,36,2027-04-10
2027-03-20,wk inc flu hosp,3,40,quantile,0.75,37,2027-04-10
2027-03-20,wk inc flu hosp,3,40,quantile,0.8,41,2027-04-10
2027-03-20,wk inc flu hosp,3,40,quantile,0.85,44,2027-04-10
2027-03-20,wk inc flu hosp,3,40,quantile,0.9,49,2027-04-10
2027-03-20,wk inc flu hosp,3,40,quantile,0.95,56,2027-04-10
2027-03-20,wk inc flu hosp,3,40,quantile,0.975,63,2027-04-10
2027-03-20,wk inc flu hosp,3,40,quantile,0.99,79,2027-04-10
2027-03-20,wk inc flu hosp,3,41,quantile,0.01,13,2027-04-10
2027-03-20,wk inc flu hosp,3,41,quantile,0.025,16,2027-04-10
2027-03-20,wk inc flu hosp,3,41,quantile,0.05,17,2027-04-10
2027-03-20,wk inc flu hosp,3,41,quantile,0.1,20,2027-04-10
2027-03-20,wk inc flu hosp,3,41,quantile,0.15,22,2027-04-10
2027-03-20,wk inc flu hosp,3,41,quantile,0.2,24,2027-04-10
2027-03-20,wk inc flu hosp,3,41,quantile,0.25,25,2027-04-10
2027-03-20,wk inc flu hosp,3,41,quantile,0.3,27,2027-04-10
2027-03-20,wk inc flu hosp,3,41,quantile,0.35,29,2027-04-10
2027-03-20,wk inc flu hosp,3,41,quantile,0.4,30,2027-04-10
2027-03-20,wk inc flu hosp,3,41,quantile,0.45,31,2027-04-10
2027-03-20,wk inc flu hosp,3,41,quantile,0.5,32,2027-04-10
2027-03-20,wk inc flu hosp,3,41,quantile,0.55,34,2027-04-10
2027-03-20,wk inc flu hosp,3,41,quantile,0.6,35,2027-04-10
2027-03-20,wk inc flu hosp,3,41,quantile,0.65,37,2027-04-10
2027-03-20,wk inc flu hosp,3,41,quantile,0.7,39,2027-04-10
2027-03-20,wk inc flu hosp,3,41,quantile,0.75,42,2027-04-10
2027-03-20,wk inc flu hosp,3,41,quantile,0.8,44,2027-04-10
2027-03-20,wk inc flu hosp,3,41,quantile,0.85,45,2027-04-10
2027-03-20,wk inc flu hosp,3,41,quantile,0.9,49,2027-04-10
2027-03-20,wk inc flu hosp,3,41,quantile,0.95,51,2027-04-10
2027-03-20,wk inc flu hosp,3,41,quantile,0.975,63,2027-04-10
2027-03-20,wk inc flu hosp,3,41,quantile,0.99,69,2027-04-10
2027-03-20,wk inc flu hosp,3,42,quantile,0.01,198,2027-04-10
2027-03-20,wk inc flu hosp,3,42,quantile,0.025,214,2027-04-10
2027-03-20,wk inc flu hosp,3,42,quantile,0.05,224,2027-04-10
2027-03-20,wk inc flu hosp,3,42,quantile,0.1,261,2027-04-10
2027-03-20,wk inc flu hosp,3,42,quantile,0.15,272,2027-04-10
2027-03-20,wk inc flu hosp,3,42,quantile,0.2,298,2027-04-10
2027-03-20,wk inc flu hosp,3,42,quantile,0.25,315,2027-04-10
2027-03-20,wk inc flu hosp,3,42,quantile,0.3,322,2027-04-10
2027-03-20,wk inc flu hosp,3,42,quantile,0.35,336,2027-04-10
2027-03-20,wk inc flu hosp,3,42,quantile,0.4,346,2027-04-10
2027-03-20,wk inc flu hosp,3,42,quantile,0.45,357,2027-04-10
2027-03-20,wk inc flu hosp,3,42,quantile,0.5,370,2027-04-10
2027-03-20,wk inc flu hosp,3,42,quantile,0.55,386,2027-04-10
2027-03-20,wk inc flu hosp,3,42,quantile,0.6,398,2027-04-10
2027-03-20,wk inc flu hosp,3,42,quantile,0.65,408,2027-04-10
2027-03-20,wk inc flu hosp,3,42,quantile,0.7,433,2027-04-10
2027-03-20,wk inc flu hosp,3,42,quantile,0.75,450,2027-04-10
2027-03-20,wk inc flu hosp,3,42,quantile,0.8,463,2027-04-10
2027-03-20,wk inc flu hosp,3,42,quantile,0.85,494,2027-04-10
2027-03-20,wk inc flu hosp,3,42,quantile,0.9,527,2027-04-10
2027-03-20,wk inc flu hosp,3,42,quantile,0.95,572,2027-04-10
2027-03-20,wk inc flu hosp,3,42,quantile,0.975,613,2027-04-10
2027-03-20,wk inc flu hosp,3,42,quantile,0.99,705,2027-04-10
2027-03-20,wk inc flu hosp,3,44,quantile,0.01,7,2027-04-10
2027-03-20,wk inc flu hosp,3,44,quantile,0.025,8,2027-04-10
2027-03-20,wk inc flu hosp,3,44,quantile,0.05,8,2027-04-10
2027-03-20,wk inc flu hosp,3,44,quantile,0.1,11,2027-04-10
2027-03-20,wk inc flu hosp,3,44,quantile,0.15,13,2027-04-10
2027-03-20,wk inc flu hosp,3,44,quantile,0.2,14,2027-04-10
2027-03-20,wk inc flu hosp,3,44,quantile,0.25,15,2027-04-10
2027-03-20,wk inc flu hosp,3,44,quantile,0.3,17,2027-04-10
2027-03-20,wk inc flu hosp,3,44,quantile,0.35,18,2027-04-10
2027-03-20,wk inc flu hosp,3,44,quantile,0.4,18,2027-04-10
2027-03-20,wk inc flu hosp,3,44,quantile,0.45,19,2027-04-10
2027-03-20,wk inc flu hosp,3,44,quantile,0.5,20,2027-04-10
2027-03-20,wk inc flu hosp,3,44,quantile,0.55,21,2027-04-10
2027-03-20,wk inc flu hosp,3,44,quantile,0.6,22,2027-04-10
2027-03-20,wk inc flu hosp,3,44,quantile,0.65,23,2027-04-10
2027-03-20,wk inc flu hosp,3,44,quantile,0.7,24,2027-04-10
2027-03-20,wk inc flu hosp,3,44,quantile,0.75,25,2027-04-10
2027-03-20,wk inc flu hosp,3,44,quantile,0.8,28,2027-04-10
2027-03-20,wk inc flu hosp,3,44,quantile,0.85,31,2027-04-10
2027-03-20,wk inc flu hosp,3,44,quantile,0.9,34,2027-04-10
2027-03-20,wk inc flu hosp,3,44,quantile,0.95,37,2027-04-10
2027-03-20,wk inc flu hosp,3,44,quantile,0.975,43,2027-04-10
2027-03-20,wk inc flu hosp,3,44,quantile,0.99,49,2027-04-10
2027-03-20,wk inc flu hosp,3,45,quantile,0.01,13,2027-04-10
2027-03-20,wk inc flu hosp,3,45,quantile,0.025,14,2027-04-10
2027-03-20,wk inc flu hosp,3,45,quantile,0.05,19,2027-04-10
2027-03-20,wk inc flu hosp,3,45,quantile,0.1,22,2027-04-10
2027-03-20,wk inc flu hosp,3,45,quantile,0.15,26,2027-04-10
2027-03-20,wk inc flu hosp,3,45,quantile,0.2,27,2027-04-10
2027-03-20,wk inc flu hosp,3,45,quantile,0.25,30,2027-04-10
2027-03-20,wk inc flu hosp,3,45,quantile,0.3,32,2027-04-10
2027-03-20,wk inc flu hosp,3,45,quantile,0.35,34,2027-04-10
2027-03-20,wk inc flu hosp,3,45,quantile,0.4,36,2027-04-10
2027-03-20,wk inc flu hosp,3,45,quantile,0.45,41,2027-04-10
2027-03-20,wk inc flu hosp,3,45,quantile,0.5,42,2027-04-10
2027-03-20,wk inc flu hosp,3,45,quantile,0.55,45,2027-04-10
2027-03-20,wk inc flu hosp,3,45,quantile,0.6,48,2027-04-10
2027-03-20,wk inc flu hosp,3,45,quantile,0.65,50,2027-04-10
2027-03-20,wk inc flu hosp,3,45,quantile,0.7,52,2027-04-10
2027-03-20,wk inc flu hosp,3,45,quantile,0.75,55,2027-04-10
2027-03-20,wk inc flu hosp,3,45,quantile,0.8,57,2027-04-10
2027-03-20,wk inc flu hosp,3,45,quantile,0.85,60,2027-04-10
2027-03-20,wk inc flu hosp,3,45,quantile,0.9,70,2027-04-10
2027-03-20,wk inc flu hosp,3,45,quantile,0.95,84,2027-04-10
2027-03-20,wk inc flu hosp,3,45,quantile,0.975,97,2027-04-10
2027-03-20,wk inc flu hosp,3,45,quantile,0.99,100,2027-04-10
2027-03-20,wk inc flu hosp,3,46,quantile,0.01,2,2027-04-10
2027-03-20,wk inc flu hosp,3,46,quantile,0.025,3,2027-04-10
2027-03-20,wk inc flu hosp,3,46,quantile,0.05,4,2027-04-10
2027-03-20,wk inc flu hosp,3,46,quantile,0.1,6,2027-04-10
2027-03-20,wk inc flu hosp,3,46,quantile,0.15,7,2027-04-10
2027-03-20,wk inc flu hosp,3,46,quantile,0.2,9,2027-04-10
2027-03-20,wk inc flu hosp,3,46,quantile,0.25,11,2027-04-10
2027-03-20,wk inc flu hosp,3,46,quantile,0.3,11,2027-04-10
2027-03-20,wk inc flu hosp,3,46,quantile,0.35,12,2027-04-10
2027-03-20,wk inc flu hosp,3,46,quantile,0.4,13,2027-04-10
2027-03-20,wk inc flu hosp,3,46,quantile,0.45,14,2027-04-10
2027-03-20,wk inc flu hosp,3,46,quantile,0.5,15,2027-04-10
2027-03-20,wk inc flu hosp,3,46,quantile,0.55,16,2027-04-10
2027-03-20,wk inc flu hosp,3,46,quantile,0.6,17,2027-04-10
2027-03-20,wk inc flu hosp,3,46,quantile,0.65,18,2027-04-10
2027-03-20,wk inc flu hosp,3,46,quantile,0.7,19,2027-04-10
2027-03-20,wk inc flu hosp,3,46,quantile,0.75,21,2027-04-10
2027-03-20,wk inc flu hosp,3,46,quantile,0.8,22,2027-04-10
2027-03-20,wk inc flu hosp,3,46,quantile,0.85,24,2027-04-10
2027-03-20,wk inc flu hosp,3,46,quantile,0.9,25,2027-04-10
2027-03-20,wk inc flu hosp,3,46,quantile,0.95,28,2027-04-10
2027-03-20,wk inc flu hosp,3,46,quantile,0.975,31,2027-04-10
2027-03-20,wk inc flu hosp,3,46,quantile,0.99,32,2027-04-10
2027-03-20,wk inc flu hosp,3,47,quantile,0.01,37,2027-04-10
2027-03-20,wk inc flu hosp,3,47,quantile,0.025,47,2027-04-10
2027-03-20,wk inc flu hosp,3,47,quantile,0.05,55,2027-04-10
2027-03-20,wk inc flu hosp,3,47,quantile,0.1,61,2027-04-10
2027-03-20,wk inc flu hosp,3,47,quantile,0.15,65,2027-04-10
2027-03-20,wk inc flu hosp,3,47,quantile,0.2,68,2027-04-10
2027-03-20,wk inc flu hosp,3,47,quantile,0.25,72,2027-04-10
2027-03-20,wk inc flu hosp,3,47,quantile,0.3,75,2027-04-10
2027-03-20,wk inc flu hosp,3,47,quantile,0.35,77,2027-04-10
2027-03-20,wk inc flu hosp,3,47,quantile,0.4,81,2027-04-10
2027-03-20,wk inc flu hosp,3,47,quantile,0.45,84,2027-04-10
2027-03-20,wk inc flu hosp,3,47,quantile,0.5,88,2027-04-10
2027-03-20,wk inc flu hosp,3,47,quantile,0.55,94,2027-04-10
2027-03-20,wk inc flu hosp,3,47,quantile,0.6,98,2027-04-10
2027-03-20,wk inc flu hosp,3,47,quantile,0.65,105,2027-04-10
2027-03-20,wk inc flu hosp,3,47,quantile,0.7,109,2027-04-10
2027-03-20,wk inc flu hosp,3,47,quantile,0.75,114,2027-04-10
2027-03-20,wk inc flu hosp,3,47,quantile,0.8,119,2027-04-10
2027-03-20,wk inc flu hosp,3,47,quantile,0.85,122,2027-04-10
2027-03-20,wk inc flu hosp,3,47,quantile,0.9,130,2027-04-10
2027-03-20,wk inc flu hosp,3,47,quantile,0.95,145,2027-04-10
2027-03-20,wk inc flu hosp,3,47,quantile,0.975,159,2027-04-10
2027-03-20,wk inc flu hosp,3,47,quantile,0.99,175,2027-04-10
2027-03-20,wk inc flu hosp,3,48,quantile,0.01,82,2027-04-10
2027-03-20,wk inc flu hosp,3,48,quantile,0.025,97,2027-04-10
2027-03-20,wk inc flu hosp,3,48,quantile,0.05,113,2027-04-10
2027-03-20,wk inc flu hosp,3,48,quantile,0.1,132,2027-04-10
2027-03-20,wk inc flu hosp,3,48,quantile,0.15,156,2027-04-10
2027-03-20,wk inc flu hosp,3,48,quantile,0.2,168,2027-04-10
2027-03-20,wk inc flu hosp,3,48,quantile,0.25,178,2027-04-10
2027-03-20,wk inc flu hosp,3,48,quantile,0.3,193,2027-04-10
2027-03-20,wk inc flu hosp,3,48,quantile,0.35,197,2027-04-10
2027-03-20,wk inc flu hosp,3,48,quantile,0.4,208,2027-04-10
2027-03-20,wk inc flu hosp,3,48,quantile,0.45,212,2027-04-10
2027-03-20,wk inc flu hosp,3,48,quantile,0.5,224,2027-04-10
2027-03-20,wk inc flu hosp,3,48,quantile,0.55,237,2027-04-10
2027-03-20,wk inc flu hosp,3,48,quantile,0.6,244,2027-04-10
2027-03-20,wk inc flu hosp,3,48,quantile,0.65,250,2027-04-10
2027-03-20,wk inc flu hosp,3,48,quantile,0.7,260,2027-04-10
2027-03-20,wk inc flu hosp,3,48,quantile,0.75,276,2027-04-10
2027-03-20,wk inc flu hosp,3,48,quantile,0.8,291,2027-04-10
2027-03-20,wk inc flu hosp,3,48,quantile,0.85,330,2027-04-10
2027-03-20,wk inc flu hosp,3,48,quantile,0.9,374,2027-04-10
2027-03-20,wk inc flu hosp,3,48,quantile,0.95,423,2027-04-10
2027-03-20,wk inc flu hosp,3,48,quantile,0.975,461,2027-04-10
2027-03-20,wk inc flu hosp,3,48,quantile,0.99,499,2027-04-10
2027-03-20,wk inc flu hosp,3,49,quantile,0.01,10,2027-04-10
2027-03-20,wk inc flu hosp,3,49,quantile,0.025,14,2027-04-10
2027-03-20,wk inc flu hosp,3,49,quantile,0.05,15,2027-04-10
2027-03-20,wk inc flu hosp,3,49,quantile,0.1,16,2027-04-10
2027-03-20,wk inc flu hosp,3,49,quantile,0.15,18,2027-04-10
2027-03-20,wk inc flu hosp,3,49,quantile,0.2,19,2027-04-10
2027-03-20,wk inc flu hosp,3,49,quantile,0.25,21,2027-04-10
2027-03-20,wk inc flu hosp,3,49,quantile,0.3,22,2027-04-10
2027-03-20,wk inc flu hosp,3,49,quantile,0.35,23,2027-04-10
2027-03-20,wk inc flu hosp,3,49,quantile,0.4,24,2027-04-10
2027-03-20,wk inc flu hosp,3,49,quantile,0.45,24,2027-04-10
2027-03-20,wk inc flu hosp,3,49,quantile,0.5,25,2027-04-10
2027-03-20,wk inc flu hosp,3,49,quantile,0.55,28,2027-04-10
2027-03-20,wk inc flu hosp,3,49,quantile,0.6,29,2027-04-10
2027-03-20,wk inc flu hosp,3,49,quantile,0.65,31,2027-04-10
2027-03-20,wk inc flu hosp,3,49,quantile,0.7,32,2027-04-10
2027-03-20,wk inc flu hosp,3,49,quantile,0.75,35,2027-04-10
2027-03-20,wk inc flu hosp,3,49,quantile,0.8,38,2027-04-10
2027-03-20,wk inc flu hosp,3,49,quantile,0.85,40,2027-04-10
2027-03-20,wk inc flu hosp,3,49,quantile,0.9,43,2027-04-10
2027-03-20,wk inc flu hosp,3,49,quantile,0.95,48,2027-04-10
2027-03-20,wk inc flu hosp,3,49,quantile,0.975,49,2027-04-10
2027-03-20,wk inc flu hosp,3,49,quantile,0.99,59,2027-04-10
2027-03-20,wk inc flu hosp,3,50,quantile,0.01,4,2027-04-10
2027-03-20,wk inc flu hosp,3,50,quantile,0.025,5,2027-04-10
2027-03-20,wk inc flu hosp,3,50,quantile,0.05,6,2027-04-10
2027-03-20,wk inc flu hosp,3,50,quantile,0.1,9,2027-04-10
2027-03-20,wk inc flu hosp,3,50,quantile,0.15,10,2027-04-10
2027-03-20,wk inc flu hosp,3,50,quantile,0.2,10,2027-04-10
2027-03-20,wk inc flu hosp,3,50,quantile,0.25,11,2027-04-10
2027-03-20,wk inc flu hosp,3,50,quantile,0.3,12,2027-04-10
2027-03-20,wk inc flu hosp,3,50,quantile,0.35,13,2027-04-10
2027-03-20,wk inc flu hosp,3,50,quantile,0.4,13,2027-04-10
2027-03-20,wk inc flu hosp,3,50,quantile,0.45,14,2027-04-10
2027-03-20,wk inc flu hosp,3,50,quantile,0.5,16,2027-04-10
2027-03-20,wk inc flu hosp,3,50,quantile,0.55,17,2027-04-10
2027-03-20,wk inc flu hosp,3,50,quantile,0.6,18,2027-04-10
2027-03-20,wk inc flu hosp,3,50,quantile,0.65,19,2027-04-10
2027-03-20,wk inc flu hosp,3,50,quantile,0.7,20,2027-04-10
2027-03-20,wk inc flu hosp,3,50,quantile,0.75,20,2027-04-10
2027-03-20,wk inc flu hosp,3,50,quantile,0.8,22,2027-04-10
2027-03-20,wk inc flu hosp,3,50,quantile,0.85,24,2027-04-10
2027-03-20,wk inc flu hosp,3,50,quantile,0.9,25,2027-04-10
2027-03-20,wk inc flu hosp,3,50,quantile,0.95,30,2027-04-10
2027-03-20,wk inc flu hosp,3,50,quantile,0.975,36,2027-04-10
2027-03-20,wk inc flu hosp,3,50,quantile,0.99,41,2027-04-10
2027-03-20,wk inc flu hosp,3,51,quantile,0.01,40,2027-04-10
2027-03-20,wk inc flu hosp,3,51,quantile,0.025,44,2027-04-10
2027-03-20,wk inc flu hosp,3,51,quantile,0.05,51,2027-04-10
2027-03-20,wk inc flu hosp,3,51,quantile,0.1,58,2027-04-10
2027-03-20,wk inc flu hosp,3,51,quantile,0.15,67,2027-04-10
2027-03-20,wk inc flu hosp,3,51,quantile,0.2,72,2027-04-10
2027-03-20,wk inc flu hosp,3,51,quantile,0.25,77,2027-04-10
2027-03-20,wk inc flu hosp,3,51,quantile,0.3,81,2027-04-10
2027-03-20,wk inc flu hosp,3,51,quantile,0.35,85,2027-04-10
2027-03-20,wk inc flu hosp,3,51,quantile,0.4,89,2027-04-10
2027-03-20,wk inc flu hosp,3,51,quantile,0.45,93,2027-04-10
2027-03-20,wk inc flu hosp,3,51,quantile,0.5,98,2027-04-10
2027-03-20,wk inc flu hosp,3,51,quantile,0.55,102,2027-04-10
2027-03-20,wk inc flu hosp,3,51,quantile,0.6,112,2027-04-10
2027-03-20,wk inc flu hosp,3,51,quantile,0.65,118,2027-04-10
2027-03-20,wk inc flu hosp,3,51,quantile,0.7,122,2027-04-10
2027-03-20,wk inc flu hosp,3,51,quantile,0.75,128,2027-04-10
2027-03-20,wk inc flu hosp,3,51,quantile,0.8,132,2027-04-10
2027-03-20,wk inc flu hosp,3,51,quantile,0.85,148,2027-04-10
2027-03-20,wk inc flu hosp,3,51,quantile,0.9,159,2027-04-10
2027-03-20,wk inc flu hosp,3,51,quantile,0.95,172,2027-04-10
2027-03-20,wk inc flu hosp,3,51,quantile,0.975,193,2027-04-10
2027-03-20,wk inc flu hosp,3,51,quantile,0.99,227,2027-04-10
2027-03-20,wk inc flu hosp,3,53,quantile,0.01,28,2027-04-10
2027-03-20,wk inc flu hosp,3,53,quantile,0.025,33,2027-04-10
2027-03-20,wk inc flu hosp,3,53,quantile,0.05,40,2027-04-10
2027-03-20,wk inc flu hosp,3,53,quantile,0.1,48,2027-04-10
2027-03-20,wk inc flu hosp,3,53,quantile,0.15,52,2027-04-10
2027-03-20,wk inc flu hosp,3,53,quantile,0.2,54,2027-04-10
2027-03-20,wk inc flu hosp,3,53,quantile,0.25,58,2027-04-10
2027-03-20,wk inc flu hosp,3,53,quantile,0.3,62,2027-04-10
2027-03-20,wk inc flu hosp,3,53,quantile,0.35,67,2027-04-10
2027-03-20,wk inc flu hosp,3,53,quantile,0.4,70,2027-04-10
2027-03-20,wk inc flu hosp,3,53,quantile,0.45,72,2027-04-10
2027-03-20,wk inc flu hosp,3,53,quantile,0.5,74,2027-04-10
2027-03-20,wk inc flu hosp,3,53,quantile,0.55,77,2027-04-10
2027-03-20,wk inc flu hosp,3,53,quantile,0.6,80,2027-04-10
2027-03-20,wk inc flu hosp,3,53,quantile,0.65,82,2027-04-10
2027-03-20,wk inc flu hosp,3,53,quantile,0.7,85,2027-04-10
2027-03-20,wk inc flu hosp,3,53,quantile,0.75,88,2027-04-10
2027-03-20,wk inc flu hosp,3,53,quantile,0.8,95,2027-04-10
2027-03-20,wk inc flu hosp,3,53,quantile,0.85,102,2027-04-10
2027-03-20,wk inc flu hosp,3,53,quantile,0.9,110,2027-04-10
2027-03-20,wk inc flu hosp,3,53,quantile,0.95,123,2027-04-10
2027-03-20,wk inc flu hosp,3,53,quantile,0.975,134,2027-04-10
2027-03-20,wk inc flu hosp,3,53,quantile,0.99,151,2027-04-10
2027-03-20,wk inc flu hosp,3,54,quantile,0.01,18,2027-04-10
2027-03-20,wk inc flu hosp,3,54,quantile,0.025,20,2027-04-10
2027-03-20,wk inc flu hosp,3,54,quantile,0.05,20,2027-04-10
2027-03-20,wk inc flu hosp,3,54,quantile,0.1,23,2027-04-10
2027-03-20,wk inc flu hosp,3,54,quantile,0.15,26,2027-04-10
2027-03-20,wk inc flu hosp,3,54,quantile,0.2,27,2027-04-10
2027-03-20,wk inc flu hosp,3,54,quantile,0.25,29,2027-04-10
2027-03-20,wk inc flu hosp,3,54,quantile,0.3,30,2027-04-10
2027-03-20,wk inc flu hosp,3,54,quantile,0.35,33,2027-04-10
2027-03-20,wk inc flu hosp,3,54,quantile,0.4,34,2027-04-10
2027-03-20,wk inc flu hosp,3,54,quantile,0.45,35,2027-04-10
2027-03-20,wk inc flu hosp,3,54,quantile,0.5,36,2027-04-10
2027-03-20,wk inc flu hosp,3,54,quantile,0.55,38,2027-04-10
2027-03-20,wk inc flu hosp,3,54,quantile,0.6,39,2027-04-10
2027-03-20,wk inc flu hosp,3,54,quantile,0.65,41,2027-04-10
2027-03-20,wk inc flu hosp,3,54,quantile,0.7,42,2027-04-10
2027-03-20,wk inc flu hosp,3,54,quantile,0.75,44,2027-04-10
2027-03-20,wk inc flu hosp,3,54,quantile,0.8,46,2027-04-10
2027-03-20,wk inc flu hosp,3,54,quantile,0.85,50,2027-04-10
2027-03-20,wk inc flu hosp,3,54,quantile,0.9,52,2027-04-10
2027-03-20,wk inc flu hosp,3,54,quantile,0.95,58,2027-04-10
2027-03-20,wk inc flu hosp,3,54,quantile,0.975,61,2027-04-10
2027-03-20,wk inc flu hosp,3,54,quantile,0.99,62,2027-04-10
2027-03-20,wk inc flu hosp,3,55,quantile,0.01,27,2027-04-10
2027-03-20,wk inc flu hosp,3,55,quantile,0.025,30,2027-04-10
2027-03-20,wk inc flu hosp,3,55,quantile,0.05,33,2027-04-10
2027-03-20,wk inc flu hosp,3,55,quantile,0.1,39,2027-04-10
2027-03-20,wk inc flu hosp,3,55,quantile,0.15,41,2027-04-10
2027-03-20,wk inc flu hosp,3,55,quantile,0.2,42,2027-04-10
2027-03-20,wk inc flu hosp,3,55,quantile,0.25,44,2027-04-10
2027-03-20,wk inc flu hosp,3,55,quantile,0.3,46,2027-04-10
2027-03-20,wk inc flu hosp,3,55,quantile,0.35,48,2027-04-10
2027-03-20,wk inc flu hosp,3,55,quantile,0.4,49,2027-04-10
2027-03-20,wk inc flu hosp,3,55,quantile,0.45,51,2027-04-10
2027-03-20,wk inc flu hosp,3,55,quantile,0.5,55,2027-04-10
2027-03-20,wk inc flu hosp,3,55,quantile,0.55,59,2027-04-10
2027-03-20,wk inc flu hosp,3,55,quantile,0.6,60,2027-04-10
2027-03-20,wk inc flu hosp,3,55,quantile,0.65,64,2027-04-10
2027-03-20,wk inc flu hosp,3,55,quantile,0.7,67,2027-04-10
2027-03-20,wk inc flu hosp,3,55,quantile,0.75,69,2027-04-10
2027-03-20,wk inc flu hosp,3,55,quantile,0.8,74,2027-04-10
2027-03-20,wk inc flu hosp,3,55,quantile,0.85,78,2027-04-10
2027-03-20,wk inc flu hosp,3,55,quantile,0.9,83,2027-04-10
2027-03-20,wk inc flu hosp,3,55,quantile,0.95,100,2027-04-10
2027-03-20,wk inc flu hosp,3,55,quantile,0.975,106,2027-04-10
2027-03-20,wk inc flu hosp,3,55,quantile,0.99,116,2027-04-10
2027-03-20,wk inc flu hosp,3,56,quantile,0.01,0,2027-04-10
2027-03-20,wk inc flu hosp,3,56,quantile,0.025,0,2027-04-10
2027-03-20,wk inc flu hosp,3,56,quantile,0.05,1,2027-04-10
2027-03-20,wk inc flu hosp,3,56,quantile,0.1,5,2027-04-10
2027-03-20,wk inc flu hosp,3,56,quantile,0.15,5,2027-04-10
2027-03-20,wk inc flu hosp,3,56,quantile,0.2,6,2027-04-10
2027-03-20,wk inc flu hosp,3,56,quantile,0.25,8,2027-04-10
2027-03-20,wk inc flu hosp,3,56,quantile,0.3,9,2027-04-10
2027-03-20,wk inc flu hosp,3,56,quantile,0.35,10,2027-04-10
2027-03-20,wk inc flu hosp,3,56,quantile,0.4,11,2027-04-10
2027-03-20,wk inc flu hosp,3,56,quantile,0.45,13,2027-04-10
2027-03-20,wk inc flu hosp,3,56,quantile,0.5,14,2027-04-10
2027-03-20,wk inc flu hosp,3,56,quantile,0.55,15,2027-04-10
2027-03-20,wk inc flu hosp,3,56,quantile,0.6,16,2027-04-10
2027-03-20,wk inc flu hosp,3,56,quantile,0.65,17,2027-04-10
2027-03-20,wk inc flu hosp,3,56,quantile,0.7,19,2027-04-10
2027-03-20,wk inc flu hosp,3,56,quantile,0.75,20,2027-04-10
2027-03-20,wk inc flu hosp,3,56,quantile,0.8,21,2027-04-10
2027-03-20,wk inc flu hosp,3,56,quantile,0.85,24,2027-04-10
2027-03-20,wk inc flu hosp,3,56,quantile,0.9,28,2027-04-10
2027-03-20,wk inc flu hosp,3,56,quantile,0.95,35,2027-04-10
2027-03-20,wk inc flu hosp,3,56,quantile,0.975,45,2027-04-10
2027-03-20,wk inc flu hosp,3,56,quantile,0.99,58,2027-04-10
2027-03-20,wk inc flu hosp,3,72,quantile,0.01,24,2027-04-10
2027-03-20,wk inc flu hosp,3,72,quantile,0.025,28,2027-04-10
2027-03-20,wk inc flu hosp,3,72,quantile,0.05,36,2027-04-10
2027-03-20,wk inc flu hosp,3,72,quantile,0.1,45,2027-04-10
2027-03-20,wk inc flu hosp,3,72,quantile,0.15,50,2027-04-10
2027-03-20,wk inc flu hosp,3,72,quantile,0.2,60,2027-04-10
2027-03-20,wk inc flu hosp,3,72,quantile,0.25,70,2027-04-10
2027-03-20,wk inc flu hosp,3,72,quantile,0.3,77,2027-04-10
2027-03-20,wk inc flu hosp,3,72,quantile,0.35,83,2027-04-10
2027-03-20,wk inc flu hosp,3,72,quantile,0.4,89,2027-04-10
2027-03-20,wk inc flu hosp,3,72,quantile,0.45,97,2027-04-10
2027-03-20,wk inc flu hosp,3,72,quantile,0.5,101,2027-04-10
2027-03-20,wk inc flu hosp,3,72,quantile,0.55,104,2027-04-10
2027-03-20,wk inc flu hosp,3,72,quantile,0.6,112,2027-04-10
2027-03-20,wk inc flu hosp,3,72,quantile,0.65,125,2027-04-10
2027-03-20,wk inc flu hosp,3,72,quantile,0.7,134,2027-04-10
2027-03-20,wk inc flu hosp,3,72,quantile,0.75,151,2027-04-10
2027-03-20,wk inc flu hosp,3,72,quantile,0.8,171,2027-04-10
2027-03-20,wk inc flu hosp,3,72,quantile,0.85,202,2027-04-10
2027-03-20,wk inc flu hosp,3,72,quantile,0.9,242,2027-04-10
2027-03-20,wk inc flu hosp,3,72,quantile,0.95,290,2027-04-10
2027-03-20,wk inc flu hosp,3,72,quantile,0.975,344,2027-04-10
2027-03-20,wk inc flu hosp,3,72,quantile,0.99,383,2027-04-10
2027-03-20,wk inc flu hosp,3,USA,quantile,0.01,3509,2027-04-10
2027-03-20,wk inc flu hosp,3,USA,quantile,0.025,3596,2027-04-10
2027-03-20,wk inc flu hosp,3,USA,quantile,0.05,3731,2027-04-10
2027-03-20,wk inc flu hosp,3,USA,quantile,0.1,3844,2027-04-10
2027-03-20,wk inc flu hosp,3,USA,quantile,0.15,3963,2027-04-10
2027-03-20,wk inc flu hosp,3,USA,quantile,0.2,4015,2027-04-10
2027-03-20,wk inc flu hosp,3,USA,quantile,0.25,4061,2027-04-10
2027-03-20,wk inc flu hosp,3,USA,quantile,0.3,4131,2027-04-10
2027-03-20,wk inc flu hosp,3,USA,quantile,0.35,4186,2027-04-10
2027-03-20,wk inc flu hosp,3,USA,quantile,0.4,4218,2027-04-10
2027-03-20,wk inc flu hosp,3,USA,quantile,0.45,4263,2027-04-10
2027-03-20,wk inc flu hosp,3,USA,quantile,0.5,4314,2027-04-10
2027-03-20,wk inc flu hosp,3,USA,quantile,0.55,4396,2027-04-10
2027-03-20,wk inc flu hosp,3,USA,quantile,0.6,4457,2027-04-10
2027-03-20,wk inc flu hosp,3,USA,quantile,0.65,4497,2027-04-10
2027-03-20,wk inc flu hosp,3,USA,quantile,0.7,4552,2027-04-10
2027-03-20,wk inc flu hosp,3,USA,quantile,0.75,4650,2027-04-10
2027-03-20,wk inc flu hosp,3,USA,quantile,0.8,4713,2027-04-10
2027-03-20,wk inc flu hosp,3,USA,quantile,0.85,4821,2027-04-10
2027-03-20,wk inc flu hosp,3,USA,quantile,0.9,5062,2027-04-10
2027-03-20,wk inc flu hosp,3,USA,quantile,0.95,5293,2027-04-10
2027-03-20,wk inc flu hosp,3,USA,quantile,0.975,5389,2027-04-10
2027-03-20,wk inc flu hosp,3,USA,quantile,0.99,6104,2027-04-10
