reference_date,target,horizon,location,output_type,output_type_id,value,target_end_date
2027-01-23,wk inc flu hosp,0,01,quantile,0.01,205,2027-01-23
2027-01-23,wk inc flu hosp,0,01,quantile,0.025,212,2027-01-23
2027-01-23,wk inc flu hosp,0,01,quantile,0.05,213,2027-01-23
2027-01-23,wk inc flu hosp,0,01,quantile,0.1,231,2027-01-23
2027-01-23,wk inc flu hosp,0,01,quantile,0.15,240,2027-01-23
2027-01-23,wk inc flu hosp,0,01,quantile,0.2,245,2027-01-23
2027-01-23,wk inc flu hosp,0,01,quantile,0.25,255,2027-01-23
2027-01-23,wk inc flu hosp,0,01,quantile,0.3,261,2027-01-23
2027-01-23,wk inc flu hosp,0,01,quantile,0.35,268,2027-01-23
2027-01-23,wk inc flu hosp,0,01,quantile,0.4,272,2027-01-23
2027-01-23,wk inc flu hosp,0,01,quantile,0.45,277,2027-01-23
2027-01-23,wk inc flu hosp,0,01,quantile,0.5,282,2027-01-23
2027-01-23,wk inc flu hosp,0,01,quantile,0.55,289,2027-01-23
2027-01-23,wk inc flu hosp,0,01,quantile,0.6,293,2027-01-23
2027-01-23,wk inc flu hosp,0,01,quantile,0.65,298,2027-01-23
2027-01-23,wk inc flu hosp,0,01,quantile,0.7,302,2027-01-23
2027-01-23,wk inc flu hosp,0,01,quantile,0.75,306,2027-01-23
2027-01-23,wk inc flu hosp,0,01,quantile,0.8,312,2027-01-23
2027-01-23,wk inc flu hosp,0,01,quantile,0.85,327,2027-01-23
2027-01-23,wk inc flu hosp,0,01,quantile,0.9,342,2027-01-23
2027-01-23,wk inc flu hosp,0,01,quantile,0.95,360,2027-01-23
2027-01-23,wk inc flu hosp,0,01,quantile,0.975,374,2027-01-23
2027-01-23,wk inc flu hosp,0,01,quantile,0.99,388,2027-01-23
2027-01-23,wk inc flu hosp,0,02,quantile,0.01,4,2027-01-23
2027-01-23,wk inc flu hosp,0,02,quantile,0.025,6,2027-01-23
2027-01-23,wk inc flu hosp,0,02,quantile,0.05,7,2027-01-23
2027-01-23,wk inc flu hosp,0,02,quantile,0.1,9,2027-01-23
2027-01-23,wk inc flu hosp,0,02,quantile,0.15,10,2027-01-23
2027-01-23,wk inc flu hosp,0,02,quantile,0.2,11,2027-01-23
2027-01-23,wk inc flu hosp,0,02,quantile,0.25,12,2027-01-23
2027-01-23,wk inc flu hosp,0,02,quantile,0.3,13,2027-01-23
2027-01-23,wk inc flu hosp,0,02,quantile,0.35,13,2027-01-23
2027-01-23,wk inc flu hosp,0,02,quantile,0.4,14,2027-01-23
2027-01-23,wk inc flu hosp,0,02,quantile,0.45,15,2027-01-23
2027-01-23,wk inc flu hosp,0,02,quantile,0.5,15,2027-01-23
2027-01-23,wk inc flu hosp,0,02,quantile,0.55,16,2027-01-23
2027-01-23,wk inc flu hosp,0,02,quantile,0.6,17,2027-01-23
2027-01-23,wk inc flu hosp,0,02,quantile,0.65,19,2027-01-23
2027-01-23,wk inc flu hosp,0,02,quantile,0.7,20,2027-01-23
2027-01-23,wk inc flu hosp,0,02,quantile,0.75,21,2027-01-23
2027-01-23,wk inc flu hosp,0,02,quantile,0.8,22,2027-01-23
2027-01-23,wk inc flu hosp,0,02,quantile,0.85,23,2027-01-23
2027-01-23,wk inc flu hosp,0,02,quantile,0.9,26,2027-01-23
2027-01-23,wk inc flu hosp,0,02,quantile,0.95,30,2027-01-23
2027-01-23,wk inc flu hosp,0,02,quantile,0.975,31,2027-01-23
2027-01-23,wk inc flu hosp,0,02,quantile,0.99,32,2027-01-23
2027-01-23,wk inc flu hosp,0,04,quantile,0.01,331,2027-01-23
2027-01-23,wk inc flu hosp,0,04,quantile,0.025,353,2027-01-23
2027-01-23,wk inc flu hosp,0,04,quantile,0.05,361,2027-01-23
2027-01-23,wk inc flu hosp,0,04,quantile,0.1,387,2027-01-23
2027-01-23,wk inc flu hosp,0,04,quantile,0.15,403,2027-01-23
2027-01-23,wk inc flu hosp,0,04,quantile,0.2,422,2027-01-23
2027-01-23,wk inc flu hosp,0,04,quantile,0.25,434,2027-01-23
2027-01-23,wk inc flu hosp,0,04,quantile,0.3,447,2027-01-23
2027-01-23,wk inc flu hosp,0,04,quantile,0.35,456,2027-01-23
2027-01-23,wk inc flu hosp,0,04,quantile,0.4,467,2027-01-23
2027-01-23,wk inc flu hosp,0,04,quantile,0.45,480,2027-01-23
2027-01-23,wk inc flu hosp,0,04,quantile,0.5,490,2027-01-23
2027-01-23,wk inc flu hosp,0,04,quantile,0.55,498,2027-01-23
2027-01-23,wk inc flu hosp,0,04,quantile,0.6,504,2027-01-23
2027-01-23,wk inc flu hosp,0,04,quantile,0.65,514,2027-01-23
2027-01-23,wk inc flu hosp,0,04,quantile,0.7,521,2027-01-23
2027-01-23,wk inc flu hosp,0,04,quantile,0.75,536,2027-01-23
2027-01-23,wk inc flu hosp,0,04,quantile,0.8,550,2027-01-23
2027-01-23,wk inc flu hosp,0,04,quantile,0.85,562,2027-01-23
2027-01-23,wk inc flu hosp,0,04,quantile,0.9,582,2027-01-23
2027-01-23,wk inc flu hosp,0,04,quantile,0.95,621,2027-01-23
2027-01-23,wk inc flu hosp,0,04,quantile,0.975,647,2027-01-23
2027-01-23,wk inc flu hosp,0,04,quantile,0.99,683,2027-01-23
2027-01-23,wk inc flu hosp,0,05,quantile,0.01,218,2027-01-23
2027-01-23,wk inc flu hosp,0,05,quantile,0.025,227,2027-01-23
2027-01-23,wk inc flu hosp,0,05,quantile,0.05,230,2027-01-23
2027-01-23,wk inc flu hosp,0,05,quantile,0.1,244,2027-01-23
2027-01-23,wk inc flu hosp,0,05,quantile,0.15,249,2027-01-23
2027-01-23,wk inc flu hosp,0,05,quantile,0.2,257,2027-01-23
2027-01-23,wk inc flu hosp,0,05,quantile,0.25,264,2027-01-23
2027-01-23,wk inc flu hosp,0,05,quantile,0.3,270,2027-01-23
2027-01-23,wk inc flu hosp,0,05,quantile,0.35,276,2027-01-23
2027-01-23,wk inc flu hosp,0,05,quantile,0.4,281,2027-01-23
2027-01-23,wk inc flu hosp,0,05,quantile,0.45,285,2027-01-23
2027-01-23,wk inc flu hosp,0,05,quantile,0.5,289,2027-01-23
2027-01-23,wk inc flu hosp,0,05,quantile,0.55,294,2027-01-23
2027-01-23,wk inc flu hosp,0,05,quantile,0.6,300,2027-01-23
2027-01-23,wk inc flu hosp,0,05,quantile,0.65,304,2027-01-23
2027-01-23,wk inc flu hosp,0,05,quantile,0.7,316,2027-01-23
2027-01-23,wk inc flu hosp,0,05,quantile,0.75,321,2027-01-23
2027-01-23,wk inc flu hosp,0,05,quantile,0.8,330,2027-01-23
2027-01-23,wk inc flu hosp,0,05,quantile,0.85,343,2027-01-23
2027-01-23,wk inc flu hosp,0,05,quantile,0.9,351,2027-01-23
2027-01-23,wk inc flu hosp,0,05,quantile,0.95,361,2027-01-23
2027-01-23,wk inc flu hosp,0,05,quantile,0.975,376,2027-01-23
2027-01-23,wk inc flu hosp,0,05,quantile,0.99,385,2027-01-23
2027-01-23,wk inc flu hosp,0,06,quantile,0.01,1351,2027-01-23
2027-01-23,wk inc flu hosp,0,06,quantile,0.025,1372,2027-01-23
2027-01-23,wk inc flu hosp,0,06,quantile,0.05,1447,2027-01-23
2027-01-23,wk inc flu hosp,0,06,quantile,0.1,1514,2027-01-23
2027-01-23,wk inc flu hosp,0,06,quantile,0.15,1569,2027-01-23
2027-01-23,wk inc flu hosp,0,06,quantile,0.2,1593,2027-01-23
2027-01-23,wk inc flu hosp,0,06,quantile,0.25,1636,2027-01-23
2027-01-23,wk inc flu hosp,0,06,quantile,0.3,1707,2027-01-23
2027-01-23,wk inc flu hosp,0,06,quantile,0.35,1729,2027-01-23
2027-01-23,wk inc flu hosp,0,06,quantile,0.4,1755,2027-01-23
2027-01-23,wk inc flu hosp,0,06,quantile,0.45,1779,2027-01-23
2027-01-23,wk inc flu hosp,0,06,quantile,0.5,1824,2027-01-23
2027-01-23,wk inc flu hosp,0,06,quantile,0.55,1856,2027-01-23
2027-01-23,wk inc flu hosp,0,06,quantile,0.6,1889,2027-01-23
2027-01-23,wk inc flu hosp,0,06,quantile,0.65,1925,2027-01-23
2027-01-23,wk inc flu hosp,0,06,quantile,0.7,1960,2027-01-23
2027-01-23,wk inc flu hosp,0,06,quantile,0.75,1997,2027-01-23
2027-01-23,wk inc flu hosp,0,06,quantile,0.8,2079,2027-01-23
2027-01-23,wk inc flu hosp,0,06,quantile,0.85,2120,2027-01-23
2027-01-23,wk inc flu hosp,0,06,quantile,0.9,2169,2027-01-23
2027-01-23,wk inc flu hosp,0,06,quantile,0.95,2333,2027-01-23
2027-01-23,wk inc flu hosp,0,06,quantile,0.975,2344,2027-01-23
2027-01-23,wk inc flu hosp,0,06,quantile,0.99,2462,2027-01-23
2027-01-23,wk inc flu hosp,0,08,quantile,0.01,141,2027-01-23
2027-01-23,wk inc flu hosp,0,08,quantile,0.025,147,2027-01-23
2027-01-23,wk inc flu hosp,0,08,quantile,0.05,151,2027-01-23
2027-01-23,wk inc flu hosp,0,08,quantile,0.1,162,2027-01-23
2027-01-23,wk inc flu hosp,0,08,quantile,0.15,169,2027-01-23
2027-01-23,wk inc flu hosp,0,08,quantile,0.2,175,2027-01-23
2027-01-23,wk inc flu hosp,0,08,quantile,0.25,178,2027-01-23
2027-01-23,wk inc flu hosp,0,08,quantile,0.3,183,2027-01-23
2027-01-23,wk inc flu hosp,0,08,quantile,0.35,187,2027-01-23
2027-01-23,wk inc flu hosp,0,08,quantile,0.4,191,2027-01-23
2027-01-23,wk inc flu hosp,0,08,quantile,0.45,197,2027-01-23
2027-01-23,wk inc flu hosp,0,08,quantile,0.5,199,2027-01-23
2027-01-23,wk inc flu hosp,0,08,quantile,0.55,202,2027-01-23
2027-01-23,wk inc flu hosp,0,08,quantile,0.6,206,2027-01-23
2027-01-23,wk inc flu hosp,0,08,quantile,0.65,211,2027-01-23
2027-01-23,wk inc flu hosp,0,08,quantile,0.7,214,2027-01-23
2027-01-23,wk inc flu hosp,0,08,quantile,0.75,221,2027-01-23
2027-01-23,wk inc flu hosp,0,08,quantile,0.8,225,2027-01-23
2027-01-23,wk inc flu hosp,0,08,quantile,0.85,233,2027-01-23
2027-01-23,wk inc flu hosp,0,08,quantile,0.9,246,2027-01-23
2027-01-23,wk inc flu hosp,0,08,quantile,0.95,259,2027-01-23
2027-01-23,wk inc flu hosp,0,08,quantile,0.975,270,2027-01-23
2027-01-23,wk inc flu hosp,0,08,quantile,0.99,286,2027-01-23
2027-01-23,wk inc flu hosp,0,09,quantile,0.01,105,2027-01-23
2027-01-23,wk inc flu hosp,0,09,quantile,0.025,108,2027-01-23
2027-01-23,wk inc flu hosp,0,09,quantile,0.05,113,2027-01-23
2027-01-23,wk inc flu hosp,0,09,quantile,0.1,119,2027-01-23
2027-01-23,wk inc flu hosp,0,09,quantile,0.15,129,2027-01-23
2027-01-23,wk inc flu hosp,0,09,quantile,0.2,132,2027-01-23
2027-01-23,wk inc flu hosp,0,09,quantile,0.25,135,2027-01-23
2027-01-23,wk inc flu hosp,0,09,quantile,0.3,138,2027-01-23
2027-01-23,wk inc flu hosp,0,09,quantile,0.35,140,2027-01-23
2027-01-23,wk inc flu hosp,0,09,quantile,0.4,145,2027-01-23
2027-01-23,wk inc flu hosp,0,09,quantile,0.45,148,2027-01-23
2027-01-23,wk inc flu hosp,0,09,quantile,0.5,152,2027-01-23
2027-01-23,wk inc flu hosp,0,09,quantile,0.55,155,2027-01-23
2027-01-23,wk inc flu hosp,0,09,quantile,0.6,159,2027-01-23
2027-01-23,wk inc flu hosp,0,09,quantile,0.65,162,2027-01-23
2027-01-23,wk inc flu hosp,0,09,quantile,0.7,168,2027-01-23
2027-01-23,wk inc flu hosp,0,09,quantile,0.75,173,2027-01-23
2027-01-23,wk inc flu hosp,0,09,quantile,0.8,177,2027-01-23
2027-01-23,wk inc flu hosp,0,09,quantile,0.85,181,2027-01-23
2027-01-23,wk inc flu hosp,0,09,quantile,0.9,188,2027-01-23
2027-01-23,wk inc flu hosp,0,09,quantile,0.95,193,2027-01-23
2027-01-23,wk inc flu hosp,0,09,quantile,0.975,202,2027-01-23
2027-01-23,wk inc flu hosp,0,09,quantile,0.99,208,2027-01-23
2027-01-23,wk inc flu hosp,0,10,quantile,0.01,32,2027-01-23
2027-01-23,wk inc flu hosp,0,10,quantile,0.025,37,2027-01-23
2027-01-23,wk inc flu hosp,0,10,quantile,0.05,40,2027-01-23
2027-01-23,wk inc flu hosp,0,10,quantile,0.1,43,2027-01-23
2027-01-23,wk inc flu hosp,0,10,quantile,0.15,46,2027-01-23
2027-01-23,wk inc flu hosp,0,10,quantile,0.2,47,2027-01-23
2027-01-23,wk inc flu hosp,0,10,quantile,0.25,51,2027-01-23
2027-01-23,wk inc flu hosp,0,10,quantile,0.3,52,2027-01-23
2027-01-23,wk inc flu hosp,0,10,quantile,0.35,53,2027-01-23
2027-01-23,wk inc flu hosp,0,10,quantile,0.4,54,2027-01-23
2027-01-23,wk inc flu hosp,0,10,quantile,0.45,55,2027-01-23
2027-01-23,wk inc flu hosp,0,10,quantile,0.5,57,2027-01-23
2027-01-23,wk inc flu hosp,0,10,quantile,0.55,58,2027-01-23
2027-01-23,wk inc flu hosp,0,10,quantile,0.6,59,2027-01-23
2027-01-23,wk inc flu hosp,0,10,quantile,0.65,61,2027-01-23
2027-01-23,wk inc flu hosp,0,10,quantile,0.7,62,2027-01-23
2027-01-23,wk inc flu hosp,0,10,quantile,0.75,65,2027-01-23
2027-01-23,wk inc flu hosp,0,10,quantile,0.8,68,2027-01-23
2027-01-23,wk inc flu hosp,0,10,quantile,0.85,71,2027-01-23
2027-01-23,wk inc flu hosp,0,10,quantile,0.9,73,2027-01-23
2027-01-23,wk inc flu hosp,0,10,quantile,0.95,77,2027-01-23
2027-01-23,wk inc flu hosp,0,10,quantile,0.975,81,2027-01-23
2027-01-23,wk inc flu hosp,0,10,quantile,0.99,85,2027-01-23
2027-01-23,wk inc flu hosp,0,11,quantile,0.01,78,2027-01-23
2027-01-23,wk inc flu hosp,0,11,quantile,0.025,79,2027-01-23
2027-01-23,wk inc flu hosp,0,11,quantile,0.05,84,2027-01-23
2027-01-23,wk inc flu hosp,0,11,quantile,0.1,88,2027-01-23
2027-01-23,wk inc flu hosp,0,11,quantile,0.15,90,2027-01-23
2027-01-23,wk inc flu hosp,0,11,quantile,0.2,95,2027-01-23
2027-01-23,wk inc flu hosp,0,11,quantile,0.25,98,2027-01-23
2027-01-23,wk inc flu hosp,0,11,quantile,0.3,100,2027-01-23
2027-01-23,wk inc flu hosp,0,11,quantile,0.35,105,2027-01-23
2027-01-23,wk inc flu hosp,0,11,quantile,0.4,108,2027-01-23
2027-01-23,wk inc flu hosp,0,11,quantile,0.45,111,2027-01-23
2027-01-23,wk inc flu hosp,0,11,quantile,0.5,112,2027-01-23
2027-01-23,wk inc flu hosp,0,11,quantile,0.55,116,2027-01-23
2027-01-23,wk inc flu hosp,0,11,quantile,0.6,123,2027-01-23
2027-01-23,wk inc flu hosp,0,11,quantile,0.65,128,2027-01-23
2027-01-23,wk inc flu hosp,0,11,quantile,0.7,131,2027-01-23
2027-01-23,wk inc flu hosp,0,11,quantile,0.75,134,2027-01-23
2027-01-23,wk inc flu hosp,0,11,quantile,0.8,138,2027-01-23
2027-01-23,wk inc flu hosp,0,11,quantile,0.85,144,2027-01-23
2027-01-23,wk inc flu hosp,0,11,quantile,0.9,153,2027-01-23
2027-01-23,wk inc flu hosp,0,11,quantile,0.95,164,2027-01-23
2027-01-23,wk inc flu hosp,0,11,quantile,0.975,181,2027-01-23
2027-01-23,wk inc flu hosp,0,11,quantile,0.99,196,2027-01-23
2027-01-23,wk inc flu hosp,0,12,quantile,0.01,968,2027-01-23
2027-01-23,wk inc flu hosp,0,12,quantile,0.025,1028,2027-01-23
2027-01-23,wk inc flu hosp,0,12,quantile,0.05,1104,2027-01-23
2027-01-23,wk inc flu hosp,0,12,quantile,0.1,1154,2027-01-23
2027-01-23,wk inc flu hosp,0,12,quantile,0.15,1208,2027-01-23
2027-01-23,wk inc flu hosp,0,12,quantile,0.2,1260,2027-01-23
2027-01-23,wk inc flu hosp,0,12,quantile,0.25,1282,2027-01-23
2027-01-23,wk inc flu hosp,0,12,quantile,0.3,1316,2027-01-23
2027-01-23,wk inc flu hosp,0,12,quantile,0.35,1339,2027-01-23
2027-01-23,wk inc flu hosp,0,12,quantile,0.4,1364,2027-01-23
2027-01-23,wk inc flu hosp,0,12,quantile,0.45,1387,2027-01-23
2027-01-23,wk inc flu hosp,0,12,quantile,0.5,1414,2027-01-23
2027-01-23,wk inc flu hosp,0,12,quantile,0.55,1441,2027-01-23
2027-01-23,wk inc flu hosp,0,12,quantile,0.6,1467,2027-01-23
2027-01-23,wk inc flu hosp,0,12,quantile,0.65,1479,2027-01-23
2027-01-23,wk inc flu hosp,0,12,quantile,0.7,1505,2027-01-23
2027-01-23,wk inc flu hosp,0,12,quantile,0.75,1537,2027-01-23
2027-01-23,wk inc flu hosp,0,12,quantile,0.8,1567,2027-01-23
2027-01-23,wk inc flu hosp,0,12,quantile,0.85,1662,2027-01-23
2027-01-23,wk inc flu hosp,0,12,quantile,0.9,1728,2027-01-23
2027-01-23,wk inc flu hosp,0,12,quantile,0.95,1817,2027-01-23
2027-01-23,wk inc flu hosp,0,12,quantile,0.975,1902,2027-01-23
2027-01-23,wk inc flu hosp,0,12,quantile,0.99,1979,2027-01-23
2027-01-23,wk inc flu hosp,0,13,quantile,0.01,429,2027-01-23
2027-01-23,wk inc flu hosp,0,13,quantile,0.025,436,2027-01-23
2027-01-23,wk inc flu hosp,0,13,quantile,0.05,455,2027-01-23
2027-01-23,wk inc flu hosp,0,13,quantile,0.1,470,2027-01-23
2027-01-23,wk inc flu hosp,0,13,quantile,0.15,487,2027-01-23
2027-01-23,wk inc flu hosp,0,13,quantile,0.2,496,2027-01-23
2027-01-23,wk inc flu hosp,0,13,quantile,0.25,511,2027-01-23
2027-01-23,wk inc flu hosp,0,13,quantile,0.3,520,2027-01-23
2027-01-23,wk inc flu hosp,0,13,quantile,0.35,534,2027-01-23
2027-01-23,wk inc flu hosp,0,13,quantile,0.4,550,2027-01-23
2027-01-23,wk inc flu hosp,0,13,quantile,0.45,555,2027-01-23
2027-01-23,wk inc flu hosp,0,13,quantile,0.5,567,2027-01-23
2027-01-23,wk inc flu hosp,0,13,quantile,0.55,583,2027-01-23
2027-01-23,wk inc flu hosp,0,13,quantile,0.6,592,2027-01-23
2027-01-23,wk inc flu hosp,0,13,quantile,0.65,604,2027-01-23
2027-01-23,wk inc flu hosp,0,13,quantile,0.7,614,2027-01-23
2027-01-23,wk inc flu hosp,0,13,quantile,0.75,627,2027-01-23
2027-01-23,wk inc flu hosp,0,13,quantile,0.8,642,2027-01-23
2027-01-23,wk inc flu hosp,0,13,quantile,0.85,652,2027-01-23
2027-01-23,wk inc flu hosp,0,13,quantile,0.9,672,2027-01-23
2027-01-23,wk inc flu hosp,0,13,quantile,0.95,700,2027-01-23
2027-01-23,wk inc flu hosp,0,13,quantile,0.975,728,2027-01-23
2027-01-23,wk inc flu hosp,0,13,quantile,0.99,730,2027-01-23
2027-01-23,wk inc flu hosp,0,15,quantile,0.01,21,2027-01-23
2027-01-23,wk inc flu hosp,0,15,quantile,0.025,22,2027-01-23
2027-01-23,wk inc flu hosp,0,15,quantile,0.05,23,2027-01-23
2027-01-23,wk inc flu hosp,0,15,quantile,0.1,26,2027-01-23
2027-01-23,wk inc flu hosp,0,15,quantile,0.15,27,2027-01-23
2027-01-23,wk inc flu hosp,0,15,quantile,0.2,28,2027-01-23
2027-01-23,wk inc flu hosp,0,15,quantile,0.25,30,2027-01-23
2027-01-23,wk inc flu hosp,0,15,quantile,0.3,31,2027-01-23
2027-01-23,wk inc flu hosp,0,15,quantile,0.35,32,2027-01-23
2027-01-23,wk inc flu hosp,0,15,quantile,0.4,33,2027-01-23
2027-01-23,wk inc flu hosp,0,15,quantile,0.45,34,2027-01-23
2027-01-23,wk inc flu hosp,0,15,quantile,0.5,34,2027-01-23
2027-01-23,wk inc flu hosp,0,15,quantile,0.55,35,2027-01-23
2027-01-23,wk inc flu hosp,0,15,quantile,0.6,36,2027-01-23
2027-01-23,wk inc flu hosp,0,15,quantile,0.65,37,2027-01-23
2027-01-23,wk inc flu hosp,0,15,quantile,0.7,39,2027-01-23
2027-01-23,wk inc flu hosp,0,15,quantile,0.75,41,2027-01-23
2027-01-23,wk inc flu hosp,0,15,quantile,0.8,43,2027-01-23
2027-01-23,wk inc flu hosp,0,15,quantile,0.85,48,2027-01-23
2027-01-23,wk inc flu hosp,0,15,quantile,0.9,50,2027-01-23
2027-01-23,wk inc flu hosp,0,15,quantile,0.95,52,2027-01-23
2027-01-23,wk inc flu hosp,0,15,quantile,0.975,55,2027-01-23
2027-01-23,wk inc flu hosp,0,15,quantile,0.99,58,2027-01-23
2027-01-23,wk inc flu hosp,0,16,quantile,0.01,39,2027-01-23
2027-01-23,wk inc flu hosp,0,16,quantile,0.025,47,2027-01-23
2027-01-23,wk inc flu hosp,0,16,quantile,0.05,47,2027-01-23
2027-01-23,wk inc flu hosp,0,16,quantile,0.1,51,2027-01-23
2027-01-23,wk inc flu hosp,0,16,quantile,0.15,53,2027-01-23
2027-01-23,wk inc flu hosp,0,16,quantile,0.2,57,2027-01-23
2027-01-23,wk inc flu hosp,0,16,quantile,0.25,58,2027-01-23
2027-01-23,wk inc flu hosp,0,16,quantile,0.3,59,2027-01-23
2027-01-23,wk inc flu hosp,0,16,quantile,0.35,60,2027-01-23
2027-01-23,wk inc flu hosp,0,16,quantile,0.4,62,2027-01-23
2027-01-23,wk inc flu hosp,0,16,quantile,0.45,64,2027-01-23
2027-01-23,wk inc flu hosp,0,16,quantile,0.5,66,2027-01-23
2027-01-23,wk inc flu hosp,0,16,quantile,0.55,67,2027-01-23
2027-01-23,wk inc flu hosp,0,16,quantile,0.6,69,2027-01-23
2027-01-23,wk inc flu hosp,0,16,quantile,0.65,70,2027-01-23
2027-01-23,wk inc flu hosp,0,16,quantile,0.7,71,2027-01-23
2027-01-23,wk inc flu hosp,0,16,quantile,0.75,73,2027-01-23
2027-01-23,wk inc flu hosp,0,16,quantile,0.8,75,2027-01-23
2027-01-23,wk inc flu hosp,0,16,quantile,0.85,79,2027-01-23
2027-01-23,wk inc flu hosp,0,16,quantile,0.9,82,2027-01-23
2027-01-23,wk inc flu hosp,0,16,quantile,0.95,88,2027-01-23
2027-01-23,wk inc flu hosp,0,16,quantile,0.975,94,2027-01-23
2027-01-23,wk inc flu hosp,0,16,quantile,0.99,98,2027-01-23
2027-01-23,wk inc flu hosp,0,17,quantile,0.01,498,2027-01-23
2027-01-23,wk inc flu hosp,0,17,quantile,0.025,510,2027-01-23
2027-01-23,wk inc flu hosp,0,17,quantile,0.05,542,2027-01-23
2027-01-23,wk inc flu hosp,0,17,quantile,0.1,576,2027-01-23
2027-01-23,wk inc flu hosp,0,17,quantile,0.15,592,2027-01-23
2027-01-23,wk inc flu hosp,0,17,quantile,0.2,607,2027-01-23
2027-01-23,wk inc flu hosp,0,17,quantile,0.25,627,2027-01-23
2027-01-23,wk inc flu hosp,0,17,quantile,0.3,642,2027-01-23
2027-01-23,wk inc flu hosp,0,17,quantile,0.35,656,2027-01-23
2027-01-23,wk inc flu hosp,0,17,quantile,0.4,667,2027-01-23
2027-01-23,wk inc flu hosp,0,17,quantile,0.45,677,2027-01-23
2027-01-23,wk inc flu hosp,0,17,quantile,0.5,688,2027-01-23
2027-01-23,wk inc flu hosp,0,17,quantile,0.55,700,2027-01-23
2027-01-23,wk inc flu hosp,0,17,quantile,0.6,714,2027-01-23
2027-01-23,wk inc flu hosp,0,17,quantile,0.65,722,2027-01-23
2027-01-23,wk inc flu hosp,0,17,quantile,0.7,735,2027-01-23
2027-01-23,wk inc flu hosp,0,17,quantile,0.75,746,2027-01-23
2027-01-23,wk inc flu hosp,0,17,quantile,0.8,756,2027-01-23
2027-01-23,wk inc flu hosp,0,17,quantile,0.85,776,2027-01-23
2027-01-23,wk inc flu hosp,0,17,quantile,0.9,794,2027-01-23
2027-01-23,wk inc flu hosp,0,17,quantile,0.95,851,2027-01-23
2027-01-23,wk inc flu hosp,0,17,quantile,0.975,880,2027-01-23
2027-01-23,wk inc flu hosp,0,17,quantile,0.99,901,2027-01-23
2027-01-23,wk inc flu hosp,0,18,quantile,0.01,287,2027-01-23
2027-01-23,wk inc flu hosp,0,18,quantile,0.025,314,2027-01-23
2027-01-23,wk inc flu hosp,0,18,quantile,0.05,325,2027-01-23
2027-01-23,wk inc flu hosp,0,18,quantile,0.1,341,2027-01-23
2027-01-23,wk inc flu hosp,0,18,quantile,0.15,353,2027-01-23
2027-01-23,wk inc flu hosp,0,18,quantile,0.2,360,2027-01-23
2027-01-23,wk inc flu hosp,0,18,quantile,0.25,368,2027-01-23
2027-01-23,wk inc flu hosp,0,18,quantile,0.3,376,2027-01-23
2027-01-23,wk inc flu hosp,0,18,quantile,0.35,381,2027-01-23
2027-01-23,wk inc flu hosp,0,18,quantile,0.4,389,2027-01-23
2027-01-23,wk inc flu hosp,0,18,quantile,0.45,395,2027-01-23
2027-01-23,wk inc flu hosp,0,18,quantile,0.5,404,2027-01-23
2027-01-23,wk inc flu hosp,0,18,quantile,0.55,410,2027-01-23
2027-01-23,wk inc flu hosp,0,18,quantile,0.6,416,2027-01-23
2027-01-23,wk inc flu hosp,0,18,quantile,0.65,422,2027-01-23
2027-01-23,wk inc flu hosp,0,18,quantile,0.7,434,2027-01-23
2027-01-23,wk inc flu hosp,0,18,quantile,0.75,440,2027-01-23
2027-01-23,wk inc flu hosp,0,18,quantile,0.8,448,2027-01-23
2027-01-23,wk inc flu hosp,0,18,quantile,0.85,457,2027-01-23
2027-01-23,wk inc flu hosp,0,18,quantile,0.9,471,2027-01-23
2027-01-23,wk inc flu hosp,0,18,quantile,0.95,480,2027-01-23
2027-01-23,wk inc flu hosp,0,18,quantile,0.975,493,2027-01-23
2027-01-23,wk inc flu hosp,0,18,quantile,0.99,514,2027-01-23
2027-01-23,wk inc flu hosp,0,19,quantile,0.01,126,2027-01-23
2027-01-23,wk inc flu hosp,0,19,quantile,0.025,131,2027-01-23
2027-01-23,wk inc flu hosp,0,19,quantile,0.05,142,2027-01-23
2027-01-23,wk inc flu hosp,0,19,quantile,0.1,148,2027-01-23
2027-01-23,wk inc flu hosp,0,19,quantile,0.15,153,2027-01-23
2027-01-23,wk inc flu hosp,0,19,quantile,0.2,158,2027-01-23
2027-01-23,wk inc flu hosp,0,19,quantile,0.25,160,2027-01-23
2027-01-23,wk inc flu hosp,0,19,quantile,0.3,163,2027-01-23
2027-01-23,wk inc flu hosp,0,19,quantile,0.35,168,2027-01-23
2027-01-23,wk inc flu hosp,0,19,quantile,0.4,171,2027-01-23
2027-01-23,wk inc flu hosp,0,19,quantile,0.45,172,2027-01-23
2027-01-23,wk inc flu hosp,0,19,quantile,0.5,176,2027-01-23
2027-01-23,wk inc flu hosp,0,19,quantile,0.55,179,2027-01-23
2027-01-23,wk inc flu hosp,0,19,quantile,0.6,181,2027-01-23
2027-01-23,wk inc flu hosp,0,19,quantile,0.65,183,2027-01-23
2027-01-23,wk inc flu hosp,0,19,quantile,0.7,188,2027-01-23
2027-01-23,wk inc flu hosp,0,19,quantile,0.75,192,2027-01-23
2027-01-23,wk inc flu hosp,0,19,quantile,0.8,196,2027-01-23
2027-01-23,wk inc flu hosp,0,19,quantile,0.85,205,2027-01-23
2027-01-23,wk inc flu hosp,0,19,quantile,0.9,213,2027-01-23
2027-01-23,wk inc flu hosp,0,19,quantile,0.95,224,2027-01-23
2027-01-23,wk inc flu hosp,0,19,quantile,0.975,232,2027-01-23
2027-01-23,wk inc flu hosp,0,19,quantile,0.99,238,2027-01-23
2027-01-23,wk inc flu hosp,0,20,quantile,0.01,81,2027-01-23
2027-01-23,wk inc flu hosp,0,20,quantile,0.025,84,2027-01-23
2027-01-23,wk inc flu hosp,0,20,quantile,0.05,88,2027-01-23
2027-01-23,wk inc flu hosp,0,20,quantile,0.1,98,2027-01-23
2027-01-23,wk inc flu hosp,0,20,quantile,0.15,104,2027-01-23
2027-01-23,wk inc flu hosp,0,20,quantile,0.2,108,2027-01-23
2027-01-23,wk inc flu hosp,0,20,quantile,0.25,111,2027-01-23
2027-01-23,wk inc flu hosp,0,20,quantile,0.3,116,2027-01-23
2027-01-23,wk inc flu hosp,0,20,quantile,0.35,119,2027-01-23
2027-01-23,wk inc flu hosp,0,20,quantile,0.4,122,2027-01-23
2027-01-23,wk inc flu hosp,0,20,quantile,0.45,125,2027-01-23
2027-01-23,wk inc flu hosp,0,20,quantile,0.5,127,2027-01-23
2027-01-23,wk inc flu hosp,0,20,quantile,0.55,131,2027-01-23
2027-01-23,wk inc flu hosp,0,20,quantile,0.6,133,2027-01-23
2027-01-23,wk inc flu hosp,0,20,quantile,0.65,135,2027-01-23
2027-01-23,wk inc flu hosp,0,20,quantile,0.7,138,2027-01-23
2027-01-23,wk inc flu hosp,0,20,quantile,0.75,141,2027-01-23
2027-01-23,wk inc flu hosp,0,20,quantile,0.8,144,2027-01-23
2027-01-23,wk inc flu hosp,0,20,quantile,0.85,150,2027-01-23
2027-01-23,wk inc flu hosp,0,20,quantile,0.9,155,2027-01-23
2027-01-23,wk inc flu hosp,0,20,quantile,0.95,165,2027-01-23
2027-01-23,wk inc flu hosp,0,20,quantile,0.975,168,2027-01-23
2027-01-23,wk inc flu hosp,0,20,quantile,0.99,175,2027-01-23
2027-01-23,wk inc flu hosp,0,21,quantile,0.01,170,2027-01-23
2027-01-23,wk inc flu hosp,0,21,quantile,0.025,178,2027-01-23
2027-01-23,wk inc flu hosp,0,21,quantile,0.05,187,2027-01-23
2027-01-23,wk inc flu hosp,0,21,quantile,0.1,198,2027-01-23
2027-01-23,wk inc flu hosp,0,21,quantile,0.15,204,2027-01-23
2027-01-23,wk inc flu hosp,0,21,quantile,0.2,209,2027-01-23
2027-01-23,wk inc flu hosp,0,21,quantile,0.25,218,2027-01-23
2027-01-23,wk inc flu hosp,0,21,quantile,0.3,224,2027-01-23
2027-01-23,wk inc flu hosp,0,21,quantile,0.35,230,2027-01-23
2027-01-23,wk inc flu hosp,0,21,quantile,0.4,234,2027-01-23
2027-01-23,wk inc flu hosp,0,21,quantile,0.45,238,2027-01-23
2027-01-23,wk inc flu hosp,0,21,quantile,0.5,242,2027-01-23
2027-01-23,wk inc flu hosp,0,21,quantile,0.55,243,2027-01-23
2027-01-23,wk inc flu hosp,0,21,quantile,0.6,247,2027-01-23
2027-01-23,wk inc flu hosp,0,21,quantile,0.65,252,2027-01-23
2027-01-23,wk inc flu hosp,0,21,quantile,0.7,258,2027-01-23
2027-01-23,wk inc flu hosp,0,21,quantile,0.75,264,2027-01-23
2027-01-23,wk inc flu hosp,0,21,quantile,0.8,270,2027-01-23
2027-01-23,wk inc flu hosp,0,21,quantile,0.85,279,2027-01-23
2027-01-23,wk inc flu hosp,0,21,quantile,0.9,285,2027-01-23
2027-01-23,wk inc flu hosp,0,21,quantile,0.95,301,2027-01-23
2027-01-23,wk inc flu hosp,0,21,quantile,0.975,310,2027-01-23
2027-01-23,wk inc flu hosp,0,21,quantile,0.99,333,2027-01-23
2027-01-23,wk inc flu hosp,0,22,quantile,0.01,188,2027-01-23
2027-01-23,wk inc flu hosp,0,22,quantile,0.025,196,2027-01-23
2027-01-23,wk inc flu hosp,0,22,quantile,0.05,207,2027-01-23
2027-01-23,wk inc flu hosp,0,22,quantile,0.1,219,2027-01-23
2027-01-23,wk inc flu hosp,0,22,quantile,0.15,224,2027-01-23
2027-01-23,wk inc flu hosp,0,22,quantile,0.2,230,2027-01-23
2027-01-23,wk inc flu hosp,0,22,quantile,0.25,237,2027-01-23
2027-01-23,wk inc flu hosp,0,22,quantile,0.3,241,2027-01-23
2027-01-23,wk inc flu hosp,0,22,quantile,0.35,245,2027-01-23
2027-01-23,wk inc flu hosp,0,22,quantile,0.4,253,2027-01-23
2027-01-23,wk inc flu hosp,0,22,quantile,0.45,259,2027-01-23
2027-01-23,wk inc flu hosp,0,22,quantile,0.5,262,2027-01-23
2027-01-23,wk inc flu hosp,0,22,quantile,0.55,268,2027-01-23
2027-01-23,wk inc flu hosp,0,22,quantile,0.6,272,2027-01-23
2027-01-23,wk inc flu hosp,0,22,quantile,0.65,276,2027-01-23
2027-01-23,wk inc flu hosp,0,22,quantile,0.7,279,2027-01-23
2027-01-23,wk inc flu hosp,0,22,quantile,0.75,288,2027-01-23
2027-01-23,wk inc flu hosp,0,22,quantile,0.8,292,2027-01-23
2027-01-23,wk inc flu hosp,0,22,quantile,0.85,298,2027-01-23
2027-01-23,wk inc flu hosp,0,22,quantile,0.9,308,2027-01-23
2027-01-23,wk inc flu hosp,0,22,quantile,0.95,323,2027-01-23
2027-01-23,wk inc flu hosp,0,22,quantile,0.975,333,2027-01-23
2027-01-23,wk inc flu hosp,0,22,quantile,0.99,338,2027-01-23
2027-01-23,wk inc flu hosp,0,23,quantile,0.01,25,2027-01-23
2027-01-23,wk inc flu hosp,0,23,quantile,0.025,28,2027-01-23
2027-01-23,wk inc flu hosp,0,23,quantile,0.05,32,2027-01-23
2027-01-23,wk inc flu hosp,0,23,quantile,0.1,36,2027-01-23
2027-01-23,wk inc flu hosp,0,23,quantile,0.15,37,2027-01-23
2027-01-23,wk inc flu hosp,0,23,quantile,0.2,38,2027-01-23
2027-01-23,wk inc flu hosp,0,23,quantile,0.25,40,2027-01-23
2027-01-23,wk inc flu hosp,0,23,quantile,0.3,41,2027-01-23
2027-01-23,wk inc flu hosp,0,23,quantile,0.35,42,2027-01-23
2027-01-23,wk inc flu hosp,0,23,quantile,0.4,43,2027-01-23
2027-01-23,wk inc flu hosp,0,23,quantile,0.45,44,2027-01-23
2027-01-23,wk inc flu hosp,0,23,quantile,0.5,45,2027-01-23
2027-01-23,wk inc flu hosp,0,23,quantile,0.55,45,2027-01-23
2027-01-23,wk inc flu hosp,0,23,quantile,0.6,47,2027-01-23
2027-01-23,wk inc flu hosp,0,23,quantile,0.65,48,2027-01-23
2027-01-23,wk inc flu hosp,0,23,quantile,0.7,50,2027-01-23
2027-01-23,wk inc flu hosp,0,23,quantile,0.75,51,2027-01-23
2027-01-23,wk inc flu hosp,0,23,quantile,0.8,52,2027-01-23
2027-01-23,wk inc flu hosp,0,23,quantile,0.85,53,2027-01-23
2027-01-23,wk inc flu hosp,0,23,quantile,0.9,57,2027-01-23
2027-01-23,wk inc flu hosp,0,23,quantile,0.95,62,2027-01-23
2027-01-23,wk inc flu hosp,0,23,quantile,0.975,65,2027-01-23
2027-01-23,wk inc flu hosp,0,23,quantile,0.99,66,2027-01-23
2027-01-23,wk inc flu hosp,0,24,quantile,0.01,160,2027-01-23
2027-01-23,wk inc flu hosp,0,24,quantile,0.025,170,2027-01-23
2027-01-23,wk inc flu hosp,0,24,quantile,0.05,181,2027-01-23
2027-01-23,wk inc flu hosp,0,24,quantile,0.1,189,2027-01-23
2027-01-23,wk inc flu hosp,0,24,quantile,0.15,198,2027-01-23
2027-01-23,wk inc flu hosp,0,24,quantile,0.2,203,2027-01-23
2027-01-23,wk inc flu hosp,0,24,quantile,0.25,209,2027-01-23
2027-01-23,wk inc flu hosp,0,24,quantile,0.3,215,2027-01-23
2027-01-23,wk inc flu hosp,0,24,quantile,0.35,219,2027-01-23
2027-01-23,wk inc flu hosp,0,24,quantile,0.4,226,2027-01-23
2027-01-23,wk inc flu hosp,0,24,quantile,0.45,228,2027-01-23
2027-01-23,wk inc flu hosp,0,24,quantile,0.5,232,2027-01-23
2027-01-23,wk inc flu hosp,0,24,quantile,0.55,235,2027-01-23
2027-01-23,wk inc flu hosp,0,24,quantile,0.6,241,2027-01-23
2027-01-23,wk inc flu hosp,0,24,quantile,0.65,245,2027-01-23
2027-01-23,wk inc flu hosp,0,24,quantile,0.7,250,2027-01-23
2027-01-23,wk inc flu hosp,0,24,quantile,0.75,259,2027-01-23
2027-01-23,wk inc flu hosp,0,24,quantile,0.8,265,2027-01-23
2027-01-23,wk inc flu hosp,0,24,quantile,0.85,273,2027-01-23
2027-01-23,wk inc flu hosp,0,24,quantile,0.9,290,2027-01-23
2027-01-23,wk inc flu hosp,0,24,quantile,0.95,304,2027-01-23
2027-01-23,wk inc flu hosp,0,24,quantile,0.975,315,2027-01-23
2027-01-23,wk inc flu hosp,0,24,quantile,0.99,321,2027-01-23
2027-01-23,wk inc flu hosp,0,25,quantile,0.01,273,2027-01-23
2027-01-23,wk inc flu hosp,0,25,quantile,0.025,288,2027-01-23
2027-01-23,wk inc flu hosp,0,25,quantile,0.05,296,2027-01-23
2027-01-23,wk inc flu hosp,0,25,quantile,0.1,322,2027-01-23
2027-01-23,wk inc flu hosp,0,25,quantile,0.15,340,2027-01-23
2027-01-23,wk inc flu hosp,0,25,quantile,0.2,351,2027-01-23
2027-01-23,wk inc flu hosp,0,25,quantile,0.25,357,2027-01-23
2027-01-23,wk inc flu hosp,0,25,quantile,0.3,364,2027-01-23
2027-01-23,wk inc flu hosp,0,25,quantile,0.35,373,2027-01-23
2027-01-23,wk inc flu hosp,0,25,quantile,0.4,377,2027-01-23
2027-01-23,wk inc flu hosp,0,25,quantile,0.45,389,2027-01-23
2027-01-23,wk inc flu hosp,0,25,quantile,0.5,394,2027-01-23
2027-01-23,wk inc flu hosp,0,25,quantile,0.55,403,2027-01-23
2027-01-23,wk inc flu hosp,0,25,quantile,0.6,412,2027-01-23
2027-01-23,wk inc flu hosp,0,25,quantile,0.65,419,2027-01-23
2027-01-23,wk inc flu hosp,0,25,quantile,0.7,428,2027-01-23
2027-01-23,wk inc flu hosp,0,25,quantile,0.75,439,2027-01-23
2027-01-23,wk inc flu hosp,0,25,quantile,0.8,446,2027-01-23
2027-01-23,wk inc flu hosp,0,25,quantile,0.85,457,2027-01-23
2027-01-23,wk inc flu hosp,0,25,quantile,0.9,470,2027-01-23
2027-01-23,wk inc flu hosp,0,25,quantile,0.95,488,2027-01-23
2027-01-23,wk inc flu hosp,0,25,quantile,0.975,520,2027-01-23
2027-01-23,wk inc flu hosp,0,25,quantile,0.99,549,2027-01-23
2027-01-23,wk inc flu hosp,0,26,quantile,0.01,338,2027-01-23
2027-01-23,wk inc flu hosp,0,26,quantile,0.025,358,2027-01-23
2027-01-23,wk inc flu hosp,0,26,quantile,0.05,373,2027-01-23
2027-01-23,wk inc flu hosp,0,26,quantile,0.1,382,2027-01-23
2027-01-23,wk inc flu hosp,0,26,quantile,0.15,397,2027-01-23
2027-01-23,wk inc flu hosp,0,26,quantile,0.2,407,2027-01-23
2027-01-23,wk inc flu hosp,0,26,quantile,0.25,410,2027-01-23
2027-01-23,wk inc flu hosp,0,26,quantile,0.3,419,2027-01-23
2027-01-23,wk inc flu hosp,0,26,quantile,0.35,424,2027-01-23
2027-01-23,wk inc flu hosp,0,26,quantile,0.4,431,2027-01-23
2027-01-23,wk inc flu hosp,0,26,quantile,0.45,439,2027-01-23
2027-01-23,wk inc flu hosp,0,26,quantile,0.5,444,2027-01-23
2027-01-23,wk inc flu hosp,0,26,quantile,0.55,451,2027-01-23
2027-01-23,wk inc flu hosp,0,26,quantile,0.6,461,2027-01-23
2027-01-23,wk inc flu hosp,0,26,quantile,0.65,470,2027-01-23
2027-01-23,wk inc flu hosp,0,26,quantile,0.7,476,2027-01-23
2027-01-23,wk inc flu hosp,0,26,quantile,0.75,484,2027-01-23
2027-01-23,wk inc flu hosp,0,26,quantile,0.8,497,2027-01-23
2027-01-23,wk inc flu hosp,0,26,quantile,0.85,504,2027-01-23
2027-01-23,wk inc flu hosp,0,26,quantile,0.9,528,2027-01-23
2027-01-23,wk inc flu hosp,0,26,quantile,0.95,550,2027-01-23
2027-01-23,wk inc flu hosp,0,26,quantile,0.975,571,2027-01-23
2027-01-23,wk inc flu hosp,0,26,quantile,0.99,590,2027-01-23
2027-01-23,wk inc flu hosp,0,27,quantile,0.01,228,2027-01-23
2027-01-23,wk inc flu hosp,0,27,quantile,0.025,237,2027-01-23
2027-01-23,wk inc flu hosp,0,27,quantile,0.05,262,2027-01-23
2027-01-23,wk inc flu hosp,0,27,quantile,0.1,277,2027-01-23
2027-01-23,wk inc flu hosp,0,27,quantile,0.15,290,2027-01-23
2027-01-23,wk inc flu hosp,0,27,quantile,0.2,297,2027-01-23
2027-01-23,wk inc flu hosp,0,27,quantile,0.25,303,2027-01-23
2027-01-23,wk inc flu hosp,0,27,quantile,0.3,310,2027-01-23
2027-01-23,wk inc flu hosp,0,27,quantile,0.35,318,2027-01-23
2027-01-23,wk inc flu hosp,0,27,quantile,0.4,323,2027-01-23
2027-01-23,wk inc flu hosp,0,27,quantile,0.45,329,2027-01-23
2027-01-23,wk inc flu hosp,0,27,quantile,0.5,339,2027-01-23
2027-01-23,wk inc flu hosp,0,27,quantile,0.55,346,2027-01-23
2027-01-23,wk inc flu hosp,0,27,quantile,0.6,352,2027-01-23
2027-01-23,wk inc flu hosp,0,27,quantile,0.65,357,2027-01-23
2027-01-23,wk inc flu hosp,0,27,quantile,0.7,362,2027-01-23
2027-01-23,wk inc flu hosp,0,27,quantile,0.75,368,2027-01-23
2027-01-23,wk inc flu hosp,0,27,quantile,0.8,384,2027-01-23
2027-01-23,wk inc flu hosp,0,27,quantile,0.85,392,2027-01-23
2027-01-23,wk inc flu hosp,0,27,quantile,0.9,396,2027-01-23
2027-01-23,wk inc flu hosp,0,27,quantile,0.95,410,2027-01-23
2027-01-23,wk inc flu hosp,0,27,quantile,0.975,448,2027-01-23
2027-01-23,wk inc flu hosp,0,27,quantile,0.99,456,2027-01-23
2027-01-23,wk inc flu hosp,0,28,quantile,0.01,129,2027-01-23
2027-01-23,wk inc flu hosp,0,28,quantile,0.025,135,2027-01-23
2027-01-23,wk inc flu hosp,0,28,quantile,0.05,141,2027-01-23
2027-01-23,wk inc flu hosp,0,28,quantile,0.1,146,2027-01-23
2027-01-23,wk inc flu hosp,0,28,quantile,0.15,153,2027-01-23
2027-01-23,wk inc flu hosp,0,28,quantile,0.2,156,2027-01-23
2027-01-23,wk inc flu hosp,0,28,quantile,0.25,163,2027-01-23
2027-01-23,wk inc flu hosp,0,28,quantile,0.3,168,2027-01-23
2027-01-23,wk inc flu hosp,0,28,quantile,0.35,171,2027-01-23
2027-01-23,wk inc flu hosp,0,28,quantile,0.4,176,2027-01-23
2027-01-23,wk inc flu hosp,0,28,quantile,0.45,180,2027-01-23
2027-01-23,wk inc flu hosp,0,28,quantile,0.5,183,2027-01-23
2027-01-23,wk inc flu hosp,0,28,quantile,0.55,184,2027-01-23
2027-01-23,wk inc flu hosp,0,28,quantile,0.6,188,2027-01-23
2027-01-23,wk inc flu hosp,0,28,quantile,0.65,192,2027-01-23
2027-01-23,wk inc flu hosp,0,28,quantile,0.7,196,2027-01-23
2027-01-23,wk inc flu hosp,0,28,quantile,0.75,201,2027-01-23
2027-01-23,wk inc flu hosp,0,28,quantile,0.8,204,2027-01-23
2027-01-23,wk inc flu hosp,0,28,quantile,0.85,211,2027-01-23
2027-01-23,wk inc flu hosp,0,28,quantile,0.9,220,2027-01-23
2027-01-23,wk inc flu hosp,0,28,quantile,0.95,233,2027-01-23
2027-01-23,wk inc flu hosp,0,28,quantile,0.975,240,2027-01-23
2027-01-23,wk inc flu hosp,0,28,quantile,0.99,248,2027-01-23
2027-01-23,wk inc flu hosp,0,29,quantile,0.01,295,2027-01-23
2027-01-23,wk inc flu hosp,0,29,quantile,0.025,301,2027-01-23
2027-01-23,wk inc flu hosp,0,29,quantile,0.05,317,2027-01-23
2027-01-23,wk inc flu hosp,0,29,quantile,0.1,327,2027-01-23
2027-01-23,wk inc flu hosp,0,29,quantile,0.15,345,2027-01-23
2027-01-23,wk inc flu hosp,0,29,quantile,0.2,357,2027-01-23
2027-01-23,wk inc flu hosp,0,29,quantile,0.25,365,2027-01-23
2027-01-23,wk inc flu hosp,0,29,quantile,0.3,371,2027-01-23
2027-01-23,wk inc flu hosp,0,29,quantile,0.35,378,2027-01-23
2027-01-23,wk inc flu hosp,0,29,quantile,0.4,385,2027-01-23
2027-01-23,wk inc flu hosp,0,29,quantile,0.45,393,2027-01-23
2027-01-23,wk inc flu hosp,0,29,quantile,0.5,398,2027-01-23
2027-01-23,wk inc flu hosp,0,29,quantile,0.55,402,2027-01-23
2027-01-23,wk inc flu hosp,0,29,quantile,0.6,408,2027-01-23
2027-01-23,wk inc flu hosp,0,29,quantile,0.65,415,2027-01-23
2027-01-23,wk inc flu hosp,0,29,quantile,0.7,422,2027-01-23
2027-01-23,wk inc flu hosp,0,29,quantile,0.75,430,2027-01-23
2027-01-23,wk inc flu hosp,0,29,quantile,0.8,433,2027-01-23
2027-01-23,wk inc flu hosp,0,29,quantile,0.85,442,2027-01-23
2027-01-23,wk inc flu hosp,0,29,quantile,0.9,464,2027-01-23
2027-01-23,wk inc flu hosp,0,29,quantile,0.95,489,2027-01-23
2027-01-23,wk inc flu hosp,0,29,quantile,0.975,507,2027-01-23
2027-01-23,wk inc flu hosp,0,29,quantile,0.99,513,2027-01-23
2027-01-23,wk inc flu hosp,0,30,quantile,0.01,33,2027-01-23
2027-01-23,wk inc flu hosp,0,30,quantile,0.025,34,2027-01-23
2027-01-23,wk inc flu hosp,0,30,quantile,0.05,36,2027-01-23
2027-01-23,wk inc flu hosp,0,30,quantile,0.1,41,2027-01-23
2027-01-23,wk inc flu hosp,0,30,quantile,0.15,43,2027-01-23
2027-01-23,wk inc flu hosp,0,30,quantile,0.2,46,2027-01-23
2027-01-23,wk inc flu hosp,0,30,quantile,0.25,48,2027-01-23
2027-01-23,wk inc flu hosp,0,30,quantile,0.3,49,2027-01-23
2027-01-23,wk inc flu hosp,0,30,quantile,0.35,51,2027-01-23
2027-01-23,wk inc flu hosp,0,30,quantile,0.4,52,2027-01-23
2027-01-23,wk inc flu hosp,0,30,quantile,0.45,54,2027-01-23
2027-01-23,wk inc flu hosp,0,30,quantile,0.5,55,2027-01-23
2027-01-23,wk inc flu hosp,0,30,quantile,0.55,55,2027-01-23
2027-01-23,wk inc flu hosp,0,30,quantile,0.6,57,2027-01-23
2027-01-23,wk inc flu hosp,0,30,quantile,0.65,60,2027-01-23
2027-01-23,wk inc flu hosp,0,30,quantile,0.7,62,2027-01-23
2027-01-23,wk inc flu hosp,0,30,quantile,0.75,64,2027-01-23
2027-01-23,wk inc flu hosp,0,30,quantile,0.8,68,2027-01-23
2027-01-23,wk inc flu hosp,0,30,quantile,0.85,72,2027-01-23
2027-01-23,wk inc flu hosp,0,30,quantile,0.9,76,2027-01-23
2027-01-23,wk inc flu hosp,0,30,quantile,0.95,82,2027-01-23
2027-01-23,wk inc flu hosp,0,30,quantile,0.975,84,2027-01-23
2027-01-23,wk inc flu hosp,0,30,quantile,0.99,91,2027-01-23
2027-01-23,wk inc flu hosp,0,31,quantile,0.01,63,2027-01-23
2027-01-23,wk inc flu hosp,0,31,quantile,0.025,63,2027-01-23
2027-01-23,wk inc flu hosp,0,31,quantile,0.05,70,2027-01-23
2027-01-23,wk inc flu hosp,0,31,quantile,0.1,75,2027-01-23
2027-01-23,wk inc flu hosp,0,31,quantile,0.15,78,2027-01-23
2027-01-23,wk inc flu hosp,0,31,quantile,0.2,81,2027-01-23
2027-01-23,wk inc flu hosp,0,31,quantile,0.25,82,2027-01-23
2027-01-23,wk inc flu hosp,0,31,quantile,0.3,85,2027-01-23
2027-01-23,wk inc flu hosp,0,31,quantile,0.35,87,2027-01-23
2027-01-23,wk inc flu hosp,0,31,quantile,0.4,88,2027-01-23
2027-01-23,wk inc flu hosp,0,31,quantile,0.45,90,2027-01-23
2027-01-23,wk inc flu hosp,0,31,quantile,0.5,92,2027-01-23
2027-01-23,wk inc flu hosp,0,31,quantile,0.55,93,2027-01-23
2027-01-23,wk inc flu hosp,0,31,quantile,0.6,96,2027-01-23
2027-01-23,wk inc flu hosp,0,31,quantile,0.65,97,2027-01-23
2027-01-23,wk inc flu hosp,0,31,quantile,0.7,98,2027-01-23
2027-01-23,wk inc flu hosp,0,31,quantile,0.75,102,2027-01-23
2027-01-23,wk inc flu hosp,0,31,quantile,0.8,104,2027-01-23
2027-01-23,wk inc flu hosp,0,31,quantile,0.85,106,2027-01-23
2027-01-23,wk inc flu hosp,0,31,quantile,0.9,109,2027-01-23
2027-01-23,wk inc flu hosp,0,31,quantile,0.95,116,2027-01-23
2027-01-23,wk inc flu hosp,0,31,quantile,0.975,120,2027-01-23
2027-01-23,wk inc flu hosp,0,31,quantile,0.99,124,2027-01-23
2027-01-23,wk inc flu hosp,0,32,quantile,0.01,52,2027-01-23
2027-01-23,wk inc flu hosp,0,32,quantile,0.025,54,2027-01-23
2027-01-23,wk inc flu hosp,0,32,quantile,0.05,60,2027-01-23
2027-01-23,wk inc flu hosp,0,32,quantile,0.1,64,2027-01-23
2027-01-23,wk inc flu hosp,0,32,quantile,0.15,67,2027-01-23
2027-01-23,wk inc flu hosp,0,32,quantile,0.2,70,2027-01-23
2027-01-23,wk inc flu hosp,0,32,quantile,0.25,70,2027-01-23
2027-01-23,wk inc flu hosp,0,32,quantile,0.3,72,2027-01-23
2027-01-23,wk inc flu hosp,0,32,quantile,0.35,74,2027-01-23
2027-01-23,wk inc flu hosp,0,32,quantile,0.4,76,2027-01-23
2027-01-23,wk inc flu hosp,0,32,quantile,0.45,78,2027-01-23
2027-01-23,wk inc flu hosp,0,32,quantile,0.5,81,2027-01-23
2027-01-23,wk inc flu hosp,0,32,quantile,0.55,82,2027-01-23
2027-01-23,wk inc flu hosp,0,32,quantile,0.6,84,2027-01-23
2027-01-23,wk inc flu hosp,0,32,quantile,0.65,86,2027-01-23
2027-01-23,wk inc flu hosp,0,32,quantile,0.7,88,2027-01-23
2027-01-23,wk inc flu hosp,0,32,quantile,0.75,91,2027-01-23
2027-01-23,wk inc flu hosp,0,32,quantile,0.8,95,2027-01-23
2027-01-23,wk inc flu hosp,0,32,quantile,0.85,98,2027-01-23
2027-01-23,wk inc flu hosp,0,32,quantile,0.9,102,2027-01-23
2027-01-23,wk inc flu hosp,0,32,quantile,0.95,108,2027-01-23
2027-01-23,wk inc flu hosp,0,32,quantile,0.975,114,2027-01-23
2027-01-23,wk inc flu hosp,0,32,quantile,0.99,121,2027-01-23
2027-01-23,wk inc flu hosp,0,33,quantile,0.01,42,2027-01-23
2027-01-23,wk inc flu hosp,0,33,quantile,0.025,46,2027-01-23
2027-01-23,wk inc flu hosp,0,33,quantile,0.05,49,2027-01-23
2027-01-23,wk inc flu hosp,0,33,quantile,0.1,52,2027-01-23
2027-01-23,wk inc flu hosp,0,33,quantile,0.15,56,2027-01-23
2027-01-23,wk inc flu hosp,0,33,quantile,0.2,56,2027-01-23
2027-01-23,wk inc flu hosp,0,33,quantile,0.25,58,2027-01-23
2027-01-23,wk inc flu hosp,0,33,quantile,0.3,60,2027-01-23
2027-01-23,wk inc flu hosp,0,33,quantile,0.35,63,2027-01-23
2027-01-23,wk inc flu hosp,0,33,quantile,0.4,65,2027-01-23
2027-01-23,wk inc flu hosp,0,33,quantile,0.45,67,2027-01-23
2027-01-23,wk inc flu hosp,0,33,quantile,0.5,68,2027-01-23
2027-01-23,wk inc flu hosp,0,33,quantile,0.55,69,2027-01-23
2027-01-23,wk inc flu hosp,0,33,quantile,0.6,71,2027-01-23
2027-01-23,wk inc flu hosp,0,33,quantile,0.65,72,2027-01-23
2027-01-23,wk inc flu hosp,0,33,quantile,0.7,74,2027-01-23
2027-01-23,wk inc flu hosp,0,33,quantile,0.75,76,2027-01-23
2027-01-23,wk inc flu hosp,0,33,quantile,0.8,78,2027-01-23
2027-01-23,wk inc flu hosp,0,33,quantile,0.85,80,2027-01-23
2027-01-23,wk inc flu hosp,0,33,quantile,0.9,84,2027-01-23
2027-01-23,wk inc flu hosp,0,33,quantile,0.95,92,2027-01-23
2027-01-23,wk inc flu hosp,0,33,quantile,0.975,96,2027-01-23
2027-01-23,wk inc flu hosp,0,33,quantile,0.99,103,2027-01-23
2027-01-23,wk inc flu hosp,0,34,quantile,0.01,391,2027-01-23
2027-01-23,wk inc flu hosp,0,34,quantile,0.025,427,2027-01-23
2027-01-23,wk inc flu hosp,0,34,quantile,0.05,442,2027-01-23
2027-01-23,wk inc flu hosp,0,34,quantile,0.1,462,2027-01-23
2027-01-23,wk inc flu hosp,0,34,quantile,0.15,483,2027-01-23
2027-01-23,wk inc flu hosp,0,34,quantile,0.2,498,2027-01-23
2027-01-23,wk inc flu hosp,0,34,quantile,0.25,514,2027-01-23
2027-01-23,wk inc flu hosp,0,34,quantile,0.3,520,2027-01-23
2027-01-23,wk inc flu hosp,0,34,quantile,0.35,527,2027-01-23
2027-01-23,wk inc flu hosp,0,34,quantile,0.4,535,2027-01-23
2027-01-23,wk inc flu hosp,0,34,quantile,0.45,542,2027-01-23
2027-01-23,wk inc flu hosp,0,34,quantile,0.5,558,2027-01-23
2027-01-23,wk inc flu hosp,0,34,quantile,0.55,570,2027-01-23
2027-01-23,wk inc flu hosp,0,34,quantile,0.6,577,2027-01-23
2027-01-23,wk inc flu hosp,0,34,quantile,0.65,584,2027-01-23
2027-01-23,wk inc flu hosp,0,34,quantile,0.7,592,2027-01-23
2027-01-23,wk inc flu hosp,0,34,quantile,0.75,602,2027-01-23
2027-01-23,wk inc flu hosp,0,34,quantile,0.8,615,2027-01-23
2027-01-23,wk inc flu hosp,0,34,quantile,0.85,633,2027-01-23
2027-01-23,wk inc flu hosp,0,34,quantile,0.9,660,2027-01-23
2027-01-23,wk inc flu hosp,0,34,quantile,0.95,685,2027-01-23
2027-01-23,wk inc flu hosp,0,34,quantile,0.975,730,2027-01-23
2027-01-23,wk inc flu hosp,0,34,quantile,0.99,746,2027-01-23
2027-01-23,wk inc flu hosp,0,35,quantile,0.01,70,2027-01-23
2027-01-23,wk inc flu hosp,0,35,quantile,0.025,76,2027-01-23
2027-01-23,wk inc flu hosp,0,35,quantile,0.05,80,2027-01-23
2027-01-23,wk inc flu hosp,0,35,quantile,0.1,86,2027-01-23
2027-01-23,wk inc flu hosp,0,35,quantile,0.15,91,2027-01-23
2027-01-23,wk inc flu hosp,0,35,quantile,0.2,94,2027-01-23
2027-01-23,wk inc flu hosp,0,35,quantile,0.25,96,2027-01-23
2027-01-23,wk inc flu hosp,0,35,quantile,0.3,99,2027-01-23
2027-01-23,wk inc flu hosp,0,35,quantile,0.35,102,2027-01-23
2027-01-23,wk inc flu hosp,0,35,quantile,0.4,104,2027-01-23
2027-01-23,wk inc flu hosp,0,35,quantile,0.45,106,2027-01-23
2027-01-23,wk inc flu hosp,0,35,quantile,0.5,108,2027-01-23
2027-01-23,wk inc flu hosp,0,35,quantile,0.55,112,2027-01-23
2027-01-23,wk inc flu hosp,0,35,quantile,0.6,114,2027-01-23
2027-01-23,wk inc flu hosp,0,35,quantile,0.65,118,2027-01-23
2027-01-23,wk inc flu hosp,0,35,quantile,0.7,121,2027-01-23
2027-01-23,wk inc flu hosp,0,35,quantile,0.75,123,2027-01-23
2027-01-23,wk inc flu hosp,0,35,quantile,0.8,126,2027-01-23
2027-01-23,wk inc flu hosp,0,35,quantile,0.85,132,2027-01-23
2027-01-23,wk inc flu hosp,0,35,quantile,0.9,136,2027-01-23
2027-01-23,wk inc flu hosp,0,35,quantile,0.95,144,2027-01-23
2027-01-23,wk inc flu hosp,0,35,quantile,0.975,151,2027-01-23
2027-01-23,wk inc flu hosp,0,35,quantile,0.99,154,2027-01-23
2027-01-23,wk inc flu hosp,0,36,quantile,0.01,752,2027-01-23
2027-01-23,wk inc flu hosp,0,36,quantile,0.025,804,2027-01-23
2027-01-23,wk inc flu hosp,0,36,quantile,0.05,863,2027-01-23
2027-01-23,wk inc flu hosp,0,36,quantile,0.1,900,2027-01-23
2027-01-23,wk inc flu hosp,0,36,quantile,0.15,925,2027-01-23
2027-01-23,wk inc flu hosp,0,36,quantile,0.2,950,2027-01-23
2027-01-23,wk inc flu hosp,0,36,quantile,0.25,972,2027-01-23
2027-01-23,wk inc flu hosp,0,36,quantile,0.3,987,2027-01-23
2027-01-23,wk inc flu hosp,0,36,quantile,0.35,1007,2027-01-23
2027-01-23,wk inc flu hosp,0,36,quantile,0.4,1023,2027-01-23
2027-01-23,wk inc flu hosp,0,36,quantile,0.45,1050,2027-01-23
2027-01-23,wk inc flu hosp,0,36,quantile,0.5,1074,2027-01-23
2027-01-23,wk inc flu hosp,0,36,quantile,0.55,1099,2027-01-23
2027-01-23,wk inc flu hosp,0,36,quantile,0.6,1121,2027-01-23
2027-01-23,wk inc flu hosp,0,36,quantile,0.65,1138,2027-01-23
2027-01-23,wk inc flu hosp,0,36,quantile,0.7,1154,2027-01-23
2027-01-23,wk inc flu hosp,0,36,quantile,0.75,1177,2027-01-23
2027-01-23,wk inc flu hosp,0,36,quantile,0.8,1208,2027-01-23
2027-01-23,wk inc flu hosp,0,36,quantile,0.85,1231,2027-01-23
2027-01-23,wk inc flu hosp,0,36,quantile,0.9,1266,2027-01-23
2027-01-23,wk inc flu hosp,0,36,quantile,0.95,1319,2027-01-23
2027-01-23,wk inc flu hosp,0,36,quantile,0.975,1343,2027-01-23
2027-01-23,wk inc flu hosp,0,36,quantile,0.99,1402,2027-01-23
2027-01-23,wk inc flu hosp,0,37,quantile,0.01,472,2027-01-23
2027-01-23,wk inc flu hosp,0,37,quantile,0.025,483,2027-01-23
2027-01-23,wk inc flu hosp,0,37,quantile,0.05,497,2027-01-23
2027-01-23,wk inc flu hosp,0,37,quantile,0.1,527,2027-01-23
2027-01-23,wk inc flu hosp,0,37,quantile,0.15,550,2027-01-23
2027-01-23,wk inc flu hosp,0,37,quantile,0.2,570,2027-01-23
2027-01-23,wk inc flu hosp,0,37,quantile,0.25,590,2027-01-23
2027-01-23,wk inc flu hosp,0,37,quantile,0.3,606,2027-01-23
2027-01-23,wk inc flu hosp,0,37,quantile,0.35,614,2027-01-23
2027-01-23,wk inc flu hosp,0,37,quantile,0.4,621,2027-01-23
2027-01-23,wk inc flu hosp,0,37,quantile,0.45,628,2027-01-23
2027-01-23,wk inc flu hosp,0,37,quantile,0.5,638,2027-01-23
2027-01-23,wk inc flu hosp,0,37,quantile,0.55,650,2027-01-23
2027-01-23,wk inc flu hosp,0,37,quantile,0.6,665,2027-01-23
2027-01-23,wk inc flu hosp,0,37,quantile,0.65,682,2027-01-23
2027-01-23,wk inc flu hosp,0,37,quantile,0.7,697,2027-01-23
2027-01-23,wk inc flu hosp,0,37,quantile,0.75,712,2027-01-23
2027-01-23,wk inc flu hosp,0,37,quantile,0.8,730,2027-01-23
2027-01-23,wk inc flu hosp,0,37,quantile,0.85,756,2027-01-23
2027-01-23,wk inc flu hosp,0,37,quantile,0.9,779,2027-01-23
2027-01-23,wk inc flu hosp,0,37,quantile,0.95,817,2027-01-23
2027-01-23,wk inc flu hosp,0,37,quantile,0.975,839,2027-01-23
2027-01-23,wk inc flu hosp,0,37,quantile,0.99,889,2027-01-23
2027-01-23,wk inc flu hosp,0,38,quantile,0.01,38,2027-01-23
2027-01-23,wk inc flu hosp,0,38,quantile,0.025,40,2027-01-23
2027-01-23,wk inc flu hosp,0,38,quantile,0.05,44,2027-01-23
2027-01-23,wk inc flu hosp,0,38,quantile,0.1,48,2027-01-23
2027-01-23,wk inc flu hosp,0,38,quantile,0.15,50,2027-01-23
2027-01-23,wk inc flu hosp,0,38,quantile,0.2,53,2027-01-23
2027-01-23,wk inc flu hosp,0,38,quantile,0.25,56,2027-01-23
2027-01-23,wk inc flu hosp,0,38,quantile,0.3,58,2027-01-23
2027-01-23,wk inc flu hosp,0,38,quantile,0.35,60,2027-01-23
2027-01-23,wk inc flu hosp,0,38,quantile,0.4,61,2027-01-23
2027-01-23,wk inc flu hosp,0,38,quantile,0.45,62,2027-01-23
2027-01-23,wk inc flu hosp,0,38,quantile,0.5,63,2027-01-23
2027-01-23,wk inc flu hosp,0,38,quantile,0.55,64,2027-01-23
2027-01-23,wk inc flu hosp,0,38,quantile,0.6,65,2027-01-23
2027-01-23,wk inc flu hosp,0,38,quantile,0.65,66,2027-01-23
2027-01-23,wk inc flu hosp,0,38,quantile,0.7,67,2027-01-23
2027-01-23,wk inc flu hosp,0,38,quantile,0.75,69,2027-01-23
2027-01-23,wk inc flu hosp,0,38,quantile,0.8,71,2027-01-23
2027-01-23,wk inc flu hosp,0,38,quantile,0.85,73,2027-01-23
2027-01-23,wk inc flu hosp,0,38,quantile,0.9,75,2027-01-23
2027-01-23,wk inc flu hosp,0,38,quantile,0.95,77,2027-01-23
2027-01-23,wk inc flu hosp,0,38,quantile,0.975,80,2027-01-23
2027-01-23,wk inc flu hosp,0,38,quantile,0.99,87,2027-01-23
2027-01-23,wk inc flu hosp,0,39,quantile,0.01,630,2027-01-23
2027-01-23,wk inc flu hosp,0,39,quantile,0.025,649,2027-01-23
2027-01-23,wk inc flu hosp,0,39,quantile,0.05,669,2027-01-23
2027-01-23,wk inc flu hosp,0,39,quantile,0.1,723,2027-01-23
2027-01-23,wk inc flu hosp,0,39,quantile,0.15,733,2027-01-23
2027-01-23,wk inc flu hosp,0,39,quantile,0.2,751,2027-01-23
2027-01-23,wk inc flu hosp,0,39,quantile,0.25,778,2027-01-23
2027-01-23,wk inc flu hosp,0,39,quantile,0.3,801,2027-01-23
2027-01-23,wk inc flu hosp,0,39,quantile,0.35,814,2027-01-23
2027-01-23,wk inc flu hosp,0,39,quantile,0.4,825,2027-01-23
2027-01-23,wk inc flu hosp,0,39,quantile,0.45,834,2027-01-23
2027-01-23,wk inc flu hosp,0,39,quantile,0.5,847,2027-01-23
2027-01-23,wk inc flu hosp,0,39,quantile,0.55,862,2027-01-23
2027-01-23,wk inc flu hosp,0,39,quantile,0.6,876,2027-01-23
2027-01-23,wk inc flu hosp,0,39,quantile,0.65,886,2027-01-23
2027-01-23,wk inc flu hosp,0,39,quantile,0.7,903,2027-01-23
2027-01-23,wk inc flu hosp,0,39,quantile,0.75,918,2027-01-23
2027-01-23,wk inc flu hosp,0,39,quantile,0.8,933,2027-01-23
2027-01-23,wk inc flu hosp,0,39,quantile,0.85,956,2027-01-23
2027-01-23,wk inc flu hosp,0,39,quantile,0.9,988,2027-01-23
2027-01-23,wk inc flu hosp,0,39,quantile,0.95,1053,2027-01-23
2027-01-23,wk inc flu hosp,0,39,quantile,0.975,1133,2027-01-23
2027-01-23,wk inc flu hosp,0,39,quantile,0.99,1167,2027-01-23
2027-01-23,wk inc flu hosp,0,40,quantile,0.01,341,2027-01-23
2027-01-23,wk inc flu hosp,0,40,quantile,0.025,352,2027-01-23
2027-01-23,wk inc flu hosp,0,40,quantile,0.05,369,2027-01-23
2027-01-23,wk inc flu hosp,0,40,quantile,0.1,389,2027-01-23
2027-01-23,wk inc flu hosp,0,40,quantile,0.15,400,2027-01-23
2027-01-23,wk inc flu hosp,0,40,quantile,0.2,410,2027-01-23
2027-01-23,wk inc flu hosp,0,40,quantile,0.25,419,2027-01-23
2027-01-23,wk inc flu hosp,0,40,quantile,0.3,425,2027-01-23
2027-01-23,wk inc flu hosp,0,40,quantile,0.35,436,2027-01-23
2027-01-23,wk inc flu hosp,0,40,quantile,0.4,443,2027-01-23
2027-01-23,wk inc flu hosp,0,40,quantile,0.45,449,2027-01-23
2027-01-23,wk inc flu hosp,0,40,quantile,0.5,453,2027-01-23
2027-01-23,wk inc flu hosp,0,40,quantile,0.55,462,2027-01-23
2027-01-23,wk inc flu hosp,0,40,quantile,0.6,472,2027-01-23
2027-01-23,wk inc flu hosp,0,40,quantile,0.65,485,2027-01-23
2027-01-23,wk inc flu hosp,0,40,quantile,0.7,493,2027-01-23
2027-01-23,wk inc flu hosp,0,40,quantile,0.75,504,2027-01-23
2027-01-23,wk inc flu hosp,0,40,quantile,0.8,511,2027-01-23
2027-01-23,wk inc flu hosp,0,40,quantile,0.85,526,2027-01-23
2027-01-23,wk inc flu hosp,0,40,quantile,0.9,556,2027-01-23
2027-01-23,wk inc flu hosp,0,40,quantile,0.95,572,2027-01-23
2027-01-23,wk inc flu hosp,0,40,quantile,0.975,592,2027-01-23
2027-01-23,wk inc flu hosp,0,40,quantile,0.99,615,2027-01-23
2027-01-23,wk inc flu hosp,0,41,quantile,0.01,112,2027-01-23
2027-01-23,wk inc flu hosp,0,41,quantile,0.025,114,2027-01-23
2027-01-23,wk inc flu hosp,0,41,quantile,0.05,122,2027-01-23
2027-01-23,wk inc flu hosp,0,41,quantile,0.1,129,2027-01-23
2027-01-23,wk inc flu hosp,0,41,quantile,0.15,134,2027-01-23
2027-01-23,wk inc flu hosp,0,41,quantile,0.2,139,2027-01-23
2027-01-23,wk inc flu hosp,0,41,quantile,0.25,144,2027-01-23
2027-01-23,wk inc flu hosp,0,41,quantile,0.3,148,2027-01-23
2027-01-23,wk inc flu hosp,0,41,quantile,0.35,152,2027-01-23
2027-01-23,wk inc flu hosp,0,41,quantile,0.4,154,2027-01-23
2027-01-23,wk inc flu hosp,0,41,quantile,0.45,161,2027-01-23
2027-01-23,wk inc flu hosp,0,41,quantile,0.5,164,2027-01-23
2027-01-23,wk inc flu hosp,0,41,quantile,0.55,166,2027-01-23
2027-01-23,wk inc flu hosp,0,41,quantile,0.6,171,2027-01-23
2027-01-23,wk inc flu hosp,0,41,quantile,0.65,177,2027-01-23
2027-01-23,wk inc flu hosp,0,41,quantile,0.7,179,2027-01-23
2027-01-23,wk inc flu hosp,0,41,quantile,0.75,182,2027-01-23
2027-01-23,wk inc flu hosp,0,41,quantile,0.8,188,2027-01-23
2027-01-23,wk inc flu hosp,0,41,quantile,0.85,195,2027-01-23
2027-01-23,wk inc flu hosp,0,41,quantile,0.9,203,2027-01-23
2027-01-23,wk inc flu hosp,0,41,quantile,0.95,214,2027-01-23
2027-01-23,wk inc flu hosp,0,41,quantile,0.975,217,2027-01-23
2027-01-23,wk inc flu hosp,0,41,quantile,0.99,241,2027-01-23
2027-01-23,wk inc flu hosp,0,42,quantile,0.01,974,2027-01-23
2027-01-23,wk inc flu hosp,0,42,quantile,0.025,988,2027-01-23
2027-01-23,wk inc flu hosp,0,42,quantile,0.05,1017,2027-01-23
2027-01-23,wk inc flu hosp,0,42,quantile,0.1,1078,2027-01-23
2027-01-23,wk inc flu hosp,0,42,quantile,0.15,1099,2027-01-23
2027-01-23,wk inc flu hosp,0,42,quantile,0.2,1126,2027-01-23
2027-01-23,wk inc flu hosp,0,42,quantile,0.25,1149,2027-01-23
2027-01-23,wk inc flu hosp,0,42,quantile,0.3,1167,2027-01-23
2027-01-23,wk inc flu hosp,0,42,quantile,0.35,1191,2027-01-23
2027-01-23,wk inc flu hosp,0,42,quantile,0.4,1211,2027-01-23
2027-01-23,wk inc flu hosp,0,42,quantile,0.45,1223,2027-01-23
2027-01-23,wk inc flu hosp,0,42,quantile,0.5,1246,2027-01-23
2027-01-23,wk inc flu hosp,0,42,quantile,0.55,1255,2027-01-23
2027-01-23,wk inc flu hosp,0,42,quantile,0.6,1290,2027-01-23
2027-01-23,wk inc flu hosp,0,42,quantile,0.65,1324,2027-01-23
2027-01-23,wk inc flu hosp,0,42,quantile,0.7,1333,2027-01-23
2027-01-23,wk inc flu hosp,0,42,quantile,0.75,1360,2027-01-23
2027-01-23,wk inc flu hosp,0,42,quantile,0.8,1387,2027-01-23
2027-01-23,wk inc flu hosp,0,42,quantile,0.85,1429,2027-01-23
2027-01-23,wk inc flu hosp,0,42,quantile,0.9,1472,2027-01-23
2027-01-23,wk inc flu hosp,0,42,quantile,0.95,1537,2027-01-23
2027-01-23,wk inc flu hosp,0,42,quantile,0.975,1592,2027-01-23
2027-01-23,wk inc flu hosp,0,42,quantile,0.99,1662,2027-01-23
2027-01-23,wk inc flu hosp,0,44,quantile,0.01,28,2027-01-23
2027-01-23,wk inc flu hosp,0,44,quantile,0.025,28,2027-01-23
2027-01-23,wk inc flu hosp,0,44,quantile,0.05,30,2027-01-23
2027-01-23,wk inc flu hosp,0,44,quantile,0.1,33,2027-01-23
2027-01-23,wk inc flu hosp,0,44,quantile,0.15,35,2027-01-23
2027-01-23,wk inc flu hosp,0,44,quantile,0.2,37,2027-01-23
2027-01-23,wk inc flu hosp,0,44,quantile,0.25,38,2027-01-23
2027-01-23,wk inc flu hosp,0,44,quantile,0.3,40,2027-01-23
2027-01-23,wk inc flu hosp,0,44,quantile,0.35,42,2027-01-23
2027-01-23,wk inc flu hosp,0,44,quantile,0.4,43,2027-01-23
2027-01-23,wk inc flu hosp,0,44,quantile,0.45,44,2027-01-23
2027-01-23,wk inc flu hosp,0,44,quantile,0.5,45,2027-01-23
2027-01-23,wk inc flu hosp,0,44,quantile,0.55,46,2027-01-23
2027-01-23,wk inc flu hosp,0,44,quantile,0.6,47,2027-01-23
2027-01-23,wk inc flu hosp,0,44,quantile,0.65,48,2027-01-23
2027-01-23,wk inc flu hosp,0,44,quantile,0.7,49,2027-01-23
2027-01-23,wk inc flu hosp,0,44,quantile,0.75,50,2027-01-23
2027-01-23,wk inc flu hosp,0,44,quantile,0.8,51,2027-01-23
2027-01-23,wk inc flu hosp,0,44,quantile,0.85,54,2027-01-23
2027-01-23,wk inc flu hosp,0,44,quantile,0.9,57,2027-01-23
2027-01-23,wk inc flu hosp,0,44,quantile,0.95,62,2027-01-23
2027-01-23,wk inc flu hosp,0,44,quantile,0.975,66,2027-01-23
2027-01-23,wk inc flu hosp,0,44,quantile,0.99,73,2027-01-23
2027-01-23,wk inc flu hosp,0,45,quantile,0.01,251,2027-01-23
2027-01-23,wk inc flu hosp,0,45,quantile,0.025,254,2027-01-23
2027-01-23,wk inc flu hosp,0,45,quantile,0.05,263,2027-01-23
2027-01-23,wk inc flu hosp,0,45,quantile,0.1,285,2027-01-23
2027-01-23,wk inc flu hosp,0,45,quantile,0.15,305,2027-01-23
2027-01-23,wk inc flu hosp,0,45,quantile,0.2,316,2027-01-23
2027-01-23,wk inc flu hosp,0,45,quantile,0.25,321,2027-01-23
2027-01-23,wk inc flu hosp,0,45,quantile,0.3,331,2027-01-23
2027-01-23,wk inc flu hosp,0,45,quantile,0.35,336,2027-01-23
2027-01-23,wk inc flu hosp,0,45,quantile,0.4,343,2027-01-23
2027-01-23,wk inc flu hosp,0,45,quantile,0.45,352,2027-01-23
2027-01-23,wk inc flu hosp,0,45,quantile,0.5,356,2027-01-23
2027-01-23,wk inc flu hosp,0,45,quantile,0.55,363,2027-01-23
2027-01-23,wk inc flu hosp,0,45,quantile,0.6,371,2027-01-23
2027-01-23,wk inc flu hosp,0,45,quantile,0.65,376,2027-01-23
2027-01-23,wk inc flu hosp,0,45,quantile,0.7,384,2027-01-23
2027-01-23,wk inc flu hosp,0,45,quantile,0.75,395,2027-01-23
2027-01-23,wk inc flu hosp,0,45,quantile,0.8,410,2027-01-23
2027-01-23,wk inc flu hosp,0,45,quantile,0.85,419,2027-01-23
2027-01-23,wk inc flu hosp,0,45,quantile,0.9,443,2027-01-23
2027-01-23,wk inc flu hosp,0,45,quantile,0.95,466,2027-01-23
2027-01-23,wk inc flu hosp,0,45,quantile,0.975,471,2027-01-23
2027-01-23,wk inc flu hosp,0,45,quantile,0.99,495,2027-01-23
2027-01-23,wk inc flu hosp,0,46,quantile,0.01,29,2027-01-23
2027-01-23,wk inc flu hosp,0,46,quantile,0.025,32,2027-01-23
2027-01-23,wk inc flu hosp,0,46,quantile,0.05,33,2027-01-23
2027-01-23,wk inc flu hosp,0,46,quantile,0.1,37,2027-01-23
2027-01-23,wk inc flu hosp,0,46,quantile,0.15,37,2027-01-23
2027-01-23,wk inc flu hosp,0,46,quantile,0.2,39,2027-01-23
2027-01-23,wk inc flu hosp,0,46,quantile,0.25,41,2027-01-23
2027-01-23,wk inc flu hosp,0,46,quantile,0.3,42,2027-01-23
2027-01-23,wk inc flu hosp,0,46,quantile,0.35,44,2027-01-23
2027-01-23,wk inc flu hosp,0,46,quantile,0.4,46,2027-01-23
2027-01-23,wk inc flu hosp,0,46,quantile,0.45,47,2027-01-23
2027-01-23,wk inc flu hosp,0,46,quantile,0.5,48,2027-01-23
2027-01-23,wk inc flu hosp,0,46,quantile,0.55,48,2027-01-23
2027-01-23,wk inc flu hosp,0,46,quantile,0.6,50,2027-01-23
2027-01-23,wk inc flu hosp,0,46,quantile,0.65,52,2027-01-23
2027-01-23,wk inc flu hosp,0,46,quantile,0.7,53,2027-01-23
2027-01-23,wk inc flu hosp,0,46,quantile,0.75,54,2027-01-23
2027-01-23,wk inc flu hosp,0,46,quantile,0.8,55,2027-01-23
2027-01-23,wk inc flu hosp,0,46,quantile,0.85,58,2027-01-23
2027-01-23,wk inc flu hosp,0,46,quantile,0.9,62,2027-01-23
2027-01-23,wk inc flu hosp,0,46,quantile,0.95,66,2027-01-23
2027-01-23,wk inc flu hosp,0,46,quantile,0.975,71,2027-01-23
2027-01-23,wk inc flu hosp,0,46,quantile,0.99,73,2027-01-23
2027-01-23,wk inc flu hosp,0,47,quantile,0.01,285,2027-01-23
2027-01-23,wk inc flu hosp,0,47,quantile,0.025,287,2027-01-23
2027-01-23,wk inc flu hosp,0,47,quantile,0.05,297,2027-01-23
2027-01-23,wk inc flu hosp,0,47,quantile,0.1,316,2027-01-23
2027-01-23,wk inc flu hosp,0,47,quantile,0.15,328,2027-01-23
2027-01-23,wk inc flu hosp,0,47,quantile,0.2,332,2027-01-23
2027-01-23,wk inc flu hosp,0,47,quantile,0.25,343,2027-01-23
2027-01-23,wk inc flu hosp,0,47,quantile,0.3,349,2027-01-23
2027-01-23,wk inc flu hosp,0,47,quantile,0.35,351,2027-01-23
2027-01-23,wk inc flu hosp,0,47,quantile,0.4,356,2027-01-23
2027-01-23,wk inc flu hosp,0,47,quantile,0.45,363,2027-01-23
2027-01-23,wk inc flu hosp,0,47,quantile,0.5,368,2027-01-23
2027-01-23,wk inc flu hosp,0,47,quantile,0.55,371,2027-01-23
2027-01-23,wk inc flu hosp,0,47,quantile,0.6,377,2027-01-23
2027-01-23,wk inc flu hosp,0,47,quantile,0.65,385,2027-01-23
2027-01-23,wk inc flu hosp,0,47,quantile,0.7,393,2027-01-23
2027-01-23,wk inc flu hosp,0,47,quantile,0.75,405,2027-01-23
2027-01-23,wk inc flu hosp,0,47,quantile,0.8,416,2027-01-23
2027-01-23,wk inc flu hosp,0,47,quantile,0.85,428,2027-01-23
2027-01-23,wk inc flu hosp,0,47,quantile,0.9,441,2027-01-23
2027-01-23,wk inc flu hosp,0,47,quantile,0.95,461,2027-01-23
2027-01-23,wk inc flu hosp,0,47,quantile,0.975,477,2027-01-23
2027-01-23,wk inc flu hosp,0,47,quantile,0.99,487,2027-01-23
2027-01-23,wk inc flu hosp,0,48,quantile,0.01,1489,2027-01-23
2027-01-23,wk inc flu hosp,0,48,quantile,0.025,1540,2027-01-23
2027-01-23,wk inc flu hosp,0,48,quantile,0.05,1629,2027-01-23
2027-01-23,wk inc flu hosp,0,48,quantile,0.1,1714,2027-01-23
2027-01-23,wk inc flu hosp,0,48,quantile,0.15,1764,2027-01-23
2027-01-23,wk inc flu hosp,0,48,quantile,0.2,1793,2027-01-23
2027-01-23,wk inc flu hosp,0,48,quantile,0.25,1836,2027-01-23
2027-01-23,wk inc flu hosp,0,48,quantile,0.3,1874,2027-01-23
2027-01-23,wk inc flu hosp,0,48,quantile,0.35,1926,2027-01-23
2027-01-23,wk inc flu hosp,0,48,quantile,0.4,1976,2027-01-23
2027-01-23,wk inc flu hosp,0,48,quantile,0.45,2005,2027-01-23
2027-01-23,wk inc flu hosp,0,48,quantile,0.5,2066,2027-01-23
2027-01-23,wk inc flu hosp,0,48,quantile,0.55,2087,2027-01-23
2027-01-23,wk inc flu hosp,0,48,quantile,0.6,2127,2027-01-23
2027-01-23,wk inc flu hosp,0,48,quantile,0.65,2167,2027-01-23
2027-01-23,wk inc flu hosp,0,48,quantile,0.7,2215,2027-01-23
2027-01-23,wk inc flu hosp,0,48,quantile,0.75,2264,2027-01-23
2027-01-23,wk inc flu hosp,0,48,quantile,0.8,2327,2027-01-23
2027-01-23,wk inc flu hosp,0,48,quantile,0.85,2365,2027-01-23
2027-01-23,wk inc flu hosp,0,48,quantile,0.9,2435,2027-01-23
2027-01-23,wk inc flu hosp,0,48,quantile,0.95,2520,2027-01-23
2027-01-23,wk inc flu hosp,0,48,quantile,0.975,2615,2027-01-23
2027-01-23,wk inc flu hosp,0,48,quantile,0.99,2721,2027-01-23
2027-01-23,wk inc flu hosp,0,49,quantile,0.01,39,2027-01-23
2027-01-23,wk inc flu hosp,0,49,quantile,0.025,44,2027-01-23
2027-01-23,wk inc flu hosp,0,49,quantile,0.05,49,2027-01-23
2027-01-23,wk inc flu hosp,0,49,quantile,0.1,53,2027-01-23
2027-01-23,wk inc flu hosp,0,49,quantile,0.15,56,2027-01-23
2027-01-23,wk inc flu hosp,0,49,quantile,0.2,57,2027-01-23
2027-01-23,wk inc flu hosp,0,49,quantile,0.25,59,2027-01-23
2027-01-23,wk inc flu hosp,0,49,quantile,0.3,61,2027-01-23
2027-01-23,wk inc flu hosp,0,49,quantile,0.35,63,2027-01-23
2027-01-23,wk inc flu hosp,0,49,quantile,0.4,64,2027-01-23
2027-01-23,wk inc flu hosp,0,49,quantile,0.45,66,2027-01-23
2027-01-23,wk inc flu hosp,0,49,quantile,0.5,68,2027-01-23
2027-01-23,wk inc flu hosp,0,49,quantile,0.55,69,2027-01-23
2027-01-23,wk inc flu hosp,0,49,quantile,0.6,70,2027-01-23
2027-01-23,wk inc flu hosp,0,49,quantile,0.65,72,2027-01-23
2027-01-23,wk inc flu hosp,0,49,quantile,0.7,75,2027-01-23
2027-01-23,wk inc flu hosp,0,49,quantile,0.75,76,2027-01-23
2027-01-23,wk inc flu hosp,0,49,quantile,0.8,80,2027-01-23
2027-01-23,wk inc flu hosp,0,49,quantile,0.85,83,2027-01-23
2027-01-23,wk inc flu hosp,0,49,quantile,0.9,87,2027-01-23
2027-01-23,wk inc flu hosp,0,49,quantile,0.95,91,2027-01-23
2027-01-23,wk inc flu hosp,0,49,quantile,0.975,95,2027-01-23
2027-01-23,wk inc flu hosp,0,49,quantile,0.99,100,2027-01-23
2027-01-23,wk inc flu hosp,0,50,quantile,0.01,13,2027-01-23
2027-01-23,wk inc flu hosp,0,50,quantile,0.025,17,2027-01-23
2027-01-23,wk inc flu hosp,0,50,quantile,0.05,18,2027-01-23
2027-01-23,wk inc flu hosp,0,50,quantile,0.1,19,2027-01-23
2027-01-23,wk inc flu hosp,0,50,quantile,0.15,21,2027-01-23
2027-01-23,wk inc flu hosp,0,50,quantile,0.2,22,2027-01-23
2027-01-23,wk inc flu hosp,0,50,quantile,0.25,23,2027-01-23
2027-01-23,wk inc flu hosp,0,50,quantile,0.3,24,2027-01-23
2027-01-23,wk inc flu hosp,0,50,quantile,0.35,25,2027-01-23
2027-01-23,wk inc flu hosp,0,50,quantile,0.4,26,2027-01-23
2027-01-23,wk inc flu hosp,0,50,quantile,0.45,27,2027-01-23
2027-01-23,wk inc flu hosp,0,50,quantile,0.5,28,2027-01-23
2027-01-23,wk inc flu hosp,0,50,quantile,0.55,29,2027-01-23
2027-01-23,wk inc flu hosp,0,50,quantile,0.6,30,2027-01-23
2027-01-23,wk inc flu hosp,0,50,quantile,0.65,31,2027-01-23
2027-01-23,wk inc flu hosp,0,50,quantile,0.7,31,2027-01-23
2027-01-23,wk inc flu hosp,0,50,quantile,0.75,33,2027-01-23
2027-01-23,wk inc flu hosp,0,50,quantile,0.8,34,2027-01-23
2027-01-23,wk inc flu hosp,0,50,quantile,0.85,35,2027-01-23
2027-01-23,wk inc flu hosp,0,50,quantile,0.9,38,2027-01-23
2027-01-23,wk inc flu hosp,0,50,quantile,0.95,40,2027-01-23
2027-01-23,wk inc flu hosp,0,50,quantile,0.975,46,2027-01-23
2027-01-23,wk inc flu hosp,0,50,quantile,0.99,48,2027-01-23
2027-01-23,wk inc flu hosp,0,51,quantile,0.01,310,2027-01-23
2027-01-23,wk inc flu hosp,0,51,quantile,0.025,331,2027-01-23
2027-01-23,wk inc flu hosp,0,51,quantile,0.05,346,2027-01-23
2027-01-23,wk inc flu hosp,0,51,quantile,0.1,358,2027-01-23
2027-01-23,wk inc flu hosp,0,51,quantile,0.15,373,2027-01-23
2027-01-23,wk inc flu hosp,0,51,quantile,0.2,381,2027-01-23
2027-01-23,wk inc flu hosp,0,51,quantile,0.25,393,2027-01-23
2027-01-23,wk inc flu hosp,0,51,quantile,0.3,403,2027-01-23
2027-01-23,wk inc flu hosp,0,51,quantile,0.35,411,2027-01-23
2027-01-23,wk inc flu hosp,0,51,quantile,0.4,420,2027-01-23
2027-01-23,wk inc flu hosp,0,51,quantile,0.45,428,2027-01-23
2027-01-23,wk inc flu hosp,0,51,quantile,0.5,434,2027-01-23
2027-01-23,wk inc flu hosp,0,51,quantile,0.55,449,2027-01-23
2027-01-23,wk inc flu hosp,0,51,quantile,0.6,457,2027-01-23
2027-01-23,wk inc flu hosp,0,51,quantile,0.65,467,2027-01-23
2027-01-23,wk inc flu hosp,0,51,quantile,0.7,480,2027-01-23
2027-01-23,wk inc flu hosp,0,51,quantile,0.75,495,2027-01-23
2027-01-23,wk inc flu hosp,0,51,quantile,0.8,504,2027-01-23
2027-01-23,wk inc flu hosp,0,51,quantile,0.85,519,2027-01-23
2027-01-23,wk inc flu hosp,0,51,quantile,0.9,547,2027-01-23
2027-01-23,wk inc flu hosp,0,51,quantile,0.95,583,2027-01-23
2027-01-23,wk inc flu hosp,0,51,quantile,0.975,604,2027-01-23
2027-01-23,wk inc flu hosp,0,51,quantile,0.99,613,2027-01-23
2027-01-23,wk inc flu hosp,0,53,quantile,0.01,148,2027-01-23
2027-01-23,wk inc flu hosp,0,53,quantile,0.025,154,2027-01-23
2027-01-23,wk inc flu hosp,0,53,quantile,0.05,167,2027-01-23
2027-01-23,wk inc flu hosp,0,53,quantile,0.1,173,2027-01-23
2027-01-23,wk inc flu hosp,0,53,quantile,0.15,179,2027-01-23
2027-01-23,wk inc flu hosp,0,53,quantile,0.2,185,2027-01-23
2027-01-23,wk inc flu hosp,0,53,quantile,0.25,189,2027-01-23
2027-01-23,wk inc flu hosp,0,53,quantile,0.3,192,2027-01-23
2027-01-23,wk inc flu hosp,0,53,quantile,0.35,196,2027-01-23
2027-01-23,wk inc flu hosp,0,53,quantile,0.4,200,2027-01-23
2027-01-23,wk inc flu hosp,0,53,quantile,0.45,202,2027-01-23
2027-01-23,wk inc flu hosp,0,53,quantile,0.5,207,2027-01-23
2027-01-23,wk inc flu hosp,0,53,quantile,0.55,208,2027-01-23
2027-01-23,wk inc flu hosp,0,53,quantile,0.6,213,2027-01-23
2027-01-23,wk inc flu hosp,0,53,quantile,0.65,217,2027-01-23
2027-01-23,wk inc flu hosp,0,53,quantile,0.7,222,2027-01-23
2027-01-23,wk inc flu hosp,0,53,quantile,0.75,227,2027-01-23
2027-01-23,wk inc flu hosp,0,53,quantile,0.8,231,2027-01-23
2027-01-23,wk inc flu hosp,0,53,quantile,0.85,235,2027-01-23
2027-01-23,wk inc flu hosp,0,53,quantile,0.9,253,2027-01-23
2027-01-23,wk inc flu hosp,0,53,quantile,0.95,264,2027-01-23
2027-01-23,wk inc flu hosp,0,53,quantile,0.975,287,2027-01-23
2027-01-23,wk inc flu hosp,0,53,quantile,0.99,308,2027-01-23
2027-01-23,wk inc flu hosp,0,54,quantile,0.01,107,2027-01-23
2027-01-23,wk inc flu hosp,0,54,quantile,0.025,110,2027-01-23
2027-01-23,wk inc flu hosp,0,54,quantile,0.05,115,2027-01-23
2027-01-23,wk inc flu hosp,0,54,quantile,0.1,120,2027-01-23
2027-01-23,wk inc flu hosp,0,54,quantile,0.15,123,2027-01-23
2027-01-23,wk inc flu hosp,0,54,quantile,0.2,128,2027-01-23
2027-01-23,wk inc flu hosp,0,54,quantile,0.25,133,2027-01-23
2027-01-23,wk inc flu hosp,0,54,quantile,0.3,136,2027-01-23
2027-01-23,wk inc flu hosp,0,54,quantile,0.35,138,2027-01-23
2027-01-23,wk inc flu hosp,0,54,quantile,0.4,140,2027-01-23
2027-01-23,wk inc flu hosp,0,54,quantile,0.45,143,2027-01-23
2027-01-23,wk inc flu hosp,0,54,quantile,0.5,145,2027-01-23
2027-01-23,wk inc flu hosp,0,54,quantile,0.55,148,2027-01-23
2027-01-23,wk inc flu hosp,0,54,quantile,0.6,150,2027-01-23
2027-01-23,wk inc flu hosp,0,54,quantile,0.65,152,2027-01-23
2027-01-23,wk inc flu hosp,0,54,quantile,0.7,157,2027-01-23
2027-01-23,wk inc flu hosp,0,54,quantile,0.75,161,2027-01-23
2027-01-23,wk inc flu hosp,0,54,quantile,0.8,166,2027-01-23
2027-01-23,wk inc flu hosp,0,54,quantile,0.85,169,2027-01-23
2027-01-23,wk inc flu hosp,0,54,quantile,0.9,174,2027-01-23
2027-01-23,wk inc flu hosp,0,54,quantile,0.95,188,2027-01-23
2027-01-23,wk inc flu hosp,0,54,quantile,0.975,191,2027-01-23
2027-01-23,wk inc flu hosp,0,54,quantile,0.99,207,2027-01-23
2027-01-23,wk inc flu hosp,0,55,quantile,0.01,302,2027-01-23
2027-01-23,wk inc flu hosp,0,55,quantile,0.025,310,2027-01-23
2027-01-23,wk inc flu hosp,0,55,quantile,0.05,316,2027-01-23
2027-01-23,wk inc flu hosp,0,55,quantile,0.1,332,2027-01-23
2027-01-23,wk inc flu hosp,0,55,quantile,0.15,337,2027-01-23
2027-01-23,wk inc flu hosp,0,55,quantile,0.2,341,2027-01-23
2027-01-23,wk inc flu hosp,0,55,quantile,0.25,347,2027-01-23
2027-01-23,wk inc flu hosp,0,55,quantile,0.3,352,2027-01-23
2027-01-23,wk inc flu hosp,0,55,quantile,0.35,358,2027-01-23
2027-01-23,wk inc flu hosp,0,55,quantile,0.4,365,2027-01-23
2027-01-23,wk inc flu hosp,0,55,quantile,0.45,371,2027-01-23
2027-01-23,wk inc flu hosp,0,55,quantile,0.5,376,2027-01-23
2027-01-23,wk inc flu hosp,0,55,quantile,0.55,382,2027-01-23
2027-01-23,wk inc flu hosp,0,55,quantile,0.6,391,2027-01-23
2027-01-23,wk inc flu hosp,0,55,quantile,0.65,398,2027-01-23
2027-01-23,wk inc flu hosp,0,55,quantile,0.7,406,2027-01-23
2027-01-23,wk inc flu hosp,0,55,quantile,0.75,411,2027-01-23
2027-01-23,wk inc flu hosp,0,55,quantile,0.8,421,2027-01-23
2027-01-23,wk inc flu hosp,0,55,quantile,0.85,431,2027-01-23
2027-01-23,wk inc flu hosp,0,55,quantile,0.9,446,2027-01-23
2027-01-23,wk inc flu hosp,0,55,quantile,0.95,472,2027-01-23
2027-01-23,wk inc flu hosp,0,55,quantile,0.975,488,2027-01-23
2027-01-23,wk inc flu hosp,0,55,quantile,0.99,500,2027-01-23
2027-01-23,wk inc flu hosp,0,56,quantile,0.01,20,2027-01-23
2027-01-23,wk inc flu hosp,0,56,quantile,0.025,22,2027-01-23
2027-01-23,wk inc flu hosp,0,56,quantile,0.05,23,2027-01-23
2027-01-23,wk inc flu hosp,0,56,quantile,0.1,25,2027-01-23
2027-01-23,wk inc flu hosp,0,56,quantile,0.15,26,2027-01-23
2027-01-23,wk inc flu hosp,0,56,quantile,0.2,28,2027-01-23
2027-01-23,wk inc flu hosp,0,56,quantile,0.25,30,2027-01-23
2027-01-23,wk inc flu hosp,0,56,quantile,0.3,30,2027-01-23
2027-01-23,wk inc flu hosp,0,56,quantile,0.35,31,2027-01-23
2027-01-23,wk inc flu hosp,0,56,quantile,0.4,33,2027-01-23
2027-01-23,wk inc flu hosp,0,56,quantile,0.45,35,2027-01-23
2027-01-23,wk inc flu hosp,0,56,quantile,0.5,35,2027-01-23
2027-01-23,wk inc flu hosp,0,56,quantile,0.55,37,2027-01-23
2027-01-23,wk inc flu hosp,0,56,quantile,0.6,38,2027-01-23
2027-01-23,wk inc flu hosp,0,56,quantile,0.65,40,2027-01-23
2027-01-23,wk inc flu hosp,0,56,quantile,0.7,42,2027-01-23
2027-01-23,wk inc flu hosp,0,56,quantile,0.75,43,2027-01-23
2027-01-23,wk inc flu hosp,0,56,quantile,0.8,45,2027-01-23
2027-01-23,wk inc flu hosp,0,56,quantile,0.85,47,2027-01-23
2027-01-23,wk inc flu hosp,0,56,quantile,0.9,50,2027-01-23
2027-01-23,wk inc flu hosp,0,56,quantile,0.95,54,2027-01-23
2027-01-23,wk inc flu hosp,0,56,quantile,0.975,55,2027-01-23
2027-01-23,wk inc flu hosp,0,56,quantile,0.99,56,2027-01-23
2027-01-23,wk inc flu hosp,0,72,quantile,0.01,85,2027-01-23
2027-01-23,wk inc flu hosp,0,72,quantile,0.025,88,2027-01-23
2027-01-23,wk inc flu hosp,0,72,quantile,0.05,95,2027-01-23
2027-01-23,wk inc flu hosp,0,72,quantile,0.1,109,2027-01-23
2027-01-23,wk inc flu hosp,0,72,quantile,0.15,115,2027-01-23
2027-01-23,wk inc flu hosp,0,72,quantile,0.2,119,2027-01-23
2027-01-23,wk inc flu hosp,0,72,quantile,0.25,123,2027-01-23
2027-01-23,wk inc flu hosp,0,72,quantile,0.3,127,2027-01-23
2027-01-23,wk inc flu hosp,0,72,quantile,0.35,129,2027-01-23
2027-01-23,wk inc flu hosp,0,72,quantile,0.4,135,2027-01-23
2027-01-23,wk inc flu hosp,0,72,quantile,0.45,138,2027-01-23
2027-01-23,wk inc flu hosp,0,72,quantile,0.5,140,2027-01-23
2027-01-23,wk inc flu hosp,0,72,quantile,0.55,142,2027-01-23
2027-01-23,wk inc flu hosp,0,72,quantile,0.6,148,2027-01-23
2027-01-23,wk inc flu hosp,0,72,quantile,0.65,152,2027-01-23
2027-01-23,wk inc flu hosp,0,72,quantile,0.7,157,2027-01-23
2027-01-23,wk inc flu hosp,0,72,quantile,0.75,160,2027-01-23
2027-01-23,wk inc flu hosp,0,72,quantile,0.8,163,2027-01-23
2027-01-23,wk inc flu hosp,0,72,quantile,0.85,170,2027-01-23
2027-01-23,wk inc flu hosp,0,72,quantile,0.9,180,2027-01-23
2027-01-23,wk inc flu hosp,0,72,quantile,0.95,190,2027-01-23
2027-01-23,wk inc flu hosp,0,72,quantile,0.975,203,2027-01-23
2027-01-23,wk inc flu hosp,0,72,quantile,0.99,237,2027-01-23
2027-01-23,wk inc flu hosp,0,USA,quantile,0.01,16901,2027-01-23
2027-01-23,wk inc flu hosp,0,USA,quantile,0.025,17097,2027-01-23
2027-01-23,wk inc flu hosp,0,USA,quantile,0.05,17842,2027-01-23
2027-01-23,wk inc flu hosp,0,USA,quantile,0.1,18363,2027-01-23
2027-01-23,wk inc flu hosp,0,USA,quantile,0.15,18708,2027-01-23
2027-01-23,wk inc flu hosp,0,USA,quantile,0.2,18822,2027-01-23
2027-01-23,wk inc flu hosp,0,USA,quantile,0.25,18984,2027-01-23
2027-01-23,wk inc flu hosp,0,USA,quantile,0.3,19097,2027-01-23
2027-01-23,wk inc flu hosp,0,USA,quantile,0.35,19172,2027-01-23
2027-01-23,wk inc flu hosp,0,USA,quantile,0.4,19232,2027-01-23
2027-01-23,wk inc flu hosp,0,USA,quantile,0.45,19293,2027-01-23
2027-01-23,wk inc flu hosp,0,USA,quantile,0.5,19380,2027-01-23
2027-01-23,wk inc flu hosp,0,USA,quantile,0.55,19465,2027-01-23
2027-01-23,wk inc flu hosp,0,USA,quantile,0.6,19556,2027-01-23
2027-01-23,wk inc flu hosp,0,USA,quantile,0.65,19624,2027-01-23
2027-01-23,wk inc flu hosp,0,USA,quantile,0.7,19730,2027-01-23
2027-01-23,wk inc flu hosp,0,USA,quantile,0.75,19839,2027-01-23
2027-01-23,wk inc flu hosp,0,USA,quantile,0.8,19985,2027-01-23
2027-01-23,wk inc flu hosp,0,USA,quantile,0.85,20167,2027-01-23
2027-01-23,wk inc flu hosp,0,USA,quantile,0.9,20318,2027-01-23
2027-01-23,wk inc flu hosp,0,USA,quantile,0.95,20475,2027-01-23
2027-01-23,wk inc flu hosp,0,USA,quantile,0.975,20654,2027-01-23
2027-01-23,wk inc flu hosp,0,USA,quantile,0.99,21024,2027-01-23
2027-01-23,wk inc flu hosp,1,01,quantile,0.01,208,2027-01-30
2027-01-23,wk inc flu hosp,1,01,quantile,0.025,231,2027-01-30
2027-01-23,wk inc flu hosp,1,01,quantile,0.05,248,2027-01-30
2027-01-23,wk inc flu hosp,1,01,quantile,0.1,262,2027-01-30
2027-01-23,wk inc flu hosp,1,01,quantile,0.15,282,2027-01-30
2027-01-23,wk inc flu hosp,1,01,quantile,0.2,292,2027-01-30
2027-01-23,wk inc flu hosp,1,01,quantile,0.25,301,2027-01-30
2027-01-23,wk inc flu hosp,1,01,quantile,0.3,316,2027-01-30
2027-01-23,wk inc flu hosp,1,01,quantile,0.35,333,2027-01-30
2027-01-23,wk inc flu hosp,1,01,quantile,0.4,346,2027-01-30
2027-01-23,wk inc flu hosp,1,01,quantile,0.45,355,2027-01-30
2027-01-23,wk inc flu hosp,1,01,quantile,0.5,366,2027-01-30
2027-01-23,wk inc flu hosp,1,01,quantile,0.55,373,2027-01-30
2027-01-23,wk inc flu hosp,1,01,quantile,0.6,384,2027-01-30
2027-01-23,wk inc flu hosp,1,01,quantile,0.65,392,2027-01-30
2027-01-23,wk inc flu hosp,1,01,quantile,0.7,404,2027-01-30
2027-01-23,wk inc flu hosp,1,01,quantile,0.75,415,2027-01-30
2027-01-23,wk inc flu hosp,1,01,quantile,0.8,434,2027-01-30
2027-01-23,wk inc flu hosp,1,01,quantile,0.85,448,2027-01-30
2027-01-23,wk inc flu hosp,1,01,quantile,0.9,465,2027-01-30
2027-01-23,wk inc flu hosp,1,01,quantile,0.95,500,2027-01-30
2027-01-23,wk inc flu hosp,1,01,quantile,0.975,524,2027-01-30
2027-01-23,wk inc flu hosp,1,01,quantile,0.99,548,2027-01-30
2027-01-23,wk inc flu hosp,1,02,quantile,0.01,1,2027-01-30
2027-01-23,wk inc flu hosp,1,02,quantile,0.025,3,2027-01-30
2027-01-23,wk inc flu hosp,1,02,quantile,0.05,6,2027-01-30
2027-01-23,wk inc flu hosp,1,02,quantile,0.1,9,2027-01-30
2027-01-23,wk inc flu hosp,1,02,quantile,0.15,10,2027-01-30
2027-01-23,wk inc flu hosp,1,02,quantile,0.2,11,2027-01-30
2027-01-23,wk inc flu hosp,1,02,quantile,0.25,12,2027-01-30
2027-01-23,wk inc flu hosp,1,02,quantile,0.3,13,2027-01-30
2027-01-23,wk inc flu hosp,1,02,quantile,0.35,14,2027-01-30
2027-01-23,wk inc flu hosp,1,02,quantile,0.4,15,2027-01-30
2027-01-23,wk inc flu hosp,1,02,quantile,0.45,16,2027-01-30
2027-01-23,wk inc flu hosp,1,02,quantile,0.5,17,2027-01-30
2027-01-23,wk inc flu hosp,1,02,quantile,0.55,18,2027-01-30
2027-01-23,wk inc flu hosp,1,02,quantile,0.6,19,2027-01-30
2027-01-23,wk inc flu hosp,1,02,quantile,0.65,21,2027-01-30
2027-01-23,wk inc flu hosp,1,02,quantile,0.7,22,2027-01-30
2027-01-23,wk inc flu hosp,1,02,quantile,0.75,24,2027-01-30
2027-01-23,wk inc flu hosp,1,02,quantile,0.8,27,2027-01-30
2027-01-23,wk inc flu hosp,1,02,quantile,0.85,29,2027-01-30
2027-01-23,wk inc flu hosp,1,02,quantile,0.9,31,2027-01-30
2027-01-23,wk inc flu hosp,1,02,quantile,0.95,35,2027-01-30
2027-01-23,wk inc flu hosp,1,02,quantile,0.975,40,2027-01-30
2027-01-23,wk inc flu hosp,1,02,quantile,0.99,48,2027-01-30
2027-01-23,wk inc flu hosp,1,04,quantile,0.01,299,2027-01-30
2027-01-23,wk inc flu hosp,1,04,quantile,0.025,307,2027-01-30
2027-01-23,wk inc flu hosp,1,04,quantile,0.05,356,2027-01-30
2027-01-23,wk inc flu hosp,1,04,quantile,0.1,376,2027-01-30
2027-01-23,wk inc flu hosp,1,04,quantile,0.15,401,2027-01-30
2027-01-23,wk inc flu hosp,1,04,quantile,0.2,434,2027-01-30
2027-01-23,wk inc flu hosp,1,04,quantile,0.25,452,2027-01-30
2027-01-23,wk inc flu hosp,1,04,quantile,0.3,476,2027-01-30
2027-01-23,wk inc flu hosp,1,04,quantile,0.35,486,2027-01-30
2027-01-23,wk inc flu hosp,1,04,quantile,0.4,511,2027-01-30
2027-01-23,wk inc flu hosp,1,04,quantile,0.45,521,2027-01-30
2027-01-23,wk inc flu hosp,1,04,quantile,0.5,537,2027-01-30
2027-01-23,wk inc flu hosp,1,04,quantile,0.55,552,2027-01-30
2027-01-23,wk inc flu hosp,1,04,quantile,0.6,566,2027-01-30
2027-01-23,wk inc flu hosp,1,04,quantile,0.65,583,2027-01-30
2027-01-23,wk inc flu hosp,1,04,quantile,0.7,609,2027-01-30
2027-01-23,wk inc flu hosp,1,04,quantile,0.75,634,2027-01-30
2027-01-23,wk inc flu hosp,1,04,quantile,0.8,659,2027-01-30
2027-01-23,wk inc flu hosp,1,04,quantile,0.85,707,2027-01-30
2027-01-23,wk inc flu hosp,1,04,quantile,0.9,751,2027-01-30
2027-01-23,wk inc flu hosp,1,04,quantile,0.95,795,2027-01-30
2027-01-23,wk inc flu hosp,1,04,quantile,0.975,820,2027-01-30
2027-01-23,wk inc flu hosp,1,04,quantile,0.99,902,2027-01-30
2027-01-23,wk inc flu hosp,1,05,quantile,0.01,294,2027-01-30
2027-01-23,wk inc flu hosp,1,05,quantile,0.025,305,2027-01-30
2027-01-23,wk inc flu hosp,1,05,quantile,0.05,320,2027-01-30
2027-01-23,wk inc flu hosp,1,05,quantile,0.1,347,2027-01-30
2027-01-23,wk inc flu hosp,1,05,quantile,0.15,372,2027-01-30
2027-01-23,wk inc flu hosp,1,05,quantile,0.2,389,2027-01-30
2027-01-23,wk inc flu hosp,1,05,quantile,0.25,408,2027-01-30
2027-01-23,wk inc flu hosp,1,05,quantile,0.3,420,2027-01-30
2027-01-23,wk inc flu hosp,1,05,quantile,0.35,428,2027-01-30
2027-01-23,wk inc flu hosp,1,05,quantile,0.4,441,2027-01-30
2027-01-23,wk inc flu hosp,1,05,quantile,0.45,452,2027-01-30
2027-01-23,wk inc flu hosp,1,05,quantile,0.5,465,2027-01-30
2027-01-23,wk inc flu hosp,1,05,quantile,0.55,477,2027-01-30
2027-01-23,wk inc flu hosp,1,05,quantile,0.6,486,2027-01-30
2027-01-23,wk inc flu hosp,1,05,quantile,0.65,497,2027-01-30
2027-01-23,wk inc flu hosp,1,05,quantile,0.7,509,2027-01-30
2027-01-23,wk inc flu hosp,1,05,quantile,0.75,516,2027-01-30
2027-01-23,wk inc flu hosp,1,05,quantile,0.8,535,2027-01-30
2027-01-23,wk inc flu hosp,1,05,quantile,0.85,583,2027-01-30
2027-01-23,wk inc flu hosp,1,05,quantile,0.9,609,2027-01-30
2027-01-23,wk inc flu hosp,1,05,quantile,0.95,639,2027-01-30
2027-01-23,wk inc flu hosp,1,05,quantile,0.975,698,2027-01-30
2027-01-23,wk inc flu hosp,1,05,quantile,0.99,727,2027-01-30
2027-01-23,wk inc flu hosp,1,06,quantile,0.01,1324,2027-01-30
2027-01-23,wk inc flu hosp,1,06,quantile,0.025,1385,2027-01-30
2027-01-23,wk inc flu hosp,1,06,quantile,0.05,1459,2027-01-30
2027-01-23,wk inc flu hosp,1,06,quantile,0.1,1533,2027-01-30
2027-01-23,wk inc flu hosp,1,06,quantile,0.15,1573,2027-01-30
2027-01-23,wk inc flu hosp,1,06,quantile,0.2,1629,2027-01-30
2027-01-23,wk inc flu hosp,1,06,quantile,0.25,1702,2027-01-30
2027-01-23,wk inc flu hosp,1,06,quantile,0.3,1752,2027-01-30
2027-01-23,wk inc flu hosp,1,06,quantile,0.35,1817,2027-01-30
2027-01-23,wk inc flu hosp,1,06,quantile,0.4,1858,2027-01-30
2027-01-23,wk inc flu hosp,1,06,quantile,0.45,1892,2027-01-30
2027-01-23,wk inc flu hosp,1,06,quantile,0.5,1929,2027-01-30
2027-01-23,wk inc flu hosp,1,06,quantile,0.55,1974,2027-01-30
2027-01-23,wk inc flu hosp,1,06,quantile,0.6,2006,2027-01-30
2027-01-23,wk inc flu hosp,1,06,quantile,0.65,2054,2027-01-30
2027-01-23,wk inc flu hosp,1,06,quantile,0.7,2143,2027-01-30
2027-01-23,wk inc flu hosp,1,06,quantile,0.75,2194,2027-01-30
2027-01-23,wk inc flu hosp,1,06,quantile,0.8,2336,2027-01-30
2027-01-23,wk inc flu hosp,1,06,quantile,0.85,2437,2027-01-30
2027-01-23,wk inc flu hosp,1,06,quantile,0.9,2536,2027-01-30
2027-01-23,wk inc flu hosp,1,06,quantile,0.95,2693,2027-01-30
2027-01-23,wk inc flu hosp,1,06,quantile,0.975,2828,2027-01-30
2027-01-23,wk inc flu hosp,1,06,quantile,0.99,2975,2027-01-30
2027-01-23,wk inc flu hosp,1,08,quantile,0.01,135,2027-01-30
2027-01-23,wk inc flu hosp,1,08,quantile,0.025,145,2027-01-30
2027-01-23,wk inc flu hosp,1,08,quantile,0.05,160,2027-01-30
2027-01-23,wk inc flu hosp,1,08,quantile,0.1,175,2027-01-30
2027-01-23,wk inc flu hosp,1,08,quantile,0.15,183,2027-01-30
2027-01-23,wk inc flu hosp,1,08,quantile,0.2,191,2027-01-30
2027-01-23,wk inc flu hosp,1,08,quantile,0.25,195,2027-01-30
2027-01-23,wk inc flu hosp,1,08,quantile,0.3,203,2027-01-30
2027-01-23,wk inc flu hosp,1,08,quantile,0.35,207,2027-01-30
2027-01-23,wk inc flu hosp,1,08,quantile,0.4,216,2027-01-30
2027-01-23,wk inc flu hosp,1,08,quantile,0.45,221,2027-01-30
2027-01-23,wk inc flu hosp,1,08,quantile,0.5,225,2027-01-30
2027-01-23,wk inc flu hosp,1,08,quantile,0.55,228,2027-01-30
2027-01-23,wk inc flu hosp,1,08,quantile,0.6,232,2027-01-30
2027-01-23,wk inc flu hosp,1,08,quantile,0.65,238,2027-01-30
2027-01-23,wk inc flu hosp,1,08,quantile,0.7,240,2027-01-30
2027-01-23,wk inc flu hosp,1,08,quantile,0.75,245,2027-01-30
2027-01-23,wk inc flu hosp,1,08,quantile,0.8,251,2027-01-30
2027-01-23,wk inc flu hosp,1,08,quantile,0.85,259,2027-01-30
2027-01-23,wk inc flu hosp,1,08,quantile,0.9,272,2027-01-30
2027-01-23,wk inc flu hosp,1,08,quantile,0.95,293,2027-01-30
2027-01-23,wk inc flu hosp,1,08,quantile,0.975,326,2027-01-30
2027-01-23,wk inc flu hosp,1,08,quantile,0.99,379,2027-01-30
2027-01-23,wk inc flu hosp,1,09,quantile,0.01,90,2027-01-30
2027-01-23,wk inc flu hosp,1,09,quantile,0.025,98,2027-01-30
2027-01-23,wk inc flu hosp,1,09,quantile,0.05,105,2027-01-30
2027-01-23,wk inc flu hosp,1,09,quantile,0.1,113,2027-01-30
2027-01-23,wk inc flu hosp,1,09,quantile,0.15,119,2027-01-30
2027-01-23,wk inc flu hosp,1,09,quantile,0.2,131,2027-01-30
2027-01-23,wk inc flu hosp,1,09,quantile,0.25,137,2027-01-30
2027-01-23,wk inc flu hosp,1,09,quantile,0.3,143,2027-01-30
2027-01-23,wk inc flu hosp,1,09,quantile,0.35,147,2027-01-30
2027-01-23,wk inc flu hosp,1,09,quantile,0.4,152,2027-01-30
2027-01-23,wk inc flu hosp,1,09,quantile,0.45,158,2027-01-30
2027-01-23,wk inc flu hosp,1,09,quantile,0.5,164,2027-01-30
2027-01-23,wk inc flu hosp,1,09,quantile,0.55,172,2027-01-30
2027-01-23,wk inc flu hosp,1,09,quantile,0.6,181,2027-01-30
2027-01-23,wk inc flu hosp,1,09,quantile,0.65,187,2027-01-30
2027-01-23,wk inc flu hosp,1,09,quantile,0.7,197,2027-01-30
2027-01-23,wk inc flu hosp,1,09,quantile,0.75,204,2027-01-30
2027-01-23,wk inc flu hosp,1,09,quantile,0.8,209,2027-01-30
2027-01-23,wk inc flu hosp,1,09,quantile,0.85,217,2027-01-30
2027-01-23,wk inc flu hosp,1,09,quantile,0.9,224,2027-01-30
2027-01-23,wk inc flu hosp,1,09,quantile,0.95,236,2027-01-30
2027-01-23,wk inc flu hosp,1,09,quantile,0.975,247,2027-01-30
2027-01-23,wk inc flu hosp,1,09,quantile,0.99,262,2027-01-30
2027-01-23,wk inc flu hosp,1,10,quantile,0.01,35,2027-01-30
2027-01-23,wk inc flu hosp,1,10,quantile,0.025,41,2027-01-30
2027-01-23,wk inc flu hosp,1,10,quantile,0.05,46,2027-01-30
2027-01-23,wk inc flu hosp,1,10,quantile,0.1,48,2027-01-30
2027-01-23,wk inc flu hosp,1,10,quantile,0.15,52,2027-01-30
2027-01-23,wk inc flu hosp,1,10,quantile,0.2,55,2027-01-30
2027-01-23,wk inc flu hosp,1,10,quantile,0.25,57,2027-01-30
2027-01-23,wk inc flu hosp,1,10,quantile,0.3,59,2027-01-30
2027-01-23,wk inc flu hosp,1,10,quantile,0.35,60,2027-01-30
2027-01-23,wk inc flu hosp,1,10,quantile,0.4,63,2027-01-30
2027-01-23,wk inc flu hosp,1,10,quantile,0.45,64,2027-01-30
2027-01-23,wk inc flu hosp,1,10,quantile,0.5,66,2027-01-30
2027-01-23,wk inc flu hosp,1,10,quantile,0.55,68,2027-01-30
2027-01-23,wk inc flu hosp,1,10,quantile,0.6,70,2027-01-30
2027-01-23,wk inc flu hosp,1,10,quantile,0.65,72,2027-01-30
2027-01-23,wk inc flu hosp,1,10,quantile,0.7,74,2027-01-30
2027-01-23,wk inc flu hosp,1,10,quantile,0.75,76,2027-01-30
2027-01-23,wk inc flu hosp,1,10,quantile,0.8,82,2027-01-30
2027-01-23,wk inc flu hosp,1,10,quantile,0.85,86,2027-01-30
2027-01-23,wk inc flu hosp,1,10,quantile,0.9,92,2027-01-30
2027-01-23,wk inc flu hosp,1,10,quantile,0.95,98,2027-01-30
2027-01-23,wk inc flu hosp,1,10,quantile,0.975,104,2027-01-30
2027-01-23,wk inc flu hosp,1,10,quantile,0.99,115,2027-01-30
2027-01-23,wk inc flu hosp,1,11,quantile,0.01,79,2027-01-30
2027-01-23,wk inc flu hosp,1,11,quantile,0.025,82,2027-01-30
2027-01-23,wk inc flu hosp,1,11,quantile,0.05,92,2027-01-30
2027-01-23,wk inc flu hosp,1,11,quantile,0.1,101,2027-01-30
2027-01-23,wk inc flu hosp,1,11,quantile,0.15,112,2027-01-30
2027-01-23,wk inc flu hosp,1,11,quantile,0.2,118,2027-01-30
2027-01-23,wk inc flu hosp,1,11,quantile,0.25,132,2027-01-30
2027-01-23,wk inc flu hosp,1,11,quantile,0.3,142,2027-01-30
2027-01-23,wk inc flu hosp,1,11,quantile,0.35,146,2027-01-30
2027-01-23,wk inc flu hosp,1,11,quantile,0.4,153,2027-01-30
2027-01-23,wk inc flu hosp,1,11,quantile,0.45,164,2027-01-30
2027-01-23,wk inc flu hosp,1,11,quantile,0.5,168,2027-01-30
2027-01-23,wk inc flu hosp,1,11,quantile,0.55,173,2027-01-30
2027-01-23,wk inc flu hosp,1,11,quantile,0.6,186,2027-01-30
2027-01-23,wk inc flu hosp,1,11,quantile,0.65,193,2027-01-30
2027-01-23,wk inc flu hosp,1,11,quantile,0.7,200,2027-01-30
2027-01-23,wk inc flu hosp,1,11,quantile,0.75,214,2027-01-30
2027-01-23,wk inc flu hosp,1,11,quantile,0.8,219,2027-01-30
2027-01-23,wk inc flu hosp,1,11,quantile,0.85,234,2027-01-30
2027-01-23,wk inc flu hosp,1,11,quantile,0.9,270,2027-01-30
2027-01-23,wk inc flu hosp,1,11,quantile,0.95,317,2027-01-30
2027-01-23,wk inc flu hosp,1,11,quantile,0.975,343,2027-01-30
2027-01-23,wk inc flu hosp,1,11,quantile,0.99,365,2027-01-30
2027-01-23,wk inc flu hosp,1,12,quantile,0.01,889,2027-01-30
2027-01-23,wk inc flu hosp,1,12,quantile,0.025,1070,2027-01-30
2027-01-23,wk inc flu hosp,1,12,quantile,0.05,1134,2027-01-30
2027-01-23,wk inc flu hosp,1,12,quantile,0.1,1223,2027-01-30
2027-01-23,wk inc flu hosp,1,12,quantile,0.15,1291,2027-01-30
2027-01-23,wk inc flu hosp,1,12,quantile,0.2,1357,2027-01-30
2027-01-23,wk inc flu hosp,1,12,quantile,0.25,1398,2027-01-30
2027-01-23,wk inc flu hosp,1,12,quantile,0.3,1451,2027-01-30
2027-01-23,wk inc flu hosp,1,12,quantile,0.35,1474,2027-01-30
2027-01-23,wk inc flu hosp,1,12,quantile,0.4,1523,2027-01-30
2027-01-23,wk inc flu hosp,1,12,quantile,0.45,1551,2027-01-30
2027-01-23,wk inc flu hosp,1,12,quantile,0.5,1583,2027-01-30
2027-01-23,wk inc flu hosp,1,12,quantile,0.55,1608,2027-01-30
2027-01-23,wk inc flu hosp,1,12,quantile,0.6,1652,2027-01-30
2027-01-23,wk inc flu hosp,1,12,quantile,0.65,1729,2027-01-30
2027-01-23,wk inc flu hosp,1,12,quantile,0.7,1769,2027-01-30
2027-01-23,wk inc flu hosp,1,12,quantile,0.75,1806,2027-01-30
2027-01-23,wk inc flu hosp,1,12,quantile,0.8,1891,2027-01-30
2027-01-23,wk inc flu hosp,1,12,quantile,0.85,1954,2027-01-30
2027-01-23,wk inc flu hosp,1,12,quantile,0.9,2053,2027-01-30
2027-01-23,wk inc flu hosp,1,12,quantile,0.95,2240,2027-01-30
2027-01-23,wk inc flu hosp,1,12,quantile,0.975,2359,2027-01-30
2027-01-23,wk inc flu hosp,1,12,quantile,0.99,2457,2027-01-30
2027-01-23,wk inc flu hosp,1,13,quantile,0.01,445,2027-01-30
2027-01-23,wk inc flu hosp,1,13,quantile,0.025,456,2027-01-30
2027-01-23,wk inc flu hosp,1,13,quantile,0.05,526,2027-01-30
2027-01-23,wk inc flu hosp,1,13,quantile,0.1,549,2027-01-30
2027-01-23,wk inc flu hosp,1,13,quantile,0.15,565,2027-01-30
2027-01-23,wk inc flu hosp,1,13,quantile,0.2,578,2027-01-30
2027-01-23,wk inc flu hosp,1,13,quantile,0.25,600,2027-01-30
2027-01-23,wk inc flu hosp,1,13,quantile,0.3,629,2027-01-30
2027-01-23,wk inc flu hosp,1,13,quantile,0.35,644,2027-01-30
2027-01-23,wk inc flu hosp,1,13,quantile,0.4,667,2027-01-30
2027-01-23,wk inc flu hosp,1,13,quantile,0.45,697,2027-01-30
2027-01-23,wk inc flu hosp,1,13,quantile,0.5,708,2027-01-30
2027-01-23,wk inc flu hosp,1,13,quantile,0.55,728,2027-01-30
2027-01-23,wk inc flu hosp,1,13,quantile,0.6,752,2027-01-30
2027-01-23,wk inc flu hosp,1,13,quantile,0.65,776,2027-01-30
2027-01-23,wk inc flu hosp,1,13,quantile,0.7,791,2027-01-30
2027-01-23,wk inc flu hosp,1,13,quantile,0.75,806,2027-01-30
2027-01-23,wk inc flu hosp,1,13,quantile,0.8,858,2027-01-30
2027-01-23,wk inc flu hosp,1,13,quantile,0.85,896,2027-01-30
2027-01-23,wk inc flu hosp,1,13,quantile,0.9,916,2027-01-30
2027-01-23,wk inc flu hosp,1,13,quantile,0.95,984,2027-01-30
2027-01-23,wk inc flu hosp,1,13,quantile,0.975,1044,2027-01-30
2027-01-23,wk inc flu hosp,1,13,quantile,0.99,1100,2027-01-30
2027-01-23,wk inc flu hosp,1,15,quantile,0.01,16,2027-01-30
2027-01-23,wk inc flu hosp,1,15,quantile,0.025,16,2027-01-30
2027-01-23,wk inc flu hosp,1,15,quantile,0.05,18,2027-01-30
2027-01-23,wk inc flu hosp,1,15,quantile,0.1,21,2027-01-30
2027-01-23,wk inc flu hosp,1,15,quantile,0.15,23,2027-01-30
2027-01-23,wk inc flu hosp,1,15,quantile,0.2,24,2027-01-30
2027-01-23,wk inc flu hosp,1,15,quantile,0.25,25,2027-01-30
2027-01-23,wk inc flu hosp,1,15,quantile,0.3,26,2027-01-30
2027-01-23,wk inc flu hosp,1,15,quantile,0.35,28,2027-01-30
2027-01-23,wk inc flu hosp,1,15,quantile,0.4,29,2027-01-30
2027-01-23,wk inc flu hosp,1,15,quantile,0.45,30,2027-01-30
2027-01-23,wk inc flu hosp,1,15,quantile,0.5,31,2027-01-30
2027-01-23,wk inc flu hosp,1,15,quantile,0.55,33,2027-01-30
2027-01-23,wk inc flu hosp,1,15,quantile,0.6,35,2027-01-30
2027-01-23,wk inc flu hosp,1,15,quantile,0.65,37,2027-01-30
2027-01-23,wk inc flu hosp,1,15,quantile,0.7,39,2027-01-30
2027-01-23,wk inc flu hosp,1,15,quantile,0.75,41,2027-01-30
2027-01-23,wk inc flu hosp,1,15,quantile,0.8,42,2027-01-30
2027-01-23,wk inc flu hosp,1,15,quantile,0.85,46,2027-01-30
2027-01-23,wk inc flu hosp,1,15,quantile,0.9,49,2027-01-30
2027-01-23,wk inc flu hosp,1,15,quantile,0.95,51,2027-01-30
2027-01-23,wk inc flu hosp,1,15,quantile,0.975,56,2027-01-30
2027-01-23,wk inc flu hosp,1,15,quantile,0.99,59,2027-01-30
2027-01-23,wk inc flu hosp,1,16,quantile,0.01,38,2027-01-30
2027-01-23,wk inc flu hosp,1,16,quantile,0.025,42,2027-01-30
2027-01-23,wk inc flu hosp,1,16,quantile,0.05,49,2027-01-30
2027-01-23,wk inc flu hosp,1,16,quantile,0.1,55,2027-01-30
2027-01-23,wk inc flu hosp,1,16,quantile,0.15,57,2027-01-30
2027-01-23,wk inc flu hosp,1,16,quantile,0.2,60,2027-01-30
2027-01-23,wk inc flu hosp,1,16,quantile,0.25,61,2027-01-30
2027-01-23,wk inc flu hosp,1,16,quantile,0.3,63,2027-01-30
2027-01-23,wk inc flu hosp,1,16,quantile,0.35,68,2027-01-30
2027-01-23,wk inc flu hosp,1,16,quantile,0.4,70,2027-01-30
2027-01-23,wk inc flu hosp,1,16,quantile,0.45,72,2027-01-30
2027-01-23,wk inc flu hosp,1,16,quantile,0.5,74,2027-01-30
2027-01-23,wk inc flu hosp,1,16,quantile,0.55,75,2027-01-30
2027-01-23,wk inc flu hosp,1,16,quantile,0.6,79,2027-01-30
2027-01-23,wk inc flu hosp,1,16,quantile,0.65,81,2027-01-30
2027-01-23,wk inc flu hosp,1,16,quantile,0.7,83,2027-01-30
2027-01-23,wk inc flu hosp,1,16,quantile,0.75,85,2027-01-30
2027-01-23,wk inc flu hosp,1,16,quantile,0.8,89,2027-01-30
2027-01-23,wk inc flu hosp,1,16,quantile,0.85,92,2027-01-30
2027-01-23,wk inc flu hosp,1,16,quantile,0.9,99,2027-01-30
2027-01-23,wk inc flu hosp,1,16,quantile,0.95,103,2027-01-30
2027-01-23,wk inc flu hosp,1,16,quantile,0.975,115,2027-01-30
2027-01-23,wk inc flu hosp,1,16,quantile,0.99,118,2027-01-30
2027-01-23,wk inc flu hosp,1,17,quantile,0.01,532,2027-01-30
2027-01-23,wk inc flu hosp,1,17,quantile,0.025,559,2027-01-30
2027-01-23,wk inc flu hosp,1,17,quantile,0.05,588,2027-01-30
2027-01-23,wk inc flu hosp,1,17,quantile,0.1,645,2027-01-30
2027-01-23,wk inc flu hosp,1,17,quantile,0.15,680,2027-01-30
2027-01-23,wk inc flu hosp,1,17,quantile,0.2,710,2027-01-30
2027-01-23,wk inc flu hosp,1,17,quantile,0.25,724,2027-01-30
2027-01-23,wk inc flu hosp,1,17,quantile,0.3,741,2027-01-30
2027-01-23,wk inc flu hosp,1,17,quantile,0.35,758,2027-01-30
2027-01-23,wk inc flu hosp,1,17,quantile,0.4,770,2027-01-30
2027-01-23,wk inc flu hosp,1,17,quantile,0.45,787,2027-01-30
2027-01-23,wk inc flu hosp,1,17,quantile,0.5,804,2027-01-30
2027-01-23,wk inc flu hosp,1,17,quantile,0.55,813,2027-01-30
2027-01-23,wk inc flu hosp,1,17,quantile,0.6,839,2027-01-30
2027-01-23,wk inc flu hosp,1,17,quantile,0.65,857,2027-01-30
2027-01-23,wk inc flu hosp,1,17,quantile,0.7,892,2027-01-30
2027-01-23,wk inc flu hosp,1,17,quantile,0.75,913,2027-01-30
2027-01-23,wk inc flu hosp,1,17,quantile,0.8,942,2027-01-30
2027-01-23,wk inc flu hosp,1,17,quantile,0.85,971,2027-01-30
2027-01-23,wk inc flu hosp,1,17,quantile,0.9,993,2027-01-30
2027-01-23,wk inc flu hosp,1,17,quantile,0.95,1066,2027-01-30
2027-01-23,wk inc flu hosp,1,17,quantile,0.975,1074,2027-01-30
2027-01-23,wk inc flu hosp,1,17,quantile,0.99,1166,2027-01-30
2027-01-23,wk inc flu hosp,1,18,quantile,0.01,337,2027-01-30
2027-01-23,wk inc flu hosp,1,18,quantile,0.025,366,2027-01-30
2027-01-23,wk inc flu hosp,1,18,quantile,0.05,385,2027-01-30
2027-01-23,wk inc flu hosp,1,18,quantile,0.1,435,2027-01-30
2027-01-23,wk inc flu hosp,1,18,quantile,0.15,451,2027-01-30
2027-01-23,wk inc flu hosp,1,18,quantile,0.2,472,2027-01-30
2027-01-23,wk inc flu hosp,1,18,quantile,0.25,488,2027-01-30
2027-01-23,wk inc flu hosp,1,18,quantile,0.3,498,2027-01-30
2027-01-23,wk inc flu hosp,1,18,quantile,0.35,519,2027-01-30
2027-01-23,wk inc flu hosp,1,18,quantile,0.4,535,2027-01-30
2027-01-23,wk inc flu hosp,1,18,quantile,0.45,542,2027-01-30
2027-01-23,wk inc flu hosp,1,18,quantile,0.5,558,2027-01-30
2027-01-23,wk inc flu hosp,1,18,quantile,0.55,572,2027-01-30
2027-01-23,wk inc flu hosp,1,18,quantile,0.6,582,2027-01-30
2027-01-23,wk inc flu hosp,1,18,quantile,0.65,605,2027-01-30
2027-01-23,wk inc flu hosp,1,18,quantile,0.7,615,2027-01-30
2027-01-23,wk inc flu hosp,1,18,quantile,0.75,628,2027-01-30
2027-01-23,wk inc flu hosp,1,18,quantile,0.8,645,2027-01-30
2027-01-23,wk inc flu hosp,1,18,quantile,0.85,656,2027-01-30
2027-01-23,wk inc flu hosp,1,18,quantile,0.9,689,2027-01-30
2027-01-23,wk inc flu hosp,1,18,quantile,0.95,751,2027-01-30
2027-01-23,wk inc flu hosp,1,18,quantile,0.975,773,2027-01-30
2027-01-23,wk inc flu hosp,1,18,quantile,0.99,842,2027-01-30
2027-01-23,wk inc flu hosp,1,19,quantile,0.01,143,2027-01-30
2027-01-23,wk inc flu hosp,1,19,quantile,0.025,152,2027-01-30
2027-01-23,wk inc flu hosp,1,19,quantile,0.05,158,2027-01-30
2027-01-23,wk inc flu hosp,1,19,quantile,0.1,167,2027-01-30
2027-01-23,wk inc flu hosp,1,19,quantile,0.15,174,2027-01-30
2027-01-23,wk inc flu hosp,1,19,quantile,0.2,181,2027-01-30
2027-01-23,wk inc flu hosp,1,19,quantile,0.25,185,2027-01-30
2027-01-23,wk inc flu hosp,1,19,quantile,0.3,192,2027-01-30
2027-01-23,wk inc flu hosp,1,19,quantile,0.35,200,2027-01-30
2027-01-23,wk inc flu hosp,1,19,quantile,0.4,212,2027-01-30
2027-01-23,wk inc flu hosp,1,19,quantile,0.45,215,2027-01-30
2027-01-23,wk inc flu hosp,1,19,quantile,0.5,221,2027-01-30
2027-01-23,wk inc flu hosp,1,19,quantile,0.55,224,2027-01-30
2027-01-23,wk inc flu hosp,1,19,quantile,0.6,231,2027-01-30
2027-01-23,wk inc flu hosp,1,19,quantile,0.65,242,2027-01-30
2027-01-23,wk inc flu hosp,1,19,quantile,0.7,249,2027-01-30
2027-01-23,wk inc flu hosp,1,19,quantile,0.75,255,2027-01-30
2027-01-23,wk inc flu hosp,1,19,quantile,0.8,264,2027-01-30
2027-01-23,wk inc flu hosp,1,19,quantile,0.85,274,2027-01-30
2027-01-23,wk inc flu hosp,1,19,quantile,0.9,280,2027-01-30
2027-01-23,wk inc flu hosp,1,19,quantile,0.95,296,2027-01-30
2027-01-23,wk inc flu hosp,1,19,quantile,0.975,316,2027-01-30
2027-01-23,wk inc flu hosp,1,19,quantile,0.99,327,2027-01-30
2027-01-23,wk inc flu hosp,1,20,quantile,0.01,113,2027-01-30
2027-01-23,wk inc flu hosp,1,20,quantile,0.025,118,2027-01-30
2027-01-23,wk inc flu hosp,1,20,quantile,0.05,122,2027-01-30
2027-01-23,wk inc flu hosp,1,20,quantile,0.1,134,2027-01-30
2027-01-23,wk inc flu hosp,1,20,quantile,0.15,141,2027-01-30
2027-01-23,wk inc flu hosp,1,20,quantile,0.2,147,2027-01-30
2027-01-23,wk inc flu hosp,1,20,quantile,0.25,152,2027-01-30
2027-01-23,wk inc flu hosp,1,20,quantile,0.3,162,2027-01-30
2027-01-23,wk inc flu hosp,1,20,quantile,0.35,167,2027-01-30
2027-01-23,wk inc flu hosp,1,20,quantile,0.4,169,2027-01-30
2027-01-23,wk inc flu hosp,1,20,quantile,0.45,175,2027-01-30
2027-01-23,wk inc flu hosp,1,20,quantile,0.5,178,2027-01-30
2027-01-23,wk inc flu hosp,1,20,quantile,0.55,181,2027-01-30
2027-01-23,wk inc flu hosp,1,20,quantile,0.6,185,2027-01-30
2027-01-23,wk inc flu hosp,1,20,quantile,0.65,189,2027-01-30
2027-01-23,wk inc flu hosp,1,20,quantile,0.7,195,2027-01-30
2027-01-23,wk inc flu hosp,1,20,quantile,0.75,207,2027-01-30
2027-01-23,wk inc flu hosp,1,20,quantile,0.8,215,2027-01-30
2027-01-23,wk inc flu hosp,1,20,quantile,0.85,223,2027-01-30
2027-01-23,wk inc flu hosp,1,20,quantile,0.9,232,2027-01-30
2027-01-23,wk inc flu hosp,1,20,quantile,0.95,252,2027-01-30
2027-01-23,wk inc flu hosp,1,20,quantile,0.975,262,2027-01-30
2027-01-23,wk inc flu hosp,1,20,quantile,0.99,272,2027-01-30
2027-01-23,wk inc flu hosp,1,21,quantile,0.01,196,2027-01-30
2027-01-23,wk inc flu hosp,1,21,quantile,0.025,214,2027-01-30
2027-01-23,wk inc flu hosp,1,21,quantile,0.05,224,2027-01-30
2027-01-23,wk inc flu hosp,1,21,quantile,0.1,241,2027-01-30
2027-01-23,wk inc flu hosp,1,21,quantile,0.15,255,2027-01-30
2027-01-23,wk inc flu hosp,1,21,quantile,0.2,270,2027-01-30
2027-01-23,wk inc flu hosp,1,21,quantile,0.25,279,2027-01-30
2027-01-23,wk inc flu hosp,1,21,quantile,0.3,288,2027-01-30
2027-01-23,wk inc flu hosp,1,21,quantile,0.35,297,2027-01-30
2027-01-23,wk inc flu hosp,1,21,quantile,0.4,306,2027-01-30
2027-01-23,wk inc flu hosp,1,21,quantile,0.45,312,2027-01-30
2027-01-23,wk inc flu hosp,1,21,quantile,0.5,319,2027-01-30
2027-01-23,wk inc flu hosp,1,21,quantile,0.55,326,2027-01-30
2027-01-23,wk inc flu hosp,1,21,quantile,0.6,332,2027-01-30
2027-01-23,wk inc flu hosp,1,21,quantile,0.65,347,2027-01-30
2027-01-23,wk inc flu hosp,1,21,quantile,0.7,351,2027-01-30
2027-01-23,wk inc flu hosp,1,21,quantile,0.75,361,2027-01-30
2027-01-23,wk inc flu hosp,1,21,quantile,0.8,370,2027-01-30
2027-01-23,wk inc flu hosp,1,21,quantile,0.85,386,2027-01-30
2027-01-23,wk inc flu hosp,1,21,quantile,0.9,401,2027-01-30
2027-01-23,wk inc flu hosp,1,21,quantile,0.95,444,2027-01-30
2027-01-23,wk inc flu hosp,1,21,quantile,0.975,476,2027-01-30
2027-01-23,wk inc flu hosp,1,21,quantile,0.99,493,2027-01-30
2027-01-23,wk inc flu hosp,1,22,quantile,0.01,183,2027-01-30
2027-01-23,wk inc flu hosp,1,22,quantile,0.025,204,2027-01-30
2027-01-23,wk inc flu hosp,1,22,quantile,0.05,238,2027-01-30
2027-01-23,wk inc flu hosp,1,22,quantile,0.1,249,2027-01-30
2027-01-23,wk inc flu hosp,1,22,quantile,0.15,257,2027-01-30
2027-01-23,wk inc flu hosp,1,22,quantile,0.2,266,2027-01-30
2027-01-23,wk inc flu hosp,1,22,quantile,0.25,276,2027-01-30
2027-01-23,wk inc flu hosp,1,22,quantile,0.3,294,2027-01-30
2027-01-23,wk inc flu hosp,1,22,quantile,0.35,304,2027-01-30
2027-01-23,wk inc flu hosp,1,22,quantile,0.4,310,2027-01-30
2027-01-23,wk inc flu hosp,1,22,quantile,0.45,317,2027-01-30
2027-01-23,wk inc flu hosp,1,22,quantile,0.5,326,2027-01-30
2027-01-23,wk inc flu hosp,1,22,quantile,0.55,337,2027-01-30
2027-01-23,wk inc flu hosp,1,22,quantile,0.6,348,2027-01-30
2027-01-23,wk inc flu hosp,1,22,quantile,0.65,364,2027-01-30
2027-01-23,wk inc flu hosp,1,22,quantile,0.7,373,2027-01-30
2027-01-23,wk inc flu hosp,1,22,quantile,0.75,378,2027-01-30
2027-01-23,wk inc flu hosp,1,22,quantile,0.8,387,2027-01-30
2027-01-23,wk inc flu hosp,1,22,quantile,0.85,401,2027-01-30
2027-01-23,wk inc flu hosp,1,22,quantile,0.9,429,2027-01-30
2027-01-23,wk inc flu hosp,1,22,quantile,0.95,467,2027-01-30
2027-01-23,wk inc flu hosp,1,22,quantile,0.975,488,2027-01-30
2027-01-23,wk inc flu hosp,1,22,quantile,0.99,510,2027-01-30
2027-01-23,wk inc flu hosp,1,23,quantile,0.01,29,2027-01-30
2027-01-23,wk inc flu hosp,1,23,quantile,0.025,32,2027-01-30
2027-01-23,wk inc flu hosp,1,23,quantile,0.05,35,2027-01-30
2027-01-23,wk inc flu hosp,1,23,quantile,0.1,41,2027-01-30
2027-01-23,wk inc flu hosp,1,23,quantile,0.15,43,2027-01-30
2027-01-23,wk inc flu hosp,1,23,quantile,0.2,44,2027-01-30
2027-01-23,wk inc flu hosp,1,23,quantile,0.25,46,2027-01-30
2027-01-23,wk inc flu hosp,1,23,quantile,0.3,48,2027-01-30
2027-01-23,wk inc flu hosp,1,23,quantile,0.35,49,2027-01-30
2027-01-23,wk inc flu hosp,1,23,quantile,0.4,52,2027-01-30
2027-01-23,wk inc flu hosp,1,23,quantile,0.45,54,2027-01-30
2027-01-23,wk inc flu hosp,1,23,quantile,0.5,55,2027-01-30
2027-01-23,wk inc flu hosp,1,23,quantile,0.55,56,2027-01-30
2027-01-23,wk inc flu hosp,1,23,quantile,0.6,58,2027-01-30
2027-01-23,wk inc flu hosp,1,23,quantile,0.65,60,2027-01-30
2027-01-23,wk inc flu hosp,1,23,quantile,0.7,62,2027-01-30
2027-01-23,wk inc flu hosp,1,23,quantile,0.75,64,2027-01-30
2027-01-23,wk inc flu hosp,1,23,quantile,0.8,67,2027-01-30
2027-01-23,wk inc flu hosp,1,23,quantile,0.85,69,2027-01-30
2027-01-23,wk inc flu hosp,1,23,quantile,0.9,73,2027-01-30
2027-01-23,wk inc flu hosp,1,23,quantile,0.95,77,2027-01-30
2027-01-23,wk inc flu hosp,1,23,quantile,0.975,84,2027-01-30
2027-01-23,wk inc flu hosp,1,23,quantile,0.99,94,2027-01-30
2027-01-23,wk inc flu hosp,1,24,quantile,0.01,144,2027-01-30
2027-01-23,wk inc flu hosp,1,24,quantile,0.025,152,2027-01-30
2027-01-23,wk inc flu hosp,1,24,quantile,0.05,160,2027-01-30
2027-01-23,wk inc flu hosp,1,24,quantile,0.1,180,2027-01-30
2027-01-23,wk inc flu hosp,1,24,quantile,0.15,189,2027-01-30
2027-01-23,wk inc flu hosp,1,24,quantile,0.2,197,2027-01-30
2027-01-23,wk inc flu hosp,1,24,quantile,0.25,206,2027-01-30
2027-01-23,wk inc flu hosp,1,24,quantile,0.3,210,2027-01-30
2027-01-23,wk inc flu hosp,1,24,quantile,0.35,217,2027-01-30
2027-01-23,wk inc flu hosp,1,24,quantile,0.4,222,2027-01-30
2027-01-23,wk inc flu hosp,1,24,quantile,0.45,229,2027-01-30
2027-01-23,wk inc flu hosp,1,24,quantile,0.5,232,2027-01-30
2027-01-23,wk inc flu hosp,1,24,quantile,0.55,242,2027-01-30
2027-01-23,wk inc flu hosp,1,24,quantile,0.6,252,2027-01-30
2027-01-23,wk inc flu hosp,1,24,quantile,0.65,261,2027-01-30
2027-01-23,wk inc flu hosp,1,24,quantile,0.7,271,2027-01-30
2027-01-23,wk inc flu hosp,1,24,quantile,0.75,280,2027-01-30
2027-01-23,wk inc flu hosp,1,24,quantile,0.8,296,2027-01-30
2027-01-23,wk inc flu hosp,1,24,quantile,0.85,315,2027-01-30
2027-01-23,wk inc flu hosp,1,24,quantile,0.9,348,2027-01-30
2027-01-23,wk inc flu hosp,1,24,quantile,0.95,381,2027-01-30
2027-01-23,wk inc flu hosp,1,24,quantile,0.975,410,2027-01-30
2027-01-23,wk inc flu hosp,1,24,quantile,0.99,422,2027-01-30
2027-01-23,wk inc flu hosp,1,25,quantile,0.01,236,2027-01-30
2027-01-23,wk inc flu hosp,1,25,quantile,0.025,280,2027-01-30
2027-01-23,wk inc flu hosp,1,25,quantile,0.05,302,2027-01-30
2027-01-23,wk inc flu hosp,1,25,quantile,0.1,336,2027-01-30
2027-01-23,wk inc flu hosp,1,25,quantile,0.15,362,2027-01-30
2027-01-23,wk inc flu hosp,1,25,quantile,0.2,384,2027-01-30
2027-01-23,wk inc flu hosp,1,25,quantile,0.25,402,2027-01-30
2027-01-23,wk inc flu hosp,1,25,quantile,0.3,410,2027-01-30
2027-01-23,wk inc flu hosp,1,25,quantile,0.35,426,2027-01-30
2027-01-23,wk inc flu hosp,1,25,quantile,0.4,436,2027-01-30
2027-01-23,wk inc flu hosp,1,25,quantile,0.45,451,2027-01-30
2027-01-23,wk inc flu hosp,1,25,quantile,0.5,462,2027-01-30
2027-01-23,wk inc flu hosp,1,25,quantile,0.55,472,2027-01-30
2027-01-23,wk inc flu hosp,1,25,quantile,0.6,481,2027-01-30
2027-01-23,wk inc flu hosp,1,25,quantile,0.65,499,2027-01-30
2027-01-23,wk inc flu hosp,1,25,quantile,0.7,506,2027-01-30
2027-01-23,wk inc flu hosp,1,25,quantile,0.75,534,2027-01-30
2027-01-23,wk inc flu hosp,1,25,quantile,0.8,562,2027-01-30
2027-01-23,wk inc flu hosp,1,25,quantile,0.85,582,2027-01-30
2027-01-23,wk inc flu hosp,1,25,quantile,0.9,616,2027-01-30
2027-01-23,wk inc flu hosp,1,25,quantile,0.95,648,2027-01-30
2027-01-23,wk inc flu hosp,1,25,quantile,0.975,730,2027-01-30
2027-01-23,wk inc flu hosp,1,25,quantile,0.99,798,2027-01-30
2027-01-23,wk inc flu hosp,1,26,quantile,0.01,398,2027-01-30
2027-01-23,wk inc flu hosp,1,26,quantile,0.025,434,2027-01-30
2027-01-23,wk inc flu hosp,1,26,quantile,0.05,453,2027-01-30
2027-01-23,wk inc flu hosp,1,26,quantile,0.1,491,2027-01-30
2027-01-23,wk inc flu hosp,1,26,quantile,0.15,506,2027-01-30
2027-01-23,wk inc flu hosp,1,26,quantile,0.2,522,2027-01-30
2027-01-23,wk inc flu hosp,1,26,quantile,0.25,535,2027-01-30
2027-01-23,wk inc flu hosp,1,26,quantile,0.3,545,2027-01-30
2027-01-23,wk inc flu hosp,1,26,quantile,0.35,566,2027-01-30
2027-01-23,wk inc flu hosp,1,26,quantile,0.4,576,2027-01-30
2027-01-23,wk inc flu hosp,1,26,quantile,0.45,586,2027-01-30
2027-01-23,wk inc flu hosp,1,26,quantile,0.5,598,2027-01-30
2027-01-23,wk inc flu hosp,1,26,quantile,0.55,608,2027-01-30
2027-01-23,wk inc flu hosp,1,26,quantile,0.6,615,2027-01-30
2027-01-23,wk inc flu hosp,1,26,quantile,0.65,627,2027-01-30
2027-01-23,wk inc flu hosp,1,26,quantile,0.7,647,2027-01-30
2027-01-23,wk inc flu hosp,1,26,quantile,0.75,662,2027-01-30
2027-01-23,wk inc flu hosp,1,26,quantile,0.8,680,2027-01-30
2027-01-23,wk inc flu hosp,1,26,quantile,0.85,698,2027-01-30
2027-01-23,wk inc flu hosp,1,26,quantile,0.9,723,2027-01-30
2027-01-23,wk inc flu hosp,1,26,quantile,0.95,765,2027-01-30
2027-01-23,wk inc flu hosp,1,26,quantile,0.975,797,2027-01-30
2027-01-23,wk inc flu hosp,1,26,quantile,0.99,831,2027-01-30
2027-01-23,wk inc flu hosp,1,27,quantile,0.01,200,2027-01-30
2027-01-23,wk inc flu hosp,1,27,quantile,0.025,221,2027-01-30
2027-01-23,wk inc flu hosp,1,27,quantile,0.05,239,2027-01-30
2027-01-23,wk inc flu hosp,1,27,quantile,0.1,267,2027-01-30
2027-01-23,wk inc flu hosp,1,27,quantile,0.15,285,2027-01-30
2027-01-23,wk inc flu hosp,1,27,quantile,0.2,299,2027-01-30
2027-01-23,wk inc flu hosp,1,27,quantile,0.25,308,2027-01-30
2027-01-23,wk inc flu hosp,1,27,quantile,0.3,314,2027-01-30
2027-01-23,wk inc flu hosp,1,27,quantile,0.35,321,2027-01-30
2027-01-23,wk inc flu hosp,1,27,quantile,0.4,330,2027-01-30
2027-01-23,wk inc flu hosp,1,27,quantile,0.45,338,2027-01-30
2027-01-23,wk inc flu hosp,1,27,quantile,0.5,343,2027-01-30
2027-01-23,wk inc flu hosp,1,27,quantile,0.55,354,2027-01-30
2027-01-23,wk inc flu hosp,1,27,quantile,0.6,363,2027-01-30
2027-01-23,wk inc flu hosp,1,27,quantile,0.65,386,2027-01-30
2027-01-23,wk inc flu hosp,1,27,quantile,0.7,396,2027-01-30
2027-01-23,wk inc flu hosp,1,27,quantile,0.75,415,2027-01-30
2027-01-23,wk inc flu hosp,1,27,quantile,0.8,436,2027-01-30
2027-01-23,wk inc flu hosp,1,27,quantile,0.85,467,2027-01-30
2027-01-23,wk inc flu hosp,1,27,quantile,0.9,479,2027-01-30
2027-01-23,wk inc flu hosp,1,27,quantile,0.95,502,2027-01-30
2027-01-23,wk inc flu hosp,1,27,quantile,0.975,528,2027-01-30
2027-01-23,wk inc flu hosp,1,27,quantile,0.99,593,2027-01-30
2027-01-23,wk inc flu hosp,1,28,quantile,0.01,153,2027-01-30
2027-01-23,wk inc flu hosp,1,28,quantile,0.025,166,2027-01-30
2027-01-23,wk inc flu hosp,1,28,quantile,0.05,175,2027-01-30
2027-01-23,wk inc flu hosp,1,28,quantile,0.1,184,2027-01-30
2027-01-23,wk inc flu hosp,1,28,quantile,0.15,194,2027-01-30
2027-01-23,wk inc flu hosp,1,28,quantile,0.2,210,2027-01-30
2027-01-23,wk inc flu hosp,1,28,quantile,0.25,218,2027-01-30
2027-01-23,wk inc flu hosp,1,28,quantile,0.3,229,2027-01-30
2027-01-23,wk inc flu hosp,1,28,quantile,0.35,234,2027-01-30
2027-01-23,wk inc flu hosp,1,28,quantile,0.4,240,2027-01-30
2027-01-23,wk inc flu hosp,1,28,quantile,0.45,251,2027-01-30
2027-01-23,wk inc flu hosp,1,28,quantile,0.5,260,2027-01-30
2027-01-23,wk inc flu hosp,1,28,quantile,0.55,267,2027-01-30
2027-01-23,wk inc flu hosp,1,28,quantile,0.6,277,2027-01-30
2027-01-23,wk inc flu hosp,1,28,quantile,0.65,287,2027-01-30
2027-01-23,wk inc flu hosp,1,28,quantile,0.7,291,2027-01-30
2027-01-23,wk inc flu hosp,1,28,quantile,0.75,304,2027-01-30
2027-01-23,wk inc flu hosp,1,28,quantile,0.8,315,2027-01-30
2027-01-23,wk inc flu hosp,1,28,quantile,0.85,333,2027-01-30
2027-01-23,wk inc flu hosp,1,28,quantile,0.9,348,2027-01-30
2027-01-23,wk inc flu hosp,1,28,quantile,0.95,390,2027-01-30
2027-01-23,wk inc flu hosp,1,28,quantile,0.975,405,2027-01-30
2027-01-23,wk inc flu hosp,1,28,quantile,0.99,418,2027-01-30
2027-01-23,wk inc flu hosp,1,29,quantile,0.01,345,2027-01-30
2027-01-23,wk inc flu hosp,1,29,quantile,0.025,352,2027-01-30
2027-01-23,wk inc flu hosp,1,29,quantile,0.05,392,2027-01-30
2027-01-23,wk inc flu hosp,1,29,quantile,0.1,421,2027-01-30
2027-01-23,wk inc flu hosp,1,29,quantile,0.15,442,2027-01-30
2027-01-23,wk inc flu hosp,1,29,quantile,0.2,459,2027-01-30
2027-01-23,wk inc flu hosp,1,29,quantile,0.25,472,2027-01-30
2027-01-23,wk inc flu hosp,1,29,quantile,0.3,489,2027-01-30
2027-01-23,wk inc flu hosp,1,29,quantile,0.35,500,2027-01-30
2027-01-23,wk inc flu hosp,1,29,quantile,0.4,512,2027-01-30
2027-01-23,wk inc flu hosp,1,29,quantile,0.45,520,2027-01-30
2027-01-23,wk inc flu hosp,1,29,quantile,0.5,528,2027-01-30
2027-01-23,wk inc flu hosp,1,29,quantile,0.55,550,2027-01-30
2027-01-23,wk inc flu hosp,1,29,quantile,0.6,561,2027-01-30
2027-01-23,wk inc flu hosp,1,29,quantile,0.65,570,2027-01-30
2027-01-23,wk inc flu hosp,1,29,quantile,0.7,585,2027-01-30
2027-01-23,wk inc flu hosp,1,29,quantile,0.75,594,2027-01-30
2027-01-23,wk inc flu hosp,1,29,quantile,0.8,613,2027-01-30
2027-01-23,wk inc flu hosp,1,29,quantile,0.85,645,2027-01-30
2027-01-23,wk inc flu hosp,1,29,quantile,0.9,675,2027-01-30
2027-01-23,wk inc flu hosp,1,29,quantile,0.95,743,2027-01-30
2027-01-23,wk inc flu hosp,1,29,quantile,0.975,770,2027-01-30
2027-01-23,wk inc flu hosp,1,29,quantile,0.99,782,2027-01-30
2027-01-23,wk inc flu hosp,1,30,quantile,0.01,33,2027-01-30
2027-01-23,wk inc flu hosp,1,30,quantile,0.025,35,2027-01-30
2027-01-23,wk inc flu hosp,1,30,quantile,0.05,37,2027-01-30
2027-01-23,wk inc flu hosp,1,30,quantile,0.1,43,2027-01-30
2027-01-23,wk inc flu hosp,1,30,quantile,0.15,46,2027-01-30
2027-01-23,wk inc flu hosp,1,30,quantile,0.2,49,2027-01-30
2027-01-23,wk inc flu hosp,1,30,quantile,0.25,52,2027-01-30
2027-01-23,wk inc flu hosp,1,30,quantile,0.3,55,2027-01-30
2027-01-23,wk inc flu hosp,1,30,quantile,0.35,58,2027-01-30
2027-01-23,wk inc flu hosp,1,30,quantile,0.4,60,2027-01-30
2027-01-23,wk inc flu hosp,1,30,quantile,0.45,62,2027-01-30
2027-01-23,wk inc flu hosp,1,30,quantile,0.5,64,2027-01-30
2027-01-23,wk inc flu hosp,1,30,quantile,0.55,67,2027-01-30
2027-01-23,wk inc flu hosp,1,30,quantile,0.6,69,2027-01-30
2027-01-23,wk inc flu hosp,1,30,quantile,0.65,73,2027-01-30
2027-01-23,wk inc flu hosp,1,30,quantile,0.7,77,2027-01-30
2027-01-23,wk inc flu hosp,1,30,quantile,0.75,80,2027-01-30
2027-01-23,wk inc flu hosp,1,30,quantile,0.8,85,2027-01-30
2027-01-23,wk inc flu hosp,1,30,quantile,0.85,90,2027-01-30
2027-01-23,wk inc flu hosp,1,30,quantile,0.9,103,2027-01-30
2027-01-23,wk inc flu hosp,1,30,quantile,0.95,111,2027-01-30
2027-01-23,wk inc flu hosp,1,30,quantile,0.975,122,2027-01-30
2027-01-23,wk inc flu hosp,1,30,quantile,0.99,140,2027-01-30
2027-01-23,wk inc flu hosp,1,31,quantile,0.01,75,2027-01-30
2027-01-23,wk inc flu hosp,1,31,quantile,0.025,84,2027-01-30
2027-01-23,wk inc flu hosp,1,31,quantile,0.05,90,2027-01-30
2027-01-23,wk inc flu hosp,1,31,quantile,0.1,99,2027-01-30
2027-01-23,wk inc flu hosp,1,31,quantile,0.15,105,2027-01-30
2027-01-23,wk inc flu hosp,1,31,quantile,0.2,107,2027-01-30
2027-01-23,wk inc flu hosp,1,31,quantile,0.25,112,2027-01-30
2027-01-23,wk inc flu hosp,1,31,quantile,0.3,115,2027-01-30
2027-01-23,wk inc flu hosp,1,31,quantile,0.35,119,2027-01-30
2027-01-23,wk inc flu hosp,1,31,quantile,0.4,122,2027-01-30
2027-01-23,wk inc flu hosp,1,31,quantile,0.45,124,2027-01-30
2027-01-23,wk inc flu hosp,1,31,quantile,0.5,128,2027-01-30
2027-01-23,wk inc flu hosp,1,31,quantile,0.55,131,2027-01-30
2027-01-23,wk inc flu hosp,1,31,quantile,0.6,137,2027-01-30
2027-01-23,wk inc flu hosp,1,31,quantile,0.65,144,2027-01-30
2027-01-23,wk inc flu hosp,1,31,quantile,0.7,150,2027-01-30
2027-01-23,wk inc flu hosp,1,31,quantile,0.75,154,2027-01-30
2027-01-23,wk inc flu hosp,1,31,quantile,0.8,158,2027-01-30
2027-01-23,wk inc flu hosp,1,31,quantile,0.85,161,2027-01-30
2027-01-23,wk inc flu hosp,1,31,quantile,0.9,174,2027-01-30
2027-01-23,wk inc flu hosp,1,31,quantile,0.95,180,2027-01-30
2027-01-23,wk inc flu hosp,1,31,quantile,0.975,184,2027-01-30
2027-01-23,wk inc flu hosp,1,31,quantile,0.99,195,2027-01-30
2027-01-23,wk inc flu hosp,1,32,quantile,0.01,47,2027-01-30
2027-01-23,wk inc flu hosp,1,32,quantile,0.025,51,2027-01-30
2027-01-23,wk inc flu hosp,1,32,quantile,0.05,56,2027-01-30
2027-01-23,wk inc flu hosp,1,32,quantile,0.1,66,2027-01-30
2027-01-23,wk inc flu hosp,1,32,quantile,0.15,70,2027-01-30
2027-01-23,wk inc flu hosp,1,32,quantile,0.2,73,2027-01-30
2027-01-23,wk inc flu hosp,1,32,quantile,0.25,78,2027-01-30
2027-01-23,wk inc flu hosp,1,32,quantile,0.3,81,2027-01-30
2027-01-23,wk inc flu hosp,1,32,quantile,0.35,83,2027-01-30
2027-01-23,wk inc flu hosp,1,32,quantile,0.4,85,2027-01-30
2027-01-23,wk inc flu hosp,1,32,quantile,0.45,89,2027-01-30
2027-01-23,wk inc flu hosp,1,32,quantile,0.5,92,2027-01-30
2027-01-23,wk inc flu hosp,1,32,quantile,0.55,96,2027-01-30
2027-01-23,wk inc flu hosp,1,32,quantile,0.6,99,2027-01-30
2027-01-23,wk inc flu hosp,1,32,quantile,0.65,102,2027-01-30
2027-01-23,wk inc flu hosp,1,32,quantile,0.7,104,2027-01-30
2027-01-23,wk inc flu hosp,1,32,quantile,0.75,107,2027-01-30
2027-01-23,wk inc flu hosp,1,32,quantile,0.8,112,2027-01-30
2027-01-23,wk inc flu hosp,1,32,quantile,0.85,122,2027-01-30
2027-01-23,wk inc flu hosp,1,32,quantile,0.9,127,2027-01-30
2027-01-23,wk inc flu hosp,1,32,quantile,0.95,133,2027-01-30
2027-01-23,wk inc flu hosp,1,32,quantile,0.975,144,2027-01-30
2027-01-23,wk inc flu hosp,1,32,quantile,0.99,163,2027-01-30
2027-01-23,wk inc flu hosp,1,33,quantile,0.01,39,2027-01-30
2027-01-23,wk inc flu hosp,1,33,quantile,0.025,42,2027-01-30
2027-01-23,wk inc flu hosp,1,33,quantile,0.05,47,2027-01-30
2027-01-23,wk inc flu hosp,1,33,quantile,0.1,56,2027-01-30
2027-01-23,wk inc flu hosp,1,33,quantile,0.15,60,2027-01-30
2027-01-23,wk inc flu hosp,1,33,quantile,0.2,62,2027-01-30
2027-01-23,wk inc flu hosp,1,33,quantile,0.25,64,2027-01-30
2027-01-23,wk inc flu hosp,1,33,quantile,0.3,66,2027-01-30
2027-01-23,wk inc flu hosp,1,33,quantile,0.35,70,2027-01-30
2027-01-23,wk inc flu hosp,1,33,quantile,0.4,72,2027-01-30
2027-01-23,wk inc flu hosp,1,33,quantile,0.45,75,2027-01-30
2027-01-23,wk inc flu hosp,1,33,quantile,0.5,78,2027-01-30
2027-01-23,wk inc flu hosp,1,33,quantile,0.55,80,2027-01-30
2027-01-23,wk inc flu hosp,1,33,quantile,0.6,80,2027-01-30
2027-01-23,wk inc flu hosp,1,33,quantile,0.65,83,2027-01-30
2027-01-23,wk inc flu hosp,1,33,quantile,0.7,86,2027-01-30
2027-01-23,wk inc flu hosp,1,33,quantile,0.75,90,2027-01-30
2027-01-23,wk inc flu hosp,1,33,quantile,0.8,95,2027-01-30
2027-01-23,wk inc flu hosp,1,33,quantile,0.85,98,2027-01-30
2027-01-23,wk inc flu hosp,1,33,quantile,0.9,102,2027-01-30
2027-01-23,wk inc flu hosp,1,33,quantile,0.95,108,2027-01-30
2027-01-23,wk inc flu hosp,1,33,quantile,0.975,118,2027-01-30
2027-01-23,wk inc flu hosp,1,33,quantile,0.99,131,2027-01-30
2027-01-23,wk inc flu hosp,1,34,quantile,0.01,372,2027-01-30
2027-01-23,wk inc flu hosp,1,34,quantile,0.025,389,2027-01-30
2027-01-23,wk inc flu hosp,1,34,quantile,0.05,420,2027-01-30
2027-01-23,wk inc flu hosp,1,34,quantile,0.1,463,2027-01-30
2027-01-23,wk inc flu hosp,1,34,quantile,0.15,485,2027-01-30
2027-01-23,wk inc flu hosp,1,34,quantile,0.2,497,2027-01-30
2027-01-23,wk inc flu hosp,1,34,quantile,0.25,511,2027-01-30
2027-01-23,wk inc flu hosp,1,34,quantile,0.3,533,2027-01-30
2027-01-23,wk inc flu hosp,1,34,quantile,0.35,548,2027-01-30
2027-01-23,wk inc flu hosp,1,34,quantile,0.4,563,2027-01-30
2027-01-23,wk inc flu hosp,1,34,quantile,0.45,583,2027-01-30
2027-01-23,wk inc flu hosp,1,34,quantile,0.5,602,2027-01-30
2027-01-23,wk inc flu hosp,1,34,quantile,0.55,619,2027-01-30
2027-01-23,wk inc flu hosp,1,34,quantile,0.6,636,2027-01-30
2027-01-23,wk inc flu hosp,1,34,quantile,0.65,654,2027-01-30
2027-01-23,wk inc flu hosp,1,34,quantile,0.7,674,2027-01-30
2027-01-23,wk inc flu hosp,1,34,quantile,0.75,694,2027-01-30
2027-01-23,wk inc flu hosp,1,34,quantile,0.8,707,2027-01-30
2027-01-23,wk inc flu hosp,1,34,quantile,0.85,736,2027-01-30
2027-01-23,wk inc flu hosp,1,34,quantile,0.9,760,2027-01-30
2027-01-23,wk inc flu hosp,1,34,quantile,0.95,791,2027-01-30
2027-01-23,wk inc flu hosp,1,34,quantile,0.975,832,2027-01-30
2027-01-23,wk inc flu hosp,1,34,quantile,0.99,852,2027-01-30
2027-01-23,wk inc flu hosp,1,35,quantile,0.01,69,2027-01-30
2027-01-23,wk inc flu hosp,1,35,quantile,0.025,72,2027-01-30
2027-01-23,wk inc flu hosp,1,35,quantile,0.05,76,2027-01-30
2027-01-23,wk inc flu hosp,1,35,quantile,0.1,83,2027-01-30
2027-01-23,wk inc flu hosp,1,35,quantile,0.15,86,2027-01-30
2027-01-23,wk inc flu hosp,1,35,quantile,0.2,90,2027-01-30
2027-01-23,wk inc flu hosp,1,35,quantile,0.25,92,2027-01-30
2027-01-23,wk inc flu hosp,1,35,quantile,0.3,96,2027-01-30
2027-01-23,wk inc flu hosp,1,35,quantile,0.35,97,2027-01-30
2027-01-23,wk inc flu hosp,1,35,quantile,0.4,99,2027-01-30
2027-01-23,wk inc flu hosp,1,35,quantile,0.45,102,2027-01-30
2027-01-23,wk inc flu hosp,1,35,quantile,0.5,104,2027-01-30
2027-01-23,wk inc flu hosp,1,35,quantile,0.55,107,2027-01-30
2027-01-23,wk inc flu hosp,1,35,quantile,0.6,112,2027-01-30
2027-01-23,wk inc flu hosp,1,35,quantile,0.65,115,2027-01-30
2027-01-23,wk inc flu hosp,1,35,quantile,0.7,118,2027-01-30
2027-01-23,wk inc flu hosp,1,35,quantile,0.75,122,2027-01-30
2027-01-23,wk inc flu hosp,1,35,quantile,0.8,126,2027-01-30
2027-01-23,wk inc flu hosp,1,35,quantile,0.85,132,2027-01-30
2027-01-23,wk inc flu hosp,1,35,quantile,0.9,143,2027-01-30
2027-01-23,wk inc flu hosp,1,35,quantile,0.95,161,2027-01-30
2027-01-23,wk inc flu hosp,1,35,quantile,0.975,172,2027-01-30
2027-01-23,wk inc flu hosp,1,35,quantile,0.99,190,2027-01-30
2027-01-23,wk inc flu hosp,1,36,quantile,0.01,538,2027-01-30
2027-01-23,wk inc flu hosp,1,36,quantile,0.025,687,2027-01-30
2027-01-23,wk inc flu hosp,1,36,quantile,0.05,792,2027-01-30
2027-01-23,wk inc flu hosp,1,36,quantile,0.1,879,2027-01-30
2027-01-23,wk inc flu hosp,1,36,quantile,0.15,927,2027-01-30
2027-01-23,wk inc flu hosp,1,36,quantile,0.2,964,2027-01-30
2027-01-23,wk inc flu hosp,1,36,quantile,0.25,992,2027-01-30
2027-01-23,wk inc flu hosp,1,36,quantile,0.3,1011,2027-01-30
2027-01-23,wk inc flu hosp,1,36,quantile,0.35,1038,2027-01-30
2027-01-23,wk inc flu hosp,1,36,quantile,0.4,1051,2027-01-30
2027-01-23,wk inc flu hosp,1,36,quantile,0.45,1079,2027-01-30
2027-01-23,wk inc flu hosp,1,36,quantile,0.5,1097,2027-01-30
2027-01-23,wk inc flu hosp,1,36,quantile,0.55,1109,2027-01-30
2027-01-23,wk inc flu hosp,1,36,quantile,0.6,1133,2027-01-30
2027-01-23,wk inc flu hosp,1,36,quantile,0.65,1157,2027-01-30
2027-01-23,wk inc flu hosp,1,36,quantile,0.7,1199,2027-01-30
2027-01-23,wk inc flu hosp,1,36,quantile,0.75,1255,2027-01-30
2027-01-23,wk inc flu hosp,1,36,quantile,0.8,1320,2027-01-30
2027-01-23,wk inc flu hosp,1,36,quantile,0.85,1356,2027-01-30
2027-01-23,wk inc flu hosp,1,36,quantile,0.9,1426,2027-01-30
2027-01-23,wk inc flu hosp,1,36,quantile,0.95,1578,2027-01-30
2027-01-23,wk inc flu hosp,1,36,quantile,0.975,1666,2027-01-30
2027-01-23,wk inc flu hosp,1,36,quantile,0.99,1746,2027-01-30
2027-01-23,wk inc flu hosp,1,37,quantile,0.01,473,2027-01-30
2027-01-23,wk inc flu hosp,1,37,quantile,0.025,508,2027-01-30
2027-01-23,wk inc flu hosp,1,37,quantile,0.05,548,2027-01-30
2027-01-23,wk inc flu hosp,1,37,quantile,0.1,616,2027-01-30
2027-01-23,wk inc flu hosp,1,37,quantile,0.15,662,2027-01-30
2027-01-23,wk inc flu hosp,1,37,quantile,0.2,699,2027-01-30
2027-01-23,wk inc flu hosp,1,37,quantile,0.25,740,2027-01-30
2027-01-23,wk inc flu hosp,1,37,quantile,0.3,761,2027-01-30
2027-01-23,wk inc flu hosp,1,37,quantile,0.35,784,2027-01-30
2027-01-23,wk inc flu hosp,1,37,quantile,0.4,804,2027-01-30
2027-01-23,wk inc flu hosp,1,37,quantile,0.45,823,2027-01-30
2027-01-23,wk inc flu hosp,1,37,quantile,0.5,842,2027-01-30
2027-01-23,wk inc flu hosp,1,37,quantile,0.55,860,2027-01-30
2027-01-23,wk inc flu hosp,1,37,quantile,0.6,878,2027-01-30
2027-01-23,wk inc flu hosp,1,37,quantile,0.65,902,2027-01-30
2027-01-23,wk inc flu hosp,1,37,quantile,0.7,931,2027-01-30
2027-01-23,wk inc flu hosp,1,37,quantile,0.75,960,2027-01-30
2027-01-23,wk inc flu hosp,1,37,quantile,0.8,994,2027-01-30
2027-01-23,wk inc flu hosp,1,37,quantile,0.85,1042,2027-01-30
2027-01-23,wk inc flu hosp,1,37,quantile,0.9,1157,2027-01-30
2027-01-23,wk inc flu hosp,1,37,quantile,0.95,1249,2027-01-30
2027-01-23,wk inc flu hosp,1,37,quantile,0.975,1297,2027-01-30
2027-01-23,wk inc flu hosp,1,37,quantile,0.99,1350,2027-01-30
2027-01-23,wk inc flu hosp,1,38,quantile,0.01,34,2027-01-30
2027-01-23,wk inc flu hosp,1,38,quantile,0.025,37,2027-01-30
2027-01-23,wk inc flu hosp,1,38,quantile,0.05,40,2027-01-30
2027-01-23,wk inc flu hosp,1,38,quantile,0.1,46,2027-01-30
2027-01-23,wk inc flu hosp,1,38,quantile,0.15,49,2027-01-30
2027-01-23,wk inc flu hosp,1,38,quantile,0.2,52,2027-01-30
2027-01-23,wk inc flu hosp,1,38,quantile,0.25,56,2027-01-30
2027-01-23,wk inc flu hosp,1,38,quantile,0.3,59,2027-01-30
2027-01-23,wk inc flu hosp,1,38,quantile,0.35,62,2027-01-30
2027-01-23,wk inc flu hosp,1,38,quantile,0.4,64,2027-01-30
2027-01-23,wk inc flu hosp,1,38,quantile,0.45,66,2027-01-30
2027-01-23,wk inc flu hosp,1,38,quantile,0.5,68,2027-01-30
2027-01-23,wk inc flu hosp,1,38,quantile,0.55,70,2027-01-30
2027-01-23,wk inc flu hosp,1,38,quantile,0.6,72,2027-01-30
2027-01-23,wk inc flu hosp,1,38,quantile,0.65,73,2027-01-30
2027-01-23,wk inc flu hosp,1,38,quantile,0.7,75,2027-01-30
2027-01-23,wk inc flu hosp,1,38,quantile,0.75,78,2027-01-30
2027-01-23,wk inc flu hosp,1,38,quantile,0.8,81,2027-01-30
2027-01-23,wk inc flu hosp,1,38,quantile,0.85,84,2027-01-30
2027-01-23,wk inc flu hosp,1,38,quantile,0.9,89,2027-01-30
2027-01-23,wk inc flu hosp,1,38,quantile,0.95,98,2027-01-30
2027-01-23,wk inc flu hosp,1,38,quantile,0.975,105,2027-01-30
2027-01-23,wk inc flu hosp,1,38,quantile,0.99,116,2027-01-30
2027-01-23,wk inc flu hosp,1,39,quantile,0.01,661,2027-01-30
2027-01-23,wk inc flu hosp,1,39,quantile,0.025,745,2027-01-30
2027-01-23,wk inc flu hosp,1,39,quantile,0.05,767,2027-01-30
2027-01-23,wk inc flu hosp,1,39,quantile,0.1,839,2027-01-30
2027-01-23,wk inc flu hosp,1,39,quantile,0.15,899,2027-01-30
2027-01-23,wk inc flu hosp,1,39,quantile,0.2,948,2027-01-30
2027-01-23,wk inc flu hosp,1,39,quantile,0.25,989,2027-01-30
2027-01-23,wk inc flu hosp,1,39,quantile,0.3,1010,2027-01-30
2027-01-23,wk inc flu hosp,1,39,quantile,0.35,1034,2027-01-30
2027-01-23,wk inc flu hosp,1,39,quantile,0.4,1072,2027-01-30
2027-01-23,wk inc flu hosp,1,39,quantile,0.45,1089,2027-01-30
2027-01-23,wk inc flu hosp,1,39,quantile,0.5,1108,2027-01-30
2027-01-23,wk inc flu hosp,1,39,quantile,0.55,1145,2027-01-30
2027-01-23,wk inc flu hosp,1,39,quantile,0.6,1168,2027-01-30
2027-01-23,wk inc flu hosp,1,39,quantile,0.65,1198,2027-01-30
2027-01-23,wk inc flu hosp,1,39,quantile,0.7,1230,2027-01-30
2027-01-23,wk inc flu hosp,1,39,quantile,0.75,1278,2027-01-30
2027-01-23,wk inc flu hosp,1,39,quantile,0.8,1325,2027-01-30
2027-01-23,wk inc flu hosp,1,39,quantile,0.85,1396,2027-01-30
2027-01-23,wk inc flu hosp,1,39,quantile,0.9,1475,2027-01-30
2027-01-23,wk inc flu hosp,1,39,quantile,0.95,1522,2027-01-30
2027-01-23,wk inc flu hosp,1,39,quantile,0.975,1552,2027-01-30
2027-01-23,wk inc flu hosp,1,39,quantile,0.99,1662,2027-01-30
2027-01-23,wk inc flu hosp,1,40,quantile,0.01,477,2027-01-30
2027-01-23,wk inc flu hosp,1,40,quantile,0.025,527,2027-01-30
2027-01-23,wk inc flu hosp,1,40,quantile,0.05,567,2027-01-30
2027-01-23,wk inc flu hosp,1,40,quantile,0.1,602,2027-01-30
2027-01-23,wk inc flu hosp,1,40,quantile,0.15,628,2027-01-30
2027-01-23,wk inc flu hosp,1,40,quantile,0.2,671,2027-01-30
2027-01-23,wk inc flu hosp,1,40,quantile,0.25,690,2027-01-30
2027-01-23,wk inc flu hosp,1,40,quantile,0.3,713,2027-01-30
2027-01-23,wk inc flu hosp,1,40,quantile,0.35,745,2027-01-30
2027-01-23,wk inc flu hosp,1,40,quantile,0.4,776,2027-01-30
2027-01-23,wk inc flu hosp,1,40,quantile,0.45,786,2027-01-30
2027-01-23,wk inc flu hosp,1,40,quantile,0.5,810,2027-01-30
2027-01-23,wk inc flu hosp,1,40,quantile,0.55,838,2027-01-30
2027-01-23,wk inc flu hosp,1,40,quantile,0.6,857,2027-01-30
2027-01-23,wk inc flu hosp,1,40,quantile,0.65,889,2027-01-30
2027-01-23,wk inc flu hosp,1,40,quantile,0.7,909,2027-01-30
2027-01-23,wk inc flu hosp,1,40,quantile,0.75,932,2027-01-30
2027-01-23,wk inc flu hosp,1,40,quantile,0.8,960,2027-01-30
2027-01-23,wk inc flu hosp,1,40,quantile,0.85,989,2027-01-30
2027-01-23,wk inc flu hosp,1,40,quantile,0.9,1045,2027-01-30
2027-01-23,wk inc flu hosp,1,40,quantile,0.95,1104,2027-01-30
2027-01-23,wk inc flu hosp,1,40,quantile,0.975,1149,2027-01-30
2027-01-23,wk inc flu hosp,1,40,quantile,0.99,1193,2027-01-30
2027-01-23,wk inc flu hosp,1,41,quantile,0.01,135,2027-01-30
2027-01-23,wk inc flu hosp,1,41,quantile,0.025,154,2027-01-30
2027-01-23,wk inc flu hosp,1,41,quantile,0.05,159,2027-01-30
2027-01-23,wk inc flu hosp,1,41,quantile,0.1,168,2027-01-30
2027-01-23,wk inc flu hosp,1,41,quantile,0.15,184,2027-01-30
2027-01-23,wk inc flu hosp,1,41,quantile,0.2,190,2027-01-30
2027-01-23,wk inc flu hosp,1,41,quantile,0.25,199,2027-01-30
2027-01-23,wk inc flu hosp,1,41,quantile,0.3,207,2027-01-30
2027-01-23,wk inc flu hosp,1,41,quantile,0.35,217,2027-01-30
2027-01-23,wk inc flu hosp,1,41,quantile,0.4,225,2027-01-30
2027-01-23,wk inc flu hosp,1,41,quantile,0.45,239,2027-01-30
2027-01-23,wk inc flu hosp,1,41,quantile,0.5,243,2027-01-30
2027-01-23,wk inc flu hosp,1,41,quantile,0.55,248,2027-01-30
2027-01-23,wk inc flu hosp,1,41,quantile,0.6,257,2027-01-30
2027-01-23,wk inc flu hosp,1,41,quantile,0.65,272,2027-01-30
2027-01-23,wk inc flu hosp,1,41,quantile,0.7,279,2027-01-30
2027-01-23,wk inc flu hosp,1,41,quantile,0.75,289,2027-01-30
2027-01-23,wk inc flu hosp,1,41,quantile,0.8,295,2027-01-30
2027-01-23,wk inc flu hosp,1,41,quantile,0.85,304,2027-01-30
2027-01-23,wk inc flu hosp,1,41,quantile,0.9,320,2027-01-30
2027-01-23,wk inc flu hosp,1,41,quantile,0.95,364,2027-01-30
2027-01-23,wk inc flu hosp,1,41,quantile,0.975,427,2027-01-30
2027-01-23,wk inc flu hosp,1,41,quantile,0.99,428,2027-01-30
2027-01-23,wk inc flu hosp,1,42,quantile,0.01,992,2027-01-30
2027-01-23,wk inc flu hosp,1,42,quantile,0.025,1014,2027-01-30
2027-01-23,wk inc flu hosp,1,42,quantile,0.05,1067,2027-01-30
2027-01-23,wk inc flu hosp,1,42,quantile,0.1,1126,2027-01-30
2027-01-23,wk inc flu hosp,1,42,quantile,0.15,1156,2027-01-30
2027-01-23,wk inc flu hosp,1,42,quantile,0.2,1206,2027-01-30
2027-01-23,wk inc flu hosp,1,42,quantile,0.25,1248,2027-01-30
2027-01-23,wk inc flu hosp,1,42,quantile,0.3,1315,2027-01-30
2027-01-23,wk inc flu hosp,1,42,quantile,0.35,1344,2027-01-30
2027-01-23,wk inc flu hosp,1,42,quantile,0.4,1381,2027-01-30
2027-01-23,wk inc flu hosp,1,42,quantile,0.45,1442,2027-01-30
2027-01-23,wk inc flu hosp,1,42,quantile,0.5,1452,2027-01-30
2027-01-23,wk inc flu hosp,1,42,quantile,0.55,1484,2027-01-30
2027-01-23,wk inc flu hosp,1,42,quantile,0.6,1530,2027-01-30
2027-01-23,wk inc flu hosp,1,42,quantile,0.65,1578,2027-01-30
2027-01-23,wk inc flu hosp,1,42,quantile,0.7,1607,2027-01-30
2027-01-23,wk inc flu hosp,1,42,quantile,0.75,1642,2027-01-30
2027-01-23,wk inc flu hosp,1,42,quantile,0.8,1724,2027-01-30
2027-01-23,wk inc flu hosp,1,42,quantile,0.85,1771,2027-01-30
2027-01-23,wk inc flu hosp,1,42,quantile,0.9,1839,2027-01-30
2027-01-23,wk inc flu hosp,1,42,quantile,0.95,1943,2027-01-30
2027-01-23,wk inc flu hosp,1,42,quantile,0.975,1958,2027-01-30
2027-01-23,wk inc flu hosp,1,42,quantile,0.99,2252,2027-01-30
2027-01-23,wk inc flu hosp,1,44,quantile,0.01,19,2027-01-30
2027-01-23,wk inc flu hosp,1,44,quantile,0.025,21,2027-01-30
2027-01-23,wk inc flu hosp,1,44,quantile,0.05,24,2027-01-30
2027-01-23,wk inc flu hosp,1,44,quantile,0.1,28,2027-01-30
2027-01-23,wk inc flu hosp,1,44,quantile,0.15,30,2027-01-30
2027-01-23,wk inc flu hosp,1,44,quantile,0.2,32,2027-01-30
2027-01-23,wk inc flu hosp,1,44,quantile,0.25,34,2027-01-30
2027-01-23,wk inc flu hosp,1,44,quantile,0.3,35,2027-01-30
2027-01-23,wk inc flu hosp,1,44,quantile,0.35,36,2027-01-30
2027-01-23,wk inc flu hosp,1,44,quantile,0.4,37,2027-01-30
2027-01-23,wk inc flu hosp,1,44,quantile,0.45,38,2027-01-30
2027-01-23,wk inc flu hosp,1,44,quantile,0.5,40,2027-01-30
2027-01-23,wk inc flu hosp,1,44,quantile,0.55,43,2027-01-30
2027-01-23,wk inc flu hosp,1,44,quantile,0.6,45,2027-01-30
2027-01-23,wk inc flu hosp,1,44,quantile,0.65,46,2027-01-30
2027-01-23,wk inc flu hosp,1,44,quantile,0.7,47,2027-01-30
2027-01-23,wk inc flu hosp,1,44,quantile,0.75,49,2027-01-30
2027-01-23,wk inc flu hosp,1,44,quantile,0.8,52,2027-01-30
2027-01-23,wk inc flu hosp,1,44,quantile,0.85,54,2027-01-30
2027-01-23,wk inc flu hosp,1,44,quantile,0.9,58,2027-01-30
2027-01-23,wk inc flu hosp,1,44,quantile,0.95,68,2027-01-30
2027-01-23,wk inc flu hosp,1,44,quantile,0.975,72,2027-01-30
2027-01-23,wk inc flu hosp,1,44,quantile,0.99,73,2027-01-30
2027-01-23,wk inc flu hosp,1,45,quantile,0.01,270,2027-01-30
2027-01-23,wk inc flu hosp,1,45,quantile,0.025,290,2027-01-30
2027-01-23,wk inc flu hosp,1,45,quantile,0.05,304,2027-01-30
2027-01-23,wk inc flu hosp,1,45,quantile,0.1,376,2027-01-30
2027-01-23,wk inc flu hosp,1,45,quantile,0.15,401,2027-01-30
2027-01-23,wk inc flu hosp,1,45,quantile,0.2,411,2027-01-30
2027-01-23,wk inc flu hosp,1,45,quantile,0.25,426,2027-01-30
2027-01-23,wk inc flu hosp,1,45,quantile,0.3,441,2027-01-30
2027-01-23,wk inc flu hosp,1,45,quantile,0.35,462,2027-01-30
2027-01-23,wk inc flu hosp,1,45,quantile,0.4,475,2027-01-30
2027-01-23,wk inc flu hosp,1,45,quantile,0.45,481,2027-01-30
2027-01-23,wk inc flu hosp,1,45,quantile,0.5,497,2027-01-30
2027-01-23,wk inc flu hosp,1,45,quantile,0.55,512,2027-01-30
2027-01-23,wk inc flu hosp,1,45,quantile,0.6,529,2027-01-30
2027-01-23,wk inc flu hosp,1,45,quantile,0.65,541,2027-01-30
2027-01-23,wk inc flu hosp,1,45,quantile,0.7,554,2027-01-30
2027-01-23,wk inc flu hosp,1,45,quantile,0.75,578,2027-01-30
2027-01-23,wk inc flu hosp,1,45,quantile,0.8,630,2027-01-30
2027-01-23,wk inc flu hosp,1,45,quantile,0.85,681,2027-01-30
2027-01-23,wk inc flu hosp,1,45,quantile,0.9,724,2027-01-30
2027-01-23,wk inc flu hosp,1,45,quantile,0.95,801,2027-01-30
2027-01-23,wk inc flu hosp,1,45,quantile,0.975,891,2027-01-30
2027-01-23,wk inc flu hosp,1,45,quantile,0.99,942,2027-01-30
2027-01-23,wk inc flu hosp,1,46,quantile,0.01,27,2027-01-30
2027-01-23,wk inc flu hosp,1,46,quantile,0.025,30,2027-01-30
2027-01-23,wk inc flu hosp,1,46,quantile,0.05,33,2027-01-30
2027-01-23,wk inc flu hosp,1,46,quantile,0.1,39,2027-01-30
2027-01-23,wk inc flu hosp,1,46,quantile,0.15,42,2027-01-30
2027-01-23,wk inc flu hosp,1,46,quantile,0.2,44,2027-01-30
2027-01-23,wk inc flu hosp,1,46,quantile,0.25,46,2027-01-30
2027-01-23,wk inc flu hosp,1,46,quantile,0.3,49,2027-01-30
2027-01-23,wk inc flu hosp,1,46,quantile,0.35,50,2027-01-30
2027-01-23,wk inc flu hosp,1,46,quantile,0.4,51,2027-01-30
2027-01-23,wk inc flu hosp,1,46,quantile,0.45,53,2027-01-30
2027-01-23,wk inc flu hosp,1,46,quantile,0.5,56,2027-01-30
2027-01-23,wk inc flu hosp,1,46,quantile,0.55,58,2027-01-30
2027-01-23,wk inc flu hosp,1,46,quantile,0.6,60,2027-01-30
2027-01-23,wk inc flu hosp,1,46,quantile,0.65,62,2027-01-30
2027-01-23,wk inc flu hosp,1,46,quantile,0.7,67,2027-01-30
2027-01-23,wk inc flu hosp,1,46,quantile,0.75,69,2027-01-30
2027-01-23,wk inc flu hosp,1,46,quantile,0.8,72,2027-01-30
2027-01-23,wk inc flu hosp,1,46,quantile,0.85,77,2027-01-30
2027-01-23,wk inc flu hosp,1,46,quantile,0.9,82,2027-01-30
2027-01-23,wk inc flu hosp,1,46,quantile,0.95,92,2027-01-30
2027-01-23,wk inc flu hosp,1,46,quantile,0.975,98,2027-01-30
2027-01-23,wk inc flu hosp,1,46,quantile,0.99,103,2027-01-30
2027-01-23,wk inc flu hosp,1,47,quantile,0.01,311,2027-01-30
2027-01-23,wk inc flu hosp,1,47,quantile,0.025,337,2027-01-30
2027-01-23,wk inc flu hosp,1,47,quantile,0.05,378,2027-01-30
2027-01-23,wk inc flu hosp,1,47,quantile,0.1,406,2027-01-30
2027-01-23,wk inc flu hosp,1,47,quantile,0.15,418,2027-01-30
2027-01-23,wk inc flu hosp,1,47,quantile,0.2,428,2027-01-30
2027-01-23,wk inc flu hosp,1,47,quantile,0.25,435,2027-01-30
2027-01-23,wk inc flu hosp,1,47,quantile,0.3,444,2027-01-30
2027-01-23,wk inc flu hosp,1,47,quantile,0.35,455,2027-01-30
2027-01-23,wk inc flu hosp,1,47,quantile,0.4,465,2027-01-30
2027-01-23,wk inc flu hosp,1,47,quantile,0.45,474,2027-01-30
2027-01-23,wk inc flu hosp,1,47,quantile,0.5,482,2027-01-30
2027-01-23,wk inc flu hosp,1,47,quantile,0.55,487,2027-01-30
2027-01-23,wk inc flu hosp,1,47,quantile,0.6,503,2027-01-30
2027-01-23,wk inc flu hosp,1,47,quantile,0.65,519,2027-01-30
2027-01-23,wk inc flu hosp,1,47,quantile,0.7,532,2027-01-30
2027-01-23,wk inc flu hosp,1,47,quantile,0.75,552,2027-01-30
2027-01-23,wk inc flu hosp,1,47,quantile,0.8,565,2027-01-30
2027-01-23,wk inc flu hosp,1,47,quantile,0.85,592,2027-01-30
2027-01-23,wk inc flu hosp,1,47,quantile,0.9,629,2027-01-30
2027-01-23,wk inc flu hosp,1,47,quantile,0.95,672,2027-01-30
2027-01-23,wk inc flu hosp,1,47,quantile,0.975,699,2027-01-30
2027-01-23,wk inc flu hosp,1,47,quantile,0.99,738,2027-01-30
2027-01-23,wk inc flu hosp,1,48,quantile,0.01,1817,2027-01-30
2027-01-23,wk inc flu hosp,1,48,quantile,0.025,1907,2027-01-30
2027-01-23,wk inc flu hosp,1,48,quantile,0.05,1945,2027-01-30
2027-01-23,wk inc flu hosp,1,48,quantile,0.1,2090,2027-01-30
2027-01-23,wk inc flu hosp,1,48,quantile,0.15,2234,2027-01-30
2027-01-23,wk inc flu hosp,1,48,quantile,0.2,2342,2027-01-30
2027-01-23,wk inc flu hosp,1,48,quantile,0.25,2402,2027-01-30
2027-01-23,wk inc flu hosp,1,48,quantile,0.3,2484,2027-01-30
2027-01-23,wk inc flu hosp,1,48,quantile,0.35,2550,2027-01-30
2027-01-23,wk inc flu hosp,1,48,quantile,0.4,2697,2027-01-30
2027-01-23,wk inc flu hosp,1,48,quantile,0.45,2775,2027-01-30
2027-01-23,wk inc flu hosp,1,48,quantile,0.5,2867,2027-01-30
2027-01-23,wk inc flu hosp,1,48,quantile,0.55,3021,2027-01-30
2027-01-23,wk inc flu hosp,1,48,quantile,0.6,3199,2027-01-30
2027-01-23,wk inc flu hosp,1,48,quantile,0.65,3270,2027-01-30
2027-01-23,wk inc flu hosp,1,48,quantile,0.7,3362,2027-01-30
2027-01-23,wk inc flu hosp,1,48,quantile,0.75,3462,2027-01-30
2027-01-23,wk inc flu hosp,1,48,quantile,0.8,3548,2027-01-30
2027-01-23,wk inc flu hosp,1,48,quantile,0.85,3679,2027-01-30
2027-01-23,wk inc flu hosp,1,48,quantile,0.9,3901,2027-01-30
2027-01-23,wk inc flu hosp,1,48,quantile,0.95,4043,2027-01-30
2027-01-23,wk inc flu hosp,1,48,quantile,0.975,4313,2027-01-30
2027-01-23,wk inc flu hosp,1,48,quantile,0.99,4469,2027-01-30
2027-01-23,wk inc flu hosp,1,49,quantile,0.01,41,2027-01-30
2027-01-23,wk inc flu hosp,1,49,quantile,0.025,45,2027-01-30
2027-01-23,wk inc flu hosp,1,49,quantile,0.05,51,2027-01-30
2027-01-23,wk inc flu hosp,1,49,quantile,0.1,57,2027-01-30
2027-01-23,wk inc flu hosp,1,49,quantile,0.15,60,2027-01-30
2027-01-23,wk inc flu hosp,1,49,quantile,0.2,62,2027-01-30
2027-01-23,wk inc flu hosp,1,49,quantile,0.25,64,2027-01-30
2027-01-23,wk inc flu hosp,1,49,quantile,0.3,66,2027-01-30
2027-01-23,wk inc flu hosp,1,49,quantile,0.35,69,2027-01-30
2027-01-23,wk inc flu hosp,1,49,quantile,0.4,70,2027-01-30
2027-01-23,wk inc flu hosp,1,49,quantile,0.45,72,2027-01-30
2027-01-23,wk inc flu hosp,1,49,quantile,0.5,74,2027-01-30
2027-01-23,wk inc flu hosp,1,49,quantile,0.55,76,2027-01-30
2027-01-23,wk inc flu hosp,1,49,quantile,0.6,80,2027-01-30
2027-01-23,wk inc flu hosp,1,49,quantile,0.65,83,2027-01-30
2027-01-23,wk inc flu hosp,1,49,quantile,0.7,86,2027-01-30
2027-01-23,wk inc flu hosp,1,49,quantile,0.75,89,2027-01-30
2027-01-23,wk inc flu hosp,1,49,quantile,0.8,93,2027-01-30
2027-01-23,wk inc flu hosp,1,49,quantile,0.85,99,2027-01-30
2027-01-23,wk inc flu hosp,1,49,quantile,0.9,102,2027-01-30
2027-01-23,wk inc flu hosp,1,49,quantile,0.95,108,2027-01-30
2027-01-23,wk inc flu hosp,1,49,quantile,0.975,110,2027-01-30
2027-01-23,wk inc flu hosp,1,49,quantile,0.99,114,2027-01-30
2027-01-23,wk inc flu hosp,1,50,quantile,0.01,14,2027-01-30
2027-01-23,wk inc flu hosp,1,50,quantile,0.025,18,2027-01-30
2027-01-23,wk inc flu hosp,1,50,quantile,0.05,19,2027-01-30
2027-01-23,wk inc flu hosp,1,50,quantile,0.1,21,2027-01-30
2027-01-23,wk inc flu hosp,1,50,quantile,0.15,23,2027-01-30
2027-01-23,wk inc flu hosp,1,50,quantile,0.2,24,2027-01-30
2027-01-23,wk inc flu hosp,1,50,quantile,0.25,25,2027-01-30
2027-01-23,wk inc flu hosp,1,50,quantile,0.3,27,2027-01-30
2027-01-23,wk inc flu hosp,1,50,quantile,0.35,28,2027-01-30
2027-01-23,wk inc flu hosp,1,50,quantile,0.4,29,2027-01-30
2027-01-23,wk inc flu hosp,1,50,quantile,0.45,30,2027-01-30
2027-01-23,wk inc flu hosp,1,50,quantile,0.5,32,2027-01-30
2027-01-23,wk inc flu hosp,1,50,quantile,0.55,33,2027-01-30
2027-01-23,wk inc flu hosp,1,50,quantile,0.6,34,2027-01-30
2027-01-23,wk inc flu hosp,1,50,quantile,0.65,34,2027-01-30
2027-01-23,wk inc flu hosp,1,50,quantile,0.7,36,2027-01-30
2027-01-23,wk inc flu hosp,1,50,quantile,0.75,37,2027-01-30
2027-01-23,wk inc flu hosp,1,50,quantile,0.8,39,2027-01-30
2027-01-23,wk inc flu hosp,1,50,quantile,0.85,41,2027-01-30
2027-01-23,wk inc flu hosp,1,50,quantile,0.9,43,2027-01-30
2027-01-23,wk inc flu hosp,1,50,quantile,0.95,49,2027-01-30
2027-01-23,wk inc flu hosp,1,50,quantile,0.975,52,2027-01-30
2027-01-23,wk inc flu hosp,1,50,quantile,0.99,53,2027-01-30
2027-01-23,wk inc flu hosp,1,51,quantile,0.01,327,2027-01-30
2027-01-23,wk inc flu hosp,1,51,quantile,0.025,375,2027-01-30
2027-01-23,wk inc flu hosp,1,51,quantile,0.05,400,2027-01-30
2027-01-23,wk inc flu hosp,1,51,quantile,0.1,435,2027-01-30
2027-01-23,wk inc flu hosp,1,51,quantile,0.15,453,2027-01-30
2027-01-23,wk inc flu hosp,1,51,quantile,0.2,492,2027-01-30
2027-01-23,wk inc flu hosp,1,51,quantile,0.25,513,2027-01-30
2027-01-23,wk inc flu hosp,1,51,quantile,0.3,523,2027-01-30
2027-01-23,wk inc flu hosp,1,51,quantile,0.35,543,2027-01-30
2027-01-23,wk inc flu hosp,1,51,quantile,0.4,557,2027-01-30
2027-01-23,wk inc flu hosp,1,51,quantile,0.45,579,2027-01-30
2027-01-23,wk inc flu hosp,1,51,quantile,0.5,599,2027-01-30
2027-01-23,wk inc flu hosp,1,51,quantile,0.55,618,2027-01-30
2027-01-23,wk inc flu hosp,1,51,quantile,0.6,637,2027-01-30
2027-01-23,wk inc flu hosp,1,51,quantile,0.65,657,2027-01-30
2027-01-23,wk inc flu hosp,1,51,quantile,0.7,680,2027-01-30
2027-01-23,wk inc flu hosp,1,51,quantile,0.75,715,2027-01-30
2027-01-23,wk inc flu hosp,1,51,quantile,0.8,749,2027-01-30
2027-01-23,wk inc flu hosp,1,51,quantile,0.85,797,2027-01-30
2027-01-23,wk inc flu hosp,1,51,quantile,0.9,848,2027-01-30
2027-01-23,wk inc flu hosp,1,51,quantile,0.95,986,2027-01-30
2027-01-23,wk inc flu hosp,1,51,quantile,0.975,1042,2027-01-30
2027-01-23,wk inc flu hosp,1,51,quantile,0.99,1146,2027-01-30
2027-01-23,wk inc flu hosp,1,53,quantile,0.01,176,2027-01-30
2027-01-23,wk inc flu hosp,1,53,quantile,0.025,182,2027-01-30
2027-01-23,wk inc flu hosp,1,53,quantile,0.05,194,2027-01-30
2027-01-23,wk inc flu hosp,1,53,quantile,0.1,207,2027-01-30
2027-01-23,wk inc flu hosp,1,53,quantile,0.15,224,2027-01-30
2027-01-23,wk inc flu hosp,1,53,quantile,0.2,233,2027-01-30
2027-01-23,wk inc flu hosp,1,53,quantile,0.25,240,2027-01-30
2027-01-23,wk inc flu hosp,1,53,quantile,0.3,246,2027-01-30
2027-01-23,wk inc flu hosp,1,53,quantile,0.35,252,2027-01-30
2027-01-23,wk inc flu hosp,1,53,quantile,0.4,259,2027-01-30
2027-01-23,wk inc flu hosp,1,53,quantile,0.45,264,2027-01-30
2027-01-23,wk inc flu hosp,1,53,quantile,0.5,276,2027-01-30
2027-01-23,wk inc flu hosp,1,53,quantile,0.55,286,2027-01-30
2027-01-23,wk inc flu hosp,1,53,quantile,0.6,293,2027-01-30
2027-01-23,wk inc flu hosp,1,53,quantile,0.65,300,2027-01-30
2027-01-23,wk inc flu hosp,1,53,quantile,0.7,310,2027-01-30
2027-01-23,wk inc flu hosp,1,53,quantile,0.75,323,2027-01-30
2027-01-23,wk inc flu hosp,1,53,quantile,0.8,341,2027-01-30
2027-01-23,wk inc flu hosp,1,53,quantile,0.85,360,2027-01-30
2027-01-23,wk inc flu hosp,1,53,quantile,0.9,374,2027-01-30
2027-01-23,wk inc flu hosp,1,53,quantile,0.95,396,2027-01-30
2027-01-23,wk inc flu hosp,1,53,quantile,0.975,413,2027-01-30
2027-01-23,wk inc flu hosp,1,53,quantile,0.99,462,2027-01-30
2027-01-23,wk inc flu hosp,1,54,quantile,0.01,135,2027-01-30
2027-01-23,wk inc flu hosp,1,54,quantile,0.025,143,2027-01-30
2027-01-23,wk inc flu hosp,1,54,quantile,0.05,153,2027-01-30
2027-01-23,wk inc flu hosp,1,54,quantile,0.1,164,2027-01-30
2027-01-23,wk inc flu hosp,1,54,quantile,0.15,174,2027-01-30
2027-01-23,wk inc flu hosp,1,54,quantile,0.2,180,2027-01-30
2027-01-23,wk inc flu hosp,1,54,quantile,0.25,185,2027-01-30
2027-01-23,wk inc flu hosp,1,54,quantile,0.3,189,2027-01-30
2027-01-23,wk inc flu hosp,1,54,quantile,0.35,196,2027-01-30
2027-01-23,wk inc flu hosp,1,54,quantile,0.4,199,2027-01-30
2027-01-23,wk inc flu hosp,1,54,quantile,0.45,201,2027-01-30
2027-01-23,wk inc flu hosp,1,54,quantile,0.5,206,2027-01-30
2027-01-23,wk inc flu hosp,1,54,quantile,0.55,209,2027-01-30
2027-01-23,wk inc flu hosp,1,54,quantile,0.6,214,2027-01-30
2027-01-23,wk inc flu hosp,1,54,quantile,0.65,220,2027-01-30
2027-01-23,wk inc flu hosp,1,54,quantile,0.7,226,2027-01-30
2027-01-23,wk inc flu hosp,1,54,quantile,0.75,235,2027-01-30
2027-01-23,wk inc flu hosp,1,54,quantile,0.8,245,2027-01-30
2027-01-23,wk inc flu hosp,1,54,quantile,0.85,255,2027-01-30
2027-01-23,wk inc flu hosp,1,54,quantile,0.9,265,2027-01-30
2027-01-23,wk inc flu hosp,1,54,quantile,0.95,283,2027-01-30
2027-01-23,wk inc flu hosp,1,54,quantile,0.975,310,2027-01-30
2027-01-23,wk inc flu hosp,1,54,quantile,0.99,316,2027-01-30
2027-01-23,wk inc flu hosp,1,55,quantile,0.01,330,2027-01-30
2027-01-23,wk inc flu hosp,1,55,quantile,0.025,344,2027-01-30
2027-01-23,wk inc flu hosp,1,55,quantile,0.05,355,2027-01-30
2027-01-23,wk inc flu hosp,1,55,quantile,0.1,377,2027-01-30
2027-01-23,wk inc flu hosp,1,55,quantile,0.15,392,2027-01-30
2027-01-23,wk inc flu hosp,1,55,quantile,0.2,400,2027-01-30
2027-01-23,wk inc flu hosp,1,55,quantile,0.25,413,2027-01-30
2027-01-23,wk inc flu hosp,1,55,quantile,0.3,423,2027-01-30
2027-01-23,wk inc flu hosp,1,55,quantile,0.35,434,2027-01-30
2027-01-23,wk inc flu hosp,1,55,quantile,0.4,441,2027-01-30
2027-01-23,wk inc flu hosp,1,55,quantile,0.45,450,2027-01-30
2027-01-23,wk inc flu hosp,1,55,quantile,0.5,458,2027-01-30
2027-01-23,wk inc flu hosp,1,55,quantile,0.55,465,2027-01-30
2027-01-23,wk inc flu hosp,1,55,quantile,0.6,482,2027-01-30
2027-01-23,wk inc flu hosp,1,55,quantile,0.65,490,2027-01-30
2027-01-23,wk inc flu hosp,1,55,quantile,0.7,502,2027-01-30
2027-01-23,wk inc flu hosp,1,55,quantile,0.75,520,2027-01-30
2027-01-23,wk inc flu hosp,1,55,quantile,0.8,537,2027-01-30
2027-01-23,wk inc flu hosp,1,55,quantile,0.85,556,2027-01-30
2027-01-23,wk inc flu hosp,1,55,quantile,0.9,589,2027-01-30
2027-01-23,wk inc flu hosp,1,55,quantile,0.95,626,2027-01-30
2027-01-23,wk inc flu hosp,1,55,quantile,0.975,649,2027-01-30
2027-01-23,wk inc flu hosp,1,55,quantile,0.99,661,2027-01-30
2027-01-23,wk inc flu hosp,1,56,quantile,0.01,17,2027-01-30
2027-01-23,wk inc flu hosp,1,56,quantile,0.025,18,2027-01-30
2027-01-23,wk inc flu hosp,1,56,quantile,0.05,22,2027-01-30
2027-01-23,wk inc flu hosp,1,56,quantile,0.1,26,2027-01-30
2027-01-23,wk inc flu hosp,1,56,quantile,0.15,30,2027-01-30
2027-01-23,wk inc flu hosp,1,56,quantile,0.2,33,2027-01-30
2027-01-23,wk inc flu hosp,1,56,quantile,0.25,35,2027-01-30
2027-01-23,wk inc flu hosp,1,56,quantile,0.3,37,2027-01-30
2027-01-23,wk inc flu hosp,1,56,quantile,0.35,38,2027-01-30
2027-01-23,wk inc flu hosp,1,56,quantile,0.4,40,2027-01-30
2027-01-23,wk inc flu hosp,1,56,quantile,0.45,42,2027-01-30
2027-01-23,wk inc flu hosp,1,56,quantile,0.5,44,2027-01-30
2027-01-23,wk inc flu hosp,1,56,quantile,0.55,47,2027-01-30
2027-01-23,wk inc flu hosp,1,56,quantile,0.6,49,2027-01-30
2027-01-23,wk inc flu hosp,1,56,quantile,0.65,50,2027-01-30
2027-01-23,wk inc flu hosp,1,56,quantile,0.7,52,2027-01-30
2027-01-23,wk inc flu hosp,1,56,quantile,0.75,54,2027-01-30
2027-01-23,wk inc flu hosp,1,56,quantile,0.8,56,2027-01-30
2027-01-23,wk inc flu hosp,1,56,quantile,0.85,58,2027-01-30
2027-01-23,wk inc flu hosp,1,56,quantile,0.9,62,2027-01-30
2027-01-23,wk inc flu hosp,1,56,quantile,0.95,74,2027-01-30
2027-01-23,wk inc flu hosp,1,56,quantile,0.975,78,2027-01-30
2027-01-23,wk inc flu hosp,1,56,quantile,0.99,88,2027-01-30
2027-01-23,wk inc flu hosp,1,72,quantile,0.01,44,2027-01-30
2027-01-23,wk inc flu hosp,1,72,quantile,0.025,48,2027-01-30
2027-01-23,wk inc flu hosp,1,72,quantile,0.05,55,2027-01-30
2027-01-23,wk inc flu hosp,1,72,quantile,0.1,69,2027-01-30
2027-01-23,wk inc flu hosp,1,72,quantile,0.15,73,2027-01-30
2027-01-23,wk inc flu hosp,1,72,quantile,0.2,77,2027-01-30
2027-01-23,wk inc flu hosp,1,72,quantile,0.25,84,2027-01-30
2027-01-23,wk inc flu hosp,1,72,quantile,0.3,87,2027-01-30
2027-01-23,wk inc flu hosp,1,72,quantile,0.35,91,2027-01-30
2027-01-23,wk inc flu hosp,1,72,quantile,0.4,95,2027-01-30
2027-01-23,wk inc flu hosp,1,72,quantile,0.45,101,2027-01-30
2027-01-23,wk inc flu hosp,1,72,quantile,0.5,105,2027-01-30
2027-01-23,wk inc flu hosp,1,72,quantile,0.55,108,2027-01-30
2027-01-23,wk inc flu hosp,1,72,quantile,0.6,114,2027-01-30
2027-01-23,wk inc flu hosp,1,72,quantile,0.65,117,2027-01-30
2027-01-23,wk inc flu hosp,1,72,quantile,0.7,123,2027-01-30
2027-01-23,wk inc flu hosp,1,72,quantile,0.75,127,2027-01-30
2027-01-23,wk inc flu hosp,1,72,quantile,0.8,136,2027-01-30
2027-01-23,wk inc flu hosp,1,72,quantile,0.85,141,2027-01-30
2027-01-23,wk inc flu hosp,1,72,quantile,0.9,156,2027-01-30
2027-01-23,wk inc flu hosp,1,72,quantile,0.95,168,2027-01-30
2027-01-23,wk inc flu hosp,1,72,quantile,0.975,178,2027-01-30
2027-01-23,wk inc flu hosp,1,72,quantile,0.99,208,2027-01-30
2027-01-23,wk inc flu hosp,1,USA,quantile,0.01,18279,2027-01-30
2027-01-23,wk inc flu hosp,1,USA,quantile,0.025,18680,2027-01-30
2027-01-23,wk inc flu hosp,1,USA,quantile,0.05,21088,2027-01-30
2027-01-23,wk inc flu hosp,1,USA,quantile,0.1,22005,2027-01-30
2027-01-23,wk inc flu hosp,1,USA,quantile,0.15,22706,2027-01-30
2027-01-23,wk inc flu hosp,1,USA,quantile,0.2,23103,2027-01-30
2027-01-23,wk inc flu hosp,1,USA,quantile,0.25,23278,2027-01-30
2027-01-23,wk inc flu hosp,1,USA,quantile,0.3,23578,2027-01-30
2027-01-23,wk inc flu hosp,1,USA,quantile,0.35,23730,2027-01-30
2027-01-23,wk inc flu hosp,1,USA,quantile,0.4,23930,2027-01-30
2027-01-23,wk inc flu hosp,1,USA,quantile,0.45,24163,2027-01-30
2027-01-23,wk inc flu hosp,1,USA,quantile,0.5,24442,2027-01-30
2027-01-23,wk inc flu hosp,1,USA,quantile,0.55,24551,2027-01-30
2027-01-23,wk inc flu hosp,1,USA,quantile,0.6,24737,2027-01-30
2027-01-23,wk inc flu hosp,1,USA,quantile,0.65,25042,2027-01-30
2027-01-23,wk inc flu hosp,1,USA,quantile,0.7,25152,2027-01-30
2027-01-23,wk inc flu hosp,1,USA,quantile,0.75,25333,2027-01-30
2027-01-23,wk inc flu hosp,1,USA,quantile,0.8,25663,2027-01-30
2027-01-23,wk inc flu hosp,1,USA,quantile,0.85,25941,2027-01-30
2027-01-23,wk inc flu hosp,1,USA,quantile,0.9,26311,2027-01-30
2027-01-23,wk inc flu hosp,1,USA,quantile,0.95,26921,2027-01-30
2027-01-23,wk inc flu hosp,1,USA,quantile,0.975,27392,2027-01-30
2027-01-23,wk inc flu hosp,1,USA,quantile,0.99,28200,2027-01-30
2027-01-23,wk inc flu hosp,2,01,quantile,0.01,201,2027-02-06
2027-01-23,wk inc flu hosp,2,01,quantile,0.025,241,2027-02-06
2027-01-23,wk inc flu hosp,2,01,quantile,0.05,272,2027-02-06
2027-01-23,wk inc flu hosp,2,01,quantile,0.1,300,2027-02-06
2027-01-23,wk inc flu hosp,2,01,quantile,0.15,328,2027-02-06
2027-01-23,wk inc flu hosp,2,01,quantile,0.2,350,2027-02-06
2027-01-23,wk inc flu hosp,2,01,quantile,0.25,363,2027-02-06
2027-01-23,wk inc flu hosp,2,01,quantile,0.3,376,2027-02-06
2027-01-23,wk inc flu hosp,2,01,quantile,0.35,385,2027-02-06
2027-01-23,wk inc flu hosp,2,01,quantile,0.4,422,2027-02-06
2027-01-23,wk inc flu hosp,2,01,quantile,0.45,432,2027-02-06
2027-01-23,wk inc flu hosp,2,01,quantile,0.5,440,2027-02-06
2027-01-23,wk inc flu hosp,2,01,quantile,0.55,458,2027-02-06
2027-01-23,wk inc flu hosp,2,01,quantile,0.6,473,2027-02-06
2027-01-23,wk inc flu hosp,2,01,quantile,0.65,489,2027-02-06
2027-01-23,wk inc flu hosp,2,01,quantile,0.7,500,2027-02-06
2027-01-23,wk inc flu hosp,2,01,quantile,0.75,520,2027-02-06
2027-01-23,wk inc flu hosp,2,01,quantile,0.8,544,2027-02-06
2027-01-23,wk inc flu hosp,2,01,quantile,0.85,600,2027-02-06
2027-01-23,wk inc flu hosp,2,01,quantile,0.9,623,2027-02-06
2027-01-23,wk inc flu hosp,2,01,quantile,0.95,656,2027-02-06
2027-01-23,wk inc flu hosp,2,01,quantile,0.975,708,2027-02-06
2027-01-23,wk inc flu hosp,2,01,quantile,0.99,751,2027-02-06
2027-01-23,wk inc flu hosp,2,02,quantile,0.01,2,2027-02-06
2027-01-23,wk inc flu hosp,2,02,quantile,0.025,2,2027-02-06
2027-01-23,wk inc flu hosp,2,02,quantile,0.05,4,2027-02-06
2027-01-23,wk inc flu hosp,2,02,quantile,0.1,7,2027-02-06
2027-01-23,wk inc flu hosp,2,02,quantile,0.15,9,2027-02-06
2027-01-23,wk inc flu hosp,2,02,quantile,0.2,10,2027-02-06
2027-01-23,wk inc flu hosp,2,02,quantile,0.25,12,2027-02-06
2027-01-23,wk inc flu hosp,2,02,quantile,0.3,13,2027-02-06
2027-01-23,wk inc flu hosp,2,02,quantile,0.35,14,2027-02-06
2027-01-23,wk inc flu hosp,2,02,quantile,0.4,15,2027-02-06
2027-01-23,wk inc flu hosp,2,02,quantile,0.45,16,2027-02-06
2027-01-23,wk inc flu hosp,2,02,quantile,0.5,17,2027-02-06
2027-01-23,wk inc flu hosp,2,02,quantile,0.55,18,2027-02-06
2027-01-23,wk inc flu hosp,2,02,quantile,0.6,20,2027-02-06
2027-01-23,wk inc flu hosp,2,02,quantile,0.65,22,2027-02-06
2027-01-23,wk inc flu hosp,2,02,quantile,0.7,25,2027-02-06
2027-01-23,wk inc flu hosp,2,02,quantile,0.75,28,2027-02-06
2027-01-23,wk inc flu hosp,2,02,quantile,0.8,31,2027-02-06
2027-01-23,wk inc flu hosp,2,02,quantile,0.85,35,2027-02-06
2027-01-23,wk inc flu hosp,2,02,quantile,0.9,40,2027-02-06
2027-01-23,wk inc flu hosp,2,02,quantile,0.95,51,2027-02-06
2027-01-23,wk inc flu hosp,2,02,quantile,0.975,58,2027-02-06
2027-01-23,wk inc flu hosp,2,02,quantile,0.99,64,2027-02-06
2027-01-23,wk inc flu hosp,2,04,quantile,0.01,230,2027-02-06
2027-01-23,wk inc flu hosp,2,04,quantile,0.025,259,2027-02-06
2027-01-23,wk inc flu hosp,2,04,quantile,0.05,293,2027-02-06
2027-01-23,wk inc flu hosp,2,04,quantile,0.1,341,2027-02-06
2027-01-23,wk inc flu hosp,2,04,quantile,0.15,386,2027-02-06
2027-01-23,wk inc flu hosp,2,04,quantile,0.2,408,2027-02-06
2027-01-23,wk inc flu hosp,2,04,quantile,0.25,424,2027-02-06
2027-01-23,wk inc flu hosp,2,04,quantile,0.3,446,2027-02-06
2027-01-23,wk inc flu hosp,2,04,quantile,0.35,459,2027-02-06
2027-01-23,wk inc flu hosp,2,04,quantile,0.4,483,2027-02-06
2027-01-23,wk inc flu hosp,2,04,quantile,0.45,504,2027-02-06
2027-01-23,wk inc flu hosp,2,04,quantile,0.5,519,2027-02-06
2027-01-23,wk inc flu hosp,2,04,quantile,0.55,528,2027-02-06
2027-01-23,wk inc flu hosp,2,04,quantile,0.6,556,2027-02-06
2027-01-23,wk inc flu hosp,2,04,quantile,0.65,579,2027-02-06
2027-01-23,wk inc flu hosp,2,04,quantile,0.7,620,2027-02-06
2027-01-23,wk inc flu hosp,2,04,quantile,0.75,652,2027-02-06
2027-01-23,wk inc flu hosp,2,04,quantile,0.8,681,2027-02-06
2027-01-23,wk inc flu hosp,2,04,quantile,0.85,719,2027-02-06
2027-01-23,wk inc flu hosp,2,04,quantile,0.9,805,2027-02-06
2027-01-23,wk inc flu hosp,2,04,quantile,0.95,873,2027-02-06
2027-01-23,wk inc flu hosp,2,04,quantile,0.975,973,2027-02-06
2027-01-23,wk inc flu hosp,2,04,quantile,0.99,1012,2027-02-06
2027-01-23,wk inc flu hosp,2,05,quantile,0.01,352,2027-02-06
2027-01-23,wk inc flu hosp,2,05,quantile,0.025,366,2027-02-06
2027-01-23,wk inc flu hosp,2,05,quantile,0.05,398,2027-02-06
2027-01-23,wk inc flu hosp,2,05,quantile,0.1,437,2027-02-06
2027-01-23,wk inc flu hosp,2,05,quantile,0.15,474,2027-02-06
2027-01-23,wk inc flu hosp,2,05,quantile,0.2,507,2027-02-06
2027-01-23,wk inc flu hosp,2,05,quantile,0.25,547,2027-02-06
2027-01-23,wk inc flu hosp,2,05,quantile,0.3,588,2027-02-06
2027-01-23,wk inc flu hosp,2,05,quantile,0.35,609,2027-02-06
2027-01-23,wk inc flu hosp,2,05,quantile,0.4,623,2027-02-06
2027-01-23,wk inc flu hosp,2,05,quantile,0.45,654,2027-02-06
2027-01-23,wk inc flu hosp,2,05,quantile,0.5,674,2027-02-06
2027-01-23,wk inc flu hosp,2,05,quantile,0.55,698,2027-02-06
2027-01-23,wk inc flu hosp,2,05,quantile,0.6,727,2027-02-06
2027-01-23,wk inc flu hosp,2,05,quantile,0.65,752,2027-02-06
2027-01-23,wk inc flu hosp,2,05,quantile,0.7,781,2027-02-06
2027-01-23,wk inc flu hosp,2,05,quantile,0.75,827,2027-02-06
2027-01-23,wk inc flu hosp,2,05,quantile,0.8,851,2027-02-06
2027-01-23,wk inc flu hosp,2,05,quantile,0.85,917,2027-02-06
2027-01-23,wk inc flu hosp,2,05,quantile,0.9,948,2027-02-06
2027-01-23,wk inc flu hosp,2,05,quantile,0.95,1043,2027-02-06
2027-01-23,wk inc flu hosp,2,05,quantile,0.975,1132,2027-02-06
2027-01-23,wk inc flu hosp,2,05,quantile,0.99,1290,2027-02-06
2027-01-23,wk inc flu hosp,2,06,quantile,0.01,1253,2027-02-06
2027-01-23,wk inc flu hosp,2,06,quantile,0.025,1307,2027-02-06
2027-01-23,wk inc flu hosp,2,06,quantile,0.05,1451,2027-02-06
2027-01-23,wk inc flu hosp,2,06,quantile,0.1,1542,2027-02-06
2027-01-23,wk inc flu hosp,2,06,quantile,0.15,1650,2027-02-06
2027-01-23,wk inc flu hosp,2,06,quantile,0.2,1694,2027-02-06
2027-01-23,wk inc flu hosp,2,06,quantile,0.25,1781,2027-02-06
2027-01-23,wk inc flu hosp,2,06,quantile,0.3,1812,2027-02-06
2027-01-23,wk inc flu hosp,2,06,quantile,0.35,1914,2027-02-06
2027-01-23,wk inc flu hosp,2,06,quantile,0.4,1945,2027-02-06
2027-01-23,wk inc flu hosp,2,06,quantile,0.45,1993,2027-02-06
2027-01-23,wk inc flu hosp,2,06,quantile,0.5,2104,2027-02-06
2027-01-23,wk inc flu hosp,2,06,quantile,0.55,2174,2027-02-06
2027-01-23,wk inc flu hosp,2,06,quantile,0.6,2217,2027-02-06
2027-01-23,wk inc flu hosp,2,06,quantile,0.65,2336,2027-02-06
2027-01-23,wk inc flu hosp,2,06,quantile,0.7,2409,2027-02-06
2027-01-23,wk inc flu hosp,2,06,quantile,0.75,2506,2027-02-06
2027-01-23,wk inc flu hosp,2,06,quantile,0.8,2593,2027-02-06
2027-01-23,wk inc flu hosp,2,06,quantile,0.85,2649,2027-02-06
2027-01-23,wk inc flu hosp,2,06,quantile,0.9,2801,2027-02-06
2027-01-23,wk inc flu hosp,2,06,quantile,0.95,3343,2027-02-06
2027-01-23,wk inc flu hosp,2,06,quantile,0.975,3538,2027-02-06
2027-01-23,wk inc flu hosp,2,06,quantile,0.99,3757,2027-02-06
2027-01-23,wk inc flu hosp,2,08,quantile,0.01,142,2027-02-06
2027-01-23,wk inc flu hosp,2,08,quantile,0.025,153,2027-02-06
2027-01-23,wk inc flu hosp,2,08,quantile,0.05,161,2027-02-06
2027-01-23,wk inc flu hosp,2,08,quantile,0.1,176,2027-02-06
2027-01-23,wk inc flu hosp,2,08,quantile,0.15,192,2027-02-06
2027-01-23,wk inc flu hosp,2,08,quantile,0.2,204,2027-02-06
2027-01-23,wk inc flu hosp,2,08,quantile,0.25,209,2027-02-06
2027-01-23,wk inc flu hosp,2,08,quantile,0.3,215,2027-02-06
2027-01-23,wk inc flu hosp,2,08,quantile,0.35,221,2027-02-06
2027-01-23,wk inc flu hosp,2,08,quantile,0.4,225,2027-02-06
2027-01-23,wk inc flu hosp,2,08,quantile,0.45,238,2027-02-06
2027-01-23,wk inc flu hosp,2,08,quantile,0.5,244,2027-02-06
2027-01-23,wk inc flu hosp,2,08,quantile,0.55,254,2027-02-06
2027-01-23,wk inc flu hosp,2,08,quantile,0.6,266,2027-02-06
2027-01-23,wk inc flu hosp,2,08,quantile,0.65,273,2027-02-06
2027-01-23,wk inc flu hosp,2,08,quantile,0.7,283,2027-02-06
2027-01-23,wk inc flu hosp,2,08,quantile,0.75,292,2027-02-06
2027-01-23,wk inc flu hosp,2,08,quantile,0.8,310,2027-02-06
2027-01-23,wk inc flu hosp,2,08,quantile,0.85,317,2027-02-06
2027-01-23,wk inc flu hosp,2,08,quantile,0.9,335,2027-02-06
2027-01-23,wk inc flu hosp,2,08,quantile,0.95,366,2027-02-06
2027-01-23,wk inc flu hosp,2,08,quantile,0.975,441,2027-02-06
2027-01-23,wk inc flu hosp,2,08,quantile,0.99,530,2027-02-06
2027-01-23,wk inc flu hosp,2,09,quantile,0.01,74,2027-02-06
2027-01-23,wk inc flu hosp,2,09,quantile,0.025,76,2027-02-06
2027-01-23,wk inc flu hosp,2,09,quantile,0.05,88,2027-02-06
2027-01-23,wk inc flu hosp,2,09,quantile,0.1,106,2027-02-06
2027-01-23,wk inc flu hosp,2,09,quantile,0.15,122,2027-02-06
2027-01-23,wk inc flu hosp,2,09,quantile,0.2,130,2027-02-06
2027-01-23,wk inc flu hosp,2,09,quantile,0.25,135,2027-02-06
2027-01-23,wk inc flu hosp,2,09,quantile,0.3,143,2027-02-06
2027-01-23,wk inc flu hosp,2,09,quantile,0.35,150,2027-02-06
2027-01-23,wk inc flu hosp,2,09,quantile,0.4,160,2027-02-06
2027-01-23,wk inc flu hosp,2,09,quantile,0.45,170,2027-02-06
2027-01-23,wk inc flu hosp,2,09,quantile,0.5,180,2027-02-06
2027-01-23,wk inc flu hosp,2,09,quantile,0.55,187,2027-02-06
2027-01-23,wk inc flu hosp,2,09,quantile,0.6,193,2027-02-06
2027-01-23,wk inc flu hosp,2,09,quantile,0.65,205,2027-02-06
2027-01-23,wk inc flu hosp,2,09,quantile,0.7,216,2027-02-06
2027-01-23,wk inc flu hosp,2,09,quantile,0.75,225,2027-02-06
2027-01-23,wk inc flu hosp,2,09,quantile,0.8,239,2027-02-06
2027-01-23,wk inc flu hosp,2,09,quantile,0.85,244,2027-02-06
2027-01-23,wk inc flu hosp,2,09,quantile,0.9,261,2027-02-06
2027-01-23,wk inc flu hosp,2,09,quantile,0.95,280,2027-02-06
2027-01-23,wk inc flu hosp,2,09,quantile,0.975,305,2027-02-06
2027-01-23,wk inc flu hosp,2,09,quantile,0.99,351,2027-02-06
2027-01-23,wk inc flu hosp,2,10,quantile,0.01,41,2027-02-06
2027-01-23,wk inc flu hosp,2,10,quantile,0.025,43,2027-02-06
2027-01-23,wk inc flu hosp,2,10,quantile,0.05,44,2027-02-06
2027-01-23,wk inc flu hosp,2,10,quantile,0.1,47,2027-02-06
2027-01-23,wk inc flu hosp,2,10,quantile,0.15,49,2027-02-06
2027-01-23,wk inc flu hosp,2,10,quantile,0.2,52,2027-02-06
2027-01-23,wk inc flu hosp,2,10,quantile,0.25,55,2027-02-06
2027-01-23,wk inc flu hosp,2,10,quantile,0.3,59,2027-02-06
2027-01-23,wk inc flu hosp,2,10,quantile,0.35,62,2027-02-06
2027-01-23,wk inc flu hosp,2,10,quantile,0.4,67,2027-02-06
2027-01-23,wk inc flu hosp,2,10,quantile,0.45,71,2027-02-06
2027-01-23,wk inc flu hosp,2,10,quantile,0.5,73,2027-02-06
2027-01-23,wk inc flu hosp,2,10,quantile,0.55,75,2027-02-06
2027-01-23,wk inc flu hosp,2,10,quantile,0.6,79,2027-02-06
2027-01-23,wk inc flu hosp,2,10,quantile,0.65,81,2027-02-06
2027-01-23,wk inc flu hosp,2,10,quantile,0.7,83,2027-02-06
2027-01-23,wk inc flu hosp,2,10,quantile,0.75,87,2027-02-06
2027-01-23,wk inc flu hosp,2,10,quantile,0.8,92,2027-02-06
2027-01-23,wk inc flu hosp,2,10,quantile,0.85,98,2027-02-06
2027-01-23,wk inc flu hosp,2,10,quantile,0.9,104,2027-02-06
2027-01-23,wk inc flu hosp,2,10,quantile,0.95,114,2027-02-06
2027-01-23,wk inc flu hosp,2,10,quantile,0.975,123,2027-02-06
2027-01-23,wk inc flu hosp,2,10,quantile,0.99,132,2027-02-06
2027-01-23,wk inc flu hosp,2,11,quantile,0.01,71,2027-02-06
2027-01-23,wk inc flu hosp,2,11,quantile,0.025,86,2027-02-06
2027-01-23,wk inc flu hosp,2,11,quantile,0.05,96,2027-02-06
2027-01-23,wk inc flu hosp,2,11,quantile,0.1,108,2027-02-06
2027-01-23,wk inc flu hosp,2,11,quantile,0.15,119,2027-02-06
2027-01-23,wk inc flu hosp,2,11,quantile,0.2,135,2027-02-06
2027-01-23,wk inc flu hosp,2,11,quantile,0.25,152,2027-02-06
2027-01-23,wk inc flu hosp,2,11,quantile,0.3,162,2027-02-06
2027-01-23,wk inc flu hosp,2,11,quantile,0.35,185,2027-02-06
2027-01-23,wk inc flu hosp,2,11,quantile,0.4,194,2027-02-06
2027-01-23,wk inc flu hosp,2,11,quantile,0.45,208,2027-02-06
2027-01-23,wk inc flu hosp,2,11,quantile,0.5,220,2027-02-06
2027-01-23,wk inc flu hosp,2,11,quantile,0.55,232,2027-02-06
2027-01-23,wk inc flu hosp,2,11,quantile,0.6,247,2027-02-06
2027-01-23,wk inc flu hosp,2,11,quantile,0.65,263,2027-02-06
2027-01-23,wk inc flu hosp,2,11,quantile,0.7,287,2027-02-06
2027-01-23,wk inc flu hosp,2,11,quantile,0.75,302,2027-02-06
2027-01-23,wk inc flu hosp,2,11,quantile,0.8,316,2027-02-06
2027-01-23,wk inc flu hosp,2,11,quantile,0.85,377,2027-02-06
2027-01-23,wk inc flu hosp,2,11,quantile,0.9,436,2027-02-06
2027-01-23,wk inc flu hosp,2,11,quantile,0.95,523,2027-02-06
2027-01-23,wk inc flu hosp,2,11,quantile,0.975,544,2027-02-06
2027-01-23,wk inc flu hosp,2,11,quantile,0.99,651,2027-02-06
2027-01-23,wk inc flu hosp,2,12,quantile,0.01,1020,2027-02-06
2027-01-23,wk inc flu hosp,2,12,quantile,0.025,1093,2027-02-06
2027-01-23,wk inc flu hosp,2,12,quantile,0.05,1177,2027-02-06
2027-01-23,wk inc flu hosp,2,12,quantile,0.1,1288,2027-02-06
2027-01-23,wk inc flu hosp,2,12,quantile,0.15,1404,2027-02-06
2027-01-23,wk inc flu hosp,2,12,quantile,0.2,1517,2027-02-06
2027-01-23,wk inc flu hosp,2,12,quantile,0.25,1584,2027-02-06
2027-01-23,wk inc flu hosp,2,12,quantile,0.3,1658,2027-02-06
2027-01-23,wk inc flu hosp,2,12,quantile,0.35,1688,2027-02-06
2027-01-23,wk inc flu hosp,2,12,quantile,0.4,1747,2027-02-06
2027-01-23,wk inc flu hosp,2,12,quantile,0.45,1808,2027-02-06
2027-01-23,wk inc flu hosp,2,12,quantile,0.5,1877,2027-02-06
2027-01-23,wk inc flu hosp,2,12,quantile,0.55,1926,2027-02-06
2027-01-23,wk inc flu hosp,2,12,quantile,0.6,1986,2027-02-06
2027-01-23,wk inc flu hosp,2,12,quantile,0.65,2060,2027-02-06
2027-01-23,wk inc flu hosp,2,12,quantile,0.7,2129,2027-02-06
2027-01-23,wk inc flu hosp,2,12,quantile,0.75,2196,2027-02-06
2027-01-23,wk inc flu hosp,2,12,quantile,0.8,2320,2027-02-06
2027-01-23,wk inc flu hosp,2,12,quantile,0.85,2509,2027-02-06
2027-01-23,wk inc flu hosp,2,12,quantile,0.9,2593,2027-02-06
2027-01-23,wk inc flu hosp,2,12,quantile,0.95,2863,2027-02-06
2027-01-23,wk inc flu hosp,2,12,quantile,0.975,3089,2027-02-06
2027-01-23,wk inc flu hosp,2,12,quantile,0.99,3345,2027-02-06
2027-01-23,wk inc flu hosp,2,13,quantile,0.01,419,2027-02-06
2027-01-23,wk inc flu hosp,2,13,quantile,0.025,466,2027-02-06
2027-01-23,wk inc flu hosp,2,13,quantile,0.05,518,2027-02-06
2027-01-23,wk inc flu hosp,2,13,quantile,0.1,561,2027-02-06
2027-01-23,wk inc flu hosp,2,13,quantile,0.15,611,2027-02-06
2027-01-23,wk inc flu hosp,2,13,quantile,0.2,647,2027-02-06
2027-01-23,wk inc flu hosp,2,13,quantile,0.25,666,2027-02-06
2027-01-23,wk inc flu hosp,2,13,quantile,0.3,715,2027-02-06
2027-01-23,wk inc flu hosp,2,13,quantile,0.35,727,2027-02-06
2027-01-23,wk inc flu hosp,2,13,quantile,0.4,751,2027-02-06
2027-01-23,wk inc flu hosp,2,13,quantile,0.45,765,2027-02-06
2027-01-23,wk inc flu hosp,2,13,quantile,0.5,793,2027-02-06
2027-01-23,wk inc flu hosp,2,13,quantile,0.55,818,2027-02-06
2027-01-23,wk inc flu hosp,2,13,quantile,0.6,860,2027-02-06
2027-01-23,wk inc flu hosp,2,13,quantile,0.65,906,2027-02-06
2027-01-23,wk inc flu hosp,2,13,quantile,0.7,930,2027-02-06
2027-01-23,wk inc flu hosp,2,13,quantile,0.75,968,2027-02-06
2027-01-23,wk inc flu hosp,2,13,quantile,0.8,1023,2027-02-06
2027-01-23,wk inc flu hosp,2,13,quantile,0.85,1094,2027-02-06
2027-01-23,wk inc flu hosp,2,13,quantile,0.9,1201,2027-02-06
2027-01-23,wk inc flu hosp,2,13,quantile,0.95,1342,2027-02-06
2027-01-23,wk inc flu hosp,2,13,quantile,0.975,1491,2027-02-06
2027-01-23,wk inc flu hosp,2,13,quantile,0.99,1623,2027-02-06
2027-01-23,wk inc flu hosp,2,15,quantile,0.01,12,2027-02-06
2027-01-23,wk inc flu hosp,2,15,quantile,0.025,15,2027-02-06
2027-01-23,wk inc flu hosp,2,15,quantile,0.05,16,2027-02-06
2027-01-23,wk inc flu hosp,2,15,quantile,0.1,19,2027-02-06
2027-01-23,wk inc flu hosp,2,15,quantile,0.15,21,2027-02-06
2027-01-23,wk inc flu hosp,2,15,quantile,0.2,23,2027-02-06
2027-01-23,wk inc flu hosp,2,15,quantile,0.25,25,2027-02-06
2027-01-23,wk inc flu hosp,2,15,quantile,0.3,27,2027-02-06
2027-01-23,wk inc flu hosp,2,15,quantile,0.35,29,2027-02-06
2027-01-23,wk inc flu hosp,2,15,quantile,0.4,31,2027-02-06
2027-01-23,wk inc flu hosp,2,15,quantile,0.45,32,2027-02-06
2027-01-23,wk inc flu hosp,2,15,quantile,0.5,34,2027-02-06
2027-01-23,wk inc flu hosp,2,15,quantile,0.55,34,2027-02-06
2027-01-23,wk inc flu hosp,2,15,quantile,0.6,35,2027-02-06
2027-01-23,wk inc flu hosp,2,15,quantile,0.65,38,2027-02-06
2027-01-23,wk inc flu hosp,2,15,quantile,0.7,39,2027-02-06
2027-01-23,wk inc flu hosp,2,15,quantile,0.75,41,2027-02-06
2027-01-23,wk inc flu hosp,2,15,quantile,0.8,46,2027-02-06
2027-01-23,wk inc flu hosp,2,15,quantile,0.85,53,2027-02-06
2027-01-23,wk inc flu hosp,2,15,quantile,0.9,55,2027-02-06
2027-01-23,wk inc flu hosp,2,15,quantile,0.95,62,2027-02-06
2027-01-23,wk inc flu hosp,2,15,quantile,0.975,66,2027-02-06
2027-01-23,wk inc flu hosp,2,15,quantile,0.99,74,2027-02-06
2027-01-23,wk inc flu hosp,2,16,quantile,0.01,41,2027-02-06
2027-01-23,wk inc flu hosp,2,16,quantile,0.025,45,2027-02-06
2027-01-23,wk inc flu hosp,2,16,quantile,0.05,46,2027-02-06
2027-01-23,wk inc flu hosp,2,16,quantile,0.1,59,2027-02-06
2027-01-23,wk inc flu hosp,2,16,quantile,0.15,65,2027-02-06
2027-01-23,wk inc flu hosp,2,16,quantile,0.2,71,2027-02-06
2027-01-23,wk inc flu hosp,2,16,quantile,0.25,76,2027-02-06
2027-01-23,wk inc flu hosp,2,16,quantile,0.3,78,2027-02-06
2027-01-23,wk inc flu hosp,2,16,quantile,0.35,80,2027-02-06
2027-01-23,wk inc flu hosp,2,16,quantile,0.4,83,2027-02-06
2027-01-23,wk inc flu hosp,2,16,quantile,0.45,85,2027-02-06
2027-01-23,wk inc flu hosp,2,16,quantile,0.5,87,2027-02-06
2027-01-23,wk inc flu hosp,2,16,quantile,0.55,90,2027-02-06
2027-01-23,wk inc flu hosp,2,16,quantile,0.6,93,2027-02-06
2027-01-23,wk inc flu hosp,2,16,quantile,0.65,99,2027-02-06
2027-01-23,wk inc flu hosp,2,16,quantile,0.7,101,2027-02-06
2027-01-23,wk inc flu hosp,2,16,quantile,0.75,108,2027-02-06
2027-01-23,wk inc flu hosp,2,16,quantile,0.8,115,2027-02-06
2027-01-23,wk inc flu hosp,2,16,quantile,0.85,122,2027-02-06
2027-01-23,wk inc flu hosp,2,16,quantile,0.9,137,2027-02-06
2027-01-23,wk inc flu hosp,2,16,quantile,0.95,145,2027-02-06
2027-01-23,wk inc flu hosp,2,16,quantile,0.975,154,2027-02-06
2027-01-23,wk inc flu hosp,2,16,quantile,0.99,163,2027-02-06
2027-01-23,wk inc flu hosp,2,17,quantile,0.01,494,2027-02-06
2027-01-23,wk inc flu hosp,2,17,quantile,0.025,575,2027-02-06
2027-01-23,wk inc flu hosp,2,17,quantile,0.05,612,2027-02-06
2027-01-23,wk inc flu hosp,2,17,quantile,0.1,710,2027-02-06
2027-01-23,wk inc flu hosp,2,17,quantile,0.15,761,2027-02-06
2027-01-23,wk inc flu hosp,2,17,quantile,0.2,813,2027-02-06
2027-01-23,wk inc flu hosp,2,17,quantile,0.25,846,2027-02-06
2027-01-23,wk inc flu hosp,2,17,quantile,0.3,875,2027-02-06
2027-01-23,wk inc flu hosp,2,17,quantile,0.35,887,2027-02-06
2027-01-23,wk inc flu hosp,2,17,quantile,0.4,903,2027-02-06
2027-01-23,wk inc flu hosp,2,17,quantile,0.45,944,2027-02-06
2027-01-23,wk inc flu hosp,2,17,quantile,0.5,980,2027-02-06
2027-01-23,wk inc flu hosp,2,17,quantile,0.55,1021,2027-02-06
2027-01-23,wk inc flu hosp,2,17,quantile,0.6,1043,2027-02-06
2027-01-23,wk inc flu hosp,2,17,quantile,0.65,1071,2027-02-06
2027-01-23,wk inc flu hosp,2,17,quantile,0.7,1123,2027-02-06
2027-01-23,wk inc flu hosp,2,17,quantile,0.75,1148,2027-02-06
2027-01-23,wk inc flu hosp,2,17,quantile,0.8,1202,2027-02-06
2027-01-23,wk inc flu hosp,2,17,quantile,0.85,1246,2027-02-06
2027-01-23,wk inc flu hosp,2,17,quantile,0.9,1318,2027-02-06
2027-01-23,wk inc flu hosp,2,17,quantile,0.95,1402,2027-02-06
2027-01-23,wk inc flu hosp,2,17,quantile,0.975,1494,2027-02-06
2027-01-23,wk inc flu hosp,2,17,quantile,0.99,1667,2027-02-06
2027-01-23,wk inc flu hosp,2,18,quantile,0.01,335,2027-02-06
2027-01-23,wk inc flu hosp,2,18,quantile,0.025,382,2027-02-06
2027-01-23,wk inc flu hosp,2,18,quantile,0.05,458,2027-02-06
2027-01-23,wk inc flu hosp,2,18,quantile,0.1,519,2027-02-06
2027-01-23,wk inc flu hosp,2,18,quantile,0.15,559,2027-02-06
2027-01-23,wk inc flu hosp,2,18,quantile,0.2,598,2027-02-06
2027-01-23,wk inc flu hosp,2,18,quantile,0.25,632,2027-02-06
2027-01-23,wk inc flu hosp,2,18,quantile,0.3,658,2027-02-06
2027-01-23,wk inc flu hosp,2,18,quantile,0.35,677,2027-02-06
2027-01-23,wk inc flu hosp,2,18,quantile,0.4,690,2027-02-06
2027-01-23,wk inc flu hosp,2,18,quantile,0.45,705,2027-02-06
2027-01-23,wk inc flu hosp,2,18,quantile,0.5,732,2027-02-06
2027-01-23,wk inc flu hosp,2,18,quantile,0.55,752,2027-02-06
2027-01-23,wk inc flu hosp,2,18,quantile,0.6,788,2027-02-06
2027-01-23,wk inc flu hosp,2,18,quantile,0.65,806,2027-02-06
2027-01-23,wk inc flu hosp,2,18,quantile,0.7,841,2027-02-06
2027-01-23,wk inc flu hosp,2,18,quantile,0.75,868,2027-02-06
2027-01-23,wk inc flu hosp,2,18,quantile,0.8,900,2027-02-06
2027-01-23,wk inc flu hosp,2,18,quantile,0.85,924,2027-02-06
2027-01-23,wk inc flu hosp,2,18,quantile,0.9,1007,2027-02-06
2027-01-23,wk inc flu hosp,2,18,quantile,0.95,1101,2027-02-06
2027-01-23,wk inc flu hosp,2,18,quantile,0.975,1148,2027-02-06
2027-01-23,wk inc flu hosp,2,18,quantile,0.99,1300,2027-02-06
2027-01-23,wk inc flu hosp,2,19,quantile,0.01,159,2027-02-06
2027-01-23,wk inc flu hosp,2,19,quantile,0.025,164,2027-02-06
2027-01-23,wk inc flu hosp,2,19,quantile,0.05,180,2027-02-06
2027-01-23,wk inc flu hosp,2,19,quantile,0.1,198,2027-02-06
2027-01-23,wk inc flu hosp,2,19,quantile,0.15,208,2027-02-06
2027-01-23,wk inc flu hosp,2,19,quantile,0.2,214,2027-02-06
2027-01-23,wk inc flu hosp,2,19,quantile,0.25,234,2027-02-06
2027-01-23,wk inc flu hosp,2,19,quantile,0.3,245,2027-02-06
2027-01-23,wk inc flu hosp,2,19,quantile,0.35,254,2027-02-06
2027-01-23,wk inc flu hosp,2,19,quantile,0.4,264,2027-02-06
2027-01-23,wk inc flu hosp,2,19,quantile,0.45,273,2027-02-06
2027-01-23,wk inc flu hosp,2,19,quantile,0.5,288,2027-02-06
2027-01-23,wk inc flu hosp,2,19,quantile,0.55,303,2027-02-06
2027-01-23,wk inc flu hosp,2,19,quantile,0.6,310,2027-02-06
2027-01-23,wk inc flu hosp,2,19,quantile,0.65,319,2027-02-06
2027-01-23,wk inc flu hosp,2,19,quantile,0.7,327,2027-02-06
2027-01-23,wk inc flu hosp,2,19,quantile,0.75,338,2027-02-06
2027-01-23,wk inc flu hosp,2,19,quantile,0.8,345,2027-02-06
2027-01-23,wk inc flu hosp,2,19,quantile,0.85,366,2027-02-06
2027-01-23,wk inc flu hosp,2,19,quantile,0.9,382,2027-02-06
2027-01-23,wk inc flu hosp,2,19,quantile,0.95,410,2027-02-06
2027-01-23,wk inc flu hosp,2,19,quantile,0.975,445,2027-02-06
2027-01-23,wk inc flu hosp,2,19,quantile,0.99,554,2027-02-06
2027-01-23,wk inc flu hosp,2,20,quantile,0.01,137,2027-02-06
2027-01-23,wk inc flu hosp,2,20,quantile,0.025,150,2027-02-06
2027-01-23,wk inc flu hosp,2,20,quantile,0.05,164,2027-02-06
2027-01-23,wk inc flu hosp,2,20,quantile,0.1,177,2027-02-06
2027-01-23,wk inc flu hosp,2,20,quantile,0.15,188,2027-02-06
2027-01-23,wk inc flu hosp,2,20,quantile,0.2,202,2027-02-06
2027-01-23,wk inc flu hosp,2,20,quantile,0.25,214,2027-02-06
2027-01-23,wk inc flu hosp,2,20,quantile,0.3,220,2027-02-06
2027-01-23,wk inc flu hosp,2,20,quantile,0.35,227,2027-02-06
2027-01-23,wk inc flu hosp,2,20,quantile,0.4,235,2027-02-06
2027-01-23,wk inc flu hosp,2,20,quantile,0.45,242,2027-02-06
2027-01-23,wk inc flu hosp,2,20,quantile,0.5,254,2027-02-06
2027-01-23,wk inc flu hosp,2,20,quantile,0.55,267,2027-02-06
2027-01-23,wk inc flu hosp,2,20,quantile,0.6,278,2027-02-06
2027-01-23,wk inc flu hosp,2,20,quantile,0.65,290,2027-02-06
2027-01-23,wk inc flu hosp,2,20,quantile,0.7,302,2027-02-06
2027-01-23,wk inc flu hosp,2,20,quantile,0.75,316,2027-02-06
2027-01-23,wk inc flu hosp,2,20,quantile,0.8,338,2027-02-06
2027-01-23,wk inc flu hosp,2,20,quantile,0.85,357,2027-02-06
2027-01-23,wk inc flu hosp,2,20,quantile,0.9,375,2027-02-06
2027-01-23,wk inc flu hosp,2,20,quantile,0.95,403,2027-02-06
2027-01-23,wk inc flu hosp,2,20,quantile,0.975,411,2027-02-06
2027-01-23,wk inc flu hosp,2,20,quantile,0.99,428,2027-02-06
2027-01-23,wk inc flu hosp,2,21,quantile,0.01,231,2027-02-06
2027-01-23,wk inc flu hosp,2,21,quantile,0.025,248,2027-02-06
2027-01-23,wk inc flu hosp,2,21,quantile,0.05,271,2027-02-06
2027-01-23,wk inc flu hosp,2,21,quantile,0.1,297,2027-02-06
2027-01-23,wk inc flu hosp,2,21,quantile,0.15,317,2027-02-06
2027-01-23,wk inc flu hosp,2,21,quantile,0.2,333,2027-02-06
2027-01-23,wk inc flu hosp,2,21,quantile,0.25,344,2027-02-06
2027-01-23,wk inc flu hosp,2,21,quantile,0.3,351,2027-02-06
2027-01-23,wk inc flu hosp,2,21,quantile,0.35,367,2027-02-06
2027-01-23,wk inc flu hosp,2,21,quantile,0.4,390,2027-02-06
2027-01-23,wk inc flu hosp,2,21,quantile,0.45,406,2027-02-06
2027-01-23,wk inc flu hosp,2,21,quantile,0.5,418,2027-02-06
2027-01-23,wk inc flu hosp,2,21,quantile,0.55,439,2027-02-06
2027-01-23,wk inc flu hosp,2,21,quantile,0.6,458,2027-02-06
2027-01-23,wk inc flu hosp,2,21,quantile,0.65,476,2027-02-06
2027-01-23,wk inc flu hosp,2,21,quantile,0.7,493,2027-02-06
2027-01-23,wk inc flu hosp,2,21,quantile,0.75,505,2027-02-06
2027-01-23,wk inc flu hosp,2,21,quantile,0.8,527,2027-02-06
2027-01-23,wk inc flu hosp,2,21,quantile,0.85,551,2027-02-06
2027-01-23,wk inc flu hosp,2,21,quantile,0.9,605,2027-02-06
2027-01-23,wk inc flu hosp,2,21,quantile,0.95,644,2027-02-06
2027-01-23,wk inc flu hosp,2,21,quantile,0.975,677,2027-02-06
2027-01-23,wk inc flu hosp,2,21,quantile,0.99,726,2027-02-06
2027-01-23,wk inc flu hosp,2,22,quantile,0.01,191,2027-02-06
2027-01-23,wk inc flu hosp,2,22,quantile,0.025,206,2027-02-06
2027-01-23,wk inc flu hosp,2,22,quantile,0.05,229,2027-02-06
2027-01-23,wk inc flu hosp,2,22,quantile,0.1,241,2027-02-06
2027-01-23,wk inc flu hosp,2,22,quantile,0.15,263,2027-02-06
2027-01-23,wk inc flu hosp,2,22,quantile,0.2,277,2027-02-06
2027-01-23,wk inc flu hosp,2,22,quantile,0.25,292,2027-02-06
2027-01-23,wk inc flu hosp,2,22,quantile,0.3,300,2027-02-06
2027-01-23,wk inc flu hosp,2,22,quantile,0.35,319,2027-02-06
2027-01-23,wk inc flu hosp,2,22,quantile,0.4,332,2027-02-06
2027-01-23,wk inc flu hosp,2,22,quantile,0.45,345,2027-02-06
2027-01-23,wk inc flu hosp,2,22,quantile,0.5,357,2027-02-06
2027-01-23,wk inc flu hosp,2,22,quantile,0.55,378,2027-02-06
2027-01-23,wk inc flu hosp,2,22,quantile,0.6,386,2027-02-06
2027-01-23,wk inc flu hosp,2,22,quantile,0.65,395,2027-02-06
2027-01-23,wk inc flu hosp,2,22,quantile,0.7,403,2027-02-06
2027-01-23,wk inc flu hosp,2,22,quantile,0.75,424,2027-02-06
2027-01-23,wk inc flu hosp,2,22,quantile,0.8,435,2027-02-06
2027-01-23,wk inc flu hosp,2,22,quantile,0.85,472,2027-02-06
2027-01-23,wk inc flu hosp,2,22,quantile,0.9,502,2027-02-06
2027-01-23,wk inc flu hosp,2,22,quantile,0.95,549,2027-02-06
2027-01-23,wk inc flu hosp,2,22,quantile,0.975,631,2027-02-06
2027-01-23,wk inc flu hosp,2,22,quantile,0.99,701,2027-02-06
2027-01-23,wk inc flu hosp,2,23,quantile,0.01,36,2027-02-06
2027-01-23,wk inc flu hosp,2,23,quantile,0.025,39,2027-02-06
2027-01-23,wk inc flu hosp,2,23,quantile,0.05,44,2027-02-06
2027-01-23,wk inc flu hosp,2,23,quantile,0.1,48,2027-02-06
2027-01-23,wk inc flu hosp,2,23,quantile,0.15,54,2027-02-06
2027-01-23,wk inc flu hosp,2,23,quantile,0.2,55,2027-02-06
2027-01-23,wk inc flu hosp,2,23,quantile,0.25,58,2027-02-06
2027-01-23,wk inc flu hosp,2,23,quantile,0.3,60,2027-02-06
2027-01-23,wk inc flu hosp,2,23,quantile,0.35,63,2027-02-06
2027-01-23,wk inc flu hosp,2,23,quantile,0.4,65,2027-02-06
2027-01-23,wk inc flu hosp,2,23,quantile,0.45,66,2027-02-06
2027-01-23,wk inc flu hosp,2,23,quantile,0.5,69,2027-02-06
2027-01-23,wk inc flu hosp,2,23,quantile,0.55,71,2027-02-06
2027-01-23,wk inc flu hosp,2,23,quantile,0.6,75,2027-02-06
2027-01-23,wk inc flu hosp,2,23,quantile,0.65,78,2027-02-06
2027-01-23,wk inc flu hosp,2,23,quantile,0.7,81,2027-02-06
2027-01-23,wk inc flu hosp,2,23,quantile,0.75,85,2027-02-06
2027-01-23,wk inc flu hosp,2,23,quantile,0.8,89,2027-02-06
2027-01-23,wk inc flu hosp,2,23,quantile,0.85,94,2027-02-06
2027-01-23,wk inc flu hosp,2,23,quantile,0.9,102,2027-02-06
2027-01-23,wk inc flu hosp,2,23,quantile,0.95,119,2027-02-06
2027-01-23,wk inc flu hosp,2,23,quantile,0.975,125,2027-02-06
2027-01-23,wk inc flu hosp,2,23,quantile,0.99,133,2027-02-06
2027-01-23,wk inc flu hosp,2,24,quantile,0.01,128,2027-02-06
2027-01-23,wk inc flu hosp,2,24,quantile,0.025,144,2027-02-06
2027-01-23,wk inc flu hosp,2,24,quantile,0.05,156,2027-02-06
2027-01-23,wk inc flu hosp,2,24,quantile,0.1,180,2027-02-06
2027-01-23,wk inc flu hosp,2,24,quantile,0.15,187,2027-02-06
2027-01-23,wk inc flu hosp,2,24,quantile,0.2,197,2027-02-06
2027-01-23,wk inc flu hosp,2,24,quantile,0.25,206,2027-02-06
2027-01-23,wk inc flu hosp,2,24,quantile,0.3,215,2027-02-06
2027-01-23,wk inc flu hosp,2,24,quantile,0.35,228,2027-02-06
2027-01-23,wk inc flu hosp,2,24,quantile,0.4,240,2027-02-06
2027-01-23,wk inc flu hosp,2,24,quantile,0.45,249,2027-02-06
2027-01-23,wk inc flu hosp,2,24,quantile,0.5,262,2027-02-06
2027-01-23,wk inc flu hosp,2,24,quantile,0.55,282,2027-02-06
2027-01-23,wk inc flu hosp,2,24,quantile,0.6,299,2027-02-06
2027-01-23,wk inc flu hosp,2,24,quantile,0.65,307,2027-02-06
2027-01-23,wk inc flu hosp,2,24,quantile,0.7,329,2027-02-06
2027-01-23,wk inc flu hosp,2,24,quantile,0.75,349,2027-02-06
2027-01-23,wk inc flu hosp,2,24,quantile,0.8,371,2027-02-06
2027-01-23,wk inc flu hosp,2,24,quantile,0.85,396,2027-02-06
2027-01-23,wk inc flu hosp,2,24,quantile,0.9,440,2027-02-06
2027-01-23,wk inc flu hosp,2,24,quantile,0.95,498,2027-02-06
2027-01-23,wk inc flu hosp,2,24,quantile,0.975,542,2027-02-06
2027-01-23,wk inc flu hosp,2,24,quantile,0.99,578,2027-02-06
2027-01-23,wk inc flu hosp,2,25,quantile,0.01,176,2027-02-06
2027-01-23,wk inc flu hosp,2,25,quantile,0.025,230,2027-02-06
2027-01-23,wk inc flu hosp,2,25,quantile,0.05,336,2027-02-06
2027-01-23,wk inc flu hosp,2,25,quantile,0.1,367,2027-02-06
2027-01-23,wk inc flu hosp,2,25,quantile,0.15,384,2027-02-06
2027-01-23,wk inc flu hosp,2,25,quantile,0.2,404,2027-02-06
2027-01-23,wk inc flu hosp,2,25,quantile,0.25,419,2027-02-06
2027-01-23,wk inc flu hosp,2,25,quantile,0.3,444,2027-02-06
2027-01-23,wk inc flu hosp,2,25,quantile,0.35,475,2027-02-06
2027-01-23,wk inc flu hosp,2,25,quantile,0.4,488,2027-02-06
2027-01-23,wk inc flu hosp,2,25,quantile,0.45,503,2027-02-06
2027-01-23,wk inc flu hosp,2,25,quantile,0.5,511,2027-02-06
2027-01-23,wk inc flu hosp,2,25,quantile,0.55,521,2027-02-06
2027-01-23,wk inc flu hosp,2,25,quantile,0.6,543,2027-02-06
2027-01-23,wk inc flu hosp,2,25,quantile,0.65,558,2027-02-06
2027-01-23,wk inc flu hosp,2,25,quantile,0.7,580,2027-02-06
2027-01-23,wk inc flu hosp,2,25,quantile,0.75,621,2027-02-06
2027-01-23,wk inc flu hosp,2,25,quantile,0.8,663,2027-02-06
2027-01-23,wk inc flu hosp,2,25,quantile,0.85,722,2027-02-06
2027-01-23,wk inc flu hosp,2,25,quantile,0.9,772,2027-02-06
2027-01-23,wk inc flu hosp,2,25,quantile,0.95,873,2027-02-06
2027-01-23,wk inc flu hosp,2,25,quantile,0.975,920,2027-02-06
2027-01-23,wk inc flu hosp,2,25,quantile,0.99,1245,2027-02-06
2027-01-23,wk inc flu hosp,2,26,quantile,0.01,454,2027-02-06
2027-01-23,wk inc flu hosp,2,26,quantile,0.025,502,2027-02-06
2027-01-23,wk inc flu hosp,2,26,quantile,0.05,528,2027-02-06
2027-01-23,wk inc flu hosp,2,26,quantile,0.1,571,2027-02-06
2027-01-23,wk inc flu hosp,2,26,quantile,0.15,621,2027-02-06
2027-01-23,wk inc flu hosp,2,26,quantile,0.2,650,2027-02-06
2027-01-23,wk inc flu hosp,2,26,quantile,0.25,666,2027-02-06
2027-01-23,wk inc flu hosp,2,26,quantile,0.3,682,2027-02-06
2027-01-23,wk inc flu hosp,2,26,quantile,0.35,700,2027-02-06
2027-01-23,wk inc flu hosp,2,26,quantile,0.4,718,2027-02-06
2027-01-23,wk inc flu hosp,2,26,quantile,0.45,744,2027-02-06
2027-01-23,wk inc flu hosp,2,26,quantile,0.5,758,2027-02-06
2027-01-23,wk inc flu hosp,2,26,quantile,0.55,776,2027-02-06
2027-01-23,wk inc flu hosp,2,26,quantile,0.6,801,2027-02-06
2027-01-23,wk inc flu hosp,2,26,quantile,0.65,822,2027-02-06
2027-01-23,wk inc flu hosp,2,26,quantile,0.7,842,2027-02-06
2027-01-23,wk inc flu hosp,2,26,quantile,0.75,863,2027-02-06
2027-01-23,wk inc flu hosp,2,26,quantile,0.8,888,2027-02-06
2027-01-23,wk inc flu hosp,2,26,quantile,0.85,916,2027-02-06
2027-01-23,wk inc flu hosp,2,26,quantile,0.9,971,2027-02-06
2027-01-23,wk inc flu hosp,2,26,quantile,0.95,1062,2027-02-06
2027-01-23,wk inc flu hosp,2,26,quantile,0.975,1140,2027-02-06
2027-01-23,wk inc flu hosp,2,26,quantile,0.99,1248,2027-02-06
2027-01-23,wk inc flu hosp,2,27,quantile,0.01,180,2027-02-06
2027-01-23,wk inc flu hosp,2,27,quantile,0.025,197,2027-02-06
2027-01-23,wk inc flu hosp,2,27,quantile,0.05,233,2027-02-06
2027-01-23,wk inc flu hosp,2,27,quantile,0.1,253,2027-02-06
2027-01-23,wk inc flu hosp,2,27,quantile,0.15,280,2027-02-06
2027-01-23,wk inc flu hosp,2,27,quantile,0.2,287,2027-02-06
2027-01-23,wk inc flu hosp,2,27,quantile,0.25,298,2027-02-06
2027-01-23,wk inc flu hosp,2,27,quantile,0.3,306,2027-02-06
2027-01-23,wk inc flu hosp,2,27,quantile,0.35,322,2027-02-06
2027-01-23,wk inc flu hosp,2,27,quantile,0.4,337,2027-02-06
2027-01-23,wk inc flu hosp,2,27,quantile,0.45,349,2027-02-06
2027-01-23,wk inc flu hosp,2,27,quantile,0.5,367,2027-02-06
2027-01-23,wk inc flu hosp,2,27,quantile,0.55,382,2027-02-06
2027-01-23,wk inc flu hosp,2,27,quantile,0.6,388,2027-02-06
2027-01-23,wk inc flu hosp,2,27,quantile,0.65,406,2027-02-06
2027-01-23,wk inc flu hosp,2,27,quantile,0.7,423,2027-02-06
2027-01-23,wk inc flu hosp,2,27,quantile,0.75,454,2027-02-06
2027-01-23,wk inc flu hosp,2,27,quantile,0.8,491,2027-02-06
2027-01-23,wk inc flu hosp,2,27,quantile,0.85,515,2027-02-06
2027-01-23,wk inc flu hosp,2,27,quantile,0.9,534,2027-02-06
2027-01-23,wk inc flu hosp,2,27,quantile,0.95,587,2027-02-06
2027-01-23,wk inc flu hosp,2,27,quantile,0.975,721,2027-02-06
2027-01-23,wk inc flu hosp,2,27,quantile,0.99,791,2027-02-06
2027-01-23,wk inc flu hosp,2,28,quantile,0.01,151,2027-02-06
2027-01-23,wk inc flu hosp,2,28,quantile,0.025,155,2027-02-06
2027-01-23,wk inc flu hosp,2,28,quantile,0.05,183,2027-02-06
2027-01-23,wk inc flu hosp,2,28,quantile,0.1,203,2027-02-06
2027-01-23,wk inc flu hosp,2,28,quantile,0.15,221,2027-02-06
2027-01-23,wk inc flu hosp,2,28,quantile,0.2,233,2027-02-06
2027-01-23,wk inc flu hosp,2,28,quantile,0.25,246,2027-02-06
2027-01-23,wk inc flu hosp,2,28,quantile,0.3,260,2027-02-06
2027-01-23,wk inc flu hosp,2,28,quantile,0.35,272,2027-02-06
2027-01-23,wk inc flu hosp,2,28,quantile,0.4,297,2027-02-06
2027-01-23,wk inc flu hosp,2,28,quantile,0.45,317,2027-02-06
2027-01-23,wk inc flu hosp,2,28,quantile,0.5,330,2027-02-06
2027-01-23,wk inc flu hosp,2,28,quantile,0.55,339,2027-02-06
2027-01-23,wk inc flu hosp,2,28,quantile,0.6,350,2027-02-06
2027-01-23,wk inc flu hosp,2,28,quantile,0.65,362,2027-02-06
2027-01-23,wk inc flu hosp,2,28,quantile,0.7,378,2027-02-06
2027-01-23,wk inc flu hosp,2,28,quantile,0.75,397,2027-02-06
2027-01-23,wk inc flu hosp,2,28,quantile,0.8,416,2027-02-06
2027-01-23,wk inc flu hosp,2,28,quantile,0.85,443,2027-02-06
2027-01-23,wk inc flu hosp,2,28,quantile,0.9,494,2027-02-06
2027-01-23,wk inc flu hosp,2,28,quantile,0.95,558,2027-02-06
2027-01-23,wk inc flu hosp,2,28,quantile,0.975,619,2027-02-06
2027-01-23,wk inc flu hosp,2,28,quantile,0.99,631,2027-02-06
2027-01-23,wk inc flu hosp,2,29,quantile,0.01,372,2027-02-06
2027-01-23,wk inc flu hosp,2,29,quantile,0.025,428,2027-02-06
2027-01-23,wk inc flu hosp,2,29,quantile,0.05,464,2027-02-06
2027-01-23,wk inc flu hosp,2,29,quantile,0.1,517,2027-02-06
2027-01-23,wk inc flu hosp,2,29,quantile,0.15,549,2027-02-06
2027-01-23,wk inc flu hosp,2,29,quantile,0.2,591,2027-02-06
2027-01-23,wk inc flu hosp,2,29,quantile,0.25,623,2027-02-06
2027-01-23,wk inc flu hosp,2,29,quantile,0.3,639,2027-02-06
2027-01-23,wk inc flu hosp,2,29,quantile,0.35,652,2027-02-06
2027-01-23,wk inc flu hosp,2,29,quantile,0.4,668,2027-02-06
2027-01-23,wk inc flu hosp,2,29,quantile,0.45,689,2027-02-06
2027-01-23,wk inc flu hosp,2,29,quantile,0.5,704,2027-02-06
2027-01-23,wk inc flu hosp,2,29,quantile,0.55,721,2027-02-06
2027-01-23,wk inc flu hosp,2,29,quantile,0.6,745,2027-02-06
2027-01-23,wk inc flu hosp,2,29,quantile,0.65,767,2027-02-06
2027-01-23,wk inc flu hosp,2,29,quantile,0.7,815,2027-02-06
2027-01-23,wk inc flu hosp,2,29,quantile,0.75,860,2027-02-06
2027-01-23,wk inc flu hosp,2,29,quantile,0.8,885,2027-02-06
2027-01-23,wk inc flu hosp,2,29,quantile,0.85,910,2027-02-06
2027-01-23,wk inc flu hosp,2,29,quantile,0.9,972,2027-02-06
2027-01-23,wk inc flu hosp,2,29,quantile,0.95,1049,2027-02-06
2027-01-23,wk inc flu hosp,2,29,quantile,0.975,1113,2027-02-06
2027-01-23,wk inc flu hosp,2,29,quantile,0.99,1205,2027-02-06
2027-01-23,wk inc flu hosp,2,30,quantile,0.01,31,2027-02-06
2027-01-23,wk inc flu hosp,2,30,quantile,0.025,36,2027-02-06
2027-01-23,wk inc flu hosp,2,30,quantile,0.05,38,2027-02-06
2027-01-23,wk inc flu hosp,2,30,quantile,0.1,46,2027-02-06
2027-01-23,wk inc flu hosp,2,30,quantile,0.15,52,2027-02-06
2027-01-23,wk inc flu hosp,2,30,quantile,0.2,55,2027-02-06
2027-01-23,wk inc flu hosp,2,30,quantile,0.25,59,2027-02-06
2027-01-23,wk inc flu hosp,2,30,quantile,0.3,61,2027-02-06
2027-01-23,wk inc flu hosp,2,30,quantile,0.35,64,2027-02-06
2027-01-23,wk inc flu hosp,2,30,quantile,0.4,70,2027-02-06
2027-01-23,wk inc flu hosp,2,30,quantile,0.45,74,2027-02-06
2027-01-23,wk inc flu hosp,2,30,quantile,0.5,80,2027-02-06
2027-01-23,wk inc flu hosp,2,30,quantile,0.55,84,2027-02-06
2027-01-23,wk inc flu hosp,2,30,quantile,0.6,90,2027-02-06
2027-01-23,wk inc flu hosp,2,30,quantile,0.65,96,2027-02-06
2027-01-23,wk inc flu hosp,2,30,quantile,0.7,101,2027-02-06
2027-01-23,wk inc flu hosp,2,30,quantile,0.75,106,2027-02-06
2027-01-23,wk inc flu hosp,2,30,quantile,0.8,113,2027-02-06
2027-01-23,wk inc flu hosp,2,30,quantile,0.85,125,2027-02-06
2027-01-23,wk inc flu hosp,2,30,quantile,0.9,138,2027-02-06
2027-01-23,wk inc flu hosp,2,30,quantile,0.95,157,2027-02-06
2027-01-23,wk inc flu hosp,2,30,quantile,0.975,186,2027-02-06
2027-01-23,wk inc flu hosp,2,30,quantile,0.99,214,2027-02-06
2027-01-23,wk inc flu hosp,2,31,quantile,0.01,88,2027-02-06
2027-01-23,wk inc flu hosp,2,31,quantile,0.025,96,2027-02-06
2027-01-23,wk inc flu hosp,2,31,quantile,0.05,100,2027-02-06
2027-01-23,wk inc flu hosp,2,31,quantile,0.1,104,2027-02-06
2027-01-23,wk inc flu hosp,2,31,quantile,0.15,110,2027-02-06
2027-01-23,wk inc flu hosp,2,31,quantile,0.2,117,2027-02-06
2027-01-23,wk inc flu hosp,2,31,quantile,0.25,121,2027-02-06
2027-01-23,wk inc flu hosp,2,31,quantile,0.3,128,2027-02-06
2027-01-23,wk inc flu hosp,2,31,quantile,0.35,131,2027-02-06
2027-01-23,wk inc flu hosp,2,31,quantile,0.4,136,2027-02-06
2027-01-23,wk inc flu hosp,2,31,quantile,0.45,140,2027-02-06
2027-01-23,wk inc flu hosp,2,31,quantile,0.5,145,2027-02-06
2027-01-23,wk inc flu hosp,2,31,quantile,0.55,150,2027-02-06
2027-01-23,wk inc flu hosp,2,31,quantile,0.6,160,2027-02-06
2027-01-23,wk inc flu hosp,2,31,quantile,0.65,166,2027-02-06
2027-01-23,wk inc flu hosp,2,31,quantile,0.7,171,2027-02-06
2027-01-23,wk inc flu hosp,2,31,quantile,0.75,178,2027-02-06
2027-01-23,wk inc flu hosp,2,31,quantile,0.8,190,2027-02-06
2027-01-23,wk inc flu hosp,2,31,quantile,0.85,194,2027-02-06
2027-01-23,wk inc flu hosp,2,31,quantile,0.9,208,2027-02-06
2027-01-23,wk inc flu hosp,2,31,quantile,0.95,227,2027-02-06
2027-01-23,wk inc flu hosp,2,31,quantile,0.975,245,2027-02-06
2027-01-23,wk inc flu hosp,2,31,quantile,0.99,272,2027-02-06
2027-01-23,wk inc flu hosp,2,32,quantile,0.01,43,2027-02-06
2027-01-23,wk inc flu hosp,2,32,quantile,0.025,51,2027-02-06
2027-01-23,wk inc flu hosp,2,32,quantile,0.05,57,2027-02-06
2027-01-23,wk inc flu hosp,2,32,quantile,0.1,63,2027-02-06
2027-01-23,wk inc flu hosp,2,32,quantile,0.15,70,2027-02-06
2027-01-23,wk inc flu hosp,2,32,quantile,0.2,73,2027-02-06
2027-01-23,wk inc flu hosp,2,32,quantile,0.25,77,2027-02-06
2027-01-23,wk inc flu hosp,2,32,quantile,0.3,80,2027-02-06
2027-01-23,wk inc flu hosp,2,32,quantile,0.35,83,2027-02-06
2027-01-23,wk inc flu hosp,2,32,quantile,0.4,88,2027-02-06
2027-01-23,wk inc flu hosp,2,32,quantile,0.45,90,2027-02-06
2027-01-23,wk inc flu hosp,2,32,quantile,0.5,95,2027-02-06
2027-01-23,wk inc flu hosp,2,32,quantile,0.55,98,2027-02-06
2027-01-23,wk inc flu hosp,2,32,quantile,0.6,102,2027-02-06
2027-01-23,wk inc flu hosp,2,32,quantile,0.65,107,2027-02-06
2027-01-23,wk inc flu hosp,2,32,quantile,0.7,116,2027-02-06
2027-01-23,wk inc flu hosp,2,32,quantile,0.75,120,2027-02-06
2027-01-23,wk inc flu hosp,2,32,quantile,0.8,134,2027-02-06
2027-01-23,wk inc flu hosp,2,32,quantile,0.85,143,2027-02-06
2027-01-23,wk inc flu hosp,2,32,quantile,0.9,153,2027-02-06
2027-01-23,wk inc flu hosp,2,32,quantile,0.95,176,2027-02-06
2027-01-23,wk inc flu hosp,2,32,quantile,0.975,180,2027-02-06
2027-01-23,wk inc flu hosp,2,32,quantile,0.99,228,2027-02-06
2027-01-23,wk inc flu hosp,2,33,quantile,0.01,37,2027-02-06
2027-01-23,wk inc flu hosp,2,33,quantile,0.025,41,2027-02-06
2027-01-23,wk inc flu hosp,2,33,quantile,0.05,47,2027-02-06
2027-01-23,wk inc flu hosp,2,33,quantile,0.1,57,2027-02-06
2027-01-23,wk inc flu hosp,2,33,quantile,0.15,60,2027-02-06
2027-01-23,wk inc flu hosp,2,33,quantile,0.2,66,2027-02-06
2027-01-23,wk inc flu hosp,2,33,quantile,0.25,70,2027-02-06
2027-01-23,wk inc flu hosp,2,33,quantile,0.3,74,2027-02-06
2027-01-23,wk inc flu hosp,2,33,quantile,0.35,76,2027-02-06
2027-01-23,wk inc flu hosp,2,33,quantile,0.4,81,2027-02-06
2027-01-23,wk inc flu hosp,2,33,quantile,0.45,83,2027-02-06
2027-01-23,wk inc flu hosp,2,33,quantile,0.5,87,2027-02-06
2027-01-23,wk inc flu hosp,2,33,quantile,0.55,91,2027-02-06
2027-01-23,wk inc flu hosp,2,33,quantile,0.6,93,2027-02-06
2027-01-23,wk inc flu hosp,2,33,quantile,0.65,96,2027-02-06
2027-01-23,wk inc flu hosp,2,33,quantile,0.7,99,2027-02-06
2027-01-23,wk inc flu hosp,2,33,quantile,0.75,105,2027-02-06
2027-01-23,wk inc flu hosp,2,33,quantile,0.8,110,2027-02-06
2027-01-23,wk inc flu hosp,2,33,quantile,0.85,116,2027-02-06
2027-01-23,wk inc flu hosp,2,33,quantile,0.9,120,2027-02-06
2027-01-23,wk inc flu hosp,2,33,quantile,0.95,131,2027-02-06
2027-01-23,wk inc flu hosp,2,33,quantile,0.975,146,2027-02-06
2027-01-23,wk inc flu hosp,2,33,quantile,0.99,193,2027-02-06
2027-01-23,wk inc flu hosp,2,34,quantile,0.01,339,2027-02-06
2027-01-23,wk inc flu hosp,2,34,quantile,0.025,385,2027-02-06
2027-01-23,wk inc flu hosp,2,34,quantile,0.05,412,2027-02-06
2027-01-23,wk inc flu hosp,2,34,quantile,0.1,448,2027-02-06
2027-01-23,wk inc flu hosp,2,34,quantile,0.15,464,2027-02-06
2027-01-23,wk inc flu hosp,2,34,quantile,0.2,500,2027-02-06
2027-01-23,wk inc flu hosp,2,34,quantile,0.25,521,2027-02-06
2027-01-23,wk inc flu hosp,2,34,quantile,0.3,546,2027-02-06
2027-01-23,wk inc flu hosp,2,34,quantile,0.35,575,2027-02-06
2027-01-23,wk inc flu hosp,2,34,quantile,0.4,619,2027-02-06
2027-01-23,wk inc flu hosp,2,34,quantile,0.45,631,2027-02-06
2027-01-23,wk inc flu hosp,2,34,quantile,0.5,645,2027-02-06
2027-01-23,wk inc flu hosp,2,34,quantile,0.55,664,2027-02-06
2027-01-23,wk inc flu hosp,2,34,quantile,0.6,685,2027-02-06
2027-01-23,wk inc flu hosp,2,34,quantile,0.65,728,2027-02-06
2027-01-23,wk inc flu hosp,2,34,quantile,0.7,756,2027-02-06
2027-01-23,wk inc flu hosp,2,34,quantile,0.75,781,2027-02-06
2027-01-23,wk inc flu hosp,2,34,quantile,0.8,804,2027-02-06
2027-01-23,wk inc flu hosp,2,34,quantile,0.85,857,2027-02-06
2027-01-23,wk inc flu hosp,2,34,quantile,0.9,905,2027-02-06
2027-01-23,wk inc flu hosp,2,34,quantile,0.95,951,2027-02-06
2027-01-23,wk inc flu hosp,2,34,quantile,0.975,985,2027-02-06
2027-01-23,wk inc flu hosp,2,34,quantile,0.99,1046,2027-02-06
2027-01-23,wk inc flu hosp,2,35,quantile,0.01,71,2027-02-06
2027-01-23,wk inc flu hosp,2,35,quantile,0.025,71,2027-02-06
2027-01-23,wk inc flu hosp,2,35,quantile,0.05,75,2027-02-06
2027-01-23,wk inc flu hosp,2,35,quantile,0.1,80,2027-02-06
2027-01-23,wk inc flu hosp,2,35,quantile,0.15,87,2027-02-06
2027-01-23,wk inc flu hosp,2,35,quantile,0.2,91,2027-02-06
2027-01-23,wk inc flu hosp,2,35,quantile,0.25,96,2027-02-06
2027-01-23,wk inc flu hosp,2,35,quantile,0.3,105,2027-02-06
2027-01-23,wk inc flu hosp,2,35,quantile,0.35,112,2027-02-06
2027-01-23,wk inc flu hosp,2,35,quantile,0.4,116,2027-02-06
2027-01-23,wk inc flu hosp,2,35,quantile,0.45,119,2027-02-06
2027-01-23,wk inc flu hosp,2,35,quantile,0.5,124,2027-02-06
2027-01-23,wk inc flu hosp,2,35,quantile,0.55,128,2027-02-06
2027-01-23,wk inc flu hosp,2,35,quantile,0.6,132,2027-02-06
2027-01-23,wk inc flu hosp,2,35,quantile,0.65,138,2027-02-06
2027-01-23,wk inc flu hosp,2,35,quantile,0.7,141,2027-02-06
2027-01-23,wk inc flu hosp,2,35,quantile,0.75,150,2027-02-06
2027-01-23,wk inc flu hosp,2,35,quantile,0.8,158,2027-02-06
2027-01-23,wk inc flu hosp,2,35,quantile,0.85,167,2027-02-06
2027-01-23,wk inc flu hosp,2,35,quantile,0.9,182,2027-02-06
2027-01-23,wk inc flu hosp,2,35,quantile,0.95,199,2027-02-06
2027-01-23,wk inc flu hosp,2,35,quantile,0.975,222,2027-02-06
2027-01-23,wk inc flu hosp,2,35,quantile,0.99,243,2027-02-06
2027-01-23,wk inc flu hosp,2,36,quantile,0.01,439,2027-02-06
2027-01-23,wk inc flu hosp,2,36,quantile,0.025,538,2027-02-06
2027-01-23,wk inc flu hosp,2,36,quantile,0.05,705,2027-02-06
2027-01-23,wk inc flu hosp,2,36,quantile,0.1,895,2027-02-06
2027-01-23,wk inc flu hosp,2,36,quantile,0.15,957,2027-02-06
2027-01-23,wk inc flu hosp,2,36,quantile,0.2,993,2027-02-06
2027-01-23,wk inc flu hosp,2,36,quantile,0.25,1018,2027-02-06
2027-01-23,wk inc flu hosp,2,36,quantile,0.3,1048,2027-02-06
2027-01-23,wk inc flu hosp,2,36,quantile,0.35,1083,2027-02-06
2027-01-23,wk inc flu hosp,2,36,quantile,0.4,1125,2027-02-06
2027-01-23,wk inc flu hosp,2,36,quantile,0.45,1158,2027-02-06
2027-01-23,wk inc flu hosp,2,36,quantile,0.5,1178,2027-02-06
2027-01-23,wk inc flu hosp,2,36,quantile,0.55,1205,2027-02-06
2027-01-23,wk inc flu hosp,2,36,quantile,0.6,1227,2027-02-06
2027-01-23,wk inc flu hosp,2,36,quantile,0.65,1268,2027-02-06
2027-01-23,wk inc flu hosp,2,36,quantile,0.7,1350,2027-02-06
2027-01-23,wk inc flu hosp,2,36,quantile,0.75,1420,2027-02-06
2027-01-23,wk inc flu hosp,2,36,quantile,0.8,1457,2027-02-06
2027-01-23,wk inc flu hosp,2,36,quantile,0.85,1533,2027-02-06
2027-01-23,wk inc flu hosp,2,36,quantile,0.9,1617,2027-02-06
2027-01-23,wk inc flu hosp,2,36,quantile,0.95,1882,2027-02-06
2027-01-23,wk inc flu hosp,2,36,quantile,0.975,2154,2027-02-06
2027-01-23,wk inc flu hosp,2,36,quantile,0.99,2315,2027-02-06
2027-01-23,wk inc flu hosp,2,37,quantile,0.01,386,2027-02-06
2027-01-23,wk inc flu hosp,2,37,quantile,0.025,467,2027-02-06
2027-01-23,wk inc flu hosp,2,37,quantile,0.05,544,2027-02-06
2027-01-23,wk inc flu hosp,2,37,quantile,0.1,626,2027-02-06
2027-01-23,wk inc flu hosp,2,37,quantile,0.15,659,2027-02-06
2027-01-23,wk inc flu hosp,2,37,quantile,0.2,719,2027-02-06
2027-01-23,wk inc flu hosp,2,37,quantile,0.25,784,2027-02-06
2027-01-23,wk inc flu hosp,2,37,quantile,0.3,828,2027-02-06
2027-01-23,wk inc flu hosp,2,37,quantile,0.35,874,2027-02-06
2027-01-23,wk inc flu hosp,2,37,quantile,0.4,905,2027-02-06
2027-01-23,wk inc flu hosp,2,37,quantile,0.45,934,2027-02-06
2027-01-23,wk inc flu hosp,2,37,quantile,0.5,966,2027-02-06
2027-01-23,wk inc flu hosp,2,37,quantile,0.55,986,2027-02-06
2027-01-23,wk inc flu hosp,2,37,quantile,0.6,1008,2027-02-06
2027-01-23,wk inc flu hosp,2,37,quantile,0.65,1044,2027-02-06
2027-01-23,wk inc flu hosp,2,37,quantile,0.7,1083,2027-02-06
2027-01-23,wk inc flu hosp,2,37,quantile,0.75,1131,2027-02-06
2027-01-23,wk inc flu hosp,2,37,quantile,0.8,1211,2027-02-06
2027-01-23,wk inc flu hosp,2,37,quantile,0.85,1327,2027-02-06
2027-01-23,wk inc flu hosp,2,37,quantile,0.9,1432,2027-02-06
2027-01-23,wk inc flu hosp,2,37,quantile,0.95,1714,2027-02-06
2027-01-23,wk inc flu hosp,2,37,quantile,0.975,1790,2027-02-06
2027-01-23,wk inc flu hosp,2,37,quantile,0.99,1871,2027-02-06
2027-01-23,wk inc flu hosp,2,38,quantile,0.01,23,2027-02-06
2027-01-23,wk inc flu hosp,2,38,quantile,0.025,30,2027-02-06
2027-01-23,wk inc flu hosp,2,38,quantile,0.05,36,2027-02-06
2027-01-23,wk inc flu hosp,2,38,quantile,0.1,42,2027-02-06
2027-01-23,wk inc flu hosp,2,38,quantile,0.15,46,2027-02-06
2027-01-23,wk inc flu hosp,2,38,quantile,0.2,49,2027-02-06
2027-01-23,wk inc flu hosp,2,38,quantile,0.25,54,2027-02-06
2027-01-23,wk inc flu hosp,2,38,quantile,0.3,56,2027-02-06
2027-01-23,wk inc flu hosp,2,38,quantile,0.35,59,2027-02-06
2027-01-23,wk inc flu hosp,2,38,quantile,0.4,63,2027-02-06
2027-01-23,wk inc flu hosp,2,38,quantile,0.45,65,2027-02-06
2027-01-23,wk inc flu hosp,2,38,quantile,0.5,67,2027-02-06
2027-01-23,wk inc flu hosp,2,38,quantile,0.55,69,2027-02-06
2027-01-23,wk inc flu hosp,2,38,quantile,0.6,73,2027-02-06
2027-01-23,wk inc flu hosp,2,38,quantile,0.65,76,2027-02-06
2027-01-23,wk inc flu hosp,2,38,quantile,0.7,80,2027-02-06
2027-01-23,wk inc flu hosp,2,38,quantile,0.75,86,2027-02-06
2027-01-23,wk inc flu hosp,2,38,quantile,0.8,90,2027-02-06
2027-01-23,wk inc flu hosp,2,38,quantile,0.85,93,2027-02-06
2027-01-23,wk inc flu hosp,2,38,quantile,0.9,98,2027-02-06
2027-01-23,wk inc flu hosp,2,38,quantile,0.95,104,2027-02-06
2027-01-23,wk inc flu hosp,2,38,quantile,0.975,112,2027-02-06
2027-01-23,wk inc flu hosp,2,38,quantile,0.99,116,2027-02-06
2027-01-23,wk inc flu hosp,2,39,quantile,0.01,637,2027-02-06
2027-01-23,wk inc flu hosp,2,39,quantile,0.025,661,2027-02-06
2027-01-23,wk inc flu hosp,2,39,quantile,0.05,757,2027-02-06
2027-01-23,wk inc flu hosp,2,39,quantile,0.1,864,2027-02-06
2027-01-23,wk inc flu hosp,2,39,quantile,0.15,975,2027-02-06
2027-01-23,wk inc flu hosp,2,39,quantile,0.2,1035,2027-02-06
2027-01-23,wk inc flu hosp,2,39,quantile,0.25,1068,2027-02-06
2027-01-23,wk inc flu hosp,2,39,quantile,0.3,1131,2027-02-06
2027-01-23,wk inc flu hosp,2,39,quantile,0.35,1168,2027-02-06
2027-01-23,wk inc flu hosp,2,39,quantile,0.4,1261,2027-02-06
2027-01-23,wk inc flu hosp,2,39,quantile,0.45,1292,2027-02-06
2027-01-23,wk inc flu hosp,2,39,quantile,0.5,1322,2027-02-06
2027-01-23,wk inc flu hosp,2,39,quantile,0.55,1371,2027-02-06
2027-01-23,wk inc flu hosp,2,39,quantile,0.6,1415,2027-02-06
2027-01-23,wk inc flu hosp,2,39,quantile,0.65,1465,2027-02-06
2027-01-23,wk inc flu hosp,2,39,quantile,0.7,1495,2027-02-06
2027-01-23,wk inc flu hosp,2,39,quantile,0.75,1546,2027-02-06
2027-01-23,wk inc flu hosp,2,39,quantile,0.8,1606,2027-02-06
2027-01-23,wk inc flu hosp,2,39,quantile,0.85,1706,2027-02-06
2027-01-23,wk inc flu hosp,2,39,quantile,0.9,1849,2027-02-06
2027-01-23,wk inc flu hosp,2,39,quantile,0.95,1929,2027-02-06
2027-01-23,wk inc flu hosp,2,39,quantile,0.975,2085,2027-02-06
2027-01-23,wk inc flu hosp,2,39,quantile,0.99,2348,2027-02-06
2027-01-23,wk inc flu hosp,2,40,quantile,0.01,582,2027-02-06
2027-01-23,wk inc flu hosp,2,40,quantile,0.025,621,2027-02-06
2027-01-23,wk inc flu hosp,2,40,quantile,0.05,687,2027-02-06
2027-01-23,wk inc flu hosp,2,40,quantile,0.1,730,2027-02-06
2027-01-23,wk inc flu hosp,2,40,quantile,0.15,782,2027-02-06
2027-01-23,wk inc flu hosp,2,40,quantile,0.2,845,2027-02-06
2027-01-23,wk inc flu hosp,2,40,quantile,0.25,901,2027-02-06
2027-01-23,wk inc flu hosp,2,40,quantile,0.3,965,2027-02-06
2027-01-23,wk inc flu hosp,2,40,quantile,0.35,1014,2027-02-06
2027-01-23,wk inc flu hosp,2,40,quantile,0.4,1037,2027-02-06
2027-01-23,wk inc flu hosp,2,40,quantile,0.45,1085,2027-02-06
2027-01-23,wk inc flu hosp,2,40,quantile,0.5,1144,2027-02-06
2027-01-23,wk inc flu hosp,2,40,quantile,0.55,1203,2027-02-06
2027-01-23,wk inc flu hosp,2,40,quantile,0.6,1231,2027-02-06
2027-01-23,wk inc flu hosp,2,40,quantile,0.65,1309,2027-02-06
2027-01-23,wk inc flu hosp,2,40,quantile,0.7,1342,2027-02-06
2027-01-23,wk inc flu hosp,2,40,quantile,0.75,1402,2027-02-06
2027-01-23,wk inc flu hosp,2,40,quantile,0.8,1438,2027-02-06
2027-01-23,wk inc flu hosp,2,40,quantile,0.85,1548,2027-02-06
2027-01-23,wk inc flu hosp,2,40,quantile,0.9,1601,2027-02-06
2027-01-23,wk inc flu hosp,2,40,quantile,0.95,1749,2027-02-06
2027-01-23,wk inc flu hosp,2,40,quantile,0.975,1886,2027-02-06
2027-01-23,wk inc flu hosp,2,40,quantile,0.99,1917,2027-02-06
2027-01-23,wk inc flu hosp,2,41,quantile,0.01,167,2027-02-06
2027-01-23,wk inc flu hosp,2,41,quantile,0.025,173,2027-02-06
2027-01-23,wk inc flu hosp,2,41,quantile,0.05,182,2027-02-06
2027-01-23,wk inc flu hosp,2,41,quantile,0.1,207,2027-02-06
2027-01-23,wk inc flu hosp,2,41,quantile,0.15,222,2027-02-06
2027-01-23,wk inc flu hosp,2,41,quantile,0.2,232,2027-02-06
2027-01-23,wk inc flu hosp,2,41,quantile,0.25,258,2027-02-06
2027-01-23,wk inc flu hosp,2,41,quantile,0.3,269,2027-02-06
2027-01-23,wk inc flu hosp,2,41,quantile,0.35,279,2027-02-06
2027-01-23,wk inc flu hosp,2,41,quantile,0.4,291,2027-02-06
2027-01-23,wk inc flu hosp,2,41,quantile,0.45,309,2027-02-06
2027-01-23,wk inc flu hosp,2,41,quantile,0.5,322,2027-02-06
2027-01-23,wk inc flu hosp,2,41,quantile,0.55,337,2027-02-06
2027-01-23,wk inc flu hosp,2,41,quantile,0.6,357,2027-02-06
2027-01-23,wk inc flu hosp,2,41,quantile,0.65,381,2027-02-06
2027-01-23,wk inc flu hosp,2,41,quantile,0.7,403,2027-02-06
2027-01-23,wk inc flu hosp,2,41,quantile,0.75,416,2027-02-06
2027-01-23,wk inc flu hosp,2,41,quantile,0.8,439,2027-02-06
2027-01-23,wk inc flu hosp,2,41,quantile,0.85,464,2027-02-06
2027-01-23,wk inc flu hosp,2,41,quantile,0.9,501,2027-02-06
2027-01-23,wk inc flu hosp,2,41,quantile,0.95,550,2027-02-06
2027-01-23,wk inc flu hosp,2,41,quantile,0.975,630,2027-02-06
2027-01-23,wk inc flu hosp,2,41,quantile,0.99,655,2027-02-06
2027-01-23,wk inc flu hosp,2,42,quantile,0.01,992,2027-02-06
2027-01-23,wk inc flu hosp,2,42,quantile,0.025,1068,2027-02-06
2027-01-23,wk inc flu hosp,2,42,quantile,0.05,1124,2027-02-06
2027-01-23,wk inc flu hosp,2,42,quantile,0.1,1189,2027-02-06
2027-01-23,wk inc flu hosp,2,42,quantile,0.15,1258,2027-02-06
2027-01-23,wk inc flu hosp,2,42,quantile,0.2,1358,2027-02-06
2027-01-23,wk inc flu hosp,2,42,quantile,0.25,1438,2027-02-06
2027-01-23,wk inc flu hosp,2,42,quantile,0.3,1485,2027-02-06
2027-01-23,wk inc flu hosp,2,42,quantile,0.35,1521,2027-02-06
2027-01-23,wk inc flu hosp,2,42,quantile,0.4,1600,2027-02-06
2027-01-23,wk inc flu hosp,2,42,quantile,0.45,1656,2027-02-06
2027-01-23,wk inc flu hosp,2,42,quantile,0.5,1688,2027-02-06
2027-01-23,wk inc flu hosp,2,42,quantile,0.55,1756,2027-02-06
2027-01-23,wk inc flu hosp,2,42,quantile,0.6,1801,2027-02-06
2027-01-23,wk inc flu hosp,2,42,quantile,0.65,1893,2027-02-06
2027-01-23,wk inc flu hosp,2,42,quantile,0.7,1982,2027-02-06
2027-01-23,wk inc flu hosp,2,42,quantile,0.75,2067,2027-02-06
2027-01-23,wk inc flu hosp,2,42,quantile,0.8,2165,2027-02-06
2027-01-23,wk inc flu hosp,2,42,quantile,0.85,2293,2027-02-06
2027-01-23,wk inc flu hosp,2,42,quantile,0.9,2461,2027-02-06
2027-01-23,wk inc flu hosp,2,42,quantile,0.95,2604,2027-02-06
2027-01-23,wk inc flu hosp,2,42,quantile,0.975,2831,2027-02-06
2027-01-23,wk inc flu hosp,2,42,quantile,0.99,3079,2027-02-06
2027-01-23,wk inc flu hosp,2,44,quantile,0.01,21,2027-02-06
2027-01-23,wk inc flu hosp,2,44,quantile,0.025,21,2027-02-06
2027-01-23,wk inc flu hosp,2,44,quantile,0.05,24,2027-02-06
2027-01-23,wk inc flu hosp,2,44,quantile,0.1,29,2027-02-06
2027-01-23,wk inc flu hosp,2,44,quantile,0.15,31,2027-02-06
2027-01-23,wk inc flu hosp,2,44,quantile,0.2,32,2027-02-06
2027-01-23,wk inc flu hosp,2,44,quantile,0.25,34,2027-02-06
2027-01-23,wk inc flu hosp,2,44,quantile,0.3,36,2027-02-06
2027-01-23,wk inc flu hosp,2,44,quantile,0.35,38,2027-02-06
2027-01-23,wk inc flu hosp,2,44,quantile,0.4,39,2027-02-06
2027-01-23,wk inc flu hosp,2,44,quantile,0.45,41,2027-02-06
2027-01-23,wk inc flu hosp,2,44,quantile,0.5,43,2027-02-06
2027-01-23,wk inc flu hosp,2,44,quantile,0.55,46,2027-02-06
2027-01-23,wk inc flu hosp,2,44,quantile,0.6,47,2027-02-06
2027-01-23,wk inc flu hosp,2,44,quantile,0.65,48,2027-02-06
2027-01-23,wk inc flu hosp,2,44,quantile,0.7,51,2027-02-06
2027-01-23,wk inc flu hosp,2,44,quantile,0.75,53,2027-02-06
2027-01-23,wk inc flu hosp,2,44,quantile,0.8,55,2027-02-06
2027-01-23,wk inc flu hosp,2,44,quantile,0.85,60,2027-02-06
2027-01-23,wk inc flu hosp,2,44,quantile,0.9,66,2027-02-06
2027-01-23,wk inc flu hosp,2,44,quantile,0.95,75,2027-02-06
2027-01-23,wk inc flu hosp,2,44,quantile,0.975,79,2027-02-06
2027-01-23,wk inc flu hosp,2,44,quantile,0.99,108,2027-02-06
2027-01-23,wk inc flu hosp,2,45,quantile,0.01,249,2027-02-06
2027-01-23,wk inc flu hosp,2,45,quantile,0.025,268,2027-02-06
2027-01-23,wk inc flu hosp,2,45,quantile,0.05,294,2027-02-06
2027-01-23,wk inc flu hosp,2,45,quantile,0.1,383,2027-02-06
2027-01-23,wk inc flu hosp,2,45,quantile,0.15,436,2027-02-06
2027-01-23,wk inc flu hosp,2,45,quantile,0.2,460,2027-02-06
2027-01-23,wk inc flu hosp,2,45,quantile,0.25,493,2027-02-06
2027-01-23,wk inc flu hosp,2,45,quantile,0.3,512,2027-02-06
2027-01-23,wk inc flu hosp,2,45,quantile,0.35,535,2027-02-06
2027-01-23,wk inc flu hosp,2,45,quantile,0.4,556,2027-02-06
2027-01-23,wk inc flu hosp,2,45,quantile,0.45,578,2027-02-06
2027-01-23,wk inc flu hosp,2,45,quantile,0.5,594,2027-02-06
2027-01-23,wk inc flu hosp,2,45,quantile,0.55,620,2027-02-06
2027-01-23,wk inc flu hosp,2,45,quantile,0.6,643,2027-02-06
2027-01-23,wk inc flu hosp,2,45,quantile,0.65,676,2027-02-06
2027-01-23,wk inc flu hosp,2,45,quantile,0.7,719,2027-02-06
2027-01-23,wk inc flu hosp,2,45,quantile,0.75,757,2027-02-06
2027-01-23,wk inc flu hosp,2,45,quantile,0.8,860,2027-02-06
2027-01-23,wk inc flu hosp,2,45,quantile,0.85,963,2027-02-06
2027-01-23,wk inc flu hosp,2,45,quantile,0.9,1009,2027-02-06
2027-01-23,wk inc flu hosp,2,45,quantile,0.95,1179,2027-02-06
2027-01-23,wk inc flu hosp,2,45,quantile,0.975,1451,2027-02-06
2027-01-23,wk inc flu hosp,2,45,quantile,0.99,1495,2027-02-06
2027-01-23,wk inc flu hosp,2,46,quantile,0.01,27,2027-02-06
2027-01-23,wk inc flu hosp,2,46,quantile,0.025,28,2027-02-06
2027-01-23,wk inc flu hosp,2,46,quantile,0.05,36,2027-02-06
2027-01-23,wk inc flu hosp,2,46,quantile,0.1,43,2027-02-06
2027-01-23,wk inc flu hosp,2,46,quantile,0.15,45,2027-02-06
2027-01-23,wk inc flu hosp,2,46,quantile,0.2,48,2027-02-06
2027-01-23,wk inc flu hosp,2,46,quantile,0.25,50,2027-02-06
2027-01-23,wk inc flu hosp,2,46,quantile,0.3,55,2027-02-06
2027-01-23,wk inc flu hosp,2,46,quantile,0.35,59,2027-02-06
2027-01-23,wk inc flu hosp,2,46,quantile,0.4,62,2027-02-06
2027-01-23,wk inc flu hosp,2,46,quantile,0.45,65,2027-02-06
2027-01-23,wk inc flu hosp,2,46,quantile,0.5,66,2027-02-06
2027-01-23,wk inc flu hosp,2,46,quantile,0.55,69,2027-02-06
2027-01-23,wk inc flu hosp,2,46,quantile,0.6,75,2027-02-06
2027-01-23,wk inc flu hosp,2,46,quantile,0.65,79,2027-02-06
2027-01-23,wk inc flu hosp,2,46,quantile,0.7,82,2027-02-06
2027-01-23,wk inc flu hosp,2,46,quantile,0.75,86,2027-02-06
2027-01-23,wk inc flu hosp,2,46,quantile,0.8,92,2027-02-06
2027-01-23,wk inc flu hosp,2,46,quantile,0.85,98,2027-02-06
2027-01-23,wk inc flu hosp,2,46,quantile,0.9,108,2027-02-06
2027-01-23,wk inc flu hosp,2,46,quantile,0.95,123,2027-02-06
2027-01-23,wk inc flu hosp,2,46,quantile,0.975,125,2027-02-06
2027-01-23,wk inc flu hosp,2,46,quantile,0.99,131,2027-02-06
2027-01-23,wk inc flu hosp,2,47,quantile,0.01,356,2027-02-06
2027-01-23,wk inc flu hosp,2,47,quantile,0.025,395,2027-02-06
2027-01-23,wk inc flu hosp,2,47,quantile,0.05,423,2027-02-06
2027-01-23,wk inc flu hosp,2,47,quantile,0.1,444,2027-02-06
2027-01-23,wk inc flu hosp,2,47,quantile,0.15,464,2027-02-06
2027-01-23,wk inc flu hosp,2,47,quantile,0.2,483,2027-02-06
2027-01-23,wk inc flu hosp,2,47,quantile,0.25,496,2027-02-06
2027-01-23,wk inc flu hosp,2,47,quantile,0.3,508,2027-02-06
2027-01-23,wk inc flu hosp,2,47,quantile,0.35,518,2027-02-06
2027-01-23,wk inc flu hosp,2,47,quantile,0.4,547,2027-02-06
2027-01-23,wk inc flu hosp,2,47,quantile,0.45,561,2027-02-06
2027-01-23,wk inc flu hosp,2,47,quantile,0.5,581,2027-02-06
2027-01-23,wk inc flu hosp,2,47,quantile,0.55,605,2027-02-06
2027-01-23,wk inc flu hosp,2,47,quantile,0.6,635,2027-02-06
2027-01-23,wk inc flu hosp,2,47,quantile,0.65,654,2027-02-06
2027-01-23,wk inc flu hosp,2,47,quantile,0.7,673,2027-02-06
2027-01-23,wk inc flu hosp,2,47,quantile,0.75,705,2027-02-06
2027-01-23,wk inc flu hosp,2,47,quantile,0.8,739,2027-02-06
2027-01-23,wk inc flu hosp,2,47,quantile,0.85,756,2027-02-06
2027-01-23,wk inc flu hosp,2,47,quantile,0.9,825,2027-02-06
2027-01-23,wk inc flu hosp,2,47,quantile,0.95,909,2027-02-06
2027-01-23,wk inc flu hosp,2,47,quantile,0.975,939,2027-02-06
2027-01-23,wk inc flu hosp,2,47,quantile,0.99,949,2027-02-06
2027-01-23,wk inc flu hosp,2,48,quantile,0.01,1538,2027-02-06
2027-01-23,wk inc flu hosp,2,48,quantile,0.025,1755,2027-02-06
2027-01-23,wk inc flu hosp,2,48,quantile,0.05,1926,2027-02-06
2027-01-23,wk inc flu hosp,2,48,quantile,0.1,2256,2027-02-06
2027-01-23,wk inc flu hosp,2,48,quantile,0.15,2445,2027-02-06
2027-01-23,wk inc flu hosp,2,48,quantile,0.2,2651,2027-02-06
2027-01-23,wk inc flu hosp,2,48,quantile,0.25,2849,2027-02-06
2027-01-23,wk inc flu hosp,2,48,quantile,0.3,2965,2027-02-06
2027-01-23,wk inc flu hosp,2,48,quantile,0.35,3130,2027-02-06
2027-01-23,wk inc flu hosp,2,48,quantile,0.4,3304,2027-02-06
2027-01-23,wk inc flu hosp,2,48,quantile,0.45,3458,2027-02-06
2027-01-23,wk inc flu hosp,2,48,quantile,0.5,3582,2027-02-06
2027-01-23,wk inc flu hosp,2,48,quantile,0.55,3751,2027-02-06
2027-01-23,wk inc flu hosp,2,48,quantile,0.6,3956,2027-02-06
2027-01-23,wk inc flu hosp,2,48,quantile,0.65,4184,2027-02-06
2027-01-23,wk inc flu hosp,2,48,quantile,0.7,4462,2027-02-06
2027-01-23,wk inc flu hosp,2,48,quantile,0.75,4574,2027-02-06
2027-01-23,wk inc flu hosp,2,48,quantile,0.8,4814,2027-02-06
2027-01-23,wk inc flu hosp,2,48,quantile,0.85,5005,2027-02-06
2027-01-23,wk inc flu hosp,2,48,quantile,0.9,5564,2027-02-06
2027-01-23,wk inc flu hosp,2,48,quantile,0.95,5873,2027-02-06
2027-01-23,wk inc flu hosp,2,48,quantile,0.975,6426,2027-02-06
2027-01-23,wk inc flu hosp,2,48,quantile,0.99,6909,2027-02-06
2027-01-23,wk inc flu hosp,2,49,quantile,0.01,43,2027-02-06
2027-01-23,wk inc flu hosp,2,49,quantile,0.025,44,2027-02-06
2027-01-23,wk inc flu hosp,2,49,quantile,0.05,49,2027-02-06
2027-01-23,wk inc flu hosp,2,49,quantile,0.1,54,2027-02-06
2027-01-23,wk inc flu hosp,2,49,quantile,0.15,60,2027-02-06
2027-01-23,wk inc flu hosp,2,49,quantile,0.2,64,2027-02-06
2027-01-23,wk inc flu hosp,2,49,quantile,0.25,68,2027-02-06
2027-01-23,wk inc flu hosp,2,49,quantile,0.3,71,2027-02-06
2027-01-23,wk inc flu hosp,2,49,quantile,0.35,74,2027-02-06
2027-01-23,wk inc flu hosp,2,49,quantile,0.4,77,2027-02-06
2027-01-23,wk inc flu hosp,2,49,quantile,0.45,79,2027-02-06
2027-01-23,wk inc flu hosp,2,49,quantile,0.5,82,2027-02-06
2027-01-23,wk inc flu hosp,2,49,quantile,0.55,85,2027-02-06
2027-01-23,wk inc flu hosp,2,49,quantile,0.6,89,2027-02-06
2027-01-23,wk inc flu hosp,2,49,quantile,0.65,91,2027-02-06
2027-01-23,wk inc flu hosp,2,49,quantile,0.7,95,2027-02-06
2027-01-23,wk inc flu hosp,2,49,quantile,0.75,100,2027-02-06
2027-01-23,wk inc flu hosp,2,49,quantile,0.8,103,2027-02-06
2027-01-23,wk inc flu hosp,2,49,quantile,0.85,110,2027-02-06
2027-01-23,wk inc flu hosp,2,49,quantile,0.9,124,2027-02-06
2027-01-23,wk inc flu hosp,2,49,quantile,0.95,135,2027-02-06
2027-01-23,wk inc flu hosp,2,49,quantile,0.975,142,2027-02-06
2027-01-23,wk inc flu hosp,2,49,quantile,0.99,147,2027-02-06
2027-01-23,wk inc flu hosp,2,50,quantile,0.01,16,2027-02-06
2027-01-23,wk inc flu hosp,2,50,quantile,0.025,19,2027-02-06
2027-01-23,wk inc flu hosp,2,50,quantile,0.05,24,2027-02-06
2027-01-23,wk inc flu hosp,2,50,quantile,0.1,27,2027-02-06
2027-01-23,wk inc flu hosp,2,50,quantile,0.15,30,2027-02-06
2027-01-23,wk inc flu hosp,2,50,quantile,0.2,33,2027-02-06
2027-01-23,wk inc flu hosp,2,50,quantile,0.25,36,2027-02-06
2027-01-23,wk inc flu hosp,2,50,quantile,0.3,38,2027-02-06
2027-01-23,wk inc flu hosp,2,50,quantile,0.35,40,2027-02-06
2027-01-23,wk inc flu hosp,2,50,quantile,0.4,43,2027-02-06
2027-01-23,wk inc flu hosp,2,50,quantile,0.45,44,2027-02-06
2027-01-23,wk inc flu hosp,2,50,quantile,0.5,45,2027-02-06
2027-01-23,wk inc flu hosp,2,50,quantile,0.55,47,2027-02-06
2027-01-23,wk inc flu hosp,2,50,quantile,0.6,49,2027-02-06
2027-01-23,wk inc flu hosp,2,50,quantile,0.65,50,2027-02-06
2027-01-23,wk inc flu hosp,2,50,quantile,0.7,51,2027-02-06
2027-01-23,wk inc flu hosp,2,50,quantile,0.75,53,2027-02-06
2027-01-23,wk inc flu hosp,2,50,quantile,0.8,56,2027-02-06
2027-01-23,wk inc flu hosp,2,50,quantile,0.85,59,2027-02-06
2027-01-23,wk inc flu hosp,2,50,quantile,0.9,66,2027-02-06
2027-01-23,wk inc flu hosp,2,50,quantile,0.95,76,2027-02-06
2027-01-23,wk inc flu hosp,2,50,quantile,0.975,82,2027-02-06
2027-01-23,wk inc flu hosp,2,50,quantile,0.99,89,2027-02-06
2027-01-23,wk inc flu hosp,2,51,quantile,0.01,356,2027-02-06
2027-01-23,wk inc flu hosp,2,51,quantile,0.025,367,2027-02-06
2027-01-23,wk inc flu hosp,2,51,quantile,0.05,403,2027-02-06
2027-01-23,wk inc flu hosp,2,51,quantile,0.1,457,2027-02-06
2027-01-23,wk inc flu hosp,2,51,quantile,0.15,528,2027-02-06
2027-01-23,wk inc flu hosp,2,51,quantile,0.2,548,2027-02-06
2027-01-23,wk inc flu hosp,2,51,quantile,0.25,574,2027-02-06
2027-01-23,wk inc flu hosp,2,51,quantile,0.3,603,2027-02-06
2027-01-23,wk inc flu hosp,2,51,quantile,0.35,621,2027-02-06
2027-01-23,wk inc flu hosp,2,51,quantile,0.4,639,2027-02-06
2027-01-23,wk inc flu hosp,2,51,quantile,0.45,658,2027-02-06
2027-01-23,wk inc flu hosp,2,51,quantile,0.5,684,2027-02-06
2027-01-23,wk inc flu hosp,2,51,quantile,0.55,719,2027-02-06
2027-01-23,wk inc flu hosp,2,51,quantile,0.6,749,2027-02-06
2027-01-23,wk inc flu hosp,2,51,quantile,0.65,782,2027-02-06
2027-01-23,wk inc flu hosp,2,51,quantile,0.7,853,2027-02-06
2027-01-23,wk inc flu hosp,2,51,quantile,0.75,885,2027-02-06
2027-01-23,wk inc flu hosp,2,51,quantile,0.8,938,2027-02-06
2027-01-23,wk inc flu hosp,2,51,quantile,0.85,1024,2027-02-06
2027-01-23,wk inc flu hosp,2,51,quantile,0.9,1203,2027-02-06
2027-01-23,wk inc flu hosp,2,51,quantile,0.95,1347,2027-02-06
2027-01-23,wk inc flu hosp,2,51,quantile,0.975,1490,2027-02-06
2027-01-23,wk inc flu hosp,2,51,quantile,0.99,1892,2027-02-06
2027-01-23,wk inc flu hosp,2,53,quantile,0.01,174,2027-02-06
2027-01-23,wk inc flu hosp,2,53,quantile,0.025,203,2027-02-06
2027-01-23,wk inc flu hosp,2,53,quantile,0.05,222,2027-02-06
2027-01-23,wk inc flu hosp,2,53,quantile,0.1,237,2027-02-06
2027-01-23,wk inc flu hosp,2,53,quantile,0.15,249,2027-02-06
2027-01-23,wk inc flu hosp,2,53,quantile,0.2,264,2027-02-06
2027-01-23,wk inc flu hosp,2,53,quantile,0.25,274,2027-02-06
2027-01-23,wk inc flu hosp,2,53,quantile,0.3,284,2027-02-06
2027-01-23,wk inc flu hosp,2,53,quantile,0.35,291,2027-02-06
2027-01-23,wk inc flu hosp,2,53,quantile,0.4,304,2027-02-06
2027-01-23,wk inc flu hosp,2,53,quantile,0.45,313,2027-02-06
2027-01-23,wk inc flu hosp,2,53,quantile,0.5,340,2027-02-06
2027-01-23,wk inc flu hosp,2,53,quantile,0.55,357,2027-02-06
2027-01-23,wk inc flu hosp,2,53,quantile,0.6,371,2027-02-06
2027-01-23,wk inc flu hosp,2,53,quantile,0.65,399,2027-02-06
2027-01-23,wk inc flu hosp,2,53,quantile,0.7,424,2027-02-06
2027-01-23,wk inc flu hosp,2,53,quantile,0.75,438,2027-02-06
2027-01-23,wk inc flu hosp,2,53,quantile,0.8,465,2027-02-06
2027-01-23,wk inc flu hosp,2,53,quantile,0.85,487,2027-02-06
2027-01-23,wk inc flu hosp,2,53,quantile,0.9,516,2027-02-06
2027-01-23,wk inc flu hosp,2,53,quantile,0.95,558,2027-02-06
2027-01-23,wk inc flu hosp,2,53,quantile,0.975,576,2027-02-06
2027-01-23,wk inc flu hosp,2,53,quantile,0.99,644,2027-02-06
2027-01-23,wk inc flu hosp,2,54,quantile,0.01,160,2027-02-06
2027-01-23,wk inc flu hosp,2,54,quantile,0.025,167,2027-02-06
2027-01-23,wk inc flu hosp,2,54,quantile,0.05,176,2027-02-06
2027-01-23,wk inc flu hosp,2,54,quantile,0.1,190,2027-02-06
2027-01-23,wk inc flu hosp,2,54,quantile,0.15,209,2027-02-06
2027-01-23,wk inc flu hosp,2,54,quantile,0.2,219,2027-02-06
2027-01-23,wk inc flu hosp,2,54,quantile,0.25,224,2027-02-06
2027-01-23,wk inc flu hosp,2,54,quantile,0.3,232,2027-02-06
2027-01-23,wk inc flu hosp,2,54,quantile,0.35,238,2027-02-06
2027-01-23,wk inc flu hosp,2,54,quantile,0.4,247,2027-02-06
2027-01-23,wk inc flu hosp,2,54,quantile,0.45,257,2027-02-06
2027-01-23,wk inc flu hosp,2,54,quantile,0.5,265,2027-02-06
2027-01-23,wk inc flu hosp,2,54,quantile,0.55,271,2027-02-06
2027-01-23,wk inc flu hosp,2,54,quantile,0.6,277,2027-02-06
2027-01-23,wk inc flu hosp,2,54,quantile,0.65,287,2027-02-06
2027-01-23,wk inc flu hosp,2,54,quantile,0.7,302,2027-02-06
2027-01-23,wk inc flu hosp,2,54,quantile,0.75,322,2027-02-06
2027-01-23,wk inc flu hosp,2,54,quantile,0.8,343,2027-02-06
2027-01-23,wk inc flu hosp,2,54,quantile,0.85,356,2027-02-06
2027-01-23,wk inc flu hosp,2,54,quantile,0.9,370,2027-02-06
2027-01-23,wk inc flu hosp,2,54,quantile,0.95,416,2027-02-06
2027-01-23,wk inc flu hosp,2,54,quantile,0.975,481,2027-02-06
2027-01-23,wk inc flu hosp,2,54,quantile,0.99,523,2027-02-06
2027-01-23,wk inc flu hosp,2,55,quantile,0.01,285,2027-02-06
2027-01-23,wk inc flu hosp,2,55,quantile,0.025,312,2027-02-06
2027-01-23,wk inc flu hosp,2,55,quantile,0.05,373,2027-02-06
2027-01-23,wk inc flu hosp,2,55,quantile,0.1,418,2027-02-06
2027-01-23,wk inc flu hosp,2,55,quantile,0.15,442,2027-02-06
2027-01-23,wk inc flu hosp,2,55,quantile,0.2,468,2027-02-06
2027-01-23,wk inc flu hosp,2,55,quantile,0.25,490,2027-02-06
2027-01-23,wk inc flu hosp,2,55,quantile,0.3,509,2027-02-06
2027-01-23,wk inc flu hosp,2,55,quantile,0.35,527,2027-02-06
2027-01-23,wk inc flu hosp,2,55,quantile,0.4,542,2027-02-06
2027-01-23,wk inc flu hosp,2,55,quantile,0.45,561,2027-02-06
2027-01-23,wk inc flu hosp,2,55,quantile,0.5,570,2027-02-06
2027-01-23,wk inc flu hosp,2,55,quantile,0.55,582,2027-02-06
2027-01-23,wk inc flu hosp,2,55,quantile,0.6,595,2027-02-06
2027-01-23,wk inc flu hosp,2,55,quantile,0.65,618,2027-02-06
2027-01-23,wk inc flu hosp,2,55,quantile,0.7,646,2027-02-06
2027-01-23,wk inc flu hosp,2,55,quantile,0.75,683,2027-02-06
2027-01-23,wk inc flu hosp,2,55,quantile,0.8,704,2027-02-06
2027-01-23,wk inc flu hosp,2,55,quantile,0.85,726,2027-02-06
2027-01-23,wk inc flu hosp,2,55,quantile,0.9,757,2027-02-06
2027-01-23,wk inc flu hosp,2,55,quantile,0.95,813,2027-02-06
2027-01-23,wk inc flu hosp,2,55,quantile,0.975,827,2027-02-06
2027-01-23,wk inc flu hosp,2,55,quantile,0.99,918,2027-02-06
2027-01-23,wk inc flu hosp,2,56,quantile,0.01,23,2027-02-06
2027-01-23,wk inc flu hosp,2,56,quantile,0.025,25,2027-02-06
2027-01-23,wk inc flu hosp,2,56,quantile,0.05,29,2027-02-06
2027-01-23,wk inc flu hosp,2,56,quantile,0.1,32,2027-02-06
2027-01-23,wk inc flu hosp,2,56,quantile,0.15,36,2027-02-06
2027-01-23,wk inc flu hosp,2,56,quantile,0.2,39,2027-02-06
2027-01-23,wk inc flu hosp,2,56,quantile,0.25,41,2027-02-06
2027-01-23,wk inc flu hosp,2,56,quantile,0.3,43,2027-02-06
2027-01-23,wk inc flu hosp,2,56,quantile,0.35,46,2027-02-06
2027-01-23,wk inc flu hosp,2,56,quantile,0.4,48,2027-02-06
2027-01-23,wk inc flu hosp,2,56,quantile,0.45,51,2027-02-06
2027-01-23,wk inc flu hosp,2,56,quantile,0.5,54,2027-02-06
2027-01-23,wk inc flu hosp,2,56,quantile,0.55,57,2027-02-06
2027-01-23,wk inc flu hosp,2,56,quantile,0.6,62,2027-02-06
2027-01-23,wk inc flu hosp,2,56,quantile,0.65,69,2027-02-06
2027-01-23,wk inc flu hosp,2,56,quantile,0.7,72,2027-02-06
2027-01-23,wk inc flu hosp,2,56,quantile,0.75,76,2027-02-06
2027-01-23,wk inc flu hosp,2,56,quantile,0.8,79,2027-02-06
2027-01-23,wk inc flu hosp,2,56,quantile,0.85,82,2027-02-06
2027-01-23,wk inc flu hosp,2,56,quantile,0.9,86,2027-02-06
2027-01-23,wk inc flu hosp,2,56,quantile,0.95,105,2027-02-06
2027-01-23,wk inc flu hosp,2,56,quantile,0.975,116,2027-02-06
2027-01-23,wk inc flu hosp,2,56,quantile,0.99,128,2027-02-06
2027-01-23,wk inc flu hosp,2,72,quantile,0.01,26,2027-02-06
2027-01-23,wk inc flu hosp,2,72,quantile,0.025,29,2027-02-06
2027-01-23,wk inc flu hosp,2,72,quantile,0.05,33,2027-02-06
2027-01-23,wk inc flu hosp,2,72,quantile,0.1,39,2027-02-06
2027-01-23,wk inc flu hosp,2,72,quantile,0.15,52,2027-02-06
2027-01-23,wk inc flu hosp,2,72,quantile,0.2,59,2027-02-06
2027-01-23,wk inc flu hosp,2,72,quantile,0.25,65,2027-02-06
2027-01-23,wk inc flu hosp,2,72,quantile,0.3,75,2027-02-06
2027-01-23,wk inc flu hosp,2,72,quantile,0.35,80,2027-02-06
2027-01-23,wk inc flu hosp,2,72,quantile,0.4,84,2027-02-06
2027-01-23,wk inc flu hosp,2,72,quantile,0.45,88,2027-02-06
2027-01-23,wk inc flu hosp,2,72,quantile,0.5,93,2027-02-06
2027-01-23,wk inc flu hosp,2,72,quantile,0.55,96,2027-02-06
2027-01-23,wk inc flu hosp,2,72,quantile,0.6,101,2027-02-06
2027-01-23,wk inc flu hosp,2,72,quantile,0.65,107,2027-02-06
2027-01-23,wk inc flu hosp,2,72,quantile,0.7,114,2027-02-06
2027-01-23,wk inc flu hosp,2,72,quantile,0.75,120,2027-02-06
2027-01-23,wk inc flu hosp,2,72,quantile,0.8,126,2027-02-06
2027-01-23,wk inc flu hosp,2,72,quantile,0.85,135,2027-02-06
2027-01-23,wk inc flu hosp,2,72,quantile,0.9,157,2027-02-06
2027-01-23,wk inc flu hosp,2,72,quantile,0.95,189,2027-02-06
2027-01-23,wk inc flu hosp,2,72,quantile,0.975,207,2027-02-06
2027-01-23,wk inc flu hosp,2,72,quantile,0.99,214,2027-02-06
2027-01-23,wk inc flu hosp,2,USA,quantile,0.01,17674,2027-02-06
2027-01-23,wk inc flu hosp,2,USA,quantile,0.025,18201,2027-02-06
2027-01-23,wk inc flu hosp,2,USA,quantile,0.05,23560,2027-02-06
2027-01-23,wk inc flu hosp,2,USA,quantile,0.1,25248,2027-02-06
2027-01-23,wk inc flu hosp,2,USA,quantile,0.15,26820,2027-02-06
2027-01-23,wk inc flu hosp,2,USA,quantile,0.2,27493,2027-02-06
2027-01-23,wk inc flu hosp,2,USA,quantile,0.25,27788,2027-02-06
2027-01-23,wk inc flu hosp,2,USA,quantile,0.3,28166,2027-02-06
2027-01-23,wk inc flu hosp,2,USA,quantile,0.35,28480,2027-02-06
2027-01-23,wk inc flu hosp,2,USA,quantile,0.4,28899,2027-02-06
2027-01-23,wk inc flu hosp,2,USA,quantile,0.45,29224,2027-02-06
2027-01-23,wk inc flu hosp,2,USA,quantile,0.5,29573,2027-02-06
2027-01-23,wk inc flu hosp,2,USA,quantile,0.55,29853,2027-02-06
2027-01-23,wk inc flu hosp,2,USA,quantile,0.6,30211,2027-02-06
2027-01-23,wk inc flu hosp,2,USA,quantile,0.65,30788,2027-02-06
2027-01-23,wk inc flu hosp,2,USA,quantile,0.7,31278,2027-02-06
2027-01-23,wk inc flu hosp,2,USA,quantile,0.75,31576,2027-02-06
2027-01-23,wk inc flu hosp,2,USA,quantile,0.8,32018,2027-02-06
2027-01-23,wk inc flu hosp,2,USA,quantile,0.85,32612,2027-02-06
2027-01-23,wk inc flu hosp,2,USA,quantile,0.9,33195,2027-02-06
2027-01-23,wk inc flu hosp,2,USA,quantile,0.95,34603,2027-02-06
2027-01-23,wk inc flu hosp,2,USA,quantile,0.975,35315,2027-02-06
2027-01-23,wk inc flu hosp,2,USA,quantile,0.99,36451,2027-02-06
2027-01-23,wk inc flu hosp,3,01,quantile,0.01,149,2027-02-13
2027-01-23,wk inc flu hosp,3,01,quantile,0.025,202,2027-02-13
2027-01-23,wk inc flu hosp,3,01,quantile,0.05,276,2027-02-13
2027-01-23,wk inc flu hosp,3,01,quantile,0.1,334,2027-02-13
2027-01-23,wk inc flu hosp,3,01,quantile,0.15,371,2027-02-13
2027-01-23,wk inc flu hosp,3,01,quantile,0.2,400,2027-02-13
2027-01-23,wk inc flu hosp,3,01,quantile,0.25,416,2027-02-13
2027-01-23,wk inc flu hosp,3,01,quantile,0.3,436,2027-02-13
2027-01-23,wk inc flu hosp,3,01,quantile,0.35,455,2027-02-13
2027-01-23,wk inc flu hosp,3,01,quantile,0.4,469,2027-02-13
2027-01-23,wk inc flu hosp,3,01,quantile,0.45,490,2027-02-13
2027-01-23,wk inc flu hosp,3,01,quantile,0.5,495,2027-02-13
2027-01-23,wk inc flu hosp,3,01,quantile,0.55,522,2027-02-13
2027-01-23,wk inc flu hosp,3,01,quantile,0.6,542,2027-02-13
2027-01-23,wk inc flu hosp,3,01,quantile,0.65,571,2027-02-13
2027-01-23,wk inc flu hosp,3,01,quantile,0.7,595,2027-02-13
2027-01-23,wk inc flu hosp,3,01,quantile,0.75,623,2027-02-13
2027-01-23,wk inc flu hosp,3,01,quantile,0.8,673,2027-02-13
2027-01-23,wk inc flu hosp,3,01,quantile,0.85,706,2027-02-13
2027-01-23,wk inc flu hosp,3,01,quantile,0.9,762,2027-02-13
2027-01-23,wk inc flu hosp,3,01,quantile,0.95,824,2027-02-13
2027-01-23,wk inc flu hosp,3,01,quantile,0.975,945,2027-02-13
2027-01-23,wk inc flu hosp,3,01,quantile,0.99,1014,2027-02-13
2027-01-23,wk inc flu hosp,3,02,quantile,0.01,1,2027-02-13
2027-01-23,wk inc flu hosp,3,02,quantile,0.025,1,2027-02-13
2027-01-23,wk inc flu hosp,3,02,quantile,0.05,2,2027-02-13
2027-01-23,wk inc flu hosp,3,02,quantile,0.1,5,2027-02-13
2027-01-23,wk inc flu hosp,3,02,quantile,0.15,7,2027-02-13
2027-01-23,wk inc flu hosp,3,02,quantile,0.2,8,2027-02-13
2027-01-23,wk inc flu hosp,3,02,quantile,0.25,9,2027-02-13
2027-01-23,wk inc flu hosp,3,02,quantile,0.3,11,2027-02-13
2027-01-23,wk inc flu hosp,3,02,quantile,0.35,12,2027-02-13
2027-01-23,wk inc flu hosp,3,02,quantile,0.4,13,2027-02-13
2027-01-23,wk inc flu hosp,3,02,quantile,0.45,15,2027-02-13
2027-01-23,wk inc flu hosp,3,02,quantile,0.5,16,2027-02-13
2027-01-23,wk inc flu hosp,3,02,quantile,0.55,17,2027-02-13
2027-01-23,wk inc flu hosp,3,02,quantile,0.6,20,2027-02-13
2027-01-23,wk inc flu hosp,3,02,quantile,0.65,22,2027-02-13
2027-01-23,wk inc flu hosp,3,02,quantile,0.7,25,2027-02-13
2027-01-23,wk inc flu hosp,3,02,quantile,0.75,29,2027-02-13
2027-01-23,wk inc flu hosp,3,02,quantile,0.8,33,2027-02-13
2027-01-23,wk inc flu hosp,3,02,quantile,0.85,37,2027-02-13
2027-01-23,wk inc flu hosp,3,02,quantile,0.9,46,2027-02-13
2027-01-23,wk inc flu hosp,3,02,quantile,0.95,61,2027-02-13
2027-01-23,wk inc flu hosp,3,02,quantile,0.975,68,2027-02-13
2027-01-23,wk inc flu hosp,3,02,quantile,0.99,83,2027-02-13
2027-01-23,wk inc flu hosp,3,04,quantile,0.01,216,2027-02-13
2027-01-23,wk inc flu hosp,3,04,quantile,0.025,228,2027-02-13
2027-01-23,wk inc flu hosp,3,04,quantile,0.05,268,2027-02-13
2027-01-23,wk inc flu hosp,3,04,quantile,0.1,327,2027-02-13
2027-01-23,wk inc flu hosp,3,04,quantile,0.15,371,2027-02-13
2027-01-23,wk inc flu hosp,3,04,quantile,0.2,398,2027-02-13
2027-01-23,wk inc flu hosp,3,04,quantile,0.25,418,2027-02-13
2027-01-23,wk inc flu hosp,3,04,quantile,0.3,457,2027-02-13
2027-01-23,wk inc flu hosp,3,04,quantile,0.35,478,2027-02-13
2027-01-23,wk inc flu hosp,3,04,quantile,0.4,504,2027-02-13
2027-01-23,wk inc flu hosp,3,04,quantile,0.45,517,2027-02-13
2027-01-23,wk inc flu hosp,3,04,quantile,0.5,535,2027-02-13
2027-01-23,wk inc flu hosp,3,04,quantile,0.55,554,2027-02-13
2027-01-23,wk inc flu hosp,3,04,quantile,0.6,583,2027-02-13
2027-01-23,wk inc flu hosp,3,04,quantile,0.65,630,2027-02-13
2027-01-23,wk inc flu hosp,3,04,quantile,0.7,666,2027-02-13
2027-01-23,wk inc flu hosp,3,04,quantile,0.75,692,2027-02-13
2027-01-23,wk inc flu hosp,3,04,quantile,0.8,744,2027-02-13
2027-01-23,wk inc flu hosp,3,04,quantile,0.85,784,2027-02-13
2027-01-23,wk inc flu hosp,3,04,quantile,0.9,858,2027-02-13
2027-01-23,wk inc flu hosp,3,04,quantile,0.95,971,2027-02-13
2027-01-23,wk inc flu hosp,3,04,quantile,0.975,1085,2027-02-13
2027-01-23,wk inc flu hosp,3,04,quantile,0.99,1154,2027-02-13
2027-01-23,wk inc flu hosp,3,05,quantile,0.01,322,2027-02-13
2027-01-23,wk inc flu hosp,3,05,quantile,0.025,345,2027-02-13
2027-01-23,wk inc flu hosp,3,05,quantile,0.05,435,2027-02-13
2027-01-23,wk inc flu hosp,3,05,quantile,0.1,471,2027-02-13
2027-01-23,wk inc flu hosp,3,05,quantile,0.15,544,2027-02-13
2027-01-23,wk inc flu hosp,3,05,quantile,0.2,591,2027-02-13
2027-01-23,wk inc flu hosp,3,05,quantile,0.25,652,2027-02-13
2027-01-23,wk inc flu hosp,3,05,quantile,0.3,706,2027-02-13
2027-01-23,wk inc flu hosp,3,05,quantile,0.35,727,2027-02-13
2027-01-23,wk inc flu hosp,3,05,quantile,0.4,745,2027-02-13
2027-01-23,wk inc flu hosp,3,05,quantile,0.45,786,2027-02-13
2027-01-23,wk inc flu hosp,3,05,quantile,0.5,816,2027-02-13
2027-01-23,wk inc flu hosp,3,05,quantile,0.55,867,2027-02-13
2027-01-23,wk inc flu hosp,3,05,quantile,0.6,897,2027-02-13
2027-01-23,wk inc flu hosp,3,05,quantile,0.65,950,2027-02-13
2027-01-23,wk inc flu hosp,3,05,quantile,0.7,976,2027-02-13
2027-01-23,wk inc flu hosp,3,05,quantile,0.75,1034,2027-02-13
2027-01-23,wk inc flu hosp,3,05,quantile,0.8,1072,2027-02-13
2027-01-23,wk inc flu hosp,3,05,quantile,0.85,1146,2027-02-13
2027-01-23,wk inc flu hosp,3,05,quantile,0.9,1222,2027-02-13
2027-01-23,wk inc flu hosp,3,05,quantile,0.95,1382,2027-02-13
2027-01-23,wk inc flu hosp,3,05,quantile,0.975,1496,2027-02-13
2027-01-23,wk inc flu hosp,3,05,quantile,0.99,1743,2027-02-13
2027-01-23,wk inc flu hosp,3,06,quantile,0.01,1129,2027-02-13
2027-01-23,wk inc flu hosp,3,06,quantile,0.025,1206,2027-02-13
2027-01-23,wk inc flu hosp,3,06,quantile,0.05,1296,2027-02-13
2027-01-23,wk inc flu hosp,3,06,quantile,0.1,1468,2027-02-13
2027-01-23,wk inc flu hosp,3,06,quantile,0.15,1609,2027-02-13
2027-01-23,wk inc flu hosp,3,06,quantile,0.2,1664,2027-02-13
2027-01-23,wk inc flu hosp,3,06,quantile,0.25,1738,2027-02-13
2027-01-23,wk inc flu hosp,3,06,quantile,0.3,1806,2027-02-13
2027-01-23,wk inc flu hosp,3,06,quantile,0.35,1871,2027-02-13
2027-01-23,wk inc flu hosp,3,06,quantile,0.4,1976,2027-02-13
2027-01-23,wk inc flu hosp,3,06,quantile,0.45,2040,2027-02-13
2027-01-23,wk inc flu hosp,3,06,quantile,0.5,2144,2027-02-13
2027-01-23,wk inc flu hosp,3,06,quantile,0.55,2257,2027-02-13
2027-01-23,wk inc flu hosp,3,06,quantile,0.6,2312,2027-02-13
2027-01-23,wk inc flu hosp,3,06,quantile,0.65,2412,2027-02-13
2027-01-23,wk inc flu hosp,3,06,quantile,0.7,2535,2027-02-13
2027-01-23,wk inc flu hosp,3,06,quantile,0.75,2581,2027-02-13
2027-01-23,wk inc flu hosp,3,06,quantile,0.8,2779,2027-02-13
2027-01-23,wk inc flu hosp,3,06,quantile,0.85,2874,2027-02-13
2027-01-23,wk inc flu hosp,3,06,quantile,0.9,3038,2027-02-13
2027-01-23,wk inc flu hosp,3,06,quantile,0.95,3815,2027-02-13
2027-01-23,wk inc flu hosp,3,06,quantile,0.975,4139,2027-02-13
2027-01-23,wk inc flu hosp,3,06,quantile,0.99,4197,2027-02-13
2027-01-23,wk inc flu hosp,3,08,quantile,0.01,138,2027-02-13
2027-01-23,wk inc flu hosp,3,08,quantile,0.025,152,2027-02-13
2027-01-23,wk inc flu hosp,3,08,quantile,0.05,163,2027-02-13
2027-01-23,wk inc flu hosp,3,08,quantile,0.1,184,2027-02-13
2027-01-23,wk inc flu hosp,3,08,quantile,0.15,192,2027-02-13
2027-01-23,wk inc flu hosp,3,08,quantile,0.2,208,2027-02-13
2027-01-23,wk inc flu hosp,3,08,quantile,0.25,218,2027-02-13
2027-01-23,wk inc flu hosp,3,08,quantile,0.3,228,2027-02-13
2027-01-23,wk inc flu hosp,3,08,quantile,0.35,240,2027-02-13
2027-01-23,wk inc flu hosp,3,08,quantile,0.4,251,2027-02-13
2027-01-23,wk inc flu hosp,3,08,quantile,0.45,260,2027-02-13
2027-01-23,wk inc flu hosp,3,08,quantile,0.5,269,2027-02-13
2027-01-23,wk inc flu hosp,3,08,quantile,0.55,277,2027-02-13
2027-01-23,wk inc flu hosp,3,08,quantile,0.6,294,2027-02-13
2027-01-23,wk inc flu hosp,3,08,quantile,0.65,309,2027-02-13
2027-01-23,wk inc flu hosp,3,08,quantile,0.7,317,2027-02-13
2027-01-23,wk inc flu hosp,3,08,quantile,0.75,339,2027-02-13
2027-01-23,wk inc flu hosp,3,08,quantile,0.8,345,2027-02-13
2027-01-23,wk inc flu hosp,3,08,quantile,0.85,367,2027-02-13
2027-01-23,wk inc flu hosp,3,08,quantile,0.9,393,2027-02-13
2027-01-23,wk inc flu hosp,3,08,quantile,0.95,432,2027-02-13
2027-01-23,wk inc flu hosp,3,08,quantile,0.975,507,2027-02-13
2027-01-23,wk inc flu hosp,3,08,quantile,0.99,576,2027-02-13
2027-01-23,wk inc flu hosp,3,09,quantile,0.01,67,2027-02-13
2027-01-23,wk inc flu hosp,3,09,quantile,0.025,75,2027-02-13
2027-01-23,wk inc flu hosp,3,09,quantile,0.05,83,2027-02-13
2027-01-23,wk inc flu hosp,3,09,quantile,0.1,104,2027-02-13
2027-01-23,wk inc flu hosp,3,09,quantile,0.15,122,2027-02-13
2027-01-23,wk inc flu hosp,3,09,quantile,0.2,130,2027-02-13
2027-01-23,wk inc flu hosp,3,09,quantile,0.25,137,2027-02-13
2027-01-23,wk inc flu hosp,3,09,quantile,0.3,146,2027-02-13
2027-01-23,wk inc flu hosp,3,09,quantile,0.35,159,2027-02-13
2027-01-23,wk inc flu hosp,3,09,quantile,0.4,171,2027-02-13
2027-01-23,wk inc flu hosp,3,09,quantile,0.45,181,2027-02-13
2027-01-23,wk inc flu hosp,3,09,quantile,0.5,190,2027-02-13
2027-01-23,wk inc flu hosp,3,09,quantile,0.55,198,2027-02-13
2027-01-23,wk inc flu hosp,3,09,quantile,0.6,204,2027-02-13
2027-01-23,wk inc flu hosp,3,09,quantile,0.65,219,2027-02-13
2027-01-23,wk inc flu hosp,3,09,quantile,0.7,234,2027-02-13
2027-01-23,wk inc flu hosp,3,09,quantile,0.75,247,2027-02-13
2027-01-23,wk inc flu hosp,3,09,quantile,0.8,255,2027-02-13
2027-01-23,wk inc flu hosp,3,09,quantile,0.85,272,2027-02-13
2027-01-23,wk inc flu hosp,3,09,quantile,0.9,292,2027-02-13
2027-01-23,wk inc flu hosp,3,09,quantile,0.95,322,2027-02-13
2027-01-23,wk inc flu hosp,3,09,quantile,0.975,378,2027-02-13
2027-01-23,wk inc flu hosp,3,09,quantile,0.99,457,2027-02-13
2027-01-23,wk inc flu hosp,3,10,quantile,0.01,36,2027-02-13
2027-01-23,wk inc flu hosp,3,10,quantile,0.025,39,2027-02-13
2027-01-23,wk inc flu hosp,3,10,quantile,0.05,43,2027-02-13
2027-01-23,wk inc flu hosp,3,10,quantile,0.1,47,2027-02-13
2027-01-23,wk inc flu hosp,3,10,quantile,0.15,51,2027-02-13
2027-01-23,wk inc flu hosp,3,10,quantile,0.2,53,2027-02-13
2027-01-23,wk inc flu hosp,3,10,quantile,0.25,58,2027-02-13
2027-01-23,wk inc flu hosp,3,10,quantile,0.3,64,2027-02-13
2027-01-23,wk inc flu hosp,3,10,quantile,0.35,67,2027-02-13
2027-01-23,wk inc flu hosp,3,10,quantile,0.4,70,2027-02-13
2027-01-23,wk inc flu hosp,3,10,quantile,0.45,72,2027-02-13
2027-01-23,wk inc flu hosp,3,10,quantile,0.5,76,2027-02-13
2027-01-23,wk inc flu hosp,3,10,quantile,0.55,79,2027-02-13
2027-01-23,wk inc flu hosp,3,10,quantile,0.6,81,2027-02-13
2027-01-23,wk inc flu hosp,3,10,quantile,0.65,86,2027-02-13
2027-01-23,wk inc flu hosp,3,10,quantile,0.7,89,2027-02-13
2027-01-23,wk inc flu hosp,3,10,quantile,0.75,94,2027-02-13
2027-01-23,wk inc flu hosp,3,10,quantile,0.8,102,2027-02-13
2027-01-23,wk inc flu hosp,3,10,quantile,0.85,107,2027-02-13
2027-01-23,wk inc flu hosp,3,10,quantile,0.9,125,2027-02-13
2027-01-23,wk inc flu hosp,3,10,quantile,0.95,134,2027-02-13
2027-01-23,wk inc flu hosp,3,10,quantile,0.975,149,2027-02-13
2027-01-23,wk inc flu hosp,3,10,quantile,0.99,165,2027-02-13
2027-01-23,wk inc flu hosp,3,11,quantile,0.01,71,2027-02-13
2027-01-23,wk inc flu hosp,3,11,quantile,0.025,81,2027-02-13
2027-01-23,wk inc flu hosp,3,11,quantile,0.05,99,2027-02-13
2027-01-23,wk inc flu hosp,3,11,quantile,0.1,120,2027-02-13
2027-01-23,wk inc flu hosp,3,11,quantile,0.15,144,2027-02-13
2027-01-23,wk inc flu hosp,3,11,quantile,0.2,159,2027-02-13
2027-01-23,wk inc flu hosp,3,11,quantile,0.25,187,2027-02-13
2027-01-23,wk inc flu hosp,3,11,quantile,0.3,204,2027-02-13
2027-01-23,wk inc flu hosp,3,11,quantile,0.35,216,2027-02-13
2027-01-23,wk inc flu hosp,3,11,quantile,0.4,239,2027-02-13
2027-01-23,wk inc flu hosp,3,11,quantile,0.45,262,2027-02-13
2027-01-23,wk inc flu hosp,3,11,quantile,0.5,278,2027-02-13
2027-01-23,wk inc flu hosp,3,11,quantile,0.55,287,2027-02-13
2027-01-23,wk inc flu hosp,3,11,quantile,0.6,323,2027-02-13
2027-01-23,wk inc flu hosp,3,11,quantile,0.65,335,2027-02-13
2027-01-23,wk inc flu hosp,3,11,quantile,0.7,363,2027-02-13
2027-01-23,wk inc flu hosp,3,11,quantile,0.75,382,2027-02-13
2027-01-23,wk inc flu hosp,3,11,quantile,0.8,420,2027-02-13
2027-01-23,wk inc flu hosp,3,11,quantile,0.85,473,2027-02-13
2027-01-23,wk inc flu hosp,3,11,quantile,0.9,569,2027-02-13
2027-01-23,wk inc flu hosp,3,11,quantile,0.95,706,2027-02-13
2027-01-23,wk inc flu hosp,3,11,quantile,0.975,728,2027-02-13
2027-01-23,wk inc flu hosp,3,11,quantile,0.99,883,2027-02-13
2027-01-23,wk inc flu hosp,3,12,quantile,0.01,954,2027-02-13
2027-01-23,wk inc flu hosp,3,12,quantile,0.025,1050,2027-02-13
2027-01-23,wk inc flu hosp,3,12,quantile,0.05,1138,2027-02-13
2027-01-23,wk inc flu hosp,3,12,quantile,0.1,1322,2027-02-13
2027-01-23,wk inc flu hosp,3,12,quantile,0.15,1482,2027-02-13
2027-01-23,wk inc flu hosp,3,12,quantile,0.2,1578,2027-02-13
2027-01-23,wk inc flu hosp,3,12,quantile,0.25,1695,2027-02-13
2027-01-23,wk inc flu hosp,3,12,quantile,0.3,1779,2027-02-13
2027-01-23,wk inc flu hosp,3,12,quantile,0.35,1912,2027-02-13
2027-01-23,wk inc flu hosp,3,12,quantile,0.4,1972,2027-02-13
2027-01-23,wk inc flu hosp,3,12,quantile,0.45,2068,2027-02-13
2027-01-23,wk inc flu hosp,3,12,quantile,0.5,2133,2027-02-13
2027-01-23,wk inc flu hosp,3,12,quantile,0.55,2210,2027-02-13
2027-01-23,wk inc flu hosp,3,12,quantile,0.6,2286,2027-02-13
2027-01-23,wk inc flu hosp,3,12,quantile,0.65,2331,2027-02-13
2027-01-23,wk inc flu hosp,3,12,quantile,0.7,2443,2027-02-13
2027-01-23,wk inc flu hosp,3,12,quantile,0.75,2544,2027-02-13
2027-01-23,wk inc flu hosp,3,12,quantile,0.8,2644,2027-02-13
2027-01-23,wk inc flu hosp,3,12,quantile,0.85,2897,2027-02-13
2027-01-23,wk inc flu hosp,3,12,quantile,0.9,3010,2027-02-13
2027-01-23,wk inc flu hosp,3,12,quantile,0.95,3375,2027-02-13
2027-01-23,wk inc flu hosp,3,12,quantile,0.975,3862,2027-02-13
2027-01-23,wk inc flu hosp,3,12,quantile,0.99,4090,2027-02-13
2027-01-23,wk inc flu hosp,3,13,quantile,0.01,351,2027-02-13
2027-01-23,wk inc flu hosp,3,13,quantile,0.025,398,2027-02-13
2027-01-23,wk inc flu hosp,3,13,quantile,0.05,518,2027-02-13
2027-01-23,wk inc flu hosp,3,13,quantile,0.1,587,2027-02-13
2027-01-23,wk inc flu hosp,3,13,quantile,0.15,620,2027-02-13
2027-01-23,wk inc flu hosp,3,13,quantile,0.2,691,2027-02-13
2027-01-23,wk inc flu hosp,3,13,quantile,0.25,724,2027-02-13
2027-01-23,wk inc flu hosp,3,13,quantile,0.3,740,2027-02-13
2027-01-23,wk inc flu hosp,3,13,quantile,0.35,783,2027-02-13
2027-01-23,wk inc flu hosp,3,13,quantile,0.4,810,2027-02-13
2027-01-23,wk inc flu hosp,3,13,quantile,0.45,831,2027-02-13
2027-01-23,wk inc flu hosp,3,13,quantile,0.5,853,2027-02-13
2027-01-23,wk inc flu hosp,3,13,quantile,0.55,899,2027-02-13
2027-01-23,wk inc flu hosp,3,13,quantile,0.6,938,2027-02-13
2027-01-23,wk inc flu hosp,3,13,quantile,0.65,981,2027-02-13
2027-01-23,wk inc flu hosp,3,13,quantile,0.7,1014,2027-02-13
2027-01-23,wk inc flu hosp,3,13,quantile,0.75,1058,2027-02-13
2027-01-23,wk inc flu hosp,3,13,quantile,0.8,1125,2027-02-13
2027-01-23,wk inc flu hosp,3,13,quantile,0.85,1275,2027-02-13
2027-01-23,wk inc flu hosp,3,13,quantile,0.9,1393,2027-02-13
2027-01-23,wk inc flu hosp,3,13,quantile,0.95,1601,2027-02-13
2027-01-23,wk inc flu hosp,3,13,quantile,0.975,1697,2027-02-13
2027-01-23,wk inc flu hosp,3,13,quantile,0.99,1874,2027-02-13
2027-01-23,wk inc flu hosp,3,15,quantile,0.01,11,2027-02-13
2027-01-23,wk inc flu hosp,3,15,quantile,0.025,13,2027-02-13
2027-01-23,wk inc flu hosp,3,15,quantile,0.05,15,2027-02-13
2027-01-23,wk inc flu hosp,3,15,quantile,0.1,21,2027-02-13
2027-01-23,wk inc flu hosp,3,15,quantile,0.15,24,2027-02-13
2027-01-23,wk inc flu hosp,3,15,quantile,0.2,25,2027-02-13
2027-01-23,wk inc flu hosp,3,15,quantile,0.25,28,2027-02-13
2027-01-23,wk inc flu hosp,3,15,quantile,0.3,29,2027-02-13
2027-01-23,wk inc flu hosp,3,15,quantile,0.35,31,2027-02-13
2027-01-23,wk inc flu hosp,3,15,quantile,0.4,33,2027-02-13
2027-01-23,wk inc flu hosp,3,15,quantile,0.45,36,2027-02-13
2027-01-23,wk inc flu hosp,3,15,quantile,0.5,38,2027-02-13
2027-01-23,wk inc flu hosp,3,15,quantile,0.55,39,2027-02-13
2027-01-23,wk inc flu hosp,3,15,quantile,0.6,42,2027-02-13
2027-01-23,wk inc flu hosp,3,15,quantile,0.65,44,2027-02-13
2027-01-23,wk inc flu hosp,3,15,quantile,0.7,47,2027-02-13
2027-01-23,wk inc flu hosp,3,15,quantile,0.75,52,2027-02-13
2027-01-23,wk inc flu hosp,3,15,quantile,0.8,55,2027-02-13
2027-01-23,wk inc flu hosp,3,15,quantile,0.85,59,2027-02-13
2027-01-23,wk inc flu hosp,3,15,quantile,0.9,64,2027-02-13
2027-01-23,wk inc flu hosp,3,15,quantile,0.95,75,2027-02-13
2027-01-23,wk inc flu hosp,3,15,quantile,0.975,85,2027-02-13
2027-01-23,wk inc flu hosp,3,15,quantile,0.99,90,2027-02-13
2027-01-23,wk inc flu hosp,3,16,quantile,0.01,30,2027-02-13
2027-01-23,wk inc flu hosp,3,16,quantile,0.025,38,2027-02-13
2027-01-23,wk inc flu hosp,3,16,quantile,0.05,47,2027-02-13
2027-01-23,wk inc flu hosp,3,16,quantile,0.1,57,2027-02-13
2027-01-23,wk inc flu hosp,3,16,quantile,0.15,62,2027-02-13
2027-01-23,wk inc flu hosp,3,16,quantile,0.2,68,2027-02-13
2027-01-23,wk inc flu hosp,3,16,quantile,0.25,72,2027-02-13
2027-01-23,wk inc flu hosp,3,16,quantile,0.3,76,2027-02-13
2027-01-23,wk inc flu hosp,3,16,quantile,0.35,78,2027-02-13
2027-01-23,wk inc flu hosp,3,16,quantile,0.4,82,2027-02-13
2027-01-23,wk inc flu hosp,3,16,quantile,0.45,85,2027-02-13
2027-01-23,wk inc flu hosp,3,16,quantile,0.5,88,2027-02-13
2027-01-23,wk inc flu hosp,3,16,quantile,0.55,93,2027-02-13
2027-01-23,wk inc flu hosp,3,16,quantile,0.6,97,2027-02-13
2027-01-23,wk inc flu hosp,3,16,quantile,0.65,102,2027-02-13
2027-01-23,wk inc flu hosp,3,16,quantile,0.7,105,2027-02-13
2027-01-23,wk inc flu hosp,3,16,quantile,0.75,109,2027-02-13
2027-01-23,wk inc flu hosp,3,16,quantile,0.8,113,2027-02-13
2027-01-23,wk inc flu hosp,3,16,quantile,0.85,125,2027-02-13
2027-01-23,wk inc flu hosp,3,16,quantile,0.9,134,2027-02-13
2027-01-23,wk inc flu hosp,3,16,quantile,0.95,156,2027-02-13
2027-01-23,wk inc flu hosp,3,16,quantile,0.975,169,2027-02-13
2027-01-23,wk inc flu hosp,3,16,quantile,0.99,180,2027-02-13
2027-01-23,wk inc flu hosp,3,17,quantile,0.01,418,2027-02-13
2027-01-23,wk inc flu hosp,3,17,quantile,0.025,560,2027-02-13
2027-01-23,wk inc flu hosp,3,17,quantile,0.05,641,2027-02-13
2027-01-23,wk inc flu hosp,3,17,quantile,0.1,747,2027-02-13
2027-01-23,wk inc flu hosp,3,17,quantile,0.15,793,2027-02-13
2027-01-23,wk inc flu hosp,3,17,quantile,0.2,827,2027-02-13
2027-01-23,wk inc flu hosp,3,17,quantile,0.25,880,2027-02-13
2027-01-23,wk inc flu hosp,3,17,quantile,0.3,926,2027-02-13
2027-01-23,wk inc flu hosp,3,17,quantile,0.35,971,2027-02-13
2027-01-23,wk inc flu hosp,3,17,quantile,0.4,1009,2027-02-13
2027-01-23,wk inc flu hosp,3,17,quantile,0.45,1041,2027-02-13
2027-01-23,wk inc flu hosp,3,17,quantile,0.5,1098,2027-02-13
2027-01-23,wk inc flu hosp,3,17,quantile,0.55,1127,2027-02-13
2027-01-23,wk inc flu hosp,3,17,quantile,0.6,1180,2027-02-13
2027-01-23,wk inc flu hosp,3,17,quantile,0.65,1226,2027-02-13
2027-01-23,wk inc flu hosp,3,17,quantile,0.7,1279,2027-02-13
2027-01-23,wk inc flu hosp,3,17,quantile,0.75,1311,2027-02-13
2027-01-23,wk inc flu hosp,3,17,quantile,0.8,1357,2027-02-13
2027-01-23,wk inc flu hosp,3,17,quantile,0.85,1400,2027-02-13
2027-01-23,wk inc flu hosp,3,17,quantile,0.9,1536,2027-02-13
2027-01-23,wk inc flu hosp,3,17,quantile,0.95,1655,2027-02-13
2027-01-23,wk inc flu hosp,3,17,quantile,0.975,1729,2027-02-13
2027-01-23,wk inc flu hosp,3,17,quantile,0.99,2095,2027-02-13
2027-01-23,wk inc flu hosp,3,18,quantile,0.01,301,2027-02-13
2027-01-23,wk inc flu hosp,3,18,quantile,0.025,310,2027-02-13
2027-01-23,wk inc flu hosp,3,18,quantile,0.05,460,2027-02-13
2027-01-23,wk inc flu hosp,3,18,quantile,0.1,556,2027-02-13
2027-01-23,wk inc flu hosp,3,18,quantile,0.15,602,2027-02-13
2027-01-23,wk inc flu hosp,3,18,quantile,0.2,632,2027-02-13
2027-01-23,wk inc flu hosp,3,18,quantile,0.25,664,2027-02-13
2027-01-23,wk inc flu hosp,3,18,quantile,0.3,698,2027-02-13
2027-01-23,wk inc flu hosp,3,18,quantile,0.35,733,2027-02-13
2027-01-23,wk inc flu hosp,3,18,quantile,0.4,764,2027-02-13
2027-01-23,wk inc flu hosp,3,18,quantile,0.45,781,2027-02-13
2027-01-23,wk inc flu hosp,3,18,quantile,0.5,818,2027-02-13
2027-01-23,wk inc flu hosp,3,18,quantile,0.55,848,2027-02-13
2027-01-23,wk inc flu hosp,3,18,quantile,0.6,875,2027-02-13
2027-01-23,wk inc flu hosp,3,18,quantile,0.65,907,2027-02-13
2027-01-23,wk inc flu hosp,3,18,quantile,0.7,948,2027-02-13
2027-01-23,wk inc flu hosp,3,18,quantile,0.75,979,2027-02-13
2027-01-23,wk inc flu hosp,3,18,quantile,0.8,1023,2027-02-13
2027-01-23,wk inc flu hosp,3,18,quantile,0.85,1084,2027-02-13
2027-01-23,wk inc flu hosp,3,18,quantile,0.9,1168,2027-02-13
2027-01-23,wk inc flu hosp,3,18,quantile,0.95,1296,2027-02-13
2027-01-23,wk inc flu hosp,3,18,quantile,0.975,1428,2027-02-13
2027-01-23,wk inc flu hosp,3,18,quantile,0.99,1702,2027-02-13
2027-01-23,wk inc flu hosp,3,19,quantile,0.01,135,2027-02-13
2027-01-23,wk inc flu hosp,3,19,quantile,0.025,150,2027-02-13
2027-01-23,wk inc flu hosp,3,19,quantile,0.05,180,2027-02-13
2027-01-23,wk inc flu hosp,3,19,quantile,0.1,205,2027-02-13
2027-01-23,wk inc flu hosp,3,19,quantile,0.15,221,2027-02-13
2027-01-23,wk inc flu hosp,3,19,quantile,0.2,234,2027-02-13
2027-01-23,wk inc flu hosp,3,19,quantile,0.25,250,2027-02-13
2027-01-23,wk inc flu hosp,3,19,quantile,0.3,263,2027-02-13
2027-01-23,wk inc flu hosp,3,19,quantile,0.35,272,2027-02-13
2027-01-23,wk inc flu hosp,3,19,quantile,0.4,284,2027-02-13
2027-01-23,wk inc flu hosp,3,19,quantile,0.45,295,2027-02-13
2027-01-23,wk inc flu hosp,3,19,quantile,0.5,307,2027-02-13
2027-01-23,wk inc flu hosp,3,19,quantile,0.55,327,2027-02-13
2027-01-23,wk inc flu hosp,3,19,quantile,0.6,335,2027-02-13
2027-01-23,wk inc flu hosp,3,19,quantile,0.65,346,2027-02-13
2027-01-23,wk inc flu hosp,3,19,quantile,0.7,361,2027-02-13
2027-01-23,wk inc flu hosp,3,19,quantile,0.75,373,2027-02-13
2027-01-23,wk inc flu hosp,3,19,quantile,0.8,393,2027-02-13
2027-01-23,wk inc flu hosp,3,19,quantile,0.85,410,2027-02-13
2027-01-23,wk inc flu hosp,3,19,quantile,0.9,451,2027-02-13
2027-01-23,wk inc flu hosp,3,19,quantile,0.95,499,2027-02-13
2027-01-23,wk inc flu hosp,3,19,quantile,0.975,544,2027-02-13
2027-01-23,wk inc flu hosp,3,19,quantile,0.99,673,2027-02-13
2027-01-23,wk inc flu hosp,3,20,quantile,0.01,159,2027-02-13
2027-01-23,wk inc flu hosp,3,20,quantile,0.025,164,2027-02-13
2027-01-23,wk inc flu hosp,3,20,quantile,0.05,174,2027-02-13
2027-01-23,wk inc flu hosp,3,20,quantile,0.1,194,2027-02-13
2027-01-23,wk inc flu hosp,3,20,quantile,0.15,210,2027-02-13
2027-01-23,wk inc flu hosp,3,20,quantile,0.2,219,2027-02-13
2027-01-23,wk inc flu hosp,3,20,quantile,0.25,225,2027-02-13
2027-01-23,wk inc flu hosp,3,20,quantile,0.3,233,2027-02-13
2027-01-23,wk inc flu hosp,3,20,quantile,0.35,246,2027-02-13
2027-01-23,wk inc flu hosp,3,20,quantile,0.4,261,2027-02-13
2027-01-23,wk inc flu hosp,3,20,quantile,0.45,270,2027-02-13
2027-01-23,wk inc flu hosp,3,20,quantile,0.5,288,2027-02-13
2027-01-23,wk inc flu hosp,3,20,quantile,0.55,303,2027-02-13
2027-01-23,wk inc flu hosp,3,20,quantile,0.6,316,2027-02-13
2027-01-23,wk inc flu hosp,3,20,quantile,0.65,336,2027-02-13
2027-01-23,wk inc flu hosp,3,20,quantile,0.7,355,2027-02-13
2027-01-23,wk inc flu hosp,3,20,quantile,0.75,375,2027-02-13
2027-01-23,wk inc flu hosp,3,20,quantile,0.8,399,2027-02-13
2027-01-23,wk inc flu hosp,3,20,quantile,0.85,442,2027-02-13
2027-01-23,wk inc flu hosp,3,20,quantile,0.9,487,2027-02-13
2027-01-23,wk inc flu hosp,3,20,quantile,0.95,530,2027-02-13
2027-01-23,wk inc flu hosp,3,20,quantile,0.975,580,2027-02-13
2027-01-23,wk inc flu hosp,3,20,quantile,0.99,633,2027-02-13
2027-01-23,wk inc flu hosp,3,21,quantile,0.01,253,2027-02-13
2027-01-23,wk inc flu hosp,3,21,quantile,0.025,287,2027-02-13
2027-01-23,wk inc flu hosp,3,21,quantile,0.05,296,2027-02-13
2027-01-23,wk inc flu hosp,3,21,quantile,0.1,322,2027-02-13
2027-01-23,wk inc flu hosp,3,21,quantile,0.15,358,2027-02-13
2027-01-23,wk inc flu hosp,3,21,quantile,0.2,373,2027-02-13
2027-01-23,wk inc flu hosp,3,21,quantile,0.25,389,2027-02-13
2027-01-23,wk inc flu hosp,3,21,quantile,0.3,408,2027-02-13
2027-01-23,wk inc flu hosp,3,21,quantile,0.35,423,2027-02-13
2027-01-23,wk inc flu hosp,3,21,quantile,0.4,447,2027-02-13
2027-01-23,wk inc flu hosp,3,21,quantile,0.45,472,2027-02-13
2027-01-23,wk inc flu hosp,3,21,quantile,0.5,494,2027-02-13
2027-01-23,wk inc flu hosp,3,21,quantile,0.55,520,2027-02-13
2027-01-23,wk inc flu hosp,3,21,quantile,0.6,548,2027-02-13
2027-01-23,wk inc flu hosp,3,21,quantile,0.65,579,2027-02-13
2027-01-23,wk inc flu hosp,3,21,quantile,0.7,601,2027-02-13
2027-01-23,wk inc flu hosp,3,21,quantile,0.75,634,2027-02-13
2027-01-23,wk inc flu hosp,3,21,quantile,0.8,664,2027-02-13
2027-01-23,wk inc flu hosp,3,21,quantile,0.85,711,2027-02-13
2027-01-23,wk inc flu hosp,3,21,quantile,0.9,747,2027-02-13
2027-01-23,wk inc flu hosp,3,21,quantile,0.95,816,2027-02-13
2027-01-23,wk inc flu hosp,3,21,quantile,0.975,876,2027-02-13
2027-01-23,wk inc flu hosp,3,21,quantile,0.99,967,2027-02-13
2027-01-23,wk inc flu hosp,3,22,quantile,0.01,177,2027-02-13
2027-01-23,wk inc flu hosp,3,22,quantile,0.025,188,2027-02-13
2027-01-23,wk inc flu hosp,3,22,quantile,0.05,213,2027-02-13
2027-01-23,wk inc flu hosp,3,22,quantile,0.1,222,2027-02-13
2027-01-23,wk inc flu hosp,3,22,quantile,0.15,254,2027-02-13
2027-01-23,wk inc flu hosp,3,22,quantile,0.2,266,2027-02-13
2027-01-23,wk inc flu hosp,3,22,quantile,0.25,286,2027-02-13
2027-01-23,wk inc flu hosp,3,22,quantile,0.3,299,2027-02-13
2027-01-23,wk inc flu hosp,3,22,quantile,0.35,316,2027-02-13
2027-01-23,wk inc flu hosp,3,22,quantile,0.4,330,2027-02-13
2027-01-23,wk inc flu hosp,3,22,quantile,0.45,351,2027-02-13
2027-01-23,wk inc flu hosp,3,22,quantile,0.5,369,2027-02-13
2027-01-23,wk inc flu hosp,3,22,quantile,0.55,393,2027-02-13
2027-01-23,wk inc flu hosp,3,22,quantile,0.6,410,2027-02-13
2027-01-23,wk inc flu hosp,3,22,quantile,0.65,428,2027-02-13
2027-01-23,wk inc flu hosp,3,22,quantile,0.7,440,2027-02-13
2027-01-23,wk inc flu hosp,3,22,quantile,0.75,454,2027-02-13
2027-01-23,wk inc flu hosp,3,22,quantile,0.8,481,2027-02-13
2027-01-23,wk inc flu hosp,3,22,quantile,0.85,520,2027-02-13
2027-01-23,wk inc flu hosp,3,22,quantile,0.9,572,2027-02-13
2027-01-23,wk inc flu hosp,3,22,quantile,0.95,663,2027-02-13
2027-01-23,wk inc flu hosp,3,22,quantile,0.975,693,2027-02-13
2027-01-23,wk inc flu hosp,3,22,quantile,0.99,778,2027-02-13
2027-01-23,wk inc flu hosp,3,23,quantile,0.01,36,2027-02-13
2027-01-23,wk inc flu hosp,3,23,quantile,0.025,40,2027-02-13
2027-01-23,wk inc flu hosp,3,23,quantile,0.05,44,2027-02-13
2027-01-23,wk inc flu hosp,3,23,quantile,0.1,52,2027-02-13
2027-01-23,wk inc flu hosp,3,23,quantile,0.15,56,2027-02-13
2027-01-23,wk inc flu hosp,3,23,quantile,0.2,59,2027-02-13
2027-01-23,wk inc flu hosp,3,23,quantile,0.25,64,2027-02-13
2027-01-23,wk inc flu hosp,3,23,quantile,0.3,68,2027-02-13
2027-01-23,wk inc flu hosp,3,23,quantile,0.35,69,2027-02-13
2027-01-23,wk inc flu hosp,3,23,quantile,0.4,72,2027-02-13
2027-01-23,wk inc flu hosp,3,23,quantile,0.45,75,2027-02-13
2027-01-23,wk inc flu hosp,3,23,quantile,0.5,80,2027-02-13
2027-01-23,wk inc flu hosp,3,23,quantile,0.55,84,2027-02-13
2027-01-23,wk inc flu hosp,3,23,quantile,0.6,90,2027-02-13
2027-01-23,wk inc flu hosp,3,23,quantile,0.65,92,2027-02-13
2027-01-23,wk inc flu hosp,3,23,quantile,0.7,96,2027-02-13
2027-01-23,wk inc flu hosp,3,23,quantile,0.75,101,2027-02-13
2027-01-23,wk inc flu hosp,3,23,quantile,0.8,106,2027-02-13
2027-01-23,wk inc flu hosp,3,23,quantile,0.85,110,2027-02-13
2027-01-23,wk inc flu hosp,3,23,quantile,0.9,125,2027-02-13
2027-01-23,wk inc flu hosp,3,23,quantile,0.95,139,2027-02-13
2027-01-23,wk inc flu hosp,3,23,quantile,0.975,151,2027-02-13
2027-01-23,wk inc flu hosp,3,23,quantile,0.99,158,2027-02-13
2027-01-23,wk inc flu hosp,3,24,quantile,0.01,130,2027-02-13
2027-01-23,wk inc flu hosp,3,24,quantile,0.025,158,2027-02-13
2027-01-23,wk inc flu hosp,3,24,quantile,0.05,173,2027-02-13
2027-01-23,wk inc flu hosp,3,24,quantile,0.1,191,2027-02-13
2027-01-23,wk inc flu hosp,3,24,quantile,0.15,204,2027-02-13
2027-01-23,wk inc flu hosp,3,24,quantile,0.2,219,2027-02-13
2027-01-23,wk inc flu hosp,3,24,quantile,0.25,229,2027-02-13
2027-01-23,wk inc flu hosp,3,24,quantile,0.3,254,2027-02-13
2027-01-23,wk inc flu hosp,3,24,quantile,0.35,263,2027-02-13
2027-01-23,wk inc flu hosp,3,24,quantile,0.4,282,2027-02-13
2027-01-23,wk inc flu hosp,3,24,quantile,0.45,296,2027-02-13
2027-01-23,wk inc flu hosp,3,24,quantile,0.5,314,2027-02-13
2027-01-23,wk inc flu hosp,3,24,quantile,0.55,328,2027-02-13
2027-01-23,wk inc flu hosp,3,24,quantile,0.6,363,2027-02-13
2027-01-23,wk inc flu hosp,3,24,quantile,0.65,377,2027-02-13
2027-01-23,wk inc flu hosp,3,24,quantile,0.7,408,2027-02-13
2027-01-23,wk inc flu hosp,3,24,quantile,0.75,436,2027-02-13
2027-01-23,wk inc flu hosp,3,24,quantile,0.8,468,2027-02-13
2027-01-23,wk inc flu hosp,3,24,quantile,0.85,507,2027-02-13
2027-01-23,wk inc flu hosp,3,24,quantile,0.9,557,2027-02-13
2027-01-23,wk inc flu hosp,3,24,quantile,0.95,629,2027-02-13
2027-01-23,wk inc flu hosp,3,24,quantile,0.975,745,2027-02-13
2027-01-23,wk inc flu hosp,3,24,quantile,0.99,927,2027-02-13
2027-01-23,wk inc flu hosp,3,25,quantile,0.01,122,2027-02-13
2027-01-23,wk inc flu hosp,3,25,quantile,0.025,187,2027-02-13
2027-01-23,wk inc flu hosp,3,25,quantile,0.05,322,2027-02-13
2027-01-23,wk inc flu hosp,3,25,quantile,0.1,347,2027-02-13
2027-01-23,wk inc flu hosp,3,25,quantile,0.15,370,2027-02-13
2027-01-23,wk inc flu hosp,3,25,quantile,0.2,389,2027-02-13
2027-01-23,wk inc flu hosp,3,25,quantile,0.25,412,2027-02-13
2027-01-23,wk inc flu hosp,3,25,quantile,0.3,435,2027-02-13
2027-01-23,wk inc flu hosp,3,25,quantile,0.35,464,2027-02-13
2027-01-23,wk inc flu hosp,3,25,quantile,0.4,475,2027-02-13
2027-01-23,wk inc flu hosp,3,25,quantile,0.45,485,2027-02-13
2027-01-23,wk inc flu hosp,3,25,quantile,0.5,501,2027-02-13
2027-01-23,wk inc flu hosp,3,25,quantile,0.55,515,2027-02-13
2027-01-23,wk inc flu hosp,3,25,quantile,0.6,531,2027-02-13
2027-01-23,wk inc flu hosp,3,25,quantile,0.65,566,2027-02-13
2027-01-23,wk inc flu hosp,3,25,quantile,0.7,593,2027-02-13
2027-01-23,wk inc flu hosp,3,25,quantile,0.75,617,2027-02-13
2027-01-23,wk inc flu hosp,3,25,quantile,0.8,685,2027-02-13
2027-01-23,wk inc flu hosp,3,25,quantile,0.85,728,2027-02-13
2027-01-23,wk inc flu hosp,3,25,quantile,0.9,809,2027-02-13
2027-01-23,wk inc flu hosp,3,25,quantile,0.95,942,2027-02-13
2027-01-23,wk inc flu hosp,3,25,quantile,0.975,1011,2027-02-13
2027-01-23,wk inc flu hosp,3,25,quantile,0.99,1402,2027-02-13
2027-01-23,wk inc flu hosp,3,26,quantile,0.01,415,2027-02-13
2027-01-23,wk inc flu hosp,3,26,quantile,0.025,472,2027-02-13
2027-01-23,wk inc flu hosp,3,26,quantile,0.05,567,2027-02-13
2027-01-23,wk inc flu hosp,3,26,quantile,0.1,613,2027-02-13
2027-01-23,wk inc flu hosp,3,26,quantile,0.15,665,2027-02-13
2027-01-23,wk inc flu hosp,3,26,quantile,0.2,738,2027-02-13
2027-01-23,wk inc flu hosp,3,26,quantile,0.25,766,2027-02-13
2027-01-23,wk inc flu hosp,3,26,quantile,0.3,798,2027-02-13
2027-01-23,wk inc flu hosp,3,26,quantile,0.35,816,2027-02-13
2027-01-23,wk inc flu hosp,3,26,quantile,0.4,861,2027-02-13
2027-01-23,wk inc flu hosp,3,26,quantile,0.45,883,2027-02-13
2027-01-23,wk inc flu hosp,3,26,quantile,0.5,906,2027-02-13
2027-01-23,wk inc flu hosp,3,26,quantile,0.55,929,2027-02-13
2027-01-23,wk inc flu hosp,3,26,quantile,0.6,944,2027-02-13
2027-01-23,wk inc flu hosp,3,26,quantile,0.65,979,2027-02-13
2027-01-23,wk inc flu hosp,3,26,quantile,0.7,1010,2027-02-13
2027-01-23,wk inc flu hosp,3,26,quantile,0.75,1039,2027-02-13
2027-01-23,wk inc flu hosp,3,26,quantile,0.8,1088,2027-02-13
2027-01-23,wk inc flu hosp,3,26,quantile,0.85,1125,2027-02-13
2027-01-23,wk inc flu hosp,3,26,quantile,0.9,1188,2027-02-13
2027-01-23,wk inc flu hosp,3,26,quantile,0.95,1284,2027-02-13
2027-01-23,wk inc flu hosp,3,26,quantile,0.975,1443,2027-02-13
2027-01-23,wk inc flu hosp,3,26,quantile,0.99,1595,2027-02-13
2027-01-23,wk inc flu hosp,3,27,quantile,0.01,128,2027-02-13
2027-01-23,wk inc flu hosp,3,27,quantile,0.025,150,2027-02-13
2027-01-23,wk inc flu hosp,3,27,quantile,0.05,218,2027-02-13
2027-01-23,wk inc flu hosp,3,27,quantile,0.1,250,2027-02-13
2027-01-23,wk inc flu hosp,3,27,quantile,0.15,271,2027-02-13
2027-01-23,wk inc flu hosp,3,27,quantile,0.2,286,2027-02-13
2027-01-23,wk inc flu hosp,3,27,quantile,0.25,300,2027-02-13
2027-01-23,wk inc flu hosp,3,27,quantile,0.3,326,2027-02-13
2027-01-23,wk inc flu hosp,3,27,quantile,0.35,343,2027-02-13
2027-01-23,wk inc flu hosp,3,27,quantile,0.4,355,2027-02-13
2027-01-23,wk inc flu hosp,3,27,quantile,0.45,364,2027-02-13
2027-01-23,wk inc flu hosp,3,27,quantile,0.5,374,2027-02-13
2027-01-23,wk inc flu hosp,3,27,quantile,0.55,388,2027-02-13
2027-01-23,wk inc flu hosp,3,27,quantile,0.6,405,2027-02-13
2027-01-23,wk inc flu hosp,3,27,quantile,0.65,424,2027-02-13
2027-01-23,wk inc flu hosp,3,27,quantile,0.7,458,2027-02-13
2027-01-23,wk inc flu hosp,3,27,quantile,0.75,480,2027-02-13
2027-01-23,wk inc flu hosp,3,27,quantile,0.8,510,2027-02-13
2027-01-23,wk inc flu hosp,3,27,quantile,0.85,554,2027-02-13
2027-01-23,wk inc flu hosp,3,27,quantile,0.9,607,2027-02-13
2027-01-23,wk inc flu hosp,3,27,quantile,0.95,732,2027-02-13
2027-01-23,wk inc flu hosp,3,27,quantile,0.975,850,2027-02-13
2027-01-23,wk inc flu hosp,3,27,quantile,0.99,1049,2027-02-13
2027-01-23,wk inc flu hosp,3,28,quantile,0.01,129,2027-02-13
2027-01-23,wk inc flu hosp,3,28,quantile,0.025,147,2027-02-13
2027-01-23,wk inc flu hosp,3,28,quantile,0.05,164,2027-02-13
2027-01-23,wk inc flu hosp,3,28,quantile,0.1,206,2027-02-13
2027-01-23,wk inc flu hosp,3,28,quantile,0.15,222,2027-02-13
2027-01-23,wk inc flu hosp,3,28,quantile,0.2,239,2027-02-13
2027-01-23,wk inc flu hosp,3,28,quantile,0.25,250,2027-02-13
2027-01-23,wk inc flu hosp,3,28,quantile,0.3,260,2027-02-13
2027-01-23,wk inc flu hosp,3,28,quantile,0.35,283,2027-02-13
2027-01-23,wk inc flu hosp,3,28,quantile,0.4,296,2027-02-13
2027-01-23,wk inc flu hosp,3,28,quantile,0.45,316,2027-02-13
2027-01-23,wk inc flu hosp,3,28,quantile,0.5,330,2027-02-13
2027-01-23,wk inc flu hosp,3,28,quantile,0.55,350,2027-02-13
2027-01-23,wk inc flu hosp,3,28,quantile,0.6,366,2027-02-13
2027-01-23,wk inc flu hosp,3,28,quantile,0.65,388,2027-02-13
2027-01-23,wk inc flu hosp,3,28,quantile,0.7,401,2027-02-13
2027-01-23,wk inc flu hosp,3,28,quantile,0.75,434,2027-02-13
2027-01-23,wk inc flu hosp,3,28,quantile,0.8,464,2027-02-13
2027-01-23,wk inc flu hosp,3,28,quantile,0.85,514,2027-02-13
2027-01-23,wk inc flu hosp,3,28,quantile,0.9,583,2027-02-13
2027-01-23,wk inc flu hosp,3,28,quantile,0.95,655,2027-02-13
2027-01-23,wk inc flu hosp,3,28,quantile,0.975,699,2027-02-13
2027-01-23,wk inc flu hosp,3,28,quantile,0.99,720,2027-02-13
2027-01-23,wk inc flu hosp,3,29,quantile,0.01,362,2027-02-13
2027-01-23,wk inc flu hosp,3,29,quantile,0.025,400,2027-02-13
2027-01-23,wk inc flu hosp,3,29,quantile,0.05,510,2027-02-13
2027-01-23,wk inc flu hosp,3,29,quantile,0.1,566,2027-02-13
2027-01-23,wk inc flu hosp,3,29,quantile,0.15,629,2027-02-13
2027-01-23,wk inc flu hosp,3,29,quantile,0.2,660,2027-02-13
2027-01-23,wk inc flu hosp,3,29,quantile,0.25,693,2027-02-13
2027-01-23,wk inc flu hosp,3,29,quantile,0.3,718,2027-02-13
2027-01-23,wk inc flu hosp,3,29,quantile,0.35,737,2027-02-13
2027-01-23,wk inc flu hosp,3,29,quantile,0.4,758,2027-02-13
2027-01-23,wk inc flu hosp,3,29,quantile,0.45,804,2027-02-13
2027-01-23,wk inc flu hosp,3,29,quantile,0.5,832,2027-02-13
2027-01-23,wk inc flu hosp,3,29,quantile,0.55,852,2027-02-13
2027-01-23,wk inc flu hosp,3,29,quantile,0.6,887,2027-02-13
2027-01-23,wk inc flu hosp,3,29,quantile,0.65,925,2027-02-13
2027-01-23,wk inc flu hosp,3,29,quantile,0.7,985,2027-02-13
2027-01-23,wk inc flu hosp,3,29,quantile,0.75,1026,2027-02-13
2027-01-23,wk inc flu hosp,3,29,quantile,0.8,1079,2027-02-13
2027-01-23,wk inc flu hosp,3,29,quantile,0.85,1157,2027-02-13
2027-01-23,wk inc flu hosp,3,29,quantile,0.9,1194,2027-02-13
2027-01-23,wk inc flu hosp,3,29,quantile,0.95,1278,2027-02-13
2027-01-23,wk inc flu hosp,3,29,quantile,0.975,1345,2027-02-13
2027-01-23,wk inc flu hosp,3,29,quantile,0.99,1414,2027-02-13
2027-01-23,wk inc flu hosp,3,30,quantile,0.01,31,2027-02-13
2027-01-23,wk inc flu hosp,3,30,quantile,0.025,31,2027-02-13
2027-01-23,wk inc flu hosp,3,30,quantile,0.05,39,2027-02-13
2027-01-23,wk inc flu hosp,3,30,quantile,0.1,46,2027-02-13
2027-01-23,wk inc flu hosp,3,30,quantile,0.15,52,2027-02-13
2027-01-23,wk inc flu hosp,3,30,quantile,0.2,57,2027-02-13
2027-01-23,wk inc flu hosp,3,30,quantile,0.25,63,2027-02-13
2027-01-23,wk inc flu hosp,3,30,quantile,0.3,65,2027-02-13
2027-01-23,wk inc flu hosp,3,30,quantile,0.35,69,2027-02-13
2027-01-23,wk inc flu hosp,3,30,quantile,0.4,73,2027-02-13
2027-01-23,wk inc flu hosp,3,30,quantile,0.45,76,2027-02-13
2027-01-23,wk inc flu hosp,3,30,quantile,0.5,84,2027-02-13
2027-01-23,wk inc flu hosp,3,30,quantile,0.55,90,2027-02-13
2027-01-23,wk inc flu hosp,3,30,quantile,0.6,99,2027-02-13
2027-01-23,wk inc flu hosp,3,30,quantile,0.65,108,2027-02-13
2027-01-23,wk inc flu hosp,3,30,quantile,0.7,119,2027-02-13
2027-01-23,wk inc flu hosp,3,30,quantile,0.75,127,2027-02-13
2027-01-23,wk inc flu hosp,3,30,quantile,0.8,133,2027-02-13
2027-01-23,wk inc flu hosp,3,30,quantile,0.85,149,2027-02-13
2027-01-23,wk inc flu hosp,3,30,quantile,0.9,163,2027-02-13
2027-01-23,wk inc flu hosp,3,30,quantile,0.95,209,2027-02-13
2027-01-23,wk inc flu hosp,3,30,quantile,0.975,239,2027-02-13
2027-01-23,wk inc flu hosp,3,30,quantile,0.99,273,2027-02-13
2027-01-23,wk inc flu hosp,3,31,quantile,0.01,71,2027-02-13
2027-01-23,wk inc flu hosp,3,31,quantile,0.025,80,2027-02-13
2027-01-23,wk inc flu hosp,3,31,quantile,0.05,88,2027-02-13
2027-01-23,wk inc flu hosp,3,31,quantile,0.1,94,2027-02-13
2027-01-23,wk inc flu hosp,3,31,quantile,0.15,106,2027-02-13
2027-01-23,wk inc flu hosp,3,31,quantile,0.2,117,2027-02-13
2027-01-23,wk inc flu hosp,3,31,quantile,0.25,125,2027-02-13
2027-01-23,wk inc flu hosp,3,31,quantile,0.3,132,2027-02-13
2027-01-23,wk inc flu hosp,3,31,quantile,0.35,139,2027-02-13
2027-01-23,wk inc flu hosp,3,31,quantile,0.4,150,2027-02-13
2027-01-23,wk inc flu hosp,3,31,quantile,0.45,157,2027-02-13
2027-01-23,wk inc flu hosp,3,31,quantile,0.5,160,2027-02-13
2027-01-23,wk inc flu hosp,3,31,quantile,0.55,165,2027-02-13
2027-01-23,wk inc flu hosp,3,31,quantile,0.6,172,2027-02-13
2027-01-23,wk inc flu hosp,3,31,quantile,0.65,180,2027-02-13
2027-01-23,wk inc flu hosp,3,31,quantile,0.7,187,2027-02-13
2027-01-23,wk inc flu hosp,3,31,quantile,0.75,198,2027-02-13
2027-01-23,wk inc flu hosp,3,31,quantile,0.8,207,2027-02-13
2027-01-23,wk inc flu hosp,3,31,quantile,0.85,225,2027-02-13
2027-01-23,wk inc flu hosp,3,31,quantile,0.9,238,2027-02-13
2027-01-23,wk inc flu hosp,3,31,quantile,0.95,253,2027-02-13
2027-01-23,wk inc flu hosp,3,31,quantile,0.975,272,2027-02-13
2027-01-23,wk inc flu hosp,3,31,quantile,0.99,290,2027-02-13
2027-01-23,wk inc flu hosp,3,32,quantile,0.01,39,2027-02-13
2027-01-23,wk inc flu hosp,3,32,quantile,0.025,43,2027-02-13
2027-01-23,wk inc flu hosp,3,32,quantile,0.05,49,2027-02-13
2027-01-23,wk inc flu hosp,3,32,quantile,0.1,59,2027-02-13
2027-01-23,wk inc flu hosp,3,32,quantile,0.15,64,2027-02-13
2027-01-23,wk inc flu hosp,3,32,quantile,0.2,73,2027-02-13
2027-01-23,wk inc flu hosp,3,32,quantile,0.25,76,2027-02-13
2027-01-23,wk inc flu hosp,3,32,quantile,0.3,80,2027-02-13
2027-01-23,wk inc flu hosp,3,32,quantile,0.35,84,2027-02-13
2027-01-23,wk inc flu hosp,3,32,quantile,0.4,90,2027-02-13
2027-01-23,wk inc flu hosp,3,32,quantile,0.45,94,2027-02-13
2027-01-23,wk inc flu hosp,3,32,quantile,0.5,100,2027-02-13
2027-01-23,wk inc flu hosp,3,32,quantile,0.55,106,2027-02-13
2027-01-23,wk inc flu hosp,3,32,quantile,0.6,113,2027-02-13
2027-01-23,wk inc flu hosp,3,32,quantile,0.65,128,2027-02-13
2027-01-23,wk inc flu hosp,3,32,quantile,0.7,136,2027-02-13
2027-01-23,wk inc flu hosp,3,32,quantile,0.75,141,2027-02-13
2027-01-23,wk inc flu hosp,3,32,quantile,0.8,154,2027-02-13
2027-01-23,wk inc flu hosp,3,32,quantile,0.85,168,2027-02-13
2027-01-23,wk inc flu hosp,3,32,quantile,0.9,182,2027-02-13
2027-01-23,wk inc flu hosp,3,32,quantile,0.95,194,2027-02-13
2027-01-23,wk inc flu hosp,3,32,quantile,0.975,210,2027-02-13
2027-01-23,wk inc flu hosp,3,32,quantile,0.99,239,2027-02-13
2027-01-23,wk inc flu hosp,3,33,quantile,0.01,39,2027-02-13
2027-01-23,wk inc flu hosp,3,33,quantile,0.025,43,2027-02-13
2027-01-23,wk inc flu hosp,3,33,quantile,0.05,49,2027-02-13
2027-01-23,wk inc flu hosp,3,33,quantile,0.1,55,2027-02-13
2027-01-23,wk inc flu hosp,3,33,quantile,0.15,62,2027-02-13
2027-01-23,wk inc flu hosp,3,33,quantile,0.2,67,2027-02-13
2027-01-23,wk inc flu hosp,3,33,quantile,0.25,73,2027-02-13
2027-01-23,wk inc flu hosp,3,33,quantile,0.3,77,2027-02-13
2027-01-23,wk inc flu hosp,3,33,quantile,0.35,82,2027-02-13
2027-01-23,wk inc flu hosp,3,33,quantile,0.4,89,2027-02-13
2027-01-23,wk inc flu hosp,3,33,quantile,0.45,94,2027-02-13
2027-01-23,wk inc flu hosp,3,33,quantile,0.5,98,2027-02-13
2027-01-23,wk inc flu hosp,3,33,quantile,0.55,103,2027-02-13
2027-01-23,wk inc flu hosp,3,33,quantile,0.6,109,2027-02-13
2027-01-23,wk inc flu hosp,3,33,quantile,0.65,112,2027-02-13
2027-01-23,wk inc flu hosp,3,33,quantile,0.7,116,2027-02-13
2027-01-23,wk inc flu hosp,3,33,quantile,0.75,122,2027-02-13
2027-01-23,wk inc flu hosp,3,33,quantile,0.8,137,2027-02-13
2027-01-23,wk inc flu hosp,3,33,quantile,0.85,147,2027-02-13
2027-01-23,wk inc flu hosp,3,33,quantile,0.9,154,2027-02-13
2027-01-23,wk inc flu hosp,3,33,quantile,0.95,162,2027-02-13
2027-01-23,wk inc flu hosp,3,33,quantile,0.975,196,2027-02-13
2027-01-23,wk inc flu hosp,3,33,quantile,0.99,229,2027-02-13
2027-01-23,wk inc flu hosp,3,34,quantile,0.01,272,2027-02-13
2027-01-23,wk inc flu hosp,3,34,quantile,0.025,334,2027-02-13
2027-01-23,wk inc flu hosp,3,34,quantile,0.05,379,2027-02-13
2027-01-23,wk inc flu hosp,3,34,quantile,0.1,423,2027-02-13
2027-01-23,wk inc flu hosp,3,34,quantile,0.15,451,2027-02-13
2027-01-23,wk inc flu hosp,3,34,quantile,0.2,505,2027-02-13
2027-01-23,wk inc flu hosp,3,34,quantile,0.25,541,2027-02-13
2027-01-23,wk inc flu hosp,3,34,quantile,0.3,569,2027-02-13
2027-01-23,wk inc flu hosp,3,34,quantile,0.35,588,2027-02-13
2027-01-23,wk inc flu hosp,3,34,quantile,0.4,610,2027-02-13
2027-01-23,wk inc flu hosp,3,34,quantile,0.45,627,2027-02-13
2027-01-23,wk inc flu hosp,3,34,quantile,0.5,648,2027-02-13
2027-01-23,wk inc flu hosp,3,34,quantile,0.55,714,2027-02-13
2027-01-23,wk inc flu hosp,3,34,quantile,0.6,736,2027-02-13
2027-01-23,wk inc flu hosp,3,34,quantile,0.65,761,2027-02-13
2027-01-23,wk inc flu hosp,3,34,quantile,0.7,794,2027-02-13
2027-01-23,wk inc flu hosp,3,34,quantile,0.75,837,2027-02-13
2027-01-23,wk inc flu hosp,3,34,quantile,0.8,883,2027-02-13
2027-01-23,wk inc flu hosp,3,34,quantile,0.85,941,2027-02-13
2027-01-23,wk inc flu hosp,3,34,quantile,0.9,1012,2027-02-13
2027-01-23,wk inc flu hosp,3,34,quantile,0.95,1078,2027-02-13
2027-01-23,wk inc flu hosp,3,34,quantile,0.975,1117,2027-02-13
2027-01-23,wk inc flu hosp,3,34,quantile,0.99,1170,2027-02-13
2027-01-23,wk inc flu hosp,3,35,quantile,0.01,64,2027-02-13
2027-01-23,wk inc flu hosp,3,35,quantile,0.025,66,2027-02-13
2027-01-23,wk inc flu hosp,3,35,quantile,0.05,71,2027-02-13
2027-01-23,wk inc flu hosp,3,35,quantile,0.1,89,2027-02-13
2027-01-23,wk inc flu hosp,3,35,quantile,0.15,95,2027-02-13
2027-01-23,wk inc flu hosp,3,35,quantile,0.2,102,2027-02-13
2027-01-23,wk inc flu hosp,3,35,quantile,0.25,108,2027-02-13
2027-01-23,wk inc flu hosp,3,35,quantile,0.3,113,2027-02-13
2027-01-23,wk inc flu hosp,3,35,quantile,0.35,121,2027-02-13
2027-01-23,wk inc flu hosp,3,35,quantile,0.4,126,2027-02-13
2027-01-23,wk inc flu hosp,3,35,quantile,0.45,129,2027-02-13
2027-01-23,wk inc flu hosp,3,35,quantile,0.5,135,2027-02-13
2027-01-23,wk inc flu hosp,3,35,quantile,0.55,138,2027-02-13
2027-01-23,wk inc flu hosp,3,35,quantile,0.6,143,2027-02-13
2027-01-23,wk inc flu hosp,3,35,quantile,0.65,148,2027-02-13
2027-01-23,wk inc flu hosp,3,35,quantile,0.7,156,2027-02-13
2027-01-23,wk inc flu hosp,3,35,quantile,0.75,165,2027-02-13
2027-01-23,wk inc flu hosp,3,35,quantile,0.8,181,2027-02-13
2027-01-23,wk inc flu hosp,3,35,quantile,0.85,196,2027-02-13
2027-01-23,wk inc flu hosp,3,35,quantile,0.9,207,2027-02-13
2027-01-23,wk inc flu hosp,3,35,quantile,0.95,231,2027-02-13
2027-01-23,wk inc flu hosp,3,35,quantile,0.975,240,2027-02-13
2027-01-23,wk inc flu hosp,3,35,quantile,0.99,277,2027-02-13
2027-01-23,wk inc flu hosp,3,36,quantile,0.01,281,2027-02-13
2027-01-23,wk inc flu hosp,3,36,quantile,0.025,401,2027-02-13
2027-01-23,wk inc flu hosp,3,36,quantile,0.05,774,2027-02-13
2027-01-23,wk inc flu hosp,3,36,quantile,0.1,916,2027-02-13
2027-01-23,wk inc flu hosp,3,36,quantile,0.15,961,2027-02-13
2027-01-23,wk inc flu hosp,3,36,quantile,0.2,994,2027-02-13
2027-01-23,wk inc flu hosp,3,36,quantile,0.25,1052,2027-02-13
2027-01-23,wk inc flu hosp,3,36,quantile,0.3,1119,2027-02-13
2027-01-23,wk inc flu hosp,3,36,quantile,0.35,1155,2027-02-13
2027-01-23,wk inc flu hosp,3,36,quantile,0.4,1187,2027-02-13
2027-01-23,wk inc flu hosp,3,36,quantile,0.45,1215,2027-02-13
2027-01-23,wk inc flu hosp,3,36,quantile,0.5,1248,2027-02-13
2027-01-23,wk inc flu hosp,3,36,quantile,0.55,1313,2027-02-13
2027-01-23,wk inc flu hosp,3,36,quantile,0.6,1350,2027-02-13
2027-01-23,wk inc flu hosp,3,36,quantile,0.65,1399,2027-02-13
2027-01-23,wk inc flu hosp,3,36,quantile,0.7,1494,2027-02-13
2027-01-23,wk inc flu hosp,3,36,quantile,0.75,1571,2027-02-13
2027-01-23,wk inc flu hosp,3,36,quantile,0.8,1635,2027-02-13
2027-01-23,wk inc flu hosp,3,36,quantile,0.85,1709,2027-02-13
2027-01-23,wk inc flu hosp,3,36,quantile,0.9,1830,2027-02-13
2027-01-23,wk inc flu hosp,3,36,quantile,0.95,2246,2027-02-13
2027-01-23,wk inc flu hosp,3,36,quantile,0.975,2593,2027-02-13
2027-01-23,wk inc flu hosp,3,36,quantile,0.99,2977,2027-02-13
2027-01-23,wk inc flu hosp,3,37,quantile,0.01,296,2027-02-13
2027-01-23,wk inc flu hosp,3,37,quantile,0.025,374,2027-02-13
2027-01-23,wk inc flu hosp,3,37,quantile,0.05,451,2027-02-13
2027-01-23,wk inc flu hosp,3,37,quantile,0.1,571,2027-02-13
2027-01-23,wk inc flu hosp,3,37,quantile,0.15,625,2027-02-13
2027-01-23,wk inc flu hosp,3,37,quantile,0.2,693,2027-02-13
2027-01-23,wk inc flu hosp,3,37,quantile,0.25,806,2027-02-13
2027-01-23,wk inc flu hosp,3,37,quantile,0.3,842,2027-02-13
2027-01-23,wk inc flu hosp,3,37,quantile,0.35,891,2027-02-13
2027-01-23,wk inc flu hosp,3,37,quantile,0.4,932,2027-02-13
2027-01-23,wk inc flu hosp,3,37,quantile,0.45,958,2027-02-13
2027-01-23,wk inc flu hosp,3,37,quantile,0.5,984,2027-02-13
2027-01-23,wk inc flu hosp,3,37,quantile,0.55,1021,2027-02-13
2027-01-23,wk inc flu hosp,3,37,quantile,0.6,1045,2027-02-13
2027-01-23,wk inc flu hosp,3,37,quantile,0.65,1078,2027-02-13
2027-01-23,wk inc flu hosp,3,37,quantile,0.7,1143,2027-02-13
2027-01-23,wk inc flu hosp,3,37,quantile,0.75,1200,2027-02-13
2027-01-23,wk inc flu hosp,3,37,quantile,0.8,1313,2027-02-13
2027-01-23,wk inc flu hosp,3,37,quantile,0.85,1369,2027-02-13
2027-01-23,wk inc flu hosp,3,37,quantile,0.9,1640,2027-02-13
2027-01-23,wk inc flu hosp,3,37,quantile,0.95,1875,2027-02-13
2027-01-23,wk inc flu hosp,3,37,quantile,0.975,2170,2027-02-13
2027-01-23,wk inc flu hosp,3,37,quantile,0.99,2486,2027-02-13
2027-01-23,wk inc flu hosp,3,38,quantile,0.01,23,2027-02-13
2027-01-23,wk inc flu hosp,3,38,quantile,0.025,26,2027-02-13
2027-01-23,wk inc flu hosp,3,38,quantile,0.05,31,2027-02-13
2027-01-23,wk inc flu hosp,3,38,quantile,0.1,39,2027-02-13
2027-01-23,wk inc flu hosp,3,38,quantile,0.15,44,2027-02-13
2027-01-23,wk inc flu hosp,3,38,quantile,0.2,47,2027-02-13
2027-01-23,wk inc flu hosp,3,38,quantile,0.25,50,2027-02-13
2027-01-23,wk inc flu hosp,3,38,quantile,0.3,52,2027-02-13
2027-01-23,wk inc flu hosp,3,38,quantile,0.35,53,2027-02-13
2027-01-23,wk inc flu hosp,3,38,quantile,0.4,58,2027-02-13
2027-01-23,wk inc flu hosp,3,38,quantile,0.45,62,2027-02-13
2027-01-23,wk inc flu hosp,3,38,quantile,0.5,65,2027-02-13
2027-01-23,wk inc flu hosp,3,38,quantile,0.55,70,2027-02-13
2027-01-23,wk inc flu hosp,3,38,quantile,0.6,73,2027-02-13
2027-01-23,wk inc flu hosp,3,38,quantile,0.65,75,2027-02-13
2027-01-23,wk inc flu hosp,3,38,quantile,0.7,80,2027-02-13
2027-01-23,wk inc flu hosp,3,38,quantile,0.75,85,2027-02-13
2027-01-23,wk inc flu hosp,3,38,quantile,0.8,87,2027-02-13
2027-01-23,wk inc flu hosp,3,38,quantile,0.85,97,2027-02-13
2027-01-23,wk inc flu hosp,3,38,quantile,0.9,103,2027-02-13
2027-01-23,wk inc flu hosp,3,38,quantile,0.95,108,2027-02-13
2027-01-23,wk inc flu hosp,3,38,quantile,0.975,117,2027-02-13
2027-01-23,wk inc flu hosp,3,38,quantile,0.99,123,2027-02-13
2027-01-23,wk inc flu hosp,3,39,quantile,0.01,513,2027-02-13
2027-01-23,wk inc flu hosp,3,39,quantile,0.025,615,2027-02-13
2027-01-23,wk inc flu hosp,3,39,quantile,0.05,716,2027-02-13
2027-01-23,wk inc flu hosp,3,39,quantile,0.1,850,2027-02-13
2027-01-23,wk inc flu hosp,3,39,quantile,0.15,979,2027-02-13
2027-01-23,wk inc flu hosp,3,39,quantile,0.2,1100,2027-02-13
2027-01-23,wk inc flu hosp,3,39,quantile,0.25,1169,2027-02-13
2027-01-23,wk inc flu hosp,3,39,quantile,0.3,1254,2027-02-13
2027-01-23,wk inc flu hosp,3,39,quantile,0.35,1311,2027-02-13
2027-01-23,wk inc flu hosp,3,39,quantile,0.4,1369,2027-02-13
2027-01-23,wk inc flu hosp,3,39,quantile,0.45,1421,2027-02-13
2027-01-23,wk inc flu hosp,3,39,quantile,0.5,1464,2027-02-13
2027-01-23,wk inc flu hosp,3,39,quantile,0.55,1564,2027-02-13
2027-01-23,wk inc flu hosp,3,39,quantile,0.6,1628,2027-02-13
2027-01-23,wk inc flu hosp,3,39,quantile,0.65,1690,2027-02-13
2027-01-23,wk inc flu hosp,3,39,quantile,0.7,1732,2027-02-13
2027-01-23,wk inc flu hosp,3,39,quantile,0.75,1793,2027-02-13
2027-01-23,wk inc flu hosp,3,39,quantile,0.8,1854,2027-02-13
2027-01-23,wk inc flu hosp,3,39,quantile,0.85,1964,2027-02-13
2027-01-23,wk inc flu hosp,3,39,quantile,0.9,2068,2027-02-13
2027-01-23,wk inc flu hosp,3,39,quantile,0.95,2258,2027-02-13
2027-01-23,wk inc flu hosp,3,39,quantile,0.975,2573,2027-02-13
2027-01-23,wk inc flu hosp,3,39,quantile,0.99,2814,2027-02-13
2027-01-23,wk inc flu hosp,3,40,quantile,0.01,421,2027-02-13
2027-01-23,wk inc flu hosp,3,40,quantile,0.025,495,2027-02-13
2027-01-23,wk inc flu hosp,3,40,quantile,0.05,628,2027-02-13
2027-01-23,wk inc flu hosp,3,40,quantile,0.1,742,2027-02-13
2027-01-23,wk inc flu hosp,3,40,quantile,0.15,773,2027-02-13
2027-01-23,wk inc flu hosp,3,40,quantile,0.2,865,2027-02-13
2027-01-23,wk inc flu hosp,3,40,quantile,0.25,924,2027-02-13
2027-01-23,wk inc flu hosp,3,40,quantile,0.3,1008,2027-02-13
2027-01-23,wk inc flu hosp,3,40,quantile,0.35,1092,2027-02-13
2027-01-23,wk inc flu hosp,3,40,quantile,0.4,1126,2027-02-13
2027-01-23,wk inc flu hosp,3,40,quantile,0.45,1192,2027-02-13
2027-01-23,wk inc flu hosp,3,40,quantile,0.5,1260,2027-02-13
2027-01-23,wk inc flu hosp,3,40,quantile,0.55,1306,2027-02-13
2027-01-23,wk inc flu hosp,3,40,quantile,0.6,1342,2027-02-13
2027-01-23,wk inc flu hosp,3,40,quantile,0.65,1392,2027-02-13
2027-01-23,wk inc flu hosp,3,40,quantile,0.7,1467,2027-02-13
2027-01-23,wk inc flu hosp,3,40,quantile,0.75,1527,2027-02-13
2027-01-23,wk inc flu hosp,3,40,quantile,0.8,1668,2027-02-13
2027-01-23,wk inc flu hosp,3,40,quantile,0.85,1716,2027-02-13
2027-01-23,wk inc flu hosp,3,40,quantile,0.9,1833,2027-02-13
2027-01-23,wk inc flu hosp,3,40,quantile,0.95,2071,2027-02-13
2027-01-23,wk inc flu hosp,3,40,quantile,0.975,2144,2027-02-13
2027-01-23,wk inc flu hosp,3,40,quantile,0.99,2272,2027-02-13
2027-01-23,wk inc flu hosp,3,41,quantile,0.01,114,2027-02-13
2027-01-23,wk inc flu hosp,3,41,quantile,0.025,141,2027-02-13
2027-01-23,wk inc flu hosp,3,41,quantile,0.05,158,2027-02-13
2027-01-23,wk inc flu hosp,3,41,quantile,0.1,178,2027-02-13
2027-01-23,wk inc flu hosp,3,41,quantile,0.15,196,2027-02-13
2027-01-23,wk inc flu hosp,3,41,quantile,0.2,216,2027-02-13
2027-01-23,wk inc flu hosp,3,41,quantile,0.25,228,2027-02-13
2027-01-23,wk inc flu hosp,3,41,quantile,0.3,250,2027-02-13
2027-01-23,wk inc flu hosp,3,41,quantile,0.35,263,2027-02-13
2027-01-23,wk inc flu hosp,3,41,quantile,0.4,276,2027-02-13
2027-01-23,wk inc flu hosp,3,41,quantile,0.45,290,2027-02-13
2027-01-23,wk inc flu hosp,3,41,quantile,0.5,316,2027-02-13
2027-01-23,wk inc flu hosp,3,41,quantile,0.55,330,2027-02-13
2027-01-23,wk inc flu hosp,3,41,quantile,0.6,344,2027-02-13
2027-01-23,wk inc flu hosp,3,41,quantile,0.65,365,2027-02-13
2027-01-23,wk inc flu hosp,3,41,quantile,0.7,391,2027-02-13
2027-01-23,wk inc flu hosp,3,41,quantile,0.75,403,2027-02-13
2027-01-23,wk inc flu hosp,3,41,quantile,0.8,445,2027-02-13
2027-01-23,wk inc flu hosp,3,41,quantile,0.85,462,2027-02-13
2027-01-23,wk inc flu hosp,3,41,quantile,0.9,493,2027-02-13
2027-01-23,wk inc flu hosp,3,41,quantile,0.95,571,2027-02-13
2027-01-23,wk inc flu hosp,3,41,quantile,0.975,629,2027-02-13
2027-01-23,wk inc flu hosp,3,41,quantile,0.99,651,2027-02-13
2027-01-23,wk inc flu hosp,3,42,quantile,0.01,1071,2027-02-13
2027-01-23,wk inc flu hosp,3,42,quantile,0.025,1102,2027-02-13
2027-01-23,wk inc flu hosp,3,42,quantile,0.05,1180,2027-02-13
2027-01-23,wk inc flu hosp,3,42,quantile,0.1,1248,2027-02-13
2027-01-23,wk inc flu hosp,3,42,quantile,0.15,1395,2027-02-13
2027-01-23,wk inc flu hosp,3,42,quantile,0.2,1483,2027-02-13
2027-01-23,wk inc flu hosp,3,42,quantile,0.25,1523,2027-02-13
2027-01-23,wk inc flu hosp,3,42,quantile,0.3,1552,2027-02-13
2027-01-23,wk inc flu hosp,3,42,quantile,0.35,1634,2027-02-13
2027-01-23,wk inc flu hosp,3,42,quantile,0.4,1708,2027-02-13
2027-01-23,wk inc flu hosp,3,42,quantile,0.45,1746,2027-02-13
2027-01-23,wk inc flu hosp,3,42,quantile,0.5,1858,2027-02-13
2027-01-23,wk inc flu hosp,3,42,quantile,0.55,1950,2027-02-13
2027-01-23,wk inc flu hosp,3,42,quantile,0.6,2056,2027-02-13
2027-01-23,wk inc flu hosp,3,42,quantile,0.65,2126,2027-02-13
2027-01-23,wk inc flu hosp,3,42,quantile,0.7,2214,2027-02-13
2027-01-23,wk inc flu hosp,3,42,quantile,0.75,2395,2027-02-13
2027-01-23,wk inc flu hosp,3,42,quantile,0.8,2547,2027-02-13
2027-01-23,wk inc flu hosp,3,42,quantile,0.85,2764,2027-02-13
2027-01-23,wk inc flu hosp,3,42,quantile,0.9,2935,2027-02-13
2027-01-23,wk inc flu hosp,3,42,quantile,0.95,3210,2027-02-13
2027-01-23,wk inc flu hosp,3,42,quantile,0.975,3296,2027-02-13
2027-01-23,wk inc flu hosp,3,42,quantile,0.99,3751,2027-02-13
2027-01-23,wk inc flu hosp,3,44,quantile,0.01,15,2027-02-13
2027-01-23,wk inc flu hosp,3,44,quantile,0.025,21,2027-02-13
2027-01-23,wk inc flu hosp,3,44,quantile,0.05,23,2027-02-13
2027-01-23,wk inc flu hosp,3,44,quantile,0.1,26,2027-02-13
2027-01-23,wk inc flu hosp,3,44,quantile,0.15,29,2027-02-13
2027-01-23,wk inc flu hosp,3,44,quantile,0.2,31,2027-02-13
2027-01-23,wk inc flu hosp,3,44,quantile,0.25,32,2027-02-13
2027-01-23,wk inc flu hosp,3,44,quantile,0.3,34,2027-02-13
2027-01-23,wk inc flu hosp,3,44,quantile,0.35,36,2027-02-13
2027-01-23,wk inc flu hosp,3,44,quantile,0.4,38,2027-02-13
2027-01-23,wk inc flu hosp,3,44,quantile,0.45,43,2027-02-13
2027-01-23,wk inc flu hosp,3,44,quantile,0.5,44,2027-02-13
2027-01-23,wk inc flu hosp,3,44,quantile,0.55,45,2027-02-13
2027-01-23,wk inc flu hosp,3,44,quantile,0.6,49,2027-02-13
2027-01-23,wk inc flu hosp,3,44,quantile,0.65,52,2027-02-13
2027-01-23,wk inc flu hosp,3,44,quantile,0.7,55,2027-02-13
2027-01-23,wk inc flu hosp,3,44,quantile,0.75,59,2027-02-13
2027-01-23,wk inc flu hosp,3,44,quantile,0.8,63,2027-02-13
2027-01-23,wk inc flu hosp,3,44,quantile,0.85,66,2027-02-13
2027-01-23,wk inc flu hosp,3,44,quantile,0.9,70,2027-02-13
2027-01-23,wk inc flu hosp,3,44,quantile,0.95,86,2027-02-13
2027-01-23,wk inc flu hosp,3,44,quantile,0.975,116,2027-02-13
2027-01-23,wk inc flu hosp,3,44,quantile,0.99,142,2027-02-13
2027-01-23,wk inc flu hosp,3,45,quantile,0.01,199,2027-02-13
2027-01-23,wk inc flu hosp,3,45,quantile,0.025,215,2027-02-13
2027-01-23,wk inc flu hosp,3,45,quantile,0.05,222,2027-02-13
2027-01-23,wk inc flu hosp,3,45,quantile,0.1,331,2027-02-13
2027-01-23,wk inc flu hosp,3,45,quantile,0.15,390,2027-02-13
2027-01-23,wk inc flu hosp,3,45,quantile,0.2,433,2027-02-13
2027-01-23,wk inc flu hosp,3,45,quantile,0.25,460,2027-02-13
2027-01-23,wk inc flu hosp,3,45,quantile,0.3,490,2027-02-13
2027-01-23,wk inc flu hosp,3,45,quantile,0.35,514,2027-02-13
2027-01-23,wk inc flu hosp,3,45,quantile,0.4,526,2027-02-13
2027-01-23,wk inc flu hosp,3,45,quantile,0.45,544,2027-02-13
2027-01-23,wk inc flu hosp,3,45,quantile,0.5,566,2027-02-13
2027-01-23,wk inc flu hosp,3,45,quantile,0.55,590,2027-02-13
2027-01-23,wk inc flu hosp,3,45,quantile,0.6,635,2027-02-13
2027-01-23,wk inc flu hosp,3,45,quantile,0.65,668,2027-02-13
2027-01-23,wk inc flu hosp,3,45,quantile,0.7,734,2027-02-13
2027-01-23,wk inc flu hosp,3,45,quantile,0.75,794,2027-02-13
2027-01-23,wk inc flu hosp,3,45,quantile,0.8,885,2027-02-13
2027-01-23,wk inc flu hosp,3,45,quantile,0.85,1010,2027-02-13
2027-01-23,wk inc flu hosp,3,45,quantile,0.9,1124,2027-02-13
2027-01-23,wk inc flu hosp,3,45,quantile,0.95,1274,2027-02-13
2027-01-23,wk inc flu hosp,3,45,quantile,0.975,1655,2027-02-13
2027-01-23,wk inc flu hosp,3,45,quantile,0.99,1725,2027-02-13
2027-01-23,wk inc flu hosp,3,46,quantile,0.01,26,2027-02-13
2027-01-23,wk inc flu hosp,3,46,quantile,0.025,29,2027-02-13
2027-01-23,wk inc flu hosp,3,46,quantile,0.05,32,2027-02-13
2027-01-23,wk inc flu hosp,3,46,quantile,0.1,39,2027-02-13
2027-01-23,wk inc flu hosp,3,46,quantile,0.15,50,2027-02-13
2027-01-23,wk inc flu hosp,3,46,quantile,0.2,54,2027-02-13
2027-01-23,wk inc flu hosp,3,46,quantile,0.25,56,2027-02-13
2027-01-23,wk inc flu hosp,3,46,quantile,0.3,62,2027-02-13
2027-01-23,wk inc flu hosp,3,46,quantile,0.35,65,2027-02-13
2027-01-23,wk inc flu hosp,3,46,quantile,0.4,70,2027-02-13
2027-01-23,wk inc flu hosp,3,46,quantile,0.45,74,2027-02-13
2027-01-23,wk inc flu hosp,3,46,quantile,0.5,77,2027-02-13
2027-01-23,wk inc flu hosp,3,46,quantile,0.55,80,2027-02-13
2027-01-23,wk inc flu hosp,3,46,quantile,0.6,84,2027-02-13
2027-01-23,wk inc flu hosp,3,46,quantile,0.65,87,2027-02-13
2027-01-23,wk inc flu hosp,3,46,quantile,0.7,94,2027-02-13
2027-01-23,wk inc flu hosp,3,46,quantile,0.75,98,2027-02-13
2027-01-23,wk inc flu hosp,3,46,quantile,0.8,106,2027-02-13
2027-01-23,wk inc flu hosp,3,46,quantile,0.85,114,2027-02-13
2027-01-23,wk inc flu hosp,3,46,quantile,0.9,133,2027-02-13
2027-01-23,wk inc flu hosp,3,46,quantile,0.95,150,2027-02-13
2027-01-23,wk inc flu hosp,3,46,quantile,0.975,154,2027-02-13
2027-01-23,wk inc flu hosp,3,46,quantile,0.99,188,2027-02-13
2027-01-23,wk inc flu hosp,3,47,quantile,0.01,309,2027-02-13
2027-01-23,wk inc flu hosp,3,47,quantile,0.025,338,2027-02-13
2027-01-23,wk inc flu hosp,3,47,quantile,0.05,383,2027-02-13
2027-01-23,wk inc flu hosp,3,47,quantile,0.1,434,2027-02-13
2027-01-23,wk inc flu hosp,3,47,quantile,0.15,455,2027-02-13
2027-01-23,wk inc flu hosp,3,47,quantile,0.2,491,2027-02-13
2027-01-23,wk inc flu hosp,3,47,quantile,0.25,501,2027-02-13
2027-01-23,wk inc flu hosp,3,47,quantile,0.3,518,2027-02-13
2027-01-23,wk inc flu hosp,3,47,quantile,0.35,529,2027-02-13
2027-01-23,wk inc flu hosp,3,47,quantile,0.4,555,2027-02-13
2027-01-23,wk inc flu hosp,3,47,quantile,0.45,568,2027-02-13
2027-01-23,wk inc flu hosp,3,47,quantile,0.5,593,2027-02-13
2027-01-23,wk inc flu hosp,3,47,quantile,0.55,626,2027-02-13
2027-01-23,wk inc flu hosp,3,47,quantile,0.6,661,2027-02-13
2027-01-23,wk inc flu hosp,3,47,quantile,0.65,699,2027-02-13
2027-01-23,wk inc flu hosp,3,47,quantile,0.7,710,2027-02-13
2027-01-23,wk inc flu hosp,3,47,quantile,0.75,754,2027-02-13
2027-01-23,wk inc flu hosp,3,47,quantile,0.8,780,2027-02-13
2027-01-23,wk inc flu hosp,3,47,quantile,0.85,868,2027-02-13
2027-01-23,wk inc flu hosp,3,47,quantile,0.9,913,2027-02-13
2027-01-23,wk inc flu hosp,3,47,quantile,0.95,1023,2027-02-13
2027-01-23,wk inc flu hosp,3,47,quantile,0.975,1052,2027-02-13
2027-01-23,wk inc flu hosp,3,47,quantile,0.99,1071,2027-02-13
2027-01-23,wk inc flu hosp,3,48,quantile,0.01,1061,2027-02-13
2027-01-23,wk inc flu hosp,3,48,quantile,0.025,1264,2027-02-13
2027-01-23,wk inc flu hosp,3,48,quantile,0.05,1589,2027-02-13
2027-01-23,wk inc flu hosp,3,48,quantile,0.1,2009,2027-02-13
2027-01-23,wk inc flu hosp,3,48,quantile,0.15,2286,2027-02-13
2027-01-23,wk inc flu hosp,3,48,quantile,0.2,2505,2027-02-13
2027-01-23,wk inc flu hosp,3,48,quantile,0.25,2788,2027-02-13
2027-01-23,wk inc flu hosp,3,48,quantile,0.3,2902,2027-02-13
2027-01-23,wk inc flu hosp,3,48,quantile,0.35,3001,2027-02-13
2027-01-23,wk inc flu hosp,3,48,quantile,0.4,3090,2027-02-13
2027-01-23,wk inc flu hosp,3,48,quantile,0.45,3314,2027-02-13
2027-01-23,wk inc flu hosp,3,48,quantile,0.5,3597,2027-02-13
2027-01-23,wk inc flu hosp,3,48,quantile,0.55,3712,2027-02-13
2027-01-23,wk inc flu hosp,3,48,quantile,0.6,4008,2027-02-13
2027-01-23,wk inc flu hosp,3,48,quantile,0.65,4256,2027-02-13
2027-01-23,wk inc flu hosp,3,48,quantile,0.7,4433,2027-02-13
2027-01-23,wk inc flu hosp,3,48,quantile,0.75,4609,2027-02-13
2027-01-23,wk inc flu hosp,3,48,quantile,0.8,4868,2027-02-13
2027-01-23,wk inc flu hosp,3,48,quantile,0.85,5344,2027-02-13
2027-01-23,wk inc flu hosp,3,48,quantile,0.9,5680,2027-02-13
2027-01-23,wk inc flu hosp,3,48,quantile,0.95,6409,2027-02-13
2027-01-23,wk inc flu hosp,3,48,quantile,0.975,6869,2027-02-13
2027-01-23,wk inc flu hosp,3,48,quantile,0.99,7765,2027-02-13
2027-01-23,wk inc flu hosp,3,49,quantile,0.01,40,2027-02-13
2027-01-23,wk inc flu hosp,3,49,quantile,0.025,44,2027-02-13
2027-01-23,wk inc flu hosp,3,49,quantile,0.05,49,2027-02-13
2027-01-23,wk inc flu hosp,3,49,quantile,0.1,55,2027-02-13
2027-01-23,wk inc flu hosp,3,49,quantile,0.15,60,2027-02-13
2027-01-23,wk inc flu hosp,3,49,quantile,0.2,66,2027-02-13
2027-01-23,wk inc flu hosp,3,49,quantile,0.25,69,2027-02-13
2027-01-23,wk inc flu hosp,3,49,quantile,0.3,75,2027-02-13
2027-01-23,wk inc flu hosp,3,49,quantile,0.35,78,2027-02-13
2027-01-23,wk inc flu hosp,3,49,quantile,0.4,83,2027-02-13
2027-01-23,wk inc flu hosp,3,49,quantile,0.45,87,2027-02-13
2027-01-23,wk inc flu hosp,3,49,quantile,0.5,90,2027-02-13
2027-01-23,wk inc flu hosp,3,49,quantile,0.55,91,2027-02-13
2027-01-23,wk inc flu hosp,3,49,quantile,0.6,93,2027-02-13
2027-01-23,wk inc flu hosp,3,49,quantile,0.65,98,2027-02-13
2027-01-23,wk inc flu hosp,3,49,quantile,0.7,107,2027-02-13
2027-01-23,wk inc flu hosp,3,49,quantile,0.75,112,2027-02-13
2027-01-23,wk inc flu hosp,3,49,quantile,0.8,126,2027-02-13
2027-01-23,wk inc flu hosp,3,49,quantile,0.85,133,2027-02-13
2027-01-23,wk inc flu hosp,3,49,quantile,0.9,146,2027-02-13
2027-01-23,wk inc flu hosp,3,49,quantile,0.95,161,2027-02-13
2027-01-23,wk inc flu hosp,3,49,quantile,0.975,173,2027-02-13
2027-01-23,wk inc flu hosp,3,49,quantile,0.99,191,2027-02-13
2027-01-23,wk inc flu hosp,3,50,quantile,0.01,18,2027-02-13
2027-01-23,wk inc flu hosp,3,50,quantile,0.025,22,2027-02-13
2027-01-23,wk inc flu hosp,3,50,quantile,0.05,26,2027-02-13
2027-01-23,wk inc flu hosp,3,50,quantile,0.1,30,2027-02-13
2027-01-23,wk inc flu hosp,3,50,quantile,0.15,34,2027-02-13
2027-01-23,wk inc flu hosp,3,50,quantile,0.2,36,2027-02-13
2027-01-23,wk inc flu hosp,3,50,quantile,0.25,39,2027-02-13
2027-01-23,wk inc flu hosp,3,50,quantile,0.3,41,2027-02-13
2027-01-23,wk inc flu hosp,3,50,quantile,0.35,44,2027-02-13
2027-01-23,wk inc flu hosp,3,50,quantile,0.4,46,2027-02-13
2027-01-23,wk inc flu hosp,3,50,quantile,0.45,49,2027-02-13
2027-01-23,wk inc flu hosp,3,50,quantile,0.5,50,2027-02-13
2027-01-23,wk inc flu hosp,3,50,quantile,0.55,52,2027-02-13
2027-01-23,wk inc flu hosp,3,50,quantile,0.6,56,2027-02-13
2027-01-23,wk inc flu hosp,3,50,quantile,0.65,60,2027-02-13
2027-01-23,wk inc flu hosp,3,50,quantile,0.7,65,2027-02-13
2027-01-23,wk inc flu hosp,3,50,quantile,0.75,68,2027-02-13
2027-01-23,wk inc flu hosp,3,50,quantile,0.8,73,2027-02-13
2027-01-23,wk inc flu hosp,3,50,quantile,0.85,77,2027-02-13
2027-01-23,wk inc flu hosp,3,50,quantile,0.9,85,2027-02-13
2027-01-23,wk inc flu hosp,3,50,quantile,0.95,95,2027-02-13
2027-01-23,wk inc flu hosp,3,50,quantile,0.975,112,2027-02-13
2027-01-23,wk inc flu hosp,3,50,quantile,0.99,117,2027-02-13
2027-01-23,wk inc flu hosp,3,51,quantile,0.01,350,2027-02-13
2027-01-23,wk inc flu hosp,3,51,quantile,0.025,385,2027-02-13
2027-01-23,wk inc flu hosp,3,51,quantile,0.05,445,2027-02-13
2027-01-23,wk inc flu hosp,3,51,quantile,0.1,528,2027-02-13
2027-01-23,wk inc flu hosp,3,51,quantile,0.15,571,2027-02-13
2027-01-23,wk inc flu hosp,3,51,quantile,0.2,605,2027-02-13
2027-01-23,wk inc flu hosp,3,51,quantile,0.25,649,2027-02-13
2027-01-23,wk inc flu hosp,3,51,quantile,0.3,691,2027-02-13
2027-01-23,wk inc flu hosp,3,51,quantile,0.35,716,2027-02-13
2027-01-23,wk inc flu hosp,3,51,quantile,0.4,731,2027-02-13
2027-01-23,wk inc flu hosp,3,51,quantile,0.45,755,2027-02-13
2027-01-23,wk inc flu hosp,3,51,quantile,0.5,802,2027-02-13
2027-01-23,wk inc flu hosp,3,51,quantile,0.55,827,2027-02-13
2027-01-23,wk inc flu hosp,3,51,quantile,0.6,883,2027-02-13
2027-01-23,wk inc flu hosp,3,51,quantile,0.65,940,2027-02-13
2027-01-23,wk inc flu hosp,3,51,quantile,0.7,1032,2027-02-13
2027-01-23,wk inc flu hosp,3,51,quantile,0.75,1084,2027-02-13
2027-01-23,wk inc flu hosp,3,51,quantile,0.8,1149,2027-02-13
2027-01-23,wk inc flu hosp,3,51,quantile,0.85,1271,2027-02-13
2027-01-23,wk inc flu hosp,3,51,quantile,0.9,1484,2027-02-13
2027-01-23,wk inc flu hosp,3,51,quantile,0.95,1853,2027-02-13
2027-01-23,wk inc flu hosp,3,51,quantile,0.975,2041,2027-02-13
2027-01-23,wk inc flu hosp,3,51,quantile,0.99,2529,2027-02-13
2027-01-23,wk inc flu hosp,3,53,quantile,0.01,146,2027-02-13
2027-01-23,wk inc flu hosp,3,53,quantile,0.025,166,2027-02-13
2027-01-23,wk inc flu hosp,3,53,quantile,0.05,174,2027-02-13
2027-01-23,wk inc flu hosp,3,53,quantile,0.1,213,2027-02-13
2027-01-23,wk inc flu hosp,3,53,quantile,0.15,226,2027-02-13
2027-01-23,wk inc flu hosp,3,53,quantile,0.2,242,2027-02-13
2027-01-23,wk inc flu hosp,3,53,quantile,0.25,256,2027-02-13
2027-01-23,wk inc flu hosp,3,53,quantile,0.3,268,2027-02-13
2027-01-23,wk inc flu hosp,3,53,quantile,0.35,279,2027-02-13
2027-01-23,wk inc flu hosp,3,53,quantile,0.4,287,2027-02-13
2027-01-23,wk inc flu hosp,3,53,quantile,0.45,312,2027-02-13
2027-01-23,wk inc flu hosp,3,53,quantile,0.5,326,2027-02-13
2027-01-23,wk inc flu hosp,3,53,quantile,0.55,357,2027-02-13
2027-01-23,wk inc flu hosp,3,53,quantile,0.6,377,2027-02-13
2027-01-23,wk inc flu hosp,3,53,quantile,0.65,397,2027-02-13
2027-01-23,wk inc flu hosp,3,53,quantile,0.7,422,2027-02-13
2027-01-23,wk inc flu hosp,3,53,quantile,0.75,449,2027-02-13
2027-01-23,wk inc flu hosp,3,53,quantile,0.8,491,2027-02-13
2027-01-23,wk inc flu hosp,3,53,quantile,0.85,519,2027-02-13
2027-01-23,wk inc flu hosp,3,53,quantile,0.9,540,2027-02-13
2027-01-23,wk inc flu hosp,3,53,quantile,0.95,608,2027-02-13
2027-01-23,wk inc flu hosp,3,53,quantile,0.975,651,2027-02-13
2027-01-23,wk inc flu hosp,3,53,quantile,0.99,688,2027-02-13
2027-01-23,wk inc flu hosp,3,54,quantile,0.01,140,2027-02-13
2027-01-23,wk inc flu hosp,3,54,quantile,0.025,152,2027-02-13
2027-01-23,wk inc flu hosp,3,54,quantile,0.05,188,2027-02-13
2027-01-23,wk inc flu hosp,3,54,quantile,0.1,213,2027-02-13
2027-01-23,wk inc flu hosp,3,54,quantile,0.15,228,2027-02-13
2027-01-23,wk inc flu hosp,3,54,quantile,0.2,243,2027-02-13
2027-01-23,wk inc flu hosp,3,54,quantile,0.25,256,2027-02-13
2027-01-23,wk inc flu hosp,3,54,quantile,0.3,270,2027-02-13
2027-01-23,wk inc flu hosp,3,54,quantile,0.35,284,2027-02-13
2027-01-23,wk inc flu hosp,3,54,quantile,0.4,296,2027-02-13
2027-01-23,wk inc flu hosp,3,54,quantile,0.45,301,2027-02-13
2027-01-23,wk inc flu hosp,3,54,quantile,0.5,311,2027-02-13
2027-01-23,wk inc flu hosp,3,54,quantile,0.55,319,2027-02-13
2027-01-23,wk inc flu hosp,3,54,quantile,0.6,328,2027-02-13
2027-01-23,wk inc flu hosp,3,54,quantile,0.65,353,2027-02-13
2027-01-23,wk inc flu hosp,3,54,quantile,0.7,375,2027-02-13
2027-01-23,wk inc flu hosp,3,54,quantile,0.75,394,2027-02-13
2027-01-23,wk inc flu hosp,3,54,quantile,0.8,412,2027-02-13
2027-01-23,wk inc flu hosp,3,54,quantile,0.85,443,2027-02-13
2027-01-23,wk inc flu hosp,3,54,quantile,0.9,469,2027-02-13
2027-01-23,wk inc flu hosp,3,54,quantile,0.95,492,2027-02-13
2027-01-23,wk inc flu hosp,3,54,quantile,0.975,600,2027-02-13
2027-01-23,wk inc flu hosp,3,54,quantile,0.99,653,2027-02-13
2027-01-23,wk inc flu hosp,3,55,quantile,0.01,215,2027-02-13
2027-01-23,wk inc flu hosp,3,55,quantile,0.025,294,2027-02-13
2027-01-23,wk inc flu hosp,3,55,quantile,0.05,382,2027-02-13
2027-01-23,wk inc flu hosp,3,55,quantile,0.1,434,2027-02-13
2027-01-23,wk inc flu hosp,3,55,quantile,0.15,471,2027-02-13
2027-01-23,wk inc flu hosp,3,55,quantile,0.2,522,2027-02-13
2027-01-23,wk inc flu hosp,3,55,quantile,0.25,548,2027-02-13
2027-01-23,wk inc flu hosp,3,55,quantile,0.3,565,2027-02-13
2027-01-23,wk inc flu hosp,3,55,quantile,0.35,583,2027-02-13
2027-01-23,wk inc flu hosp,3,55,quantile,0.4,592,2027-02-13
2027-01-23,wk inc flu hosp,3,55,quantile,0.45,609,2027-02-13
2027-01-23,wk inc flu hosp,3,55,quantile,0.5,624,2027-02-13
2027-01-23,wk inc flu hosp,3,55,quantile,0.55,651,2027-02-13
2027-01-23,wk inc flu hosp,3,55,quantile,0.6,678,2027-02-13
2027-01-23,wk inc flu hosp,3,55,quantile,0.65,709,2027-02-13
2027-01-23,wk inc flu hosp,3,55,quantile,0.7,729,2027-02-13
2027-01-23,wk inc flu hosp,3,55,quantile,0.75,761,2027-02-13
2027-01-23,wk inc flu hosp,3,55,quantile,0.8,801,2027-02-13
2027-01-23,wk inc flu hosp,3,55,quantile,0.85,827,2027-02-13
2027-01-23,wk inc flu hosp,3,55,quantile,0.9,874,2027-02-13
2027-01-23,wk inc flu hosp,3,55,quantile,0.95,994,2027-02-13
2027-01-23,wk inc flu hosp,3,55,quantile,0.975,1051,2027-02-13
2027-01-23,wk inc flu hosp,3,55,quantile,0.99,1096,2027-02-13
2027-01-23,wk inc flu hosp,3,56,quantile,0.01,21,2027-02-13
2027-01-23,wk inc flu hosp,3,56,quantile,0.025,22,2027-02-13
2027-01-23,wk inc flu hosp,3,56,quantile,0.05,26,2027-02-13
2027-01-23,wk inc flu hosp,3,56,quantile,0.1,31,2027-02-13
2027-01-23,wk inc flu hosp,3,56,quantile,0.15,37,2027-02-13
2027-01-23,wk inc flu hosp,3,56,quantile,0.2,40,2027-02-13
2027-01-23,wk inc flu hosp,3,56,quantile,0.25,44,2027-02-13
2027-01-23,wk inc flu hosp,3,56,quantile,0.3,48,2027-02-13
2027-01-23,wk inc flu hosp,3,56,quantile,0.35,53,2027-02-13
2027-01-23,wk inc flu hosp,3,56,quantile,0.4,57,2027-02-13
2027-01-23,wk inc flu hosp,3,56,quantile,0.45,62,2027-02-13
2027-01-23,wk inc flu hosp,3,56,quantile,0.5,67,2027-02-13
2027-01-23,wk inc flu hosp,3,56,quantile,0.55,71,2027-02-13
2027-01-23,wk inc flu hosp,3,56,quantile,0.6,75,2027-02-13
2027-01-23,wk inc flu hosp,3,56,quantile,0.65,78,2027-02-13
2027-01-23,wk inc flu hosp,3,56,quantile,0.7,84,2027-02-13
2027-01-23,wk inc flu hosp,3,56,quantile,0.75,89,2027-02-13
2027-01-23,wk inc flu hosp,3,56,quantile,0.8,95,2027-02-13
2027-01-23,wk inc flu hosp,3,56,quantile,0.85,107,2027-02-13
2027-01-23,wk inc flu hosp,3,56,quantile,0.9,114,2027-02-13
2027-01-23,wk inc flu hosp,3,56,quantile,0.95,127,2027-02-13
2027-01-23,wk inc flu hosp,3,56,quantile,0.975,139,2027-02-13
2027-01-23,wk inc flu hosp,3,56,quantile,0.99,177,2027-02-13
2027-01-23,wk inc flu hosp,3,72,quantile,0.01,25,2027-02-13
2027-01-23,wk inc flu hosp,3,72,quantile,0.025,29,2027-02-13
2027-01-23,wk inc flu hosp,3,72,quantile,0.05,35,2027-02-13
2027-01-23,wk inc flu hosp,3,72,quantile,0.1,42,2027-02-13
2027-01-23,wk inc flu hosp,3,72,quantile,0.15,50,2027-02-13
2027-01-23,wk inc flu hosp,3,72,quantile,0.2,62,2027-02-13
2027-01-23,wk inc flu hosp,3,72,quantile,0.25,70,2027-02-13
2027-01-23,wk inc flu hosp,3,72,quantile,0.3,74,2027-02-13
2027-01-23,wk inc flu hosp,3,72,quantile,0.35,80,2027-02-13
2027-01-23,wk inc flu hosp,3,72,quantile,0.4,88,2027-02-13
2027-01-23,wk inc flu hosp,3,72,quantile,0.45,95,2027-02-13
2027-01-23,wk inc flu hosp,3,72,quantile,0.5,101,2027-02-13
2027-01-23,wk inc flu hosp,3,72,quantile,0.55,104,2027-02-13
2027-01-23,wk inc flu hosp,3,72,quantile,0.6,109,2027-02-13
2027-01-23,wk inc flu hosp,3,72,quantile,0.65,116,2027-02-13
2027-01-23,wk inc flu hosp,3,72,quantile,0.7,124,2027-02-13
2027-01-23,wk inc flu hosp,3,72,quantile,0.75,132,2027-02-13
2027-01-23,wk inc flu hosp,3,72,quantile,0.8,147,2027-02-13
2027-01-23,wk inc flu hosp,3,72,quantile,0.85,161,2027-02-13
2027-01-23,wk inc flu hosp,3,72,quantile,0.9,183,2027-02-13
2027-01-23,wk inc flu hosp,3,72,quantile,0.95,223,2027-02-13
2027-01-23,wk inc flu hosp,3,72,quantile,0.975,256,2027-02-13
2027-01-23,wk inc flu hosp,3,72,quantile,0.99,326,2027-02-13
2027-01-23,wk inc flu hosp,3,USA,quantile,0.01,14444,2027-02-13
2027-01-23,wk inc flu hosp,3,USA,quantile,0.025,15745,2027-02-13
2027-01-23,wk inc flu hosp,3,USA,quantile,0.05,24458,2027-02-13
2027-01-23,wk inc flu hosp,3,USA,quantile,0.1,26467,2027-02-13
2027-01-23,wk inc flu hosp,3,USA,quantile,0.15,28074,2027-02-13
2027-01-23,wk inc flu hosp,3,USA,quantile,0.2,29555,2027-02-13
2027-01-23,wk inc flu hosp,3,USA,quantile,0.25,29988,2027-02-13
2027-01-23,wk inc flu hosp,3,USA,quantile,0.3,30348,2027-02-13
2027-01-23,wk inc flu hosp,3,USA,quantile,0.35,30869,2027-02-13
2027-01-23,wk inc flu hosp,3,USA,quantile,0.4,31278,2027-02-13
2027-01-23,wk inc flu hosp,3,USA,quantile,0.45,31776,2027-02-13
2027-01-23,wk inc flu hosp,3,USA,quantile,0.5,32153,2027-02-13
2027-01-23,wk inc flu hosp,3,USA,quantile,0.55,32808,2027-02-13
2027-01-23,wk inc flu hosp,3,USA,quantile,0.6,33195,2027-02-13
2027-01-23,wk inc flu hosp,3,USA,quantile,0.65,34043,2027-02-13
2027-01-23,wk inc flu hosp,3,USA,quantile,0.7,34508,2027-02-13
2027-01-23,wk inc flu hosp,3,USA,quantile,0.75,35038,2027-02-13
2027-01-23,wk inc flu hosp,3,USA,quantile,0.8,36046,2027-02-13
2027-01-23,wk inc flu hosp,3,USA,quantile,0.85,36647,2027-02-13
2027-01-23,wk inc flu hosp,3,USA,quantile,0.9,37330,2027-02-13
2027-01-23,wk inc flu hosp,3,USA,quantile,0.95,39424,2027-02-13
2027-01-23,wk inc flu hosp,3,USA,quantile,0.975,40561,2027-02-13
2027-01-23,wk inc flu hosp,3,USA,quantile,0.99,42450,2027-02-13
