reference_date,target,horizon,location,output_type,output_type_id,value,target_end_date
2027-03-13,wk inc flu hosp,0,01,quantile,0.01,125,2027-03-13
2027-03-13,wk inc flu hosp,0,01,quantile,0.025,140,2027-03-13
2027-03-13,wk inc flu hosp,0,01,quantile,0.05,151,2027-03-13
2027-03-13,wk inc flu hosp,0,01,quantile,0.1,165,2027-03-13
2027-03-13,wk inc flu hosp,0,01,quantile,0.15,173,2027-03-13
2027-03-13,wk inc flu hosp,0,01,quantile,0.2,177,2027-03-13
2027-03-13,wk inc flu hosp,0,01,quantile,0.25,183,2027-03-13
2027-03-13,wk inc flu hosp,0,01,quantile,0.3,187,2027-03-13
2027-03-13,wk inc flu hosp,0,01,quantile,0.35,190,2027-03-13
2027-03-13,wk inc flu hosp,0,01,quantile,0.4,193,2027-03-13
2027-03-13,wk inc flu hosp,0,01,quantile,0.45,198,2027-03-13
2027-03-13,wk inc flu hosp,0,01,quantile,0.5,200,2027-03-13
2027-03-13,wk inc flu hosp,0,01,quantile,0.55,203,2027-03-13
2027-03-13,wk inc flu hosp,0,01,quantile,0.6,207,2027-03-13
2027-03-13,wk inc flu hosp,0,01,quantile,0.65,213,2027-03-13
2027-03-13,wk inc flu hosp,0,01,quantile,0.7,218,2027-03-13
2027-03-13,wk inc flu hosp,0,01,quantile,0.75,222,2027-03-13
2027-03-13,wk inc flu hosp,0,01,quantile,0.8,229,2027-03-13
2027-03-13,wk inc flu hosp,0,01,quantile,0.85,235,2027-03-13
2027-03-13,wk inc flu hosp,0,01,quantile,0.9,245,2027-03-13
2027-03-13,wk inc flu hosp,0,01,quantile,0.95,261,2027-03-13
2027-03-13,wk inc flu hosp,0,01,quantile,0.975,332,2027-03-13
2027-03-13,wk inc flu hosp,0,01,quantile,0.99,382,2027-03-13
2027-03-13,wk inc flu hosp,0,02,quantile,0.01,7,2027-03-13
2027-03-13,wk inc flu hosp,0,02,quantile,0.025,7,2027-03-13
2027-03-13,wk inc flu hosp,0,02,quantile,0.05,9,2027-03-13
2027-03-13,wk inc flu hosp,0,02,quantile,0.1,12,2027-03-13
2027-03-13,wk inc flu hosp,0,02,quantile,0.15,13,2027-03-13
2027-03-13,wk inc flu hosp,0,02,quantile,0.2,14,2027-03-13
2027-03-13,wk inc flu hosp,0,02,quantile,0.25,15,2027-03-13
2027-03-13,wk inc flu hosp,0,02,quantile,0.3,16,2027-03-13
2027-03-13,wk inc flu hosp,0,02,quantile,0.35,17,2027-03-13
2027-03-13,wk inc flu hosp,0,02,quantile,0.4,18,2027-03-13
2027-03-13,wk inc flu hosp,0,02,quantile,0.45,20,2027-03-13
2027-03-13,wk inc flu hosp,0,02,quantile,0.5,20,2027-03-13
2027-03-13,wk inc flu hosp,0,02,quantile,0.55,21,2027-03-13
2027-03-13,wk inc flu hosp,0,02,quantile,0.6,22,2027-03-13
2027-03-13,wk inc flu hosp,0,02,quantile,0.65,24,2027-03-13
2027-03-13,wk inc flu hosp,0,02,quantile,0.7,24,2027-03-13
2027-03-13,wk inc flu hosp,0,02,quantile,0.75,26,2027-03-13
2027-03-13,wk inc flu hosp,0,02,quantile,0.8,27,2027-03-13
2027-03-13,wk inc flu hosp,0,02,quantile,0.85,28,2027-03-13
2027-03-13,wk inc flu hosp,0,02,quantile,0.9,31,2027-03-13
2027-03-13,wk inc flu hosp,0,02,quantile,0.95,36,2027-03-13
2027-03-13,wk inc flu hosp,0,02,quantile,0.975,40,2027-03-13
2027-03-13,wk inc flu hosp,0,02,quantile,0.99,40,2027-03-13
2027-03-13,wk inc flu hosp,0,04,quantile,0.01,190,2027-03-13
2027-03-13,wk inc flu hosp,0,04,quantile,0.025,200,2027-03-13
2027-03-13,wk inc flu hosp,0,04,quantile,0.05,216,2027-03-13
2027-03-13,wk inc flu hosp,0,04,quantile,0.1,236,2027-03-13
2027-03-13,wk inc flu hosp,0,04,quantile,0.15,247,2027-03-13
2027-03-13,wk inc flu hosp,0,04,quantile,0.2,259,2027-03-13
2027-03-13,wk inc flu hosp,0,04,quantile,0.25,264,2027-03-13
2027-03-13,wk inc flu hosp,0,04,quantile,0.3,269,2027-03-13
2027-03-13,wk inc flu hosp,0,04,quantile,0.35,277,2027-03-13
2027-03-13,wk inc flu hosp,0,04,quantile,0.4,282,2027-03-13
2027-03-13,wk inc flu hosp,0,04,quantile,0.45,287,2027-03-13
2027-03-13,wk inc flu hosp,0,04,quantile,0.5,292,2027-03-13
2027-03-13,wk inc flu hosp,0,04,quantile,0.55,298,2027-03-13
2027-03-13,wk inc flu hosp,0,04,quantile,0.6,306,2027-03-13
2027-03-13,wk inc flu hosp,0,04,quantile,0.65,311,2027-03-13
2027-03-13,wk inc flu hosp,0,04,quantile,0.7,316,2027-03-13
2027-03-13,wk inc flu hosp,0,04,quantile,0.75,325,2027-03-13
2027-03-13,wk inc flu hosp,0,04,quantile,0.8,335,2027-03-13
2027-03-13,wk inc flu hosp,0,04,quantile,0.85,343,2027-03-13
2027-03-13,wk inc flu hosp,0,04,quantile,0.9,364,2027-03-13
2027-03-13,wk inc flu hosp,0,04,quantile,0.95,388,2027-03-13
2027-03-13,wk inc flu hosp,0,04,quantile,0.975,401,2027-03-13
2027-03-13,wk inc flu hosp,0,04,quantile,0.99,420,2027-03-13
2027-03-13,wk inc flu hosp,0,05,quantile,0.01,170,2027-03-13
2027-03-13,wk inc flu hosp,0,05,quantile,0.025,179,2027-03-13
2027-03-13,wk inc flu hosp,0,05,quantile,0.05,184,2027-03-13
2027-03-13,wk inc flu hosp,0,05,quantile,0.1,192,2027-03-13
2027-03-13,wk inc flu hosp,0,05,quantile,0.15,201,2027-03-13
2027-03-13,wk inc flu hosp,0,05,quantile,0.2,210,2027-03-13
2027-03-13,wk inc flu hosp,0,05,quantile,0.25,213,2027-03-13
2027-03-13,wk inc flu hosp,0,05,quantile,0.3,222,2027-03-13
2027-03-13,wk inc flu hosp,0,05,quantile,0.35,227,2027-03-13
2027-03-13,wk inc flu hosp,0,05,quantile,0.4,230,2027-03-13
2027-03-13,wk inc flu hosp,0,05,quantile,0.45,232,2027-03-13
2027-03-13,wk inc flu hosp,0,05,quantile,0.5,235,2027-03-13
2027-03-13,wk inc flu hosp,0,05,quantile,0.55,239,2027-03-13
2027-03-13,wk inc flu hosp,0,05,quantile,0.6,245,2027-03-13
2027-03-13,wk inc flu hosp,0,05,quantile,0.65,253,2027-03-13
2027-03-13,wk inc flu hosp,0,05,quantile,0.7,258,2027-03-13
2027-03-13,wk inc flu hosp,0,05,quantile,0.75,265,2027-03-13
2027-03-13,wk inc flu hosp,0,05,quantile,0.8,275,2027-03-13
2027-03-13,wk inc flu hosp,0,05,quantile,0.85,282,2027-03-13
2027-03-13,wk inc flu hosp,0,05,quantile,0.9,291,2027-03-13
2027-03-13,wk inc flu hosp,0,05,quantile,0.95,312,2027-03-13
2027-03-13,wk inc flu hosp,0,05,quantile,0.975,425,2027-03-13
2027-03-13,wk inc flu hosp,0,05,quantile,0.99,454,2027-03-13
2027-03-13,wk inc flu hosp,0,06,quantile,0.01,566,2027-03-13
2027-03-13,wk inc flu hosp,0,06,quantile,0.025,594,2027-03-13
2027-03-13,wk inc flu hosp,0,06,quantile,0.05,620,2027-03-13
2027-03-13,wk inc flu hosp,0,06,quantile,0.1,654,2027-03-13
2027-03-13,wk inc flu hosp,0,06,quantile,0.15,684,2027-03-13
2027-03-13,wk inc flu hosp,0,06,quantile,0.2,693,2027-03-13
2027-03-13,wk inc flu hosp,0,06,quantile,0.25,711,2027-03-13
2027-03-13,wk inc flu hosp,0,06,quantile,0.3,722,2027-03-13
2027-03-13,wk inc flu hosp,0,06,quantile,0.35,733,2027-03-13
2027-03-13,wk inc flu hosp,0,06,quantile,0.4,744,2027-03-13
2027-03-13,wk inc flu hosp,0,06,quantile,0.45,758,2027-03-13
2027-03-13,wk inc flu hosp,0,06,quantile,0.5,779,2027-03-13
2027-03-13,wk inc flu hosp,0,06,quantile,0.55,787,2027-03-13
2027-03-13,wk inc flu hosp,0,06,quantile,0.6,796,2027-03-13
2027-03-13,wk inc flu hosp,0,06,quantile,0.65,805,2027-03-13
2027-03-13,wk inc flu hosp,0,06,quantile,0.7,823,2027-03-13
2027-03-13,wk inc flu hosp,0,06,quantile,0.75,840,2027-03-13
2027-03-13,wk inc flu hosp,0,06,quantile,0.8,877,2027-03-13
2027-03-13,wk inc flu hosp,0,06,quantile,0.85,901,2027-03-13
2027-03-13,wk inc flu hosp,0,06,quantile,0.9,930,2027-03-13
2027-03-13,wk inc flu hosp,0,06,quantile,0.95,982,2027-03-13
2027-03-13,wk inc flu hosp,0,06,quantile,0.975,1027,2027-03-13
2027-03-13,wk inc flu hosp,0,06,quantile,0.99,1070,2027-03-13
2027-03-13,wk inc flu hosp,0,08,quantile,0.01,128,2027-03-13
2027-03-13,wk inc flu hosp,0,08,quantile,0.025,131,2027-03-13
2027-03-13,wk inc flu hosp,0,08,quantile,0.05,140,2027-03-13
2027-03-13,wk inc flu hosp,0,08,quantile,0.1,147,2027-03-13
2027-03-13,wk inc flu hosp,0,08,quantile,0.15,158,2027-03-13
2027-03-13,wk inc flu hosp,0,08,quantile,0.2,162,2027-03-13
2027-03-13,wk inc flu hosp,0,08,quantile,0.25,164,2027-03-13
2027-03-13,wk inc flu hosp,0,08,quantile,0.3,168,2027-03-13
2027-03-13,wk inc flu hosp,0,08,quantile,0.35,172,2027-03-13
2027-03-13,wk inc flu hosp,0,08,quantile,0.4,175,2027-03-13
2027-03-13,wk inc flu hosp,0,08,quantile,0.45,180,2027-03-13
2027-03-13,wk inc flu hosp,0,08,quantile,0.5,184,2027-03-13
2027-03-13,wk inc flu hosp,0,08,quantile,0.55,186,2027-03-13
2027-03-13,wk inc flu hosp,0,08,quantile,0.6,192,2027-03-13
2027-03-13,wk inc flu hosp,0,08,quantile,0.65,197,2027-03-13
2027-03-13,wk inc flu hosp,0,08,quantile,0.7,201,2027-03-13
2027-03-13,wk inc flu hosp,0,08,quantile,0.75,204,2027-03-13
2027-03-13,wk inc flu hosp,0,08,quantile,0.8,211,2027-03-13
2027-03-13,wk inc flu hosp,0,08,quantile,0.85,218,2027-03-13
2027-03-13,wk inc flu hosp,0,08,quantile,0.9,224,2027-03-13
2027-03-13,wk inc flu hosp,0,08,quantile,0.95,235,2027-03-13
2027-03-13,wk inc flu hosp,0,08,quantile,0.975,291,2027-03-13
2027-03-13,wk inc flu hosp,0,08,quantile,0.99,317,2027-03-13
2027-03-13,wk inc flu hosp,0,09,quantile,0.01,89,2027-03-13
2027-03-13,wk inc flu hosp,0,09,quantile,0.025,91,2027-03-13
2027-03-13,wk inc flu hosp,0,09,quantile,0.05,96,2027-03-13
2027-03-13,wk inc flu hosp,0,09,quantile,0.1,102,2027-03-13
2027-03-13,wk inc flu hosp,0,09,quantile,0.15,107,2027-03-13
2027-03-13,wk inc flu hosp,0,09,quantile,0.2,109,2027-03-13
2027-03-13,wk inc flu hosp,0,09,quantile,0.25,111,2027-03-13
2027-03-13,wk inc flu hosp,0,09,quantile,0.3,113,2027-03-13
2027-03-13,wk inc flu hosp,0,09,quantile,0.35,115,2027-03-13
2027-03-13,wk inc flu hosp,0,09,quantile,0.4,117,2027-03-13
2027-03-13,wk inc flu hosp,0,09,quantile,0.45,122,2027-03-13
2027-03-13,wk inc flu hosp,0,09,quantile,0.5,124,2027-03-13
2027-03-13,wk inc flu hosp,0,09,quantile,0.55,127,2027-03-13
2027-03-13,wk inc flu hosp,0,09,quantile,0.6,130,2027-03-13
2027-03-13,wk inc flu hosp,0,09,quantile,0.65,134,2027-03-13
2027-03-13,wk inc flu hosp,0,09,quantile,0.7,139,2027-03-13
2027-03-13,wk inc flu hosp,0,09,quantile,0.75,142,2027-03-13
2027-03-13,wk inc flu hosp,0,09,quantile,0.8,146,2027-03-13
2027-03-13,wk inc flu hosp,0,09,quantile,0.85,152,2027-03-13
2027-03-13,wk inc flu hosp,0,09,quantile,0.9,159,2027-03-13
2027-03-13,wk inc flu hosp,0,09,quantile,0.95,175,2027-03-13
2027-03-13,wk inc flu hosp,0,09,quantile,0.975,277,2027-03-13
2027-03-13,wk inc flu hosp,0,09,quantile,0.99,288,2027-03-13
2027-03-13,wk inc flu hosp,0,10,quantile,0.01,28,2027-03-13
2027-03-13,wk inc flu hosp,0,10,quantile,0.025,31,2027-03-13
2027-03-13,wk inc flu hosp,0,10,quantile,0.05,33,2027-03-13
2027-03-13,wk inc flu hosp,0,10,quantile,0.1,36,2027-03-13
2027-03-13,wk inc flu hosp,0,10,quantile,0.15,40,2027-03-13
2027-03-13,wk inc flu hosp,0,10,quantile,0.2,41,2027-03-13
2027-03-13,wk inc flu hosp,0,10,quantile,0.25,42,2027-03-13
2027-03-13,wk inc flu hosp,0,10,quantile,0.3,43,2027-03-13
2027-03-13,wk inc flu hosp,0,10,quantile,0.35,45,2027-03-13
2027-03-13,wk inc flu hosp,0,10,quantile,0.4,46,2027-03-13
2027-03-13,wk inc flu hosp,0,10,quantile,0.45,47,2027-03-13
2027-03-13,wk inc flu hosp,0,10,quantile,0.5,48,2027-03-13
2027-03-13,wk inc flu hosp,0,10,quantile,0.55,49,2027-03-13
2027-03-13,wk inc flu hosp,0,10,quantile,0.6,50,2027-03-13
2027-03-13,wk inc flu hosp,0,10,quantile,0.65,51,2027-03-13
2027-03-13,wk inc flu hosp,0,10,quantile,0.7,53,2027-03-13
2027-03-13,wk inc flu hosp,0,10,quantile,0.75,55,2027-03-13
2027-03-13,wk inc flu hosp,0,10,quantile,0.8,56,2027-03-13
2027-03-13,wk inc flu hosp,0,10,quantile,0.85,59,2027-03-13
2027-03-13,wk inc flu hosp,0,10,quantile,0.9,64,2027-03-13
2027-03-13,wk inc flu hosp,0,10,quantile,0.95,66,2027-03-13
2027-03-13,wk inc flu hosp,0,10,quantile,0.975,73,2027-03-13
2027-03-13,wk inc flu hosp,0,10,quantile,0.99,77,2027-03-13
2027-03-13,wk inc flu hosp,0,11,quantile,0.01,28,2027-03-13
2027-03-13,wk inc flu hosp,0,11,quantile,0.025,30,2027-03-13
2027-03-13,wk inc flu hosp,0,11,quantile,0.05,33,2027-03-13
2027-03-13,wk inc flu hosp,0,11,quantile,0.1,38,2027-03-13
2027-03-13,wk inc flu hosp,0,11,quantile,0.15,40,2027-03-13
2027-03-13,wk inc flu hosp,0,11,quantile,0.2,43,2027-03-13
2027-03-13,wk inc flu hosp,0,11,quantile,0.25,44,2027-03-13
2027-03-13,wk inc flu hosp,0,11,quantile,0.3,45,2027-03-13
2027-03-13,wk inc flu hosp,0,11,quantile,0.35,46,2027-03-13
2027-03-13,wk inc flu hosp,0,11,quantile,0.4,49,2027-03-13
2027-03-13,wk inc flu hosp,0,11,quantile,0.45,50,2027-03-13
2027-03-13,wk inc flu hosp,0,11,quantile,0.5,51,2027-03-13
2027-03-13,wk inc flu hosp,0,11,quantile,0.55,53,2027-03-13
2027-03-13,wk inc flu hosp,0,11,quantile,0.6,55,2027-03-13
2027-03-13,wk inc flu hosp,0,11,quantile,0.65,56,2027-03-13
2027-03-13,wk inc flu hosp,0,11,quantile,0.7,58,2027-03-13
2027-03-13,wk inc flu hosp,0,11,quantile,0.75,61,2027-03-13
2027-03-13,wk inc flu hosp,0,11,quantile,0.8,64,2027-03-13
2027-03-13,wk inc flu hosp,0,11,quantile,0.85,66,2027-03-13
2027-03-13,wk inc flu hosp,0,11,quantile,0.9,70,2027-03-13
2027-03-13,wk inc flu hosp,0,11,quantile,0.95,78,2027-03-13
2027-03-13,wk inc flu hosp,0,11,quantile,0.975,83,2027-03-13
2027-03-13,wk inc flu hosp,0,11,quantile,0.99,91,2027-03-13
2027-03-13,wk inc flu hosp,0,12,quantile,0.01,782,2027-03-13
2027-03-13,wk inc flu hosp,0,12,quantile,0.025,814,2027-03-13
2027-03-13,wk inc flu hosp,0,12,quantile,0.05,864,2027-03-13
2027-03-13,wk inc flu hosp,0,12,quantile,0.1,919,2027-03-13
2027-03-13,wk inc flu hosp,0,12,quantile,0.15,954,2027-03-13
2027-03-13,wk inc flu hosp,0,12,quantile,0.2,997,2027-03-13
2027-03-13,wk inc flu hosp,0,12,quantile,0.25,1016,2027-03-13
2027-03-13,wk inc flu hosp,0,12,quantile,0.3,1035,2027-03-13
2027-03-13,wk inc flu hosp,0,12,quantile,0.35,1054,2027-03-13
2027-03-13,wk inc flu hosp,0,12,quantile,0.4,1068,2027-03-13
2027-03-13,wk inc flu hosp,0,12,quantile,0.45,1081,2027-03-13
2027-03-13,wk inc flu hosp,0,12,quantile,0.5,1098,2027-03-13
2027-03-13,wk inc flu hosp,0,12,quantile,0.55,1123,2027-03-13
2027-03-13,wk inc flu hosp,0,12,quantile,0.6,1149,2027-03-13
2027-03-13,wk inc flu hosp,0,12,quantile,0.65,1166,2027-03-13
2027-03-13,wk inc flu hosp,0,12,quantile,0.7,1188,2027-03-13
2027-03-13,wk inc flu hosp,0,12,quantile,0.75,1214,2027-03-13
2027-03-13,wk inc flu hosp,0,12,quantile,0.8,1251,2027-03-13
2027-03-13,wk inc flu hosp,0,12,quantile,0.85,1276,2027-03-13
2027-03-13,wk inc flu hosp,0,12,quantile,0.9,1306,2027-03-13
2027-03-13,wk inc flu hosp,0,12,quantile,0.95,1349,2027-03-13
2027-03-13,wk inc flu hosp,0,12,quantile,0.975,1394,2027-03-13
2027-03-13,wk inc flu hosp,0,12,quantile,0.99,1483,2027-03-13
2027-03-13,wk inc flu hosp,0,13,quantile,0.01,188,2027-03-13
2027-03-13,wk inc flu hosp,0,13,quantile,0.025,205,2027-03-13
2027-03-13,wk inc flu hosp,0,13,quantile,0.05,217,2027-03-13
2027-03-13,wk inc flu hosp,0,13,quantile,0.1,228,2027-03-13
2027-03-13,wk inc flu hosp,0,13,quantile,0.15,239,2027-03-13
2027-03-13,wk inc flu hosp,0,13,quantile,0.2,245,2027-03-13
2027-03-13,wk inc flu hosp,0,13,quantile,0.25,250,2027-03-13
2027-03-13,wk inc flu hosp,0,13,quantile,0.3,256,2027-03-13
2027-03-13,wk inc flu hosp,0,13,quantile,0.35,262,2027-03-13
2027-03-13,wk inc flu hosp,0,13,quantile,0.4,266,2027-03-13
2027-03-13,wk inc flu hosp,0,13,quantile,0.45,271,2027-03-13
2027-03-13,wk inc flu hosp,0,13,quantile,0.5,281,2027-03-13
2027-03-13,wk inc flu hosp,0,13,quantile,0.55,283,2027-03-13
2027-03-13,wk inc flu hosp,0,13,quantile,0.6,287,2027-03-13
2027-03-13,wk inc flu hosp,0,13,quantile,0.65,296,2027-03-13
2027-03-13,wk inc flu hosp,0,13,quantile,0.7,302,2027-03-13
2027-03-13,wk inc flu hosp,0,13,quantile,0.75,306,2027-03-13
2027-03-13,wk inc flu hosp,0,13,quantile,0.8,315,2027-03-13
2027-03-13,wk inc flu hosp,0,13,quantile,0.85,327,2027-03-13
2027-03-13,wk inc flu hosp,0,13,quantile,0.9,343,2027-03-13
2027-03-13,wk inc flu hosp,0,13,quantile,0.95,375,2027-03-13
2027-03-13,wk inc flu hosp,0,13,quantile,0.975,495,2027-03-13
2027-03-13,wk inc flu hosp,0,13,quantile,0.99,533,2027-03-13
2027-03-13,wk inc flu hosp,0,15,quantile,0.01,25,2027-03-13
2027-03-13,wk inc flu hosp,0,15,quantile,0.025,28,2027-03-13
2027-03-13,wk inc flu hosp,0,15,quantile,0.05,30,2027-03-13
2027-03-13,wk inc flu hosp,0,15,quantile,0.1,34,2027-03-13
2027-03-13,wk inc flu hosp,0,15,quantile,0.15,36,2027-03-13
2027-03-13,wk inc flu hosp,0,15,quantile,0.2,38,2027-03-13
2027-03-13,wk inc flu hosp,0,15,quantile,0.25,40,2027-03-13
2027-03-13,wk inc flu hosp,0,15,quantile,0.3,42,2027-03-13
2027-03-13,wk inc flu hosp,0,15,quantile,0.35,43,2027-03-13
2027-03-13,wk inc flu hosp,0,15,quantile,0.4,44,2027-03-13
2027-03-13,wk inc flu hosp,0,15,quantile,0.45,45,2027-03-13
2027-03-13,wk inc flu hosp,0,15,quantile,0.5,46,2027-03-13
2027-03-13,wk inc flu hosp,0,15,quantile,0.55,47,2027-03-13
2027-03-13,wk inc flu hosp,0,15,quantile,0.6,48,2027-03-13
2027-03-13,wk inc flu hosp,0,15,quantile,0.65,49,2027-03-13
2027-03-13,wk inc flu hosp,0,15,quantile,0.7,50,2027-03-13
2027-03-13,wk inc flu hosp,0,15,quantile,0.75,53,2027-03-13
2027-03-13,wk inc flu hosp,0,15,quantile,0.8,54,2027-03-13
2027-03-13,wk inc flu hosp,0,15,quantile,0.85,55,2027-03-13
2027-03-13,wk inc flu hosp,0,15,quantile,0.9,59,2027-03-13
2027-03-13,wk inc flu hosp,0,15,quantile,0.95,66,2027-03-13
2027-03-13,wk inc flu hosp,0,15,quantile,0.975,74,2027-03-13
2027-03-13,wk inc flu hosp,0,15,quantile,0.99,78,2027-03-13
2027-03-13,wk inc flu hosp,0,16,quantile,0.01,72,2027-03-13
2027-03-13,wk inc flu hosp,0,16,quantile,0.025,75,2027-03-13
2027-03-13,wk inc flu hosp,0,16,quantile,0.05,80,2027-03-13
2027-03-13,wk inc flu hosp,0,16,quantile,0.1,86,2027-03-13
2027-03-13,wk inc flu hosp,0,16,quantile,0.15,90,2027-03-13
2027-03-13,wk inc flu hosp,0,16,quantile,0.2,92,2027-03-13
2027-03-13,wk inc flu hosp,0,16,quantile,0.25,95,2027-03-13
2027-03-13,wk inc flu hosp,0,16,quantile,0.3,97,2027-03-13
2027-03-13,wk inc flu hosp,0,16,quantile,0.35,99,2027-03-13
2027-03-13,wk inc flu hosp,0,16,quantile,0.4,101,2027-03-13
2027-03-13,wk inc flu hosp,0,16,quantile,0.45,104,2027-03-13
2027-03-13,wk inc flu hosp,0,16,quantile,0.5,106,2027-03-13
2027-03-13,wk inc flu hosp,0,16,quantile,0.55,108,2027-03-13
2027-03-13,wk inc flu hosp,0,16,quantile,0.6,112,2027-03-13
2027-03-13,wk inc flu hosp,0,16,quantile,0.65,115,2027-03-13
2027-03-13,wk inc flu hosp,0,16,quantile,0.7,118,2027-03-13
2027-03-13,wk inc flu hosp,0,16,quantile,0.75,120,2027-03-13
2027-03-13,wk inc flu hosp,0,16,quantile,0.8,123,2027-03-13
2027-03-13,wk inc flu hosp,0,16,quantile,0.85,125,2027-03-13
2027-03-13,wk inc flu hosp,0,16,quantile,0.9,129,2027-03-13
2027-03-13,wk inc flu hosp,0,16,quantile,0.95,143,2027-03-13
2027-03-13,wk inc flu hosp,0,16,quantile,0.975,150,2027-03-13
2027-03-13,wk inc flu hosp,0,16,quantile,0.99,156,2027-03-13
2027-03-13,wk inc flu hosp,0,17,quantile,0.01,349,2027-03-13
2027-03-13,wk inc flu hosp,0,17,quantile,0.025,358,2027-03-13
2027-03-13,wk inc flu hosp,0,17,quantile,0.05,400,2027-03-13
2027-03-13,wk inc flu hosp,0,17,quantile,0.1,407,2027-03-13
2027-03-13,wk inc flu hosp,0,17,quantile,0.15,412,2027-03-13
2027-03-13,wk inc flu hosp,0,17,quantile,0.2,421,2027-03-13
2027-03-13,wk inc flu hosp,0,17,quantile,0.25,428,2027-03-13
2027-03-13,wk inc flu hosp,0,17,quantile,0.3,444,2027-03-13
2027-03-13,wk inc flu hosp,0,17,quantile,0.35,451,2027-03-13
2027-03-13,wk inc flu hosp,0,17,quantile,0.4,460,2027-03-13
2027-03-13,wk inc flu hosp,0,17,quantile,0.45,467,2027-03-13
2027-03-13,wk inc flu hosp,0,17,quantile,0.5,476,2027-03-13
2027-03-13,wk inc flu hosp,0,17,quantile,0.55,487,2027-03-13
2027-03-13,wk inc flu hosp,0,17,quantile,0.6,494,2027-03-13
2027-03-13,wk inc flu hosp,0,17,quantile,0.65,497,2027-03-13
2027-03-13,wk inc flu hosp,0,17,quantile,0.7,506,2027-03-13
2027-03-13,wk inc flu hosp,0,17,quantile,0.75,514,2027-03-13
2027-03-13,wk inc flu hosp,0,17,quantile,0.8,528,2027-03-13
2027-03-13,wk inc flu hosp,0,17,quantile,0.85,543,2027-03-13
2027-03-13,wk inc flu hosp,0,17,quantile,0.9,561,2027-03-13
2027-03-13,wk inc flu hosp,0,17,quantile,0.95,612,2027-03-13
2027-03-13,wk inc flu hosp,0,17,quantile,0.975,900,2027-03-13
2027-03-13,wk inc flu hosp,0,17,quantile,0.99,942,2027-03-13
2027-03-13,wk inc flu hosp,0,18,quantile,0.01,343,2027-03-13
2027-03-13,wk inc flu hosp,0,18,quantile,0.025,367,2027-03-13
2027-03-13,wk inc flu hosp,0,18,quantile,0.05,378,2027-03-13
2027-03-13,wk inc flu hosp,0,18,quantile,0.1,400,2027-03-13
2027-03-13,wk inc flu hosp,0,18,quantile,0.15,418,2027-03-13
2027-03-13,wk inc flu hosp,0,18,quantile,0.2,430,2027-03-13
2027-03-13,wk inc flu hosp,0,18,quantile,0.25,436,2027-03-13
2027-03-13,wk inc flu hosp,0,18,quantile,0.3,439,2027-03-13
2027-03-13,wk inc flu hosp,0,18,quantile,0.35,449,2027-03-13
2027-03-13,wk inc flu hosp,0,18,quantile,0.4,460,2027-03-13
2027-03-13,wk inc flu hosp,0,18,quantile,0.45,470,2027-03-13
2027-03-13,wk inc flu hosp,0,18,quantile,0.5,475,2027-03-13
2027-03-13,wk inc flu hosp,0,18,quantile,0.55,483,2027-03-13
2027-03-13,wk inc flu hosp,0,18,quantile,0.6,491,2027-03-13
2027-03-13,wk inc flu hosp,0,18,quantile,0.65,498,2027-03-13
2027-03-13,wk inc flu hosp,0,18,quantile,0.7,504,2027-03-13
2027-03-13,wk inc flu hosp,0,18,quantile,0.75,515,2027-03-13
2027-03-13,wk inc flu hosp,0,18,quantile,0.8,530,2027-03-13
2027-03-13,wk inc flu hosp,0,18,quantile,0.85,542,2027-03-13
2027-03-13,wk inc flu hosp,0,18,quantile,0.9,570,2027-03-13
2027-03-13,wk inc flu hosp,0,18,quantile,0.95,621,2027-03-13
2027-03-13,wk inc flu hosp,0,18,quantile,0.975,884,2027-03-13
2027-03-13,wk inc flu hosp,0,18,quantile,0.99,933,2027-03-13
2027-03-13,wk inc flu hosp,0,19,quantile,0.01,145,2027-03-13
2027-03-13,wk inc flu hosp,0,19,quantile,0.025,154,2027-03-13
2027-03-13,wk inc flu hosp,0,19,quantile,0.05,156,2027-03-13
2027-03-13,wk inc flu hosp,0,19,quantile,0.1,167,2027-03-13
2027-03-13,wk inc flu hosp,0,19,quantile,0.15,171,2027-03-13
2027-03-13,wk inc flu hosp,0,19,quantile,0.2,180,2027-03-13
2027-03-13,wk inc flu hosp,0,19,quantile,0.25,184,2027-03-13
2027-03-13,wk inc flu hosp,0,19,quantile,0.3,186,2027-03-13
2027-03-13,wk inc flu hosp,0,19,quantile,0.35,189,2027-03-13
2027-03-13,wk inc flu hosp,0,19,quantile,0.4,190,2027-03-13
2027-03-13,wk inc flu hosp,0,19,quantile,0.45,194,2027-03-13
2027-03-13,wk inc flu hosp,0,19,quantile,0.5,194,2027-03-13
2027-03-13,wk inc flu hosp,0,19,quantile,0.55,200,2027-03-13
2027-03-13,wk inc flu hosp,0,19,quantile,0.6,203,2027-03-13
2027-03-13,wk inc flu hosp,0,19,quantile,0.65,209,2027-03-13
2027-03-13,wk inc flu hosp,0,19,quantile,0.7,213,2027-03-13
2027-03-13,wk inc flu hosp,0,19,quantile,0.75,220,2027-03-13
2027-03-13,wk inc flu hosp,0,19,quantile,0.8,225,2027-03-13
2027-03-13,wk inc flu hosp,0,19,quantile,0.85,229,2027-03-13
2027-03-13,wk inc flu hosp,0,19,quantile,0.9,239,2027-03-13
2027-03-13,wk inc flu hosp,0,19,quantile,0.95,260,2027-03-13
2027-03-13,wk inc flu hosp,0,19,quantile,0.975,285,2027-03-13
2027-03-13,wk inc flu hosp,0,19,quantile,0.99,330,2027-03-13
2027-03-13,wk inc flu hosp,0,20,quantile,0.01,86,2027-03-13
2027-03-13,wk inc flu hosp,0,20,quantile,0.025,89,2027-03-13
2027-03-13,wk inc flu hosp,0,20,quantile,0.05,100,2027-03-13
2027-03-13,wk inc flu hosp,0,20,quantile,0.1,104,2027-03-13
2027-03-13,wk inc flu hosp,0,20,quantile,0.15,108,2027-03-13
2027-03-13,wk inc flu hosp,0,20,quantile,0.2,112,2027-03-13
2027-03-13,wk inc flu hosp,0,20,quantile,0.25,115,2027-03-13
2027-03-13,wk inc flu hosp,0,20,quantile,0.3,121,2027-03-13
2027-03-13,wk inc flu hosp,0,20,quantile,0.35,123,2027-03-13
2027-03-13,wk inc flu hosp,0,20,quantile,0.4,126,2027-03-13
2027-03-13,wk inc flu hosp,0,20,quantile,0.45,128,2027-03-13
2027-03-13,wk inc flu hosp,0,20,quantile,0.5,130,2027-03-13
2027-03-13,wk inc flu hosp,0,20,quantile,0.55,136,2027-03-13
2027-03-13,wk inc flu hosp,0,20,quantile,0.6,140,2027-03-13
2027-03-13,wk inc flu hosp,0,20,quantile,0.65,144,2027-03-13
2027-03-13,wk inc flu hosp,0,20,quantile,0.7,148,2027-03-13
2027-03-13,wk inc flu hosp,0,20,quantile,0.75,153,2027-03-13
2027-03-13,wk inc flu hosp,0,20,quantile,0.8,154,2027-03-13
2027-03-13,wk inc flu hosp,0,20,quantile,0.85,157,2027-03-13
2027-03-13,wk inc flu hosp,0,20,quantile,0.9,163,2027-03-13
2027-03-13,wk inc flu hosp,0,20,quantile,0.95,174,2027-03-13
2027-03-13,wk inc flu hosp,0,20,quantile,0.975,239,2027-03-13
2027-03-13,wk inc flu hosp,0,20,quantile,0.99,247,2027-03-13
2027-03-13,wk inc flu hosp,0,21,quantile,0.01,264,2027-03-13
2027-03-13,wk inc flu hosp,0,21,quantile,0.025,279,2027-03-13
2027-03-13,wk inc flu hosp,0,21,quantile,0.05,287,2027-03-13
2027-03-13,wk inc flu hosp,0,21,quantile,0.1,302,2027-03-13
2027-03-13,wk inc flu hosp,0,21,quantile,0.15,313,2027-03-13
2027-03-13,wk inc flu hosp,0,21,quantile,0.2,320,2027-03-13
2027-03-13,wk inc flu hosp,0,21,quantile,0.25,331,2027-03-13
2027-03-13,wk inc flu hosp,0,21,quantile,0.3,337,2027-03-13
2027-03-13,wk inc flu hosp,0,21,quantile,0.35,340,2027-03-13
2027-03-13,wk inc flu hosp,0,21,quantile,0.4,346,2027-03-13
2027-03-13,wk inc flu hosp,0,21,quantile,0.45,350,2027-03-13
2027-03-13,wk inc flu hosp,0,21,quantile,0.5,360,2027-03-13
2027-03-13,wk inc flu hosp,0,21,quantile,0.55,365,2027-03-13
2027-03-13,wk inc flu hosp,0,21,quantile,0.6,370,2027-03-13
2027-03-13,wk inc flu hosp,0,21,quantile,0.65,376,2027-03-13
2027-03-13,wk inc flu hosp,0,21,quantile,0.7,381,2027-03-13
2027-03-13,wk inc flu hosp,0,21,quantile,0.75,386,2027-03-13
2027-03-13,wk inc flu hosp,0,21,quantile,0.8,389,2027-03-13
2027-03-13,wk inc flu hosp,0,21,quantile,0.85,400,2027-03-13
2027-03-13,wk inc flu hosp,0,21,quantile,0.9,416,2027-03-13
2027-03-13,wk inc flu hosp,0,21,quantile,0.95,453,2027-03-13
2027-03-13,wk inc flu hosp,0,21,quantile,0.975,634,2027-03-13
2027-03-13,wk inc flu hosp,0,21,quantile,0.99,699,2027-03-13
2027-03-13,wk inc flu hosp,0,22,quantile,0.01,155,2027-03-13
2027-03-13,wk inc flu hosp,0,22,quantile,0.025,160,2027-03-13
2027-03-13,wk inc flu hosp,0,22,quantile,0.05,174,2027-03-13
2027-03-13,wk inc flu hosp,0,22,quantile,0.1,181,2027-03-13
2027-03-13,wk inc flu hosp,0,22,quantile,0.15,192,2027-03-13
2027-03-13,wk inc flu hosp,0,22,quantile,0.2,198,2027-03-13
2027-03-13,wk inc flu hosp,0,22,quantile,0.25,204,2027-03-13
2027-03-13,wk inc flu hosp,0,22,quantile,0.3,216,2027-03-13
2027-03-13,wk inc flu hosp,0,22,quantile,0.35,220,2027-03-13
2027-03-13,wk inc flu hosp,0,22,quantile,0.4,226,2027-03-13
2027-03-13,wk inc flu hosp,0,22,quantile,0.45,229,2027-03-13
2027-03-13,wk inc flu hosp,0,22,quantile,0.5,232,2027-03-13
2027-03-13,wk inc flu hosp,0,22,quantile,0.55,235,2027-03-13
2027-03-13,wk inc flu hosp,0,22,quantile,0.6,237,2027-03-13
2027-03-13,wk inc flu hosp,0,22,quantile,0.65,241,2027-03-13
2027-03-13,wk inc flu hosp,0,22,quantile,0.7,248,2027-03-13
2027-03-13,wk inc flu hosp,0,22,quantile,0.75,256,2027-03-13
2027-03-13,wk inc flu hosp,0,22,quantile,0.8,261,2027-03-13
2027-03-13,wk inc flu hosp,0,22,quantile,0.85,267,2027-03-13
2027-03-13,wk inc flu hosp,0,22,quantile,0.9,275,2027-03-13
2027-03-13,wk inc flu hosp,0,22,quantile,0.95,287,2027-03-13
2027-03-13,wk inc flu hosp,0,22,quantile,0.975,310,2027-03-13
2027-03-13,wk inc flu hosp,0,22,quantile,0.99,340,2027-03-13
2027-03-13,wk inc flu hosp,0,23,quantile,0.01,44,2027-03-13
2027-03-13,wk inc flu hosp,0,23,quantile,0.025,49,2027-03-13
2027-03-13,wk inc flu hosp,0,23,quantile,0.05,54,2027-03-13
2027-03-13,wk inc flu hosp,0,23,quantile,0.1,57,2027-03-13
2027-03-13,wk inc flu hosp,0,23,quantile,0.15,59,2027-03-13
2027-03-13,wk inc flu hosp,0,23,quantile,0.2,62,2027-03-13
2027-03-13,wk inc flu hosp,0,23,quantile,0.25,63,2027-03-13
2027-03-13,wk inc flu hosp,0,23,quantile,0.3,65,2027-03-13
2027-03-13,wk inc flu hosp,0,23,quantile,0.35,65,2027-03-13
2027-03-13,wk inc flu hosp,0,23,quantile,0.4,68,2027-03-13
2027-03-13,wk inc flu hosp,0,23,quantile,0.45,71,2027-03-13
2027-03-13,wk inc flu hosp,0,23,quantile,0.5,73,2027-03-13
2027-03-13,wk inc flu hosp,0,23,quantile,0.55,74,2027-03-13
2027-03-13,wk inc flu hosp,0,23,quantile,0.6,76,2027-03-13
2027-03-13,wk inc flu hosp,0,23,quantile,0.65,77,2027-03-13
2027-03-13,wk inc flu hosp,0,23,quantile,0.7,78,2027-03-13
2027-03-13,wk inc flu hosp,0,23,quantile,0.75,80,2027-03-13
2027-03-13,wk inc flu hosp,0,23,quantile,0.8,83,2027-03-13
2027-03-13,wk inc flu hosp,0,23,quantile,0.85,87,2027-03-13
2027-03-13,wk inc flu hosp,0,23,quantile,0.9,88,2027-03-13
2027-03-13,wk inc flu hosp,0,23,quantile,0.95,92,2027-03-13
2027-03-13,wk inc flu hosp,0,23,quantile,0.975,95,2027-03-13
2027-03-13,wk inc flu hosp,0,23,quantile,0.99,104,2027-03-13
2027-03-13,wk inc flu hosp,0,24,quantile,0.01,146,2027-03-13
2027-03-13,wk inc flu hosp,0,24,quantile,0.025,148,2027-03-13
2027-03-13,wk inc flu hosp,0,24,quantile,0.05,162,2027-03-13
2027-03-13,wk inc flu hosp,0,24,quantile,0.1,173,2027-03-13
2027-03-13,wk inc flu hosp,0,24,quantile,0.15,177,2027-03-13
2027-03-13,wk inc flu hosp,0,24,quantile,0.2,180,2027-03-13
2027-03-13,wk inc flu hosp,0,24,quantile,0.25,186,2027-03-13
2027-03-13,wk inc flu hosp,0,24,quantile,0.3,190,2027-03-13
2027-03-13,wk inc flu hosp,0,24,quantile,0.35,194,2027-03-13
2027-03-13,wk inc flu hosp,0,24,quantile,0.4,198,2027-03-13
2027-03-13,wk inc flu hosp,0,24,quantile,0.45,203,2027-03-13
2027-03-13,wk inc flu hosp,0,24,quantile,0.5,207,2027-03-13
2027-03-13,wk inc flu hosp,0,24,quantile,0.55,211,2027-03-13
2027-03-13,wk inc flu hosp,0,24,quantile,0.6,215,2027-03-13
2027-03-13,wk inc flu hosp,0,24,quantile,0.65,217,2027-03-13
2027-03-13,wk inc flu hosp,0,24,quantile,0.7,222,2027-03-13
2027-03-13,wk inc flu hosp,0,24,quantile,0.75,227,2027-03-13
2027-03-13,wk inc flu hosp,0,24,quantile,0.8,232,2027-03-13
2027-03-13,wk inc flu hosp,0,24,quantile,0.85,241,2027-03-13
2027-03-13,wk inc flu hosp,0,24,quantile,0.9,253,2027-03-13
2027-03-13,wk inc flu hosp,0,24,quantile,0.95,275,2027-03-13
2027-03-13,wk inc flu hosp,0,24,quantile,0.975,460,2027-03-13
2027-03-13,wk inc flu hosp,0,24,quantile,0.99,501,2027-03-13
2027-03-13,wk inc flu hosp,0,25,quantile,0.01,218,2027-03-13
2027-03-13,wk inc flu hosp,0,25,quantile,0.025,220,2027-03-13
2027-03-13,wk inc flu hosp,0,25,quantile,0.05,231,2027-03-13
2027-03-13,wk inc flu hosp,0,25,quantile,0.1,243,2027-03-13
2027-03-13,wk inc flu hosp,0,25,quantile,0.15,246,2027-03-13
2027-03-13,wk inc flu hosp,0,25,quantile,0.2,254,2027-03-13
2027-03-13,wk inc flu hosp,0,25,quantile,0.25,260,2027-03-13
2027-03-13,wk inc flu hosp,0,25,quantile,0.3,268,2027-03-13
2027-03-13,wk inc flu hosp,0,25,quantile,0.35,272,2027-03-13
2027-03-13,wk inc flu hosp,0,25,quantile,0.4,277,2027-03-13
2027-03-13,wk inc flu hosp,0,25,quantile,0.45,281,2027-03-13
2027-03-13,wk inc flu hosp,0,25,quantile,0.5,285,2027-03-13
2027-03-13,wk inc flu hosp,0,25,quantile,0.55,293,2027-03-13
2027-03-13,wk inc flu hosp,0,25,quantile,0.6,297,2027-03-13
2027-03-13,wk inc flu hosp,0,25,quantile,0.65,301,2027-03-13
2027-03-13,wk inc flu hosp,0,25,quantile,0.7,308,2027-03-13
2027-03-13,wk inc flu hosp,0,25,quantile,0.75,316,2027-03-13
2027-03-13,wk inc flu hosp,0,25,quantile,0.8,322,2027-03-13
2027-03-13,wk inc flu hosp,0,25,quantile,0.85,338,2027-03-13
2027-03-13,wk inc flu hosp,0,25,quantile,0.9,349,2027-03-13
2027-03-13,wk inc flu hosp,0,25,quantile,0.95,381,2027-03-13
2027-03-13,wk inc flu hosp,0,25,quantile,0.975,542,2027-03-13
2027-03-13,wk inc flu hosp,0,25,quantile,0.99,567,2027-03-13
2027-03-13,wk inc flu hosp,0,26,quantile,0.01,517,2027-03-13
2027-03-13,wk inc flu hosp,0,26,quantile,0.025,523,2027-03-13
2027-03-13,wk inc flu hosp,0,26,quantile,0.05,542,2027-03-13
2027-03-13,wk inc flu hosp,0,26,quantile,0.1,558,2027-03-13
2027-03-13,wk inc flu hosp,0,26,quantile,0.15,573,2027-03-13
2027-03-13,wk inc flu hosp,0,26,quantile,0.2,595,2027-03-13
2027-03-13,wk inc flu hosp,0,26,quantile,0.25,603,2027-03-13
2027-03-13,wk inc flu hosp,0,26,quantile,0.3,621,2027-03-13
2027-03-13,wk inc flu hosp,0,26,quantile,0.35,634,2027-03-13
2027-03-13,wk inc flu hosp,0,26,quantile,0.4,641,2027-03-13
2027-03-13,wk inc flu hosp,0,26,quantile,0.45,653,2027-03-13
2027-03-13,wk inc flu hosp,0,26,quantile,0.5,668,2027-03-13
2027-03-13,wk inc flu hosp,0,26,quantile,0.55,673,2027-03-13
2027-03-13,wk inc flu hosp,0,26,quantile,0.6,686,2027-03-13
2027-03-13,wk inc flu hosp,0,26,quantile,0.65,702,2027-03-13
2027-03-13,wk inc flu hosp,0,26,quantile,0.7,714,2027-03-13
2027-03-13,wk inc flu hosp,0,26,quantile,0.75,741,2027-03-13
2027-03-13,wk inc flu hosp,0,26,quantile,0.8,752,2027-03-13
2027-03-13,wk inc flu hosp,0,26,quantile,0.85,768,2027-03-13
2027-03-13,wk inc flu hosp,0,26,quantile,0.9,800,2027-03-13
2027-03-13,wk inc flu hosp,0,26,quantile,0.95,846,2027-03-13
2027-03-13,wk inc flu hosp,0,26,quantile,0.975,1029,2027-03-13
2027-03-13,wk inc flu hosp,0,26,quantile,0.99,1077,2027-03-13
2027-03-13,wk inc flu hosp,0,27,quantile,0.01,134,2027-03-13
2027-03-13,wk inc flu hosp,0,27,quantile,0.025,139,2027-03-13
2027-03-13,wk inc flu hosp,0,27,quantile,0.05,150,2027-03-13
2027-03-13,wk inc flu hosp,0,27,quantile,0.1,156,2027-03-13
2027-03-13,wk inc flu hosp,0,27,quantile,0.15,164,2027-03-13
2027-03-13,wk inc flu hosp,0,27,quantile,0.2,171,2027-03-13
2027-03-13,wk inc flu hosp,0,27,quantile,0.25,174,2027-03-13
2027-03-13,wk inc flu hosp,0,27,quantile,0.3,178,2027-03-13
2027-03-13,wk inc flu hosp,0,27,quantile,0.35,183,2027-03-13
2027-03-13,wk inc flu hosp,0,27,quantile,0.4,188,2027-03-13
2027-03-13,wk inc flu hosp,0,27,quantile,0.45,191,2027-03-13
2027-03-13,wk inc flu hosp,0,27,quantile,0.5,194,2027-03-13
2027-03-13,wk inc flu hosp,0,27,quantile,0.55,197,2027-03-13
2027-03-13,wk inc flu hosp,0,27,quantile,0.6,203,2027-03-13
2027-03-13,wk inc flu hosp,0,27,quantile,0.65,208,2027-03-13
2027-03-13,wk inc flu hosp,0,27,quantile,0.7,214,2027-03-13
2027-03-13,wk inc flu hosp,0,27,quantile,0.75,219,2027-03-13
2027-03-13,wk inc flu hosp,0,27,quantile,0.8,229,2027-03-13
2027-03-13,wk inc flu hosp,0,27,quantile,0.85,233,2027-03-13
2027-03-13,wk inc flu hosp,0,27,quantile,0.9,240,2027-03-13
2027-03-13,wk inc flu hosp,0,27,quantile,0.95,258,2027-03-13
2027-03-13,wk inc flu hosp,0,27,quantile,0.975,290,2027-03-13
2027-03-13,wk inc flu hosp,0,27,quantile,0.99,295,2027-03-13
2027-03-13,wk inc flu hosp,0,28,quantile,0.01,116,2027-03-13
2027-03-13,wk inc flu hosp,0,28,quantile,0.025,124,2027-03-13
2027-03-13,wk inc flu hosp,0,28,quantile,0.05,133,2027-03-13
2027-03-13,wk inc flu hosp,0,28,quantile,0.1,141,2027-03-13
2027-03-13,wk inc flu hosp,0,28,quantile,0.15,148,2027-03-13
2027-03-13,wk inc flu hosp,0,28,quantile,0.2,152,2027-03-13
2027-03-13,wk inc flu hosp,0,28,quantile,0.25,157,2027-03-13
2027-03-13,wk inc flu hosp,0,28,quantile,0.3,161,2027-03-13
2027-03-13,wk inc flu hosp,0,28,quantile,0.35,164,2027-03-13
2027-03-13,wk inc flu hosp,0,28,quantile,0.4,166,2027-03-13
2027-03-13,wk inc flu hosp,0,28,quantile,0.45,169,2027-03-13
2027-03-13,wk inc flu hosp,0,28,quantile,0.5,171,2027-03-13
2027-03-13,wk inc flu hosp,0,28,quantile,0.55,175,2027-03-13
2027-03-13,wk inc flu hosp,0,28,quantile,0.6,179,2027-03-13
2027-03-13,wk inc flu hosp,0,28,quantile,0.65,184,2027-03-13
2027-03-13,wk inc flu hosp,0,28,quantile,0.7,187,2027-03-13
2027-03-13,wk inc flu hosp,0,28,quantile,0.75,191,2027-03-13
2027-03-13,wk inc flu hosp,0,28,quantile,0.8,196,2027-03-13
2027-03-13,wk inc flu hosp,0,28,quantile,0.85,203,2027-03-13
2027-03-13,wk inc flu hosp,0,28,quantile,0.9,211,2027-03-13
2027-03-13,wk inc flu hosp,0,28,quantile,0.95,226,2027-03-13
2027-03-13,wk inc flu hosp,0,28,quantile,0.975,236,2027-03-13
2027-03-13,wk inc flu hosp,0,28,quantile,0.99,268,2027-03-13
2027-03-13,wk inc flu hosp,0,29,quantile,0.01,289,2027-03-13
2027-03-13,wk inc flu hosp,0,29,quantile,0.025,306,2027-03-13
2027-03-13,wk inc flu hosp,0,29,quantile,0.05,331,2027-03-13
2027-03-13,wk inc flu hosp,0,29,quantile,0.1,350,2027-03-13
2027-03-13,wk inc flu hosp,0,29,quantile,0.15,355,2027-03-13
2027-03-13,wk inc flu hosp,0,29,quantile,0.2,364,2027-03-13
2027-03-13,wk inc flu hosp,0,29,quantile,0.25,371,2027-03-13
2027-03-13,wk inc flu hosp,0,29,quantile,0.3,379,2027-03-13
2027-03-13,wk inc flu hosp,0,29,quantile,0.35,387,2027-03-13
2027-03-13,wk inc flu hosp,0,29,quantile,0.4,396,2027-03-13
2027-03-13,wk inc flu hosp,0,29,quantile,0.45,401,2027-03-13
2027-03-13,wk inc flu hosp,0,29,quantile,0.5,412,2027-03-13
2027-03-13,wk inc flu hosp,0,29,quantile,0.55,417,2027-03-13
2027-03-13,wk inc flu hosp,0,29,quantile,0.6,426,2027-03-13
2027-03-13,wk inc flu hosp,0,29,quantile,0.65,433,2027-03-13
2027-03-13,wk inc flu hosp,0,29,quantile,0.7,437,2027-03-13
2027-03-13,wk inc flu hosp,0,29,quantile,0.75,445,2027-03-13
2027-03-13,wk inc flu hosp,0,29,quantile,0.8,457,2027-03-13
2027-03-13,wk inc flu hosp,0,29,quantile,0.85,465,2027-03-13
2027-03-13,wk inc flu hosp,0,29,quantile,0.9,481,2027-03-13
2027-03-13,wk inc flu hosp,0,29,quantile,0.95,549,2027-03-13
2027-03-13,wk inc flu hosp,0,29,quantile,0.975,615,2027-03-13
2027-03-13,wk inc flu hosp,0,29,quantile,0.99,668,2027-03-13
2027-03-13,wk inc flu hosp,0,30,quantile,0.01,73,2027-03-13
2027-03-13,wk inc flu hosp,0,30,quantile,0.025,77,2027-03-13
2027-03-13,wk inc flu hosp,0,30,quantile,0.05,84,2027-03-13
2027-03-13,wk inc flu hosp,0,30,quantile,0.1,90,2027-03-13
2027-03-13,wk inc flu hosp,0,30,quantile,0.15,95,2027-03-13
2027-03-13,wk inc flu hosp,0,30,quantile,0.2,97,2027-03-13
2027-03-13,wk inc flu hosp,0,30,quantile,0.25,100,2027-03-13
2027-03-13,wk inc flu hosp,0,30,quantile,0.3,103,2027-03-13
2027-03-13,wk inc flu hosp,0,30,quantile,0.35,106,2027-03-13
2027-03-13,wk inc flu hosp,0,30,quantile,0.4,108,2027-03-13
2027-03-13,wk inc flu hosp,0,30,quantile,0.45,111,2027-03-13
2027-03-13,wk inc flu hosp,0,30,quantile,0.5,114,2027-03-13
2027-03-13,wk inc flu hosp,0,30,quantile,0.55,116,2027-03-13
2027-03-13,wk inc flu hosp,0,30,quantile,0.6,118,2027-03-13
2027-03-13,wk inc flu hosp,0,30,quantile,0.65,122,2027-03-13
2027-03-13,wk inc flu hosp,0,30,quantile,0.7,126,2027-03-13
2027-03-13,wk inc flu hosp,0,30,quantile,0.75,129,2027-03-13
2027-03-13,wk inc flu hosp,0,30,quantile,0.8,134,2027-03-13
2027-03-13,wk inc flu hosp,0,30,quantile,0.85,136,2027-03-13
2027-03-13,wk inc flu hosp,0,30,quantile,0.9,146,2027-03-13
2027-03-13,wk inc flu hosp,0,30,quantile,0.95,156,2027-03-13
2027-03-13,wk inc flu hosp,0,30,quantile,0.975,165,2027-03-13
2027-03-13,wk inc flu hosp,0,30,quantile,0.99,180,2027-03-13
2027-03-13,wk inc flu hosp,0,31,quantile,0.01,57,2027-03-13
2027-03-13,wk inc flu hosp,0,31,quantile,0.025,58,2027-03-13
2027-03-13,wk inc flu hosp,0,31,quantile,0.05,61,2027-03-13
2027-03-13,wk inc flu hosp,0,31,quantile,0.1,61,2027-03-13
2027-03-13,wk inc flu hosp,0,31,quantile,0.15,64,2027-03-13
2027-03-13,wk inc flu hosp,0,31,quantile,0.2,66,2027-03-13
2027-03-13,wk inc flu hosp,0,31,quantile,0.25,68,2027-03-13
2027-03-13,wk inc flu hosp,0,31,quantile,0.3,70,2027-03-13
2027-03-13,wk inc flu hosp,0,31,quantile,0.35,71,2027-03-13
2027-03-13,wk inc flu hosp,0,31,quantile,0.4,73,2027-03-13
2027-03-13,wk inc flu hosp,0,31,quantile,0.45,74,2027-03-13
2027-03-13,wk inc flu hosp,0,31,quantile,0.5,75,2027-03-13
2027-03-13,wk inc flu hosp,0,31,quantile,0.55,76,2027-03-13
2027-03-13,wk inc flu hosp,0,31,quantile,0.6,78,2027-03-13
2027-03-13,wk inc flu hosp,0,31,quantile,0.65,79,2027-03-13
2027-03-13,wk inc flu hosp,0,31,quantile,0.7,81,2027-03-13
2027-03-13,wk inc flu hosp,0,31,quantile,0.75,82,2027-03-13
2027-03-13,wk inc flu hosp,0,31,quantile,0.8,86,2027-03-13
2027-03-13,wk inc flu hosp,0,31,quantile,0.85,88,2027-03-13
2027-03-13,wk inc flu hosp,0,31,quantile,0.9,90,2027-03-13
2027-03-13,wk inc flu hosp,0,31,quantile,0.95,99,2027-03-13
2027-03-13,wk inc flu hosp,0,31,quantile,0.975,114,2027-03-13
2027-03-13,wk inc flu hosp,0,31,quantile,0.99,125,2027-03-13
2027-03-13,wk inc flu hosp,0,32,quantile,0.01,50,2027-03-13
2027-03-13,wk inc flu hosp,0,32,quantile,0.025,57,2027-03-13
2027-03-13,wk inc flu hosp,0,32,quantile,0.05,64,2027-03-13
2027-03-13,wk inc flu hosp,0,32,quantile,0.1,68,2027-03-13
2027-03-13,wk inc flu hosp,0,32,quantile,0.15,71,2027-03-13
2027-03-13,wk inc flu hosp,0,32,quantile,0.2,73,2027-03-13
2027-03-13,wk inc flu hosp,0,32,quantile,0.25,77,2027-03-13
2027-03-13,wk inc flu hosp,0,32,quantile,0.3,79,2027-03-13
2027-03-13,wk inc flu hosp,0,32,quantile,0.35,81,2027-03-13
2027-03-13,wk inc flu hosp,0,32,quantile,0.4,83,2027-03-13
2027-03-13,wk inc flu hosp,0,32,quantile,0.45,85,2027-03-13
2027-03-13,wk inc flu hosp,0,32,quantile,0.5,86,2027-03-13
2027-03-13,wk inc flu hosp,0,32,quantile,0.55,87,2027-03-13
2027-03-13,wk inc flu hosp,0,32,quantile,0.6,90,2027-03-13
2027-03-13,wk inc flu hosp,0,32,quantile,0.65,93,2027-03-13
2027-03-13,wk inc flu hosp,0,32,quantile,0.7,95,2027-03-13
2027-03-13,wk inc flu hosp,0,32,quantile,0.75,98,2027-03-13
2027-03-13,wk inc flu hosp,0,32,quantile,0.8,101,2027-03-13
2027-03-13,wk inc flu hosp,0,32,quantile,0.85,104,2027-03-13
2027-03-13,wk inc flu hosp,0,32,quantile,0.9,109,2027-03-13
2027-03-13,wk inc flu hosp,0,32,quantile,0.95,113,2027-03-13
2027-03-13,wk inc flu hosp,0,32,quantile,0.975,117,2027-03-13
2027-03-13,wk inc flu hosp,0,32,quantile,0.99,126,2027-03-13
2027-03-13,wk inc flu hosp,0,33,quantile,0.01,30,2027-03-13
2027-03-13,wk inc flu hosp,0,33,quantile,0.025,32,2027-03-13
2027-03-13,wk inc flu hosp,0,33,quantile,0.05,35,2027-03-13
2027-03-13,wk inc flu hosp,0,33,quantile,0.1,38,2027-03-13
2027-03-13,wk inc flu hosp,0,33,quantile,0.15,40,2027-03-13
2027-03-13,wk inc flu hosp,0,33,quantile,0.2,42,2027-03-13
2027-03-13,wk inc flu hosp,0,33,quantile,0.25,44,2027-03-13
2027-03-13,wk inc flu hosp,0,33,quantile,0.3,46,2027-03-13
2027-03-13,wk inc flu hosp,0,33,quantile,0.35,47,2027-03-13
2027-03-13,wk inc flu hosp,0,33,quantile,0.4,50,2027-03-13
2027-03-13,wk inc flu hosp,0,33,quantile,0.45,52,2027-03-13
2027-03-13,wk inc flu hosp,0,33,quantile,0.5,53,2027-03-13
2027-03-13,wk inc flu hosp,0,33,quantile,0.55,55,2027-03-13
2027-03-13,wk inc flu hosp,0,33,quantile,0.6,56,2027-03-13
2027-03-13,wk inc flu hosp,0,33,quantile,0.65,58,2027-03-13
2027-03-13,wk inc flu hosp,0,33,quantile,0.7,60,2027-03-13
2027-03-13,wk inc flu hosp,0,33,quantile,0.75,64,2027-03-13
2027-03-13,wk inc flu hosp,0,33,quantile,0.8,66,2027-03-13
2027-03-13,wk inc flu hosp,0,33,quantile,0.85,69,2027-03-13
2027-03-13,wk inc flu hosp,0,33,quantile,0.9,75,2027-03-13
2027-03-13,wk inc flu hosp,0,33,quantile,0.95,82,2027-03-13
2027-03-13,wk inc flu hosp,0,33,quantile,0.975,97,2027-03-13
2027-03-13,wk inc flu hosp,0,33,quantile,0.99,115,2027-03-13
2027-03-13,wk inc flu hosp,0,34,quantile,0.01,225,2027-03-13
2027-03-13,wk inc flu hosp,0,34,quantile,0.025,236,2027-03-13
2027-03-13,wk inc flu hosp,0,34,quantile,0.05,248,2027-03-13
2027-03-13,wk inc flu hosp,0,34,quantile,0.1,262,2027-03-13
2027-03-13,wk inc flu hosp,0,34,quantile,0.15,277,2027-03-13
2027-03-13,wk inc flu hosp,0,34,quantile,0.2,284,2027-03-13
2027-03-13,wk inc flu hosp,0,34,quantile,0.25,298,2027-03-13
2027-03-13,wk inc flu hosp,0,34,quantile,0.3,305,2027-03-13
2027-03-13,wk inc flu hosp,0,34,quantile,0.35,312,2027-03-13
2027-03-13,wk inc flu hosp,0,34,quantile,0.4,317,2027-03-13
2027-03-13,wk inc flu hosp,0,34,quantile,0.45,324,2027-03-13
2027-03-13,wk inc flu hosp,0,34,quantile,0.5,332,2027-03-13
2027-03-13,wk inc flu hosp,0,34,quantile,0.55,338,2027-03-13
2027-03-13,wk inc flu hosp,0,34,quantile,0.6,343,2027-03-13
2027-03-13,wk inc flu hosp,0,34,quantile,0.65,349,2027-03-13
2027-03-13,wk inc flu hosp,0,34,quantile,0.7,359,2027-03-13
2027-03-13,wk inc flu hosp,0,34,quantile,0.75,365,2027-03-13
2027-03-13,wk inc flu hosp,0,34,quantile,0.8,371,2027-03-13
2027-03-13,wk inc flu hosp,0,34,quantile,0.85,384,2027-03-13
2027-03-13,wk inc flu hosp,0,34,quantile,0.9,397,2027-03-13
2027-03-13,wk inc flu hosp,0,34,quantile,0.95,435,2027-03-13
2027-03-13,wk inc flu hosp,0,34,quantile,0.975,670,2027-03-13
2027-03-13,wk inc flu hosp,0,34,quantile,0.99,688,2027-03-13
2027-03-13,wk inc flu hosp,0,35,quantile,0.01,81,2027-03-13
2027-03-13,wk inc flu hosp,0,35,quantile,0.025,89,2027-03-13
2027-03-13,wk inc flu hosp,0,35,quantile,0.05,94,2027-03-13
2027-03-13,wk inc flu hosp,0,35,quantile,0.1,103,2027-03-13
2027-03-13,wk inc flu hosp,0,35,quantile,0.15,107,2027-03-13
2027-03-13,wk inc flu hosp,0,35,quantile,0.2,110,2027-03-13
2027-03-13,wk inc flu hosp,0,35,quantile,0.25,112,2027-03-13
2027-03-13,wk inc flu hosp,0,35,quantile,0.3,114,2027-03-13
2027-03-13,wk inc flu hosp,0,35,quantile,0.35,117,2027-03-13
2027-03-13,wk inc flu hosp,0,35,quantile,0.4,120,2027-03-13
2027-03-13,wk inc flu hosp,0,35,quantile,0.45,123,2027-03-13
2027-03-13,wk inc flu hosp,0,35,quantile,0.5,126,2027-03-13
2027-03-13,wk inc flu hosp,0,35,quantile,0.55,128,2027-03-13
2027-03-13,wk inc flu hosp,0,35,quantile,0.6,130,2027-03-13
2027-03-13,wk inc flu hosp,0,35,quantile,0.65,132,2027-03-13
2027-03-13,wk inc flu hosp,0,35,quantile,0.7,135,2027-03-13
2027-03-13,wk inc flu hosp,0,35,quantile,0.75,139,2027-03-13
2027-03-13,wk inc flu hosp,0,35,quantile,0.8,142,2027-03-13
2027-03-13,wk inc flu hosp,0,35,quantile,0.85,148,2027-03-13
2027-03-13,wk inc flu hosp,0,35,quantile,0.9,153,2027-03-13
2027-03-13,wk inc flu hosp,0,35,quantile,0.95,159,2027-03-13
2027-03-13,wk inc flu hosp,0,35,quantile,0.975,169,2027-03-13
2027-03-13,wk inc flu hosp,0,35,quantile,0.99,175,2027-03-13
2027-03-13,wk inc flu hosp,0,36,quantile,0.01,521,2027-03-13
2027-03-13,wk inc flu hosp,0,36,quantile,0.025,546,2027-03-13
2027-03-13,wk inc flu hosp,0,36,quantile,0.05,567,2027-03-13
2027-03-13,wk inc flu hosp,0,36,quantile,0.1,607,2027-03-13
2027-03-13,wk inc flu hosp,0,36,quantile,0.15,642,2027-03-13
2027-03-13,wk inc flu hosp,0,36,quantile,0.2,660,2027-03-13
2027-03-13,wk inc flu hosp,0,36,quantile,0.25,670,2027-03-13
2027-03-13,wk inc flu hosp,0,36,quantile,0.3,683,2027-03-13
2027-03-13,wk inc flu hosp,0,36,quantile,0.35,705,2027-03-13
2027-03-13,wk inc flu hosp,0,36,quantile,0.4,726,2027-03-13
2027-03-13,wk inc flu hosp,0,36,quantile,0.45,735,2027-03-13
2027-03-13,wk inc flu hosp,0,36,quantile,0.5,745,2027-03-13
2027-03-13,wk inc flu hosp,0,36,quantile,0.55,758,2027-03-13
2027-03-13,wk inc flu hosp,0,36,quantile,0.6,777,2027-03-13
2027-03-13,wk inc flu hosp,0,36,quantile,0.65,787,2027-03-13
2027-03-13,wk inc flu hosp,0,36,quantile,0.7,798,2027-03-13
2027-03-13,wk inc flu hosp,0,36,quantile,0.75,810,2027-03-13
2027-03-13,wk inc flu hosp,0,36,quantile,0.8,824,2027-03-13
2027-03-13,wk inc flu hosp,0,36,quantile,0.85,851,2027-03-13
2027-03-13,wk inc flu hosp,0,36,quantile,0.9,899,2027-03-13
2027-03-13,wk inc flu hosp,0,36,quantile,0.95,983,2027-03-13
2027-03-13,wk inc flu hosp,0,36,quantile,0.975,1421,2027-03-13
2027-03-13,wk inc flu hosp,0,36,quantile,0.99,1508,2027-03-13
2027-03-13,wk inc flu hosp,0,37,quantile,0.01,247,2027-03-13
2027-03-13,wk inc flu hosp,0,37,quantile,0.025,261,2027-03-13
2027-03-13,wk inc flu hosp,0,37,quantile,0.05,283,2027-03-13
2027-03-13,wk inc flu hosp,0,37,quantile,0.1,292,2027-03-13
2027-03-13,wk inc flu hosp,0,37,quantile,0.15,301,2027-03-13
2027-03-13,wk inc flu hosp,0,37,quantile,0.2,317,2027-03-13
2027-03-13,wk inc flu hosp,0,37,quantile,0.25,326,2027-03-13
2027-03-13,wk inc flu hosp,0,37,quantile,0.3,337,2027-03-13
2027-03-13,wk inc flu hosp,0,37,quantile,0.35,348,2027-03-13
2027-03-13,wk inc flu hosp,0,37,quantile,0.4,352,2027-03-13
2027-03-13,wk inc flu hosp,0,37,quantile,0.45,359,2027-03-13
2027-03-13,wk inc flu hosp,0,37,quantile,0.5,365,2027-03-13
2027-03-13,wk inc flu hosp,0,37,quantile,0.55,370,2027-03-13
2027-03-13,wk inc flu hosp,0,37,quantile,0.6,382,2027-03-13
2027-03-13,wk inc flu hosp,0,37,quantile,0.65,388,2027-03-13
2027-03-13,wk inc flu hosp,0,37,quantile,0.7,398,2027-03-13
2027-03-13,wk inc flu hosp,0,37,quantile,0.75,408,2027-03-13
2027-03-13,wk inc flu hosp,0,37,quantile,0.8,423,2027-03-13
2027-03-13,wk inc flu hosp,0,37,quantile,0.85,453,2027-03-13
2027-03-13,wk inc flu hosp,0,37,quantile,0.9,472,2027-03-13
2027-03-13,wk inc flu hosp,0,37,quantile,0.95,507,2027-03-13
2027-03-13,wk inc flu hosp,0,37,quantile,0.975,658,2027-03-13
2027-03-13,wk inc flu hosp,0,37,quantile,0.99,717,2027-03-13
2027-03-13,wk inc flu hosp,0,38,quantile,0.01,25,2027-03-13
2027-03-13,wk inc flu hosp,0,38,quantile,0.025,26,2027-03-13
2027-03-13,wk inc flu hosp,0,38,quantile,0.05,27,2027-03-13
2027-03-13,wk inc flu hosp,0,38,quantile,0.1,30,2027-03-13
2027-03-13,wk inc flu hosp,0,38,quantile,0.15,31,2027-03-13
2027-03-13,wk inc flu hosp,0,38,quantile,0.2,32,2027-03-13
2027-03-13,wk inc flu hosp,0,38,quantile,0.25,34,2027-03-13
2027-03-13,wk inc flu hosp,0,38,quantile,0.3,34,2027-03-13
2027-03-13,wk inc flu hosp,0,38,quantile,0.35,35,2027-03-13
2027-03-13,wk inc flu hosp,0,38,quantile,0.4,36,2027-03-13
2027-03-13,wk inc flu hosp,0,38,quantile,0.45,38,2027-03-13
2027-03-13,wk inc flu hosp,0,38,quantile,0.5,38,2027-03-13
2027-03-13,wk inc flu hosp,0,38,quantile,0.55,39,2027-03-13
2027-03-13,wk inc flu hosp,0,38,quantile,0.6,41,2027-03-13
2027-03-13,wk inc flu hosp,0,38,quantile,0.65,41,2027-03-13
2027-03-13,wk inc flu hosp,0,38,quantile,0.7,42,2027-03-13
2027-03-13,wk inc flu hosp,0,38,quantile,0.75,44,2027-03-13
2027-03-13,wk inc flu hosp,0,38,quantile,0.8,45,2027-03-13
2027-03-13,wk inc flu hosp,0,38,quantile,0.85,47,2027-03-13
2027-03-13,wk inc flu hosp,0,38,quantile,0.9,50,2027-03-13
2027-03-13,wk inc flu hosp,0,38,quantile,0.95,54,2027-03-13
2027-03-13,wk inc flu hosp,0,38,quantile,0.975,57,2027-03-13
2027-03-13,wk inc flu hosp,0,38,quantile,0.99,60,2027-03-13
2027-03-13,wk inc flu hosp,0,39,quantile,0.01,565,2027-03-13
2027-03-13,wk inc flu hosp,0,39,quantile,0.025,605,2027-03-13
2027-03-13,wk inc flu hosp,0,39,quantile,0.05,634,2027-03-13
2027-03-13,wk inc flu hosp,0,39,quantile,0.1,678,2027-03-13
2027-03-13,wk inc flu hosp,0,39,quantile,0.15,694,2027-03-13
2027-03-13,wk inc flu hosp,0,39,quantile,0.2,708,2027-03-13
2027-03-13,wk inc flu hosp,0,39,quantile,0.25,726,2027-03-13
2027-03-13,wk inc flu hosp,0,39,quantile,0.3,741,2027-03-13
2027-03-13,wk inc flu hosp,0,39,quantile,0.35,765,2027-03-13
2027-03-13,wk inc flu hosp,0,39,quantile,0.4,779,2027-03-13
2027-03-13,wk inc flu hosp,0,39,quantile,0.45,790,2027-03-13
2027-03-13,wk inc flu hosp,0,39,quantile,0.5,798,2027-03-13
2027-03-13,wk inc flu hosp,0,39,quantile,0.55,810,2027-03-13
2027-03-13,wk inc flu hosp,0,39,quantile,0.6,827,2027-03-13
2027-03-13,wk inc flu hosp,0,39,quantile,0.65,836,2027-03-13
2027-03-13,wk inc flu hosp,0,39,quantile,0.7,852,2027-03-13
2027-03-13,wk inc flu hosp,0,39,quantile,0.75,863,2027-03-13
2027-03-13,wk inc flu hosp,0,39,quantile,0.8,880,2027-03-13
2027-03-13,wk inc flu hosp,0,39,quantile,0.85,918,2027-03-13
2027-03-13,wk inc flu hosp,0,39,quantile,0.9,978,2027-03-13
2027-03-13,wk inc flu hosp,0,39,quantile,0.95,1055,2027-03-13
2027-03-13,wk inc flu hosp,0,39,quantile,0.975,1381,2027-03-13
2027-03-13,wk inc flu hosp,0,39,quantile,0.99,1457,2027-03-13
2027-03-13,wk inc flu hosp,0,40,quantile,0.01,102,2027-03-13
2027-03-13,wk inc flu hosp,0,40,quantile,0.025,115,2027-03-13
2027-03-13,wk inc flu hosp,0,40,quantile,0.05,124,2027-03-13
2027-03-13,wk inc flu hosp,0,40,quantile,0.1,137,2027-03-13
2027-03-13,wk inc flu hosp,0,40,quantile,0.15,141,2027-03-13
2027-03-13,wk inc flu hosp,0,40,quantile,0.2,145,2027-03-13
2027-03-13,wk inc flu hosp,0,40,quantile,0.25,148,2027-03-13
2027-03-13,wk inc flu hosp,0,40,quantile,0.3,154,2027-03-13
2027-03-13,wk inc flu hosp,0,40,quantile,0.35,157,2027-03-13
2027-03-13,wk inc flu hosp,0,40,quantile,0.4,162,2027-03-13
2027-03-13,wk inc flu hosp,0,40,quantile,0.45,167,2027-03-13
2027-03-13,wk inc flu hosp,0,40,quantile,0.5,170,2027-03-13
2027-03-13,wk inc flu hosp,0,40,quantile,0.55,172,2027-03-13
2027-03-13,wk inc flu hosp,0,40,quantile,0.6,175,2027-03-13
2027-03-13,wk inc flu hosp,0,40,quantile,0.65,182,2027-03-13
2027-03-13,wk inc flu hosp,0,40,quantile,0.7,187,2027-03-13
2027-03-13,wk inc flu hosp,0,40,quantile,0.75,189,2027-03-13
2027-03-13,wk inc flu hosp,0,40,quantile,0.8,194,2027-03-13
2027-03-13,wk inc flu hosp,0,40,quantile,0.85,205,2027-03-13
2027-03-13,wk inc flu hosp,0,40,quantile,0.9,212,2027-03-13
2027-03-13,wk inc flu hosp,0,40,quantile,0.95,236,2027-03-13
2027-03-13,wk inc flu hosp,0,40,quantile,0.975,301,2027-03-13
2027-03-13,wk inc flu hosp,0,40,quantile,0.99,335,2027-03-13
2027-03-13,wk inc flu hosp,0,41,quantile,0.01,93,2027-03-13
2027-03-13,wk inc flu hosp,0,41,quantile,0.025,98,2027-03-13
2027-03-13,wk inc flu hosp,0,41,quantile,0.05,102,2027-03-13
2027-03-13,wk inc flu hosp,0,41,quantile,0.1,108,2027-03-13
2027-03-13,wk inc flu hosp,0,41,quantile,0.15,114,2027-03-13
2027-03-13,wk inc flu hosp,0,41,quantile,0.2,116,2027-03-13
2027-03-13,wk inc flu hosp,0,41,quantile,0.25,122,2027-03-13
2027-03-13,wk inc flu hosp,0,41,quantile,0.3,125,2027-03-13
2027-03-13,wk inc flu hosp,0,41,quantile,0.35,130,2027-03-13
2027-03-13,wk inc flu hosp,0,41,quantile,0.4,133,2027-03-13
2027-03-13,wk inc flu hosp,0,41,quantile,0.45,135,2027-03-13
2027-03-13,wk inc flu hosp,0,41,quantile,0.5,139,2027-03-13
2027-03-13,wk inc flu hosp,0,41,quantile,0.55,142,2027-03-13
2027-03-13,wk inc flu hosp,0,41,quantile,0.6,144,2027-03-13
2027-03-13,wk inc flu hosp,0,41,quantile,0.65,149,2027-03-13
2027-03-13,wk inc flu hosp,0,41,quantile,0.7,153,2027-03-13
2027-03-13,wk inc flu hosp,0,41,quantile,0.75,157,2027-03-13
2027-03-13,wk inc flu hosp,0,41,quantile,0.8,159,2027-03-13
2027-03-13,wk inc flu hosp,0,41,quantile,0.85,162,2027-03-13
2027-03-13,wk inc flu hosp,0,41,quantile,0.9,170,2027-03-13
2027-03-13,wk inc flu hosp,0,41,quantile,0.95,178,2027-03-13
2027-03-13,wk inc flu hosp,0,41,quantile,0.975,219,2027-03-13
2027-03-13,wk inc flu hosp,0,41,quantile,0.99,233,2027-03-13
2027-03-13,wk inc flu hosp,0,42,quantile,0.01,934,2027-03-13
2027-03-13,wk inc flu hosp,0,42,quantile,0.025,959,2027-03-13
2027-03-13,wk inc flu hosp,0,42,quantile,0.05,973,2027-03-13
2027-03-13,wk inc flu hosp,0,42,quantile,0.1,1018,2027-03-13
2027-03-13,wk inc flu hosp,0,42,quantile,0.15,1075,2027-03-13
2027-03-13,wk inc flu hosp,0,42,quantile,0.2,1106,2027-03-13
2027-03-13,wk inc flu hosp,0,42,quantile,0.25,1124,2027-03-13
2027-03-13,wk inc flu hosp,0,42,quantile,0.3,1135,2027-03-13
2027-03-13,wk inc flu hosp,0,42,quantile,0.35,1151,2027-03-13
2027-03-13,wk inc flu hosp,0,42,quantile,0.4,1165,2027-03-13
2027-03-13,wk inc flu hosp,0,42,quantile,0.45,1187,2027-03-13
2027-03-13,wk inc flu hosp,0,42,quantile,0.5,1204,2027-03-13
2027-03-13,wk inc flu hosp,0,42,quantile,0.55,1236,2027-03-13
2027-03-13,wk inc flu hosp,0,42,quantile,0.6,1279,2027-03-13
2027-03-13,wk inc flu hosp,0,42,quantile,0.65,1308,2027-03-13
2027-03-13,wk inc flu hosp,0,42,quantile,0.7,1326,2027-03-13
2027-03-13,wk inc flu hosp,0,42,quantile,0.75,1349,2027-03-13
2027-03-13,wk inc flu hosp,0,42,quantile,0.8,1388,2027-03-13
2027-03-13,wk inc flu hosp,0,42,quantile,0.85,1457,2027-03-13
2027-03-13,wk inc flu hosp,0,42,quantile,0.9,1523,2027-03-13
2027-03-13,wk inc flu hosp,0,42,quantile,0.95,1624,2027-03-13
2027-03-13,wk inc flu hosp,0,42,quantile,0.975,2283,2027-03-13
2027-03-13,wk inc flu hosp,0,42,quantile,0.99,2448,2027-03-13
2027-03-13,wk inc flu hosp,0,44,quantile,0.01,27,2027-03-13
2027-03-13,wk inc flu hosp,0,44,quantile,0.025,30,2027-03-13
2027-03-13,wk inc flu hosp,0,44,quantile,0.05,31,2027-03-13
2027-03-13,wk inc flu hosp,0,44,quantile,0.1,33,2027-03-13
2027-03-13,wk inc flu hosp,0,44,quantile,0.15,35,2027-03-13
2027-03-13,wk inc flu hosp,0,44,quantile,0.2,37,2027-03-13
2027-03-13,wk inc flu hosp,0,44,quantile,0.25,39,2027-03-13
2027-03-13,wk inc flu hosp,0,44,quantile,0.3,39,2027-03-13
2027-03-13,wk inc flu hosp,0,44,quantile,0.35,41,2027-03-13
2027-03-13,wk inc flu hosp,0,44,quantile,0.4,42,2027-03-13
2027-03-13,wk inc flu hosp,0,44,quantile,0.45,42,2027-03-13
2027-03-13,wk inc flu hosp,0,44,quantile,0.5,43,2027-03-13
2027-03-13,wk inc flu hosp,0,44,quantile,0.55,44,2027-03-13
2027-03-13,wk inc flu hosp,0,44,quantile,0.6,45,2027-03-13
2027-03-13,wk inc flu hosp,0,44,quantile,0.65,47,2027-03-13
2027-03-13,wk inc flu hosp,0,44,quantile,0.7,48,2027-03-13
2027-03-13,wk inc flu hosp,0,44,quantile,0.75,49,2027-03-13
2027-03-13,wk inc flu hosp,0,44,quantile,0.8,51,2027-03-13
2027-03-13,wk inc flu hosp,0,44,quantile,0.85,52,2027-03-13
2027-03-13,wk inc flu hosp,0,44,quantile,0.9,55,2027-03-13
2027-03-13,wk inc flu hosp,0,44,quantile,0.95,58,2027-03-13
2027-03-13,wk inc flu hosp,0,44,quantile,0.975,62,2027-03-13
2027-03-13,wk inc flu hosp,0,44,quantile,0.99,68,2027-03-13
2027-03-13,wk inc flu hosp,0,45,quantile,0.01,113,2027-03-13
2027-03-13,wk inc flu hosp,0,45,quantile,0.025,123,2027-03-13
2027-03-13,wk inc flu hosp,0,45,quantile,0.05,128,2027-03-13
2027-03-13,wk inc flu hosp,0,45,quantile,0.1,137,2027-03-13
2027-03-13,wk inc flu hosp,0,45,quantile,0.15,143,2027-03-13
2027-03-13,wk inc flu hosp,0,45,quantile,0.2,147,2027-03-13
2027-03-13,wk inc flu hosp,0,45,quantile,0.25,151,2027-03-13
2027-03-13,wk inc flu hosp,0,45,quantile,0.3,156,2027-03-13
2027-03-13,wk inc flu hosp,0,45,quantile,0.35,161,2027-03-13
2027-03-13,wk inc flu hosp,0,45,quantile,0.4,164,2027-03-13
2027-03-13,wk inc flu hosp,0,45,quantile,0.45,168,2027-03-13
2027-03-13,wk inc flu hosp,0,45,quantile,0.5,172,2027-03-13
2027-03-13,wk inc flu hosp,0,45,quantile,0.55,175,2027-03-13
2027-03-13,wk inc flu hosp,0,45,quantile,0.6,180,2027-03-13
2027-03-13,wk inc flu hosp,0,45,quantile,0.65,184,2027-03-13
2027-03-13,wk inc flu hosp,0,45,quantile,0.7,190,2027-03-13
2027-03-13,wk inc flu hosp,0,45,quantile,0.75,194,2027-03-13
2027-03-13,wk inc flu hosp,0,45,quantile,0.8,201,2027-03-13
2027-03-13,wk inc flu hosp,0,45,quantile,0.85,215,2027-03-13
2027-03-13,wk inc flu hosp,0,45,quantile,0.9,221,2027-03-13
2027-03-13,wk inc flu hosp,0,45,quantile,0.95,249,2027-03-13
2027-03-13,wk inc flu hosp,0,45,quantile,0.975,276,2027-03-13
2027-03-13,wk inc flu hosp,0,45,quantile,0.99,296,2027-03-13
2027-03-13,wk inc flu hosp,0,46,quantile,0.01,15,2027-03-13
2027-03-13,wk inc flu hosp,0,46,quantile,0.025,17,2027-03-13
2027-03-13,wk inc flu hosp,0,46,quantile,0.05,19,2027-03-13
2027-03-13,wk inc flu hosp,0,46,quantile,0.1,22,2027-03-13
2027-03-13,wk inc flu hosp,0,46,quantile,0.15,24,2027-03-13
2027-03-13,wk inc flu hosp,0,46,quantile,0.2,25,2027-03-13
2027-03-13,wk inc flu hosp,0,46,quantile,0.25,26,2027-03-13
2027-03-13,wk inc flu hosp,0,46,quantile,0.3,27,2027-03-13
2027-03-13,wk inc flu hosp,0,46,quantile,0.35,28,2027-03-13
2027-03-13,wk inc flu hosp,0,46,quantile,0.4,29,2027-03-13
2027-03-13,wk inc flu hosp,0,46,quantile,0.45,30,2027-03-13
2027-03-13,wk inc flu hosp,0,46,quantile,0.5,30,2027-03-13
2027-03-13,wk inc flu hosp,0,46,quantile,0.55,31,2027-03-13
2027-03-13,wk inc flu hosp,0,46,quantile,0.6,32,2027-03-13
2027-03-13,wk inc flu hosp,0,46,quantile,0.65,33,2027-03-13
2027-03-13,wk inc flu hosp,0,46,quantile,0.7,34,2027-03-13
2027-03-13,wk inc flu hosp,0,46,quantile,0.75,36,2027-03-13
2027-03-13,wk inc flu hosp,0,46,quantile,0.8,38,2027-03-13
2027-03-13,wk inc flu hosp,0,46,quantile,0.85,41,2027-03-13
2027-03-13,wk inc flu hosp,0,46,quantile,0.9,43,2027-03-13
2027-03-13,wk inc flu hosp,0,46,quantile,0.95,47,2027-03-13
2027-03-13,wk inc flu hosp,0,46,quantile,0.975,53,2027-03-13
2027-03-13,wk inc flu hosp,0,46,quantile,0.99,57,2027-03-13
2027-03-13,wk inc flu hosp,0,47,quantile,0.01,249,2027-03-13
2027-03-13,wk inc flu hosp,0,47,quantile,0.025,279,2027-03-13
2027-03-13,wk inc flu hosp,0,47,quantile,0.05,286,2027-03-13
2027-03-13,wk inc flu hosp,0,47,quantile,0.1,301,2027-03-13
2027-03-13,wk inc flu hosp,0,47,quantile,0.15,312,2027-03-13
2027-03-13,wk inc flu hosp,0,47,quantile,0.2,322,2027-03-13
2027-03-13,wk inc flu hosp,0,47,quantile,0.25,326,2027-03-13
2027-03-13,wk inc flu hosp,0,47,quantile,0.3,332,2027-03-13
2027-03-13,wk inc flu hosp,0,47,quantile,0.35,338,2027-03-13
2027-03-13,wk inc flu hosp,0,47,quantile,0.4,342,2027-03-13
2027-03-13,wk inc flu hosp,0,47,quantile,0.45,347,2027-03-13
2027-03-13,wk inc flu hosp,0,47,quantile,0.5,352,2027-03-13
2027-03-13,wk inc flu hosp,0,47,quantile,0.55,356,2027-03-13
2027-03-13,wk inc flu hosp,0,47,quantile,0.6,364,2027-03-13
2027-03-13,wk inc flu hosp,0,47,quantile,0.65,373,2027-03-13
2027-03-13,wk inc flu hosp,0,47,quantile,0.7,381,2027-03-13
2027-03-13,wk inc flu hosp,0,47,quantile,0.75,387,2027-03-13
2027-03-13,wk inc flu hosp,0,47,quantile,0.8,399,2027-03-13
2027-03-13,wk inc flu hosp,0,47,quantile,0.85,412,2027-03-13
2027-03-13,wk inc flu hosp,0,47,quantile,0.9,418,2027-03-13
2027-03-13,wk inc flu hosp,0,47,quantile,0.95,436,2027-03-13
2027-03-13,wk inc flu hosp,0,47,quantile,0.975,601,2027-03-13
2027-03-13,wk inc flu hosp,0,47,quantile,0.99,639,2027-03-13
2027-03-13,wk inc flu hosp,0,48,quantile,0.01,526,2027-03-13
2027-03-13,wk inc flu hosp,0,48,quantile,0.025,567,2027-03-13
2027-03-13,wk inc flu hosp,0,48,quantile,0.05,583,2027-03-13
2027-03-13,wk inc flu hosp,0,48,quantile,0.1,619,2027-03-13
2027-03-13,wk inc flu hosp,0,48,quantile,0.15,639,2027-03-13
2027-03-13,wk inc flu hosp,0,48,quantile,0.2,663,2027-03-13
2027-03-13,wk inc flu hosp,0,48,quantile,0.25,691,2027-03-13
2027-03-13,wk inc flu hosp,0,48,quantile,0.3,709,2027-03-13
2027-03-13,wk inc flu hosp,0,48,quantile,0.35,721,2027-03-13
2027-03-13,wk inc flu hosp,0,48,quantile,0.4,739,2027-03-13
2027-03-13,wk inc flu hosp,0,48,quantile,0.45,756,2027-03-13
2027-03-13,wk inc flu hosp,0,48,quantile,0.5,768,2027-03-13
2027-03-13,wk inc flu hosp,0,48,quantile,0.55,783,2027-03-13
2027-03-13,wk inc flu hosp,0,48,quantile,0.6,814,2027-03-13
2027-03-13,wk inc flu hosp,0,48,quantile,0.65,833,2027-03-13
2027-03-13,wk inc flu hosp,0,48,quantile,0.7,844,2027-03-13
2027-03-13,wk inc flu hosp,0,48,quantile,0.75,856,2027-03-13
2027-03-13,wk inc flu hosp,0,48,quantile,0.8,883,2027-03-13
2027-03-13,wk inc flu hosp,0,48,quantile,0.85,936,2027-03-13
2027-03-13,wk inc flu hosp,0,48,quantile,0.9,986,2027-03-13
2027-03-13,wk inc flu hosp,0,48,quantile,0.95,1113,2027-03-13
2027-03-13,wk inc flu hosp,0,48,quantile,0.975,1588,2027-03-13
2027-03-13,wk inc flu hosp,0,48,quantile,0.99,1681,2027-03-13
2027-03-13,wk inc flu hosp,0,49,quantile,0.01,40,2027-03-13
2027-03-13,wk inc flu hosp,0,49,quantile,0.025,42,2027-03-13
2027-03-13,wk inc flu hosp,0,49,quantile,0.05,44,2027-03-13
2027-03-13,wk inc flu hosp,0,49,quantile,0.1,47,2027-03-13
2027-03-13,wk inc flu hosp,0,49,quantile,0.15,48,2027-03-13
2027-03-13,wk inc flu hosp,0,49,quantile,0.2,52,2027-03-13
2027-03-13,wk inc flu hosp,0,49,quantile,0.25,53,2027-03-13
2027-03-13,wk inc flu hosp,0,49,quantile,0.3,54,2027-03-13
2027-03-13,wk inc flu hosp,0,49,quantile,0.35,55,2027-03-13
2027-03-13,wk inc flu hosp,0,49,quantile,0.4,56,2027-03-13
2027-03-13,wk inc flu hosp,0,49,quantile,0.45,58,2027-03-13
2027-03-13,wk inc flu hosp,0,49,quantile,0.5,59,2027-03-13
2027-03-13,wk inc flu hosp,0,49,quantile,0.55,61,2027-03-13
2027-03-13,wk inc flu hosp,0,49,quantile,0.6,62,2027-03-13
2027-03-13,wk inc flu hosp,0,49,quantile,0.65,63,2027-03-13
2027-03-13,wk inc flu hosp,0,49,quantile,0.7,65,2027-03-13
2027-03-13,wk inc flu hosp,0,49,quantile,0.75,66,2027-03-13
2027-03-13,wk inc flu hosp,0,49,quantile,0.8,68,2027-03-13
2027-03-13,wk inc flu hosp,0,49,quantile,0.85,70,2027-03-13
2027-03-13,wk inc flu hosp,0,49,quantile,0.9,74,2027-03-13
2027-03-13,wk inc flu hosp,0,49,quantile,0.95,77,2027-03-13
2027-03-13,wk inc flu hosp,0,49,quantile,0.975,83,2027-03-13
2027-03-13,wk inc flu hosp,0,49,quantile,0.99,91,2027-03-13
2027-03-13,wk inc flu hosp,0,50,quantile,0.01,14,2027-03-13
2027-03-13,wk inc flu hosp,0,50,quantile,0.025,14,2027-03-13
2027-03-13,wk inc flu hosp,0,50,quantile,0.05,17,2027-03-13
2027-03-13,wk inc flu hosp,0,50,quantile,0.1,20,2027-03-13
2027-03-13,wk inc flu hosp,0,50,quantile,0.15,21,2027-03-13
2027-03-13,wk inc flu hosp,0,50,quantile,0.2,22,2027-03-13
2027-03-13,wk inc flu hosp,0,50,quantile,0.25,23,2027-03-13
2027-03-13,wk inc flu hosp,0,50,quantile,0.3,24,2027-03-13
2027-03-13,wk inc flu hosp,0,50,quantile,0.35,24,2027-03-13
2027-03-13,wk inc flu hosp,0,50,quantile,0.4,25,2027-03-13
2027-03-13,wk inc flu hosp,0,50,quantile,0.45,25,2027-03-13
2027-03-13,wk inc flu hosp,0,50,quantile,0.5,26,2027-03-13
2027-03-13,wk inc flu hosp,0,50,quantile,0.55,27,2027-03-13
2027-03-13,wk inc flu hosp,0,50,quantile,0.6,28,2027-03-13
2027-03-13,wk inc flu hosp,0,50,quantile,0.65,29,2027-03-13
2027-03-13,wk inc flu hosp,0,50,quantile,0.7,30,2027-03-13
2027-03-13,wk inc flu hosp,0,50,quantile,0.75,32,2027-03-13
2027-03-13,wk inc flu hosp,0,50,quantile,0.8,34,2027-03-13
2027-03-13,wk inc flu hosp,0,50,quantile,0.85,35,2027-03-13
2027-03-13,wk inc flu hosp,0,50,quantile,0.9,39,2027-03-13
2027-03-13,wk inc flu hosp,0,50,quantile,0.95,43,2027-03-13
2027-03-13,wk inc flu hosp,0,50,quantile,0.975,48,2027-03-13
2027-03-13,wk inc flu hosp,0,50,quantile,0.99,55,2027-03-13
2027-03-13,wk inc flu hosp,0,51,quantile,0.01,206,2027-03-13
2027-03-13,wk inc flu hosp,0,51,quantile,0.025,220,2027-03-13
2027-03-13,wk inc flu hosp,0,51,quantile,0.05,255,2027-03-13
2027-03-13,wk inc flu hosp,0,51,quantile,0.1,266,2027-03-13
2027-03-13,wk inc flu hosp,0,51,quantile,0.15,278,2027-03-13
2027-03-13,wk inc flu hosp,0,51,quantile,0.2,282,2027-03-13
2027-03-13,wk inc flu hosp,0,51,quantile,0.25,292,2027-03-13
2027-03-13,wk inc flu hosp,0,51,quantile,0.3,297,2027-03-13
2027-03-13,wk inc flu hosp,0,51,quantile,0.35,305,2027-03-13
2027-03-13,wk inc flu hosp,0,51,quantile,0.4,310,2027-03-13
2027-03-13,wk inc flu hosp,0,51,quantile,0.45,316,2027-03-13
2027-03-13,wk inc flu hosp,0,51,quantile,0.5,322,2027-03-13
2027-03-13,wk inc flu hosp,0,51,quantile,0.55,326,2027-03-13
2027-03-13,wk inc flu hosp,0,51,quantile,0.6,333,2027-03-13
2027-03-13,wk inc flu hosp,0,51,quantile,0.65,340,2027-03-13
2027-03-13,wk inc flu hosp,0,51,quantile,0.7,348,2027-03-13
2027-03-13,wk inc flu hosp,0,51,quantile,0.75,364,2027-03-13
2027-03-13,wk inc flu hosp,0,51,quantile,0.8,376,2027-03-13
2027-03-13,wk inc flu hosp,0,51,quantile,0.85,391,2027-03-13
2027-03-13,wk inc flu hosp,0,51,quantile,0.9,408,2027-03-13
2027-03-13,wk inc flu hosp,0,51,quantile,0.95,442,2027-03-13
2027-03-13,wk inc flu hosp,0,51,quantile,0.975,690,2027-03-13
2027-03-13,wk inc flu hosp,0,51,quantile,0.99,801,2027-03-13
2027-03-13,wk inc flu hosp,0,53,quantile,0.01,84,2027-03-13
2027-03-13,wk inc flu hosp,0,53,quantile,0.025,86,2027-03-13
2027-03-13,wk inc flu hosp,0,53,quantile,0.05,89,2027-03-13
2027-03-13,wk inc flu hosp,0,53,quantile,0.1,97,2027-03-13
2027-03-13,wk inc flu hosp,0,53,quantile,0.15,103,2027-03-13
2027-03-13,wk inc flu hosp,0,53,quantile,0.2,108,2027-03-13
2027-03-13,wk inc flu hosp,0,53,quantile,0.25,112,2027-03-13
2027-03-13,wk inc flu hosp,0,53,quantile,0.3,118,2027-03-13
2027-03-13,wk inc flu hosp,0,53,quantile,0.35,120,2027-03-13
2027-03-13,wk inc flu hosp,0,53,quantile,0.4,122,2027-03-13
2027-03-13,wk inc flu hosp,0,53,quantile,0.45,126,2027-03-13
2027-03-13,wk inc flu hosp,0,53,quantile,0.5,128,2027-03-13
2027-03-13,wk inc flu hosp,0,53,quantile,0.55,130,2027-03-13
2027-03-13,wk inc flu hosp,0,53,quantile,0.6,133,2027-03-13
2027-03-13,wk inc flu hosp,0,53,quantile,0.65,136,2027-03-13
2027-03-13,wk inc flu hosp,0,53,quantile,0.7,138,2027-03-13
2027-03-13,wk inc flu hosp,0,53,quantile,0.75,143,2027-03-13
2027-03-13,wk inc flu hosp,0,53,quantile,0.8,148,2027-03-13
2027-03-13,wk inc flu hosp,0,53,quantile,0.85,152,2027-03-13
2027-03-13,wk inc flu hosp,0,53,quantile,0.9,158,2027-03-13
2027-03-13,wk inc flu hosp,0,53,quantile,0.95,181,2027-03-13
2027-03-13,wk inc flu hosp,0,53,quantile,0.975,268,2027-03-13
2027-03-13,wk inc flu hosp,0,53,quantile,0.99,281,2027-03-13
2027-03-13,wk inc flu hosp,0,54,quantile,0.01,144,2027-03-13
2027-03-13,wk inc flu hosp,0,54,quantile,0.025,161,2027-03-13
2027-03-13,wk inc flu hosp,0,54,quantile,0.05,167,2027-03-13
2027-03-13,wk inc flu hosp,0,54,quantile,0.1,177,2027-03-13
2027-03-13,wk inc flu hosp,0,54,quantile,0.15,184,2027-03-13
2027-03-13,wk inc flu hosp,0,54,quantile,0.2,191,2027-03-13
2027-03-13,wk inc flu hosp,0,54,quantile,0.25,195,2027-03-13
2027-03-13,wk inc flu hosp,0,54,quantile,0.3,199,2027-03-13
2027-03-13,wk inc flu hosp,0,54,quantile,0.35,204,2027-03-13
2027-03-13,wk inc flu hosp,0,54,quantile,0.4,208,2027-03-13
2027-03-13,wk inc flu hosp,0,54,quantile,0.45,211,2027-03-13
2027-03-13,wk inc flu hosp,0,54,quantile,0.5,213,2027-03-13
2027-03-13,wk inc flu hosp,0,54,quantile,0.55,215,2027-03-13
2027-03-13,wk inc flu hosp,0,54,quantile,0.6,219,2027-03-13
2027-03-13,wk inc flu hosp,0,54,quantile,0.65,222,2027-03-13
2027-03-13,wk inc flu hosp,0,54,quantile,0.7,226,2027-03-13
2027-03-13,wk inc flu hosp,0,54,quantile,0.75,231,2027-03-13
2027-03-13,wk inc flu hosp,0,54,quantile,0.8,240,2027-03-13
2027-03-13,wk inc flu hosp,0,54,quantile,0.85,248,2027-03-13
2027-03-13,wk inc flu hosp,0,54,quantile,0.9,256,2027-03-13
2027-03-13,wk inc flu hosp,0,54,quantile,0.95,276,2027-03-13
2027-03-13,wk inc flu hosp,0,54,quantile,0.975,377,2027-03-13
2027-03-13,wk inc flu hosp,0,54,quantile,0.99,398,2027-03-13
2027-03-13,wk inc flu hosp,0,55,quantile,0.01,147,2027-03-13
2027-03-13,wk inc flu hosp,0,55,quantile,0.025,171,2027-03-13
2027-03-13,wk inc flu hosp,0,55,quantile,0.05,182,2027-03-13
2027-03-13,wk inc flu hosp,0,55,quantile,0.1,188,2027-03-13
2027-03-13,wk inc flu hosp,0,55,quantile,0.15,198,2027-03-13
2027-03-13,wk inc flu hosp,0,55,quantile,0.2,206,2027-03-13
2027-03-13,wk inc flu hosp,0,55,quantile,0.25,215,2027-03-13
2027-03-13,wk inc flu hosp,0,55,quantile,0.3,221,2027-03-13
2027-03-13,wk inc flu hosp,0,55,quantile,0.35,225,2027-03-13
2027-03-13,wk inc flu hosp,0,55,quantile,0.4,231,2027-03-13
2027-03-13,wk inc flu hosp,0,55,quantile,0.45,236,2027-03-13
2027-03-13,wk inc flu hosp,0,55,quantile,0.5,239,2027-03-13
2027-03-13,wk inc flu hosp,0,55,quantile,0.55,243,2027-03-13
2027-03-13,wk inc flu hosp,0,55,quantile,0.6,247,2027-03-13
2027-03-13,wk inc flu hosp,0,55,quantile,0.65,250,2027-03-13
2027-03-13,wk inc flu hosp,0,55,quantile,0.7,254,2027-03-13
2027-03-13,wk inc flu hosp,0,55,quantile,0.75,261,2027-03-13
2027-03-13,wk inc flu hosp,0,55,quantile,0.8,265,2027-03-13
2027-03-13,wk inc flu hosp,0,55,quantile,0.85,272,2027-03-13
2027-03-13,wk inc flu hosp,0,55,quantile,0.9,283,2027-03-13
2027-03-13,wk inc flu hosp,0,55,quantile,0.95,318,2027-03-13
2027-03-13,wk inc flu hosp,0,55,quantile,0.975,483,2027-03-13
2027-03-13,wk inc flu hosp,0,55,quantile,0.99,493,2027-03-13
2027-03-13,wk inc flu hosp,0,56,quantile,0.01,14,2027-03-13
2027-03-13,wk inc flu hosp,0,56,quantile,0.025,15,2027-03-13
2027-03-13,wk inc flu hosp,0,56,quantile,0.05,17,2027-03-13
2027-03-13,wk inc flu hosp,0,56,quantile,0.1,20,2027-03-13
2027-03-13,wk inc flu hosp,0,56,quantile,0.15,23,2027-03-13
2027-03-13,wk inc flu hosp,0,56,quantile,0.2,24,2027-03-13
2027-03-13,wk inc flu hosp,0,56,quantile,0.25,25,2027-03-13
2027-03-13,wk inc flu hosp,0,56,quantile,0.3,26,2027-03-13
2027-03-13,wk inc flu hosp,0,56,quantile,0.35,27,2027-03-13
2027-03-13,wk inc flu hosp,0,56,quantile,0.4,28,2027-03-13
2027-03-13,wk inc flu hosp,0,56,quantile,0.45,29,2027-03-13
2027-03-13,wk inc flu hosp,0,56,quantile,0.5,30,2027-03-13
2027-03-13,wk inc flu hosp,0,56,quantile,0.55,31,2027-03-13
2027-03-13,wk inc flu hosp,0,56,quantile,0.6,32,2027-03-13
2027-03-13,wk inc flu hosp,0,56,quantile,0.65,33,2027-03-13
2027-03-13,wk inc flu hosp,0,56,quantile,0.7,35,2027-03-13
2027-03-13,wk inc flu hosp,0,56,quantile,0.75,36,2027-03-13
2027-03-13,wk inc flu hosp,0,56,quantile,0.8,38,2027-03-13
2027-03-13,wk inc flu hosp,0,56,quantile,0.85,40,2027-03-13
2027-03-13,wk inc flu hosp,0,56,quantile,0.9,42,2027-03-13
2027-03-13,wk inc flu hosp,0,56,quantile,0.95,44,2027-03-13
2027-03-13,wk inc flu hosp,0,56,quantile,0.975,48,2027-03-13
2027-03-13,wk inc flu hosp,0,56,quantile,0.99,50,2027-03-13
2027-03-13,wk inc flu hosp,0,72,quantile,0.01,188,2027-03-13
2027-03-13,wk inc flu hosp,0,72,quantile,0.025,199,2027-03-13
2027-03-13,wk inc flu hosp,0,72,quantile,0.05,225,2027-03-13
2027-03-13,wk inc flu hosp,0,72,quantile,0.1,253,2027-03-13
2027-03-13,wk inc flu hosp,0,72,quantile,0.15,265,2027-03-13
2027-03-13,wk inc flu hosp,0,72,quantile,0.2,272,2027-03-13
2027-03-13,wk inc flu hosp,0,72,quantile,0.25,286,2027-03-13
2027-03-13,wk inc flu hosp,0,72,quantile,0.3,290,2027-03-13
2027-03-13,wk inc flu hosp,0,72,quantile,0.35,294,2027-03-13
2027-03-13,wk inc flu hosp,0,72,quantile,0.4,298,2027-03-13
2027-03-13,wk inc flu hosp,0,72,quantile,0.45,303,2027-03-13
2027-03-13,wk inc flu hosp,0,72,quantile,0.5,312,2027-03-13
2027-03-13,wk inc flu hosp,0,72,quantile,0.55,322,2027-03-13
2027-03-13,wk inc flu hosp,0,72,quantile,0.6,331,2027-03-13
2027-03-13,wk inc flu hosp,0,72,quantile,0.65,339,2027-03-13
2027-03-13,wk inc flu hosp,0,72,quantile,0.7,347,2027-03-13
2027-03-13,wk inc flu hosp,0,72,quantile,0.75,357,2027-03-13
2027-03-13,wk inc flu hosp,0,72,quantile,0.8,368,2027-03-13
2027-03-13,wk inc flu hosp,0,72,quantile,0.85,394,2027-03-13
2027-03-13,wk inc flu hosp,0,72,quantile,0.9,412,2027-03-13
2027-03-13,wk inc flu hosp,0,72,quantile,0.95,428,2027-03-13
2027-03-13,wk inc flu hosp,0,72,quantile,0.975,472,2027-03-13
2027-03-13,wk inc flu hosp,0,72,quantile,0.99,475,2027-03-13
2027-03-13,wk inc flu hosp,0,USA,quantile,0.01,12151,2027-03-13
2027-03-13,wk inc flu hosp,0,USA,quantile,0.025,12919,2027-03-13
2027-03-13,wk inc flu hosp,0,USA,quantile,0.05,13176,2027-03-13
2027-03-13,wk inc flu hosp,0,USA,quantile,0.1,13424,2027-03-13
2027-03-13,wk inc flu hosp,0,USA,quantile,0.15,13630,2027-03-13
2027-03-13,wk inc flu hosp,0,USA,quantile,0.2,13831,2027-03-13
2027-03-13,wk inc flu hosp,0,USA,quantile,0.25,13948,2027-03-13
2027-03-13,wk inc flu hosp,0,USA,quantile,0.3,14061,2027-03-13
2027-03-13,wk inc flu hosp,0,USA,quantile,0.35,14182,2027-03-13
2027-03-13,wk inc flu hosp,0,USA,quantile,0.4,14223,2027-03-13
2027-03-13,wk inc flu hosp,0,USA,quantile,0.45,14287,2027-03-13
2027-03-13,wk inc flu hosp,0,USA,quantile,0.5,14377,2027-03-13
2027-03-13,wk inc flu hosp,0,USA,quantile,0.55,14476,2027-03-13
2027-03-13,wk inc flu hosp,0,USA,quantile,0.6,14531,2027-03-13
2027-03-13,wk inc flu hosp,0,USA,quantile,0.65,14641,2027-03-13
2027-03-13,wk inc flu hosp,0,USA,quantile,0.7,14686,2027-03-13
2027-03-13,wk inc flu hosp,0,USA,quantile,0.75,14802,2027-03-13
2027-03-13,wk inc flu hosp,0,USA,quantile,0.8,14912,2027-03-13
2027-03-13,wk inc flu hosp,0,USA,quantile,0.85,15046,2027-03-13
2027-03-13,wk inc flu hosp,0,USA,quantile,0.9,15178,2027-03-13
2027-03-13,wk inc flu hosp,0,USA,quantile,0.95,16020,2027-03-13
2027-03-13,wk inc flu hosp,0,USA,quantile,0.975,24788,2027-03-13
2027-03-13,wk inc flu hosp,0,USA,quantile,0.99,24949,2027-03-13
2027-03-13,wk inc flu hosp,1,01,quantile,0.01,94,2027-03-20
2027-03-13,wk inc flu hosp,1,01,quantile,0.025,98,2027-03-20
2027-03-13,wk inc flu hosp,1,01,quantile,0.05,104,2027-03-20
2027-03-13,wk inc flu hosp,1,01,quantile,0.1,118,2027-03-20
2027-03-13,wk inc flu hosp,1,01,quantile,0.15,123,2027-03-20
2027-03-13,wk inc flu hosp,1,01,quantile,0.2,128,2027-03-20
2027-03-13,wk inc flu hosp,1,01,quantile,0.25,135,2027-03-20
2027-03-13,wk inc flu hosp,1,01,quantile,0.3,140,2027-03-20
2027-03-13,wk inc flu hosp,1,01,quantile,0.35,144,2027-03-20
2027-03-13,wk inc flu hosp,1,01,quantile,0.4,148,2027-03-20
2027-03-13,wk inc flu hosp,1,01,quantile,0.45,151,2027-03-20
2027-03-13,wk inc flu hosp,1,01,quantile,0.5,153,2027-03-20
2027-03-13,wk inc flu hosp,1,01,quantile,0.55,156,2027-03-20
2027-03-13,wk inc flu hosp,1,01,quantile,0.6,159,2027-03-20
2027-03-13,wk inc flu hosp,1,01,quantile,0.65,166,2027-03-20
2027-03-13,wk inc flu hosp,1,01,quantile,0.7,171,2027-03-20
2027-03-13,wk inc flu hosp,1,01,quantile,0.75,178,2027-03-20
2027-03-13,wk inc flu hosp,1,01,quantile,0.8,184,2027-03-20
2027-03-13,wk inc flu hosp,1,01,quantile,0.85,194,2027-03-20
2027-03-13,wk inc flu hosp,1,01,quantile,0.9,212,2027-03-20
2027-03-13,wk inc flu hosp,1,01,quantile,0.95,240,2027-03-20
2027-03-13,wk inc flu hosp,1,01,quantile,0.975,290,2027-03-20
2027-03-13,wk inc flu hosp,1,01,quantile,0.99,297,2027-03-20
2027-03-13,wk inc flu hosp,1,02,quantile,0.01,1,2027-03-20
2027-03-13,wk inc flu hosp,1,02,quantile,0.025,2,2027-03-20
2027-03-13,wk inc flu hosp,1,02,quantile,0.05,5,2027-03-20
2027-03-13,wk inc flu hosp,1,02,quantile,0.1,8,2027-03-20
2027-03-13,wk inc flu hosp,1,02,quantile,0.15,8,2027-03-20
2027-03-13,wk inc flu hosp,1,02,quantile,0.2,10,2027-03-20
2027-03-13,wk inc flu hosp,1,02,quantile,0.25,11,2027-03-20
2027-03-13,wk inc flu hosp,1,02,quantile,0.3,12,2027-03-20
2027-03-13,wk inc flu hosp,1,02,quantile,0.35,13,2027-03-20
2027-03-13,wk inc flu hosp,1,02,quantile,0.4,14,2027-03-20
2027-03-13,wk inc flu hosp,1,02,quantile,0.45,15,2027-03-20
2027-03-13,wk inc flu hosp,1,02,quantile,0.5,16,2027-03-20
2027-03-13,wk inc flu hosp,1,02,quantile,0.55,18,2027-03-20
2027-03-13,wk inc flu hosp,1,02,quantile,0.6,19,2027-03-20
2027-03-13,wk inc flu hosp,1,02,quantile,0.65,20,2027-03-20
2027-03-13,wk inc flu hosp,1,02,quantile,0.7,21,2027-03-20
2027-03-13,wk inc flu hosp,1,02,quantile,0.75,22,2027-03-20
2027-03-13,wk inc flu hosp,1,02,quantile,0.8,25,2027-03-20
2027-03-13,wk inc flu hosp,1,02,quantile,0.85,27,2027-03-20
2027-03-13,wk inc flu hosp,1,02,quantile,0.9,31,2027-03-20
2027-03-13,wk inc flu hosp,1,02,quantile,0.95,36,2027-03-20
2027-03-13,wk inc flu hosp,1,02,quantile,0.975,38,2027-03-20
2027-03-13,wk inc flu hosp,1,02,quantile,0.99,43,2027-03-20
2027-03-13,wk inc flu hosp,1,04,quantile,0.01,136,2027-03-20
2027-03-13,wk inc flu hosp,1,04,quantile,0.025,144,2027-03-20
2027-03-13,wk inc flu hosp,1,04,quantile,0.05,164,2027-03-20
2027-03-13,wk inc flu hosp,1,04,quantile,0.1,177,2027-03-20
2027-03-13,wk inc flu hosp,1,04,quantile,0.15,192,2027-03-20
2027-03-13,wk inc flu hosp,1,04,quantile,0.2,204,2027-03-20
2027-03-13,wk inc flu hosp,1,04,quantile,0.25,210,2027-03-20
2027-03-13,wk inc flu hosp,1,04,quantile,0.3,218,2027-03-20
2027-03-13,wk inc flu hosp,1,04,quantile,0.35,231,2027-03-20
2027-03-13,wk inc flu hosp,1,04,quantile,0.4,238,2027-03-20
2027-03-13,wk inc flu hosp,1,04,quantile,0.45,241,2027-03-20
2027-03-13,wk inc flu hosp,1,04,quantile,0.5,255,2027-03-20
2027-03-13,wk inc flu hosp,1,04,quantile,0.55,263,2027-03-20
2027-03-13,wk inc flu hosp,1,04,quantile,0.6,266,2027-03-20
2027-03-13,wk inc flu hosp,1,04,quantile,0.65,272,2027-03-20
2027-03-13,wk inc flu hosp,1,04,quantile,0.7,280,2027-03-20
2027-03-13,wk inc flu hosp,1,04,quantile,0.75,290,2027-03-20
2027-03-13,wk inc flu hosp,1,04,quantile,0.8,301,2027-03-20
2027-03-13,wk inc flu hosp,1,04,quantile,0.85,318,2027-03-20
2027-03-13,wk inc flu hosp,1,04,quantile,0.9,337,2027-03-20
2027-03-13,wk inc flu hosp,1,04,quantile,0.95,376,2027-03-20
2027-03-13,wk inc flu hosp,1,04,quantile,0.975,432,2027-03-20
2027-03-13,wk inc flu hosp,1,04,quantile,0.99,461,2027-03-20
2027-03-13,wk inc flu hosp,1,05,quantile,0.01,93,2027-03-20
2027-03-13,wk inc flu hosp,1,05,quantile,0.025,105,2027-03-20
2027-03-13,wk inc flu hosp,1,05,quantile,0.05,108,2027-03-20
2027-03-13,wk inc flu hosp,1,05,quantile,0.1,121,2027-03-20
2027-03-13,wk inc flu hosp,1,05,quantile,0.15,133,2027-03-20
2027-03-13,wk inc flu hosp,1,05,quantile,0.2,139,2027-03-20
2027-03-13,wk inc flu hosp,1,05,quantile,0.25,145,2027-03-20
2027-03-13,wk inc flu hosp,1,05,quantile,0.3,148,2027-03-20
2027-03-13,wk inc flu hosp,1,05,quantile,0.35,155,2027-03-20
2027-03-13,wk inc flu hosp,1,05,quantile,0.4,159,2027-03-20
2027-03-13,wk inc flu hosp,1,05,quantile,0.45,161,2027-03-20
2027-03-13,wk inc flu hosp,1,05,quantile,0.5,166,2027-03-20
2027-03-13,wk inc flu hosp,1,05,quantile,0.55,170,2027-03-20
2027-03-13,wk inc flu hosp,1,05,quantile,0.6,176,2027-03-20
2027-03-13,wk inc flu hosp,1,05,quantile,0.65,178,2027-03-20
2027-03-13,wk inc flu hosp,1,05,quantile,0.7,182,2027-03-20
2027-03-13,wk inc flu hosp,1,05,quantile,0.75,189,2027-03-20
2027-03-13,wk inc flu hosp,1,05,quantile,0.8,194,2027-03-20
2027-03-13,wk inc flu hosp,1,05,quantile,0.85,203,2027-03-20
2027-03-13,wk inc flu hosp,1,05,quantile,0.9,218,2027-03-20
2027-03-13,wk inc flu hosp,1,05,quantile,0.95,233,2027-03-20
2027-03-13,wk inc flu hosp,1,05,quantile,0.975,310,2027-03-20
2027-03-13,wk inc flu hosp,1,05,quantile,0.99,335,2027-03-20
2027-03-13,wk inc flu hosp,1,06,quantile,0.01,418,2027-03-20
2027-03-13,wk inc flu hosp,1,06,quantile,0.025,452,2027-03-20
2027-03-13,wk inc flu hosp,1,06,quantile,0.05,495,2027-03-20
2027-03-13,wk inc flu hosp,1,06,quantile,0.1,523,2027-03-20
2027-03-13,wk inc flu hosp,1,06,quantile,0.15,552,2027-03-20
2027-03-13,wk inc flu hosp,1,06,quantile,0.2,570,2027-03-20
2027-03-13,wk inc flu hosp,1,06,quantile,0.25,592,2027-03-20
2027-03-13,wk inc flu hosp,1,06,quantile,0.3,606,2027-03-20
2027-03-13,wk inc flu hosp,1,06,quantile,0.35,621,2027-03-20
2027-03-13,wk inc flu hosp,1,06,quantile,0.4,629,2027-03-20
2027-03-13,wk inc flu hosp,1,06,quantile,0.45,647,2027-03-20
2027-03-13,wk inc flu hosp,1,06,quantile,0.5,664,2027-03-20
2027-03-13,wk inc flu hosp,1,06,quantile,0.55,679,2027-03-20
2027-03-13,wk inc flu hosp,1,06,quantile,0.6,705,2027-03-20
2027-03-13,wk inc flu hosp,1,06,quantile,0.65,718,2027-03-20
2027-03-13,wk inc flu hosp,1,06,quantile,0.7,740,2027-03-20
2027-03-13,wk inc flu hosp,1,06,quantile,0.75,766,2027-03-20
2027-03-13,wk inc flu hosp,1,06,quantile,0.8,805,2027-03-20
2027-03-13,wk inc flu hosp,1,06,quantile,0.85,849,2027-03-20
2027-03-13,wk inc flu hosp,1,06,quantile,0.9,879,2027-03-20
2027-03-13,wk inc flu hosp,1,06,quantile,0.95,953,2027-03-20
2027-03-13,wk inc flu hosp,1,06,quantile,0.975,1011,2027-03-20
2027-03-13,wk inc flu hosp,1,06,quantile,0.99,1047,2027-03-20
2027-03-13,wk inc flu hosp,1,08,quantile,0.01,95,2027-03-20
2027-03-13,wk inc flu hosp,1,08,quantile,0.025,102,2027-03-20
2027-03-13,wk inc flu hosp,1,08,quantile,0.05,108,2027-03-20
2027-03-13,wk inc flu hosp,1,08,quantile,0.1,118,2027-03-20
2027-03-13,wk inc flu hosp,1,08,quantile,0.15,123,2027-03-20
2027-03-13,wk inc flu hosp,1,08,quantile,0.2,131,2027-03-20
2027-03-13,wk inc flu hosp,1,08,quantile,0.25,138,2027-03-20
2027-03-13,wk inc flu hosp,1,08,quantile,0.3,148,2027-03-20
2027-03-13,wk inc flu hosp,1,08,quantile,0.35,153,2027-03-20
2027-03-13,wk inc flu hosp,1,08,quantile,0.4,157,2027-03-20
2027-03-13,wk inc flu hosp,1,08,quantile,0.45,160,2027-03-20
2027-03-13,wk inc flu hosp,1,08,quantile,0.5,162,2027-03-20
2027-03-13,wk inc flu hosp,1,08,quantile,0.55,166,2027-03-20
2027-03-13,wk inc flu hosp,1,08,quantile,0.6,171,2027-03-20
2027-03-13,wk inc flu hosp,1,08,quantile,0.65,175,2027-03-20
2027-03-13,wk inc flu hosp,1,08,quantile,0.7,181,2027-03-20
2027-03-13,wk inc flu hosp,1,08,quantile,0.75,187,2027-03-20
2027-03-13,wk inc flu hosp,1,08,quantile,0.8,191,2027-03-20
2027-03-13,wk inc flu hosp,1,08,quantile,0.85,203,2027-03-20
2027-03-13,wk inc flu hosp,1,08,quantile,0.9,217,2027-03-20
2027-03-13,wk inc flu hosp,1,08,quantile,0.95,245,2027-03-20
2027-03-13,wk inc flu hosp,1,08,quantile,0.975,280,2027-03-20
2027-03-13,wk inc flu hosp,1,08,quantile,0.99,313,2027-03-20
2027-03-13,wk inc flu hosp,1,09,quantile,0.01,48,2027-03-20
2027-03-13,wk inc flu hosp,1,09,quantile,0.025,51,2027-03-20
2027-03-13,wk inc flu hosp,1,09,quantile,0.05,62,2027-03-20
2027-03-13,wk inc flu hosp,1,09,quantile,0.1,69,2027-03-20
2027-03-13,wk inc flu hosp,1,09,quantile,0.15,75,2027-03-20
2027-03-13,wk inc flu hosp,1,09,quantile,0.2,78,2027-03-20
2027-03-13,wk inc flu hosp,1,09,quantile,0.25,82,2027-03-20
2027-03-13,wk inc flu hosp,1,09,quantile,0.3,85,2027-03-20
2027-03-13,wk inc flu hosp,1,09,quantile,0.35,88,2027-03-20
2027-03-13,wk inc flu hosp,1,09,quantile,0.4,91,2027-03-20
2027-03-13,wk inc flu hosp,1,09,quantile,0.45,93,2027-03-20
2027-03-13,wk inc flu hosp,1,09,quantile,0.5,96,2027-03-20
2027-03-13,wk inc flu hosp,1,09,quantile,0.55,99,2027-03-20
2027-03-13,wk inc flu hosp,1,09,quantile,0.6,102,2027-03-20
2027-03-13,wk inc flu hosp,1,09,quantile,0.65,105,2027-03-20
2027-03-13,wk inc flu hosp,1,09,quantile,0.7,106,2027-03-20
2027-03-13,wk inc flu hosp,1,09,quantile,0.75,108,2027-03-20
2027-03-13,wk inc flu hosp,1,09,quantile,0.8,112,2027-03-20
2027-03-13,wk inc flu hosp,1,09,quantile,0.85,117,2027-03-20
2027-03-13,wk inc flu hosp,1,09,quantile,0.9,125,2027-03-20
2027-03-13,wk inc flu hosp,1,09,quantile,0.95,146,2027-03-20
2027-03-13,wk inc flu hosp,1,09,quantile,0.975,231,2027-03-20
2027-03-13,wk inc flu hosp,1,09,quantile,0.99,254,2027-03-20
2027-03-13,wk inc flu hosp,1,10,quantile,0.01,19,2027-03-20
2027-03-13,wk inc flu hosp,1,10,quantile,0.025,20,2027-03-20
2027-03-13,wk inc flu hosp,1,10,quantile,0.05,22,2027-03-20
2027-03-13,wk inc flu hosp,1,10,quantile,0.1,26,2027-03-20
2027-03-13,wk inc flu hosp,1,10,quantile,0.15,27,2027-03-20
2027-03-13,wk inc flu hosp,1,10,quantile,0.2,29,2027-03-20
2027-03-13,wk inc flu hosp,1,10,quantile,0.25,30,2027-03-20
2027-03-13,wk inc flu hosp,1,10,quantile,0.3,31,2027-03-20
2027-03-13,wk inc flu hosp,1,10,quantile,0.35,33,2027-03-20
2027-03-13,wk inc flu hosp,1,10,quantile,0.4,34,2027-03-20
2027-03-13,wk inc flu hosp,1,10,quantile,0.45,35,2027-03-20
2027-03-13,wk inc flu hosp,1,10,quantile,0.5,36,2027-03-20
2027-03-13,wk inc flu hosp,1,10,quantile,0.55,37,2027-03-20
2027-03-13,wk inc flu hosp,1,10,quantile,0.6,38,2027-03-20
2027-03-13,wk inc flu hosp,1,10,quantile,0.65,40,2027-03-20
2027-03-13,wk inc flu hosp,1,10,quantile,0.7,41,2027-03-20
2027-03-13,wk inc flu hosp,1,10,quantile,0.75,43,2027-03-20
2027-03-13,wk inc flu hosp,1,10,quantile,0.8,45,2027-03-20
2027-03-13,wk inc flu hosp,1,10,quantile,0.85,47,2027-03-20
2027-03-13,wk inc flu hosp,1,10,quantile,0.9,51,2027-03-20
2027-03-13,wk inc flu hosp,1,10,quantile,0.95,57,2027-03-20
2027-03-13,wk inc flu hosp,1,10,quantile,0.975,67,2027-03-20
2027-03-13,wk inc flu hosp,1,10,quantile,0.99,73,2027-03-20
2027-03-13,wk inc flu hosp,1,11,quantile,0.01,13,2027-03-20
2027-03-13,wk inc flu hosp,1,11,quantile,0.025,15,2027-03-20
2027-03-13,wk inc flu hosp,1,11,quantile,0.05,19,2027-03-20
2027-03-13,wk inc flu hosp,1,11,quantile,0.1,21,2027-03-20
2027-03-13,wk inc flu hosp,1,11,quantile,0.15,25,2027-03-20
2027-03-13,wk inc flu hosp,1,11,quantile,0.2,27,2027-03-20
2027-03-13,wk inc flu hosp,1,11,quantile,0.25,29,2027-03-20
2027-03-13,wk inc flu hosp,1,11,quantile,0.3,32,2027-03-20
2027-03-13,wk inc flu hosp,1,11,quantile,0.35,34,2027-03-20
2027-03-13,wk inc flu hosp,1,11,quantile,0.4,36,2027-03-20
2027-03-13,wk inc flu hosp,1,11,quantile,0.45,38,2027-03-20
2027-03-13,wk inc flu hosp,1,11,quantile,0.5,40,2027-03-20
2027-03-13,wk inc flu hosp,1,11,quantile,0.55,41,2027-03-20
2027-03-13,wk inc flu hosp,1,11,quantile,0.6,42,2027-03-20
2027-03-13,wk inc flu hosp,1,11,quantile,0.65,44,2027-03-20
2027-03-13,wk inc flu hosp,1,11,quantile,0.7,46,2027-03-20
2027-03-13,wk inc flu hosp,1,11,quantile,0.75,49,2027-03-20
2027-03-13,wk inc flu hosp,1,11,quantile,0.8,50,2027-03-20
2027-03-13,wk inc flu hosp,1,11,quantile,0.85,54,2027-03-20
2027-03-13,wk inc flu hosp,1,11,quantile,0.9,61,2027-03-20
2027-03-13,wk inc flu hosp,1,11,quantile,0.95,69,2027-03-20
2027-03-13,wk inc flu hosp,1,11,quantile,0.975,82,2027-03-20
2027-03-13,wk inc flu hosp,1,11,quantile,0.99,94,2027-03-20
2027-03-13,wk inc flu hosp,1,12,quantile,0.01,558,2027-03-20
2027-03-13,wk inc flu hosp,1,12,quantile,0.025,583,2027-03-20
2027-03-13,wk inc flu hosp,1,12,quantile,0.05,627,2027-03-20
2027-03-13,wk inc flu hosp,1,12,quantile,0.1,675,2027-03-20
2027-03-13,wk inc flu hosp,1,12,quantile,0.15,711,2027-03-20
2027-03-13,wk inc flu hosp,1,12,quantile,0.2,753,2027-03-20
2027-03-13,wk inc flu hosp,1,12,quantile,0.25,782,2027-03-20
2027-03-13,wk inc flu hosp,1,12,quantile,0.3,800,2027-03-20
2027-03-13,wk inc flu hosp,1,12,quantile,0.35,808,2027-03-20
2027-03-13,wk inc flu hosp,1,12,quantile,0.4,829,2027-03-20
2027-03-13,wk inc flu hosp,1,12,quantile,0.45,866,2027-03-20
2027-03-13,wk inc flu hosp,1,12,quantile,0.5,886,2027-03-20
2027-03-13,wk inc flu hosp,1,12,quantile,0.55,912,2027-03-20
2027-03-13,wk inc flu hosp,1,12,quantile,0.6,927,2027-03-20
2027-03-13,wk inc flu hosp,1,12,quantile,0.65,939,2027-03-20
2027-03-13,wk inc flu hosp,1,12,quantile,0.7,965,2027-03-20
2027-03-13,wk inc flu hosp,1,12,quantile,0.75,1012,2027-03-20
2027-03-13,wk inc flu hosp,1,12,quantile,0.8,1046,2027-03-20
2027-03-13,wk inc flu hosp,1,12,quantile,0.85,1062,2027-03-20
2027-03-13,wk inc flu hosp,1,12,quantile,0.9,1141,2027-03-20
2027-03-13,wk inc flu hosp,1,12,quantile,0.95,1255,2027-03-20
2027-03-13,wk inc flu hosp,1,12,quantile,0.975,1305,2027-03-20
2027-03-13,wk inc flu hosp,1,12,quantile,0.99,1324,2027-03-20
2027-03-13,wk inc flu hosp,1,13,quantile,0.01,105,2027-03-20
2027-03-13,wk inc flu hosp,1,13,quantile,0.025,118,2027-03-20
2027-03-13,wk inc flu hosp,1,13,quantile,0.05,132,2027-03-20
2027-03-13,wk inc flu hosp,1,13,quantile,0.1,141,2027-03-20
2027-03-13,wk inc flu hosp,1,13,quantile,0.15,149,2027-03-20
2027-03-13,wk inc flu hosp,1,13,quantile,0.2,158,2027-03-20
2027-03-13,wk inc flu hosp,1,13,quantile,0.25,164,2027-03-20
2027-03-13,wk inc flu hosp,1,13,quantile,0.3,171,2027-03-20
2027-03-13,wk inc flu hosp,1,13,quantile,0.35,174,2027-03-20
2027-03-13,wk inc flu hosp,1,13,quantile,0.4,178,2027-03-20
2027-03-13,wk inc flu hosp,1,13,quantile,0.45,188,2027-03-20
2027-03-13,wk inc flu hosp,1,13,quantile,0.5,194,2027-03-20
2027-03-13,wk inc flu hosp,1,13,quantile,0.55,201,2027-03-20
2027-03-13,wk inc flu hosp,1,13,quantile,0.6,209,2027-03-20
2027-03-13,wk inc flu hosp,1,13,quantile,0.65,216,2027-03-20
2027-03-13,wk inc flu hosp,1,13,quantile,0.7,218,2027-03-20
2027-03-13,wk inc flu hosp,1,13,quantile,0.75,228,2027-03-20
2027-03-13,wk inc flu hosp,1,13,quantile,0.8,239,2027-03-20
2027-03-13,wk inc flu hosp,1,13,quantile,0.85,253,2027-03-20
2027-03-13,wk inc flu hosp,1,13,quantile,0.9,267,2027-03-20
2027-03-13,wk inc flu hosp,1,13,quantile,0.95,296,2027-03-20
2027-03-13,wk inc flu hosp,1,13,quantile,0.975,380,2027-03-20
2027-03-13,wk inc flu hosp,1,13,quantile,0.99,439,2027-03-20
2027-03-13,wk inc flu hosp,1,15,quantile,0.01,20,2027-03-20
2027-03-13,wk inc flu hosp,1,15,quantile,0.025,21,2027-03-20
2027-03-13,wk inc flu hosp,1,15,quantile,0.05,23,2027-03-20
2027-03-13,wk inc flu hosp,1,15,quantile,0.1,26,2027-03-20
2027-03-13,wk inc flu hosp,1,15,quantile,0.15,28,2027-03-20
2027-03-13,wk inc flu hosp,1,15,quantile,0.2,30,2027-03-20
2027-03-13,wk inc flu hosp,1,15,quantile,0.25,32,2027-03-20
2027-03-13,wk inc flu hosp,1,15,quantile,0.3,34,2027-03-20
2027-03-13,wk inc flu hosp,1,15,quantile,0.35,35,2027-03-20
2027-03-13,wk inc flu hosp,1,15,quantile,0.4,37,2027-03-20
2027-03-13,wk inc flu hosp,1,15,quantile,0.45,38,2027-03-20
2027-03-13,wk inc flu hosp,1,15,quantile,0.5,40,2027-03-20
2027-03-13,wk inc flu hosp,1,15,quantile,0.55,41,2027-03-20
2027-03-13,wk inc flu hosp,1,15,quantile,0.6,42,2027-03-20
2027-03-13,wk inc flu hosp,1,15,quantile,0.65,45,2027-03-20
2027-03-13,wk inc flu hosp,1,15,quantile,0.7,46,2027-03-20
2027-03-13,wk inc flu hosp,1,15,quantile,0.75,49,2027-03-20
2027-03-13,wk inc flu hosp,1,15,quantile,0.8,53,2027-03-20
2027-03-13,wk inc flu hosp,1,15,quantile,0.85,54,2027-03-20
2027-03-13,wk inc flu hosp,1,15,quantile,0.9,60,2027-03-20
2027-03-13,wk inc flu hosp,1,15,quantile,0.95,67,2027-03-20
2027-03-13,wk inc flu hosp,1,15,quantile,0.975,69,2027-03-20
2027-03-13,wk inc flu hosp,1,15,quantile,0.99,74,2027-03-20
2027-03-13,wk inc flu hosp,1,16,quantile,0.01,55,2027-03-20
2027-03-13,wk inc flu hosp,1,16,quantile,0.025,59,2027-03-20
2027-03-13,wk inc flu hosp,1,16,quantile,0.05,64,2027-03-20
2027-03-13,wk inc flu hosp,1,16,quantile,0.1,69,2027-03-20
2027-03-13,wk inc flu hosp,1,16,quantile,0.15,73,2027-03-20
2027-03-13,wk inc flu hosp,1,16,quantile,0.2,77,2027-03-20
2027-03-13,wk inc flu hosp,1,16,quantile,0.25,80,2027-03-20
2027-03-13,wk inc flu hosp,1,16,quantile,0.3,83,2027-03-20
2027-03-13,wk inc flu hosp,1,16,quantile,0.35,85,2027-03-20
2027-03-13,wk inc flu hosp,1,16,quantile,0.4,88,2027-03-20
2027-03-13,wk inc flu hosp,1,16,quantile,0.45,89,2027-03-20
2027-03-13,wk inc flu hosp,1,16,quantile,0.5,92,2027-03-20
2027-03-13,wk inc flu hosp,1,16,quantile,0.55,94,2027-03-20
2027-03-13,wk inc flu hosp,1,16,quantile,0.6,96,2027-03-20
2027-03-13,wk inc flu hosp,1,16,quantile,0.65,99,2027-03-20
2027-03-13,wk inc flu hosp,1,16,quantile,0.7,104,2027-03-20
2027-03-13,wk inc flu hosp,1,16,quantile,0.75,108,2027-03-20
2027-03-13,wk inc flu hosp,1,16,quantile,0.8,113,2027-03-20
2027-03-13,wk inc flu hosp,1,16,quantile,0.85,122,2027-03-20
2027-03-13,wk inc flu hosp,1,16,quantile,0.9,131,2027-03-20
2027-03-13,wk inc flu hosp,1,16,quantile,0.95,143,2027-03-20
2027-03-13,wk inc flu hosp,1,16,quantile,0.975,146,2027-03-20
2027-03-13,wk inc flu hosp,1,16,quantile,0.99,153,2027-03-20
2027-03-13,wk inc flu hosp,1,17,quantile,0.01,221,2027-03-20
2027-03-13,wk inc flu hosp,1,17,quantile,0.025,242,2027-03-20
2027-03-13,wk inc flu hosp,1,17,quantile,0.05,251,2027-03-20
2027-03-13,wk inc flu hosp,1,17,quantile,0.1,270,2027-03-20
2027-03-13,wk inc flu hosp,1,17,quantile,0.15,281,2027-03-20
2027-03-13,wk inc flu hosp,1,17,quantile,0.2,289,2027-03-20
2027-03-13,wk inc flu hosp,1,17,quantile,0.25,296,2027-03-20
2027-03-13,wk inc flu hosp,1,17,quantile,0.3,300,2027-03-20
2027-03-13,wk inc flu hosp,1,17,quantile,0.35,317,2027-03-20
2027-03-13,wk inc flu hosp,1,17,quantile,0.4,326,2027-03-20
2027-03-13,wk inc flu hosp,1,17,quantile,0.45,332,2027-03-20
2027-03-13,wk inc flu hosp,1,17,quantile,0.5,338,2027-03-20
2027-03-13,wk inc flu hosp,1,17,quantile,0.55,347,2027-03-20
2027-03-13,wk inc flu hosp,1,17,quantile,0.6,352,2027-03-20
2027-03-13,wk inc flu hosp,1,17,quantile,0.65,361,2027-03-20
2027-03-13,wk inc flu hosp,1,17,quantile,0.7,369,2027-03-20
2027-03-13,wk inc flu hosp,1,17,quantile,0.75,386,2027-03-20
2027-03-13,wk inc flu hosp,1,17,quantile,0.8,398,2027-03-20
2027-03-13,wk inc flu hosp,1,17,quantile,0.85,410,2027-03-20
2027-03-13,wk inc flu hosp,1,17,quantile,0.9,437,2027-03-20
2027-03-13,wk inc flu hosp,1,17,quantile,0.95,483,2027-03-20
2027-03-13,wk inc flu hosp,1,17,quantile,0.975,679,2027-03-20
2027-03-13,wk inc flu hosp,1,17,quantile,0.99,757,2027-03-20
2027-03-13,wk inc flu hosp,1,18,quantile,0.01,181,2027-03-20
2027-03-13,wk inc flu hosp,1,18,quantile,0.025,201,2027-03-20
2027-03-13,wk inc flu hosp,1,18,quantile,0.05,212,2027-03-20
2027-03-13,wk inc flu hosp,1,18,quantile,0.1,227,2027-03-20
2027-03-13,wk inc flu hosp,1,18,quantile,0.15,242,2027-03-20
2027-03-13,wk inc flu hosp,1,18,quantile,0.2,252,2027-03-20
2027-03-13,wk inc flu hosp,1,18,quantile,0.25,262,2027-03-20
2027-03-13,wk inc flu hosp,1,18,quantile,0.3,271,2027-03-20
2027-03-13,wk inc flu hosp,1,18,quantile,0.35,276,2027-03-20
2027-03-13,wk inc flu hosp,1,18,quantile,0.4,283,2027-03-20
2027-03-13,wk inc flu hosp,1,18,quantile,0.45,292,2027-03-20
2027-03-13,wk inc flu hosp,1,18,quantile,0.5,298,2027-03-20
2027-03-13,wk inc flu hosp,1,18,quantile,0.55,305,2027-03-20
2027-03-13,wk inc flu hosp,1,18,quantile,0.6,316,2027-03-20
2027-03-13,wk inc flu hosp,1,18,quantile,0.65,323,2027-03-20
2027-03-13,wk inc flu hosp,1,18,quantile,0.7,326,2027-03-20
2027-03-13,wk inc flu hosp,1,18,quantile,0.75,335,2027-03-20
2027-03-13,wk inc flu hosp,1,18,quantile,0.8,345,2027-03-20
2027-03-13,wk inc flu hosp,1,18,quantile,0.85,356,2027-03-20
2027-03-13,wk inc flu hosp,1,18,quantile,0.9,377,2027-03-20
2027-03-13,wk inc flu hosp,1,18,quantile,0.95,429,2027-03-20
2027-03-13,wk inc flu hosp,1,18,quantile,0.975,593,2027-03-20
2027-03-13,wk inc flu hosp,1,18,quantile,0.99,642,2027-03-20
2027-03-13,wk inc flu hosp,1,19,quantile,0.01,79,2027-03-20
2027-03-13,wk inc flu hosp,1,19,quantile,0.025,82,2027-03-20
2027-03-13,wk inc flu hosp,1,19,quantile,0.05,88,2027-03-20
2027-03-13,wk inc flu hosp,1,19,quantile,0.1,99,2027-03-20
2027-03-13,wk inc flu hosp,1,19,quantile,0.15,106,2027-03-20
2027-03-13,wk inc flu hosp,1,19,quantile,0.2,111,2027-03-20
2027-03-13,wk inc flu hosp,1,19,quantile,0.25,115,2027-03-20
2027-03-13,wk inc flu hosp,1,19,quantile,0.3,119,2027-03-20
2027-03-13,wk inc flu hosp,1,19,quantile,0.35,124,2027-03-20
2027-03-13,wk inc flu hosp,1,19,quantile,0.4,127,2027-03-20
2027-03-13,wk inc flu hosp,1,19,quantile,0.45,130,2027-03-20
2027-03-13,wk inc flu hosp,1,19,quantile,0.5,133,2027-03-20
2027-03-13,wk inc flu hosp,1,19,quantile,0.55,140,2027-03-20
2027-03-13,wk inc flu hosp,1,19,quantile,0.6,145,2027-03-20
2027-03-13,wk inc flu hosp,1,19,quantile,0.65,150,2027-03-20
2027-03-13,wk inc flu hosp,1,19,quantile,0.7,154,2027-03-20
2027-03-13,wk inc flu hosp,1,19,quantile,0.75,158,2027-03-20
2027-03-13,wk inc flu hosp,1,19,quantile,0.8,161,2027-03-20
2027-03-13,wk inc flu hosp,1,19,quantile,0.85,170,2027-03-20
2027-03-13,wk inc flu hosp,1,19,quantile,0.9,184,2027-03-20
2027-03-13,wk inc flu hosp,1,19,quantile,0.95,202,2027-03-20
2027-03-13,wk inc flu hosp,1,19,quantile,0.975,222,2027-03-20
2027-03-13,wk inc flu hosp,1,19,quantile,0.99,238,2027-03-20
2027-03-13,wk inc flu hosp,1,20,quantile,0.01,52,2027-03-20
2027-03-13,wk inc flu hosp,1,20,quantile,0.025,58,2027-03-20
2027-03-13,wk inc flu hosp,1,20,quantile,0.05,63,2027-03-20
2027-03-13,wk inc flu hosp,1,20,quantile,0.1,74,2027-03-20
2027-03-13,wk inc flu hosp,1,20,quantile,0.15,77,2027-03-20
2027-03-13,wk inc flu hosp,1,20,quantile,0.2,80,2027-03-20
2027-03-13,wk inc flu hosp,1,20,quantile,0.25,83,2027-03-20
2027-03-13,wk inc flu hosp,1,20,quantile,0.3,86,2027-03-20
2027-03-13,wk inc flu hosp,1,20,quantile,0.35,89,2027-03-20
2027-03-13,wk inc flu hosp,1,20,quantile,0.4,90,2027-03-20
2027-03-13,wk inc flu hosp,1,20,quantile,0.45,95,2027-03-20
2027-03-13,wk inc flu hosp,1,20,quantile,0.5,99,2027-03-20
2027-03-13,wk inc flu hosp,1,20,quantile,0.55,101,2027-03-20
2027-03-13,wk inc flu hosp,1,20,quantile,0.6,106,2027-03-20
2027-03-13,wk inc flu hosp,1,20,quantile,0.65,108,2027-03-20
2027-03-13,wk inc flu hosp,1,20,quantile,0.7,111,2027-03-20
2027-03-13,wk inc flu hosp,1,20,quantile,0.75,114,2027-03-20
2027-03-13,wk inc flu hosp,1,20,quantile,0.8,117,2027-03-20
2027-03-13,wk inc flu hosp,1,20,quantile,0.85,123,2027-03-20
2027-03-13,wk inc flu hosp,1,20,quantile,0.9,132,2027-03-20
2027-03-13,wk inc flu hosp,1,20,quantile,0.95,162,2027-03-20
2027-03-13,wk inc flu hosp,1,20,quantile,0.975,195,2027-03-20
2027-03-13,wk inc flu hosp,1,20,quantile,0.99,206,2027-03-20
2027-03-13,wk inc flu hosp,1,21,quantile,0.01,160,2027-03-20
2027-03-13,wk inc flu hosp,1,21,quantile,0.025,171,2027-03-20
2027-03-13,wk inc flu hosp,1,21,quantile,0.05,183,2027-03-20
2027-03-13,wk inc flu hosp,1,21,quantile,0.1,196,2027-03-20
2027-03-13,wk inc flu hosp,1,21,quantile,0.15,203,2027-03-20
2027-03-13,wk inc flu hosp,1,21,quantile,0.2,211,2027-03-20
2027-03-13,wk inc flu hosp,1,21,quantile,0.25,218,2027-03-20
2027-03-13,wk inc flu hosp,1,21,quantile,0.3,222,2027-03-20
2027-03-13,wk inc flu hosp,1,21,quantile,0.35,228,2027-03-20
2027-03-13,wk inc flu hosp,1,21,quantile,0.4,240,2027-03-20
2027-03-13,wk inc flu hosp,1,21,quantile,0.45,242,2027-03-20
2027-03-13,wk inc flu hosp,1,21,quantile,0.5,246,2027-03-20
2027-03-13,wk inc flu hosp,1,21,quantile,0.55,251,2027-03-20
2027-03-13,wk inc flu hosp,1,21,quantile,0.6,256,2027-03-20
2027-03-13,wk inc flu hosp,1,21,quantile,0.65,262,2027-03-20
2027-03-13,wk inc flu hosp,1,21,quantile,0.7,265,2027-03-20
2027-03-13,wk inc flu hosp,1,21,quantile,0.75,275,2027-03-20
2027-03-13,wk inc flu hosp,1,21,quantile,0.8,292,2027-03-20
2027-03-13,wk inc flu hosp,1,21,quantile,0.85,315,2027-03-20
2027-03-13,wk inc flu hosp,1,21,quantile,0.9,332,2027-03-20
2027-03-13,wk inc flu hosp,1,21,quantile,0.95,387,2027-03-20
2027-03-13,wk inc flu hosp,1,21,quantile,0.975,535,2027-03-20
2027-03-13,wk inc flu hosp,1,21,quantile,0.99,571,2027-03-20
2027-03-13,wk inc flu hosp,1,22,quantile,0.01,87,2027-03-20
2027-03-13,wk inc flu hosp,1,22,quantile,0.025,102,2027-03-20
2027-03-13,wk inc flu hosp,1,22,quantile,0.05,105,2027-03-20
2027-03-13,wk inc flu hosp,1,22,quantile,0.1,113,2027-03-20
2027-03-13,wk inc flu hosp,1,22,quantile,0.15,125,2027-03-20
2027-03-13,wk inc flu hosp,1,22,quantile,0.2,129,2027-03-20
2027-03-13,wk inc flu hosp,1,22,quantile,0.25,134,2027-03-20
2027-03-13,wk inc flu hosp,1,22,quantile,0.3,140,2027-03-20
2027-03-13,wk inc flu hosp,1,22,quantile,0.35,145,2027-03-20
2027-03-13,wk inc flu hosp,1,22,quantile,0.4,150,2027-03-20
2027-03-13,wk inc flu hosp,1,22,quantile,0.45,152,2027-03-20
2027-03-13,wk inc flu hosp,1,22,quantile,0.5,160,2027-03-20
2027-03-13,wk inc flu hosp,1,22,quantile,0.55,164,2027-03-20
2027-03-13,wk inc flu hosp,1,22,quantile,0.6,170,2027-03-20
2027-03-13,wk inc flu hosp,1,22,quantile,0.65,179,2027-03-20
2027-03-13,wk inc flu hosp,1,22,quantile,0.7,184,2027-03-20
2027-03-13,wk inc flu hosp,1,22,quantile,0.75,192,2027-03-20
2027-03-13,wk inc flu hosp,1,22,quantile,0.8,197,2027-03-20
2027-03-13,wk inc flu hosp,1,22,quantile,0.85,202,2027-03-20
2027-03-13,wk inc flu hosp,1,22,quantile,0.9,217,2027-03-20
2027-03-13,wk inc flu hosp,1,22,quantile,0.95,238,2027-03-20
2027-03-13,wk inc flu hosp,1,22,quantile,0.975,252,2027-03-20
2027-03-13,wk inc flu hosp,1,22,quantile,0.99,269,2027-03-20
2027-03-13,wk inc flu hosp,1,23,quantile,0.01,25,2027-03-20
2027-03-13,wk inc flu hosp,1,23,quantile,0.025,29,2027-03-20
2027-03-13,wk inc flu hosp,1,23,quantile,0.05,31,2027-03-20
2027-03-13,wk inc flu hosp,1,23,quantile,0.1,34,2027-03-20
2027-03-13,wk inc flu hosp,1,23,quantile,0.15,38,2027-03-20
2027-03-13,wk inc flu hosp,1,23,quantile,0.2,40,2027-03-20
2027-03-13,wk inc flu hosp,1,23,quantile,0.25,43,2027-03-20
2027-03-13,wk inc flu hosp,1,23,quantile,0.3,43,2027-03-20
2027-03-13,wk inc flu hosp,1,23,quantile,0.35,44,2027-03-20
2027-03-13,wk inc flu hosp,1,23,quantile,0.4,46,2027-03-20
2027-03-13,wk inc flu hosp,1,23,quantile,0.45,49,2027-03-20
2027-03-13,wk inc flu hosp,1,23,quantile,0.5,50,2027-03-20
2027-03-13,wk inc flu hosp,1,23,quantile,0.55,52,2027-03-20
2027-03-13,wk inc flu hosp,1,23,quantile,0.6,53,2027-03-20
2027-03-13,wk inc flu hosp,1,23,quantile,0.65,55,2027-03-20
2027-03-13,wk inc flu hosp,1,23,quantile,0.7,58,2027-03-20
2027-03-13,wk inc flu hosp,1,23,quantile,0.75,59,2027-03-20
2027-03-13,wk inc flu hosp,1,23,quantile,0.8,60,2027-03-20
2027-03-13,wk inc flu hosp,1,23,quantile,0.85,63,2027-03-20
2027-03-13,wk inc flu hosp,1,23,quantile,0.9,65,2027-03-20
2027-03-13,wk inc flu hosp,1,23,quantile,0.95,69,2027-03-20
2027-03-13,wk inc flu hosp,1,23,quantile,0.975,72,2027-03-20
2027-03-13,wk inc flu hosp,1,23,quantile,0.99,78,2027-03-20
2027-03-13,wk inc flu hosp,1,24,quantile,0.01,75,2027-03-20
2027-03-13,wk inc flu hosp,1,24,quantile,0.025,82,2027-03-20
2027-03-13,wk inc flu hosp,1,24,quantile,0.05,92,2027-03-20
2027-03-13,wk inc flu hosp,1,24,quantile,0.1,104,2027-03-20
2027-03-13,wk inc flu hosp,1,24,quantile,0.15,114,2027-03-20
2027-03-13,wk inc flu hosp,1,24,quantile,0.2,121,2027-03-20
2027-03-13,wk inc flu hosp,1,24,quantile,0.25,125,2027-03-20
2027-03-13,wk inc flu hosp,1,24,quantile,0.3,129,2027-03-20
2027-03-13,wk inc flu hosp,1,24,quantile,0.35,132,2027-03-20
2027-03-13,wk inc flu hosp,1,24,quantile,0.4,135,2027-03-20
2027-03-13,wk inc flu hosp,1,24,quantile,0.45,139,2027-03-20
2027-03-13,wk inc flu hosp,1,24,quantile,0.5,142,2027-03-20
2027-03-13,wk inc flu hosp,1,24,quantile,0.55,147,2027-03-20
2027-03-13,wk inc flu hosp,1,24,quantile,0.6,152,2027-03-20
2027-03-13,wk inc flu hosp,1,24,quantile,0.65,157,2027-03-20
2027-03-13,wk inc flu hosp,1,24,quantile,0.7,163,2027-03-20
2027-03-13,wk inc flu hosp,1,24,quantile,0.75,169,2027-03-20
2027-03-13,wk inc flu hosp,1,24,quantile,0.8,177,2027-03-20
2027-03-13,wk inc flu hosp,1,24,quantile,0.85,183,2027-03-20
2027-03-13,wk inc flu hosp,1,24,quantile,0.9,194,2027-03-20
2027-03-13,wk inc flu hosp,1,24,quantile,0.95,245,2027-03-20
2027-03-13,wk inc flu hosp,1,24,quantile,0.975,332,2027-03-20
2027-03-13,wk inc flu hosp,1,24,quantile,0.99,353,2027-03-20
2027-03-13,wk inc flu hosp,1,25,quantile,0.01,118,2027-03-20
2027-03-13,wk inc flu hosp,1,25,quantile,0.025,122,2027-03-20
2027-03-13,wk inc flu hosp,1,25,quantile,0.05,125,2027-03-20
2027-03-13,wk inc flu hosp,1,25,quantile,0.1,135,2027-03-20
2027-03-13,wk inc flu hosp,1,25,quantile,0.15,143,2027-03-20
2027-03-13,wk inc flu hosp,1,25,quantile,0.2,149,2027-03-20
2027-03-13,wk inc flu hosp,1,25,quantile,0.25,152,2027-03-20
2027-03-13,wk inc flu hosp,1,25,quantile,0.3,158,2027-03-20
2027-03-13,wk inc flu hosp,1,25,quantile,0.35,164,2027-03-20
2027-03-13,wk inc flu hosp,1,25,quantile,0.4,167,2027-03-20
2027-03-13,wk inc flu hosp,1,25,quantile,0.45,171,2027-03-20
2027-03-13,wk inc flu hosp,1,25,quantile,0.5,173,2027-03-20
2027-03-13,wk inc flu hosp,1,25,quantile,0.55,176,2027-03-20
2027-03-13,wk inc flu hosp,1,25,quantile,0.6,180,2027-03-20
2027-03-13,wk inc flu hosp,1,25,quantile,0.65,183,2027-03-20
2027-03-13,wk inc flu hosp,1,25,quantile,0.7,186,2027-03-20
2027-03-13,wk inc flu hosp,1,25,quantile,0.75,194,2027-03-20
2027-03-13,wk inc flu hosp,1,25,quantile,0.8,200,2027-03-20
2027-03-13,wk inc flu hosp,1,25,quantile,0.85,213,2027-03-20
2027-03-13,wk inc flu hosp,1,25,quantile,0.9,227,2027-03-20
2027-03-13,wk inc flu hosp,1,25,quantile,0.95,266,2027-03-20
2027-03-13,wk inc flu hosp,1,25,quantile,0.975,362,2027-03-20
2027-03-13,wk inc flu hosp,1,25,quantile,0.99,419,2027-03-20
2027-03-13,wk inc flu hosp,1,26,quantile,0.01,316,2027-03-20
2027-03-13,wk inc flu hosp,1,26,quantile,0.025,346,2027-03-20
2027-03-13,wk inc flu hosp,1,26,quantile,0.05,386,2027-03-20
2027-03-13,wk inc flu hosp,1,26,quantile,0.1,407,2027-03-20
2027-03-13,wk inc flu hosp,1,26,quantile,0.15,441,2027-03-20
2027-03-13,wk inc flu hosp,1,26,quantile,0.2,449,2027-03-20
2027-03-13,wk inc flu hosp,1,26,quantile,0.25,469,2027-03-20
2027-03-13,wk inc flu hosp,1,26,quantile,0.3,474,2027-03-20
2027-03-13,wk inc flu hosp,1,26,quantile,0.35,483,2027-03-20
2027-03-13,wk inc flu hosp,1,26,quantile,0.4,499,2027-03-20
2027-03-13,wk inc flu hosp,1,26,quantile,0.45,509,2027-03-20
2027-03-13,wk inc flu hosp,1,26,quantile,0.5,521,2027-03-20
2027-03-13,wk inc flu hosp,1,26,quantile,0.55,527,2027-03-20
2027-03-13,wk inc flu hosp,1,26,quantile,0.6,540,2027-03-20
2027-03-13,wk inc flu hosp,1,26,quantile,0.65,551,2027-03-20
2027-03-13,wk inc flu hosp,1,26,quantile,0.7,565,2027-03-20
2027-03-13,wk inc flu hosp,1,26,quantile,0.75,581,2027-03-20
2027-03-13,wk inc flu hosp,1,26,quantile,0.8,599,2027-03-20
2027-03-13,wk inc flu hosp,1,26,quantile,0.85,607,2027-03-20
2027-03-13,wk inc flu hosp,1,26,quantile,0.9,647,2027-03-20
2027-03-13,wk inc flu hosp,1,26,quantile,0.95,707,2027-03-20
2027-03-13,wk inc flu hosp,1,26,quantile,0.975,861,2027-03-20
2027-03-13,wk inc flu hosp,1,26,quantile,0.99,923,2027-03-20
2027-03-13,wk inc flu hosp,1,27,quantile,0.01,93,2027-03-20
2027-03-13,wk inc flu hosp,1,27,quantile,0.025,100,2027-03-20
2027-03-13,wk inc flu hosp,1,27,quantile,0.05,106,2027-03-20
2027-03-13,wk inc flu hosp,1,27,quantile,0.1,116,2027-03-20
2027-03-13,wk inc flu hosp,1,27,quantile,0.15,123,2027-03-20
2027-03-13,wk inc flu hosp,1,27,quantile,0.2,129,2027-03-20
2027-03-13,wk inc flu hosp,1,27,quantile,0.25,134,2027-03-20
2027-03-13,wk inc flu hosp,1,27,quantile,0.3,141,2027-03-20
2027-03-13,wk inc flu hosp,1,27,quantile,0.35,148,2027-03-20
2027-03-13,wk inc flu hosp,1,27,quantile,0.4,152,2027-03-20
2027-03-13,wk inc flu hosp,1,27,quantile,0.45,154,2027-03-20
2027-03-13,wk inc flu hosp,1,27,quantile,0.5,158,2027-03-20
2027-03-13,wk inc flu hosp,1,27,quantile,0.55,163,2027-03-20
2027-03-13,wk inc flu hosp,1,27,quantile,0.6,167,2027-03-20
2027-03-13,wk inc flu hosp,1,27,quantile,0.65,172,2027-03-20
2027-03-13,wk inc flu hosp,1,27,quantile,0.7,178,2027-03-20
2027-03-13,wk inc flu hosp,1,27,quantile,0.75,184,2027-03-20
2027-03-13,wk inc flu hosp,1,27,quantile,0.8,188,2027-03-20
2027-03-13,wk inc flu hosp,1,27,quantile,0.85,194,2027-03-20
2027-03-13,wk inc flu hosp,1,27,quantile,0.9,209,2027-03-20
2027-03-13,wk inc flu hosp,1,27,quantile,0.95,237,2027-03-20
2027-03-13,wk inc flu hosp,1,27,quantile,0.975,250,2027-03-20
2027-03-13,wk inc flu hosp,1,27,quantile,0.99,266,2027-03-20
2027-03-13,wk inc flu hosp,1,28,quantile,0.01,68,2027-03-20
2027-03-13,wk inc flu hosp,1,28,quantile,0.025,77,2027-03-20
2027-03-13,wk inc flu hosp,1,28,quantile,0.05,89,2027-03-20
2027-03-13,wk inc flu hosp,1,28,quantile,0.1,96,2027-03-20
2027-03-13,wk inc flu hosp,1,28,quantile,0.15,102,2027-03-20
2027-03-13,wk inc flu hosp,1,28,quantile,0.2,107,2027-03-20
2027-03-13,wk inc flu hosp,1,28,quantile,0.25,113,2027-03-20
2027-03-13,wk inc flu hosp,1,28,quantile,0.3,117,2027-03-20
2027-03-13,wk inc flu hosp,1,28,quantile,0.35,122,2027-03-20
2027-03-13,wk inc flu hosp,1,28,quantile,0.4,125,2027-03-20
2027-03-13,wk inc flu hosp,1,28,quantile,0.45,130,2027-03-20
2027-03-13,wk inc flu hosp,1,28,quantile,0.5,132,2027-03-20
2027-03-13,wk inc flu hosp,1,28,quantile,0.55,137,2027-03-20
2027-03-13,wk inc flu hosp,1,28,quantile,0.6,141,2027-03-20
2027-03-13,wk inc flu hosp,1,28,quantile,0.65,146,2027-03-20
2027-03-13,wk inc flu hosp,1,28,quantile,0.7,151,2027-03-20
2027-03-13,wk inc flu hosp,1,28,quantile,0.75,156,2027-03-20
2027-03-13,wk inc flu hosp,1,28,quantile,0.8,165,2027-03-20
2027-03-13,wk inc flu hosp,1,28,quantile,0.85,175,2027-03-20
2027-03-13,wk inc flu hosp,1,28,quantile,0.9,181,2027-03-20
2027-03-13,wk inc flu hosp,1,28,quantile,0.95,192,2027-03-20
2027-03-13,wk inc flu hosp,1,28,quantile,0.975,226,2027-03-20
2027-03-13,wk inc flu hosp,1,28,quantile,0.99,243,2027-03-20
2027-03-13,wk inc flu hosp,1,29,quantile,0.01,150,2027-03-20
2027-03-13,wk inc flu hosp,1,29,quantile,0.025,160,2027-03-20
2027-03-13,wk inc flu hosp,1,29,quantile,0.05,184,2027-03-20
2027-03-13,wk inc flu hosp,1,29,quantile,0.1,199,2027-03-20
2027-03-13,wk inc flu hosp,1,29,quantile,0.15,213,2027-03-20
2027-03-13,wk inc flu hosp,1,29,quantile,0.2,221,2027-03-20
2027-03-13,wk inc flu hosp,1,29,quantile,0.25,231,2027-03-20
2027-03-13,wk inc flu hosp,1,29,quantile,0.3,236,2027-03-20
2027-03-13,wk inc flu hosp,1,29,quantile,0.35,244,2027-03-20
2027-03-13,wk inc flu hosp,1,29,quantile,0.4,248,2027-03-20
2027-03-13,wk inc flu hosp,1,29,quantile,0.45,254,2027-03-20
2027-03-13,wk inc flu hosp,1,29,quantile,0.5,259,2027-03-20
2027-03-13,wk inc flu hosp,1,29,quantile,0.55,267,2027-03-20
2027-03-13,wk inc flu hosp,1,29,quantile,0.6,274,2027-03-20
2027-03-13,wk inc flu hosp,1,29,quantile,0.65,288,2027-03-20
2027-03-13,wk inc flu hosp,1,29,quantile,0.7,296,2027-03-20
2027-03-13,wk inc flu hosp,1,29,quantile,0.75,308,2027-03-20
2027-03-13,wk inc flu hosp,1,29,quantile,0.8,317,2027-03-20
2027-03-13,wk inc flu hosp,1,29,quantile,0.85,331,2027-03-20
2027-03-13,wk inc flu hosp,1,29,quantile,0.9,344,2027-03-20
2027-03-13,wk inc flu hosp,1,29,quantile,0.95,400,2027-03-20
2027-03-13,wk inc flu hosp,1,29,quantile,0.975,473,2027-03-20
2027-03-13,wk inc flu hosp,1,29,quantile,0.99,498,2027-03-20
2027-03-13,wk inc flu hosp,1,30,quantile,0.01,50,2027-03-20
2027-03-13,wk inc flu hosp,1,30,quantile,0.025,51,2027-03-20
2027-03-13,wk inc flu hosp,1,30,quantile,0.05,63,2027-03-20
2027-03-13,wk inc flu hosp,1,30,quantile,0.1,69,2027-03-20
2027-03-13,wk inc flu hosp,1,30,quantile,0.15,77,2027-03-20
2027-03-13,wk inc flu hosp,1,30,quantile,0.2,79,2027-03-20
2027-03-13,wk inc flu hosp,1,30,quantile,0.25,82,2027-03-20
2027-03-13,wk inc flu hosp,1,30,quantile,0.3,87,2027-03-20
2027-03-13,wk inc flu hosp,1,30,quantile,0.35,90,2027-03-20
2027-03-13,wk inc flu hosp,1,30,quantile,0.4,94,2027-03-20
2027-03-13,wk inc flu hosp,1,30,quantile,0.45,98,2027-03-20
2027-03-13,wk inc flu hosp,1,30,quantile,0.5,101,2027-03-20
2027-03-13,wk inc flu hosp,1,30,quantile,0.55,103,2027-03-20
2027-03-13,wk inc flu hosp,1,30,quantile,0.6,107,2027-03-20
2027-03-13,wk inc flu hosp,1,30,quantile,0.65,111,2027-03-20
2027-03-13,wk inc flu hosp,1,30,quantile,0.7,115,2027-03-20
2027-03-13,wk inc flu hosp,1,30,quantile,0.75,119,2027-03-20
2027-03-13,wk inc flu hosp,1,30,quantile,0.8,123,2027-03-20
2027-03-13,wk inc flu hosp,1,30,quantile,0.85,132,2027-03-20
2027-03-13,wk inc flu hosp,1,30,quantile,0.9,146,2027-03-20
2027-03-13,wk inc flu hosp,1,30,quantile,0.95,161,2027-03-20
2027-03-13,wk inc flu hosp,1,30,quantile,0.975,177,2027-03-20
2027-03-13,wk inc flu hosp,1,30,quantile,0.99,193,2027-03-20
2027-03-13,wk inc flu hosp,1,31,quantile,0.01,24,2027-03-20
2027-03-13,wk inc flu hosp,1,31,quantile,0.025,30,2027-03-20
2027-03-13,wk inc flu hosp,1,31,quantile,0.05,33,2027-03-20
2027-03-13,wk inc flu hosp,1,31,quantile,0.1,36,2027-03-20
2027-03-13,wk inc flu hosp,1,31,quantile,0.15,40,2027-03-20
2027-03-13,wk inc flu hosp,1,31,quantile,0.2,41,2027-03-20
2027-03-13,wk inc flu hosp,1,31,quantile,0.25,42,2027-03-20
2027-03-13,wk inc flu hosp,1,31,quantile,0.3,44,2027-03-20
2027-03-13,wk inc flu hosp,1,31,quantile,0.35,44,2027-03-20
2027-03-13,wk inc flu hosp,1,31,quantile,0.4,45,2027-03-20
2027-03-13,wk inc flu hosp,1,31,quantile,0.45,47,2027-03-20
2027-03-13,wk inc flu hosp,1,31,quantile,0.5,48,2027-03-20
2027-03-13,wk inc flu hosp,1,31,quantile,0.55,50,2027-03-20
2027-03-13,wk inc flu hosp,1,31,quantile,0.6,51,2027-03-20
2027-03-13,wk inc flu hosp,1,31,quantile,0.65,53,2027-03-20
2027-03-13,wk inc flu hosp,1,31,quantile,0.7,54,2027-03-20
2027-03-13,wk inc flu hosp,1,31,quantile,0.75,56,2027-03-20
2027-03-13,wk inc flu hosp,1,31,quantile,0.8,58,2027-03-20
2027-03-13,wk inc flu hosp,1,31,quantile,0.85,61,2027-03-20
2027-03-13,wk inc flu hosp,1,31,quantile,0.9,64,2027-03-20
2027-03-13,wk inc flu hosp,1,31,quantile,0.95,70,2027-03-20
2027-03-13,wk inc flu hosp,1,31,quantile,0.975,84,2027-03-20
2027-03-13,wk inc flu hosp,1,31,quantile,0.99,89,2027-03-20
2027-03-13,wk inc flu hosp,1,32,quantile,0.01,47,2027-03-20
2027-03-13,wk inc flu hosp,1,32,quantile,0.025,52,2027-03-20
2027-03-13,wk inc flu hosp,1,32,quantile,0.05,57,2027-03-20
2027-03-13,wk inc flu hosp,1,32,quantile,0.1,61,2027-03-20
2027-03-13,wk inc flu hosp,1,32,quantile,0.15,64,2027-03-20
2027-03-13,wk inc flu hosp,1,32,quantile,0.2,66,2027-03-20
2027-03-13,wk inc flu hosp,1,32,quantile,0.25,69,2027-03-20
2027-03-13,wk inc flu hosp,1,32,quantile,0.3,72,2027-03-20
2027-03-13,wk inc flu hosp,1,32,quantile,0.35,75,2027-03-20
2027-03-13,wk inc flu hosp,1,32,quantile,0.4,77,2027-03-20
2027-03-13,wk inc flu hosp,1,32,quantile,0.45,79,2027-03-20
2027-03-13,wk inc flu hosp,1,32,quantile,0.5,82,2027-03-20
2027-03-13,wk inc flu hosp,1,32,quantile,0.55,84,2027-03-20
2027-03-13,wk inc flu hosp,1,32,quantile,0.6,87,2027-03-20
2027-03-13,wk inc flu hosp,1,32,quantile,0.65,90,2027-03-20
2027-03-13,wk inc flu hosp,1,32,quantile,0.7,94,2027-03-20
2027-03-13,wk inc flu hosp,1,32,quantile,0.75,99,2027-03-20
2027-03-13,wk inc flu hosp,1,32,quantile,0.8,103,2027-03-20
2027-03-13,wk inc flu hosp,1,32,quantile,0.85,111,2027-03-20
2027-03-13,wk inc flu hosp,1,32,quantile,0.9,118,2027-03-20
2027-03-13,wk inc flu hosp,1,32,quantile,0.95,124,2027-03-20
2027-03-13,wk inc flu hosp,1,32,quantile,0.975,133,2027-03-20
2027-03-13,wk inc flu hosp,1,32,quantile,0.99,135,2027-03-20
2027-03-13,wk inc flu hosp,1,33,quantile,0.01,17,2027-03-20
2027-03-13,wk inc flu hosp,1,33,quantile,0.025,19,2027-03-20
2027-03-13,wk inc flu hosp,1,33,quantile,0.05,21,2027-03-20
2027-03-13,wk inc flu hosp,1,33,quantile,0.1,23,2027-03-20
2027-03-13,wk inc flu hosp,1,33,quantile,0.15,25,2027-03-20
2027-03-13,wk inc flu hosp,1,33,quantile,0.2,26,2027-03-20
2027-03-13,wk inc flu hosp,1,33,quantile,0.25,29,2027-03-20
2027-03-13,wk inc flu hosp,1,33,quantile,0.3,30,2027-03-20
2027-03-13,wk inc flu hosp,1,33,quantile,0.35,32,2027-03-20
2027-03-13,wk inc flu hosp,1,33,quantile,0.4,33,2027-03-20
2027-03-13,wk inc flu hosp,1,33,quantile,0.45,35,2027-03-20
2027-03-13,wk inc flu hosp,1,33,quantile,0.5,37,2027-03-20
2027-03-13,wk inc flu hosp,1,33,quantile,0.55,39,2027-03-20
2027-03-13,wk inc flu hosp,1,33,quantile,0.6,41,2027-03-20
2027-03-13,wk inc flu hosp,1,33,quantile,0.65,43,2027-03-20
2027-03-13,wk inc flu hosp,1,33,quantile,0.7,45,2027-03-20
2027-03-13,wk inc flu hosp,1,33,quantile,0.75,46,2027-03-20
2027-03-13,wk inc flu hosp,1,33,quantile,0.8,49,2027-03-20
2027-03-13,wk inc flu hosp,1,33,quantile,0.85,51,2027-03-20
2027-03-13,wk inc flu hosp,1,33,quantile,0.9,61,2027-03-20
2027-03-13,wk inc flu hosp,1,33,quantile,0.95,77,2027-03-20
2027-03-13,wk inc flu hosp,1,33,quantile,0.975,81,2027-03-20
2027-03-13,wk inc flu hosp,1,33,quantile,0.99,86,2027-03-20
2027-03-13,wk inc flu hosp,1,34,quantile,0.01,152,2027-03-20
2027-03-13,wk inc flu hosp,1,34,quantile,0.025,157,2027-03-20
2027-03-13,wk inc flu hosp,1,34,quantile,0.05,166,2027-03-20
2027-03-13,wk inc flu hosp,1,34,quantile,0.1,180,2027-03-20
2027-03-13,wk inc flu hosp,1,34,quantile,0.15,192,2027-03-20
2027-03-13,wk inc flu hosp,1,34,quantile,0.2,200,2027-03-20
2027-03-13,wk inc flu hosp,1,34,quantile,0.25,204,2027-03-20
2027-03-13,wk inc flu hosp,1,34,quantile,0.3,213,2027-03-20
2027-03-13,wk inc flu hosp,1,34,quantile,0.35,223,2027-03-20
2027-03-13,wk inc flu hosp,1,34,quantile,0.4,235,2027-03-20
2027-03-13,wk inc flu hosp,1,34,quantile,0.45,242,2027-03-20
2027-03-13,wk inc flu hosp,1,34,quantile,0.5,246,2027-03-20
2027-03-13,wk inc flu hosp,1,34,quantile,0.55,256,2027-03-20
2027-03-13,wk inc flu hosp,1,34,quantile,0.6,261,2027-03-20
2027-03-13,wk inc flu hosp,1,34,quantile,0.65,266,2027-03-20
2027-03-13,wk inc flu hosp,1,34,quantile,0.7,276,2027-03-20
2027-03-13,wk inc flu hosp,1,34,quantile,0.75,282,2027-03-20
2027-03-13,wk inc flu hosp,1,34,quantile,0.8,300,2027-03-20
2027-03-13,wk inc flu hosp,1,34,quantile,0.85,320,2027-03-20
2027-03-13,wk inc flu hosp,1,34,quantile,0.9,333,2027-03-20
2027-03-13,wk inc flu hosp,1,34,quantile,0.95,360,2027-03-20
2027-03-13,wk inc flu hosp,1,34,quantile,0.975,561,2027-03-20
2027-03-13,wk inc flu hosp,1,34,quantile,0.99,577,2027-03-20
2027-03-13,wk inc flu hosp,1,35,quantile,0.01,54,2027-03-20
2027-03-13,wk inc flu hosp,1,35,quantile,0.025,62,2027-03-20
2027-03-13,wk inc flu hosp,1,35,quantile,0.05,64,2027-03-20
2027-03-13,wk inc flu hosp,1,35,quantile,0.1,70,2027-03-20
2027-03-13,wk inc flu hosp,1,35,quantile,0.15,76,2027-03-20
2027-03-13,wk inc flu hosp,1,35,quantile,0.2,80,2027-03-20
2027-03-13,wk inc flu hosp,1,35,quantile,0.25,85,2027-03-20
2027-03-13,wk inc flu hosp,1,35,quantile,0.3,89,2027-03-20
2027-03-13,wk inc flu hosp,1,35,quantile,0.35,92,2027-03-20
2027-03-13,wk inc flu hosp,1,35,quantile,0.4,94,2027-03-20
2027-03-13,wk inc flu hosp,1,35,quantile,0.45,98,2027-03-20
2027-03-13,wk inc flu hosp,1,35,quantile,0.5,102,2027-03-20
2027-03-13,wk inc flu hosp,1,35,quantile,0.55,104,2027-03-20
2027-03-13,wk inc flu hosp,1,35,quantile,0.6,106,2027-03-20
2027-03-13,wk inc flu hosp,1,35,quantile,0.65,108,2027-03-20
2027-03-13,wk inc flu hosp,1,35,quantile,0.7,114,2027-03-20
2027-03-13,wk inc flu hosp,1,35,quantile,0.75,118,2027-03-20
2027-03-13,wk inc flu hosp,1,35,quantile,0.8,121,2027-03-20
2027-03-13,wk inc flu hosp,1,35,quantile,0.85,127,2027-03-20
2027-03-13,wk inc flu hosp,1,35,quantile,0.9,131,2027-03-20
2027-03-13,wk inc flu hosp,1,35,quantile,0.95,142,2027-03-20
2027-03-13,wk inc flu hosp,1,35,quantile,0.975,154,2027-03-20
2027-03-13,wk inc flu hosp,1,35,quantile,0.99,175,2027-03-20
2027-03-13,wk inc flu hosp,1,36,quantile,0.01,384,2027-03-20
2027-03-13,wk inc flu hosp,1,36,quantile,0.025,389,2027-03-20
2027-03-13,wk inc flu hosp,1,36,quantile,0.05,410,2027-03-20
2027-03-13,wk inc flu hosp,1,36,quantile,0.1,427,2027-03-20
2027-03-13,wk inc flu hosp,1,36,quantile,0.15,444,2027-03-20
2027-03-13,wk inc flu hosp,1,36,quantile,0.2,456,2027-03-20
2027-03-13,wk inc flu hosp,1,36,quantile,0.25,480,2027-03-20
2027-03-13,wk inc flu hosp,1,36,quantile,0.3,493,2027-03-20
2027-03-13,wk inc flu hosp,1,36,quantile,0.35,511,2027-03-20
2027-03-13,wk inc flu hosp,1,36,quantile,0.4,530,2027-03-20
2027-03-13,wk inc flu hosp,1,36,quantile,0.45,548,2027-03-20
2027-03-13,wk inc flu hosp,1,36,quantile,0.5,556,2027-03-20
2027-03-13,wk inc flu hosp,1,36,quantile,0.55,569,2027-03-20
2027-03-13,wk inc flu hosp,1,36,quantile,0.6,579,2027-03-20
2027-03-13,wk inc flu hosp,1,36,quantile,0.65,594,2027-03-20
2027-03-13,wk inc flu hosp,1,36,quantile,0.7,614,2027-03-20
2027-03-13,wk inc flu hosp,1,36,quantile,0.75,624,2027-03-20
2027-03-13,wk inc flu hosp,1,36,quantile,0.8,636,2027-03-20
2027-03-13,wk inc flu hosp,1,36,quantile,0.85,662,2027-03-20
2027-03-13,wk inc flu hosp,1,36,quantile,0.9,696,2027-03-20
2027-03-13,wk inc flu hosp,1,36,quantile,0.95,829,2027-03-20
2027-03-13,wk inc flu hosp,1,36,quantile,0.975,1232,2027-03-20
2027-03-13,wk inc flu hosp,1,36,quantile,0.99,1279,2027-03-20
2027-03-13,wk inc flu hosp,1,37,quantile,0.01,143,2027-03-20
2027-03-13,wk inc flu hosp,1,37,quantile,0.025,155,2027-03-20
2027-03-13,wk inc flu hosp,1,37,quantile,0.05,173,2027-03-20
2027-03-13,wk inc flu hosp,1,37,quantile,0.1,187,2027-03-20
2027-03-13,wk inc flu hosp,1,37,quantile,0.15,198,2027-03-20
2027-03-13,wk inc flu hosp,1,37,quantile,0.2,205,2027-03-20
2027-03-13,wk inc flu hosp,1,37,quantile,0.25,214,2027-03-20
2027-03-13,wk inc flu hosp,1,37,quantile,0.3,220,2027-03-20
2027-03-13,wk inc flu hosp,1,37,quantile,0.35,226,2027-03-20
2027-03-13,wk inc flu hosp,1,37,quantile,0.4,232,2027-03-20
2027-03-13,wk inc flu hosp,1,37,quantile,0.45,238,2027-03-20
2027-03-13,wk inc flu hosp,1,37,quantile,0.5,241,2027-03-20
2027-03-13,wk inc flu hosp,1,37,quantile,0.55,250,2027-03-20
2027-03-13,wk inc flu hosp,1,37,quantile,0.6,259,2027-03-20
2027-03-13,wk inc flu hosp,1,37,quantile,0.65,269,2027-03-20
2027-03-13,wk inc flu hosp,1,37,quantile,0.7,279,2027-03-20
2027-03-13,wk inc flu hosp,1,37,quantile,0.75,286,2027-03-20
2027-03-13,wk inc flu hosp,1,37,quantile,0.8,301,2027-03-20
2027-03-13,wk inc flu hosp,1,37,quantile,0.85,315,2027-03-20
2027-03-13,wk inc flu hosp,1,37,quantile,0.9,333,2027-03-20
2027-03-13,wk inc flu hosp,1,37,quantile,0.95,407,2027-03-20
2027-03-13,wk inc flu hosp,1,37,quantile,0.975,479,2027-03-20
2027-03-13,wk inc flu hosp,1,37,quantile,0.99,555,2027-03-20
2027-03-13,wk inc flu hosp,1,38,quantile,0.01,22,2027-03-20
2027-03-13,wk inc flu hosp,1,38,quantile,0.025,23,2027-03-20
2027-03-13,wk inc flu hosp,1,38,quantile,0.05,24,2027-03-20
2027-03-13,wk inc flu hosp,1,38,quantile,0.1,26,2027-03-20
2027-03-13,wk inc flu hosp,1,38,quantile,0.15,28,2027-03-20
2027-03-13,wk inc flu hosp,1,38,quantile,0.2,30,2027-03-20
2027-03-13,wk inc flu hosp,1,38,quantile,0.25,31,2027-03-20
2027-03-13,wk inc flu hosp,1,38,quantile,0.3,33,2027-03-20
2027-03-13,wk inc flu hosp,1,38,quantile,0.35,35,2027-03-20
2027-03-13,wk inc flu hosp,1,38,quantile,0.4,37,2027-03-20
2027-03-13,wk inc flu hosp,1,38,quantile,0.45,37,2027-03-20
2027-03-13,wk inc flu hosp,1,38,quantile,0.5,38,2027-03-20
2027-03-13,wk inc flu hosp,1,38,quantile,0.55,39,2027-03-20
2027-03-13,wk inc flu hosp,1,38,quantile,0.6,40,2027-03-20
2027-03-13,wk inc flu hosp,1,38,quantile,0.65,42,2027-03-20
2027-03-13,wk inc flu hosp,1,38,quantile,0.7,43,2027-03-20
2027-03-13,wk inc flu hosp,1,38,quantile,0.75,44,2027-03-20
2027-03-13,wk inc flu hosp,1,38,quantile,0.8,46,2027-03-20
2027-03-13,wk inc flu hosp,1,38,quantile,0.85,48,2027-03-20
2027-03-13,wk inc flu hosp,1,38,quantile,0.9,51,2027-03-20
2027-03-13,wk inc flu hosp,1,38,quantile,0.95,55,2027-03-20
2027-03-13,wk inc flu hosp,1,38,quantile,0.975,57,2027-03-20
2027-03-13,wk inc flu hosp,1,38,quantile,0.99,63,2027-03-20
2027-03-13,wk inc flu hosp,1,39,quantile,0.01,250,2027-03-20
2027-03-13,wk inc flu hosp,1,39,quantile,0.025,287,2027-03-20
2027-03-13,wk inc flu hosp,1,39,quantile,0.05,308,2027-03-20
2027-03-13,wk inc flu hosp,1,39,quantile,0.1,324,2027-03-20
2027-03-13,wk inc flu hosp,1,39,quantile,0.15,346,2027-03-20
2027-03-13,wk inc flu hosp,1,39,quantile,0.2,364,2027-03-20
2027-03-13,wk inc flu hosp,1,39,quantile,0.25,372,2027-03-20
2027-03-13,wk inc flu hosp,1,39,quantile,0.3,391,2027-03-20
2027-03-13,wk inc flu hosp,1,39,quantile,0.35,405,2027-03-20
2027-03-13,wk inc flu hosp,1,39,quantile,0.4,410,2027-03-20
2027-03-13,wk inc flu hosp,1,39,quantile,0.45,416,2027-03-20
2027-03-13,wk inc flu hosp,1,39,quantile,0.5,429,2027-03-20
2027-03-13,wk inc flu hosp,1,39,quantile,0.55,443,2027-03-20
2027-03-13,wk inc flu hosp,1,39,quantile,0.6,453,2027-03-20
2027-03-13,wk inc flu hosp,1,39,quantile,0.65,461,2027-03-20
2027-03-13,wk inc flu hosp,1,39,quantile,0.7,475,2027-03-20
2027-03-13,wk inc flu hosp,1,39,quantile,0.75,486,2027-03-20
2027-03-13,wk inc flu hosp,1,39,quantile,0.8,498,2027-03-20
2027-03-13,wk inc flu hosp,1,39,quantile,0.85,525,2027-03-20
2027-03-13,wk inc flu hosp,1,39,quantile,0.9,579,2027-03-20
2027-03-13,wk inc flu hosp,1,39,quantile,0.95,630,2027-03-20
2027-03-13,wk inc flu hosp,1,39,quantile,0.975,873,2027-03-20
2027-03-13,wk inc flu hosp,1,39,quantile,0.99,903,2027-03-20
2027-03-13,wk inc flu hosp,1,40,quantile,0.01,52,2027-03-20
2027-03-13,wk inc flu hosp,1,40,quantile,0.025,59,2027-03-20
2027-03-13,wk inc flu hosp,1,40,quantile,0.05,72,2027-03-20
2027-03-13,wk inc flu hosp,1,40,quantile,0.1,80,2027-03-20
2027-03-13,wk inc flu hosp,1,40,quantile,0.15,86,2027-03-20
2027-03-13,wk inc flu hosp,1,40,quantile,0.2,89,2027-03-20
2027-03-13,wk inc flu hosp,1,40,quantile,0.25,92,2027-03-20
2027-03-13,wk inc flu hosp,1,40,quantile,0.3,98,2027-03-20
2027-03-13,wk inc flu hosp,1,40,quantile,0.35,102,2027-03-20
2027-03-13,wk inc flu hosp,1,40,quantile,0.4,105,2027-03-20
2027-03-13,wk inc flu hosp,1,40,quantile,0.45,107,2027-03-20
2027-03-13,wk inc flu hosp,1,40,quantile,0.5,112,2027-03-20
2027-03-13,wk inc flu hosp,1,40,quantile,0.55,116,2027-03-20
2027-03-13,wk inc flu hosp,1,40,quantile,0.6,120,2027-03-20
2027-03-13,wk inc flu hosp,1,40,quantile,0.65,123,2027-03-20
2027-03-13,wk inc flu hosp,1,40,quantile,0.7,130,2027-03-20
2027-03-13,wk inc flu hosp,1,40,quantile,0.75,134,2027-03-20
2027-03-13,wk inc flu hosp,1,40,quantile,0.8,142,2027-03-20
2027-03-13,wk inc flu hosp,1,40,quantile,0.85,149,2027-03-20
2027-03-13,wk inc flu hosp,1,40,quantile,0.9,161,2027-03-20
2027-03-13,wk inc flu hosp,1,40,quantile,0.95,184,2027-03-20
2027-03-13,wk inc flu hosp,1,40,quantile,0.975,203,2027-03-20
2027-03-13,wk inc flu hosp,1,40,quantile,0.99,226,2027-03-20
2027-03-13,wk inc flu hosp,1,41,quantile,0.01,65,2027-03-20
2027-03-13,wk inc flu hosp,1,41,quantile,0.025,69,2027-03-20
2027-03-13,wk inc flu hosp,1,41,quantile,0.05,74,2027-03-20
2027-03-13,wk inc flu hosp,1,41,quantile,0.1,79,2027-03-20
2027-03-13,wk inc flu hosp,1,41,quantile,0.15,84,2027-03-20
2027-03-13,wk inc flu hosp,1,41,quantile,0.2,86,2027-03-20
2027-03-13,wk inc flu hosp,1,41,quantile,0.25,90,2027-03-20
2027-03-13,wk inc flu hosp,1,41,quantile,0.3,93,2027-03-20
2027-03-13,wk inc flu hosp,1,41,quantile,0.35,95,2027-03-20
2027-03-13,wk inc flu hosp,1,41,quantile,0.4,99,2027-03-20
2027-03-13,wk inc flu hosp,1,41,quantile,0.45,101,2027-03-20
2027-03-13,wk inc flu hosp,1,41,quantile,0.5,104,2027-03-20
2027-03-13,wk inc flu hosp,1,41,quantile,0.55,108,2027-03-20
2027-03-13,wk inc flu hosp,1,41,quantile,0.6,112,2027-03-20
2027-03-13,wk inc flu hosp,1,41,quantile,0.65,116,2027-03-20
2027-03-13,wk inc flu hosp,1,41,quantile,0.7,124,2027-03-20
2027-03-13,wk inc flu hosp,1,41,quantile,0.75,127,2027-03-20
2027-03-13,wk inc flu hosp,1,41,quantile,0.8,130,2027-03-20
2027-03-13,wk inc flu hosp,1,41,quantile,0.85,134,2027-03-20
2027-03-13,wk inc flu hosp,1,41,quantile,0.9,140,2027-03-20
2027-03-13,wk inc flu hosp,1,41,quantile,0.95,152,2027-03-20
2027-03-13,wk inc flu hosp,1,41,quantile,0.975,173,2027-03-20
2027-03-13,wk inc flu hosp,1,41,quantile,0.99,183,2027-03-20
2027-03-13,wk inc flu hosp,1,42,quantile,0.01,615,2027-03-20
2027-03-13,wk inc flu hosp,1,42,quantile,0.025,663,2027-03-20
2027-03-13,wk inc flu hosp,1,42,quantile,0.05,689,2027-03-20
2027-03-13,wk inc flu hosp,1,42,quantile,0.1,734,2027-03-20
2027-03-13,wk inc flu hosp,1,42,quantile,0.15,766,2027-03-20
2027-03-13,wk inc flu hosp,1,42,quantile,0.2,794,2027-03-20
2027-03-13,wk inc flu hosp,1,42,quantile,0.25,820,2027-03-20
2027-03-13,wk inc flu hosp,1,42,quantile,0.3,838,2027-03-20
2027-03-13,wk inc flu hosp,1,42,quantile,0.35,845,2027-03-20
2027-03-13,wk inc flu hosp,1,42,quantile,0.4,878,2027-03-20
2027-03-13,wk inc flu hosp,1,42,quantile,0.45,896,2027-03-20
2027-03-13,wk inc flu hosp,1,42,quantile,0.5,914,2027-03-20
2027-03-13,wk inc flu hosp,1,42,quantile,0.55,939,2027-03-20
2027-03-13,wk inc flu hosp,1,42,quantile,0.6,961,2027-03-20
2027-03-13,wk inc flu hosp,1,42,quantile,0.65,986,2027-03-20
2027-03-13,wk inc flu hosp,1,42,quantile,0.7,1008,2027-03-20
2027-03-13,wk inc flu hosp,1,42,quantile,0.75,1034,2027-03-20
2027-03-13,wk inc flu hosp,1,42,quantile,0.8,1075,2027-03-20
2027-03-13,wk inc flu hosp,1,42,quantile,0.85,1131,2027-03-20
2027-03-13,wk inc flu hosp,1,42,quantile,0.9,1184,2027-03-20
2027-03-13,wk inc flu hosp,1,42,quantile,0.95,1359,2027-03-20
2027-03-13,wk inc flu hosp,1,42,quantile,0.975,1870,2027-03-20
2027-03-13,wk inc flu hosp,1,42,quantile,0.99,1978,2027-03-20
2027-03-13,wk inc flu hosp,1,44,quantile,0.01,15,2027-03-20
2027-03-13,wk inc flu hosp,1,44,quantile,0.025,19,2027-03-20
2027-03-13,wk inc flu hosp,1,44,quantile,0.05,20,2027-03-20
2027-03-13,wk inc flu hosp,1,44,quantile,0.1,22,2027-03-20
2027-03-13,wk inc flu hosp,1,44,quantile,0.15,24,2027-03-20
2027-03-13,wk inc flu hosp,1,44,quantile,0.2,25,2027-03-20
2027-03-13,wk inc flu hosp,1,44,quantile,0.25,26,2027-03-20
2027-03-13,wk inc flu hosp,1,44,quantile,0.3,28,2027-03-20
2027-03-13,wk inc flu hosp,1,44,quantile,0.35,29,2027-03-20
2027-03-13,wk inc flu hosp,1,44,quantile,0.4,31,2027-03-20
2027-03-13,wk inc flu hosp,1,44,quantile,0.45,32,2027-03-20
2027-03-13,wk inc flu hosp,1,44,quantile,0.5,32,2027-03-20
2027-03-13,wk inc flu hosp,1,44,quantile,0.55,33,2027-03-20
2027-03-13,wk inc flu hosp,1,44,quantile,0.6,35,2027-03-20
2027-03-13,wk inc flu hosp,1,44,quantile,0.65,35,2027-03-20
2027-03-13,wk inc flu hosp,1,44,quantile,0.7,36,2027-03-20
2027-03-13,wk inc flu hosp,1,44,quantile,0.75,38,2027-03-20
2027-03-13,wk inc flu hosp,1,44,quantile,0.8,40,2027-03-20
2027-03-13,wk inc flu hosp,1,44,quantile,0.85,44,2027-03-20
2027-03-13,wk inc flu hosp,1,44,quantile,0.9,47,2027-03-20
2027-03-13,wk inc flu hosp,1,44,quantile,0.95,54,2027-03-20
2027-03-13,wk inc flu hosp,1,44,quantile,0.975,57,2027-03-20
2027-03-13,wk inc flu hosp,1,44,quantile,0.99,61,2027-03-20
2027-03-13,wk inc flu hosp,1,45,quantile,0.01,70,2027-03-20
2027-03-13,wk inc flu hosp,1,45,quantile,0.025,78,2027-03-20
2027-03-13,wk inc flu hosp,1,45,quantile,0.05,83,2027-03-20
2027-03-13,wk inc flu hosp,1,45,quantile,0.1,94,2027-03-20
2027-03-13,wk inc flu hosp,1,45,quantile,0.15,101,2027-03-20
2027-03-13,wk inc flu hosp,1,45,quantile,0.2,105,2027-03-20
2027-03-13,wk inc flu hosp,1,45,quantile,0.25,109,2027-03-20
2027-03-13,wk inc flu hosp,1,45,quantile,0.3,115,2027-03-20
2027-03-13,wk inc flu hosp,1,45,quantile,0.35,118,2027-03-20
2027-03-13,wk inc flu hosp,1,45,quantile,0.4,124,2027-03-20
2027-03-13,wk inc flu hosp,1,45,quantile,0.45,127,2027-03-20
2027-03-13,wk inc flu hosp,1,45,quantile,0.5,130,2027-03-20
2027-03-13,wk inc flu hosp,1,45,quantile,0.55,136,2027-03-20
2027-03-13,wk inc flu hosp,1,45,quantile,0.6,139,2027-03-20
2027-03-13,wk inc flu hosp,1,45,quantile,0.65,146,2027-03-20
2027-03-13,wk inc flu hosp,1,45,quantile,0.7,150,2027-03-20
2027-03-13,wk inc flu hosp,1,45,quantile,0.75,157,2027-03-20
2027-03-13,wk inc flu hosp,1,45,quantile,0.8,160,2027-03-20
2027-03-13,wk inc flu hosp,1,45,quantile,0.85,169,2027-03-20
2027-03-13,wk inc flu hosp,1,45,quantile,0.9,183,2027-03-20
2027-03-13,wk inc flu hosp,1,45,quantile,0.95,228,2027-03-20
2027-03-13,wk inc flu hosp,1,45,quantile,0.975,250,2027-03-20
2027-03-13,wk inc flu hosp,1,45,quantile,0.99,263,2027-03-20
2027-03-13,wk inc flu hosp,1,46,quantile,0.01,9,2027-03-20
2027-03-13,wk inc flu hosp,1,46,quantile,0.025,10,2027-03-20
2027-03-13,wk inc flu hosp,1,46,quantile,0.05,11,2027-03-20
2027-03-13,wk inc flu hosp,1,46,quantile,0.1,14,2027-03-20
2027-03-13,wk inc flu hosp,1,46,quantile,0.15,16,2027-03-20
2027-03-13,wk inc flu hosp,1,46,quantile,0.2,18,2027-03-20
2027-03-13,wk inc flu hosp,1,46,quantile,0.25,18,2027-03-20
2027-03-13,wk inc flu hosp,1,46,quantile,0.3,20,2027-03-20
2027-03-13,wk inc flu hosp,1,46,quantile,0.35,21,2027-03-20
2027-03-13,wk inc flu hosp,1,46,quantile,0.4,22,2027-03-20
2027-03-13,wk inc flu hosp,1,46,quantile,0.45,24,2027-03-20
2027-03-13,wk inc flu hosp,1,46,quantile,0.5,24,2027-03-20
2027-03-13,wk inc flu hosp,1,46,quantile,0.55,26,2027-03-20
2027-03-13,wk inc flu hosp,1,46,quantile,0.6,27,2027-03-20
2027-03-13,wk inc flu hosp,1,46,quantile,0.65,29,2027-03-20
2027-03-13,wk inc flu hosp,1,46,quantile,0.7,30,2027-03-20
2027-03-13,wk inc flu hosp,1,46,quantile,0.75,32,2027-03-20
2027-03-13,wk inc flu hosp,1,46,quantile,0.8,33,2027-03-20
2027-03-13,wk inc flu hosp,1,46,quantile,0.85,36,2027-03-20
2027-03-13,wk inc flu hosp,1,46,quantile,0.9,37,2027-03-20
2027-03-13,wk inc flu hosp,1,46,quantile,0.95,44,2027-03-20
2027-03-13,wk inc flu hosp,1,46,quantile,0.975,48,2027-03-20
2027-03-13,wk inc flu hosp,1,46,quantile,0.99,57,2027-03-20
2027-03-13,wk inc flu hosp,1,47,quantile,0.01,177,2027-03-20
2027-03-13,wk inc flu hosp,1,47,quantile,0.025,202,2027-03-20
2027-03-13,wk inc flu hosp,1,47,quantile,0.05,208,2027-03-20
2027-03-13,wk inc flu hosp,1,47,quantile,0.1,223,2027-03-20
2027-03-13,wk inc flu hosp,1,47,quantile,0.15,237,2027-03-20
2027-03-13,wk inc flu hosp,1,47,quantile,0.2,240,2027-03-20
2027-03-13,wk inc flu hosp,1,47,quantile,0.25,246,2027-03-20
2027-03-13,wk inc flu hosp,1,47,quantile,0.3,250,2027-03-20
2027-03-13,wk inc flu hosp,1,47,quantile,0.35,255,2027-03-20
2027-03-13,wk inc flu hosp,1,47,quantile,0.4,263,2027-03-20
2027-03-13,wk inc flu hosp,1,47,quantile,0.45,267,2027-03-20
2027-03-13,wk inc flu hosp,1,47,quantile,0.5,278,2027-03-20
2027-03-13,wk inc flu hosp,1,47,quantile,0.55,285,2027-03-20
2027-03-13,wk inc flu hosp,1,47,quantile,0.6,294,2027-03-20
2027-03-13,wk inc flu hosp,1,47,quantile,0.65,302,2027-03-20
2027-03-13,wk inc flu hosp,1,47,quantile,0.7,311,2027-03-20
2027-03-13,wk inc flu hosp,1,47,quantile,0.75,323,2027-03-20
2027-03-13,wk inc flu hosp,1,47,quantile,0.8,334,2027-03-20
2027-03-13,wk inc flu hosp,1,47,quantile,0.85,345,2027-03-20
2027-03-13,wk inc flu hosp,1,47,quantile,0.9,358,2027-03-20
2027-03-13,wk inc flu hosp,1,47,quantile,0.95,393,2027-03-20
2027-03-13,wk inc flu hosp,1,47,quantile,0.975,535,2027-03-20
2027-03-13,wk inc flu hosp,1,47,quantile,0.99,563,2027-03-20
2027-03-13,wk inc flu hosp,1,48,quantile,0.01,274,2027-03-20
2027-03-13,wk inc flu hosp,1,48,quantile,0.025,331,2027-03-20
2027-03-13,wk inc flu hosp,1,48,quantile,0.05,346,2027-03-20
2027-03-13,wk inc flu hosp,1,48,quantile,0.1,391,2027-03-20
2027-03-13,wk inc flu hosp,1,48,quantile,0.15,412,2027-03-20
2027-03-13,wk inc flu hosp,1,48,quantile,0.2,444,2027-03-20
2027-03-13,wk inc flu hosp,1,48,quantile,0.25,460,2027-03-20
2027-03-13,wk inc flu hosp,1,48,quantile,0.3,482,2027-03-20
2027-03-13,wk inc flu hosp,1,48,quantile,0.35,495,2027-03-20
2027-03-13,wk inc flu hosp,1,48,quantile,0.4,508,2027-03-20
2027-03-13,wk inc flu hosp,1,48,quantile,0.45,523,2027-03-20
2027-03-13,wk inc flu hosp,1,48,quantile,0.5,538,2027-03-20
2027-03-13,wk inc flu hosp,1,48,quantile,0.55,560,2027-03-20
2027-03-13,wk inc flu hosp,1,48,quantile,0.6,578,2027-03-20
2027-03-13,wk inc flu hosp,1,48,quantile,0.65,594,2027-03-20
2027-03-13,wk inc flu hosp,1,48,quantile,0.7,609,2027-03-20
2027-03-13,wk inc flu hosp,1,48,quantile,0.75,640,2027-03-20
2027-03-13,wk inc flu hosp,1,48,quantile,0.8,666,2027-03-20
2027-03-13,wk inc flu hosp,1,48,quantile,0.85,690,2027-03-20
2027-03-13,wk inc flu hosp,1,48,quantile,0.9,729,2027-03-20
2027-03-13,wk inc flu hosp,1,48,quantile,0.95,851,2027-03-20
2027-03-13,wk inc flu hosp,1,48,quantile,0.975,1368,2027-03-20
2027-03-13,wk inc flu hosp,1,48,quantile,0.99,1412,2027-03-20
2027-03-13,wk inc flu hosp,1,49,quantile,0.01,29,2027-03-20
2027-03-13,wk inc flu hosp,1,49,quantile,0.025,30,2027-03-20
2027-03-13,wk inc flu hosp,1,49,quantile,0.05,32,2027-03-20
2027-03-13,wk inc flu hosp,1,49,quantile,0.1,35,2027-03-20
2027-03-13,wk inc flu hosp,1,49,quantile,0.15,37,2027-03-20
2027-03-13,wk inc flu hosp,1,49,quantile,0.2,40,2027-03-20
2027-03-13,wk inc flu hosp,1,49,quantile,0.25,42,2027-03-20
2027-03-13,wk inc flu hosp,1,49,quantile,0.3,43,2027-03-20
2027-03-13,wk inc flu hosp,1,49,quantile,0.35,45,2027-03-20
2027-03-13,wk inc flu hosp,1,49,quantile,0.4,46,2027-03-20
2027-03-13,wk inc flu hosp,1,49,quantile,0.45,48,2027-03-20
2027-03-13,wk inc flu hosp,1,49,quantile,0.5,49,2027-03-20
2027-03-13,wk inc flu hosp,1,49,quantile,0.55,51,2027-03-20
2027-03-13,wk inc flu hosp,1,49,quantile,0.6,54,2027-03-20
2027-03-13,wk inc flu hosp,1,49,quantile,0.65,56,2027-03-20
2027-03-13,wk inc flu hosp,1,49,quantile,0.7,58,2027-03-20
2027-03-13,wk inc flu hosp,1,49,quantile,0.75,60,2027-03-20
2027-03-13,wk inc flu hosp,1,49,quantile,0.8,63,2027-03-20
2027-03-13,wk inc flu hosp,1,49,quantile,0.85,64,2027-03-20
2027-03-13,wk inc flu hosp,1,49,quantile,0.9,67,2027-03-20
2027-03-13,wk inc flu hosp,1,49,quantile,0.95,72,2027-03-20
2027-03-13,wk inc flu hosp,1,49,quantile,0.975,79,2027-03-20
2027-03-13,wk inc flu hosp,1,49,quantile,0.99,90,2027-03-20
2027-03-13,wk inc flu hosp,1,50,quantile,0.01,9,2027-03-20
2027-03-13,wk inc flu hosp,1,50,quantile,0.025,11,2027-03-20
2027-03-13,wk inc flu hosp,1,50,quantile,0.05,11,2027-03-20
2027-03-13,wk inc flu hosp,1,50,quantile,0.1,13,2027-03-20
2027-03-13,wk inc flu hosp,1,50,quantile,0.15,14,2027-03-20
2027-03-13,wk inc flu hosp,1,50,quantile,0.2,16,2027-03-20
2027-03-13,wk inc flu hosp,1,50,quantile,0.25,18,2027-03-20
2027-03-13,wk inc flu hosp,1,50,quantile,0.3,18,2027-03-20
2027-03-13,wk inc flu hosp,1,50,quantile,0.35,19,2027-03-20
2027-03-13,wk inc flu hosp,1,50,quantile,0.4,20,2027-03-20
2027-03-13,wk inc flu hosp,1,50,quantile,0.45,21,2027-03-20
2027-03-13,wk inc flu hosp,1,50,quantile,0.5,22,2027-03-20
2027-03-13,wk inc flu hosp,1,50,quantile,0.55,23,2027-03-20
2027-03-13,wk inc flu hosp,1,50,quantile,0.6,23,2027-03-20
2027-03-13,wk inc flu hosp,1,50,quantile,0.65,26,2027-03-20
2027-03-13,wk inc flu hosp,1,50,quantile,0.7,27,2027-03-20
2027-03-13,wk inc flu hosp,1,50,quantile,0.75,28,2027-03-20
2027-03-13,wk inc flu hosp,1,50,quantile,0.8,29,2027-03-20
2027-03-13,wk inc flu hosp,1,50,quantile,0.85,32,2027-03-20
2027-03-13,wk inc flu hosp,1,50,quantile,0.9,35,2027-03-20
2027-03-13,wk inc flu hosp,1,50,quantile,0.95,41,2027-03-20
2027-03-13,wk inc flu hosp,1,50,quantile,0.975,43,2027-03-20
2027-03-13,wk inc flu hosp,1,50,quantile,0.99,47,2027-03-20
2027-03-13,wk inc flu hosp,1,51,quantile,0.01,139,2027-03-20
2027-03-13,wk inc flu hosp,1,51,quantile,0.025,145,2027-03-20
2027-03-13,wk inc flu hosp,1,51,quantile,0.05,165,2027-03-20
2027-03-13,wk inc flu hosp,1,51,quantile,0.1,180,2027-03-20
2027-03-13,wk inc flu hosp,1,51,quantile,0.15,187,2027-03-20
2027-03-13,wk inc flu hosp,1,51,quantile,0.2,202,2027-03-20
2027-03-13,wk inc flu hosp,1,51,quantile,0.25,216,2027-03-20
2027-03-13,wk inc flu hosp,1,51,quantile,0.3,221,2027-03-20
2027-03-13,wk inc flu hosp,1,51,quantile,0.35,223,2027-03-20
2027-03-13,wk inc flu hosp,1,51,quantile,0.4,227,2027-03-20
2027-03-13,wk inc flu hosp,1,51,quantile,0.45,235,2027-03-20
2027-03-13,wk inc flu hosp,1,51,quantile,0.5,244,2027-03-20
2027-03-13,wk inc flu hosp,1,51,quantile,0.55,251,2027-03-20
2027-03-13,wk inc flu hosp,1,51,quantile,0.6,259,2027-03-20
2027-03-13,wk inc flu hosp,1,51,quantile,0.65,268,2027-03-20
2027-03-13,wk inc flu hosp,1,51,quantile,0.7,274,2027-03-20
2027-03-13,wk inc flu hosp,1,51,quantile,0.75,279,2027-03-20
2027-03-13,wk inc flu hosp,1,51,quantile,0.8,287,2027-03-20
2027-03-13,wk inc flu hosp,1,51,quantile,0.85,300,2027-03-20
2027-03-13,wk inc flu hosp,1,51,quantile,0.9,326,2027-03-20
2027-03-13,wk inc flu hosp,1,51,quantile,0.95,360,2027-03-20
2027-03-13,wk inc flu hosp,1,51,quantile,0.975,705,2027-03-20
2027-03-13,wk inc flu hosp,1,51,quantile,0.99,724,2027-03-20
2027-03-13,wk inc flu hosp,1,53,quantile,0.01,55,2027-03-20
2027-03-13,wk inc flu hosp,1,53,quantile,0.025,61,2027-03-20
2027-03-13,wk inc flu hosp,1,53,quantile,0.05,69,2027-03-20
2027-03-13,wk inc flu hosp,1,53,quantile,0.1,80,2027-03-20
2027-03-13,wk inc flu hosp,1,53,quantile,0.15,86,2027-03-20
2027-03-13,wk inc flu hosp,1,53,quantile,0.2,92,2027-03-20
2027-03-13,wk inc flu hosp,1,53,quantile,0.25,96,2027-03-20
2027-03-13,wk inc flu hosp,1,53,quantile,0.3,97,2027-03-20
2027-03-13,wk inc flu hosp,1,53,quantile,0.35,100,2027-03-20
2027-03-13,wk inc flu hosp,1,53,quantile,0.4,103,2027-03-20
2027-03-13,wk inc flu hosp,1,53,quantile,0.45,107,2027-03-20
2027-03-13,wk inc flu hosp,1,53,quantile,0.5,108,2027-03-20
2027-03-13,wk inc flu hosp,1,53,quantile,0.55,112,2027-03-20
2027-03-13,wk inc flu hosp,1,53,quantile,0.6,117,2027-03-20
2027-03-13,wk inc flu hosp,1,53,quantile,0.65,120,2027-03-20
2027-03-13,wk inc flu hosp,1,53,quantile,0.7,124,2027-03-20
2027-03-13,wk inc flu hosp,1,53,quantile,0.75,128,2027-03-20
2027-03-13,wk inc flu hosp,1,53,quantile,0.8,135,2027-03-20
2027-03-13,wk inc flu hosp,1,53,quantile,0.85,140,2027-03-20
2027-03-13,wk inc flu hosp,1,53,quantile,0.9,148,2027-03-20
2027-03-13,wk inc flu hosp,1,53,quantile,0.95,175,2027-03-20
2027-03-13,wk inc flu hosp,1,53,quantile,0.975,244,2027-03-20
2027-03-13,wk inc flu hosp,1,53,quantile,0.99,271,2027-03-20
2027-03-13,wk inc flu hosp,1,54,quantile,0.01,87,2027-03-20
2027-03-13,wk inc flu hosp,1,54,quantile,0.025,90,2027-03-20
2027-03-13,wk inc flu hosp,1,54,quantile,0.05,96,2027-03-20
2027-03-13,wk inc flu hosp,1,54,quantile,0.1,109,2027-03-20
2027-03-13,wk inc flu hosp,1,54,quantile,0.15,116,2027-03-20
2027-03-13,wk inc flu hosp,1,54,quantile,0.2,119,2027-03-20
2027-03-13,wk inc flu hosp,1,54,quantile,0.25,126,2027-03-20
2027-03-13,wk inc flu hosp,1,54,quantile,0.3,130,2027-03-20
2027-03-13,wk inc flu hosp,1,54,quantile,0.35,134,2027-03-20
2027-03-13,wk inc flu hosp,1,54,quantile,0.4,137,2027-03-20
2027-03-13,wk inc flu hosp,1,54,quantile,0.45,140,2027-03-20
2027-03-13,wk inc flu hosp,1,54,quantile,0.5,144,2027-03-20
2027-03-13,wk inc flu hosp,1,54,quantile,0.55,146,2027-03-20
2027-03-13,wk inc flu hosp,1,54,quantile,0.6,148,2027-03-20
2027-03-13,wk inc flu hosp,1,54,quantile,0.65,152,2027-03-20
2027-03-13,wk inc flu hosp,1,54,quantile,0.7,161,2027-03-20
2027-03-13,wk inc flu hosp,1,54,quantile,0.75,166,2027-03-20
2027-03-13,wk inc flu hosp,1,54,quantile,0.8,174,2027-03-20
2027-03-13,wk inc flu hosp,1,54,quantile,0.85,178,2027-03-20
2027-03-13,wk inc flu hosp,1,54,quantile,0.9,190,2027-03-20
2027-03-13,wk inc flu hosp,1,54,quantile,0.95,210,2027-03-20
2027-03-13,wk inc flu hosp,1,54,quantile,0.975,296,2027-03-20
2027-03-13,wk inc flu hosp,1,54,quantile,0.99,306,2027-03-20
2027-03-13,wk inc flu hosp,1,55,quantile,0.01,84,2027-03-20
2027-03-13,wk inc flu hosp,1,55,quantile,0.025,87,2027-03-20
2027-03-13,wk inc flu hosp,1,55,quantile,0.05,92,2027-03-20
2027-03-13,wk inc flu hosp,1,55,quantile,0.1,117,2027-03-20
2027-03-13,wk inc flu hosp,1,55,quantile,0.15,122,2027-03-20
2027-03-13,wk inc flu hosp,1,55,quantile,0.2,130,2027-03-20
2027-03-13,wk inc flu hosp,1,55,quantile,0.25,135,2027-03-20
2027-03-13,wk inc flu hosp,1,55,quantile,0.3,140,2027-03-20
2027-03-13,wk inc flu hosp,1,55,quantile,0.35,144,2027-03-20
2027-03-13,wk inc flu hosp,1,55,quantile,0.4,149,2027-03-20
2027-03-13,wk inc flu hosp,1,55,quantile,0.45,152,2027-03-20
2027-03-13,wk inc flu hosp,1,55,quantile,0.5,158,2027-03-20
2027-03-13,wk inc flu hosp,1,55,quantile,0.55,161,2027-03-20
2027-03-13,wk inc flu hosp,1,55,quantile,0.6,165,2027-03-20
2027-03-13,wk inc flu hosp,1,55,quantile,0.65,170,2027-03-20
2027-03-13,wk inc flu hosp,1,55,quantile,0.7,173,2027-03-20
2027-03-13,wk inc flu hosp,1,55,quantile,0.75,178,2027-03-20
2027-03-13,wk inc flu hosp,1,55,quantile,0.8,184,2027-03-20
2027-03-13,wk inc flu hosp,1,55,quantile,0.85,193,2027-03-20
2027-03-13,wk inc flu hosp,1,55,quantile,0.9,209,2027-03-20
2027-03-13,wk inc flu hosp,1,55,quantile,0.95,238,2027-03-20
2027-03-13,wk inc flu hosp,1,55,quantile,0.975,352,2027-03-20
2027-03-13,wk inc flu hosp,1,55,quantile,0.99,394,2027-03-20
2027-03-13,wk inc flu hosp,1,56,quantile,0.01,9,2027-03-20
2027-03-13,wk inc flu hosp,1,56,quantile,0.025,11,2027-03-20
2027-03-13,wk inc flu hosp,1,56,quantile,0.05,12,2027-03-20
2027-03-13,wk inc flu hosp,1,56,quantile,0.1,14,2027-03-20
2027-03-13,wk inc flu hosp,1,56,quantile,0.15,15,2027-03-20
2027-03-13,wk inc flu hosp,1,56,quantile,0.2,16,2027-03-20
2027-03-13,wk inc flu hosp,1,56,quantile,0.25,18,2027-03-20
2027-03-13,wk inc flu hosp,1,56,quantile,0.3,19,2027-03-20
2027-03-13,wk inc flu hosp,1,56,quantile,0.35,20,2027-03-20
2027-03-13,wk inc flu hosp,1,56,quantile,0.4,21,2027-03-20
2027-03-13,wk inc flu hosp,1,56,quantile,0.45,22,2027-03-20
2027-03-13,wk inc flu hosp,1,56,quantile,0.5,24,2027-03-20
2027-03-13,wk inc flu hosp,1,56,quantile,0.55,25,2027-03-20
2027-03-13,wk inc flu hosp,1,56,quantile,0.6,26,2027-03-20
2027-03-13,wk inc flu hosp,1,56,quantile,0.65,27,2027-03-20
2027-03-13,wk inc flu hosp,1,56,quantile,0.7,29,2027-03-20
2027-03-13,wk inc flu hosp,1,56,quantile,0.75,31,2027-03-20
2027-03-13,wk inc flu hosp,1,56,quantile,0.8,34,2027-03-20
2027-03-13,wk inc flu hosp,1,56,quantile,0.85,35,2027-03-20
2027-03-13,wk inc flu hosp,1,56,quantile,0.9,38,2027-03-20
2027-03-13,wk inc flu hosp,1,56,quantile,0.95,44,2027-03-20
2027-03-13,wk inc flu hosp,1,56,quantile,0.975,48,2027-03-20
2027-03-13,wk inc flu hosp,1,56,quantile,0.99,49,2027-03-20
2027-03-13,wk inc flu hosp,1,72,quantile,0.01,172,2027-03-20
2027-03-13,wk inc flu hosp,1,72,quantile,0.025,185,2027-03-20
2027-03-13,wk inc flu hosp,1,72,quantile,0.05,194,2027-03-20
2027-03-13,wk inc flu hosp,1,72,quantile,0.1,224,2027-03-20
2027-03-13,wk inc flu hosp,1,72,quantile,0.15,233,2027-03-20
2027-03-13,wk inc flu hosp,1,72,quantile,0.2,245,2027-03-20
2027-03-13,wk inc flu hosp,1,72,quantile,0.25,270,2027-03-20
2027-03-13,wk inc flu hosp,1,72,quantile,0.3,288,2027-03-20
2027-03-13,wk inc flu hosp,1,72,quantile,0.35,297,2027-03-20
2027-03-13,wk inc flu hosp,1,72,quantile,0.4,309,2027-03-20
2027-03-13,wk inc flu hosp,1,72,quantile,0.45,318,2027-03-20
2027-03-13,wk inc flu hosp,1,72,quantile,0.5,328,2027-03-20
2027-03-13,wk inc flu hosp,1,72,quantile,0.55,340,2027-03-20
2027-03-13,wk inc flu hosp,1,72,quantile,0.6,349,2027-03-20
2027-03-13,wk inc flu hosp,1,72,quantile,0.65,363,2027-03-20
2027-03-13,wk inc flu hosp,1,72,quantile,0.7,377,2027-03-20
2027-03-13,wk inc flu hosp,1,72,quantile,0.75,391,2027-03-20
2027-03-13,wk inc flu hosp,1,72,quantile,0.8,412,2027-03-20
2027-03-13,wk inc flu hosp,1,72,quantile,0.85,425,2027-03-20
2027-03-13,wk inc flu hosp,1,72,quantile,0.9,473,2027-03-20
2027-03-13,wk inc flu hosp,1,72,quantile,0.95,524,2027-03-20
2027-03-13,wk inc flu hosp,1,72,quantile,0.975,562,2027-03-20
2027-03-13,wk inc flu hosp,1,72,quantile,0.99,579,2027-03-20
2027-03-13,wk inc flu hosp,1,USA,quantile,0.01,8804,2027-03-20
2027-03-13,wk inc flu hosp,1,USA,quantile,0.025,8978,2027-03-20
2027-03-13,wk inc flu hosp,1,USA,quantile,0.05,9367,2027-03-20
2027-03-13,wk inc flu hosp,1,USA,quantile,0.1,9758,2027-03-20
2027-03-13,wk inc flu hosp,1,USA,quantile,0.15,10007,2027-03-20
2027-03-13,wk inc flu hosp,1,USA,quantile,0.2,10127,2027-03-20
2027-03-13,wk inc flu hosp,1,USA,quantile,0.25,10274,2027-03-20
2027-03-13,wk inc flu hosp,1,USA,quantile,0.3,10332,2027-03-20
2027-03-13,wk inc flu hosp,1,USA,quantile,0.35,10469,2027-03-20
2027-03-13,wk inc flu hosp,1,USA,quantile,0.4,10573,2027-03-20
2027-03-13,wk inc flu hosp,1,USA,quantile,0.45,10603,2027-03-20
2027-03-13,wk inc flu hosp,1,USA,quantile,0.5,10726,2027-03-20
2027-03-13,wk inc flu hosp,1,USA,quantile,0.55,10759,2027-03-20
2027-03-13,wk inc flu hosp,1,USA,quantile,0.6,10854,2027-03-20
2027-03-13,wk inc flu hosp,1,USA,quantile,0.65,10952,2027-03-20
2027-03-13,wk inc flu hosp,1,USA,quantile,0.7,11030,2027-03-20
2027-03-13,wk inc flu hosp,1,USA,quantile,0.75,11136,2027-03-20
2027-03-13,wk inc flu hosp,1,USA,quantile,0.8,11336,2027-03-20
2027-03-13,wk inc flu hosp,1,USA,quantile,0.85,11527,2027-03-20
2027-03-13,wk inc flu hosp,1,USA,quantile,0.9,11724,2027-03-20
2027-03-13,wk inc flu hosp,1,USA,quantile,0.95,12435,2027-03-20
2027-03-13,wk inc flu hosp,1,USA,quantile,0.975,20551,2027-03-20
2027-03-13,wk inc flu hosp,1,USA,quantile,0.99,20712,2027-03-20
2027-03-13,wk inc flu hosp,2,01,quantile,0.01,55,2027-03-27
2027-03-13,wk inc flu hosp,2,01,quantile,0.025,67,2027-03-27
2027-03-13,wk inc flu hosp,2,01,quantile,0.05,70,2027-03-27
2027-03-13,wk inc flu hosp,2,01,quantile,0.1,80,2027-03-27
2027-03-13,wk inc flu hosp,2,01,quantile,0.15,86,2027-03-27
2027-03-13,wk inc flu hosp,2,01,quantile,0.2,91,2027-03-27
2027-03-13,wk inc flu hosp,2,01,quantile,0.25,99,2027-03-27
2027-03-13,wk inc flu hosp,2,01,quantile,0.3,104,2027-03-27
2027-03-13,wk inc flu hosp,2,01,quantile,0.35,109,2027-03-27
2027-03-13,wk inc flu hosp,2,01,quantile,0.4,115,2027-03-27
2027-03-13,wk inc flu hosp,2,01,quantile,0.45,118,2027-03-27
2027-03-13,wk inc flu hosp,2,01,quantile,0.5,123,2027-03-27
2027-03-13,wk inc flu hosp,2,01,quantile,0.55,126,2027-03-27
2027-03-13,wk inc flu hosp,2,01,quantile,0.6,133,2027-03-27
2027-03-13,wk inc flu hosp,2,01,quantile,0.65,136,2027-03-27
2027-03-13,wk inc flu hosp,2,01,quantile,0.7,145,2027-03-27
2027-03-13,wk inc flu hosp,2,01,quantile,0.75,151,2027-03-27
2027-03-13,wk inc flu hosp,2,01,quantile,0.8,158,2027-03-27
2027-03-13,wk inc flu hosp,2,01,quantile,0.85,166,2027-03-27
2027-03-13,wk inc flu hosp,2,01,quantile,0.9,198,2027-03-27
2027-03-13,wk inc flu hosp,2,01,quantile,0.95,215,2027-03-27
2027-03-13,wk inc flu hosp,2,01,quantile,0.975,245,2027-03-27
2027-03-13,wk inc flu hosp,2,01,quantile,0.99,257,2027-03-27
2027-03-13,wk inc flu hosp,2,02,quantile,0.01,0,2027-03-27
2027-03-13,wk inc flu hosp,2,02,quantile,0.025,0,2027-03-27
2027-03-13,wk inc flu hosp,2,02,quantile,0.05,1,2027-03-27
2027-03-13,wk inc flu hosp,2,02,quantile,0.1,3,2027-03-27
2027-03-13,wk inc flu hosp,2,02,quantile,0.15,5,2027-03-27
2027-03-13,wk inc flu hosp,2,02,quantile,0.2,7,2027-03-27
2027-03-13,wk inc flu hosp,2,02,quantile,0.25,8,2027-03-27
2027-03-13,wk inc flu hosp,2,02,quantile,0.3,9,2027-03-27
2027-03-13,wk inc flu hosp,2,02,quantile,0.35,11,2027-03-27
2027-03-13,wk inc flu hosp,2,02,quantile,0.4,13,2027-03-27
2027-03-13,wk inc flu hosp,2,02,quantile,0.45,13,2027-03-27
2027-03-13,wk inc flu hosp,2,02,quantile,0.5,15,2027-03-27
2027-03-13,wk inc flu hosp,2,02,quantile,0.55,16,2027-03-27
2027-03-13,wk inc flu hosp,2,02,quantile,0.6,19,2027-03-27
2027-03-13,wk inc flu hosp,2,02,quantile,0.65,21,2027-03-27
2027-03-13,wk inc flu hosp,2,02,quantile,0.7,23,2027-03-27
2027-03-13,wk inc flu hosp,2,02,quantile,0.75,25,2027-03-27
2027-03-13,wk inc flu hosp,2,02,quantile,0.8,27,2027-03-27
2027-03-13,wk inc flu hosp,2,02,quantile,0.85,31,2027-03-27
2027-03-13,wk inc flu hosp,2,02,quantile,0.9,36,2027-03-27
2027-03-13,wk inc flu hosp,2,02,quantile,0.95,44,2027-03-27
2027-03-13,wk inc flu hosp,2,02,quantile,0.975,49,2027-03-27
2027-03-13,wk inc flu hosp,2,02,quantile,0.99,57,2027-03-27
2027-03-13,wk inc flu hosp,2,04,quantile,0.01,96,2027-03-27
2027-03-13,wk inc flu hosp,2,04,quantile,0.025,103,2027-03-27
2027-03-13,wk inc flu hosp,2,04,quantile,0.05,120,2027-03-27
2027-03-13,wk inc flu hosp,2,04,quantile,0.1,138,2027-03-27
2027-03-13,wk inc flu hosp,2,04,quantile,0.15,146,2027-03-27
2027-03-13,wk inc flu hosp,2,04,quantile,0.2,154,2027-03-27
2027-03-13,wk inc flu hosp,2,04,quantile,0.25,165,2027-03-27
2027-03-13,wk inc flu hosp,2,04,quantile,0.3,175,2027-03-27
2027-03-13,wk inc flu hosp,2,04,quantile,0.35,183,2027-03-27
2027-03-13,wk inc flu hosp,2,04,quantile,0.4,186,2027-03-27
2027-03-13,wk inc flu hosp,2,04,quantile,0.45,191,2027-03-27
2027-03-13,wk inc flu hosp,2,04,quantile,0.5,208,2027-03-27
2027-03-13,wk inc flu hosp,2,04,quantile,0.55,216,2027-03-27
2027-03-13,wk inc flu hosp,2,04,quantile,0.6,226,2027-03-27
2027-03-13,wk inc flu hosp,2,04,quantile,0.65,239,2027-03-27
2027-03-13,wk inc flu hosp,2,04,quantile,0.7,246,2027-03-27
2027-03-13,wk inc flu hosp,2,04,quantile,0.75,260,2027-03-27
2027-03-13,wk inc flu hosp,2,04,quantile,0.8,267,2027-03-27
2027-03-13,wk inc flu hosp,2,04,quantile,0.85,279,2027-03-27
2027-03-13,wk inc flu hosp,2,04,quantile,0.9,299,2027-03-27
2027-03-13,wk inc flu hosp,2,04,quantile,0.95,390,2027-03-27
2027-03-13,wk inc flu hosp,2,04,quantile,0.975,408,2027-03-27
2027-03-13,wk inc flu hosp,2,04,quantile,0.99,478,2027-03-27
2027-03-13,wk inc flu hosp,2,05,quantile,0.01,63,2027-03-27
2027-03-13,wk inc flu hosp,2,05,quantile,0.025,64,2027-03-27
2027-03-13,wk inc flu hosp,2,05,quantile,0.05,73,2027-03-27
2027-03-13,wk inc flu hosp,2,05,quantile,0.1,83,2027-03-27
2027-03-13,wk inc flu hosp,2,05,quantile,0.15,88,2027-03-27
2027-03-13,wk inc flu hosp,2,05,quantile,0.2,94,2027-03-27
2027-03-13,wk inc flu hosp,2,05,quantile,0.25,99,2027-03-27
2027-03-13,wk inc flu hosp,2,05,quantile,0.3,104,2027-03-27
2027-03-13,wk inc flu hosp,2,05,quantile,0.35,108,2027-03-27
2027-03-13,wk inc flu hosp,2,05,quantile,0.4,113,2027-03-27
2027-03-13,wk inc flu hosp,2,05,quantile,0.45,119,2027-03-27
2027-03-13,wk inc flu hosp,2,05,quantile,0.5,122,2027-03-27
2027-03-13,wk inc flu hosp,2,05,quantile,0.55,126,2027-03-27
2027-03-13,wk inc flu hosp,2,05,quantile,0.6,132,2027-03-27
2027-03-13,wk inc flu hosp,2,05,quantile,0.65,136,2027-03-27
2027-03-13,wk inc flu hosp,2,05,quantile,0.7,142,2027-03-27
2027-03-13,wk inc flu hosp,2,05,quantile,0.75,144,2027-03-27
2027-03-13,wk inc flu hosp,2,05,quantile,0.8,148,2027-03-27
2027-03-13,wk inc flu hosp,2,05,quantile,0.85,154,2027-03-27
2027-03-13,wk inc flu hosp,2,05,quantile,0.9,164,2027-03-27
2027-03-13,wk inc flu hosp,2,05,quantile,0.95,191,2027-03-27
2027-03-13,wk inc flu hosp,2,05,quantile,0.975,232,2027-03-27
2027-03-13,wk inc flu hosp,2,05,quantile,0.99,268,2027-03-27
2027-03-13,wk inc flu hosp,2,06,quantile,0.01,297,2027-03-27
2027-03-13,wk inc flu hosp,2,06,quantile,0.025,309,2027-03-27
2027-03-13,wk inc flu hosp,2,06,quantile,0.05,341,2027-03-27
2027-03-13,wk inc flu hosp,2,06,quantile,0.1,386,2027-03-27
2027-03-13,wk inc flu hosp,2,06,quantile,0.15,410,2027-03-27
2027-03-13,wk inc flu hosp,2,06,quantile,0.2,437,2027-03-27
2027-03-13,wk inc flu hosp,2,06,quantile,0.25,458,2027-03-27
2027-03-13,wk inc flu hosp,2,06,quantile,0.3,484,2027-03-27
2027-03-13,wk inc flu hosp,2,06,quantile,0.35,503,2027-03-27
2027-03-13,wk inc flu hosp,2,06,quantile,0.4,513,2027-03-27
2027-03-13,wk inc flu hosp,2,06,quantile,0.45,537,2027-03-27
2027-03-13,wk inc flu hosp,2,06,quantile,0.5,552,2027-03-27
2027-03-13,wk inc flu hosp,2,06,quantile,0.55,575,2027-03-27
2027-03-13,wk inc flu hosp,2,06,quantile,0.6,604,2027-03-27
2027-03-13,wk inc flu hosp,2,06,quantile,0.65,622,2027-03-27
2027-03-13,wk inc flu hosp,2,06,quantile,0.7,644,2027-03-27
2027-03-13,wk inc flu hosp,2,06,quantile,0.75,670,2027-03-27
2027-03-13,wk inc flu hosp,2,06,quantile,0.8,701,2027-03-27
2027-03-13,wk inc flu hosp,2,06,quantile,0.85,726,2027-03-27
2027-03-13,wk inc flu hosp,2,06,quantile,0.9,768,2027-03-27
2027-03-13,wk inc flu hosp,2,06,quantile,0.95,893,2027-03-27
2027-03-13,wk inc flu hosp,2,06,quantile,0.975,977,2027-03-27
2027-03-13,wk inc flu hosp,2,06,quantile,0.99,1042,2027-03-27
2027-03-13,wk inc flu hosp,2,08,quantile,0.01,65,2027-03-27
2027-03-13,wk inc flu hosp,2,08,quantile,0.025,71,2027-03-27
2027-03-13,wk inc flu hosp,2,08,quantile,0.05,75,2027-03-27
2027-03-13,wk inc flu hosp,2,08,quantile,0.1,80,2027-03-27
2027-03-13,wk inc flu hosp,2,08,quantile,0.15,86,2027-03-27
2027-03-13,wk inc flu hosp,2,08,quantile,0.2,95,2027-03-27
2027-03-13,wk inc flu hosp,2,08,quantile,0.25,100,2027-03-27
2027-03-13,wk inc flu hosp,2,08,quantile,0.3,103,2027-03-27
2027-03-13,wk inc flu hosp,2,08,quantile,0.35,107,2027-03-27
2027-03-13,wk inc flu hosp,2,08,quantile,0.4,110,2027-03-27
2027-03-13,wk inc flu hosp,2,08,quantile,0.45,115,2027-03-27
2027-03-13,wk inc flu hosp,2,08,quantile,0.5,118,2027-03-27
2027-03-13,wk inc flu hosp,2,08,quantile,0.55,123,2027-03-27
2027-03-13,wk inc flu hosp,2,08,quantile,0.6,126,2027-03-27
2027-03-13,wk inc flu hosp,2,08,quantile,0.65,133,2027-03-27
2027-03-13,wk inc flu hosp,2,08,quantile,0.7,141,2027-03-27
2027-03-13,wk inc flu hosp,2,08,quantile,0.75,144,2027-03-27
2027-03-13,wk inc flu hosp,2,08,quantile,0.8,151,2027-03-27
2027-03-13,wk inc flu hosp,2,08,quantile,0.85,156,2027-03-27
2027-03-13,wk inc flu hosp,2,08,quantile,0.9,176,2027-03-27
2027-03-13,wk inc flu hosp,2,08,quantile,0.95,198,2027-03-27
2027-03-13,wk inc flu hosp,2,08,quantile,0.975,238,2027-03-27
2027-03-13,wk inc flu hosp,2,08,quantile,0.99,257,2027-03-27
2027-03-13,wk inc flu hosp,2,09,quantile,0.01,32,2027-03-27
2027-03-13,wk inc flu hosp,2,09,quantile,0.025,36,2027-03-27
2027-03-13,wk inc flu hosp,2,09,quantile,0.05,42,2027-03-27
2027-03-13,wk inc flu hosp,2,09,quantile,0.1,50,2027-03-27
2027-03-13,wk inc flu hosp,2,09,quantile,0.15,55,2027-03-27
2027-03-13,wk inc flu hosp,2,09,quantile,0.2,61,2027-03-27
2027-03-13,wk inc flu hosp,2,09,quantile,0.25,63,2027-03-27
2027-03-13,wk inc flu hosp,2,09,quantile,0.3,68,2027-03-27
2027-03-13,wk inc flu hosp,2,09,quantile,0.35,71,2027-03-27
2027-03-13,wk inc flu hosp,2,09,quantile,0.4,75,2027-03-27
2027-03-13,wk inc flu hosp,2,09,quantile,0.45,77,2027-03-27
2027-03-13,wk inc flu hosp,2,09,quantile,0.5,78,2027-03-27
2027-03-13,wk inc flu hosp,2,09,quantile,0.55,82,2027-03-27
2027-03-13,wk inc flu hosp,2,09,quantile,0.6,86,2027-03-27
2027-03-13,wk inc flu hosp,2,09,quantile,0.65,89,2027-03-27
2027-03-13,wk inc flu hosp,2,09,quantile,0.7,91,2027-03-27
2027-03-13,wk inc flu hosp,2,09,quantile,0.75,95,2027-03-27
2027-03-13,wk inc flu hosp,2,09,quantile,0.8,99,2027-03-27
2027-03-13,wk inc flu hosp,2,09,quantile,0.85,107,2027-03-27
2027-03-13,wk inc flu hosp,2,09,quantile,0.9,118,2027-03-27
2027-03-13,wk inc flu hosp,2,09,quantile,0.95,142,2027-03-27
2027-03-13,wk inc flu hosp,2,09,quantile,0.975,223,2027-03-27
2027-03-13,wk inc flu hosp,2,09,quantile,0.99,240,2027-03-27
2027-03-13,wk inc flu hosp,2,10,quantile,0.01,8,2027-03-27
2027-03-13,wk inc flu hosp,2,10,quantile,0.025,10,2027-03-27
2027-03-13,wk inc flu hosp,2,10,quantile,0.05,11,2027-03-27
2027-03-13,wk inc flu hosp,2,10,quantile,0.1,15,2027-03-27
2027-03-13,wk inc flu hosp,2,10,quantile,0.15,17,2027-03-27
2027-03-13,wk inc flu hosp,2,10,quantile,0.2,18,2027-03-27
2027-03-13,wk inc flu hosp,2,10,quantile,0.25,19,2027-03-27
2027-03-13,wk inc flu hosp,2,10,quantile,0.3,20,2027-03-27
2027-03-13,wk inc flu hosp,2,10,quantile,0.35,22,2027-03-27
2027-03-13,wk inc flu hosp,2,10,quantile,0.4,23,2027-03-27
2027-03-13,wk inc flu hosp,2,10,quantile,0.45,24,2027-03-27
2027-03-13,wk inc flu hosp,2,10,quantile,0.5,24,2027-03-27
2027-03-13,wk inc flu hosp,2,10,quantile,0.55,25,2027-03-27
2027-03-13,wk inc flu hosp,2,10,quantile,0.6,26,2027-03-27
2027-03-13,wk inc flu hosp,2,10,quantile,0.65,27,2027-03-27
2027-03-13,wk inc flu hosp,2,10,quantile,0.7,28,2027-03-27
2027-03-13,wk inc flu hosp,2,10,quantile,0.75,29,2027-03-27
2027-03-13,wk inc flu hosp,2,10,quantile,0.8,31,2027-03-27
2027-03-13,wk inc flu hosp,2,10,quantile,0.85,34,2027-03-27
2027-03-13,wk inc flu hosp,2,10,quantile,0.9,40,2027-03-27
2027-03-13,wk inc flu hosp,2,10,quantile,0.95,47,2027-03-27
2027-03-13,wk inc flu hosp,2,10,quantile,0.975,51,2027-03-27
2027-03-13,wk inc flu hosp,2,10,quantile,0.99,61,2027-03-27
2027-03-13,wk inc flu hosp,2,11,quantile,0.01,5,2027-03-27
2027-03-13,wk inc flu hosp,2,11,quantile,0.025,11,2027-03-27
2027-03-13,wk inc flu hosp,2,11,quantile,0.05,13,2027-03-27
2027-03-13,wk inc flu hosp,2,11,quantile,0.1,19,2027-03-27
2027-03-13,wk inc flu hosp,2,11,quantile,0.15,21,2027-03-27
2027-03-13,wk inc flu hosp,2,11,quantile,0.2,24,2027-03-27
2027-03-13,wk inc flu hosp,2,11,quantile,0.25,26,2027-03-27
2027-03-13,wk inc flu hosp,2,11,quantile,0.3,27,2027-03-27
2027-03-13,wk inc flu hosp,2,11,quantile,0.35,28,2027-03-27
2027-03-13,wk inc flu hosp,2,11,quantile,0.4,31,2027-03-27
2027-03-13,wk inc flu hosp,2,11,quantile,0.45,33,2027-03-27
2027-03-13,wk inc flu hosp,2,11,quantile,0.5,34,2027-03-27
2027-03-13,wk inc flu hosp,2,11,quantile,0.55,36,2027-03-27
2027-03-13,wk inc flu hosp,2,11,quantile,0.6,39,2027-03-27
2027-03-13,wk inc flu hosp,2,11,quantile,0.65,41,2027-03-27
2027-03-13,wk inc flu hosp,2,11,quantile,0.7,43,2027-03-27
2027-03-13,wk inc flu hosp,2,11,quantile,0.75,46,2027-03-27
2027-03-13,wk inc flu hosp,2,11,quantile,0.8,49,2027-03-27
2027-03-13,wk inc flu hosp,2,11,quantile,0.85,54,2027-03-27
2027-03-13,wk inc flu hosp,2,11,quantile,0.9,62,2027-03-27
2027-03-13,wk inc flu hosp,2,11,quantile,0.95,73,2027-03-27
2027-03-13,wk inc flu hosp,2,11,quantile,0.975,82,2027-03-27
2027-03-13,wk inc flu hosp,2,11,quantile,0.99,109,2027-03-27
2027-03-13,wk inc flu hosp,2,12,quantile,0.01,373,2027-03-27
2027-03-13,wk inc flu hosp,2,12,quantile,0.025,398,2027-03-27
2027-03-13,wk inc flu hosp,2,12,quantile,0.05,444,2027-03-27
2027-03-13,wk inc flu hosp,2,12,quantile,0.1,493,2027-03-27
2027-03-13,wk inc flu hosp,2,12,quantile,0.15,543,2027-03-27
2027-03-13,wk inc flu hosp,2,12,quantile,0.2,566,2027-03-27
2027-03-13,wk inc flu hosp,2,12,quantile,0.25,582,2027-03-27
2027-03-13,wk inc flu hosp,2,12,quantile,0.3,626,2027-03-27
2027-03-13,wk inc flu hosp,2,12,quantile,0.35,644,2027-03-27
2027-03-13,wk inc flu hosp,2,12,quantile,0.4,659,2027-03-27
2027-03-13,wk inc flu hosp,2,12,quantile,0.45,681,2027-03-27
2027-03-13,wk inc flu hosp,2,12,quantile,0.5,699,2027-03-27
2027-03-13,wk inc flu hosp,2,12,quantile,0.55,709,2027-03-27
2027-03-13,wk inc flu hosp,2,12,quantile,0.6,733,2027-03-27
2027-03-13,wk inc flu hosp,2,12,quantile,0.65,766,2027-03-27
2027-03-13,wk inc flu hosp,2,12,quantile,0.7,798,2027-03-27
2027-03-13,wk inc flu hosp,2,12,quantile,0.75,824,2027-03-27
2027-03-13,wk inc flu hosp,2,12,quantile,0.8,871,2027-03-27
2027-03-13,wk inc flu hosp,2,12,quantile,0.85,900,2027-03-27
2027-03-13,wk inc flu hosp,2,12,quantile,0.9,950,2027-03-27
2027-03-13,wk inc flu hosp,2,12,quantile,0.95,1029,2027-03-27
2027-03-13,wk inc flu hosp,2,12,quantile,0.975,1100,2027-03-27
2027-03-13,wk inc flu hosp,2,12,quantile,0.99,1217,2027-03-27
2027-03-13,wk inc flu hosp,2,13,quantile,0.01,64,2027-03-27
2027-03-13,wk inc flu hosp,2,13,quantile,0.025,73,2027-03-27
2027-03-13,wk inc flu hosp,2,13,quantile,0.05,82,2027-03-27
2027-03-13,wk inc flu hosp,2,13,quantile,0.1,96,2027-03-27
2027-03-13,wk inc flu hosp,2,13,quantile,0.15,102,2027-03-27
2027-03-13,wk inc flu hosp,2,13,quantile,0.2,109,2027-03-27
2027-03-13,wk inc flu hosp,2,13,quantile,0.25,115,2027-03-27
2027-03-13,wk inc flu hosp,2,13,quantile,0.3,125,2027-03-27
2027-03-13,wk inc flu hosp,2,13,quantile,0.35,132,2027-03-27
2027-03-13,wk inc flu hosp,2,13,quantile,0.4,139,2027-03-27
2027-03-13,wk inc flu hosp,2,13,quantile,0.45,143,2027-03-27
2027-03-13,wk inc flu hosp,2,13,quantile,0.5,148,2027-03-27
2027-03-13,wk inc flu hosp,2,13,quantile,0.55,157,2027-03-27
2027-03-13,wk inc flu hosp,2,13,quantile,0.6,164,2027-03-27
2027-03-13,wk inc flu hosp,2,13,quantile,0.65,169,2027-03-27
2027-03-13,wk inc flu hosp,2,13,quantile,0.7,173,2027-03-27
2027-03-13,wk inc flu hosp,2,13,quantile,0.75,178,2027-03-27
2027-03-13,wk inc flu hosp,2,13,quantile,0.8,188,2027-03-27
2027-03-13,wk inc flu hosp,2,13,quantile,0.85,207,2027-03-27
2027-03-13,wk inc flu hosp,2,13,quantile,0.9,218,2027-03-27
2027-03-13,wk inc flu hosp,2,13,quantile,0.95,254,2027-03-27
2027-03-13,wk inc flu hosp,2,13,quantile,0.975,322,2027-03-27
2027-03-13,wk inc flu hosp,2,13,quantile,0.99,344,2027-03-27
2027-03-13,wk inc flu hosp,2,15,quantile,0.01,7,2027-03-27
2027-03-13,wk inc flu hosp,2,15,quantile,0.025,8,2027-03-27
2027-03-13,wk inc flu hosp,2,15,quantile,0.05,10,2027-03-27
2027-03-13,wk inc flu hosp,2,15,quantile,0.1,13,2027-03-27
2027-03-13,wk inc flu hosp,2,15,quantile,0.15,14,2027-03-27
2027-03-13,wk inc flu hosp,2,15,quantile,0.2,15,2027-03-27
2027-03-13,wk inc flu hosp,2,15,quantile,0.25,16,2027-03-27
2027-03-13,wk inc flu hosp,2,15,quantile,0.3,17,2027-03-27
2027-03-13,wk inc flu hosp,2,15,quantile,0.35,19,2027-03-27
2027-03-13,wk inc flu hosp,2,15,quantile,0.4,20,2027-03-27
2027-03-13,wk inc flu hosp,2,15,quantile,0.45,22,2027-03-27
2027-03-13,wk inc flu hosp,2,15,quantile,0.5,23,2027-03-27
2027-03-13,wk inc flu hosp,2,15,quantile,0.55,24,2027-03-27
2027-03-13,wk inc flu hosp,2,15,quantile,0.6,26,2027-03-27
2027-03-13,wk inc flu hosp,2,15,quantile,0.65,27,2027-03-27
2027-03-13,wk inc flu hosp,2,15,quantile,0.7,29,2027-03-27
2027-03-13,wk inc flu hosp,2,15,quantile,0.75,29,2027-03-27
2027-03-13,wk inc flu hosp,2,15,quantile,0.8,31,2027-03-27
2027-03-13,wk inc flu hosp,2,15,quantile,0.85,34,2027-03-27
2027-03-13,wk inc flu hosp,2,15,quantile,0.9,36,2027-03-27
2027-03-13,wk inc flu hosp,2,15,quantile,0.95,47,2027-03-27
2027-03-13,wk inc flu hosp,2,15,quantile,0.975,51,2027-03-27
2027-03-13,wk inc flu hosp,2,15,quantile,0.99,58,2027-03-27
2027-03-13,wk inc flu hosp,2,16,quantile,0.01,35,2027-03-27
2027-03-13,wk inc flu hosp,2,16,quantile,0.025,39,2027-03-27
2027-03-13,wk inc flu hosp,2,16,quantile,0.05,43,2027-03-27
2027-03-13,wk inc flu hosp,2,16,quantile,0.1,49,2027-03-27
2027-03-13,wk inc flu hosp,2,16,quantile,0.15,55,2027-03-27
2027-03-13,wk inc flu hosp,2,16,quantile,0.2,57,2027-03-27
2027-03-13,wk inc flu hosp,2,16,quantile,0.25,60,2027-03-27
2027-03-13,wk inc flu hosp,2,16,quantile,0.3,61,2027-03-27
2027-03-13,wk inc flu hosp,2,16,quantile,0.35,64,2027-03-27
2027-03-13,wk inc flu hosp,2,16,quantile,0.4,67,2027-03-27
2027-03-13,wk inc flu hosp,2,16,quantile,0.45,69,2027-03-27
2027-03-13,wk inc flu hosp,2,16,quantile,0.5,72,2027-03-27
2027-03-13,wk inc flu hosp,2,16,quantile,0.55,74,2027-03-27
2027-03-13,wk inc flu hosp,2,16,quantile,0.6,78,2027-03-27
2027-03-13,wk inc flu hosp,2,16,quantile,0.65,82,2027-03-27
2027-03-13,wk inc flu hosp,2,16,quantile,0.7,84,2027-03-27
2027-03-13,wk inc flu hosp,2,16,quantile,0.75,87,2027-03-27
2027-03-13,wk inc flu hosp,2,16,quantile,0.8,91,2027-03-27
2027-03-13,wk inc flu hosp,2,16,quantile,0.85,98,2027-03-27
2027-03-13,wk inc flu hosp,2,16,quantile,0.9,107,2027-03-27
2027-03-13,wk inc flu hosp,2,16,quantile,0.95,122,2027-03-27
2027-03-13,wk inc flu hosp,2,16,quantile,0.975,132,2027-03-27
2027-03-13,wk inc flu hosp,2,16,quantile,0.99,138,2027-03-27
2027-03-13,wk inc flu hosp,2,17,quantile,0.01,140,2027-03-27
2027-03-13,wk inc flu hosp,2,17,quantile,0.025,151,2027-03-27
2027-03-13,wk inc flu hosp,2,17,quantile,0.05,158,2027-03-27
2027-03-13,wk inc flu hosp,2,17,quantile,0.1,166,2027-03-27
2027-03-13,wk inc flu hosp,2,17,quantile,0.15,180,2027-03-27
2027-03-13,wk inc flu hosp,2,17,quantile,0.2,191,2027-03-27
2027-03-13,wk inc flu hosp,2,17,quantile,0.25,200,2027-03-27
2027-03-13,wk inc flu hosp,2,17,quantile,0.3,210,2027-03-27
2027-03-13,wk inc flu hosp,2,17,quantile,0.35,216,2027-03-27
2027-03-13,wk inc flu hosp,2,17,quantile,0.4,224,2027-03-27
2027-03-13,wk inc flu hosp,2,17,quantile,0.45,235,2027-03-27
2027-03-13,wk inc flu hosp,2,17,quantile,0.5,239,2027-03-27
2027-03-13,wk inc flu hosp,2,17,quantile,0.55,247,2027-03-27
2027-03-13,wk inc flu hosp,2,17,quantile,0.6,251,2027-03-27
2027-03-13,wk inc flu hosp,2,17,quantile,0.65,260,2027-03-27
2027-03-13,wk inc flu hosp,2,17,quantile,0.7,265,2027-03-27
2027-03-13,wk inc flu hosp,2,17,quantile,0.75,276,2027-03-27
2027-03-13,wk inc flu hosp,2,17,quantile,0.8,289,2027-03-27
2027-03-13,wk inc flu hosp,2,17,quantile,0.85,306,2027-03-27
2027-03-13,wk inc flu hosp,2,17,quantile,0.9,335,2027-03-27
2027-03-13,wk inc flu hosp,2,17,quantile,0.95,413,2027-03-27
2027-03-13,wk inc flu hosp,2,17,quantile,0.975,553,2027-03-27
2027-03-13,wk inc flu hosp,2,17,quantile,0.99,627,2027-03-27
2027-03-13,wk inc flu hosp,2,18,quantile,0.01,81,2027-03-27
2027-03-13,wk inc flu hosp,2,18,quantile,0.025,97,2027-03-27
2027-03-13,wk inc flu hosp,2,18,quantile,0.05,110,2027-03-27
2027-03-13,wk inc flu hosp,2,18,quantile,0.1,123,2027-03-27
2027-03-13,wk inc flu hosp,2,18,quantile,0.15,133,2027-03-27
2027-03-13,wk inc flu hosp,2,18,quantile,0.2,145,2027-03-27
2027-03-13,wk inc flu hosp,2,18,quantile,0.25,151,2027-03-27
2027-03-13,wk inc flu hosp,2,18,quantile,0.3,157,2027-03-27
2027-03-13,wk inc flu hosp,2,18,quantile,0.35,162,2027-03-27
2027-03-13,wk inc flu hosp,2,18,quantile,0.4,164,2027-03-27
2027-03-13,wk inc flu hosp,2,18,quantile,0.45,172,2027-03-27
2027-03-13,wk inc flu hosp,2,18,quantile,0.5,175,2027-03-27
2027-03-13,wk inc flu hosp,2,18,quantile,0.55,180,2027-03-27
2027-03-13,wk inc flu hosp,2,18,quantile,0.6,186,2027-03-27
2027-03-13,wk inc flu hosp,2,18,quantile,0.65,189,2027-03-27
2027-03-13,wk inc flu hosp,2,18,quantile,0.7,195,2027-03-27
2027-03-13,wk inc flu hosp,2,18,quantile,0.75,199,2027-03-27
2027-03-13,wk inc flu hosp,2,18,quantile,0.8,215,2027-03-27
2027-03-13,wk inc flu hosp,2,18,quantile,0.85,230,2027-03-27
2027-03-13,wk inc flu hosp,2,18,quantile,0.9,242,2027-03-27
2027-03-13,wk inc flu hosp,2,18,quantile,0.95,297,2027-03-27
2027-03-13,wk inc flu hosp,2,18,quantile,0.975,397,2027-03-27
2027-03-13,wk inc flu hosp,2,18,quantile,0.99,428,2027-03-27
2027-03-13,wk inc flu hosp,2,19,quantile,0.01,37,2027-03-27
2027-03-13,wk inc flu hosp,2,19,quantile,0.025,42,2027-03-27
2027-03-13,wk inc flu hosp,2,19,quantile,0.05,52,2027-03-27
2027-03-13,wk inc flu hosp,2,19,quantile,0.1,60,2027-03-27
2027-03-13,wk inc flu hosp,2,19,quantile,0.15,65,2027-03-27
2027-03-13,wk inc flu hosp,2,19,quantile,0.2,68,2027-03-27
2027-03-13,wk inc flu hosp,2,19,quantile,0.25,71,2027-03-27
2027-03-13,wk inc flu hosp,2,19,quantile,0.3,74,2027-03-27
2027-03-13,wk inc flu hosp,2,19,quantile,0.35,76,2027-03-27
2027-03-13,wk inc flu hosp,2,19,quantile,0.4,79,2027-03-27
2027-03-13,wk inc flu hosp,2,19,quantile,0.45,82,2027-03-27
2027-03-13,wk inc flu hosp,2,19,quantile,0.5,84,2027-03-27
2027-03-13,wk inc flu hosp,2,19,quantile,0.55,89,2027-03-27
2027-03-13,wk inc flu hosp,2,19,quantile,0.6,91,2027-03-27
2027-03-13,wk inc flu hosp,2,19,quantile,0.65,94,2027-03-27
2027-03-13,wk inc flu hosp,2,19,quantile,0.7,99,2027-03-27
2027-03-13,wk inc flu hosp,2,19,quantile,0.75,103,2027-03-27
2027-03-13,wk inc flu hosp,2,19,quantile,0.8,109,2027-03-27
2027-03-13,wk inc flu hosp,2,19,quantile,0.85,116,2027-03-27
2027-03-13,wk inc flu hosp,2,19,quantile,0.9,132,2027-03-27
2027-03-13,wk inc flu hosp,2,19,quantile,0.95,145,2027-03-27
2027-03-13,wk inc flu hosp,2,19,quantile,0.975,155,2027-03-27
2027-03-13,wk inc flu hosp,2,19,quantile,0.99,158,2027-03-27
2027-03-13,wk inc flu hosp,2,20,quantile,0.01,30,2027-03-27
2027-03-13,wk inc flu hosp,2,20,quantile,0.025,32,2027-03-27
2027-03-13,wk inc flu hosp,2,20,quantile,0.05,40,2027-03-27
2027-03-13,wk inc flu hosp,2,20,quantile,0.1,48,2027-03-27
2027-03-13,wk inc flu hosp,2,20,quantile,0.15,52,2027-03-27
2027-03-13,wk inc flu hosp,2,20,quantile,0.2,53,2027-03-27
2027-03-13,wk inc flu hosp,2,20,quantile,0.25,55,2027-03-27
2027-03-13,wk inc flu hosp,2,20,quantile,0.3,59,2027-03-27
2027-03-13,wk inc flu hosp,2,20,quantile,0.35,62,2027-03-27
2027-03-13,wk inc flu hosp,2,20,quantile,0.4,63,2027-03-27
2027-03-13,wk inc flu hosp,2,20,quantile,0.45,66,2027-03-27
2027-03-13,wk inc flu hosp,2,20,quantile,0.5,68,2027-03-27
2027-03-13,wk inc flu hosp,2,20,quantile,0.55,72,2027-03-27
2027-03-13,wk inc flu hosp,2,20,quantile,0.6,74,2027-03-27
2027-03-13,wk inc flu hosp,2,20,quantile,0.65,77,2027-03-27
2027-03-13,wk inc flu hosp,2,20,quantile,0.7,81,2027-03-27
2027-03-13,wk inc flu hosp,2,20,quantile,0.75,84,2027-03-27
2027-03-13,wk inc flu hosp,2,20,quantile,0.8,87,2027-03-27
2027-03-13,wk inc flu hosp,2,20,quantile,0.85,92,2027-03-27
2027-03-13,wk inc flu hosp,2,20,quantile,0.9,102,2027-03-27
2027-03-13,wk inc flu hosp,2,20,quantile,0.95,121,2027-03-27
2027-03-13,wk inc flu hosp,2,20,quantile,0.975,141,2027-03-27
2027-03-13,wk inc flu hosp,2,20,quantile,0.99,160,2027-03-27
2027-03-13,wk inc flu hosp,2,21,quantile,0.01,102,2027-03-27
2027-03-13,wk inc flu hosp,2,21,quantile,0.025,110,2027-03-27
2027-03-13,wk inc flu hosp,2,21,quantile,0.05,118,2027-03-27
2027-03-13,wk inc flu hosp,2,21,quantile,0.1,127,2027-03-27
2027-03-13,wk inc flu hosp,2,21,quantile,0.15,134,2027-03-27
2027-03-13,wk inc flu hosp,2,21,quantile,0.2,144,2027-03-27
2027-03-13,wk inc flu hosp,2,21,quantile,0.25,149,2027-03-27
2027-03-13,wk inc flu hosp,2,21,quantile,0.3,155,2027-03-27
2027-03-13,wk inc flu hosp,2,21,quantile,0.35,163,2027-03-27
2027-03-13,wk inc flu hosp,2,21,quantile,0.4,167,2027-03-27
2027-03-13,wk inc flu hosp,2,21,quantile,0.45,171,2027-03-27
2027-03-13,wk inc flu hosp,2,21,quantile,0.5,175,2027-03-27
2027-03-13,wk inc flu hosp,2,21,quantile,0.55,178,2027-03-27
2027-03-13,wk inc flu hosp,2,21,quantile,0.6,185,2027-03-27
2027-03-13,wk inc flu hosp,2,21,quantile,0.65,192,2027-03-27
2027-03-13,wk inc flu hosp,2,21,quantile,0.7,195,2027-03-27
2027-03-13,wk inc flu hosp,2,21,quantile,0.75,203,2027-03-27
2027-03-13,wk inc flu hosp,2,21,quantile,0.8,210,2027-03-27
2027-03-13,wk inc flu hosp,2,21,quantile,0.85,223,2027-03-27
2027-03-13,wk inc flu hosp,2,21,quantile,0.9,251,2027-03-27
2027-03-13,wk inc flu hosp,2,21,quantile,0.95,284,2027-03-27
2027-03-13,wk inc flu hosp,2,21,quantile,0.975,404,2027-03-27
2027-03-13,wk inc flu hosp,2,21,quantile,0.99,440,2027-03-27
2027-03-13,wk inc flu hosp,2,22,quantile,0.01,62,2027-03-27
2027-03-13,wk inc flu hosp,2,22,quantile,0.025,69,2027-03-27
2027-03-13,wk inc flu hosp,2,22,quantile,0.05,72,2027-03-27
2027-03-13,wk inc flu hosp,2,22,quantile,0.1,79,2027-03-27
2027-03-13,wk inc flu hosp,2,22,quantile,0.15,91,2027-03-27
2027-03-13,wk inc flu hosp,2,22,quantile,0.2,97,2027-03-27
2027-03-13,wk inc flu hosp,2,22,quantile,0.25,100,2027-03-27
2027-03-13,wk inc flu hosp,2,22,quantile,0.3,107,2027-03-27
2027-03-13,wk inc flu hosp,2,22,quantile,0.35,113,2027-03-27
2027-03-13,wk inc flu hosp,2,22,quantile,0.4,117,2027-03-27
2027-03-13,wk inc flu hosp,2,22,quantile,0.45,122,2027-03-27
2027-03-13,wk inc flu hosp,2,22,quantile,0.5,128,2027-03-27
2027-03-13,wk inc flu hosp,2,22,quantile,0.55,131,2027-03-27
2027-03-13,wk inc flu hosp,2,22,quantile,0.6,137,2027-03-27
2027-03-13,wk inc flu hosp,2,22,quantile,0.65,143,2027-03-27
2027-03-13,wk inc flu hosp,2,22,quantile,0.7,152,2027-03-27
2027-03-13,wk inc flu hosp,2,22,quantile,0.75,158,2027-03-27
2027-03-13,wk inc flu hosp,2,22,quantile,0.8,167,2027-03-27
2027-03-13,wk inc flu hosp,2,22,quantile,0.85,180,2027-03-27
2027-03-13,wk inc flu hosp,2,22,quantile,0.9,196,2027-03-27
2027-03-13,wk inc flu hosp,2,22,quantile,0.95,219,2027-03-27
2027-03-13,wk inc flu hosp,2,22,quantile,0.975,242,2027-03-27
2027-03-13,wk inc flu hosp,2,22,quantile,0.99,256,2027-03-27
2027-03-13,wk inc flu hosp,2,23,quantile,0.01,12,2027-03-27
2027-03-13,wk inc flu hosp,2,23,quantile,0.025,16,2027-03-27
2027-03-13,wk inc flu hosp,2,23,quantile,0.05,18,2027-03-27
2027-03-13,wk inc flu hosp,2,23,quantile,0.1,21,2027-03-27
2027-03-13,wk inc flu hosp,2,23,quantile,0.15,23,2027-03-27
2027-03-13,wk inc flu hosp,2,23,quantile,0.2,25,2027-03-27
2027-03-13,wk inc flu hosp,2,23,quantile,0.25,26,2027-03-27
2027-03-13,wk inc flu hosp,2,23,quantile,0.3,28,2027-03-27
2027-03-13,wk inc flu hosp,2,23,quantile,0.35,29,2027-03-27
2027-03-13,wk inc flu hosp,2,23,quantile,0.4,32,2027-03-27
2027-03-13,wk inc flu hosp,2,23,quantile,0.45,32,2027-03-27
2027-03-13,wk inc flu hosp,2,23,quantile,0.5,34,2027-03-27
2027-03-13,wk inc flu hosp,2,23,quantile,0.55,35,2027-03-27
2027-03-13,wk inc flu hosp,2,23,quantile,0.6,36,2027-03-27
2027-03-13,wk inc flu hosp,2,23,quantile,0.65,38,2027-03-27
2027-03-13,wk inc flu hosp,2,23,quantile,0.7,40,2027-03-27
2027-03-13,wk inc flu hosp,2,23,quantile,0.75,42,2027-03-27
2027-03-13,wk inc flu hosp,2,23,quantile,0.8,43,2027-03-27
2027-03-13,wk inc flu hosp,2,23,quantile,0.85,46,2027-03-27
2027-03-13,wk inc flu hosp,2,23,quantile,0.9,47,2027-03-27
2027-03-13,wk inc flu hosp,2,23,quantile,0.95,54,2027-03-27
2027-03-13,wk inc flu hosp,2,23,quantile,0.975,60,2027-03-27
2027-03-13,wk inc flu hosp,2,23,quantile,0.99,63,2027-03-27
2027-03-13,wk inc flu hosp,2,24,quantile,0.01,41,2027-03-27
2027-03-13,wk inc flu hosp,2,24,quantile,0.025,51,2027-03-27
2027-03-13,wk inc flu hosp,2,24,quantile,0.05,64,2027-03-27
2027-03-13,wk inc flu hosp,2,24,quantile,0.1,69,2027-03-27
2027-03-13,wk inc flu hosp,2,24,quantile,0.15,74,2027-03-27
2027-03-13,wk inc flu hosp,2,24,quantile,0.2,78,2027-03-27
2027-03-13,wk inc flu hosp,2,24,quantile,0.25,83,2027-03-27
2027-03-13,wk inc flu hosp,2,24,quantile,0.3,86,2027-03-27
2027-03-13,wk inc flu hosp,2,24,quantile,0.35,90,2027-03-27
2027-03-13,wk inc flu hosp,2,24,quantile,0.4,92,2027-03-27
2027-03-13,wk inc flu hosp,2,24,quantile,0.45,96,2027-03-27
2027-03-13,wk inc flu hosp,2,24,quantile,0.5,98,2027-03-27
2027-03-13,wk inc flu hosp,2,24,quantile,0.55,101,2027-03-27
2027-03-13,wk inc flu hosp,2,24,quantile,0.6,105,2027-03-27
2027-03-13,wk inc flu hosp,2,24,quantile,0.65,111,2027-03-27
2027-03-13,wk inc flu hosp,2,24,quantile,0.7,114,2027-03-27
2027-03-13,wk inc flu hosp,2,24,quantile,0.75,119,2027-03-27
2027-03-13,wk inc flu hosp,2,24,quantile,0.8,130,2027-03-27
2027-03-13,wk inc flu hosp,2,24,quantile,0.85,139,2027-03-27
2027-03-13,wk inc flu hosp,2,24,quantile,0.9,160,2027-03-27
2027-03-13,wk inc flu hosp,2,24,quantile,0.95,202,2027-03-27
2027-03-13,wk inc flu hosp,2,24,quantile,0.975,265,2027-03-27
2027-03-13,wk inc flu hosp,2,24,quantile,0.99,292,2027-03-27
2027-03-13,wk inc flu hosp,2,25,quantile,0.01,61,2027-03-27
2027-03-13,wk inc flu hosp,2,25,quantile,0.025,67,2027-03-27
2027-03-13,wk inc flu hosp,2,25,quantile,0.05,78,2027-03-27
2027-03-13,wk inc flu hosp,2,25,quantile,0.1,82,2027-03-27
2027-03-13,wk inc flu hosp,2,25,quantile,0.15,90,2027-03-27
2027-03-13,wk inc flu hosp,2,25,quantile,0.2,95,2027-03-27
2027-03-13,wk inc flu hosp,2,25,quantile,0.25,101,2027-03-27
2027-03-13,wk inc flu hosp,2,25,quantile,0.3,108,2027-03-27
2027-03-13,wk inc flu hosp,2,25,quantile,0.35,113,2027-03-27
2027-03-13,wk inc flu hosp,2,25,quantile,0.4,114,2027-03-27
2027-03-13,wk inc flu hosp,2,25,quantile,0.45,118,2027-03-27
2027-03-13,wk inc flu hosp,2,25,quantile,0.5,121,2027-03-27
2027-03-13,wk inc flu hosp,2,25,quantile,0.55,123,2027-03-27
2027-03-13,wk inc flu hosp,2,25,quantile,0.6,126,2027-03-27
2027-03-13,wk inc flu hosp,2,25,quantile,0.65,128,2027-03-27
2027-03-13,wk inc flu hosp,2,25,quantile,0.7,133,2027-03-27
2027-03-13,wk inc flu hosp,2,25,quantile,0.75,140,2027-03-27
2027-03-13,wk inc flu hosp,2,25,quantile,0.8,143,2027-03-27
2027-03-13,wk inc flu hosp,2,25,quantile,0.85,157,2027-03-27
2027-03-13,wk inc flu hosp,2,25,quantile,0.9,170,2027-03-27
2027-03-13,wk inc flu hosp,2,25,quantile,0.95,206,2027-03-27
2027-03-13,wk inc flu hosp,2,25,quantile,0.975,289,2027-03-27
2027-03-13,wk inc flu hosp,2,25,quantile,0.99,319,2027-03-27
2027-03-13,wk inc flu hosp,2,26,quantile,0.01,189,2027-03-27
2027-03-13,wk inc flu hosp,2,26,quantile,0.025,243,2027-03-27
2027-03-13,wk inc flu hosp,2,26,quantile,0.05,253,2027-03-27
2027-03-13,wk inc flu hosp,2,26,quantile,0.1,275,2027-03-27
2027-03-13,wk inc flu hosp,2,26,quantile,0.15,290,2027-03-27
2027-03-13,wk inc flu hosp,2,26,quantile,0.2,305,2027-03-27
2027-03-13,wk inc flu hosp,2,26,quantile,0.25,320,2027-03-27
2027-03-13,wk inc flu hosp,2,26,quantile,0.3,332,2027-03-27
2027-03-13,wk inc flu hosp,2,26,quantile,0.35,341,2027-03-27
2027-03-13,wk inc flu hosp,2,26,quantile,0.4,346,2027-03-27
2027-03-13,wk inc flu hosp,2,26,quantile,0.45,363,2027-03-27
2027-03-13,wk inc flu hosp,2,26,quantile,0.5,371,2027-03-27
2027-03-13,wk inc flu hosp,2,26,quantile,0.55,382,2027-03-27
2027-03-13,wk inc flu hosp,2,26,quantile,0.6,400,2027-03-27
2027-03-13,wk inc flu hosp,2,26,quantile,0.65,412,2027-03-27
2027-03-13,wk inc flu hosp,2,26,quantile,0.7,422,2027-03-27
2027-03-13,wk inc flu hosp,2,26,quantile,0.75,428,2027-03-27
2027-03-13,wk inc flu hosp,2,26,quantile,0.8,445,2027-03-27
2027-03-13,wk inc flu hosp,2,26,quantile,0.85,462,2027-03-27
2027-03-13,wk inc flu hosp,2,26,quantile,0.9,510,2027-03-27
2027-03-13,wk inc flu hosp,2,26,quantile,0.95,600,2027-03-27
2027-03-13,wk inc flu hosp,2,26,quantile,0.975,760,2027-03-27
2027-03-13,wk inc flu hosp,2,26,quantile,0.99,828,2027-03-27
2027-03-13,wk inc flu hosp,2,27,quantile,0.01,38,2027-03-27
2027-03-13,wk inc flu hosp,2,27,quantile,0.025,40,2027-03-27
2027-03-13,wk inc flu hosp,2,27,quantile,0.05,48,2027-03-27
2027-03-13,wk inc flu hosp,2,27,quantile,0.1,58,2027-03-27
2027-03-13,wk inc flu hosp,2,27,quantile,0.15,62,2027-03-27
2027-03-13,wk inc flu hosp,2,27,quantile,0.2,67,2027-03-27
2027-03-13,wk inc flu hosp,2,27,quantile,0.25,72,2027-03-27
2027-03-13,wk inc flu hosp,2,27,quantile,0.3,76,2027-03-27
2027-03-13,wk inc flu hosp,2,27,quantile,0.35,81,2027-03-27
2027-03-13,wk inc flu hosp,2,27,quantile,0.4,84,2027-03-27
2027-03-13,wk inc flu hosp,2,27,quantile,0.45,89,2027-03-27
2027-03-13,wk inc flu hosp,2,27,quantile,0.5,91,2027-03-27
2027-03-13,wk inc flu hosp,2,27,quantile,0.55,94,2027-03-27
2027-03-13,wk inc flu hosp,2,27,quantile,0.6,100,2027-03-27
2027-03-13,wk inc flu hosp,2,27,quantile,0.65,102,2027-03-27
2027-03-13,wk inc flu hosp,2,27,quantile,0.7,107,2027-03-27
2027-03-13,wk inc flu hosp,2,27,quantile,0.75,111,2027-03-27
2027-03-13,wk inc flu hosp,2,27,quantile,0.8,119,2027-03-27
2027-03-13,wk inc flu hosp,2,27,quantile,0.85,127,2027-03-27
2027-03-13,wk inc flu hosp,2,27,quantile,0.9,143,2027-03-27
2027-03-13,wk inc flu hosp,2,27,quantile,0.95,163,2027-03-27
2027-03-13,wk inc flu hosp,2,27,quantile,0.975,171,2027-03-27
2027-03-13,wk inc flu hosp,2,27,quantile,0.99,179,2027-03-27
2027-03-13,wk inc flu hosp,2,28,quantile,0.01,38,2027-03-27
2027-03-13,wk inc flu hosp,2,28,quantile,0.025,46,2027-03-27
2027-03-13,wk inc flu hosp,2,28,quantile,0.05,51,2027-03-27
2027-03-13,wk inc flu hosp,2,28,quantile,0.1,57,2027-03-27
2027-03-13,wk inc flu hosp,2,28,quantile,0.15,66,2027-03-27
2027-03-13,wk inc flu hosp,2,28,quantile,0.2,70,2027-03-27
2027-03-13,wk inc flu hosp,2,28,quantile,0.25,73,2027-03-27
2027-03-13,wk inc flu hosp,2,28,quantile,0.3,77,2027-03-27
2027-03-13,wk inc flu hosp,2,28,quantile,0.35,80,2027-03-27
2027-03-13,wk inc flu hosp,2,28,quantile,0.4,84,2027-03-27
2027-03-13,wk inc flu hosp,2,28,quantile,0.45,86,2027-03-27
2027-03-13,wk inc flu hosp,2,28,quantile,0.5,90,2027-03-27
2027-03-13,wk inc flu hosp,2,28,quantile,0.55,93,2027-03-27
2027-03-13,wk inc flu hosp,2,28,quantile,0.6,96,2027-03-27
2027-03-13,wk inc flu hosp,2,28,quantile,0.65,99,2027-03-27
2027-03-13,wk inc flu hosp,2,28,quantile,0.7,103,2027-03-27
2027-03-13,wk inc flu hosp,2,28,quantile,0.75,111,2027-03-27
2027-03-13,wk inc flu hosp,2,28,quantile,0.8,115,2027-03-27
2027-03-13,wk inc flu hosp,2,28,quantile,0.85,122,2027-03-27
2027-03-13,wk inc flu hosp,2,28,quantile,0.9,134,2027-03-27
2027-03-13,wk inc flu hosp,2,28,quantile,0.95,167,2027-03-27
2027-03-13,wk inc flu hosp,2,28,quantile,0.975,177,2027-03-27
2027-03-13,wk inc flu hosp,2,28,quantile,0.99,184,2027-03-27
2027-03-13,wk inc flu hosp,2,29,quantile,0.01,87,2027-03-27
2027-03-13,wk inc flu hosp,2,29,quantile,0.025,95,2027-03-27
2027-03-13,wk inc flu hosp,2,29,quantile,0.05,109,2027-03-27
2027-03-13,wk inc flu hosp,2,29,quantile,0.1,119,2027-03-27
2027-03-13,wk inc flu hosp,2,29,quantile,0.15,128,2027-03-27
2027-03-13,wk inc flu hosp,2,29,quantile,0.2,134,2027-03-27
2027-03-13,wk inc flu hosp,2,29,quantile,0.25,142,2027-03-27
2027-03-13,wk inc flu hosp,2,29,quantile,0.3,148,2027-03-27
2027-03-13,wk inc flu hosp,2,29,quantile,0.35,151,2027-03-27
2027-03-13,wk inc flu hosp,2,29,quantile,0.4,155,2027-03-27
2027-03-13,wk inc flu hosp,2,29,quantile,0.45,160,2027-03-27
2027-03-13,wk inc flu hosp,2,29,quantile,0.5,165,2027-03-27
2027-03-13,wk inc flu hosp,2,29,quantile,0.55,170,2027-03-27
2027-03-13,wk inc flu hosp,2,29,quantile,0.6,178,2027-03-27
2027-03-13,wk inc flu hosp,2,29,quantile,0.65,183,2027-03-27
2027-03-13,wk inc flu hosp,2,29,quantile,0.7,188,2027-03-27
2027-03-13,wk inc flu hosp,2,29,quantile,0.75,200,2027-03-27
2027-03-13,wk inc flu hosp,2,29,quantile,0.8,209,2027-03-27
2027-03-13,wk inc flu hosp,2,29,quantile,0.85,223,2027-03-27
2027-03-13,wk inc flu hosp,2,29,quantile,0.9,239,2027-03-27
2027-03-13,wk inc flu hosp,2,29,quantile,0.95,286,2027-03-27
2027-03-13,wk inc flu hosp,2,29,quantile,0.975,326,2027-03-27
2027-03-13,wk inc flu hosp,2,29,quantile,0.99,352,2027-03-27
2027-03-13,wk inc flu hosp,2,30,quantile,0.01,30,2027-03-27
2027-03-13,wk inc flu hosp,2,30,quantile,0.025,35,2027-03-27
2027-03-13,wk inc flu hosp,2,30,quantile,0.05,40,2027-03-27
2027-03-13,wk inc flu hosp,2,30,quantile,0.1,46,2027-03-27
2027-03-13,wk inc flu hosp,2,30,quantile,0.15,51,2027-03-27
2027-03-13,wk inc flu hosp,2,30,quantile,0.2,55,2027-03-27
2027-03-13,wk inc flu hosp,2,30,quantile,0.25,57,2027-03-27
2027-03-13,wk inc flu hosp,2,30,quantile,0.3,62,2027-03-27
2027-03-13,wk inc flu hosp,2,30,quantile,0.35,66,2027-03-27
2027-03-13,wk inc flu hosp,2,30,quantile,0.4,68,2027-03-27
2027-03-13,wk inc flu hosp,2,30,quantile,0.45,72,2027-03-27
2027-03-13,wk inc flu hosp,2,30,quantile,0.5,76,2027-03-27
2027-03-13,wk inc flu hosp,2,30,quantile,0.55,80,2027-03-27
2027-03-13,wk inc flu hosp,2,30,quantile,0.6,84,2027-03-27
2027-03-13,wk inc flu hosp,2,30,quantile,0.65,88,2027-03-27
2027-03-13,wk inc flu hosp,2,30,quantile,0.7,91,2027-03-27
2027-03-13,wk inc flu hosp,2,30,quantile,0.75,97,2027-03-27
2027-03-13,wk inc flu hosp,2,30,quantile,0.8,102,2027-03-27
2027-03-13,wk inc flu hosp,2,30,quantile,0.85,110,2027-03-27
2027-03-13,wk inc flu hosp,2,30,quantile,0.9,120,2027-03-27
2027-03-13,wk inc flu hosp,2,30,quantile,0.95,137,2027-03-27
2027-03-13,wk inc flu hosp,2,30,quantile,0.975,154,2027-03-27
2027-03-13,wk inc flu hosp,2,30,quantile,0.99,162,2027-03-27
2027-03-13,wk inc flu hosp,2,31,quantile,0.01,18,2027-03-27
2027-03-13,wk inc flu hosp,2,31,quantile,0.025,19,2027-03-27
2027-03-13,wk inc flu hosp,2,31,quantile,0.05,21,2027-03-27
2027-03-13,wk inc flu hosp,2,31,quantile,0.1,22,2027-03-27
2027-03-13,wk inc flu hosp,2,31,quantile,0.15,24,2027-03-27
2027-03-13,wk inc flu hosp,2,31,quantile,0.2,25,2027-03-27
2027-03-13,wk inc flu hosp,2,31,quantile,0.25,25,2027-03-27
2027-03-13,wk inc flu hosp,2,31,quantile,0.3,26,2027-03-27
2027-03-13,wk inc flu hosp,2,31,quantile,0.35,26,2027-03-27
2027-03-13,wk inc flu hosp,2,31,quantile,0.4,27,2027-03-27
2027-03-13,wk inc flu hosp,2,31,quantile,0.45,29,2027-03-27
2027-03-13,wk inc flu hosp,2,31,quantile,0.5,29,2027-03-27
2027-03-13,wk inc flu hosp,2,31,quantile,0.55,30,2027-03-27
2027-03-13,wk inc flu hosp,2,31,quantile,0.6,32,2027-03-27
2027-03-13,wk inc flu hosp,2,31,quantile,0.65,34,2027-03-27
2027-03-13,wk inc flu hosp,2,31,quantile,0.7,35,2027-03-27
2027-03-13,wk inc flu hosp,2,31,quantile,0.75,36,2027-03-27
2027-03-13,wk inc flu hosp,2,31,quantile,0.8,37,2027-03-27
2027-03-13,wk inc flu hosp,2,31,quantile,0.85,40,2027-03-27
2027-03-13,wk inc flu hosp,2,31,quantile,0.9,45,2027-03-27
2027-03-13,wk inc flu hosp,2,31,quantile,0.95,51,2027-03-27
2027-03-13,wk inc flu hosp,2,31,quantile,0.975,56,2027-03-27
2027-03-13,wk inc flu hosp,2,31,quantile,0.99,56,2027-03-27
2027-03-13,wk inc flu hosp,2,32,quantile,0.01,22,2027-03-27
2027-03-13,wk inc flu hosp,2,32,quantile,0.025,31,2027-03-27
2027-03-13,wk inc flu hosp,2,32,quantile,0.05,38,2027-03-27
2027-03-13,wk inc flu hosp,2,32,quantile,0.1,48,2027-03-27
2027-03-13,wk inc flu hosp,2,32,quantile,0.15,51,2027-03-27
2027-03-13,wk inc flu hosp,2,32,quantile,0.2,54,2027-03-27
2027-03-13,wk inc flu hosp,2,32,quantile,0.25,59,2027-03-27
2027-03-13,wk inc flu hosp,2,32,quantile,0.3,63,2027-03-27
2027-03-13,wk inc flu hosp,2,32,quantile,0.35,66,2027-03-27
2027-03-13,wk inc flu hosp,2,32,quantile,0.4,70,2027-03-27
2027-03-13,wk inc flu hosp,2,32,quantile,0.45,72,2027-03-27
2027-03-13,wk inc flu hosp,2,32,quantile,0.5,76,2027-03-27
2027-03-13,wk inc flu hosp,2,32,quantile,0.55,79,2027-03-27
2027-03-13,wk inc flu hosp,2,32,quantile,0.6,81,2027-03-27
2027-03-13,wk inc flu hosp,2,32,quantile,0.65,84,2027-03-27
2027-03-13,wk inc flu hosp,2,32,quantile,0.7,89,2027-03-27
2027-03-13,wk inc flu hosp,2,32,quantile,0.75,92,2027-03-27
2027-03-13,wk inc flu hosp,2,32,quantile,0.8,96,2027-03-27
2027-03-13,wk inc flu hosp,2,32,quantile,0.85,99,2027-03-27
2027-03-13,wk inc flu hosp,2,32,quantile,0.9,114,2027-03-27
2027-03-13,wk inc flu hosp,2,32,quantile,0.95,124,2027-03-27
2027-03-13,wk inc flu hosp,2,32,quantile,0.975,135,2027-03-27
2027-03-13,wk inc flu hosp,2,32,quantile,0.99,147,2027-03-27
2027-03-13,wk inc flu hosp,2,33,quantile,0.01,7,2027-03-27
2027-03-13,wk inc flu hosp,2,33,quantile,0.025,8,2027-03-27
2027-03-13,wk inc flu hosp,2,33,quantile,0.05,10,2027-03-27
2027-03-13,wk inc flu hosp,2,33,quantile,0.1,13,2027-03-27
2027-03-13,wk inc flu hosp,2,33,quantile,0.15,15,2027-03-27
2027-03-13,wk inc flu hosp,2,33,quantile,0.2,17,2027-03-27
2027-03-13,wk inc flu hosp,2,33,quantile,0.25,18,2027-03-27
2027-03-13,wk inc flu hosp,2,33,quantile,0.3,19,2027-03-27
2027-03-13,wk inc flu hosp,2,33,quantile,0.35,20,2027-03-27
2027-03-13,wk inc flu hosp,2,33,quantile,0.4,22,2027-03-27
2027-03-13,wk inc flu hosp,2,33,quantile,0.45,23,2027-03-27
2027-03-13,wk inc flu hosp,2,33,quantile,0.5,24,2027-03-27
2027-03-13,wk inc flu hosp,2,33,quantile,0.55,26,2027-03-27
2027-03-13,wk inc flu hosp,2,33,quantile,0.6,28,2027-03-27
2027-03-13,wk inc flu hosp,2,33,quantile,0.65,30,2027-03-27
2027-03-13,wk inc flu hosp,2,33,quantile,0.7,32,2027-03-27
2027-03-13,wk inc flu hosp,2,33,quantile,0.75,34,2027-03-27
2027-03-13,wk inc flu hosp,2,33,quantile,0.8,37,2027-03-27
2027-03-13,wk inc flu hosp,2,33,quantile,0.85,43,2027-03-27
2027-03-13,wk inc flu hosp,2,33,quantile,0.9,52,2027-03-27
2027-03-13,wk inc flu hosp,2,33,quantile,0.95,61,2027-03-27
2027-03-13,wk inc flu hosp,2,33,quantile,0.975,63,2027-03-27
2027-03-13,wk inc flu hosp,2,33,quantile,0.99,70,2027-03-27
2027-03-13,wk inc flu hosp,2,34,quantile,0.01,74,2027-03-27
2027-03-13,wk inc flu hosp,2,34,quantile,0.025,88,2027-03-27
2027-03-13,wk inc flu hosp,2,34,quantile,0.05,98,2027-03-27
2027-03-13,wk inc flu hosp,2,34,quantile,0.1,113,2027-03-27
2027-03-13,wk inc flu hosp,2,34,quantile,0.15,125,2027-03-27
2027-03-13,wk inc flu hosp,2,34,quantile,0.2,140,2027-03-27
2027-03-13,wk inc flu hosp,2,34,quantile,0.25,145,2027-03-27
2027-03-13,wk inc flu hosp,2,34,quantile,0.3,152,2027-03-27
2027-03-13,wk inc flu hosp,2,34,quantile,0.35,160,2027-03-27
2027-03-13,wk inc flu hosp,2,34,quantile,0.4,166,2027-03-27
2027-03-13,wk inc flu hosp,2,34,quantile,0.45,173,2027-03-27
2027-03-13,wk inc flu hosp,2,34,quantile,0.5,180,2027-03-27
2027-03-13,wk inc flu hosp,2,34,quantile,0.55,187,2027-03-27
2027-03-13,wk inc flu hosp,2,34,quantile,0.6,191,2027-03-27
2027-03-13,wk inc flu hosp,2,34,quantile,0.65,202,2027-03-27
2027-03-13,wk inc flu hosp,2,34,quantile,0.7,209,2027-03-27
2027-03-13,wk inc flu hosp,2,34,quantile,0.75,218,2027-03-27
2027-03-13,wk inc flu hosp,2,34,quantile,0.8,228,2027-03-27
2027-03-13,wk inc flu hosp,2,34,quantile,0.85,249,2027-03-27
2027-03-13,wk inc flu hosp,2,34,quantile,0.9,258,2027-03-27
2027-03-13,wk inc flu hosp,2,34,quantile,0.95,301,2027-03-27
2027-03-13,wk inc flu hosp,2,34,quantile,0.975,440,2027-03-27
2027-03-13,wk inc flu hosp,2,34,quantile,0.99,487,2027-03-27
2027-03-13,wk inc flu hosp,2,35,quantile,0.01,35,2027-03-27
2027-03-13,wk inc flu hosp,2,35,quantile,0.025,37,2027-03-27
2027-03-13,wk inc flu hosp,2,35,quantile,0.05,40,2027-03-27
2027-03-13,wk inc flu hosp,2,35,quantile,0.1,49,2027-03-27
2027-03-13,wk inc flu hosp,2,35,quantile,0.15,52,2027-03-27
2027-03-13,wk inc flu hosp,2,35,quantile,0.2,54,2027-03-27
2027-03-13,wk inc flu hosp,2,35,quantile,0.25,58,2027-03-27
2027-03-13,wk inc flu hosp,2,35,quantile,0.3,60,2027-03-27
2027-03-13,wk inc flu hosp,2,35,quantile,0.35,63,2027-03-27
2027-03-13,wk inc flu hosp,2,35,quantile,0.4,66,2027-03-27
2027-03-13,wk inc flu hosp,2,35,quantile,0.45,70,2027-03-27
2027-03-13,wk inc flu hosp,2,35,quantile,0.5,72,2027-03-27
2027-03-13,wk inc flu hosp,2,35,quantile,0.55,74,2027-03-27
2027-03-13,wk inc flu hosp,2,35,quantile,0.6,75,2027-03-27
2027-03-13,wk inc flu hosp,2,35,quantile,0.65,79,2027-03-27
2027-03-13,wk inc flu hosp,2,35,quantile,0.7,81,2027-03-27
2027-03-13,wk inc flu hosp,2,35,quantile,0.75,85,2027-03-27
2027-03-13,wk inc flu hosp,2,35,quantile,0.8,89,2027-03-27
2027-03-13,wk inc flu hosp,2,35,quantile,0.85,93,2027-03-27
2027-03-13,wk inc flu hosp,2,35,quantile,0.9,105,2027-03-27
2027-03-13,wk inc flu hosp,2,35,quantile,0.95,117,2027-03-27
2027-03-13,wk inc flu hosp,2,35,quantile,0.975,129,2027-03-27
2027-03-13,wk inc flu hosp,2,35,quantile,0.99,142,2027-03-27
2027-03-13,wk inc flu hosp,2,36,quantile,0.01,228,2027-03-27
2027-03-13,wk inc flu hosp,2,36,quantile,0.025,251,2027-03-27
2027-03-13,wk inc flu hosp,2,36,quantile,0.05,284,2027-03-27
2027-03-13,wk inc flu hosp,2,36,quantile,0.1,311,2027-03-27
2027-03-13,wk inc flu hosp,2,36,quantile,0.15,325,2027-03-27
2027-03-13,wk inc flu hosp,2,36,quantile,0.2,337,2027-03-27
2027-03-13,wk inc flu hosp,2,36,quantile,0.25,355,2027-03-27
2027-03-13,wk inc flu hosp,2,36,quantile,0.3,375,2027-03-27
2027-03-13,wk inc flu hosp,2,36,quantile,0.35,396,2027-03-27
2027-03-13,wk inc flu hosp,2,36,quantile,0.4,408,2027-03-27
2027-03-13,wk inc flu hosp,2,36,quantile,0.45,425,2027-03-27
2027-03-13,wk inc flu hosp,2,36,quantile,0.5,433,2027-03-27
2027-03-13,wk inc flu hosp,2,36,quantile,0.55,443,2027-03-27
2027-03-13,wk inc flu hosp,2,36,quantile,0.6,460,2027-03-27
2027-03-13,wk inc flu hosp,2,36,quantile,0.65,476,2027-03-27
2027-03-13,wk inc flu hosp,2,36,quantile,0.7,483,2027-03-27
2027-03-13,wk inc flu hosp,2,36,quantile,0.75,497,2027-03-27
2027-03-13,wk inc flu hosp,2,36,quantile,0.8,513,2027-03-27
2027-03-13,wk inc flu hosp,2,36,quantile,0.85,527,2027-03-27
2027-03-13,wk inc flu hosp,2,36,quantile,0.9,569,2027-03-27
2027-03-13,wk inc flu hosp,2,36,quantile,0.95,650,2027-03-27
2027-03-13,wk inc flu hosp,2,36,quantile,0.975,1079,2027-03-27
2027-03-13,wk inc flu hosp,2,36,quantile,0.99,1114,2027-03-27
2027-03-13,wk inc flu hosp,2,37,quantile,0.01,88,2027-03-27
2027-03-13,wk inc flu hosp,2,37,quantile,0.025,94,2027-03-27
2027-03-13,wk inc flu hosp,2,37,quantile,0.05,108,2027-03-27
2027-03-13,wk inc flu hosp,2,37,quantile,0.1,124,2027-03-27
2027-03-13,wk inc flu hosp,2,37,quantile,0.15,135,2027-03-27
2027-03-13,wk inc flu hosp,2,37,quantile,0.2,139,2027-03-27
2027-03-13,wk inc flu hosp,2,37,quantile,0.25,142,2027-03-27
2027-03-13,wk inc flu hosp,2,37,quantile,0.3,149,2027-03-27
2027-03-13,wk inc flu hosp,2,37,quantile,0.35,155,2027-03-27
2027-03-13,wk inc flu hosp,2,37,quantile,0.4,161,2027-03-27
2027-03-13,wk inc flu hosp,2,37,quantile,0.45,167,2027-03-27
2027-03-13,wk inc flu hosp,2,37,quantile,0.5,172,2027-03-27
2027-03-13,wk inc flu hosp,2,37,quantile,0.55,179,2027-03-27
2027-03-13,wk inc flu hosp,2,37,quantile,0.6,187,2027-03-27
2027-03-13,wk inc flu hosp,2,37,quantile,0.65,191,2027-03-27
2027-03-13,wk inc flu hosp,2,37,quantile,0.7,196,2027-03-27
2027-03-13,wk inc flu hosp,2,37,quantile,0.75,204,2027-03-27
2027-03-13,wk inc flu hosp,2,37,quantile,0.8,217,2027-03-27
2027-03-13,wk inc flu hosp,2,37,quantile,0.85,233,2027-03-27
2027-03-13,wk inc flu hosp,2,37,quantile,0.9,250,2027-03-27
2027-03-13,wk inc flu hosp,2,37,quantile,0.95,319,2027-03-27
2027-03-13,wk inc flu hosp,2,37,quantile,0.975,388,2027-03-27
2027-03-13,wk inc flu hosp,2,37,quantile,0.99,466,2027-03-27
2027-03-13,wk inc flu hosp,2,38,quantile,0.01,15,2027-03-27
2027-03-13,wk inc flu hosp,2,38,quantile,0.025,16,2027-03-27
2027-03-13,wk inc flu hosp,2,38,quantile,0.05,17,2027-03-27
2027-03-13,wk inc flu hosp,2,38,quantile,0.1,21,2027-03-27
2027-03-13,wk inc flu hosp,2,38,quantile,0.15,22,2027-03-27
2027-03-13,wk inc flu hosp,2,38,quantile,0.2,25,2027-03-27
2027-03-13,wk inc flu hosp,2,38,quantile,0.25,27,2027-03-27
2027-03-13,wk inc flu hosp,2,38,quantile,0.3,29,2027-03-27
2027-03-13,wk inc flu hosp,2,38,quantile,0.35,31,2027-03-27
2027-03-13,wk inc flu hosp,2,38,quantile,0.4,32,2027-03-27
2027-03-13,wk inc flu hosp,2,38,quantile,0.45,34,2027-03-27
2027-03-13,wk inc flu hosp,2,38,quantile,0.5,36,2027-03-27
2027-03-13,wk inc flu hosp,2,38,quantile,0.55,37,2027-03-27
2027-03-13,wk inc flu hosp,2,38,quantile,0.6,39,2027-03-27
2027-03-13,wk inc flu hosp,2,38,quantile,0.65,39,2027-03-27
2027-03-13,wk inc flu hosp,2,38,quantile,0.7,40,2027-03-27
2027-03-13,wk inc flu hosp,2,38,quantile,0.75,41,2027-03-27
2027-03-13,wk inc flu hosp,2,38,quantile,0.8,45,2027-03-27
2027-03-13,wk inc flu hosp,2,38,quantile,0.85,47,2027-03-27
2027-03-13,wk inc flu hosp,2,38,quantile,0.9,50,2027-03-27
2027-03-13,wk inc flu hosp,2,38,quantile,0.95,56,2027-03-27
2027-03-13,wk inc flu hosp,2,38,quantile,0.975,64,2027-03-27
2027-03-13,wk inc flu hosp,2,38,quantile,0.99,66,2027-03-27
2027-03-13,wk inc flu hosp,2,39,quantile,0.01,115,2027-03-27
2027-03-13,wk inc flu hosp,2,39,quantile,0.025,122,2027-03-27
2027-03-13,wk inc flu hosp,2,39,quantile,0.05,144,2027-03-27
2027-03-13,wk inc flu hosp,2,39,quantile,0.1,154,2027-03-27
2027-03-13,wk inc flu hosp,2,39,quantile,0.15,169,2027-03-27
2027-03-13,wk inc flu hosp,2,39,quantile,0.2,175,2027-03-27
2027-03-13,wk inc flu hosp,2,39,quantile,0.25,184,2027-03-27
2027-03-13,wk inc flu hosp,2,39,quantile,0.3,196,2027-03-27
2027-03-13,wk inc flu hosp,2,39,quantile,0.35,206,2027-03-27
2027-03-13,wk inc flu hosp,2,39,quantile,0.4,214,2027-03-27
2027-03-13,wk inc flu hosp,2,39,quantile,0.45,218,2027-03-27
2027-03-13,wk inc flu hosp,2,39,quantile,0.5,226,2027-03-27
2027-03-13,wk inc flu hosp,2,39,quantile,0.55,237,2027-03-27
2027-03-13,wk inc flu hosp,2,39,quantile,0.6,243,2027-03-27
2027-03-13,wk inc flu hosp,2,39,quantile,0.65,249,2027-03-27
2027-03-13,wk inc flu hosp,2,39,quantile,0.7,263,2027-03-27
2027-03-13,wk inc flu hosp,2,39,quantile,0.75,274,2027-03-27
2027-03-13,wk inc flu hosp,2,39,quantile,0.8,285,2027-03-27
2027-03-13,wk inc flu hosp,2,39,quantile,0.85,296,2027-03-27
2027-03-13,wk inc flu hosp,2,39,quantile,0.9,325,2027-03-27
2027-03-13,wk inc flu hosp,2,39,quantile,0.95,428,2027-03-27
2027-03-13,wk inc flu hosp,2,39,quantile,0.975,518,2027-03-27
2027-03-13,wk inc flu hosp,2,39,quantile,0.99,566,2027-03-27
2027-03-13,wk inc flu hosp,2,40,quantile,0.01,29,2027-03-27
2027-03-13,wk inc flu hosp,2,40,quantile,0.025,39,2027-03-27
2027-03-13,wk inc flu hosp,2,40,quantile,0.05,42,2027-03-27
2027-03-13,wk inc flu hosp,2,40,quantile,0.1,51,2027-03-27
2027-03-13,wk inc flu hosp,2,40,quantile,0.15,54,2027-03-27
2027-03-13,wk inc flu hosp,2,40,quantile,0.2,58,2027-03-27
2027-03-13,wk inc flu hosp,2,40,quantile,0.25,62,2027-03-27
2027-03-13,wk inc flu hosp,2,40,quantile,0.3,63,2027-03-27
2027-03-13,wk inc flu hosp,2,40,quantile,0.35,65,2027-03-27
2027-03-13,wk inc flu hosp,2,40,quantile,0.4,69,2027-03-27
2027-03-13,wk inc flu hosp,2,40,quantile,0.45,73,2027-03-27
2027-03-13,wk inc flu hosp,2,40,quantile,0.5,74,2027-03-27
2027-03-13,wk inc flu hosp,2,40,quantile,0.55,79,2027-03-27
2027-03-13,wk inc flu hosp,2,40,quantile,0.6,83,2027-03-27
2027-03-13,wk inc flu hosp,2,40,quantile,0.65,86,2027-03-27
2027-03-13,wk inc flu hosp,2,40,quantile,0.7,94,2027-03-27
2027-03-13,wk inc flu hosp,2,40,quantile,0.75,98,2027-03-27
2027-03-13,wk inc flu hosp,2,40,quantile,0.8,104,2027-03-27
2027-03-13,wk inc flu hosp,2,40,quantile,0.85,111,2027-03-27
2027-03-13,wk inc flu hosp,2,40,quantile,0.9,124,2027-03-27
2027-03-13,wk inc flu hosp,2,40,quantile,0.95,141,2027-03-27
2027-03-13,wk inc flu hosp,2,40,quantile,0.975,161,2027-03-27
2027-03-13,wk inc flu hosp,2,40,quantile,0.99,182,2027-03-27
2027-03-13,wk inc flu hosp,2,41,quantile,0.01,36,2027-03-27
2027-03-13,wk inc flu hosp,2,41,quantile,0.025,39,2027-03-27
2027-03-13,wk inc flu hosp,2,41,quantile,0.05,42,2027-03-27
2027-03-13,wk inc flu hosp,2,41,quantile,0.1,49,2027-03-27
2027-03-13,wk inc flu hosp,2,41,quantile,0.15,55,2027-03-27
2027-03-13,wk inc flu hosp,2,41,quantile,0.2,58,2027-03-27
2027-03-13,wk inc flu hosp,2,41,quantile,0.25,61,2027-03-27
2027-03-13,wk inc flu hosp,2,41,quantile,0.3,64,2027-03-27
2027-03-13,wk inc flu hosp,2,41,quantile,0.35,67,2027-03-27
2027-03-13,wk inc flu hosp,2,41,quantile,0.4,68,2027-03-27
2027-03-13,wk inc flu hosp,2,41,quantile,0.45,70,2027-03-27
2027-03-13,wk inc flu hosp,2,41,quantile,0.5,73,2027-03-27
2027-03-13,wk inc flu hosp,2,41,quantile,0.55,76,2027-03-27
2027-03-13,wk inc flu hosp,2,41,quantile,0.6,80,2027-03-27
2027-03-13,wk inc flu hosp,2,41,quantile,0.65,84,2027-03-27
2027-03-13,wk inc flu hosp,2,41,quantile,0.7,87,2027-03-27
2027-03-13,wk inc flu hosp,2,41,quantile,0.75,89,2027-03-27
2027-03-13,wk inc flu hosp,2,41,quantile,0.8,92,2027-03-27
2027-03-13,wk inc flu hosp,2,41,quantile,0.85,97,2027-03-27
2027-03-13,wk inc flu hosp,2,41,quantile,0.9,102,2027-03-27
2027-03-13,wk inc flu hosp,2,41,quantile,0.95,118,2027-03-27
2027-03-13,wk inc flu hosp,2,41,quantile,0.975,128,2027-03-27
2027-03-13,wk inc flu hosp,2,41,quantile,0.99,146,2027-03-27
2027-03-13,wk inc flu hosp,2,42,quantile,0.01,376,2027-03-27
2027-03-13,wk inc flu hosp,2,42,quantile,0.025,423,2027-03-27
2027-03-13,wk inc flu hosp,2,42,quantile,0.05,459,2027-03-27
2027-03-13,wk inc flu hosp,2,42,quantile,0.1,503,2027-03-27
2027-03-13,wk inc flu hosp,2,42,quantile,0.15,529,2027-03-27
2027-03-13,wk inc flu hosp,2,42,quantile,0.2,554,2027-03-27
2027-03-13,wk inc flu hosp,2,42,quantile,0.25,570,2027-03-27
2027-03-13,wk inc flu hosp,2,42,quantile,0.3,589,2027-03-27
2027-03-13,wk inc flu hosp,2,42,quantile,0.35,604,2027-03-27
2027-03-13,wk inc flu hosp,2,42,quantile,0.4,624,2027-03-27
2027-03-13,wk inc flu hosp,2,42,quantile,0.45,638,2027-03-27
2027-03-13,wk inc flu hosp,2,42,quantile,0.5,658,2027-03-27
2027-03-13,wk inc flu hosp,2,42,quantile,0.55,672,2027-03-27
2027-03-13,wk inc flu hosp,2,42,quantile,0.6,687,2027-03-27
2027-03-13,wk inc flu hosp,2,42,quantile,0.65,702,2027-03-27
2027-03-13,wk inc flu hosp,2,42,quantile,0.7,728,2027-03-27
2027-03-13,wk inc flu hosp,2,42,quantile,0.75,754,2027-03-27
2027-03-13,wk inc flu hosp,2,42,quantile,0.8,807,2027-03-27
2027-03-13,wk inc flu hosp,2,42,quantile,0.85,867,2027-03-27
2027-03-13,wk inc flu hosp,2,42,quantile,0.9,901,2027-03-27
2027-03-13,wk inc flu hosp,2,42,quantile,0.95,1032,2027-03-27
2027-03-13,wk inc flu hosp,2,42,quantile,0.975,1401,2027-03-27
2027-03-13,wk inc flu hosp,2,42,quantile,0.99,1474,2027-03-27
2027-03-13,wk inc flu hosp,2,44,quantile,0.01,10,2027-03-27
2027-03-13,wk inc flu hosp,2,44,quantile,0.025,11,2027-03-27
2027-03-13,wk inc flu hosp,2,44,quantile,0.05,12,2027-03-27
2027-03-13,wk inc flu hosp,2,44,quantile,0.1,14,2027-03-27
2027-03-13,wk inc flu hosp,2,44,quantile,0.15,15,2027-03-27
2027-03-13,wk inc flu hosp,2,44,quantile,0.2,16,2027-03-27
2027-03-13,wk inc flu hosp,2,44,quantile,0.25,17,2027-03-27
2027-03-13,wk inc flu hosp,2,44,quantile,0.3,18,2027-03-27
2027-03-13,wk inc flu hosp,2,44,quantile,0.35,19,2027-03-27
2027-03-13,wk inc flu hosp,2,44,quantile,0.4,20,2027-03-27
2027-03-13,wk inc flu hosp,2,44,quantile,0.45,21,2027-03-27
2027-03-13,wk inc flu hosp,2,44,quantile,0.5,22,2027-03-27
2027-03-13,wk inc flu hosp,2,44,quantile,0.55,23,2027-03-27
2027-03-13,wk inc flu hosp,2,44,quantile,0.6,25,2027-03-27
2027-03-13,wk inc flu hosp,2,44,quantile,0.65,26,2027-03-27
2027-03-13,wk inc flu hosp,2,44,quantile,0.7,28,2027-03-27
2027-03-13,wk inc flu hosp,2,44,quantile,0.75,30,2027-03-27
2027-03-13,wk inc flu hosp,2,44,quantile,0.8,32,2027-03-27
2027-03-13,wk inc flu hosp,2,44,quantile,0.85,34,2027-03-27
2027-03-13,wk inc flu hosp,2,44,quantile,0.9,38,2027-03-27
2027-03-13,wk inc flu hosp,2,44,quantile,0.95,45,2027-03-27
2027-03-13,wk inc flu hosp,2,44,quantile,0.975,52,2027-03-27
2027-03-13,wk inc flu hosp,2,44,quantile,0.99,54,2027-03-27
2027-03-13,wk inc flu hosp,2,45,quantile,0.01,44,2027-03-27
2027-03-13,wk inc flu hosp,2,45,quantile,0.025,48,2027-03-27
2027-03-13,wk inc flu hosp,2,45,quantile,0.05,53,2027-03-27
2027-03-13,wk inc flu hosp,2,45,quantile,0.1,62,2027-03-27
2027-03-13,wk inc flu hosp,2,45,quantile,0.15,67,2027-03-27
2027-03-13,wk inc flu hosp,2,45,quantile,0.2,72,2027-03-27
2027-03-13,wk inc flu hosp,2,45,quantile,0.25,78,2027-03-27
2027-03-13,wk inc flu hosp,2,45,quantile,0.3,81,2027-03-27
2027-03-13,wk inc flu hosp,2,45,quantile,0.35,86,2027-03-27
2027-03-13,wk inc flu hosp,2,45,quantile,0.4,88,2027-03-27
2027-03-13,wk inc flu hosp,2,45,quantile,0.45,91,2027-03-27
2027-03-13,wk inc flu hosp,2,45,quantile,0.5,94,2027-03-27
2027-03-13,wk inc flu hosp,2,45,quantile,0.55,99,2027-03-27
2027-03-13,wk inc flu hosp,2,45,quantile,0.6,104,2027-03-27
2027-03-13,wk inc flu hosp,2,45,quantile,0.65,108,2027-03-27
2027-03-13,wk inc flu hosp,2,45,quantile,0.7,111,2027-03-27
2027-03-13,wk inc flu hosp,2,45,quantile,0.75,118,2027-03-27
2027-03-13,wk inc flu hosp,2,45,quantile,0.8,122,2027-03-27
2027-03-13,wk inc flu hosp,2,45,quantile,0.85,132,2027-03-27
2027-03-13,wk inc flu hosp,2,45,quantile,0.9,152,2027-03-27
2027-03-13,wk inc flu hosp,2,45,quantile,0.95,190,2027-03-27
2027-03-13,wk inc flu hosp,2,45,quantile,0.975,216,2027-03-27
2027-03-13,wk inc flu hosp,2,45,quantile,0.99,247,2027-03-27
2027-03-13,wk inc flu hosp,2,46,quantile,0.01,2,2027-03-27
2027-03-13,wk inc flu hosp,2,46,quantile,0.025,2,2027-03-27
2027-03-13,wk inc flu hosp,2,46,quantile,0.05,5,2027-03-27
2027-03-13,wk inc flu hosp,2,46,quantile,0.1,7,2027-03-27
2027-03-13,wk inc flu hosp,2,46,quantile,0.15,8,2027-03-27
2027-03-13,wk inc flu hosp,2,46,quantile,0.2,10,2027-03-27
2027-03-13,wk inc flu hosp,2,46,quantile,0.25,10,2027-03-27
2027-03-13,wk inc flu hosp,2,46,quantile,0.3,12,2027-03-27
2027-03-13,wk inc flu hosp,2,46,quantile,0.35,13,2027-03-27
2027-03-13,wk inc flu hosp,2,46,quantile,0.4,14,2027-03-27
2027-03-13,wk inc flu hosp,2,46,quantile,0.45,15,2027-03-27
2027-03-13,wk inc flu hosp,2,46,quantile,0.5,16,2027-03-27
2027-03-13,wk inc flu hosp,2,46,quantile,0.55,17,2027-03-27
2027-03-13,wk inc flu hosp,2,46,quantile,0.6,18,2027-03-27
2027-03-13,wk inc flu hosp,2,46,quantile,0.65,19,2027-03-27
2027-03-13,wk inc flu hosp,2,46,quantile,0.7,21,2027-03-27
2027-03-13,wk inc flu hosp,2,46,quantile,0.75,23,2027-03-27
2027-03-13,wk inc flu hosp,2,46,quantile,0.8,25,2027-03-27
2027-03-13,wk inc flu hosp,2,46,quantile,0.85,28,2027-03-27
2027-03-13,wk inc flu hosp,2,46,quantile,0.9,30,2027-03-27
2027-03-13,wk inc flu hosp,2,46,quantile,0.95,33,2027-03-27
2027-03-13,wk inc flu hosp,2,46,quantile,0.975,44,2027-03-27
2027-03-13,wk inc flu hosp,2,46,quantile,0.99,47,2027-03-27
2027-03-13,wk inc flu hosp,2,47,quantile,0.01,103,2027-03-27
2027-03-13,wk inc flu hosp,2,47,quantile,0.025,110,2027-03-27
2027-03-13,wk inc flu hosp,2,47,quantile,0.05,122,2027-03-27
2027-03-13,wk inc flu hosp,2,47,quantile,0.1,139,2027-03-27
2027-03-13,wk inc flu hosp,2,47,quantile,0.15,152,2027-03-27
2027-03-13,wk inc flu hosp,2,47,quantile,0.2,160,2027-03-27
2027-03-13,wk inc flu hosp,2,47,quantile,0.25,164,2027-03-27
2027-03-13,wk inc flu hosp,2,47,quantile,0.3,173,2027-03-27
2027-03-13,wk inc flu hosp,2,47,quantile,0.35,178,2027-03-27
2027-03-13,wk inc flu hosp,2,47,quantile,0.4,183,2027-03-27
2027-03-13,wk inc flu hosp,2,47,quantile,0.45,190,2027-03-27
2027-03-13,wk inc flu hosp,2,47,quantile,0.5,196,2027-03-27
2027-03-13,wk inc flu hosp,2,47,quantile,0.55,204,2027-03-27
2027-03-13,wk inc flu hosp,2,47,quantile,0.6,208,2027-03-27
2027-03-13,wk inc flu hosp,2,47,quantile,0.65,212,2027-03-27
2027-03-13,wk inc flu hosp,2,47,quantile,0.7,223,2027-03-27
2027-03-13,wk inc flu hosp,2,47,quantile,0.75,229,2027-03-27
2027-03-13,wk inc flu hosp,2,47,quantile,0.8,239,2027-03-27
2027-03-13,wk inc flu hosp,2,47,quantile,0.85,253,2027-03-27
2027-03-13,wk inc flu hosp,2,47,quantile,0.9,265,2027-03-27
2027-03-13,wk inc flu hosp,2,47,quantile,0.95,299,2027-03-27
2027-03-13,wk inc flu hosp,2,47,quantile,0.975,414,2027-03-27
2027-03-13,wk inc flu hosp,2,47,quantile,0.99,433,2027-03-27
2027-03-13,wk inc flu hosp,2,48,quantile,0.01,179,2027-03-27
2027-03-13,wk inc flu hosp,2,48,quantile,0.025,207,2027-03-27
2027-03-13,wk inc flu hosp,2,48,quantile,0.05,242,2027-03-27
2027-03-13,wk inc flu hosp,2,48,quantile,0.1,269,2027-03-27
2027-03-13,wk inc flu hosp,2,48,quantile,0.15,296,2027-03-27
2027-03-13,wk inc flu hosp,2,48,quantile,0.2,312,2027-03-27
2027-03-13,wk inc flu hosp,2,48,quantile,0.25,326,2027-03-27
2027-03-13,wk inc flu hosp,2,48,quantile,0.3,350,2027-03-27
2027-03-13,wk inc flu hosp,2,48,quantile,0.35,366,2027-03-27
2027-03-13,wk inc flu hosp,2,48,quantile,0.4,387,2027-03-27
2027-03-13,wk inc flu hosp,2,48,quantile,0.45,404,2027-03-27
2027-03-13,wk inc flu hosp,2,48,quantile,0.5,416,2027-03-27
2027-03-13,wk inc flu hosp,2,48,quantile,0.55,432,2027-03-27
2027-03-13,wk inc flu hosp,2,48,quantile,0.6,447,2027-03-27
2027-03-13,wk inc flu hosp,2,48,quantile,0.65,465,2027-03-27
2027-03-13,wk inc flu hosp,2,48,quantile,0.7,488,2027-03-27
2027-03-13,wk inc flu hosp,2,48,quantile,0.75,514,2027-03-27
2027-03-13,wk inc flu hosp,2,48,quantile,0.8,544,2027-03-27
2027-03-13,wk inc flu hosp,2,48,quantile,0.85,580,2027-03-27
2027-03-13,wk inc flu hosp,2,48,quantile,0.9,620,2027-03-27
2027-03-13,wk inc flu hosp,2,48,quantile,0.95,714,2027-03-27
2027-03-13,wk inc flu hosp,2,48,quantile,0.975,1139,2027-03-27
2027-03-13,wk inc flu hosp,2,48,quantile,0.99,1300,2027-03-27
2027-03-13,wk inc flu hosp,2,49,quantile,0.01,20,2027-03-27
2027-03-13,wk inc flu hosp,2,49,quantile,0.025,20,2027-03-27
2027-03-13,wk inc flu hosp,2,49,quantile,0.05,25,2027-03-27
2027-03-13,wk inc flu hosp,2,49,quantile,0.1,27,2027-03-27
2027-03-13,wk inc flu hosp,2,49,quantile,0.15,28,2027-03-27
2027-03-13,wk inc flu hosp,2,49,quantile,0.2,32,2027-03-27
2027-03-13,wk inc flu hosp,2,49,quantile,0.25,32,2027-03-27
2027-03-13,wk inc flu hosp,2,49,quantile,0.3,34,2027-03-27
2027-03-13,wk inc flu hosp,2,49,quantile,0.35,35,2027-03-27
2027-03-13,wk inc flu hosp,2,49,quantile,0.4,37,2027-03-27
2027-03-13,wk inc flu hosp,2,49,quantile,0.45,39,2027-03-27
2027-03-13,wk inc flu hosp,2,49,quantile,0.5,40,2027-03-27
2027-03-13,wk inc flu hosp,2,49,quantile,0.55,41,2027-03-27
2027-03-13,wk inc flu hosp,2,49,quantile,0.6,42,2027-03-27
2027-03-13,wk inc flu hosp,2,49,quantile,0.65,43,2027-03-27
2027-03-13,wk inc flu hosp,2,49,quantile,0.7,46,2027-03-27
2027-03-13,wk inc flu hosp,2,49,quantile,0.75,49,2027-03-27
2027-03-13,wk inc flu hosp,2,49,quantile,0.8,52,2027-03-27
2027-03-13,wk inc flu hosp,2,49,quantile,0.85,54,2027-03-27
2027-03-13,wk inc flu hosp,2,49,quantile,0.9,59,2027-03-27
2027-03-13,wk inc flu hosp,2,49,quantile,0.95,63,2027-03-27
2027-03-13,wk inc flu hosp,2,49,quantile,0.975,65,2027-03-27
2027-03-13,wk inc flu hosp,2,49,quantile,0.99,79,2027-03-27
2027-03-13,wk inc flu hosp,2,50,quantile,0.01,5,2027-03-27
2027-03-13,wk inc flu hosp,2,50,quantile,0.025,7,2027-03-27
2027-03-13,wk inc flu hosp,2,50,quantile,0.05,8,2027-03-27
2027-03-13,wk inc flu hosp,2,50,quantile,0.1,10,2027-03-27
2027-03-13,wk inc flu hosp,2,50,quantile,0.15,11,2027-03-27
2027-03-13,wk inc flu hosp,2,50,quantile,0.2,13,2027-03-27
2027-03-13,wk inc flu hosp,2,50,quantile,0.25,14,2027-03-27
2027-03-13,wk inc flu hosp,2,50,quantile,0.3,15,2027-03-27
2027-03-13,wk inc flu hosp,2,50,quantile,0.35,16,2027-03-27
2027-03-13,wk inc flu hosp,2,50,quantile,0.4,17,2027-03-27
2027-03-13,wk inc flu hosp,2,50,quantile,0.45,19,2027-03-27
2027-03-13,wk inc flu hosp,2,50,quantile,0.5,19,2027-03-27
2027-03-13,wk inc flu hosp,2,50,quantile,0.55,20,2027-03-27
2027-03-13,wk inc flu hosp,2,50,quantile,0.6,22,2027-03-27
2027-03-13,wk inc flu hosp,2,50,quantile,0.65,24,2027-03-27
2027-03-13,wk inc flu hosp,2,50,quantile,0.7,27,2027-03-27
2027-03-13,wk inc flu hosp,2,50,quantile,0.75,28,2027-03-27
2027-03-13,wk inc flu hosp,2,50,quantile,0.8,30,2027-03-27
2027-03-13,wk inc flu hosp,2,50,quantile,0.85,33,2027-03-27
2027-03-13,wk inc flu hosp,2,50,quantile,0.9,36,2027-03-27
2027-03-13,wk inc flu hosp,2,50,quantile,0.95,44,2027-03-27
2027-03-13,wk inc flu hosp,2,50,quantile,0.975,47,2027-03-27
2027-03-13,wk inc flu hosp,2,50,quantile,0.99,51,2027-03-27
2027-03-13,wk inc flu hosp,2,51,quantile,0.01,72,2027-03-27
2027-03-13,wk inc flu hosp,2,51,quantile,0.025,82,2027-03-27
2027-03-13,wk inc flu hosp,2,51,quantile,0.05,89,2027-03-27
2027-03-13,wk inc flu hosp,2,51,quantile,0.1,103,2027-03-27
2027-03-13,wk inc flu hosp,2,51,quantile,0.15,111,2027-03-27
2027-03-13,wk inc flu hosp,2,51,quantile,0.2,118,2027-03-27
2027-03-13,wk inc flu hosp,2,51,quantile,0.25,124,2027-03-27
2027-03-13,wk inc flu hosp,2,51,quantile,0.3,128,2027-03-27
2027-03-13,wk inc flu hosp,2,51,quantile,0.35,132,2027-03-27
2027-03-13,wk inc flu hosp,2,51,quantile,0.4,135,2027-03-27
2027-03-13,wk inc flu hosp,2,51,quantile,0.45,145,2027-03-27
2027-03-13,wk inc flu hosp,2,51,quantile,0.5,150,2027-03-27
2027-03-13,wk inc flu hosp,2,51,quantile,0.55,156,2027-03-27
2027-03-13,wk inc flu hosp,2,51,quantile,0.6,162,2027-03-27
2027-03-13,wk inc flu hosp,2,51,quantile,0.65,170,2027-03-27
2027-03-13,wk inc flu hosp,2,51,quantile,0.7,183,2027-03-27
2027-03-13,wk inc flu hosp,2,51,quantile,0.75,189,2027-03-27
2027-03-13,wk inc flu hosp,2,51,quantile,0.8,198,2027-03-27
2027-03-13,wk inc flu hosp,2,51,quantile,0.85,212,2027-03-27
2027-03-13,wk inc flu hosp,2,51,quantile,0.9,232,2027-03-27
2027-03-13,wk inc flu hosp,2,51,quantile,0.95,259,2027-03-27
2027-03-13,wk inc flu hosp,2,51,quantile,0.975,496,2027-03-27
2027-03-13,wk inc flu hosp,2,51,quantile,0.99,519,2027-03-27
2027-03-13,wk inc flu hosp,2,53,quantile,0.01,36,2027-03-27
2027-03-13,wk inc flu hosp,2,53,quantile,0.025,40,2027-03-27
2027-03-13,wk inc flu hosp,2,53,quantile,0.05,46,2027-03-27
2027-03-13,wk inc flu hosp,2,53,quantile,0.1,51,2027-03-27
2027-03-13,wk inc flu hosp,2,53,quantile,0.15,57,2027-03-27
2027-03-13,wk inc flu hosp,2,53,quantile,0.2,59,2027-03-27
2027-03-13,wk inc flu hosp,2,53,quantile,0.25,62,2027-03-27
2027-03-13,wk inc flu hosp,2,53,quantile,0.3,66,2027-03-27
2027-03-13,wk inc flu hosp,2,53,quantile,0.35,70,2027-03-27
2027-03-13,wk inc flu hosp,2,53,quantile,0.4,73,2027-03-27
2027-03-13,wk inc flu hosp,2,53,quantile,0.45,76,2027-03-27
2027-03-13,wk inc flu hosp,2,53,quantile,0.5,78,2027-03-27
2027-03-13,wk inc flu hosp,2,53,quantile,0.55,82,2027-03-27
2027-03-13,wk inc flu hosp,2,53,quantile,0.6,85,2027-03-27
2027-03-13,wk inc flu hosp,2,53,quantile,0.65,87,2027-03-27
2027-03-13,wk inc flu hosp,2,53,quantile,0.7,89,2027-03-27
2027-03-13,wk inc flu hosp,2,53,quantile,0.75,94,2027-03-27
2027-03-13,wk inc flu hosp,2,53,quantile,0.8,100,2027-03-27
2027-03-13,wk inc flu hosp,2,53,quantile,0.85,107,2027-03-27
2027-03-13,wk inc flu hosp,2,53,quantile,0.9,118,2027-03-27
2027-03-13,wk inc flu hosp,2,53,quantile,0.95,141,2027-03-27
2027-03-13,wk inc flu hosp,2,53,quantile,0.975,217,2027-03-27
2027-03-13,wk inc flu hosp,2,53,quantile,0.99,236,2027-03-27
2027-03-13,wk inc flu hosp,2,54,quantile,0.01,44,2027-03-27
2027-03-13,wk inc flu hosp,2,54,quantile,0.025,45,2027-03-27
2027-03-13,wk inc flu hosp,2,54,quantile,0.05,50,2027-03-27
2027-03-13,wk inc flu hosp,2,54,quantile,0.1,58,2027-03-27
2027-03-13,wk inc flu hosp,2,54,quantile,0.15,63,2027-03-27
2027-03-13,wk inc flu hosp,2,54,quantile,0.2,65,2027-03-27
2027-03-13,wk inc flu hosp,2,54,quantile,0.25,69,2027-03-27
2027-03-13,wk inc flu hosp,2,54,quantile,0.3,72,2027-03-27
2027-03-13,wk inc flu hosp,2,54,quantile,0.35,74,2027-03-27
2027-03-13,wk inc flu hosp,2,54,quantile,0.4,78,2027-03-27
2027-03-13,wk inc flu hosp,2,54,quantile,0.45,80,2027-03-27
2027-03-13,wk inc flu hosp,2,54,quantile,0.5,83,2027-03-27
2027-03-13,wk inc flu hosp,2,54,quantile,0.55,85,2027-03-27
2027-03-13,wk inc flu hosp,2,54,quantile,0.6,88,2027-03-27
2027-03-13,wk inc flu hosp,2,54,quantile,0.65,92,2027-03-27
2027-03-13,wk inc flu hosp,2,54,quantile,0.7,95,2027-03-27
2027-03-13,wk inc flu hosp,2,54,quantile,0.75,99,2027-03-27
2027-03-13,wk inc flu hosp,2,54,quantile,0.8,105,2027-03-27
2027-03-13,wk inc flu hosp,2,54,quantile,0.85,107,2027-03-27
2027-03-13,wk inc flu hosp,2,54,quantile,0.9,116,2027-03-27
2027-03-13,wk inc flu hosp,2,54,quantile,0.95,141,2027-03-27
2027-03-13,wk inc flu hosp,2,54,quantile,0.975,171,2027-03-27
2027-03-13,wk inc flu hosp,2,54,quantile,0.99,196,2027-03-27
2027-03-13,wk inc flu hosp,2,55,quantile,0.01,45,2027-03-27
2027-03-13,wk inc flu hosp,2,55,quantile,0.025,49,2027-03-27
2027-03-13,wk inc flu hosp,2,55,quantile,0.05,54,2027-03-27
2027-03-13,wk inc flu hosp,2,55,quantile,0.1,66,2027-03-27
2027-03-13,wk inc flu hosp,2,55,quantile,0.15,74,2027-03-27
2027-03-13,wk inc flu hosp,2,55,quantile,0.2,77,2027-03-27
2027-03-13,wk inc flu hosp,2,55,quantile,0.25,79,2027-03-27
2027-03-13,wk inc flu hosp,2,55,quantile,0.3,83,2027-03-27
2027-03-13,wk inc flu hosp,2,55,quantile,0.35,88,2027-03-27
2027-03-13,wk inc flu hosp,2,55,quantile,0.4,92,2027-03-27
2027-03-13,wk inc flu hosp,2,55,quantile,0.45,96,2027-03-27
2027-03-13,wk inc flu hosp,2,55,quantile,0.5,98,2027-03-27
2027-03-13,wk inc flu hosp,2,55,quantile,0.55,102,2027-03-27
2027-03-13,wk inc flu hosp,2,55,quantile,0.6,106,2027-03-27
2027-03-13,wk inc flu hosp,2,55,quantile,0.65,109,2027-03-27
2027-03-13,wk inc flu hosp,2,55,quantile,0.7,113,2027-03-27
2027-03-13,wk inc flu hosp,2,55,quantile,0.75,120,2027-03-27
2027-03-13,wk inc flu hosp,2,55,quantile,0.8,127,2027-03-27
2027-03-13,wk inc flu hosp,2,55,quantile,0.85,135,2027-03-27
2027-03-13,wk inc flu hosp,2,55,quantile,0.9,150,2027-03-27
2027-03-13,wk inc flu hosp,2,55,quantile,0.95,173,2027-03-27
2027-03-13,wk inc flu hosp,2,55,quantile,0.975,250,2027-03-27
2027-03-13,wk inc flu hosp,2,55,quantile,0.99,271,2027-03-27
2027-03-13,wk inc flu hosp,2,56,quantile,0.01,3,2027-03-27
2027-03-13,wk inc flu hosp,2,56,quantile,0.025,5,2027-03-27
2027-03-13,wk inc flu hosp,2,56,quantile,0.05,7,2027-03-27
2027-03-13,wk inc flu hosp,2,56,quantile,0.1,9,2027-03-27
2027-03-13,wk inc flu hosp,2,56,quantile,0.15,11,2027-03-27
2027-03-13,wk inc flu hosp,2,56,quantile,0.2,12,2027-03-27
2027-03-13,wk inc flu hosp,2,56,quantile,0.25,12,2027-03-27
2027-03-13,wk inc flu hosp,2,56,quantile,0.3,15,2027-03-27
2027-03-13,wk inc flu hosp,2,56,quantile,0.35,16,2027-03-27
2027-03-13,wk inc flu hosp,2,56,quantile,0.4,17,2027-03-27
2027-03-13,wk inc flu hosp,2,56,quantile,0.45,18,2027-03-27
2027-03-13,wk inc flu hosp,2,56,quantile,0.5,18,2027-03-27
2027-03-13,wk inc flu hosp,2,56,quantile,0.55,19,2027-03-27
2027-03-13,wk inc flu hosp,2,56,quantile,0.6,22,2027-03-27
2027-03-13,wk inc flu hosp,2,56,quantile,0.65,23,2027-03-27
2027-03-13,wk inc flu hosp,2,56,quantile,0.7,24,2027-03-27
2027-03-13,wk inc flu hosp,2,56,quantile,0.75,25,2027-03-27
2027-03-13,wk inc flu hosp,2,56,quantile,0.8,27,2027-03-27
2027-03-13,wk inc flu hosp,2,56,quantile,0.85,31,2027-03-27
2027-03-13,wk inc flu hosp,2,56,quantile,0.9,34,2027-03-27
2027-03-13,wk inc flu hosp,2,56,quantile,0.95,39,2027-03-27
2027-03-13,wk inc flu hosp,2,56,quantile,0.975,46,2027-03-27
2027-03-13,wk inc flu hosp,2,56,quantile,0.99,47,2027-03-27
2027-03-13,wk inc flu hosp,2,72,quantile,0.01,89,2027-03-27
2027-03-13,wk inc flu hosp,2,72,quantile,0.025,106,2027-03-27
2027-03-13,wk inc flu hosp,2,72,quantile,0.05,119,2027-03-27
2027-03-13,wk inc flu hosp,2,72,quantile,0.1,152,2027-03-27
2027-03-13,wk inc flu hosp,2,72,quantile,0.15,161,2027-03-27
2027-03-13,wk inc flu hosp,2,72,quantile,0.2,175,2027-03-27
2027-03-13,wk inc flu hosp,2,72,quantile,0.25,188,2027-03-27
2027-03-13,wk inc flu hosp,2,72,quantile,0.3,206,2027-03-27
2027-03-13,wk inc flu hosp,2,72,quantile,0.35,225,2027-03-27
2027-03-13,wk inc flu hosp,2,72,quantile,0.4,237,2027-03-27
2027-03-13,wk inc flu hosp,2,72,quantile,0.45,246,2027-03-27
2027-03-13,wk inc flu hosp,2,72,quantile,0.5,253,2027-03-27
2027-03-13,wk inc flu hosp,2,72,quantile,0.55,265,2027-03-27
2027-03-13,wk inc flu hosp,2,72,quantile,0.6,275,2027-03-27
2027-03-13,wk inc flu hosp,2,72,quantile,0.65,289,2027-03-27
2027-03-13,wk inc flu hosp,2,72,quantile,0.7,297,2027-03-27
2027-03-13,wk inc flu hosp,2,72,quantile,0.75,316,2027-03-27
2027-03-13,wk inc flu hosp,2,72,quantile,0.8,339,2027-03-27
2027-03-13,wk inc flu hosp,2,72,quantile,0.85,360,2027-03-27
2027-03-13,wk inc flu hosp,2,72,quantile,0.9,396,2027-03-27
2027-03-13,wk inc flu hosp,2,72,quantile,0.95,455,2027-03-27
2027-03-13,wk inc flu hosp,2,72,quantile,0.975,569,2027-03-27
2027-03-13,wk inc flu hosp,2,72,quantile,0.99,589,2027-03-27
2027-03-13,wk inc flu hosp,2,USA,quantile,0.01,5897,2027-03-27
2027-03-13,wk inc flu hosp,2,USA,quantile,0.025,6040,2027-03-27
2027-03-13,wk inc flu hosp,2,USA,quantile,0.05,6269,2027-03-27
2027-03-13,wk inc flu hosp,2,USA,quantile,0.1,6878,2027-03-27
2027-03-13,wk inc flu hosp,2,USA,quantile,0.15,7191,2027-03-27
2027-03-13,wk inc flu hosp,2,USA,quantile,0.2,7287,2027-03-27
2027-03-13,wk inc flu hosp,2,USA,quantile,0.25,7353,2027-03-27
2027-03-13,wk inc flu hosp,2,USA,quantile,0.3,7417,2027-03-27
2027-03-13,wk inc flu hosp,2,USA,quantile,0.35,7480,2027-03-27
2027-03-13,wk inc flu hosp,2,USA,quantile,0.4,7577,2027-03-27
2027-03-13,wk inc flu hosp,2,USA,quantile,0.45,7723,2027-03-27
2027-03-13,wk inc flu hosp,2,USA,quantile,0.5,7867,2027-03-27
2027-03-13,wk inc flu hosp,2,USA,quantile,0.55,7918,2027-03-27
2027-03-13,wk inc flu hosp,2,USA,quantile,0.6,7986,2027-03-27
2027-03-13,wk inc flu hosp,2,USA,quantile,0.65,8034,2027-03-27
2027-03-13,wk inc flu hosp,2,USA,quantile,0.7,8133,2027-03-27
2027-03-13,wk inc flu hosp,2,USA,quantile,0.75,8238,2027-03-27
2027-03-13,wk inc flu hosp,2,USA,quantile,0.8,8442,2027-03-27
2027-03-13,wk inc flu hosp,2,USA,quantile,0.85,8563,2027-03-27
2027-03-13,wk inc flu hosp,2,USA,quantile,0.9,8941,2027-03-27
2027-03-13,wk inc flu hosp,2,USA,quantile,0.95,9523,2027-03-27
2027-03-13,wk inc flu hosp,2,USA,quantile,0.975,16263,2027-03-27
2027-03-13,wk inc flu hosp,2,USA,quantile,0.99,16634,2027-03-27
2027-03-13,wk inc flu hosp,3,01,quantile,0.01,34,2027-04-03
2027-03-13,wk inc flu hosp,3,01,quantile,0.025,44,2027-04-03
2027-03-13,wk inc flu hosp,3,01,quantile,0.05,47,2027-04-03
2027-03-13,wk inc flu hosp,3,01,quantile,0.1,56,2027-04-03
2027-03-13,wk inc flu hosp,3,01,quantile,0.15,59,2027-04-03
2027-03-13,wk inc flu hosp,3,01,quantile,0.2,67,2027-04-03
2027-03-13,wk inc flu hosp,3,01,quantile,0.25,72,2027-04-03
2027-03-13,wk inc flu hosp,3,01,quantile,0.3,79,2027-04-03
2027-03-13,wk inc flu hosp,3,01,quantile,0.35,82,2027-04-03
2027-03-13,wk inc flu hosp,3,01,quantile,0.4,86,2027-04-03
2027-03-13,wk inc flu hosp,3,01,quantile,0.45,89,2027-04-03
2027-03-13,wk inc flu hosp,3,01,quantile,0.5,92,2027-04-03
2027-03-13,wk inc flu hosp,3,01,quantile,0.55,96,2027-04-03
2027-03-13,wk inc flu hosp,3,01,quantile,0.6,98,2027-04-03
2027-03-13,wk inc flu hosp,3,01,quantile,0.65,103,2027-04-03
2027-03-13,wk inc flu hosp,3,01,quantile,0.7,113,2027-04-03
2027-03-13,wk inc flu hosp,3,01,quantile,0.75,115,2027-04-03
2027-03-13,wk inc flu hosp,3,01,quantile,0.8,121,2027-04-03
2027-03-13,wk inc flu hosp,3,01,quantile,0.85,128,2027-04-03
2027-03-13,wk inc flu hosp,3,01,quantile,0.9,145,2027-04-03
2027-03-13,wk inc flu hosp,3,01,quantile,0.95,181,2027-04-03
2027-03-13,wk inc flu hosp,3,01,quantile,0.975,196,2027-04-03
2027-03-13,wk inc flu hosp,3,01,quantile,0.99,207,2027-04-03
2027-03-13,wk inc flu hosp,3,02,quantile,0.01,0,2027-04-03
2027-03-13,wk inc flu hosp,3,02,quantile,0.025,0,2027-04-03
2027-03-13,wk inc flu hosp,3,02,quantile,0.05,0,2027-04-03
2027-03-13,wk inc flu hosp,3,02,quantile,0.1,1,2027-04-03
2027-03-13,wk inc flu hosp,3,02,quantile,0.15,3,2027-04-03
2027-03-13,wk inc flu hosp,3,02,quantile,0.2,4,2027-04-03
2027-03-13,wk inc flu hosp,3,02,quantile,0.25,7,2027-04-03
2027-03-13,wk inc flu hosp,3,02,quantile,0.3,8,2027-04-03
2027-03-13,wk inc flu hosp,3,02,quantile,0.35,10,2027-04-03
2027-03-13,wk inc flu hosp,3,02,quantile,0.4,11,2027-04-03
2027-03-13,wk inc flu hosp,3,02,quantile,0.45,12,2027-04-03
2027-03-13,wk inc flu hosp,3,02,quantile,0.5,14,2027-04-03
2027-03-13,wk inc flu hosp,3,02,quantile,0.55,16,2027-04-03
2027-03-13,wk inc flu hosp,3,02,quantile,0.6,17,2027-04-03
2027-03-13,wk inc flu hosp,3,02,quantile,0.65,19,2027-04-03
2027-03-13,wk inc flu hosp,3,02,quantile,0.7,21,2027-04-03
2027-03-13,wk inc flu hosp,3,02,quantile,0.75,25,2027-04-03
2027-03-13,wk inc flu hosp,3,02,quantile,0.8,27,2027-04-03
2027-03-13,wk inc flu hosp,3,02,quantile,0.85,30,2027-04-03
2027-03-13,wk inc flu hosp,3,02,quantile,0.9,37,2027-04-03
2027-03-13,wk inc flu hosp,3,02,quantile,0.95,45,2027-04-03
2027-03-13,wk inc flu hosp,3,02,quantile,0.975,48,2027-04-03
2027-03-13,wk inc flu hosp,3,02,quantile,0.99,58,2027-04-03
2027-03-13,wk inc flu hosp,3,04,quantile,0.01,72,2027-04-03
2027-03-13,wk inc flu hosp,3,04,quantile,0.025,83,2027-04-03
2027-03-13,wk inc flu hosp,3,04,quantile,0.05,95,2027-04-03
2027-03-13,wk inc flu hosp,3,04,quantile,0.1,102,2027-04-03
2027-03-13,wk inc flu hosp,3,04,quantile,0.15,109,2027-04-03
2027-03-13,wk inc flu hosp,3,04,quantile,0.2,115,2027-04-03
2027-03-13,wk inc flu hosp,3,04,quantile,0.25,126,2027-04-03
2027-03-13,wk inc flu hosp,3,04,quantile,0.3,136,2027-04-03
2027-03-13,wk inc flu hosp,3,04,quantile,0.35,144,2027-04-03
2027-03-13,wk inc flu hosp,3,04,quantile,0.4,157,2027-04-03
2027-03-13,wk inc flu hosp,3,04,quantile,0.45,170,2027-04-03
2027-03-13,wk inc flu hosp,3,04,quantile,0.5,176,2027-04-03
2027-03-13,wk inc flu hosp,3,04,quantile,0.55,181,2027-04-03
2027-03-13,wk inc flu hosp,3,04,quantile,0.6,186,2027-04-03
2027-03-13,wk inc flu hosp,3,04,quantile,0.65,199,2027-04-03
2027-03-13,wk inc flu hosp,3,04,quantile,0.7,211,2027-04-03
2027-03-13,wk inc flu hosp,3,04,quantile,0.75,218,2027-04-03
2027-03-13,wk inc flu hosp,3,04,quantile,0.8,227,2027-04-03
2027-03-13,wk inc flu hosp,3,04,quantile,0.85,240,2027-04-03
2027-03-13,wk inc flu hosp,3,04,quantile,0.9,267,2027-04-03
2027-03-13,wk inc flu hosp,3,04,quantile,0.95,358,2027-04-03
2027-03-13,wk inc flu hosp,3,04,quantile,0.975,381,2027-04-03
2027-03-13,wk inc flu hosp,3,04,quantile,0.99,420,2027-04-03
2027-03-13,wk inc flu hosp,3,05,quantile,0.01,47,2027-04-03
2027-03-13,wk inc flu hosp,3,05,quantile,0.025,48,2027-04-03
2027-03-13,wk inc flu hosp,3,05,quantile,0.05,55,2027-04-03
2027-03-13,wk inc flu hosp,3,05,quantile,0.1,62,2027-04-03
2027-03-13,wk inc flu hosp,3,05,quantile,0.15,65,2027-04-03
2027-03-13,wk inc flu hosp,3,05,quantile,0.2,71,2027-04-03
2027-03-13,wk inc flu hosp,3,05,quantile,0.25,76,2027-04-03
2027-03-13,wk inc flu hosp,3,05,quantile,0.3,79,2027-04-03
2027-03-13,wk inc flu hosp,3,05,quantile,0.35,84,2027-04-03
2027-03-13,wk inc flu hosp,3,05,quantile,0.4,87,2027-04-03
2027-03-13,wk inc flu hosp,3,05,quantile,0.45,89,2027-04-03
2027-03-13,wk inc flu hosp,3,05,quantile,0.5,93,2027-04-03
2027-03-13,wk inc flu hosp,3,05,quantile,0.55,95,2027-04-03
2027-03-13,wk inc flu hosp,3,05,quantile,0.6,98,2027-04-03
2027-03-13,wk inc flu hosp,3,05,quantile,0.65,102,2027-04-03
2027-03-13,wk inc flu hosp,3,05,quantile,0.7,107,2027-04-03
2027-03-13,wk inc flu hosp,3,05,quantile,0.75,112,2027-04-03
2027-03-13,wk inc flu hosp,3,05,quantile,0.8,119,2027-04-03
2027-03-13,wk inc flu hosp,3,05,quantile,0.85,123,2027-04-03
2027-03-13,wk inc flu hosp,3,05,quantile,0.9,135,2027-04-03
2027-03-13,wk inc flu hosp,3,05,quantile,0.95,155,2027-04-03
2027-03-13,wk inc flu hosp,3,05,quantile,0.975,191,2027-04-03
2027-03-13,wk inc flu hosp,3,05,quantile,0.99,220,2027-04-03
2027-03-13,wk inc flu hosp,3,06,quantile,0.01,236,2027-04-03
2027-03-13,wk inc flu hosp,3,06,quantile,0.025,243,2027-04-03
2027-03-13,wk inc flu hosp,3,06,quantile,0.05,267,2027-04-03
2027-03-13,wk inc flu hosp,3,06,quantile,0.1,296,2027-04-03
2027-03-13,wk inc flu hosp,3,06,quantile,0.15,327,2027-04-03
2027-03-13,wk inc flu hosp,3,06,quantile,0.2,347,2027-04-03
2027-03-13,wk inc flu hosp,3,06,quantile,0.25,355,2027-04-03
2027-03-13,wk inc flu hosp,3,06,quantile,0.3,388,2027-04-03
2027-03-13,wk inc flu hosp,3,06,quantile,0.35,412,2027-04-03
2027-03-13,wk inc flu hosp,3,06,quantile,0.4,428,2027-04-03
2027-03-13,wk inc flu hosp,3,06,quantile,0.45,451,2027-04-03
2027-03-13,wk inc flu hosp,3,06,quantile,0.5,466,2027-04-03
2027-03-13,wk inc flu hosp,3,06,quantile,0.55,482,2027-04-03
2027-03-13,wk inc flu hosp,3,06,quantile,0.6,502,2027-04-03
2027-03-13,wk inc flu hosp,3,06,quantile,0.65,516,2027-04-03
2027-03-13,wk inc flu hosp,3,06,quantile,0.7,530,2027-04-03
2027-03-13,wk inc flu hosp,3,06,quantile,0.75,552,2027-04-03
2027-03-13,wk inc flu hosp,3,06,quantile,0.8,588,2027-04-03
2027-03-13,wk inc flu hosp,3,06,quantile,0.85,633,2027-04-03
2027-03-13,wk inc flu hosp,3,06,quantile,0.9,699,2027-04-03
2027-03-13,wk inc flu hosp,3,06,quantile,0.95,819,2027-04-03
2027-03-13,wk inc flu hosp,3,06,quantile,0.975,877,2027-04-03
2027-03-13,wk inc flu hosp,3,06,quantile,0.99,962,2027-04-03
2027-03-13,wk inc flu hosp,3,08,quantile,0.01,44,2027-04-03
2027-03-13,wk inc flu hosp,3,08,quantile,0.025,45,2027-04-03
2027-03-13,wk inc flu hosp,3,08,quantile,0.05,51,2027-04-03
2027-03-13,wk inc flu hosp,3,08,quantile,0.1,54,2027-04-03
2027-03-13,wk inc flu hosp,3,08,quantile,0.15,62,2027-04-03
2027-03-13,wk inc flu hosp,3,08,quantile,0.2,68,2027-04-03
2027-03-13,wk inc flu hosp,3,08,quantile,0.25,73,2027-04-03
2027-03-13,wk inc flu hosp,3,08,quantile,0.3,75,2027-04-03
2027-03-13,wk inc flu hosp,3,08,quantile,0.35,79,2027-04-03
2027-03-13,wk inc flu hosp,3,08,quantile,0.4,82,2027-04-03
2027-03-13,wk inc flu hosp,3,08,quantile,0.45,85,2027-04-03
2027-03-13,wk inc flu hosp,3,08,quantile,0.5,88,2027-04-03
2027-03-13,wk inc flu hosp,3,08,quantile,0.55,92,2027-04-03
2027-03-13,wk inc flu hosp,3,08,quantile,0.6,97,2027-04-03
2027-03-13,wk inc flu hosp,3,08,quantile,0.65,101,2027-04-03
2027-03-13,wk inc flu hosp,3,08,quantile,0.7,106,2027-04-03
2027-03-13,wk inc flu hosp,3,08,quantile,0.75,112,2027-04-03
2027-03-13,wk inc flu hosp,3,08,quantile,0.8,117,2027-04-03
2027-03-13,wk inc flu hosp,3,08,quantile,0.85,121,2027-04-03
2027-03-13,wk inc flu hosp,3,08,quantile,0.9,136,2027-04-03
2027-03-13,wk inc flu hosp,3,08,quantile,0.95,170,2027-04-03
2027-03-13,wk inc flu hosp,3,08,quantile,0.975,198,2027-04-03
2027-03-13,wk inc flu hosp,3,08,quantile,0.99,205,2027-04-03
2027-03-13,wk inc flu hosp,3,09,quantile,0.01,20,2027-04-03
2027-03-13,wk inc flu hosp,3,09,quantile,0.025,24,2027-04-03
2027-03-13,wk inc flu hosp,3,09,quantile,0.05,28,2027-04-03
2027-03-13,wk inc flu hosp,3,09,quantile,0.1,37,2027-04-03
2027-03-13,wk inc flu hosp,3,09,quantile,0.15,42,2027-04-03
2027-03-13,wk inc flu hosp,3,09,quantile,0.2,46,2027-04-03
2027-03-13,wk inc flu hosp,3,09,quantile,0.25,49,2027-04-03
2027-03-13,wk inc flu hosp,3,09,quantile,0.3,53,2027-04-03
2027-03-13,wk inc flu hosp,3,09,quantile,0.35,57,2027-04-03
2027-03-13,wk inc flu hosp,3,09,quantile,0.4,58,2027-04-03
2027-03-13,wk inc flu hosp,3,09,quantile,0.45,62,2027-04-03
2027-03-13,wk inc flu hosp,3,09,quantile,0.5,64,2027-04-03
2027-03-13,wk inc flu hosp,3,09,quantile,0.55,66,2027-04-03
2027-03-13,wk inc flu hosp,3,09,quantile,0.6,69,2027-04-03
2027-03-13,wk inc flu hosp,3,09,quantile,0.65,75,2027-04-03
2027-03-13,wk inc flu hosp,3,09,quantile,0.7,79,2027-04-03
2027-03-13,wk inc flu hosp,3,09,quantile,0.75,85,2027-04-03
2027-03-13,wk inc flu hosp,3,09,quantile,0.8,90,2027-04-03
2027-03-13,wk inc flu hosp,3,09,quantile,0.85,97,2027-04-03
2027-03-13,wk inc flu hosp,3,09,quantile,0.9,109,2027-04-03
2027-03-13,wk inc flu hosp,3,09,quantile,0.95,130,2027-04-03
2027-03-13,wk inc flu hosp,3,09,quantile,0.975,201,2027-04-03
2027-03-13,wk inc flu hosp,3,09,quantile,0.99,214,2027-04-03
2027-03-13,wk inc flu hosp,3,10,quantile,0.01,7,2027-04-03
2027-03-13,wk inc flu hosp,3,10,quantile,0.025,8,2027-04-03
2027-03-13,wk inc flu hosp,3,10,quantile,0.05,9,2027-04-03
2027-03-13,wk inc flu hosp,3,10,quantile,0.1,11,2027-04-03
2027-03-13,wk inc flu hosp,3,10,quantile,0.15,12,2027-04-03
2027-03-13,wk inc flu hosp,3,10,quantile,0.2,13,2027-04-03
2027-03-13,wk inc flu hosp,3,10,quantile,0.25,14,2027-04-03
2027-03-13,wk inc flu hosp,3,10,quantile,0.3,16,2027-04-03
2027-03-13,wk inc flu hosp,3,10,quantile,0.35,16,2027-04-03
2027-03-13,wk inc flu hosp,3,10,quantile,0.4,18,2027-04-03
2027-03-13,wk inc flu hosp,3,10,quantile,0.45,18,2027-04-03
2027-03-13,wk inc flu hosp,3,10,quantile,0.5,19,2027-04-03
2027-03-13,wk inc flu hosp,3,10,quantile,0.55,20,2027-04-03
2027-03-13,wk inc flu hosp,3,10,quantile,0.6,22,2027-04-03
2027-03-13,wk inc flu hosp,3,10,quantile,0.65,23,2027-04-03
2027-03-13,wk inc flu hosp,3,10,quantile,0.7,25,2027-04-03
2027-03-13,wk inc flu hosp,3,10,quantile,0.75,27,2027-04-03
2027-03-13,wk inc flu hosp,3,10,quantile,0.8,29,2027-04-03
2027-03-13,wk inc flu hosp,3,10,quantile,0.85,32,2027-04-03
2027-03-13,wk inc flu hosp,3,10,quantile,0.9,35,2027-04-03
2027-03-13,wk inc flu hosp,3,10,quantile,0.95,38,2027-04-03
2027-03-13,wk inc flu hosp,3,10,quantile,0.975,45,2027-04-03
2027-03-13,wk inc flu hosp,3,10,quantile,0.99,50,2027-04-03
2027-03-13,wk inc flu hosp,3,11,quantile,0.01,3,2027-04-03
2027-03-13,wk inc flu hosp,3,11,quantile,0.025,6,2027-04-03
2027-03-13,wk inc flu hosp,3,11,quantile,0.05,9,2027-04-03
2027-03-13,wk inc flu hosp,3,11,quantile,0.1,14,2027-04-03
2027-03-13,wk inc flu hosp,3,11,quantile,0.15,18,2027-04-03
2027-03-13,wk inc flu hosp,3,11,quantile,0.2,21,2027-04-03
2027-03-13,wk inc flu hosp,3,11,quantile,0.25,23,2027-04-03
2027-03-13,wk inc flu hosp,3,11,quantile,0.3,25,2027-04-03
2027-03-13,wk inc flu hosp,3,11,quantile,0.35,26,2027-04-03
2027-03-13,wk inc flu hosp,3,11,quantile,0.4,29,2027-04-03
2027-03-13,wk inc flu hosp,3,11,quantile,0.45,30,2027-04-03
2027-03-13,wk inc flu hosp,3,11,quantile,0.5,32,2027-04-03
2027-03-13,wk inc flu hosp,3,11,quantile,0.55,34,2027-04-03
2027-03-13,wk inc flu hosp,3,11,quantile,0.6,36,2027-04-03
2027-03-13,wk inc flu hosp,3,11,quantile,0.65,37,2027-04-03
2027-03-13,wk inc flu hosp,3,11,quantile,0.7,40,2027-04-03
2027-03-13,wk inc flu hosp,3,11,quantile,0.75,44,2027-04-03
2027-03-13,wk inc flu hosp,3,11,quantile,0.8,50,2027-04-03
2027-03-13,wk inc flu hosp,3,11,quantile,0.85,54,2027-04-03
2027-03-13,wk inc flu hosp,3,11,quantile,0.9,63,2027-04-03
2027-03-13,wk inc flu hosp,3,11,quantile,0.95,71,2027-04-03
2027-03-13,wk inc flu hosp,3,11,quantile,0.975,87,2027-04-03
2027-03-13,wk inc flu hosp,3,11,quantile,0.99,103,2027-04-03
2027-03-13,wk inc flu hosp,3,12,quantile,0.01,292,2027-04-03
2027-03-13,wk inc flu hosp,3,12,quantile,0.025,318,2027-04-03
2027-03-13,wk inc flu hosp,3,12,quantile,0.05,332,2027-04-03
2027-03-13,wk inc flu hosp,3,12,quantile,0.1,388,2027-04-03
2027-03-13,wk inc flu hosp,3,12,quantile,0.15,416,2027-04-03
2027-03-13,wk inc flu hosp,3,12,quantile,0.2,434,2027-04-03
2027-03-13,wk inc flu hosp,3,12,quantile,0.25,453,2027-04-03
2027-03-13,wk inc flu hosp,3,12,quantile,0.3,503,2027-04-03
2027-03-13,wk inc flu hosp,3,12,quantile,0.35,519,2027-04-03
2027-03-13,wk inc flu hosp,3,12,quantile,0.4,535,2027-04-03
2027-03-13,wk inc flu hosp,3,12,quantile,0.45,552,2027-04-03
2027-03-13,wk inc flu hosp,3,12,quantile,0.5,573,2027-04-03
2027-03-13,wk inc flu hosp,3,12,quantile,0.55,596,2027-04-03
2027-03-13,wk inc flu hosp,3,12,quantile,0.6,621,2027-04-03
2027-03-13,wk inc flu hosp,3,12,quantile,0.65,641,2027-04-03
2027-03-13,wk inc flu hosp,3,12,quantile,0.7,663,2027-04-03
2027-03-13,wk inc flu hosp,3,12,quantile,0.75,686,2027-04-03
2027-03-13,wk inc flu hosp,3,12,quantile,0.8,708,2027-04-03
2027-03-13,wk inc flu hosp,3,12,quantile,0.85,732,2027-04-03
2027-03-13,wk inc flu hosp,3,12,quantile,0.9,787,2027-04-03
2027-03-13,wk inc flu hosp,3,12,quantile,0.95,848,2027-04-03
2027-03-13,wk inc flu hosp,3,12,quantile,0.975,904,2027-04-03
2027-03-13,wk inc flu hosp,3,12,quantile,0.99,981,2027-04-03
2027-03-13,wk inc flu hosp,3,13,quantile,0.01,51,2027-04-03
2027-03-13,wk inc flu hosp,3,13,quantile,0.025,59,2027-04-03
2027-03-13,wk inc flu hosp,3,13,quantile,0.05,69,2027-04-03
2027-03-13,wk inc flu hosp,3,13,quantile,0.1,81,2027-04-03
2027-03-13,wk inc flu hosp,3,13,quantile,0.15,86,2027-04-03
2027-03-13,wk inc flu hosp,3,13,quantile,0.2,90,2027-04-03
2027-03-13,wk inc flu hosp,3,13,quantile,0.25,96,2027-04-03
2027-03-13,wk inc flu hosp,3,13,quantile,0.3,101,2027-04-03
2027-03-13,wk inc flu hosp,3,13,quantile,0.35,106,2027-04-03
2027-03-13,wk inc flu hosp,3,13,quantile,0.4,114,2027-04-03
2027-03-13,wk inc flu hosp,3,13,quantile,0.45,121,2027-04-03
2027-03-13,wk inc flu hosp,3,13,quantile,0.5,128,2027-04-03
2027-03-13,wk inc flu hosp,3,13,quantile,0.55,140,2027-04-03
2027-03-13,wk inc flu hosp,3,13,quantile,0.6,145,2027-04-03
2027-03-13,wk inc flu hosp,3,13,quantile,0.65,151,2027-04-03
2027-03-13,wk inc flu hosp,3,13,quantile,0.7,159,2027-04-03
2027-03-13,wk inc flu hosp,3,13,quantile,0.75,163,2027-04-03
2027-03-13,wk inc flu hosp,3,13,quantile,0.8,173,2027-04-03
2027-03-13,wk inc flu hosp,3,13,quantile,0.85,183,2027-04-03
2027-03-13,wk inc flu hosp,3,13,quantile,0.9,198,2027-04-03
2027-03-13,wk inc flu hosp,3,13,quantile,0.95,229,2027-04-03
2027-03-13,wk inc flu hosp,3,13,quantile,0.975,305,2027-04-03
2027-03-13,wk inc flu hosp,3,13,quantile,0.99,338,2027-04-03
2027-03-13,wk inc flu hosp,3,15,quantile,0.01,3,2027-04-03
2027-03-13,wk inc flu hosp,3,15,quantile,0.025,5,2027-04-03
2027-03-13,wk inc flu hosp,3,15,quantile,0.05,7,2027-04-03
2027-03-13,wk inc flu hosp,3,15,quantile,0.1,9,2027-04-03
2027-03-13,wk inc flu hosp,3,15,quantile,0.15,11,2027-04-03
2027-03-13,wk inc flu hosp,3,15,quantile,0.2,12,2027-04-03
2027-03-13,wk inc flu hosp,3,15,quantile,0.25,13,2027-04-03
2027-03-13,wk inc flu hosp,3,15,quantile,0.3,14,2027-04-03
2027-03-13,wk inc flu hosp,3,15,quantile,0.35,14,2027-04-03
2027-03-13,wk inc flu hosp,3,15,quantile,0.4,16,2027-04-03
2027-03-13,wk inc flu hosp,3,15,quantile,0.45,17,2027-04-03
2027-03-13,wk inc flu hosp,3,15,quantile,0.5,18,2027-04-03
2027-03-13,wk inc flu hosp,3,15,quantile,0.55,18,2027-04-03
2027-03-13,wk inc flu hosp,3,15,quantile,0.6,20,2027-04-03
2027-03-13,wk inc flu hosp,3,15,quantile,0.65,21,2027-04-03
2027-03-13,wk inc flu hosp,3,15,quantile,0.7,23,2027-04-03
2027-03-13,wk inc flu hosp,3,15,quantile,0.75,25,2027-04-03
2027-03-13,wk inc flu hosp,3,15,quantile,0.8,28,2027-04-03
2027-03-13,wk inc flu hosp,3,15,quantile,0.85,31,2027-04-03
2027-03-13,wk inc flu hosp,3,15,quantile,0.9,35,2027-04-03
2027-03-13,wk inc flu hosp,3,15,quantile,0.95,45,2027-04-03
2027-03-13,wk inc flu hosp,3,15,quantile,0.975,47,2027-04-03
2027-03-13,wk inc flu hosp,3,15,quantile,0.99,51,2027-04-03
2027-03-13,wk inc flu hosp,3,16,quantile,0.01,27,2027-04-03
2027-03-13,wk inc flu hosp,3,16,quantile,0.025,28,2027-04-03
2027-03-13,wk inc flu hosp,3,16,quantile,0.05,32,2027-04-03
2027-03-13,wk inc flu hosp,3,16,quantile,0.1,34,2027-04-03
2027-03-13,wk inc flu hosp,3,16,quantile,0.15,38,2027-04-03
2027-03-13,wk inc flu hosp,3,16,quantile,0.2,41,2027-04-03
2027-03-13,wk inc flu hosp,3,16,quantile,0.25,42,2027-04-03
2027-03-13,wk inc flu hosp,3,16,quantile,0.3,45,2027-04-03
2027-03-13,wk inc flu hosp,3,16,quantile,0.35,47,2027-04-03
2027-03-13,wk inc flu hosp,3,16,quantile,0.4,49,2027-04-03
2027-03-13,wk inc flu hosp,3,16,quantile,0.45,51,2027-04-03
2027-03-13,wk inc flu hosp,3,16,quantile,0.5,52,2027-04-03
2027-03-13,wk inc flu hosp,3,16,quantile,0.55,54,2027-04-03
2027-03-13,wk inc flu hosp,3,16,quantile,0.6,56,2027-04-03
2027-03-13,wk inc flu hosp,3,16,quantile,0.65,59,2027-04-03
2027-03-13,wk inc flu hosp,3,16,quantile,0.7,63,2027-04-03
2027-03-13,wk inc flu hosp,3,16,quantile,0.75,66,2027-04-03
2027-03-13,wk inc flu hosp,3,16,quantile,0.8,69,2027-04-03
2027-03-13,wk inc flu hosp,3,16,quantile,0.85,72,2027-04-03
2027-03-13,wk inc flu hosp,3,16,quantile,0.9,76,2027-04-03
2027-03-13,wk inc flu hosp,3,16,quantile,0.95,91,2027-04-03
2027-03-13,wk inc flu hosp,3,16,quantile,0.975,104,2027-04-03
2027-03-13,wk inc flu hosp,3,16,quantile,0.99,114,2027-04-03
2027-03-13,wk inc flu hosp,3,17,quantile,0.01,102,2027-04-03
2027-03-13,wk inc flu hosp,3,17,quantile,0.025,105,2027-04-03
2027-03-13,wk inc flu hosp,3,17,quantile,0.05,114,2027-04-03
2027-03-13,wk inc flu hosp,3,17,quantile,0.1,129,2027-04-03
2027-03-13,wk inc flu hosp,3,17,quantile,0.15,136,2027-04-03
2027-03-13,wk inc flu hosp,3,17,quantile,0.2,142,2027-04-03
2027-03-13,wk inc flu hosp,3,17,quantile,0.25,152,2027-04-03
2027-03-13,wk inc flu hosp,3,17,quantile,0.3,167,2027-04-03
2027-03-13,wk inc flu hosp,3,17,quantile,0.35,174,2027-04-03
2027-03-13,wk inc flu hosp,3,17,quantile,0.4,181,2027-04-03
2027-03-13,wk inc flu hosp,3,17,quantile,0.45,187,2027-04-03
2027-03-13,wk inc flu hosp,3,17,quantile,0.5,192,2027-04-03
2027-03-13,wk inc flu hosp,3,17,quantile,0.55,198,2027-04-03
2027-03-13,wk inc flu hosp,3,17,quantile,0.6,203,2027-04-03
2027-03-13,wk inc flu hosp,3,17,quantile,0.65,208,2027-04-03
2027-03-13,wk inc flu hosp,3,17,quantile,0.7,214,2027-04-03
2027-03-13,wk inc flu hosp,3,17,quantile,0.75,220,2027-04-03
2027-03-13,wk inc flu hosp,3,17,quantile,0.8,238,2027-04-03
2027-03-13,wk inc flu hosp,3,17,quantile,0.85,253,2027-04-03
2027-03-13,wk inc flu hosp,3,17,quantile,0.9,287,2027-04-03
2027-03-13,wk inc flu hosp,3,17,quantile,0.95,314,2027-04-03
2027-03-13,wk inc flu hosp,3,17,quantile,0.975,499,2027-04-03
2027-03-13,wk inc flu hosp,3,17,quantile,0.99,506,2027-04-03
2027-03-13,wk inc flu hosp,3,18,quantile,0.01,53,2027-04-03
2027-03-13,wk inc flu hosp,3,18,quantile,0.025,56,2027-04-03
2027-03-13,wk inc flu hosp,3,18,quantile,0.05,68,2027-04-03
2027-03-13,wk inc flu hosp,3,18,quantile,0.1,78,2027-04-03
2027-03-13,wk inc flu hosp,3,18,quantile,0.15,84,2027-04-03
2027-03-13,wk inc flu hosp,3,18,quantile,0.2,93,2027-04-03
2027-03-13,wk inc flu hosp,3,18,quantile,0.25,98,2027-04-03
2027-03-13,wk inc flu hosp,3,18,quantile,0.3,102,2027-04-03
2027-03-13,wk inc flu hosp,3,18,quantile,0.35,109,2027-04-03
2027-03-13,wk inc flu hosp,3,18,quantile,0.4,111,2027-04-03
2027-03-13,wk inc flu hosp,3,18,quantile,0.45,116,2027-04-03
2027-03-13,wk inc flu hosp,3,18,quantile,0.5,118,2027-04-03
2027-03-13,wk inc flu hosp,3,18,quantile,0.55,121,2027-04-03
2027-03-13,wk inc flu hosp,3,18,quantile,0.6,127,2027-04-03
2027-03-13,wk inc flu hosp,3,18,quantile,0.65,133,2027-04-03
2027-03-13,wk inc flu hosp,3,18,quantile,0.7,138,2027-04-03
2027-03-13,wk inc flu hosp,3,18,quantile,0.75,145,2027-04-03
2027-03-13,wk inc flu hosp,3,18,quantile,0.8,149,2027-04-03
2027-03-13,wk inc flu hosp,3,18,quantile,0.85,155,2027-04-03
2027-03-13,wk inc flu hosp,3,18,quantile,0.9,172,2027-04-03
2027-03-13,wk inc flu hosp,3,18,quantile,0.95,213,2027-04-03
2027-03-13,wk inc flu hosp,3,18,quantile,0.975,282,2027-04-03
2027-03-13,wk inc flu hosp,3,18,quantile,0.99,300,2027-04-03
2027-03-13,wk inc flu hosp,3,19,quantile,0.01,23,2027-04-03
2027-03-13,wk inc flu hosp,3,19,quantile,0.025,24,2027-04-03
2027-03-13,wk inc flu hosp,3,19,quantile,0.05,34,2027-04-03
2027-03-13,wk inc flu hosp,3,19,quantile,0.1,39,2027-04-03
2027-03-13,wk inc flu hosp,3,19,quantile,0.15,44,2027-04-03
2027-03-13,wk inc flu hosp,3,19,quantile,0.2,50,2027-04-03
2027-03-13,wk inc flu hosp,3,19,quantile,0.25,52,2027-04-03
2027-03-13,wk inc flu hosp,3,19,quantile,0.3,55,2027-04-03
2027-03-13,wk inc flu hosp,3,19,quantile,0.35,58,2027-04-03
2027-03-13,wk inc flu hosp,3,19,quantile,0.4,59,2027-04-03
2027-03-13,wk inc flu hosp,3,19,quantile,0.45,62,2027-04-03
2027-03-13,wk inc flu hosp,3,19,quantile,0.5,65,2027-04-03
2027-03-13,wk inc flu hosp,3,19,quantile,0.55,67,2027-04-03
2027-03-13,wk inc flu hosp,3,19,quantile,0.6,70,2027-04-03
2027-03-13,wk inc flu hosp,3,19,quantile,0.65,75,2027-04-03
2027-03-13,wk inc flu hosp,3,19,quantile,0.7,77,2027-04-03
2027-03-13,wk inc flu hosp,3,19,quantile,0.75,84,2027-04-03
2027-03-13,wk inc flu hosp,3,19,quantile,0.8,88,2027-04-03
2027-03-13,wk inc flu hosp,3,19,quantile,0.85,95,2027-04-03
2027-03-13,wk inc flu hosp,3,19,quantile,0.9,103,2027-04-03
2027-03-13,wk inc flu hosp,3,19,quantile,0.95,113,2027-04-03
2027-03-13,wk inc flu hosp,3,19,quantile,0.975,128,2027-04-03
2027-03-13,wk inc flu hosp,3,19,quantile,0.99,141,2027-04-03
2027-03-13,wk inc flu hosp,3,20,quantile,0.01,21,2027-04-03
2027-03-13,wk inc flu hosp,3,20,quantile,0.025,22,2027-04-03
2027-03-13,wk inc flu hosp,3,20,quantile,0.05,26,2027-04-03
2027-03-13,wk inc flu hosp,3,20,quantile,0.1,30,2027-04-03
2027-03-13,wk inc flu hosp,3,20,quantile,0.15,33,2027-04-03
2027-03-13,wk inc flu hosp,3,20,quantile,0.2,37,2027-04-03
2027-03-13,wk inc flu hosp,3,20,quantile,0.25,41,2027-04-03
2027-03-13,wk inc flu hosp,3,20,quantile,0.3,42,2027-04-03
2027-03-13,wk inc flu hosp,3,20,quantile,0.35,44,2027-04-03
2027-03-13,wk inc flu hosp,3,20,quantile,0.4,47,2027-04-03
2027-03-13,wk inc flu hosp,3,20,quantile,0.45,49,2027-04-03
2027-03-13,wk inc flu hosp,3,20,quantile,0.5,52,2027-04-03
2027-03-13,wk inc flu hosp,3,20,quantile,0.55,54,2027-04-03
2027-03-13,wk inc flu hosp,3,20,quantile,0.6,56,2027-04-03
2027-03-13,wk inc flu hosp,3,20,quantile,0.65,59,2027-04-03
2027-03-13,wk inc flu hosp,3,20,quantile,0.7,62,2027-04-03
2027-03-13,wk inc flu hosp,3,20,quantile,0.75,65,2027-04-03
2027-03-13,wk inc flu hosp,3,20,quantile,0.8,67,2027-04-03
2027-03-13,wk inc flu hosp,3,20,quantile,0.85,71,2027-04-03
2027-03-13,wk inc flu hosp,3,20,quantile,0.9,81,2027-04-03
2027-03-13,wk inc flu hosp,3,20,quantile,0.95,99,2027-04-03
2027-03-13,wk inc flu hosp,3,20,quantile,0.975,110,2027-04-03
2027-03-13,wk inc flu hosp,3,20,quantile,0.99,113,2027-04-03
2027-03-13,wk inc flu hosp,3,21,quantile,0.01,72,2027-04-03
2027-03-13,wk inc flu hosp,3,21,quantile,0.025,77,2027-04-03
2027-03-13,wk inc flu hosp,3,21,quantile,0.05,79,2027-04-03
2027-03-13,wk inc flu hosp,3,21,quantile,0.1,89,2027-04-03
2027-03-13,wk inc flu hosp,3,21,quantile,0.15,99,2027-04-03
2027-03-13,wk inc flu hosp,3,21,quantile,0.2,106,2027-04-03
2027-03-13,wk inc flu hosp,3,21,quantile,0.25,110,2027-04-03
2027-03-13,wk inc flu hosp,3,21,quantile,0.3,115,2027-04-03
2027-03-13,wk inc flu hosp,3,21,quantile,0.35,119,2027-04-03
2027-03-13,wk inc flu hosp,3,21,quantile,0.4,124,2027-04-03
2027-03-13,wk inc flu hosp,3,21,quantile,0.45,126,2027-04-03
2027-03-13,wk inc flu hosp,3,21,quantile,0.5,132,2027-04-03
2027-03-13,wk inc flu hosp,3,21,quantile,0.55,137,2027-04-03
2027-03-13,wk inc flu hosp,3,21,quantile,0.6,144,2027-04-03
2027-03-13,wk inc flu hosp,3,21,quantile,0.65,148,2027-04-03
2027-03-13,wk inc flu hosp,3,21,quantile,0.7,150,2027-04-03
2027-03-13,wk inc flu hosp,3,21,quantile,0.75,157,2027-04-03
2027-03-13,wk inc flu hosp,3,21,quantile,0.8,167,2027-04-03
2027-03-13,wk inc flu hosp,3,21,quantile,0.85,179,2027-04-03
2027-03-13,wk inc flu hosp,3,21,quantile,0.9,200,2027-04-03
2027-03-13,wk inc flu hosp,3,21,quantile,0.95,234,2027-04-03
2027-03-13,wk inc flu hosp,3,21,quantile,0.975,317,2027-04-03
2027-03-13,wk inc flu hosp,3,21,quantile,0.99,361,2027-04-03
2027-03-13,wk inc flu hosp,3,22,quantile,0.01,43,2027-04-03
2027-03-13,wk inc flu hosp,3,22,quantile,0.025,51,2027-04-03
2027-03-13,wk inc flu hosp,3,22,quantile,0.05,57,2027-04-03
2027-03-13,wk inc flu hosp,3,22,quantile,0.1,65,2027-04-03
2027-03-13,wk inc flu hosp,3,22,quantile,0.15,70,2027-04-03
2027-03-13,wk inc flu hosp,3,22,quantile,0.2,75,2027-04-03
2027-03-13,wk inc flu hosp,3,22,quantile,0.25,83,2027-04-03
2027-03-13,wk inc flu hosp,3,22,quantile,0.3,88,2027-04-03
2027-03-13,wk inc flu hosp,3,22,quantile,0.35,91,2027-04-03
2027-03-13,wk inc flu hosp,3,22,quantile,0.4,97,2027-04-03
2027-03-13,wk inc flu hosp,3,22,quantile,0.45,100,2027-04-03
2027-03-13,wk inc flu hosp,3,22,quantile,0.5,106,2027-04-03
2027-03-13,wk inc flu hosp,3,22,quantile,0.55,110,2027-04-03
2027-03-13,wk inc flu hosp,3,22,quantile,0.6,115,2027-04-03
2027-03-13,wk inc flu hosp,3,22,quantile,0.65,120,2027-04-03
2027-03-13,wk inc flu hosp,3,22,quantile,0.7,130,2027-04-03
2027-03-13,wk inc flu hosp,3,22,quantile,0.75,138,2027-04-03
2027-03-13,wk inc flu hosp,3,22,quantile,0.8,145,2027-04-03
2027-03-13,wk inc flu hosp,3,22,quantile,0.85,162,2027-04-03
2027-03-13,wk inc flu hosp,3,22,quantile,0.9,175,2027-04-03
2027-03-13,wk inc flu hosp,3,22,quantile,0.95,220,2027-04-03
2027-03-13,wk inc flu hosp,3,22,quantile,0.975,235,2027-04-03
2027-03-13,wk inc flu hosp,3,22,quantile,0.99,252,2027-04-03
2027-03-13,wk inc flu hosp,3,23,quantile,0.01,7,2027-04-03
2027-03-13,wk inc flu hosp,3,23,quantile,0.025,10,2027-04-03
2027-03-13,wk inc flu hosp,3,23,quantile,0.05,11,2027-04-03
2027-03-13,wk inc flu hosp,3,23,quantile,0.1,15,2027-04-03
2027-03-13,wk inc flu hosp,3,23,quantile,0.15,17,2027-04-03
2027-03-13,wk inc flu hosp,3,23,quantile,0.2,19,2027-04-03
2027-03-13,wk inc flu hosp,3,23,quantile,0.25,20,2027-04-03
2027-03-13,wk inc flu hosp,3,23,quantile,0.3,21,2027-04-03
2027-03-13,wk inc flu hosp,3,23,quantile,0.35,23,2027-04-03
2027-03-13,wk inc flu hosp,3,23,quantile,0.4,24,2027-04-03
2027-03-13,wk inc flu hosp,3,23,quantile,0.45,25,2027-04-03
2027-03-13,wk inc flu hosp,3,23,quantile,0.5,26,2027-04-03
2027-03-13,wk inc flu hosp,3,23,quantile,0.55,27,2027-04-03
2027-03-13,wk inc flu hosp,3,23,quantile,0.6,28,2027-04-03
2027-03-13,wk inc flu hosp,3,23,quantile,0.65,30,2027-04-03
2027-03-13,wk inc flu hosp,3,23,quantile,0.7,32,2027-04-03
2027-03-13,wk inc flu hosp,3,23,quantile,0.75,33,2027-04-03
2027-03-13,wk inc flu hosp,3,23,quantile,0.8,36,2027-04-03
2027-03-13,wk inc flu hosp,3,23,quantile,0.85,39,2027-04-03
2027-03-13,wk inc flu hosp,3,23,quantile,0.9,42,2027-04-03
2027-03-13,wk inc flu hosp,3,23,quantile,0.95,49,2027-04-03
2027-03-13,wk inc flu hosp,3,23,quantile,0.975,50,2027-04-03
2027-03-13,wk inc flu hosp,3,23,quantile,0.99,56,2027-04-03
2027-03-13,wk inc flu hosp,3,24,quantile,0.01,28,2027-04-03
2027-03-13,wk inc flu hosp,3,24,quantile,0.025,36,2027-04-03
2027-03-13,wk inc flu hosp,3,24,quantile,0.05,41,2027-04-03
2027-03-13,wk inc flu hosp,3,24,quantile,0.1,53,2027-04-03
2027-03-13,wk inc flu hosp,3,24,quantile,0.15,58,2027-04-03
2027-03-13,wk inc flu hosp,3,24,quantile,0.2,62,2027-04-03
2027-03-13,wk inc flu hosp,3,24,quantile,0.25,68,2027-04-03
2027-03-13,wk inc flu hosp,3,24,quantile,0.3,70,2027-04-03
2027-03-13,wk inc flu hosp,3,24,quantile,0.35,72,2027-04-03
2027-03-13,wk inc flu hosp,3,24,quantile,0.4,75,2027-04-03
2027-03-13,wk inc flu hosp,3,24,quantile,0.45,77,2027-04-03
2027-03-13,wk inc flu hosp,3,24,quantile,0.5,80,2027-04-03
2027-03-13,wk inc flu hosp,3,24,quantile,0.55,83,2027-04-03
2027-03-13,wk inc flu hosp,3,24,quantile,0.6,87,2027-04-03
2027-03-13,wk inc flu hosp,3,24,quantile,0.65,94,2027-04-03
2027-03-13,wk inc flu hosp,3,24,quantile,0.7,101,2027-04-03
2027-03-13,wk inc flu hosp,3,24,quantile,0.75,110,2027-04-03
2027-03-13,wk inc flu hosp,3,24,quantile,0.8,115,2027-04-03
2027-03-13,wk inc flu hosp,3,24,quantile,0.85,138,2027-04-03
2027-03-13,wk inc flu hosp,3,24,quantile,0.9,151,2027-04-03
2027-03-13,wk inc flu hosp,3,24,quantile,0.95,180,2027-04-03
2027-03-13,wk inc flu hosp,3,24,quantile,0.975,233,2027-04-03
2027-03-13,wk inc flu hosp,3,24,quantile,0.99,247,2027-04-03
2027-03-13,wk inc flu hosp,3,25,quantile,0.01,38,2027-04-03
2027-03-13,wk inc flu hosp,3,25,quantile,0.025,42,2027-04-03
2027-03-13,wk inc flu hosp,3,25,quantile,0.05,50,2027-04-03
2027-03-13,wk inc flu hosp,3,25,quantile,0.1,55,2027-04-03
2027-03-13,wk inc flu hosp,3,25,quantile,0.15,59,2027-04-03
2027-03-13,wk inc flu hosp,3,25,quantile,0.2,65,2027-04-03
2027-03-13,wk inc flu hosp,3,25,quantile,0.25,68,2027-04-03
2027-03-13,wk inc flu hosp,3,25,quantile,0.3,72,2027-04-03
2027-03-13,wk inc flu hosp,3,25,quantile,0.35,76,2027-04-03
2027-03-13,wk inc flu hosp,3,25,quantile,0.4,78,2027-04-03
2027-03-13,wk inc flu hosp,3,25,quantile,0.45,81,2027-04-03
2027-03-13,wk inc flu hosp,3,25,quantile,0.5,84,2027-04-03
2027-03-13,wk inc flu hosp,3,25,quantile,0.55,87,2027-04-03
2027-03-13,wk inc flu hosp,3,25,quantile,0.6,90,2027-04-03
2027-03-13,wk inc flu hosp,3,25,quantile,0.65,93,2027-04-03
2027-03-13,wk inc flu hosp,3,25,quantile,0.7,99,2027-04-03
2027-03-13,wk inc flu hosp,3,25,quantile,0.75,103,2027-04-03
2027-03-13,wk inc flu hosp,3,25,quantile,0.8,108,2027-04-03
2027-03-13,wk inc flu hosp,3,25,quantile,0.85,114,2027-04-03
2027-03-13,wk inc flu hosp,3,25,quantile,0.9,130,2027-04-03
2027-03-13,wk inc flu hosp,3,25,quantile,0.95,164,2027-04-03
2027-03-13,wk inc flu hosp,3,25,quantile,0.975,226,2027-04-03
2027-03-13,wk inc flu hosp,3,25,quantile,0.99,250,2027-04-03
2027-03-13,wk inc flu hosp,3,26,quantile,0.01,100,2027-04-03
2027-03-13,wk inc flu hosp,3,26,quantile,0.025,140,2027-04-03
2027-03-13,wk inc flu hosp,3,26,quantile,0.05,156,2027-04-03
2027-03-13,wk inc flu hosp,3,26,quantile,0.1,170,2027-04-03
2027-03-13,wk inc flu hosp,3,26,quantile,0.15,179,2027-04-03
2027-03-13,wk inc flu hosp,3,26,quantile,0.2,198,2027-04-03
2027-03-13,wk inc flu hosp,3,26,quantile,0.25,206,2027-04-03
2027-03-13,wk inc flu hosp,3,26,quantile,0.3,213,2027-04-03
2027-03-13,wk inc flu hosp,3,26,quantile,0.35,220,2027-04-03
2027-03-13,wk inc flu hosp,3,26,quantile,0.4,228,2027-04-03
2027-03-13,wk inc flu hosp,3,26,quantile,0.45,242,2027-04-03
2027-03-13,wk inc flu hosp,3,26,quantile,0.5,258,2027-04-03
2027-03-13,wk inc flu hosp,3,26,quantile,0.55,265,2027-04-03
2027-03-13,wk inc flu hosp,3,26,quantile,0.6,269,2027-04-03
2027-03-13,wk inc flu hosp,3,26,quantile,0.65,280,2027-04-03
2027-03-13,wk inc flu hosp,3,26,quantile,0.7,291,2027-04-03
2027-03-13,wk inc flu hosp,3,26,quantile,0.75,302,2027-04-03
2027-03-13,wk inc flu hosp,3,26,quantile,0.8,313,2027-04-03
2027-03-13,wk inc flu hosp,3,26,quantile,0.85,333,2027-04-03
2027-03-13,wk inc flu hosp,3,26,quantile,0.9,356,2027-04-03
2027-03-13,wk inc flu hosp,3,26,quantile,0.95,419,2027-04-03
2027-03-13,wk inc flu hosp,3,26,quantile,0.975,549,2027-04-03
2027-03-13,wk inc flu hosp,3,26,quantile,0.99,620,2027-04-03
2027-03-13,wk inc flu hosp,3,27,quantile,0.01,22,2027-04-03
2027-03-13,wk inc flu hosp,3,27,quantile,0.025,23,2027-04-03
2027-03-13,wk inc flu hosp,3,27,quantile,0.05,28,2027-04-03
2027-03-13,wk inc flu hosp,3,27,quantile,0.1,33,2027-04-03
2027-03-13,wk inc flu hosp,3,27,quantile,0.15,38,2027-04-03
2027-03-13,wk inc flu hosp,3,27,quantile,0.2,41,2027-04-03
2027-03-13,wk inc flu hosp,3,27,quantile,0.25,44,2027-04-03
2027-03-13,wk inc flu hosp,3,27,quantile,0.3,47,2027-04-03
2027-03-13,wk inc flu hosp,3,27,quantile,0.35,50,2027-04-03
2027-03-13,wk inc flu hosp,3,27,quantile,0.4,52,2027-04-03
2027-03-13,wk inc flu hosp,3,27,quantile,0.45,55,2027-04-03
2027-03-13,wk inc flu hosp,3,27,quantile,0.5,58,2027-04-03
2027-03-13,wk inc flu hosp,3,27,quantile,0.55,61,2027-04-03
2027-03-13,wk inc flu hosp,3,27,quantile,0.6,65,2027-04-03
2027-03-13,wk inc flu hosp,3,27,quantile,0.65,67,2027-04-03
2027-03-13,wk inc flu hosp,3,27,quantile,0.7,69,2027-04-03
2027-03-13,wk inc flu hosp,3,27,quantile,0.75,72,2027-04-03
2027-03-13,wk inc flu hosp,3,27,quantile,0.8,75,2027-04-03
2027-03-13,wk inc flu hosp,3,27,quantile,0.85,87,2027-04-03
2027-03-13,wk inc flu hosp,3,27,quantile,0.9,96,2027-04-03
2027-03-13,wk inc flu hosp,3,27,quantile,0.95,99,2027-04-03
2027-03-13,wk inc flu hosp,3,27,quantile,0.975,111,2027-04-03
2027-03-13,wk inc flu hosp,3,27,quantile,0.99,132,2027-04-03
2027-03-13,wk inc flu hosp,3,28,quantile,0.01,23,2027-04-03
2027-03-13,wk inc flu hosp,3,28,quantile,0.025,35,2027-04-03
2027-03-13,wk inc flu hosp,3,28,quantile,0.05,38,2027-04-03
2027-03-13,wk inc flu hosp,3,28,quantile,0.1,44,2027-04-03
2027-03-13,wk inc flu hosp,3,28,quantile,0.15,50,2027-04-03
2027-03-13,wk inc flu hosp,3,28,quantile,0.2,55,2027-04-03
2027-03-13,wk inc flu hosp,3,28,quantile,0.25,58,2027-04-03
2027-03-13,wk inc flu hosp,3,28,quantile,0.3,62,2027-04-03
2027-03-13,wk inc flu hosp,3,28,quantile,0.35,67,2027-04-03
2027-03-13,wk inc flu hosp,3,28,quantile,0.4,68,2027-04-03
2027-03-13,wk inc flu hosp,3,28,quantile,0.45,70,2027-04-03
2027-03-13,wk inc flu hosp,3,28,quantile,0.5,72,2027-04-03
2027-03-13,wk inc flu hosp,3,28,quantile,0.55,76,2027-04-03
2027-03-13,wk inc flu hosp,3,28,quantile,0.6,82,2027-04-03
2027-03-13,wk inc flu hosp,3,28,quantile,0.65,87,2027-04-03
2027-03-13,wk inc flu hosp,3,28,quantile,0.7,90,2027-04-03
2027-03-13,wk inc flu hosp,3,28,quantile,0.75,95,2027-04-03
2027-03-13,wk inc flu hosp,3,28,quantile,0.8,105,2027-04-03
2027-03-13,wk inc flu hosp,3,28,quantile,0.85,111,2027-04-03
2027-03-13,wk inc flu hosp,3,28,quantile,0.9,123,2027-04-03
2027-03-13,wk inc flu hosp,3,28,quantile,0.95,155,2027-04-03
2027-03-13,wk inc flu hosp,3,28,quantile,0.975,172,2027-04-03
2027-03-13,wk inc flu hosp,3,28,quantile,0.99,181,2027-04-03
2027-03-13,wk inc flu hosp,3,29,quantile,0.01,60,2027-04-03
2027-03-13,wk inc flu hosp,3,29,quantile,0.025,64,2027-04-03
2027-03-13,wk inc flu hosp,3,29,quantile,0.05,70,2027-04-03
2027-03-13,wk inc flu hosp,3,29,quantile,0.1,78,2027-04-03
2027-03-13,wk inc flu hosp,3,29,quantile,0.15,84,2027-04-03
2027-03-13,wk inc flu hosp,3,29,quantile,0.2,90,2027-04-03
2027-03-13,wk inc flu hosp,3,29,quantile,0.25,96,2027-04-03
2027-03-13,wk inc flu hosp,3,29,quantile,0.3,99,2027-04-03
2027-03-13,wk inc flu hosp,3,29,quantile,0.35,105,2027-04-03
2027-03-13,wk inc flu hosp,3,29,quantile,0.4,108,2027-04-03
2027-03-13,wk inc flu hosp,3,29,quantile,0.45,112,2027-04-03
2027-03-13,wk inc flu hosp,3,29,quantile,0.5,118,2027-04-03
2027-03-13,wk inc flu hosp,3,29,quantile,0.55,125,2027-04-03
2027-03-13,wk inc flu hosp,3,29,quantile,0.6,128,2027-04-03
2027-03-13,wk inc flu hosp,3,29,quantile,0.65,135,2027-04-03
2027-03-13,wk inc flu hosp,3,29,quantile,0.7,138,2027-04-03
2027-03-13,wk inc flu hosp,3,29,quantile,0.75,142,2027-04-03
2027-03-13,wk inc flu hosp,3,29,quantile,0.8,153,2027-04-03
2027-03-13,wk inc flu hosp,3,29,quantile,0.85,159,2027-04-03
2027-03-13,wk inc flu hosp,3,29,quantile,0.9,180,2027-04-03
2027-03-13,wk inc flu hosp,3,29,quantile,0.95,209,2027-04-03
2027-03-13,wk inc flu hosp,3,29,quantile,0.975,253,2027-04-03
2027-03-13,wk inc flu hosp,3,29,quantile,0.99,279,2027-04-03
2027-03-13,wk inc flu hosp,3,30,quantile,0.01,20,2027-04-03
2027-03-13,wk inc flu hosp,3,30,quantile,0.025,22,2027-04-03
2027-03-13,wk inc flu hosp,3,30,quantile,0.05,26,2027-04-03
2027-03-13,wk inc flu hosp,3,30,quantile,0.1,32,2027-04-03
2027-03-13,wk inc flu hosp,3,30,quantile,0.15,39,2027-04-03
2027-03-13,wk inc flu hosp,3,30,quantile,0.2,42,2027-04-03
2027-03-13,wk inc flu hosp,3,30,quantile,0.25,45,2027-04-03
2027-03-13,wk inc flu hosp,3,30,quantile,0.3,48,2027-04-03
2027-03-13,wk inc flu hosp,3,30,quantile,0.35,50,2027-04-03
2027-03-13,wk inc flu hosp,3,30,quantile,0.4,54,2027-04-03
2027-03-13,wk inc flu hosp,3,30,quantile,0.45,57,2027-04-03
2027-03-13,wk inc flu hosp,3,30,quantile,0.5,60,2027-04-03
2027-03-13,wk inc flu hosp,3,30,quantile,0.55,63,2027-04-03
2027-03-13,wk inc flu hosp,3,30,quantile,0.6,64,2027-04-03
2027-03-13,wk inc flu hosp,3,30,quantile,0.65,68,2027-04-03
2027-03-13,wk inc flu hosp,3,30,quantile,0.7,72,2027-04-03
2027-03-13,wk inc flu hosp,3,30,quantile,0.75,79,2027-04-03
2027-03-13,wk inc flu hosp,3,30,quantile,0.8,87,2027-04-03
2027-03-13,wk inc flu hosp,3,30,quantile,0.85,94,2027-04-03
2027-03-13,wk inc flu hosp,3,30,quantile,0.9,107,2027-04-03
2027-03-13,wk inc flu hosp,3,30,quantile,0.95,124,2027-04-03
2027-03-13,wk inc flu hosp,3,30,quantile,0.975,137,2027-04-03
2027-03-13,wk inc flu hosp,3,30,quantile,0.99,143,2027-04-03
2027-03-13,wk inc flu hosp,3,31,quantile,0.01,8,2027-04-03
2027-03-13,wk inc flu hosp,3,31,quantile,0.025,9,2027-04-03
2027-03-13,wk inc flu hosp,3,31,quantile,0.05,10,2027-04-03
2027-03-13,wk inc flu hosp,3,31,quantile,0.1,11,2027-04-03
2027-03-13,wk inc flu hosp,3,31,quantile,0.15,13,2027-04-03
2027-03-13,wk inc flu hosp,3,31,quantile,0.2,13,2027-04-03
2027-03-13,wk inc flu hosp,3,31,quantile,0.25,15,2027-04-03
2027-03-13,wk inc flu hosp,3,31,quantile,0.3,17,2027-04-03
2027-03-13,wk inc flu hosp,3,31,quantile,0.35,18,2027-04-03
2027-03-13,wk inc flu hosp,3,31,quantile,0.4,19,2027-04-03
2027-03-13,wk inc flu hosp,3,31,quantile,0.45,20,2027-04-03
2027-03-13,wk inc flu hosp,3,31,quantile,0.5,21,2027-04-03
2027-03-13,wk inc flu hosp,3,31,quantile,0.55,22,2027-04-03
2027-03-13,wk inc flu hosp,3,31,quantile,0.6,23,2027-04-03
2027-03-13,wk inc flu hosp,3,31,quantile,0.65,24,2027-04-03
2027-03-13,wk inc flu hosp,3,31,quantile,0.7,25,2027-04-03
2027-03-13,wk inc flu hosp,3,31,quantile,0.75,26,2027-04-03
2027-03-13,wk inc flu hosp,3,31,quantile,0.8,27,2027-04-03
2027-03-13,wk inc flu hosp,3,31,quantile,0.85,29,2027-04-03
2027-03-13,wk inc flu hosp,3,31,quantile,0.9,31,2027-04-03
2027-03-13,wk inc flu hosp,3,31,quantile,0.95,36,2027-04-03
2027-03-13,wk inc flu hosp,3,31,quantile,0.975,45,2027-04-03
2027-03-13,wk inc flu hosp,3,31,quantile,0.99,50,2027-04-03
2027-03-13,wk inc flu hosp,3,32,quantile,0.01,25,2027-04-03
2027-03-13,wk inc flu hosp,3,32,quantile,0.025,31,2027-04-03
2027-03-13,wk inc flu hosp,3,32,quantile,0.05,33,2027-04-03
2027-03-13,wk inc flu hosp,3,32,quantile,0.1,40,2027-04-03
2027-03-13,wk inc flu hosp,3,32,quantile,0.15,42,2027-04-03
2027-03-13,wk inc flu hosp,3,32,quantile,0.2,44,2027-04-03
2027-03-13,wk inc flu hosp,3,32,quantile,0.25,47,2027-04-03
2027-03-13,wk inc flu hosp,3,32,quantile,0.3,51,2027-04-03
2027-03-13,wk inc flu hosp,3,32,quantile,0.35,53,2027-04-03
2027-03-13,wk inc flu hosp,3,32,quantile,0.4,54,2027-04-03
2027-03-13,wk inc flu hosp,3,32,quantile,0.45,58,2027-04-03
2027-03-13,wk inc flu hosp,3,32,quantile,0.5,60,2027-04-03
2027-03-13,wk inc flu hosp,3,32,quantile,0.55,63,2027-04-03
2027-03-13,wk inc flu hosp,3,32,quantile,0.6,65,2027-04-03
2027-03-13,wk inc flu hosp,3,32,quantile,0.65,68,2027-04-03
2027-03-13,wk inc flu hosp,3,32,quantile,0.7,71,2027-04-03
2027-03-13,wk inc flu hosp,3,32,quantile,0.75,76,2027-04-03
2027-03-13,wk inc flu hosp,3,32,quantile,0.8,80,2027-04-03
2027-03-13,wk inc flu hosp,3,32,quantile,0.85,90,2027-04-03
2027-03-13,wk inc flu hosp,3,32,quantile,0.9,96,2027-04-03
2027-03-13,wk inc flu hosp,3,32,quantile,0.95,111,2027-04-03
2027-03-13,wk inc flu hosp,3,32,quantile,0.975,122,2027-04-03
2027-03-13,wk inc flu hosp,3,32,quantile,0.99,126,2027-04-03
2027-03-13,wk inc flu hosp,3,33,quantile,0.01,4,2027-04-03
2027-03-13,wk inc flu hosp,3,33,quantile,0.025,4,2027-04-03
2027-03-13,wk inc flu hosp,3,33,quantile,0.05,4,2027-04-03
2027-03-13,wk inc flu hosp,3,33,quantile,0.1,6,2027-04-03
2027-03-13,wk inc flu hosp,3,33,quantile,0.15,9,2027-04-03
2027-03-13,wk inc flu hosp,3,33,quantile,0.2,10,2027-04-03
2027-03-13,wk inc flu hosp,3,33,quantile,0.25,11,2027-04-03
2027-03-13,wk inc flu hosp,3,33,quantile,0.3,13,2027-04-03
2027-03-13,wk inc flu hosp,3,33,quantile,0.35,13,2027-04-03
2027-03-13,wk inc flu hosp,3,33,quantile,0.4,15,2027-04-03
2027-03-13,wk inc flu hosp,3,33,quantile,0.45,17,2027-04-03
2027-03-13,wk inc flu hosp,3,33,quantile,0.5,18,2027-04-03
2027-03-13,wk inc flu hosp,3,33,quantile,0.55,19,2027-04-03
2027-03-13,wk inc flu hosp,3,33,quantile,0.6,20,2027-04-03
2027-03-13,wk inc flu hosp,3,33,quantile,0.65,21,2027-04-03
2027-03-13,wk inc flu hosp,3,33,quantile,0.7,23,2027-04-03
2027-03-13,wk inc flu hosp,3,33,quantile,0.75,23,2027-04-03
2027-03-13,wk inc flu hosp,3,33,quantile,0.8,25,2027-04-03
2027-03-13,wk inc flu hosp,3,33,quantile,0.85,27,2027-04-03
2027-03-13,wk inc flu hosp,3,33,quantile,0.9,33,2027-04-03
2027-03-13,wk inc flu hosp,3,33,quantile,0.95,47,2027-04-03
2027-03-13,wk inc flu hosp,3,33,quantile,0.975,53,2027-04-03
2027-03-13,wk inc flu hosp,3,33,quantile,0.99,63,2027-04-03
2027-03-13,wk inc flu hosp,3,34,quantile,0.01,48,2027-04-03
2027-03-13,wk inc flu hosp,3,34,quantile,0.025,52,2027-04-03
2027-03-13,wk inc flu hosp,3,34,quantile,0.05,68,2027-04-03
2027-03-13,wk inc flu hosp,3,34,quantile,0.1,77,2027-04-03
2027-03-13,wk inc flu hosp,3,34,quantile,0.15,87,2027-04-03
2027-03-13,wk inc flu hosp,3,34,quantile,0.2,94,2027-04-03
2027-03-13,wk inc flu hosp,3,34,quantile,0.25,103,2027-04-03
2027-03-13,wk inc flu hosp,3,34,quantile,0.3,106,2027-04-03
2027-03-13,wk inc flu hosp,3,34,quantile,0.35,116,2027-04-03
2027-03-13,wk inc flu hosp,3,34,quantile,0.4,125,2027-04-03
2027-03-13,wk inc flu hosp,3,34,quantile,0.45,129,2027-04-03
2027-03-13,wk inc flu hosp,3,34,quantile,0.5,136,2027-04-03
2027-03-13,wk inc flu hosp,3,34,quantile,0.55,140,2027-04-03
2027-03-13,wk inc flu hosp,3,34,quantile,0.6,143,2027-04-03
2027-03-13,wk inc flu hosp,3,34,quantile,0.65,150,2027-04-03
2027-03-13,wk inc flu hosp,3,34,quantile,0.7,160,2027-04-03
2027-03-13,wk inc flu hosp,3,34,quantile,0.75,166,2027-04-03
2027-03-13,wk inc flu hosp,3,34,quantile,0.8,174,2027-04-03
2027-03-13,wk inc flu hosp,3,34,quantile,0.85,184,2027-04-03
2027-03-13,wk inc flu hosp,3,34,quantile,0.9,218,2027-04-03
2027-03-13,wk inc flu hosp,3,34,quantile,0.95,253,2027-04-03
2027-03-13,wk inc flu hosp,3,34,quantile,0.975,401,2027-04-03
2027-03-13,wk inc flu hosp,3,34,quantile,0.99,424,2027-04-03
2027-03-13,wk inc flu hosp,3,35,quantile,0.01,25,2027-04-03
2027-03-13,wk inc flu hosp,3,35,quantile,0.025,28,2027-04-03
2027-03-13,wk inc flu hosp,3,35,quantile,0.05,30,2027-04-03
2027-03-13,wk inc flu hosp,3,35,quantile,0.1,36,2027-04-03
2027-03-13,wk inc flu hosp,3,35,quantile,0.15,40,2027-04-03
2027-03-13,wk inc flu hosp,3,35,quantile,0.2,43,2027-04-03
2027-03-13,wk inc flu hosp,3,35,quantile,0.25,46,2027-04-03
2027-03-13,wk inc flu hosp,3,35,quantile,0.3,48,2027-04-03
2027-03-13,wk inc flu hosp,3,35,quantile,0.35,51,2027-04-03
2027-03-13,wk inc flu hosp,3,35,quantile,0.4,53,2027-04-03
2027-03-13,wk inc flu hosp,3,35,quantile,0.45,54,2027-04-03
2027-03-13,wk inc flu hosp,3,35,quantile,0.5,56,2027-04-03
2027-03-13,wk inc flu hosp,3,35,quantile,0.55,57,2027-04-03
2027-03-13,wk inc flu hosp,3,35,quantile,0.6,59,2027-04-03
2027-03-13,wk inc flu hosp,3,35,quantile,0.65,61,2027-04-03
2027-03-13,wk inc flu hosp,3,35,quantile,0.7,63,2027-04-03
2027-03-13,wk inc flu hosp,3,35,quantile,0.75,67,2027-04-03
2027-03-13,wk inc flu hosp,3,35,quantile,0.8,73,2027-04-03
2027-03-13,wk inc flu hosp,3,35,quantile,0.85,77,2027-04-03
2027-03-13,wk inc flu hosp,3,35,quantile,0.9,85,2027-04-03
2027-03-13,wk inc flu hosp,3,35,quantile,0.95,103,2027-04-03
2027-03-13,wk inc flu hosp,3,35,quantile,0.975,113,2027-04-03
2027-03-13,wk inc flu hosp,3,35,quantile,0.99,127,2027-04-03
2027-03-13,wk inc flu hosp,3,36,quantile,0.01,157,2027-04-03
2027-03-13,wk inc flu hosp,3,36,quantile,0.025,175,2027-04-03
2027-03-13,wk inc flu hosp,3,36,quantile,0.05,199,2027-04-03
2027-03-13,wk inc flu hosp,3,36,quantile,0.1,231,2027-04-03
2027-03-13,wk inc flu hosp,3,36,quantile,0.15,245,2027-04-03
2027-03-13,wk inc flu hosp,3,36,quantile,0.2,262,2027-04-03
2027-03-13,wk inc flu hosp,3,36,quantile,0.25,274,2027-04-03
2027-03-13,wk inc flu hosp,3,36,quantile,0.3,291,2027-04-03
2027-03-13,wk inc flu hosp,3,36,quantile,0.35,299,2027-04-03
2027-03-13,wk inc flu hosp,3,36,quantile,0.4,308,2027-04-03
2027-03-13,wk inc flu hosp,3,36,quantile,0.45,324,2027-04-03
2027-03-13,wk inc flu hosp,3,36,quantile,0.5,334,2027-04-03
2027-03-13,wk inc flu hosp,3,36,quantile,0.55,345,2027-04-03
2027-03-13,wk inc flu hosp,3,36,quantile,0.6,351,2027-04-03
2027-03-13,wk inc flu hosp,3,36,quantile,0.65,364,2027-04-03
2027-03-13,wk inc flu hosp,3,36,quantile,0.7,376,2027-04-03
2027-03-13,wk inc flu hosp,3,36,quantile,0.75,402,2027-04-03
2027-03-13,wk inc flu hosp,3,36,quantile,0.8,416,2027-04-03
2027-03-13,wk inc flu hosp,3,36,quantile,0.85,441,2027-04-03
2027-03-13,wk inc flu hosp,3,36,quantile,0.9,475,2027-04-03
2027-03-13,wk inc flu hosp,3,36,quantile,0.95,569,2027-04-03
2027-03-13,wk inc flu hosp,3,36,quantile,0.975,934,2027-04-03
2027-03-13,wk inc flu hosp,3,36,quantile,0.99,969,2027-04-03
2027-03-13,wk inc flu hosp,3,37,quantile,0.01,59,2027-04-03
2027-03-13,wk inc flu hosp,3,37,quantile,0.025,64,2027-04-03
2027-03-13,wk inc flu hosp,3,37,quantile,0.05,73,2027-04-03
2027-03-13,wk inc flu hosp,3,37,quantile,0.1,83,2027-04-03
2027-03-13,wk inc flu hosp,3,37,quantile,0.15,93,2027-04-03
2027-03-13,wk inc flu hosp,3,37,quantile,0.2,96,2027-04-03
2027-03-13,wk inc flu hosp,3,37,quantile,0.25,104,2027-04-03
2027-03-13,wk inc flu hosp,3,37,quantile,0.3,108,2027-04-03
2027-03-13,wk inc flu hosp,3,37,quantile,0.35,112,2027-04-03
2027-03-13,wk inc flu hosp,3,37,quantile,0.4,117,2027-04-03
2027-03-13,wk inc flu hosp,3,37,quantile,0.45,124,2027-04-03
2027-03-13,wk inc flu hosp,3,37,quantile,0.5,129,2027-04-03
2027-03-13,wk inc flu hosp,3,37,quantile,0.55,137,2027-04-03
2027-03-13,wk inc flu hosp,3,37,quantile,0.6,141,2027-04-03
2027-03-13,wk inc flu hosp,3,37,quantile,0.65,146,2027-04-03
2027-03-13,wk inc flu hosp,3,37,quantile,0.7,153,2027-04-03
2027-03-13,wk inc flu hosp,3,37,quantile,0.75,166,2027-04-03
2027-03-13,wk inc flu hosp,3,37,quantile,0.8,174,2027-04-03
2027-03-13,wk inc flu hosp,3,37,quantile,0.85,190,2027-04-03
2027-03-13,wk inc flu hosp,3,37,quantile,0.9,210,2027-04-03
2027-03-13,wk inc flu hosp,3,37,quantile,0.95,259,2027-04-03
2027-03-13,wk inc flu hosp,3,37,quantile,0.975,333,2027-04-03
2027-03-13,wk inc flu hosp,3,37,quantile,0.99,350,2027-04-03
2027-03-13,wk inc flu hosp,3,38,quantile,0.01,9,2027-04-03
2027-03-13,wk inc flu hosp,3,38,quantile,0.025,12,2027-04-03
2027-03-13,wk inc flu hosp,3,38,quantile,0.05,14,2027-04-03
2027-03-13,wk inc flu hosp,3,38,quantile,0.1,19,2027-04-03
2027-03-13,wk inc flu hosp,3,38,quantile,0.15,21,2027-04-03
2027-03-13,wk inc flu hosp,3,38,quantile,0.2,23,2027-04-03
2027-03-13,wk inc flu hosp,3,38,quantile,0.25,25,2027-04-03
2027-03-13,wk inc flu hosp,3,38,quantile,0.3,26,2027-04-03
2027-03-13,wk inc flu hosp,3,38,quantile,0.35,28,2027-04-03
2027-03-13,wk inc flu hosp,3,38,quantile,0.4,29,2027-04-03
2027-03-13,wk inc flu hosp,3,38,quantile,0.45,30,2027-04-03
2027-03-13,wk inc flu hosp,3,38,quantile,0.5,31,2027-04-03
2027-03-13,wk inc flu hosp,3,38,quantile,0.55,32,2027-04-03
2027-03-13,wk inc flu hosp,3,38,quantile,0.6,34,2027-04-03
2027-03-13,wk inc flu hosp,3,38,quantile,0.65,36,2027-04-03
2027-03-13,wk inc flu hosp,3,38,quantile,0.7,38,2027-04-03
2027-03-13,wk inc flu hosp,3,38,quantile,0.75,40,2027-04-03
2027-03-13,wk inc flu hosp,3,38,quantile,0.8,42,2027-04-03
2027-03-13,wk inc flu hosp,3,38,quantile,0.85,45,2027-04-03
2027-03-13,wk inc flu hosp,3,38,quantile,0.9,49,2027-04-03
2027-03-13,wk inc flu hosp,3,38,quantile,0.95,53,2027-04-03
2027-03-13,wk inc flu hosp,3,38,quantile,0.975,54,2027-04-03
2027-03-13,wk inc flu hosp,3,38,quantile,0.99,61,2027-04-03
2027-03-13,wk inc flu hosp,3,39,quantile,0.01,60,2027-04-03
2027-03-13,wk inc flu hosp,3,39,quantile,0.025,68,2027-04-03
2027-03-13,wk inc flu hosp,3,39,quantile,0.05,78,2027-04-03
2027-03-13,wk inc flu hosp,3,39,quantile,0.1,92,2027-04-03
2027-03-13,wk inc flu hosp,3,39,quantile,0.15,98,2027-04-03
2027-03-13,wk inc flu hosp,3,39,quantile,0.2,110,2027-04-03
2027-03-13,wk inc flu hosp,3,39,quantile,0.25,116,2027-04-03
2027-03-13,wk inc flu hosp,3,39,quantile,0.3,119,2027-04-03
2027-03-13,wk inc flu hosp,3,39,quantile,0.35,125,2027-04-03
2027-03-13,wk inc flu hosp,3,39,quantile,0.4,132,2027-04-03
2027-03-13,wk inc flu hosp,3,39,quantile,0.45,137,2027-04-03
2027-03-13,wk inc flu hosp,3,39,quantile,0.5,142,2027-04-03
2027-03-13,wk inc flu hosp,3,39,quantile,0.55,149,2027-04-03
2027-03-13,wk inc flu hosp,3,39,quantile,0.6,155,2027-04-03
2027-03-13,wk inc flu hosp,3,39,quantile,0.65,160,2027-04-03
2027-03-13,wk inc flu hosp,3,39,quantile,0.7,174,2027-04-03
2027-03-13,wk inc flu hosp,3,39,quantile,0.75,180,2027-04-03
2027-03-13,wk inc flu hosp,3,39,quantile,0.8,190,2027-04-03
2027-03-13,wk inc flu hosp,3,39,quantile,0.85,198,2027-04-03
2027-03-13,wk inc flu hosp,3,39,quantile,0.9,221,2027-04-03
2027-03-13,wk inc flu hosp,3,39,quantile,0.95,280,2027-04-03
2027-03-13,wk inc flu hosp,3,39,quantile,0.975,310,2027-04-03
2027-03-13,wk inc flu hosp,3,39,quantile,0.99,397,2027-04-03
2027-03-13,wk inc flu hosp,3,40,quantile,0.01,23,2027-04-03
2027-03-13,wk inc flu hosp,3,40,quantile,0.025,26,2027-04-03
2027-03-13,wk inc flu hosp,3,40,quantile,0.05,32,2027-04-03
2027-03-13,wk inc flu hosp,3,40,quantile,0.1,35,2027-04-03
2027-03-13,wk inc flu hosp,3,40,quantile,0.15,38,2027-04-03
2027-03-13,wk inc flu hosp,3,40,quantile,0.2,40,2027-04-03
2027-03-13,wk inc flu hosp,3,40,quantile,0.25,42,2027-04-03
2027-03-13,wk inc flu hosp,3,40,quantile,0.3,45,2027-04-03
2027-03-13,wk inc flu hosp,3,40,quantile,0.35,49,2027-04-03
2027-03-13,wk inc flu hosp,3,40,quantile,0.4,52,2027-04-03
2027-03-13,wk inc flu hosp,3,40,quantile,0.45,54,2027-04-03
2027-03-13,wk inc flu hosp,3,40,quantile,0.5,56,2027-04-03
2027-03-13,wk inc flu hosp,3,40,quantile,0.55,60,2027-04-03
2027-03-13,wk inc flu hosp,3,40,quantile,0.6,63,2027-04-03
2027-03-13,wk inc flu hosp,3,40,quantile,0.65,68,2027-04-03
2027-03-13,wk inc flu hosp,3,40,quantile,0.7,75,2027-04-03
2027-03-13,wk inc flu hosp,3,40,quantile,0.75,78,2027-04-03
2027-03-13,wk inc flu hosp,3,40,quantile,0.8,84,2027-04-03
2027-03-13,wk inc flu hosp,3,40,quantile,0.85,95,2027-04-03
2027-03-13,wk inc flu hosp,3,40,quantile,0.9,98,2027-04-03
2027-03-13,wk inc flu hosp,3,40,quantile,0.95,118,2027-04-03
2027-03-13,wk inc flu hosp,3,40,quantile,0.975,127,2027-04-03
2027-03-13,wk inc flu hosp,3,40,quantile,0.99,135,2027-04-03
2027-03-13,wk inc flu hosp,3,41,quantile,0.01,21,2027-04-03
2027-03-13,wk inc flu hosp,3,41,quantile,0.025,24,2027-04-03
2027-03-13,wk inc flu hosp,3,41,quantile,0.05,28,2027-04-03
2027-03-13,wk inc flu hosp,3,41,quantile,0.1,32,2027-04-03
2027-03-13,wk inc flu hosp,3,41,quantile,0.15,36,2027-04-03
2027-03-13,wk inc flu hosp,3,41,quantile,0.2,38,2027-04-03
2027-03-13,wk inc flu hosp,3,41,quantile,0.25,39,2027-04-03
2027-03-13,wk inc flu hosp,3,41,quantile,0.3,41,2027-04-03
2027-03-13,wk inc flu hosp,3,41,quantile,0.35,44,2027-04-03
2027-03-13,wk inc flu hosp,3,41,quantile,0.4,45,2027-04-03
2027-03-13,wk inc flu hosp,3,41,quantile,0.45,48,2027-04-03
2027-03-13,wk inc flu hosp,3,41,quantile,0.5,50,2027-04-03
2027-03-13,wk inc flu hosp,3,41,quantile,0.55,52,2027-04-03
2027-03-13,wk inc flu hosp,3,41,quantile,0.6,54,2027-04-03
2027-03-13,wk inc flu hosp,3,41,quantile,0.65,58,2027-04-03
2027-03-13,wk inc flu hosp,3,41,quantile,0.7,62,2027-04-03
2027-03-13,wk inc flu hosp,3,41,quantile,0.75,65,2027-04-03
2027-03-13,wk inc flu hosp,3,41,quantile,0.8,69,2027-04-03
2027-03-13,wk inc flu hosp,3,41,quantile,0.85,73,2027-04-03
2027-03-13,wk inc flu hosp,3,41,quantile,0.9,81,2027-04-03
2027-03-13,wk inc flu hosp,3,41,quantile,0.95,101,2027-04-03
2027-03-13,wk inc flu hosp,3,41,quantile,0.975,107,2027-04-03
2027-03-13,wk inc flu hosp,3,41,quantile,0.99,111,2027-04-03
2027-03-13,wk inc flu hosp,3,42,quantile,0.01,290,2027-04-03
2027-03-13,wk inc flu hosp,3,42,quantile,0.025,299,2027-04-03
2027-03-13,wk inc flu hosp,3,42,quantile,0.05,359,2027-04-03
2027-03-13,wk inc flu hosp,3,42,quantile,0.1,373,2027-04-03
2027-03-13,wk inc flu hosp,3,42,quantile,0.15,406,2027-04-03
2027-03-13,wk inc flu hosp,3,42,quantile,0.2,412,2027-04-03
2027-03-13,wk inc flu hosp,3,42,quantile,0.25,426,2027-04-03
2027-03-13,wk inc flu hosp,3,42,quantile,0.3,443,2027-04-03
2027-03-13,wk inc flu hosp,3,42,quantile,0.35,459,2027-04-03
2027-03-13,wk inc flu hosp,3,42,quantile,0.4,475,2027-04-03
2027-03-13,wk inc flu hosp,3,42,quantile,0.45,492,2027-04-03
2027-03-13,wk inc flu hosp,3,42,quantile,0.5,506,2027-04-03
2027-03-13,wk inc flu hosp,3,42,quantile,0.55,518,2027-04-03
2027-03-13,wk inc flu hosp,3,42,quantile,0.6,530,2027-04-03
2027-03-13,wk inc flu hosp,3,42,quantile,0.65,546,2027-04-03
2027-03-13,wk inc flu hosp,3,42,quantile,0.7,570,2027-04-03
2027-03-13,wk inc flu hosp,3,42,quantile,0.75,597,2027-04-03
2027-03-13,wk inc flu hosp,3,42,quantile,0.8,633,2027-04-03
2027-03-13,wk inc flu hosp,3,42,quantile,0.85,684,2027-04-03
2027-03-13,wk inc flu hosp,3,42,quantile,0.9,769,2027-04-03
2027-03-13,wk inc flu hosp,3,42,quantile,0.95,931,2027-04-03
2027-03-13,wk inc flu hosp,3,42,quantile,0.975,1213,2027-04-03
2027-03-13,wk inc flu hosp,3,42,quantile,0.99,1305,2027-04-03
2027-03-13,wk inc flu hosp,3,44,quantile,0.01,8,2027-04-03
2027-03-13,wk inc flu hosp,3,44,quantile,0.025,9,2027-04-03
2027-03-13,wk inc flu hosp,3,44,quantile,0.05,11,2027-04-03
2027-03-13,wk inc flu hosp,3,44,quantile,0.1,11,2027-04-03
2027-03-13,wk inc flu hosp,3,44,quantile,0.15,13,2027-04-03
2027-03-13,wk inc flu hosp,3,44,quantile,0.2,14,2027-04-03
2027-03-13,wk inc flu hosp,3,44,quantile,0.25,16,2027-04-03
2027-03-13,wk inc flu hosp,3,44,quantile,0.3,17,2027-04-03
2027-03-13,wk inc flu hosp,3,44,quantile,0.35,19,2027-04-03
2027-03-13,wk inc flu hosp,3,44,quantile,0.4,20,2027-04-03
2027-03-13,wk inc flu hosp,3,44,quantile,0.45,21,2027-04-03
2027-03-13,wk inc flu hosp,3,44,quantile,0.5,22,2027-04-03
2027-03-13,wk inc flu hosp,3,44,quantile,0.55,23,2027-04-03
2027-03-13,wk inc flu hosp,3,44,quantile,0.6,25,2027-04-03
2027-03-13,wk inc flu hosp,3,44,quantile,0.65,26,2027-04-03
2027-03-13,wk inc flu hosp,3,44,quantile,0.7,27,2027-04-03
2027-03-13,wk inc flu hosp,3,44,quantile,0.75,28,2027-04-03
2027-03-13,wk inc flu hosp,3,44,quantile,0.8,31,2027-04-03
2027-03-13,wk inc flu hosp,3,44,quantile,0.85,34,2027-04-03
2027-03-13,wk inc flu hosp,3,44,quantile,0.9,39,2027-04-03
2027-03-13,wk inc flu hosp,3,44,quantile,0.95,45,2027-04-03
2027-03-13,wk inc flu hosp,3,44,quantile,0.975,56,2027-04-03
2027-03-13,wk inc flu hosp,3,44,quantile,0.99,64,2027-04-03
2027-03-13,wk inc flu hosp,3,45,quantile,0.01,29,2027-04-03
2027-03-13,wk inc flu hosp,3,45,quantile,0.025,35,2027-04-03
2027-03-13,wk inc flu hosp,3,45,quantile,0.05,39,2027-04-03
2027-03-13,wk inc flu hosp,3,45,quantile,0.1,44,2027-04-03
2027-03-13,wk inc flu hosp,3,45,quantile,0.15,48,2027-04-03
2027-03-13,wk inc flu hosp,3,45,quantile,0.2,52,2027-04-03
2027-03-13,wk inc flu hosp,3,45,quantile,0.25,56,2027-04-03
2027-03-13,wk inc flu hosp,3,45,quantile,0.3,58,2027-04-03
2027-03-13,wk inc flu hosp,3,45,quantile,0.35,61,2027-04-03
2027-03-13,wk inc flu hosp,3,45,quantile,0.4,65,2027-04-03
2027-03-13,wk inc flu hosp,3,45,quantile,0.45,68,2027-04-03
2027-03-13,wk inc flu hosp,3,45,quantile,0.5,71,2027-04-03
2027-03-13,wk inc flu hosp,3,45,quantile,0.55,74,2027-04-03
2027-03-13,wk inc flu hosp,3,45,quantile,0.6,77,2027-04-03
2027-03-13,wk inc flu hosp,3,45,quantile,0.65,82,2027-04-03
2027-03-13,wk inc flu hosp,3,45,quantile,0.7,85,2027-04-03
2027-03-13,wk inc flu hosp,3,45,quantile,0.75,89,2027-04-03
2027-03-13,wk inc flu hosp,3,45,quantile,0.8,97,2027-04-03
2027-03-13,wk inc flu hosp,3,45,quantile,0.85,106,2027-04-03
2027-03-13,wk inc flu hosp,3,45,quantile,0.9,113,2027-04-03
2027-03-13,wk inc flu hosp,3,45,quantile,0.95,175,2027-04-03
2027-03-13,wk inc flu hosp,3,45,quantile,0.975,200,2027-04-03
2027-03-13,wk inc flu hosp,3,45,quantile,0.99,211,2027-04-03
2027-03-13,wk inc flu hosp,3,46,quantile,0.01,0,2027-04-03
2027-03-13,wk inc flu hosp,3,46,quantile,0.025,0,2027-04-03
2027-03-13,wk inc flu hosp,3,46,quantile,0.05,1,2027-04-03
2027-03-13,wk inc flu hosp,3,46,quantile,0.1,3,2027-04-03
2027-03-13,wk inc flu hosp,3,46,quantile,0.15,3,2027-04-03
2027-03-13,wk inc flu hosp,3,46,quantile,0.2,4,2027-04-03
2027-03-13,wk inc flu hosp,3,46,quantile,0.25,5,2027-04-03
2027-03-13,wk inc flu hosp,3,46,quantile,0.3,6,2027-04-03
2027-03-13,wk inc flu hosp,3,46,quantile,0.35,8,2027-04-03
2027-03-13,wk inc flu hosp,3,46,quantile,0.4,9,2027-04-03
2027-03-13,wk inc flu hosp,3,46,quantile,0.45,10,2027-04-03
2027-03-13,wk inc flu hosp,3,46,quantile,0.5,11,2027-04-03
2027-03-13,wk inc flu hosp,3,46,quantile,0.55,12,2027-04-03
2027-03-13,wk inc flu hosp,3,46,quantile,0.6,12,2027-04-03
2027-03-13,wk inc flu hosp,3,46,quantile,0.65,13,2027-04-03
2027-03-13,wk inc flu hosp,3,46,quantile,0.7,14,2027-04-03
2027-03-13,wk inc flu hosp,3,46,quantile,0.75,16,2027-04-03
2027-03-13,wk inc flu hosp,3,46,quantile,0.8,18,2027-04-03
2027-03-13,wk inc flu hosp,3,46,quantile,0.85,20,2027-04-03
2027-03-13,wk inc flu hosp,3,46,quantile,0.9,21,2027-04-03
2027-03-13,wk inc flu hosp,3,46,quantile,0.95,25,2027-04-03
2027-03-13,wk inc flu hosp,3,46,quantile,0.975,34,2027-04-03
2027-03-13,wk inc flu hosp,3,46,quantile,0.99,35,2027-04-03
2027-03-13,wk inc flu hosp,3,47,quantile,0.01,79,2027-04-03
2027-03-13,wk inc flu hosp,3,47,quantile,0.025,82,2027-04-03
2027-03-13,wk inc flu hosp,3,47,quantile,0.05,91,2027-04-03
2027-03-13,wk inc flu hosp,3,47,quantile,0.1,104,2027-04-03
2027-03-13,wk inc flu hosp,3,47,quantile,0.15,111,2027-04-03
2027-03-13,wk inc flu hosp,3,47,quantile,0.2,121,2027-04-03
2027-03-13,wk inc flu hosp,3,47,quantile,0.25,131,2027-04-03
2027-03-13,wk inc flu hosp,3,47,quantile,0.3,135,2027-04-03
2027-03-13,wk inc flu hosp,3,47,quantile,0.35,140,2027-04-03
2027-03-13,wk inc flu hosp,3,47,quantile,0.4,147,2027-04-03
2027-03-13,wk inc flu hosp,3,47,quantile,0.45,150,2027-04-03
2027-03-13,wk inc flu hosp,3,47,quantile,0.5,154,2027-04-03
2027-03-13,wk inc flu hosp,3,47,quantile,0.55,159,2027-04-03
2027-03-13,wk inc flu hosp,3,47,quantile,0.6,164,2027-04-03
2027-03-13,wk inc flu hosp,3,47,quantile,0.65,170,2027-04-03
2027-03-13,wk inc flu hosp,3,47,quantile,0.7,177,2027-04-03
2027-03-13,wk inc flu hosp,3,47,quantile,0.75,188,2027-04-03
2027-03-13,wk inc flu hosp,3,47,quantile,0.8,197,2027-04-03
2027-03-13,wk inc flu hosp,3,47,quantile,0.85,207,2027-04-03
2027-03-13,wk inc flu hosp,3,47,quantile,0.9,222,2027-04-03
2027-03-13,wk inc flu hosp,3,47,quantile,0.95,251,2027-04-03
2027-03-13,wk inc flu hosp,3,47,quantile,0.975,340,2027-04-03
2027-03-13,wk inc flu hosp,3,47,quantile,0.99,387,2027-04-03
2027-03-13,wk inc flu hosp,3,48,quantile,0.01,122,2027-04-03
2027-03-13,wk inc flu hosp,3,48,quantile,0.025,144,2027-04-03
2027-03-13,wk inc flu hosp,3,48,quantile,0.05,174,2027-04-03
2027-03-13,wk inc flu hosp,3,48,quantile,0.1,199,2027-04-03
2027-03-13,wk inc flu hosp,3,48,quantile,0.15,227,2027-04-03
2027-03-13,wk inc flu hosp,3,48,quantile,0.2,246,2027-04-03
2027-03-13,wk inc flu hosp,3,48,quantile,0.25,262,2027-04-03
2027-03-13,wk inc flu hosp,3,48,quantile,0.3,278,2027-04-03
2027-03-13,wk inc flu hosp,3,48,quantile,0.35,292,2027-04-03
2027-03-13,wk inc flu hosp,3,48,quantile,0.4,307,2027-04-03
2027-03-13,wk inc flu hosp,3,48,quantile,0.45,321,2027-04-03
2027-03-13,wk inc flu hosp,3,48,quantile,0.5,331,2027-04-03
2027-03-13,wk inc flu hosp,3,48,quantile,0.55,350,2027-04-03
2027-03-13,wk inc flu hosp,3,48,quantile,0.6,365,2027-04-03
2027-03-13,wk inc flu hosp,3,48,quantile,0.65,380,2027-04-03
2027-03-13,wk inc flu hosp,3,48,quantile,0.7,402,2027-04-03
2027-03-13,wk inc flu hosp,3,48,quantile,0.75,421,2027-04-03
2027-03-13,wk inc flu hosp,3,48,quantile,0.8,468,2027-04-03
2027-03-13,wk inc flu hosp,3,48,quantile,0.85,493,2027-04-03
2027-03-13,wk inc flu hosp,3,48,quantile,0.9,550,2027-04-03
2027-03-13,wk inc flu hosp,3,48,quantile,0.95,641,2027-04-03
2027-03-13,wk inc flu hosp,3,48,quantile,0.975,1052,2027-04-03
2027-03-13,wk inc flu hosp,3,48,quantile,0.99,1174,2027-04-03
2027-03-13,wk inc flu hosp,3,49,quantile,0.01,13,2027-04-03
2027-03-13,wk inc flu hosp,3,49,quantile,0.025,15,2027-04-03
2027-03-13,wk inc flu hosp,3,49,quantile,0.05,18,2027-04-03
2027-03-13,wk inc flu hosp,3,49,quantile,0.1,20,2027-04-03
2027-03-13,wk inc flu hosp,3,49,quantile,0.15,22,2027-04-03
2027-03-13,wk inc flu hosp,3,49,quantile,0.2,23,2027-04-03
2027-03-13,wk inc flu hosp,3,49,quantile,0.25,24,2027-04-03
2027-03-13,wk inc flu hosp,3,49,quantile,0.3,28,2027-04-03
2027-03-13,wk inc flu hosp,3,49,quantile,0.35,29,2027-04-03
2027-03-13,wk inc flu hosp,3,49,quantile,0.4,30,2027-04-03
2027-03-13,wk inc flu hosp,3,49,quantile,0.45,31,2027-04-03
2027-03-13,wk inc flu hosp,3,49,quantile,0.5,33,2027-04-03
2027-03-13,wk inc flu hosp,3,49,quantile,0.55,34,2027-04-03
2027-03-13,wk inc flu hosp,3,49,quantile,0.6,35,2027-04-03
2027-03-13,wk inc flu hosp,3,49,quantile,0.65,38,2027-04-03
2027-03-13,wk inc flu hosp,3,49,quantile,0.7,39,2027-04-03
2027-03-13,wk inc flu hosp,3,49,quantile,0.75,43,2027-04-03
2027-03-13,wk inc flu hosp,3,49,quantile,0.8,44,2027-04-03
2027-03-13,wk inc flu hosp,3,49,quantile,0.85,47,2027-04-03
2027-03-13,wk inc flu hosp,3,49,quantile,0.9,50,2027-04-03
2027-03-13,wk inc flu hosp,3,49,quantile,0.95,58,2027-04-03
2027-03-13,wk inc flu hosp,3,49,quantile,0.975,62,2027-04-03
2027-03-13,wk inc flu hosp,3,49,quantile,0.99,73,2027-04-03
2027-03-13,wk inc flu hosp,3,50,quantile,0.01,4,2027-04-03
2027-03-13,wk inc flu hosp,3,50,quantile,0.025,4,2027-04-03
2027-03-13,wk inc flu hosp,3,50,quantile,0.05,5,2027-04-03
2027-03-13,wk inc flu hosp,3,50,quantile,0.1,8,2027-04-03
2027-03-13,wk inc flu hosp,3,50,quantile,0.15,8,2027-04-03
2027-03-13,wk inc flu hosp,3,50,quantile,0.2,10,2027-04-03
2027-03-13,wk inc flu hosp,3,50,quantile,0.25,10,2027-04-03
2027-03-13,wk inc flu hosp,3,50,quantile,0.3,12,2027-04-03
2027-03-13,wk inc flu hosp,3,50,quantile,0.35,13,2027-04-03
2027-03-13,wk inc flu hosp,3,50,quantile,0.4,14,2027-04-03
2027-03-13,wk inc flu hosp,3,50,quantile,0.45,15,2027-04-03
2027-03-13,wk inc flu hosp,3,50,quantile,0.5,16,2027-04-03
2027-03-13,wk inc flu hosp,3,50,quantile,0.55,17,2027-04-03
2027-03-13,wk inc flu hosp,3,50,quantile,0.6,20,2027-04-03
2027-03-13,wk inc flu hosp,3,50,quantile,0.65,22,2027-04-03
2027-03-13,wk inc flu hosp,3,50,quantile,0.7,24,2027-04-03
2027-03-13,wk inc flu hosp,3,50,quantile,0.75,26,2027-04-03
2027-03-13,wk inc flu hosp,3,50,quantile,0.8,28,2027-04-03
2027-03-13,wk inc flu hosp,3,50,quantile,0.85,32,2027-04-03
2027-03-13,wk inc flu hosp,3,50,quantile,0.9,36,2027-04-03
2027-03-13,wk inc flu hosp,3,50,quantile,0.95,44,2027-04-03
2027-03-13,wk inc flu hosp,3,50,quantile,0.975,51,2027-04-03
2027-03-13,wk inc flu hosp,3,50,quantile,0.99,53,2027-04-03
2027-03-13,wk inc flu hosp,3,51,quantile,0.01,60,2027-04-03
2027-03-13,wk inc flu hosp,3,51,quantile,0.025,64,2027-04-03
2027-03-13,wk inc flu hosp,3,51,quantile,0.05,67,2027-04-03
2027-03-13,wk inc flu hosp,3,51,quantile,0.1,75,2027-04-03
2027-03-13,wk inc flu hosp,3,51,quantile,0.15,86,2027-04-03
2027-03-13,wk inc flu hosp,3,51,quantile,0.2,95,2027-04-03
2027-03-13,wk inc flu hosp,3,51,quantile,0.25,99,2027-04-03
2027-03-13,wk inc flu hosp,3,51,quantile,0.3,103,2027-04-03
2027-03-13,wk inc flu hosp,3,51,quantile,0.35,109,2027-04-03
2027-03-13,wk inc flu hosp,3,51,quantile,0.4,113,2027-04-03
2027-03-13,wk inc flu hosp,3,51,quantile,0.45,117,2027-04-03
2027-03-13,wk inc flu hosp,3,51,quantile,0.5,122,2027-04-03
2027-03-13,wk inc flu hosp,3,51,quantile,0.55,127,2027-04-03
2027-03-13,wk inc flu hosp,3,51,quantile,0.6,130,2027-04-03
2027-03-13,wk inc flu hosp,3,51,quantile,0.65,136,2027-04-03
2027-03-13,wk inc flu hosp,3,51,quantile,0.7,140,2027-04-03
2027-03-13,wk inc flu hosp,3,51,quantile,0.75,157,2027-04-03
2027-03-13,wk inc flu hosp,3,51,quantile,0.8,171,2027-04-03
2027-03-13,wk inc flu hosp,3,51,quantile,0.85,183,2027-04-03
2027-03-13,wk inc flu hosp,3,51,quantile,0.9,200,2027-04-03
2027-03-13,wk inc flu hosp,3,51,quantile,0.95,237,2027-04-03
2027-03-13,wk inc flu hosp,3,51,quantile,0.975,438,2027-04-03
2027-03-13,wk inc flu hosp,3,51,quantile,0.99,498,2027-04-03
2027-03-13,wk inc flu hosp,3,53,quantile,0.01,20,2027-04-03
2027-03-13,wk inc flu hosp,3,53,quantile,0.025,23,2027-04-03
2027-03-13,wk inc flu hosp,3,53,quantile,0.05,26,2027-04-03
2027-03-13,wk inc flu hosp,3,53,quantile,0.1,33,2027-04-03
2027-03-13,wk inc flu hosp,3,53,quantile,0.15,37,2027-04-03
2027-03-13,wk inc flu hosp,3,53,quantile,0.2,41,2027-04-03
2027-03-13,wk inc flu hosp,3,53,quantile,0.25,44,2027-04-03
2027-03-13,wk inc flu hosp,3,53,quantile,0.3,46,2027-04-03
2027-03-13,wk inc flu hosp,3,53,quantile,0.35,50,2027-04-03
2027-03-13,wk inc flu hosp,3,53,quantile,0.4,54,2027-04-03
2027-03-13,wk inc flu hosp,3,53,quantile,0.45,55,2027-04-03
2027-03-13,wk inc flu hosp,3,53,quantile,0.5,58,2027-04-03
2027-03-13,wk inc flu hosp,3,53,quantile,0.55,63,2027-04-03
2027-03-13,wk inc flu hosp,3,53,quantile,0.6,65,2027-04-03
2027-03-13,wk inc flu hosp,3,53,quantile,0.65,67,2027-04-03
2027-03-13,wk inc flu hosp,3,53,quantile,0.7,74,2027-04-03
2027-03-13,wk inc flu hosp,3,53,quantile,0.75,77,2027-04-03
2027-03-13,wk inc flu hosp,3,53,quantile,0.8,81,2027-04-03
2027-03-13,wk inc flu hosp,3,53,quantile,0.85,85,2027-04-03
2027-03-13,wk inc flu hosp,3,53,quantile,0.9,95,2027-04-03
2027-03-13,wk inc flu hosp,3,53,quantile,0.95,113,2027-04-03
2027-03-13,wk inc flu hosp,3,53,quantile,0.975,179,2027-04-03
2027-03-13,wk inc flu hosp,3,53,quantile,0.99,196,2027-04-03
2027-03-13,wk inc flu hosp,3,54,quantile,0.01,24,2027-04-03
2027-03-13,wk inc flu hosp,3,54,quantile,0.025,29,2027-04-03
2027-03-13,wk inc flu hosp,3,54,quantile,0.05,34,2027-04-03
2027-03-13,wk inc flu hosp,3,54,quantile,0.1,36,2027-04-03
2027-03-13,wk inc flu hosp,3,54,quantile,0.15,39,2027-04-03
2027-03-13,wk inc flu hosp,3,54,quantile,0.2,41,2027-04-03
2027-03-13,wk inc flu hosp,3,54,quantile,0.25,43,2027-04-03
2027-03-13,wk inc flu hosp,3,54,quantile,0.3,46,2027-04-03
2027-03-13,wk inc flu hosp,3,54,quantile,0.35,47,2027-04-03
2027-03-13,wk inc flu hosp,3,54,quantile,0.4,49,2027-04-03
2027-03-13,wk inc flu hosp,3,54,quantile,0.45,51,2027-04-03
2027-03-13,wk inc flu hosp,3,54,quantile,0.5,52,2027-04-03
2027-03-13,wk inc flu hosp,3,54,quantile,0.55,53,2027-04-03
2027-03-13,wk inc flu hosp,3,54,quantile,0.6,56,2027-04-03
2027-03-13,wk inc flu hosp,3,54,quantile,0.65,57,2027-04-03
2027-03-13,wk inc flu hosp,3,54,quantile,0.7,60,2027-04-03
2027-03-13,wk inc flu hosp,3,54,quantile,0.75,66,2027-04-03
2027-03-13,wk inc flu hosp,3,54,quantile,0.8,71,2027-04-03
2027-03-13,wk inc flu hosp,3,54,quantile,0.85,74,2027-04-03
2027-03-13,wk inc flu hosp,3,54,quantile,0.9,78,2027-04-03
2027-03-13,wk inc flu hosp,3,54,quantile,0.95,93,2027-04-03
2027-03-13,wk inc flu hosp,3,54,quantile,0.975,121,2027-04-03
2027-03-13,wk inc flu hosp,3,54,quantile,0.99,134,2027-04-03
2027-03-13,wk inc flu hosp,3,55,quantile,0.01,26,2027-04-03
2027-03-13,wk inc flu hosp,3,55,quantile,0.025,32,2027-04-03
2027-03-13,wk inc flu hosp,3,55,quantile,0.05,36,2027-04-03
2027-03-13,wk inc flu hosp,3,55,quantile,0.1,42,2027-04-03
2027-03-13,wk inc flu hosp,3,55,quantile,0.15,44,2027-04-03
2027-03-13,wk inc flu hosp,3,55,quantile,0.2,50,2027-04-03
2027-03-13,wk inc flu hosp,3,55,quantile,0.25,52,2027-04-03
2027-03-13,wk inc flu hosp,3,55,quantile,0.3,54,2027-04-03
2027-03-13,wk inc flu hosp,3,55,quantile,0.35,57,2027-04-03
2027-03-13,wk inc flu hosp,3,55,quantile,0.4,62,2027-04-03
2027-03-13,wk inc flu hosp,3,55,quantile,0.45,66,2027-04-03
2027-03-13,wk inc flu hosp,3,55,quantile,0.5,70,2027-04-03
2027-03-13,wk inc flu hosp,3,55,quantile,0.55,71,2027-04-03
2027-03-13,wk inc flu hosp,3,55,quantile,0.6,73,2027-04-03
2027-03-13,wk inc flu hosp,3,55,quantile,0.65,78,2027-04-03
2027-03-13,wk inc flu hosp,3,55,quantile,0.7,84,2027-04-03
2027-03-13,wk inc flu hosp,3,55,quantile,0.75,86,2027-04-03
2027-03-13,wk inc flu hosp,3,55,quantile,0.8,91,2027-04-03
2027-03-13,wk inc flu hosp,3,55,quantile,0.85,103,2027-04-03
2027-03-13,wk inc flu hosp,3,55,quantile,0.9,109,2027-04-03
2027-03-13,wk inc flu hosp,3,55,quantile,0.95,124,2027-04-03
2027-03-13,wk inc flu hosp,3,55,quantile,0.975,188,2027-04-03
2027-03-13,wk inc flu hosp,3,55,quantile,0.99,199,2027-04-03
2027-03-13,wk inc flu hosp,3,56,quantile,0.01,2,2027-04-03
2027-03-13,wk inc flu hosp,3,56,quantile,0.025,4,2027-04-03
2027-03-13,wk inc flu hosp,3,56,quantile,0.05,5,2027-04-03
2027-03-13,wk inc flu hosp,3,56,quantile,0.1,6,2027-04-03
2027-03-13,wk inc flu hosp,3,56,quantile,0.15,8,2027-04-03
2027-03-13,wk inc flu hosp,3,56,quantile,0.2,10,2027-04-03
2027-03-13,wk inc flu hosp,3,56,quantile,0.25,11,2027-04-03
2027-03-13,wk inc flu hosp,3,56,quantile,0.3,13,2027-04-03
2027-03-13,wk inc flu hosp,3,56,quantile,0.35,14,2027-04-03
2027-03-13,wk inc flu hosp,3,56,quantile,0.4,15,2027-04-03
2027-03-13,wk inc flu hosp,3,56,quantile,0.45,17,2027-04-03
2027-03-13,wk inc flu hosp,3,56,quantile,0.5,18,2027-04-03
2027-03-13,wk inc flu hosp,3,56,quantile,0.55,19,2027-04-03
2027-03-13,wk inc flu hosp,3,56,quantile,0.6,21,2027-04-03
2027-03-13,wk inc flu hosp,3,56,quantile,0.65,23,2027-04-03
2027-03-13,wk inc flu hosp,3,56,quantile,0.7,24,2027-04-03
2027-03-13,wk inc flu hosp,3,56,quantile,0.75,26,2027-04-03
2027-03-13,wk inc flu hosp,3,56,quantile,0.8,28,2027-04-03
2027-03-13,wk inc flu hosp,3,56,quantile,0.85,32,2027-04-03
2027-03-13,wk inc flu hosp,3,56,quantile,0.9,36,2027-04-03
2027-03-13,wk inc flu hosp,3,56,quantile,0.95,46,2027-04-03
2027-03-13,wk inc flu hosp,3,56,quantile,0.975,50,2027-04-03
2027-03-13,wk inc flu hosp,3,56,quantile,0.99,52,2027-04-03
2027-03-13,wk inc flu hosp,3,72,quantile,0.01,75,2027-04-03
2027-03-13,wk inc flu hosp,3,72,quantile,0.025,80,2027-04-03
2027-03-13,wk inc flu hosp,3,72,quantile,0.05,93,2027-04-03
2027-03-13,wk inc flu hosp,3,72,quantile,0.1,125,2027-04-03
2027-03-13,wk inc flu hosp,3,72,quantile,0.15,142,2027-04-03
2027-03-13,wk inc flu hosp,3,72,quantile,0.2,150,2027-04-03
2027-03-13,wk inc flu hosp,3,72,quantile,0.25,158,2027-04-03
2027-03-13,wk inc flu hosp,3,72,quantile,0.3,171,2027-04-03
2027-03-13,wk inc flu hosp,3,72,quantile,0.35,190,2027-04-03
2027-03-13,wk inc flu hosp,3,72,quantile,0.4,201,2027-04-03
2027-03-13,wk inc flu hosp,3,72,quantile,0.45,210,2027-04-03
2027-03-13,wk inc flu hosp,3,72,quantile,0.5,224,2027-04-03
2027-03-13,wk inc flu hosp,3,72,quantile,0.55,231,2027-04-03
2027-03-13,wk inc flu hosp,3,72,quantile,0.6,245,2027-04-03
2027-03-13,wk inc flu hosp,3,72,quantile,0.65,260,2027-04-03
2027-03-13,wk inc flu hosp,3,72,quantile,0.7,274,2027-04-03
2027-03-13,wk inc flu hosp,3,72,quantile,0.75,297,2027-04-03
2027-03-13,wk inc flu hosp,3,72,quantile,0.8,314,2027-04-03
2027-03-13,wk inc flu hosp,3,72,quantile,0.85,331,2027-04-03
2027-03-13,wk inc flu hosp,3,72,quantile,0.9,379,2027-04-03
2027-03-13,wk inc flu hosp,3,72,quantile,0.95,451,2027-04-03
2027-03-13,wk inc flu hosp,3,72,quantile,0.975,509,2027-04-03
2027-03-13,wk inc flu hosp,3,72,quantile,0.99,569,2027-04-03
2027-03-13,wk inc flu hosp,3,USA,quantile,0.01,4359,2027-04-03
2027-03-13,wk inc flu hosp,3,USA,quantile,0.025,4557,2027-04-03
2027-03-13,wk inc flu hosp,3,USA,quantile,0.05,4771,2027-04-03
2027-03-13,wk inc flu hosp,3,USA,quantile,0.1,5178,2027-04-03
2027-03-13,wk inc flu hosp,3,USA,quantile,0.15,5456,2027-04-03
2027-03-13,wk inc flu hosp,3,USA,quantile,0.2,5585,2027-04-03
2027-03-13,wk inc flu hosp,3,USA,quantile,0.25,5691,2027-04-03
2027-03-13,wk inc flu hosp,3,USA,quantile,0.3,5747,2027-04-03
2027-03-13,wk inc flu hosp,3,USA,quantile,0.35,5801,2027-04-03
2027-03-13,wk inc flu hosp,3,USA,quantile,0.4,5895,2027-04-03
2027-03-13,wk inc flu hosp,3,USA,quantile,0.45,6009,2027-04-03
2027-03-13,wk inc flu hosp,3,USA,quantile,0.5,6139,2027-04-03
2027-03-13,wk inc flu hosp,3,USA,quantile,0.55,6196,2027-04-03
2027-03-13,wk inc flu hosp,3,USA,quantile,0.6,6258,2027-04-03
2027-03-13,wk inc flu hosp,3,USA,quantile,0.65,6387,2027-04-03
2027-03-13,wk inc flu hosp,3,USA,quantile,0.7,6471,2027-04-03
2027-03-13,wk inc flu hosp,3,USA,quantile,0.75,6524,2027-04-03
2027-03-13,wk inc flu hosp,3,USA,quantile,0.8,6735,2027-04-03
2027-03-13,wk inc flu hosp,3,USA,quantile,0.85,6841,2027-04-03
2027-03-13,wk inc flu hosp,3,USA,quantile,0.9,7219,2027-04-03
2027-03-13,wk inc flu hosp,3,USA,quantile,0.95,7877,2027-04-03
2027-03-13,wk inc flu hosp,3,USA,quantile,0.975,13946,2027-04-03
2027-03-13,wk inc flu hosp,3,USA,quantile,0.99,14019,2027-04-03
